depth,estimated_retained_branches_per_step_max,estimated_retained_branches_per_step_mean,estimated_retained_branches_per_step_median,estimated_retained_branches_per_step_p90,first_block_position,gold_path_survives,output_id,output_index,policy,task_id,token_count,view
12,2,1.0333333333333334,1.0,1.0,25,False,0934a4d8:o0,0,CURRENT_V5,0934a4d8,30,anti_transpose
12,1,1,1.0,1.0,0,False,0934a4d8:o0,0,CURRENT_V5,0934a4d8,36,flip_ud
12,1,1,1.0,1.0,0,False,0934a4d8:o0,0,CURRENT_V5,0934a4d8,36,identity
12,2,1.0333333333333334,1.0,1.0,0,False,0934a4d8:o0,0,CURRENT_V5,0934a4d8,30,transpose
24,2,1.0333333333333334,1.0,1.0,16,False,0934a4d8:o0,0,CURRENT_V5,0934a4d8,30,anti_transpose
24,1,1,1.0,1.0,0,False,0934a4d8:o0,0,CURRENT_V5,0934a4d8,36,flip_ud
24,2,1.0277777777777777,1.0,1.0,0,False,0934a4d8:o0,0,CURRENT_V5,0934a4d8,36,identity
24,1,1,1.0,1.0,0,False,0934a4d8:o0,0,CURRENT_V5,0934a4d8,30,transpose
48,1,1,1.0,1.0,15,False,0934a4d8:o0,0,CURRENT_V5,0934a4d8,30,anti_transpose
48,2,1.0277777777777777,1.0,1.0,20,False,0934a4d8:o0,0,CURRENT_V5,0934a4d8,36,flip_ud
48,1,1,1.0,1.0,0,False,0934a4d8:o0,0,CURRENT_V5,0934a4d8,36,identity
48,1,1,1.0,1.0,0,False,0934a4d8:o0,0,CURRENT_V5,0934a4d8,30,transpose
12,1,1,1.0,1.0,0,False,13e47133:o0,0,CURRENT_V5,13e47133,930,anti_transpose
12,2,1.0010752688172042,1.0,1.0,7,False,13e47133:o0,0,CURRENT_V5,13e47133,930,flip_ud
12,1,1,1.0,1.0,139,False,13e47133:o0,0,CURRENT_V5,13e47133,930,identity
12,1,1,1.0,1.0,115,False,13e47133:o0,0,CURRENT_V5,13e47133,930,transpose
24,2,1.0010752688172042,1.0,1.0,0,False,13e47133:o0,0,CURRENT_V5,13e47133,930,anti_transpose
24,1,1,1.0,1.0,7,False,13e47133:o0,0,CURRENT_V5,13e47133,930,flip_ud
24,1,1,1.0,1.0,139,False,13e47133:o0,0,CURRENT_V5,13e47133,930,identity
24,1,1,1.0,1.0,115,False,13e47133:o0,0,CURRENT_V5,13e47133,930,transpose
48,1,1,1.0,1.0,0,False,13e47133:o0,0,CURRENT_V5,13e47133,930,anti_transpose
48,1,1,1.0,1.0,7,False,13e47133:o0,0,CURRENT_V5,13e47133,930,flip_ud
48,2,1.0010752688172042,1.0,1.0,139,False,13e47133:o0,0,CURRENT_V5,13e47133,930,identity
48,1,1,1.0,1.0,115,False,13e47133:o0,0,CURRENT_V5,13e47133,930,transpose
12,1,1,1,1.0,5,False,142ca369:o1,1,CURRENT_V5,142ca369,399,anti_transpose
12,2,1.0025,1.0,1.0,100,False,142ca369:o1,1,CURRENT_V5,142ca369,400,flip_ud
12,1,1,1.0,1.0,100,False,142ca369:o1,1,CURRENT_V5,142ca369,400,identity
12,1,1,1,1.0,5,False,142ca369:o1,1,CURRENT_V5,142ca369,399,transpose
24,1,1,1,1.0,5,False,142ca369:o1,1,CURRENT_V5,142ca369,399,anti_transpose
24,1,1,1.0,1.0,100,False,142ca369:o1,1,CURRENT_V5,142ca369,400,flip_ud
24,1,1,1.0,1.0,100,False,142ca369:o1,1,CURRENT_V5,142ca369,400,identity
24,1,1,1,1.0,5,False,142ca369:o1,1,CURRENT_V5,142ca369,399,transpose
48,1,1,1,1.0,5,False,142ca369:o1,1,CURRENT_V5,142ca369,399,anti_transpose
48,1,1,1.0,1.0,100,False,142ca369:o1,1,CURRENT_V5,142ca369,400,flip_ud
48,1,1,1.0,1.0,100,False,142ca369:o1,1,CURRENT_V5,142ca369,400,identity
48,1,1,1,1.0,5,False,142ca369:o1,1,CURRENT_V5,142ca369,399,transpose
12,1,1,1.0,1.0,227,False,16b78196:o0,0,CURRENT_V5,16b78196,930,anti_transpose
12,1,1,1.0,1.0,326,False,16b78196:o0,0,CURRENT_V5,16b78196,930,flip_ud
12,1,1,1.0,1.0,35,False,16b78196:o0,0,CURRENT_V5,16b78196,930,identity
12,1,1,1.0,1.0,125,False,16b78196:o0,0,CURRENT_V5,16b78196,930,transpose
24,1,1,1.0,1.0,227,False,16b78196:o0,0,CURRENT_V5,16b78196,930,anti_transpose
24,1,1,1.0,1.0,326,False,16b78196:o0,0,CURRENT_V5,16b78196,930,flip_ud
24,1,1,1.0,1.0,35,False,16b78196:o0,0,CURRENT_V5,16b78196,930,identity
24,1,1,1.0,1.0,125,False,16b78196:o0,0,CURRENT_V5,16b78196,930,transpose
48,1,1,1.0,1.0,227,False,16b78196:o0,0,CURRENT_V5,16b78196,930,anti_transpose
48,2,1.0010752688172042,1.0,1.0,326,False,16b78196:o0,0,CURRENT_V5,16b78196,930,flip_ud
48,1,1,1.0,1.0,35,False,16b78196:o0,0,CURRENT_V5,16b78196,930,identity
48,1,1,1.0,1.0,125,False,16b78196:o0,0,CURRENT_V5,16b78196,930,transpose
12,2,1.0047619047619047,1.0,1.0,110,False,16de56c4:o1,1,CURRENT_V5,16de56c4,210,anti_transpose
12,2,1.005050505050505,1.0,1.0,4,False,16de56c4:o1,1,CURRENT_V5,16de56c4,198,flip_ud
12,2,1.0101010101010102,1.0,1.0,9,False,16de56c4:o1,1,CURRENT_V5,16de56c4,198,identity
12,2,1.0047619047619047,1.0,1.0,10,False,16de56c4:o1,1,CURRENT_V5,16de56c4,210,transpose
24,2,1.0047619047619047,1.0,1.0,110,False,16de56c4:o1,1,CURRENT_V5,16de56c4,210,anti_transpose
24,1,1,1.0,1.0,4,False,16de56c4:o1,1,CURRENT_V5,16de56c4,198,flip_ud
24,2,1.005050505050505,1.0,1.0,9,False,16de56c4:o1,1,CURRENT_V5,16de56c4,198,identity
24,2,1.0047619047619047,1.0,1.0,10,False,16de56c4:o1,1,CURRENT_V5,16de56c4,210,transpose
48,2,1.0095238095238095,1.0,1.0,74,False,16de56c4:o1,1,CURRENT_V5,16de56c4,210,anti_transpose
48,1,1,1.0,1.0,4,False,16de56c4:o1,1,CURRENT_V5,16de56c4,198,flip_ud
48,2,1.005050505050505,1.0,1.0,9,False,16de56c4:o1,1,CURRENT_V5,16de56c4,198,identity
48,2,1.0047619047619047,1.0,1.0,90,False,16de56c4:o1,1,CURRENT_V5,16de56c4,210,transpose
12,2,1.0166666666666666,1.0,1.0,12,False,20270e3b:o0,0,CURRENT_V5,20270e3b,60,anti_transpose
12,1,1,1,1.0,0,False,20270e3b:o0,0,CURRENT_V5,20270e3b,55,flip_ud
12,1,1,1,1.0,16,False,20270e3b:o0,0,CURRENT_V5,20270e3b,55,identity
12,1,1,1.0,1.0,5,False,20270e3b:o0,0,CURRENT_V5,20270e3b,60,transpose
24,2,1.0166666666666666,1.0,1.0,4,False,20270e3b:o0,0,CURRENT_V5,20270e3b,60,anti_transpose
24,1,1,1,1.0,0,False,20270e3b:o0,0,CURRENT_V5,20270e3b,55,flip_ud
24,1,1,1,1.0,16,False,20270e3b:o0,0,CURRENT_V5,20270e3b,55,identity
24,2,1.0166666666666666,1.0,1.0,5,False,20270e3b:o0,0,CURRENT_V5,20270e3b,60,transpose
48,2,1.0166666666666666,1.0,1.0,12,False,20270e3b:o0,0,CURRENT_V5,20270e3b,60,anti_transpose
48,2,1.0363636363636364,1,1.0,5,False,20270e3b:o0,0,CURRENT_V5,20270e3b,55,flip_ud
48,1,1,1,1.0,16,False,20270e3b:o0,0,CURRENT_V5,20270e3b,55,identity
48,1,1,1.0,1.0,5,False,20270e3b:o0,0,CURRENT_V5,20270e3b,60,transpose
12,1,1,1.0,1.0,14,False,247ef758:o1,1,CURRENT_V5,247ef758,234,anti_transpose
12,1,1,1.0,1.0,35,False,247ef758:o1,1,CURRENT_V5,247ef758,228,flip_ud
12,1,1,1.0,1.0,0,False,247ef758:o1,1,CURRENT_V5,247ef758,228,identity
12,2,1.0042735042735043,1.0,1.0,21,False,247ef758:o1,1,CURRENT_V5,247ef758,234,transpose
24,1,1,1.0,1.0,14,False,247ef758:o1,1,CURRENT_V5,247ef758,234,anti_transpose
24,1,1,1.0,1.0,35,False,247ef758:o1,1,CURRENT_V5,247ef758,228,flip_ud
24,1,1,1.0,1.0,0,False,247ef758:o1,1,CURRENT_V5,247ef758,228,identity
24,1,1,1.0,1.0,0,False,247ef758:o1,1,CURRENT_V5,247ef758,234,transpose
48,1,1,1.0,1.0,14,False,247ef758:o1,1,CURRENT_V5,247ef758,234,anti_transpose
48,1,1,1.0,1.0,35,False,247ef758:o1,1,CURRENT_V5,247ef758,228,flip_ud
48,1,1,1.0,1.0,0,False,247ef758:o1,1,CURRENT_V5,247ef758,228,identity
48,1,1,1.0,1.0,0,False,247ef758:o1,1,CURRENT_V5,247ef758,234,transpose
12,2,1.0023809523809524,1.0,1.0,267,False,332f06d7:o0,0,CURRENT_V5,332f06d7,420,anti_transpose
12,1,1,1.0,1.0,319,False,332f06d7:o0,0,CURRENT_V5,332f06d7,420,flip_ud
12,1,1,1.0,1.0,25,False,332f06d7:o0,0,CURRENT_V5,332f06d7,420,identity
12,1,1,1.0,1.0,85,False,332f06d7:o0,0,CURRENT_V5,332f06d7,420,transpose
24,1,1,1.0,1.0,267,False,332f06d7:o0,0,CURRENT_V5,332f06d7,420,anti_transpose
24,2,1.0023809523809524,1.0,1.0,319,False,332f06d7:o0,0,CURRENT_V5,332f06d7,420,flip_ud
24,1,1,1.0,1.0,25,False,332f06d7:o0,0,CURRENT_V5,332f06d7,420,identity
24,1,1,1.0,1.0,85,False,332f06d7:o0,0,CURRENT_V5,332f06d7,420,transpose
48,1,1,1.0,1.0,267,False,332f06d7:o0,0,CURRENT_V5,332f06d7,420,anti_transpose
48,2,1.0023809523809524,1.0,1.0,319,False,332f06d7:o0,0,CURRENT_V5,332f06d7,420,flip_ud
48,1,1,1.0,1.0,25,False,332f06d7:o0,0,CURRENT_V5,332f06d7,420,identity
48,1,1,1.0,1.0,85,False,332f06d7:o0,0,CURRENT_V5,332f06d7,420,transpose
12,1,1,1.0,1.0,380,False,446ef5d2:o0,0,CURRENT_V5,446ef5d2,702,anti_transpose
12,1,1,1.0,1.0,56,False,446ef5d2:o0,0,CURRENT_V5,446ef5d2,702,flip_ud
12,1,1,1.0,1.0,56,False,446ef5d2:o0,0,CURRENT_V5,446ef5d2,702,identity
12,1,1,1.0,1.0,56,False,446ef5d2:o0,0,CURRENT_V5,446ef5d2,702,transpose
24,1,1,1.0,1.0,380,False,446ef5d2:o0,0,CURRENT_V5,446ef5d2,702,anti_transpose
24,1,1,1.0,1.0,56,False,446ef5d2:o0,0,CURRENT_V5,446ef5d2,702,flip_ud
24,1,1,1.0,1.0,56,False,446ef5d2:o0,0,CURRENT_V5,446ef5d2,702,identity
24,1,1,1.0,1.0,56,False,446ef5d2:o0,0,CURRENT_V5,446ef5d2,702,transpose
48,1,1,1.0,1.0,380,False,446ef5d2:o0,0,CURRENT_V5,446ef5d2,702,anti_transpose
48,1,1,1.0,1.0,56,False,446ef5d2:o0,0,CURRENT_V5,446ef5d2,702,flip_ud
48,1,1,1.0,1.0,56,False,446ef5d2:o0,0,CURRENT_V5,446ef5d2,702,identity
48,1,1,1.0,1.0,56,False,446ef5d2:o0,0,CURRENT_V5,446ef5d2,702,transpose
12,1,1,1.0,1.0,53,False,446ef5d2:o1,1,CURRENT_V5,446ef5d2,420,anti_transpose
12,1,1,1.0,1.0,233,False,446ef5d2:o1,1,CURRENT_V5,446ef5d2,420,flip_ud
12,1,1,1.0,1.0,44,False,446ef5d2:o1,1,CURRENT_V5,446ef5d2,420,identity
12,1,1,1.0,1.0,44,False,446ef5d2:o1,1,CURRENT_V5,446ef5d2,420,transpose
24,1,1,1.0,1.0,53,False,446ef5d2:o1,1,CURRENT_V5,446ef5d2,420,anti_transpose
24,1,1,1.0,1.0,233,False,446ef5d2:o1,1,CURRENT_V5,446ef5d2,420,flip_ud
24,1,1,1.0,1.0,44,False,446ef5d2:o1,1,CURRENT_V5,446ef5d2,420,identity
24,1,1,1.0,1.0,44,False,446ef5d2:o1,1,CURRENT_V5,446ef5d2,420,transpose
48,1,1,1.0,1.0,53,False,446ef5d2:o1,1,CURRENT_V5,446ef5d2,420,anti_transpose
48,1,1,1.0,1.0,233,False,446ef5d2:o1,1,CURRENT_V5,446ef5d2,420,flip_ud
48,1,1,1.0,1.0,44,False,446ef5d2:o1,1,CURRENT_V5,446ef5d2,420,identity
48,1,1,1.0,1.0,44,False,446ef5d2:o1,1,CURRENT_V5,446ef5d2,420,transpose
12,1,1,1,1.0,1,False,5dbc8537:o0,0,CURRENT_V5,5dbc8537,275,anti_transpose
12,1,1,1.0,1.0,26,False,5dbc8537:o0,0,CURRENT_V5,5dbc8537,260,flip_ud
12,2,1.0038461538461538,1.0,1.0,33,False,5dbc8537:o0,0,CURRENT_V5,5dbc8537,260,identity
12,2,1.0036363636363637,1,1.0,179,False,5dbc8537:o0,0,CURRENT_V5,5dbc8537,275,transpose
24,1,1,1,1.0,1,False,5dbc8537:o0,0,CURRENT_V5,5dbc8537,275,anti_transpose
24,2,1.0038461538461538,1.0,1.0,26,False,5dbc8537:o0,0,CURRENT_V5,5dbc8537,260,flip_ud
24,1,1,1.0,1.0,29,False,5dbc8537:o0,0,CURRENT_V5,5dbc8537,260,identity
24,2,1.0036363636363637,1,1.0,179,False,5dbc8537:o0,0,CURRENT_V5,5dbc8537,275,transpose
48,1,1,1,1.0,1,False,5dbc8537:o0,0,CURRENT_V5,5dbc8537,275,anti_transpose
48,1,1,1.0,1.0,26,False,5dbc8537:o0,0,CURRENT_V5,5dbc8537,260,flip_ud
48,2,1.0038461538461538,1.0,1.0,33,False,5dbc8537:o0,0,CURRENT_V5,5dbc8537,260,identity
48,2,1.0036363636363637,1,1.0,2,False,5dbc8537:o0,0,CURRENT_V5,5dbc8537,275,transpose
12,1,1,1.0,1.0,28,False,5dbc8537:o1,1,CURRENT_V5,5dbc8537,168,anti_transpose
12,2,1.0055555555555555,1.0,1.0,37,False,5dbc8537:o1,1,CURRENT_V5,5dbc8537,180,flip_ud
12,2,1.011111111111111,1.0,1.0,92,False,5dbc8537:o1,1,CURRENT_V5,5dbc8537,180,identity
12,2,1.005952380952381,1.0,1.0,29,False,5dbc8537:o1,1,CURRENT_V5,5dbc8537,168,transpose
24,1,1,1.0,1.0,28,False,5dbc8537:o1,1,CURRENT_V5,5dbc8537,168,anti_transpose
24,2,1.0055555555555555,1.0,1.0,37,False,5dbc8537:o1,1,CURRENT_V5,5dbc8537,180,flip_ud
24,2,1.0055555555555555,1.0,1.0,74,False,5dbc8537:o1,1,CURRENT_V5,5dbc8537,180,identity
24,2,1.005952380952381,1.0,1.0,29,False,5dbc8537:o1,1,CURRENT_V5,5dbc8537,168,transpose
48,1,1,1.0,1.0,28,False,5dbc8537:o1,1,CURRENT_V5,5dbc8537,168,anti_transpose
48,1,1,1.0,1.0,2,False,5dbc8537:o1,1,CURRENT_V5,5dbc8537,180,flip_ud
48,1,1,1.0,1.0,73,False,5dbc8537:o1,1,CURRENT_V5,5dbc8537,180,identity
48,1,1,1.0,1.0,29,False,5dbc8537:o1,1,CURRENT_V5,5dbc8537,168,transpose
12,2,1.0022988505747126,1.0,1.0,13,False,64efde09:o0,0,CURRENT_V5,64efde09,870,anti_transpose
12,1,1,1.0,1.0,19,False,64efde09:o0,0,CURRENT_V5,64efde09,870,flip_ud
12,2,1.0011494252873563,1.0,1.0,139,False,64efde09:o0,0,CURRENT_V5,64efde09,870,identity
12,2,1.0011494252873563,1.0,1.0,5,False,64efde09:o0,0,CURRENT_V5,64efde09,870,transpose
24,2,1.0022988505747126,1.0,1.0,5,False,64efde09:o0,0,CURRENT_V5,64efde09,870,anti_transpose
24,2,1.0011494252873563,1.0,1.0,19,False,64efde09:o0,0,CURRENT_V5,64efde09,870,flip_ud
24,2,1.0011494252873563,1.0,1.0,139,False,64efde09:o0,0,CURRENT_V5,64efde09,870,identity
24,2,1.0011494252873563,1.0,1.0,4,False,64efde09:o0,0,CURRENT_V5,64efde09,870,transpose
48,2,1.0011494252873563,1.0,1.0,13,False,64efde09:o0,0,CURRENT_V5,64efde09,870,anti_transpose
48,1,1,1.0,1.0,19,False,64efde09:o0,0,CURRENT_V5,64efde09,870,flip_ud
48,2,1.0011494252873563,1.0,1.0,139,False,64efde09:o0,0,CURRENT_V5,64efde09,870,identity
48,2,1.0011494252873563,1.0,1.0,23,False,64efde09:o0,0,CURRENT_V5,64efde09,870,transpose
12,1,1,1.0,1.0,4,False,6ffbe589:o0,0,CURRENT_V5,6ffbe589,182,anti_transpose
12,2,1.0054945054945055,1.0,1.0,10,False,6ffbe589:o0,0,CURRENT_V5,6ffbe589,182,flip_ud
12,1,1,1.0,1.0,5,False,6ffbe589:o0,0,CURRENT_V5,6ffbe589,182,identity
12,2,1.0054945054945055,1.0,1.0,4,False,6ffbe589:o0,0,CURRENT_V5,6ffbe589,182,transpose
24,2,1.0054945054945055,1.0,1.0,4,False,6ffbe589:o0,0,CURRENT_V5,6ffbe589,182,anti_transpose
24,2,1.0054945054945055,1.0,1.0,10,False,6ffbe589:o0,0,CURRENT_V5,6ffbe589,182,flip_ud
24,1,1,1.0,1.0,10,False,6ffbe589:o0,0,CURRENT_V5,6ffbe589,182,identity
24,2,1.0054945054945055,1.0,1.0,4,False,6ffbe589:o0,0,CURRENT_V5,6ffbe589,182,transpose
48,1,1,1.0,1.0,4,False,6ffbe589:o0,0,CURRENT_V5,6ffbe589,182,anti_transpose
48,1,1,1.0,1.0,10,False,6ffbe589:o0,0,CURRENT_V5,6ffbe589,182,flip_ud
48,2,1.0054945054945055,1.0,1.0,5,False,6ffbe589:o0,0,CURRENT_V5,6ffbe589,182,identity
48,1,1,1.0,1.0,4,False,6ffbe589:o0,0,CURRENT_V5,6ffbe589,182,transpose
12,2,1.005,1.0,1.0,12,False,7491f3cf:o0,0,CURRENT_V5,7491f3cf,200,anti_transpose
12,1,1,1.0,1.0,45,False,7491f3cf:o0,0,CURRENT_V5,7491f3cf,182,flip_ud
12,1,1,1.0,1.0,45,False,7491f3cf:o0,0,CURRENT_V5,7491f3cf,182,identity
12,1,1,1.0,1.0,153,False,7491f3cf:o0,0,CURRENT_V5,7491f3cf,200,transpose
24,1,1,1.0,1.0,12,False,7491f3cf:o0,0,CURRENT_V5,7491f3cf,200,anti_transpose
24,1,1,1.0,1.0,45,False,7491f3cf:o0,0,CURRENT_V5,7491f3cf,182,flip_ud
24,1,1,1.0,1.0,45,False,7491f3cf:o0,0,CURRENT_V5,7491f3cf,182,identity
24,1,1,1.0,1.0,156,False,7491f3cf:o0,0,CURRENT_V5,7491f3cf,200,transpose
48,1,1,1.0,1.0,12,False,7491f3cf:o0,0,CURRENT_V5,7491f3cf,200,anti_transpose
48,1,1,1.0,1.0,45,False,7491f3cf:o0,0,CURRENT_V5,7491f3cf,182,flip_ud
48,1,1,1.0,1.0,45,False,7491f3cf:o0,0,CURRENT_V5,7491f3cf,182,identity
48,1,1,1.0,1.0,153,False,7491f3cf:o0,0,CURRENT_V5,7491f3cf,200,transpose
12,2,1.0010752688172042,1.0,1.0,111,False,898e7135:o0,0,CURRENT_V5,898e7135,930,anti_transpose
12,1,1,1.0,1.0,20,False,898e7135:o0,0,CURRENT_V5,898e7135,930,flip_ud
12,1,1,1.0,1.0,20,False,898e7135:o0,0,CURRENT_V5,898e7135,930,identity
12,2,1.0010752688172042,1.0,1.0,64,False,898e7135:o0,0,CURRENT_V5,898e7135,930,transpose
24,1,1,1.0,1.0,20,False,898e7135:o0,0,CURRENT_V5,898e7135,930,anti_transpose
24,1,1,1.0,1.0,20,False,898e7135:o0,0,CURRENT_V5,898e7135,930,flip_ud
24,1,1,1.0,1.0,20,False,898e7135:o0,0,CURRENT_V5,898e7135,930,identity
24,1,1,1.0,1.0,20,False,898e7135:o0,0,CURRENT_V5,898e7135,930,transpose
48,1,1,1.0,1.0,20,False,898e7135:o0,0,CURRENT_V5,898e7135,930,anti_transpose
48,1,1,1.0,1.0,20,False,898e7135:o0,0,CURRENT_V5,898e7135,930,flip_ud
48,1,1,1.0,1.0,20,False,898e7135:o0,0,CURRENT_V5,898e7135,930,identity
48,2,1.0010752688172042,1.0,1.0,64,False,898e7135:o0,0,CURRENT_V5,898e7135,930,transpose
12,2,1.0038461538461538,1.0,1.0,29,False,9385bd28:o0,0,CURRENT_V5,9385bd28,260,anti_transpose
12,3,1.0075187969924813,1.0,1.0,6,False,9385bd28:o0,0,CURRENT_V5,9385bd28,266,flip_ud
12,2,1.0075187969924813,1.0,1.0,6,False,9385bd28:o0,0,CURRENT_V5,9385bd28,266,identity
12,1,1,1.0,1.0,80,False,9385bd28:o0,0,CURRENT_V5,9385bd28,260,transpose
24,1,1,1.0,1.0,32,False,9385bd28:o0,0,CURRENT_V5,9385bd28,260,anti_transpose
24,2,1.0037593984962405,1.0,1.0,21,False,9385bd28:o0,0,CURRENT_V5,9385bd28,266,flip_ud
24,2,1.0037593984962405,1.0,1.0,19,False,9385bd28:o0,0,CURRENT_V5,9385bd28,266,identity
24,1,1,1.0,1.0,44,False,9385bd28:o0,0,CURRENT_V5,9385bd28,260,transpose
48,1,1,1.0,1.0,10,False,9385bd28:o0,0,CURRENT_V5,9385bd28,260,anti_transpose
48,1,1,1.0,1.0,18,False,9385bd28:o0,0,CURRENT_V5,9385bd28,266,flip_ud
48,2,1.0037593984962405,1.0,1.0,19,False,9385bd28:o0,0,CURRENT_V5,9385bd28,266,identity
48,1,1,1.0,1.0,44,False,9385bd28:o0,0,CURRENT_V5,9385bd28,260,transpose
12,2,1.009090909090909,1.0,1.0,144,False,97d7923e:o0,0,CURRENT_V5,97d7923e,220,anti_transpose
12,2,1.0047619047619047,1.0,1.0,27,False,97d7923e:o0,0,CURRENT_V5,97d7923e,210,flip_ud
12,2,1.0095238095238095,1.0,1.0,123,False,97d7923e:o0,0,CURRENT_V5,97d7923e,210,identity
12,2,1.0045454545454546,1.0,1.0,39,False,97d7923e:o0,0,CURRENT_V5,97d7923e,220,transpose
24,1,1,1.0,1.0,12,False,97d7923e:o0,0,CURRENT_V5,97d7923e,220,anti_transpose
24,2,1.0095238095238095,1.0,1.0,27,False,97d7923e:o0,0,CURRENT_V5,97d7923e,210,flip_ud
24,1,1,1.0,1.0,92,False,97d7923e:o0,0,CURRENT_V5,97d7923e,210,identity
24,1,1,1.0,1.0,16,False,97d7923e:o0,0,CURRENT_V5,97d7923e,220,transpose
48,2,1.0045454545454546,1.0,1.0,122,False,97d7923e:o0,0,CURRENT_V5,97d7923e,220,anti_transpose
48,2,1.0047619047619047,1.0,1.0,27,False,97d7923e:o0,0,CURRENT_V5,97d7923e,210,flip_ud
48,2,1.0047619047619047,1.0,1.0,174,False,97d7923e:o0,0,CURRENT_V5,97d7923e,210,identity
48,2,1.0045454545454546,1.0,1.0,74,False,97d7923e:o0,0,CURRENT_V5,97d7923e,220,transpose
12,2,1.0016129032258065,1.0,1.0,0,False,a32d8b75:o0,0,CURRENT_V5,a32d8b75,620,anti_transpose
12,1,1,1.0,1.0,14,False,a32d8b75:o0,0,CURRENT_V5,a32d8b75,630,flip_ud
12,1,1,1.0,1.0,0,False,a32d8b75:o0,0,CURRENT_V5,a32d8b75,630,identity
12,2,1.0016129032258065,1.0,1.0,0,False,a32d8b75:o0,0,CURRENT_V5,a32d8b75,620,transpose
24,2,1.0016129032258065,1.0,1.0,0,False,a32d8b75:o0,0,CURRENT_V5,a32d8b75,620,anti_transpose
24,1,1,1.0,1.0,14,False,a32d8b75:o0,0,CURRENT_V5,a32d8b75,630,flip_ud
24,1,1,1.0,1.0,0,False,a32d8b75:o0,0,CURRENT_V5,a32d8b75,630,identity
24,2,1.0016129032258065,1.0,1.0,0,False,a32d8b75:o0,0,CURRENT_V5,a32d8b75,620,transpose
48,1,1,1.0,1.0,0,False,a32d8b75:o0,0,CURRENT_V5,a32d8b75,620,anti_transpose
48,1,1,1.0,1.0,14,False,a32d8b75:o0,0,CURRENT_V5,a32d8b75,630,flip_ud
48,1,1,1.0,1.0,0,False,a32d8b75:o0,0,CURRENT_V5,a32d8b75,630,identity
48,1,1,1.0,1.0,0,False,a32d8b75:o0,0,CURRENT_V5,a32d8b75,620,transpose
12,1,1,1.0,1.0,62,False,a32d8b75:o1,1,CURRENT_V5,a32d8b75,682,anti_transpose
12,1,1,1.0,1.0,0,False,a32d8b75:o1,1,CURRENT_V5,a32d8b75,690,flip_ud
12,2,1.0014492753623188,1.0,1.0,115,False,a32d8b75:o1,1,CURRENT_V5,a32d8b75,690,identity
12,2,1.001466275659824,1.0,1.0,5,False,a32d8b75:o1,1,CURRENT_V5,a32d8b75,682,transpose
24,2,1.001466275659824,1.0,1.0,62,False,a32d8b75:o1,1,CURRENT_V5,a32d8b75,682,anti_transpose
24,2,1.0014492753623188,1.0,1.0,15,False,a32d8b75:o1,1,CURRENT_V5,a32d8b75,690,flip_ud
24,2,1.0014492753623188,1.0,1.0,115,False,a32d8b75:o1,1,CURRENT_V5,a32d8b75,690,identity
24,2,1.001466275659824,1.0,1.0,5,False,a32d8b75:o1,1,CURRENT_V5,a32d8b75,682,transpose
48,1,1,1.0,1.0,62,False,a32d8b75:o1,1,CURRENT_V5,a32d8b75,682,anti_transpose
48,2,1.0014492753623188,1.0,1.0,15,False,a32d8b75:o1,1,CURRENT_V5,a32d8b75,690,flip_ud
48,1,1,1.0,1.0,115,False,a32d8b75:o1,1,CURRENT_V5,a32d8b75,690,identity
48,1,1,1.0,1.0,5,False,a32d8b75:o1,1,CURRENT_V5,a32d8b75,682,transpose
12,1,1,1.0,1.0,148,False,c4d067a0:o0,0,CURRENT_V5,c4d067a0,756,anti_transpose
12,1,1,1.0,1.0,92,False,c4d067a0:o0,0,CURRENT_V5,c4d067a0,756,flip_ud
12,1,1,1.0,1.0,148,False,c4d067a0:o0,0,CURRENT_V5,c4d067a0,756,identity
12,1,1,1.0,1.0,229,False,c4d067a0:o0,0,CURRENT_V5,c4d067a0,756,transpose
24,1,1,1.0,1.0,148,False,c4d067a0:o0,0,CURRENT_V5,c4d067a0,756,anti_transpose
24,1,1,1.0,1.0,92,False,c4d067a0:o0,0,CURRENT_V5,c4d067a0,756,flip_ud
24,1,1,1.0,1.0,148,False,c4d067a0:o0,0,CURRENT_V5,c4d067a0,756,identity
24,1,1,1.0,1.0,229,False,c4d067a0:o0,0,CURRENT_V5,c4d067a0,756,transpose
48,1,1,1.0,1.0,148,False,c4d067a0:o0,0,CURRENT_V5,c4d067a0,756,anti_transpose
48,1,1,1.0,1.0,92,False,c4d067a0:o0,0,CURRENT_V5,c4d067a0,756,flip_ud
48,1,1,1.0,1.0,148,False,c4d067a0:o0,0,CURRENT_V5,c4d067a0,756,identity
48,1,1,1.0,1.0,229,False,c4d067a0:o0,0,CURRENT_V5,c4d067a0,756,transpose
12,1,1,1.0,1.0,60,False,cb2d8a2c:o0,0,CURRENT_V5,cb2d8a2c,390,anti_transpose
12,1,1,1.0,1.0,10,False,cb2d8a2c:o0,0,CURRENT_V5,cb2d8a2c,378,flip_ud
12,1,1,1.0,1.0,57,False,cb2d8a2c:o0,0,CURRENT_V5,cb2d8a2c,378,identity
12,1,1,1.0,1.0,7,False,cb2d8a2c:o0,0,CURRENT_V5,cb2d8a2c,390,transpose
24,1,1,1.0,1.0,60,False,cb2d8a2c:o0,0,CURRENT_V5,cb2d8a2c,390,anti_transpose
24,1,1,1.0,1.0,10,False,cb2d8a2c:o0,0,CURRENT_V5,cb2d8a2c,378,flip_ud
24,1,1,1.0,1.0,57,False,cb2d8a2c:o0,0,CURRENT_V5,cb2d8a2c,378,identity
24,1,1,1.0,1.0,7,False,cb2d8a2c:o0,0,CURRENT_V5,cb2d8a2c,390,transpose
48,1,1,1.0,1.0,60,False,cb2d8a2c:o0,0,CURRENT_V5,cb2d8a2c,390,anti_transpose
48,1,1,1.0,1.0,10,False,cb2d8a2c:o0,0,CURRENT_V5,cb2d8a2c,378,flip_ud
48,1,1,1.0,1.0,57,False,cb2d8a2c:o0,0,CURRENT_V5,cb2d8a2c,378,identity
48,1,1,1.0,1.0,7,False,cb2d8a2c:o0,0,CURRENT_V5,cb2d8a2c,390,transpose
12,1,1,1.0,1.0,60,False,cb2d8a2c:o1,1,CURRENT_V5,cb2d8a2c,480,anti_transpose
12,1,1,1,1.0,13,False,cb2d8a2c:o1,1,CURRENT_V5,cb2d8a2c,493,flip_ud
12,2,1.0040567951318458,1,1.0,88,False,cb2d8a2c:o1,1,CURRENT_V5,cb2d8a2c,493,identity
12,2,1.0020833333333334,1.0,1.0,66,False,cb2d8a2c:o1,1,CURRENT_V5,cb2d8a2c,480,transpose
24,1,1,1.0,1.0,60,False,cb2d8a2c:o1,1,CURRENT_V5,cb2d8a2c,480,anti_transpose
24,1,1,1,1.0,13,False,cb2d8a2c:o1,1,CURRENT_V5,cb2d8a2c,493,flip_ud
24,2,1.002028397565923,1,1.0,111,False,cb2d8a2c:o1,1,CURRENT_V5,cb2d8a2c,493,identity
24,2,1.0020833333333334,1.0,1.0,66,False,cb2d8a2c:o1,1,CURRENT_V5,cb2d8a2c,480,transpose
48,1,1,1.0,1.0,60,False,cb2d8a2c:o1,1,CURRENT_V5,cb2d8a2c,480,anti_transpose
48,1,1,1,1.0,13,False,cb2d8a2c:o1,1,CURRENT_V5,cb2d8a2c,493,flip_ud
48,1,1,1,1.0,19,False,cb2d8a2c:o1,1,CURRENT_V5,cb2d8a2c,493,identity
48,1,1,1.0,1.0,61,False,cb2d8a2c:o1,1,CURRENT_V5,cb2d8a2c,480,transpose
12,1,1,1.0,1.0,176,False,cbebaa4b:o0,0,CURRENT_V5,cbebaa4b,702,anti_transpose
12,1,1,1.0,1.0,32,False,cbebaa4b:o0,0,CURRENT_V5,cbebaa4b,702,flip_ud
12,1,1,1.0,1.0,150,False,cbebaa4b:o0,0,CURRENT_V5,cbebaa4b,702,identity
12,1,1,1.0,1.0,149,False,cbebaa4b:o0,0,CURRENT_V5,cbebaa4b,702,transpose
24,1,1,1.0,1.0,176,False,cbebaa4b:o0,0,CURRENT_V5,cbebaa4b,702,anti_transpose
24,1,1,1.0,1.0,32,False,cbebaa4b:o0,0,CURRENT_V5,cbebaa4b,702,flip_ud
24,1,1,1.0,1.0,150,False,cbebaa4b:o0,0,CURRENT_V5,cbebaa4b,702,identity
24,1,1,1.0,1.0,149,False,cbebaa4b:o0,0,CURRENT_V5,cbebaa4b,702,transpose
48,1,1,1.0,1.0,176,False,cbebaa4b:o0,0,CURRENT_V5,cbebaa4b,702,anti_transpose
48,1,1,1.0,1.0,32,False,cbebaa4b:o0,0,CURRENT_V5,cbebaa4b,702,flip_ud
48,1,1,1.0,1.0,150,False,cbebaa4b:o0,0,CURRENT_V5,cbebaa4b,702,identity
48,1,1,1.0,1.0,149,False,cbebaa4b:o0,0,CURRENT_V5,cbebaa4b,702,transpose
12,2,1.0036764705882353,1.0,1.0,6,False,d59b0160:o0,0,CURRENT_V5,d59b0160,272,anti_transpose
12,2,1.0073529411764706,1.0,1.0,6,False,d59b0160:o0,0,CURRENT_V5,d59b0160,272,flip_ud
12,2,1.0036764705882353,1.0,1.0,85,False,d59b0160:o0,0,CURRENT_V5,d59b0160,272,identity
12,2,1.0036764705882353,1.0,1.0,57,False,d59b0160:o0,0,CURRENT_V5,d59b0160,272,transpose
24,2,1.0036764705882353,1.0,1.0,187,False,d59b0160:o0,0,CURRENT_V5,d59b0160,272,anti_transpose
24,2,1.0036764705882353,1.0,1.0,3,False,d59b0160:o0,0,CURRENT_V5,d59b0160,272,flip_ud
24,2,1.0036764705882353,1.0,1.0,105,False,d59b0160:o0,0,CURRENT_V5,d59b0160,272,identity
24,2,1.0036764705882353,1.0,1.0,102,False,d59b0160:o0,0,CURRENT_V5,d59b0160,272,transpose
48,1,1,1.0,1.0,2,False,d59b0160:o0,0,CURRENT_V5,d59b0160,272,anti_transpose
48,1,1,1.0,1.0,3,False,d59b0160:o0,0,CURRENT_V5,d59b0160,272,flip_ud
48,2,1.0036764705882353,1.0,1.0,85,False,d59b0160:o0,0,CURRENT_V5,d59b0160,272,identity
48,1,1,1.0,1.0,5,False,d59b0160:o0,0,CURRENT_V5,d59b0160,272,transpose
12,2,1.0075757575757576,1.0,1.0,52,False,dd6b8c4b:o1,1,CURRENT_V5,dd6b8c4b,132,anti_transpose
12,2,1.0075757575757576,1.0,1.0,1,False,dd6b8c4b:o1,1,CURRENT_V5,dd6b8c4b,132,flip_ud
12,1,1,1.0,1.0,4,False,dd6b8c4b:o1,1,CURRENT_V5,dd6b8c4b,132,identity
12,2,1.0075757575757576,1.0,1.0,22,False,dd6b8c4b:o1,1,CURRENT_V5,dd6b8c4b,132,transpose
24,2,1.0075757575757576,1.0,1.0,52,False,dd6b8c4b:o1,1,CURRENT_V5,dd6b8c4b,132,anti_transpose
24,2,1.0075757575757576,1.0,1.0,1,False,dd6b8c4b:o1,1,CURRENT_V5,dd6b8c4b,132,flip_ud
24,2,1.0075757575757576,1.0,1.0,120,False,dd6b8c4b:o1,1,CURRENT_V5,dd6b8c4b,132,identity
24,1,1,1.0,1.0,10,False,dd6b8c4b:o1,1,CURRENT_V5,dd6b8c4b,132,transpose
48,1,1,1.0,1.0,58,False,dd6b8c4b:o1,1,CURRENT_V5,dd6b8c4b,132,anti_transpose
48,1,1,1.0,1.0,0,False,dd6b8c4b:o1,1,CURRENT_V5,dd6b8c4b,132,flip_ud
48,2,1.0075757575757576,1.0,1.0,120,False,dd6b8c4b:o1,1,CURRENT_V5,dd6b8c4b,132,identity
48,1,1,1.0,1.0,10,False,dd6b8c4b:o1,1,CURRENT_V5,dd6b8c4b,132,transpose
12,2,1.0010752688172042,1.0,1.0,19,False,e3721c99:o1,1,CURRENT_V5,e3721c99,930,anti_transpose
12,3,1.0021505376344086,1.0,1.0,18,False,e3721c99:o1,1,CURRENT_V5,e3721c99,930,flip_ud
12,2,1.0010752688172042,1.0,1.0,40,False,e3721c99:o1,1,CURRENT_V5,e3721c99,930,identity
12,3,1.0021505376344086,1.0,1.0,237,False,e3721c99:o1,1,CURRENT_V5,e3721c99,930,transpose
24,2,1.0010752688172042,1.0,1.0,19,False,e3721c99:o1,1,CURRENT_V5,e3721c99,930,anti_transpose
24,2,1.0010752688172042,1.0,1.0,18,False,e3721c99:o1,1,CURRENT_V5,e3721c99,930,flip_ud
24,3,1.0021505376344086,1.0,1.0,82,False,e3721c99:o1,1,CURRENT_V5,e3721c99,930,identity
24,2,1.0010752688172042,1.0,1.0,481,False,e3721c99:o1,1,CURRENT_V5,e3721c99,930,transpose
48,2,1.0010752688172042,1.0,1.0,19,False,e3721c99:o1,1,CURRENT_V5,e3721c99,930,anti_transpose
48,2,1.0010752688172042,1.0,1.0,18,False,e3721c99:o1,1,CURRENT_V5,e3721c99,930,flip_ud
48,3,1.0021505376344086,1.0,1.0,82,False,e3721c99:o1,1,CURRENT_V5,e3721c99,930,identity
48,1,1,1.0,1.0,237,False,e3721c99:o1,1,CURRENT_V5,e3721c99,930,transpose
12,2,1.05,1.0,1.0,1,False,f931b4a8:o1,1,CURRENT_V5,f931b4a8,20,anti_transpose
12,2,1.05,1.0,1.0,1,False,f931b4a8:o1,1,CURRENT_V5,f931b4a8,20,flip_ud
12,1,1,1.0,1.0,1,False,f931b4a8:o1,1,CURRENT_V5,f931b4a8,20,identity
12,1,1,1.0,1.0,1,False,f931b4a8:o1,1,CURRENT_V5,f931b4a8,20,transpose
24,1,1,1.0,1.0,0,False,f931b4a8:o1,1,CURRENT_V5,f931b4a8,20,anti_transpose
24,2,1.05,1.0,1.0,2,False,f931b4a8:o1,1,CURRENT_V5,f931b4a8,20,flip_ud
24,2,1.05,1.0,1.0,1,False,f931b4a8:o1,1,CURRENT_V5,f931b4a8,20,identity
24,1,1,1.0,1.0,1,False,f931b4a8:o1,1,CURRENT_V5,f931b4a8,20,transpose
48,1,1,1.0,1.0,0,False,f931b4a8:o1,1,CURRENT_V5,f931b4a8,20,anti_transpose
48,1,1,1.0,1.0,1,False,f931b4a8:o1,1,CURRENT_V5,f931b4a8,20,flip_ud
48,1,1,1.0,1.0,1,False,f931b4a8:o1,1,CURRENT_V5,f931b4a8,20,identity
48,1,1,1.0,1.0,1,False,f931b4a8:o1,1,CURRENT_V5,f931b4a8,20,transpose
12,2,1.0333333333333334,1.0,1.0,25,False,0934a4d8:o0,0,TOPK_INSURANCE_1,0934a4d8,30,anti_transpose
12,1,1,1.0,1.0,0,False,0934a4d8:o0,0,TOPK_INSURANCE_1,0934a4d8,36,flip_ud
12,1,1,1.0,1.0,0,False,0934a4d8:o0,0,TOPK_INSURANCE_1,0934a4d8,36,identity
12,2,1.0333333333333334,1.0,1.0,0,False,0934a4d8:o0,0,TOPK_INSURANCE_1,0934a4d8,30,transpose
24,2,1.0333333333333334,1.0,1.0,16,False,0934a4d8:o0,0,TOPK_INSURANCE_1,0934a4d8,30,anti_transpose
24,1,1,1.0,1.0,0,False,0934a4d8:o0,0,TOPK_INSURANCE_1,0934a4d8,36,flip_ud
24,2,1.0277777777777777,1.0,1.0,0,False,0934a4d8:o0,0,TOPK_INSURANCE_1,0934a4d8,36,identity
24,1,1,1.0,1.0,0,False,0934a4d8:o0,0,TOPK_INSURANCE_1,0934a4d8,30,transpose
48,1,1,1.0,1.0,15,False,0934a4d8:o0,0,TOPK_INSURANCE_1,0934a4d8,30,anti_transpose
48,2,1.0277777777777777,1.0,1.0,20,False,0934a4d8:o0,0,TOPK_INSURANCE_1,0934a4d8,36,flip_ud
48,1,1,1.0,1.0,0,False,0934a4d8:o0,0,TOPK_INSURANCE_1,0934a4d8,36,identity
48,1,1,1.0,1.0,0,False,0934a4d8:o0,0,TOPK_INSURANCE_1,0934a4d8,30,transpose
12,1,1,1.0,1.0,0,False,13e47133:o0,0,TOPK_INSURANCE_1,13e47133,930,anti_transpose
12,2,1.0010752688172042,1.0,1.0,7,False,13e47133:o0,0,TOPK_INSURANCE_1,13e47133,930,flip_ud
12,1,1,1.0,1.0,139,False,13e47133:o0,0,TOPK_INSURANCE_1,13e47133,930,identity
12,1,1,1.0,1.0,115,False,13e47133:o0,0,TOPK_INSURANCE_1,13e47133,930,transpose
24,2,1.0010752688172042,1.0,1.0,0,False,13e47133:o0,0,TOPK_INSURANCE_1,13e47133,930,anti_transpose
24,1,1,1.0,1.0,7,False,13e47133:o0,0,TOPK_INSURANCE_1,13e47133,930,flip_ud
24,1,1,1.0,1.0,139,False,13e47133:o0,0,TOPK_INSURANCE_1,13e47133,930,identity
24,1,1,1.0,1.0,115,False,13e47133:o0,0,TOPK_INSURANCE_1,13e47133,930,transpose
48,1,1,1.0,1.0,0,False,13e47133:o0,0,TOPK_INSURANCE_1,13e47133,930,anti_transpose
48,1,1,1.0,1.0,7,False,13e47133:o0,0,TOPK_INSURANCE_1,13e47133,930,flip_ud
48,2,1.0010752688172042,1.0,1.0,139,False,13e47133:o0,0,TOPK_INSURANCE_1,13e47133,930,identity
48,1,1,1.0,1.0,115,False,13e47133:o0,0,TOPK_INSURANCE_1,13e47133,930,transpose
12,1,1,1,1.0,5,False,142ca369:o1,1,TOPK_INSURANCE_1,142ca369,399,anti_transpose
12,2,1.0025,1.0,1.0,100,False,142ca369:o1,1,TOPK_INSURANCE_1,142ca369,400,flip_ud
12,1,1,1.0,1.0,100,False,142ca369:o1,1,TOPK_INSURANCE_1,142ca369,400,identity
12,1,1,1,1.0,5,False,142ca369:o1,1,TOPK_INSURANCE_1,142ca369,399,transpose
24,1,1,1,1.0,5,False,142ca369:o1,1,TOPK_INSURANCE_1,142ca369,399,anti_transpose
24,1,1,1.0,1.0,100,False,142ca369:o1,1,TOPK_INSURANCE_1,142ca369,400,flip_ud
24,1,1,1.0,1.0,100,False,142ca369:o1,1,TOPK_INSURANCE_1,142ca369,400,identity
24,1,1,1,1.0,5,False,142ca369:o1,1,TOPK_INSURANCE_1,142ca369,399,transpose
48,1,1,1,1.0,5,False,142ca369:o1,1,TOPK_INSURANCE_1,142ca369,399,anti_transpose
48,1,1,1.0,1.0,100,False,142ca369:o1,1,TOPK_INSURANCE_1,142ca369,400,flip_ud
48,1,1,1.0,1.0,100,False,142ca369:o1,1,TOPK_INSURANCE_1,142ca369,400,identity
48,1,1,1,1.0,5,False,142ca369:o1,1,TOPK_INSURANCE_1,142ca369,399,transpose
12,1,1,1.0,1.0,227,False,16b78196:o0,0,TOPK_INSURANCE_1,16b78196,930,anti_transpose
12,1,1,1.0,1.0,326,False,16b78196:o0,0,TOPK_INSURANCE_1,16b78196,930,flip_ud
12,1,1,1.0,1.0,35,False,16b78196:o0,0,TOPK_INSURANCE_1,16b78196,930,identity
12,1,1,1.0,1.0,125,False,16b78196:o0,0,TOPK_INSURANCE_1,16b78196,930,transpose
24,1,1,1.0,1.0,227,False,16b78196:o0,0,TOPK_INSURANCE_1,16b78196,930,anti_transpose
24,1,1,1.0,1.0,326,False,16b78196:o0,0,TOPK_INSURANCE_1,16b78196,930,flip_ud
24,1,1,1.0,1.0,35,False,16b78196:o0,0,TOPK_INSURANCE_1,16b78196,930,identity
24,1,1,1.0,1.0,125,False,16b78196:o0,0,TOPK_INSURANCE_1,16b78196,930,transpose
48,1,1,1.0,1.0,227,False,16b78196:o0,0,TOPK_INSURANCE_1,16b78196,930,anti_transpose
48,2,1.0010752688172042,1.0,1.0,326,False,16b78196:o0,0,TOPK_INSURANCE_1,16b78196,930,flip_ud
48,1,1,1.0,1.0,35,False,16b78196:o0,0,TOPK_INSURANCE_1,16b78196,930,identity
48,1,1,1.0,1.0,125,False,16b78196:o0,0,TOPK_INSURANCE_1,16b78196,930,transpose
12,2,1.0047619047619047,1.0,1.0,110,False,16de56c4:o1,1,TOPK_INSURANCE_1,16de56c4,210,anti_transpose
12,2,1.005050505050505,1.0,1.0,4,False,16de56c4:o1,1,TOPK_INSURANCE_1,16de56c4,198,flip_ud
12,2,1.0101010101010102,1.0,1.0,9,False,16de56c4:o1,1,TOPK_INSURANCE_1,16de56c4,198,identity
12,2,1.0047619047619047,1.0,1.0,10,False,16de56c4:o1,1,TOPK_INSURANCE_1,16de56c4,210,transpose
24,2,1.0047619047619047,1.0,1.0,110,False,16de56c4:o1,1,TOPK_INSURANCE_1,16de56c4,210,anti_transpose
24,1,1,1.0,1.0,4,False,16de56c4:o1,1,TOPK_INSURANCE_1,16de56c4,198,flip_ud
24,2,1.005050505050505,1.0,1.0,9,False,16de56c4:o1,1,TOPK_INSURANCE_1,16de56c4,198,identity
24,2,1.0047619047619047,1.0,1.0,10,False,16de56c4:o1,1,TOPK_INSURANCE_1,16de56c4,210,transpose
48,2,1.0095238095238095,1.0,1.0,74,False,16de56c4:o1,1,TOPK_INSURANCE_1,16de56c4,210,anti_transpose
48,1,1,1.0,1.0,4,False,16de56c4:o1,1,TOPK_INSURANCE_1,16de56c4,198,flip_ud
48,2,1.005050505050505,1.0,1.0,9,False,16de56c4:o1,1,TOPK_INSURANCE_1,16de56c4,198,identity
48,2,1.0047619047619047,1.0,1.0,90,False,16de56c4:o1,1,TOPK_INSURANCE_1,16de56c4,210,transpose
12,2,1.0166666666666666,1.0,1.0,12,False,20270e3b:o0,0,TOPK_INSURANCE_1,20270e3b,60,anti_transpose
12,1,1,1,1.0,0,False,20270e3b:o0,0,TOPK_INSURANCE_1,20270e3b,55,flip_ud
12,1,1,1,1.0,16,False,20270e3b:o0,0,TOPK_INSURANCE_1,20270e3b,55,identity
12,1,1,1.0,1.0,5,False,20270e3b:o0,0,TOPK_INSURANCE_1,20270e3b,60,transpose
24,2,1.0166666666666666,1.0,1.0,4,False,20270e3b:o0,0,TOPK_INSURANCE_1,20270e3b,60,anti_transpose
24,1,1,1,1.0,0,False,20270e3b:o0,0,TOPK_INSURANCE_1,20270e3b,55,flip_ud
24,1,1,1,1.0,16,False,20270e3b:o0,0,TOPK_INSURANCE_1,20270e3b,55,identity
24,2,1.0166666666666666,1.0,1.0,5,False,20270e3b:o0,0,TOPK_INSURANCE_1,20270e3b,60,transpose
48,2,1.0166666666666666,1.0,1.0,12,False,20270e3b:o0,0,TOPK_INSURANCE_1,20270e3b,60,anti_transpose
48,2,1.0363636363636364,1,1.0,5,False,20270e3b:o0,0,TOPK_INSURANCE_1,20270e3b,55,flip_ud
48,1,1,1,1.0,16,False,20270e3b:o0,0,TOPK_INSURANCE_1,20270e3b,55,identity
48,1,1,1.0,1.0,5,False,20270e3b:o0,0,TOPK_INSURANCE_1,20270e3b,60,transpose
12,1,1,1.0,1.0,14,False,247ef758:o1,1,TOPK_INSURANCE_1,247ef758,234,anti_transpose
12,1,1,1.0,1.0,35,False,247ef758:o1,1,TOPK_INSURANCE_1,247ef758,228,flip_ud
12,1,1,1.0,1.0,0,False,247ef758:o1,1,TOPK_INSURANCE_1,247ef758,228,identity
12,2,1.0042735042735043,1.0,1.0,21,False,247ef758:o1,1,TOPK_INSURANCE_1,247ef758,234,transpose
24,1,1,1.0,1.0,14,False,247ef758:o1,1,TOPK_INSURANCE_1,247ef758,234,anti_transpose
24,1,1,1.0,1.0,35,False,247ef758:o1,1,TOPK_INSURANCE_1,247ef758,228,flip_ud
24,1,1,1.0,1.0,0,False,247ef758:o1,1,TOPK_INSURANCE_1,247ef758,228,identity
24,1,1,1.0,1.0,0,False,247ef758:o1,1,TOPK_INSURANCE_1,247ef758,234,transpose
48,1,1,1.0,1.0,14,False,247ef758:o1,1,TOPK_INSURANCE_1,247ef758,234,anti_transpose
48,1,1,1.0,1.0,35,False,247ef758:o1,1,TOPK_INSURANCE_1,247ef758,228,flip_ud
48,1,1,1.0,1.0,0,False,247ef758:o1,1,TOPK_INSURANCE_1,247ef758,228,identity
48,1,1,1.0,1.0,0,False,247ef758:o1,1,TOPK_INSURANCE_1,247ef758,234,transpose
12,2,1.0023809523809524,1.0,1.0,267,False,332f06d7:o0,0,TOPK_INSURANCE_1,332f06d7,420,anti_transpose
12,1,1,1.0,1.0,319,False,332f06d7:o0,0,TOPK_INSURANCE_1,332f06d7,420,flip_ud
12,1,1,1.0,1.0,25,False,332f06d7:o0,0,TOPK_INSURANCE_1,332f06d7,420,identity
12,1,1,1.0,1.0,85,False,332f06d7:o0,0,TOPK_INSURANCE_1,332f06d7,420,transpose
24,1,1,1.0,1.0,267,False,332f06d7:o0,0,TOPK_INSURANCE_1,332f06d7,420,anti_transpose
24,2,1.0023809523809524,1.0,1.0,319,False,332f06d7:o0,0,TOPK_INSURANCE_1,332f06d7,420,flip_ud
24,1,1,1.0,1.0,25,False,332f06d7:o0,0,TOPK_INSURANCE_1,332f06d7,420,identity
24,1,1,1.0,1.0,85,False,332f06d7:o0,0,TOPK_INSURANCE_1,332f06d7,420,transpose
48,1,1,1.0,1.0,267,False,332f06d7:o0,0,TOPK_INSURANCE_1,332f06d7,420,anti_transpose
48,2,1.0023809523809524,1.0,1.0,319,False,332f06d7:o0,0,TOPK_INSURANCE_1,332f06d7,420,flip_ud
48,1,1,1.0,1.0,25,False,332f06d7:o0,0,TOPK_INSURANCE_1,332f06d7,420,identity
48,1,1,1.0,1.0,85,False,332f06d7:o0,0,TOPK_INSURANCE_1,332f06d7,420,transpose
12,1,1,1.0,1.0,380,False,446ef5d2:o0,0,TOPK_INSURANCE_1,446ef5d2,702,anti_transpose
12,1,1,1.0,1.0,56,False,446ef5d2:o0,0,TOPK_INSURANCE_1,446ef5d2,702,flip_ud
12,1,1,1.0,1.0,56,False,446ef5d2:o0,0,TOPK_INSURANCE_1,446ef5d2,702,identity
12,1,1,1.0,1.0,56,False,446ef5d2:o0,0,TOPK_INSURANCE_1,446ef5d2,702,transpose
24,1,1,1.0,1.0,380,False,446ef5d2:o0,0,TOPK_INSURANCE_1,446ef5d2,702,anti_transpose
24,1,1,1.0,1.0,56,False,446ef5d2:o0,0,TOPK_INSURANCE_1,446ef5d2,702,flip_ud
24,1,1,1.0,1.0,56,False,446ef5d2:o0,0,TOPK_INSURANCE_1,446ef5d2,702,identity
24,1,1,1.0,1.0,56,False,446ef5d2:o0,0,TOPK_INSURANCE_1,446ef5d2,702,transpose
48,1,1,1.0,1.0,380,False,446ef5d2:o0,0,TOPK_INSURANCE_1,446ef5d2,702,anti_transpose
48,1,1,1.0,1.0,56,False,446ef5d2:o0,0,TOPK_INSURANCE_1,446ef5d2,702,flip_ud
48,1,1,1.0,1.0,56,False,446ef5d2:o0,0,TOPK_INSURANCE_1,446ef5d2,702,identity
48,1,1,1.0,1.0,56,False,446ef5d2:o0,0,TOPK_INSURANCE_1,446ef5d2,702,transpose
12,1,1,1.0,1.0,53,False,446ef5d2:o1,1,TOPK_INSURANCE_1,446ef5d2,420,anti_transpose
12,1,1,1.0,1.0,233,False,446ef5d2:o1,1,TOPK_INSURANCE_1,446ef5d2,420,flip_ud
12,1,1,1.0,1.0,44,False,446ef5d2:o1,1,TOPK_INSURANCE_1,446ef5d2,420,identity
12,1,1,1.0,1.0,44,False,446ef5d2:o1,1,TOPK_INSURANCE_1,446ef5d2,420,transpose
24,1,1,1.0,1.0,53,False,446ef5d2:o1,1,TOPK_INSURANCE_1,446ef5d2,420,anti_transpose
24,1,1,1.0,1.0,233,False,446ef5d2:o1,1,TOPK_INSURANCE_1,446ef5d2,420,flip_ud
24,1,1,1.0,1.0,44,False,446ef5d2:o1,1,TOPK_INSURANCE_1,446ef5d2,420,identity
24,1,1,1.0,1.0,44,False,446ef5d2:o1,1,TOPK_INSURANCE_1,446ef5d2,420,transpose
48,1,1,1.0,1.0,53,False,446ef5d2:o1,1,TOPK_INSURANCE_1,446ef5d2,420,anti_transpose
48,1,1,1.0,1.0,233,False,446ef5d2:o1,1,TOPK_INSURANCE_1,446ef5d2,420,flip_ud
48,1,1,1.0,1.0,44,False,446ef5d2:o1,1,TOPK_INSURANCE_1,446ef5d2,420,identity
48,1,1,1.0,1.0,44,False,446ef5d2:o1,1,TOPK_INSURANCE_1,446ef5d2,420,transpose
12,1,1,1,1.0,1,False,5dbc8537:o0,0,TOPK_INSURANCE_1,5dbc8537,275,anti_transpose
12,1,1,1.0,1.0,26,False,5dbc8537:o0,0,TOPK_INSURANCE_1,5dbc8537,260,flip_ud
12,2,1.0038461538461538,1.0,1.0,33,False,5dbc8537:o0,0,TOPK_INSURANCE_1,5dbc8537,260,identity
12,2,1.0036363636363637,1,1.0,179,False,5dbc8537:o0,0,TOPK_INSURANCE_1,5dbc8537,275,transpose
24,1,1,1,1.0,1,False,5dbc8537:o0,0,TOPK_INSURANCE_1,5dbc8537,275,anti_transpose
24,2,1.0038461538461538,1.0,1.0,26,False,5dbc8537:o0,0,TOPK_INSURANCE_1,5dbc8537,260,flip_ud
24,1,1,1.0,1.0,29,False,5dbc8537:o0,0,TOPK_INSURANCE_1,5dbc8537,260,identity
24,2,1.0036363636363637,1,1.0,179,False,5dbc8537:o0,0,TOPK_INSURANCE_1,5dbc8537,275,transpose
48,1,1,1,1.0,1,False,5dbc8537:o0,0,TOPK_INSURANCE_1,5dbc8537,275,anti_transpose
48,1,1,1.0,1.0,26,False,5dbc8537:o0,0,TOPK_INSURANCE_1,5dbc8537,260,flip_ud
48,2,1.0038461538461538,1.0,1.0,33,False,5dbc8537:o0,0,TOPK_INSURANCE_1,5dbc8537,260,identity
48,2,1.0036363636363637,1,1.0,2,False,5dbc8537:o0,0,TOPK_INSURANCE_1,5dbc8537,275,transpose
12,1,1,1.0,1.0,28,False,5dbc8537:o1,1,TOPK_INSURANCE_1,5dbc8537,168,anti_transpose
12,2,1.0055555555555555,1.0,1.0,37,False,5dbc8537:o1,1,TOPK_INSURANCE_1,5dbc8537,180,flip_ud
12,2,1.011111111111111,1.0,1.0,92,False,5dbc8537:o1,1,TOPK_INSURANCE_1,5dbc8537,180,identity
12,2,1.005952380952381,1.0,1.0,29,False,5dbc8537:o1,1,TOPK_INSURANCE_1,5dbc8537,168,transpose
24,1,1,1.0,1.0,28,False,5dbc8537:o1,1,TOPK_INSURANCE_1,5dbc8537,168,anti_transpose
24,2,1.0055555555555555,1.0,1.0,37,False,5dbc8537:o1,1,TOPK_INSURANCE_1,5dbc8537,180,flip_ud
24,2,1.0055555555555555,1.0,1.0,74,False,5dbc8537:o1,1,TOPK_INSURANCE_1,5dbc8537,180,identity
24,2,1.005952380952381,1.0,1.0,29,False,5dbc8537:o1,1,TOPK_INSURANCE_1,5dbc8537,168,transpose
48,1,1,1.0,1.0,28,False,5dbc8537:o1,1,TOPK_INSURANCE_1,5dbc8537,168,anti_transpose
48,1,1,1.0,1.0,2,False,5dbc8537:o1,1,TOPK_INSURANCE_1,5dbc8537,180,flip_ud
48,1,1,1.0,1.0,73,False,5dbc8537:o1,1,TOPK_INSURANCE_1,5dbc8537,180,identity
48,1,1,1.0,1.0,29,False,5dbc8537:o1,1,TOPK_INSURANCE_1,5dbc8537,168,transpose
12,2,1.0022988505747126,1.0,1.0,13,False,64efde09:o0,0,TOPK_INSURANCE_1,64efde09,870,anti_transpose
12,1,1,1.0,1.0,19,False,64efde09:o0,0,TOPK_INSURANCE_1,64efde09,870,flip_ud
12,2,1.0011494252873563,1.0,1.0,139,False,64efde09:o0,0,TOPK_INSURANCE_1,64efde09,870,identity
12,2,1.0011494252873563,1.0,1.0,5,False,64efde09:o0,0,TOPK_INSURANCE_1,64efde09,870,transpose
24,2,1.0022988505747126,1.0,1.0,5,False,64efde09:o0,0,TOPK_INSURANCE_1,64efde09,870,anti_transpose
24,2,1.0011494252873563,1.0,1.0,19,False,64efde09:o0,0,TOPK_INSURANCE_1,64efde09,870,flip_ud
24,2,1.0011494252873563,1.0,1.0,139,False,64efde09:o0,0,TOPK_INSURANCE_1,64efde09,870,identity
24,2,1.0011494252873563,1.0,1.0,4,False,64efde09:o0,0,TOPK_INSURANCE_1,64efde09,870,transpose
48,2,1.0011494252873563,1.0,1.0,13,False,64efde09:o0,0,TOPK_INSURANCE_1,64efde09,870,anti_transpose
48,1,1,1.0,1.0,19,False,64efde09:o0,0,TOPK_INSURANCE_1,64efde09,870,flip_ud
48,2,1.0011494252873563,1.0,1.0,139,False,64efde09:o0,0,TOPK_INSURANCE_1,64efde09,870,identity
48,2,1.0011494252873563,1.0,1.0,23,False,64efde09:o0,0,TOPK_INSURANCE_1,64efde09,870,transpose
12,1,1,1.0,1.0,4,False,6ffbe589:o0,0,TOPK_INSURANCE_1,6ffbe589,182,anti_transpose
12,2,1.0054945054945055,1.0,1.0,10,False,6ffbe589:o0,0,TOPK_INSURANCE_1,6ffbe589,182,flip_ud
12,1,1,1.0,1.0,5,False,6ffbe589:o0,0,TOPK_INSURANCE_1,6ffbe589,182,identity
12,2,1.0054945054945055,1.0,1.0,4,False,6ffbe589:o0,0,TOPK_INSURANCE_1,6ffbe589,182,transpose
24,2,1.0054945054945055,1.0,1.0,4,False,6ffbe589:o0,0,TOPK_INSURANCE_1,6ffbe589,182,anti_transpose
24,2,1.0054945054945055,1.0,1.0,10,False,6ffbe589:o0,0,TOPK_INSURANCE_1,6ffbe589,182,flip_ud
24,1,1,1.0,1.0,10,False,6ffbe589:o0,0,TOPK_INSURANCE_1,6ffbe589,182,identity
24,2,1.0054945054945055,1.0,1.0,4,False,6ffbe589:o0,0,TOPK_INSURANCE_1,6ffbe589,182,transpose
48,1,1,1.0,1.0,4,False,6ffbe589:o0,0,TOPK_INSURANCE_1,6ffbe589,182,anti_transpose
48,1,1,1.0,1.0,10,False,6ffbe589:o0,0,TOPK_INSURANCE_1,6ffbe589,182,flip_ud
48,2,1.0054945054945055,1.0,1.0,5,False,6ffbe589:o0,0,TOPK_INSURANCE_1,6ffbe589,182,identity
48,1,1,1.0,1.0,4,False,6ffbe589:o0,0,TOPK_INSURANCE_1,6ffbe589,182,transpose
12,2,1.005,1.0,1.0,12,False,7491f3cf:o0,0,TOPK_INSURANCE_1,7491f3cf,200,anti_transpose
12,1,1,1.0,1.0,45,False,7491f3cf:o0,0,TOPK_INSURANCE_1,7491f3cf,182,flip_ud
12,1,1,1.0,1.0,45,False,7491f3cf:o0,0,TOPK_INSURANCE_1,7491f3cf,182,identity
12,1,1,1.0,1.0,153,False,7491f3cf:o0,0,TOPK_INSURANCE_1,7491f3cf,200,transpose
24,1,1,1.0,1.0,12,False,7491f3cf:o0,0,TOPK_INSURANCE_1,7491f3cf,200,anti_transpose
24,1,1,1.0,1.0,45,False,7491f3cf:o0,0,TOPK_INSURANCE_1,7491f3cf,182,flip_ud
24,1,1,1.0,1.0,45,False,7491f3cf:o0,0,TOPK_INSURANCE_1,7491f3cf,182,identity
24,1,1,1.0,1.0,156,False,7491f3cf:o0,0,TOPK_INSURANCE_1,7491f3cf,200,transpose
48,1,1,1.0,1.0,12,False,7491f3cf:o0,0,TOPK_INSURANCE_1,7491f3cf,200,anti_transpose
48,1,1,1.0,1.0,45,False,7491f3cf:o0,0,TOPK_INSURANCE_1,7491f3cf,182,flip_ud
48,1,1,1.0,1.0,45,False,7491f3cf:o0,0,TOPK_INSURANCE_1,7491f3cf,182,identity
48,1,1,1.0,1.0,153,False,7491f3cf:o0,0,TOPK_INSURANCE_1,7491f3cf,200,transpose
12,2,1.0010752688172042,1.0,1.0,111,False,898e7135:o0,0,TOPK_INSURANCE_1,898e7135,930,anti_transpose
12,1,1,1.0,1.0,20,False,898e7135:o0,0,TOPK_INSURANCE_1,898e7135,930,flip_ud
12,1,1,1.0,1.0,20,False,898e7135:o0,0,TOPK_INSURANCE_1,898e7135,930,identity
12,2,1.0010752688172042,1.0,1.0,64,False,898e7135:o0,0,TOPK_INSURANCE_1,898e7135,930,transpose
24,1,1,1.0,1.0,20,False,898e7135:o0,0,TOPK_INSURANCE_1,898e7135,930,anti_transpose
24,1,1,1.0,1.0,20,False,898e7135:o0,0,TOPK_INSURANCE_1,898e7135,930,flip_ud
24,1,1,1.0,1.0,20,False,898e7135:o0,0,TOPK_INSURANCE_1,898e7135,930,identity
24,1,1,1.0,1.0,20,False,898e7135:o0,0,TOPK_INSURANCE_1,898e7135,930,transpose
48,1,1,1.0,1.0,20,False,898e7135:o0,0,TOPK_INSURANCE_1,898e7135,930,anti_transpose
48,1,1,1.0,1.0,20,False,898e7135:o0,0,TOPK_INSURANCE_1,898e7135,930,flip_ud
48,1,1,1.0,1.0,20,False,898e7135:o0,0,TOPK_INSURANCE_1,898e7135,930,identity
48,2,1.0010752688172042,1.0,1.0,64,False,898e7135:o0,0,TOPK_INSURANCE_1,898e7135,930,transpose
12,2,1.0038461538461538,1.0,1.0,29,False,9385bd28:o0,0,TOPK_INSURANCE_1,9385bd28,260,anti_transpose
12,3,1.0075187969924813,1.0,1.0,6,False,9385bd28:o0,0,TOPK_INSURANCE_1,9385bd28,266,flip_ud
12,2,1.0075187969924813,1.0,1.0,6,False,9385bd28:o0,0,TOPK_INSURANCE_1,9385bd28,266,identity
12,1,1,1.0,1.0,80,False,9385bd28:o0,0,TOPK_INSURANCE_1,9385bd28,260,transpose
24,1,1,1.0,1.0,32,False,9385bd28:o0,0,TOPK_INSURANCE_1,9385bd28,260,anti_transpose
24,2,1.0037593984962405,1.0,1.0,21,False,9385bd28:o0,0,TOPK_INSURANCE_1,9385bd28,266,flip_ud
24,2,1.0037593984962405,1.0,1.0,19,False,9385bd28:o0,0,TOPK_INSURANCE_1,9385bd28,266,identity
24,1,1,1.0,1.0,44,False,9385bd28:o0,0,TOPK_INSURANCE_1,9385bd28,260,transpose
48,1,1,1.0,1.0,10,False,9385bd28:o0,0,TOPK_INSURANCE_1,9385bd28,260,anti_transpose
48,1,1,1.0,1.0,18,False,9385bd28:o0,0,TOPK_INSURANCE_1,9385bd28,266,flip_ud
48,2,1.0037593984962405,1.0,1.0,19,False,9385bd28:o0,0,TOPK_INSURANCE_1,9385bd28,266,identity
48,1,1,1.0,1.0,44,False,9385bd28:o0,0,TOPK_INSURANCE_1,9385bd28,260,transpose
12,2,1.009090909090909,1.0,1.0,144,False,97d7923e:o0,0,TOPK_INSURANCE_1,97d7923e,220,anti_transpose
12,2,1.0047619047619047,1.0,1.0,27,False,97d7923e:o0,0,TOPK_INSURANCE_1,97d7923e,210,flip_ud
12,2,1.0095238095238095,1.0,1.0,123,False,97d7923e:o0,0,TOPK_INSURANCE_1,97d7923e,210,identity
12,2,1.0045454545454546,1.0,1.0,39,False,97d7923e:o0,0,TOPK_INSURANCE_1,97d7923e,220,transpose
24,1,1,1.0,1.0,12,False,97d7923e:o0,0,TOPK_INSURANCE_1,97d7923e,220,anti_transpose
24,2,1.0095238095238095,1.0,1.0,27,False,97d7923e:o0,0,TOPK_INSURANCE_1,97d7923e,210,flip_ud
24,1,1,1.0,1.0,92,False,97d7923e:o0,0,TOPK_INSURANCE_1,97d7923e,210,identity
24,1,1,1.0,1.0,16,False,97d7923e:o0,0,TOPK_INSURANCE_1,97d7923e,220,transpose
48,2,1.0045454545454546,1.0,1.0,122,False,97d7923e:o0,0,TOPK_INSURANCE_1,97d7923e,220,anti_transpose
48,2,1.0047619047619047,1.0,1.0,27,False,97d7923e:o0,0,TOPK_INSURANCE_1,97d7923e,210,flip_ud
48,2,1.0047619047619047,1.0,1.0,174,False,97d7923e:o0,0,TOPK_INSURANCE_1,97d7923e,210,identity
48,2,1.0045454545454546,1.0,1.0,74,False,97d7923e:o0,0,TOPK_INSURANCE_1,97d7923e,220,transpose
12,2,1.0016129032258065,1.0,1.0,0,False,a32d8b75:o0,0,TOPK_INSURANCE_1,a32d8b75,620,anti_transpose
12,1,1,1.0,1.0,14,False,a32d8b75:o0,0,TOPK_INSURANCE_1,a32d8b75,630,flip_ud
12,1,1,1.0,1.0,0,False,a32d8b75:o0,0,TOPK_INSURANCE_1,a32d8b75,630,identity
12,2,1.0016129032258065,1.0,1.0,0,False,a32d8b75:o0,0,TOPK_INSURANCE_1,a32d8b75,620,transpose
24,2,1.0016129032258065,1.0,1.0,0,False,a32d8b75:o0,0,TOPK_INSURANCE_1,a32d8b75,620,anti_transpose
24,1,1,1.0,1.0,14,False,a32d8b75:o0,0,TOPK_INSURANCE_1,a32d8b75,630,flip_ud
24,1,1,1.0,1.0,0,False,a32d8b75:o0,0,TOPK_INSURANCE_1,a32d8b75,630,identity
24,2,1.0016129032258065,1.0,1.0,0,False,a32d8b75:o0,0,TOPK_INSURANCE_1,a32d8b75,620,transpose
48,1,1,1.0,1.0,0,False,a32d8b75:o0,0,TOPK_INSURANCE_1,a32d8b75,620,anti_transpose
48,1,1,1.0,1.0,14,False,a32d8b75:o0,0,TOPK_INSURANCE_1,a32d8b75,630,flip_ud
48,1,1,1.0,1.0,0,False,a32d8b75:o0,0,TOPK_INSURANCE_1,a32d8b75,630,identity
48,1,1,1.0,1.0,0,False,a32d8b75:o0,0,TOPK_INSURANCE_1,a32d8b75,620,transpose
12,1,1,1.0,1.0,62,False,a32d8b75:o1,1,TOPK_INSURANCE_1,a32d8b75,682,anti_transpose
12,1,1,1.0,1.0,0,False,a32d8b75:o1,1,TOPK_INSURANCE_1,a32d8b75,690,flip_ud
12,2,1.0014492753623188,1.0,1.0,115,False,a32d8b75:o1,1,TOPK_INSURANCE_1,a32d8b75,690,identity
12,2,1.001466275659824,1.0,1.0,5,False,a32d8b75:o1,1,TOPK_INSURANCE_1,a32d8b75,682,transpose
24,2,1.001466275659824,1.0,1.0,62,False,a32d8b75:o1,1,TOPK_INSURANCE_1,a32d8b75,682,anti_transpose
24,2,1.0014492753623188,1.0,1.0,15,False,a32d8b75:o1,1,TOPK_INSURANCE_1,a32d8b75,690,flip_ud
24,2,1.0014492753623188,1.0,1.0,115,False,a32d8b75:o1,1,TOPK_INSURANCE_1,a32d8b75,690,identity
24,2,1.001466275659824,1.0,1.0,5,False,a32d8b75:o1,1,TOPK_INSURANCE_1,a32d8b75,682,transpose
48,1,1,1.0,1.0,62,False,a32d8b75:o1,1,TOPK_INSURANCE_1,a32d8b75,682,anti_transpose
48,2,1.0014492753623188,1.0,1.0,15,False,a32d8b75:o1,1,TOPK_INSURANCE_1,a32d8b75,690,flip_ud
48,1,1,1.0,1.0,115,False,a32d8b75:o1,1,TOPK_INSURANCE_1,a32d8b75,690,identity
48,1,1,1.0,1.0,5,False,a32d8b75:o1,1,TOPK_INSURANCE_1,a32d8b75,682,transpose
12,1,1,1.0,1.0,148,False,c4d067a0:o0,0,TOPK_INSURANCE_1,c4d067a0,756,anti_transpose
12,1,1,1.0,1.0,92,False,c4d067a0:o0,0,TOPK_INSURANCE_1,c4d067a0,756,flip_ud
12,1,1,1.0,1.0,148,False,c4d067a0:o0,0,TOPK_INSURANCE_1,c4d067a0,756,identity
12,1,1,1.0,1.0,229,False,c4d067a0:o0,0,TOPK_INSURANCE_1,c4d067a0,756,transpose
24,1,1,1.0,1.0,148,False,c4d067a0:o0,0,TOPK_INSURANCE_1,c4d067a0,756,anti_transpose
24,1,1,1.0,1.0,92,False,c4d067a0:o0,0,TOPK_INSURANCE_1,c4d067a0,756,flip_ud
24,1,1,1.0,1.0,148,False,c4d067a0:o0,0,TOPK_INSURANCE_1,c4d067a0,756,identity
24,1,1,1.0,1.0,229,False,c4d067a0:o0,0,TOPK_INSURANCE_1,c4d067a0,756,transpose
48,1,1,1.0,1.0,148,False,c4d067a0:o0,0,TOPK_INSURANCE_1,c4d067a0,756,anti_transpose
48,1,1,1.0,1.0,92,False,c4d067a0:o0,0,TOPK_INSURANCE_1,c4d067a0,756,flip_ud
48,1,1,1.0,1.0,148,False,c4d067a0:o0,0,TOPK_INSURANCE_1,c4d067a0,756,identity
48,1,1,1.0,1.0,229,False,c4d067a0:o0,0,TOPK_INSURANCE_1,c4d067a0,756,transpose
12,1,1,1.0,1.0,60,False,cb2d8a2c:o0,0,TOPK_INSURANCE_1,cb2d8a2c,390,anti_transpose
12,1,1,1.0,1.0,10,False,cb2d8a2c:o0,0,TOPK_INSURANCE_1,cb2d8a2c,378,flip_ud
12,1,1,1.0,1.0,57,False,cb2d8a2c:o0,0,TOPK_INSURANCE_1,cb2d8a2c,378,identity
12,1,1,1.0,1.0,7,False,cb2d8a2c:o0,0,TOPK_INSURANCE_1,cb2d8a2c,390,transpose
24,1,1,1.0,1.0,60,False,cb2d8a2c:o0,0,TOPK_INSURANCE_1,cb2d8a2c,390,anti_transpose
24,1,1,1.0,1.0,10,False,cb2d8a2c:o0,0,TOPK_INSURANCE_1,cb2d8a2c,378,flip_ud
24,1,1,1.0,1.0,57,False,cb2d8a2c:o0,0,TOPK_INSURANCE_1,cb2d8a2c,378,identity
24,1,1,1.0,1.0,7,False,cb2d8a2c:o0,0,TOPK_INSURANCE_1,cb2d8a2c,390,transpose
48,1,1,1.0,1.0,60,False,cb2d8a2c:o0,0,TOPK_INSURANCE_1,cb2d8a2c,390,anti_transpose
48,1,1,1.0,1.0,10,False,cb2d8a2c:o0,0,TOPK_INSURANCE_1,cb2d8a2c,378,flip_ud
48,1,1,1.0,1.0,57,False,cb2d8a2c:o0,0,TOPK_INSURANCE_1,cb2d8a2c,378,identity
48,1,1,1.0,1.0,7,False,cb2d8a2c:o0,0,TOPK_INSURANCE_1,cb2d8a2c,390,transpose
12,1,1,1.0,1.0,60,False,cb2d8a2c:o1,1,TOPK_INSURANCE_1,cb2d8a2c,480,anti_transpose
12,1,1,1,1.0,13,False,cb2d8a2c:o1,1,TOPK_INSURANCE_1,cb2d8a2c,493,flip_ud
12,2,1.0040567951318458,1,1.0,88,False,cb2d8a2c:o1,1,TOPK_INSURANCE_1,cb2d8a2c,493,identity
12,2,1.0020833333333334,1.0,1.0,66,False,cb2d8a2c:o1,1,TOPK_INSURANCE_1,cb2d8a2c,480,transpose
24,1,1,1.0,1.0,60,False,cb2d8a2c:o1,1,TOPK_INSURANCE_1,cb2d8a2c,480,anti_transpose
24,1,1,1,1.0,13,False,cb2d8a2c:o1,1,TOPK_INSURANCE_1,cb2d8a2c,493,flip_ud
24,2,1.002028397565923,1,1.0,111,False,cb2d8a2c:o1,1,TOPK_INSURANCE_1,cb2d8a2c,493,identity
24,2,1.0020833333333334,1.0,1.0,66,False,cb2d8a2c:o1,1,TOPK_INSURANCE_1,cb2d8a2c,480,transpose
48,1,1,1.0,1.0,60,False,cb2d8a2c:o1,1,TOPK_INSURANCE_1,cb2d8a2c,480,anti_transpose
48,1,1,1,1.0,13,False,cb2d8a2c:o1,1,TOPK_INSURANCE_1,cb2d8a2c,493,flip_ud
48,1,1,1,1.0,19,False,cb2d8a2c:o1,1,TOPK_INSURANCE_1,cb2d8a2c,493,identity
48,1,1,1.0,1.0,61,False,cb2d8a2c:o1,1,TOPK_INSURANCE_1,cb2d8a2c,480,transpose
12,1,1,1.0,1.0,176,False,cbebaa4b:o0,0,TOPK_INSURANCE_1,cbebaa4b,702,anti_transpose
12,1,1,1.0,1.0,32,False,cbebaa4b:o0,0,TOPK_INSURANCE_1,cbebaa4b,702,flip_ud
12,1,1,1.0,1.0,150,False,cbebaa4b:o0,0,TOPK_INSURANCE_1,cbebaa4b,702,identity
12,1,1,1.0,1.0,149,False,cbebaa4b:o0,0,TOPK_INSURANCE_1,cbebaa4b,702,transpose
24,1,1,1.0,1.0,176,False,cbebaa4b:o0,0,TOPK_INSURANCE_1,cbebaa4b,702,anti_transpose
24,1,1,1.0,1.0,32,False,cbebaa4b:o0,0,TOPK_INSURANCE_1,cbebaa4b,702,flip_ud
24,1,1,1.0,1.0,150,False,cbebaa4b:o0,0,TOPK_INSURANCE_1,cbebaa4b,702,identity
24,1,1,1.0,1.0,149,False,cbebaa4b:o0,0,TOPK_INSURANCE_1,cbebaa4b,702,transpose
48,1,1,1.0,1.0,176,False,cbebaa4b:o0,0,TOPK_INSURANCE_1,cbebaa4b,702,anti_transpose
48,1,1,1.0,1.0,32,False,cbebaa4b:o0,0,TOPK_INSURANCE_1,cbebaa4b,702,flip_ud
48,1,1,1.0,1.0,150,False,cbebaa4b:o0,0,TOPK_INSURANCE_1,cbebaa4b,702,identity
48,1,1,1.0,1.0,149,False,cbebaa4b:o0,0,TOPK_INSURANCE_1,cbebaa4b,702,transpose
12,2,1.0036764705882353,1.0,1.0,6,False,d59b0160:o0,0,TOPK_INSURANCE_1,d59b0160,272,anti_transpose
12,2,1.0073529411764706,1.0,1.0,6,False,d59b0160:o0,0,TOPK_INSURANCE_1,d59b0160,272,flip_ud
12,2,1.0036764705882353,1.0,1.0,85,False,d59b0160:o0,0,TOPK_INSURANCE_1,d59b0160,272,identity
12,2,1.0036764705882353,1.0,1.0,57,False,d59b0160:o0,0,TOPK_INSURANCE_1,d59b0160,272,transpose
24,2,1.0036764705882353,1.0,1.0,187,False,d59b0160:o0,0,TOPK_INSURANCE_1,d59b0160,272,anti_transpose
24,2,1.0036764705882353,1.0,1.0,3,False,d59b0160:o0,0,TOPK_INSURANCE_1,d59b0160,272,flip_ud
24,2,1.0036764705882353,1.0,1.0,105,False,d59b0160:o0,0,TOPK_INSURANCE_1,d59b0160,272,identity
24,2,1.0036764705882353,1.0,1.0,102,False,d59b0160:o0,0,TOPK_INSURANCE_1,d59b0160,272,transpose
48,1,1,1.0,1.0,2,False,d59b0160:o0,0,TOPK_INSURANCE_1,d59b0160,272,anti_transpose
48,1,1,1.0,1.0,3,False,d59b0160:o0,0,TOPK_INSURANCE_1,d59b0160,272,flip_ud
48,2,1.0036764705882353,1.0,1.0,85,False,d59b0160:o0,0,TOPK_INSURANCE_1,d59b0160,272,identity
48,1,1,1.0,1.0,5,False,d59b0160:o0,0,TOPK_INSURANCE_1,d59b0160,272,transpose
12,2,1.0075757575757576,1.0,1.0,52,False,dd6b8c4b:o1,1,TOPK_INSURANCE_1,dd6b8c4b,132,anti_transpose
12,2,1.0075757575757576,1.0,1.0,1,False,dd6b8c4b:o1,1,TOPK_INSURANCE_1,dd6b8c4b,132,flip_ud
12,1,1,1.0,1.0,4,False,dd6b8c4b:o1,1,TOPK_INSURANCE_1,dd6b8c4b,132,identity
12,2,1.0075757575757576,1.0,1.0,22,False,dd6b8c4b:o1,1,TOPK_INSURANCE_1,dd6b8c4b,132,transpose
24,2,1.0075757575757576,1.0,1.0,52,False,dd6b8c4b:o1,1,TOPK_INSURANCE_1,dd6b8c4b,132,anti_transpose
24,2,1.0075757575757576,1.0,1.0,1,False,dd6b8c4b:o1,1,TOPK_INSURANCE_1,dd6b8c4b,132,flip_ud
24,2,1.0075757575757576,1.0,1.0,120,False,dd6b8c4b:o1,1,TOPK_INSURANCE_1,dd6b8c4b,132,identity
24,1,1,1.0,1.0,10,False,dd6b8c4b:o1,1,TOPK_INSURANCE_1,dd6b8c4b,132,transpose
48,1,1,1.0,1.0,58,False,dd6b8c4b:o1,1,TOPK_INSURANCE_1,dd6b8c4b,132,anti_transpose
48,1,1,1.0,1.0,0,False,dd6b8c4b:o1,1,TOPK_INSURANCE_1,dd6b8c4b,132,flip_ud
48,2,1.0075757575757576,1.0,1.0,120,False,dd6b8c4b:o1,1,TOPK_INSURANCE_1,dd6b8c4b,132,identity
48,1,1,1.0,1.0,10,False,dd6b8c4b:o1,1,TOPK_INSURANCE_1,dd6b8c4b,132,transpose
12,2,1.0010752688172042,1.0,1.0,19,False,e3721c99:o1,1,TOPK_INSURANCE_1,e3721c99,930,anti_transpose
12,3,1.0021505376344086,1.0,1.0,18,False,e3721c99:o1,1,TOPK_INSURANCE_1,e3721c99,930,flip_ud
12,2,1.0010752688172042,1.0,1.0,40,False,e3721c99:o1,1,TOPK_INSURANCE_1,e3721c99,930,identity
12,3,1.0021505376344086,1.0,1.0,237,False,e3721c99:o1,1,TOPK_INSURANCE_1,e3721c99,930,transpose
24,2,1.0010752688172042,1.0,1.0,19,False,e3721c99:o1,1,TOPK_INSURANCE_1,e3721c99,930,anti_transpose
24,2,1.0010752688172042,1.0,1.0,18,False,e3721c99:o1,1,TOPK_INSURANCE_1,e3721c99,930,flip_ud
24,3,1.0021505376344086,1.0,1.0,82,False,e3721c99:o1,1,TOPK_INSURANCE_1,e3721c99,930,identity
24,2,1.0010752688172042,1.0,1.0,481,False,e3721c99:o1,1,TOPK_INSURANCE_1,e3721c99,930,transpose
48,2,1.0010752688172042,1.0,1.0,19,False,e3721c99:o1,1,TOPK_INSURANCE_1,e3721c99,930,anti_transpose
48,2,1.0010752688172042,1.0,1.0,18,False,e3721c99:o1,1,TOPK_INSURANCE_1,e3721c99,930,flip_ud
48,3,1.0021505376344086,1.0,1.0,82,False,e3721c99:o1,1,TOPK_INSURANCE_1,e3721c99,930,identity
48,1,1,1.0,1.0,237,False,e3721c99:o1,1,TOPK_INSURANCE_1,e3721c99,930,transpose
12,2,1.05,1.0,1.0,1,False,f931b4a8:o1,1,TOPK_INSURANCE_1,f931b4a8,20,anti_transpose
12,2,1.05,1.0,1.0,1,False,f931b4a8:o1,1,TOPK_INSURANCE_1,f931b4a8,20,flip_ud
12,1,1,1.0,1.0,1,False,f931b4a8:o1,1,TOPK_INSURANCE_1,f931b4a8,20,identity
12,1,1,1.0,1.0,1,False,f931b4a8:o1,1,TOPK_INSURANCE_1,f931b4a8,20,transpose
24,1,1,1.0,1.0,0,False,f931b4a8:o1,1,TOPK_INSURANCE_1,f931b4a8,20,anti_transpose
24,2,1.05,1.0,1.0,2,False,f931b4a8:o1,1,TOPK_INSURANCE_1,f931b4a8,20,flip_ud
24,2,1.05,1.0,1.0,1,False,f931b4a8:o1,1,TOPK_INSURANCE_1,f931b4a8,20,identity
24,1,1,1.0,1.0,1,False,f931b4a8:o1,1,TOPK_INSURANCE_1,f931b4a8,20,transpose
48,1,1,1.0,1.0,0,False,f931b4a8:o1,1,TOPK_INSURANCE_1,f931b4a8,20,anti_transpose
48,1,1,1.0,1.0,1,False,f931b4a8:o1,1,TOPK_INSURANCE_1,f931b4a8,20,flip_ud
48,1,1,1.0,1.0,1,False,f931b4a8:o1,1,TOPK_INSURANCE_1,f931b4a8,20,identity
48,1,1,1.0,1.0,1,False,f931b4a8:o1,1,TOPK_INSURANCE_1,f931b4a8,20,transpose
12,2,2,2.0,2.0,,True,0934a4d8:o0,0,TOPK_INSURANCE_2,0934a4d8,30,anti_transpose
12,2,2,2.0,2.0,29,False,0934a4d8:o0,0,TOPK_INSURANCE_2,0934a4d8,36,flip_ud
12,2,2,2.0,2.0,0,False,0934a4d8:o0,0,TOPK_INSURANCE_2,0934a4d8,36,identity
12,2,2,2.0,2.0,0,False,0934a4d8:o0,0,TOPK_INSURANCE_2,0934a4d8,30,transpose
24,2,2,2.0,2.0,,True,0934a4d8:o0,0,TOPK_INSURANCE_2,0934a4d8,30,anti_transpose
24,2,2,2.0,2.0,,True,0934a4d8:o0,0,TOPK_INSURANCE_2,0934a4d8,36,flip_ud
24,2,2,2.0,2.0,0,False,0934a4d8:o0,0,TOPK_INSURANCE_2,0934a4d8,36,identity
24,2,2,2.0,2.0,0,False,0934a4d8:o0,0,TOPK_INSURANCE_2,0934a4d8,30,transpose
48,2,2,2.0,2.0,15,False,0934a4d8:o0,0,TOPK_INSURANCE_2,0934a4d8,30,anti_transpose
48,2,2,2.0,2.0,20,False,0934a4d8:o0,0,TOPK_INSURANCE_2,0934a4d8,36,flip_ud
48,2,2,2.0,2.0,0,False,0934a4d8:o0,0,TOPK_INSURANCE_2,0934a4d8,36,identity
48,2,2,2.0,2.0,0,False,0934a4d8:o0,0,TOPK_INSURANCE_2,0934a4d8,30,transpose
12,2,2,2.0,2.0,0,False,13e47133:o0,0,TOPK_INSURANCE_2,13e47133,930,anti_transpose
12,2,2,2.0,2.0,7,False,13e47133:o0,0,TOPK_INSURANCE_2,13e47133,930,flip_ud
12,2,2,2.0,2.0,365,False,13e47133:o0,0,TOPK_INSURANCE_2,13e47133,930,identity
12,2,2,2.0,2.0,469,False,13e47133:o0,0,TOPK_INSURANCE_2,13e47133,930,transpose
24,2,2,2.0,2.0,0,False,13e47133:o0,0,TOPK_INSURANCE_2,13e47133,930,anti_transpose
24,2,2,2.0,2.0,7,False,13e47133:o0,0,TOPK_INSURANCE_2,13e47133,930,flip_ud
24,2,2,2.0,2.0,139,False,13e47133:o0,0,TOPK_INSURANCE_2,13e47133,930,identity
24,2,2,2.0,2.0,469,False,13e47133:o0,0,TOPK_INSURANCE_2,13e47133,930,transpose
48,2,2,2.0,2.0,20,False,13e47133:o0,0,TOPK_INSURANCE_2,13e47133,930,anti_transpose
48,2,2,2.0,2.0,7,False,13e47133:o0,0,TOPK_INSURANCE_2,13e47133,930,flip_ud
48,2,2,2.0,2.0,365,False,13e47133:o0,0,TOPK_INSURANCE_2,13e47133,930,identity
48,2,2,2.0,2.0,469,False,13e47133:o0,0,TOPK_INSURANCE_2,13e47133,930,transpose
12,2,2,2,2.0,,True,142ca369:o1,1,TOPK_INSURANCE_2,142ca369,399,anti_transpose
12,2,2,2.0,2.0,,True,142ca369:o1,1,TOPK_INSURANCE_2,142ca369,400,flip_ud
12,2,2,2.0,2.0,,True,142ca369:o1,1,TOPK_INSURANCE_2,142ca369,400,identity
12,2,2,2,2.0,,True,142ca369:o1,1,TOPK_INSURANCE_2,142ca369,399,transpose
24,2,2,2,2.0,5,False,142ca369:o1,1,TOPK_INSURANCE_2,142ca369,399,anti_transpose
24,2,2,2.0,2.0,,True,142ca369:o1,1,TOPK_INSURANCE_2,142ca369,400,flip_ud
24,2,2,2.0,2.0,,True,142ca369:o1,1,TOPK_INSURANCE_2,142ca369,400,identity
24,2,2,2,2.0,,True,142ca369:o1,1,TOPK_INSURANCE_2,142ca369,399,transpose
48,2,2,2,2.0,5,False,142ca369:o1,1,TOPK_INSURANCE_2,142ca369,399,anti_transpose
48,2,2,2.0,2.0,,True,142ca369:o1,1,TOPK_INSURANCE_2,142ca369,400,flip_ud
48,2,2,2.0,2.0,,True,142ca369:o1,1,TOPK_INSURANCE_2,142ca369,400,identity
48,2,2,2,2.0,,True,142ca369:o1,1,TOPK_INSURANCE_2,142ca369,399,transpose
12,2,2,2.0,2.0,227,False,16b78196:o0,0,TOPK_INSURANCE_2,16b78196,930,anti_transpose
12,2,2,2.0,2.0,326,False,16b78196:o0,0,TOPK_INSURANCE_2,16b78196,930,flip_ud
12,2,2,2.0,2.0,36,False,16b78196:o0,0,TOPK_INSURANCE_2,16b78196,930,identity
12,2,2,2.0,2.0,125,False,16b78196:o0,0,TOPK_INSURANCE_2,16b78196,930,transpose
24,2,2,2.0,2.0,258,False,16b78196:o0,0,TOPK_INSURANCE_2,16b78196,930,anti_transpose
24,2,2,2.0,2.0,326,False,16b78196:o0,0,TOPK_INSURANCE_2,16b78196,930,flip_ud
24,2,2,2.0,2.0,35,False,16b78196:o0,0,TOPK_INSURANCE_2,16b78196,930,identity
24,2,2,2.0,2.0,125,False,16b78196:o0,0,TOPK_INSURANCE_2,16b78196,930,transpose
48,2,2,2.0,2.0,,True,16b78196:o0,0,TOPK_INSURANCE_2,16b78196,930,anti_transpose
48,2,2,2.0,2.0,332,False,16b78196:o0,0,TOPK_INSURANCE_2,16b78196,930,flip_ud
48,2,2,2.0,2.0,35,False,16b78196:o0,0,TOPK_INSURANCE_2,16b78196,930,identity
48,2,2,2.0,2.0,125,False,16b78196:o0,0,TOPK_INSURANCE_2,16b78196,930,transpose
12,2,2,2.0,2.0,116,False,16de56c4:o1,1,TOPK_INSURANCE_2,16de56c4,210,anti_transpose
12,2,2,2.0,2.0,59,False,16de56c4:o1,1,TOPK_INSURANCE_2,16de56c4,198,flip_ud
12,2,2,2.0,2.0,185,False,16de56c4:o1,1,TOPK_INSURANCE_2,16de56c4,198,identity
12,2,2,2.0,2.0,10,False,16de56c4:o1,1,TOPK_INSURANCE_2,16de56c4,210,transpose
24,2,2,2.0,2.0,132,False,16de56c4:o1,1,TOPK_INSURANCE_2,16de56c4,210,anti_transpose
24,2,2,2.0,2.0,59,False,16de56c4:o1,1,TOPK_INSURANCE_2,16de56c4,198,flip_ud
24,2,2,2.0,2.0,185,False,16de56c4:o1,1,TOPK_INSURANCE_2,16de56c4,198,identity
24,2,2,2.0,2.0,10,False,16de56c4:o1,1,TOPK_INSURANCE_2,16de56c4,210,transpose
48,2,2,2.0,2.0,132,False,16de56c4:o1,1,TOPK_INSURANCE_2,16de56c4,210,anti_transpose
48,2,2,2.0,2.0,4,False,16de56c4:o1,1,TOPK_INSURANCE_2,16de56c4,198,flip_ud
48,2,2,2.0,2.0,185,False,16de56c4:o1,1,TOPK_INSURANCE_2,16de56c4,198,identity
48,2,2,2.0,2.0,,True,16de56c4:o1,1,TOPK_INSURANCE_2,16de56c4,210,transpose
12,2,2,2.0,2.0,,True,20270e3b:o0,0,TOPK_INSURANCE_2,20270e3b,60,anti_transpose
12,2,2,2,2.0,,True,20270e3b:o0,0,TOPK_INSURANCE_2,20270e3b,55,flip_ud
12,2,2,2,2.0,,True,20270e3b:o0,0,TOPK_INSURANCE_2,20270e3b,55,identity
12,2,2,2.0,2.0,,True,20270e3b:o0,0,TOPK_INSURANCE_2,20270e3b,60,transpose
24,2,2,2.0,2.0,,True,20270e3b:o0,0,TOPK_INSURANCE_2,20270e3b,60,anti_transpose
24,2,2,2,2.0,,True,20270e3b:o0,0,TOPK_INSURANCE_2,20270e3b,55,flip_ud
24,2,2,2,2.0,,True,20270e3b:o0,0,TOPK_INSURANCE_2,20270e3b,55,identity
24,2,2,2.0,2.0,,True,20270e3b:o0,0,TOPK_INSURANCE_2,20270e3b,60,transpose
48,2,2,2.0,2.0,,True,20270e3b:o0,0,TOPK_INSURANCE_2,20270e3b,60,anti_transpose
48,2,2,2,2.0,,True,20270e3b:o0,0,TOPK_INSURANCE_2,20270e3b,55,flip_ud
48,2,2,2,2.0,,True,20270e3b:o0,0,TOPK_INSURANCE_2,20270e3b,55,identity
48,2,2,2.0,2.0,,True,20270e3b:o0,0,TOPK_INSURANCE_2,20270e3b,60,transpose
12,2,2,2.0,2.0,,True,247ef758:o1,1,TOPK_INSURANCE_2,247ef758,234,anti_transpose
12,2,2,2.0,2.0,,True,247ef758:o1,1,TOPK_INSURANCE_2,247ef758,228,flip_ud
12,2,2,2.0,2.0,126,False,247ef758:o1,1,TOPK_INSURANCE_2,247ef758,228,identity
12,2,2,2.0,2.0,162,False,247ef758:o1,1,TOPK_INSURANCE_2,247ef758,234,transpose
24,2,2,2.0,2.0,14,False,247ef758:o1,1,TOPK_INSURANCE_2,247ef758,234,anti_transpose
24,2,2,2.0,2.0,,True,247ef758:o1,1,TOPK_INSURANCE_2,247ef758,228,flip_ud
24,2,2,2.0,2.0,126,False,247ef758:o1,1,TOPK_INSURANCE_2,247ef758,228,identity
24,2,2,2.0,2.0,162,False,247ef758:o1,1,TOPK_INSURANCE_2,247ef758,234,transpose
48,2,2,2.0,2.0,14,False,247ef758:o1,1,TOPK_INSURANCE_2,247ef758,234,anti_transpose
48,2,2,2.0,2.0,,True,247ef758:o1,1,TOPK_INSURANCE_2,247ef758,228,flip_ud
48,2,2,2.0,2.0,126,False,247ef758:o1,1,TOPK_INSURANCE_2,247ef758,228,identity
48,2,2,2.0,2.0,162,False,247ef758:o1,1,TOPK_INSURANCE_2,247ef758,234,transpose
12,2,2,2.0,2.0,,True,332f06d7:o0,0,TOPK_INSURANCE_2,332f06d7,420,anti_transpose
12,2,2,2.0,2.0,,True,332f06d7:o0,0,TOPK_INSURANCE_2,332f06d7,420,flip_ud
12,2,2,2.0,2.0,25,False,332f06d7:o0,0,TOPK_INSURANCE_2,332f06d7,420,identity
12,2,2,2.0,2.0,,True,332f06d7:o0,0,TOPK_INSURANCE_2,332f06d7,420,transpose
24,2,2,2.0,2.0,,True,332f06d7:o0,0,TOPK_INSURANCE_2,332f06d7,420,anti_transpose
24,2,2,2.0,2.0,,True,332f06d7:o0,0,TOPK_INSURANCE_2,332f06d7,420,flip_ud
24,2,2,2.0,2.0,25,False,332f06d7:o0,0,TOPK_INSURANCE_2,332f06d7,420,identity
24,2,2,2.0,2.0,,True,332f06d7:o0,0,TOPK_INSURANCE_2,332f06d7,420,transpose
48,2,2,2.0,2.0,,True,332f06d7:o0,0,TOPK_INSURANCE_2,332f06d7,420,anti_transpose
48,2,2,2.0,2.0,,True,332f06d7:o0,0,TOPK_INSURANCE_2,332f06d7,420,flip_ud
48,2,2,2.0,2.0,,True,332f06d7:o0,0,TOPK_INSURANCE_2,332f06d7,420,identity
48,2,2,2.0,2.0,,True,332f06d7:o0,0,TOPK_INSURANCE_2,332f06d7,420,transpose
12,2,2,2.0,2.0,417,False,446ef5d2:o0,0,TOPK_INSURANCE_2,446ef5d2,702,anti_transpose
12,2,2,2.0,2.0,66,False,446ef5d2:o0,0,TOPK_INSURANCE_2,446ef5d2,702,flip_ud
12,2,2,2.0,2.0,66,False,446ef5d2:o0,0,TOPK_INSURANCE_2,446ef5d2,702,identity
12,2,2,2.0,2.0,,True,446ef5d2:o0,0,TOPK_INSURANCE_2,446ef5d2,702,transpose
24,2,2,2.0,2.0,423,False,446ef5d2:o0,0,TOPK_INSURANCE_2,446ef5d2,702,anti_transpose
24,2,2,2.0,2.0,66,False,446ef5d2:o0,0,TOPK_INSURANCE_2,446ef5d2,702,flip_ud
24,2,2,2.0,2.0,66,False,446ef5d2:o0,0,TOPK_INSURANCE_2,446ef5d2,702,identity
24,2,2,2.0,2.0,,True,446ef5d2:o0,0,TOPK_INSURANCE_2,446ef5d2,702,transpose
48,2,2,2.0,2.0,423,False,446ef5d2:o0,0,TOPK_INSURANCE_2,446ef5d2,702,anti_transpose
48,2,2,2.0,2.0,,True,446ef5d2:o0,0,TOPK_INSURANCE_2,446ef5d2,702,flip_ud
48,2,2,2.0,2.0,66,False,446ef5d2:o0,0,TOPK_INSURANCE_2,446ef5d2,702,identity
48,2,2,2.0,2.0,,True,446ef5d2:o0,0,TOPK_INSURANCE_2,446ef5d2,702,transpose
12,2,2,2.0,2.0,,True,446ef5d2:o1,1,TOPK_INSURANCE_2,446ef5d2,420,anti_transpose
12,2,2,2.0,2.0,,True,446ef5d2:o1,1,TOPK_INSURANCE_2,446ef5d2,420,flip_ud
12,2,2,2.0,2.0,,True,446ef5d2:o1,1,TOPK_INSURANCE_2,446ef5d2,420,identity
12,2,2,2.0,2.0,51,False,446ef5d2:o1,1,TOPK_INSURANCE_2,446ef5d2,420,transpose
24,2,2,2.0,2.0,,True,446ef5d2:o1,1,TOPK_INSURANCE_2,446ef5d2,420,anti_transpose
24,2,2,2.0,2.0,,True,446ef5d2:o1,1,TOPK_INSURANCE_2,446ef5d2,420,flip_ud
24,2,2,2.0,2.0,,True,446ef5d2:o1,1,TOPK_INSURANCE_2,446ef5d2,420,identity
24,2,2,2.0,2.0,51,False,446ef5d2:o1,1,TOPK_INSURANCE_2,446ef5d2,420,transpose
48,2,2,2.0,2.0,,True,446ef5d2:o1,1,TOPK_INSURANCE_2,446ef5d2,420,anti_transpose
48,2,2,2.0,2.0,,True,446ef5d2:o1,1,TOPK_INSURANCE_2,446ef5d2,420,flip_ud
48,2,2,2.0,2.0,,True,446ef5d2:o1,1,TOPK_INSURANCE_2,446ef5d2,420,identity
48,2,2,2.0,2.0,,True,446ef5d2:o1,1,TOPK_INSURANCE_2,446ef5d2,420,transpose
12,2,2,2,2.0,38,False,5dbc8537:o0,0,TOPK_INSURANCE_2,5dbc8537,275,anti_transpose
12,2,2,2.0,2.0,26,False,5dbc8537:o0,0,TOPK_INSURANCE_2,5dbc8537,260,flip_ud
12,2,2,2.0,2.0,39,False,5dbc8537:o0,0,TOPK_INSURANCE_2,5dbc8537,260,identity
12,2,2,2,2.0,,True,5dbc8537:o0,0,TOPK_INSURANCE_2,5dbc8537,275,transpose
24,2,2,2,2.0,1,False,5dbc8537:o0,0,TOPK_INSURANCE_2,5dbc8537,275,anti_transpose
24,2,2,2.0,2.0,26,False,5dbc8537:o0,0,TOPK_INSURANCE_2,5dbc8537,260,flip_ud
24,2,2,2.0,2.0,29,False,5dbc8537:o0,0,TOPK_INSURANCE_2,5dbc8537,260,identity
24,2,2,2,2.0,222,False,5dbc8537:o0,0,TOPK_INSURANCE_2,5dbc8537,275,transpose
48,2,2,2,2.0,1,False,5dbc8537:o0,0,TOPK_INSURANCE_2,5dbc8537,275,anti_transpose
48,2,2,2.0,2.0,26,False,5dbc8537:o0,0,TOPK_INSURANCE_2,5dbc8537,260,flip_ud
48,2,2,2.0,2.0,33,False,5dbc8537:o0,0,TOPK_INSURANCE_2,5dbc8537,260,identity
48,2,2,2,2.0,2,False,5dbc8537:o0,0,TOPK_INSURANCE_2,5dbc8537,275,transpose
12,2,2,2.0,2.0,28,False,5dbc8537:o1,1,TOPK_INSURANCE_2,5dbc8537,168,anti_transpose
12,2,2,2.0,2.0,37,False,5dbc8537:o1,1,TOPK_INSURANCE_2,5dbc8537,180,flip_ud
12,2,2,2.0,2.0,92,False,5dbc8537:o1,1,TOPK_INSURANCE_2,5dbc8537,180,identity
12,2,2,2.0,2.0,52,False,5dbc8537:o1,1,TOPK_INSURANCE_2,5dbc8537,168,transpose
24,2,2,2.0,2.0,28,False,5dbc8537:o1,1,TOPK_INSURANCE_2,5dbc8537,168,anti_transpose
24,2,2,2.0,2.0,66,False,5dbc8537:o1,1,TOPK_INSURANCE_2,5dbc8537,180,flip_ud
24,2,2,2.0,2.0,102,False,5dbc8537:o1,1,TOPK_INSURANCE_2,5dbc8537,180,identity
24,2,2,2.0,2.0,60,False,5dbc8537:o1,1,TOPK_INSURANCE_2,5dbc8537,168,transpose
48,2,2,2.0,2.0,28,False,5dbc8537:o1,1,TOPK_INSURANCE_2,5dbc8537,168,anti_transpose
48,2,2,2.0,2.0,2,False,5dbc8537:o1,1,TOPK_INSURANCE_2,5dbc8537,180,flip_ud
48,2,2,2.0,2.0,92,False,5dbc8537:o1,1,TOPK_INSURANCE_2,5dbc8537,180,identity
48,2,2,2.0,2.0,29,False,5dbc8537:o1,1,TOPK_INSURANCE_2,5dbc8537,168,transpose
12,2,2,2.0,2.0,13,False,64efde09:o0,0,TOPK_INSURANCE_2,64efde09,870,anti_transpose
12,2,2,2.0,2.0,19,False,64efde09:o0,0,TOPK_INSURANCE_2,64efde09,870,flip_ud
12,2,2,2.0,2.0,,True,64efde09:o0,0,TOPK_INSURANCE_2,64efde09,870,identity
12,2,2,2.0,2.0,,True,64efde09:o0,0,TOPK_INSURANCE_2,64efde09,870,transpose
24,2,2,2.0,2.0,13,False,64efde09:o0,0,TOPK_INSURANCE_2,64efde09,870,anti_transpose
24,2,2,2.0,2.0,19,False,64efde09:o0,0,TOPK_INSURANCE_2,64efde09,870,flip_ud
24,2,2,2.0,2.0,139,False,64efde09:o0,0,TOPK_INSURANCE_2,64efde09,870,identity
24,2,2,2.0,2.0,,True,64efde09:o0,0,TOPK_INSURANCE_2,64efde09,870,transpose
48,2,2,2.0,2.0,13,False,64efde09:o0,0,TOPK_INSURANCE_2,64efde09,870,anti_transpose
48,2,2,2.0,2.0,19,False,64efde09:o0,0,TOPK_INSURANCE_2,64efde09,870,flip_ud
48,2,2,2.0,2.0,139,False,64efde09:o0,0,TOPK_INSURANCE_2,64efde09,870,identity
48,2,2,2.0,2.0,,True,64efde09:o0,0,TOPK_INSURANCE_2,64efde09,870,transpose
12,2,2,2.0,2.0,,True,6ffbe589:o0,0,TOPK_INSURANCE_2,6ffbe589,182,anti_transpose
12,2,2,2.0,2.0,,True,6ffbe589:o0,0,TOPK_INSURANCE_2,6ffbe589,182,flip_ud
12,2,2,2.0,2.0,,True,6ffbe589:o0,0,TOPK_INSURANCE_2,6ffbe589,182,identity
12,2,2,2.0,2.0,,True,6ffbe589:o0,0,TOPK_INSURANCE_2,6ffbe589,182,transpose
24,2,2,2.0,2.0,,True,6ffbe589:o0,0,TOPK_INSURANCE_2,6ffbe589,182,anti_transpose
24,2,2,2.0,2.0,,True,6ffbe589:o0,0,TOPK_INSURANCE_2,6ffbe589,182,flip_ud
24,2,2,2.0,2.0,,True,6ffbe589:o0,0,TOPK_INSURANCE_2,6ffbe589,182,identity
24,2,2,2.0,2.0,,True,6ffbe589:o0,0,TOPK_INSURANCE_2,6ffbe589,182,transpose
48,2,2,2.0,2.0,,True,6ffbe589:o0,0,TOPK_INSURANCE_2,6ffbe589,182,anti_transpose
48,2,2,2.0,2.0,,True,6ffbe589:o0,0,TOPK_INSURANCE_2,6ffbe589,182,flip_ud
48,2,2,2.0,2.0,46,False,6ffbe589:o0,0,TOPK_INSURANCE_2,6ffbe589,182,identity
48,2,2,2.0,2.0,,True,6ffbe589:o0,0,TOPK_INSURANCE_2,6ffbe589,182,transpose
12,2,2,2.0,2.0,,True,7491f3cf:o0,0,TOPK_INSURANCE_2,7491f3cf,200,anti_transpose
12,2,2,2.0,2.0,123,False,7491f3cf:o0,0,TOPK_INSURANCE_2,7491f3cf,182,flip_ud
12,2,2,2.0,2.0,123,False,7491f3cf:o0,0,TOPK_INSURANCE_2,7491f3cf,182,identity
12,2,2,2.0,2.0,,True,7491f3cf:o0,0,TOPK_INSURANCE_2,7491f3cf,200,transpose
24,2,2,2.0,2.0,,True,7491f3cf:o0,0,TOPK_INSURANCE_2,7491f3cf,200,anti_transpose
24,2,2,2.0,2.0,,True,7491f3cf:o0,0,TOPK_INSURANCE_2,7491f3cf,182,flip_ud
24,2,2,2.0,2.0,126,False,7491f3cf:o0,0,TOPK_INSURANCE_2,7491f3cf,182,identity
24,2,2,2.0,2.0,,True,7491f3cf:o0,0,TOPK_INSURANCE_2,7491f3cf,200,transpose
48,2,2,2.0,2.0,,True,7491f3cf:o0,0,TOPK_INSURANCE_2,7491f3cf,200,anti_transpose
48,2,2,2.0,2.0,123,False,7491f3cf:o0,0,TOPK_INSURANCE_2,7491f3cf,182,flip_ud
48,2,2,2.0,2.0,,True,7491f3cf:o0,0,TOPK_INSURANCE_2,7491f3cf,182,identity
48,2,2,2.0,2.0,,True,7491f3cf:o0,0,TOPK_INSURANCE_2,7491f3cf,200,transpose
12,2,2,2.0,2.0,111,False,898e7135:o0,0,TOPK_INSURANCE_2,898e7135,930,anti_transpose
12,2,2,2.0,2.0,108,False,898e7135:o0,0,TOPK_INSURANCE_2,898e7135,930,flip_ud
12,2,2,2.0,2.0,96,False,898e7135:o0,0,TOPK_INSURANCE_2,898e7135,930,identity
12,2,2,2.0,2.0,64,False,898e7135:o0,0,TOPK_INSURANCE_2,898e7135,930,transpose
24,2,2,2.0,2.0,96,False,898e7135:o0,0,TOPK_INSURANCE_2,898e7135,930,anti_transpose
24,2,2,2.0,2.0,66,False,898e7135:o0,0,TOPK_INSURANCE_2,898e7135,930,flip_ud
24,2,2,2.0,2.0,96,False,898e7135:o0,0,TOPK_INSURANCE_2,898e7135,930,identity
24,2,2,2.0,2.0,64,False,898e7135:o0,0,TOPK_INSURANCE_2,898e7135,930,transpose
48,2,2,2.0,2.0,64,False,898e7135:o0,0,TOPK_INSURANCE_2,898e7135,930,anti_transpose
48,2,2,2.0,2.0,66,False,898e7135:o0,0,TOPK_INSURANCE_2,898e7135,930,flip_ud
48,2,2,2.0,2.0,64,False,898e7135:o0,0,TOPK_INSURANCE_2,898e7135,930,identity
48,2,2,2.0,2.0,64,False,898e7135:o0,0,TOPK_INSURANCE_2,898e7135,930,transpose
12,2,2,2.0,2.0,29,False,9385bd28:o0,0,TOPK_INSURANCE_2,9385bd28,260,anti_transpose
12,3,2.0037593984962405,2.0,2.0,21,False,9385bd28:o0,0,TOPK_INSURANCE_2,9385bd28,266,flip_ud
12,2,2,2.0,2.0,22,False,9385bd28:o0,0,TOPK_INSURANCE_2,9385bd28,266,identity
12,2,2,2.0,2.0,89,False,9385bd28:o0,0,TOPK_INSURANCE_2,9385bd28,260,transpose
24,2,2,2.0,2.0,35,False,9385bd28:o0,0,TOPK_INSURANCE_2,9385bd28,260,anti_transpose
24,2,2,2.0,2.0,21,False,9385bd28:o0,0,TOPK_INSURANCE_2,9385bd28,266,flip_ud
24,2,2,2.0,2.0,22,False,9385bd28:o0,0,TOPK_INSURANCE_2,9385bd28,266,identity
24,2,2,2.0,2.0,44,False,9385bd28:o0,0,TOPK_INSURANCE_2,9385bd28,260,transpose
48,2,2,2.0,2.0,35,False,9385bd28:o0,0,TOPK_INSURANCE_2,9385bd28,260,anti_transpose
48,2,2,2.0,2.0,21,False,9385bd28:o0,0,TOPK_INSURANCE_2,9385bd28,266,flip_ud
48,2,2,2.0,2.0,19,False,9385bd28:o0,0,TOPK_INSURANCE_2,9385bd28,266,identity
48,2,2,2.0,2.0,44,False,9385bd28:o0,0,TOPK_INSURANCE_2,9385bd28,260,transpose
12,2,2,2.0,2.0,,True,97d7923e:o0,0,TOPK_INSURANCE_2,97d7923e,220,anti_transpose
12,2,2,2.0,2.0,,True,97d7923e:o0,0,TOPK_INSURANCE_2,97d7923e,210,flip_ud
12,2,2,2.0,2.0,,True,97d7923e:o0,0,TOPK_INSURANCE_2,97d7923e,210,identity
12,2,2,2.0,2.0,,True,97d7923e:o0,0,TOPK_INSURANCE_2,97d7923e,220,transpose
24,2,2,2.0,2.0,144,False,97d7923e:o0,0,TOPK_INSURANCE_2,97d7923e,220,anti_transpose
24,2,2,2.0,2.0,,True,97d7923e:o0,0,TOPK_INSURANCE_2,97d7923e,210,flip_ud
24,2,2,2.0,2.0,,True,97d7923e:o0,0,TOPK_INSURANCE_2,97d7923e,210,identity
24,2,2,2.0,2.0,39,False,97d7923e:o0,0,TOPK_INSURANCE_2,97d7923e,220,transpose
48,2,2,2.0,2.0,,True,97d7923e:o0,0,TOPK_INSURANCE_2,97d7923e,220,anti_transpose
48,2,2,2.0,2.0,,True,97d7923e:o0,0,TOPK_INSURANCE_2,97d7923e,210,flip_ud
48,2,2,2.0,2.0,,True,97d7923e:o0,0,TOPK_INSURANCE_2,97d7923e,210,identity
48,2,2,2.0,2.0,,True,97d7923e:o0,0,TOPK_INSURANCE_2,97d7923e,220,transpose
12,2,2,2.0,2.0,0,False,a32d8b75:o0,0,TOPK_INSURANCE_2,a32d8b75,620,anti_transpose
12,2,2,2.0,2.0,20,False,a32d8b75:o0,0,TOPK_INSURANCE_2,a32d8b75,630,flip_ud
12,2,2,2.0,2.0,0,False,a32d8b75:o0,0,TOPK_INSURANCE_2,a32d8b75,630,identity
12,2,2,2.0,2.0,0,False,a32d8b75:o0,0,TOPK_INSURANCE_2,a32d8b75,620,transpose
24,2,2,2.0,2.0,0,False,a32d8b75:o0,0,TOPK_INSURANCE_2,a32d8b75,620,anti_transpose
24,2,2,2.0,2.0,20,False,a32d8b75:o0,0,TOPK_INSURANCE_2,a32d8b75,630,flip_ud
24,2,2,2.0,2.0,0,False,a32d8b75:o0,0,TOPK_INSURANCE_2,a32d8b75,630,identity
24,2,2,2.0,2.0,0,False,a32d8b75:o0,0,TOPK_INSURANCE_2,a32d8b75,620,transpose
48,2,2,2.0,2.0,0,False,a32d8b75:o0,0,TOPK_INSURANCE_2,a32d8b75,620,anti_transpose
48,2,2,2.0,2.0,380,False,a32d8b75:o0,0,TOPK_INSURANCE_2,a32d8b75,630,flip_ud
48,2,2,2.0,2.0,6,False,a32d8b75:o0,0,TOPK_INSURANCE_2,a32d8b75,630,identity
48,2,2,2.0,2.0,388,False,a32d8b75:o0,0,TOPK_INSURANCE_2,a32d8b75,620,transpose
12,2,2,2.0,2.0,227,False,a32d8b75:o1,1,TOPK_INSURANCE_2,a32d8b75,682,anti_transpose
12,2,2,2.0,2.0,,True,a32d8b75:o1,1,TOPK_INSURANCE_2,a32d8b75,690,flip_ud
12,2,2,2.0,2.0,470,False,a32d8b75:o1,1,TOPK_INSURANCE_2,a32d8b75,690,identity
12,2,2,2.0,2.0,,True,a32d8b75:o1,1,TOPK_INSURANCE_2,a32d8b75,682,transpose
24,2,2,2.0,2.0,,True,a32d8b75:o1,1,TOPK_INSURANCE_2,a32d8b75,682,anti_transpose
24,2,2,2.0,2.0,,True,a32d8b75:o1,1,TOPK_INSURANCE_2,a32d8b75,690,flip_ud
24,2,2,2.0,2.0,,True,a32d8b75:o1,1,TOPK_INSURANCE_2,a32d8b75,690,identity
24,2,2,2.0,2.0,165,False,a32d8b75:o1,1,TOPK_INSURANCE_2,a32d8b75,682,transpose
48,2,2,2.0,2.0,,True,a32d8b75:o1,1,TOPK_INSURANCE_2,a32d8b75,682,anti_transpose
48,2,2,2.0,2.0,,True,a32d8b75:o1,1,TOPK_INSURANCE_2,a32d8b75,690,flip_ud
48,2,2,2.0,2.0,,True,a32d8b75:o1,1,TOPK_INSURANCE_2,a32d8b75,690,identity
48,2,2,2.0,2.0,,True,a32d8b75:o1,1,TOPK_INSURANCE_2,a32d8b75,682,transpose
12,2,2,2.0,2.0,,True,c4d067a0:o0,0,TOPK_INSURANCE_2,c4d067a0,756,anti_transpose
12,2,2,2.0,2.0,,True,c4d067a0:o0,0,TOPK_INSURANCE_2,c4d067a0,756,flip_ud
12,2,2,2.0,2.0,,True,c4d067a0:o0,0,TOPK_INSURANCE_2,c4d067a0,756,identity
12,2,2,2.0,2.0,,True,c4d067a0:o0,0,TOPK_INSURANCE_2,c4d067a0,756,transpose
24,2,2,2.0,2.0,,True,c4d067a0:o0,0,TOPK_INSURANCE_2,c4d067a0,756,anti_transpose
24,2,2,2.0,2.0,,True,c4d067a0:o0,0,TOPK_INSURANCE_2,c4d067a0,756,flip_ud
24,2,2,2.0,2.0,,True,c4d067a0:o0,0,TOPK_INSURANCE_2,c4d067a0,756,identity
24,2,2,2.0,2.0,,True,c4d067a0:o0,0,TOPK_INSURANCE_2,c4d067a0,756,transpose
48,2,2,2.0,2.0,,True,c4d067a0:o0,0,TOPK_INSURANCE_2,c4d067a0,756,anti_transpose
48,2,2,2.0,2.0,,True,c4d067a0:o0,0,TOPK_INSURANCE_2,c4d067a0,756,flip_ud
48,2,2,2.0,2.0,,True,c4d067a0:o0,0,TOPK_INSURANCE_2,c4d067a0,756,identity
48,2,2,2.0,2.0,,True,c4d067a0:o0,0,TOPK_INSURANCE_2,c4d067a0,756,transpose
12,2,2,2.0,2.0,,True,cb2d8a2c:o0,0,TOPK_INSURANCE_2,cb2d8a2c,390,anti_transpose
12,2,2,2.0,2.0,,True,cb2d8a2c:o0,0,TOPK_INSURANCE_2,cb2d8a2c,378,flip_ud
12,2,2,2.0,2.0,,True,cb2d8a2c:o0,0,TOPK_INSURANCE_2,cb2d8a2c,378,identity
12,2,2,2.0,2.0,,True,cb2d8a2c:o0,0,TOPK_INSURANCE_2,cb2d8a2c,390,transpose
24,2,2,2.0,2.0,,True,cb2d8a2c:o0,0,TOPK_INSURANCE_2,cb2d8a2c,390,anti_transpose
24,2,2,2.0,2.0,,True,cb2d8a2c:o0,0,TOPK_INSURANCE_2,cb2d8a2c,378,flip_ud
24,2,2,2.0,2.0,,True,cb2d8a2c:o0,0,TOPK_INSURANCE_2,cb2d8a2c,378,identity
24,2,2,2.0,2.0,,True,cb2d8a2c:o0,0,TOPK_INSURANCE_2,cb2d8a2c,390,transpose
48,2,2,2.0,2.0,,True,cb2d8a2c:o0,0,TOPK_INSURANCE_2,cb2d8a2c,390,anti_transpose
48,2,2,2.0,2.0,,True,cb2d8a2c:o0,0,TOPK_INSURANCE_2,cb2d8a2c,378,flip_ud
48,2,2,2.0,2.0,,True,cb2d8a2c:o0,0,TOPK_INSURANCE_2,cb2d8a2c,378,identity
48,2,2,2.0,2.0,,True,cb2d8a2c:o0,0,TOPK_INSURANCE_2,cb2d8a2c,390,transpose
12,2,2,2.0,2.0,,True,cb2d8a2c:o1,1,TOPK_INSURANCE_2,cb2d8a2c,480,anti_transpose
12,2,2,2,2.0,,True,cb2d8a2c:o1,1,TOPK_INSURANCE_2,cb2d8a2c,493,flip_ud
12,2,2,2,2.0,,True,cb2d8a2c:o1,1,TOPK_INSURANCE_2,cb2d8a2c,493,identity
12,2,2,2.0,2.0,,True,cb2d8a2c:o1,1,TOPK_INSURANCE_2,cb2d8a2c,480,transpose
24,2,2,2.0,2.0,,True,cb2d8a2c:o1,1,TOPK_INSURANCE_2,cb2d8a2c,480,anti_transpose
24,2,2,2,2.0,,True,cb2d8a2c:o1,1,TOPK_INSURANCE_2,cb2d8a2c,493,flip_ud
24,2,2,2,2.0,,True,cb2d8a2c:o1,1,TOPK_INSURANCE_2,cb2d8a2c,493,identity
24,2,2,2.0,2.0,,True,cb2d8a2c:o1,1,TOPK_INSURANCE_2,cb2d8a2c,480,transpose
48,2,2,2.0,2.0,,True,cb2d8a2c:o1,1,TOPK_INSURANCE_2,cb2d8a2c,480,anti_transpose
48,2,2,2,2.0,,True,cb2d8a2c:o1,1,TOPK_INSURANCE_2,cb2d8a2c,493,flip_ud
48,2,2,2,2.0,,True,cb2d8a2c:o1,1,TOPK_INSURANCE_2,cb2d8a2c,493,identity
48,2,2,2.0,2.0,,True,cb2d8a2c:o1,1,TOPK_INSURANCE_2,cb2d8a2c,480,transpose
12,2,2,2.0,2.0,179,False,cbebaa4b:o0,0,TOPK_INSURANCE_2,cbebaa4b,702,anti_transpose
12,2,2,2.0,2.0,32,False,cbebaa4b:o0,0,TOPK_INSURANCE_2,cbebaa4b,702,flip_ud
12,2,2,2.0,2.0,225,False,cbebaa4b:o0,0,TOPK_INSURANCE_2,cbebaa4b,702,identity
12,2,2,2.0,2.0,149,False,cbebaa4b:o0,0,TOPK_INSURANCE_2,cbebaa4b,702,transpose
24,2,2,2.0,2.0,179,False,cbebaa4b:o0,0,TOPK_INSURANCE_2,cbebaa4b,702,anti_transpose
24,2,2,2.0,2.0,,True,cbebaa4b:o0,0,TOPK_INSURANCE_2,cbebaa4b,702,flip_ud
24,2,2,2.0,2.0,225,False,cbebaa4b:o0,0,TOPK_INSURANCE_2,cbebaa4b,702,identity
24,2,2,2.0,2.0,149,False,cbebaa4b:o0,0,TOPK_INSURANCE_2,cbebaa4b,702,transpose
48,2,2,2.0,2.0,284,False,cbebaa4b:o0,0,TOPK_INSURANCE_2,cbebaa4b,702,anti_transpose
48,2,2,2.0,2.0,32,False,cbebaa4b:o0,0,TOPK_INSURANCE_2,cbebaa4b,702,flip_ud
48,2,2,2.0,2.0,,True,cbebaa4b:o0,0,TOPK_INSURANCE_2,cbebaa4b,702,identity
48,2,2,2.0,2.0,157,False,cbebaa4b:o0,0,TOPK_INSURANCE_2,cbebaa4b,702,transpose
12,2,2,2.0,2.0,,True,d59b0160:o0,0,TOPK_INSURANCE_2,d59b0160,272,anti_transpose
12,2,2,2.0,2.0,,True,d59b0160:o0,0,TOPK_INSURANCE_2,d59b0160,272,flip_ud
12,2,2,2.0,2.0,,True,d59b0160:o0,0,TOPK_INSURANCE_2,d59b0160,272,identity
12,2,2,2.0,2.0,,True,d59b0160:o0,0,TOPK_INSURANCE_2,d59b0160,272,transpose
24,2,2,2.0,2.0,,True,d59b0160:o0,0,TOPK_INSURANCE_2,d59b0160,272,anti_transpose
24,2,2,2.0,2.0,,True,d59b0160:o0,0,TOPK_INSURANCE_2,d59b0160,272,flip_ud
24,2,2,2.0,2.0,,True,d59b0160:o0,0,TOPK_INSURANCE_2,d59b0160,272,identity
24,2,2,2.0,2.0,,True,d59b0160:o0,0,TOPK_INSURANCE_2,d59b0160,272,transpose
48,2,2,2.0,2.0,,True,d59b0160:o0,0,TOPK_INSURANCE_2,d59b0160,272,anti_transpose
48,2,2,2.0,2.0,,True,d59b0160:o0,0,TOPK_INSURANCE_2,d59b0160,272,flip_ud
48,2,2,2.0,2.0,,True,d59b0160:o0,0,TOPK_INSURANCE_2,d59b0160,272,identity
48,2,2,2.0,2.0,,True,d59b0160:o0,0,TOPK_INSURANCE_2,d59b0160,272,transpose
12,2,2,2.0,2.0,,True,dd6b8c4b:o1,1,TOPK_INSURANCE_2,dd6b8c4b,132,anti_transpose
12,2,2,2.0,2.0,,True,dd6b8c4b:o1,1,TOPK_INSURANCE_2,dd6b8c4b,132,flip_ud
12,2,2,2.0,2.0,,True,dd6b8c4b:o1,1,TOPK_INSURANCE_2,dd6b8c4b,132,identity
12,2,2,2.0,2.0,,True,dd6b8c4b:o1,1,TOPK_INSURANCE_2,dd6b8c4b,132,transpose
24,2,2,2.0,2.0,,True,dd6b8c4b:o1,1,TOPK_INSURANCE_2,dd6b8c4b,132,anti_transpose
24,2,2,2.0,2.0,,True,dd6b8c4b:o1,1,TOPK_INSURANCE_2,dd6b8c4b,132,flip_ud
24,2,2,2.0,2.0,,True,dd6b8c4b:o1,1,TOPK_INSURANCE_2,dd6b8c4b,132,identity
24,2,2,2.0,2.0,,True,dd6b8c4b:o1,1,TOPK_INSURANCE_2,dd6b8c4b,132,transpose
48,2,2,2.0,2.0,,True,dd6b8c4b:o1,1,TOPK_INSURANCE_2,dd6b8c4b,132,anti_transpose
48,2,2,2.0,2.0,,True,dd6b8c4b:o1,1,TOPK_INSURANCE_2,dd6b8c4b,132,flip_ud
48,2,2,2.0,2.0,,True,dd6b8c4b:o1,1,TOPK_INSURANCE_2,dd6b8c4b,132,identity
48,2,2,2.0,2.0,,True,dd6b8c4b:o1,1,TOPK_INSURANCE_2,dd6b8c4b,132,transpose
12,2,2,2.0,2.0,19,False,e3721c99:o1,1,TOPK_INSURANCE_2,e3721c99,930,anti_transpose
12,3,2.001075268817204,2.0,2.0,18,False,e3721c99:o1,1,TOPK_INSURANCE_2,e3721c99,930,flip_ud
12,2,2,2.0,2.0,40,False,e3721c99:o1,1,TOPK_INSURANCE_2,e3721c99,930,identity
12,3,2.001075268817204,2.0,2.0,237,False,e3721c99:o1,1,TOPK_INSURANCE_2,e3721c99,930,transpose
24,2,2,2.0,2.0,19,False,e3721c99:o1,1,TOPK_INSURANCE_2,e3721c99,930,anti_transpose
24,2,2,2.0,2.0,18,False,e3721c99:o1,1,TOPK_INSURANCE_2,e3721c99,930,flip_ud
24,3,2.001075268817204,2.0,2.0,82,False,e3721c99:o1,1,TOPK_INSURANCE_2,e3721c99,930,identity
24,2,2,2.0,2.0,561,False,e3721c99:o1,1,TOPK_INSURANCE_2,e3721c99,930,transpose
48,2,2,2.0,2.0,19,False,e3721c99:o1,1,TOPK_INSURANCE_2,e3721c99,930,anti_transpose
48,2,2,2.0,2.0,18,False,e3721c99:o1,1,TOPK_INSURANCE_2,e3721c99,930,flip_ud
48,3,2.001075268817204,2.0,2.0,82,False,e3721c99:o1,1,TOPK_INSURANCE_2,e3721c99,930,identity
48,2,2,2.0,2.0,481,False,e3721c99:o1,1,TOPK_INSURANCE_2,e3721c99,930,transpose
12,2,2,2.0,2.0,1,False,f931b4a8:o1,1,TOPK_INSURANCE_2,f931b4a8,20,anti_transpose
12,2,2,2.0,2.0,,True,f931b4a8:o1,1,TOPK_INSURANCE_2,f931b4a8,20,flip_ud
12,2,2,2.0,2.0,1,False,f931b4a8:o1,1,TOPK_INSURANCE_2,f931b4a8,20,identity
12,2,2,2.0,2.0,,True,f931b4a8:o1,1,TOPK_INSURANCE_2,f931b4a8,20,transpose
24,2,2,2.0,2.0,0,False,f931b4a8:o1,1,TOPK_INSURANCE_2,f931b4a8,20,anti_transpose
24,2,2,2.0,2.0,2,False,f931b4a8:o1,1,TOPK_INSURANCE_2,f931b4a8,20,flip_ud
24,2,2,2.0,2.0,1,False,f931b4a8:o1,1,TOPK_INSURANCE_2,f931b4a8,20,identity
24,2,2,2.0,2.0,1,False,f931b4a8:o1,1,TOPK_INSURANCE_2,f931b4a8,20,transpose
48,2,2,2.0,2.0,1,False,f931b4a8:o1,1,TOPK_INSURANCE_2,f931b4a8,20,anti_transpose
48,2,2,2.0,2.0,2,False,f931b4a8:o1,1,TOPK_INSURANCE_2,f931b4a8,20,flip_ud
48,2,2,2.0,2.0,1,False,f931b4a8:o1,1,TOPK_INSURANCE_2,f931b4a8,20,identity
48,2,2,2.0,2.0,1,False,f931b4a8:o1,1,TOPK_INSURANCE_2,f931b4a8,20,transpose
12,1,1,1.0,1.0,15,False,0934a4d8:o0,0,RELREGRET_0.5,0934a4d8,30,anti_transpose
12,1,1,1.0,1.0,0,False,0934a4d8:o0,0,RELREGRET_0.5,0934a4d8,36,flip_ud
12,1,1,1.0,1.0,0,False,0934a4d8:o0,0,RELREGRET_0.5,0934a4d8,36,identity
12,2,1.0333333333333334,1.0,1.0,0,False,0934a4d8:o0,0,RELREGRET_0.5,0934a4d8,30,transpose
24,2,1.0333333333333334,1.0,1.0,16,False,0934a4d8:o0,0,RELREGRET_0.5,0934a4d8,30,anti_transpose
24,1,1,1.0,1.0,0,False,0934a4d8:o0,0,RELREGRET_0.5,0934a4d8,36,flip_ud
24,1,1,1.0,1.0,0,False,0934a4d8:o0,0,RELREGRET_0.5,0934a4d8,36,identity
24,1,1,1.0,1.0,0,False,0934a4d8:o0,0,RELREGRET_0.5,0934a4d8,30,transpose
48,1,1,1.0,1.0,15,False,0934a4d8:o0,0,RELREGRET_0.5,0934a4d8,30,anti_transpose
48,2,1.0277777777777777,1.0,1.0,20,False,0934a4d8:o0,0,RELREGRET_0.5,0934a4d8,36,flip_ud
48,1,1,1.0,1.0,0,False,0934a4d8:o0,0,RELREGRET_0.5,0934a4d8,36,identity
48,1,1,1.0,1.0,0,False,0934a4d8:o0,0,RELREGRET_0.5,0934a4d8,30,transpose
12,4,1.0032258064516129,1.0,1.0,105,False,13e47133:o0,0,RELREGRET_0.5,13e47133,930,anti_transpose
12,1,1,1.0,1.0,7,False,13e47133:o0,0,RELREGRET_0.5,13e47133,930,flip_ud
12,1,1,1.0,1.0,139,False,13e47133:o0,0,RELREGRET_0.5,13e47133,930,identity
12,1,1,1.0,1.0,115,False,13e47133:o0,0,RELREGRET_0.5,13e47133,930,transpose
24,1,1,1.0,1.0,0,False,13e47133:o0,0,RELREGRET_0.5,13e47133,930,anti_transpose
24,1,1,1.0,1.0,7,False,13e47133:o0,0,RELREGRET_0.5,13e47133,930,flip_ud
24,1,1,1.0,1.0,139,False,13e47133:o0,0,RELREGRET_0.5,13e47133,930,identity
24,1,1,1.0,1.0,115,False,13e47133:o0,0,RELREGRET_0.5,13e47133,930,transpose
48,1,1,1.0,1.0,0,False,13e47133:o0,0,RELREGRET_0.5,13e47133,930,anti_transpose
48,1,1,1.0,1.0,7,False,13e47133:o0,0,RELREGRET_0.5,13e47133,930,flip_ud
48,1,1,1.0,1.0,139,False,13e47133:o0,0,RELREGRET_0.5,13e47133,930,identity
48,1,1,1.0,1.0,115,False,13e47133:o0,0,RELREGRET_0.5,13e47133,930,transpose
12,1,1,1,1.0,5,False,142ca369:o1,1,RELREGRET_0.5,142ca369,399,anti_transpose
12,1,1,1.0,1.0,100,False,142ca369:o1,1,RELREGRET_0.5,142ca369,400,flip_ud
12,1,1,1.0,1.0,100,False,142ca369:o1,1,RELREGRET_0.5,142ca369,400,identity
12,1,1,1,1.0,5,False,142ca369:o1,1,RELREGRET_0.5,142ca369,399,transpose
24,1,1,1,1.0,5,False,142ca369:o1,1,RELREGRET_0.5,142ca369,399,anti_transpose
24,1,1,1.0,1.0,100,False,142ca369:o1,1,RELREGRET_0.5,142ca369,400,flip_ud
24,1,1,1.0,1.0,100,False,142ca369:o1,1,RELREGRET_0.5,142ca369,400,identity
24,1,1,1,1.0,5,False,142ca369:o1,1,RELREGRET_0.5,142ca369,399,transpose
48,1,1,1,1.0,5,False,142ca369:o1,1,RELREGRET_0.5,142ca369,399,anti_transpose
48,1,1,1.0,1.0,100,False,142ca369:o1,1,RELREGRET_0.5,142ca369,400,flip_ud
48,1,1,1.0,1.0,100,False,142ca369:o1,1,RELREGRET_0.5,142ca369,400,identity
48,1,1,1,1.0,5,False,142ca369:o1,1,RELREGRET_0.5,142ca369,399,transpose
12,1,1,1.0,1.0,227,False,16b78196:o0,0,RELREGRET_0.5,16b78196,930,anti_transpose
12,1,1,1.0,1.0,326,False,16b78196:o0,0,RELREGRET_0.5,16b78196,930,flip_ud
12,1,1,1.0,1.0,35,False,16b78196:o0,0,RELREGRET_0.5,16b78196,930,identity
12,1,1,1.0,1.0,125,False,16b78196:o0,0,RELREGRET_0.5,16b78196,930,transpose
24,1,1,1.0,1.0,227,False,16b78196:o0,0,RELREGRET_0.5,16b78196,930,anti_transpose
24,1,1,1.0,1.0,326,False,16b78196:o0,0,RELREGRET_0.5,16b78196,930,flip_ud
24,1,1,1.0,1.0,35,False,16b78196:o0,0,RELREGRET_0.5,16b78196,930,identity
24,1,1,1.0,1.0,125,False,16b78196:o0,0,RELREGRET_0.5,16b78196,930,transpose
48,1,1,1.0,1.0,227,False,16b78196:o0,0,RELREGRET_0.5,16b78196,930,anti_transpose
48,1,1,1.0,1.0,326,False,16b78196:o0,0,RELREGRET_0.5,16b78196,930,flip_ud
48,1,1,1.0,1.0,35,False,16b78196:o0,0,RELREGRET_0.5,16b78196,930,identity
48,1,1,1.0,1.0,125,False,16b78196:o0,0,RELREGRET_0.5,16b78196,930,transpose
12,2,1.0047619047619047,1.0,1.0,110,False,16de56c4:o1,1,RELREGRET_0.5,16de56c4,210,anti_transpose
12,1,1,1.0,1.0,4,False,16de56c4:o1,1,RELREGRET_0.5,16de56c4,198,flip_ud
12,1,1,1.0,1.0,9,False,16de56c4:o1,1,RELREGRET_0.5,16de56c4,198,identity
12,1,1,1.0,1.0,10,False,16de56c4:o1,1,RELREGRET_0.5,16de56c4,210,transpose
24,2,1.0047619047619047,1.0,1.0,110,False,16de56c4:o1,1,RELREGRET_0.5,16de56c4,210,anti_transpose
24,1,1,1.0,1.0,4,False,16de56c4:o1,1,RELREGRET_0.5,16de56c4,198,flip_ud
24,1,1,1.0,1.0,9,False,16de56c4:o1,1,RELREGRET_0.5,16de56c4,198,identity
24,1,1,1.0,1.0,10,False,16de56c4:o1,1,RELREGRET_0.5,16de56c4,210,transpose
48,1,1,1.0,1.0,74,False,16de56c4:o1,1,RELREGRET_0.5,16de56c4,210,anti_transpose
48,1,1,1.0,1.0,4,False,16de56c4:o1,1,RELREGRET_0.5,16de56c4,198,flip_ud
48,2,1.005050505050505,1.0,1.0,9,False,16de56c4:o1,1,RELREGRET_0.5,16de56c4,198,identity
48,1,1,1.0,1.0,90,False,16de56c4:o1,1,RELREGRET_0.5,16de56c4,210,transpose
12,1,1,1.0,1.0,4,False,20270e3b:o0,0,RELREGRET_0.5,20270e3b,60,anti_transpose
12,1,1,1,1.0,0,False,20270e3b:o0,0,RELREGRET_0.5,20270e3b,55,flip_ud
12,1,1,1,1.0,16,False,20270e3b:o0,0,RELREGRET_0.5,20270e3b,55,identity
12,1,1,1.0,1.0,5,False,20270e3b:o0,0,RELREGRET_0.5,20270e3b,60,transpose
24,1,1,1.0,1.0,4,False,20270e3b:o0,0,RELREGRET_0.5,20270e3b,60,anti_transpose
24,1,1,1,1.0,0,False,20270e3b:o0,0,RELREGRET_0.5,20270e3b,55,flip_ud
24,1,1,1,1.0,16,False,20270e3b:o0,0,RELREGRET_0.5,20270e3b,55,identity
24,1,1,1.0,1.0,5,False,20270e3b:o0,0,RELREGRET_0.5,20270e3b,60,transpose
48,1,1,1.0,1.0,4,False,20270e3b:o0,0,RELREGRET_0.5,20270e3b,60,anti_transpose
48,2,1.018181818181818,1,1.0,5,False,20270e3b:o0,0,RELREGRET_0.5,20270e3b,55,flip_ud
48,1,1,1,1.0,16,False,20270e3b:o0,0,RELREGRET_0.5,20270e3b,55,identity
48,1,1,1.0,1.0,5,False,20270e3b:o0,0,RELREGRET_0.5,20270e3b,60,transpose
12,1,1,1.0,1.0,14,False,247ef758:o1,1,RELREGRET_0.5,247ef758,234,anti_transpose
12,1,1,1.0,1.0,35,False,247ef758:o1,1,RELREGRET_0.5,247ef758,228,flip_ud
12,1,1,1.0,1.0,0,False,247ef758:o1,1,RELREGRET_0.5,247ef758,228,identity
12,1,1,1.0,1.0,0,False,247ef758:o1,1,RELREGRET_0.5,247ef758,234,transpose
24,1,1,1.0,1.0,14,False,247ef758:o1,1,RELREGRET_0.5,247ef758,234,anti_transpose
24,1,1,1.0,1.0,35,False,247ef758:o1,1,RELREGRET_0.5,247ef758,228,flip_ud
24,1,1,1.0,1.0,0,False,247ef758:o1,1,RELREGRET_0.5,247ef758,228,identity
24,1,1,1.0,1.0,0,False,247ef758:o1,1,RELREGRET_0.5,247ef758,234,transpose
48,1,1,1.0,1.0,14,False,247ef758:o1,1,RELREGRET_0.5,247ef758,234,anti_transpose
48,1,1,1.0,1.0,35,False,247ef758:o1,1,RELREGRET_0.5,247ef758,228,flip_ud
48,1,1,1.0,1.0,0,False,247ef758:o1,1,RELREGRET_0.5,247ef758,228,identity
48,1,1,1.0,1.0,0,False,247ef758:o1,1,RELREGRET_0.5,247ef758,234,transpose
12,1,1,1.0,1.0,267,False,332f06d7:o0,0,RELREGRET_0.5,332f06d7,420,anti_transpose
12,1,1,1.0,1.0,319,False,332f06d7:o0,0,RELREGRET_0.5,332f06d7,420,flip_ud
12,1,1,1.0,1.0,25,False,332f06d7:o0,0,RELREGRET_0.5,332f06d7,420,identity
12,1,1,1.0,1.0,85,False,332f06d7:o0,0,RELREGRET_0.5,332f06d7,420,transpose
24,1,1,1.0,1.0,267,False,332f06d7:o0,0,RELREGRET_0.5,332f06d7,420,anti_transpose
24,1,1,1.0,1.0,319,False,332f06d7:o0,0,RELREGRET_0.5,332f06d7,420,flip_ud
24,1,1,1.0,1.0,25,False,332f06d7:o0,0,RELREGRET_0.5,332f06d7,420,identity
24,1,1,1.0,1.0,85,False,332f06d7:o0,0,RELREGRET_0.5,332f06d7,420,transpose
48,1,1,1.0,1.0,267,False,332f06d7:o0,0,RELREGRET_0.5,332f06d7,420,anti_transpose
48,2,1.0023809523809524,1.0,1.0,319,False,332f06d7:o0,0,RELREGRET_0.5,332f06d7,420,flip_ud
48,1,1,1.0,1.0,25,False,332f06d7:o0,0,RELREGRET_0.5,332f06d7,420,identity
48,1,1,1.0,1.0,85,False,332f06d7:o0,0,RELREGRET_0.5,332f06d7,420,transpose
12,1,1,1.0,1.0,380,False,446ef5d2:o0,0,RELREGRET_0.5,446ef5d2,702,anti_transpose
12,1,1,1.0,1.0,56,False,446ef5d2:o0,0,RELREGRET_0.5,446ef5d2,702,flip_ud
12,1,1,1.0,1.0,56,False,446ef5d2:o0,0,RELREGRET_0.5,446ef5d2,702,identity
12,1,1,1.0,1.0,56,False,446ef5d2:o0,0,RELREGRET_0.5,446ef5d2,702,transpose
24,1,1,1.0,1.0,380,False,446ef5d2:o0,0,RELREGRET_0.5,446ef5d2,702,anti_transpose
24,1,1,1.0,1.0,56,False,446ef5d2:o0,0,RELREGRET_0.5,446ef5d2,702,flip_ud
24,1,1,1.0,1.0,56,False,446ef5d2:o0,0,RELREGRET_0.5,446ef5d2,702,identity
24,1,1,1.0,1.0,56,False,446ef5d2:o0,0,RELREGRET_0.5,446ef5d2,702,transpose
48,1,1,1.0,1.0,380,False,446ef5d2:o0,0,RELREGRET_0.5,446ef5d2,702,anti_transpose
48,1,1,1.0,1.0,56,False,446ef5d2:o0,0,RELREGRET_0.5,446ef5d2,702,flip_ud
48,1,1,1.0,1.0,56,False,446ef5d2:o0,0,RELREGRET_0.5,446ef5d2,702,identity
48,1,1,1.0,1.0,56,False,446ef5d2:o0,0,RELREGRET_0.5,446ef5d2,702,transpose
12,1,1,1.0,1.0,53,False,446ef5d2:o1,1,RELREGRET_0.5,446ef5d2,420,anti_transpose
12,1,1,1.0,1.0,233,False,446ef5d2:o1,1,RELREGRET_0.5,446ef5d2,420,flip_ud
12,1,1,1.0,1.0,44,False,446ef5d2:o1,1,RELREGRET_0.5,446ef5d2,420,identity
12,1,1,1.0,1.0,44,False,446ef5d2:o1,1,RELREGRET_0.5,446ef5d2,420,transpose
24,1,1,1.0,1.0,53,False,446ef5d2:o1,1,RELREGRET_0.5,446ef5d2,420,anti_transpose
24,1,1,1.0,1.0,233,False,446ef5d2:o1,1,RELREGRET_0.5,446ef5d2,420,flip_ud
24,1,1,1.0,1.0,44,False,446ef5d2:o1,1,RELREGRET_0.5,446ef5d2,420,identity
24,1,1,1.0,1.0,44,False,446ef5d2:o1,1,RELREGRET_0.5,446ef5d2,420,transpose
48,1,1,1.0,1.0,53,False,446ef5d2:o1,1,RELREGRET_0.5,446ef5d2,420,anti_transpose
48,2,1.0023809523809524,1.0,1.0,233,False,446ef5d2:o1,1,RELREGRET_0.5,446ef5d2,420,flip_ud
48,1,1,1.0,1.0,44,False,446ef5d2:o1,1,RELREGRET_0.5,446ef5d2,420,identity
48,1,1,1.0,1.0,44,False,446ef5d2:o1,1,RELREGRET_0.5,446ef5d2,420,transpose
12,1,1,1,1.0,1,False,5dbc8537:o0,0,RELREGRET_0.5,5dbc8537,275,anti_transpose
12,1,1,1.0,1.0,26,False,5dbc8537:o0,0,RELREGRET_0.5,5dbc8537,260,flip_ud
12,1,1,1.0,1.0,33,False,5dbc8537:o0,0,RELREGRET_0.5,5dbc8537,260,identity
12,3,1.010909090909091,1,1.0,179,False,5dbc8537:o0,0,RELREGRET_0.5,5dbc8537,275,transpose
24,1,1,1,1.0,1,False,5dbc8537:o0,0,RELREGRET_0.5,5dbc8537,275,anti_transpose
24,1,1,1.0,1.0,26,False,5dbc8537:o0,0,RELREGRET_0.5,5dbc8537,260,flip_ud
24,1,1,1.0,1.0,29,False,5dbc8537:o0,0,RELREGRET_0.5,5dbc8537,260,identity
24,1,1,1,1.0,78,False,5dbc8537:o0,0,RELREGRET_0.5,5dbc8537,275,transpose
48,1,1,1,1.0,1,False,5dbc8537:o0,0,RELREGRET_0.5,5dbc8537,275,anti_transpose
48,1,1,1.0,1.0,26,False,5dbc8537:o0,0,RELREGRET_0.5,5dbc8537,260,flip_ud
48,2,1.0038461538461538,1.0,1.0,33,False,5dbc8537:o0,0,RELREGRET_0.5,5dbc8537,260,identity
48,2,1.0036363636363637,1,1.0,2,False,5dbc8537:o0,0,RELREGRET_0.5,5dbc8537,275,transpose
12,1,1,1.0,1.0,28,False,5dbc8537:o1,1,RELREGRET_0.5,5dbc8537,168,anti_transpose
12,1,1,1.0,1.0,2,False,5dbc8537:o1,1,RELREGRET_0.5,5dbc8537,180,flip_ud
12,2,1.0166666666666666,1.0,1.0,92,False,5dbc8537:o1,1,RELREGRET_0.5,5dbc8537,180,identity
12,1,1,1.0,1.0,29,False,5dbc8537:o1,1,RELREGRET_0.5,5dbc8537,168,transpose
24,1,1,1.0,1.0,28,False,5dbc8537:o1,1,RELREGRET_0.5,5dbc8537,168,anti_transpose
24,1,1,1.0,1.0,2,False,5dbc8537:o1,1,RELREGRET_0.5,5dbc8537,180,flip_ud
24,2,1.0055555555555555,1.0,1.0,74,False,5dbc8537:o1,1,RELREGRET_0.5,5dbc8537,180,identity
24,2,1.005952380952381,1.0,1.0,29,False,5dbc8537:o1,1,RELREGRET_0.5,5dbc8537,168,transpose
48,1,1,1.0,1.0,28,False,5dbc8537:o1,1,RELREGRET_0.5,5dbc8537,168,anti_transpose
48,1,1,1.0,1.0,2,False,5dbc8537:o1,1,RELREGRET_0.5,5dbc8537,180,flip_ud
48,1,1,1.0,1.0,73,False,5dbc8537:o1,1,RELREGRET_0.5,5dbc8537,180,identity
48,1,1,1.0,1.0,29,False,5dbc8537:o1,1,RELREGRET_0.5,5dbc8537,168,transpose
12,2,1.0011494252873563,1.0,1.0,13,False,64efde09:o0,0,RELREGRET_0.5,64efde09,870,anti_transpose
12,1,1,1.0,1.0,19,False,64efde09:o0,0,RELREGRET_0.5,64efde09,870,flip_ud
12,2,1.0011494252873563,1.0,1.0,139,False,64efde09:o0,0,RELREGRET_0.5,64efde09,870,identity
12,2,1.0011494252873563,1.0,1.0,5,False,64efde09:o0,0,RELREGRET_0.5,64efde09,870,transpose
24,2,1.0011494252873563,1.0,1.0,5,False,64efde09:o0,0,RELREGRET_0.5,64efde09,870,anti_transpose
24,2,1.0011494252873563,1.0,1.0,19,False,64efde09:o0,0,RELREGRET_0.5,64efde09,870,flip_ud
24,1,1,1.0,1.0,139,False,64efde09:o0,0,RELREGRET_0.5,64efde09,870,identity
24,2,1.0011494252873563,1.0,1.0,4,False,64efde09:o0,0,RELREGRET_0.5,64efde09,870,transpose
48,1,1,1.0,1.0,5,False,64efde09:o0,0,RELREGRET_0.5,64efde09,870,anti_transpose
48,1,1,1.0,1.0,19,False,64efde09:o0,0,RELREGRET_0.5,64efde09,870,flip_ud
48,1,1,1.0,1.0,139,False,64efde09:o0,0,RELREGRET_0.5,64efde09,870,identity
48,1,1,1.0,1.0,3,False,64efde09:o0,0,RELREGRET_0.5,64efde09,870,transpose
12,1,1,1.0,1.0,4,False,6ffbe589:o0,0,RELREGRET_0.5,6ffbe589,182,anti_transpose
12,1,1,1.0,1.0,10,False,6ffbe589:o0,0,RELREGRET_0.5,6ffbe589,182,flip_ud
12,1,1,1.0,1.0,5,False,6ffbe589:o0,0,RELREGRET_0.5,6ffbe589,182,identity
12,1,1,1.0,1.0,4,False,6ffbe589:o0,0,RELREGRET_0.5,6ffbe589,182,transpose
24,1,1,1.0,1.0,4,False,6ffbe589:o0,0,RELREGRET_0.5,6ffbe589,182,anti_transpose
24,1,1,1.0,1.0,10,False,6ffbe589:o0,0,RELREGRET_0.5,6ffbe589,182,flip_ud
24,2,1.0054945054945055,1.0,1.0,10,False,6ffbe589:o0,0,RELREGRET_0.5,6ffbe589,182,identity
24,1,1,1.0,1.0,4,False,6ffbe589:o0,0,RELREGRET_0.5,6ffbe589,182,transpose
48,1,1,1.0,1.0,4,False,6ffbe589:o0,0,RELREGRET_0.5,6ffbe589,182,anti_transpose
48,1,1,1.0,1.0,10,False,6ffbe589:o0,0,RELREGRET_0.5,6ffbe589,182,flip_ud
48,1,1,1.0,1.0,5,False,6ffbe589:o0,0,RELREGRET_0.5,6ffbe589,182,identity
48,1,1,1.0,1.0,4,False,6ffbe589:o0,0,RELREGRET_0.5,6ffbe589,182,transpose
12,1,1,1.0,1.0,12,False,7491f3cf:o0,0,RELREGRET_0.5,7491f3cf,200,anti_transpose
12,1,1,1.0,1.0,45,False,7491f3cf:o0,0,RELREGRET_0.5,7491f3cf,182,flip_ud
12,1,1,1.0,1.0,45,False,7491f3cf:o0,0,RELREGRET_0.5,7491f3cf,182,identity
12,1,1,1.0,1.0,153,False,7491f3cf:o0,0,RELREGRET_0.5,7491f3cf,200,transpose
24,1,1,1.0,1.0,12,False,7491f3cf:o0,0,RELREGRET_0.5,7491f3cf,200,anti_transpose
24,1,1,1.0,1.0,45,False,7491f3cf:o0,0,RELREGRET_0.5,7491f3cf,182,flip_ud
24,1,1,1.0,1.0,45,False,7491f3cf:o0,0,RELREGRET_0.5,7491f3cf,182,identity
24,1,1,1.0,1.0,156,False,7491f3cf:o0,0,RELREGRET_0.5,7491f3cf,200,transpose
48,1,1,1.0,1.0,12,False,7491f3cf:o0,0,RELREGRET_0.5,7491f3cf,200,anti_transpose
48,1,1,1.0,1.0,45,False,7491f3cf:o0,0,RELREGRET_0.5,7491f3cf,182,flip_ud
48,1,1,1.0,1.0,45,False,7491f3cf:o0,0,RELREGRET_0.5,7491f3cf,182,identity
48,1,1,1.0,1.0,153,False,7491f3cf:o0,0,RELREGRET_0.5,7491f3cf,200,transpose
12,2,1.0010752688172042,1.0,1.0,111,False,898e7135:o0,0,RELREGRET_0.5,898e7135,930,anti_transpose
12,1,1,1.0,1.0,20,False,898e7135:o0,0,RELREGRET_0.5,898e7135,930,flip_ud
12,1,1,1.0,1.0,20,False,898e7135:o0,0,RELREGRET_0.5,898e7135,930,identity
12,2,1.0010752688172042,1.0,1.0,64,False,898e7135:o0,0,RELREGRET_0.5,898e7135,930,transpose
24,1,1,1.0,1.0,20,False,898e7135:o0,0,RELREGRET_0.5,898e7135,930,anti_transpose
24,1,1,1.0,1.0,20,False,898e7135:o0,0,RELREGRET_0.5,898e7135,930,flip_ud
24,1,1,1.0,1.0,20,False,898e7135:o0,0,RELREGRET_0.5,898e7135,930,identity
24,1,1,1.0,1.0,20,False,898e7135:o0,0,RELREGRET_0.5,898e7135,930,transpose
48,1,1,1.0,1.0,20,False,898e7135:o0,0,RELREGRET_0.5,898e7135,930,anti_transpose
48,1,1,1.0,1.0,20,False,898e7135:o0,0,RELREGRET_0.5,898e7135,930,flip_ud
48,1,1,1.0,1.0,20,False,898e7135:o0,0,RELREGRET_0.5,898e7135,930,identity
48,2,1.0010752688172042,1.0,1.0,64,False,898e7135:o0,0,RELREGRET_0.5,898e7135,930,transpose
12,1,1,1.0,1.0,29,False,9385bd28:o0,0,RELREGRET_0.5,9385bd28,260,anti_transpose
12,3,1.0112781954887218,1.0,1.0,21,False,9385bd28:o0,0,RELREGRET_0.5,9385bd28,266,flip_ud
12,1,1,1.0,1.0,4,False,9385bd28:o0,0,RELREGRET_0.5,9385bd28,266,identity
12,2,1.0038461538461538,1.0,1.0,80,False,9385bd28:o0,0,RELREGRET_0.5,9385bd28,260,transpose
24,2,1.0038461538461538,1.0,1.0,35,False,9385bd28:o0,0,RELREGRET_0.5,9385bd28,260,anti_transpose
24,2,1.0037593984962405,1.0,1.0,21,False,9385bd28:o0,0,RELREGRET_0.5,9385bd28,266,flip_ud
24,2,1.0037593984962405,1.0,1.0,19,False,9385bd28:o0,0,RELREGRET_0.5,9385bd28,266,identity
24,1,1,1.0,1.0,44,False,9385bd28:o0,0,RELREGRET_0.5,9385bd28,260,transpose
48,1,1,1.0,1.0,10,False,9385bd28:o0,0,RELREGRET_0.5,9385bd28,260,anti_transpose
48,1,1,1.0,1.0,18,False,9385bd28:o0,0,RELREGRET_0.5,9385bd28,266,flip_ud
48,1,1,1.0,1.0,19,False,9385bd28:o0,0,RELREGRET_0.5,9385bd28,266,identity
48,1,1,1.0,1.0,44,False,9385bd28:o0,0,RELREGRET_0.5,9385bd28,260,transpose
12,1,1,1.0,1.0,12,False,97d7923e:o0,0,RELREGRET_0.5,97d7923e,220,anti_transpose
12,1,1,1.0,1.0,22,False,97d7923e:o0,0,RELREGRET_0.5,97d7923e,210,flip_ud
12,2,1.0047619047619047,1.0,1.0,123,False,97d7923e:o0,0,RELREGRET_0.5,97d7923e,210,identity
12,1,1,1.0,1.0,16,False,97d7923e:o0,0,RELREGRET_0.5,97d7923e,220,transpose
24,1,1,1.0,1.0,12,False,97d7923e:o0,0,RELREGRET_0.5,97d7923e,220,anti_transpose
24,2,1.0095238095238095,1.0,1.0,27,False,97d7923e:o0,0,RELREGRET_0.5,97d7923e,210,flip_ud
24,1,1,1.0,1.0,92,False,97d7923e:o0,0,RELREGRET_0.5,97d7923e,210,identity
24,1,1,1.0,1.0,16,False,97d7923e:o0,0,RELREGRET_0.5,97d7923e,220,transpose
48,2,1.0045454545454546,1.0,1.0,122,False,97d7923e:o0,0,RELREGRET_0.5,97d7923e,220,anti_transpose
48,1,1,1.0,1.0,24,False,97d7923e:o0,0,RELREGRET_0.5,97d7923e,210,flip_ud
48,1,1,1.0,1.0,92,False,97d7923e:o0,0,RELREGRET_0.5,97d7923e,210,identity
48,1,1,1.0,1.0,39,False,97d7923e:o0,0,RELREGRET_0.5,97d7923e,220,transpose
12,1,1,1.0,1.0,0,False,a32d8b75:o0,0,RELREGRET_0.5,a32d8b75,620,anti_transpose
12,1,1,1.0,1.0,14,False,a32d8b75:o0,0,RELREGRET_0.5,a32d8b75,630,flip_ud
12,1,1,1.0,1.0,0,False,a32d8b75:o0,0,RELREGRET_0.5,a32d8b75,630,identity
12,1,1,1.0,1.0,0,False,a32d8b75:o0,0,RELREGRET_0.5,a32d8b75,620,transpose
24,1,1,1.0,1.0,0,False,a32d8b75:o0,0,RELREGRET_0.5,a32d8b75,620,anti_transpose
24,1,1,1.0,1.0,14,False,a32d8b75:o0,0,RELREGRET_0.5,a32d8b75,630,flip_ud
24,1,1,1.0,1.0,0,False,a32d8b75:o0,0,RELREGRET_0.5,a32d8b75,630,identity
24,1,1,1.0,1.0,0,False,a32d8b75:o0,0,RELREGRET_0.5,a32d8b75,620,transpose
48,1,1,1.0,1.0,0,False,a32d8b75:o0,0,RELREGRET_0.5,a32d8b75,620,anti_transpose
48,1,1,1.0,1.0,14,False,a32d8b75:o0,0,RELREGRET_0.5,a32d8b75,630,flip_ud
48,1,1,1.0,1.0,0,False,a32d8b75:o0,0,RELREGRET_0.5,a32d8b75,630,identity
48,1,1,1.0,1.0,0,False,a32d8b75:o0,0,RELREGRET_0.5,a32d8b75,620,transpose
12,1,1,1.0,1.0,62,False,a32d8b75:o1,1,RELREGRET_0.5,a32d8b75,682,anti_transpose
12,1,1,1.0,1.0,0,False,a32d8b75:o1,1,RELREGRET_0.5,a32d8b75,690,flip_ud
12,1,1,1.0,1.0,115,False,a32d8b75:o1,1,RELREGRET_0.5,a32d8b75,690,identity
12,1,1,1.0,1.0,5,False,a32d8b75:o1,1,RELREGRET_0.5,a32d8b75,682,transpose
24,1,1,1.0,1.0,62,False,a32d8b75:o1,1,RELREGRET_0.5,a32d8b75,682,anti_transpose
24,1,1,1.0,1.0,0,False,a32d8b75:o1,1,RELREGRET_0.5,a32d8b75,690,flip_ud
24,1,1,1.0,1.0,115,False,a32d8b75:o1,1,RELREGRET_0.5,a32d8b75,690,identity
24,1,1,1.0,1.0,5,False,a32d8b75:o1,1,RELREGRET_0.5,a32d8b75,682,transpose
48,1,1,1.0,1.0,62,False,a32d8b75:o1,1,RELREGRET_0.5,a32d8b75,682,anti_transpose
48,1,1,1.0,1.0,15,False,a32d8b75:o1,1,RELREGRET_0.5,a32d8b75,690,flip_ud
48,1,1,1.0,1.0,115,False,a32d8b75:o1,1,RELREGRET_0.5,a32d8b75,690,identity
48,1,1,1.0,1.0,5,False,a32d8b75:o1,1,RELREGRET_0.5,a32d8b75,682,transpose
12,1,1,1.0,1.0,148,False,c4d067a0:o0,0,RELREGRET_0.5,c4d067a0,756,anti_transpose
12,1,1,1.0,1.0,92,False,c4d067a0:o0,0,RELREGRET_0.5,c4d067a0,756,flip_ud
12,1,1,1.0,1.0,148,False,c4d067a0:o0,0,RELREGRET_0.5,c4d067a0,756,identity
12,1,1,1.0,1.0,229,False,c4d067a0:o0,0,RELREGRET_0.5,c4d067a0,756,transpose
24,1,1,1.0,1.0,148,False,c4d067a0:o0,0,RELREGRET_0.5,c4d067a0,756,anti_transpose
24,1,1,1.0,1.0,92,False,c4d067a0:o0,0,RELREGRET_0.5,c4d067a0,756,flip_ud
24,1,1,1.0,1.0,148,False,c4d067a0:o0,0,RELREGRET_0.5,c4d067a0,756,identity
24,1,1,1.0,1.0,229,False,c4d067a0:o0,0,RELREGRET_0.5,c4d067a0,756,transpose
48,1,1,1.0,1.0,148,False,c4d067a0:o0,0,RELREGRET_0.5,c4d067a0,756,anti_transpose
48,1,1,1.0,1.0,92,False,c4d067a0:o0,0,RELREGRET_0.5,c4d067a0,756,flip_ud
48,1,1,1.0,1.0,148,False,c4d067a0:o0,0,RELREGRET_0.5,c4d067a0,756,identity
48,1,1,1.0,1.0,229,False,c4d067a0:o0,0,RELREGRET_0.5,c4d067a0,756,transpose
12,1,1,1.0,1.0,60,False,cb2d8a2c:o0,0,RELREGRET_0.5,cb2d8a2c,390,anti_transpose
12,1,1,1.0,1.0,10,False,cb2d8a2c:o0,0,RELREGRET_0.5,cb2d8a2c,378,flip_ud
12,1,1,1.0,1.0,57,False,cb2d8a2c:o0,0,RELREGRET_0.5,cb2d8a2c,378,identity
12,1,1,1.0,1.0,7,False,cb2d8a2c:o0,0,RELREGRET_0.5,cb2d8a2c,390,transpose
24,1,1,1.0,1.0,60,False,cb2d8a2c:o0,0,RELREGRET_0.5,cb2d8a2c,390,anti_transpose
24,1,1,1.0,1.0,10,False,cb2d8a2c:o0,0,RELREGRET_0.5,cb2d8a2c,378,flip_ud
24,1,1,1.0,1.0,57,False,cb2d8a2c:o0,0,RELREGRET_0.5,cb2d8a2c,378,identity
24,1,1,1.0,1.0,7,False,cb2d8a2c:o0,0,RELREGRET_0.5,cb2d8a2c,390,transpose
48,1,1,1.0,1.0,60,False,cb2d8a2c:o0,0,RELREGRET_0.5,cb2d8a2c,390,anti_transpose
48,1,1,1.0,1.0,10,False,cb2d8a2c:o0,0,RELREGRET_0.5,cb2d8a2c,378,flip_ud
48,1,1,1.0,1.0,57,False,cb2d8a2c:o0,0,RELREGRET_0.5,cb2d8a2c,378,identity
48,1,1,1.0,1.0,7,False,cb2d8a2c:o0,0,RELREGRET_0.5,cb2d8a2c,390,transpose
12,1,1,1.0,1.0,60,False,cb2d8a2c:o1,1,RELREGRET_0.5,cb2d8a2c,480,anti_transpose
12,1,1,1,1.0,13,False,cb2d8a2c:o1,1,RELREGRET_0.5,cb2d8a2c,493,flip_ud
12,2,1.002028397565923,1,1.0,88,False,cb2d8a2c:o1,1,RELREGRET_0.5,cb2d8a2c,493,identity
12,2,1.0020833333333334,1.0,1.0,66,False,cb2d8a2c:o1,1,RELREGRET_0.5,cb2d8a2c,480,transpose
24,1,1,1.0,1.0,60,False,cb2d8a2c:o1,1,RELREGRET_0.5,cb2d8a2c,480,anti_transpose
24,1,1,1,1.0,13,False,cb2d8a2c:o1,1,RELREGRET_0.5,cb2d8a2c,493,flip_ud
24,2,1.002028397565923,1,1.0,111,False,cb2d8a2c:o1,1,RELREGRET_0.5,cb2d8a2c,493,identity
24,2,1.0020833333333334,1.0,1.0,66,False,cb2d8a2c:o1,1,RELREGRET_0.5,cb2d8a2c,480,transpose
48,1,1,1.0,1.0,60,False,cb2d8a2c:o1,1,RELREGRET_0.5,cb2d8a2c,480,anti_transpose
48,1,1,1,1.0,13,False,cb2d8a2c:o1,1,RELREGRET_0.5,cb2d8a2c,493,flip_ud
48,1,1,1,1.0,19,False,cb2d8a2c:o1,1,RELREGRET_0.5,cb2d8a2c,493,identity
48,1,1,1.0,1.0,61,False,cb2d8a2c:o1,1,RELREGRET_0.5,cb2d8a2c,480,transpose
12,1,1,1.0,1.0,176,False,cbebaa4b:o0,0,RELREGRET_0.5,cbebaa4b,702,anti_transpose
12,1,1,1.0,1.0,32,False,cbebaa4b:o0,0,RELREGRET_0.5,cbebaa4b,702,flip_ud
12,1,1,1.0,1.0,150,False,cbebaa4b:o0,0,RELREGRET_0.5,cbebaa4b,702,identity
12,1,1,1.0,1.0,149,False,cbebaa4b:o0,0,RELREGRET_0.5,cbebaa4b,702,transpose
24,1,1,1.0,1.0,176,False,cbebaa4b:o0,0,RELREGRET_0.5,cbebaa4b,702,anti_transpose
24,1,1,1.0,1.0,32,False,cbebaa4b:o0,0,RELREGRET_0.5,cbebaa4b,702,flip_ud
24,1,1,1.0,1.0,150,False,cbebaa4b:o0,0,RELREGRET_0.5,cbebaa4b,702,identity
24,1,1,1.0,1.0,149,False,cbebaa4b:o0,0,RELREGRET_0.5,cbebaa4b,702,transpose
48,1,1,1.0,1.0,176,False,cbebaa4b:o0,0,RELREGRET_0.5,cbebaa4b,702,anti_transpose
48,1,1,1.0,1.0,32,False,cbebaa4b:o0,0,RELREGRET_0.5,cbebaa4b,702,flip_ud
48,1,1,1.0,1.0,150,False,cbebaa4b:o0,0,RELREGRET_0.5,cbebaa4b,702,identity
48,1,1,1.0,1.0,149,False,cbebaa4b:o0,0,RELREGRET_0.5,cbebaa4b,702,transpose
12,2,1.0036764705882353,1.0,1.0,6,False,d59b0160:o0,0,RELREGRET_0.5,d59b0160,272,anti_transpose
12,1,1,1.0,1.0,3,False,d59b0160:o0,0,RELREGRET_0.5,d59b0160,272,flip_ud
12,1,1,1.0,1.0,6,False,d59b0160:o0,0,RELREGRET_0.5,d59b0160,272,identity
12,1,1,1.0,1.0,5,False,d59b0160:o0,0,RELREGRET_0.5,d59b0160,272,transpose
24,1,1,1.0,1.0,2,False,d59b0160:o0,0,RELREGRET_0.5,d59b0160,272,anti_transpose
24,1,1,1.0,1.0,3,False,d59b0160:o0,0,RELREGRET_0.5,d59b0160,272,flip_ud
24,2,1.0036764705882353,1.0,1.0,105,False,d59b0160:o0,0,RELREGRET_0.5,d59b0160,272,identity
24,1,1,1.0,1.0,5,False,d59b0160:o0,0,RELREGRET_0.5,d59b0160,272,transpose
48,1,1,1.0,1.0,2,False,d59b0160:o0,0,RELREGRET_0.5,d59b0160,272,anti_transpose
48,1,1,1.0,1.0,3,False,d59b0160:o0,0,RELREGRET_0.5,d59b0160,272,flip_ud
48,1,1,1.0,1.0,6,False,d59b0160:o0,0,RELREGRET_0.5,d59b0160,272,identity
48,1,1,1.0,1.0,5,False,d59b0160:o0,0,RELREGRET_0.5,d59b0160,272,transpose
12,2,1.0075757575757576,1.0,1.0,58,False,dd6b8c4b:o1,1,RELREGRET_0.5,dd6b8c4b,132,anti_transpose
12,1,1,1.0,1.0,1,False,dd6b8c4b:o1,1,RELREGRET_0.5,dd6b8c4b,132,flip_ud
12,1,1,1.0,1.0,4,False,dd6b8c4b:o1,1,RELREGRET_0.5,dd6b8c4b,132,identity
12,1,1,1.0,1.0,10,False,dd6b8c4b:o1,1,RELREGRET_0.5,dd6b8c4b,132,transpose
24,2,1.0075757575757576,1.0,1.0,52,False,dd6b8c4b:o1,1,RELREGRET_0.5,dd6b8c4b,132,anti_transpose
24,2,1.0075757575757576,1.0,1.0,1,False,dd6b8c4b:o1,1,RELREGRET_0.5,dd6b8c4b,132,flip_ud
24,1,1,1.0,1.0,4,False,dd6b8c4b:o1,1,RELREGRET_0.5,dd6b8c4b,132,identity
24,1,1,1.0,1.0,10,False,dd6b8c4b:o1,1,RELREGRET_0.5,dd6b8c4b,132,transpose
48,1,1,1.0,1.0,58,False,dd6b8c4b:o1,1,RELREGRET_0.5,dd6b8c4b,132,anti_transpose
48,1,1,1.0,1.0,0,False,dd6b8c4b:o1,1,RELREGRET_0.5,dd6b8c4b,132,flip_ud
48,1,1,1.0,1.0,4,False,dd6b8c4b:o1,1,RELREGRET_0.5,dd6b8c4b,132,identity
48,1,1,1.0,1.0,10,False,dd6b8c4b:o1,1,RELREGRET_0.5,dd6b8c4b,132,transpose
12,2,1.0010752688172042,1.0,1.0,19,False,e3721c99:o1,1,RELREGRET_0.5,e3721c99,930,anti_transpose
12,3,1.0021505376344086,1.0,1.0,18,False,e3721c99:o1,1,RELREGRET_0.5,e3721c99,930,flip_ud
12,1,1,1.0,1.0,40,False,e3721c99:o1,1,RELREGRET_0.5,e3721c99,930,identity
12,3,1.0021505376344086,1.0,1.0,237,False,e3721c99:o1,1,RELREGRET_0.5,e3721c99,930,transpose
24,2,1.0010752688172042,1.0,1.0,19,False,e3721c99:o1,1,RELREGRET_0.5,e3721c99,930,anti_transpose
24,2,1.0010752688172042,1.0,1.0,18,False,e3721c99:o1,1,RELREGRET_0.5,e3721c99,930,flip_ud
24,2,1.0010752688172042,1.0,1.0,82,False,e3721c99:o1,1,RELREGRET_0.5,e3721c99,930,identity
24,1,1,1.0,1.0,481,False,e3721c99:o1,1,RELREGRET_0.5,e3721c99,930,transpose
48,2,1.0010752688172042,1.0,1.0,19,False,e3721c99:o1,1,RELREGRET_0.5,e3721c99,930,anti_transpose
48,2,1.0010752688172042,1.0,1.0,18,False,e3721c99:o1,1,RELREGRET_0.5,e3721c99,930,flip_ud
48,3,1.0021505376344086,1.0,1.0,82,False,e3721c99:o1,1,RELREGRET_0.5,e3721c99,930,identity
48,1,1,1.0,1.0,237,False,e3721c99:o1,1,RELREGRET_0.5,e3721c99,930,transpose
12,2,1.05,1.0,1.0,1,False,f931b4a8:o1,1,RELREGRET_0.5,f931b4a8,20,anti_transpose
12,2,1.05,1.0,1.0,1,False,f931b4a8:o1,1,RELREGRET_0.5,f931b4a8,20,flip_ud
12,1,1,1.0,1.0,1,False,f931b4a8:o1,1,RELREGRET_0.5,f931b4a8,20,identity
12,1,1,1.0,1.0,1,False,f931b4a8:o1,1,RELREGRET_0.5,f931b4a8,20,transpose
24,1,1,1.0,1.0,0,False,f931b4a8:o1,1,RELREGRET_0.5,f931b4a8,20,anti_transpose
24,2,1.05,1.0,1.0,2,False,f931b4a8:o1,1,RELREGRET_0.5,f931b4a8,20,flip_ud
24,1,1,1.0,1.0,1,False,f931b4a8:o1,1,RELREGRET_0.5,f931b4a8,20,identity
24,1,1,1.0,1.0,1,False,f931b4a8:o1,1,RELREGRET_0.5,f931b4a8,20,transpose
48,1,1,1.0,1.0,0,False,f931b4a8:o1,1,RELREGRET_0.5,f931b4a8,20,anti_transpose
48,1,1,1.0,1.0,1,False,f931b4a8:o1,1,RELREGRET_0.5,f931b4a8,20,flip_ud
48,1,1,1.0,1.0,1,False,f931b4a8:o1,1,RELREGRET_0.5,f931b4a8,20,identity
48,1,1,1.0,1.0,1,False,f931b4a8:o1,1,RELREGRET_0.5,f931b4a8,20,transpose
12,2,1.0333333333333334,1.0,1.0,25,False,0934a4d8:o0,0,RELREGRET_1.0,0934a4d8,30,anti_transpose
12,1,1,1.0,1.0,0,False,0934a4d8:o0,0,RELREGRET_1.0,0934a4d8,36,flip_ud
12,1,1,1.0,1.0,0,False,0934a4d8:o0,0,RELREGRET_1.0,0934a4d8,36,identity
12,2,1.0333333333333334,1.0,1.0,0,False,0934a4d8:o0,0,RELREGRET_1.0,0934a4d8,30,transpose
24,3,1.0666666666666667,1.0,1.0,16,False,0934a4d8:o0,0,RELREGRET_1.0,0934a4d8,30,anti_transpose
24,1,1,1.0,1.0,0,False,0934a4d8:o0,0,RELREGRET_1.0,0934a4d8,36,flip_ud
24,1,1,1.0,1.0,0,False,0934a4d8:o0,0,RELREGRET_1.0,0934a4d8,36,identity
24,1,1,1.0,1.0,0,False,0934a4d8:o0,0,RELREGRET_1.0,0934a4d8,30,transpose
48,1,1,1.0,1.0,15,False,0934a4d8:o0,0,RELREGRET_1.0,0934a4d8,30,anti_transpose
48,2,1.0277777777777777,1.0,1.0,20,False,0934a4d8:o0,0,RELREGRET_1.0,0934a4d8,36,flip_ud
48,1,1,1.0,1.0,0,False,0934a4d8:o0,0,RELREGRET_1.0,0934a4d8,36,identity
48,1,1,1.0,1.0,0,False,0934a4d8:o0,0,RELREGRET_1.0,0934a4d8,30,transpose
12,5,1.0064516129032257,1.0,1.0,105,False,13e47133:o0,0,RELREGRET_1.0,13e47133,930,anti_transpose
12,2,1.0010752688172042,1.0,1.0,7,False,13e47133:o0,0,RELREGRET_1.0,13e47133,930,flip_ud
12,1,1,1.0,1.0,139,False,13e47133:o0,0,RELREGRET_1.0,13e47133,930,identity
12,1,1,1.0,1.0,115,False,13e47133:o0,0,RELREGRET_1.0,13e47133,930,transpose
24,1,1,1.0,1.0,0,False,13e47133:o0,0,RELREGRET_1.0,13e47133,930,anti_transpose
24,1,1,1.0,1.0,7,False,13e47133:o0,0,RELREGRET_1.0,13e47133,930,flip_ud
24,1,1,1.0,1.0,139,False,13e47133:o0,0,RELREGRET_1.0,13e47133,930,identity
24,1,1,1.0,1.0,115,False,13e47133:o0,0,RELREGRET_1.0,13e47133,930,transpose
48,1,1,1.0,1.0,0,False,13e47133:o0,0,RELREGRET_1.0,13e47133,930,anti_transpose
48,1,1,1.0,1.0,7,False,13e47133:o0,0,RELREGRET_1.0,13e47133,930,flip_ud
48,1,1,1.0,1.0,139,False,13e47133:o0,0,RELREGRET_1.0,13e47133,930,identity
48,1,1,1.0,1.0,115,False,13e47133:o0,0,RELREGRET_1.0,13e47133,930,transpose
12,1,1,1,1.0,5,False,142ca369:o1,1,RELREGRET_1.0,142ca369,399,anti_transpose
12,2,1.0025,1.0,1.0,100,False,142ca369:o1,1,RELREGRET_1.0,142ca369,400,flip_ud
12,1,1,1.0,1.0,100,False,142ca369:o1,1,RELREGRET_1.0,142ca369,400,identity
12,1,1,1,1.0,5,False,142ca369:o1,1,RELREGRET_1.0,142ca369,399,transpose
24,1,1,1,1.0,5,False,142ca369:o1,1,RELREGRET_1.0,142ca369,399,anti_transpose
24,1,1,1.0,1.0,100,False,142ca369:o1,1,RELREGRET_1.0,142ca369,400,flip_ud
24,1,1,1.0,1.0,100,False,142ca369:o1,1,RELREGRET_1.0,142ca369,400,identity
24,1,1,1,1.0,5,False,142ca369:o1,1,RELREGRET_1.0,142ca369,399,transpose
48,1,1,1,1.0,5,False,142ca369:o1,1,RELREGRET_1.0,142ca369,399,anti_transpose
48,1,1,1.0,1.0,100,False,142ca369:o1,1,RELREGRET_1.0,142ca369,400,flip_ud
48,1,1,1.0,1.0,100,False,142ca369:o1,1,RELREGRET_1.0,142ca369,400,identity
48,1,1,1,1.0,5,False,142ca369:o1,1,RELREGRET_1.0,142ca369,399,transpose
12,1,1,1.0,1.0,227,False,16b78196:o0,0,RELREGRET_1.0,16b78196,930,anti_transpose
12,1,1,1.0,1.0,326,False,16b78196:o0,0,RELREGRET_1.0,16b78196,930,flip_ud
12,1,1,1.0,1.0,35,False,16b78196:o0,0,RELREGRET_1.0,16b78196,930,identity
12,1,1,1.0,1.0,125,False,16b78196:o0,0,RELREGRET_1.0,16b78196,930,transpose
24,1,1,1.0,1.0,227,False,16b78196:o0,0,RELREGRET_1.0,16b78196,930,anti_transpose
24,1,1,1.0,1.0,326,False,16b78196:o0,0,RELREGRET_1.0,16b78196,930,flip_ud
24,1,1,1.0,1.0,35,False,16b78196:o0,0,RELREGRET_1.0,16b78196,930,identity
24,1,1,1.0,1.0,125,False,16b78196:o0,0,RELREGRET_1.0,16b78196,930,transpose
48,1,1,1.0,1.0,227,False,16b78196:o0,0,RELREGRET_1.0,16b78196,930,anti_transpose
48,2,1.0010752688172042,1.0,1.0,326,False,16b78196:o0,0,RELREGRET_1.0,16b78196,930,flip_ud
48,1,1,1.0,1.0,35,False,16b78196:o0,0,RELREGRET_1.0,16b78196,930,identity
48,1,1,1.0,1.0,125,False,16b78196:o0,0,RELREGRET_1.0,16b78196,930,transpose
12,2,1.0047619047619047,1.0,1.0,110,False,16de56c4:o1,1,RELREGRET_1.0,16de56c4,210,anti_transpose
12,3,1.0101010101010102,1.0,1.0,9,False,16de56c4:o1,1,RELREGRET_1.0,16de56c4,198,flip_ud
12,2,1.0151515151515151,1.0,1.0,9,False,16de56c4:o1,1,RELREGRET_1.0,16de56c4,198,identity
12,2,1.0047619047619047,1.0,1.0,10,False,16de56c4:o1,1,RELREGRET_1.0,16de56c4,210,transpose
24,2,1.0095238095238095,1.0,1.0,110,False,16de56c4:o1,1,RELREGRET_1.0,16de56c4,210,anti_transpose
24,1,1,1.0,1.0,4,False,16de56c4:o1,1,RELREGRET_1.0,16de56c4,198,flip_ud
24,2,1.005050505050505,1.0,1.0,9,False,16de56c4:o1,1,RELREGRET_1.0,16de56c4,198,identity
24,1,1,1.0,1.0,10,False,16de56c4:o1,1,RELREGRET_1.0,16de56c4,210,transpose
48,2,1.0095238095238095,1.0,1.0,74,False,16de56c4:o1,1,RELREGRET_1.0,16de56c4,210,anti_transpose
48,1,1,1.0,1.0,4,False,16de56c4:o1,1,RELREGRET_1.0,16de56c4,198,flip_ud
48,2,1.005050505050505,1.0,1.0,9,False,16de56c4:o1,1,RELREGRET_1.0,16de56c4,198,identity
48,2,1.0047619047619047,1.0,1.0,90,False,16de56c4:o1,1,RELREGRET_1.0,16de56c4,210,transpose
12,1,1,1.0,1.0,4,False,20270e3b:o0,0,RELREGRET_1.0,20270e3b,60,anti_transpose
12,1,1,1,1.0,0,False,20270e3b:o0,0,RELREGRET_1.0,20270e3b,55,flip_ud
12,1,1,1,1.0,16,False,20270e3b:o0,0,RELREGRET_1.0,20270e3b,55,identity
12,1,1,1.0,1.0,5,False,20270e3b:o0,0,RELREGRET_1.0,20270e3b,60,transpose
24,2,1.0333333333333334,1.0,1.0,12,False,20270e3b:o0,0,RELREGRET_1.0,20270e3b,60,anti_transpose
24,1,1,1,1.0,0,False,20270e3b:o0,0,RELREGRET_1.0,20270e3b,55,flip_ud
24,1,1,1,1.0,16,False,20270e3b:o0,0,RELREGRET_1.0,20270e3b,55,identity
24,1,1,1.0,1.0,5,False,20270e3b:o0,0,RELREGRET_1.0,20270e3b,60,transpose
48,1,1,1.0,1.0,4,False,20270e3b:o0,0,RELREGRET_1.0,20270e3b,60,anti_transpose
48,2,1.0363636363636364,1,1.0,5,False,20270e3b:o0,0,RELREGRET_1.0,20270e3b,55,flip_ud
48,1,1,1,1.0,16,False,20270e3b:o0,0,RELREGRET_1.0,20270e3b,55,identity
48,1,1,1.0,1.0,5,False,20270e3b:o0,0,RELREGRET_1.0,20270e3b,60,transpose
12,1,1,1.0,1.0,14,False,247ef758:o1,1,RELREGRET_1.0,247ef758,234,anti_transpose
12,1,1,1.0,1.0,35,False,247ef758:o1,1,RELREGRET_1.0,247ef758,228,flip_ud
12,1,1,1.0,1.0,0,False,247ef758:o1,1,RELREGRET_1.0,247ef758,228,identity
12,2,1.0042735042735043,1.0,1.0,21,False,247ef758:o1,1,RELREGRET_1.0,247ef758,234,transpose
24,1,1,1.0,1.0,14,False,247ef758:o1,1,RELREGRET_1.0,247ef758,234,anti_transpose
24,1,1,1.0,1.0,35,False,247ef758:o1,1,RELREGRET_1.0,247ef758,228,flip_ud
24,1,1,1.0,1.0,0,False,247ef758:o1,1,RELREGRET_1.0,247ef758,228,identity
24,1,1,1.0,1.0,0,False,247ef758:o1,1,RELREGRET_1.0,247ef758,234,transpose
48,1,1,1.0,1.0,14,False,247ef758:o1,1,RELREGRET_1.0,247ef758,234,anti_transpose
48,1,1,1.0,1.0,35,False,247ef758:o1,1,RELREGRET_1.0,247ef758,228,flip_ud
48,1,1,1.0,1.0,0,False,247ef758:o1,1,RELREGRET_1.0,247ef758,228,identity
48,1,1,1.0,1.0,0,False,247ef758:o1,1,RELREGRET_1.0,247ef758,234,transpose
12,1,1,1.0,1.0,267,False,332f06d7:o0,0,RELREGRET_1.0,332f06d7,420,anti_transpose
12,1,1,1.0,1.0,319,False,332f06d7:o0,0,RELREGRET_1.0,332f06d7,420,flip_ud
12,1,1,1.0,1.0,25,False,332f06d7:o0,0,RELREGRET_1.0,332f06d7,420,identity
12,1,1,1.0,1.0,85,False,332f06d7:o0,0,RELREGRET_1.0,332f06d7,420,transpose
24,1,1,1.0,1.0,267,False,332f06d7:o0,0,RELREGRET_1.0,332f06d7,420,anti_transpose
24,1,1,1.0,1.0,319,False,332f06d7:o0,0,RELREGRET_1.0,332f06d7,420,flip_ud
24,1,1,1.0,1.0,25,False,332f06d7:o0,0,RELREGRET_1.0,332f06d7,420,identity
24,1,1,1.0,1.0,85,False,332f06d7:o0,0,RELREGRET_1.0,332f06d7,420,transpose
48,1,1,1.0,1.0,267,False,332f06d7:o0,0,RELREGRET_1.0,332f06d7,420,anti_transpose
48,2,1.0023809523809524,1.0,1.0,319,False,332f06d7:o0,0,RELREGRET_1.0,332f06d7,420,flip_ud
48,1,1,1.0,1.0,25,False,332f06d7:o0,0,RELREGRET_1.0,332f06d7,420,identity
48,1,1,1.0,1.0,85,False,332f06d7:o0,0,RELREGRET_1.0,332f06d7,420,transpose
12,1,1,1.0,1.0,380,False,446ef5d2:o0,0,RELREGRET_1.0,446ef5d2,702,anti_transpose
12,1,1,1.0,1.0,56,False,446ef5d2:o0,0,RELREGRET_1.0,446ef5d2,702,flip_ud
12,1,1,1.0,1.0,56,False,446ef5d2:o0,0,RELREGRET_1.0,446ef5d2,702,identity
12,1,1,1.0,1.0,56,False,446ef5d2:o0,0,RELREGRET_1.0,446ef5d2,702,transpose
24,1,1,1.0,1.0,380,False,446ef5d2:o0,0,RELREGRET_1.0,446ef5d2,702,anti_transpose
24,1,1,1.0,1.0,56,False,446ef5d2:o0,0,RELREGRET_1.0,446ef5d2,702,flip_ud
24,1,1,1.0,1.0,56,False,446ef5d2:o0,0,RELREGRET_1.0,446ef5d2,702,identity
24,1,1,1.0,1.0,56,False,446ef5d2:o0,0,RELREGRET_1.0,446ef5d2,702,transpose
48,1,1,1.0,1.0,380,False,446ef5d2:o0,0,RELREGRET_1.0,446ef5d2,702,anti_transpose
48,1,1,1.0,1.0,56,False,446ef5d2:o0,0,RELREGRET_1.0,446ef5d2,702,flip_ud
48,1,1,1.0,1.0,56,False,446ef5d2:o0,0,RELREGRET_1.0,446ef5d2,702,identity
48,1,1,1.0,1.0,56,False,446ef5d2:o0,0,RELREGRET_1.0,446ef5d2,702,transpose
12,1,1,1.0,1.0,53,False,446ef5d2:o1,1,RELREGRET_1.0,446ef5d2,420,anti_transpose
12,1,1,1.0,1.0,233,False,446ef5d2:o1,1,RELREGRET_1.0,446ef5d2,420,flip_ud
12,1,1,1.0,1.0,44,False,446ef5d2:o1,1,RELREGRET_1.0,446ef5d2,420,identity
12,1,1,1.0,1.0,44,False,446ef5d2:o1,1,RELREGRET_1.0,446ef5d2,420,transpose
24,1,1,1.0,1.0,53,False,446ef5d2:o1,1,RELREGRET_1.0,446ef5d2,420,anti_transpose
24,1,1,1.0,1.0,233,False,446ef5d2:o1,1,RELREGRET_1.0,446ef5d2,420,flip_ud
24,1,1,1.0,1.0,44,False,446ef5d2:o1,1,RELREGRET_1.0,446ef5d2,420,identity
24,1,1,1.0,1.0,44,False,446ef5d2:o1,1,RELREGRET_1.0,446ef5d2,420,transpose
48,1,1,1.0,1.0,53,False,446ef5d2:o1,1,RELREGRET_1.0,446ef5d2,420,anti_transpose
48,2,1.0023809523809524,1.0,1.0,233,False,446ef5d2:o1,1,RELREGRET_1.0,446ef5d2,420,flip_ud
48,1,1,1.0,1.0,44,False,446ef5d2:o1,1,RELREGRET_1.0,446ef5d2,420,identity
48,1,1,1.0,1.0,44,False,446ef5d2:o1,1,RELREGRET_1.0,446ef5d2,420,transpose
12,1,1,1,1.0,1,False,5dbc8537:o0,0,RELREGRET_1.0,5dbc8537,275,anti_transpose
12,1,1,1.0,1.0,26,False,5dbc8537:o0,0,RELREGRET_1.0,5dbc8537,260,flip_ud
12,2,1.0115384615384615,1.0,1.0,39,False,5dbc8537:o0,0,RELREGRET_1.0,5dbc8537,260,identity
12,4,1.018181818181818,1,1.0,179,False,5dbc8537:o0,0,RELREGRET_1.0,5dbc8537,275,transpose
24,1,1,1,1.0,1,False,5dbc8537:o0,0,RELREGRET_1.0,5dbc8537,275,anti_transpose
24,2,1.0038461538461538,1.0,1.0,26,False,5dbc8537:o0,0,RELREGRET_1.0,5dbc8537,260,flip_ud
24,1,1,1.0,1.0,29,False,5dbc8537:o0,0,RELREGRET_1.0,5dbc8537,260,identity
24,2,1.0036363636363637,1,1.0,179,False,5dbc8537:o0,0,RELREGRET_1.0,5dbc8537,275,transpose
48,1,1,1,1.0,1,False,5dbc8537:o0,0,RELREGRET_1.0,5dbc8537,275,anti_transpose
48,1,1,1.0,1.0,26,False,5dbc8537:o0,0,RELREGRET_1.0,5dbc8537,260,flip_ud
48,2,1.0038461538461538,1.0,1.0,33,False,5dbc8537:o0,0,RELREGRET_1.0,5dbc8537,260,identity
48,2,1.0036363636363637,1,1.0,2,False,5dbc8537:o0,0,RELREGRET_1.0,5dbc8537,275,transpose
12,1,1,1.0,1.0,28,False,5dbc8537:o1,1,RELREGRET_1.0,5dbc8537,168,anti_transpose
12,2,1.0055555555555555,1.0,1.0,37,False,5dbc8537:o1,1,RELREGRET_1.0,5dbc8537,180,flip_ud
12,2,1.0222222222222221,1.0,1.0,92,False,5dbc8537:o1,1,RELREGRET_1.0,5dbc8537,180,identity
12,1,1,1.0,1.0,29,False,5dbc8537:o1,1,RELREGRET_1.0,5dbc8537,168,transpose
24,1,1,1.0,1.0,28,False,5dbc8537:o1,1,RELREGRET_1.0,5dbc8537,168,anti_transpose
24,2,1.0055555555555555,1.0,1.0,37,False,5dbc8537:o1,1,RELREGRET_1.0,5dbc8537,180,flip_ud
24,2,1.0166666666666666,1.0,1.0,102,False,5dbc8537:o1,1,RELREGRET_1.0,5dbc8537,180,identity
24,2,1.005952380952381,1.0,1.0,29,False,5dbc8537:o1,1,RELREGRET_1.0,5dbc8537,168,transpose
48,1,1,1.0,1.0,28,False,5dbc8537:o1,1,RELREGRET_1.0,5dbc8537,168,anti_transpose
48,1,1,1.0,1.0,2,False,5dbc8537:o1,1,RELREGRET_1.0,5dbc8537,180,flip_ud
48,1,1,1.0,1.0,73,False,5dbc8537:o1,1,RELREGRET_1.0,5dbc8537,180,identity
48,1,1,1.0,1.0,29,False,5dbc8537:o1,1,RELREGRET_1.0,5dbc8537,168,transpose
12,2,1.0011494252873563,1.0,1.0,13,False,64efde09:o0,0,RELREGRET_1.0,64efde09,870,anti_transpose
12,1,1,1.0,1.0,19,False,64efde09:o0,0,RELREGRET_1.0,64efde09,870,flip_ud
12,2,1.0022988505747126,1.0,1.0,139,False,64efde09:o0,0,RELREGRET_1.0,64efde09,870,identity
12,2,1.0022988505747126,1.0,1.0,5,False,64efde09:o0,0,RELREGRET_1.0,64efde09,870,transpose
24,2,1.0022988505747126,1.0,1.0,5,False,64efde09:o0,0,RELREGRET_1.0,64efde09,870,anti_transpose
24,2,1.0011494252873563,1.0,1.0,19,False,64efde09:o0,0,RELREGRET_1.0,64efde09,870,flip_ud
24,2,1.0011494252873563,1.0,1.0,139,False,64efde09:o0,0,RELREGRET_1.0,64efde09,870,identity
24,2,1.0022988505747126,1.0,1.0,23,False,64efde09:o0,0,RELREGRET_1.0,64efde09,870,transpose
48,2,1.0011494252873563,1.0,1.0,13,False,64efde09:o0,0,RELREGRET_1.0,64efde09,870,anti_transpose
48,1,1,1.0,1.0,19,False,64efde09:o0,0,RELREGRET_1.0,64efde09,870,flip_ud
48,2,1.0011494252873563,1.0,1.0,139,False,64efde09:o0,0,RELREGRET_1.0,64efde09,870,identity
48,1,1,1.0,1.0,3,False,64efde09:o0,0,RELREGRET_1.0,64efde09,870,transpose
12,2,1.0054945054945055,1.0,1.0,4,False,6ffbe589:o0,0,RELREGRET_1.0,6ffbe589,182,anti_transpose
12,2,1.0274725274725274,1.0,1.0,43,False,6ffbe589:o0,0,RELREGRET_1.0,6ffbe589,182,flip_ud
12,2,1.0164835164835164,1.0,1.0,10,False,6ffbe589:o0,0,RELREGRET_1.0,6ffbe589,182,identity
12,2,1.010989010989011,1.0,1.0,4,False,6ffbe589:o0,0,RELREGRET_1.0,6ffbe589,182,transpose
24,2,1.0164835164835164,1.0,1.0,8,False,6ffbe589:o0,0,RELREGRET_1.0,6ffbe589,182,anti_transpose
24,2,1.0054945054945055,1.0,1.0,10,False,6ffbe589:o0,0,RELREGRET_1.0,6ffbe589,182,flip_ud
24,2,1.0054945054945055,1.0,1.0,10,False,6ffbe589:o0,0,RELREGRET_1.0,6ffbe589,182,identity
24,1,1,1.0,1.0,4,False,6ffbe589:o0,0,RELREGRET_1.0,6ffbe589,182,transpose
48,1,1,1.0,1.0,4,False,6ffbe589:o0,0,RELREGRET_1.0,6ffbe589,182,anti_transpose
48,1,1,1.0,1.0,10,False,6ffbe589:o0,0,RELREGRET_1.0,6ffbe589,182,flip_ud
48,2,1.010989010989011,1.0,1.0,10,False,6ffbe589:o0,0,RELREGRET_1.0,6ffbe589,182,identity
48,1,1,1.0,1.0,4,False,6ffbe589:o0,0,RELREGRET_1.0,6ffbe589,182,transpose
12,2,1.005,1.0,1.0,12,False,7491f3cf:o0,0,RELREGRET_1.0,7491f3cf,200,anti_transpose
12,1,1,1.0,1.0,45,False,7491f3cf:o0,0,RELREGRET_1.0,7491f3cf,182,flip_ud
12,1,1,1.0,1.0,45,False,7491f3cf:o0,0,RELREGRET_1.0,7491f3cf,182,identity
12,1,1,1.0,1.0,153,False,7491f3cf:o0,0,RELREGRET_1.0,7491f3cf,200,transpose
24,1,1,1.0,1.0,12,False,7491f3cf:o0,0,RELREGRET_1.0,7491f3cf,200,anti_transpose
24,1,1,1.0,1.0,45,False,7491f3cf:o0,0,RELREGRET_1.0,7491f3cf,182,flip_ud
24,1,1,1.0,1.0,45,False,7491f3cf:o0,0,RELREGRET_1.0,7491f3cf,182,identity
24,1,1,1.0,1.0,156,False,7491f3cf:o0,0,RELREGRET_1.0,7491f3cf,200,transpose
48,1,1,1.0,1.0,12,False,7491f3cf:o0,0,RELREGRET_1.0,7491f3cf,200,anti_transpose
48,1,1,1.0,1.0,45,False,7491f3cf:o0,0,RELREGRET_1.0,7491f3cf,182,flip_ud
48,1,1,1.0,1.0,45,False,7491f3cf:o0,0,RELREGRET_1.0,7491f3cf,182,identity
48,1,1,1.0,1.0,153,False,7491f3cf:o0,0,RELREGRET_1.0,7491f3cf,200,transpose
12,3,1.0032258064516129,1.0,1.0,111,False,898e7135:o0,0,RELREGRET_1.0,898e7135,930,anti_transpose
12,1,1,1.0,1.0,20,False,898e7135:o0,0,RELREGRET_1.0,898e7135,930,flip_ud
12,1,1,1.0,1.0,20,False,898e7135:o0,0,RELREGRET_1.0,898e7135,930,identity
12,3,1.0021505376344086,1.0,1.0,64,False,898e7135:o0,0,RELREGRET_1.0,898e7135,930,transpose
24,1,1,1.0,1.0,20,False,898e7135:o0,0,RELREGRET_1.0,898e7135,930,anti_transpose
24,1,1,1.0,1.0,20,False,898e7135:o0,0,RELREGRET_1.0,898e7135,930,flip_ud
24,1,1,1.0,1.0,20,False,898e7135:o0,0,RELREGRET_1.0,898e7135,930,identity
24,1,1,1.0,1.0,20,False,898e7135:o0,0,RELREGRET_1.0,898e7135,930,transpose
48,1,1,1.0,1.0,20,False,898e7135:o0,0,RELREGRET_1.0,898e7135,930,anti_transpose
48,1,1,1.0,1.0,20,False,898e7135:o0,0,RELREGRET_1.0,898e7135,930,flip_ud
48,1,1,1.0,1.0,20,False,898e7135:o0,0,RELREGRET_1.0,898e7135,930,identity
48,2,1.0010752688172042,1.0,1.0,64,False,898e7135:o0,0,RELREGRET_1.0,898e7135,930,transpose
12,3,1.0076923076923077,1.0,1.0,29,False,9385bd28:o0,0,RELREGRET_1.0,9385bd28,260,anti_transpose
12,3,1.018796992481203,1.0,1.0,21,False,9385bd28:o0,0,RELREGRET_1.0,9385bd28,266,flip_ud
12,2,1.0037593984962405,1.0,1.0,6,False,9385bd28:o0,0,RELREGRET_1.0,9385bd28,266,identity
12,2,1.0076923076923077,1.0,1.0,80,False,9385bd28:o0,0,RELREGRET_1.0,9385bd28,260,transpose
24,2,1.0038461538461538,1.0,1.0,35,False,9385bd28:o0,0,RELREGRET_1.0,9385bd28,260,anti_transpose
24,2,1.0037593984962405,1.0,1.0,21,False,9385bd28:o0,0,RELREGRET_1.0,9385bd28,266,flip_ud
24,2,1.0075187969924813,1.0,1.0,22,False,9385bd28:o0,0,RELREGRET_1.0,9385bd28,266,identity
24,1,1,1.0,1.0,44,False,9385bd28:o0,0,RELREGRET_1.0,9385bd28,260,transpose
48,1,1,1.0,1.0,10,False,9385bd28:o0,0,RELREGRET_1.0,9385bd28,260,anti_transpose
48,1,1,1.0,1.0,18,False,9385bd28:o0,0,RELREGRET_1.0,9385bd28,266,flip_ud
48,1,1,1.0,1.0,19,False,9385bd28:o0,0,RELREGRET_1.0,9385bd28,266,identity
48,1,1,1.0,1.0,44,False,9385bd28:o0,0,RELREGRET_1.0,9385bd28,260,transpose
12,2,1.009090909090909,1.0,1.0,144,False,97d7923e:o0,0,RELREGRET_1.0,97d7923e,220,anti_transpose
12,2,1.0047619047619047,1.0,1.0,27,False,97d7923e:o0,0,RELREGRET_1.0,97d7923e,210,flip_ud
12,2,1.0095238095238095,1.0,1.0,174,False,97d7923e:o0,0,RELREGRET_1.0,97d7923e,210,identity
12,2,1.0045454545454546,1.0,1.0,39,False,97d7923e:o0,0,RELREGRET_1.0,97d7923e,220,transpose
24,1,1,1.0,1.0,12,False,97d7923e:o0,0,RELREGRET_1.0,97d7923e,220,anti_transpose
24,2,1.0095238095238095,1.0,1.0,27,False,97d7923e:o0,0,RELREGRET_1.0,97d7923e,210,flip_ud
24,1,1,1.0,1.0,92,False,97d7923e:o0,0,RELREGRET_1.0,97d7923e,210,identity
24,1,1,1.0,1.0,16,False,97d7923e:o0,0,RELREGRET_1.0,97d7923e,220,transpose
48,2,1.009090909090909,1.0,1.0,144,False,97d7923e:o0,0,RELREGRET_1.0,97d7923e,220,anti_transpose
48,1,1,1.0,1.0,24,False,97d7923e:o0,0,RELREGRET_1.0,97d7923e,210,flip_ud
48,2,1.0095238095238095,1.0,1.0,174,False,97d7923e:o0,0,RELREGRET_1.0,97d7923e,210,identity
48,2,1.0045454545454546,1.0,1.0,74,False,97d7923e:o0,0,RELREGRET_1.0,97d7923e,220,transpose
12,2,1.0016129032258065,1.0,1.0,0,False,a32d8b75:o0,0,RELREGRET_1.0,a32d8b75,620,anti_transpose
12,1,1,1.0,1.0,14,False,a32d8b75:o0,0,RELREGRET_1.0,a32d8b75,630,flip_ud
12,1,1,1.0,1.0,0,False,a32d8b75:o0,0,RELREGRET_1.0,a32d8b75,630,identity
12,1,1,1.0,1.0,0,False,a32d8b75:o0,0,RELREGRET_1.0,a32d8b75,620,transpose
24,2,1.0016129032258065,1.0,1.0,0,False,a32d8b75:o0,0,RELREGRET_1.0,a32d8b75,620,anti_transpose
24,1,1,1.0,1.0,14,False,a32d8b75:o0,0,RELREGRET_1.0,a32d8b75,630,flip_ud
24,1,1,1.0,1.0,0,False,a32d8b75:o0,0,RELREGRET_1.0,a32d8b75,630,identity
24,2,1.0016129032258065,1.0,1.0,0,False,a32d8b75:o0,0,RELREGRET_1.0,a32d8b75,620,transpose
48,1,1,1.0,1.0,0,False,a32d8b75:o0,0,RELREGRET_1.0,a32d8b75,620,anti_transpose
48,1,1,1.0,1.0,14,False,a32d8b75:o0,0,RELREGRET_1.0,a32d8b75,630,flip_ud
48,1,1,1.0,1.0,0,False,a32d8b75:o0,0,RELREGRET_1.0,a32d8b75,630,identity
48,1,1,1.0,1.0,0,False,a32d8b75:o0,0,RELREGRET_1.0,a32d8b75,620,transpose
12,1,1,1.0,1.0,62,False,a32d8b75:o1,1,RELREGRET_1.0,a32d8b75,682,anti_transpose
12,1,1,1.0,1.0,0,False,a32d8b75:o1,1,RELREGRET_1.0,a32d8b75,690,flip_ud
12,2,1.0028985507246377,1.0,1.0,115,False,a32d8b75:o1,1,RELREGRET_1.0,a32d8b75,690,identity
12,1,1,1.0,1.0,5,False,a32d8b75:o1,1,RELREGRET_1.0,a32d8b75,682,transpose
24,2,1.001466275659824,1.0,1.0,62,False,a32d8b75:o1,1,RELREGRET_1.0,a32d8b75,682,anti_transpose
24,2,1.0043478260869565,1.0,1.0,20,False,a32d8b75:o1,1,RELREGRET_1.0,a32d8b75,690,flip_ud
24,1,1,1.0,1.0,115,False,a32d8b75:o1,1,RELREGRET_1.0,a32d8b75,690,identity
24,1,1,1.0,1.0,5,False,a32d8b75:o1,1,RELREGRET_1.0,a32d8b75,682,transpose
48,1,1,1.0,1.0,62,False,a32d8b75:o1,1,RELREGRET_1.0,a32d8b75,682,anti_transpose
48,2,1.0014492753623188,1.0,1.0,15,False,a32d8b75:o1,1,RELREGRET_1.0,a32d8b75,690,flip_ud
48,1,1,1.0,1.0,115,False,a32d8b75:o1,1,RELREGRET_1.0,a32d8b75,690,identity
48,1,1,1.0,1.0,5,False,a32d8b75:o1,1,RELREGRET_1.0,a32d8b75,682,transpose
12,1,1,1.0,1.0,148,False,c4d067a0:o0,0,RELREGRET_1.0,c4d067a0,756,anti_transpose
12,1,1,1.0,1.0,92,False,c4d067a0:o0,0,RELREGRET_1.0,c4d067a0,756,flip_ud
12,1,1,1.0,1.0,148,False,c4d067a0:o0,0,RELREGRET_1.0,c4d067a0,756,identity
12,1,1,1.0,1.0,229,False,c4d067a0:o0,0,RELREGRET_1.0,c4d067a0,756,transpose
24,1,1,1.0,1.0,148,False,c4d067a0:o0,0,RELREGRET_1.0,c4d067a0,756,anti_transpose
24,1,1,1.0,1.0,92,False,c4d067a0:o0,0,RELREGRET_1.0,c4d067a0,756,flip_ud
24,1,1,1.0,1.0,148,False,c4d067a0:o0,0,RELREGRET_1.0,c4d067a0,756,identity
24,1,1,1.0,1.0,229,False,c4d067a0:o0,0,RELREGRET_1.0,c4d067a0,756,transpose
48,1,1,1.0,1.0,148,False,c4d067a0:o0,0,RELREGRET_1.0,c4d067a0,756,anti_transpose
48,1,1,1.0,1.0,92,False,c4d067a0:o0,0,RELREGRET_1.0,c4d067a0,756,flip_ud
48,1,1,1.0,1.0,148,False,c4d067a0:o0,0,RELREGRET_1.0,c4d067a0,756,identity
48,1,1,1.0,1.0,229,False,c4d067a0:o0,0,RELREGRET_1.0,c4d067a0,756,transpose
12,1,1,1.0,1.0,60,False,cb2d8a2c:o0,0,RELREGRET_1.0,cb2d8a2c,390,anti_transpose
12,1,1,1.0,1.0,10,False,cb2d8a2c:o0,0,RELREGRET_1.0,cb2d8a2c,378,flip_ud
12,1,1,1.0,1.0,57,False,cb2d8a2c:o0,0,RELREGRET_1.0,cb2d8a2c,378,identity
12,1,1,1.0,1.0,7,False,cb2d8a2c:o0,0,RELREGRET_1.0,cb2d8a2c,390,transpose
24,1,1,1.0,1.0,60,False,cb2d8a2c:o0,0,RELREGRET_1.0,cb2d8a2c,390,anti_transpose
24,1,1,1.0,1.0,10,False,cb2d8a2c:o0,0,RELREGRET_1.0,cb2d8a2c,378,flip_ud
24,1,1,1.0,1.0,57,False,cb2d8a2c:o0,0,RELREGRET_1.0,cb2d8a2c,378,identity
24,1,1,1.0,1.0,7,False,cb2d8a2c:o0,0,RELREGRET_1.0,cb2d8a2c,390,transpose
48,1,1,1.0,1.0,60,False,cb2d8a2c:o0,0,RELREGRET_1.0,cb2d8a2c,390,anti_transpose
48,1,1,1.0,1.0,10,False,cb2d8a2c:o0,0,RELREGRET_1.0,cb2d8a2c,378,flip_ud
48,1,1,1.0,1.0,57,False,cb2d8a2c:o0,0,RELREGRET_1.0,cb2d8a2c,378,identity
48,1,1,1.0,1.0,7,False,cb2d8a2c:o0,0,RELREGRET_1.0,cb2d8a2c,390,transpose
12,1,1,1.0,1.0,60,False,cb2d8a2c:o1,1,RELREGRET_1.0,cb2d8a2c,480,anti_transpose
12,1,1,1,1.0,13,False,cb2d8a2c:o1,1,RELREGRET_1.0,cb2d8a2c,493,flip_ud
12,2,1.0081135902636917,1,1.0,377,False,cb2d8a2c:o1,1,RELREGRET_1.0,cb2d8a2c,493,identity
12,2,1.0020833333333334,1.0,1.0,66,False,cb2d8a2c:o1,1,RELREGRET_1.0,cb2d8a2c,480,transpose
24,1,1,1.0,1.0,60,False,cb2d8a2c:o1,1,RELREGRET_1.0,cb2d8a2c,480,anti_transpose
24,1,1,1,1.0,13,False,cb2d8a2c:o1,1,RELREGRET_1.0,cb2d8a2c,493,flip_ud
24,2,1.0040567951318458,1,1.0,111,False,cb2d8a2c:o1,1,RELREGRET_1.0,cb2d8a2c,493,identity
24,2,1.0020833333333334,1.0,1.0,66,False,cb2d8a2c:o1,1,RELREGRET_1.0,cb2d8a2c,480,transpose
48,1,1,1.0,1.0,60,False,cb2d8a2c:o1,1,RELREGRET_1.0,cb2d8a2c,480,anti_transpose
48,1,1,1,1.0,13,False,cb2d8a2c:o1,1,RELREGRET_1.0,cb2d8a2c,493,flip_ud
48,1,1,1,1.0,19,False,cb2d8a2c:o1,1,RELREGRET_1.0,cb2d8a2c,493,identity
48,1,1,1.0,1.0,61,False,cb2d8a2c:o1,1,RELREGRET_1.0,cb2d8a2c,480,transpose
12,1,1,1.0,1.0,176,False,cbebaa4b:o0,0,RELREGRET_1.0,cbebaa4b,702,anti_transpose
12,1,1,1.0,1.0,32,False,cbebaa4b:o0,0,RELREGRET_1.0,cbebaa4b,702,flip_ud
12,1,1,1.0,1.0,150,False,cbebaa4b:o0,0,RELREGRET_1.0,cbebaa4b,702,identity
12,1,1,1.0,1.0,149,False,cbebaa4b:o0,0,RELREGRET_1.0,cbebaa4b,702,transpose
24,1,1,1.0,1.0,176,False,cbebaa4b:o0,0,RELREGRET_1.0,cbebaa4b,702,anti_transpose
24,1,1,1.0,1.0,32,False,cbebaa4b:o0,0,RELREGRET_1.0,cbebaa4b,702,flip_ud
24,1,1,1.0,1.0,150,False,cbebaa4b:o0,0,RELREGRET_1.0,cbebaa4b,702,identity
24,1,1,1.0,1.0,149,False,cbebaa4b:o0,0,RELREGRET_1.0,cbebaa4b,702,transpose
48,1,1,1.0,1.0,176,False,cbebaa4b:o0,0,RELREGRET_1.0,cbebaa4b,702,anti_transpose
48,1,1,1.0,1.0,32,False,cbebaa4b:o0,0,RELREGRET_1.0,cbebaa4b,702,flip_ud
48,1,1,1.0,1.0,150,False,cbebaa4b:o0,0,RELREGRET_1.0,cbebaa4b,702,identity
48,1,1,1.0,1.0,149,False,cbebaa4b:o0,0,RELREGRET_1.0,cbebaa4b,702,transpose
12,2,1.0147058823529411,1.0,1.0,,True,d59b0160:o0,0,RELREGRET_1.0,d59b0160,272,anti_transpose
12,2,1.0110294117647058,1.0,1.0,45,False,d59b0160:o0,0,RELREGRET_1.0,d59b0160,272,flip_ud
12,2,1.0036764705882353,1.0,1.0,85,False,d59b0160:o0,0,RELREGRET_1.0,d59b0160,272,identity
12,2,1.0183823529411764,1.0,1.0,,True,d59b0160:o0,0,RELREGRET_1.0,d59b0160,272,transpose
24,1,1,1.0,1.0,2,False,d59b0160:o0,0,RELREGRET_1.0,d59b0160,272,anti_transpose
24,2,1.0036764705882353,1.0,1.0,3,False,d59b0160:o0,0,RELREGRET_1.0,d59b0160,272,flip_ud
24,2,1.0073529411764706,1.0,1.0,,True,d59b0160:o0,0,RELREGRET_1.0,d59b0160,272,identity
24,2,1.0036764705882353,1.0,1.0,102,False,d59b0160:o0,0,RELREGRET_1.0,d59b0160,272,transpose
48,1,1,1.0,1.0,2,False,d59b0160:o0,0,RELREGRET_1.0,d59b0160,272,anti_transpose
48,1,1,1.0,1.0,3,False,d59b0160:o0,0,RELREGRET_1.0,d59b0160,272,flip_ud
48,2,1.0036764705882353,1.0,1.0,85,False,d59b0160:o0,0,RELREGRET_1.0,d59b0160,272,identity
48,1,1,1.0,1.0,5,False,d59b0160:o0,0,RELREGRET_1.0,d59b0160,272,transpose
12,2,1.0151515151515151,1.0,1.0,58,False,dd6b8c4b:o1,1,RELREGRET_1.0,dd6b8c4b,132,anti_transpose
12,2,1.0075757575757576,1.0,1.0,1,False,dd6b8c4b:o1,1,RELREGRET_1.0,dd6b8c4b,132,flip_ud
12,1,1,1.0,1.0,4,False,dd6b8c4b:o1,1,RELREGRET_1.0,dd6b8c4b,132,identity
12,2,1.0075757575757576,1.0,1.0,22,False,dd6b8c4b:o1,1,RELREGRET_1.0,dd6b8c4b,132,transpose
24,2,1.0075757575757576,1.0,1.0,52,False,dd6b8c4b:o1,1,RELREGRET_1.0,dd6b8c4b,132,anti_transpose
24,2,1.0075757575757576,1.0,1.0,1,False,dd6b8c4b:o1,1,RELREGRET_1.0,dd6b8c4b,132,flip_ud
24,1,1,1.0,1.0,4,False,dd6b8c4b:o1,1,RELREGRET_1.0,dd6b8c4b,132,identity
24,1,1,1.0,1.0,10,False,dd6b8c4b:o1,1,RELREGRET_1.0,dd6b8c4b,132,transpose
48,1,1,1.0,1.0,58,False,dd6b8c4b:o1,1,RELREGRET_1.0,dd6b8c4b,132,anti_transpose
48,1,1,1.0,1.0,0,False,dd6b8c4b:o1,1,RELREGRET_1.0,dd6b8c4b,132,flip_ud
48,2,1.0075757575757576,1.0,1.0,120,False,dd6b8c4b:o1,1,RELREGRET_1.0,dd6b8c4b,132,identity
48,1,1,1.0,1.0,10,False,dd6b8c4b:o1,1,RELREGRET_1.0,dd6b8c4b,132,transpose
12,3,1.0021505376344086,1.0,1.0,19,False,e3721c99:o1,1,RELREGRET_1.0,e3721c99,930,anti_transpose
12,3,1.0021505376344086,1.0,1.0,18,False,e3721c99:o1,1,RELREGRET_1.0,e3721c99,930,flip_ud
12,2,1.0010752688172042,1.0,1.0,40,False,e3721c99:o1,1,RELREGRET_1.0,e3721c99,930,identity
12,5,1.0043010752688173,1.0,1.0,481,False,e3721c99:o1,1,RELREGRET_1.0,e3721c99,930,transpose
24,2,1.0010752688172042,1.0,1.0,19,False,e3721c99:o1,1,RELREGRET_1.0,e3721c99,930,anti_transpose
24,3,1.0021505376344086,1.0,1.0,18,False,e3721c99:o1,1,RELREGRET_1.0,e3721c99,930,flip_ud
24,3,1.0043010752688173,1.0,1.0,260,False,e3721c99:o1,1,RELREGRET_1.0,e3721c99,930,identity
24,2,1.0010752688172042,1.0,1.0,481,False,e3721c99:o1,1,RELREGRET_1.0,e3721c99,930,transpose
48,2,1.0010752688172042,1.0,1.0,19,False,e3721c99:o1,1,RELREGRET_1.0,e3721c99,930,anti_transpose
48,2,1.0010752688172042,1.0,1.0,18,False,e3721c99:o1,1,RELREGRET_1.0,e3721c99,930,flip_ud
48,3,1.0032258064516129,1.0,1.0,82,False,e3721c99:o1,1,RELREGRET_1.0,e3721c99,930,identity
48,1,1,1.0,1.0,237,False,e3721c99:o1,1,RELREGRET_1.0,e3721c99,930,transpose
12,2,1.05,1.0,1.0,1,False,f931b4a8:o1,1,RELREGRET_1.0,f931b4a8,20,anti_transpose
12,3,1.1,1.0,1.0,1,False,f931b4a8:o1,1,RELREGRET_1.0,f931b4a8,20,flip_ud
12,1,1,1.0,1.0,1,False,f931b4a8:o1,1,RELREGRET_1.0,f931b4a8,20,identity
12,1,1,1.0,1.0,1,False,f931b4a8:o1,1,RELREGRET_1.0,f931b4a8,20,transpose
24,1,1,1.0,1.0,0,False,f931b4a8:o1,1,RELREGRET_1.0,f931b4a8,20,anti_transpose
24,2,1.05,1.0,1.0,2,False,f931b4a8:o1,1,RELREGRET_1.0,f931b4a8,20,flip_ud
24,2,1.05,1.0,1.0,1,False,f931b4a8:o1,1,RELREGRET_1.0,f931b4a8,20,identity
24,1,1,1.0,1.0,1,False,f931b4a8:o1,1,RELREGRET_1.0,f931b4a8,20,transpose
48,1,1,1.0,1.0,0,False,f931b4a8:o1,1,RELREGRET_1.0,f931b4a8,20,anti_transpose
48,1,1,1.0,1.0,1,False,f931b4a8:o1,1,RELREGRET_1.0,f931b4a8,20,flip_ud
48,1,1,1.0,1.0,1,False,f931b4a8:o1,1,RELREGRET_1.0,f931b4a8,20,identity
48,1,1,1.0,1.0,1,False,f931b4a8:o1,1,RELREGRET_1.0,f931b4a8,20,transpose
12,4,1.2666666666666666,1.0,2.1000000000000014,,True,0934a4d8:o0,0,RELREGRET_2.0,0934a4d8,30,anti_transpose
12,1,1,1.0,1.0,0,False,0934a4d8:o0,0,RELREGRET_2.0,0934a4d8,36,flip_ud
12,2,1.0277777777777777,1.0,1.0,0,False,0934a4d8:o0,0,RELREGRET_2.0,0934a4d8,36,identity
12,2,1.0333333333333334,1.0,1.0,0,False,0934a4d8:o0,0,RELREGRET_2.0,0934a4d8,30,transpose
24,4,1.1333333333333333,1.0,1.0,25,False,0934a4d8:o0,0,RELREGRET_2.0,0934a4d8,30,anti_transpose
24,1,1,1.0,1.0,0,False,0934a4d8:o0,0,RELREGRET_2.0,0934a4d8,36,flip_ud
24,3,1.0555555555555556,1.0,1.0,0,False,0934a4d8:o0,0,RELREGRET_2.0,0934a4d8,36,identity
24,1,1,1.0,1.0,0,False,0934a4d8:o0,0,RELREGRET_2.0,0934a4d8,30,transpose
48,1,1,1.0,1.0,15,False,0934a4d8:o0,0,RELREGRET_2.0,0934a4d8,30,anti_transpose
48,4,1.1388888888888888,1.0,1.0,24,False,0934a4d8:o0,0,RELREGRET_2.0,0934a4d8,36,flip_ud
48,1,1,1.0,1.0,0,False,0934a4d8:o0,0,RELREGRET_2.0,0934a4d8,36,identity
48,2,1.0333333333333334,1.0,1.0,0,False,0934a4d8:o0,0,RELREGRET_2.0,0934a4d8,30,transpose
12,6,1.0086021505376344,1.0,1.0,105,False,13e47133:o0,0,RELREGRET_2.0,13e47133,930,anti_transpose
12,3,1.0032258064516129,1.0,1.0,20,False,13e47133:o0,0,RELREGRET_2.0,13e47133,930,flip_ud
12,2,1.0010752688172042,1.0,1.0,139,False,13e47133:o0,0,RELREGRET_2.0,13e47133,930,identity
12,1,1,1.0,1.0,115,False,13e47133:o0,0,RELREGRET_2.0,13e47133,930,transpose
24,3,1.0021505376344086,1.0,1.0,0,False,13e47133:o0,0,RELREGRET_2.0,13e47133,930,anti_transpose
24,1,1,1.0,1.0,7,False,13e47133:o0,0,RELREGRET_2.0,13e47133,930,flip_ud
24,1,1,1.0,1.0,139,False,13e47133:o0,0,RELREGRET_2.0,13e47133,930,identity
24,1,1,1.0,1.0,115,False,13e47133:o0,0,RELREGRET_2.0,13e47133,930,transpose
48,1,1,1.0,1.0,0,False,13e47133:o0,0,RELREGRET_2.0,13e47133,930,anti_transpose
48,1,1,1.0,1.0,7,False,13e47133:o0,0,RELREGRET_2.0,13e47133,930,flip_ud
48,2,1.0010752688172042,1.0,1.0,139,False,13e47133:o0,0,RELREGRET_2.0,13e47133,930,identity
48,1,1,1.0,1.0,115,False,13e47133:o0,0,RELREGRET_2.0,13e47133,930,transpose
12,1,1,1,1.0,5,False,142ca369:o1,1,RELREGRET_2.0,142ca369,399,anti_transpose
12,2,1.0025,1.0,1.0,100,False,142ca369:o1,1,RELREGRET_2.0,142ca369,400,flip_ud
12,2,1.0025,1.0,1.0,100,False,142ca369:o1,1,RELREGRET_2.0,142ca369,400,identity
12,1,1,1,1.0,5,False,142ca369:o1,1,RELREGRET_2.0,142ca369,399,transpose
24,1,1,1,1.0,5,False,142ca369:o1,1,RELREGRET_2.0,142ca369,399,anti_transpose
24,2,1.0025,1.0,1.0,100,False,142ca369:o1,1,RELREGRET_2.0,142ca369,400,flip_ud
24,1,1,1.0,1.0,100,False,142ca369:o1,1,RELREGRET_2.0,142ca369,400,identity
24,1,1,1,1.0,5,False,142ca369:o1,1,RELREGRET_2.0,142ca369,399,transpose
48,1,1,1,1.0,5,False,142ca369:o1,1,RELREGRET_2.0,142ca369,399,anti_transpose
48,1,1,1.0,1.0,100,False,142ca369:o1,1,RELREGRET_2.0,142ca369,400,flip_ud
48,1,1,1.0,1.0,100,False,142ca369:o1,1,RELREGRET_2.0,142ca369,400,identity
48,1,1,1,1.0,5,False,142ca369:o1,1,RELREGRET_2.0,142ca369,399,transpose
12,1,1,1.0,1.0,227,False,16b78196:o0,0,RELREGRET_2.0,16b78196,930,anti_transpose
12,2,1.0010752688172042,1.0,1.0,326,False,16b78196:o0,0,RELREGRET_2.0,16b78196,930,flip_ud
12,1,1,1.0,1.0,35,False,16b78196:o0,0,RELREGRET_2.0,16b78196,930,identity
12,1,1,1.0,1.0,125,False,16b78196:o0,0,RELREGRET_2.0,16b78196,930,transpose
24,1,1,1.0,1.0,227,False,16b78196:o0,0,RELREGRET_2.0,16b78196,930,anti_transpose
24,2,1.0010752688172042,1.0,1.0,326,False,16b78196:o0,0,RELREGRET_2.0,16b78196,930,flip_ud
24,1,1,1.0,1.0,35,False,16b78196:o0,0,RELREGRET_2.0,16b78196,930,identity
24,1,1,1.0,1.0,125,False,16b78196:o0,0,RELREGRET_2.0,16b78196,930,transpose
48,1,1,1.0,1.0,227,False,16b78196:o0,0,RELREGRET_2.0,16b78196,930,anti_transpose
48,2,1.0010752688172042,1.0,1.0,326,False,16b78196:o0,0,RELREGRET_2.0,16b78196,930,flip_ud
48,1,1,1.0,1.0,35,False,16b78196:o0,0,RELREGRET_2.0,16b78196,930,identity
48,1,1,1.0,1.0,125,False,16b78196:o0,0,RELREGRET_2.0,16b78196,930,transpose
12,2,1.0095238095238095,1.0,1.0,110,False,16de56c4:o1,1,RELREGRET_2.0,16de56c4,210,anti_transpose
12,3,1.0151515151515151,1.0,1.0,9,False,16de56c4:o1,1,RELREGRET_2.0,16de56c4,198,flip_ud
12,2,1.0252525252525253,1.0,1.0,101,False,16de56c4:o1,1,RELREGRET_2.0,16de56c4,198,identity
12,2,1.0047619047619047,1.0,1.0,10,False,16de56c4:o1,1,RELREGRET_2.0,16de56c4,210,transpose
24,2,1.0142857142857142,1.0,1.0,116,False,16de56c4:o1,1,RELREGRET_2.0,16de56c4,210,anti_transpose
24,3,1.0101010101010102,1.0,1.0,9,False,16de56c4:o1,1,RELREGRET_2.0,16de56c4,198,flip_ud
24,2,1.0101010101010102,1.0,1.0,9,False,16de56c4:o1,1,RELREGRET_2.0,16de56c4,198,identity
24,3,1.0095238095238095,1.0,1.0,10,False,16de56c4:o1,1,RELREGRET_2.0,16de56c4,210,transpose
48,2,1.0095238095238095,1.0,1.0,74,False,16de56c4:o1,1,RELREGRET_2.0,16de56c4,210,anti_transpose
48,1,1,1.0,1.0,4,False,16de56c4:o1,1,RELREGRET_2.0,16de56c4,198,flip_ud
48,2,1.005050505050505,1.0,1.0,9,False,16de56c4:o1,1,RELREGRET_2.0,16de56c4,198,identity
48,2,1.0095238095238095,1.0,1.0,90,False,16de56c4:o1,1,RELREGRET_2.0,16de56c4,210,transpose
12,2,1.0166666666666666,1.0,1.0,12,False,20270e3b:o0,0,RELREGRET_2.0,20270e3b,60,anti_transpose
12,1,1,1,1.0,0,False,20270e3b:o0,0,RELREGRET_2.0,20270e3b,55,flip_ud
12,1,1,1,1.0,16,False,20270e3b:o0,0,RELREGRET_2.0,20270e3b,55,identity
12,2,1.0166666666666666,1.0,1.0,5,False,20270e3b:o0,0,RELREGRET_2.0,20270e3b,60,transpose
24,2,1.0333333333333334,1.0,1.0,12,False,20270e3b:o0,0,RELREGRET_2.0,20270e3b,60,anti_transpose
24,1,1,1,1.0,0,False,20270e3b:o0,0,RELREGRET_2.0,20270e3b,55,flip_ud
24,1,1,1,1.0,16,False,20270e3b:o0,0,RELREGRET_2.0,20270e3b,55,identity
24,2,1.0166666666666666,1.0,1.0,5,False,20270e3b:o0,0,RELREGRET_2.0,20270e3b,60,transpose
48,2,1.0166666666666666,1.0,1.0,12,False,20270e3b:o0,0,RELREGRET_2.0,20270e3b,60,anti_transpose
48,2,1.0363636363636364,1,1.0,5,False,20270e3b:o0,0,RELREGRET_2.0,20270e3b,55,flip_ud
48,1,1,1,1.0,16,False,20270e3b:o0,0,RELREGRET_2.0,20270e3b,55,identity
48,1,1,1.0,1.0,5,False,20270e3b:o0,0,RELREGRET_2.0,20270e3b,60,transpose
12,1,1,1.0,1.0,14,False,247ef758:o1,1,RELREGRET_2.0,247ef758,234,anti_transpose
12,1,1,1.0,1.0,35,False,247ef758:o1,1,RELREGRET_2.0,247ef758,228,flip_ud
12,1,1,1.0,1.0,0,False,247ef758:o1,1,RELREGRET_2.0,247ef758,228,identity
12,2,1.0042735042735043,1.0,1.0,21,False,247ef758:o1,1,RELREGRET_2.0,247ef758,234,transpose
24,1,1,1.0,1.0,14,False,247ef758:o1,1,RELREGRET_2.0,247ef758,234,anti_transpose
24,1,1,1.0,1.0,35,False,247ef758:o1,1,RELREGRET_2.0,247ef758,228,flip_ud
24,1,1,1.0,1.0,0,False,247ef758:o1,1,RELREGRET_2.0,247ef758,228,identity
24,1,1,1.0,1.0,0,False,247ef758:o1,1,RELREGRET_2.0,247ef758,234,transpose
48,1,1,1.0,1.0,14,False,247ef758:o1,1,RELREGRET_2.0,247ef758,234,anti_transpose
48,1,1,1.0,1.0,35,False,247ef758:o1,1,RELREGRET_2.0,247ef758,228,flip_ud
48,1,1,1.0,1.0,0,False,247ef758:o1,1,RELREGRET_2.0,247ef758,228,identity
48,1,1,1.0,1.0,0,False,247ef758:o1,1,RELREGRET_2.0,247ef758,234,transpose
12,2,1.0023809523809524,1.0,1.0,267,False,332f06d7:o0,0,RELREGRET_2.0,332f06d7,420,anti_transpose
12,2,1.0071428571428571,1.0,1.0,319,False,332f06d7:o0,0,RELREGRET_2.0,332f06d7,420,flip_ud
12,1,1,1.0,1.0,25,False,332f06d7:o0,0,RELREGRET_2.0,332f06d7,420,identity
12,1,1,1.0,1.0,85,False,332f06d7:o0,0,RELREGRET_2.0,332f06d7,420,transpose
24,2,1.0023809523809524,1.0,1.0,267,False,332f06d7:o0,0,RELREGRET_2.0,332f06d7,420,anti_transpose
24,2,1.0023809523809524,1.0,1.0,319,False,332f06d7:o0,0,RELREGRET_2.0,332f06d7,420,flip_ud
24,1,1,1.0,1.0,25,False,332f06d7:o0,0,RELREGRET_2.0,332f06d7,420,identity
24,2,1.0023809523809524,1.0,1.0,85,False,332f06d7:o0,0,RELREGRET_2.0,332f06d7,420,transpose
48,1,1,1.0,1.0,267,False,332f06d7:o0,0,RELREGRET_2.0,332f06d7,420,anti_transpose
48,2,1.0023809523809524,1.0,1.0,319,False,332f06d7:o0,0,RELREGRET_2.0,332f06d7,420,flip_ud
48,1,1,1.0,1.0,25,False,332f06d7:o0,0,RELREGRET_2.0,332f06d7,420,identity
48,1,1,1.0,1.0,85,False,332f06d7:o0,0,RELREGRET_2.0,332f06d7,420,transpose
12,2,1.002849002849003,1.0,1.0,380,False,446ef5d2:o0,0,RELREGRET_2.0,446ef5d2,702,anti_transpose
12,1,1,1.0,1.0,56,False,446ef5d2:o0,0,RELREGRET_2.0,446ef5d2,702,flip_ud
12,1,1,1.0,1.0,56,False,446ef5d2:o0,0,RELREGRET_2.0,446ef5d2,702,identity
12,1,1,1.0,1.0,56,False,446ef5d2:o0,0,RELREGRET_2.0,446ef5d2,702,transpose
24,1,1,1.0,1.0,380,False,446ef5d2:o0,0,RELREGRET_2.0,446ef5d2,702,anti_transpose
24,1,1,1.0,1.0,56,False,446ef5d2:o0,0,RELREGRET_2.0,446ef5d2,702,flip_ud
24,1,1,1.0,1.0,56,False,446ef5d2:o0,0,RELREGRET_2.0,446ef5d2,702,identity
24,1,1,1.0,1.0,56,False,446ef5d2:o0,0,RELREGRET_2.0,446ef5d2,702,transpose
48,1,1,1.0,1.0,380,False,446ef5d2:o0,0,RELREGRET_2.0,446ef5d2,702,anti_transpose
48,1,1,1.0,1.0,56,False,446ef5d2:o0,0,RELREGRET_2.0,446ef5d2,702,flip_ud
48,1,1,1.0,1.0,56,False,446ef5d2:o0,0,RELREGRET_2.0,446ef5d2,702,identity
48,1,1,1.0,1.0,56,False,446ef5d2:o0,0,RELREGRET_2.0,446ef5d2,702,transpose
12,1,1,1.0,1.0,53,False,446ef5d2:o1,1,RELREGRET_2.0,446ef5d2,420,anti_transpose
12,2,1.019047619047619,1.0,1.0,233,False,446ef5d2:o1,1,RELREGRET_2.0,446ef5d2,420,flip_ud
12,1,1,1.0,1.0,44,False,446ef5d2:o1,1,RELREGRET_2.0,446ef5d2,420,identity
12,1,1,1.0,1.0,44,False,446ef5d2:o1,1,RELREGRET_2.0,446ef5d2,420,transpose
24,1,1,1.0,1.0,53,False,446ef5d2:o1,1,RELREGRET_2.0,446ef5d2,420,anti_transpose
24,2,1.019047619047619,1.0,1.0,233,False,446ef5d2:o1,1,RELREGRET_2.0,446ef5d2,420,flip_ud
24,1,1,1.0,1.0,44,False,446ef5d2:o1,1,RELREGRET_2.0,446ef5d2,420,identity
24,1,1,1.0,1.0,44,False,446ef5d2:o1,1,RELREGRET_2.0,446ef5d2,420,transpose
48,1,1,1.0,1.0,53,False,446ef5d2:o1,1,RELREGRET_2.0,446ef5d2,420,anti_transpose
48,2,1.019047619047619,1.0,1.0,233,False,446ef5d2:o1,1,RELREGRET_2.0,446ef5d2,420,flip_ud
48,1,1,1.0,1.0,44,False,446ef5d2:o1,1,RELREGRET_2.0,446ef5d2,420,identity
48,1,1,1.0,1.0,44,False,446ef5d2:o1,1,RELREGRET_2.0,446ef5d2,420,transpose
12,3,1.010909090909091,1,1.0,12,False,5dbc8537:o0,0,RELREGRET_2.0,5dbc8537,275,anti_transpose
12,1,1,1.0,1.0,26,False,5dbc8537:o0,0,RELREGRET_2.0,5dbc8537,260,flip_ud
12,3,1.0192307692307692,1.0,1.0,39,False,5dbc8537:o0,0,RELREGRET_2.0,5dbc8537,260,identity
12,4,1.029090909090909,1,1.0,179,False,5dbc8537:o0,0,RELREGRET_2.0,5dbc8537,275,transpose
24,1,1,1,1.0,1,False,5dbc8537:o0,0,RELREGRET_2.0,5dbc8537,275,anti_transpose
24,2,1.0038461538461538,1.0,1.0,26,False,5dbc8537:o0,0,RELREGRET_2.0,5dbc8537,260,flip_ud
24,4,1.0115384615384615,1.0,1.0,29,False,5dbc8537:o0,0,RELREGRET_2.0,5dbc8537,260,identity
24,2,1.0072727272727273,1,1.0,179,False,5dbc8537:o0,0,RELREGRET_2.0,5dbc8537,275,transpose
48,1,1,1,1.0,1,False,5dbc8537:o0,0,RELREGRET_2.0,5dbc8537,275,anti_transpose
48,1,1,1.0,1.0,26,False,5dbc8537:o0,0,RELREGRET_2.0,5dbc8537,260,flip_ud
48,3,1.0115384615384615,1.0,1.0,33,False,5dbc8537:o0,0,RELREGRET_2.0,5dbc8537,260,identity
48,3,1.0072727272727273,1,1.0,2,False,5dbc8537:o0,0,RELREGRET_2.0,5dbc8537,275,transpose
12,2,1.005952380952381,1.0,1.0,28,False,5dbc8537:o1,1,RELREGRET_2.0,5dbc8537,168,anti_transpose
12,4,1.0277777777777777,1.0,1.0,66,False,5dbc8537:o1,1,RELREGRET_2.0,5dbc8537,180,flip_ud
12,5,1.05,1.0,1.0,102,False,5dbc8537:o1,1,RELREGRET_2.0,5dbc8537,180,identity
12,3,1.0178571428571428,1.0,1.0,34,False,5dbc8537:o1,1,RELREGRET_2.0,5dbc8537,168,transpose
24,1,1,1.0,1.0,28,False,5dbc8537:o1,1,RELREGRET_2.0,5dbc8537,168,anti_transpose
24,2,1.011111111111111,1.0,1.0,37,False,5dbc8537:o1,1,RELREGRET_2.0,5dbc8537,180,flip_ud
24,3,1.038888888888889,1.0,1.0,102,False,5dbc8537:o1,1,RELREGRET_2.0,5dbc8537,180,identity
24,2,1.0119047619047619,1.0,1.0,29,False,5dbc8537:o1,1,RELREGRET_2.0,5dbc8537,168,transpose
48,1,1,1.0,1.0,28,False,5dbc8537:o1,1,RELREGRET_2.0,5dbc8537,168,anti_transpose
48,1,1,1.0,1.0,2,False,5dbc8537:o1,1,RELREGRET_2.0,5dbc8537,180,flip_ud
48,4,1.0222222222222221,1.0,1.0,92,False,5dbc8537:o1,1,RELREGRET_2.0,5dbc8537,180,identity
48,1,1,1.0,1.0,29,False,5dbc8537:o1,1,RELREGRET_2.0,5dbc8537,168,transpose
12,3,1.0057471264367817,1.0,1.0,13,False,64efde09:o0,0,RELREGRET_2.0,64efde09,870,anti_transpose
12,1,1,1.0,1.0,19,False,64efde09:o0,0,RELREGRET_2.0,64efde09,870,flip_ud
12,2,1.0057471264367817,1.0,1.0,150,False,64efde09:o0,0,RELREGRET_2.0,64efde09,870,identity
12,3,1.0057471264367817,1.0,1.0,5,False,64efde09:o0,0,RELREGRET_2.0,64efde09,870,transpose
24,3,1.0045977011494254,1.0,1.0,5,False,64efde09:o0,0,RELREGRET_2.0,64efde09,870,anti_transpose
24,3,1.0022988505747126,1.0,1.0,19,False,64efde09:o0,0,RELREGRET_2.0,64efde09,870,flip_ud
24,2,1.0034482758620689,1.0,1.0,139,False,64efde09:o0,0,RELREGRET_2.0,64efde09,870,identity
24,2,1.0045977011494254,1.0,1.0,23,False,64efde09:o0,0,RELREGRET_2.0,64efde09,870,transpose
48,2,1.0034482758620689,1.0,1.0,13,False,64efde09:o0,0,RELREGRET_2.0,64efde09,870,anti_transpose
48,1,1,1.0,1.0,19,False,64efde09:o0,0,RELREGRET_2.0,64efde09,870,flip_ud
48,2,1.0011494252873563,1.0,1.0,139,False,64efde09:o0,0,RELREGRET_2.0,64efde09,870,identity
48,2,1.0011494252873563,1.0,1.0,23,False,64efde09:o0,0,RELREGRET_2.0,64efde09,870,transpose
12,2,1.0274725274725274,1.0,1.0,8,False,6ffbe589:o0,0,RELREGRET_2.0,6ffbe589,182,anti_transpose
12,2,1.0714285714285714,1.0,1.0,46,False,6ffbe589:o0,0,RELREGRET_2.0,6ffbe589,182,flip_ud
12,2,1.0274725274725274,1.0,1.0,10,False,6ffbe589:o0,0,RELREGRET_2.0,6ffbe589,182,identity
12,2,1.0274725274725274,1.0,1.0,9,False,6ffbe589:o0,0,RELREGRET_2.0,6ffbe589,182,transpose
24,2,1.0274725274725274,1.0,1.0,8,False,6ffbe589:o0,0,RELREGRET_2.0,6ffbe589,182,anti_transpose
24,2,1.032967032967033,1.0,1.0,10,False,6ffbe589:o0,0,RELREGRET_2.0,6ffbe589,182,flip_ud
24,2,1.032967032967033,1.0,1.0,10,False,6ffbe589:o0,0,RELREGRET_2.0,6ffbe589,182,identity
24,2,1.0054945054945055,1.0,1.0,4,False,6ffbe589:o0,0,RELREGRET_2.0,6ffbe589,182,transpose
48,2,1.0054945054945055,1.0,1.0,4,False,6ffbe589:o0,0,RELREGRET_2.0,6ffbe589,182,anti_transpose
48,2,1.0274725274725274,1.0,1.0,10,False,6ffbe589:o0,0,RELREGRET_2.0,6ffbe589,182,flip_ud
48,2,1.0164835164835164,1.0,1.0,10,False,6ffbe589:o0,0,RELREGRET_2.0,6ffbe589,182,identity
48,1,1,1.0,1.0,4,False,6ffbe589:o0,0,RELREGRET_2.0,6ffbe589,182,transpose
12,2,1.01,1.0,1.0,36,False,7491f3cf:o0,0,RELREGRET_2.0,7491f3cf,200,anti_transpose
12,2,1.010989010989011,1.0,1.0,123,False,7491f3cf:o0,0,RELREGRET_2.0,7491f3cf,182,flip_ud
12,1,1,1.0,1.0,45,False,7491f3cf:o0,0,RELREGRET_2.0,7491f3cf,182,identity
12,2,1.01,1.0,1.0,,True,7491f3cf:o0,0,RELREGRET_2.0,7491f3cf,200,transpose
24,2,1.005,1.0,1.0,33,False,7491f3cf:o0,0,RELREGRET_2.0,7491f3cf,200,anti_transpose
24,1,1,1.0,1.0,45,False,7491f3cf:o0,0,RELREGRET_2.0,7491f3cf,182,flip_ud
24,2,1.0054945054945055,1.0,1.0,48,False,7491f3cf:o0,0,RELREGRET_2.0,7491f3cf,182,identity
24,2,1.005,1.0,1.0,156,False,7491f3cf:o0,0,RELREGRET_2.0,7491f3cf,200,transpose
48,1,1,1.0,1.0,12,False,7491f3cf:o0,0,RELREGRET_2.0,7491f3cf,200,anti_transpose
48,1,1,1.0,1.0,45,False,7491f3cf:o0,0,RELREGRET_2.0,7491f3cf,182,flip_ud
48,1,1,1.0,1.0,45,False,7491f3cf:o0,0,RELREGRET_2.0,7491f3cf,182,identity
48,1,1,1.0,1.0,153,False,7491f3cf:o0,0,RELREGRET_2.0,7491f3cf,200,transpose
12,4,1.0053763440860215,1.0,1.0,111,False,898e7135:o0,0,RELREGRET_2.0,898e7135,930,anti_transpose
12,3,1.0053763440860215,1.0,1.0,288,False,898e7135:o0,0,RELREGRET_2.0,898e7135,930,flip_ud
12,2,1.0021505376344086,1.0,1.0,96,False,898e7135:o0,0,RELREGRET_2.0,898e7135,930,identity
12,5,1.0043010752688173,1.0,1.0,64,False,898e7135:o0,0,RELREGRET_2.0,898e7135,930,transpose
24,1,1,1.0,1.0,20,False,898e7135:o0,0,RELREGRET_2.0,898e7135,930,anti_transpose
24,1,1,1.0,1.0,20,False,898e7135:o0,0,RELREGRET_2.0,898e7135,930,flip_ud
24,1,1,1.0,1.0,20,False,898e7135:o0,0,RELREGRET_2.0,898e7135,930,identity
24,2,1.0010752688172042,1.0,1.0,64,False,898e7135:o0,0,RELREGRET_2.0,898e7135,930,transpose
48,1,1,1.0,1.0,20,False,898e7135:o0,0,RELREGRET_2.0,898e7135,930,anti_transpose
48,1,1,1.0,1.0,20,False,898e7135:o0,0,RELREGRET_2.0,898e7135,930,flip_ud
48,1,1,1.0,1.0,20,False,898e7135:o0,0,RELREGRET_2.0,898e7135,930,identity
48,2,1.0021505376344086,1.0,1.0,64,False,898e7135:o0,0,RELREGRET_2.0,898e7135,930,transpose
12,4,1.0153846153846153,1.0,1.0,29,False,9385bd28:o0,0,RELREGRET_2.0,9385bd28,260,anti_transpose
12,4,1.0300751879699248,1.0,1.0,116,False,9385bd28:o0,0,RELREGRET_2.0,9385bd28,266,flip_ud
12,2,1.0150375939849625,1.0,1.0,22,False,9385bd28:o0,0,RELREGRET_2.0,9385bd28,266,identity
12,3,1.0192307692307692,1.0,1.0,80,False,9385bd28:o0,0,RELREGRET_2.0,9385bd28,260,transpose
24,2,1.0153846153846153,1.0,1.0,35,False,9385bd28:o0,0,RELREGRET_2.0,9385bd28,260,anti_transpose
24,2,1.0075187969924813,1.0,1.0,21,False,9385bd28:o0,0,RELREGRET_2.0,9385bd28,266,flip_ud
24,3,1.0112781954887218,1.0,1.0,22,False,9385bd28:o0,0,RELREGRET_2.0,9385bd28,266,identity
24,1,1,1.0,1.0,44,False,9385bd28:o0,0,RELREGRET_2.0,9385bd28,260,transpose
48,2,1.0038461538461538,1.0,1.0,35,False,9385bd28:o0,0,RELREGRET_2.0,9385bd28,260,anti_transpose
48,2,1.0037593984962405,1.0,1.0,21,False,9385bd28:o0,0,RELREGRET_2.0,9385bd28,266,flip_ud
48,2,1.0075187969924813,1.0,1.0,19,False,9385bd28:o0,0,RELREGRET_2.0,9385bd28,266,identity
48,1,1,1.0,1.0,44,False,9385bd28:o0,0,RELREGRET_2.0,9385bd28,260,transpose
12,2,1.040909090909091,1.0,1.0,,True,97d7923e:o0,0,RELREGRET_2.0,97d7923e,220,anti_transpose
12,2,1.019047619047619,1.0,1.0,,True,97d7923e:o0,0,RELREGRET_2.0,97d7923e,210,flip_ud
12,2,1.0285714285714285,1.0,1.0,174,False,97d7923e:o0,0,RELREGRET_2.0,97d7923e,210,identity
12,2,1.009090909090909,1.0,1.0,74,False,97d7923e:o0,0,RELREGRET_2.0,97d7923e,220,transpose
24,1,1,1.0,1.0,12,False,97d7923e:o0,0,RELREGRET_2.0,97d7923e,220,anti_transpose
24,2,1.0095238095238095,1.0,1.0,27,False,97d7923e:o0,0,RELREGRET_2.0,97d7923e,210,flip_ud
24,2,1.0047619047619047,1.0,1.0,129,False,97d7923e:o0,0,RELREGRET_2.0,97d7923e,210,identity
24,2,1.0045454545454546,1.0,1.0,39,False,97d7923e:o0,0,RELREGRET_2.0,97d7923e,220,transpose
48,2,1.0136363636363637,1.0,1.0,199,False,97d7923e:o0,0,RELREGRET_2.0,97d7923e,220,anti_transpose
48,2,1.0047619047619047,1.0,1.0,27,False,97d7923e:o0,0,RELREGRET_2.0,97d7923e,210,flip_ud
48,2,1.019047619047619,1.0,1.0,,True,97d7923e:o0,0,RELREGRET_2.0,97d7923e,210,identity
48,2,1.0045454545454546,1.0,1.0,74,False,97d7923e:o0,0,RELREGRET_2.0,97d7923e,220,transpose
12,3,1.0032258064516129,1.0,1.0,0,False,a32d8b75:o0,0,RELREGRET_2.0,a32d8b75,620,anti_transpose
12,1,1,1.0,1.0,14,False,a32d8b75:o0,0,RELREGRET_2.0,a32d8b75,630,flip_ud
12,2,1.0015873015873016,1.0,1.0,0,False,a32d8b75:o0,0,RELREGRET_2.0,a32d8b75,630,identity
12,2,1.0016129032258065,1.0,1.0,0,False,a32d8b75:o0,0,RELREGRET_2.0,a32d8b75,620,transpose
24,3,1.0032258064516129,1.0,1.0,0,False,a32d8b75:o0,0,RELREGRET_2.0,a32d8b75,620,anti_transpose
24,1,1,1.0,1.0,14,False,a32d8b75:o0,0,RELREGRET_2.0,a32d8b75,630,flip_ud
24,2,1.0015873015873016,1.0,1.0,0,False,a32d8b75:o0,0,RELREGRET_2.0,a32d8b75,630,identity
24,2,1.0016129032258065,1.0,1.0,0,False,a32d8b75:o0,0,RELREGRET_2.0,a32d8b75,620,transpose
48,1,1,1.0,1.0,0,False,a32d8b75:o0,0,RELREGRET_2.0,a32d8b75,620,anti_transpose
48,1,1,1.0,1.0,14,False,a32d8b75:o0,0,RELREGRET_2.0,a32d8b75,630,flip_ud
48,1,1,1.0,1.0,0,False,a32d8b75:o0,0,RELREGRET_2.0,a32d8b75,630,identity
48,1,1,1.0,1.0,0,False,a32d8b75:o0,0,RELREGRET_2.0,a32d8b75,620,transpose
12,2,1.0073313782991202,1.0,1.0,62,False,a32d8b75:o1,1,RELREGRET_2.0,a32d8b75,682,anti_transpose
12,2,1.0028985507246377,1.0,1.0,20,False,a32d8b75:o1,1,RELREGRET_2.0,a32d8b75,690,flip_ud
12,2,1.0057971014492753,1.0,1.0,115,False,a32d8b75:o1,1,RELREGRET_2.0,a32d8b75,690,identity
12,2,1.001466275659824,1.0,1.0,5,False,a32d8b75:o1,1,RELREGRET_2.0,a32d8b75,682,transpose
24,2,1.0102639296187683,1.0,1.0,62,False,a32d8b75:o1,1,RELREGRET_2.0,a32d8b75,682,anti_transpose
24,2,1.0072463768115942,1.0,1.0,20,False,a32d8b75:o1,1,RELREGRET_2.0,a32d8b75,690,flip_ud
24,2,1.0014492753623188,1.0,1.0,115,False,a32d8b75:o1,1,RELREGRET_2.0,a32d8b75,690,identity
24,2,1.001466275659824,1.0,1.0,5,False,a32d8b75:o1,1,RELREGRET_2.0,a32d8b75,682,transpose
48,1,1,1.0,1.0,62,False,a32d8b75:o1,1,RELREGRET_2.0,a32d8b75,682,anti_transpose
48,2,1.0057971014492753,1.0,1.0,20,False,a32d8b75:o1,1,RELREGRET_2.0,a32d8b75,690,flip_ud
48,2,1.0014492753623188,1.0,1.0,115,False,a32d8b75:o1,1,RELREGRET_2.0,a32d8b75,690,identity
48,2,1.001466275659824,1.0,1.0,5,False,a32d8b75:o1,1,RELREGRET_2.0,a32d8b75,682,transpose
12,2,1.0026455026455026,1.0,1.0,158,False,c4d067a0:o0,0,RELREGRET_2.0,c4d067a0,756,anti_transpose
12,1,1,1.0,1.0,92,False,c4d067a0:o0,0,RELREGRET_2.0,c4d067a0,756,flip_ud
12,1,1,1.0,1.0,148,False,c4d067a0:o0,0,RELREGRET_2.0,c4d067a0,756,identity
12,1,1,1.0,1.0,229,False,c4d067a0:o0,0,RELREGRET_2.0,c4d067a0,756,transpose
24,1,1,1.0,1.0,148,False,c4d067a0:o0,0,RELREGRET_2.0,c4d067a0,756,anti_transpose
24,1,1,1.0,1.0,92,False,c4d067a0:o0,0,RELREGRET_2.0,c4d067a0,756,flip_ud
24,1,1,1.0,1.0,148,False,c4d067a0:o0,0,RELREGRET_2.0,c4d067a0,756,identity
24,1,1,1.0,1.0,229,False,c4d067a0:o0,0,RELREGRET_2.0,c4d067a0,756,transpose
48,1,1,1.0,1.0,148,False,c4d067a0:o0,0,RELREGRET_2.0,c4d067a0,756,anti_transpose
48,1,1,1.0,1.0,92,False,c4d067a0:o0,0,RELREGRET_2.0,c4d067a0,756,flip_ud
48,1,1,1.0,1.0,148,False,c4d067a0:o0,0,RELREGRET_2.0,c4d067a0,756,identity
48,1,1,1.0,1.0,229,False,c4d067a0:o0,0,RELREGRET_2.0,c4d067a0,756,transpose
12,1,1,1.0,1.0,60,False,cb2d8a2c:o0,0,RELREGRET_2.0,cb2d8a2c,390,anti_transpose
12,1,1,1.0,1.0,10,False,cb2d8a2c:o0,0,RELREGRET_2.0,cb2d8a2c,378,flip_ud
12,2,1.0026455026455026,1.0,1.0,57,False,cb2d8a2c:o0,0,RELREGRET_2.0,cb2d8a2c,378,identity
12,1,1,1.0,1.0,7,False,cb2d8a2c:o0,0,RELREGRET_2.0,cb2d8a2c,390,transpose
24,1,1,1.0,1.0,60,False,cb2d8a2c:o0,0,RELREGRET_2.0,cb2d8a2c,390,anti_transpose
24,1,1,1.0,1.0,10,False,cb2d8a2c:o0,0,RELREGRET_2.0,cb2d8a2c,378,flip_ud
24,1,1,1.0,1.0,57,False,cb2d8a2c:o0,0,RELREGRET_2.0,cb2d8a2c,378,identity
24,1,1,1.0,1.0,7,False,cb2d8a2c:o0,0,RELREGRET_2.0,cb2d8a2c,390,transpose
48,2,1.0025641025641026,1.0,1.0,60,False,cb2d8a2c:o0,0,RELREGRET_2.0,cb2d8a2c,390,anti_transpose
48,1,1,1.0,1.0,10,False,cb2d8a2c:o0,0,RELREGRET_2.0,cb2d8a2c,378,flip_ud
48,1,1,1.0,1.0,57,False,cb2d8a2c:o0,0,RELREGRET_2.0,cb2d8a2c,378,identity
48,1,1,1.0,1.0,7,False,cb2d8a2c:o0,0,RELREGRET_2.0,cb2d8a2c,390,transpose
12,1,1,1.0,1.0,60,False,cb2d8a2c:o1,1,RELREGRET_2.0,cb2d8a2c,480,anti_transpose
12,1,1,1,1.0,13,False,cb2d8a2c:o1,1,RELREGRET_2.0,cb2d8a2c,493,flip_ud
12,2,1.0081135902636917,1,1.0,377,False,cb2d8a2c:o1,1,RELREGRET_2.0,cb2d8a2c,493,identity
12,2,1.0020833333333334,1.0,1.0,66,False,cb2d8a2c:o1,1,RELREGRET_2.0,cb2d8a2c,480,transpose
24,1,1,1.0,1.0,60,False,cb2d8a2c:o1,1,RELREGRET_2.0,cb2d8a2c,480,anti_transpose
24,1,1,1,1.0,13,False,cb2d8a2c:o1,1,RELREGRET_2.0,cb2d8a2c,493,flip_ud
24,2,1.0081135902636917,1,1.0,223,False,cb2d8a2c:o1,1,RELREGRET_2.0,cb2d8a2c,493,identity
24,2,1.0020833333333334,1.0,1.0,66,False,cb2d8a2c:o1,1,RELREGRET_2.0,cb2d8a2c,480,transpose
48,1,1,1.0,1.0,60,False,cb2d8a2c:o1,1,RELREGRET_2.0,cb2d8a2c,480,anti_transpose
48,1,1,1,1.0,13,False,cb2d8a2c:o1,1,RELREGRET_2.0,cb2d8a2c,493,flip_ud
48,2,1.002028397565923,1,1.0,88,False,cb2d8a2c:o1,1,RELREGRET_2.0,cb2d8a2c,493,identity
48,1,1,1.0,1.0,61,False,cb2d8a2c:o1,1,RELREGRET_2.0,cb2d8a2c,480,transpose
12,2,1.0014245014245013,1.0,1.0,179,False,cbebaa4b:o0,0,RELREGRET_2.0,cbebaa4b,702,anti_transpose
12,1,1,1.0,1.0,32,False,cbebaa4b:o0,0,RELREGRET_2.0,cbebaa4b,702,flip_ud
12,1,1,1.0,1.0,150,False,cbebaa4b:o0,0,RELREGRET_2.0,cbebaa4b,702,identity
12,1,1,1.0,1.0,149,False,cbebaa4b:o0,0,RELREGRET_2.0,cbebaa4b,702,transpose
24,1,1,1.0,1.0,176,False,cbebaa4b:o0,0,RELREGRET_2.0,cbebaa4b,702,anti_transpose
24,1,1,1.0,1.0,32,False,cbebaa4b:o0,0,RELREGRET_2.0,cbebaa4b,702,flip_ud
24,1,1,1.0,1.0,150,False,cbebaa4b:o0,0,RELREGRET_2.0,cbebaa4b,702,identity
24,1,1,1.0,1.0,149,False,cbebaa4b:o0,0,RELREGRET_2.0,cbebaa4b,702,transpose
48,1,1,1.0,1.0,176,False,cbebaa4b:o0,0,RELREGRET_2.0,cbebaa4b,702,anti_transpose
48,1,1,1.0,1.0,32,False,cbebaa4b:o0,0,RELREGRET_2.0,cbebaa4b,702,flip_ud
48,1,1,1.0,1.0,150,False,cbebaa4b:o0,0,RELREGRET_2.0,cbebaa4b,702,identity
48,1,1,1.0,1.0,149,False,cbebaa4b:o0,0,RELREGRET_2.0,cbebaa4b,702,transpose
12,2,1.0220588235294117,1.0,1.0,,True,d59b0160:o0,0,RELREGRET_2.0,d59b0160,272,anti_transpose
12,2,1.0220588235294117,1.0,1.0,,True,d59b0160:o0,0,RELREGRET_2.0,d59b0160,272,flip_ud
12,2,1.0183823529411764,1.0,1.0,,True,d59b0160:o0,0,RELREGRET_2.0,d59b0160,272,identity
12,2,1.0220588235294117,1.0,1.0,,True,d59b0160:o0,0,RELREGRET_2.0,d59b0160,272,transpose
24,2,1.0183823529411764,1.0,1.0,,True,d59b0160:o0,0,RELREGRET_2.0,d59b0160,272,anti_transpose
24,2,1.0073529411764706,1.0,1.0,6,False,d59b0160:o0,0,RELREGRET_2.0,d59b0160,272,flip_ud
24,2,1.0147058823529411,1.0,1.0,,True,d59b0160:o0,0,RELREGRET_2.0,d59b0160,272,identity
24,2,1.0147058823529411,1.0,1.0,,True,d59b0160:o0,0,RELREGRET_2.0,d59b0160,272,transpose
48,1,1,1.0,1.0,2,False,d59b0160:o0,0,RELREGRET_2.0,d59b0160,272,anti_transpose
48,1,1,1.0,1.0,3,False,d59b0160:o0,0,RELREGRET_2.0,d59b0160,272,flip_ud
48,2,1.0036764705882353,1.0,1.0,85,False,d59b0160:o0,0,RELREGRET_2.0,d59b0160,272,identity
48,1,1,1.0,1.0,5,False,d59b0160:o0,0,RELREGRET_2.0,d59b0160,272,transpose
12,2,1.0303030303030303,1.0,1.0,58,False,dd6b8c4b:o1,1,RELREGRET_2.0,dd6b8c4b,132,anti_transpose
12,2,1.0075757575757576,1.0,1.0,1,False,dd6b8c4b:o1,1,RELREGRET_2.0,dd6b8c4b,132,flip_ud
12,1,1,1.0,1.0,4,False,dd6b8c4b:o1,1,RELREGRET_2.0,dd6b8c4b,132,identity
12,2,1.0075757575757576,1.0,1.0,22,False,dd6b8c4b:o1,1,RELREGRET_2.0,dd6b8c4b,132,transpose
24,2,1.0227272727272727,1.0,1.0,58,False,dd6b8c4b:o1,1,RELREGRET_2.0,dd6b8c4b,132,anti_transpose
24,2,1.0075757575757576,1.0,1.0,1,False,dd6b8c4b:o1,1,RELREGRET_2.0,dd6b8c4b,132,flip_ud
24,2,1.0227272727272727,1.0,1.0,121,False,dd6b8c4b:o1,1,RELREGRET_2.0,dd6b8c4b,132,identity
24,1,1,1.0,1.0,10,False,dd6b8c4b:o1,1,RELREGRET_2.0,dd6b8c4b,132,transpose
48,2,1.0151515151515151,1.0,1.0,120,False,dd6b8c4b:o1,1,RELREGRET_2.0,dd6b8c4b,132,anti_transpose
48,1,1,1.0,1.0,0,False,dd6b8c4b:o1,1,RELREGRET_2.0,dd6b8c4b,132,flip_ud
48,2,1.0075757575757576,1.0,1.0,120,False,dd6b8c4b:o1,1,RELREGRET_2.0,dd6b8c4b,132,identity
48,1,1,1.0,1.0,10,False,dd6b8c4b:o1,1,RELREGRET_2.0,dd6b8c4b,132,transpose
12,5,1.0043010752688173,1.0,1.0,32,False,e3721c99:o1,1,RELREGRET_2.0,e3721c99,930,anti_transpose
12,4,1.0032258064516129,1.0,1.0,18,False,e3721c99:o1,1,RELREGRET_2.0,e3721c99,930,flip_ud
12,5,1.0053763440860215,1.0,1.0,260,False,e3721c99:o1,1,RELREGRET_2.0,e3721c99,930,identity
12,5,1.0086021505376344,1.0,1.0,481,False,e3721c99:o1,1,RELREGRET_2.0,e3721c99,930,transpose
24,3,1.0021505376344086,1.0,1.0,19,False,e3721c99:o1,1,RELREGRET_2.0,e3721c99,930,anti_transpose
24,4,1.0032258064516129,1.0,1.0,18,False,e3721c99:o1,1,RELREGRET_2.0,e3721c99,930,flip_ud
24,5,1.0086021505376344,1.0,1.0,260,False,e3721c99:o1,1,RELREGRET_2.0,e3721c99,930,identity
24,4,1.0043010752688173,1.0,1.0,481,False,e3721c99:o1,1,RELREGRET_2.0,e3721c99,930,transpose
48,3,1.0021505376344086,1.0,1.0,19,False,e3721c99:o1,1,RELREGRET_2.0,e3721c99,930,anti_transpose
48,2,1.0010752688172042,1.0,1.0,18,False,e3721c99:o1,1,RELREGRET_2.0,e3721c99,930,flip_ud
48,4,1.0053763440860215,1.0,1.0,82,False,e3721c99:o1,1,RELREGRET_2.0,e3721c99,930,identity
48,3,1.0032258064516129,1.0,1.0,481,False,e3721c99:o1,1,RELREGRET_2.0,e3721c99,930,transpose
12,2,1.1,1.0,1.1000000000000014,1,False,f931b4a8:o1,1,RELREGRET_2.0,f931b4a8,20,anti_transpose
12,5,1.4,1.0,2.0,11,False,f931b4a8:o1,1,RELREGRET_2.0,f931b4a8,20,flip_ud
12,1,1,1.0,1.0,1,False,f931b4a8:o1,1,RELREGRET_2.0,f931b4a8,20,identity
12,1,1,1.0,1.0,1,False,f931b4a8:o1,1,RELREGRET_2.0,f931b4a8,20,transpose
24,1,1,1.0,1.0,0,False,f931b4a8:o1,1,RELREGRET_2.0,f931b4a8,20,anti_transpose
24,4,1.3,1.0,2.1000000000000014,2,False,f931b4a8:o1,1,RELREGRET_2.0,f931b4a8,20,flip_ud
24,2,1.05,1.0,1.0,1,False,f931b4a8:o1,1,RELREGRET_2.0,f931b4a8,20,identity
24,1,1,1.0,1.0,1,False,f931b4a8:o1,1,RELREGRET_2.0,f931b4a8,20,transpose
48,1,1,1.0,1.0,0,False,f931b4a8:o1,1,RELREGRET_2.0,f931b4a8,20,anti_transpose
48,1,1,1.0,1.0,1,False,f931b4a8:o1,1,RELREGRET_2.0,f931b4a8,20,flip_ud
48,1,1,1.0,1.0,1,False,f931b4a8:o1,1,RELREGRET_2.0,f931b4a8,20,identity
48,1,1,1.0,1.0,1,False,f931b4a8:o1,1,RELREGRET_2.0,f931b4a8,20,transpose
12,7,1.6,1.0,3.3000000000000043,,True,0934a4d8:o0,0,RELREGRET_4.0,0934a4d8,30,anti_transpose
12,2,1.0555555555555556,1.0,1.0,20,False,0934a4d8:o0,0,RELREGRET_4.0,0934a4d8,36,flip_ud
12,2,1.0277777777777777,1.0,1.0,0,False,0934a4d8:o0,0,RELREGRET_4.0,0934a4d8,36,identity
12,2,1.0333333333333334,1.0,1.0,0,False,0934a4d8:o0,0,RELREGRET_4.0,0934a4d8,30,transpose
24,6,1.3333333333333333,1.0,1.0,25,False,0934a4d8:o0,0,RELREGRET_4.0,0934a4d8,30,anti_transpose
24,4,1.1944444444444444,1.0,2.0,24,False,0934a4d8:o0,0,RELREGRET_4.0,0934a4d8,36,flip_ud
24,6,1.3055555555555556,1.0,1.0,4,False,0934a4d8:o0,0,RELREGRET_4.0,0934a4d8,36,identity
24,2,1.0333333333333334,1.0,1.0,0,False,0934a4d8:o0,0,RELREGRET_4.0,0934a4d8,30,transpose
48,4,1.2,1.0,1.0,25,False,0934a4d8:o0,0,RELREGRET_4.0,0934a4d8,30,anti_transpose
48,7,1.3611111111111112,1.0,1.0,24,False,0934a4d8:o0,0,RELREGRET_4.0,0934a4d8,36,flip_ud
48,5,1.1111111111111112,1.0,1.0,1,False,0934a4d8:o0,0,RELREGRET_4.0,0934a4d8,36,identity
48,3,1.0666666666666667,1.0,1.0,0,False,0934a4d8:o0,0,RELREGRET_4.0,0934a4d8,30,transpose
12,7,1.0161290322580645,1.0,1.0,105,False,13e47133:o0,0,RELREGRET_4.0,13e47133,930,anti_transpose
12,6,1.0075268817204301,1.0,1.0,20,False,13e47133:o0,0,RELREGRET_4.0,13e47133,930,flip_ud
12,2,1.0032258064516129,1.0,1.0,139,False,13e47133:o0,0,RELREGRET_4.0,13e47133,930,identity
12,2,1.0010752688172042,1.0,1.0,115,False,13e47133:o0,0,RELREGRET_4.0,13e47133,930,transpose
24,4,1.0032258064516129,1.0,1.0,0,False,13e47133:o0,0,RELREGRET_4.0,13e47133,930,anti_transpose
24,1,1,1.0,1.0,7,False,13e47133:o0,0,RELREGRET_4.0,13e47133,930,flip_ud
24,1,1,1.0,1.0,139,False,13e47133:o0,0,RELREGRET_4.0,13e47133,930,identity
24,1,1,1.0,1.0,115,False,13e47133:o0,0,RELREGRET_4.0,13e47133,930,transpose
48,1,1,1.0,1.0,0,False,13e47133:o0,0,RELREGRET_4.0,13e47133,930,anti_transpose
48,1,1,1.0,1.0,7,False,13e47133:o0,0,RELREGRET_4.0,13e47133,930,flip_ud
48,2,1.0032258064516129,1.0,1.0,169,False,13e47133:o0,0,RELREGRET_4.0,13e47133,930,identity
48,1,1,1.0,1.0,115,False,13e47133:o0,0,RELREGRET_4.0,13e47133,930,transpose
12,2,1.0025062656641603,1,1.0,5,False,142ca369:o1,1,RELREGRET_4.0,142ca369,399,anti_transpose
12,3,1.0225,1.0,1.0,100,False,142ca369:o1,1,RELREGRET_4.0,142ca369,400,flip_ud
12,3,1.01,1.0,1.0,100,False,142ca369:o1,1,RELREGRET_4.0,142ca369,400,identity
12,1,1,1,1.0,5,False,142ca369:o1,1,RELREGRET_4.0,142ca369,399,transpose
24,2,1.0025062656641603,1,1.0,5,False,142ca369:o1,1,RELREGRET_4.0,142ca369,399,anti_transpose
24,3,1.0125,1.0,1.0,100,False,142ca369:o1,1,RELREGRET_4.0,142ca369,400,flip_ud
24,2,1.0075,1.0,1.0,100,False,142ca369:o1,1,RELREGRET_4.0,142ca369,400,identity
24,1,1,1,1.0,5,False,142ca369:o1,1,RELREGRET_4.0,142ca369,399,transpose
48,1,1,1,1.0,5,False,142ca369:o1,1,RELREGRET_4.0,142ca369,399,anti_transpose
48,1,1,1.0,1.0,100,False,142ca369:o1,1,RELREGRET_4.0,142ca369,400,flip_ud
48,1,1,1.0,1.0,100,False,142ca369:o1,1,RELREGRET_4.0,142ca369,400,identity
48,1,1,1,1.0,5,False,142ca369:o1,1,RELREGRET_4.0,142ca369,399,transpose
12,1,1,1.0,1.0,227,False,16b78196:o0,0,RELREGRET_4.0,16b78196,930,anti_transpose
12,5,1.0043010752688173,1.0,1.0,326,False,16b78196:o0,0,RELREGRET_4.0,16b78196,930,flip_ud
12,1,1,1.0,1.0,35,False,16b78196:o0,0,RELREGRET_4.0,16b78196,930,identity
12,1,1,1.0,1.0,125,False,16b78196:o0,0,RELREGRET_4.0,16b78196,930,transpose
24,1,1,1.0,1.0,227,False,16b78196:o0,0,RELREGRET_4.0,16b78196,930,anti_transpose
24,2,1.0010752688172042,1.0,1.0,326,False,16b78196:o0,0,RELREGRET_4.0,16b78196,930,flip_ud
24,1,1,1.0,1.0,35,False,16b78196:o0,0,RELREGRET_4.0,16b78196,930,identity
24,3,1.0032258064516129,1.0,1.0,125,False,16b78196:o0,0,RELREGRET_4.0,16b78196,930,transpose
48,2,1.0021505376344086,1.0,1.0,227,False,16b78196:o0,0,RELREGRET_4.0,16b78196,930,anti_transpose
48,4,1.0043010752688173,1.0,1.0,332,False,16b78196:o0,0,RELREGRET_4.0,16b78196,930,flip_ud
48,1,1,1.0,1.0,35,False,16b78196:o0,0,RELREGRET_4.0,16b78196,930,identity
48,2,1.0010752688172042,1.0,1.0,125,False,16b78196:o0,0,RELREGRET_4.0,16b78196,930,transpose
12,4,1.0857142857142856,1.0,1.0,116,False,16de56c4:o1,1,RELREGRET_4.0,16de56c4,210,anti_transpose
12,3,1.0252525252525253,1.0,1.0,13,False,16de56c4:o1,1,RELREGRET_4.0,16de56c4,198,flip_ud
12,5,1.095959595959596,1.0,1.0,139,False,16de56c4:o1,1,RELREGRET_4.0,16de56c4,198,identity
12,6,1.042857142857143,1.0,1.0,90,False,16de56c4:o1,1,RELREGRET_4.0,16de56c4,210,transpose
24,2,1.0285714285714285,1.0,1.0,132,False,16de56c4:o1,1,RELREGRET_4.0,16de56c4,210,anti_transpose
24,3,1.02020202020202,1.0,1.0,9,False,16de56c4:o1,1,RELREGRET_4.0,16de56c4,198,flip_ud
24,4,1.0303030303030303,1.0,1.0,9,False,16de56c4:o1,1,RELREGRET_4.0,16de56c4,198,identity
24,5,1.0285714285714285,1.0,1.0,90,False,16de56c4:o1,1,RELREGRET_4.0,16de56c4,210,transpose
48,2,1.019047619047619,1.0,1.0,112,False,16de56c4:o1,1,RELREGRET_4.0,16de56c4,210,anti_transpose
48,3,1.0151515151515151,1.0,1.0,4,False,16de56c4:o1,1,RELREGRET_4.0,16de56c4,198,flip_ud
48,2,1.0101010101010102,1.0,1.0,9,False,16de56c4:o1,1,RELREGRET_4.0,16de56c4,198,identity
48,2,1.019047619047619,1.0,1.0,90,False,16de56c4:o1,1,RELREGRET_4.0,16de56c4,210,transpose
12,2,1.0333333333333334,1.0,1.0,12,False,20270e3b:o0,0,RELREGRET_4.0,20270e3b,60,anti_transpose
12,2,1.018181818181818,1,1.0,5,False,20270e3b:o0,0,RELREGRET_4.0,20270e3b,55,flip_ud
12,2,1.1090909090909091,1,1.6000000000000014,,True,20270e3b:o0,0,RELREGRET_4.0,20270e3b,55,identity
12,2,1.0166666666666666,1.0,1.0,5,False,20270e3b:o0,0,RELREGRET_4.0,20270e3b,60,transpose
24,2,1.0333333333333334,1.0,1.0,12,False,20270e3b:o0,0,RELREGRET_4.0,20270e3b,60,anti_transpose
24,2,1.018181818181818,1,1.0,5,False,20270e3b:o0,0,RELREGRET_4.0,20270e3b,55,flip_ud
24,2,1.0363636363636364,1,1.0,,True,20270e3b:o0,0,RELREGRET_4.0,20270e3b,55,identity
24,2,1.0166666666666666,1.0,1.0,5,False,20270e3b:o0,0,RELREGRET_4.0,20270e3b,60,transpose
48,2,1.0333333333333334,1.0,1.0,12,False,20270e3b:o0,0,RELREGRET_4.0,20270e3b,60,anti_transpose
48,2,1.0727272727272728,1,1.0,5,False,20270e3b:o0,0,RELREGRET_4.0,20270e3b,55,flip_ud
48,2,1.018181818181818,1,1.0,16,False,20270e3b:o0,0,RELREGRET_4.0,20270e3b,55,identity
48,2,1.0333333333333334,1.0,1.0,31,False,20270e3b:o0,0,RELREGRET_4.0,20270e3b,60,transpose
12,1,1,1.0,1.0,14,False,247ef758:o1,1,RELREGRET_4.0,247ef758,234,anti_transpose
12,2,1.0043859649122806,1.0,1.0,35,False,247ef758:o1,1,RELREGRET_4.0,247ef758,228,flip_ud
12,2,1.0175438596491229,1.0,1.0,126,False,247ef758:o1,1,RELREGRET_4.0,247ef758,228,identity
12,2,1.0128205128205128,1.0,1.0,162,False,247ef758:o1,1,RELREGRET_4.0,247ef758,234,transpose
24,1,1,1.0,1.0,14,False,247ef758:o1,1,RELREGRET_4.0,247ef758,234,anti_transpose
24,1,1,1.0,1.0,35,False,247ef758:o1,1,RELREGRET_4.0,247ef758,228,flip_ud
24,2,1.0087719298245614,1.0,1.0,33,False,247ef758:o1,1,RELREGRET_4.0,247ef758,228,identity
24,1,1,1.0,1.0,0,False,247ef758:o1,1,RELREGRET_4.0,247ef758,234,transpose
48,1,1,1.0,1.0,14,False,247ef758:o1,1,RELREGRET_4.0,247ef758,234,anti_transpose
48,1,1,1.0,1.0,35,False,247ef758:o1,1,RELREGRET_4.0,247ef758,228,flip_ud
48,2,1.0043859649122806,1.0,1.0,68,False,247ef758:o1,1,RELREGRET_4.0,247ef758,228,identity
48,1,1,1.0,1.0,0,False,247ef758:o1,1,RELREGRET_4.0,247ef758,234,transpose
12,2,1.0404761904761906,1.0,1.0,,True,332f06d7:o0,0,RELREGRET_4.0,332f06d7,420,anti_transpose
12,3,1.0309523809523808,1.0,1.0,,True,332f06d7:o0,0,RELREGRET_4.0,332f06d7,420,flip_ud
12,1,1,1.0,1.0,25,False,332f06d7:o0,0,RELREGRET_4.0,332f06d7,420,identity
12,3,1.0095238095238095,1.0,1.0,85,False,332f06d7:o0,0,RELREGRET_4.0,332f06d7,420,transpose
24,2,1.0333333333333334,1.0,1.0,267,False,332f06d7:o0,0,RELREGRET_4.0,332f06d7,420,anti_transpose
24,2,1.0119047619047619,1.0,1.0,319,False,332f06d7:o0,0,RELREGRET_4.0,332f06d7,420,flip_ud
24,1,1,1.0,1.0,25,False,332f06d7:o0,0,RELREGRET_4.0,332f06d7,420,identity
24,2,1.0023809523809524,1.0,1.0,85,False,332f06d7:o0,0,RELREGRET_4.0,332f06d7,420,transpose
48,1,1,1.0,1.0,267,False,332f06d7:o0,0,RELREGRET_4.0,332f06d7,420,anti_transpose
48,3,1.0047619047619047,1.0,1.0,319,False,332f06d7:o0,0,RELREGRET_4.0,332f06d7,420,flip_ud
48,1,1,1.0,1.0,25,False,332f06d7:o0,0,RELREGRET_4.0,332f06d7,420,identity
48,1,1,1.0,1.0,85,False,332f06d7:o0,0,RELREGRET_4.0,332f06d7,420,transpose
12,2,1.0754985754985755,1.0,1.0,417,False,446ef5d2:o0,0,RELREGRET_4.0,446ef5d2,702,anti_transpose
12,1,1,1.0,1.0,56,False,446ef5d2:o0,0,RELREGRET_4.0,446ef5d2,702,flip_ud
12,1,1,1.0,1.0,56,False,446ef5d2:o0,0,RELREGRET_4.0,446ef5d2,702,identity
12,1,1,1.0,1.0,56,False,446ef5d2:o0,0,RELREGRET_4.0,446ef5d2,702,transpose
24,2,1.064102564102564,1.0,1.0,412,False,446ef5d2:o0,0,RELREGRET_4.0,446ef5d2,702,anti_transpose
24,2,1.0014245014245013,1.0,1.0,66,False,446ef5d2:o0,0,RELREGRET_4.0,446ef5d2,702,flip_ud
24,1,1,1.0,1.0,56,False,446ef5d2:o0,0,RELREGRET_4.0,446ef5d2,702,identity
24,1,1,1.0,1.0,56,False,446ef5d2:o0,0,RELREGRET_4.0,446ef5d2,702,transpose
48,2,1.0341880341880343,1.0,1.0,417,False,446ef5d2:o0,0,RELREGRET_4.0,446ef5d2,702,anti_transpose
48,2,1.0014245014245013,1.0,1.0,66,False,446ef5d2:o0,0,RELREGRET_4.0,446ef5d2,702,flip_ud
48,1,1,1.0,1.0,56,False,446ef5d2:o0,0,RELREGRET_4.0,446ef5d2,702,identity
48,1,1,1.0,1.0,56,False,446ef5d2:o0,0,RELREGRET_4.0,446ef5d2,702,transpose
12,2,1.0023809523809524,1.0,1.0,53,False,446ef5d2:o1,1,RELREGRET_4.0,446ef5d2,420,anti_transpose
12,2,1.0928571428571427,1.0,1.0,259,False,446ef5d2:o1,1,RELREGRET_4.0,446ef5d2,420,flip_ud
12,1,1,1.0,1.0,44,False,446ef5d2:o1,1,RELREGRET_4.0,446ef5d2,420,identity
12,1,1,1.0,1.0,44,False,446ef5d2:o1,1,RELREGRET_4.0,446ef5d2,420,transpose
24,1,1,1.0,1.0,53,False,446ef5d2:o1,1,RELREGRET_4.0,446ef5d2,420,anti_transpose
24,2,1.1714285714285715,1.0,2.0,248,False,446ef5d2:o1,1,RELREGRET_4.0,446ef5d2,420,flip_ud
24,1,1,1.0,1.0,44,False,446ef5d2:o1,1,RELREGRET_4.0,446ef5d2,420,identity
24,1,1,1.0,1.0,44,False,446ef5d2:o1,1,RELREGRET_4.0,446ef5d2,420,transpose
48,2,1.0023809523809524,1.0,1.0,53,False,446ef5d2:o1,1,RELREGRET_4.0,446ef5d2,420,anti_transpose
48,2,1.0714285714285714,1.0,1.0,244,False,446ef5d2:o1,1,RELREGRET_4.0,446ef5d2,420,flip_ud
48,1,1,1.0,1.0,44,False,446ef5d2:o1,1,RELREGRET_4.0,446ef5d2,420,identity
48,1,1,1.0,1.0,44,False,446ef5d2:o1,1,RELREGRET_4.0,446ef5d2,420,transpose
12,6,1.0327272727272727,1,1.0,12,False,5dbc8537:o0,0,RELREGRET_4.0,5dbc8537,275,anti_transpose
12,5,1.0269230769230768,1.0,1.0,74,False,5dbc8537:o0,0,RELREGRET_4.0,5dbc8537,260,flip_ud
12,8,1.1,1.0,1.0,70,False,5dbc8537:o0,0,RELREGRET_4.0,5dbc8537,260,identity
12,5,1.0763636363636364,1,1.0,,True,5dbc8537:o0,0,RELREGRET_4.0,5dbc8537,275,transpose
24,2,1.0072727272727273,1,1.0,1,False,5dbc8537:o0,0,RELREGRET_4.0,5dbc8537,275,anti_transpose
24,2,1.0038461538461538,1.0,1.0,26,False,5dbc8537:o0,0,RELREGRET_4.0,5dbc8537,260,flip_ud
24,7,1.0423076923076924,1.0,1.0,39,False,5dbc8537:o0,0,RELREGRET_4.0,5dbc8537,260,identity
24,3,1.0363636363636364,1,1.0,222,False,5dbc8537:o0,0,RELREGRET_4.0,5dbc8537,275,transpose
48,2,1.0036363636363637,1,1.0,1,False,5dbc8537:o0,0,RELREGRET_4.0,5dbc8537,275,anti_transpose
48,1,1,1.0,1.0,26,False,5dbc8537:o0,0,RELREGRET_4.0,5dbc8537,260,flip_ud
48,3,1.0192307692307692,1.0,1.0,39,False,5dbc8537:o0,0,RELREGRET_4.0,5dbc8537,260,identity
48,6,1.0472727272727274,1,1.0,,True,5dbc8537:o0,0,RELREGRET_4.0,5dbc8537,275,transpose
12,2,1.005952380952381,1.0,1.0,28,False,5dbc8537:o1,1,RELREGRET_4.0,5dbc8537,168,anti_transpose
12,6,1.0666666666666667,1.0,1.0,66,False,5dbc8537:o1,1,RELREGRET_4.0,5dbc8537,180,flip_ud
12,6,1.1222222222222222,1.0,1.0,102,False,5dbc8537:o1,1,RELREGRET_4.0,5dbc8537,180,identity
12,8,1.0952380952380953,1.0,1.0,52,False,5dbc8537:o1,1,RELREGRET_4.0,5dbc8537,168,transpose
24,1,1,1.0,1.0,28,False,5dbc8537:o1,1,RELREGRET_4.0,5dbc8537,168,anti_transpose
24,5,1.038888888888889,1.0,1.0,37,False,5dbc8537:o1,1,RELREGRET_4.0,5dbc8537,180,flip_ud
24,6,1.1277777777777778,1.0,1.0,,True,5dbc8537:o1,1,RELREGRET_4.0,5dbc8537,180,identity
24,4,1.0238095238095237,1.0,1.0,29,False,5dbc8537:o1,1,RELREGRET_4.0,5dbc8537,168,transpose
48,2,1.005952380952381,1.0,1.0,28,False,5dbc8537:o1,1,RELREGRET_4.0,5dbc8537,168,anti_transpose
48,2,1.0055555555555555,1.0,1.0,2,False,5dbc8537:o1,1,RELREGRET_4.0,5dbc8537,180,flip_ud
48,6,1.0611111111111111,1.0,1.0,92,False,5dbc8537:o1,1,RELREGRET_4.0,5dbc8537,180,identity
48,3,1.0178571428571428,1.0,1.0,29,False,5dbc8537:o1,1,RELREGRET_4.0,5dbc8537,168,transpose
12,5,1.0206896551724138,1.0,1.0,150,False,64efde09:o0,0,RELREGRET_4.0,64efde09,870,anti_transpose
12,3,1.0034482758620689,1.0,1.0,30,False,64efde09:o0,0,RELREGRET_4.0,64efde09,870,flip_ud
12,4,1.0160919540229885,1.0,1.0,690,False,64efde09:o0,0,RELREGRET_4.0,64efde09,870,identity
12,3,1.006896551724138,1.0,1.0,23,False,64efde09:o0,0,RELREGRET_4.0,64efde09,870,transpose
24,5,1.0114942528735633,1.0,1.0,13,False,64efde09:o0,0,RELREGRET_4.0,64efde09,870,anti_transpose
24,4,1.006896551724138,1.0,1.0,416,False,64efde09:o0,0,RELREGRET_4.0,64efde09,870,flip_ud
24,3,1.0080459770114942,1.0,1.0,139,False,64efde09:o0,0,RELREGRET_4.0,64efde09,870,identity
24,3,1.0080459770114942,1.0,1.0,23,False,64efde09:o0,0,RELREGRET_4.0,64efde09,870,transpose
48,3,1.0045977011494254,1.0,1.0,13,False,64efde09:o0,0,RELREGRET_4.0,64efde09,870,anti_transpose
48,2,1.0011494252873563,1.0,1.0,19,False,64efde09:o0,0,RELREGRET_4.0,64efde09,870,flip_ud
48,3,1.006896551724138,1.0,1.0,150,False,64efde09:o0,0,RELREGRET_4.0,64efde09,870,identity
48,3,1.0080459770114942,1.0,1.0,570,False,64efde09:o0,0,RELREGRET_4.0,64efde09,870,transpose
12,3,1.065934065934066,1.0,1.0,46,False,6ffbe589:o0,0,RELREGRET_4.0,6ffbe589,182,anti_transpose
12,3,1.1538461538461537,1.0,2.0,47,False,6ffbe589:o0,0,RELREGRET_4.0,6ffbe589,182,flip_ud
12,3,1.0824175824175823,1.0,1.0,19,False,6ffbe589:o0,0,RELREGRET_4.0,6ffbe589,182,identity
12,2,1.065934065934066,1.0,1.0,59,False,6ffbe589:o0,0,RELREGRET_4.0,6ffbe589,182,transpose
24,2,1.0494505494505495,1.0,1.0,45,False,6ffbe589:o0,0,RELREGRET_4.0,6ffbe589,182,anti_transpose
24,2,1.098901098901099,1.0,1.0,46,False,6ffbe589:o0,0,RELREGRET_4.0,6ffbe589,182,flip_ud
24,3,1.0934065934065933,1.0,1.0,46,False,6ffbe589:o0,0,RELREGRET_4.0,6ffbe589,182,identity
24,2,1.032967032967033,1.0,1.0,9,False,6ffbe589:o0,0,RELREGRET_4.0,6ffbe589,182,transpose
48,2,1.032967032967033,1.0,1.0,8,False,6ffbe589:o0,0,RELREGRET_4.0,6ffbe589,182,anti_transpose
48,2,1.0494505494505495,1.0,1.0,11,False,6ffbe589:o0,0,RELREGRET_4.0,6ffbe589,182,flip_ud
48,2,1.043956043956044,1.0,1.0,11,False,6ffbe589:o0,0,RELREGRET_4.0,6ffbe589,182,identity
48,2,1.010989010989011,1.0,1.0,4,False,6ffbe589:o0,0,RELREGRET_4.0,6ffbe589,182,transpose
12,3,1.025,1.0,1.0,36,False,7491f3cf:o0,0,RELREGRET_4.0,7491f3cf,200,anti_transpose
12,3,1.0274725274725274,1.0,1.0,123,False,7491f3cf:o0,0,RELREGRET_4.0,7491f3cf,182,flip_ud
12,3,1.010989010989011,1.0,1.0,48,False,7491f3cf:o0,0,RELREGRET_4.0,7491f3cf,182,identity
12,4,1.04,1.0,1.0,,True,7491f3cf:o0,0,RELREGRET_4.0,7491f3cf,200,transpose
24,2,1.01,1.0,1.0,33,False,7491f3cf:o0,0,RELREGRET_4.0,7491f3cf,200,anti_transpose
24,2,1.0054945054945055,1.0,1.0,123,False,7491f3cf:o0,0,RELREGRET_4.0,7491f3cf,182,flip_ud
24,2,1.0054945054945055,1.0,1.0,48,False,7491f3cf:o0,0,RELREGRET_4.0,7491f3cf,182,identity
24,2,1.025,1.0,1.0,,True,7491f3cf:o0,0,RELREGRET_4.0,7491f3cf,200,transpose
48,1,1,1.0,1.0,12,False,7491f3cf:o0,0,RELREGRET_4.0,7491f3cf,200,anti_transpose
48,2,1.0054945054945055,1.0,1.0,123,False,7491f3cf:o0,0,RELREGRET_4.0,7491f3cf,182,flip_ud
48,1,1,1.0,1.0,45,False,7491f3cf:o0,0,RELREGRET_4.0,7491f3cf,182,identity
48,1,1,1.0,1.0,153,False,7491f3cf:o0,0,RELREGRET_4.0,7491f3cf,200,transpose
12,5,1.0075268817204301,1.0,1.0,111,False,898e7135:o0,0,RELREGRET_4.0,898e7135,930,anti_transpose
12,5,1.0139784946236559,1.0,1.0,480,False,898e7135:o0,0,RELREGRET_4.0,898e7135,930,flip_ud
12,4,1.0043010752688173,1.0,1.0,96,False,898e7135:o0,0,RELREGRET_4.0,898e7135,930,identity
12,5,1.0053763440860215,1.0,1.0,64,False,898e7135:o0,0,RELREGRET_4.0,898e7135,930,transpose
24,2,1.0010752688172042,1.0,1.0,96,False,898e7135:o0,0,RELREGRET_4.0,898e7135,930,anti_transpose
24,1,1,1.0,1.0,20,False,898e7135:o0,0,RELREGRET_4.0,898e7135,930,flip_ud
24,1,1,1.0,1.0,20,False,898e7135:o0,0,RELREGRET_4.0,898e7135,930,identity
24,2,1.0021505376344086,1.0,1.0,64,False,898e7135:o0,0,RELREGRET_4.0,898e7135,930,transpose
48,1,1,1.0,1.0,20,False,898e7135:o0,0,RELREGRET_4.0,898e7135,930,anti_transpose
48,1,1,1.0,1.0,20,False,898e7135:o0,0,RELREGRET_4.0,898e7135,930,flip_ud
48,2,1.0010752688172042,1.0,1.0,64,False,898e7135:o0,0,RELREGRET_4.0,898e7135,930,identity
48,5,1.0075268817204301,1.0,1.0,64,False,898e7135:o0,0,RELREGRET_4.0,898e7135,930,transpose
12,7,1.103846153846154,1.0,1.0,35,False,9385bd28:o0,0,RELREGRET_4.0,9385bd28,260,anti_transpose
12,6,1.0676691729323309,1.0,1.0,116,False,9385bd28:o0,0,RELREGRET_4.0,9385bd28,266,flip_ud
12,6,1.0639097744360901,1.0,1.0,46,False,9385bd28:o0,0,RELREGRET_4.0,9385bd28,266,identity
12,6,1.0769230769230769,1.0,1.0,83,False,9385bd28:o0,0,RELREGRET_4.0,9385bd28,260,transpose
24,5,1.0692307692307692,1.0,1.0,35,False,9385bd28:o0,0,RELREGRET_4.0,9385bd28,260,anti_transpose
24,2,1.0150375939849625,1.0,1.0,21,False,9385bd28:o0,0,RELREGRET_4.0,9385bd28,266,flip_ud
24,3,1.0263157894736843,1.0,1.0,22,False,9385bd28:o0,0,RELREGRET_4.0,9385bd28,266,identity
24,2,1.0038461538461538,1.0,1.0,44,False,9385bd28:o0,0,RELREGRET_4.0,9385bd28,260,transpose
48,2,1.0076923076923077,1.0,1.0,35,False,9385bd28:o0,0,RELREGRET_4.0,9385bd28,260,anti_transpose
48,2,1.0037593984962405,1.0,1.0,21,False,9385bd28:o0,0,RELREGRET_4.0,9385bd28,266,flip_ud
48,3,1.0112781954887218,1.0,1.0,19,False,9385bd28:o0,0,RELREGRET_4.0,9385bd28,266,identity
48,2,1.0038461538461538,1.0,1.0,44,False,9385bd28:o0,0,RELREGRET_4.0,9385bd28,260,transpose
12,2,1.0454545454545454,1.0,1.0,,True,97d7923e:o0,0,RELREGRET_4.0,97d7923e,220,anti_transpose
12,2,1.042857142857143,1.0,1.0,,True,97d7923e:o0,0,RELREGRET_4.0,97d7923e,210,flip_ud
12,2,1.042857142857143,1.0,1.0,,True,97d7923e:o0,0,RELREGRET_4.0,97d7923e,210,identity
12,2,1.018181818181818,1.0,1.0,203,False,97d7923e:o0,0,RELREGRET_4.0,97d7923e,220,transpose
24,2,1.009090909090909,1.0,1.0,144,False,97d7923e:o0,0,RELREGRET_4.0,97d7923e,220,anti_transpose
24,2,1.0142857142857142,1.0,1.0,,True,97d7923e:o0,0,RELREGRET_4.0,97d7923e,210,flip_ud
24,2,1.019047619047619,1.0,1.0,174,False,97d7923e:o0,0,RELREGRET_4.0,97d7923e,210,identity
24,2,1.0045454545454546,1.0,1.0,39,False,97d7923e:o0,0,RELREGRET_4.0,97d7923e,220,transpose
48,2,1.0318181818181817,1.0,1.0,,True,97d7923e:o0,0,RELREGRET_4.0,97d7923e,220,anti_transpose
48,2,1.0095238095238095,1.0,1.0,27,False,97d7923e:o0,0,RELREGRET_4.0,97d7923e,210,flip_ud
48,2,1.0333333333333334,1.0,1.0,,True,97d7923e:o0,0,RELREGRET_4.0,97d7923e,210,identity
48,2,1.009090909090909,1.0,1.0,74,False,97d7923e:o0,0,RELREGRET_4.0,97d7923e,220,transpose
12,4,1.0048387096774194,1.0,1.0,6,False,a32d8b75:o0,0,RELREGRET_4.0,a32d8b75,620,anti_transpose
12,3,1.0174603174603174,1.0,1.0,14,False,a32d8b75:o0,0,RELREGRET_4.0,a32d8b75,630,flip_ud
12,3,1.007936507936508,1.0,1.0,4,False,a32d8b75:o0,0,RELREGRET_4.0,a32d8b75,630,identity
12,3,1.0064516129032257,1.0,1.0,4,False,a32d8b75:o0,0,RELREGRET_4.0,a32d8b75,620,transpose
24,3,1.0032258064516129,1.0,1.0,0,False,a32d8b75:o0,0,RELREGRET_4.0,a32d8b75,620,anti_transpose
24,3,1.007936507936508,1.0,1.0,14,False,a32d8b75:o0,0,RELREGRET_4.0,a32d8b75,630,flip_ud
24,3,1.011111111111111,1.0,1.0,42,False,a32d8b75:o0,0,RELREGRET_4.0,a32d8b75,630,identity
24,2,1.0016129032258065,1.0,1.0,0,False,a32d8b75:o0,0,RELREGRET_4.0,a32d8b75,620,transpose
48,3,1.0032258064516129,1.0,1.0,0,False,a32d8b75:o0,0,RELREGRET_4.0,a32d8b75,620,anti_transpose
48,2,1.0015873015873016,1.0,1.0,14,False,a32d8b75:o0,0,RELREGRET_4.0,a32d8b75,630,flip_ud
48,1,1,1.0,1.0,0,False,a32d8b75:o0,0,RELREGRET_4.0,a32d8b75,630,identity
48,2,1.0032258064516129,1.0,1.0,4,False,a32d8b75:o0,0,RELREGRET_4.0,a32d8b75,620,transpose
12,3,1.0483870967741935,1.0,1.0,217,False,a32d8b75:o1,1,RELREGRET_4.0,a32d8b75,682,anti_transpose
12,2,1.0115942028985507,1.0,1.0,20,False,a32d8b75:o1,1,RELREGRET_4.0,a32d8b75,690,flip_ud
12,2,1.0405797101449274,1.0,1.0,350,False,a32d8b75:o1,1,RELREGRET_4.0,a32d8b75,690,identity
12,2,1.0102639296187683,1.0,1.0,20,False,a32d8b75:o1,1,RELREGRET_4.0,a32d8b75,682,transpose
24,2,1.033724340175953,1.0,1.0,237,False,a32d8b75:o1,1,RELREGRET_4.0,a32d8b75,682,anti_transpose
24,2,1.0115942028985507,1.0,1.0,120,False,a32d8b75:o1,1,RELREGRET_4.0,a32d8b75,690,flip_ud
24,2,1.018840579710145,1.0,1.0,350,False,a32d8b75:o1,1,RELREGRET_4.0,a32d8b75,690,identity
24,2,1.0043988269794721,1.0,1.0,20,False,a32d8b75:o1,1,RELREGRET_4.0,a32d8b75,682,transpose
48,2,1.0043988269794721,1.0,1.0,62,False,a32d8b75:o1,1,RELREGRET_4.0,a32d8b75,682,anti_transpose
48,2,1.008695652173913,1.0,1.0,20,False,a32d8b75:o1,1,RELREGRET_4.0,a32d8b75,690,flip_ud
48,2,1.0028985507246377,1.0,1.0,115,False,a32d8b75:o1,1,RELREGRET_4.0,a32d8b75,690,identity
48,2,1.001466275659824,1.0,1.0,5,False,a32d8b75:o1,1,RELREGRET_4.0,a32d8b75,682,transpose
12,2,1.0092592592592593,1.0,1.0,423,False,c4d067a0:o0,0,RELREGRET_4.0,c4d067a0,756,anti_transpose
12,2,1.0013227513227514,1.0,1.0,92,False,c4d067a0:o0,0,RELREGRET_4.0,c4d067a0,756,flip_ud
12,1,1,1.0,1.0,148,False,c4d067a0:o0,0,RELREGRET_4.0,c4d067a0,756,identity
12,1,1,1.0,1.0,229,False,c4d067a0:o0,0,RELREGRET_4.0,c4d067a0,756,transpose
24,1,1,1.0,1.0,148,False,c4d067a0:o0,0,RELREGRET_4.0,c4d067a0,756,anti_transpose
24,2,1.0013227513227514,1.0,1.0,92,False,c4d067a0:o0,0,RELREGRET_4.0,c4d067a0,756,flip_ud
24,1,1,1.0,1.0,148,False,c4d067a0:o0,0,RELREGRET_4.0,c4d067a0,756,identity
24,1,1,1.0,1.0,229,False,c4d067a0:o0,0,RELREGRET_4.0,c4d067a0,756,transpose
48,1,1,1.0,1.0,148,False,c4d067a0:o0,0,RELREGRET_4.0,c4d067a0,756,anti_transpose
48,1,1,1.0,1.0,92,False,c4d067a0:o0,0,RELREGRET_4.0,c4d067a0,756,flip_ud
48,1,1,1.0,1.0,148,False,c4d067a0:o0,0,RELREGRET_4.0,c4d067a0,756,identity
48,1,1,1.0,1.0,229,False,c4d067a0:o0,0,RELREGRET_4.0,c4d067a0,756,transpose
12,2,1.023076923076923,1.0,1.0,226,False,cb2d8a2c:o0,0,RELREGRET_4.0,cb2d8a2c,390,anti_transpose
12,1,1,1.0,1.0,10,False,cb2d8a2c:o0,0,RELREGRET_4.0,cb2d8a2c,378,flip_ud
12,2,1.0052910052910053,1.0,1.0,57,False,cb2d8a2c:o0,0,RELREGRET_4.0,cb2d8a2c,378,identity
12,1,1,1.0,1.0,7,False,cb2d8a2c:o0,0,RELREGRET_4.0,cb2d8a2c,390,transpose
24,2,1.005128205128205,1.0,1.0,60,False,cb2d8a2c:o0,0,RELREGRET_4.0,cb2d8a2c,390,anti_transpose
24,1,1,1.0,1.0,10,False,cb2d8a2c:o0,0,RELREGRET_4.0,cb2d8a2c,378,flip_ud
24,1,1,1.0,1.0,57,False,cb2d8a2c:o0,0,RELREGRET_4.0,cb2d8a2c,378,identity
24,1,1,1.0,1.0,7,False,cb2d8a2c:o0,0,RELREGRET_4.0,cb2d8a2c,390,transpose
48,2,1.0025641025641026,1.0,1.0,60,False,cb2d8a2c:o0,0,RELREGRET_4.0,cb2d8a2c,390,anti_transpose
48,1,1,1.0,1.0,10,False,cb2d8a2c:o0,0,RELREGRET_4.0,cb2d8a2c,378,flip_ud
48,1,1,1.0,1.0,57,False,cb2d8a2c:o0,0,RELREGRET_4.0,cb2d8a2c,378,identity
48,1,1,1.0,1.0,7,False,cb2d8a2c:o0,0,RELREGRET_4.0,cb2d8a2c,390,transpose
12,1,1,1.0,1.0,60,False,cb2d8a2c:o1,1,RELREGRET_4.0,cb2d8a2c,480,anti_transpose
12,2,1.0060851926977687,1,1.0,13,False,cb2d8a2c:o1,1,RELREGRET_4.0,cb2d8a2c,493,flip_ud
12,2,1.0202839756592292,1,1.0,,True,cb2d8a2c:o1,1,RELREGRET_4.0,cb2d8a2c,493,identity
12,2,1.0125,1.0,1.0,73,False,cb2d8a2c:o1,1,RELREGRET_4.0,cb2d8a2c,480,transpose
24,1,1,1.0,1.0,60,False,cb2d8a2c:o1,1,RELREGRET_4.0,cb2d8a2c,480,anti_transpose
24,1,1,1,1.0,13,False,cb2d8a2c:o1,1,RELREGRET_4.0,cb2d8a2c,493,flip_ud
24,2,1.0121703853955375,1,1.0,377,False,cb2d8a2c:o1,1,RELREGRET_4.0,cb2d8a2c,493,identity
24,2,1.0020833333333334,1.0,1.0,66,False,cb2d8a2c:o1,1,RELREGRET_4.0,cb2d8a2c,480,transpose
48,1,1,1.0,1.0,60,False,cb2d8a2c:o1,1,RELREGRET_4.0,cb2d8a2c,480,anti_transpose
48,2,1.0040567951318458,1,1.0,13,False,cb2d8a2c:o1,1,RELREGRET_4.0,cb2d8a2c,493,flip_ud
48,2,1.0040567951318458,1,1.0,111,False,cb2d8a2c:o1,1,RELREGRET_4.0,cb2d8a2c,493,identity
48,2,1.0041666666666667,1.0,1.0,73,False,cb2d8a2c:o1,1,RELREGRET_4.0,cb2d8a2c,480,transpose
12,4,1.0128205128205128,1.0,1.0,284,False,cbebaa4b:o0,0,RELREGRET_4.0,cbebaa4b,702,anti_transpose
12,1,1,1.0,1.0,32,False,cbebaa4b:o0,0,RELREGRET_4.0,cbebaa4b,702,flip_ud
12,2,1.0014245014245013,1.0,1.0,150,False,cbebaa4b:o0,0,RELREGRET_4.0,cbebaa4b,702,identity
12,2,1.0014245014245013,1.0,1.0,149,False,cbebaa4b:o0,0,RELREGRET_4.0,cbebaa4b,702,transpose
24,2,1.0014245014245013,1.0,1.0,179,False,cbebaa4b:o0,0,RELREGRET_4.0,cbebaa4b,702,anti_transpose
24,1,1,1.0,1.0,32,False,cbebaa4b:o0,0,RELREGRET_4.0,cbebaa4b,702,flip_ud
24,2,1.0099715099715099,1.0,1.0,150,False,cbebaa4b:o0,0,RELREGRET_4.0,cbebaa4b,702,identity
24,1,1,1.0,1.0,149,False,cbebaa4b:o0,0,RELREGRET_4.0,cbebaa4b,702,transpose
48,3,1.0128205128205128,1.0,1.0,176,False,cbebaa4b:o0,0,RELREGRET_4.0,cbebaa4b,702,anti_transpose
48,1,1,1.0,1.0,32,False,cbebaa4b:o0,0,RELREGRET_4.0,cbebaa4b,702,flip_ud
48,3,1.0227920227920229,1.0,1.0,150,False,cbebaa4b:o0,0,RELREGRET_4.0,cbebaa4b,702,identity
48,2,1.0014245014245013,1.0,1.0,149,False,cbebaa4b:o0,0,RELREGRET_4.0,cbebaa4b,702,transpose
12,2,1.025735294117647,1.0,1.0,,True,d59b0160:o0,0,RELREGRET_4.0,d59b0160,272,anti_transpose
12,2,1.0220588235294117,1.0,1.0,,True,d59b0160:o0,0,RELREGRET_4.0,d59b0160,272,flip_ud
12,2,1.0220588235294117,1.0,1.0,,True,d59b0160:o0,0,RELREGRET_4.0,d59b0160,272,identity
12,2,1.0220588235294117,1.0,1.0,,True,d59b0160:o0,0,RELREGRET_4.0,d59b0160,272,transpose
24,2,1.025735294117647,1.0,1.0,,True,d59b0160:o0,0,RELREGRET_4.0,d59b0160,272,anti_transpose
24,2,1.0220588235294117,1.0,1.0,,True,d59b0160:o0,0,RELREGRET_4.0,d59b0160,272,flip_ud
24,2,1.0183823529411764,1.0,1.0,,True,d59b0160:o0,0,RELREGRET_4.0,d59b0160,272,identity
24,2,1.0220588235294117,1.0,1.0,,True,d59b0160:o0,0,RELREGRET_4.0,d59b0160,272,transpose
48,1,1,1.0,1.0,2,False,d59b0160:o0,0,RELREGRET_4.0,d59b0160,272,anti_transpose
48,2,1.0036764705882353,1.0,1.0,3,False,d59b0160:o0,0,RELREGRET_4.0,d59b0160,272,flip_ud
48,2,1.0073529411764706,1.0,1.0,85,False,d59b0160:o0,0,RELREGRET_4.0,d59b0160,272,identity
48,1,1,1.0,1.0,5,False,d59b0160:o0,0,RELREGRET_4.0,d59b0160,272,transpose
12,3,1.1136363636363635,1.0,1.0,120,False,dd6b8c4b:o1,1,RELREGRET_4.0,dd6b8c4b,132,anti_transpose
12,2,1.0227272727272727,1.0,1.0,8,False,dd6b8c4b:o1,1,RELREGRET_4.0,dd6b8c4b,132,flip_ud
12,2,1.053030303030303,1.0,1.0,121,False,dd6b8c4b:o1,1,RELREGRET_4.0,dd6b8c4b,132,identity
12,2,1.0075757575757576,1.0,1.0,22,False,dd6b8c4b:o1,1,RELREGRET_4.0,dd6b8c4b,132,transpose
24,3,1.0681818181818181,1.0,1.0,58,False,dd6b8c4b:o1,1,RELREGRET_4.0,dd6b8c4b,132,anti_transpose
24,2,1.0151515151515151,1.0,1.0,8,False,dd6b8c4b:o1,1,RELREGRET_4.0,dd6b8c4b,132,flip_ud
24,3,1.0681818181818181,1.0,1.0,121,False,dd6b8c4b:o1,1,RELREGRET_4.0,dd6b8c4b,132,identity
24,2,1.0075757575757576,1.0,1.0,22,False,dd6b8c4b:o1,1,RELREGRET_4.0,dd6b8c4b,132,transpose
48,3,1.0378787878787878,1.0,1.0,120,False,dd6b8c4b:o1,1,RELREGRET_4.0,dd6b8c4b,132,anti_transpose
48,2,1.0075757575757576,1.0,1.0,1,False,dd6b8c4b:o1,1,RELREGRET_4.0,dd6b8c4b,132,flip_ud
48,2,1.0151515151515151,1.0,1.0,120,False,dd6b8c4b:o1,1,RELREGRET_4.0,dd6b8c4b,132,identity
48,1,1,1.0,1.0,10,False,dd6b8c4b:o1,1,RELREGRET_4.0,dd6b8c4b,132,transpose
12,5,1.0043010752688173,1.0,1.0,32,False,e3721c99:o1,1,RELREGRET_4.0,e3721c99,930,anti_transpose
12,5,1.0129032258064516,1.0,1.0,388,False,e3721c99:o1,1,RELREGRET_4.0,e3721c99,930,flip_ud
12,5,1.0096774193548388,1.0,1.0,305,False,e3721c99:o1,1,RELREGRET_4.0,e3721c99,930,identity
12,6,1.0172043010752687,1.0,1.0,555,False,e3721c99:o1,1,RELREGRET_4.0,e3721c99,930,transpose
24,4,1.0032258064516129,1.0,1.0,19,False,e3721c99:o1,1,RELREGRET_4.0,e3721c99,930,anti_transpose
24,5,1.0043010752688173,1.0,1.0,18,False,e3721c99:o1,1,RELREGRET_4.0,e3721c99,930,flip_ud
24,5,1.0118279569892472,1.0,1.0,305,False,e3721c99:o1,1,RELREGRET_4.0,e3721c99,930,identity
24,5,1.0075268817204301,1.0,1.0,481,False,e3721c99:o1,1,RELREGRET_4.0,e3721c99,930,transpose
48,5,1.0043010752688173,1.0,1.0,32,False,e3721c99:o1,1,RELREGRET_4.0,e3721c99,930,anti_transpose
48,4,1.0032258064516129,1.0,1.0,18,False,e3721c99:o1,1,RELREGRET_4.0,e3721c99,930,flip_ud
48,5,1.0075268817204301,1.0,1.0,260,False,e3721c99:o1,1,RELREGRET_4.0,e3721c99,930,identity
48,5,1.0064516129032257,1.0,1.0,481,False,e3721c99:o1,1,RELREGRET_4.0,e3721c99,930,transpose
12,8,1.9,1.0,4.200000000000003,5,False,f931b4a8:o1,1,RELREGRET_4.0,f931b4a8,20,anti_transpose
12,6,2.25,1.0,5.100000000000001,,True,f931b4a8:o1,1,RELREGRET_4.0,f931b4a8,20,flip_ud
12,1,1,1.0,1.0,1,False,f931b4a8:o1,1,RELREGRET_4.0,f931b4a8,20,identity
12,6,1.5,1.0,2.1000000000000014,,True,f931b4a8:o1,1,RELREGRET_4.0,f931b4a8,20,transpose
24,1,1,1.0,1.0,0,False,f931b4a8:o1,1,RELREGRET_4.0,f931b4a8,20,anti_transpose
24,6,1.6,1.0,4.100000000000001,2,False,f931b4a8:o1,1,RELREGRET_4.0,f931b4a8,20,flip_ud
24,3,1.1,1.0,1.0,1,False,f931b4a8:o1,1,RELREGRET_4.0,f931b4a8,20,identity
24,4,1.15,1.0,1.0,2,False,f931b4a8:o1,1,RELREGRET_4.0,f931b4a8,20,transpose
48,1,1,1.0,1.0,0,False,f931b4a8:o1,1,RELREGRET_4.0,f931b4a8,20,anti_transpose
48,2,1.05,1.0,1.0,1,False,f931b4a8:o1,1,RELREGRET_4.0,f931b4a8,20,flip_ud
48,1,1,1.0,1.0,1,False,f931b4a8:o1,1,RELREGRET_4.0,f931b4a8,20,identity
48,1,1,1.0,1.0,1,False,f931b4a8:o1,1,RELREGRET_4.0,f931b4a8,20,transpose
