event_index,physical_forward_index,event,cell_key,resident_count,pending_count,resident_capacity,termination_reason,physical_batch,selected_cell_keys,memory_allocated_bytes,memory_reserved_bytes,memory_reserved_unallocated_bytes,memory_fragmentation_ratio,memory_driver_free_bytes,cache_owner_count,cache_valid_length_min,cache_valid_length_max,cache_capacity_length_min,cache_capacity_length_max
1,0,ADMIT,3a25b0d8:o1:d24:aug16:geom=identity__color=id__order=canonical,1,8,8,,,[],8740157440,9762242560,1022085120,0.10469777960526316,15197011968,1,2078,2078,2304,2304
2,0,ADMIT,3a25b0d8:o1:d24:aug16:geom=flip_ud__color=id__order=canonical,2,8,8,,,[],9079896576,9762242560,682345984,0.06989643822167024,15197011968,2,2078,2078,2304,2304
3,0,ADMIT,3a25b0d8:o1:d24:aug16:geom=transpose__color=id__order=canonical,3,8,8,,,[],9421028352,9950986240,529957888,0.05325682050184405,15008268288,3,2072,2078,2304,2304
4,0,ADMIT,3a25b0d8:o1:d24:aug16:geom=anti_transpose__color=id__order=canonical,4,8,8,,,[],9761046016,10341056512,580010496,0.05608812748745184,14618198016,4,2072,2078,2304,2304
5,0,ADMIT,3a25b0d8:o1:d24:aug16:geom=rot90__color=id__order=canonical,5,8,8,,,[],10100785152,10705960960,605175808,0.05652699559255632,14253293568,5,2072,2078,2304,2304
6,0,ADMIT,3a25b0d8:o1:d24:aug16:geom=rot180__color=id__order=canonical,6,8,8,,,[],10441665024,11112808448,671143424,0.06039368240175033,13846446080,6,2072,2078,2304,2304
7,0,ADMIT,3a25b0d8:o1:d24:aug16:geom=rot270__color=id__order=canonical,7,8,8,,,[],10781404160,11442061312,660657152,0.057739347306864,13517193216,7,2072,2078,2304,2304
8,0,ADMIT,3a25b0d8:o1:d24:aug16:geom=flip_lr__color=id__order=canonical,8,8,8,,,[],11122159104,11836325888,714166784,0.06033686388476701,13122928640,8,2072,2078,2304,2304
9,1,FORWARD,,8,8,8,,4,"['3a25b0d8:o1:d24:aug16:geom=identity__color=id__order=canonical', '3a25b0d8:o1:d24:aug16:geom=flip_ud__color=id__order=canonical', '3a25b0d8:o1:d24:aug16:geom=rot180__color=id__order=canonical', '3a25b0d8:o1:d24:aug16:geom=flip_lr__color=id__order=canonical']",11122159104,11836325888,714166784,0.06033686388476701,13122928640,8,2072,2078,2304,2304
10,2,FORWARD,,8,8,8,,4,"['3a25b0d8:o1:d24:aug16:geom=identity__color=id__order=canonical', '3a25b0d8:o1:d24:aug16:geom=flip_ud__color=id__order=canonical', '3a25b0d8:o1:d24:aug16:geom=rot180__color=id__order=canonical', '3a25b0d8:o1:d24:aug16:geom=flip_lr__color=id__order=canonical']",11122159616,14365491200,3243331584,0.22577241104014598,10593763328,8,2072,2079,2304,2304
11,3,FORWARD,,8,8,8,,4,"['3a25b0d8:o1:d24:aug16:geom=identity__color=id__order=canonical', '3a25b0d8:o1:d24:aug16:geom=flip_ud__color=id__order=canonical', '3a25b0d8:o1:d24:aug16:geom=rot180__color=id__order=canonical', '3a25b0d8:o1:d24:aug16:geom=flip_lr__color=id__order=canonical']",11122160128,14365491200,3243331072,0.22577237539917883,10593763328,8,2072,2080,2304,2304
12,4,FORWARD,,8,8,8,,4,"['3a25b0d8:o1:d24:aug16:geom=identity__color=id__order=canonical', '3a25b0d8:o1:d24:aug16:geom=flip_ud__color=id__order=canonical', '3a25b0d8:o1:d24:aug16:geom=rot180__color=id__order=canonical', '3a25b0d8:o1:d24:aug16:geom=flip_lr__color=id__order=canonical']",11122160640,14365491200,3243330560,0.22577233975821168,10593763328,8,2072,2081,2304,2304
13,5,FORWARD,,8,8,8,,4,"['3a25b0d8:o1:d24:aug16:geom=identity__color=id__order=canonical', '3a25b0d8:o1:d24:aug16:geom=flip_ud__color=id__order=canonical', '3a25b0d8:o1:d24:aug16:geom=rot180__color=id__order=canonical', '3a25b0d8:o1:d24:aug16:geom=flip_lr__color=id__order=canonical']",11122161152,14365491200,3243330048,0.22577230411724453,10593763328,8,2072,2082,2304,2304
14,6,FORWARD,,8,8,8,,4,"['3a25b0d8:o1:d24:aug16:geom=identity__color=id__order=canonical', '3a25b0d8:o1:d24:aug16:geom=flip_ud__color=id__order=canonical', '3a25b0d8:o1:d24:aug16:geom=rot180__color=id__order=canonical', '3a25b0d8:o1:d24:aug16:geom=flip_lr__color=id__order=canonical']",11122161664,14365491200,3243329536,0.22577226847627738,10593763328,8,2072,2083,2304,2304
15,7,FORWARD,,8,8,8,,4,"['3a25b0d8:o1:d24:aug16:geom=identity__color=id__order=canonical', '3a25b0d8:o1:d24:aug16:geom=flip_ud__color=id__order=canonical', '3a25b0d8:o1:d24:aug16:geom=rot180__color=id__order=canonical', '3a25b0d8:o1:d24:aug16:geom=flip_lr__color=id__order=canonical']",11122162176,14365491200,3243329024,0.22577223283531023,10593763328,8,2072,2084,2304,2304
16,8,FORWARD,,8,8,8,,4,"['3a25b0d8:o1:d24:aug16:geom=identity__color=id__order=canonical', '3a25b0d8:o1:d24:aug16:geom=flip_ud__color=id__order=canonical', '3a25b0d8:o1:d24:aug16:geom=rot180__color=id__order=canonical', '3a25b0d8:o1:d24:aug16:geom=flip_lr__color=id__order=canonical']",11122162688,14365491200,3243328512,0.22577219719434308,10593763328,8,2072,2085,2304,2304
17,9,FORWARD,,8,8,8,,4,"['3a25b0d8:o1:d24:aug16:geom=identity__color=id__order=canonical', '3a25b0d8:o1:d24:aug16:geom=flip_ud__color=id__order=canonical', '3a25b0d8:o1:d24:aug16:geom=rot180__color=id__order=canonical', '3a25b0d8:o1:d24:aug16:geom=flip_lr__color=id__order=canonical']",11122163200,14365491200,3243328000,0.2257721615533759,10593763328,8,2072,2086,2304,2304
18,10,FORWARD,,8,8,8,,4,"['3a25b0d8:o1:d24:aug16:geom=identity__color=id__order=canonical', '3a25b0d8:o1:d24:aug16:geom=flip_ud__color=id__order=canonical', '3a25b0d8:o1:d24:aug16:geom=rot180__color=id__order=canonical', '3a25b0d8:o1:d24:aug16:geom=flip_lr__color=id__order=canonical']",11122163712,14365491200,3243327488,0.22577212591240875,10593763328,8,2072,2087,2304,2304
19,11,FORWARD,,8,8,8,,4,"['3a25b0d8:o1:d24:aug16:geom=identity__color=id__order=canonical', '3a25b0d8:o1:d24:aug16:geom=flip_ud__color=id__order=canonical', '3a25b0d8:o1:d24:aug16:geom=rot180__color=id__order=canonical', '3a25b0d8:o1:d24:aug16:geom=flip_lr__color=id__order=canonical']",11122164224,14365491200,3243326976,0.2257720902714416,10593763328,8,2072,2088,2304,2304
20,12,FORWARD,,8,8,8,,4,"['3a25b0d8:o1:d24:aug16:geom=identity__color=id__order=canonical', '3a25b0d8:o1:d24:aug16:geom=flip_ud__color=id__order=canonical', '3a25b0d8:o1:d24:aug16:geom=rot180__color=id__order=canonical', '3a25b0d8:o1:d24:aug16:geom=flip_lr__color=id__order=canonical']",11122164736,14365491200,3243326464,0.22577205463047445,10593763328,8,2072,2089,2304,2304
21,13,FORWARD,,8,8,8,,4,"['3a25b0d8:o1:d24:aug16:geom=identity__color=id__order=canonical', '3a25b0d8:o1:d24:aug16:geom=flip_ud__color=id__order=canonical', '3a25b0d8:o1:d24:aug16:geom=rot180__color=id__order=canonical', '3a25b0d8:o1:d24:aug16:geom=flip_lr__color=id__order=canonical']",11122165248,14365491200,3243325952,0.2257720189895073,10593763328,8,2072,2090,2304,2304
22,14,FORWARD,,8,8,8,,4,"['3a25b0d8:o1:d24:aug16:geom=identity__color=id__order=canonical', '3a25b0d8:o1:d24:aug16:geom=flip_ud__color=id__order=canonical', '3a25b0d8:o1:d24:aug16:geom=rot180__color=id__order=canonical', '3a25b0d8:o1:d24:aug16:geom=flip_lr__color=id__order=canonical']",11122165760,14365491200,3243325440,0.22577198334854015,10593763328,8,2072,2091,2304,2304
23,15,FORWARD,,8,8,8,,4,"['3a25b0d8:o1:d24:aug16:geom=identity__color=id__order=canonical', '3a25b0d8:o1:d24:aug16:geom=flip_ud__color=id__order=canonical', '3a25b0d8:o1:d24:aug16:geom=rot180__color=id__order=canonical', '3a25b0d8:o1:d24:aug16:geom=flip_lr__color=id__order=canonical']",11122166272,14365491200,3243324928,0.225771947707573,10593763328,8,2072,2092,2304,2304
24,16,FORWARD,,8,8,8,,4,"['3a25b0d8:o1:d24:aug16:geom=identity__color=id__order=canonical', '3a25b0d8:o1:d24:aug16:geom=flip_ud__color=id__order=canonical', '3a25b0d8:o1:d24:aug16:geom=rot180__color=id__order=canonical', '3a25b0d8:o1:d24:aug16:geom=flip_lr__color=id__order=canonical']",11122166784,14365491200,3243324416,0.22577191206660585,10593763328,8,2072,2093,2304,2304
25,17,FORWARD,,8,8,8,,4,"['3a25b0d8:o1:d24:aug16:geom=identity__color=id__order=canonical', '3a25b0d8:o1:d24:aug16:geom=flip_ud__color=id__order=canonical', '3a25b0d8:o1:d24:aug16:geom=rot180__color=id__order=canonical', '3a25b0d8:o1:d24:aug16:geom=flip_lr__color=id__order=canonical']",11122167296,14365491200,3243323904,0.22577187642563867,10593763328,8,2072,2094,2304,2304
26,18,FORWARD,,8,8,8,,4,"['3a25b0d8:o1:d24:aug16:geom=identity__color=id__order=canonical', '3a25b0d8:o1:d24:aug16:geom=flip_ud__color=id__order=canonical', '3a25b0d8:o1:d24:aug16:geom=rot180__color=id__order=canonical', '3a25b0d8:o1:d24:aug16:geom=flip_lr__color=id__order=canonical']",11122167808,14365491200,3243323392,0.22577184078467152,10593763328,8,2072,2095,2304,2304
27,19,FORWARD,,8,8,8,,4,"['3a25b0d8:o1:d24:aug16:geom=identity__color=id__order=canonical', '3a25b0d8:o1:d24:aug16:geom=flip_ud__color=id__order=canonical', '3a25b0d8:o1:d24:aug16:geom=rot180__color=id__order=canonical', '3a25b0d8:o1:d24:aug16:geom=flip_lr__color=id__order=canonical']",11122168320,14365491200,3243322880,0.22577180514370437,10593763328,8,2072,2096,2304,2304
28,20,FORWARD,,8,8,8,,4,"['3a25b0d8:o1:d24:aug16:geom=identity__color=id__order=canonical', '3a25b0d8:o1:d24:aug16:geom=flip_ud__color=id__order=canonical', '3a25b0d8:o1:d24:aug16:geom=rot180__color=id__order=canonical', '3a25b0d8:o1:d24:aug16:geom=flip_lr__color=id__order=canonical']",11122168832,14365491200,3243322368,0.22577176950273722,10593763328,8,2072,2097,2304,2304
29,21,FORWARD,,8,8,8,,4,"['3a25b0d8:o1:d24:aug16:geom=identity__color=id__order=canonical', '3a25b0d8:o1:d24:aug16:geom=flip_ud__color=id__order=canonical', '3a25b0d8:o1:d24:aug16:geom=rot180__color=id__order=canonical', '3a25b0d8:o1:d24:aug16:geom=flip_lr__color=id__order=canonical']",11122169344,14365491200,3243321856,0.22577173386177007,10593763328,8,2072,2098,2304,2304
30,22,FORWARD,,8,8,8,,4,"['3a25b0d8:o1:d24:aug16:geom=identity__color=id__order=canonical', '3a25b0d8:o1:d24:aug16:geom=flip_ud__color=id__order=canonical', '3a25b0d8:o1:d24:aug16:geom=rot180__color=id__order=canonical', '3a25b0d8:o1:d24:aug16:geom=flip_lr__color=id__order=canonical']",11122169856,14365491200,3243321344,0.22577169822080292,10593763328,8,2072,2099,2304,2304
31,23,FORWARD,,8,8,8,,4,"['3a25b0d8:o1:d24:aug16:geom=identity__color=id__order=canonical', '3a25b0d8:o1:d24:aug16:geom=flip_ud__color=id__order=canonical', '3a25b0d8:o1:d24:aug16:geom=rot180__color=id__order=canonical', '3a25b0d8:o1:d24:aug16:geom=flip_lr__color=id__order=canonical']",11122170368,14365491200,3243320832,0.22577166257983577,10593763328,8,2072,2100,2304,2304
32,24,FORWARD,,8,8,8,,4,"['3a25b0d8:o1:d24:aug16:geom=identity__color=id__order=canonical', '3a25b0d8:o1:d24:aug16:geom=flip_ud__color=id__order=canonical', '3a25b0d8:o1:d24:aug16:geom=rot180__color=id__order=canonical', '3a25b0d8:o1:d24:aug16:geom=flip_lr__color=id__order=canonical']",11122170880,14365491200,3243320320,0.22577162693886862,10593763328,8,2072,2101,2304,2304
33,25,FORWARD,,8,8,8,,4,"['3a25b0d8:o1:d24:aug16:geom=identity__color=id__order=canonical', '3a25b0d8:o1:d24:aug16:geom=flip_ud__color=id__order=canonical', '3a25b0d8:o1:d24:aug16:geom=rot180__color=id__order=canonical', '3a25b0d8:o1:d24:aug16:geom=flip_lr__color=id__order=canonical']",11122171392,14365491200,3243319808,0.22577159129790145,10593763328,8,2072,2102,2304,2304
34,26,FORWARD,,8,8,8,,4,"['3a25b0d8:o1:d24:aug16:geom=identity__color=id__order=canonical', '3a25b0d8:o1:d24:aug16:geom=flip_ud__color=id__order=canonical', '3a25b0d8:o1:d24:aug16:geom=rot180__color=id__order=canonical', '3a25b0d8:o1:d24:aug16:geom=flip_lr__color=id__order=canonical']",11122171904,14365491200,3243319296,0.2257715556569343,10593763328,8,2072,2103,2304,2304
35,27,FORWARD,,8,8,8,,4,"['3a25b0d8:o1:d24:aug16:geom=identity__color=id__order=canonical', '3a25b0d8:o1:d24:aug16:geom=flip_ud__color=id__order=canonical', '3a25b0d8:o1:d24:aug16:geom=rot180__color=id__order=canonical', '3a25b0d8:o1:d24:aug16:geom=flip_lr__color=id__order=canonical']",11122172416,14365491200,3243318784,0.22577152001596715,10593763328,8,2072,2104,2304,2304
36,28,FORWARD,,8,8,8,,4,"['3a25b0d8:o1:d24:aug16:geom=identity__color=id__order=canonical', '3a25b0d8:o1:d24:aug16:geom=flip_ud__color=id__order=canonical', '3a25b0d8:o1:d24:aug16:geom=rot180__color=id__order=canonical', '3a25b0d8:o1:d24:aug16:geom=flip_lr__color=id__order=canonical']",11122172928,14365491200,3243318272,0.225771484375,10593763328,8,2072,2105,2304,2304
37,29,FORWARD,,8,8,8,,4,"['3a25b0d8:o1:d24:aug16:geom=identity__color=id__order=canonical', '3a25b0d8:o1:d24:aug16:geom=flip_ud__color=id__order=canonical', '3a25b0d8:o1:d24:aug16:geom=rot180__color=id__order=canonical', '3a25b0d8:o1:d24:aug16:geom=flip_lr__color=id__order=canonical']",11122173440,14365491200,3243317760,0.22577144873403285,10593763328,8,2072,2106,2304,2304
38,30,FORWARD,,8,8,8,,4,"['3a25b0d8:o1:d24:aug16:geom=identity__color=id__order=canonical', '3a25b0d8:o1:d24:aug16:geom=flip_ud__color=id__order=canonical', '3a25b0d8:o1:d24:aug16:geom=rot180__color=id__order=canonical', '3a25b0d8:o1:d24:aug16:geom=flip_lr__color=id__order=canonical']",11122173952,14365491200,3243317248,0.2257714130930657,10593763328,8,2072,2107,2304,2304
39,31,FORWARD,,8,8,8,,4,"['3a25b0d8:o1:d24:aug16:geom=identity__color=id__order=canonical', '3a25b0d8:o1:d24:aug16:geom=flip_ud__color=id__order=canonical', '3a25b0d8:o1:d24:aug16:geom=rot180__color=id__order=canonical', '3a25b0d8:o1:d24:aug16:geom=flip_lr__color=id__order=canonical']",11122174464,14365491200,3243316736,0.22577137745209855,10593763328,8,2072,2108,2304,2304
40,32,FORWARD,,8,8,8,,4,"['3a25b0d8:o1:d24:aug16:geom=identity__color=id__order=canonical', '3a25b0d8:o1:d24:aug16:geom=flip_ud__color=id__order=canonical', '3a25b0d8:o1:d24:aug16:geom=rot180__color=id__order=canonical', '3a25b0d8:o1:d24:aug16:geom=flip_lr__color=id__order=canonical']",11122174976,14365491200,3243316224,0.2257713418111314,10593763328,8,2072,2109,2304,2304
41,33,FORWARD,,8,8,8,,4,"['3a25b0d8:o1:d24:aug16:geom=identity__color=id__order=canonical', '3a25b0d8:o1:d24:aug16:geom=flip_ud__color=id__order=canonical', '3a25b0d8:o1:d24:aug16:geom=rot180__color=id__order=canonical', '3a25b0d8:o1:d24:aug16:geom=flip_lr__color=id__order=canonical']",11122175488,14365491200,3243315712,0.22577130617016422,10593763328,8,2072,2110,2304,2304
42,34,FORWARD,,8,8,8,,4,"['3a25b0d8:o1:d24:aug16:geom=identity__color=id__order=canonical', '3a25b0d8:o1:d24:aug16:geom=flip_ud__color=id__order=canonical', '3a25b0d8:o1:d24:aug16:geom=rot180__color=id__order=canonical', '3a25b0d8:o1:d24:aug16:geom=flip_lr__color=id__order=canonical']",11122176000,14365491200,3243315200,0.22577127052919707,10593763328,8,2072,2111,2304,2304
43,35,FORWARD,,8,8,8,,4,"['3a25b0d8:o1:d24:aug16:geom=identity__color=id__order=canonical', '3a25b0d8:o1:d24:aug16:geom=flip_ud__color=id__order=canonical', '3a25b0d8:o1:d24:aug16:geom=rot180__color=id__order=canonical', '3a25b0d8:o1:d24:aug16:geom=flip_lr__color=id__order=canonical']",11122176512,14365491200,3243314688,0.22577123488822992,10593763328,8,2072,2112,2304,2304
44,36,FORWARD,,8,8,8,,4,"['3a25b0d8:o1:d24:aug16:geom=identity__color=id__order=canonical', '3a25b0d8:o1:d24:aug16:geom=flip_ud__color=id__order=canonical', '3a25b0d8:o1:d24:aug16:geom=rot180__color=id__order=canonical', '3a25b0d8:o1:d24:aug16:geom=flip_lr__color=id__order=canonical']",11122177024,14365491200,3243314176,0.22577119924726277,10593763328,8,2072,2113,2304,2304
45,37,FORWARD,,8,8,8,,4,"['3a25b0d8:o1:d24:aug16:geom=identity__color=id__order=canonical', '3a25b0d8:o1:d24:aug16:geom=flip_ud__color=id__order=canonical', '3a25b0d8:o1:d24:aug16:geom=rot180__color=id__order=canonical', '3a25b0d8:o1:d24:aug16:geom=flip_lr__color=id__order=canonical']",11122177536,14365491200,3243313664,0.22577116360629562,10593763328,8,2072,2114,2304,2304
46,38,FORWARD,,8,8,8,,4,"['3a25b0d8:o1:d24:aug16:geom=identity__color=id__order=canonical', '3a25b0d8:o1:d24:aug16:geom=flip_ud__color=id__order=canonical', '3a25b0d8:o1:d24:aug16:geom=rot180__color=id__order=canonical', '3a25b0d8:o1:d24:aug16:geom=flip_lr__color=id__order=canonical']",11122178048,14365491200,3243313152,0.22577112796532847,10593763328,8,2072,2115,2304,2304
47,39,FORWARD,,8,8,8,,4,"['3a25b0d8:o1:d24:aug16:geom=identity__color=id__order=canonical', '3a25b0d8:o1:d24:aug16:geom=flip_ud__color=id__order=canonical', '3a25b0d8:o1:d24:aug16:geom=rot180__color=id__order=canonical', '3a25b0d8:o1:d24:aug16:geom=flip_lr__color=id__order=canonical']",11122178560,14365491200,3243312640,0.22577109232436132,10593763328,8,2072,2116,2304,2304
48,40,FORWARD,,8,8,8,,4,"['3a25b0d8:o1:d24:aug16:geom=identity__color=id__order=canonical', '3a25b0d8:o1:d24:aug16:geom=flip_ud__color=id__order=canonical', '3a25b0d8:o1:d24:aug16:geom=rot180__color=id__order=canonical', '3a25b0d8:o1:d24:aug16:geom=flip_lr__color=id__order=canonical']",11122179072,14365491200,3243312128,0.22577105668339417,10593763328,8,2072,2117,2304,2304
49,41,FORWARD,,8,8,8,,4,"['3a25b0d8:o1:d24:aug16:geom=identity__color=id__order=canonical', '3a25b0d8:o1:d24:aug16:geom=flip_ud__color=id__order=canonical', '3a25b0d8:o1:d24:aug16:geom=rot180__color=id__order=canonical', '3a25b0d8:o1:d24:aug16:geom=flip_lr__color=id__order=canonical']",11122179584,14365491200,3243311616,0.225771021042427,10593763328,8,2072,2118,2304,2304
50,42,FORWARD,,8,8,8,,4,"['3a25b0d8:o1:d24:aug16:geom=identity__color=id__order=canonical', '3a25b0d8:o1:d24:aug16:geom=flip_ud__color=id__order=canonical', '3a25b0d8:o1:d24:aug16:geom=rot180__color=id__order=canonical', '3a25b0d8:o1:d24:aug16:geom=flip_lr__color=id__order=canonical']",11122180096,14365491200,3243311104,0.22577098540145984,10593763328,8,2072,2119,2304,2304
51,43,FORWARD,,8,8,8,,4,"['3a25b0d8:o1:d24:aug16:geom=identity__color=id__order=canonical', '3a25b0d8:o1:d24:aug16:geom=flip_ud__color=id__order=canonical', '3a25b0d8:o1:d24:aug16:geom=rot180__color=id__order=canonical', '3a25b0d8:o1:d24:aug16:geom=flip_lr__color=id__order=canonical']",11122180608,14365491200,3243310592,0.2257709497604927,10593763328,8,2072,2120,2304,2304
52,44,FORWARD,,8,8,8,,4,"['3a25b0d8:o1:d24:aug16:geom=identity__color=id__order=canonical', '3a25b0d8:o1:d24:aug16:geom=flip_ud__color=id__order=canonical', '3a25b0d8:o1:d24:aug16:geom=rot180__color=id__order=canonical', '3a25b0d8:o1:d24:aug16:geom=flip_lr__color=id__order=canonical']",11122181120,14365491200,3243310080,0.22577091411952555,10593763328,8,2072,2121,2304,2304
53,45,FORWARD,,8,8,8,,4,"['3a25b0d8:o1:d24:aug16:geom=identity__color=id__order=canonical', '3a25b0d8:o1:d24:aug16:geom=flip_ud__color=id__order=canonical', '3a25b0d8:o1:d24:aug16:geom=rot180__color=id__order=canonical', '3a25b0d8:o1:d24:aug16:geom=flip_lr__color=id__order=canonical']",11122181632,14365491200,3243309568,0.2257708784785584,10593763328,8,2072,2122,2304,2304
54,46,FORWARD,,8,8,8,,4,"['3a25b0d8:o1:d24:aug16:geom=identity__color=id__order=canonical', '3a25b0d8:o1:d24:aug16:geom=flip_ud__color=id__order=canonical', '3a25b0d8:o1:d24:aug16:geom=rot180__color=id__order=canonical', '3a25b0d8:o1:d24:aug16:geom=flip_lr__color=id__order=canonical']",11122182144,14365491200,3243309056,0.22577084283759125,10593763328,8,2072,2123,2304,2304
55,47,FORWARD,,8,8,8,,4,"['3a25b0d8:o1:d24:aug16:geom=identity__color=id__order=canonical', '3a25b0d8:o1:d24:aug16:geom=flip_ud__color=id__order=canonical', '3a25b0d8:o1:d24:aug16:geom=rot180__color=id__order=canonical', '3a25b0d8:o1:d24:aug16:geom=flip_lr__color=id__order=canonical']",11122182656,14365491200,3243308544,0.2257708071966241,10593763328,8,2072,2124,2304,2304
56,48,FORWARD,,8,8,8,,4,"['3a25b0d8:o1:d24:aug16:geom=identity__color=id__order=canonical', '3a25b0d8:o1:d24:aug16:geom=flip_ud__color=id__order=canonical', '3a25b0d8:o1:d24:aug16:geom=rot180__color=id__order=canonical', '3a25b0d8:o1:d24:aug16:geom=flip_lr__color=id__order=canonical']",11122183168,14365491200,3243308032,0.22577077155565695,10593763328,8,2072,2125,2304,2304
57,49,FORWARD,,8,8,8,,4,"['3a25b0d8:o1:d24:aug16:geom=identity__color=id__order=canonical', '3a25b0d8:o1:d24:aug16:geom=flip_ud__color=id__order=canonical', '3a25b0d8:o1:d24:aug16:geom=rot180__color=id__order=canonical', '3a25b0d8:o1:d24:aug16:geom=flip_lr__color=id__order=canonical']",11122183680,14365491200,3243307520,0.22577073591468977,10593763328,8,2072,2126,2304,2304
58,50,FORWARD,,8,8,8,,4,"['3a25b0d8:o1:d24:aug16:geom=identity__color=id__order=canonical', '3a25b0d8:o1:d24:aug16:geom=flip_ud__color=id__order=canonical', '3a25b0d8:o1:d24:aug16:geom=rot180__color=id__order=canonical', '3a25b0d8:o1:d24:aug16:geom=flip_lr__color=id__order=canonical']",11122184192,14365491200,3243307008,0.22577070027372262,10593763328,8,2072,2127,2304,2304
59,51,FORWARD,,8,8,8,,4,"['3a25b0d8:o1:d24:aug16:geom=identity__color=id__order=canonical', '3a25b0d8:o1:d24:aug16:geom=flip_ud__color=id__order=canonical', '3a25b0d8:o1:d24:aug16:geom=rot180__color=id__order=canonical', '3a25b0d8:o1:d24:aug16:geom=flip_lr__color=id__order=canonical']",11122184704,14365491200,3243306496,0.22577066463275547,10593763328,8,2072,2128,2304,2304
60,52,FORWARD,,8,8,8,,4,"['3a25b0d8:o1:d24:aug16:geom=identity__color=id__order=canonical', '3a25b0d8:o1:d24:aug16:geom=flip_ud__color=id__order=canonical', '3a25b0d8:o1:d24:aug16:geom=rot180__color=id__order=canonical', '3a25b0d8:o1:d24:aug16:geom=flip_lr__color=id__order=canonical']",11122185216,14365491200,3243305984,0.22577062899178832,10593763328,8,2072,2129,2304,2304
61,53,FORWARD,,8,8,8,,4,"['3a25b0d8:o1:d24:aug16:geom=identity__color=id__order=canonical', '3a25b0d8:o1:d24:aug16:geom=flip_ud__color=id__order=canonical', '3a25b0d8:o1:d24:aug16:geom=rot180__color=id__order=canonical', '3a25b0d8:o1:d24:aug16:geom=flip_lr__color=id__order=canonical']",11122185728,14365491200,3243305472,0.22577059335082117,10593763328,8,2072,2130,2304,2304
62,54,FORWARD,,8,8,8,,4,"['3a25b0d8:o1:d24:aug16:geom=identity__color=id__order=canonical', '3a25b0d8:o1:d24:aug16:geom=flip_ud__color=id__order=canonical', '3a25b0d8:o1:d24:aug16:geom=rot180__color=id__order=canonical', '3a25b0d8:o1:d24:aug16:geom=flip_lr__color=id__order=canonical']",11122186240,14365491200,3243304960,0.22577055770985402,10593763328,8,2072,2131,2304,2304
63,55,FORWARD,,8,8,8,,4,"['3a25b0d8:o1:d24:aug16:geom=identity__color=id__order=canonical', '3a25b0d8:o1:d24:aug16:geom=flip_ud__color=id__order=canonical', '3a25b0d8:o1:d24:aug16:geom=rot180__color=id__order=canonical', '3a25b0d8:o1:d24:aug16:geom=flip_lr__color=id__order=canonical']",11122186752,14365491200,3243304448,0.22577052206888687,10593763328,8,2072,2132,2304,2304
64,56,FORWARD,,8,8,8,,4,"['3a25b0d8:o1:d24:aug16:geom=identity__color=id__order=canonical', '3a25b0d8:o1:d24:aug16:geom=flip_ud__color=id__order=canonical', '3a25b0d8:o1:d24:aug16:geom=rot180__color=id__order=canonical', '3a25b0d8:o1:d24:aug16:geom=flip_lr__color=id__order=canonical']",11122187264,14365491200,3243303936,0.22577048642791972,10593763328,8,2072,2133,2304,2304
65,57,FORWARD,,8,8,8,,4,"['3a25b0d8:o1:d24:aug16:geom=identity__color=id__order=canonical', '3a25b0d8:o1:d24:aug16:geom=flip_ud__color=id__order=canonical', '3a25b0d8:o1:d24:aug16:geom=rot180__color=id__order=canonical', '3a25b0d8:o1:d24:aug16:geom=flip_lr__color=id__order=canonical']",11122187776,14365491200,3243303424,0.22577045078695254,10593763328,8,2072,2134,2304,2304
66,58,FORWARD,,8,8,8,,4,"['3a25b0d8:o1:d24:aug16:geom=identity__color=id__order=canonical', '3a25b0d8:o1:d24:aug16:geom=flip_ud__color=id__order=canonical', '3a25b0d8:o1:d24:aug16:geom=rot180__color=id__order=canonical', '3a25b0d8:o1:d24:aug16:geom=flip_lr__color=id__order=canonical']",11122188288,14365491200,3243302912,0.2257704151459854,10593763328,8,2072,2135,2304,2304
67,59,FORWARD,,8,8,8,,4,"['3a25b0d8:o1:d24:aug16:geom=identity__color=id__order=canonical', '3a25b0d8:o1:d24:aug16:geom=flip_ud__color=id__order=canonical', '3a25b0d8:o1:d24:aug16:geom=rot180__color=id__order=canonical', '3a25b0d8:o1:d24:aug16:geom=flip_lr__color=id__order=canonical']",11122188800,14365491200,3243302400,0.22577037950501824,10593763328,8,2072,2136,2304,2304
68,60,FORWARD,,8,8,8,,4,"['3a25b0d8:o1:d24:aug16:geom=identity__color=id__order=canonical', '3a25b0d8:o1:d24:aug16:geom=flip_ud__color=id__order=canonical', '3a25b0d8:o1:d24:aug16:geom=rot180__color=id__order=canonical', '3a25b0d8:o1:d24:aug16:geom=flip_lr__color=id__order=canonical']",11122189312,14365491200,3243301888,0.2257703438640511,10593763328,8,2072,2137,2304,2304
69,61,FORWARD,,8,8,8,,4,"['3a25b0d8:o1:d24:aug16:geom=identity__color=id__order=canonical', '3a25b0d8:o1:d24:aug16:geom=flip_ud__color=id__order=canonical', '3a25b0d8:o1:d24:aug16:geom=rot180__color=id__order=canonical', '3a25b0d8:o1:d24:aug16:geom=flip_lr__color=id__order=canonical']",11122189824,14365491200,3243301376,0.22577030822308394,10593763328,8,2072,2138,2304,2304
70,62,FORWARD,,8,8,8,,4,"['3a25b0d8:o1:d24:aug16:geom=identity__color=id__order=canonical', '3a25b0d8:o1:d24:aug16:geom=flip_ud__color=id__order=canonical', '3a25b0d8:o1:d24:aug16:geom=rot180__color=id__order=canonical', '3a25b0d8:o1:d24:aug16:geom=flip_lr__color=id__order=canonical']",11122190336,14365491200,3243300864,0.2257702725821168,10593763328,8,2072,2139,2304,2304
71,63,FORWARD,,8,8,8,,4,"['3a25b0d8:o1:d24:aug16:geom=identity__color=id__order=canonical', '3a25b0d8:o1:d24:aug16:geom=flip_ud__color=id__order=canonical', '3a25b0d8:o1:d24:aug16:geom=rot180__color=id__order=canonical', '3a25b0d8:o1:d24:aug16:geom=flip_lr__color=id__order=canonical']",11122190848,14365491200,3243300352,0.22577023694114964,10593763328,8,2072,2140,2304,2304
72,64,FORWARD,,8,8,8,,4,"['3a25b0d8:o1:d24:aug16:geom=identity__color=id__order=canonical', '3a25b0d8:o1:d24:aug16:geom=flip_ud__color=id__order=canonical', '3a25b0d8:o1:d24:aug16:geom=rot180__color=id__order=canonical', '3a25b0d8:o1:d24:aug16:geom=flip_lr__color=id__order=canonical']",11122191360,14365491200,3243299840,0.2257702013001825,10593763328,8,2072,2141,2304,2304
73,65,FORWARD,,8,8,8,,4,"['3a25b0d8:o1:d24:aug16:geom=identity__color=id__order=canonical', '3a25b0d8:o1:d24:aug16:geom=flip_ud__color=id__order=canonical', '3a25b0d8:o1:d24:aug16:geom=rot180__color=id__order=canonical', '3a25b0d8:o1:d24:aug16:geom=flip_lr__color=id__order=canonical']",11122191872,14365491200,3243299328,0.22577016565921532,10593763328,8,2072,2142,2304,2304
74,66,FORWARD,,8,8,8,,4,"['3a25b0d8:o1:d24:aug16:geom=identity__color=id__order=canonical', '3a25b0d8:o1:d24:aug16:geom=flip_ud__color=id__order=canonical', '3a25b0d8:o1:d24:aug16:geom=rot180__color=id__order=canonical', '3a25b0d8:o1:d24:aug16:geom=flip_lr__color=id__order=canonical']",11122192384,14365491200,3243298816,0.22577013001824817,10593763328,8,2072,2143,2304,2304
75,67,FORWARD,,8,8,8,,4,"['3a25b0d8:o1:d24:aug16:geom=identity__color=id__order=canonical', '3a25b0d8:o1:d24:aug16:geom=flip_ud__color=id__order=canonical', '3a25b0d8:o1:d24:aug16:geom=rot180__color=id__order=canonical', '3a25b0d8:o1:d24:aug16:geom=flip_lr__color=id__order=canonical']",11122192896,14365491200,3243298304,0.22577009437728102,10593763328,8,2072,2144,2304,2304
76,68,FORWARD,,8,8,8,,4,"['3a25b0d8:o1:d24:aug16:geom=identity__color=id__order=canonical', '3a25b0d8:o1:d24:aug16:geom=flip_ud__color=id__order=canonical', '3a25b0d8:o1:d24:aug16:geom=rot180__color=id__order=canonical', '3a25b0d8:o1:d24:aug16:geom=flip_lr__color=id__order=canonical']",11122193408,14365491200,3243297792,0.22577005873631387,10593763328,8,2072,2145,2304,2304
77,69,FORWARD,,8,8,8,,4,"['3a25b0d8:o1:d24:aug16:geom=identity__color=id__order=canonical', '3a25b0d8:o1:d24:aug16:geom=flip_ud__color=id__order=canonical', '3a25b0d8:o1:d24:aug16:geom=rot180__color=id__order=canonical', '3a25b0d8:o1:d24:aug16:geom=flip_lr__color=id__order=canonical']",11122193920,14365491200,3243297280,0.22577002309534672,10593763328,8,2072,2146,2304,2304
78,70,FORWARD,,8,8,8,,4,"['3a25b0d8:o1:d24:aug16:geom=identity__color=id__order=canonical', '3a25b0d8:o1:d24:aug16:geom=flip_ud__color=id__order=canonical', '3a25b0d8:o1:d24:aug16:geom=rot180__color=id__order=canonical', '3a25b0d8:o1:d24:aug16:geom=flip_lr__color=id__order=canonical']",11122194432,14365491200,3243296768,0.22576998745437957,10593763328,8,2072,2147,2304,2304
79,71,FORWARD,,8,8,8,,4,"['3a25b0d8:o1:d24:aug16:geom=identity__color=id__order=canonical', '3a25b0d8:o1:d24:aug16:geom=flip_ud__color=id__order=canonical', '3a25b0d8:o1:d24:aug16:geom=rot180__color=id__order=canonical', '3a25b0d8:o1:d24:aug16:geom=flip_lr__color=id__order=canonical']",11122194944,14365491200,3243296256,0.22576995181341242,10593763328,8,2072,2148,2304,2304
80,72,FORWARD,,8,8,8,,4,"['3a25b0d8:o1:d24:aug16:geom=identity__color=id__order=canonical', '3a25b0d8:o1:d24:aug16:geom=flip_ud__color=id__order=canonical', '3a25b0d8:o1:d24:aug16:geom=rot180__color=id__order=canonical', '3a25b0d8:o1:d24:aug16:geom=flip_lr__color=id__order=canonical']",11122195456,14365491200,3243295744,0.22576991617244527,10593763328,8,2072,2149,2304,2304
81,73,FORWARD,,8,8,8,,4,"['3a25b0d8:o1:d24:aug16:geom=identity__color=id__order=canonical', '3a25b0d8:o1:d24:aug16:geom=flip_ud__color=id__order=canonical', '3a25b0d8:o1:d24:aug16:geom=rot180__color=id__order=canonical', '3a25b0d8:o1:d24:aug16:geom=flip_lr__color=id__order=canonical']",11122195968,14365491200,3243295232,0.2257698805314781,10593763328,8,2072,2150,2304,2304
82,74,FORWARD,,8,8,8,,4,"['3a25b0d8:o1:d24:aug16:geom=identity__color=id__order=canonical', '3a25b0d8:o1:d24:aug16:geom=flip_ud__color=id__order=canonical', '3a25b0d8:o1:d24:aug16:geom=rot180__color=id__order=canonical', '3a25b0d8:o1:d24:aug16:geom=flip_lr__color=id__order=canonical']",11122196480,14365491200,3243294720,0.22576984489051094,10593763328,8,2072,2151,2304,2304
83,75,FORWARD,,8,8,8,,4,"['3a25b0d8:o1:d24:aug16:geom=identity__color=id__order=canonical', '3a25b0d8:o1:d24:aug16:geom=flip_ud__color=id__order=canonical', '3a25b0d8:o1:d24:aug16:geom=rot180__color=id__order=canonical', '3a25b0d8:o1:d24:aug16:geom=flip_lr__color=id__order=canonical']",11122196992,14365491200,3243294208,0.2257698092495438,10593763328,8,2072,2152,2304,2304
84,76,FORWARD,,8,8,8,,4,"['3a25b0d8:o1:d24:aug16:geom=identity__color=id__order=canonical', '3a25b0d8:o1:d24:aug16:geom=flip_ud__color=id__order=canonical', '3a25b0d8:o1:d24:aug16:geom=rot180__color=id__order=canonical', '3a25b0d8:o1:d24:aug16:geom=flip_lr__color=id__order=canonical']",11122197504,14365491200,3243293696,0.22576977360857664,10593763328,8,2072,2153,2304,2304
85,77,FORWARD,,8,8,8,,4,"['3a25b0d8:o1:d24:aug16:geom=identity__color=id__order=canonical', '3a25b0d8:o1:d24:aug16:geom=flip_ud__color=id__order=canonical', '3a25b0d8:o1:d24:aug16:geom=rot180__color=id__order=canonical', '3a25b0d8:o1:d24:aug16:geom=flip_lr__color=id__order=canonical']",11122198016,14365491200,3243293184,0.2257697379676095,10593763328,8,2072,2154,2304,2304
86,78,FORWARD,,8,8,8,,4,"['3a25b0d8:o1:d24:aug16:geom=identity__color=id__order=canonical', '3a25b0d8:o1:d24:aug16:geom=flip_ud__color=id__order=canonical', '3a25b0d8:o1:d24:aug16:geom=rot180__color=id__order=canonical', '3a25b0d8:o1:d24:aug16:geom=flip_lr__color=id__order=canonical']",11122198528,14365491200,3243292672,0.22576970232664234,10593763328,8,2072,2155,2304,2304
87,79,FORWARD,,8,8,8,,4,"['3a25b0d8:o1:d24:aug16:geom=identity__color=id__order=canonical', '3a25b0d8:o1:d24:aug16:geom=flip_ud__color=id__order=canonical', '3a25b0d8:o1:d24:aug16:geom=rot180__color=id__order=canonical', '3a25b0d8:o1:d24:aug16:geom=flip_lr__color=id__order=canonical']",11122199040,14365491200,3243292160,0.2257696666856752,10593763328,8,2072,2156,2304,2304
88,80,FORWARD,,8,8,8,,4,"['3a25b0d8:o1:d24:aug16:geom=identity__color=id__order=canonical', '3a25b0d8:o1:d24:aug16:geom=flip_ud__color=id__order=canonical', '3a25b0d8:o1:d24:aug16:geom=rot180__color=id__order=canonical', '3a25b0d8:o1:d24:aug16:geom=flip_lr__color=id__order=canonical']",11122199552,14365491200,3243291648,0.22576963104470804,10593763328,8,2072,2157,2304,2304
89,81,FORWARD,,8,8,8,,4,"['3a25b0d8:o1:d24:aug16:geom=identity__color=id__order=canonical', '3a25b0d8:o1:d24:aug16:geom=flip_ud__color=id__order=canonical', '3a25b0d8:o1:d24:aug16:geom=rot180__color=id__order=canonical', '3a25b0d8:o1:d24:aug16:geom=flip_lr__color=id__order=canonical']",11122200064,14365491200,3243291136,0.22576959540374086,10593763328,8,2072,2158,2304,2304
90,82,FORWARD,,8,8,8,,4,"['3a25b0d8:o1:d24:aug16:geom=identity__color=id__order=canonical', '3a25b0d8:o1:d24:aug16:geom=flip_ud__color=id__order=canonical', '3a25b0d8:o1:d24:aug16:geom=rot180__color=id__order=canonical', '3a25b0d8:o1:d24:aug16:geom=flip_lr__color=id__order=canonical']",11122200576,14365491200,3243290624,0.2257695597627737,10593763328,8,2072,2159,2304,2304
91,83,FORWARD,,8,8,8,,4,"['3a25b0d8:o1:d24:aug16:geom=identity__color=id__order=canonical', '3a25b0d8:o1:d24:aug16:geom=flip_ud__color=id__order=canonical', '3a25b0d8:o1:d24:aug16:geom=rot180__color=id__order=canonical', '3a25b0d8:o1:d24:aug16:geom=flip_lr__color=id__order=canonical']",11122201088,14365491200,3243290112,0.22576952412180656,10593763328,8,2072,2160,2304,2304
92,84,FORWARD,,8,8,8,,4,"['3a25b0d8:o1:d24:aug16:geom=identity__color=id__order=canonical', '3a25b0d8:o1:d24:aug16:geom=flip_ud__color=id__order=canonical', '3a25b0d8:o1:d24:aug16:geom=rot180__color=id__order=canonical', '3a25b0d8:o1:d24:aug16:geom=flip_lr__color=id__order=canonical']",11122201600,14365491200,3243289600,0.22576948848083941,10593763328,8,2072,2161,2304,2304
93,85,FORWARD,,8,8,8,,4,"['3a25b0d8:o1:d24:aug16:geom=identity__color=id__order=canonical', '3a25b0d8:o1:d24:aug16:geom=flip_ud__color=id__order=canonical', '3a25b0d8:o1:d24:aug16:geom=rot180__color=id__order=canonical', '3a25b0d8:o1:d24:aug16:geom=flip_lr__color=id__order=canonical']",11122202112,14365491200,3243289088,0.22576945283987226,10593763328,8,2072,2162,2304,2304
94,86,FORWARD,,8,8,8,,4,"['3a25b0d8:o1:d24:aug16:geom=identity__color=id__order=canonical', '3a25b0d8:o1:d24:aug16:geom=flip_ud__color=id__order=canonical', '3a25b0d8:o1:d24:aug16:geom=rot180__color=id__order=canonical', '3a25b0d8:o1:d24:aug16:geom=flip_lr__color=id__order=canonical']",11122202624,14365491200,3243288576,0.22576941719890511,10593763328,8,2072,2163,2304,2304
95,87,FORWARD,,8,8,8,,4,"['3a25b0d8:o1:d24:aug16:geom=identity__color=id__order=canonical', '3a25b0d8:o1:d24:aug16:geom=flip_ud__color=id__order=canonical', '3a25b0d8:o1:d24:aug16:geom=rot180__color=id__order=canonical', '3a25b0d8:o1:d24:aug16:geom=flip_lr__color=id__order=canonical']",11122203136,14365491200,3243288064,0.22576938155793796,10593763328,8,2072,2164,2304,2304
96,88,FORWARD,,8,8,8,,4,"['3a25b0d8:o1:d24:aug16:geom=identity__color=id__order=canonical', '3a25b0d8:o1:d24:aug16:geom=flip_ud__color=id__order=canonical', '3a25b0d8:o1:d24:aug16:geom=rot180__color=id__order=canonical', '3a25b0d8:o1:d24:aug16:geom=flip_lr__color=id__order=canonical']",11122203648,14365491200,3243287552,0.22576934591697082,10593763328,8,2072,2165,2304,2304
97,89,FORWARD,,8,8,8,,4,"['3a25b0d8:o1:d24:aug16:geom=identity__color=id__order=canonical', '3a25b0d8:o1:d24:aug16:geom=flip_ud__color=id__order=canonical', '3a25b0d8:o1:d24:aug16:geom=rot180__color=id__order=canonical', '3a25b0d8:o1:d24:aug16:geom=flip_lr__color=id__order=canonical']",11122204160,14365491200,3243287040,0.22576931027600364,10593763328,8,2072,2166,2304,2304
98,90,FORWARD,,8,8,8,,4,"['3a25b0d8:o1:d24:aug16:geom=identity__color=id__order=canonical', '3a25b0d8:o1:d24:aug16:geom=flip_ud__color=id__order=canonical', '3a25b0d8:o1:d24:aug16:geom=rot180__color=id__order=canonical', '3a25b0d8:o1:d24:aug16:geom=flip_lr__color=id__order=canonical']",11122204672,14365491200,3243286528,0.2257692746350365,10593763328,8,2072,2167,2304,2304
99,91,FORWARD,,8,8,8,,4,"['3a25b0d8:o1:d24:aug16:geom=identity__color=id__order=canonical', '3a25b0d8:o1:d24:aug16:geom=flip_ud__color=id__order=canonical', '3a25b0d8:o1:d24:aug16:geom=rot180__color=id__order=canonical', '3a25b0d8:o1:d24:aug16:geom=flip_lr__color=id__order=canonical']",11122205184,14365491200,3243286016,0.22576923899406934,10593763328,8,2072,2168,2304,2304
100,92,FORWARD,,8,8,8,,4,"['3a25b0d8:o1:d24:aug16:geom=identity__color=id__order=canonical', '3a25b0d8:o1:d24:aug16:geom=flip_ud__color=id__order=canonical', '3a25b0d8:o1:d24:aug16:geom=rot180__color=id__order=canonical', '3a25b0d8:o1:d24:aug16:geom=flip_lr__color=id__order=canonical']",11122205696,14365491200,3243285504,0.2257692033531022,10593763328,8,2072,2169,2304,2304
101,93,FORWARD,,8,8,8,,4,"['3a25b0d8:o1:d24:aug16:geom=identity__color=id__order=canonical', '3a25b0d8:o1:d24:aug16:geom=flip_ud__color=id__order=canonical', '3a25b0d8:o1:d24:aug16:geom=rot180__color=id__order=canonical', '3a25b0d8:o1:d24:aug16:geom=flip_lr__color=id__order=canonical']",11122206208,14365491200,3243284992,0.22576916771213504,10593763328,8,2072,2170,2304,2304
102,94,FORWARD,,8,8,8,,4,"['3a25b0d8:o1:d24:aug16:geom=identity__color=id__order=canonical', '3a25b0d8:o1:d24:aug16:geom=flip_ud__color=id__order=canonical', '3a25b0d8:o1:d24:aug16:geom=rot180__color=id__order=canonical', '3a25b0d8:o1:d24:aug16:geom=flip_lr__color=id__order=canonical']",11122206720,14365491200,3243284480,0.2257691320711679,10593763328,8,2072,2171,2304,2304
103,95,FORWARD,,8,8,8,,4,"['3a25b0d8:o1:d24:aug16:geom=identity__color=id__order=canonical', '3a25b0d8:o1:d24:aug16:geom=flip_ud__color=id__order=canonical', '3a25b0d8:o1:d24:aug16:geom=rot180__color=id__order=canonical', '3a25b0d8:o1:d24:aug16:geom=flip_lr__color=id__order=canonical']",11122207232,14365491200,3243283968,0.22576909643020074,10593763328,8,2072,2172,2304,2304
104,96,FORWARD,,8,8,8,,4,"['3a25b0d8:o1:d24:aug16:geom=identity__color=id__order=canonical', '3a25b0d8:o1:d24:aug16:geom=flip_ud__color=id__order=canonical', '3a25b0d8:o1:d24:aug16:geom=rot180__color=id__order=canonical', '3a25b0d8:o1:d24:aug16:geom=flip_lr__color=id__order=canonical']",11122207744,14365491200,3243283456,0.2257690607892336,10593763328,8,2072,2173,2304,2304
105,97,FORWARD,,8,8,8,,4,"['3a25b0d8:o1:d24:aug16:geom=identity__color=id__order=canonical', '3a25b0d8:o1:d24:aug16:geom=flip_ud__color=id__order=canonical', '3a25b0d8:o1:d24:aug16:geom=rot180__color=id__order=canonical', '3a25b0d8:o1:d24:aug16:geom=flip_lr__color=id__order=canonical']",11122208256,14365491200,3243282944,0.2257690251482664,10593763328,8,2072,2174,2304,2304
106,98,FORWARD,,8,8,8,,4,"['3a25b0d8:o1:d24:aug16:geom=identity__color=id__order=canonical', '3a25b0d8:o1:d24:aug16:geom=flip_ud__color=id__order=canonical', '3a25b0d8:o1:d24:aug16:geom=rot180__color=id__order=canonical', '3a25b0d8:o1:d24:aug16:geom=flip_lr__color=id__order=canonical']",11122208768,14365491200,3243282432,0.22576898950729926,10593763328,8,2072,2175,2304,2304
107,99,FORWARD,,8,8,8,,4,"['3a25b0d8:o1:d24:aug16:geom=identity__color=id__order=canonical', '3a25b0d8:o1:d24:aug16:geom=flip_ud__color=id__order=canonical', '3a25b0d8:o1:d24:aug16:geom=rot180__color=id__order=canonical', '3a25b0d8:o1:d24:aug16:geom=flip_lr__color=id__order=canonical']",11122209280,14365491200,3243281920,0.2257689538663321,10593763328,8,2072,2176,2304,2304
108,100,FORWARD,,8,8,8,,4,"['3a25b0d8:o1:d24:aug16:geom=identity__color=id__order=canonical', '3a25b0d8:o1:d24:aug16:geom=flip_ud__color=id__order=canonical', '3a25b0d8:o1:d24:aug16:geom=rot180__color=id__order=canonical', '3a25b0d8:o1:d24:aug16:geom=flip_lr__color=id__order=canonical']",11122209792,14384365568,3262155776,0.22678482137975653,10574888960,8,2072,2177,2304,2304
109,101,FORWARD,,8,8,8,,4,"['3a25b0d8:o1:d24:aug16:geom=identity__color=id__order=canonical', '3a25b0d8:o1:d24:aug16:geom=flip_ud__color=id__order=canonical', '3a25b0d8:o1:d24:aug16:geom=rot180__color=id__order=canonical', '3a25b0d8:o1:d24:aug16:geom=flip_lr__color=id__order=canonical']",11122210304,14384365568,3262155264,0.22678478578555547,10574888960,8,2072,2178,2304,2304
110,102,FORWARD,,8,8,8,,4,"['3a25b0d8:o1:d24:aug16:geom=identity__color=id__order=canonical', '3a25b0d8:o1:d24:aug16:geom=flip_ud__color=id__order=canonical', '3a25b0d8:o1:d24:aug16:geom=rot180__color=id__order=canonical', '3a25b0d8:o1:d24:aug16:geom=flip_lr__color=id__order=canonical']",11122210816,14384365568,3262154752,0.2267847501913544,10574888960,8,2072,2179,2304,2304
111,103,FORWARD,,8,8,8,,4,"['3a25b0d8:o1:d24:aug16:geom=identity__color=id__order=canonical', '3a25b0d8:o1:d24:aug16:geom=flip_ud__color=id__order=canonical', '3a25b0d8:o1:d24:aug16:geom=rot180__color=id__order=canonical', '3a25b0d8:o1:d24:aug16:geom=flip_lr__color=id__order=canonical']",11122211328,14384365568,3262154240,0.22678471459715338,10574888960,8,2072,2180,2304,2304
112,104,FORWARD,,8,8,8,,4,"['3a25b0d8:o1:d24:aug16:geom=identity__color=id__order=canonical', '3a25b0d8:o1:d24:aug16:geom=flip_ud__color=id__order=canonical', '3a25b0d8:o1:d24:aug16:geom=rot180__color=id__order=canonical', '3a25b0d8:o1:d24:aug16:geom=flip_lr__color=id__order=canonical']",11122211840,14384365568,3262153728,0.22678467900295232,10574888960,8,2072,2181,2304,2304
113,105,FORWARD,,8,8,8,,4,"['3a25b0d8:o1:d24:aug16:geom=identity__color=id__order=canonical', '3a25b0d8:o1:d24:aug16:geom=flip_ud__color=id__order=canonical', '3a25b0d8:o1:d24:aug16:geom=rot180__color=id__order=canonical', '3a25b0d8:o1:d24:aug16:geom=flip_lr__color=id__order=canonical']",11122212352,14384365568,3262153216,0.22678464340875126,10574888960,8,2072,2182,2304,2304
114,106,FORWARD,,8,8,8,,4,"['3a25b0d8:o1:d24:aug16:geom=identity__color=id__order=canonical', '3a25b0d8:o1:d24:aug16:geom=flip_ud__color=id__order=canonical', '3a25b0d8:o1:d24:aug16:geom=rot180__color=id__order=canonical', '3a25b0d8:o1:d24:aug16:geom=flip_lr__color=id__order=canonical']",11122212864,14384365568,3262152704,0.22678460781455023,10574888960,8,2072,2183,2304,2304
115,107,FORWARD,,8,8,8,,4,"['3a25b0d8:o1:d24:aug16:geom=identity__color=id__order=canonical', '3a25b0d8:o1:d24:aug16:geom=flip_ud__color=id__order=canonical', '3a25b0d8:o1:d24:aug16:geom=rot180__color=id__order=canonical', '3a25b0d8:o1:d24:aug16:geom=flip_lr__color=id__order=canonical']",11122213376,14384365568,3262152192,0.22678457222034917,10574888960,8,2072,2184,2304,2304
116,108,FORWARD,,8,8,8,,4,"['3a25b0d8:o1:d24:aug16:geom=identity__color=id__order=canonical', '3a25b0d8:o1:d24:aug16:geom=flip_ud__color=id__order=canonical', '3a25b0d8:o1:d24:aug16:geom=rot180__color=id__order=canonical', '3a25b0d8:o1:d24:aug16:geom=flip_lr__color=id__order=canonical']",11122213888,14384365568,3262151680,0.22678453662614811,10574888960,8,2072,2185,2304,2304
117,109,FORWARD,,8,8,8,,4,"['3a25b0d8:o1:d24:aug16:geom=identity__color=id__order=canonical', '3a25b0d8:o1:d24:aug16:geom=flip_ud__color=id__order=canonical', '3a25b0d8:o1:d24:aug16:geom=rot180__color=id__order=canonical', '3a25b0d8:o1:d24:aug16:geom=flip_lr__color=id__order=canonical']",11122214400,14384365568,3262151168,0.22678450103194708,10574888960,8,2072,2186,2304,2304
118,110,FORWARD,,8,8,8,,4,"['3a25b0d8:o1:d24:aug16:geom=identity__color=id__order=canonical', '3a25b0d8:o1:d24:aug16:geom=flip_ud__color=id__order=canonical', '3a25b0d8:o1:d24:aug16:geom=rot180__color=id__order=canonical', '3a25b0d8:o1:d24:aug16:geom=flip_lr__color=id__order=canonical']",11122214912,14384365568,3262150656,0.22678446543774602,10574888960,8,2072,2187,2304,2304
119,111,FORWARD,,8,8,8,,4,"['3a25b0d8:o1:d24:aug16:geom=identity__color=id__order=canonical', '3a25b0d8:o1:d24:aug16:geom=flip_ud__color=id__order=canonical', '3a25b0d8:o1:d24:aug16:geom=rot180__color=id__order=canonical', '3a25b0d8:o1:d24:aug16:geom=flip_lr__color=id__order=canonical']",11122215424,14384365568,3262150144,0.22678442984354497,10574888960,8,2072,2188,2304,2304
120,112,FORWARD,,8,8,8,,4,"['3a25b0d8:o1:d24:aug16:geom=identity__color=id__order=canonical', '3a25b0d8:o1:d24:aug16:geom=flip_ud__color=id__order=canonical', '3a25b0d8:o1:d24:aug16:geom=rot180__color=id__order=canonical', '3a25b0d8:o1:d24:aug16:geom=flip_lr__color=id__order=canonical']",11122215936,14384365568,3262149632,0.22678439424934393,10574888960,8,2072,2189,2304,2304
121,113,FORWARD,,8,8,8,,4,"['3a25b0d8:o1:d24:aug16:geom=identity__color=id__order=canonical', '3a25b0d8:o1:d24:aug16:geom=flip_ud__color=id__order=canonical', '3a25b0d8:o1:d24:aug16:geom=rot180__color=id__order=canonical', '3a25b0d8:o1:d24:aug16:geom=flip_lr__color=id__order=canonical']",11122216448,14384365568,3262149120,0.22678435865514288,10574888960,8,2072,2190,2304,2304
122,114,FORWARD,,8,8,8,,4,"['3a25b0d8:o1:d24:aug16:geom=identity__color=id__order=canonical', '3a25b0d8:o1:d24:aug16:geom=flip_ud__color=id__order=canonical', '3a25b0d8:o1:d24:aug16:geom=rot180__color=id__order=canonical', '3a25b0d8:o1:d24:aug16:geom=flip_lr__color=id__order=canonical']",11122216960,14384365568,3262148608,0.22678432306094182,10574888960,8,2072,2191,2304,2304
123,115,FORWARD,,8,8,8,,4,"['3a25b0d8:o1:d24:aug16:geom=identity__color=id__order=canonical', '3a25b0d8:o1:d24:aug16:geom=flip_ud__color=id__order=canonical', '3a25b0d8:o1:d24:aug16:geom=rot180__color=id__order=canonical', '3a25b0d8:o1:d24:aug16:geom=flip_lr__color=id__order=canonical']",11122217472,14384365568,3262148096,0.22678428746674079,10574888960,8,2072,2192,2304,2304
124,116,FORWARD,,8,8,8,,4,"['3a25b0d8:o1:d24:aug16:geom=identity__color=id__order=canonical', '3a25b0d8:o1:d24:aug16:geom=flip_ud__color=id__order=canonical', '3a25b0d8:o1:d24:aug16:geom=rot180__color=id__order=canonical', '3a25b0d8:o1:d24:aug16:geom=flip_lr__color=id__order=canonical']",11122217984,14384365568,3262147584,0.22678425187253973,10574888960,8,2072,2193,2304,2304
125,117,FORWARD,,8,8,8,,4,"['3a25b0d8:o1:d24:aug16:geom=identity__color=id__order=canonical', '3a25b0d8:o1:d24:aug16:geom=flip_ud__color=id__order=canonical', '3a25b0d8:o1:d24:aug16:geom=rot180__color=id__order=canonical', '3a25b0d8:o1:d24:aug16:geom=flip_lr__color=id__order=canonical']",11122218496,14384365568,3262147072,0.22678421627833867,10574888960,8,2072,2194,2304,2304
126,118,FORWARD,,8,8,8,,4,"['3a25b0d8:o1:d24:aug16:geom=identity__color=id__order=canonical', '3a25b0d8:o1:d24:aug16:geom=flip_ud__color=id__order=canonical', '3a25b0d8:o1:d24:aug16:geom=rot180__color=id__order=canonical', '3a25b0d8:o1:d24:aug16:geom=flip_lr__color=id__order=canonical']",11122219008,14384365568,3262146560,0.22678418068413764,10574888960,8,2072,2195,2304,2304
127,119,FORWARD,,8,8,8,,4,"['3a25b0d8:o1:d24:aug16:geom=identity__color=id__order=canonical', '3a25b0d8:o1:d24:aug16:geom=flip_ud__color=id__order=canonical', '3a25b0d8:o1:d24:aug16:geom=rot180__color=id__order=canonical', '3a25b0d8:o1:d24:aug16:geom=flip_lr__color=id__order=canonical']",11122219520,14384365568,3262146048,0.22678414508993658,10574888960,8,2072,2196,2304,2304
128,120,FORWARD,,8,8,8,,4,"['3a25b0d8:o1:d24:aug16:geom=identity__color=id__order=canonical', '3a25b0d8:o1:d24:aug16:geom=flip_ud__color=id__order=canonical', '3a25b0d8:o1:d24:aug16:geom=rot180__color=id__order=canonical', '3a25b0d8:o1:d24:aug16:geom=flip_lr__color=id__order=canonical']",11122220032,14384365568,3262145536,0.22678410949573552,10574888960,8,2072,2197,2304,2304
129,121,FORWARD,,8,8,8,,4,"['3a25b0d8:o1:d24:aug16:geom=identity__color=id__order=canonical', '3a25b0d8:o1:d24:aug16:geom=flip_ud__color=id__order=canonical', '3a25b0d8:o1:d24:aug16:geom=rot180__color=id__order=canonical', '3a25b0d8:o1:d24:aug16:geom=flip_lr__color=id__order=canonical']",11122220544,14384365568,3262145024,0.2267840739015345,10574888960,8,2072,2198,2304,2304
130,122,FORWARD,,8,8,8,,4,"['3a25b0d8:o1:d24:aug16:geom=identity__color=id__order=canonical', '3a25b0d8:o1:d24:aug16:geom=flip_ud__color=id__order=canonical', '3a25b0d8:o1:d24:aug16:geom=rot180__color=id__order=canonical', '3a25b0d8:o1:d24:aug16:geom=flip_lr__color=id__order=canonical']",11122221056,14384365568,3262144512,0.22678403830733343,10574888960,8,2072,2199,2304,2304
131,123,FORWARD,,8,8,8,,4,"['3a25b0d8:o1:d24:aug16:geom=identity__color=id__order=canonical', '3a25b0d8:o1:d24:aug16:geom=flip_ud__color=id__order=canonical', '3a25b0d8:o1:d24:aug16:geom=rot180__color=id__order=canonical', '3a25b0d8:o1:d24:aug16:geom=flip_lr__color=id__order=canonical']",11122221568,14384365568,3262144000,0.22678400271313237,10574888960,8,2072,2200,2304,2304
132,124,FORWARD,,8,8,8,,4,"['3a25b0d8:o1:d24:aug16:geom=identity__color=id__order=canonical', '3a25b0d8:o1:d24:aug16:geom=flip_ud__color=id__order=canonical', '3a25b0d8:o1:d24:aug16:geom=rot180__color=id__order=canonical', '3a25b0d8:o1:d24:aug16:geom=flip_lr__color=id__order=canonical']",11122222080,14384365568,3262143488,0.22678396711893134,10574888960,8,2072,2201,2304,2304
133,125,FORWARD,,8,8,8,,4,"['3a25b0d8:o1:d24:aug16:geom=identity__color=id__order=canonical', '3a25b0d8:o1:d24:aug16:geom=flip_ud__color=id__order=canonical', '3a25b0d8:o1:d24:aug16:geom=rot180__color=id__order=canonical', '3a25b0d8:o1:d24:aug16:geom=flip_lr__color=id__order=canonical']",11122222592,14384365568,3262142976,0.22678393152473028,10574888960,8,2072,2202,2304,2304
134,126,FORWARD,,8,8,8,,4,"['3a25b0d8:o1:d24:aug16:geom=identity__color=id__order=canonical', '3a25b0d8:o1:d24:aug16:geom=flip_ud__color=id__order=canonical', '3a25b0d8:o1:d24:aug16:geom=rot180__color=id__order=canonical', '3a25b0d8:o1:d24:aug16:geom=flip_lr__color=id__order=canonical']",11122223104,14384365568,3262142464,0.22678389593052922,10574888960,8,2072,2203,2304,2304
135,127,FORWARD,,8,8,8,,4,"['3a25b0d8:o1:d24:aug16:geom=identity__color=id__order=canonical', '3a25b0d8:o1:d24:aug16:geom=flip_ud__color=id__order=canonical', '3a25b0d8:o1:d24:aug16:geom=rot180__color=id__order=canonical', '3a25b0d8:o1:d24:aug16:geom=flip_lr__color=id__order=canonical']",11122223616,14384365568,3262141952,0.2267838603363282,10574888960,8,2072,2204,2304,2304
136,128,FORWARD,,8,8,8,,4,"['3a25b0d8:o1:d24:aug16:geom=identity__color=id__order=canonical', '3a25b0d8:o1:d24:aug16:geom=flip_ud__color=id__order=canonical', '3a25b0d8:o1:d24:aug16:geom=rot180__color=id__order=canonical', '3a25b0d8:o1:d24:aug16:geom=flip_lr__color=id__order=canonical']",11122224128,14384365568,3262141440,0.22678382474212713,10574888960,8,2072,2205,2304,2304
137,128,TERMINATE,3a25b0d8:o1:d24:aug16:geom=identity__color=id__order=canonical,8,8,8,budget_exhausted,4,"['3a25b0d8:o1:d24:aug16:geom=identity__color=id__order=canonical', '3a25b0d8:o1:d24:aug16:geom=flip_ud__color=id__order=canonical', '3a25b0d8:o1:d24:aug16:geom=rot180__color=id__order=canonical', '3a25b0d8:o1:d24:aug16:geom=flip_lr__color=id__order=canonical']",11122222592,14384365568,3262142976,0.22678393152473028,10574888960,8,2072,2078,2304,2304
138,128,RELEASE,3a25b0d8:o1:d24:aug16:geom=identity__color=id__order=canonical,7,8,8,budget_exhausted,4,"['3a25b0d8:o1:d24:aug16:geom=identity__color=id__order=canonical', '3a25b0d8:o1:d24:aug16:geom=flip_ud__color=id__order=canonical', '3a25b0d8:o1:d24:aug16:geom=rot180__color=id__order=canonical', '3a25b0d8:o1:d24:aug16:geom=flip_lr__color=id__order=canonical']",11122222592,14384365568,3262142976,0.22678393152473028,10574888960,7,2072,2078,2304,2304
139,128,ADMIT,3a25b0d8:o1:d24:aug16:geom=identity__color=p00_4150723698__order=canonical,8,7,8,,,[],11461959168,14587789312,3125830144,0.21427716545293632,10371465216,8,2072,2078,2304,2304
140,128,TERMINATE,3a25b0d8:o1:d24:aug16:geom=flip_ud__color=id__order=canonical,8,7,8,budget_exhausted,4,"['3a25b0d8:o1:d24:aug16:geom=identity__color=id__order=canonical', '3a25b0d8:o1:d24:aug16:geom=flip_ud__color=id__order=canonical', '3a25b0d8:o1:d24:aug16:geom=rot180__color=id__order=canonical', '3a25b0d8:o1:d24:aug16:geom=flip_lr__color=id__order=canonical']",11461959168,14587789312,3125830144,0.21427716545293632,10371465216,8,2072,2078,2304,2304
141,128,RELEASE,3a25b0d8:o1:d24:aug16:geom=flip_ud__color=id__order=canonical,7,7,8,budget_exhausted,4,"['3a25b0d8:o1:d24:aug16:geom=identity__color=id__order=canonical', '3a25b0d8:o1:d24:aug16:geom=flip_ud__color=id__order=canonical', '3a25b0d8:o1:d24:aug16:geom=rot180__color=id__order=canonical', '3a25b0d8:o1:d24:aug16:geom=flip_lr__color=id__order=canonical']",11461959168,14587789312,3125830144,0.21427716545293632,10371465216,7,2072,2078,2304,2304
142,128,ADMIT,3a25b0d8:o1:d24:aug16:geom=rot90__color=p02_4950812673__order=canonical,8,6,8,,,[],11801698304,14587789312,2786091008,0.19098788366158712,10371465216,8,2072,2078,2304,2304
143,128,TERMINATE,3a25b0d8:o1:d24:aug16:geom=rot180__color=id__order=canonical,8,6,8,budget_exhausted,4,"['3a25b0d8:o1:d24:aug16:geom=identity__color=id__order=canonical', '3a25b0d8:o1:d24:aug16:geom=flip_ud__color=id__order=canonical', '3a25b0d8:o1:d24:aug16:geom=rot180__color=id__order=canonical', '3a25b0d8:o1:d24:aug16:geom=flip_lr__color=id__order=canonical']",11801698304,14587789312,2786091008,0.19098788366158712,10371465216,8,2072,2078,2304,2304
144,128,RELEASE,3a25b0d8:o1:d24:aug16:geom=rot180__color=id__order=canonical,7,6,8,budget_exhausted,4,"['3a25b0d8:o1:d24:aug16:geom=identity__color=id__order=canonical', '3a25b0d8:o1:d24:aug16:geom=flip_ud__color=id__order=canonical', '3a25b0d8:o1:d24:aug16:geom=rot180__color=id__order=canonical', '3a25b0d8:o1:d24:aug16:geom=flip_lr__color=id__order=canonical']",11801698304,14587789312,2786091008,0.19098788366158712,10371465216,7,2072,2078,2304,2304
145,128,ADMIT,3a25b0d8:o1:d24:aug16:geom=flip_ud__color=p03_5980213764__order=canonical,8,5,8,,,[],12141900288,14587789312,2445889024,0.16766687341638514,10371465216,8,2072,2078,2304,2304
146,128,TERMINATE,3a25b0d8:o1:d24:aug16:geom=flip_lr__color=id__order=canonical,8,5,8,budget_exhausted,4,"['3a25b0d8:o1:d24:aug16:geom=identity__color=id__order=canonical', '3a25b0d8:o1:d24:aug16:geom=flip_ud__color=id__order=canonical', '3a25b0d8:o1:d24:aug16:geom=rot180__color=id__order=canonical', '3a25b0d8:o1:d24:aug16:geom=flip_lr__color=id__order=canonical']",12141900288,14587789312,2445889024,0.16766687341638514,10371465216,8,2072,2078,2304,2304
147,128,RELEASE,3a25b0d8:o1:d24:aug16:geom=flip_lr__color=id__order=canonical,7,5,8,budget_exhausted,4,"['3a25b0d8:o1:d24:aug16:geom=identity__color=id__order=canonical', '3a25b0d8:o1:d24:aug16:geom=flip_ud__color=id__order=canonical', '3a25b0d8:o1:d24:aug16:geom=rot180__color=id__order=canonical', '3a25b0d8:o1:d24:aug16:geom=flip_lr__color=id__order=canonical']",12141900288,14587789312,2445889024,0.16766687341638514,10371465216,7,2072,2078,2304,2304
148,128,ADMIT,3a25b0d8:o1:d24:aug16:geom=anti_transpose__color=p05_5436201789__order=canonical,8,4,8,,,[],12482114560,14587789312,2105674752,0.14434502082285078,10371465216,8,2072,2078,2304,2304
149,129,FORWARD,,8,4,8,,6,"['3a25b0d8:o1:d24:aug16:geom=transpose__color=id__order=canonical', '3a25b0d8:o1:d24:aug16:geom=anti_transpose__color=id__order=canonical', '3a25b0d8:o1:d24:aug16:geom=rot90__color=id__order=canonical', '3a25b0d8:o1:d24:aug16:geom=rot270__color=id__order=canonical', '3a25b0d8:o1:d24:aug16:geom=rot90__color=p02_4950812673__order=canonical', '3a25b0d8:o1:d24:aug16:geom=anti_transpose__color=p05_5436201789__order=canonical']",12482114560,14587789312,2105674752,0.14434502082285078,10371465216,8,2072,2078,2304,2304
150,130,FORWARD,,8,4,8,,6,"['3a25b0d8:o1:d24:aug16:geom=transpose__color=id__order=canonical', '3a25b0d8:o1:d24:aug16:geom=anti_transpose__color=id__order=canonical', '3a25b0d8:o1:d24:aug16:geom=rot90__color=id__order=canonical', '3a25b0d8:o1:d24:aug16:geom=rot270__color=id__order=canonical', '3a25b0d8:o1:d24:aug16:geom=rot90__color=p02_4950812673__order=canonical', '3a25b0d8:o1:d24:aug16:geom=anti_transpose__color=p05_5436201789__order=canonical']",12482115072,18350080000,5867964928,0.3197787109375,6609174528,8,2073,2078,2304,2304
151,131,FORWARD,,8,4,8,,6,"['3a25b0d8:o1:d24:aug16:geom=transpose__color=id__order=canonical', '3a25b0d8:o1:d24:aug16:geom=anti_transpose__color=id__order=canonical', '3a25b0d8:o1:d24:aug16:geom=rot90__color=id__order=canonical', '3a25b0d8:o1:d24:aug16:geom=rot270__color=id__order=canonical', '3a25b0d8:o1:d24:aug16:geom=rot90__color=p02_4950812673__order=canonical', '3a25b0d8:o1:d24:aug16:geom=anti_transpose__color=p05_5436201789__order=canonical']",12482115584,18350080000,5867964416,0.3197786830357143,6609174528,8,2074,2078,2304,2304
152,132,FORWARD,,8,4,8,,6,"['3a25b0d8:o1:d24:aug16:geom=transpose__color=id__order=canonical', '3a25b0d8:o1:d24:aug16:geom=anti_transpose__color=id__order=canonical', '3a25b0d8:o1:d24:aug16:geom=rot90__color=id__order=canonical', '3a25b0d8:o1:d24:aug16:geom=rot270__color=id__order=canonical', '3a25b0d8:o1:d24:aug16:geom=rot90__color=p02_4950812673__order=canonical', '3a25b0d8:o1:d24:aug16:geom=anti_transpose__color=p05_5436201789__order=canonical']",12482116096,18350080000,5867963904,0.31977865513392856,6609174528,8,2075,2078,2304,2304
153,133,FORWARD,,8,4,8,,6,"['3a25b0d8:o1:d24:aug16:geom=transpose__color=id__order=canonical', '3a25b0d8:o1:d24:aug16:geom=anti_transpose__color=id__order=canonical', '3a25b0d8:o1:d24:aug16:geom=rot90__color=id__order=canonical', '3a25b0d8:o1:d24:aug16:geom=rot270__color=id__order=canonical', '3a25b0d8:o1:d24:aug16:geom=rot90__color=p02_4950812673__order=canonical', '3a25b0d8:o1:d24:aug16:geom=anti_transpose__color=p05_5436201789__order=canonical']",12482116608,18350080000,5867963392,0.31977862723214284,6609174528,8,2076,2078,2304,2304
154,134,FORWARD,,8,4,8,,6,"['3a25b0d8:o1:d24:aug16:geom=transpose__color=id__order=canonical', '3a25b0d8:o1:d24:aug16:geom=anti_transpose__color=id__order=canonical', '3a25b0d8:o1:d24:aug16:geom=rot90__color=id__order=canonical', '3a25b0d8:o1:d24:aug16:geom=rot270__color=id__order=canonical', '3a25b0d8:o1:d24:aug16:geom=rot90__color=p02_4950812673__order=canonical', '3a25b0d8:o1:d24:aug16:geom=anti_transpose__color=p05_5436201789__order=canonical']",12482117120,18350080000,5867962880,0.3197785993303571,6609174528,8,2077,2078,2304,2304
155,135,FORWARD,,8,4,8,,8,"['3a25b0d8:o1:d24:aug16:geom=transpose__color=id__order=canonical', '3a25b0d8:o1:d24:aug16:geom=anti_transpose__color=id__order=canonical', '3a25b0d8:o1:d24:aug16:geom=rot90__color=id__order=canonical', '3a25b0d8:o1:d24:aug16:geom=rot270__color=id__order=canonical', '3a25b0d8:o1:d24:aug16:geom=identity__color=p00_4150723698__order=canonical', '3a25b0d8:o1:d24:aug16:geom=rot90__color=p02_4950812673__order=canonical', '3a25b0d8:o1:d24:aug16:geom=flip_ud__color=p03_5980213764__order=canonical', '3a25b0d8:o1:d24:aug16:geom=anti_transpose__color=p05_5436201789__order=canonical']",12482117632,18350080000,5867962368,0.3197785714285714,6609174528,8,2078,2078,2304,2304
156,136,FORWARD,,8,4,8,,8,"['3a25b0d8:o1:d24:aug16:geom=transpose__color=id__order=canonical', '3a25b0d8:o1:d24:aug16:geom=anti_transpose__color=id__order=canonical', '3a25b0d8:o1:d24:aug16:geom=rot90__color=id__order=canonical', '3a25b0d8:o1:d24:aug16:geom=rot270__color=id__order=canonical', '3a25b0d8:o1:d24:aug16:geom=identity__color=p00_4150723698__order=canonical', '3a25b0d8:o1:d24:aug16:geom=rot90__color=p02_4950812673__order=canonical', '3a25b0d8:o1:d24:aug16:geom=flip_ud__color=p03_5980213764__order=canonical', '3a25b0d8:o1:d24:aug16:geom=anti_transpose__color=p05_5436201789__order=canonical']",12482118144,23269998592,10787880448,0.4635960937147959,1689255936,8,2079,2079,2304,2304
157,137,FORWARD,,8,4,8,,8,"['3a25b0d8:o1:d24:aug16:geom=transpose__color=id__order=canonical', '3a25b0d8:o1:d24:aug16:geom=anti_transpose__color=id__order=canonical', '3a25b0d8:o1:d24:aug16:geom=rot90__color=id__order=canonical', '3a25b0d8:o1:d24:aug16:geom=rot270__color=id__order=canonical', '3a25b0d8:o1:d24:aug16:geom=identity__color=p00_4150723698__order=canonical', '3a25b0d8:o1:d24:aug16:geom=rot90__color=p02_4950812673__order=canonical', '3a25b0d8:o1:d24:aug16:geom=flip_ud__color=p03_5980213764__order=canonical', '3a25b0d8:o1:d24:aug16:geom=anti_transpose__color=p05_5436201789__order=canonical']",12482118656,23269998592,10787879936,0.4635960717122161,1689255936,8,2080,2080,2304,2304
158,138,FORWARD,,8,4,8,,8,"['3a25b0d8:o1:d24:aug16:geom=transpose__color=id__order=canonical', '3a25b0d8:o1:d24:aug16:geom=anti_transpose__color=id__order=canonical', '3a25b0d8:o1:d24:aug16:geom=rot90__color=id__order=canonical', '3a25b0d8:o1:d24:aug16:geom=rot270__color=id__order=canonical', '3a25b0d8:o1:d24:aug16:geom=identity__color=p00_4150723698__order=canonical', '3a25b0d8:o1:d24:aug16:geom=rot90__color=p02_4950812673__order=canonical', '3a25b0d8:o1:d24:aug16:geom=flip_ud__color=p03_5980213764__order=canonical', '3a25b0d8:o1:d24:aug16:geom=anti_transpose__color=p05_5436201789__order=canonical']",12482119168,23269998592,10787879424,0.46359604970963636,1689255936,8,2081,2081,2304,2304
159,139,FORWARD,,8,4,8,,8,"['3a25b0d8:o1:d24:aug16:geom=transpose__color=id__order=canonical', '3a25b0d8:o1:d24:aug16:geom=anti_transpose__color=id__order=canonical', '3a25b0d8:o1:d24:aug16:geom=rot90__color=id__order=canonical', '3a25b0d8:o1:d24:aug16:geom=rot270__color=id__order=canonical', '3a25b0d8:o1:d24:aug16:geom=identity__color=p00_4150723698__order=canonical', '3a25b0d8:o1:d24:aug16:geom=rot90__color=p02_4950812673__order=canonical', '3a25b0d8:o1:d24:aug16:geom=flip_ud__color=p03_5980213764__order=canonical', '3a25b0d8:o1:d24:aug16:geom=anti_transpose__color=p05_5436201789__order=canonical']",12482119680,23269998592,10787878912,0.4635960277070566,1689255936,8,2082,2082,2304,2304
160,140,FORWARD,,8,4,8,,8,"['3a25b0d8:o1:d24:aug16:geom=transpose__color=id__order=canonical', '3a25b0d8:o1:d24:aug16:geom=anti_transpose__color=id__order=canonical', '3a25b0d8:o1:d24:aug16:geom=rot90__color=id__order=canonical', '3a25b0d8:o1:d24:aug16:geom=rot270__color=id__order=canonical', '3a25b0d8:o1:d24:aug16:geom=identity__color=p00_4150723698__order=canonical', '3a25b0d8:o1:d24:aug16:geom=rot90__color=p02_4950812673__order=canonical', '3a25b0d8:o1:d24:aug16:geom=flip_ud__color=p03_5980213764__order=canonical', '3a25b0d8:o1:d24:aug16:geom=anti_transpose__color=p05_5436201789__order=canonical']",12482120192,23269998592,10787878400,0.46359600570447684,1689255936,8,2083,2083,2304,2304
161,141,FORWARD,,8,4,8,,8,"['3a25b0d8:o1:d24:aug16:geom=transpose__color=id__order=canonical', '3a25b0d8:o1:d24:aug16:geom=anti_transpose__color=id__order=canonical', '3a25b0d8:o1:d24:aug16:geom=rot90__color=id__order=canonical', '3a25b0d8:o1:d24:aug16:geom=rot270__color=id__order=canonical', '3a25b0d8:o1:d24:aug16:geom=identity__color=p00_4150723698__order=canonical', '3a25b0d8:o1:d24:aug16:geom=rot90__color=p02_4950812673__order=canonical', '3a25b0d8:o1:d24:aug16:geom=flip_ud__color=p03_5980213764__order=canonical', '3a25b0d8:o1:d24:aug16:geom=anti_transpose__color=p05_5436201789__order=canonical']",12482120704,23269998592,10787877888,0.4635959837018971,1689255936,8,2084,2084,2304,2304
162,142,FORWARD,,8,4,8,,8,"['3a25b0d8:o1:d24:aug16:geom=transpose__color=id__order=canonical', '3a25b0d8:o1:d24:aug16:geom=anti_transpose__color=id__order=canonical', '3a25b0d8:o1:d24:aug16:geom=rot90__color=id__order=canonical', '3a25b0d8:o1:d24:aug16:geom=rot270__color=id__order=canonical', '3a25b0d8:o1:d24:aug16:geom=identity__color=p00_4150723698__order=canonical', '3a25b0d8:o1:d24:aug16:geom=rot90__color=p02_4950812673__order=canonical', '3a25b0d8:o1:d24:aug16:geom=flip_ud__color=p03_5980213764__order=canonical', '3a25b0d8:o1:d24:aug16:geom=anti_transpose__color=p05_5436201789__order=canonical']",12482121216,23269998592,10787877376,0.4635959616993173,1689255936,8,2085,2085,2304,2304
163,143,FORWARD,,8,4,8,,8,"['3a25b0d8:o1:d24:aug16:geom=transpose__color=id__order=canonical', '3a25b0d8:o1:d24:aug16:geom=anti_transpose__color=id__order=canonical', '3a25b0d8:o1:d24:aug16:geom=rot90__color=id__order=canonical', '3a25b0d8:o1:d24:aug16:geom=rot270__color=id__order=canonical', '3a25b0d8:o1:d24:aug16:geom=identity__color=p00_4150723698__order=canonical', '3a25b0d8:o1:d24:aug16:geom=rot90__color=p02_4950812673__order=canonical', '3a25b0d8:o1:d24:aug16:geom=flip_ud__color=p03_5980213764__order=canonical', '3a25b0d8:o1:d24:aug16:geom=anti_transpose__color=p05_5436201789__order=canonical']",12482121728,23269998592,10787876864,0.46359593969673757,1689255936,8,2086,2086,2304,2304
164,144,FORWARD,,8,4,8,,8,"['3a25b0d8:o1:d24:aug16:geom=transpose__color=id__order=canonical', '3a25b0d8:o1:d24:aug16:geom=anti_transpose__color=id__order=canonical', '3a25b0d8:o1:d24:aug16:geom=rot90__color=id__order=canonical', '3a25b0d8:o1:d24:aug16:geom=rot270__color=id__order=canonical', '3a25b0d8:o1:d24:aug16:geom=identity__color=p00_4150723698__order=canonical', '3a25b0d8:o1:d24:aug16:geom=rot90__color=p02_4950812673__order=canonical', '3a25b0d8:o1:d24:aug16:geom=flip_ud__color=p03_5980213764__order=canonical', '3a25b0d8:o1:d24:aug16:geom=anti_transpose__color=p05_5436201789__order=canonical']",12482122240,23269998592,10787876352,0.4635959176941578,1689255936,8,2087,2087,2304,2304
165,145,FORWARD,,8,4,8,,8,"['3a25b0d8:o1:d24:aug16:geom=transpose__color=id__order=canonical', '3a25b0d8:o1:d24:aug16:geom=anti_transpose__color=id__order=canonical', '3a25b0d8:o1:d24:aug16:geom=rot90__color=id__order=canonical', '3a25b0d8:o1:d24:aug16:geom=rot270__color=id__order=canonical', '3a25b0d8:o1:d24:aug16:geom=identity__color=p00_4150723698__order=canonical', '3a25b0d8:o1:d24:aug16:geom=rot90__color=p02_4950812673__order=canonical', '3a25b0d8:o1:d24:aug16:geom=flip_ud__color=p03_5980213764__order=canonical', '3a25b0d8:o1:d24:aug16:geom=anti_transpose__color=p05_5436201789__order=canonical']",12482122752,23269998592,10787875840,0.46359589569157805,1689255936,8,2088,2088,2304,2304
166,146,FORWARD,,8,4,8,,8,"['3a25b0d8:o1:d24:aug16:geom=transpose__color=id__order=canonical', '3a25b0d8:o1:d24:aug16:geom=anti_transpose__color=id__order=canonical', '3a25b0d8:o1:d24:aug16:geom=rot90__color=id__order=canonical', '3a25b0d8:o1:d24:aug16:geom=rot270__color=id__order=canonical', '3a25b0d8:o1:d24:aug16:geom=identity__color=p00_4150723698__order=canonical', '3a25b0d8:o1:d24:aug16:geom=rot90__color=p02_4950812673__order=canonical', '3a25b0d8:o1:d24:aug16:geom=flip_ud__color=p03_5980213764__order=canonical', '3a25b0d8:o1:d24:aug16:geom=anti_transpose__color=p05_5436201789__order=canonical']",12482123264,23269998592,10787875328,0.4635958736889983,1689255936,8,2089,2089,2304,2304
167,147,FORWARD,,8,4,8,,8,"['3a25b0d8:o1:d24:aug16:geom=transpose__color=id__order=canonical', '3a25b0d8:o1:d24:aug16:geom=anti_transpose__color=id__order=canonical', '3a25b0d8:o1:d24:aug16:geom=rot90__color=id__order=canonical', '3a25b0d8:o1:d24:aug16:geom=rot270__color=id__order=canonical', '3a25b0d8:o1:d24:aug16:geom=identity__color=p00_4150723698__order=canonical', '3a25b0d8:o1:d24:aug16:geom=rot90__color=p02_4950812673__order=canonical', '3a25b0d8:o1:d24:aug16:geom=flip_ud__color=p03_5980213764__order=canonical', '3a25b0d8:o1:d24:aug16:geom=anti_transpose__color=p05_5436201789__order=canonical']",12482123776,23269998592,10787874816,0.46359585168641854,1689255936,8,2090,2090,2304,2304
168,148,FORWARD,,8,4,8,,8,"['3a25b0d8:o1:d24:aug16:geom=transpose__color=id__order=canonical', '3a25b0d8:o1:d24:aug16:geom=anti_transpose__color=id__order=canonical', '3a25b0d8:o1:d24:aug16:geom=rot90__color=id__order=canonical', '3a25b0d8:o1:d24:aug16:geom=rot270__color=id__order=canonical', '3a25b0d8:o1:d24:aug16:geom=identity__color=p00_4150723698__order=canonical', '3a25b0d8:o1:d24:aug16:geom=rot90__color=p02_4950812673__order=canonical', '3a25b0d8:o1:d24:aug16:geom=flip_ud__color=p03_5980213764__order=canonical', '3a25b0d8:o1:d24:aug16:geom=anti_transpose__color=p05_5436201789__order=canonical']",12482124288,23269998592,10787874304,0.4635958296838388,1689255936,8,2091,2091,2304,2304
169,149,FORWARD,,8,4,8,,8,"['3a25b0d8:o1:d24:aug16:geom=transpose__color=id__order=canonical', '3a25b0d8:o1:d24:aug16:geom=anti_transpose__color=id__order=canonical', '3a25b0d8:o1:d24:aug16:geom=rot90__color=id__order=canonical', '3a25b0d8:o1:d24:aug16:geom=rot270__color=id__order=canonical', '3a25b0d8:o1:d24:aug16:geom=identity__color=p00_4150723698__order=canonical', '3a25b0d8:o1:d24:aug16:geom=rot90__color=p02_4950812673__order=canonical', '3a25b0d8:o1:d24:aug16:geom=flip_ud__color=p03_5980213764__order=canonical', '3a25b0d8:o1:d24:aug16:geom=anti_transpose__color=p05_5436201789__order=canonical']",12482124800,23269998592,10787873792,0.463595807681259,1689255936,8,2092,2092,2304,2304
170,150,FORWARD,,8,4,8,,8,"['3a25b0d8:o1:d24:aug16:geom=transpose__color=id__order=canonical', '3a25b0d8:o1:d24:aug16:geom=anti_transpose__color=id__order=canonical', '3a25b0d8:o1:d24:aug16:geom=rot90__color=id__order=canonical', '3a25b0d8:o1:d24:aug16:geom=rot270__color=id__order=canonical', '3a25b0d8:o1:d24:aug16:geom=identity__color=p00_4150723698__order=canonical', '3a25b0d8:o1:d24:aug16:geom=rot90__color=p02_4950812673__order=canonical', '3a25b0d8:o1:d24:aug16:geom=flip_ud__color=p03_5980213764__order=canonical', '3a25b0d8:o1:d24:aug16:geom=anti_transpose__color=p05_5436201789__order=canonical']",12482125312,23269998592,10787873280,0.46359578567867926,1689255936,8,2093,2093,2304,2304
171,151,FORWARD,,8,4,8,,8,"['3a25b0d8:o1:d24:aug16:geom=transpose__color=id__order=canonical', '3a25b0d8:o1:d24:aug16:geom=anti_transpose__color=id__order=canonical', '3a25b0d8:o1:d24:aug16:geom=rot90__color=id__order=canonical', '3a25b0d8:o1:d24:aug16:geom=rot270__color=id__order=canonical', '3a25b0d8:o1:d24:aug16:geom=identity__color=p00_4150723698__order=canonical', '3a25b0d8:o1:d24:aug16:geom=rot90__color=p02_4950812673__order=canonical', '3a25b0d8:o1:d24:aug16:geom=flip_ud__color=p03_5980213764__order=canonical', '3a25b0d8:o1:d24:aug16:geom=anti_transpose__color=p05_5436201789__order=canonical']",12482125824,23269998592,10787872768,0.4635957636760995,1689255936,8,2094,2094,2304,2304
172,152,FORWARD,,8,4,8,,8,"['3a25b0d8:o1:d24:aug16:geom=transpose__color=id__order=canonical', '3a25b0d8:o1:d24:aug16:geom=anti_transpose__color=id__order=canonical', '3a25b0d8:o1:d24:aug16:geom=rot90__color=id__order=canonical', '3a25b0d8:o1:d24:aug16:geom=rot270__color=id__order=canonical', '3a25b0d8:o1:d24:aug16:geom=identity__color=p00_4150723698__order=canonical', '3a25b0d8:o1:d24:aug16:geom=rot90__color=p02_4950812673__order=canonical', '3a25b0d8:o1:d24:aug16:geom=flip_ud__color=p03_5980213764__order=canonical', '3a25b0d8:o1:d24:aug16:geom=anti_transpose__color=p05_5436201789__order=canonical']",12482126336,23269998592,10787872256,0.46359574167351975,1689255936,8,2095,2095,2304,2304
173,153,FORWARD,,8,4,8,,8,"['3a25b0d8:o1:d24:aug16:geom=transpose__color=id__order=canonical', '3a25b0d8:o1:d24:aug16:geom=anti_transpose__color=id__order=canonical', '3a25b0d8:o1:d24:aug16:geom=rot90__color=id__order=canonical', '3a25b0d8:o1:d24:aug16:geom=rot270__color=id__order=canonical', '3a25b0d8:o1:d24:aug16:geom=identity__color=p00_4150723698__order=canonical', '3a25b0d8:o1:d24:aug16:geom=rot90__color=p02_4950812673__order=canonical', '3a25b0d8:o1:d24:aug16:geom=flip_ud__color=p03_5980213764__order=canonical', '3a25b0d8:o1:d24:aug16:geom=anti_transpose__color=p05_5436201789__order=canonical']",12482126848,23269998592,10787871744,0.46359571967094,1689255936,8,2096,2096,2304,2304
174,154,FORWARD,,8,4,8,,8,"['3a25b0d8:o1:d24:aug16:geom=transpose__color=id__order=canonical', '3a25b0d8:o1:d24:aug16:geom=anti_transpose__color=id__order=canonical', '3a25b0d8:o1:d24:aug16:geom=rot90__color=id__order=canonical', '3a25b0d8:o1:d24:aug16:geom=rot270__color=id__order=canonical', '3a25b0d8:o1:d24:aug16:geom=identity__color=p00_4150723698__order=canonical', '3a25b0d8:o1:d24:aug16:geom=rot90__color=p02_4950812673__order=canonical', '3a25b0d8:o1:d24:aug16:geom=flip_ud__color=p03_5980213764__order=canonical', '3a25b0d8:o1:d24:aug16:geom=anti_transpose__color=p05_5436201789__order=canonical']",12482127360,23269998592,10787871232,0.46359569766836023,1689255936,8,2097,2097,2304,2304
175,155,FORWARD,,8,4,8,,8,"['3a25b0d8:o1:d24:aug16:geom=transpose__color=id__order=canonical', '3a25b0d8:o1:d24:aug16:geom=anti_transpose__color=id__order=canonical', '3a25b0d8:o1:d24:aug16:geom=rot90__color=id__order=canonical', '3a25b0d8:o1:d24:aug16:geom=rot270__color=id__order=canonical', '3a25b0d8:o1:d24:aug16:geom=identity__color=p00_4150723698__order=canonical', '3a25b0d8:o1:d24:aug16:geom=rot90__color=p02_4950812673__order=canonical', '3a25b0d8:o1:d24:aug16:geom=flip_ud__color=p03_5980213764__order=canonical', '3a25b0d8:o1:d24:aug16:geom=anti_transpose__color=p05_5436201789__order=canonical']",12482127872,23269998592,10787870720,0.46359567566578047,1689255936,8,2098,2098,2304,2304
176,156,FORWARD,,8,4,8,,8,"['3a25b0d8:o1:d24:aug16:geom=transpose__color=id__order=canonical', '3a25b0d8:o1:d24:aug16:geom=anti_transpose__color=id__order=canonical', '3a25b0d8:o1:d24:aug16:geom=rot90__color=id__order=canonical', '3a25b0d8:o1:d24:aug16:geom=rot270__color=id__order=canonical', '3a25b0d8:o1:d24:aug16:geom=identity__color=p00_4150723698__order=canonical', '3a25b0d8:o1:d24:aug16:geom=rot90__color=p02_4950812673__order=canonical', '3a25b0d8:o1:d24:aug16:geom=flip_ud__color=p03_5980213764__order=canonical', '3a25b0d8:o1:d24:aug16:geom=anti_transpose__color=p05_5436201789__order=canonical']",12482128384,23269998592,10787870208,0.4635956536632007,1689255936,8,2099,2099,2304,2304
177,157,FORWARD,,8,4,8,,8,"['3a25b0d8:o1:d24:aug16:geom=transpose__color=id__order=canonical', '3a25b0d8:o1:d24:aug16:geom=anti_transpose__color=id__order=canonical', '3a25b0d8:o1:d24:aug16:geom=rot90__color=id__order=canonical', '3a25b0d8:o1:d24:aug16:geom=rot270__color=id__order=canonical', '3a25b0d8:o1:d24:aug16:geom=identity__color=p00_4150723698__order=canonical', '3a25b0d8:o1:d24:aug16:geom=rot90__color=p02_4950812673__order=canonical', '3a25b0d8:o1:d24:aug16:geom=flip_ud__color=p03_5980213764__order=canonical', '3a25b0d8:o1:d24:aug16:geom=anti_transpose__color=p05_5436201789__order=canonical']",12482128896,23269998592,10787869696,0.46359563166062095,1689255936,8,2100,2100,2304,2304
178,158,FORWARD,,8,4,8,,8,"['3a25b0d8:o1:d24:aug16:geom=transpose__color=id__order=canonical', '3a25b0d8:o1:d24:aug16:geom=anti_transpose__color=id__order=canonical', '3a25b0d8:o1:d24:aug16:geom=rot90__color=id__order=canonical', '3a25b0d8:o1:d24:aug16:geom=rot270__color=id__order=canonical', '3a25b0d8:o1:d24:aug16:geom=identity__color=p00_4150723698__order=canonical', '3a25b0d8:o1:d24:aug16:geom=rot90__color=p02_4950812673__order=canonical', '3a25b0d8:o1:d24:aug16:geom=flip_ud__color=p03_5980213764__order=canonical', '3a25b0d8:o1:d24:aug16:geom=anti_transpose__color=p05_5436201789__order=canonical']",12482129408,23269998592,10787869184,0.4635956096580412,1689255936,8,2101,2101,2304,2304
179,159,FORWARD,,8,4,8,,8,"['3a25b0d8:o1:d24:aug16:geom=transpose__color=id__order=canonical', '3a25b0d8:o1:d24:aug16:geom=anti_transpose__color=id__order=canonical', '3a25b0d8:o1:d24:aug16:geom=rot90__color=id__order=canonical', '3a25b0d8:o1:d24:aug16:geom=rot270__color=id__order=canonical', '3a25b0d8:o1:d24:aug16:geom=identity__color=p00_4150723698__order=canonical', '3a25b0d8:o1:d24:aug16:geom=rot90__color=p02_4950812673__order=canonical', '3a25b0d8:o1:d24:aug16:geom=flip_ud__color=p03_5980213764__order=canonical', '3a25b0d8:o1:d24:aug16:geom=anti_transpose__color=p05_5436201789__order=canonical']",12482129920,23269998592,10787868672,0.46359558765546144,1689255936,8,2102,2102,2304,2304
180,160,FORWARD,,8,4,8,,8,"['3a25b0d8:o1:d24:aug16:geom=transpose__color=id__order=canonical', '3a25b0d8:o1:d24:aug16:geom=anti_transpose__color=id__order=canonical', '3a25b0d8:o1:d24:aug16:geom=rot90__color=id__order=canonical', '3a25b0d8:o1:d24:aug16:geom=rot270__color=id__order=canonical', '3a25b0d8:o1:d24:aug16:geom=identity__color=p00_4150723698__order=canonical', '3a25b0d8:o1:d24:aug16:geom=rot90__color=p02_4950812673__order=canonical', '3a25b0d8:o1:d24:aug16:geom=flip_ud__color=p03_5980213764__order=canonical', '3a25b0d8:o1:d24:aug16:geom=anti_transpose__color=p05_5436201789__order=canonical']",12482130432,23269998592,10787868160,0.4635955656528817,1689255936,8,2103,2103,2304,2304
181,161,FORWARD,,8,4,8,,8,"['3a25b0d8:o1:d24:aug16:geom=transpose__color=id__order=canonical', '3a25b0d8:o1:d24:aug16:geom=anti_transpose__color=id__order=canonical', '3a25b0d8:o1:d24:aug16:geom=rot90__color=id__order=canonical', '3a25b0d8:o1:d24:aug16:geom=rot270__color=id__order=canonical', '3a25b0d8:o1:d24:aug16:geom=identity__color=p00_4150723698__order=canonical', '3a25b0d8:o1:d24:aug16:geom=rot90__color=p02_4950812673__order=canonical', '3a25b0d8:o1:d24:aug16:geom=flip_ud__color=p03_5980213764__order=canonical', '3a25b0d8:o1:d24:aug16:geom=anti_transpose__color=p05_5436201789__order=canonical']",12482130944,23269998592,10787867648,0.4635955436503019,1689255936,8,2104,2104,2304,2304
182,162,FORWARD,,8,4,8,,8,"['3a25b0d8:o1:d24:aug16:geom=transpose__color=id__order=canonical', '3a25b0d8:o1:d24:aug16:geom=anti_transpose__color=id__order=canonical', '3a25b0d8:o1:d24:aug16:geom=rot90__color=id__order=canonical', '3a25b0d8:o1:d24:aug16:geom=rot270__color=id__order=canonical', '3a25b0d8:o1:d24:aug16:geom=identity__color=p00_4150723698__order=canonical', '3a25b0d8:o1:d24:aug16:geom=rot90__color=p02_4950812673__order=canonical', '3a25b0d8:o1:d24:aug16:geom=flip_ud__color=p03_5980213764__order=canonical', '3a25b0d8:o1:d24:aug16:geom=anti_transpose__color=p05_5436201789__order=canonical']",12482131456,23269998592,10787867136,0.46359552164772216,1689255936,8,2105,2105,2304,2304
183,163,FORWARD,,8,4,8,,8,"['3a25b0d8:o1:d24:aug16:geom=transpose__color=id__order=canonical', '3a25b0d8:o1:d24:aug16:geom=anti_transpose__color=id__order=canonical', '3a25b0d8:o1:d24:aug16:geom=rot90__color=id__order=canonical', '3a25b0d8:o1:d24:aug16:geom=rot270__color=id__order=canonical', '3a25b0d8:o1:d24:aug16:geom=identity__color=p00_4150723698__order=canonical', '3a25b0d8:o1:d24:aug16:geom=rot90__color=p02_4950812673__order=canonical', '3a25b0d8:o1:d24:aug16:geom=flip_ud__color=p03_5980213764__order=canonical', '3a25b0d8:o1:d24:aug16:geom=anti_transpose__color=p05_5436201789__order=canonical']",12482131968,23269998592,10787866624,0.4635954996451424,1689255936,8,2106,2106,2304,2304
184,164,FORWARD,,8,4,8,,8,"['3a25b0d8:o1:d24:aug16:geom=transpose__color=id__order=canonical', '3a25b0d8:o1:d24:aug16:geom=anti_transpose__color=id__order=canonical', '3a25b0d8:o1:d24:aug16:geom=rot90__color=id__order=canonical', '3a25b0d8:o1:d24:aug16:geom=rot270__color=id__order=canonical', '3a25b0d8:o1:d24:aug16:geom=identity__color=p00_4150723698__order=canonical', '3a25b0d8:o1:d24:aug16:geom=rot90__color=p02_4950812673__order=canonical', '3a25b0d8:o1:d24:aug16:geom=flip_ud__color=p03_5980213764__order=canonical', '3a25b0d8:o1:d24:aug16:geom=anti_transpose__color=p05_5436201789__order=canonical']",12482132480,23269998592,10787866112,0.46359547764256265,1689255936,8,2107,2107,2304,2304
185,165,FORWARD,,8,4,8,,8,"['3a25b0d8:o1:d24:aug16:geom=transpose__color=id__order=canonical', '3a25b0d8:o1:d24:aug16:geom=anti_transpose__color=id__order=canonical', '3a25b0d8:o1:d24:aug16:geom=rot90__color=id__order=canonical', '3a25b0d8:o1:d24:aug16:geom=rot270__color=id__order=canonical', '3a25b0d8:o1:d24:aug16:geom=identity__color=p00_4150723698__order=canonical', '3a25b0d8:o1:d24:aug16:geom=rot90__color=p02_4950812673__order=canonical', '3a25b0d8:o1:d24:aug16:geom=flip_ud__color=p03_5980213764__order=canonical', '3a25b0d8:o1:d24:aug16:geom=anti_transpose__color=p05_5436201789__order=canonical']",12482132992,23269998592,10787865600,0.4635954556399829,1689255936,8,2108,2108,2304,2304
186,166,FORWARD,,8,4,8,,8,"['3a25b0d8:o1:d24:aug16:geom=transpose__color=id__order=canonical', '3a25b0d8:o1:d24:aug16:geom=anti_transpose__color=id__order=canonical', '3a25b0d8:o1:d24:aug16:geom=rot90__color=id__order=canonical', '3a25b0d8:o1:d24:aug16:geom=rot270__color=id__order=canonical', '3a25b0d8:o1:d24:aug16:geom=identity__color=p00_4150723698__order=canonical', '3a25b0d8:o1:d24:aug16:geom=rot90__color=p02_4950812673__order=canonical', '3a25b0d8:o1:d24:aug16:geom=flip_ud__color=p03_5980213764__order=canonical', '3a25b0d8:o1:d24:aug16:geom=anti_transpose__color=p05_5436201789__order=canonical']",12482133504,23269998592,10787865088,0.46359543363740313,1689255936,8,2109,2109,2304,2304
187,167,FORWARD,,8,4,8,,8,"['3a25b0d8:o1:d24:aug16:geom=transpose__color=id__order=canonical', '3a25b0d8:o1:d24:aug16:geom=anti_transpose__color=id__order=canonical', '3a25b0d8:o1:d24:aug16:geom=rot90__color=id__order=canonical', '3a25b0d8:o1:d24:aug16:geom=rot270__color=id__order=canonical', '3a25b0d8:o1:d24:aug16:geom=identity__color=p00_4150723698__order=canonical', '3a25b0d8:o1:d24:aug16:geom=rot90__color=p02_4950812673__order=canonical', '3a25b0d8:o1:d24:aug16:geom=flip_ud__color=p03_5980213764__order=canonical', '3a25b0d8:o1:d24:aug16:geom=anti_transpose__color=p05_5436201789__order=canonical']",12482134016,23269998592,10787864576,0.4635954116348234,1689255936,8,2110,2110,2304,2304
188,168,FORWARD,,8,4,8,,8,"['3a25b0d8:o1:d24:aug16:geom=transpose__color=id__order=canonical', '3a25b0d8:o1:d24:aug16:geom=anti_transpose__color=id__order=canonical', '3a25b0d8:o1:d24:aug16:geom=rot90__color=id__order=canonical', '3a25b0d8:o1:d24:aug16:geom=rot270__color=id__order=canonical', '3a25b0d8:o1:d24:aug16:geom=identity__color=p00_4150723698__order=canonical', '3a25b0d8:o1:d24:aug16:geom=rot90__color=p02_4950812673__order=canonical', '3a25b0d8:o1:d24:aug16:geom=flip_ud__color=p03_5980213764__order=canonical', '3a25b0d8:o1:d24:aug16:geom=anti_transpose__color=p05_5436201789__order=canonical']",12482134528,23269998592,10787864064,0.4635953896322436,1689255936,8,2111,2111,2304,2304
189,169,FORWARD,,8,4,8,,8,"['3a25b0d8:o1:d24:aug16:geom=transpose__color=id__order=canonical', '3a25b0d8:o1:d24:aug16:geom=anti_transpose__color=id__order=canonical', '3a25b0d8:o1:d24:aug16:geom=rot90__color=id__order=canonical', '3a25b0d8:o1:d24:aug16:geom=rot270__color=id__order=canonical', '3a25b0d8:o1:d24:aug16:geom=identity__color=p00_4150723698__order=canonical', '3a25b0d8:o1:d24:aug16:geom=rot90__color=p02_4950812673__order=canonical', '3a25b0d8:o1:d24:aug16:geom=flip_ud__color=p03_5980213764__order=canonical', '3a25b0d8:o1:d24:aug16:geom=anti_transpose__color=p05_5436201789__order=canonical']",12482135040,23269998592,10787863552,0.46359536762966386,1689255936,8,2112,2112,2304,2304
190,170,FORWARD,,8,4,8,,8,"['3a25b0d8:o1:d24:aug16:geom=transpose__color=id__order=canonical', '3a25b0d8:o1:d24:aug16:geom=anti_transpose__color=id__order=canonical', '3a25b0d8:o1:d24:aug16:geom=rot90__color=id__order=canonical', '3a25b0d8:o1:d24:aug16:geom=rot270__color=id__order=canonical', '3a25b0d8:o1:d24:aug16:geom=identity__color=p00_4150723698__order=canonical', '3a25b0d8:o1:d24:aug16:geom=rot90__color=p02_4950812673__order=canonical', '3a25b0d8:o1:d24:aug16:geom=flip_ud__color=p03_5980213764__order=canonical', '3a25b0d8:o1:d24:aug16:geom=anti_transpose__color=p05_5436201789__order=canonical']",12482135552,23269998592,10787863040,0.4635953456270841,1689255936,8,2113,2113,2304,2304
191,171,FORWARD,,8,4,8,,8,"['3a25b0d8:o1:d24:aug16:geom=transpose__color=id__order=canonical', '3a25b0d8:o1:d24:aug16:geom=anti_transpose__color=id__order=canonical', '3a25b0d8:o1:d24:aug16:geom=rot90__color=id__order=canonical', '3a25b0d8:o1:d24:aug16:geom=rot270__color=id__order=canonical', '3a25b0d8:o1:d24:aug16:geom=identity__color=p00_4150723698__order=canonical', '3a25b0d8:o1:d24:aug16:geom=rot90__color=p02_4950812673__order=canonical', '3a25b0d8:o1:d24:aug16:geom=flip_ud__color=p03_5980213764__order=canonical', '3a25b0d8:o1:d24:aug16:geom=anti_transpose__color=p05_5436201789__order=canonical']",12482136064,23269998592,10787862528,0.46359532362450434,1689255936,8,2114,2114,2304,2304
192,172,FORWARD,,8,4,8,,8,"['3a25b0d8:o1:d24:aug16:geom=transpose__color=id__order=canonical', '3a25b0d8:o1:d24:aug16:geom=anti_transpose__color=id__order=canonical', '3a25b0d8:o1:d24:aug16:geom=rot90__color=id__order=canonical', '3a25b0d8:o1:d24:aug16:geom=rot270__color=id__order=canonical', '3a25b0d8:o1:d24:aug16:geom=identity__color=p00_4150723698__order=canonical', '3a25b0d8:o1:d24:aug16:geom=rot90__color=p02_4950812673__order=canonical', '3a25b0d8:o1:d24:aug16:geom=flip_ud__color=p03_5980213764__order=canonical', '3a25b0d8:o1:d24:aug16:geom=anti_transpose__color=p05_5436201789__order=canonical']",12482136576,23269998592,10787862016,0.4635953016219246,1689255936,8,2115,2115,2304,2304
193,173,FORWARD,,8,4,8,,8,"['3a25b0d8:o1:d24:aug16:geom=transpose__color=id__order=canonical', '3a25b0d8:o1:d24:aug16:geom=anti_transpose__color=id__order=canonical', '3a25b0d8:o1:d24:aug16:geom=rot90__color=id__order=canonical', '3a25b0d8:o1:d24:aug16:geom=rot270__color=id__order=canonical', '3a25b0d8:o1:d24:aug16:geom=identity__color=p00_4150723698__order=canonical', '3a25b0d8:o1:d24:aug16:geom=rot90__color=p02_4950812673__order=canonical', '3a25b0d8:o1:d24:aug16:geom=flip_ud__color=p03_5980213764__order=canonical', '3a25b0d8:o1:d24:aug16:geom=anti_transpose__color=p05_5436201789__order=canonical']",12482137088,23269998592,10787861504,0.4635952796193448,1689255936,8,2116,2116,2304,2304
194,174,FORWARD,,8,4,8,,8,"['3a25b0d8:o1:d24:aug16:geom=transpose__color=id__order=canonical', '3a25b0d8:o1:d24:aug16:geom=anti_transpose__color=id__order=canonical', '3a25b0d8:o1:d24:aug16:geom=rot90__color=id__order=canonical', '3a25b0d8:o1:d24:aug16:geom=rot270__color=id__order=canonical', '3a25b0d8:o1:d24:aug16:geom=identity__color=p00_4150723698__order=canonical', '3a25b0d8:o1:d24:aug16:geom=rot90__color=p02_4950812673__order=canonical', '3a25b0d8:o1:d24:aug16:geom=flip_ud__color=p03_5980213764__order=canonical', '3a25b0d8:o1:d24:aug16:geom=anti_transpose__color=p05_5436201789__order=canonical']",12482137600,23269998592,10787860992,0.46359525761676507,1689255936,8,2117,2117,2304,2304
195,175,FORWARD,,8,4,8,,8,"['3a25b0d8:o1:d24:aug16:geom=transpose__color=id__order=canonical', '3a25b0d8:o1:d24:aug16:geom=anti_transpose__color=id__order=canonical', '3a25b0d8:o1:d24:aug16:geom=rot90__color=id__order=canonical', '3a25b0d8:o1:d24:aug16:geom=rot270__color=id__order=canonical', '3a25b0d8:o1:d24:aug16:geom=identity__color=p00_4150723698__order=canonical', '3a25b0d8:o1:d24:aug16:geom=rot90__color=p02_4950812673__order=canonical', '3a25b0d8:o1:d24:aug16:geom=flip_ud__color=p03_5980213764__order=canonical', '3a25b0d8:o1:d24:aug16:geom=anti_transpose__color=p05_5436201789__order=canonical']",12482138112,23269998592,10787860480,0.4635952356141853,1689255936,8,2118,2118,2304,2304
196,176,FORWARD,,8,4,8,,8,"['3a25b0d8:o1:d24:aug16:geom=transpose__color=id__order=canonical', '3a25b0d8:o1:d24:aug16:geom=anti_transpose__color=id__order=canonical', '3a25b0d8:o1:d24:aug16:geom=rot90__color=id__order=canonical', '3a25b0d8:o1:d24:aug16:geom=rot270__color=id__order=canonical', '3a25b0d8:o1:d24:aug16:geom=identity__color=p00_4150723698__order=canonical', '3a25b0d8:o1:d24:aug16:geom=rot90__color=p02_4950812673__order=canonical', '3a25b0d8:o1:d24:aug16:geom=flip_ud__color=p03_5980213764__order=canonical', '3a25b0d8:o1:d24:aug16:geom=anti_transpose__color=p05_5436201789__order=canonical']",12482138624,23269998592,10787859968,0.46359521361160555,1689255936,8,2119,2119,2304,2304
197,177,FORWARD,,8,4,8,,8,"['3a25b0d8:o1:d24:aug16:geom=transpose__color=id__order=canonical', '3a25b0d8:o1:d24:aug16:geom=anti_transpose__color=id__order=canonical', '3a25b0d8:o1:d24:aug16:geom=rot90__color=id__order=canonical', '3a25b0d8:o1:d24:aug16:geom=rot270__color=id__order=canonical', '3a25b0d8:o1:d24:aug16:geom=identity__color=p00_4150723698__order=canonical', '3a25b0d8:o1:d24:aug16:geom=rot90__color=p02_4950812673__order=canonical', '3a25b0d8:o1:d24:aug16:geom=flip_ud__color=p03_5980213764__order=canonical', '3a25b0d8:o1:d24:aug16:geom=anti_transpose__color=p05_5436201789__order=canonical']",12482139136,23269998592,10787859456,0.4635951916090258,1689255936,8,2120,2120,2304,2304
198,178,FORWARD,,8,4,8,,8,"['3a25b0d8:o1:d24:aug16:geom=transpose__color=id__order=canonical', '3a25b0d8:o1:d24:aug16:geom=anti_transpose__color=id__order=canonical', '3a25b0d8:o1:d24:aug16:geom=rot90__color=id__order=canonical', '3a25b0d8:o1:d24:aug16:geom=rot270__color=id__order=canonical', '3a25b0d8:o1:d24:aug16:geom=identity__color=p00_4150723698__order=canonical', '3a25b0d8:o1:d24:aug16:geom=rot90__color=p02_4950812673__order=canonical', '3a25b0d8:o1:d24:aug16:geom=flip_ud__color=p03_5980213764__order=canonical', '3a25b0d8:o1:d24:aug16:geom=anti_transpose__color=p05_5436201789__order=canonical']",12482139648,23269998592,10787858944,0.46359516960644603,1689255936,8,2121,2121,2304,2304
199,179,FORWARD,,8,4,8,,8,"['3a25b0d8:o1:d24:aug16:geom=transpose__color=id__order=canonical', '3a25b0d8:o1:d24:aug16:geom=anti_transpose__color=id__order=canonical', '3a25b0d8:o1:d24:aug16:geom=rot90__color=id__order=canonical', '3a25b0d8:o1:d24:aug16:geom=rot270__color=id__order=canonical', '3a25b0d8:o1:d24:aug16:geom=identity__color=p00_4150723698__order=canonical', '3a25b0d8:o1:d24:aug16:geom=rot90__color=p02_4950812673__order=canonical', '3a25b0d8:o1:d24:aug16:geom=flip_ud__color=p03_5980213764__order=canonical', '3a25b0d8:o1:d24:aug16:geom=anti_transpose__color=p05_5436201789__order=canonical']",12482140160,23269998592,10787858432,0.4635951476038663,1689255936,8,2122,2122,2304,2304
200,180,FORWARD,,8,4,8,,8,"['3a25b0d8:o1:d24:aug16:geom=transpose__color=id__order=canonical', '3a25b0d8:o1:d24:aug16:geom=anti_transpose__color=id__order=canonical', '3a25b0d8:o1:d24:aug16:geom=rot90__color=id__order=canonical', '3a25b0d8:o1:d24:aug16:geom=rot270__color=id__order=canonical', '3a25b0d8:o1:d24:aug16:geom=identity__color=p00_4150723698__order=canonical', '3a25b0d8:o1:d24:aug16:geom=rot90__color=p02_4950812673__order=canonical', '3a25b0d8:o1:d24:aug16:geom=flip_ud__color=p03_5980213764__order=canonical', '3a25b0d8:o1:d24:aug16:geom=anti_transpose__color=p05_5436201789__order=canonical']",12482140672,23269998592,10787857920,0.4635951256012865,1689255936,8,2123,2123,2304,2304
201,181,FORWARD,,8,4,8,,8,"['3a25b0d8:o1:d24:aug16:geom=transpose__color=id__order=canonical', '3a25b0d8:o1:d24:aug16:geom=anti_transpose__color=id__order=canonical', '3a25b0d8:o1:d24:aug16:geom=rot90__color=id__order=canonical', '3a25b0d8:o1:d24:aug16:geom=rot270__color=id__order=canonical', '3a25b0d8:o1:d24:aug16:geom=identity__color=p00_4150723698__order=canonical', '3a25b0d8:o1:d24:aug16:geom=rot90__color=p02_4950812673__order=canonical', '3a25b0d8:o1:d24:aug16:geom=flip_ud__color=p03_5980213764__order=canonical', '3a25b0d8:o1:d24:aug16:geom=anti_transpose__color=p05_5436201789__order=canonical']",12482141184,23269998592,10787857408,0.46359510359870676,1689255936,8,2124,2124,2304,2304
202,182,FORWARD,,8,4,8,,8,"['3a25b0d8:o1:d24:aug16:geom=transpose__color=id__order=canonical', '3a25b0d8:o1:d24:aug16:geom=anti_transpose__color=id__order=canonical', '3a25b0d8:o1:d24:aug16:geom=rot90__color=id__order=canonical', '3a25b0d8:o1:d24:aug16:geom=rot270__color=id__order=canonical', '3a25b0d8:o1:d24:aug16:geom=identity__color=p00_4150723698__order=canonical', '3a25b0d8:o1:d24:aug16:geom=rot90__color=p02_4950812673__order=canonical', '3a25b0d8:o1:d24:aug16:geom=flip_ud__color=p03_5980213764__order=canonical', '3a25b0d8:o1:d24:aug16:geom=anti_transpose__color=p05_5436201789__order=canonical']",12482141696,23269998592,10787856896,0.463595081596127,1689255936,8,2125,2125,2304,2304
203,183,FORWARD,,8,4,8,,8,"['3a25b0d8:o1:d24:aug16:geom=transpose__color=id__order=canonical', '3a25b0d8:o1:d24:aug16:geom=anti_transpose__color=id__order=canonical', '3a25b0d8:o1:d24:aug16:geom=rot90__color=id__order=canonical', '3a25b0d8:o1:d24:aug16:geom=rot270__color=id__order=canonical', '3a25b0d8:o1:d24:aug16:geom=identity__color=p00_4150723698__order=canonical', '3a25b0d8:o1:d24:aug16:geom=rot90__color=p02_4950812673__order=canonical', '3a25b0d8:o1:d24:aug16:geom=flip_ud__color=p03_5980213764__order=canonical', '3a25b0d8:o1:d24:aug16:geom=anti_transpose__color=p05_5436201789__order=canonical']",12482142208,23269998592,10787856384,0.46359505959354724,1689255936,8,2126,2126,2304,2304
204,184,FORWARD,,8,4,8,,8,"['3a25b0d8:o1:d24:aug16:geom=transpose__color=id__order=canonical', '3a25b0d8:o1:d24:aug16:geom=anti_transpose__color=id__order=canonical', '3a25b0d8:o1:d24:aug16:geom=rot90__color=id__order=canonical', '3a25b0d8:o1:d24:aug16:geom=rot270__color=id__order=canonical', '3a25b0d8:o1:d24:aug16:geom=identity__color=p00_4150723698__order=canonical', '3a25b0d8:o1:d24:aug16:geom=rot90__color=p02_4950812673__order=canonical', '3a25b0d8:o1:d24:aug16:geom=flip_ud__color=p03_5980213764__order=canonical', '3a25b0d8:o1:d24:aug16:geom=anti_transpose__color=p05_5436201789__order=canonical']",12482142720,23269998592,10787855872,0.4635950375909675,1689255936,8,2127,2127,2304,2304
205,185,FORWARD,,8,4,8,,8,"['3a25b0d8:o1:d24:aug16:geom=transpose__color=id__order=canonical', '3a25b0d8:o1:d24:aug16:geom=anti_transpose__color=id__order=canonical', '3a25b0d8:o1:d24:aug16:geom=rot90__color=id__order=canonical', '3a25b0d8:o1:d24:aug16:geom=rot270__color=id__order=canonical', '3a25b0d8:o1:d24:aug16:geom=identity__color=p00_4150723698__order=canonical', '3a25b0d8:o1:d24:aug16:geom=rot90__color=p02_4950812673__order=canonical', '3a25b0d8:o1:d24:aug16:geom=flip_ud__color=p03_5980213764__order=canonical', '3a25b0d8:o1:d24:aug16:geom=anti_transpose__color=p05_5436201789__order=canonical']",12482143232,23269998592,10787855360,0.4635950155883877,1689255936,8,2128,2128,2304,2304
206,186,FORWARD,,8,4,8,,8,"['3a25b0d8:o1:d24:aug16:geom=transpose__color=id__order=canonical', '3a25b0d8:o1:d24:aug16:geom=anti_transpose__color=id__order=canonical', '3a25b0d8:o1:d24:aug16:geom=rot90__color=id__order=canonical', '3a25b0d8:o1:d24:aug16:geom=rot270__color=id__order=canonical', '3a25b0d8:o1:d24:aug16:geom=identity__color=p00_4150723698__order=canonical', '3a25b0d8:o1:d24:aug16:geom=rot90__color=p02_4950812673__order=canonical', '3a25b0d8:o1:d24:aug16:geom=flip_ud__color=p03_5980213764__order=canonical', '3a25b0d8:o1:d24:aug16:geom=anti_transpose__color=p05_5436201789__order=canonical']",12482143744,23269998592,10787854848,0.46359499358580797,1689255936,8,2129,2129,2304,2304
207,187,FORWARD,,8,4,8,,8,"['3a25b0d8:o1:d24:aug16:geom=transpose__color=id__order=canonical', '3a25b0d8:o1:d24:aug16:geom=anti_transpose__color=id__order=canonical', '3a25b0d8:o1:d24:aug16:geom=rot90__color=id__order=canonical', '3a25b0d8:o1:d24:aug16:geom=rot270__color=id__order=canonical', '3a25b0d8:o1:d24:aug16:geom=identity__color=p00_4150723698__order=canonical', '3a25b0d8:o1:d24:aug16:geom=rot90__color=p02_4950812673__order=canonical', '3a25b0d8:o1:d24:aug16:geom=flip_ud__color=p03_5980213764__order=canonical', '3a25b0d8:o1:d24:aug16:geom=anti_transpose__color=p05_5436201789__order=canonical']",12482144256,23269998592,10787854336,0.4635949715832282,1689255936,8,2130,2130,2304,2304
208,188,FORWARD,,8,4,8,,8,"['3a25b0d8:o1:d24:aug16:geom=transpose__color=id__order=canonical', '3a25b0d8:o1:d24:aug16:geom=anti_transpose__color=id__order=canonical', '3a25b0d8:o1:d24:aug16:geom=rot90__color=id__order=canonical', '3a25b0d8:o1:d24:aug16:geom=rot270__color=id__order=canonical', '3a25b0d8:o1:d24:aug16:geom=identity__color=p00_4150723698__order=canonical', '3a25b0d8:o1:d24:aug16:geom=rot90__color=p02_4950812673__order=canonical', '3a25b0d8:o1:d24:aug16:geom=flip_ud__color=p03_5980213764__order=canonical', '3a25b0d8:o1:d24:aug16:geom=anti_transpose__color=p05_5436201789__order=canonical']",12482144768,23269998592,10787853824,0.46359494958064845,1689255936,8,2131,2131,2304,2304
209,189,FORWARD,,8,4,8,,8,"['3a25b0d8:o1:d24:aug16:geom=transpose__color=id__order=canonical', '3a25b0d8:o1:d24:aug16:geom=anti_transpose__color=id__order=canonical', '3a25b0d8:o1:d24:aug16:geom=rot90__color=id__order=canonical', '3a25b0d8:o1:d24:aug16:geom=rot270__color=id__order=canonical', '3a25b0d8:o1:d24:aug16:geom=identity__color=p00_4150723698__order=canonical', '3a25b0d8:o1:d24:aug16:geom=rot90__color=p02_4950812673__order=canonical', '3a25b0d8:o1:d24:aug16:geom=flip_ud__color=p03_5980213764__order=canonical', '3a25b0d8:o1:d24:aug16:geom=anti_transpose__color=p05_5436201789__order=canonical']",12482145280,23269998592,10787853312,0.4635949275780687,1689255936,8,2132,2132,2304,2304
210,190,FORWARD,,8,4,8,,8,"['3a25b0d8:o1:d24:aug16:geom=transpose__color=id__order=canonical', '3a25b0d8:o1:d24:aug16:geom=anti_transpose__color=id__order=canonical', '3a25b0d8:o1:d24:aug16:geom=rot90__color=id__order=canonical', '3a25b0d8:o1:d24:aug16:geom=rot270__color=id__order=canonical', '3a25b0d8:o1:d24:aug16:geom=identity__color=p00_4150723698__order=canonical', '3a25b0d8:o1:d24:aug16:geom=rot90__color=p02_4950812673__order=canonical', '3a25b0d8:o1:d24:aug16:geom=flip_ud__color=p03_5980213764__order=canonical', '3a25b0d8:o1:d24:aug16:geom=anti_transpose__color=p05_5436201789__order=canonical']",12482145792,23269998592,10787852800,0.46359490557548894,1689255936,8,2133,2133,2304,2304
211,191,FORWARD,,8,4,8,,8,"['3a25b0d8:o1:d24:aug16:geom=transpose__color=id__order=canonical', '3a25b0d8:o1:d24:aug16:geom=anti_transpose__color=id__order=canonical', '3a25b0d8:o1:d24:aug16:geom=rot90__color=id__order=canonical', '3a25b0d8:o1:d24:aug16:geom=rot270__color=id__order=canonical', '3a25b0d8:o1:d24:aug16:geom=identity__color=p00_4150723698__order=canonical', '3a25b0d8:o1:d24:aug16:geom=rot90__color=p02_4950812673__order=canonical', '3a25b0d8:o1:d24:aug16:geom=flip_ud__color=p03_5980213764__order=canonical', '3a25b0d8:o1:d24:aug16:geom=anti_transpose__color=p05_5436201789__order=canonical']",12482146304,23269998592,10787852288,0.4635948835729092,1689255936,8,2134,2134,2304,2304
212,192,FORWARD,,8,4,8,,8,"['3a25b0d8:o1:d24:aug16:geom=transpose__color=id__order=canonical', '3a25b0d8:o1:d24:aug16:geom=anti_transpose__color=id__order=canonical', '3a25b0d8:o1:d24:aug16:geom=rot90__color=id__order=canonical', '3a25b0d8:o1:d24:aug16:geom=rot270__color=id__order=canonical', '3a25b0d8:o1:d24:aug16:geom=identity__color=p00_4150723698__order=canonical', '3a25b0d8:o1:d24:aug16:geom=rot90__color=p02_4950812673__order=canonical', '3a25b0d8:o1:d24:aug16:geom=flip_ud__color=p03_5980213764__order=canonical', '3a25b0d8:o1:d24:aug16:geom=anti_transpose__color=p05_5436201789__order=canonical']",12482146816,23269998592,10787851776,0.4635948615703294,1689255936,8,2135,2135,2304,2304
213,193,FORWARD,,8,4,8,,8,"['3a25b0d8:o1:d24:aug16:geom=transpose__color=id__order=canonical', '3a25b0d8:o1:d24:aug16:geom=anti_transpose__color=id__order=canonical', '3a25b0d8:o1:d24:aug16:geom=rot90__color=id__order=canonical', '3a25b0d8:o1:d24:aug16:geom=rot270__color=id__order=canonical', '3a25b0d8:o1:d24:aug16:geom=identity__color=p00_4150723698__order=canonical', '3a25b0d8:o1:d24:aug16:geom=rot90__color=p02_4950812673__order=canonical', '3a25b0d8:o1:d24:aug16:geom=flip_ud__color=p03_5980213764__order=canonical', '3a25b0d8:o1:d24:aug16:geom=anti_transpose__color=p05_5436201789__order=canonical']",12482147328,23269998592,10787851264,0.46359483956774966,1689255936,8,2136,2136,2304,2304
214,194,FORWARD,,8,4,8,,8,"['3a25b0d8:o1:d24:aug16:geom=transpose__color=id__order=canonical', '3a25b0d8:o1:d24:aug16:geom=anti_transpose__color=id__order=canonical', '3a25b0d8:o1:d24:aug16:geom=rot90__color=id__order=canonical', '3a25b0d8:o1:d24:aug16:geom=rot270__color=id__order=canonical', '3a25b0d8:o1:d24:aug16:geom=identity__color=p00_4150723698__order=canonical', '3a25b0d8:o1:d24:aug16:geom=rot90__color=p02_4950812673__order=canonical', '3a25b0d8:o1:d24:aug16:geom=flip_ud__color=p03_5980213764__order=canonical', '3a25b0d8:o1:d24:aug16:geom=anti_transpose__color=p05_5436201789__order=canonical']",12482147840,23269998592,10787850752,0.4635948175651699,1689255936,8,2137,2137,2304,2304
215,195,FORWARD,,8,4,8,,8,"['3a25b0d8:o1:d24:aug16:geom=transpose__color=id__order=canonical', '3a25b0d8:o1:d24:aug16:geom=anti_transpose__color=id__order=canonical', '3a25b0d8:o1:d24:aug16:geom=rot90__color=id__order=canonical', '3a25b0d8:o1:d24:aug16:geom=rot270__color=id__order=canonical', '3a25b0d8:o1:d24:aug16:geom=identity__color=p00_4150723698__order=canonical', '3a25b0d8:o1:d24:aug16:geom=rot90__color=p02_4950812673__order=canonical', '3a25b0d8:o1:d24:aug16:geom=flip_ud__color=p03_5980213764__order=canonical', '3a25b0d8:o1:d24:aug16:geom=anti_transpose__color=p05_5436201789__order=canonical']",12482148352,23269998592,10787850240,0.46359479556259015,1689255936,8,2138,2138,2304,2304
216,196,FORWARD,,8,4,8,,8,"['3a25b0d8:o1:d24:aug16:geom=transpose__color=id__order=canonical', '3a25b0d8:o1:d24:aug16:geom=anti_transpose__color=id__order=canonical', '3a25b0d8:o1:d24:aug16:geom=rot90__color=id__order=canonical', '3a25b0d8:o1:d24:aug16:geom=rot270__color=id__order=canonical', '3a25b0d8:o1:d24:aug16:geom=identity__color=p00_4150723698__order=canonical', '3a25b0d8:o1:d24:aug16:geom=rot90__color=p02_4950812673__order=canonical', '3a25b0d8:o1:d24:aug16:geom=flip_ud__color=p03_5980213764__order=canonical', '3a25b0d8:o1:d24:aug16:geom=anti_transpose__color=p05_5436201789__order=canonical']",12482148864,23269998592,10787849728,0.4635947735600104,1689255936,8,2139,2139,2304,2304
217,197,FORWARD,,8,4,8,,8,"['3a25b0d8:o1:d24:aug16:geom=transpose__color=id__order=canonical', '3a25b0d8:o1:d24:aug16:geom=anti_transpose__color=id__order=canonical', '3a25b0d8:o1:d24:aug16:geom=rot90__color=id__order=canonical', '3a25b0d8:o1:d24:aug16:geom=rot270__color=id__order=canonical', '3a25b0d8:o1:d24:aug16:geom=identity__color=p00_4150723698__order=canonical', '3a25b0d8:o1:d24:aug16:geom=rot90__color=p02_4950812673__order=canonical', '3a25b0d8:o1:d24:aug16:geom=flip_ud__color=p03_5980213764__order=canonical', '3a25b0d8:o1:d24:aug16:geom=anti_transpose__color=p05_5436201789__order=canonical']",12482149376,23269998592,10787849216,0.46359475155743063,1689255936,8,2140,2140,2304,2304
218,198,FORWARD,,8,4,8,,8,"['3a25b0d8:o1:d24:aug16:geom=transpose__color=id__order=canonical', '3a25b0d8:o1:d24:aug16:geom=anti_transpose__color=id__order=canonical', '3a25b0d8:o1:d24:aug16:geom=rot90__color=id__order=canonical', '3a25b0d8:o1:d24:aug16:geom=rot270__color=id__order=canonical', '3a25b0d8:o1:d24:aug16:geom=identity__color=p00_4150723698__order=canonical', '3a25b0d8:o1:d24:aug16:geom=rot90__color=p02_4950812673__order=canonical', '3a25b0d8:o1:d24:aug16:geom=flip_ud__color=p03_5980213764__order=canonical', '3a25b0d8:o1:d24:aug16:geom=anti_transpose__color=p05_5436201789__order=canonical']",12482149888,23269998592,10787848704,0.46359472955485087,1689255936,8,2141,2141,2304,2304
219,199,FORWARD,,8,4,8,,8,"['3a25b0d8:o1:d24:aug16:geom=transpose__color=id__order=canonical', '3a25b0d8:o1:d24:aug16:geom=anti_transpose__color=id__order=canonical', '3a25b0d8:o1:d24:aug16:geom=rot90__color=id__order=canonical', '3a25b0d8:o1:d24:aug16:geom=rot270__color=id__order=canonical', '3a25b0d8:o1:d24:aug16:geom=identity__color=p00_4150723698__order=canonical', '3a25b0d8:o1:d24:aug16:geom=rot90__color=p02_4950812673__order=canonical', '3a25b0d8:o1:d24:aug16:geom=flip_ud__color=p03_5980213764__order=canonical', '3a25b0d8:o1:d24:aug16:geom=anti_transpose__color=p05_5436201789__order=canonical']",12482150400,23269998592,10787848192,0.4635947075522711,1689255936,8,2142,2142,2304,2304
220,200,FORWARD,,8,4,8,,8,"['3a25b0d8:o1:d24:aug16:geom=transpose__color=id__order=canonical', '3a25b0d8:o1:d24:aug16:geom=anti_transpose__color=id__order=canonical', '3a25b0d8:o1:d24:aug16:geom=rot90__color=id__order=canonical', '3a25b0d8:o1:d24:aug16:geom=rot270__color=id__order=canonical', '3a25b0d8:o1:d24:aug16:geom=identity__color=p00_4150723698__order=canonical', '3a25b0d8:o1:d24:aug16:geom=rot90__color=p02_4950812673__order=canonical', '3a25b0d8:o1:d24:aug16:geom=flip_ud__color=p03_5980213764__order=canonical', '3a25b0d8:o1:d24:aug16:geom=anti_transpose__color=p05_5436201789__order=canonical']",12482150912,23269998592,10787847680,0.46359468554969135,1689255936,8,2143,2143,2304,2304
221,201,FORWARD,,8,4,8,,8,"['3a25b0d8:o1:d24:aug16:geom=transpose__color=id__order=canonical', '3a25b0d8:o1:d24:aug16:geom=anti_transpose__color=id__order=canonical', '3a25b0d8:o1:d24:aug16:geom=rot90__color=id__order=canonical', '3a25b0d8:o1:d24:aug16:geom=rot270__color=id__order=canonical', '3a25b0d8:o1:d24:aug16:geom=identity__color=p00_4150723698__order=canonical', '3a25b0d8:o1:d24:aug16:geom=rot90__color=p02_4950812673__order=canonical', '3a25b0d8:o1:d24:aug16:geom=flip_ud__color=p03_5980213764__order=canonical', '3a25b0d8:o1:d24:aug16:geom=anti_transpose__color=p05_5436201789__order=canonical']",12482151424,23269998592,10787847168,0.4635946635471116,1689255936,8,2144,2144,2304,2304
222,202,FORWARD,,8,4,8,,8,"['3a25b0d8:o1:d24:aug16:geom=transpose__color=id__order=canonical', '3a25b0d8:o1:d24:aug16:geom=anti_transpose__color=id__order=canonical', '3a25b0d8:o1:d24:aug16:geom=rot90__color=id__order=canonical', '3a25b0d8:o1:d24:aug16:geom=rot270__color=id__order=canonical', '3a25b0d8:o1:d24:aug16:geom=identity__color=p00_4150723698__order=canonical', '3a25b0d8:o1:d24:aug16:geom=rot90__color=p02_4950812673__order=canonical', '3a25b0d8:o1:d24:aug16:geom=flip_ud__color=p03_5980213764__order=canonical', '3a25b0d8:o1:d24:aug16:geom=anti_transpose__color=p05_5436201789__order=canonical']",12482151936,23269998592,10787846656,0.46359464154453184,1689255936,8,2145,2145,2304,2304
223,203,FORWARD,,8,4,8,,8,"['3a25b0d8:o1:d24:aug16:geom=transpose__color=id__order=canonical', '3a25b0d8:o1:d24:aug16:geom=anti_transpose__color=id__order=canonical', '3a25b0d8:o1:d24:aug16:geom=rot90__color=id__order=canonical', '3a25b0d8:o1:d24:aug16:geom=rot270__color=id__order=canonical', '3a25b0d8:o1:d24:aug16:geom=identity__color=p00_4150723698__order=canonical', '3a25b0d8:o1:d24:aug16:geom=rot90__color=p02_4950812673__order=canonical', '3a25b0d8:o1:d24:aug16:geom=flip_ud__color=p03_5980213764__order=canonical', '3a25b0d8:o1:d24:aug16:geom=anti_transpose__color=p05_5436201789__order=canonical']",12482152448,23269998592,10787846144,0.4635946195419521,1689255936,8,2146,2146,2304,2304
224,204,FORWARD,,8,4,8,,8,"['3a25b0d8:o1:d24:aug16:geom=transpose__color=id__order=canonical', '3a25b0d8:o1:d24:aug16:geom=anti_transpose__color=id__order=canonical', '3a25b0d8:o1:d24:aug16:geom=rot90__color=id__order=canonical', '3a25b0d8:o1:d24:aug16:geom=rot270__color=id__order=canonical', '3a25b0d8:o1:d24:aug16:geom=identity__color=p00_4150723698__order=canonical', '3a25b0d8:o1:d24:aug16:geom=rot90__color=p02_4950812673__order=canonical', '3a25b0d8:o1:d24:aug16:geom=flip_ud__color=p03_5980213764__order=canonical', '3a25b0d8:o1:d24:aug16:geom=anti_transpose__color=p05_5436201789__order=canonical']",12482152960,23269998592,10787845632,0.4635945975393723,1689255936,8,2147,2147,2304,2304
225,205,FORWARD,,8,4,8,,8,"['3a25b0d8:o1:d24:aug16:geom=transpose__color=id__order=canonical', '3a25b0d8:o1:d24:aug16:geom=anti_transpose__color=id__order=canonical', '3a25b0d8:o1:d24:aug16:geom=rot90__color=id__order=canonical', '3a25b0d8:o1:d24:aug16:geom=rot270__color=id__order=canonical', '3a25b0d8:o1:d24:aug16:geom=identity__color=p00_4150723698__order=canonical', '3a25b0d8:o1:d24:aug16:geom=rot90__color=p02_4950812673__order=canonical', '3a25b0d8:o1:d24:aug16:geom=flip_ud__color=p03_5980213764__order=canonical', '3a25b0d8:o1:d24:aug16:geom=anti_transpose__color=p05_5436201789__order=canonical']",12482153472,23269998592,10787845120,0.46359457553679256,1689255936,8,2148,2148,2304,2304
226,206,FORWARD,,8,4,8,,8,"['3a25b0d8:o1:d24:aug16:geom=transpose__color=id__order=canonical', '3a25b0d8:o1:d24:aug16:geom=anti_transpose__color=id__order=canonical', '3a25b0d8:o1:d24:aug16:geom=rot90__color=id__order=canonical', '3a25b0d8:o1:d24:aug16:geom=rot270__color=id__order=canonical', '3a25b0d8:o1:d24:aug16:geom=identity__color=p00_4150723698__order=canonical', '3a25b0d8:o1:d24:aug16:geom=rot90__color=p02_4950812673__order=canonical', '3a25b0d8:o1:d24:aug16:geom=flip_ud__color=p03_5980213764__order=canonical', '3a25b0d8:o1:d24:aug16:geom=anti_transpose__color=p05_5436201789__order=canonical']",12482153984,23269998592,10787844608,0.4635945535342128,1689255936,8,2149,2149,2304,2304
227,207,FORWARD,,8,4,8,,8,"['3a25b0d8:o1:d24:aug16:geom=transpose__color=id__order=canonical', '3a25b0d8:o1:d24:aug16:geom=anti_transpose__color=id__order=canonical', '3a25b0d8:o1:d24:aug16:geom=rot90__color=id__order=canonical', '3a25b0d8:o1:d24:aug16:geom=rot270__color=id__order=canonical', '3a25b0d8:o1:d24:aug16:geom=identity__color=p00_4150723698__order=canonical', '3a25b0d8:o1:d24:aug16:geom=rot90__color=p02_4950812673__order=canonical', '3a25b0d8:o1:d24:aug16:geom=flip_ud__color=p03_5980213764__order=canonical', '3a25b0d8:o1:d24:aug16:geom=anti_transpose__color=p05_5436201789__order=canonical']",12482154496,23269998592,10787844096,0.46359453153163305,1689255936,8,2150,2150,2304,2304
228,208,FORWARD,,8,4,8,,8,"['3a25b0d8:o1:d24:aug16:geom=transpose__color=id__order=canonical', '3a25b0d8:o1:d24:aug16:geom=anti_transpose__color=id__order=canonical', '3a25b0d8:o1:d24:aug16:geom=rot90__color=id__order=canonical', '3a25b0d8:o1:d24:aug16:geom=rot270__color=id__order=canonical', '3a25b0d8:o1:d24:aug16:geom=identity__color=p00_4150723698__order=canonical', '3a25b0d8:o1:d24:aug16:geom=rot90__color=p02_4950812673__order=canonical', '3a25b0d8:o1:d24:aug16:geom=flip_ud__color=p03_5980213764__order=canonical', '3a25b0d8:o1:d24:aug16:geom=anti_transpose__color=p05_5436201789__order=canonical']",12482155008,23269998592,10787843584,0.4635945095290533,1689255936,8,2151,2151,2304,2304
229,209,FORWARD,,8,4,8,,8,"['3a25b0d8:o1:d24:aug16:geom=transpose__color=id__order=canonical', '3a25b0d8:o1:d24:aug16:geom=anti_transpose__color=id__order=canonical', '3a25b0d8:o1:d24:aug16:geom=rot90__color=id__order=canonical', '3a25b0d8:o1:d24:aug16:geom=rot270__color=id__order=canonical', '3a25b0d8:o1:d24:aug16:geom=identity__color=p00_4150723698__order=canonical', '3a25b0d8:o1:d24:aug16:geom=rot90__color=p02_4950812673__order=canonical', '3a25b0d8:o1:d24:aug16:geom=flip_ud__color=p03_5980213764__order=canonical', '3a25b0d8:o1:d24:aug16:geom=anti_transpose__color=p05_5436201789__order=canonical']",12482155520,23269998592,10787843072,0.46359448752647353,1689255936,8,2152,2152,2304,2304
230,210,FORWARD,,8,4,8,,8,"['3a25b0d8:o1:d24:aug16:geom=transpose__color=id__order=canonical', '3a25b0d8:o1:d24:aug16:geom=anti_transpose__color=id__order=canonical', '3a25b0d8:o1:d24:aug16:geom=rot90__color=id__order=canonical', '3a25b0d8:o1:d24:aug16:geom=rot270__color=id__order=canonical', '3a25b0d8:o1:d24:aug16:geom=identity__color=p00_4150723698__order=canonical', '3a25b0d8:o1:d24:aug16:geom=rot90__color=p02_4950812673__order=canonical', '3a25b0d8:o1:d24:aug16:geom=flip_ud__color=p03_5980213764__order=canonical', '3a25b0d8:o1:d24:aug16:geom=anti_transpose__color=p05_5436201789__order=canonical']",12482156032,23269998592,10787842560,0.4635944655238938,1689255936,8,2153,2153,2304,2304
231,211,FORWARD,,8,4,8,,8,"['3a25b0d8:o1:d24:aug16:geom=transpose__color=id__order=canonical', '3a25b0d8:o1:d24:aug16:geom=anti_transpose__color=id__order=canonical', '3a25b0d8:o1:d24:aug16:geom=rot90__color=id__order=canonical', '3a25b0d8:o1:d24:aug16:geom=rot270__color=id__order=canonical', '3a25b0d8:o1:d24:aug16:geom=identity__color=p00_4150723698__order=canonical', '3a25b0d8:o1:d24:aug16:geom=rot90__color=p02_4950812673__order=canonical', '3a25b0d8:o1:d24:aug16:geom=flip_ud__color=p03_5980213764__order=canonical', '3a25b0d8:o1:d24:aug16:geom=anti_transpose__color=p05_5436201789__order=canonical']",12482156544,23269998592,10787842048,0.463594443521314,1689255936,8,2154,2154,2304,2304
232,212,FORWARD,,8,4,8,,8,"['3a25b0d8:o1:d24:aug16:geom=transpose__color=id__order=canonical', '3a25b0d8:o1:d24:aug16:geom=anti_transpose__color=id__order=canonical', '3a25b0d8:o1:d24:aug16:geom=rot90__color=id__order=canonical', '3a25b0d8:o1:d24:aug16:geom=rot270__color=id__order=canonical', '3a25b0d8:o1:d24:aug16:geom=identity__color=p00_4150723698__order=canonical', '3a25b0d8:o1:d24:aug16:geom=rot90__color=p02_4950812673__order=canonical', '3a25b0d8:o1:d24:aug16:geom=flip_ud__color=p03_5980213764__order=canonical', '3a25b0d8:o1:d24:aug16:geom=anti_transpose__color=p05_5436201789__order=canonical']",12482157056,23269998592,10787841536,0.4635944215187342,1689255936,8,2155,2155,2304,2304
233,213,FORWARD,,8,4,8,,8,"['3a25b0d8:o1:d24:aug16:geom=transpose__color=id__order=canonical', '3a25b0d8:o1:d24:aug16:geom=anti_transpose__color=id__order=canonical', '3a25b0d8:o1:d24:aug16:geom=rot90__color=id__order=canonical', '3a25b0d8:o1:d24:aug16:geom=rot270__color=id__order=canonical', '3a25b0d8:o1:d24:aug16:geom=identity__color=p00_4150723698__order=canonical', '3a25b0d8:o1:d24:aug16:geom=rot90__color=p02_4950812673__order=canonical', '3a25b0d8:o1:d24:aug16:geom=flip_ud__color=p03_5980213764__order=canonical', '3a25b0d8:o1:d24:aug16:geom=anti_transpose__color=p05_5436201789__order=canonical']",12482157568,23269998592,10787841024,0.46359439951615444,1689255936,8,2156,2156,2304,2304
234,214,FORWARD,,8,4,8,,8,"['3a25b0d8:o1:d24:aug16:geom=transpose__color=id__order=canonical', '3a25b0d8:o1:d24:aug16:geom=anti_transpose__color=id__order=canonical', '3a25b0d8:o1:d24:aug16:geom=rot90__color=id__order=canonical', '3a25b0d8:o1:d24:aug16:geom=rot270__color=id__order=canonical', '3a25b0d8:o1:d24:aug16:geom=identity__color=p00_4150723698__order=canonical', '3a25b0d8:o1:d24:aug16:geom=rot90__color=p02_4950812673__order=canonical', '3a25b0d8:o1:d24:aug16:geom=flip_ud__color=p03_5980213764__order=canonical', '3a25b0d8:o1:d24:aug16:geom=anti_transpose__color=p05_5436201789__order=canonical']",12482158080,23269998592,10787840512,0.4635943775135747,1689255936,8,2157,2157,2304,2304
235,215,FORWARD,,8,4,8,,8,"['3a25b0d8:o1:d24:aug16:geom=transpose__color=id__order=canonical', '3a25b0d8:o1:d24:aug16:geom=anti_transpose__color=id__order=canonical', '3a25b0d8:o1:d24:aug16:geom=rot90__color=id__order=canonical', '3a25b0d8:o1:d24:aug16:geom=rot270__color=id__order=canonical', '3a25b0d8:o1:d24:aug16:geom=identity__color=p00_4150723698__order=canonical', '3a25b0d8:o1:d24:aug16:geom=rot90__color=p02_4950812673__order=canonical', '3a25b0d8:o1:d24:aug16:geom=flip_ud__color=p03_5980213764__order=canonical', '3a25b0d8:o1:d24:aug16:geom=anti_transpose__color=p05_5436201789__order=canonical']",12482158592,23269998592,10787840000,0.4635943555109949,1689255936,8,2158,2158,2304,2304
236,216,FORWARD,,8,4,8,,8,"['3a25b0d8:o1:d24:aug16:geom=transpose__color=id__order=canonical', '3a25b0d8:o1:d24:aug16:geom=anti_transpose__color=id__order=canonical', '3a25b0d8:o1:d24:aug16:geom=rot90__color=id__order=canonical', '3a25b0d8:o1:d24:aug16:geom=rot270__color=id__order=canonical', '3a25b0d8:o1:d24:aug16:geom=identity__color=p00_4150723698__order=canonical', '3a25b0d8:o1:d24:aug16:geom=rot90__color=p02_4950812673__order=canonical', '3a25b0d8:o1:d24:aug16:geom=flip_ud__color=p03_5980213764__order=canonical', '3a25b0d8:o1:d24:aug16:geom=anti_transpose__color=p05_5436201789__order=canonical']",12482159104,23269998592,10787839488,0.46359433350841517,1689255936,8,2159,2159,2304,2304
237,217,FORWARD,,8,4,8,,8,"['3a25b0d8:o1:d24:aug16:geom=transpose__color=id__order=canonical', '3a25b0d8:o1:d24:aug16:geom=anti_transpose__color=id__order=canonical', '3a25b0d8:o1:d24:aug16:geom=rot90__color=id__order=canonical', '3a25b0d8:o1:d24:aug16:geom=rot270__color=id__order=canonical', '3a25b0d8:o1:d24:aug16:geom=identity__color=p00_4150723698__order=canonical', '3a25b0d8:o1:d24:aug16:geom=rot90__color=p02_4950812673__order=canonical', '3a25b0d8:o1:d24:aug16:geom=flip_ud__color=p03_5980213764__order=canonical', '3a25b0d8:o1:d24:aug16:geom=anti_transpose__color=p05_5436201789__order=canonical']",12482159616,23269998592,10787838976,0.4635943115058354,1689255936,8,2160,2160,2304,2304
238,218,FORWARD,,8,4,8,,8,"['3a25b0d8:o1:d24:aug16:geom=transpose__color=id__order=canonical', '3a25b0d8:o1:d24:aug16:geom=anti_transpose__color=id__order=canonical', '3a25b0d8:o1:d24:aug16:geom=rot90__color=id__order=canonical', '3a25b0d8:o1:d24:aug16:geom=rot270__color=id__order=canonical', '3a25b0d8:o1:d24:aug16:geom=identity__color=p00_4150723698__order=canonical', '3a25b0d8:o1:d24:aug16:geom=rot90__color=p02_4950812673__order=canonical', '3a25b0d8:o1:d24:aug16:geom=flip_ud__color=p03_5980213764__order=canonical', '3a25b0d8:o1:d24:aug16:geom=anti_transpose__color=p05_5436201789__order=canonical']",12482160128,23269998592,10787838464,0.46359428950325565,1689255936,8,2161,2161,2304,2304
239,219,FORWARD,,8,4,8,,8,"['3a25b0d8:o1:d24:aug16:geom=transpose__color=id__order=canonical', '3a25b0d8:o1:d24:aug16:geom=anti_transpose__color=id__order=canonical', '3a25b0d8:o1:d24:aug16:geom=rot90__color=id__order=canonical', '3a25b0d8:o1:d24:aug16:geom=rot270__color=id__order=canonical', '3a25b0d8:o1:d24:aug16:geom=identity__color=p00_4150723698__order=canonical', '3a25b0d8:o1:d24:aug16:geom=rot90__color=p02_4950812673__order=canonical', '3a25b0d8:o1:d24:aug16:geom=flip_ud__color=p03_5980213764__order=canonical', '3a25b0d8:o1:d24:aug16:geom=anti_transpose__color=p05_5436201789__order=canonical']",12482160640,23269998592,10787837952,0.4635942675006759,1689255936,8,2162,2162,2304,2304
240,220,FORWARD,,8,4,8,,8,"['3a25b0d8:o1:d24:aug16:geom=transpose__color=id__order=canonical', '3a25b0d8:o1:d24:aug16:geom=anti_transpose__color=id__order=canonical', '3a25b0d8:o1:d24:aug16:geom=rot90__color=id__order=canonical', '3a25b0d8:o1:d24:aug16:geom=rot270__color=id__order=canonical', '3a25b0d8:o1:d24:aug16:geom=identity__color=p00_4150723698__order=canonical', '3a25b0d8:o1:d24:aug16:geom=rot90__color=p02_4950812673__order=canonical', '3a25b0d8:o1:d24:aug16:geom=flip_ud__color=p03_5980213764__order=canonical', '3a25b0d8:o1:d24:aug16:geom=anti_transpose__color=p05_5436201789__order=canonical']",12482161152,23269998592,10787837440,0.46359424549809614,1689255936,8,2163,2163,2304,2304
241,221,FORWARD,,8,4,8,,8,"['3a25b0d8:o1:d24:aug16:geom=transpose__color=id__order=canonical', '3a25b0d8:o1:d24:aug16:geom=anti_transpose__color=id__order=canonical', '3a25b0d8:o1:d24:aug16:geom=rot90__color=id__order=canonical', '3a25b0d8:o1:d24:aug16:geom=rot270__color=id__order=canonical', '3a25b0d8:o1:d24:aug16:geom=identity__color=p00_4150723698__order=canonical', '3a25b0d8:o1:d24:aug16:geom=rot90__color=p02_4950812673__order=canonical', '3a25b0d8:o1:d24:aug16:geom=flip_ud__color=p03_5980213764__order=canonical', '3a25b0d8:o1:d24:aug16:geom=anti_transpose__color=p05_5436201789__order=canonical']",11120248320,23269998592,12149750272,0.5221207996195137,1689255936,8,2164,2164,2304,2304
242,222,FORWARD,,8,4,8,,8,"['3a25b0d8:o1:d24:aug16:geom=transpose__color=id__order=canonical', '3a25b0d8:o1:d24:aug16:geom=anti_transpose__color=id__order=canonical', '3a25b0d8:o1:d24:aug16:geom=rot90__color=id__order=canonical', '3a25b0d8:o1:d24:aug16:geom=rot270__color=id__order=canonical', '3a25b0d8:o1:d24:aug16:geom=identity__color=p00_4150723698__order=canonical', '3a25b0d8:o1:d24:aug16:geom=rot90__color=p02_4950812673__order=canonical', '3a25b0d8:o1:d24:aug16:geom=flip_ud__color=p03_5980213764__order=canonical', '3a25b0d8:o1:d24:aug16:geom=anti_transpose__color=p05_5436201789__order=canonical']",11120248832,23269998592,12149749760,0.522120777616934,1689255936,8,2165,2165,2304,2304
243,223,FORWARD,,8,4,8,,8,"['3a25b0d8:o1:d24:aug16:geom=transpose__color=id__order=canonical', '3a25b0d8:o1:d24:aug16:geom=anti_transpose__color=id__order=canonical', '3a25b0d8:o1:d24:aug16:geom=rot90__color=id__order=canonical', '3a25b0d8:o1:d24:aug16:geom=rot270__color=id__order=canonical', '3a25b0d8:o1:d24:aug16:geom=identity__color=p00_4150723698__order=canonical', '3a25b0d8:o1:d24:aug16:geom=rot90__color=p02_4950812673__order=canonical', '3a25b0d8:o1:d24:aug16:geom=flip_ud__color=p03_5980213764__order=canonical', '3a25b0d8:o1:d24:aug16:geom=anti_transpose__color=p05_5436201789__order=canonical']",11120249344,23269998592,12149749248,0.5221207556143542,1689255936,8,2166,2166,2304,2304
244,224,FORWARD,,8,4,8,,8,"['3a25b0d8:o1:d24:aug16:geom=transpose__color=id__order=canonical', '3a25b0d8:o1:d24:aug16:geom=anti_transpose__color=id__order=canonical', '3a25b0d8:o1:d24:aug16:geom=rot90__color=id__order=canonical', '3a25b0d8:o1:d24:aug16:geom=rot270__color=id__order=canonical', '3a25b0d8:o1:d24:aug16:geom=identity__color=p00_4150723698__order=canonical', '3a25b0d8:o1:d24:aug16:geom=rot90__color=p02_4950812673__order=canonical', '3a25b0d8:o1:d24:aug16:geom=flip_ud__color=p03_5980213764__order=canonical', '3a25b0d8:o1:d24:aug16:geom=anti_transpose__color=p05_5436201789__order=canonical']",11120249856,23269998592,12149748736,0.5221207336117745,1689255936,8,2167,2167,2304,2304
245,225,FORWARD,,8,4,8,,8,"['3a25b0d8:o1:d24:aug16:geom=transpose__color=id__order=canonical', '3a25b0d8:o1:d24:aug16:geom=anti_transpose__color=id__order=canonical', '3a25b0d8:o1:d24:aug16:geom=rot90__color=id__order=canonical', '3a25b0d8:o1:d24:aug16:geom=rot270__color=id__order=canonical', '3a25b0d8:o1:d24:aug16:geom=identity__color=p00_4150723698__order=canonical', '3a25b0d8:o1:d24:aug16:geom=rot90__color=p02_4950812673__order=canonical', '3a25b0d8:o1:d24:aug16:geom=flip_ud__color=p03_5980213764__order=canonical', '3a25b0d8:o1:d24:aug16:geom=anti_transpose__color=p05_5436201789__order=canonical']",11120250368,23269998592,12149748224,0.5221207116091947,1689255936,8,2168,2168,2304,2304
246,226,FORWARD,,8,4,8,,8,"['3a25b0d8:o1:d24:aug16:geom=transpose__color=id__order=canonical', '3a25b0d8:o1:d24:aug16:geom=anti_transpose__color=id__order=canonical', '3a25b0d8:o1:d24:aug16:geom=rot90__color=id__order=canonical', '3a25b0d8:o1:d24:aug16:geom=rot270__color=id__order=canonical', '3a25b0d8:o1:d24:aug16:geom=identity__color=p00_4150723698__order=canonical', '3a25b0d8:o1:d24:aug16:geom=rot90__color=p02_4950812673__order=canonical', '3a25b0d8:o1:d24:aug16:geom=flip_ud__color=p03_5980213764__order=canonical', '3a25b0d8:o1:d24:aug16:geom=anti_transpose__color=p05_5436201789__order=canonical']",11120250880,23269998592,12149747712,0.522120689606615,1689255936,8,2169,2169,2304,2304
247,227,FORWARD,,8,4,8,,8,"['3a25b0d8:o1:d24:aug16:geom=transpose__color=id__order=canonical', '3a25b0d8:o1:d24:aug16:geom=anti_transpose__color=id__order=canonical', '3a25b0d8:o1:d24:aug16:geom=rot90__color=id__order=canonical', '3a25b0d8:o1:d24:aug16:geom=rot270__color=id__order=canonical', '3a25b0d8:o1:d24:aug16:geom=identity__color=p00_4150723698__order=canonical', '3a25b0d8:o1:d24:aug16:geom=rot90__color=p02_4950812673__order=canonical', '3a25b0d8:o1:d24:aug16:geom=flip_ud__color=p03_5980213764__order=canonical', '3a25b0d8:o1:d24:aug16:geom=anti_transpose__color=p05_5436201789__order=canonical']",11120251392,23269998592,12149747200,0.5221206676040352,1689255936,8,2170,2170,2304,2304
248,228,FORWARD,,8,4,8,,8,"['3a25b0d8:o1:d24:aug16:geom=transpose__color=id__order=canonical', '3a25b0d8:o1:d24:aug16:geom=anti_transpose__color=id__order=canonical', '3a25b0d8:o1:d24:aug16:geom=rot90__color=id__order=canonical', '3a25b0d8:o1:d24:aug16:geom=rot270__color=id__order=canonical', '3a25b0d8:o1:d24:aug16:geom=identity__color=p00_4150723698__order=canonical', '3a25b0d8:o1:d24:aug16:geom=rot90__color=p02_4950812673__order=canonical', '3a25b0d8:o1:d24:aug16:geom=flip_ud__color=p03_5980213764__order=canonical', '3a25b0d8:o1:d24:aug16:geom=anti_transpose__color=p05_5436201789__order=canonical']",11120251904,23269998592,12149746688,0.5221206456014554,1689255936,8,2171,2171,2304,2304
249,229,FORWARD,,8,4,8,,8,"['3a25b0d8:o1:d24:aug16:geom=transpose__color=id__order=canonical', '3a25b0d8:o1:d24:aug16:geom=anti_transpose__color=id__order=canonical', '3a25b0d8:o1:d24:aug16:geom=rot90__color=id__order=canonical', '3a25b0d8:o1:d24:aug16:geom=rot270__color=id__order=canonical', '3a25b0d8:o1:d24:aug16:geom=identity__color=p00_4150723698__order=canonical', '3a25b0d8:o1:d24:aug16:geom=rot90__color=p02_4950812673__order=canonical', '3a25b0d8:o1:d24:aug16:geom=flip_ud__color=p03_5980213764__order=canonical', '3a25b0d8:o1:d24:aug16:geom=anti_transpose__color=p05_5436201789__order=canonical']",11120252416,23269998592,12149746176,0.5221206235988757,1689255936,8,2172,2172,2304,2304
250,230,FORWARD,,8,4,8,,8,"['3a25b0d8:o1:d24:aug16:geom=transpose__color=id__order=canonical', '3a25b0d8:o1:d24:aug16:geom=anti_transpose__color=id__order=canonical', '3a25b0d8:o1:d24:aug16:geom=rot90__color=id__order=canonical', '3a25b0d8:o1:d24:aug16:geom=rot270__color=id__order=canonical', '3a25b0d8:o1:d24:aug16:geom=identity__color=p00_4150723698__order=canonical', '3a25b0d8:o1:d24:aug16:geom=rot90__color=p02_4950812673__order=canonical', '3a25b0d8:o1:d24:aug16:geom=flip_ud__color=p03_5980213764__order=canonical', '3a25b0d8:o1:d24:aug16:geom=anti_transpose__color=p05_5436201789__order=canonical']",11120252928,23269998592,12149745664,0.5221206015962959,1689255936,8,2173,2173,2304,2304
251,231,FORWARD,,8,4,8,,8,"['3a25b0d8:o1:d24:aug16:geom=transpose__color=id__order=canonical', '3a25b0d8:o1:d24:aug16:geom=anti_transpose__color=id__order=canonical', '3a25b0d8:o1:d24:aug16:geom=rot90__color=id__order=canonical', '3a25b0d8:o1:d24:aug16:geom=rot270__color=id__order=canonical', '3a25b0d8:o1:d24:aug16:geom=identity__color=p00_4150723698__order=canonical', '3a25b0d8:o1:d24:aug16:geom=rot90__color=p02_4950812673__order=canonical', '3a25b0d8:o1:d24:aug16:geom=flip_ud__color=p03_5980213764__order=canonical', '3a25b0d8:o1:d24:aug16:geom=anti_transpose__color=p05_5436201789__order=canonical']",11120253440,23269998592,12149745152,0.5221205795937162,1689255936,8,2174,2174,2304,2304
252,232,FORWARD,,8,4,8,,8,"['3a25b0d8:o1:d24:aug16:geom=transpose__color=id__order=canonical', '3a25b0d8:o1:d24:aug16:geom=anti_transpose__color=id__order=canonical', '3a25b0d8:o1:d24:aug16:geom=rot90__color=id__order=canonical', '3a25b0d8:o1:d24:aug16:geom=rot270__color=id__order=canonical', '3a25b0d8:o1:d24:aug16:geom=identity__color=p00_4150723698__order=canonical', '3a25b0d8:o1:d24:aug16:geom=rot90__color=p02_4950812673__order=canonical', '3a25b0d8:o1:d24:aug16:geom=flip_ud__color=p03_5980213764__order=canonical', '3a25b0d8:o1:d24:aug16:geom=anti_transpose__color=p05_5436201789__order=canonical']",11120253952,23269998592,12149744640,0.5221205575911364,1689255936,8,2175,2175,2304,2304
253,233,FORWARD,,8,4,8,,8,"['3a25b0d8:o1:d24:aug16:geom=transpose__color=id__order=canonical', '3a25b0d8:o1:d24:aug16:geom=anti_transpose__color=id__order=canonical', '3a25b0d8:o1:d24:aug16:geom=rot90__color=id__order=canonical', '3a25b0d8:o1:d24:aug16:geom=rot270__color=id__order=canonical', '3a25b0d8:o1:d24:aug16:geom=identity__color=p00_4150723698__order=canonical', '3a25b0d8:o1:d24:aug16:geom=rot90__color=p02_4950812673__order=canonical', '3a25b0d8:o1:d24:aug16:geom=flip_ud__color=p03_5980213764__order=canonical', '3a25b0d8:o1:d24:aug16:geom=anti_transpose__color=p05_5436201789__order=canonical']",11120254464,23269998592,12149744128,0.5221205355885566,1689255936,8,2176,2176,2304,2304
254,234,FORWARD,,8,4,8,,8,"['3a25b0d8:o1:d24:aug16:geom=transpose__color=id__order=canonical', '3a25b0d8:o1:d24:aug16:geom=anti_transpose__color=id__order=canonical', '3a25b0d8:o1:d24:aug16:geom=rot90__color=id__order=canonical', '3a25b0d8:o1:d24:aug16:geom=rot270__color=id__order=canonical', '3a25b0d8:o1:d24:aug16:geom=identity__color=p00_4150723698__order=canonical', '3a25b0d8:o1:d24:aug16:geom=rot90__color=p02_4950812673__order=canonical', '3a25b0d8:o1:d24:aug16:geom=flip_ud__color=p03_5980213764__order=canonical', '3a25b0d8:o1:d24:aug16:geom=anti_transpose__color=p05_5436201789__order=canonical']",11120254976,16934502400,5814247424,0.3433373645510836,8024752128,8,2177,2177,2304,2304
255,235,FORWARD,,8,4,8,,8,"['3a25b0d8:o1:d24:aug16:geom=transpose__color=id__order=canonical', '3a25b0d8:o1:d24:aug16:geom=anti_transpose__color=id__order=canonical', '3a25b0d8:o1:d24:aug16:geom=rot90__color=id__order=canonical', '3a25b0d8:o1:d24:aug16:geom=rot270__color=id__order=canonical', '3a25b0d8:o1:d24:aug16:geom=identity__color=p00_4150723698__order=canonical', '3a25b0d8:o1:d24:aug16:geom=rot90__color=p02_4950812673__order=canonical', '3a25b0d8:o1:d24:aug16:geom=flip_ud__color=p03_5980213764__order=canonical', '3a25b0d8:o1:d24:aug16:geom=anti_transpose__color=p05_5436201789__order=canonical']",11120255488,19652411392,8532155904,0.4341531292934986,5306843136,8,2178,2178,2304,2304
256,236,FORWARD,,8,4,8,,8,"['3a25b0d8:o1:d24:aug16:geom=transpose__color=id__order=canonical', '3a25b0d8:o1:d24:aug16:geom=anti_transpose__color=id__order=canonical', '3a25b0d8:o1:d24:aug16:geom=rot90__color=id__order=canonical', '3a25b0d8:o1:d24:aug16:geom=rot270__color=id__order=canonical', '3a25b0d8:o1:d24:aug16:geom=identity__color=p00_4150723698__order=canonical', '3a25b0d8:o1:d24:aug16:geom=rot90__color=p02_4950812673__order=canonical', '3a25b0d8:o1:d24:aug16:geom=flip_ud__color=p03_5980213764__order=canonical', '3a25b0d8:o1:d24:aug16:geom=anti_transpose__color=p05_5436201789__order=canonical']",11120256000,19652411392,8532155392,0.43415310324071604,5306843136,8,2179,2179,2304,2304
257,237,FORWARD,,8,4,8,,8,"['3a25b0d8:o1:d24:aug16:geom=transpose__color=id__order=canonical', '3a25b0d8:o1:d24:aug16:geom=anti_transpose__color=id__order=canonical', '3a25b0d8:o1:d24:aug16:geom=rot90__color=id__order=canonical', '3a25b0d8:o1:d24:aug16:geom=rot270__color=id__order=canonical', '3a25b0d8:o1:d24:aug16:geom=identity__color=p00_4150723698__order=canonical', '3a25b0d8:o1:d24:aug16:geom=rot90__color=p02_4950812673__order=canonical', '3a25b0d8:o1:d24:aug16:geom=flip_ud__color=p03_5980213764__order=canonical', '3a25b0d8:o1:d24:aug16:geom=anti_transpose__color=p05_5436201789__order=canonical']",11120256512,19652411392,8532154880,0.4341530771879335,5306843136,8,2180,2180,2304,2304
258,238,FORWARD,,8,4,8,,8,"['3a25b0d8:o1:d24:aug16:geom=transpose__color=id__order=canonical', '3a25b0d8:o1:d24:aug16:geom=anti_transpose__color=id__order=canonical', '3a25b0d8:o1:d24:aug16:geom=rot90__color=id__order=canonical', '3a25b0d8:o1:d24:aug16:geom=rot270__color=id__order=canonical', '3a25b0d8:o1:d24:aug16:geom=identity__color=p00_4150723698__order=canonical', '3a25b0d8:o1:d24:aug16:geom=rot90__color=p02_4950812673__order=canonical', '3a25b0d8:o1:d24:aug16:geom=flip_ud__color=p03_5980213764__order=canonical', '3a25b0d8:o1:d24:aug16:geom=anti_transpose__color=p05_5436201789__order=canonical']",11120257024,19652411392,8532154368,0.434153051135151,5306843136,8,2181,2181,2304,2304
259,239,FORWARD,,8,4,8,,8,"['3a25b0d8:o1:d24:aug16:geom=transpose__color=id__order=canonical', '3a25b0d8:o1:d24:aug16:geom=anti_transpose__color=id__order=canonical', '3a25b0d8:o1:d24:aug16:geom=rot90__color=id__order=canonical', '3a25b0d8:o1:d24:aug16:geom=rot270__color=id__order=canonical', '3a25b0d8:o1:d24:aug16:geom=identity__color=p00_4150723698__order=canonical', '3a25b0d8:o1:d24:aug16:geom=rot90__color=p02_4950812673__order=canonical', '3a25b0d8:o1:d24:aug16:geom=flip_ud__color=p03_5980213764__order=canonical', '3a25b0d8:o1:d24:aug16:geom=anti_transpose__color=p05_5436201789__order=canonical']",11120257536,19652411392,8532153856,0.43415302508236847,5306843136,8,2182,2182,2304,2304
260,240,FORWARD,,8,4,8,,8,"['3a25b0d8:o1:d24:aug16:geom=transpose__color=id__order=canonical', '3a25b0d8:o1:d24:aug16:geom=anti_transpose__color=id__order=canonical', '3a25b0d8:o1:d24:aug16:geom=rot90__color=id__order=canonical', '3a25b0d8:o1:d24:aug16:geom=rot270__color=id__order=canonical', '3a25b0d8:o1:d24:aug16:geom=identity__color=p00_4150723698__order=canonical', '3a25b0d8:o1:d24:aug16:geom=rot90__color=p02_4950812673__order=canonical', '3a25b0d8:o1:d24:aug16:geom=flip_ud__color=p03_5980213764__order=canonical', '3a25b0d8:o1:d24:aug16:geom=anti_transpose__color=p05_5436201789__order=canonical']",11120258048,19652411392,8532153344,0.434152999029586,5306843136,8,2183,2183,2304,2304
261,241,FORWARD,,8,4,8,,8,"['3a25b0d8:o1:d24:aug16:geom=transpose__color=id__order=canonical', '3a25b0d8:o1:d24:aug16:geom=anti_transpose__color=id__order=canonical', '3a25b0d8:o1:d24:aug16:geom=rot90__color=id__order=canonical', '3a25b0d8:o1:d24:aug16:geom=rot270__color=id__order=canonical', '3a25b0d8:o1:d24:aug16:geom=identity__color=p00_4150723698__order=canonical', '3a25b0d8:o1:d24:aug16:geom=rot90__color=p02_4950812673__order=canonical', '3a25b0d8:o1:d24:aug16:geom=flip_ud__color=p03_5980213764__order=canonical', '3a25b0d8:o1:d24:aug16:geom=anti_transpose__color=p05_5436201789__order=canonical']",11120258560,19652411392,8532152832,0.43415297297680344,5306843136,8,2184,2184,2304,2304
262,242,FORWARD,,8,4,8,,8,"['3a25b0d8:o1:d24:aug16:geom=transpose__color=id__order=canonical', '3a25b0d8:o1:d24:aug16:geom=anti_transpose__color=id__order=canonical', '3a25b0d8:o1:d24:aug16:geom=rot90__color=id__order=canonical', '3a25b0d8:o1:d24:aug16:geom=rot270__color=id__order=canonical', '3a25b0d8:o1:d24:aug16:geom=identity__color=p00_4150723698__order=canonical', '3a25b0d8:o1:d24:aug16:geom=rot90__color=p02_4950812673__order=canonical', '3a25b0d8:o1:d24:aug16:geom=flip_ud__color=p03_5980213764__order=canonical', '3a25b0d8:o1:d24:aug16:geom=anti_transpose__color=p05_5436201789__order=canonical']",11120259072,19652411392,8532152320,0.4341529469240209,5306843136,8,2185,2185,2304,2304
263,243,FORWARD,,8,4,8,,8,"['3a25b0d8:o1:d24:aug16:geom=transpose__color=id__order=canonical', '3a25b0d8:o1:d24:aug16:geom=anti_transpose__color=id__order=canonical', '3a25b0d8:o1:d24:aug16:geom=rot90__color=id__order=canonical', '3a25b0d8:o1:d24:aug16:geom=rot270__color=id__order=canonical', '3a25b0d8:o1:d24:aug16:geom=identity__color=p00_4150723698__order=canonical', '3a25b0d8:o1:d24:aug16:geom=rot90__color=p02_4950812673__order=canonical', '3a25b0d8:o1:d24:aug16:geom=flip_ud__color=p03_5980213764__order=canonical', '3a25b0d8:o1:d24:aug16:geom=anti_transpose__color=p05_5436201789__order=canonical']",11120259584,19652411392,8532151808,0.4341529208712384,5306843136,8,2186,2186,2304,2304
264,244,FORWARD,,8,4,8,,8,"['3a25b0d8:o1:d24:aug16:geom=transpose__color=id__order=canonical', '3a25b0d8:o1:d24:aug16:geom=anti_transpose__color=id__order=canonical', '3a25b0d8:o1:d24:aug16:geom=rot90__color=id__order=canonical', '3a25b0d8:o1:d24:aug16:geom=rot270__color=id__order=canonical', '3a25b0d8:o1:d24:aug16:geom=identity__color=p00_4150723698__order=canonical', '3a25b0d8:o1:d24:aug16:geom=rot90__color=p02_4950812673__order=canonical', '3a25b0d8:o1:d24:aug16:geom=flip_ud__color=p03_5980213764__order=canonical', '3a25b0d8:o1:d24:aug16:geom=anti_transpose__color=p05_5436201789__order=canonical']",11120260096,19652411392,8532151296,0.43415289481845587,5306843136,8,2187,2187,2304,2304
265,245,FORWARD,,8,4,8,,8,"['3a25b0d8:o1:d24:aug16:geom=transpose__color=id__order=canonical', '3a25b0d8:o1:d24:aug16:geom=anti_transpose__color=id__order=canonical', '3a25b0d8:o1:d24:aug16:geom=rot90__color=id__order=canonical', '3a25b0d8:o1:d24:aug16:geom=rot270__color=id__order=canonical', '3a25b0d8:o1:d24:aug16:geom=identity__color=p00_4150723698__order=canonical', '3a25b0d8:o1:d24:aug16:geom=rot90__color=p02_4950812673__order=canonical', '3a25b0d8:o1:d24:aug16:geom=flip_ud__color=p03_5980213764__order=canonical', '3a25b0d8:o1:d24:aug16:geom=anti_transpose__color=p05_5436201789__order=canonical']",11120260608,19652411392,8532150784,0.4341528687656733,5306843136,8,2188,2188,2304,2304
266,246,FORWARD,,8,4,8,,8,"['3a25b0d8:o1:d24:aug16:geom=transpose__color=id__order=canonical', '3a25b0d8:o1:d24:aug16:geom=anti_transpose__color=id__order=canonical', '3a25b0d8:o1:d24:aug16:geom=rot90__color=id__order=canonical', '3a25b0d8:o1:d24:aug16:geom=rot270__color=id__order=canonical', '3a25b0d8:o1:d24:aug16:geom=identity__color=p00_4150723698__order=canonical', '3a25b0d8:o1:d24:aug16:geom=rot90__color=p02_4950812673__order=canonical', '3a25b0d8:o1:d24:aug16:geom=flip_ud__color=p03_5980213764__order=canonical', '3a25b0d8:o1:d24:aug16:geom=anti_transpose__color=p05_5436201789__order=canonical']",11120261120,19652411392,8532150272,0.43415284271289084,5306843136,8,2189,2189,2304,2304
267,247,FORWARD,,8,4,8,,8,"['3a25b0d8:o1:d24:aug16:geom=transpose__color=id__order=canonical', '3a25b0d8:o1:d24:aug16:geom=anti_transpose__color=id__order=canonical', '3a25b0d8:o1:d24:aug16:geom=rot90__color=id__order=canonical', '3a25b0d8:o1:d24:aug16:geom=rot270__color=id__order=canonical', '3a25b0d8:o1:d24:aug16:geom=identity__color=p00_4150723698__order=canonical', '3a25b0d8:o1:d24:aug16:geom=rot90__color=p02_4950812673__order=canonical', '3a25b0d8:o1:d24:aug16:geom=flip_ud__color=p03_5980213764__order=canonical', '3a25b0d8:o1:d24:aug16:geom=anti_transpose__color=p05_5436201789__order=canonical']",11120261632,19652411392,8532149760,0.4341528166601083,5306843136,8,2190,2190,2304,2304
268,248,FORWARD,,8,4,8,,8,"['3a25b0d8:o1:d24:aug16:geom=transpose__color=id__order=canonical', '3a25b0d8:o1:d24:aug16:geom=anti_transpose__color=id__order=canonical', '3a25b0d8:o1:d24:aug16:geom=rot90__color=id__order=canonical', '3a25b0d8:o1:d24:aug16:geom=rot270__color=id__order=canonical', '3a25b0d8:o1:d24:aug16:geom=identity__color=p00_4150723698__order=canonical', '3a25b0d8:o1:d24:aug16:geom=rot90__color=p02_4950812673__order=canonical', '3a25b0d8:o1:d24:aug16:geom=flip_ud__color=p03_5980213764__order=canonical', '3a25b0d8:o1:d24:aug16:geom=anti_transpose__color=p05_5436201789__order=canonical']",11120262144,19652411392,8532149248,0.4341527906073258,5306843136,8,2191,2191,2304,2304
269,249,FORWARD,,8,4,8,,8,"['3a25b0d8:o1:d24:aug16:geom=transpose__color=id__order=canonical', '3a25b0d8:o1:d24:aug16:geom=anti_transpose__color=id__order=canonical', '3a25b0d8:o1:d24:aug16:geom=rot90__color=id__order=canonical', '3a25b0d8:o1:d24:aug16:geom=rot270__color=id__order=canonical', '3a25b0d8:o1:d24:aug16:geom=identity__color=p00_4150723698__order=canonical', '3a25b0d8:o1:d24:aug16:geom=rot90__color=p02_4950812673__order=canonical', '3a25b0d8:o1:d24:aug16:geom=flip_ud__color=p03_5980213764__order=canonical', '3a25b0d8:o1:d24:aug16:geom=anti_transpose__color=p05_5436201789__order=canonical']",11120262656,19652411392,8532148736,0.43415276455454327,5306843136,8,2192,2192,2304,2304
270,250,FORWARD,,8,4,8,,8,"['3a25b0d8:o1:d24:aug16:geom=transpose__color=id__order=canonical', '3a25b0d8:o1:d24:aug16:geom=anti_transpose__color=id__order=canonical', '3a25b0d8:o1:d24:aug16:geom=rot90__color=id__order=canonical', '3a25b0d8:o1:d24:aug16:geom=rot270__color=id__order=canonical', '3a25b0d8:o1:d24:aug16:geom=identity__color=p00_4150723698__order=canonical', '3a25b0d8:o1:d24:aug16:geom=rot90__color=p02_4950812673__order=canonical', '3a25b0d8:o1:d24:aug16:geom=flip_ud__color=p03_5980213764__order=canonical', '3a25b0d8:o1:d24:aug16:geom=anti_transpose__color=p05_5436201789__order=canonical']",11120263168,19652411392,8532148224,0.4341527385017607,5306843136,8,2193,2193,2304,2304
271,251,FORWARD,,8,4,8,,8,"['3a25b0d8:o1:d24:aug16:geom=transpose__color=id__order=canonical', '3a25b0d8:o1:d24:aug16:geom=anti_transpose__color=id__order=canonical', '3a25b0d8:o1:d24:aug16:geom=rot90__color=id__order=canonical', '3a25b0d8:o1:d24:aug16:geom=rot270__color=id__order=canonical', '3a25b0d8:o1:d24:aug16:geom=identity__color=p00_4150723698__order=canonical', '3a25b0d8:o1:d24:aug16:geom=rot90__color=p02_4950812673__order=canonical', '3a25b0d8:o1:d24:aug16:geom=flip_ud__color=p03_5980213764__order=canonical', '3a25b0d8:o1:d24:aug16:geom=anti_transpose__color=p05_5436201789__order=canonical']",11120263680,19652411392,8532147712,0.43415271244897824,5306843136,8,2194,2194,2304,2304
272,252,FORWARD,,8,4,8,,8,"['3a25b0d8:o1:d24:aug16:geom=transpose__color=id__order=canonical', '3a25b0d8:o1:d24:aug16:geom=anti_transpose__color=id__order=canonical', '3a25b0d8:o1:d24:aug16:geom=rot90__color=id__order=canonical', '3a25b0d8:o1:d24:aug16:geom=rot270__color=id__order=canonical', '3a25b0d8:o1:d24:aug16:geom=identity__color=p00_4150723698__order=canonical', '3a25b0d8:o1:d24:aug16:geom=rot90__color=p02_4950812673__order=canonical', '3a25b0d8:o1:d24:aug16:geom=flip_ud__color=p03_5980213764__order=canonical', '3a25b0d8:o1:d24:aug16:geom=anti_transpose__color=p05_5436201789__order=canonical']",11120264192,19652411392,8532147200,0.4341526863961957,5306843136,8,2195,2195,2304,2304
273,253,FORWARD,,8,4,8,,8,"['3a25b0d8:o1:d24:aug16:geom=transpose__color=id__order=canonical', '3a25b0d8:o1:d24:aug16:geom=anti_transpose__color=id__order=canonical', '3a25b0d8:o1:d24:aug16:geom=rot90__color=id__order=canonical', '3a25b0d8:o1:d24:aug16:geom=rot270__color=id__order=canonical', '3a25b0d8:o1:d24:aug16:geom=identity__color=p00_4150723698__order=canonical', '3a25b0d8:o1:d24:aug16:geom=rot90__color=p02_4950812673__order=canonical', '3a25b0d8:o1:d24:aug16:geom=flip_ud__color=p03_5980213764__order=canonical', '3a25b0d8:o1:d24:aug16:geom=anti_transpose__color=p05_5436201789__order=canonical']",11120264704,19652411392,8532146688,0.4341526603434132,5306843136,8,2196,2196,2304,2304
274,254,FORWARD,,8,4,8,,8,"['3a25b0d8:o1:d24:aug16:geom=transpose__color=id__order=canonical', '3a25b0d8:o1:d24:aug16:geom=anti_transpose__color=id__order=canonical', '3a25b0d8:o1:d24:aug16:geom=rot90__color=id__order=canonical', '3a25b0d8:o1:d24:aug16:geom=rot270__color=id__order=canonical', '3a25b0d8:o1:d24:aug16:geom=identity__color=p00_4150723698__order=canonical', '3a25b0d8:o1:d24:aug16:geom=rot90__color=p02_4950812673__order=canonical', '3a25b0d8:o1:d24:aug16:geom=flip_ud__color=p03_5980213764__order=canonical', '3a25b0d8:o1:d24:aug16:geom=anti_transpose__color=p05_5436201789__order=canonical']",11120265216,19652411392,8532146176,0.43415263429063067,5306843136,8,2197,2197,2304,2304
275,255,FORWARD,,8,4,8,,8,"['3a25b0d8:o1:d24:aug16:geom=transpose__color=id__order=canonical', '3a25b0d8:o1:d24:aug16:geom=anti_transpose__color=id__order=canonical', '3a25b0d8:o1:d24:aug16:geom=rot90__color=id__order=canonical', '3a25b0d8:o1:d24:aug16:geom=rot270__color=id__order=canonical', '3a25b0d8:o1:d24:aug16:geom=identity__color=p00_4150723698__order=canonical', '3a25b0d8:o1:d24:aug16:geom=rot90__color=p02_4950812673__order=canonical', '3a25b0d8:o1:d24:aug16:geom=flip_ud__color=p03_5980213764__order=canonical', '3a25b0d8:o1:d24:aug16:geom=anti_transpose__color=p05_5436201789__order=canonical']",11120265728,19652411392,8532145664,0.4341526082378481,5306843136,8,2198,2198,2304,2304
276,256,FORWARD,,8,4,8,,8,"['3a25b0d8:o1:d24:aug16:geom=transpose__color=id__order=canonical', '3a25b0d8:o1:d24:aug16:geom=anti_transpose__color=id__order=canonical', '3a25b0d8:o1:d24:aug16:geom=rot90__color=id__order=canonical', '3a25b0d8:o1:d24:aug16:geom=rot270__color=id__order=canonical', '3a25b0d8:o1:d24:aug16:geom=identity__color=p00_4150723698__order=canonical', '3a25b0d8:o1:d24:aug16:geom=rot90__color=p02_4950812673__order=canonical', '3a25b0d8:o1:d24:aug16:geom=flip_ud__color=p03_5980213764__order=canonical', '3a25b0d8:o1:d24:aug16:geom=anti_transpose__color=p05_5436201789__order=canonical']",11120266240,19652411392,8532145152,0.43415258218506564,5306843136,8,2199,2199,2304,2304
277,256,TERMINATE,3a25b0d8:o1:d24:aug16:geom=transpose__color=id__order=canonical,8,4,8,budget_exhausted,8,"['3a25b0d8:o1:d24:aug16:geom=transpose__color=id__order=canonical', '3a25b0d8:o1:d24:aug16:geom=anti_transpose__color=id__order=canonical', '3a25b0d8:o1:d24:aug16:geom=rot90__color=id__order=canonical', '3a25b0d8:o1:d24:aug16:geom=rot270__color=id__order=canonical', '3a25b0d8:o1:d24:aug16:geom=identity__color=p00_4150723698__order=canonical', '3a25b0d8:o1:d24:aug16:geom=rot90__color=p02_4950812673__order=canonical', '3a25b0d8:o1:d24:aug16:geom=flip_ud__color=p03_5980213764__order=canonical', '3a25b0d8:o1:d24:aug16:geom=anti_transpose__color=p05_5436201789__order=canonical']",11120263680,19652411392,8532147712,0.43415271244897824,5306843136,8,2072,2200,2304,2304
278,256,RELEASE,3a25b0d8:o1:d24:aug16:geom=transpose__color=id__order=canonical,7,4,8,budget_exhausted,8,"['3a25b0d8:o1:d24:aug16:geom=transpose__color=id__order=canonical', '3a25b0d8:o1:d24:aug16:geom=anti_transpose__color=id__order=canonical', '3a25b0d8:o1:d24:aug16:geom=rot90__color=id__order=canonical', '3a25b0d8:o1:d24:aug16:geom=rot270__color=id__order=canonical', '3a25b0d8:o1:d24:aug16:geom=identity__color=p00_4150723698__order=canonical', '3a25b0d8:o1:d24:aug16:geom=rot90__color=p02_4950812673__order=canonical', '3a25b0d8:o1:d24:aug16:geom=flip_ud__color=p03_5980213764__order=canonical', '3a25b0d8:o1:d24:aug16:geom=anti_transpose__color=p05_5436201789__order=canonical']",11120263680,19652411392,8532147712,0.43415271244897824,5306843136,7,2072,2200,2304,2304
279,256,ADMIT,3a25b0d8:o1:d24:aug16:geom=identity__color=id__order=reverse,8,3,8,,,[],11460436992,19654508544,8194071552,0.41690544099111715,5304745984,8,2072,2200,2304,2304
280,256,TERMINATE,3a25b0d8:o1:d24:aug16:geom=anti_transpose__color=id__order=canonical,8,3,8,budget_exhausted,8,"['3a25b0d8:o1:d24:aug16:geom=transpose__color=id__order=canonical', '3a25b0d8:o1:d24:aug16:geom=anti_transpose__color=id__order=canonical', '3a25b0d8:o1:d24:aug16:geom=rot90__color=id__order=canonical', '3a25b0d8:o1:d24:aug16:geom=rot270__color=id__order=canonical', '3a25b0d8:o1:d24:aug16:geom=identity__color=p00_4150723698__order=canonical', '3a25b0d8:o1:d24:aug16:geom=rot90__color=p02_4950812673__order=canonical', '3a25b0d8:o1:d24:aug16:geom=flip_ud__color=p03_5980213764__order=canonical', '3a25b0d8:o1:d24:aug16:geom=anti_transpose__color=p05_5436201789__order=canonical']",11460436992,19654508544,8194071552,0.41690544099111715,5304745984,8,2072,2200,2304,2304
281,256,RELEASE,3a25b0d8:o1:d24:aug16:geom=anti_transpose__color=id__order=canonical,7,3,8,budget_exhausted,8,"['3a25b0d8:o1:d24:aug16:geom=transpose__color=id__order=canonical', '3a25b0d8:o1:d24:aug16:geom=anti_transpose__color=id__order=canonical', '3a25b0d8:o1:d24:aug16:geom=rot90__color=id__order=canonical', '3a25b0d8:o1:d24:aug16:geom=rot270__color=id__order=canonical', '3a25b0d8:o1:d24:aug16:geom=identity__color=p00_4150723698__order=canonical', '3a25b0d8:o1:d24:aug16:geom=rot90__color=p02_4950812673__order=canonical', '3a25b0d8:o1:d24:aug16:geom=flip_ud__color=p03_5980213764__order=canonical', '3a25b0d8:o1:d24:aug16:geom=anti_transpose__color=p05_5436201789__order=canonical']",11460436992,19654508544,8194071552,0.41690544099111715,5304745984,7,2072,2200,2304,2304
282,256,ADMIT,3a25b0d8:o1:d24:aug16:geom=rot180__color=id__order=rotate_left_1,8,2,8,,,[],11800393216,19654508544,7854115328,0.39960883836994504,5304745984,8,2072,2200,2304,2304
283,256,TERMINATE,3a25b0d8:o1:d24:aug16:geom=rot90__color=id__order=canonical,8,2,8,budget_exhausted,8,"['3a25b0d8:o1:d24:aug16:geom=transpose__color=id__order=canonical', '3a25b0d8:o1:d24:aug16:geom=anti_transpose__color=id__order=canonical', '3a25b0d8:o1:d24:aug16:geom=rot90__color=id__order=canonical', '3a25b0d8:o1:d24:aug16:geom=rot270__color=id__order=canonical', '3a25b0d8:o1:d24:aug16:geom=identity__color=p00_4150723698__order=canonical', '3a25b0d8:o1:d24:aug16:geom=rot90__color=p02_4950812673__order=canonical', '3a25b0d8:o1:d24:aug16:geom=flip_ud__color=p03_5980213764__order=canonical', '3a25b0d8:o1:d24:aug16:geom=anti_transpose__color=p05_5436201789__order=canonical']",11800393216,19654508544,7854115328,0.39960883836994504,5304745984,8,2072,2200,2304,2304
284,256,RELEASE,3a25b0d8:o1:d24:aug16:geom=rot90__color=id__order=canonical,7,2,8,budget_exhausted,8,"['3a25b0d8:o1:d24:aug16:geom=transpose__color=id__order=canonical', '3a25b0d8:o1:d24:aug16:geom=anti_transpose__color=id__order=canonical', '3a25b0d8:o1:d24:aug16:geom=rot90__color=id__order=canonical', '3a25b0d8:o1:d24:aug16:geom=rot270__color=id__order=canonical', '3a25b0d8:o1:d24:aug16:geom=identity__color=p00_4150723698__order=canonical', '3a25b0d8:o1:d24:aug16:geom=rot90__color=p02_4950812673__order=canonical', '3a25b0d8:o1:d24:aug16:geom=flip_ud__color=p03_5980213764__order=canonical', '3a25b0d8:o1:d24:aug16:geom=anti_transpose__color=p05_5436201789__order=canonical']",11800393216,19654508544,7854115328,0.39960883836994504,5304745984,7,2072,2200,2304,2304
285,256,ADMIT,3a25b0d8:o1:d24:aug16:geom=transpose__color=p01_1602397845__order=reverse,8,1,8,,,[],12140132352,19654508544,7514376192,0.382323280949904,5304745984,8,2072,2200,2304,2304
286,256,TERMINATE,3a25b0d8:o1:d24:aug16:geom=rot270__color=id__order=canonical,8,1,8,budget_exhausted,8,"['3a25b0d8:o1:d24:aug16:geom=transpose__color=id__order=canonical', '3a25b0d8:o1:d24:aug16:geom=anti_transpose__color=id__order=canonical', '3a25b0d8:o1:d24:aug16:geom=rot90__color=id__order=canonical', '3a25b0d8:o1:d24:aug16:geom=rot270__color=id__order=canonical', '3a25b0d8:o1:d24:aug16:geom=identity__color=p00_4150723698__order=canonical', '3a25b0d8:o1:d24:aug16:geom=rot90__color=p02_4950812673__order=canonical', '3a25b0d8:o1:d24:aug16:geom=flip_ud__color=p03_5980213764__order=canonical', '3a25b0d8:o1:d24:aug16:geom=anti_transpose__color=p05_5436201789__order=canonical']",12140132352,19654508544,7514376192,0.382323280949904,5304745984,8,2072,2200,2304,2304
287,256,RELEASE,3a25b0d8:o1:d24:aug16:geom=rot270__color=id__order=canonical,7,1,8,budget_exhausted,8,"['3a25b0d8:o1:d24:aug16:geom=transpose__color=id__order=canonical', '3a25b0d8:o1:d24:aug16:geom=anti_transpose__color=id__order=canonical', '3a25b0d8:o1:d24:aug16:geom=rot90__color=id__order=canonical', '3a25b0d8:o1:d24:aug16:geom=rot270__color=id__order=canonical', '3a25b0d8:o1:d24:aug16:geom=identity__color=p00_4150723698__order=canonical', '3a25b0d8:o1:d24:aug16:geom=rot90__color=p02_4950812673__order=canonical', '3a25b0d8:o1:d24:aug16:geom=flip_ud__color=p03_5980213764__order=canonical', '3a25b0d8:o1:d24:aug16:geom=anti_transpose__color=p05_5436201789__order=canonical']",12140132352,19654508544,7514376192,0.382323280949904,5304745984,7,2072,2200,2304,2304
288,256,ADMIT,3a25b0d8:o1:d24:aug16:geom=flip_lr__color=p07_7690351428__order=rotate_left_1,8,0,8,,,[],12480088576,19654508544,7174419968,0.36502667832873187,5304745984,8,2072,2200,2304,2304
289,256,TERMINATE,3a25b0d8:o1:d24:aug16:geom=rot90__color=p02_4950812673__order=canonical,8,0,8,budget_exhausted,8,"['3a25b0d8:o1:d24:aug16:geom=transpose__color=id__order=canonical', '3a25b0d8:o1:d24:aug16:geom=anti_transpose__color=id__order=canonical', '3a25b0d8:o1:d24:aug16:geom=rot90__color=id__order=canonical', '3a25b0d8:o1:d24:aug16:geom=rot270__color=id__order=canonical', '3a25b0d8:o1:d24:aug16:geom=identity__color=p00_4150723698__order=canonical', '3a25b0d8:o1:d24:aug16:geom=rot90__color=p02_4950812673__order=canonical', '3a25b0d8:o1:d24:aug16:geom=flip_ud__color=p03_5980213764__order=canonical', '3a25b0d8:o1:d24:aug16:geom=anti_transpose__color=p05_5436201789__order=canonical']",12480088576,19654508544,7174419968,0.36502667832873187,5304745984,8,2072,2200,2304,2304
290,256,RELEASE,3a25b0d8:o1:d24:aug16:geom=rot90__color=p02_4950812673__order=canonical,7,0,8,budget_exhausted,8,"['3a25b0d8:o1:d24:aug16:geom=transpose__color=id__order=canonical', '3a25b0d8:o1:d24:aug16:geom=anti_transpose__color=id__order=canonical', '3a25b0d8:o1:d24:aug16:geom=rot90__color=id__order=canonical', '3a25b0d8:o1:d24:aug16:geom=rot270__color=id__order=canonical', '3a25b0d8:o1:d24:aug16:geom=identity__color=p00_4150723698__order=canonical', '3a25b0d8:o1:d24:aug16:geom=rot90__color=p02_4950812673__order=canonical', '3a25b0d8:o1:d24:aug16:geom=flip_ud__color=p03_5980213764__order=canonical', '3a25b0d8:o1:d24:aug16:geom=anti_transpose__color=p05_5436201789__order=canonical']",12480088576,19654508544,7174419968,0.36502667832873187,5304745984,7,2072,2200,2304,2304
291,256,TERMINATE,3a25b0d8:o1:d24:aug16:geom=anti_transpose__color=p05_5436201789__order=canonical,7,0,8,budget_exhausted,8,"['3a25b0d8:o1:d24:aug16:geom=transpose__color=id__order=canonical', '3a25b0d8:o1:d24:aug16:geom=anti_transpose__color=id__order=canonical', '3a25b0d8:o1:d24:aug16:geom=rot90__color=id__order=canonical', '3a25b0d8:o1:d24:aug16:geom=rot270__color=id__order=canonical', '3a25b0d8:o1:d24:aug16:geom=identity__color=p00_4150723698__order=canonical', '3a25b0d8:o1:d24:aug16:geom=rot90__color=p02_4950812673__order=canonical', '3a25b0d8:o1:d24:aug16:geom=flip_ud__color=p03_5980213764__order=canonical', '3a25b0d8:o1:d24:aug16:geom=anti_transpose__color=p05_5436201789__order=canonical']",12480088576,19654508544,7174419968,0.36502667832873187,5304745984,7,2072,2200,2304,2304
292,256,RELEASE,3a25b0d8:o1:d24:aug16:geom=anti_transpose__color=p05_5436201789__order=canonical,6,0,8,budget_exhausted,8,"['3a25b0d8:o1:d24:aug16:geom=transpose__color=id__order=canonical', '3a25b0d8:o1:d24:aug16:geom=anti_transpose__color=id__order=canonical', '3a25b0d8:o1:d24:aug16:geom=rot90__color=id__order=canonical', '3a25b0d8:o1:d24:aug16:geom=rot270__color=id__order=canonical', '3a25b0d8:o1:d24:aug16:geom=identity__color=p00_4150723698__order=canonical', '3a25b0d8:o1:d24:aug16:geom=rot90__color=p02_4950812673__order=canonical', '3a25b0d8:o1:d24:aug16:geom=flip_ud__color=p03_5980213764__order=canonical', '3a25b0d8:o1:d24:aug16:geom=anti_transpose__color=p05_5436201789__order=canonical']",12480088576,19654508544,7174419968,0.36502667832873187,5304745984,6,2072,2200,2304,2304
293,257,FORWARD,,6,0,8,,3,"['3a25b0d8:o1:d24:aug16:geom=identity__color=id__order=reverse', '3a25b0d8:o1:d24:aug16:geom=rot180__color=id__order=rotate_left_1', '3a25b0d8:o1:d24:aug16:geom=flip_lr__color=p07_7690351428__order=rotate_left_1']",12480088576,19654508544,7174419968,0.36502667832873187,5304745984,6,2072,2200,2304,2304
294,258,FORWARD,,6,0,8,,3,"['3a25b0d8:o1:d24:aug16:geom=identity__color=id__order=reverse', '3a25b0d8:o1:d24:aug16:geom=rot180__color=id__order=rotate_left_1', '3a25b0d8:o1:d24:aug16:geom=flip_lr__color=p07_7690351428__order=rotate_left_1']",12480089088,19654508544,7174419456,0.3650266522787292,5304745984,6,2072,2200,2304,2304
295,259,FORWARD,,6,0,8,,3,"['3a25b0d8:o1:d24:aug16:geom=identity__color=id__order=reverse', '3a25b0d8:o1:d24:aug16:geom=rot180__color=id__order=rotate_left_1', '3a25b0d8:o1:d24:aug16:geom=flip_lr__color=p07_7690351428__order=rotate_left_1']",12480089600,19654508544,7174418944,0.3650266262287265,5304745984,6,2072,2200,2304,2304
296,260,FORWARD,,6,0,8,,3,"['3a25b0d8:o1:d24:aug16:geom=identity__color=id__order=reverse', '3a25b0d8:o1:d24:aug16:geom=rot180__color=id__order=rotate_left_1', '3a25b0d8:o1:d24:aug16:geom=flip_lr__color=p07_7690351428__order=rotate_left_1']",12480090112,19654508544,7174418432,0.36502660017872385,5304745984,6,2072,2200,2304,2304
297,261,FORWARD,,6,0,8,,3,"['3a25b0d8:o1:d24:aug16:geom=identity__color=id__order=reverse', '3a25b0d8:o1:d24:aug16:geom=rot180__color=id__order=rotate_left_1', '3a25b0d8:o1:d24:aug16:geom=flip_lr__color=p07_7690351428__order=rotate_left_1']",12480090624,19654508544,7174417920,0.3650265741287212,5304745984,6,2072,2200,2304,2304
298,262,FORWARD,,6,0,8,,3,"['3a25b0d8:o1:d24:aug16:geom=identity__color=id__order=reverse', '3a25b0d8:o1:d24:aug16:geom=rot180__color=id__order=rotate_left_1', '3a25b0d8:o1:d24:aug16:geom=flip_lr__color=p07_7690351428__order=rotate_left_1']",12480091136,19654508544,7174417408,0.36502654807871854,5304745984,6,2072,2200,2304,2304
299,263,FORWARD,,6,0,8,,3,"['3a25b0d8:o1:d24:aug16:geom=identity__color=id__order=reverse', '3a25b0d8:o1:d24:aug16:geom=rot180__color=id__order=rotate_left_1', '3a25b0d8:o1:d24:aug16:geom=flip_lr__color=p07_7690351428__order=rotate_left_1']",12480091648,19654508544,7174416896,0.3650265220287159,5304745984,6,2072,2200,2304,2304
300,264,FORWARD,,6,0,8,,3,"['3a25b0d8:o1:d24:aug16:geom=identity__color=id__order=reverse', '3a25b0d8:o1:d24:aug16:geom=rot180__color=id__order=rotate_left_1', '3a25b0d8:o1:d24:aug16:geom=flip_lr__color=p07_7690351428__order=rotate_left_1']",12480092160,19654508544,7174416384,0.3650264959787132,5304745984,6,2072,2200,2304,2304
301,265,FORWARD,,6,0,8,,3,"['3a25b0d8:o1:d24:aug16:geom=identity__color=id__order=reverse', '3a25b0d8:o1:d24:aug16:geom=rot180__color=id__order=rotate_left_1', '3a25b0d8:o1:d24:aug16:geom=flip_lr__color=p07_7690351428__order=rotate_left_1']",12480092672,19654508544,7174415872,0.3650264699287105,5304745984,6,2072,2200,2304,2304
302,266,FORWARD,,6,0,8,,3,"['3a25b0d8:o1:d24:aug16:geom=identity__color=id__order=reverse', '3a25b0d8:o1:d24:aug16:geom=rot180__color=id__order=rotate_left_1', '3a25b0d8:o1:d24:aug16:geom=flip_lr__color=p07_7690351428__order=rotate_left_1']",12480093184,19654508544,7174415360,0.36502644387870786,5304745984,6,2072,2200,2304,2304
303,267,FORWARD,,6,0,8,,3,"['3a25b0d8:o1:d24:aug16:geom=identity__color=id__order=reverse', '3a25b0d8:o1:d24:aug16:geom=rot180__color=id__order=rotate_left_1', '3a25b0d8:o1:d24:aug16:geom=flip_lr__color=p07_7690351428__order=rotate_left_1']",12480093696,19654508544,7174414848,0.3650264178287052,5304745984,6,2072,2200,2304,2304
304,268,FORWARD,,6,0,8,,3,"['3a25b0d8:o1:d24:aug16:geom=identity__color=id__order=reverse', '3a25b0d8:o1:d24:aug16:geom=rot180__color=id__order=rotate_left_1', '3a25b0d8:o1:d24:aug16:geom=flip_lr__color=p07_7690351428__order=rotate_left_1']",12480094208,19654508544,7174414336,0.3650263917787025,5304745984,6,2072,2200,2304,2304
305,269,FORWARD,,6,0,8,,3,"['3a25b0d8:o1:d24:aug16:geom=identity__color=id__order=reverse', '3a25b0d8:o1:d24:aug16:geom=rot180__color=id__order=rotate_left_1', '3a25b0d8:o1:d24:aug16:geom=flip_lr__color=p07_7690351428__order=rotate_left_1']",12480094720,19654508544,7174413824,0.36502636572869984,5304745984,6,2072,2200,2304,2304
306,270,FORWARD,,6,0,8,,3,"['3a25b0d8:o1:d24:aug16:geom=identity__color=id__order=reverse', '3a25b0d8:o1:d24:aug16:geom=rot180__color=id__order=rotate_left_1', '3a25b0d8:o1:d24:aug16:geom=flip_lr__color=p07_7690351428__order=rotate_left_1']",12480095232,19654508544,7174413312,0.3650263396786972,5304745984,6,2072,2200,2304,2304
307,271,FORWARD,,6,0,8,,3,"['3a25b0d8:o1:d24:aug16:geom=identity__color=id__order=reverse', '3a25b0d8:o1:d24:aug16:geom=rot180__color=id__order=rotate_left_1', '3a25b0d8:o1:d24:aug16:geom=flip_lr__color=p07_7690351428__order=rotate_left_1']",12480095744,19654508544,7174412800,0.36502631362869453,5304745984,6,2072,2200,2304,2304
308,272,FORWARD,,6,0,8,,3,"['3a25b0d8:o1:d24:aug16:geom=identity__color=id__order=reverse', '3a25b0d8:o1:d24:aug16:geom=rot180__color=id__order=rotate_left_1', '3a25b0d8:o1:d24:aug16:geom=flip_lr__color=p07_7690351428__order=rotate_left_1']",12480096256,19654508544,7174412288,0.3650262875786918,5304745984,6,2072,2200,2304,2304
309,273,FORWARD,,6,0,8,,3,"['3a25b0d8:o1:d24:aug16:geom=identity__color=id__order=reverse', '3a25b0d8:o1:d24:aug16:geom=rot180__color=id__order=rotate_left_1', '3a25b0d8:o1:d24:aug16:geom=flip_lr__color=p07_7690351428__order=rotate_left_1']",12480096768,19654508544,7174411776,0.36502626152868917,5304745984,6,2072,2200,2304,2304
310,274,FORWARD,,6,0,8,,3,"['3a25b0d8:o1:d24:aug16:geom=identity__color=id__order=reverse', '3a25b0d8:o1:d24:aug16:geom=rot180__color=id__order=rotate_left_1', '3a25b0d8:o1:d24:aug16:geom=flip_lr__color=p07_7690351428__order=rotate_left_1']",12480097280,19654508544,7174411264,0.3650262354786865,5304745984,6,2072,2200,2304,2304
311,275,FORWARD,,6,0,8,,3,"['3a25b0d8:o1:d24:aug16:geom=identity__color=id__order=reverse', '3a25b0d8:o1:d24:aug16:geom=rot180__color=id__order=rotate_left_1', '3a25b0d8:o1:d24:aug16:geom=flip_lr__color=p07_7690351428__order=rotate_left_1']",12480097792,19654508544,7174410752,0.36502620942868386,5304745984,6,2072,2200,2304,2304
312,276,FORWARD,,6,0,8,,3,"['3a25b0d8:o1:d24:aug16:geom=identity__color=id__order=reverse', '3a25b0d8:o1:d24:aug16:geom=rot180__color=id__order=rotate_left_1', '3a25b0d8:o1:d24:aug16:geom=flip_lr__color=p07_7690351428__order=rotate_left_1']",12480098304,19654508544,7174410240,0.3650261833786812,5304745984,6,2072,2200,2304,2304
313,277,FORWARD,,6,0,8,,3,"['3a25b0d8:o1:d24:aug16:geom=identity__color=id__order=reverse', '3a25b0d8:o1:d24:aug16:geom=rot180__color=id__order=rotate_left_1', '3a25b0d8:o1:d24:aug16:geom=flip_lr__color=p07_7690351428__order=rotate_left_1']",12480098816,19654508544,7174409728,0.3650261573286785,5304745984,6,2072,2200,2304,2304
314,278,FORWARD,,6,0,8,,3,"['3a25b0d8:o1:d24:aug16:geom=identity__color=id__order=reverse', '3a25b0d8:o1:d24:aug16:geom=rot180__color=id__order=rotate_left_1', '3a25b0d8:o1:d24:aug16:geom=flip_lr__color=p07_7690351428__order=rotate_left_1']",12480099328,19654508544,7174409216,0.36502613127867584,5304745984,6,2072,2200,2304,2304
315,279,FORWARD,,6,0,8,,3,"['3a25b0d8:o1:d24:aug16:geom=identity__color=id__order=reverse', '3a25b0d8:o1:d24:aug16:geom=rot180__color=id__order=rotate_left_1', '3a25b0d8:o1:d24:aug16:geom=flip_lr__color=p07_7690351428__order=rotate_left_1']",12480099840,19654508544,7174408704,0.3650261052286732,5304745984,6,2072,2200,2304,2304
316,280,FORWARD,,6,0,8,,3,"['3a25b0d8:o1:d24:aug16:geom=identity__color=id__order=reverse', '3a25b0d8:o1:d24:aug16:geom=rot180__color=id__order=rotate_left_1', '3a25b0d8:o1:d24:aug16:geom=flip_lr__color=p07_7690351428__order=rotate_left_1']",12480100352,19654508544,7174408192,0.3650260791786705,5304745984,6,2072,2200,2304,2304
317,281,FORWARD,,6,0,8,,3,"['3a25b0d8:o1:d24:aug16:geom=identity__color=id__order=reverse', '3a25b0d8:o1:d24:aug16:geom=rot180__color=id__order=rotate_left_1', '3a25b0d8:o1:d24:aug16:geom=flip_lr__color=p07_7690351428__order=rotate_left_1']",12480100864,19654508544,7174407680,0.3650260531286678,5304745984,6,2072,2200,2304,2304
318,282,FORWARD,,6,0,8,,3,"['3a25b0d8:o1:d24:aug16:geom=identity__color=id__order=reverse', '3a25b0d8:o1:d24:aug16:geom=rot180__color=id__order=rotate_left_1', '3a25b0d8:o1:d24:aug16:geom=flip_lr__color=p07_7690351428__order=rotate_left_1']",12480101376,19654508544,7174407168,0.36502602707866516,5304745984,6,2072,2200,2304,2304
319,283,FORWARD,,6,0,8,,3,"['3a25b0d8:o1:d24:aug16:geom=identity__color=id__order=reverse', '3a25b0d8:o1:d24:aug16:geom=rot180__color=id__order=rotate_left_1', '3a25b0d8:o1:d24:aug16:geom=flip_lr__color=p07_7690351428__order=rotate_left_1']",12480101888,19654508544,7174406656,0.3650260010286625,5304745984,6,2072,2200,2304,2304
320,284,FORWARD,,6,0,8,,3,"['3a25b0d8:o1:d24:aug16:geom=identity__color=id__order=reverse', '3a25b0d8:o1:d24:aug16:geom=rot180__color=id__order=rotate_left_1', '3a25b0d8:o1:d24:aug16:geom=flip_lr__color=p07_7690351428__order=rotate_left_1']",12480102400,19654508544,7174406144,0.36502597497865985,5304745984,6,2072,2200,2304,2304
321,285,FORWARD,,6,0,8,,3,"['3a25b0d8:o1:d24:aug16:geom=identity__color=id__order=reverse', '3a25b0d8:o1:d24:aug16:geom=rot180__color=id__order=rotate_left_1', '3a25b0d8:o1:d24:aug16:geom=flip_lr__color=p07_7690351428__order=rotate_left_1']",12480102912,19654508544,7174405632,0.3650259489286572,5304745984,6,2072,2200,2304,2304
322,286,FORWARD,,6,0,8,,3,"['3a25b0d8:o1:d24:aug16:geom=identity__color=id__order=reverse', '3a25b0d8:o1:d24:aug16:geom=rot180__color=id__order=rotate_left_1', '3a25b0d8:o1:d24:aug16:geom=flip_lr__color=p07_7690351428__order=rotate_left_1']",12480103424,19654508544,7174405120,0.3650259228786545,5304745984,6,2072,2200,2304,2304
323,287,FORWARD,,6,0,8,,3,"['3a25b0d8:o1:d24:aug16:geom=identity__color=id__order=reverse', '3a25b0d8:o1:d24:aug16:geom=rot180__color=id__order=rotate_left_1', '3a25b0d8:o1:d24:aug16:geom=flip_lr__color=p07_7690351428__order=rotate_left_1']",12480103936,19654508544,7174404608,0.36502589682865183,5304745984,6,2072,2200,2304,2304
324,288,FORWARD,,6,0,8,,3,"['3a25b0d8:o1:d24:aug16:geom=identity__color=id__order=reverse', '3a25b0d8:o1:d24:aug16:geom=rot180__color=id__order=rotate_left_1', '3a25b0d8:o1:d24:aug16:geom=flip_lr__color=p07_7690351428__order=rotate_left_1']",12480104448,19654508544,7174404096,0.3650258707786492,5304745984,6,2072,2200,2304,2304
325,289,FORWARD,,6,0,8,,3,"['3a25b0d8:o1:d24:aug16:geom=identity__color=id__order=reverse', '3a25b0d8:o1:d24:aug16:geom=rot180__color=id__order=rotate_left_1', '3a25b0d8:o1:d24:aug16:geom=flip_lr__color=p07_7690351428__order=rotate_left_1']",12480104960,19654508544,7174403584,0.3650258447286465,5304745984,6,2072,2200,2304,2304
326,290,FORWARD,,6,0,8,,3,"['3a25b0d8:o1:d24:aug16:geom=identity__color=id__order=reverse', '3a25b0d8:o1:d24:aug16:geom=rot180__color=id__order=rotate_left_1', '3a25b0d8:o1:d24:aug16:geom=flip_lr__color=p07_7690351428__order=rotate_left_1']",12480105472,19654508544,7174403072,0.3650258186786438,5304745984,6,2072,2200,2304,2304
327,291,FORWARD,,6,0,8,,3,"['3a25b0d8:o1:d24:aug16:geom=identity__color=id__order=reverse', '3a25b0d8:o1:d24:aug16:geom=rot180__color=id__order=rotate_left_1', '3a25b0d8:o1:d24:aug16:geom=flip_lr__color=p07_7690351428__order=rotate_left_1']",12480105984,19654508544,7174402560,0.36502579262864115,5304745984,6,2072,2200,2304,2304
328,292,FORWARD,,6,0,8,,3,"['3a25b0d8:o1:d24:aug16:geom=identity__color=id__order=reverse', '3a25b0d8:o1:d24:aug16:geom=rot180__color=id__order=rotate_left_1', '3a25b0d8:o1:d24:aug16:geom=flip_lr__color=p07_7690351428__order=rotate_left_1']",12480106496,19654508544,7174402048,0.3650257665786385,5304745984,6,2072,2200,2304,2304
329,293,FORWARD,,6,0,8,,3,"['3a25b0d8:o1:d24:aug16:geom=identity__color=id__order=reverse', '3a25b0d8:o1:d24:aug16:geom=rot180__color=id__order=rotate_left_1', '3a25b0d8:o1:d24:aug16:geom=flip_lr__color=p07_7690351428__order=rotate_left_1']",12480107008,19654508544,7174401536,0.36502574052863584,5304745984,6,2072,2200,2304,2304
330,294,FORWARD,,6,0,8,,3,"['3a25b0d8:o1:d24:aug16:geom=identity__color=id__order=reverse', '3a25b0d8:o1:d24:aug16:geom=rot180__color=id__order=rotate_left_1', '3a25b0d8:o1:d24:aug16:geom=flip_lr__color=p07_7690351428__order=rotate_left_1']",12480107520,19654508544,7174401024,0.3650257144786332,5304745984,6,2072,2200,2304,2304
331,295,FORWARD,,6,0,8,,3,"['3a25b0d8:o1:d24:aug16:geom=identity__color=id__order=reverse', '3a25b0d8:o1:d24:aug16:geom=rot180__color=id__order=rotate_left_1', '3a25b0d8:o1:d24:aug16:geom=flip_lr__color=p07_7690351428__order=rotate_left_1']",12480108032,19654508544,7174400512,0.3650256884286305,5304745984,6,2072,2200,2304,2304
332,296,FORWARD,,6,0,8,,3,"['3a25b0d8:o1:d24:aug16:geom=identity__color=id__order=reverse', '3a25b0d8:o1:d24:aug16:geom=rot180__color=id__order=rotate_left_1', '3a25b0d8:o1:d24:aug16:geom=flip_lr__color=p07_7690351428__order=rotate_left_1']",12480108544,19654508544,7174400000,0.3650256623786278,5304745984,6,2072,2200,2304,2304
333,297,FORWARD,,6,0,8,,3,"['3a25b0d8:o1:d24:aug16:geom=identity__color=id__order=reverse', '3a25b0d8:o1:d24:aug16:geom=rot180__color=id__order=rotate_left_1', '3a25b0d8:o1:d24:aug16:geom=flip_lr__color=p07_7690351428__order=rotate_left_1']",12480109056,19654508544,7174399488,0.36502563632862517,5304745984,6,2072,2200,2304,2304
334,298,FORWARD,,6,0,8,,3,"['3a25b0d8:o1:d24:aug16:geom=identity__color=id__order=reverse', '3a25b0d8:o1:d24:aug16:geom=rot180__color=id__order=rotate_left_1', '3a25b0d8:o1:d24:aug16:geom=flip_lr__color=p07_7690351428__order=rotate_left_1']",12480109568,19654508544,7174398976,0.3650256102786225,5304745984,6,2072,2200,2304,2304
335,299,FORWARD,,6,0,8,,3,"['3a25b0d8:o1:d24:aug16:geom=identity__color=id__order=reverse', '3a25b0d8:o1:d24:aug16:geom=rot180__color=id__order=rotate_left_1', '3a25b0d8:o1:d24:aug16:geom=flip_lr__color=p07_7690351428__order=rotate_left_1']",12480110080,19654508544,7174398464,0.3650255842286198,5304745984,6,2072,2200,2304,2304
336,300,FORWARD,,6,0,8,,3,"['3a25b0d8:o1:d24:aug16:geom=identity__color=id__order=reverse', '3a25b0d8:o1:d24:aug16:geom=rot180__color=id__order=rotate_left_1', '3a25b0d8:o1:d24:aug16:geom=flip_lr__color=p07_7690351428__order=rotate_left_1']",12480110592,19654508544,7174397952,0.36502555817861715,5304745984,6,2072,2200,2304,2304
337,301,FORWARD,,6,0,8,,3,"['3a25b0d8:o1:d24:aug16:geom=identity__color=id__order=reverse', '3a25b0d8:o1:d24:aug16:geom=rot180__color=id__order=rotate_left_1', '3a25b0d8:o1:d24:aug16:geom=flip_lr__color=p07_7690351428__order=rotate_left_1']",12480111104,19654508544,7174397440,0.3650255321286145,5304745984,6,2072,2200,2304,2304
338,302,FORWARD,,6,0,8,,3,"['3a25b0d8:o1:d24:aug16:geom=identity__color=id__order=reverse', '3a25b0d8:o1:d24:aug16:geom=rot180__color=id__order=rotate_left_1', '3a25b0d8:o1:d24:aug16:geom=flip_lr__color=p07_7690351428__order=rotate_left_1']",12480111616,19654508544,7174396928,0.36502550607861184,5304745984,6,2072,2200,2304,2304
339,303,FORWARD,,6,0,8,,3,"['3a25b0d8:o1:d24:aug16:geom=identity__color=id__order=reverse', '3a25b0d8:o1:d24:aug16:geom=rot180__color=id__order=rotate_left_1', '3a25b0d8:o1:d24:aug16:geom=flip_lr__color=p07_7690351428__order=rotate_left_1']",12480112128,19654508544,7174396416,0.36502548002860913,5304745984,6,2072,2200,2304,2304
340,304,FORWARD,,6,0,8,,3,"['3a25b0d8:o1:d24:aug16:geom=identity__color=id__order=reverse', '3a25b0d8:o1:d24:aug16:geom=rot180__color=id__order=rotate_left_1', '3a25b0d8:o1:d24:aug16:geom=flip_lr__color=p07_7690351428__order=rotate_left_1']",12480112640,19654508544,7174395904,0.3650254539786065,5304745984,6,2072,2200,2304,2304
341,305,FORWARD,,6,0,8,,3,"['3a25b0d8:o1:d24:aug16:geom=identity__color=id__order=reverse', '3a25b0d8:o1:d24:aug16:geom=rot180__color=id__order=rotate_left_1', '3a25b0d8:o1:d24:aug16:geom=flip_lr__color=p07_7690351428__order=rotate_left_1']",12480113152,19654508544,7174395392,0.3650254279286038,5304745984,6,2072,2200,2304,2304
342,306,FORWARD,,6,0,8,,3,"['3a25b0d8:o1:d24:aug16:geom=identity__color=id__order=reverse', '3a25b0d8:o1:d24:aug16:geom=rot180__color=id__order=rotate_left_1', '3a25b0d8:o1:d24:aug16:geom=flip_lr__color=p07_7690351428__order=rotate_left_1']",12480113664,19654508544,7174394880,0.36502540187860116,5304745984,6,2072,2200,2304,2304
343,307,FORWARD,,6,0,8,,3,"['3a25b0d8:o1:d24:aug16:geom=identity__color=id__order=reverse', '3a25b0d8:o1:d24:aug16:geom=rot180__color=id__order=rotate_left_1', '3a25b0d8:o1:d24:aug16:geom=flip_lr__color=p07_7690351428__order=rotate_left_1']",12480114176,19654508544,7174394368,0.3650253758285985,5304745984,6,2072,2200,2304,2304
344,308,FORWARD,,6,0,8,,3,"['3a25b0d8:o1:d24:aug16:geom=identity__color=id__order=reverse', '3a25b0d8:o1:d24:aug16:geom=rot180__color=id__order=rotate_left_1', '3a25b0d8:o1:d24:aug16:geom=flip_lr__color=p07_7690351428__order=rotate_left_1']",12480114688,19654508544,7174393856,0.3650253497785958,5304745984,6,2072,2200,2304,2304
345,309,FORWARD,,6,0,8,,3,"['3a25b0d8:o1:d24:aug16:geom=identity__color=id__order=reverse', '3a25b0d8:o1:d24:aug16:geom=rot180__color=id__order=rotate_left_1', '3a25b0d8:o1:d24:aug16:geom=flip_lr__color=p07_7690351428__order=rotate_left_1']",12480115200,19654508544,7174393344,0.36502532372859314,5304745984,6,2072,2200,2304,2304
346,310,FORWARD,,6,0,8,,3,"['3a25b0d8:o1:d24:aug16:geom=identity__color=id__order=reverse', '3a25b0d8:o1:d24:aug16:geom=rot180__color=id__order=rotate_left_1', '3a25b0d8:o1:d24:aug16:geom=flip_lr__color=p07_7690351428__order=rotate_left_1']",12480115712,19654508544,7174392832,0.3650252976785905,5304745984,6,2072,2200,2304,2304
347,311,FORWARD,,6,0,8,,3,"['3a25b0d8:o1:d24:aug16:geom=identity__color=id__order=reverse', '3a25b0d8:o1:d24:aug16:geom=rot180__color=id__order=rotate_left_1', '3a25b0d8:o1:d24:aug16:geom=flip_lr__color=p07_7690351428__order=rotate_left_1']",12480116224,19654508544,7174392320,0.36502527162858783,5304745984,6,2072,2200,2304,2304
348,312,FORWARD,,6,0,8,,3,"['3a25b0d8:o1:d24:aug16:geom=identity__color=id__order=reverse', '3a25b0d8:o1:d24:aug16:geom=rot180__color=id__order=rotate_left_1', '3a25b0d8:o1:d24:aug16:geom=flip_lr__color=p07_7690351428__order=rotate_left_1']",12480116736,19654508544,7174391808,0.3650252455785851,5304745984,6,2072,2200,2304,2304
349,313,FORWARD,,6,0,8,,3,"['3a25b0d8:o1:d24:aug16:geom=identity__color=id__order=reverse', '3a25b0d8:o1:d24:aug16:geom=rot180__color=id__order=rotate_left_1', '3a25b0d8:o1:d24:aug16:geom=flip_lr__color=p07_7690351428__order=rotate_left_1']",12480117248,19654508544,7174391296,0.36502521952858247,5304745984,6,2072,2200,2304,2304
350,314,FORWARD,,6,0,8,,3,"['3a25b0d8:o1:d24:aug16:geom=identity__color=id__order=reverse', '3a25b0d8:o1:d24:aug16:geom=rot180__color=id__order=rotate_left_1', '3a25b0d8:o1:d24:aug16:geom=flip_lr__color=p07_7690351428__order=rotate_left_1']",12480117760,19654508544,7174390784,0.3650251934785798,5304745984,6,2072,2200,2304,2304
351,315,FORWARD,,6,0,8,,3,"['3a25b0d8:o1:d24:aug16:geom=identity__color=id__order=reverse', '3a25b0d8:o1:d24:aug16:geom=rot180__color=id__order=rotate_left_1', '3a25b0d8:o1:d24:aug16:geom=flip_lr__color=p07_7690351428__order=rotate_left_1']",12480118272,19654508544,7174390272,0.36502516742857716,5304745984,6,2072,2200,2304,2304
352,316,FORWARD,,6,0,8,,3,"['3a25b0d8:o1:d24:aug16:geom=identity__color=id__order=reverse', '3a25b0d8:o1:d24:aug16:geom=rot180__color=id__order=rotate_left_1', '3a25b0d8:o1:d24:aug16:geom=flip_lr__color=p07_7690351428__order=rotate_left_1']",12480118784,19654508544,7174389760,0.3650251413785745,5304745984,6,2072,2200,2304,2304
353,317,FORWARD,,6,0,8,,3,"['3a25b0d8:o1:d24:aug16:geom=identity__color=id__order=reverse', '3a25b0d8:o1:d24:aug16:geom=rot180__color=id__order=rotate_left_1', '3a25b0d8:o1:d24:aug16:geom=flip_lr__color=p07_7690351428__order=rotate_left_1']",12480119296,19654508544,7174389248,0.3650251153285718,5304745984,6,2072,2200,2304,2304
354,318,FORWARD,,6,0,8,,3,"['3a25b0d8:o1:d24:aug16:geom=identity__color=id__order=reverse', '3a25b0d8:o1:d24:aug16:geom=rot180__color=id__order=rotate_left_1', '3a25b0d8:o1:d24:aug16:geom=flip_lr__color=p07_7690351428__order=rotate_left_1']",12480119808,19654508544,7174388736,0.36502508927856914,5304745984,6,2072,2200,2304,2304
355,319,FORWARD,,6,0,8,,3,"['3a25b0d8:o1:d24:aug16:geom=identity__color=id__order=reverse', '3a25b0d8:o1:d24:aug16:geom=rot180__color=id__order=rotate_left_1', '3a25b0d8:o1:d24:aug16:geom=flip_lr__color=p07_7690351428__order=rotate_left_1']",12480120320,19654508544,7174388224,0.3650250632285665,5304745984,6,2072,2200,2304,2304
356,320,FORWARD,,6,0,8,,3,"['3a25b0d8:o1:d24:aug16:geom=identity__color=id__order=reverse', '3a25b0d8:o1:d24:aug16:geom=rot180__color=id__order=rotate_left_1', '3a25b0d8:o1:d24:aug16:geom=flip_lr__color=p07_7690351428__order=rotate_left_1']",12480120832,19654508544,7174387712,0.3650250371785638,5304745984,6,2072,2200,2304,2304
357,321,FORWARD,,6,0,8,,3,"['3a25b0d8:o1:d24:aug16:geom=identity__color=id__order=reverse', '3a25b0d8:o1:d24:aug16:geom=rot180__color=id__order=rotate_left_1', '3a25b0d8:o1:d24:aug16:geom=flip_lr__color=p07_7690351428__order=rotate_left_1']",12480121344,19654508544,7174387200,0.3650250111285611,5304745984,6,2072,2200,2304,2304
358,322,FORWARD,,6,0,8,,3,"['3a25b0d8:o1:d24:aug16:geom=identity__color=id__order=reverse', '3a25b0d8:o1:d24:aug16:geom=rot180__color=id__order=rotate_left_1', '3a25b0d8:o1:d24:aug16:geom=flip_lr__color=p07_7690351428__order=rotate_left_1']",12480121856,19654508544,7174386688,0.36502498507855846,5304745984,6,2072,2200,2304,2304
359,323,FORWARD,,6,0,8,,3,"['3a25b0d8:o1:d24:aug16:geom=identity__color=id__order=reverse', '3a25b0d8:o1:d24:aug16:geom=rot180__color=id__order=rotate_left_1', '3a25b0d8:o1:d24:aug16:geom=flip_lr__color=p07_7690351428__order=rotate_left_1']",12480122368,19654508544,7174386176,0.3650249590285558,5304745984,6,2072,2200,2304,2304
360,324,FORWARD,,6,0,8,,3,"['3a25b0d8:o1:d24:aug16:geom=identity__color=id__order=reverse', '3a25b0d8:o1:d24:aug16:geom=rot180__color=id__order=rotate_left_1', '3a25b0d8:o1:d24:aug16:geom=flip_lr__color=p07_7690351428__order=rotate_left_1']",12480122880,19654508544,7174385664,0.36502493297855315,5304745984,6,2072,2200,2304,2304
361,325,FORWARD,,6,0,8,,3,"['3a25b0d8:o1:d24:aug16:geom=identity__color=id__order=reverse', '3a25b0d8:o1:d24:aug16:geom=rot180__color=id__order=rotate_left_1', '3a25b0d8:o1:d24:aug16:geom=flip_lr__color=p07_7690351428__order=rotate_left_1']",12480123392,19654508544,7174385152,0.3650249069285505,5304745984,6,2072,2200,2304,2304
362,326,FORWARD,,6,0,8,,3,"['3a25b0d8:o1:d24:aug16:geom=identity__color=id__order=reverse', '3a25b0d8:o1:d24:aug16:geom=rot180__color=id__order=rotate_left_1', '3a25b0d8:o1:d24:aug16:geom=flip_lr__color=p07_7690351428__order=rotate_left_1']",12480123904,19654508544,7174384640,0.3650248808785478,5304745984,6,2072,2200,2304,2304
363,327,FORWARD,,6,0,8,,3,"['3a25b0d8:o1:d24:aug16:geom=identity__color=id__order=reverse', '3a25b0d8:o1:d24:aug16:geom=rot180__color=id__order=rotate_left_1', '3a25b0d8:o1:d24:aug16:geom=flip_lr__color=p07_7690351428__order=rotate_left_1']",12480124416,19654508544,7174384128,0.36502485482854513,5304745984,6,2072,2200,2304,2304
364,328,FORWARD,,6,0,8,,3,"['3a25b0d8:o1:d24:aug16:geom=identity__color=id__order=reverse', '3a25b0d8:o1:d24:aug16:geom=rot180__color=id__order=rotate_left_1', '3a25b0d8:o1:d24:aug16:geom=flip_lr__color=p07_7690351428__order=rotate_left_1']",12480124928,19654508544,7174383616,0.3650248287785425,5304745984,6,2072,2200,2304,2304
365,329,FORWARD,,6,0,8,,3,"['3a25b0d8:o1:d24:aug16:geom=identity__color=id__order=reverse', '3a25b0d8:o1:d24:aug16:geom=rot180__color=id__order=rotate_left_1', '3a25b0d8:o1:d24:aug16:geom=flip_lr__color=p07_7690351428__order=rotate_left_1']",12480125440,19654508544,7174383104,0.3650248027285398,5304745984,6,2072,2200,2304,2304
366,330,FORWARD,,6,0,8,,3,"['3a25b0d8:o1:d24:aug16:geom=identity__color=id__order=reverse', '3a25b0d8:o1:d24:aug16:geom=rot180__color=id__order=rotate_left_1', '3a25b0d8:o1:d24:aug16:geom=flip_lr__color=p07_7690351428__order=rotate_left_1']",12480125952,19654508544,7174382592,0.3650247766785371,5304745984,6,2072,2200,2304,2304
367,331,FORWARD,,6,0,8,,3,"['3a25b0d8:o1:d24:aug16:geom=identity__color=id__order=reverse', '3a25b0d8:o1:d24:aug16:geom=rot180__color=id__order=rotate_left_1', '3a25b0d8:o1:d24:aug16:geom=flip_lr__color=p07_7690351428__order=rotate_left_1']",12480126464,19654508544,7174382080,0.36502475062853446,5304745984,6,2072,2200,2304,2304
368,332,FORWARD,,6,0,8,,3,"['3a25b0d8:o1:d24:aug16:geom=identity__color=id__order=reverse', '3a25b0d8:o1:d24:aug16:geom=rot180__color=id__order=rotate_left_1', '3a25b0d8:o1:d24:aug16:geom=flip_lr__color=p07_7690351428__order=rotate_left_1']",12480126976,19654508544,7174381568,0.3650247245785318,5304745984,6,2072,2200,2304,2304
369,333,FORWARD,,6,0,8,,3,"['3a25b0d8:o1:d24:aug16:geom=identity__color=id__order=reverse', '3a25b0d8:o1:d24:aug16:geom=rot180__color=id__order=rotate_left_1', '3a25b0d8:o1:d24:aug16:geom=flip_lr__color=p07_7690351428__order=rotate_left_1']",12480127488,19654508544,7174381056,0.36502469852852915,5304745984,6,2072,2200,2304,2304
370,334,FORWARD,,6,0,8,,3,"['3a25b0d8:o1:d24:aug16:geom=identity__color=id__order=reverse', '3a25b0d8:o1:d24:aug16:geom=rot180__color=id__order=rotate_left_1', '3a25b0d8:o1:d24:aug16:geom=flip_lr__color=p07_7690351428__order=rotate_left_1']",12480128000,19654508544,7174380544,0.36502467247852644,5304745984,6,2072,2200,2304,2304
371,335,FORWARD,,6,0,8,,3,"['3a25b0d8:o1:d24:aug16:geom=identity__color=id__order=reverse', '3a25b0d8:o1:d24:aug16:geom=rot180__color=id__order=rotate_left_1', '3a25b0d8:o1:d24:aug16:geom=flip_lr__color=p07_7690351428__order=rotate_left_1']",12480128512,19654508544,7174380032,0.3650246464285238,5304745984,6,2072,2200,2304,2304
372,336,FORWARD,,6,0,8,,3,"['3a25b0d8:o1:d24:aug16:geom=identity__color=id__order=reverse', '3a25b0d8:o1:d24:aug16:geom=rot180__color=id__order=rotate_left_1', '3a25b0d8:o1:d24:aug16:geom=flip_lr__color=p07_7690351428__order=rotate_left_1']",12480129024,19654508544,7174379520,0.3650246203785211,5304745984,6,2072,2200,2304,2304
373,337,FORWARD,,6,0,8,,3,"['3a25b0d8:o1:d24:aug16:geom=identity__color=id__order=reverse', '3a25b0d8:o1:d24:aug16:geom=rot180__color=id__order=rotate_left_1', '3a25b0d8:o1:d24:aug16:geom=flip_lr__color=p07_7690351428__order=rotate_left_1']",12480129536,19654508544,7174379008,0.36502459432851847,5304745984,6,2072,2200,2304,2304
374,338,FORWARD,,6,0,8,,3,"['3a25b0d8:o1:d24:aug16:geom=identity__color=id__order=reverse', '3a25b0d8:o1:d24:aug16:geom=rot180__color=id__order=rotate_left_1', '3a25b0d8:o1:d24:aug16:geom=flip_lr__color=p07_7690351428__order=rotate_left_1']",12480130048,19654508544,7174378496,0.3650245682785158,5304745984,6,2072,2200,2304,2304
375,339,FORWARD,,6,0,8,,3,"['3a25b0d8:o1:d24:aug16:geom=identity__color=id__order=reverse', '3a25b0d8:o1:d24:aug16:geom=rot180__color=id__order=rotate_left_1', '3a25b0d8:o1:d24:aug16:geom=flip_lr__color=p07_7690351428__order=rotate_left_1']",12480130560,19654508544,7174377984,0.3650245422285131,5304745984,6,2072,2200,2304,2304
376,340,FORWARD,,6,0,8,,3,"['3a25b0d8:o1:d24:aug16:geom=identity__color=id__order=reverse', '3a25b0d8:o1:d24:aug16:geom=rot180__color=id__order=rotate_left_1', '3a25b0d8:o1:d24:aug16:geom=flip_lr__color=p07_7690351428__order=rotate_left_1']",12480131072,19654508544,7174377472,0.36502451617851045,5304745984,6,2072,2200,2304,2304
377,341,FORWARD,,6,0,8,,3,"['3a25b0d8:o1:d24:aug16:geom=identity__color=id__order=reverse', '3a25b0d8:o1:d24:aug16:geom=rot180__color=id__order=rotate_left_1', '3a25b0d8:o1:d24:aug16:geom=flip_lr__color=p07_7690351428__order=rotate_left_1']",12480131584,19654508544,7174376960,0.3650244901285078,5304745984,6,2072,2200,2304,2304
378,342,FORWARD,,6,0,8,,3,"['3a25b0d8:o1:d24:aug16:geom=identity__color=id__order=reverse', '3a25b0d8:o1:d24:aug16:geom=rot180__color=id__order=rotate_left_1', '3a25b0d8:o1:d24:aug16:geom=flip_lr__color=p07_7690351428__order=rotate_left_1']",12480132096,19654508544,7174376448,0.36502446407850514,5304745984,6,2072,2200,2304,2304
379,343,FORWARD,,6,0,8,,3,"['3a25b0d8:o1:d24:aug16:geom=identity__color=id__order=reverse', '3a25b0d8:o1:d24:aug16:geom=rot180__color=id__order=rotate_left_1', '3a25b0d8:o1:d24:aug16:geom=flip_lr__color=p07_7690351428__order=rotate_left_1']",12480132608,19654508544,7174375936,0.36502443802850243,5304745984,6,2072,2200,2304,2304
380,344,FORWARD,,6,0,8,,3,"['3a25b0d8:o1:d24:aug16:geom=identity__color=id__order=reverse', '3a25b0d8:o1:d24:aug16:geom=rot180__color=id__order=rotate_left_1', '3a25b0d8:o1:d24:aug16:geom=flip_lr__color=p07_7690351428__order=rotate_left_1']",12480133120,19654508544,7174375424,0.3650244119784998,5304745984,6,2072,2200,2304,2304
381,345,FORWARD,,6,0,8,,3,"['3a25b0d8:o1:d24:aug16:geom=identity__color=id__order=reverse', '3a25b0d8:o1:d24:aug16:geom=rot180__color=id__order=rotate_left_1', '3a25b0d8:o1:d24:aug16:geom=flip_lr__color=p07_7690351428__order=rotate_left_1']",12480133632,19654508544,7174374912,0.3650243859284971,5304745984,6,2072,2200,2304,2304
382,346,FORWARD,,6,0,8,,3,"['3a25b0d8:o1:d24:aug16:geom=identity__color=id__order=reverse', '3a25b0d8:o1:d24:aug16:geom=rot180__color=id__order=rotate_left_1', '3a25b0d8:o1:d24:aug16:geom=flip_lr__color=p07_7690351428__order=rotate_left_1']",12480134144,19654508544,7174374400,0.36502435987849446,5304745984,6,2072,2200,2304,2304
383,347,FORWARD,,6,0,8,,3,"['3a25b0d8:o1:d24:aug16:geom=identity__color=id__order=reverse', '3a25b0d8:o1:d24:aug16:geom=rot180__color=id__order=rotate_left_1', '3a25b0d8:o1:d24:aug16:geom=flip_lr__color=p07_7690351428__order=rotate_left_1']",12480134656,19654508544,7174373888,0.3650243338284918,5304745984,6,2072,2200,2304,2304
384,348,FORWARD,,6,0,8,,3,"['3a25b0d8:o1:d24:aug16:geom=identity__color=id__order=reverse', '3a25b0d8:o1:d24:aug16:geom=rot180__color=id__order=rotate_left_1', '3a25b0d8:o1:d24:aug16:geom=flip_lr__color=p07_7690351428__order=rotate_left_1']",12480135168,19654508544,7174373376,0.3650243077784891,5304745984,6,2072,2200,2304,2304
385,349,FORWARD,,6,0,8,,3,"['3a25b0d8:o1:d24:aug16:geom=identity__color=id__order=reverse', '3a25b0d8:o1:d24:aug16:geom=rot180__color=id__order=rotate_left_1', '3a25b0d8:o1:d24:aug16:geom=flip_lr__color=p07_7690351428__order=rotate_left_1']",12480135680,19654508544,7174372864,0.36502428172848644,5304745984,6,2072,2200,2304,2304
386,350,FORWARD,,6,0,8,,3,"['3a25b0d8:o1:d24:aug16:geom=identity__color=id__order=reverse', '3a25b0d8:o1:d24:aug16:geom=rot180__color=id__order=rotate_left_1', '3a25b0d8:o1:d24:aug16:geom=flip_lr__color=p07_7690351428__order=rotate_left_1']",12480136192,19654508544,7174372352,0.3650242556784838,5304745984,6,2072,2200,2304,2304
387,351,FORWARD,,6,0,8,,3,"['3a25b0d8:o1:d24:aug16:geom=identity__color=id__order=reverse', '3a25b0d8:o1:d24:aug16:geom=rot180__color=id__order=rotate_left_1', '3a25b0d8:o1:d24:aug16:geom=flip_lr__color=p07_7690351428__order=rotate_left_1']",12480136704,19654508544,7174371840,0.36502422962848113,5304745984,6,2072,2200,2304,2304
388,352,FORWARD,,6,0,8,,3,"['3a25b0d8:o1:d24:aug16:geom=identity__color=id__order=reverse', '3a25b0d8:o1:d24:aug16:geom=rot180__color=id__order=rotate_left_1', '3a25b0d8:o1:d24:aug16:geom=flip_lr__color=p07_7690351428__order=rotate_left_1']",12480137216,19654508544,7174371328,0.3650242035784784,5304745984,6,2072,2200,2304,2304
389,353,FORWARD,,6,0,8,,3,"['3a25b0d8:o1:d24:aug16:geom=identity__color=id__order=reverse', '3a25b0d8:o1:d24:aug16:geom=rot180__color=id__order=rotate_left_1', '3a25b0d8:o1:d24:aug16:geom=flip_lr__color=p07_7690351428__order=rotate_left_1']",12480137728,19654508544,7174370816,0.36502417752847577,5304745984,6,2072,2200,2304,2304
390,354,FORWARD,,6,0,8,,3,"['3a25b0d8:o1:d24:aug16:geom=identity__color=id__order=reverse', '3a25b0d8:o1:d24:aug16:geom=rot180__color=id__order=rotate_left_1', '3a25b0d8:o1:d24:aug16:geom=flip_lr__color=p07_7690351428__order=rotate_left_1']",12480138240,19654508544,7174370304,0.3650241514784731,5304745984,6,2072,2200,2304,2304
391,355,FORWARD,,6,0,8,,3,"['3a25b0d8:o1:d24:aug16:geom=identity__color=id__order=reverse', '3a25b0d8:o1:d24:aug16:geom=rot180__color=id__order=rotate_left_1', '3a25b0d8:o1:d24:aug16:geom=flip_lr__color=p07_7690351428__order=rotate_left_1']",12480138752,19654508544,7174369792,0.36502412542847046,5304745984,6,2072,2200,2304,2304
392,356,FORWARD,,6,0,8,,3,"['3a25b0d8:o1:d24:aug16:geom=identity__color=id__order=reverse', '3a25b0d8:o1:d24:aug16:geom=rot180__color=id__order=rotate_left_1', '3a25b0d8:o1:d24:aug16:geom=flip_lr__color=p07_7690351428__order=rotate_left_1']",12480139264,19654508544,7174369280,0.3650240993784678,5304745984,6,2072,2200,2304,2304
393,357,FORWARD,,6,0,8,,3,"['3a25b0d8:o1:d24:aug16:geom=identity__color=id__order=reverse', '3a25b0d8:o1:d24:aug16:geom=rot180__color=id__order=rotate_left_1', '3a25b0d8:o1:d24:aug16:geom=flip_lr__color=p07_7690351428__order=rotate_left_1']",12480139776,19654508544,7174368768,0.3650240733284651,5304745984,6,2072,2200,2304,2304
394,358,FORWARD,,6,0,8,,3,"['3a25b0d8:o1:d24:aug16:geom=identity__color=id__order=reverse', '3a25b0d8:o1:d24:aug16:geom=rot180__color=id__order=rotate_left_1', '3a25b0d8:o1:d24:aug16:geom=flip_lr__color=p07_7690351428__order=rotate_left_1']",12480140288,19654508544,7174368256,0.36502404727846244,5304745984,6,2072,2200,2304,2304
395,359,FORWARD,,6,0,8,,3,"['3a25b0d8:o1:d24:aug16:geom=identity__color=id__order=reverse', '3a25b0d8:o1:d24:aug16:geom=rot180__color=id__order=rotate_left_1', '3a25b0d8:o1:d24:aug16:geom=flip_lr__color=p07_7690351428__order=rotate_left_1']",12480140800,19654508544,7174367744,0.3650240212284598,5304745984,6,2072,2200,2304,2304
396,360,FORWARD,,6,0,8,,3,"['3a25b0d8:o1:d24:aug16:geom=identity__color=id__order=reverse', '3a25b0d8:o1:d24:aug16:geom=rot180__color=id__order=rotate_left_1', '3a25b0d8:o1:d24:aug16:geom=flip_lr__color=p07_7690351428__order=rotate_left_1']",12480141312,19654508544,7174367232,0.36502399517845713,5304745984,6,2072,2200,2304,2304
397,361,FORWARD,,6,0,8,,3,"['3a25b0d8:o1:d24:aug16:geom=identity__color=id__order=reverse', '3a25b0d8:o1:d24:aug16:geom=rot180__color=id__order=rotate_left_1', '3a25b0d8:o1:d24:aug16:geom=flip_lr__color=p07_7690351428__order=rotate_left_1']",12480141824,19654508544,7174366720,0.3650239691284544,5304745984,6,2072,2200,2304,2304
398,362,FORWARD,,6,0,8,,3,"['3a25b0d8:o1:d24:aug16:geom=identity__color=id__order=reverse', '3a25b0d8:o1:d24:aug16:geom=rot180__color=id__order=rotate_left_1', '3a25b0d8:o1:d24:aug16:geom=flip_lr__color=p07_7690351428__order=rotate_left_1']",12480142336,19654508544,7174366208,0.36502394307845176,5304745984,6,2072,2200,2304,2304
399,363,FORWARD,,6,0,8,,3,"['3a25b0d8:o1:d24:aug16:geom=identity__color=id__order=reverse', '3a25b0d8:o1:d24:aug16:geom=rot180__color=id__order=rotate_left_1', '3a25b0d8:o1:d24:aug16:geom=flip_lr__color=p07_7690351428__order=rotate_left_1']",12480142848,19654508544,7174365696,0.3650239170284491,5304745984,6,2072,2200,2304,2304
400,364,FORWARD,,6,0,8,,3,"['3a25b0d8:o1:d24:aug16:geom=identity__color=id__order=reverse', '3a25b0d8:o1:d24:aug16:geom=rot180__color=id__order=rotate_left_1', '3a25b0d8:o1:d24:aug16:geom=flip_lr__color=p07_7690351428__order=rotate_left_1']",12480143360,19654508544,7174365184,0.36502389097844645,5304745984,6,2072,2200,2304,2304
401,365,FORWARD,,6,0,8,,3,"['3a25b0d8:o1:d24:aug16:geom=identity__color=id__order=reverse', '3a25b0d8:o1:d24:aug16:geom=rot180__color=id__order=rotate_left_1', '3a25b0d8:o1:d24:aug16:geom=flip_lr__color=p07_7690351428__order=rotate_left_1']",12480143872,19654508544,7174364672,0.36502386492844374,5304745984,6,2072,2200,2304,2304
402,366,FORWARD,,6,0,8,,3,"['3a25b0d8:o1:d24:aug16:geom=identity__color=id__order=reverse', '3a25b0d8:o1:d24:aug16:geom=rot180__color=id__order=rotate_left_1', '3a25b0d8:o1:d24:aug16:geom=flip_lr__color=p07_7690351428__order=rotate_left_1']",12480144384,19654508544,7174364160,0.3650238388784411,5304745984,6,2072,2200,2304,2304
403,367,FORWARD,,6,0,8,,3,"['3a25b0d8:o1:d24:aug16:geom=identity__color=id__order=reverse', '3a25b0d8:o1:d24:aug16:geom=rot180__color=id__order=rotate_left_1', '3a25b0d8:o1:d24:aug16:geom=flip_lr__color=p07_7690351428__order=rotate_left_1']",12480144896,19654508544,7174363648,0.36502381282843843,5304745984,6,2072,2200,2304,2304
404,368,FORWARD,,6,0,8,,3,"['3a25b0d8:o1:d24:aug16:geom=identity__color=id__order=reverse', '3a25b0d8:o1:d24:aug16:geom=rot180__color=id__order=rotate_left_1', '3a25b0d8:o1:d24:aug16:geom=flip_lr__color=p07_7690351428__order=rotate_left_1']",12480145408,19654508544,7174363136,0.3650237867784358,5304745984,6,2072,2200,2304,2304
405,369,FORWARD,,6,0,8,,3,"['3a25b0d8:o1:d24:aug16:geom=identity__color=id__order=reverse', '3a25b0d8:o1:d24:aug16:geom=rot180__color=id__order=rotate_left_1', '3a25b0d8:o1:d24:aug16:geom=flip_lr__color=p07_7690351428__order=rotate_left_1']",12480145920,19654508544,7174362624,0.3650237607284331,5304745984,6,2072,2200,2304,2304
406,370,FORWARD,,6,0,8,,3,"['3a25b0d8:o1:d24:aug16:geom=identity__color=id__order=reverse', '3a25b0d8:o1:d24:aug16:geom=rot180__color=id__order=rotate_left_1', '3a25b0d8:o1:d24:aug16:geom=flip_lr__color=p07_7690351428__order=rotate_left_1']",12480146432,19654508544,7174362112,0.3650237346784304,5304745984,6,2072,2200,2304,2304
407,371,FORWARD,,6,0,8,,3,"['3a25b0d8:o1:d24:aug16:geom=identity__color=id__order=reverse', '3a25b0d8:o1:d24:aug16:geom=rot180__color=id__order=rotate_left_1', '3a25b0d8:o1:d24:aug16:geom=flip_lr__color=p07_7690351428__order=rotate_left_1']",12480146944,19654508544,7174361600,0.36502370862842776,5304745984,6,2072,2200,2304,2304
408,372,FORWARD,,6,0,8,,3,"['3a25b0d8:o1:d24:aug16:geom=identity__color=id__order=reverse', '3a25b0d8:o1:d24:aug16:geom=rot180__color=id__order=rotate_left_1', '3a25b0d8:o1:d24:aug16:geom=flip_lr__color=p07_7690351428__order=rotate_left_1']",12480147456,19654508544,7174361088,0.3650236825784251,5304745984,6,2072,2200,2304,2304
409,373,FORWARD,,6,0,8,,3,"['3a25b0d8:o1:d24:aug16:geom=identity__color=id__order=reverse', '3a25b0d8:o1:d24:aug16:geom=rot180__color=id__order=rotate_left_1', '3a25b0d8:o1:d24:aug16:geom=flip_lr__color=p07_7690351428__order=rotate_left_1']",12480147968,19654508544,7174360576,0.36502365652842245,5304745984,6,2072,2200,2304,2304
410,374,FORWARD,,6,0,8,,3,"['3a25b0d8:o1:d24:aug16:geom=identity__color=id__order=reverse', '3a25b0d8:o1:d24:aug16:geom=rot180__color=id__order=rotate_left_1', '3a25b0d8:o1:d24:aug16:geom=flip_lr__color=p07_7690351428__order=rotate_left_1']",12480148480,19654508544,7174360064,0.36502363047841974,5304745984,6,2072,2200,2304,2304
411,375,FORWARD,,6,0,8,,3,"['3a25b0d8:o1:d24:aug16:geom=identity__color=id__order=reverse', '3a25b0d8:o1:d24:aug16:geom=rot180__color=id__order=rotate_left_1', '3a25b0d8:o1:d24:aug16:geom=flip_lr__color=p07_7690351428__order=rotate_left_1']",12480148992,19654508544,7174359552,0.3650236044284171,5304745984,6,2072,2200,2304,2304
412,376,FORWARD,,6,0,8,,3,"['3a25b0d8:o1:d24:aug16:geom=identity__color=id__order=reverse', '3a25b0d8:o1:d24:aug16:geom=rot180__color=id__order=rotate_left_1', '3a25b0d8:o1:d24:aug16:geom=flip_lr__color=p07_7690351428__order=rotate_left_1']",12480149504,19654508544,7174359040,0.3650235783784144,5304745984,6,2072,2200,2304,2304
413,377,FORWARD,,6,0,8,,3,"['3a25b0d8:o1:d24:aug16:geom=identity__color=id__order=reverse', '3a25b0d8:o1:d24:aug16:geom=rot180__color=id__order=rotate_left_1', '3a25b0d8:o1:d24:aug16:geom=flip_lr__color=p07_7690351428__order=rotate_left_1']",12480150016,19654508544,7174358528,0.36502355232841177,5304745984,6,2072,2200,2304,2304
414,378,FORWARD,,6,0,8,,3,"['3a25b0d8:o1:d24:aug16:geom=identity__color=id__order=reverse', '3a25b0d8:o1:d24:aug16:geom=rot180__color=id__order=rotate_left_1', '3a25b0d8:o1:d24:aug16:geom=flip_lr__color=p07_7690351428__order=rotate_left_1']",12480150528,19654508544,7174358016,0.3650235262784091,5304745984,6,2072,2200,2304,2304
415,379,FORWARD,,6,0,8,,5,"['3a25b0d8:o1:d24:aug16:geom=identity__color=p00_4150723698__order=canonical', '3a25b0d8:o1:d24:aug16:geom=flip_ud__color=p03_5980213764__order=canonical', '3a25b0d8:o1:d24:aug16:geom=identity__color=id__order=reverse', '3a25b0d8:o1:d24:aug16:geom=rot180__color=id__order=rotate_left_1', '3a25b0d8:o1:d24:aug16:geom=flip_lr__color=p07_7690351428__order=rotate_left_1']",12480151040,19654508544,7174357504,0.3650235002284064,5304745984,6,2072,2200,2304,2304
416,380,FORWARD,,6,0,8,,5,"['3a25b0d8:o1:d24:aug16:geom=identity__color=p00_4150723698__order=canonical', '3a25b0d8:o1:d24:aug16:geom=flip_ud__color=p03_5980213764__order=canonical', '3a25b0d8:o1:d24:aug16:geom=identity__color=id__order=reverse', '3a25b0d8:o1:d24:aug16:geom=rot180__color=id__order=rotate_left_1', '3a25b0d8:o1:d24:aug16:geom=flip_lr__color=p07_7690351428__order=rotate_left_1']",12480151552,19654508544,7174356992,0.36502347417840375,5304745984,6,2072,2201,2304,2304
417,381,FORWARD,,6,0,8,,5,"['3a25b0d8:o1:d24:aug16:geom=identity__color=p00_4150723698__order=canonical', '3a25b0d8:o1:d24:aug16:geom=flip_ud__color=p03_5980213764__order=canonical', '3a25b0d8:o1:d24:aug16:geom=identity__color=id__order=reverse', '3a25b0d8:o1:d24:aug16:geom=rot180__color=id__order=rotate_left_1', '3a25b0d8:o1:d24:aug16:geom=flip_lr__color=p07_7690351428__order=rotate_left_1']",12480152064,19654508544,7174356480,0.3650234481284011,5304745984,6,2072,2202,2304,2304
418,382,FORWARD,,6,0,8,,5,"['3a25b0d8:o1:d24:aug16:geom=identity__color=p00_4150723698__order=canonical', '3a25b0d8:o1:d24:aug16:geom=flip_ud__color=p03_5980213764__order=canonical', '3a25b0d8:o1:d24:aug16:geom=identity__color=id__order=reverse', '3a25b0d8:o1:d24:aug16:geom=rot180__color=id__order=rotate_left_1', '3a25b0d8:o1:d24:aug16:geom=flip_lr__color=p07_7690351428__order=rotate_left_1']",12480152576,19654508544,7174355968,0.36502342207839844,5304745984,6,2072,2203,2304,2304
419,383,FORWARD,,6,0,8,,5,"['3a25b0d8:o1:d24:aug16:geom=identity__color=p00_4150723698__order=canonical', '3a25b0d8:o1:d24:aug16:geom=flip_ud__color=p03_5980213764__order=canonical', '3a25b0d8:o1:d24:aug16:geom=identity__color=id__order=reverse', '3a25b0d8:o1:d24:aug16:geom=rot180__color=id__order=rotate_left_1', '3a25b0d8:o1:d24:aug16:geom=flip_lr__color=p07_7690351428__order=rotate_left_1']",12480153088,19654508544,7174355456,0.36502339602839573,5304745984,6,2072,2204,2304,2304
420,384,FORWARD,,6,0,8,,5,"['3a25b0d8:o1:d24:aug16:geom=identity__color=p00_4150723698__order=canonical', '3a25b0d8:o1:d24:aug16:geom=flip_ud__color=p03_5980213764__order=canonical', '3a25b0d8:o1:d24:aug16:geom=identity__color=id__order=reverse', '3a25b0d8:o1:d24:aug16:geom=rot180__color=id__order=rotate_left_1', '3a25b0d8:o1:d24:aug16:geom=flip_lr__color=p07_7690351428__order=rotate_left_1']",12480153600,19654508544,7174354944,0.3650233699783931,5304745984,6,2072,2205,2304,2304
421,384,TERMINATE,3a25b0d8:o1:d24:aug16:geom=identity__color=p00_4150723698__order=canonical,6,0,8,budget_exhausted,5,"['3a25b0d8:o1:d24:aug16:geom=identity__color=p00_4150723698__order=canonical', '3a25b0d8:o1:d24:aug16:geom=flip_ud__color=p03_5980213764__order=canonical', '3a25b0d8:o1:d24:aug16:geom=identity__color=id__order=reverse', '3a25b0d8:o1:d24:aug16:geom=rot180__color=id__order=rotate_left_1', '3a25b0d8:o1:d24:aug16:geom=flip_lr__color=p07_7690351428__order=rotate_left_1']",12480151552,19654508544,7174356992,0.36502347417840375,5304745984,6,2072,2078,2304,2304
422,384,RELEASE,3a25b0d8:o1:d24:aug16:geom=identity__color=p00_4150723698__order=canonical,5,0,8,budget_exhausted,5,"['3a25b0d8:o1:d24:aug16:geom=identity__color=p00_4150723698__order=canonical', '3a25b0d8:o1:d24:aug16:geom=flip_ud__color=p03_5980213764__order=canonical', '3a25b0d8:o1:d24:aug16:geom=identity__color=id__order=reverse', '3a25b0d8:o1:d24:aug16:geom=rot180__color=id__order=rotate_left_1', '3a25b0d8:o1:d24:aug16:geom=flip_lr__color=p07_7690351428__order=rotate_left_1']",12480151552,19654508544,7174356992,0.36502347417840375,5304745984,5,2072,2078,2304,2304
423,384,TERMINATE,3a25b0d8:o1:d24:aug16:geom=flip_ud__color=p03_5980213764__order=canonical,5,0,8,budget_exhausted,5,"['3a25b0d8:o1:d24:aug16:geom=identity__color=p00_4150723698__order=canonical', '3a25b0d8:o1:d24:aug16:geom=flip_ud__color=p03_5980213764__order=canonical', '3a25b0d8:o1:d24:aug16:geom=identity__color=id__order=reverse', '3a25b0d8:o1:d24:aug16:geom=rot180__color=id__order=rotate_left_1', '3a25b0d8:o1:d24:aug16:geom=flip_lr__color=p07_7690351428__order=rotate_left_1']",12480151552,19654508544,7174356992,0.36502347417840375,5304745984,5,2072,2078,2304,2304
424,384,RELEASE,3a25b0d8:o1:d24:aug16:geom=flip_ud__color=p03_5980213764__order=canonical,4,0,8,budget_exhausted,5,"['3a25b0d8:o1:d24:aug16:geom=identity__color=p00_4150723698__order=canonical', '3a25b0d8:o1:d24:aug16:geom=flip_ud__color=p03_5980213764__order=canonical', '3a25b0d8:o1:d24:aug16:geom=identity__color=id__order=reverse', '3a25b0d8:o1:d24:aug16:geom=rot180__color=id__order=rotate_left_1', '3a25b0d8:o1:d24:aug16:geom=flip_lr__color=p07_7690351428__order=rotate_left_1']",12480151552,19654508544,7174356992,0.36502347417840375,5304745984,4,2072,2078,2304,2304
425,384,TERMINATE,3a25b0d8:o1:d24:aug16:geom=identity__color=id__order=reverse,4,0,8,budget_exhausted,5,"['3a25b0d8:o1:d24:aug16:geom=identity__color=p00_4150723698__order=canonical', '3a25b0d8:o1:d24:aug16:geom=flip_ud__color=p03_5980213764__order=canonical', '3a25b0d8:o1:d24:aug16:geom=identity__color=id__order=reverse', '3a25b0d8:o1:d24:aug16:geom=rot180__color=id__order=rotate_left_1', '3a25b0d8:o1:d24:aug16:geom=flip_lr__color=p07_7690351428__order=rotate_left_1']",12480151552,19654508544,7174356992,0.36502347417840375,5304745984,4,2072,2078,2304,2304
426,384,RELEASE,3a25b0d8:o1:d24:aug16:geom=identity__color=id__order=reverse,3,0,8,budget_exhausted,5,"['3a25b0d8:o1:d24:aug16:geom=identity__color=p00_4150723698__order=canonical', '3a25b0d8:o1:d24:aug16:geom=flip_ud__color=p03_5980213764__order=canonical', '3a25b0d8:o1:d24:aug16:geom=identity__color=id__order=reverse', '3a25b0d8:o1:d24:aug16:geom=rot180__color=id__order=rotate_left_1', '3a25b0d8:o1:d24:aug16:geom=flip_lr__color=p07_7690351428__order=rotate_left_1']",12480151552,19654508544,7174356992,0.36502347417840375,5304745984,3,2072,2078,2304,2304
427,384,TERMINATE,3a25b0d8:o1:d24:aug16:geom=rot180__color=id__order=rotate_left_1,3,0,8,budget_exhausted,5,"['3a25b0d8:o1:d24:aug16:geom=identity__color=p00_4150723698__order=canonical', '3a25b0d8:o1:d24:aug16:geom=flip_ud__color=p03_5980213764__order=canonical', '3a25b0d8:o1:d24:aug16:geom=identity__color=id__order=reverse', '3a25b0d8:o1:d24:aug16:geom=rot180__color=id__order=rotate_left_1', '3a25b0d8:o1:d24:aug16:geom=flip_lr__color=p07_7690351428__order=rotate_left_1']",12480151552,19654508544,7174356992,0.36502347417840375,5304745984,3,2072,2078,2304,2304
428,384,RELEASE,3a25b0d8:o1:d24:aug16:geom=rot180__color=id__order=rotate_left_1,2,0,8,budget_exhausted,5,"['3a25b0d8:o1:d24:aug16:geom=identity__color=p00_4150723698__order=canonical', '3a25b0d8:o1:d24:aug16:geom=flip_ud__color=p03_5980213764__order=canonical', '3a25b0d8:o1:d24:aug16:geom=identity__color=id__order=reverse', '3a25b0d8:o1:d24:aug16:geom=rot180__color=id__order=rotate_left_1', '3a25b0d8:o1:d24:aug16:geom=flip_lr__color=p07_7690351428__order=rotate_left_1']",12480151552,19654508544,7174356992,0.36502347417840375,5304745984,2,2072,2078,2304,2304
429,384,TERMINATE,3a25b0d8:o1:d24:aug16:geom=flip_lr__color=p07_7690351428__order=rotate_left_1,2,0,8,budget_exhausted,5,"['3a25b0d8:o1:d24:aug16:geom=identity__color=p00_4150723698__order=canonical', '3a25b0d8:o1:d24:aug16:geom=flip_ud__color=p03_5980213764__order=canonical', '3a25b0d8:o1:d24:aug16:geom=identity__color=id__order=reverse', '3a25b0d8:o1:d24:aug16:geom=rot180__color=id__order=rotate_left_1', '3a25b0d8:o1:d24:aug16:geom=flip_lr__color=p07_7690351428__order=rotate_left_1']",12480151552,19654508544,7174356992,0.36502347417840375,5304745984,2,2072,2078,2304,2304
430,384,RELEASE,3a25b0d8:o1:d24:aug16:geom=flip_lr__color=p07_7690351428__order=rotate_left_1,1,0,8,budget_exhausted,5,"['3a25b0d8:o1:d24:aug16:geom=identity__color=p00_4150723698__order=canonical', '3a25b0d8:o1:d24:aug16:geom=flip_ud__color=p03_5980213764__order=canonical', '3a25b0d8:o1:d24:aug16:geom=identity__color=id__order=reverse', '3a25b0d8:o1:d24:aug16:geom=rot180__color=id__order=rotate_left_1', '3a25b0d8:o1:d24:aug16:geom=flip_lr__color=p07_7690351428__order=rotate_left_1']",12480151552,19654508544,7174356992,0.36502347417840375,5304745984,1,2072,2072,2304,2304
431,385,FORWARD,,1,0,8,,1,['3a25b0d8:o1:d24:aug16:geom=transpose__color=p01_1602397845__order=reverse'],12480151552,19654508544,7174356992,0.36502347417840375,5304745984,1,2072,2072,2304,2304
432,386,FORWARD,,1,0,8,,1,['3a25b0d8:o1:d24:aug16:geom=transpose__color=p01_1602397845__order=reverse'],12480152064,19654508544,7174356480,0.3650234481284011,5304745984,1,2073,2073,2304,2304
433,387,FORWARD,,1,0,8,,1,['3a25b0d8:o1:d24:aug16:geom=transpose__color=p01_1602397845__order=reverse'],12480152576,19654508544,7174355968,0.36502342207839844,5304745984,1,2074,2074,2304,2304
434,388,FORWARD,,1,0,8,,1,['3a25b0d8:o1:d24:aug16:geom=transpose__color=p01_1602397845__order=reverse'],12480152576,19654508544,7174355968,0.36502342207839844,5304745984,1,2075,2075,2304,2304
435,389,FORWARD,,1,0,8,,1,['3a25b0d8:o1:d24:aug16:geom=transpose__color=p01_1602397845__order=reverse'],12480153088,19654508544,7174355456,0.36502339602839573,5304745984,1,2076,2076,2304,2304
436,390,FORWARD,,1,0,8,,1,['3a25b0d8:o1:d24:aug16:geom=transpose__color=p01_1602397845__order=reverse'],12480153600,19654508544,7174354944,0.3650233699783931,5304745984,1,2077,2077,2304,2304
437,391,FORWARD,,1,0,8,,1,['3a25b0d8:o1:d24:aug16:geom=transpose__color=p01_1602397845__order=reverse'],12480154112,19654508544,7174354432,0.3650233439283904,5304745984,1,2078,2078,2304,2304
438,392,FORWARD,,1,0,8,,1,['3a25b0d8:o1:d24:aug16:geom=transpose__color=p01_1602397845__order=reverse'],12480154624,19654508544,7174353920,0.36502331787838777,5304745984,1,2079,2079,2304,2304
439,393,FORWARD,,1,0,8,,1,['3a25b0d8:o1:d24:aug16:geom=transpose__color=p01_1602397845__order=reverse'],12480155136,19654508544,7174353408,0.3650232918283851,5304745984,1,2080,2080,2304,2304
440,394,FORWARD,,1,0,8,,1,['3a25b0d8:o1:d24:aug16:geom=transpose__color=p01_1602397845__order=reverse'],12480155648,19654508544,7174352896,0.3650232657783824,5304745984,1,2081,2081,2304,2304
441,395,FORWARD,,1,0,8,,1,['3a25b0d8:o1:d24:aug16:geom=transpose__color=p01_1602397845__order=reverse'],12480156160,19654508544,7174352384,0.36502323972837974,5304745984,1,2082,2082,2304,2304
442,396,FORWARD,,1,0,8,,1,['3a25b0d8:o1:d24:aug16:geom=transpose__color=p01_1602397845__order=reverse'],12480156672,19654508544,7174351872,0.3650232136783771,5304745984,1,2083,2083,2304,2304
443,397,FORWARD,,1,0,8,,1,['3a25b0d8:o1:d24:aug16:geom=transpose__color=p01_1602397845__order=reverse'],12480157184,19654508544,7174351360,0.36502318762837443,5304745984,1,2084,2084,2304,2304
444,398,FORWARD,,1,0,8,,1,['3a25b0d8:o1:d24:aug16:geom=transpose__color=p01_1602397845__order=reverse'],12480157696,19654508544,7174350848,0.3650231615783717,5304745984,1,2085,2085,2304,2304
445,399,FORWARD,,1,0,8,,1,['3a25b0d8:o1:d24:aug16:geom=transpose__color=p01_1602397845__order=reverse'],12480158208,19654508544,7174350336,0.36502313552836907,5304745984,1,2086,2086,2304,2304
446,400,FORWARD,,1,0,8,,1,['3a25b0d8:o1:d24:aug16:geom=transpose__color=p01_1602397845__order=reverse'],12480158720,19654508544,7174349824,0.3650231094783664,5304745984,1,2087,2087,2304,2304
447,401,FORWARD,,1,0,8,,1,['3a25b0d8:o1:d24:aug16:geom=transpose__color=p01_1602397845__order=reverse'],12480159232,19654508544,7174349312,0.36502308342836376,5304745984,1,2088,2088,2304,2304
448,402,FORWARD,,1,0,8,,1,['3a25b0d8:o1:d24:aug16:geom=transpose__color=p01_1602397845__order=reverse'],12480159744,19654508544,7174348800,0.36502305737836105,5304745984,1,2089,2089,2304,2304
449,403,FORWARD,,1,0,8,,1,['3a25b0d8:o1:d24:aug16:geom=transpose__color=p01_1602397845__order=reverse'],12480160256,19654508544,7174348288,0.3650230313283584,5304745984,1,2090,2090,2304,2304
450,404,FORWARD,,1,0,8,,1,['3a25b0d8:o1:d24:aug16:geom=transpose__color=p01_1602397845__order=reverse'],12480160768,19654508544,7174347776,0.36502300527835574,5304745984,1,2091,2091,2304,2304
451,405,FORWARD,,1,0,8,,1,['3a25b0d8:o1:d24:aug16:geom=transpose__color=p01_1602397845__order=reverse'],12480161280,19654508544,7174347264,0.3650229792283531,5304745984,1,2092,2092,2304,2304
452,406,FORWARD,,1,0,8,,1,['3a25b0d8:o1:d24:aug16:geom=transpose__color=p01_1602397845__order=reverse'],12480161792,19654508544,7174346752,0.36502295317835043,5304745984,1,2093,2093,2304,2304
453,407,FORWARD,,1,0,8,,1,['3a25b0d8:o1:d24:aug16:geom=transpose__color=p01_1602397845__order=reverse'],12480162304,19654508544,7174346240,0.3650229271283477,5304745984,1,2094,2094,2304,2304
454,408,FORWARD,,1,0,8,,1,['3a25b0d8:o1:d24:aug16:geom=transpose__color=p01_1602397845__order=reverse'],12480162816,19654508544,7174345728,0.36502290107834506,5304745984,1,2095,2095,2304,2304
455,409,FORWARD,,1,0,8,,1,['3a25b0d8:o1:d24:aug16:geom=transpose__color=p01_1602397845__order=reverse'],12480163328,19654508544,7174345216,0.3650228750283424,5304745984,1,2096,2096,2304,2304
456,410,FORWARD,,1,0,8,,1,['3a25b0d8:o1:d24:aug16:geom=transpose__color=p01_1602397845__order=reverse'],12480163840,19654508544,7174344704,0.36502284897833975,5304745984,1,2097,2097,2304,2304
457,411,FORWARD,,1,0,8,,1,['3a25b0d8:o1:d24:aug16:geom=transpose__color=p01_1602397845__order=reverse'],12480164352,19654508544,7174344192,0.36502282292833704,5304745984,1,2098,2098,2304,2304
458,412,FORWARD,,1,0,8,,1,['3a25b0d8:o1:d24:aug16:geom=transpose__color=p01_1602397845__order=reverse'],12480164864,19654508544,7174343680,0.3650227968783344,5304745984,1,2099,2099,2304,2304
459,413,FORWARD,,1,0,8,,1,['3a25b0d8:o1:d24:aug16:geom=transpose__color=p01_1602397845__order=reverse'],12480165376,19654508544,7174343168,0.36502277082833173,5304745984,1,2100,2100,2304,2304
460,414,FORWARD,,1,0,8,,1,['3a25b0d8:o1:d24:aug16:geom=transpose__color=p01_1602397845__order=reverse'],12480165888,19654508544,7174342656,0.3650227447783291,5304745984,1,2101,2101,2304,2304
461,415,FORWARD,,1,0,8,,1,['3a25b0d8:o1:d24:aug16:geom=transpose__color=p01_1602397845__order=reverse'],12480166400,19654508544,7174342144,0.3650227187283264,5304745984,1,2102,2102,2304,2304
462,416,FORWARD,,1,0,8,,1,['3a25b0d8:o1:d24:aug16:geom=transpose__color=p01_1602397845__order=reverse'],12480166912,19654508544,7174341632,0.3650226926783237,5304745984,1,2103,2103,2304,2304
463,417,FORWARD,,1,0,8,,1,['3a25b0d8:o1:d24:aug16:geom=transpose__color=p01_1602397845__order=reverse'],12480167424,19654508544,7174341120,0.36502266662832106,5304745984,1,2104,2104,2304,2304
464,418,FORWARD,,1,0,8,,1,['3a25b0d8:o1:d24:aug16:geom=transpose__color=p01_1602397845__order=reverse'],12480167936,19654508544,7174340608,0.3650226405783184,5304745984,1,2105,2105,2304,2304
465,419,FORWARD,,1,0,8,,1,['3a25b0d8:o1:d24:aug16:geom=transpose__color=p01_1602397845__order=reverse'],12480167936,19654508544,7174340608,0.3650226405783184,5304745984,1,2106,2106,2304,2304
466,420,FORWARD,,1,0,8,,1,['3a25b0d8:o1:d24:aug16:geom=transpose__color=p01_1602397845__order=reverse'],12480168448,19654508544,7174340096,0.36502261452831575,5304745984,1,2107,2107,2304,2304
467,421,FORWARD,,1,0,8,,1,['3a25b0d8:o1:d24:aug16:geom=transpose__color=p01_1602397845__order=reverse'],12480168960,19654508544,7174339584,0.36502258847831304,5304745984,1,2108,2108,2304,2304
468,422,FORWARD,,1,0,8,,1,['3a25b0d8:o1:d24:aug16:geom=transpose__color=p01_1602397845__order=reverse'],12480169472,19654508544,7174339072,0.3650225624283104,5304745984,1,2109,2109,2304,2304
469,423,FORWARD,,1,0,8,,1,['3a25b0d8:o1:d24:aug16:geom=transpose__color=p01_1602397845__order=reverse'],12480169984,19654508544,7174338560,0.3650225363783077,5304745984,1,2110,2110,2304,2304
470,424,FORWARD,,1,0,8,,1,['3a25b0d8:o1:d24:aug16:geom=transpose__color=p01_1602397845__order=reverse'],12480170496,19654508544,7174338048,0.36502251032830507,5304745984,1,2111,2111,2304,2304
471,425,FORWARD,,1,0,8,,1,['3a25b0d8:o1:d24:aug16:geom=transpose__color=p01_1602397845__order=reverse'],12480171008,19654508544,7174337536,0.3650224842783024,5304745984,1,2112,2112,2304,2304
472,426,FORWARD,,1,0,8,,1,['3a25b0d8:o1:d24:aug16:geom=transpose__color=p01_1602397845__order=reverse'],12480171520,19654508544,7174337024,0.3650224582282997,5304745984,1,2113,2113,2304,2304
473,427,FORWARD,,1,0,8,,1,['3a25b0d8:o1:d24:aug16:geom=transpose__color=p01_1602397845__order=reverse'],12480172032,19654508544,7174336512,0.36502243217829705,5304745984,1,2114,2114,2304,2304
474,428,FORWARD,,1,0,8,,1,['3a25b0d8:o1:d24:aug16:geom=transpose__color=p01_1602397845__order=reverse'],12480172544,19654508544,7174336000,0.3650224061282944,5304745984,1,2115,2115,2304,2304
475,429,FORWARD,,1,0,8,,1,['3a25b0d8:o1:d24:aug16:geom=transpose__color=p01_1602397845__order=reverse'],12480173056,19654508544,7174335488,0.36502238007829174,5304745984,1,2116,2116,2304,2304
476,430,FORWARD,,1,0,8,,1,['3a25b0d8:o1:d24:aug16:geom=transpose__color=p01_1602397845__order=reverse'],12480173568,19654508544,7174334976,0.36502235402828903,5304745984,1,2117,2117,2304,2304
477,431,FORWARD,,1,0,8,,1,['3a25b0d8:o1:d24:aug16:geom=transpose__color=p01_1602397845__order=reverse'],12480174080,19654508544,7174334464,0.3650223279782864,5304745984,1,2118,2118,2304,2304
478,432,FORWARD,,1,0,8,,1,['3a25b0d8:o1:d24:aug16:geom=transpose__color=p01_1602397845__order=reverse'],12480174592,19654508544,7174333952,0.3650223019282837,5304745984,1,2119,2119,2304,2304
479,433,FORWARD,,1,0,8,,1,['3a25b0d8:o1:d24:aug16:geom=transpose__color=p01_1602397845__order=reverse'],12480175104,19654508544,7174333440,0.36502227587828107,5304745984,1,2120,2120,2304,2304
480,434,FORWARD,,1,0,8,,1,['3a25b0d8:o1:d24:aug16:geom=transpose__color=p01_1602397845__order=reverse'],12480175616,19654508544,7174332928,0.36502224982827836,5304745984,1,2121,2121,2304,2304
481,435,FORWARD,,1,0,8,,1,['3a25b0d8:o1:d24:aug16:geom=transpose__color=p01_1602397845__order=reverse'],12480176128,19654508544,7174332416,0.3650222237782757,5304745984,1,2122,2122,2304,2304
482,436,FORWARD,,1,0,8,,1,['3a25b0d8:o1:d24:aug16:geom=transpose__color=p01_1602397845__order=reverse'],12480176640,19654508544,7174331904,0.36502219772827305,5304745984,1,2123,2123,2304,2304
483,437,FORWARD,,1,0,8,,1,['3a25b0d8:o1:d24:aug16:geom=transpose__color=p01_1602397845__order=reverse'],12480177152,19654508544,7174331392,0.3650221716782704,5304745984,1,2124,2124,2304,2304
484,438,FORWARD,,1,0,8,,1,['3a25b0d8:o1:d24:aug16:geom=transpose__color=p01_1602397845__order=reverse'],12480177664,19654508544,7174330880,0.36502214562826774,5304745984,1,2125,2125,2304,2304
485,439,FORWARD,,1,0,8,,1,['3a25b0d8:o1:d24:aug16:geom=transpose__color=p01_1602397845__order=reverse'],12480178176,19654508544,7174330368,0.365022119578265,5304745984,1,2126,2126,2304,2304
486,440,FORWARD,,1,0,8,,1,['3a25b0d8:o1:d24:aug16:geom=transpose__color=p01_1602397845__order=reverse'],12480178688,19654508544,7174329856,0.36502209352826237,5304745984,1,2127,2127,2304,2304
487,441,FORWARD,,1,0,8,,1,['3a25b0d8:o1:d24:aug16:geom=transpose__color=p01_1602397845__order=reverse'],12480179200,19654508544,7174329344,0.3650220674782597,5304745984,1,2128,2128,2304,2304
488,442,FORWARD,,1,0,8,,1,['3a25b0d8:o1:d24:aug16:geom=transpose__color=p01_1602397845__order=reverse'],12480179712,19654508544,7174328832,0.36502204142825706,5304745984,1,2129,2129,2304,2304
489,443,FORWARD,,1,0,8,,1,['3a25b0d8:o1:d24:aug16:geom=transpose__color=p01_1602397845__order=reverse'],12480180224,19654508544,7174328320,0.36502201537825435,5304745984,1,2130,2130,2304,2304
490,444,FORWARD,,1,0,8,,1,['3a25b0d8:o1:d24:aug16:geom=transpose__color=p01_1602397845__order=reverse'],12480180736,19654508544,7174327808,0.3650219893282517,5304745984,1,2131,2131,2304,2304
491,445,FORWARD,,1,0,8,,1,['3a25b0d8:o1:d24:aug16:geom=transpose__color=p01_1602397845__order=reverse'],12480181248,19654508544,7174327296,0.36502196327824904,5304745984,1,2132,2132,2304,2304
492,446,FORWARD,,1,0,8,,1,['3a25b0d8:o1:d24:aug16:geom=transpose__color=p01_1602397845__order=reverse'],12480181760,19654508544,7174326784,0.3650219372282464,5304745984,1,2133,2133,2304,2304
493,447,FORWARD,,1,0,8,,1,['3a25b0d8:o1:d24:aug16:geom=transpose__color=p01_1602397845__order=reverse'],12480182272,19654508544,7174326272,0.36502191117824373,5304745984,1,2134,2134,2304,2304
494,448,FORWARD,,1,0,8,,1,['3a25b0d8:o1:d24:aug16:geom=transpose__color=p01_1602397845__order=reverse'],12480182784,19654508544,7174325760,0.365021885128241,5304745984,1,2135,2135,2304,2304
495,449,FORWARD,,1,0,8,,1,['3a25b0d8:o1:d24:aug16:geom=transpose__color=p01_1602397845__order=reverse'],12480183296,19654508544,7174325248,0.36502185907823836,5304745984,1,2136,2136,2304,2304
496,450,FORWARD,,1,0,8,,1,['3a25b0d8:o1:d24:aug16:geom=transpose__color=p01_1602397845__order=reverse'],12480183808,19654508544,7174324736,0.3650218330282357,5304745984,1,2137,2137,2304,2304
497,451,FORWARD,,1,0,8,,1,['3a25b0d8:o1:d24:aug16:geom=transpose__color=p01_1602397845__order=reverse'],12480184320,19654508544,7174324224,0.36502180697823305,5304745984,1,2138,2138,2304,2304
498,452,FORWARD,,1,0,8,,1,['3a25b0d8:o1:d24:aug16:geom=transpose__color=p01_1602397845__order=reverse'],12480184832,19654508544,7174323712,0.36502178092823034,5304745984,1,2139,2139,2304,2304
499,453,FORWARD,,1,0,8,,1,['3a25b0d8:o1:d24:aug16:geom=transpose__color=p01_1602397845__order=reverse'],12480185344,19654508544,7174323200,0.3650217548782277,5304745984,1,2140,2140,2304,2304
500,454,FORWARD,,1,0,8,,1,['3a25b0d8:o1:d24:aug16:geom=transpose__color=p01_1602397845__order=reverse'],12480185856,19654508544,7174322688,0.36502172882822503,5304745984,1,2141,2141,2304,2304
501,455,FORWARD,,1,0,8,,1,['3a25b0d8:o1:d24:aug16:geom=transpose__color=p01_1602397845__order=reverse'],12480186368,19654508544,7174322176,0.3650217027782224,5304745984,1,2142,2142,2304,2304
502,456,FORWARD,,1,0,8,,1,['3a25b0d8:o1:d24:aug16:geom=transpose__color=p01_1602397845__order=reverse'],12480186880,19654508544,7174321664,0.3650216767282197,5304745984,1,2143,2143,2304,2304
503,457,FORWARD,,1,0,8,,1,['3a25b0d8:o1:d24:aug16:geom=transpose__color=p01_1602397845__order=reverse'],12480187392,19654508544,7174321152,0.365021650678217,5304745984,1,2144,2144,2304,2304
504,458,FORWARD,,1,0,8,,1,['3a25b0d8:o1:d24:aug16:geom=transpose__color=p01_1602397845__order=reverse'],12480187904,19654508544,7174320640,0.36502162462821436,5304745984,1,2145,2145,2304,2304
505,459,FORWARD,,1,0,8,,1,['3a25b0d8:o1:d24:aug16:geom=transpose__color=p01_1602397845__order=reverse'],12480188416,19654508544,7174320128,0.3650215985782117,5304745984,1,2146,2146,2304,2304
506,460,FORWARD,,1,0,8,,1,['3a25b0d8:o1:d24:aug16:geom=transpose__color=p01_1602397845__order=reverse'],12480188928,19654508544,7174319616,0.36502157252820905,5304745984,1,2147,2147,2304,2304
507,461,FORWARD,,1,0,8,,1,['3a25b0d8:o1:d24:aug16:geom=transpose__color=p01_1602397845__order=reverse'],12480189440,19654508544,7174319104,0.36502154647820634,5304745984,1,2148,2148,2304,2304
508,462,FORWARD,,1,0,8,,1,['3a25b0d8:o1:d24:aug16:geom=transpose__color=p01_1602397845__order=reverse'],12480189952,19654508544,7174318592,0.3650215204282037,5304745984,1,2149,2149,2304,2304
509,463,FORWARD,,1,0,8,,1,['3a25b0d8:o1:d24:aug16:geom=transpose__color=p01_1602397845__order=reverse'],12480190464,19654508544,7174318080,0.36502149437820103,5304745984,1,2150,2150,2304,2304
510,464,FORWARD,,1,0,8,,1,['3a25b0d8:o1:d24:aug16:geom=transpose__color=p01_1602397845__order=reverse'],12480190976,19654508544,7174317568,0.3650214683281984,5304745984,1,2151,2151,2304,2304
511,465,FORWARD,,1,0,8,,1,['3a25b0d8:o1:d24:aug16:geom=transpose__color=p01_1602397845__order=reverse'],12480191488,19654508544,7174317056,0.36502144227819566,5304745984,1,2152,2152,2304,2304
512,466,FORWARD,,1,0,8,,1,['3a25b0d8:o1:d24:aug16:geom=transpose__color=p01_1602397845__order=reverse'],12480192000,19654508544,7174316544,0.365021416228193,5304745984,1,2153,2153,2304,2304
513,467,FORWARD,,1,0,8,,1,['3a25b0d8:o1:d24:aug16:geom=transpose__color=p01_1602397845__order=reverse'],12480192512,19654508544,7174316032,0.36502139017819035,5304745984,1,2154,2154,2304,2304
514,468,FORWARD,,1,0,8,,1,['3a25b0d8:o1:d24:aug16:geom=transpose__color=p01_1602397845__order=reverse'],12480193024,19654508544,7174315520,0.3650213641281877,5304745984,1,2155,2155,2304,2304
515,469,FORWARD,,1,0,8,,1,['3a25b0d8:o1:d24:aug16:geom=transpose__color=p01_1602397845__order=reverse'],12480193536,19654508544,7174315008,0.36502133807818504,5304745984,1,2156,2156,2304,2304
516,470,FORWARD,,1,0,8,,1,['3a25b0d8:o1:d24:aug16:geom=transpose__color=p01_1602397845__order=reverse'],12480194048,19654508544,7174314496,0.36502131202818233,5304745984,1,2157,2157,2304,2304
517,471,FORWARD,,1,0,8,,1,['3a25b0d8:o1:d24:aug16:geom=transpose__color=p01_1602397845__order=reverse'],12480194560,19654508544,7174313984,0.3650212859781797,5304745984,1,2158,2158,2304,2304
518,472,FORWARD,,1,0,8,,1,['3a25b0d8:o1:d24:aug16:geom=transpose__color=p01_1602397845__order=reverse'],12480195072,19654508544,7174313472,0.365021259928177,5304745984,1,2159,2159,2304,2304
519,473,FORWARD,,1,0,8,,1,['3a25b0d8:o1:d24:aug16:geom=transpose__color=p01_1602397845__order=reverse'],12480195584,19654508544,7174312960,0.36502123387817437,5304745984,1,2160,2160,2304,2304
520,474,FORWARD,,1,0,8,,1,['3a25b0d8:o1:d24:aug16:geom=transpose__color=p01_1602397845__order=reverse'],12480196096,19654508544,7174312448,0.36502120782817166,5304745984,1,2161,2161,2304,2304
521,475,FORWARD,,1,0,8,,1,['3a25b0d8:o1:d24:aug16:geom=transpose__color=p01_1602397845__order=reverse'],12480196608,19654508544,7174311936,0.365021181778169,5304745984,1,2162,2162,2304,2304
522,476,FORWARD,,1,0,8,,1,['3a25b0d8:o1:d24:aug16:geom=transpose__color=p01_1602397845__order=reverse'],12480197120,19654508544,7174311424,0.36502115572816635,5304745984,1,2163,2163,2304,2304
523,477,FORWARD,,1,0,8,,1,['3a25b0d8:o1:d24:aug16:geom=transpose__color=p01_1602397845__order=reverse'],12480197632,19654508544,7174310912,0.3650211296781637,5304745984,1,2164,2164,2304,2304
524,478,FORWARD,,1,0,8,,1,['3a25b0d8:o1:d24:aug16:geom=transpose__color=p01_1602397845__order=reverse'],12480198144,19654508544,7174310400,0.36502110362816104,5304745984,1,2165,2165,2304,2304
525,479,FORWARD,,1,0,8,,1,['3a25b0d8:o1:d24:aug16:geom=transpose__color=p01_1602397845__order=reverse'],12480198656,19654508544,7174309888,0.3650210775781583,5304745984,1,2166,2166,2304,2304
526,480,FORWARD,,1,0,8,,1,['3a25b0d8:o1:d24:aug16:geom=transpose__color=p01_1602397845__order=reverse'],12480199168,19654508544,7174309376,0.36502105152815567,5304745984,1,2167,2167,2304,2304
527,481,FORWARD,,1,0,8,,1,['3a25b0d8:o1:d24:aug16:geom=transpose__color=p01_1602397845__order=reverse'],12480199680,19654508544,7174308864,0.365021025478153,5304745984,1,2168,2168,2304,2304
528,482,FORWARD,,1,0,8,,1,['3a25b0d8:o1:d24:aug16:geom=transpose__color=p01_1602397845__order=reverse'],12480200192,19654508544,7174308352,0.36502099942815036,5304745984,1,2169,2169,2304,2304
529,483,FORWARD,,1,0,8,,1,['3a25b0d8:o1:d24:aug16:geom=transpose__color=p01_1602397845__order=reverse'],12480200704,19654508544,7174307840,0.36502097337814765,5304745984,1,2170,2170,2304,2304
530,484,FORWARD,,1,0,8,,1,['3a25b0d8:o1:d24:aug16:geom=transpose__color=p01_1602397845__order=reverse'],12480201216,19654508544,7174307328,0.365020947328145,5304745984,1,2171,2171,2304,2304
531,485,FORWARD,,1,0,8,,1,['3a25b0d8:o1:d24:aug16:geom=transpose__color=p01_1602397845__order=reverse'],12480201728,19654508544,7174306816,0.36502092127814234,5304745984,1,2172,2172,2304,2304
532,486,FORWARD,,1,0,8,,1,['3a25b0d8:o1:d24:aug16:geom=transpose__color=p01_1602397845__order=reverse'],12480202240,19654508544,7174306304,0.3650208952281397,5304745984,1,2173,2173,2304,2304
533,487,FORWARD,,1,0,8,,1,['3a25b0d8:o1:d24:aug16:geom=transpose__color=p01_1602397845__order=reverse'],12480202752,19654508544,7174305792,0.36502086917813703,5304745984,1,2174,2174,2304,2304
534,488,FORWARD,,1,0,8,,1,['3a25b0d8:o1:d24:aug16:geom=transpose__color=p01_1602397845__order=reverse'],12480203264,19654508544,7174305280,0.3650208431281343,5304745984,1,2175,2175,2304,2304
535,489,FORWARD,,1,0,8,,1,['3a25b0d8:o1:d24:aug16:geom=transpose__color=p01_1602397845__order=reverse'],12480203776,19654508544,7174304768,0.36502081707813167,5304745984,1,2176,2176,2304,2304
536,490,FORWARD,,1,0,8,,1,['3a25b0d8:o1:d24:aug16:geom=transpose__color=p01_1602397845__order=reverse'],12480204288,19654508544,7174304256,0.365020791028129,5304745984,1,2177,2177,2304,2304
537,491,FORWARD,,1,0,8,,1,['3a25b0d8:o1:d24:aug16:geom=transpose__color=p01_1602397845__order=reverse'],12480204800,19654508544,7174303744,0.36502076497812636,5304745984,1,2178,2178,2304,2304
538,492,FORWARD,,1,0,8,,1,['3a25b0d8:o1:d24:aug16:geom=transpose__color=p01_1602397845__order=reverse'],12480205312,19654508544,7174303232,0.36502073892812364,5304745984,1,2179,2179,2304,2304
539,493,FORWARD,,1,0,8,,1,['3a25b0d8:o1:d24:aug16:geom=transpose__color=p01_1602397845__order=reverse'],12480205824,19654508544,7174302720,0.365020712878121,5304745984,1,2180,2180,2304,2304
540,494,FORWARD,,1,0,8,,1,['3a25b0d8:o1:d24:aug16:geom=transpose__color=p01_1602397845__order=reverse'],12480206336,19654508544,7174302208,0.36502068682811833,5304745984,1,2181,2181,2304,2304
541,495,FORWARD,,1,0,8,,1,['3a25b0d8:o1:d24:aug16:geom=transpose__color=p01_1602397845__order=reverse'],12480206848,19654508544,7174301696,0.3650206607781157,5304745984,1,2182,2182,2304,2304
542,496,FORWARD,,1,0,8,,1,['3a25b0d8:o1:d24:aug16:geom=transpose__color=p01_1602397845__order=reverse'],12480207360,19654508544,7174301184,0.36502063472811297,5304745984,1,2183,2183,2304,2304
543,497,FORWARD,,1,0,8,,1,['3a25b0d8:o1:d24:aug16:geom=transpose__color=p01_1602397845__order=reverse'],12480207872,19654508544,7174300672,0.3650206086781103,5304745984,1,2184,2184,2304,2304
544,498,FORWARD,,1,0,8,,1,['3a25b0d8:o1:d24:aug16:geom=transpose__color=p01_1602397845__order=reverse'],12480208384,19654508544,7174300160,0.36502058262810766,5304745984,1,2185,2185,2304,2304
545,499,FORWARD,,1,0,8,,1,['3a25b0d8:o1:d24:aug16:geom=transpose__color=p01_1602397845__order=reverse'],12480208896,19654508544,7174299648,0.365020556578105,5304745984,1,2186,2186,2304,2304
546,500,FORWARD,,1,0,8,,1,['3a25b0d8:o1:d24:aug16:geom=transpose__color=p01_1602397845__order=reverse'],12480209408,19654508544,7174299136,0.36502053052810235,5304745984,1,2187,2187,2304,2304
547,501,FORWARD,,1,0,8,,1,['3a25b0d8:o1:d24:aug16:geom=transpose__color=p01_1602397845__order=reverse'],12480209920,19654508544,7174298624,0.36502050447809964,5304745984,1,2188,2188,2304,2304
548,502,FORWARD,,1,0,8,,1,['3a25b0d8:o1:d24:aug16:geom=transpose__color=p01_1602397845__order=reverse'],12480210432,19654508544,7174298112,0.365020478428097,5304745984,1,2189,2189,2304,2304
549,503,FORWARD,,1,0,8,,1,['3a25b0d8:o1:d24:aug16:geom=transpose__color=p01_1602397845__order=reverse'],12480210944,19654508544,7174297600,0.36502045237809433,5304745984,1,2190,2190,2304,2304
550,504,FORWARD,,1,0,8,,1,['3a25b0d8:o1:d24:aug16:geom=transpose__color=p01_1602397845__order=reverse'],12480211456,19654508544,7174297088,0.3650204263280917,5304745984,1,2191,2191,2304,2304
551,505,FORWARD,,1,0,8,,1,['3a25b0d8:o1:d24:aug16:geom=transpose__color=p01_1602397845__order=reverse'],12480211968,19654508544,7174296576,0.36502040027808896,5304745984,1,2192,2192,2304,2304
552,506,FORWARD,,1,0,8,,1,['3a25b0d8:o1:d24:aug16:geom=transpose__color=p01_1602397845__order=reverse'],12480212480,19654508544,7174296064,0.3650203742280863,5304745984,1,2193,2193,2304,2304
553,507,FORWARD,,1,0,8,,1,['3a25b0d8:o1:d24:aug16:geom=transpose__color=p01_1602397845__order=reverse'],12480212992,19654508544,7174295552,0.36502034817808365,5304745984,1,2194,2194,2304,2304
554,508,FORWARD,,1,0,8,,1,['3a25b0d8:o1:d24:aug16:geom=transpose__color=p01_1602397845__order=reverse'],12480213504,19654508544,7174295040,0.365020322128081,5304745984,1,2195,2195,2304,2304
555,509,FORWARD,,1,0,8,,1,['3a25b0d8:o1:d24:aug16:geom=transpose__color=p01_1602397845__order=reverse'],12480214016,19654508544,7174294528,0.36502029607807834,5304745984,1,2196,2196,2304,2304
556,510,FORWARD,,1,0,8,,1,['3a25b0d8:o1:d24:aug16:geom=transpose__color=p01_1602397845__order=reverse'],12480214528,19654508544,7174294016,0.36502027002807563,5304745984,1,2197,2197,2304,2304
557,511,FORWARD,,1,0,8,,1,['3a25b0d8:o1:d24:aug16:geom=transpose__color=p01_1602397845__order=reverse'],12480215040,19654508544,7174293504,0.365020243978073,5304745984,1,2198,2198,2304,2304
558,512,FORWARD,,1,0,8,,1,['3a25b0d8:o1:d24:aug16:geom=transpose__color=p01_1602397845__order=reverse'],12480215552,19654508544,7174292992,0.3650202179280703,5304745984,1,2199,2199,2304,2304
559,512,TERMINATE,3a25b0d8:o1:d24:aug16:geom=transpose__color=p01_1602397845__order=reverse,1,0,8,budget_exhausted,1,['3a25b0d8:o1:d24:aug16:geom=transpose__color=p01_1602397845__order=reverse'],12480150528,19654508544,7174358016,0.3650235262784091,5304745984,1,2072,2072,2304,2304
560,512,RELEASE,3a25b0d8:o1:d24:aug16:geom=transpose__color=p01_1602397845__order=reverse,0,0,8,budget_exhausted,1,['3a25b0d8:o1:d24:aug16:geom=transpose__color=p01_1602397845__order=reverse'],12480150528,19654508544,7174358016,0.3650235262784091,5304745984,0,,,,
