event_index,physical_forward_index,event,cell_key,resident_count,pending_count,resident_capacity,termination_reason,physical_batch,selected_cell_keys,memory_allocated_bytes,memory_reserved_bytes,memory_reserved_unallocated_bytes,memory_fragmentation_ratio,memory_driver_free_bytes,cache_owner_count,cache_valid_length_min,cache_valid_length_max,cache_capacity_length_min,cache_capacity_length_max
1,0,ADMIT,3a25b0d8:o1:d24:aug16:geom=identity__color=id__order=canonical,1,8,8,,,[],8740157440,9762242560,1022085120,0.10469777960526316,15197011968,1,2078,2078,2304,2304
2,0,ADMIT,3a25b0d8:o1:d24:aug16:geom=flip_ud__color=id__order=canonical,2,8,8,,,[],9079896576,9762242560,682345984,0.06989643822167024,15197011968,2,2078,2078,2304,2304
3,0,ADMIT,3a25b0d8:o1:d24:aug16:geom=transpose__color=id__order=canonical,3,8,8,,,[],9421028352,9950986240,529957888,0.05325682050184405,15008268288,3,2072,2078,2304,2304
4,0,ADMIT,3a25b0d8:o1:d24:aug16:geom=anti_transpose__color=id__order=canonical,4,8,8,,,[],9761046016,10341056512,580010496,0.05608812748745184,14618198016,4,2072,2078,2304,2304
5,0,ADMIT,3a25b0d8:o1:d24:aug16:geom=rot90__color=id__order=canonical,5,8,8,,,[],10100785152,10705960960,605175808,0.05652699559255632,14253293568,5,2072,2078,2304,2304
6,0,ADMIT,3a25b0d8:o1:d24:aug16:geom=rot180__color=id__order=canonical,6,8,8,,,[],10441665024,11112808448,671143424,0.06039368240175033,13846446080,6,2072,2078,2304,2304
7,0,ADMIT,3a25b0d8:o1:d24:aug16:geom=rot270__color=id__order=canonical,7,8,8,,,[],10781404160,11442061312,660657152,0.057739347306864,13517193216,7,2072,2078,2304,2304
8,0,ADMIT,3a25b0d8:o1:d24:aug16:geom=flip_lr__color=id__order=canonical,8,8,8,,,[],11122159104,11836325888,714166784,0.06033686388476701,13122928640,8,2072,2078,2304,2304
9,1,FORWARD,,8,8,8,,4,"['3a25b0d8:o1:d24:aug16:geom=identity__color=id__order=canonical', '3a25b0d8:o1:d24:aug16:geom=flip_ud__color=id__order=canonical', '3a25b0d8:o1:d24:aug16:geom=rot180__color=id__order=canonical', '3a25b0d8:o1:d24:aug16:geom=flip_lr__color=id__order=canonical']",11122159104,11836325888,714166784,0.06033686388476701,13122928640,8,2072,2078,2304,2304
10,2,FORWARD,,8,8,8,,4,"['3a25b0d8:o1:d24:aug16:geom=identity__color=id__order=canonical', '3a25b0d8:o1:d24:aug16:geom=flip_ud__color=id__order=canonical', '3a25b0d8:o1:d24:aug16:geom=rot180__color=id__order=canonical', '3a25b0d8:o1:d24:aug16:geom=flip_lr__color=id__order=canonical']",11122159616,14365491200,3243331584,0.22577241104014598,10593763328,8,2072,2079,2304,2304
11,3,FORWARD,,8,8,8,,4,"['3a25b0d8:o1:d24:aug16:geom=identity__color=id__order=canonical', '3a25b0d8:o1:d24:aug16:geom=flip_ud__color=id__order=canonical', '3a25b0d8:o1:d24:aug16:geom=rot180__color=id__order=canonical', '3a25b0d8:o1:d24:aug16:geom=flip_lr__color=id__order=canonical']",11122160128,14365491200,3243331072,0.22577237539917883,10593763328,8,2072,2080,2304,2304
12,4,FORWARD,,8,8,8,,4,"['3a25b0d8:o1:d24:aug16:geom=identity__color=id__order=canonical', '3a25b0d8:o1:d24:aug16:geom=flip_ud__color=id__order=canonical', '3a25b0d8:o1:d24:aug16:geom=rot180__color=id__order=canonical', '3a25b0d8:o1:d24:aug16:geom=flip_lr__color=id__order=canonical']",11122160640,14365491200,3243330560,0.22577233975821168,10593763328,8,2072,2081,2304,2304
13,5,FORWARD,,8,8,8,,4,"['3a25b0d8:o1:d24:aug16:geom=identity__color=id__order=canonical', '3a25b0d8:o1:d24:aug16:geom=flip_ud__color=id__order=canonical', '3a25b0d8:o1:d24:aug16:geom=rot180__color=id__order=canonical', '3a25b0d8:o1:d24:aug16:geom=flip_lr__color=id__order=canonical']",11122161152,14365491200,3243330048,0.22577230411724453,10593763328,8,2072,2082,2304,2304
14,6,FORWARD,,8,8,8,,4,"['3a25b0d8:o1:d24:aug16:geom=identity__color=id__order=canonical', '3a25b0d8:o1:d24:aug16:geom=flip_ud__color=id__order=canonical', '3a25b0d8:o1:d24:aug16:geom=rot180__color=id__order=canonical', '3a25b0d8:o1:d24:aug16:geom=flip_lr__color=id__order=canonical']",11122161664,14365491200,3243329536,0.22577226847627738,10593763328,8,2072,2083,2304,2304
15,7,FORWARD,,8,8,8,,4,"['3a25b0d8:o1:d24:aug16:geom=identity__color=id__order=canonical', '3a25b0d8:o1:d24:aug16:geom=flip_ud__color=id__order=canonical', '3a25b0d8:o1:d24:aug16:geom=rot180__color=id__order=canonical', '3a25b0d8:o1:d24:aug16:geom=flip_lr__color=id__order=canonical']",11122162176,14365491200,3243329024,0.22577223283531023,10593763328,8,2072,2084,2304,2304
16,8,FORWARD,,8,8,8,,4,"['3a25b0d8:o1:d24:aug16:geom=identity__color=id__order=canonical', '3a25b0d8:o1:d24:aug16:geom=flip_ud__color=id__order=canonical', '3a25b0d8:o1:d24:aug16:geom=rot180__color=id__order=canonical', '3a25b0d8:o1:d24:aug16:geom=flip_lr__color=id__order=canonical']",11122162688,14365491200,3243328512,0.22577219719434308,10593763328,8,2072,2085,2304,2304
17,9,FORWARD,,8,8,8,,4,"['3a25b0d8:o1:d24:aug16:geom=identity__color=id__order=canonical', '3a25b0d8:o1:d24:aug16:geom=flip_ud__color=id__order=canonical', '3a25b0d8:o1:d24:aug16:geom=rot180__color=id__order=canonical', '3a25b0d8:o1:d24:aug16:geom=flip_lr__color=id__order=canonical']",11122163200,14365491200,3243328000,0.2257721615533759,10593763328,8,2072,2086,2304,2304
18,10,FORWARD,,8,8,8,,4,"['3a25b0d8:o1:d24:aug16:geom=identity__color=id__order=canonical', '3a25b0d8:o1:d24:aug16:geom=flip_ud__color=id__order=canonical', '3a25b0d8:o1:d24:aug16:geom=rot180__color=id__order=canonical', '3a25b0d8:o1:d24:aug16:geom=flip_lr__color=id__order=canonical']",11122163712,14365491200,3243327488,0.22577212591240875,10593763328,8,2072,2087,2304,2304
19,11,FORWARD,,8,8,8,,4,"['3a25b0d8:o1:d24:aug16:geom=identity__color=id__order=canonical', '3a25b0d8:o1:d24:aug16:geom=flip_ud__color=id__order=canonical', '3a25b0d8:o1:d24:aug16:geom=rot180__color=id__order=canonical', '3a25b0d8:o1:d24:aug16:geom=flip_lr__color=id__order=canonical']",11122164224,14365491200,3243326976,0.2257720902714416,10593763328,8,2072,2088,2304,2304
20,12,FORWARD,,8,8,8,,4,"['3a25b0d8:o1:d24:aug16:geom=identity__color=id__order=canonical', '3a25b0d8:o1:d24:aug16:geom=flip_ud__color=id__order=canonical', '3a25b0d8:o1:d24:aug16:geom=rot180__color=id__order=canonical', '3a25b0d8:o1:d24:aug16:geom=flip_lr__color=id__order=canonical']",11122164736,14365491200,3243326464,0.22577205463047445,10593763328,8,2072,2089,2304,2304
21,13,FORWARD,,8,8,8,,4,"['3a25b0d8:o1:d24:aug16:geom=identity__color=id__order=canonical', '3a25b0d8:o1:d24:aug16:geom=flip_ud__color=id__order=canonical', '3a25b0d8:o1:d24:aug16:geom=rot180__color=id__order=canonical', '3a25b0d8:o1:d24:aug16:geom=flip_lr__color=id__order=canonical']",11122165248,14365491200,3243325952,0.2257720189895073,10593763328,8,2072,2090,2304,2304
22,14,FORWARD,,8,8,8,,4,"['3a25b0d8:o1:d24:aug16:geom=identity__color=id__order=canonical', '3a25b0d8:o1:d24:aug16:geom=flip_ud__color=id__order=canonical', '3a25b0d8:o1:d24:aug16:geom=rot180__color=id__order=canonical', '3a25b0d8:o1:d24:aug16:geom=flip_lr__color=id__order=canonical']",11122165760,14365491200,3243325440,0.22577198334854015,10593763328,8,2072,2091,2304,2304
23,15,FORWARD,,8,8,8,,4,"['3a25b0d8:o1:d24:aug16:geom=identity__color=id__order=canonical', '3a25b0d8:o1:d24:aug16:geom=flip_ud__color=id__order=canonical', '3a25b0d8:o1:d24:aug16:geom=rot180__color=id__order=canonical', '3a25b0d8:o1:d24:aug16:geom=flip_lr__color=id__order=canonical']",11122166272,14365491200,3243324928,0.225771947707573,10593763328,8,2072,2092,2304,2304
24,16,FORWARD,,8,8,8,,4,"['3a25b0d8:o1:d24:aug16:geom=identity__color=id__order=canonical', '3a25b0d8:o1:d24:aug16:geom=flip_ud__color=id__order=canonical', '3a25b0d8:o1:d24:aug16:geom=rot180__color=id__order=canonical', '3a25b0d8:o1:d24:aug16:geom=flip_lr__color=id__order=canonical']",11122166784,14365491200,3243324416,0.22577191206660585,10593763328,8,2072,2093,2304,2304
25,17,FORWARD,,8,8,8,,4,"['3a25b0d8:o1:d24:aug16:geom=identity__color=id__order=canonical', '3a25b0d8:o1:d24:aug16:geom=flip_ud__color=id__order=canonical', '3a25b0d8:o1:d24:aug16:geom=rot180__color=id__order=canonical', '3a25b0d8:o1:d24:aug16:geom=flip_lr__color=id__order=canonical']",11122167296,14365491200,3243323904,0.22577187642563867,10593763328,8,2072,2094,2304,2304
26,18,FORWARD,,8,8,8,,4,"['3a25b0d8:o1:d24:aug16:geom=identity__color=id__order=canonical', '3a25b0d8:o1:d24:aug16:geom=flip_ud__color=id__order=canonical', '3a25b0d8:o1:d24:aug16:geom=rot180__color=id__order=canonical', '3a25b0d8:o1:d24:aug16:geom=flip_lr__color=id__order=canonical']",11122167808,14365491200,3243323392,0.22577184078467152,10593763328,8,2072,2095,2304,2304
27,19,FORWARD,,8,8,8,,4,"['3a25b0d8:o1:d24:aug16:geom=identity__color=id__order=canonical', '3a25b0d8:o1:d24:aug16:geom=flip_ud__color=id__order=canonical', '3a25b0d8:o1:d24:aug16:geom=rot180__color=id__order=canonical', '3a25b0d8:o1:d24:aug16:geom=flip_lr__color=id__order=canonical']",11122168320,14365491200,3243322880,0.22577180514370437,10593763328,8,2072,2096,2304,2304
28,20,FORWARD,,8,8,8,,4,"['3a25b0d8:o1:d24:aug16:geom=identity__color=id__order=canonical', '3a25b0d8:o1:d24:aug16:geom=flip_ud__color=id__order=canonical', '3a25b0d8:o1:d24:aug16:geom=rot180__color=id__order=canonical', '3a25b0d8:o1:d24:aug16:geom=flip_lr__color=id__order=canonical']",11122168832,14365491200,3243322368,0.22577176950273722,10593763328,8,2072,2097,2304,2304
29,21,FORWARD,,8,8,8,,4,"['3a25b0d8:o1:d24:aug16:geom=identity__color=id__order=canonical', '3a25b0d8:o1:d24:aug16:geom=flip_ud__color=id__order=canonical', '3a25b0d8:o1:d24:aug16:geom=rot180__color=id__order=canonical', '3a25b0d8:o1:d24:aug16:geom=flip_lr__color=id__order=canonical']",11122169344,14365491200,3243321856,0.22577173386177007,10593763328,8,2072,2098,2304,2304
30,22,FORWARD,,8,8,8,,4,"['3a25b0d8:o1:d24:aug16:geom=identity__color=id__order=canonical', '3a25b0d8:o1:d24:aug16:geom=flip_ud__color=id__order=canonical', '3a25b0d8:o1:d24:aug16:geom=rot180__color=id__order=canonical', '3a25b0d8:o1:d24:aug16:geom=flip_lr__color=id__order=canonical']",11122169856,14365491200,3243321344,0.22577169822080292,10593763328,8,2072,2099,2304,2304
31,23,FORWARD,,8,8,8,,4,"['3a25b0d8:o1:d24:aug16:geom=identity__color=id__order=canonical', '3a25b0d8:o1:d24:aug16:geom=flip_ud__color=id__order=canonical', '3a25b0d8:o1:d24:aug16:geom=rot180__color=id__order=canonical', '3a25b0d8:o1:d24:aug16:geom=flip_lr__color=id__order=canonical']",11122170368,14365491200,3243320832,0.22577166257983577,10593763328,8,2072,2100,2304,2304
32,24,FORWARD,,8,8,8,,4,"['3a25b0d8:o1:d24:aug16:geom=identity__color=id__order=canonical', '3a25b0d8:o1:d24:aug16:geom=flip_ud__color=id__order=canonical', '3a25b0d8:o1:d24:aug16:geom=rot180__color=id__order=canonical', '3a25b0d8:o1:d24:aug16:geom=flip_lr__color=id__order=canonical']",11122170880,14365491200,3243320320,0.22577162693886862,10593763328,8,2072,2101,2304,2304
33,25,FORWARD,,8,8,8,,4,"['3a25b0d8:o1:d24:aug16:geom=identity__color=id__order=canonical', '3a25b0d8:o1:d24:aug16:geom=flip_ud__color=id__order=canonical', '3a25b0d8:o1:d24:aug16:geom=rot180__color=id__order=canonical', '3a25b0d8:o1:d24:aug16:geom=flip_lr__color=id__order=canonical']",11122171392,14365491200,3243319808,0.22577159129790145,10593763328,8,2072,2102,2304,2304
34,26,FORWARD,,8,8,8,,4,"['3a25b0d8:o1:d24:aug16:geom=identity__color=id__order=canonical', '3a25b0d8:o1:d24:aug16:geom=flip_ud__color=id__order=canonical', '3a25b0d8:o1:d24:aug16:geom=rot180__color=id__order=canonical', '3a25b0d8:o1:d24:aug16:geom=flip_lr__color=id__order=canonical']",11122171904,14365491200,3243319296,0.2257715556569343,10593763328,8,2072,2103,2304,2304
35,27,FORWARD,,8,8,8,,4,"['3a25b0d8:o1:d24:aug16:geom=identity__color=id__order=canonical', '3a25b0d8:o1:d24:aug16:geom=flip_ud__color=id__order=canonical', '3a25b0d8:o1:d24:aug16:geom=rot180__color=id__order=canonical', '3a25b0d8:o1:d24:aug16:geom=flip_lr__color=id__order=canonical']",11122172416,14365491200,3243318784,0.22577152001596715,10593763328,8,2072,2104,2304,2304
36,28,FORWARD,,8,8,8,,4,"['3a25b0d8:o1:d24:aug16:geom=identity__color=id__order=canonical', '3a25b0d8:o1:d24:aug16:geom=flip_ud__color=id__order=canonical', '3a25b0d8:o1:d24:aug16:geom=rot180__color=id__order=canonical', '3a25b0d8:o1:d24:aug16:geom=flip_lr__color=id__order=canonical']",11122172928,14365491200,3243318272,0.225771484375,10593763328,8,2072,2105,2304,2304
37,29,FORWARD,,8,8,8,,4,"['3a25b0d8:o1:d24:aug16:geom=identity__color=id__order=canonical', '3a25b0d8:o1:d24:aug16:geom=flip_ud__color=id__order=canonical', '3a25b0d8:o1:d24:aug16:geom=rot180__color=id__order=canonical', '3a25b0d8:o1:d24:aug16:geom=flip_lr__color=id__order=canonical']",11122173440,14365491200,3243317760,0.22577144873403285,10593763328,8,2072,2106,2304,2304
38,30,FORWARD,,8,8,8,,4,"['3a25b0d8:o1:d24:aug16:geom=identity__color=id__order=canonical', '3a25b0d8:o1:d24:aug16:geom=flip_ud__color=id__order=canonical', '3a25b0d8:o1:d24:aug16:geom=rot180__color=id__order=canonical', '3a25b0d8:o1:d24:aug16:geom=flip_lr__color=id__order=canonical']",11122173952,14365491200,3243317248,0.2257714130930657,10593763328,8,2072,2107,2304,2304
39,31,FORWARD,,8,8,8,,4,"['3a25b0d8:o1:d24:aug16:geom=identity__color=id__order=canonical', '3a25b0d8:o1:d24:aug16:geom=flip_ud__color=id__order=canonical', '3a25b0d8:o1:d24:aug16:geom=rot180__color=id__order=canonical', '3a25b0d8:o1:d24:aug16:geom=flip_lr__color=id__order=canonical']",11122174464,14365491200,3243316736,0.22577137745209855,10593763328,8,2072,2108,2304,2304
40,32,FORWARD,,8,8,8,,4,"['3a25b0d8:o1:d24:aug16:geom=identity__color=id__order=canonical', '3a25b0d8:o1:d24:aug16:geom=flip_ud__color=id__order=canonical', '3a25b0d8:o1:d24:aug16:geom=rot180__color=id__order=canonical', '3a25b0d8:o1:d24:aug16:geom=flip_lr__color=id__order=canonical']",11122174976,14365491200,3243316224,0.2257713418111314,10593763328,8,2072,2109,2304,2304
41,33,FORWARD,,8,8,8,,4,"['3a25b0d8:o1:d24:aug16:geom=identity__color=id__order=canonical', '3a25b0d8:o1:d24:aug16:geom=flip_ud__color=id__order=canonical', '3a25b0d8:o1:d24:aug16:geom=rot180__color=id__order=canonical', '3a25b0d8:o1:d24:aug16:geom=flip_lr__color=id__order=canonical']",11122175488,14365491200,3243315712,0.22577130617016422,10593763328,8,2072,2110,2304,2304
42,34,FORWARD,,8,8,8,,4,"['3a25b0d8:o1:d24:aug16:geom=identity__color=id__order=canonical', '3a25b0d8:o1:d24:aug16:geom=flip_ud__color=id__order=canonical', '3a25b0d8:o1:d24:aug16:geom=rot180__color=id__order=canonical', '3a25b0d8:o1:d24:aug16:geom=flip_lr__color=id__order=canonical']",11122176000,14365491200,3243315200,0.22577127052919707,10593763328,8,2072,2111,2304,2304
43,35,FORWARD,,8,8,8,,4,"['3a25b0d8:o1:d24:aug16:geom=identity__color=id__order=canonical', '3a25b0d8:o1:d24:aug16:geom=flip_ud__color=id__order=canonical', '3a25b0d8:o1:d24:aug16:geom=rot180__color=id__order=canonical', '3a25b0d8:o1:d24:aug16:geom=flip_lr__color=id__order=canonical']",11122176512,14365491200,3243314688,0.22577123488822992,10593763328,8,2072,2112,2304,2304
44,36,FORWARD,,8,8,8,,4,"['3a25b0d8:o1:d24:aug16:geom=identity__color=id__order=canonical', '3a25b0d8:o1:d24:aug16:geom=flip_ud__color=id__order=canonical', '3a25b0d8:o1:d24:aug16:geom=rot180__color=id__order=canonical', '3a25b0d8:o1:d24:aug16:geom=flip_lr__color=id__order=canonical']",11122177024,14365491200,3243314176,0.22577119924726277,10593763328,8,2072,2113,2304,2304
45,37,FORWARD,,8,8,8,,4,"['3a25b0d8:o1:d24:aug16:geom=identity__color=id__order=canonical', '3a25b0d8:o1:d24:aug16:geom=flip_ud__color=id__order=canonical', '3a25b0d8:o1:d24:aug16:geom=rot180__color=id__order=canonical', '3a25b0d8:o1:d24:aug16:geom=flip_lr__color=id__order=canonical']",11122177536,14365491200,3243313664,0.22577116360629562,10593763328,8,2072,2114,2304,2304
46,38,FORWARD,,8,8,8,,4,"['3a25b0d8:o1:d24:aug16:geom=identity__color=id__order=canonical', '3a25b0d8:o1:d24:aug16:geom=flip_ud__color=id__order=canonical', '3a25b0d8:o1:d24:aug16:geom=rot180__color=id__order=canonical', '3a25b0d8:o1:d24:aug16:geom=flip_lr__color=id__order=canonical']",11122178048,14365491200,3243313152,0.22577112796532847,10593763328,8,2072,2115,2304,2304
47,39,FORWARD,,8,8,8,,4,"['3a25b0d8:o1:d24:aug16:geom=identity__color=id__order=canonical', '3a25b0d8:o1:d24:aug16:geom=flip_ud__color=id__order=canonical', '3a25b0d8:o1:d24:aug16:geom=rot180__color=id__order=canonical', '3a25b0d8:o1:d24:aug16:geom=flip_lr__color=id__order=canonical']",11122178560,14365491200,3243312640,0.22577109232436132,10593763328,8,2072,2116,2304,2304
48,40,FORWARD,,8,8,8,,4,"['3a25b0d8:o1:d24:aug16:geom=identity__color=id__order=canonical', '3a25b0d8:o1:d24:aug16:geom=flip_ud__color=id__order=canonical', '3a25b0d8:o1:d24:aug16:geom=rot180__color=id__order=canonical', '3a25b0d8:o1:d24:aug16:geom=flip_lr__color=id__order=canonical']",11122179072,14365491200,3243312128,0.22577105668339417,10593763328,8,2072,2117,2304,2304
49,41,FORWARD,,8,8,8,,4,"['3a25b0d8:o1:d24:aug16:geom=identity__color=id__order=canonical', '3a25b0d8:o1:d24:aug16:geom=flip_ud__color=id__order=canonical', '3a25b0d8:o1:d24:aug16:geom=rot180__color=id__order=canonical', '3a25b0d8:o1:d24:aug16:geom=flip_lr__color=id__order=canonical']",11122179584,14365491200,3243311616,0.225771021042427,10593763328,8,2072,2118,2304,2304
50,42,FORWARD,,8,8,8,,4,"['3a25b0d8:o1:d24:aug16:geom=identity__color=id__order=canonical', '3a25b0d8:o1:d24:aug16:geom=flip_ud__color=id__order=canonical', '3a25b0d8:o1:d24:aug16:geom=rot180__color=id__order=canonical', '3a25b0d8:o1:d24:aug16:geom=flip_lr__color=id__order=canonical']",11122180096,14365491200,3243311104,0.22577098540145984,10593763328,8,2072,2119,2304,2304
51,43,FORWARD,,8,8,8,,4,"['3a25b0d8:o1:d24:aug16:geom=identity__color=id__order=canonical', '3a25b0d8:o1:d24:aug16:geom=flip_ud__color=id__order=canonical', '3a25b0d8:o1:d24:aug16:geom=rot180__color=id__order=canonical', '3a25b0d8:o1:d24:aug16:geom=flip_lr__color=id__order=canonical']",11122180608,14365491200,3243310592,0.2257709497604927,10593763328,8,2072,2120,2304,2304
52,44,FORWARD,,8,8,8,,4,"['3a25b0d8:o1:d24:aug16:geom=identity__color=id__order=canonical', '3a25b0d8:o1:d24:aug16:geom=flip_ud__color=id__order=canonical', '3a25b0d8:o1:d24:aug16:geom=rot180__color=id__order=canonical', '3a25b0d8:o1:d24:aug16:geom=flip_lr__color=id__order=canonical']",11122181120,14365491200,3243310080,0.22577091411952555,10593763328,8,2072,2121,2304,2304
53,45,FORWARD,,8,8,8,,4,"['3a25b0d8:o1:d24:aug16:geom=identity__color=id__order=canonical', '3a25b0d8:o1:d24:aug16:geom=flip_ud__color=id__order=canonical', '3a25b0d8:o1:d24:aug16:geom=rot180__color=id__order=canonical', '3a25b0d8:o1:d24:aug16:geom=flip_lr__color=id__order=canonical']",11122181632,14365491200,3243309568,0.2257708784785584,10593763328,8,2072,2122,2304,2304
54,46,FORWARD,,8,8,8,,4,"['3a25b0d8:o1:d24:aug16:geom=identity__color=id__order=canonical', '3a25b0d8:o1:d24:aug16:geom=flip_ud__color=id__order=canonical', '3a25b0d8:o1:d24:aug16:geom=rot180__color=id__order=canonical', '3a25b0d8:o1:d24:aug16:geom=flip_lr__color=id__order=canonical']",11122182144,14365491200,3243309056,0.22577084283759125,10593763328,8,2072,2123,2304,2304
55,47,FORWARD,,8,8,8,,4,"['3a25b0d8:o1:d24:aug16:geom=identity__color=id__order=canonical', '3a25b0d8:o1:d24:aug16:geom=flip_ud__color=id__order=canonical', '3a25b0d8:o1:d24:aug16:geom=rot180__color=id__order=canonical', '3a25b0d8:o1:d24:aug16:geom=flip_lr__color=id__order=canonical']",11122182656,14365491200,3243308544,0.2257708071966241,10593763328,8,2072,2124,2304,2304
56,48,FORWARD,,8,8,8,,4,"['3a25b0d8:o1:d24:aug16:geom=identity__color=id__order=canonical', '3a25b0d8:o1:d24:aug16:geom=flip_ud__color=id__order=canonical', '3a25b0d8:o1:d24:aug16:geom=rot180__color=id__order=canonical', '3a25b0d8:o1:d24:aug16:geom=flip_lr__color=id__order=canonical']",11122183168,14365491200,3243308032,0.22577077155565695,10593763328,8,2072,2125,2304,2304
57,49,FORWARD,,8,8,8,,4,"['3a25b0d8:o1:d24:aug16:geom=identity__color=id__order=canonical', '3a25b0d8:o1:d24:aug16:geom=flip_ud__color=id__order=canonical', '3a25b0d8:o1:d24:aug16:geom=rot180__color=id__order=canonical', '3a25b0d8:o1:d24:aug16:geom=flip_lr__color=id__order=canonical']",11122183680,14365491200,3243307520,0.22577073591468977,10593763328,8,2072,2126,2304,2304
58,50,FORWARD,,8,8,8,,4,"['3a25b0d8:o1:d24:aug16:geom=identity__color=id__order=canonical', '3a25b0d8:o1:d24:aug16:geom=flip_ud__color=id__order=canonical', '3a25b0d8:o1:d24:aug16:geom=rot180__color=id__order=canonical', '3a25b0d8:o1:d24:aug16:geom=flip_lr__color=id__order=canonical']",11122184192,14365491200,3243307008,0.22577070027372262,10593763328,8,2072,2127,2304,2304
59,51,FORWARD,,8,8,8,,4,"['3a25b0d8:o1:d24:aug16:geom=identity__color=id__order=canonical', '3a25b0d8:o1:d24:aug16:geom=flip_ud__color=id__order=canonical', '3a25b0d8:o1:d24:aug16:geom=rot180__color=id__order=canonical', '3a25b0d8:o1:d24:aug16:geom=flip_lr__color=id__order=canonical']",11122184704,14365491200,3243306496,0.22577066463275547,10593763328,8,2072,2128,2304,2304
60,52,FORWARD,,8,8,8,,4,"['3a25b0d8:o1:d24:aug16:geom=identity__color=id__order=canonical', '3a25b0d8:o1:d24:aug16:geom=flip_ud__color=id__order=canonical', '3a25b0d8:o1:d24:aug16:geom=rot180__color=id__order=canonical', '3a25b0d8:o1:d24:aug16:geom=flip_lr__color=id__order=canonical']",11122185216,14365491200,3243305984,0.22577062899178832,10593763328,8,2072,2129,2304,2304
61,53,FORWARD,,8,8,8,,4,"['3a25b0d8:o1:d24:aug16:geom=identity__color=id__order=canonical', '3a25b0d8:o1:d24:aug16:geom=flip_ud__color=id__order=canonical', '3a25b0d8:o1:d24:aug16:geom=rot180__color=id__order=canonical', '3a25b0d8:o1:d24:aug16:geom=flip_lr__color=id__order=canonical']",11122185728,14365491200,3243305472,0.22577059335082117,10593763328,8,2072,2130,2304,2304
62,54,FORWARD,,8,8,8,,4,"['3a25b0d8:o1:d24:aug16:geom=identity__color=id__order=canonical', '3a25b0d8:o1:d24:aug16:geom=flip_ud__color=id__order=canonical', '3a25b0d8:o1:d24:aug16:geom=rot180__color=id__order=canonical', '3a25b0d8:o1:d24:aug16:geom=flip_lr__color=id__order=canonical']",11122186240,14365491200,3243304960,0.22577055770985402,10593763328,8,2072,2131,2304,2304
63,55,FORWARD,,8,8,8,,4,"['3a25b0d8:o1:d24:aug16:geom=identity__color=id__order=canonical', '3a25b0d8:o1:d24:aug16:geom=flip_ud__color=id__order=canonical', '3a25b0d8:o1:d24:aug16:geom=rot180__color=id__order=canonical', '3a25b0d8:o1:d24:aug16:geom=flip_lr__color=id__order=canonical']",11122186752,14365491200,3243304448,0.22577052206888687,10593763328,8,2072,2132,2304,2304
64,56,FORWARD,,8,8,8,,4,"['3a25b0d8:o1:d24:aug16:geom=identity__color=id__order=canonical', '3a25b0d8:o1:d24:aug16:geom=flip_ud__color=id__order=canonical', '3a25b0d8:o1:d24:aug16:geom=rot180__color=id__order=canonical', '3a25b0d8:o1:d24:aug16:geom=flip_lr__color=id__order=canonical']",11122187264,14365491200,3243303936,0.22577048642791972,10593763328,8,2072,2133,2304,2304
65,57,FORWARD,,8,8,8,,4,"['3a25b0d8:o1:d24:aug16:geom=identity__color=id__order=canonical', '3a25b0d8:o1:d24:aug16:geom=flip_ud__color=id__order=canonical', '3a25b0d8:o1:d24:aug16:geom=rot180__color=id__order=canonical', '3a25b0d8:o1:d24:aug16:geom=flip_lr__color=id__order=canonical']",11122187776,14365491200,3243303424,0.22577045078695254,10593763328,8,2072,2134,2304,2304
66,58,FORWARD,,8,8,8,,4,"['3a25b0d8:o1:d24:aug16:geom=identity__color=id__order=canonical', '3a25b0d8:o1:d24:aug16:geom=flip_ud__color=id__order=canonical', '3a25b0d8:o1:d24:aug16:geom=rot180__color=id__order=canonical', '3a25b0d8:o1:d24:aug16:geom=flip_lr__color=id__order=canonical']",11122188288,14365491200,3243302912,0.2257704151459854,10593763328,8,2072,2135,2304,2304
67,59,FORWARD,,8,8,8,,4,"['3a25b0d8:o1:d24:aug16:geom=identity__color=id__order=canonical', '3a25b0d8:o1:d24:aug16:geom=flip_ud__color=id__order=canonical', '3a25b0d8:o1:d24:aug16:geom=rot180__color=id__order=canonical', '3a25b0d8:o1:d24:aug16:geom=flip_lr__color=id__order=canonical']",11122188800,14365491200,3243302400,0.22577037950501824,10593763328,8,2072,2136,2304,2304
68,60,FORWARD,,8,8,8,,4,"['3a25b0d8:o1:d24:aug16:geom=identity__color=id__order=canonical', '3a25b0d8:o1:d24:aug16:geom=flip_ud__color=id__order=canonical', '3a25b0d8:o1:d24:aug16:geom=rot180__color=id__order=canonical', '3a25b0d8:o1:d24:aug16:geom=flip_lr__color=id__order=canonical']",11122189312,14365491200,3243301888,0.2257703438640511,10593763328,8,2072,2137,2304,2304
69,61,FORWARD,,8,8,8,,4,"['3a25b0d8:o1:d24:aug16:geom=identity__color=id__order=canonical', '3a25b0d8:o1:d24:aug16:geom=flip_ud__color=id__order=canonical', '3a25b0d8:o1:d24:aug16:geom=rot180__color=id__order=canonical', '3a25b0d8:o1:d24:aug16:geom=flip_lr__color=id__order=canonical']",11122189824,14365491200,3243301376,0.22577030822308394,10593763328,8,2072,2138,2304,2304
70,62,FORWARD,,8,8,8,,4,"['3a25b0d8:o1:d24:aug16:geom=identity__color=id__order=canonical', '3a25b0d8:o1:d24:aug16:geom=flip_ud__color=id__order=canonical', '3a25b0d8:o1:d24:aug16:geom=rot180__color=id__order=canonical', '3a25b0d8:o1:d24:aug16:geom=flip_lr__color=id__order=canonical']",11122190336,14365491200,3243300864,0.2257702725821168,10593763328,8,2072,2139,2304,2304
71,63,FORWARD,,8,8,8,,4,"['3a25b0d8:o1:d24:aug16:geom=identity__color=id__order=canonical', '3a25b0d8:o1:d24:aug16:geom=flip_ud__color=id__order=canonical', '3a25b0d8:o1:d24:aug16:geom=rot180__color=id__order=canonical', '3a25b0d8:o1:d24:aug16:geom=flip_lr__color=id__order=canonical']",11122190848,14365491200,3243300352,0.22577023694114964,10593763328,8,2072,2140,2304,2304
72,64,FORWARD,,8,8,8,,4,"['3a25b0d8:o1:d24:aug16:geom=identity__color=id__order=canonical', '3a25b0d8:o1:d24:aug16:geom=flip_ud__color=id__order=canonical', '3a25b0d8:o1:d24:aug16:geom=rot180__color=id__order=canonical', '3a25b0d8:o1:d24:aug16:geom=flip_lr__color=id__order=canonical']",11122191360,14365491200,3243299840,0.2257702013001825,10593763328,8,2072,2141,2304,2304
73,65,FORWARD,,8,8,8,,4,"['3a25b0d8:o1:d24:aug16:geom=identity__color=id__order=canonical', '3a25b0d8:o1:d24:aug16:geom=flip_ud__color=id__order=canonical', '3a25b0d8:o1:d24:aug16:geom=rot180__color=id__order=canonical', '3a25b0d8:o1:d24:aug16:geom=flip_lr__color=id__order=canonical']",11122191872,14365491200,3243299328,0.22577016565921532,10593763328,8,2072,2142,2304,2304
74,66,FORWARD,,8,8,8,,4,"['3a25b0d8:o1:d24:aug16:geom=identity__color=id__order=canonical', '3a25b0d8:o1:d24:aug16:geom=flip_ud__color=id__order=canonical', '3a25b0d8:o1:d24:aug16:geom=rot180__color=id__order=canonical', '3a25b0d8:o1:d24:aug16:geom=flip_lr__color=id__order=canonical']",11122192384,14365491200,3243298816,0.22577013001824817,10593763328,8,2072,2143,2304,2304
75,67,FORWARD,,8,8,8,,4,"['3a25b0d8:o1:d24:aug16:geom=identity__color=id__order=canonical', '3a25b0d8:o1:d24:aug16:geom=flip_ud__color=id__order=canonical', '3a25b0d8:o1:d24:aug16:geom=rot180__color=id__order=canonical', '3a25b0d8:o1:d24:aug16:geom=flip_lr__color=id__order=canonical']",11122192896,14365491200,3243298304,0.22577009437728102,10593763328,8,2072,2144,2304,2304
76,68,FORWARD,,8,8,8,,4,"['3a25b0d8:o1:d24:aug16:geom=identity__color=id__order=canonical', '3a25b0d8:o1:d24:aug16:geom=flip_ud__color=id__order=canonical', '3a25b0d8:o1:d24:aug16:geom=rot180__color=id__order=canonical', '3a25b0d8:o1:d24:aug16:geom=flip_lr__color=id__order=canonical']",11122193408,14365491200,3243297792,0.22577005873631387,10593763328,8,2072,2145,2304,2304
77,69,FORWARD,,8,8,8,,4,"['3a25b0d8:o1:d24:aug16:geom=identity__color=id__order=canonical', '3a25b0d8:o1:d24:aug16:geom=flip_ud__color=id__order=canonical', '3a25b0d8:o1:d24:aug16:geom=rot180__color=id__order=canonical', '3a25b0d8:o1:d24:aug16:geom=flip_lr__color=id__order=canonical']",11122193920,14365491200,3243297280,0.22577002309534672,10593763328,8,2072,2146,2304,2304
78,70,FORWARD,,8,8,8,,4,"['3a25b0d8:o1:d24:aug16:geom=identity__color=id__order=canonical', '3a25b0d8:o1:d24:aug16:geom=flip_ud__color=id__order=canonical', '3a25b0d8:o1:d24:aug16:geom=rot180__color=id__order=canonical', '3a25b0d8:o1:d24:aug16:geom=flip_lr__color=id__order=canonical']",11122194432,14365491200,3243296768,0.22576998745437957,10593763328,8,2072,2147,2304,2304
79,71,FORWARD,,8,8,8,,4,"['3a25b0d8:o1:d24:aug16:geom=identity__color=id__order=canonical', '3a25b0d8:o1:d24:aug16:geom=flip_ud__color=id__order=canonical', '3a25b0d8:o1:d24:aug16:geom=rot180__color=id__order=canonical', '3a25b0d8:o1:d24:aug16:geom=flip_lr__color=id__order=canonical']",11122194944,14365491200,3243296256,0.22576995181341242,10593763328,8,2072,2148,2304,2304
80,72,FORWARD,,8,8,8,,4,"['3a25b0d8:o1:d24:aug16:geom=identity__color=id__order=canonical', '3a25b0d8:o1:d24:aug16:geom=flip_ud__color=id__order=canonical', '3a25b0d8:o1:d24:aug16:geom=rot180__color=id__order=canonical', '3a25b0d8:o1:d24:aug16:geom=flip_lr__color=id__order=canonical']",11122195456,14365491200,3243295744,0.22576991617244527,10593763328,8,2072,2149,2304,2304
81,73,FORWARD,,8,8,8,,4,"['3a25b0d8:o1:d24:aug16:geom=identity__color=id__order=canonical', '3a25b0d8:o1:d24:aug16:geom=flip_ud__color=id__order=canonical', '3a25b0d8:o1:d24:aug16:geom=rot180__color=id__order=canonical', '3a25b0d8:o1:d24:aug16:geom=flip_lr__color=id__order=canonical']",11122195968,14365491200,3243295232,0.2257698805314781,10593763328,8,2072,2150,2304,2304
82,74,FORWARD,,8,8,8,,4,"['3a25b0d8:o1:d24:aug16:geom=identity__color=id__order=canonical', '3a25b0d8:o1:d24:aug16:geom=flip_ud__color=id__order=canonical', '3a25b0d8:o1:d24:aug16:geom=rot180__color=id__order=canonical', '3a25b0d8:o1:d24:aug16:geom=flip_lr__color=id__order=canonical']",11122196480,14365491200,3243294720,0.22576984489051094,10593763328,8,2072,2151,2304,2304
83,75,FORWARD,,8,8,8,,4,"['3a25b0d8:o1:d24:aug16:geom=identity__color=id__order=canonical', '3a25b0d8:o1:d24:aug16:geom=flip_ud__color=id__order=canonical', '3a25b0d8:o1:d24:aug16:geom=rot180__color=id__order=canonical', '3a25b0d8:o1:d24:aug16:geom=flip_lr__color=id__order=canonical']",11122196992,14365491200,3243294208,0.2257698092495438,10593763328,8,2072,2152,2304,2304
84,76,FORWARD,,8,8,8,,4,"['3a25b0d8:o1:d24:aug16:geom=identity__color=id__order=canonical', '3a25b0d8:o1:d24:aug16:geom=flip_ud__color=id__order=canonical', '3a25b0d8:o1:d24:aug16:geom=rot180__color=id__order=canonical', '3a25b0d8:o1:d24:aug16:geom=flip_lr__color=id__order=canonical']",11122197504,14365491200,3243293696,0.22576977360857664,10593763328,8,2072,2153,2304,2304
85,77,FORWARD,,8,8,8,,4,"['3a25b0d8:o1:d24:aug16:geom=identity__color=id__order=canonical', '3a25b0d8:o1:d24:aug16:geom=flip_ud__color=id__order=canonical', '3a25b0d8:o1:d24:aug16:geom=rot180__color=id__order=canonical', '3a25b0d8:o1:d24:aug16:geom=flip_lr__color=id__order=canonical']",11122198016,14365491200,3243293184,0.2257697379676095,10593763328,8,2072,2154,2304,2304
86,78,FORWARD,,8,8,8,,4,"['3a25b0d8:o1:d24:aug16:geom=identity__color=id__order=canonical', '3a25b0d8:o1:d24:aug16:geom=flip_ud__color=id__order=canonical', '3a25b0d8:o1:d24:aug16:geom=rot180__color=id__order=canonical', '3a25b0d8:o1:d24:aug16:geom=flip_lr__color=id__order=canonical']",11122198528,14365491200,3243292672,0.22576970232664234,10593763328,8,2072,2155,2304,2304
87,79,FORWARD,,8,8,8,,4,"['3a25b0d8:o1:d24:aug16:geom=identity__color=id__order=canonical', '3a25b0d8:o1:d24:aug16:geom=flip_ud__color=id__order=canonical', '3a25b0d8:o1:d24:aug16:geom=rot180__color=id__order=canonical', '3a25b0d8:o1:d24:aug16:geom=flip_lr__color=id__order=canonical']",11122199040,14365491200,3243292160,0.2257696666856752,10593763328,8,2072,2156,2304,2304
88,80,FORWARD,,8,8,8,,4,"['3a25b0d8:o1:d24:aug16:geom=identity__color=id__order=canonical', '3a25b0d8:o1:d24:aug16:geom=flip_ud__color=id__order=canonical', '3a25b0d8:o1:d24:aug16:geom=rot180__color=id__order=canonical', '3a25b0d8:o1:d24:aug16:geom=flip_lr__color=id__order=canonical']",11122199552,14365491200,3243291648,0.22576963104470804,10593763328,8,2072,2157,2304,2304
89,81,FORWARD,,8,8,8,,4,"['3a25b0d8:o1:d24:aug16:geom=identity__color=id__order=canonical', '3a25b0d8:o1:d24:aug16:geom=flip_ud__color=id__order=canonical', '3a25b0d8:o1:d24:aug16:geom=rot180__color=id__order=canonical', '3a25b0d8:o1:d24:aug16:geom=flip_lr__color=id__order=canonical']",11122200064,14365491200,3243291136,0.22576959540374086,10593763328,8,2072,2158,2304,2304
90,82,FORWARD,,8,8,8,,4,"['3a25b0d8:o1:d24:aug16:geom=identity__color=id__order=canonical', '3a25b0d8:o1:d24:aug16:geom=flip_ud__color=id__order=canonical', '3a25b0d8:o1:d24:aug16:geom=rot180__color=id__order=canonical', '3a25b0d8:o1:d24:aug16:geom=flip_lr__color=id__order=canonical']",11122200576,14365491200,3243290624,0.2257695597627737,10593763328,8,2072,2159,2304,2304
91,83,FORWARD,,8,8,8,,4,"['3a25b0d8:o1:d24:aug16:geom=identity__color=id__order=canonical', '3a25b0d8:o1:d24:aug16:geom=flip_ud__color=id__order=canonical', '3a25b0d8:o1:d24:aug16:geom=rot180__color=id__order=canonical', '3a25b0d8:o1:d24:aug16:geom=flip_lr__color=id__order=canonical']",11122201088,14365491200,3243290112,0.22576952412180656,10593763328,8,2072,2160,2304,2304
92,84,FORWARD,,8,8,8,,4,"['3a25b0d8:o1:d24:aug16:geom=identity__color=id__order=canonical', '3a25b0d8:o1:d24:aug16:geom=flip_ud__color=id__order=canonical', '3a25b0d8:o1:d24:aug16:geom=rot180__color=id__order=canonical', '3a25b0d8:o1:d24:aug16:geom=flip_lr__color=id__order=canonical']",11122201600,14365491200,3243289600,0.22576948848083941,10593763328,8,2072,2161,2304,2304
93,85,FORWARD,,8,8,8,,4,"['3a25b0d8:o1:d24:aug16:geom=identity__color=id__order=canonical', '3a25b0d8:o1:d24:aug16:geom=flip_ud__color=id__order=canonical', '3a25b0d8:o1:d24:aug16:geom=rot180__color=id__order=canonical', '3a25b0d8:o1:d24:aug16:geom=flip_lr__color=id__order=canonical']",11122202112,14365491200,3243289088,0.22576945283987226,10593763328,8,2072,2162,2304,2304
94,86,FORWARD,,8,8,8,,4,"['3a25b0d8:o1:d24:aug16:geom=identity__color=id__order=canonical', '3a25b0d8:o1:d24:aug16:geom=flip_ud__color=id__order=canonical', '3a25b0d8:o1:d24:aug16:geom=rot180__color=id__order=canonical', '3a25b0d8:o1:d24:aug16:geom=flip_lr__color=id__order=canonical']",11122202624,14365491200,3243288576,0.22576941719890511,10593763328,8,2072,2163,2304,2304
95,87,FORWARD,,8,8,8,,4,"['3a25b0d8:o1:d24:aug16:geom=identity__color=id__order=canonical', '3a25b0d8:o1:d24:aug16:geom=flip_ud__color=id__order=canonical', '3a25b0d8:o1:d24:aug16:geom=rot180__color=id__order=canonical', '3a25b0d8:o1:d24:aug16:geom=flip_lr__color=id__order=canonical']",11122203136,14365491200,3243288064,0.22576938155793796,10593763328,8,2072,2164,2304,2304
96,88,FORWARD,,8,8,8,,4,"['3a25b0d8:o1:d24:aug16:geom=identity__color=id__order=canonical', '3a25b0d8:o1:d24:aug16:geom=flip_ud__color=id__order=canonical', '3a25b0d8:o1:d24:aug16:geom=rot180__color=id__order=canonical', '3a25b0d8:o1:d24:aug16:geom=flip_lr__color=id__order=canonical']",11122203648,14365491200,3243287552,0.22576934591697082,10593763328,8,2072,2165,2304,2304
97,89,FORWARD,,8,8,8,,4,"['3a25b0d8:o1:d24:aug16:geom=identity__color=id__order=canonical', '3a25b0d8:o1:d24:aug16:geom=flip_ud__color=id__order=canonical', '3a25b0d8:o1:d24:aug16:geom=rot180__color=id__order=canonical', '3a25b0d8:o1:d24:aug16:geom=flip_lr__color=id__order=canonical']",11122204160,14365491200,3243287040,0.22576931027600364,10593763328,8,2072,2166,2304,2304
98,90,FORWARD,,8,8,8,,4,"['3a25b0d8:o1:d24:aug16:geom=identity__color=id__order=canonical', '3a25b0d8:o1:d24:aug16:geom=flip_ud__color=id__order=canonical', '3a25b0d8:o1:d24:aug16:geom=rot180__color=id__order=canonical', '3a25b0d8:o1:d24:aug16:geom=flip_lr__color=id__order=canonical']",11122204672,14365491200,3243286528,0.2257692746350365,10593763328,8,2072,2167,2304,2304
99,91,FORWARD,,8,8,8,,4,"['3a25b0d8:o1:d24:aug16:geom=identity__color=id__order=canonical', '3a25b0d8:o1:d24:aug16:geom=flip_ud__color=id__order=canonical', '3a25b0d8:o1:d24:aug16:geom=rot180__color=id__order=canonical', '3a25b0d8:o1:d24:aug16:geom=flip_lr__color=id__order=canonical']",11122205184,14365491200,3243286016,0.22576923899406934,10593763328,8,2072,2168,2304,2304
100,92,FORWARD,,8,8,8,,4,"['3a25b0d8:o1:d24:aug16:geom=identity__color=id__order=canonical', '3a25b0d8:o1:d24:aug16:geom=flip_ud__color=id__order=canonical', '3a25b0d8:o1:d24:aug16:geom=rot180__color=id__order=canonical', '3a25b0d8:o1:d24:aug16:geom=flip_lr__color=id__order=canonical']",11122205696,14365491200,3243285504,0.2257692033531022,10593763328,8,2072,2169,2304,2304
101,93,FORWARD,,8,8,8,,4,"['3a25b0d8:o1:d24:aug16:geom=identity__color=id__order=canonical', '3a25b0d8:o1:d24:aug16:geom=flip_ud__color=id__order=canonical', '3a25b0d8:o1:d24:aug16:geom=rot180__color=id__order=canonical', '3a25b0d8:o1:d24:aug16:geom=flip_lr__color=id__order=canonical']",11122206208,14365491200,3243284992,0.22576916771213504,10593763328,8,2072,2170,2304,2304
102,94,FORWARD,,8,8,8,,4,"['3a25b0d8:o1:d24:aug16:geom=identity__color=id__order=canonical', '3a25b0d8:o1:d24:aug16:geom=flip_ud__color=id__order=canonical', '3a25b0d8:o1:d24:aug16:geom=rot180__color=id__order=canonical', '3a25b0d8:o1:d24:aug16:geom=flip_lr__color=id__order=canonical']",11122206720,14365491200,3243284480,0.2257691320711679,10593763328,8,2072,2171,2304,2304
103,95,FORWARD,,8,8,8,,4,"['3a25b0d8:o1:d24:aug16:geom=identity__color=id__order=canonical', '3a25b0d8:o1:d24:aug16:geom=flip_ud__color=id__order=canonical', '3a25b0d8:o1:d24:aug16:geom=rot180__color=id__order=canonical', '3a25b0d8:o1:d24:aug16:geom=flip_lr__color=id__order=canonical']",11122207232,14365491200,3243283968,0.22576909643020074,10593763328,8,2072,2172,2304,2304
104,96,FORWARD,,8,8,8,,4,"['3a25b0d8:o1:d24:aug16:geom=identity__color=id__order=canonical', '3a25b0d8:o1:d24:aug16:geom=flip_ud__color=id__order=canonical', '3a25b0d8:o1:d24:aug16:geom=rot180__color=id__order=canonical', '3a25b0d8:o1:d24:aug16:geom=flip_lr__color=id__order=canonical']",11122207744,14365491200,3243283456,0.2257690607892336,10593763328,8,2072,2173,2304,2304
105,97,FORWARD,,8,8,8,,4,"['3a25b0d8:o1:d24:aug16:geom=identity__color=id__order=canonical', '3a25b0d8:o1:d24:aug16:geom=flip_ud__color=id__order=canonical', '3a25b0d8:o1:d24:aug16:geom=rot180__color=id__order=canonical', '3a25b0d8:o1:d24:aug16:geom=flip_lr__color=id__order=canonical']",11122208256,14365491200,3243282944,0.2257690251482664,10593763328,8,2072,2174,2304,2304
106,98,FORWARD,,8,8,8,,4,"['3a25b0d8:o1:d24:aug16:geom=identity__color=id__order=canonical', '3a25b0d8:o1:d24:aug16:geom=flip_ud__color=id__order=canonical', '3a25b0d8:o1:d24:aug16:geom=rot180__color=id__order=canonical', '3a25b0d8:o1:d24:aug16:geom=flip_lr__color=id__order=canonical']",11122208768,14365491200,3243282432,0.22576898950729926,10593763328,8,2072,2175,2304,2304
107,99,FORWARD,,8,8,8,,4,"['3a25b0d8:o1:d24:aug16:geom=identity__color=id__order=canonical', '3a25b0d8:o1:d24:aug16:geom=flip_ud__color=id__order=canonical', '3a25b0d8:o1:d24:aug16:geom=rot180__color=id__order=canonical', '3a25b0d8:o1:d24:aug16:geom=flip_lr__color=id__order=canonical']",11122209280,14365491200,3243281920,0.2257689538663321,10593763328,8,2072,2176,2304,2304
108,100,FORWARD,,8,8,8,,4,"['3a25b0d8:o1:d24:aug16:geom=identity__color=id__order=canonical', '3a25b0d8:o1:d24:aug16:geom=flip_ud__color=id__order=canonical', '3a25b0d8:o1:d24:aug16:geom=rot180__color=id__order=canonical', '3a25b0d8:o1:d24:aug16:geom=flip_lr__color=id__order=canonical']",11122209792,14384365568,3262155776,0.22678482137975653,10574888960,8,2072,2177,2304,2304
109,101,FORWARD,,8,8,8,,4,"['3a25b0d8:o1:d24:aug16:geom=identity__color=id__order=canonical', '3a25b0d8:o1:d24:aug16:geom=flip_ud__color=id__order=canonical', '3a25b0d8:o1:d24:aug16:geom=rot180__color=id__order=canonical', '3a25b0d8:o1:d24:aug16:geom=flip_lr__color=id__order=canonical']",11122210304,14384365568,3262155264,0.22678478578555547,10574888960,8,2072,2178,2304,2304
110,102,FORWARD,,8,8,8,,4,"['3a25b0d8:o1:d24:aug16:geom=identity__color=id__order=canonical', '3a25b0d8:o1:d24:aug16:geom=flip_ud__color=id__order=canonical', '3a25b0d8:o1:d24:aug16:geom=rot180__color=id__order=canonical', '3a25b0d8:o1:d24:aug16:geom=flip_lr__color=id__order=canonical']",11122210816,14384365568,3262154752,0.2267847501913544,10574888960,8,2072,2179,2304,2304
111,103,FORWARD,,8,8,8,,4,"['3a25b0d8:o1:d24:aug16:geom=identity__color=id__order=canonical', '3a25b0d8:o1:d24:aug16:geom=flip_ud__color=id__order=canonical', '3a25b0d8:o1:d24:aug16:geom=rot180__color=id__order=canonical', '3a25b0d8:o1:d24:aug16:geom=flip_lr__color=id__order=canonical']",11122211328,14384365568,3262154240,0.22678471459715338,10574888960,8,2072,2180,2304,2304
112,104,FORWARD,,8,8,8,,4,"['3a25b0d8:o1:d24:aug16:geom=identity__color=id__order=canonical', '3a25b0d8:o1:d24:aug16:geom=flip_ud__color=id__order=canonical', '3a25b0d8:o1:d24:aug16:geom=rot180__color=id__order=canonical', '3a25b0d8:o1:d24:aug16:geom=flip_lr__color=id__order=canonical']",11122211840,14384365568,3262153728,0.22678467900295232,10574888960,8,2072,2181,2304,2304
113,105,FORWARD,,8,8,8,,4,"['3a25b0d8:o1:d24:aug16:geom=identity__color=id__order=canonical', '3a25b0d8:o1:d24:aug16:geom=flip_ud__color=id__order=canonical', '3a25b0d8:o1:d24:aug16:geom=rot180__color=id__order=canonical', '3a25b0d8:o1:d24:aug16:geom=flip_lr__color=id__order=canonical']",11122212352,14384365568,3262153216,0.22678464340875126,10574888960,8,2072,2182,2304,2304
114,106,FORWARD,,8,8,8,,4,"['3a25b0d8:o1:d24:aug16:geom=identity__color=id__order=canonical', '3a25b0d8:o1:d24:aug16:geom=flip_ud__color=id__order=canonical', '3a25b0d8:o1:d24:aug16:geom=rot180__color=id__order=canonical', '3a25b0d8:o1:d24:aug16:geom=flip_lr__color=id__order=canonical']",11122212864,14384365568,3262152704,0.22678460781455023,10574888960,8,2072,2183,2304,2304
115,107,FORWARD,,8,8,8,,4,"['3a25b0d8:o1:d24:aug16:geom=identity__color=id__order=canonical', '3a25b0d8:o1:d24:aug16:geom=flip_ud__color=id__order=canonical', '3a25b0d8:o1:d24:aug16:geom=rot180__color=id__order=canonical', '3a25b0d8:o1:d24:aug16:geom=flip_lr__color=id__order=canonical']",11122213376,14384365568,3262152192,0.22678457222034917,10574888960,8,2072,2184,2304,2304
116,108,FORWARD,,8,8,8,,4,"['3a25b0d8:o1:d24:aug16:geom=identity__color=id__order=canonical', '3a25b0d8:o1:d24:aug16:geom=flip_ud__color=id__order=canonical', '3a25b0d8:o1:d24:aug16:geom=rot180__color=id__order=canonical', '3a25b0d8:o1:d24:aug16:geom=flip_lr__color=id__order=canonical']",11122213888,14384365568,3262151680,0.22678453662614811,10574888960,8,2072,2185,2304,2304
117,109,FORWARD,,8,8,8,,4,"['3a25b0d8:o1:d24:aug16:geom=identity__color=id__order=canonical', '3a25b0d8:o1:d24:aug16:geom=flip_ud__color=id__order=canonical', '3a25b0d8:o1:d24:aug16:geom=rot180__color=id__order=canonical', '3a25b0d8:o1:d24:aug16:geom=flip_lr__color=id__order=canonical']",11122214400,14384365568,3262151168,0.22678450103194708,10574888960,8,2072,2186,2304,2304
118,110,FORWARD,,8,8,8,,4,"['3a25b0d8:o1:d24:aug16:geom=identity__color=id__order=canonical', '3a25b0d8:o1:d24:aug16:geom=flip_ud__color=id__order=canonical', '3a25b0d8:o1:d24:aug16:geom=rot180__color=id__order=canonical', '3a25b0d8:o1:d24:aug16:geom=flip_lr__color=id__order=canonical']",11122214912,14384365568,3262150656,0.22678446543774602,10574888960,8,2072,2187,2304,2304
119,111,FORWARD,,8,8,8,,4,"['3a25b0d8:o1:d24:aug16:geom=identity__color=id__order=canonical', '3a25b0d8:o1:d24:aug16:geom=flip_ud__color=id__order=canonical', '3a25b0d8:o1:d24:aug16:geom=rot180__color=id__order=canonical', '3a25b0d8:o1:d24:aug16:geom=flip_lr__color=id__order=canonical']",11122215424,14384365568,3262150144,0.22678442984354497,10574888960,8,2072,2188,2304,2304
120,112,FORWARD,,8,8,8,,4,"['3a25b0d8:o1:d24:aug16:geom=identity__color=id__order=canonical', '3a25b0d8:o1:d24:aug16:geom=flip_ud__color=id__order=canonical', '3a25b0d8:o1:d24:aug16:geom=rot180__color=id__order=canonical', '3a25b0d8:o1:d24:aug16:geom=flip_lr__color=id__order=canonical']",11122215936,14384365568,3262149632,0.22678439424934393,10574888960,8,2072,2189,2304,2304
121,113,FORWARD,,8,8,8,,4,"['3a25b0d8:o1:d24:aug16:geom=identity__color=id__order=canonical', '3a25b0d8:o1:d24:aug16:geom=flip_ud__color=id__order=canonical', '3a25b0d8:o1:d24:aug16:geom=rot180__color=id__order=canonical', '3a25b0d8:o1:d24:aug16:geom=flip_lr__color=id__order=canonical']",11122216448,14384365568,3262149120,0.22678435865514288,10574888960,8,2072,2190,2304,2304
122,114,FORWARD,,8,8,8,,4,"['3a25b0d8:o1:d24:aug16:geom=identity__color=id__order=canonical', '3a25b0d8:o1:d24:aug16:geom=flip_ud__color=id__order=canonical', '3a25b0d8:o1:d24:aug16:geom=rot180__color=id__order=canonical', '3a25b0d8:o1:d24:aug16:geom=flip_lr__color=id__order=canonical']",11122216960,14384365568,3262148608,0.22678432306094182,10574888960,8,2072,2191,2304,2304
123,115,FORWARD,,8,8,8,,4,"['3a25b0d8:o1:d24:aug16:geom=identity__color=id__order=canonical', '3a25b0d8:o1:d24:aug16:geom=flip_ud__color=id__order=canonical', '3a25b0d8:o1:d24:aug16:geom=rot180__color=id__order=canonical', '3a25b0d8:o1:d24:aug16:geom=flip_lr__color=id__order=canonical']",11122217472,14384365568,3262148096,0.22678428746674079,10574888960,8,2072,2192,2304,2304
124,116,FORWARD,,8,8,8,,4,"['3a25b0d8:o1:d24:aug16:geom=identity__color=id__order=canonical', '3a25b0d8:o1:d24:aug16:geom=flip_ud__color=id__order=canonical', '3a25b0d8:o1:d24:aug16:geom=rot180__color=id__order=canonical', '3a25b0d8:o1:d24:aug16:geom=flip_lr__color=id__order=canonical']",11122217984,14384365568,3262147584,0.22678425187253973,10574888960,8,2072,2193,2304,2304
125,117,FORWARD,,8,8,8,,4,"['3a25b0d8:o1:d24:aug16:geom=identity__color=id__order=canonical', '3a25b0d8:o1:d24:aug16:geom=flip_ud__color=id__order=canonical', '3a25b0d8:o1:d24:aug16:geom=rot180__color=id__order=canonical', '3a25b0d8:o1:d24:aug16:geom=flip_lr__color=id__order=canonical']",11122218496,14384365568,3262147072,0.22678421627833867,10574888960,8,2072,2194,2304,2304
126,118,FORWARD,,8,8,8,,4,"['3a25b0d8:o1:d24:aug16:geom=identity__color=id__order=canonical', '3a25b0d8:o1:d24:aug16:geom=flip_ud__color=id__order=canonical', '3a25b0d8:o1:d24:aug16:geom=rot180__color=id__order=canonical', '3a25b0d8:o1:d24:aug16:geom=flip_lr__color=id__order=canonical']",11122219008,14384365568,3262146560,0.22678418068413764,10574888960,8,2072,2195,2304,2304
127,119,FORWARD,,8,8,8,,4,"['3a25b0d8:o1:d24:aug16:geom=identity__color=id__order=canonical', '3a25b0d8:o1:d24:aug16:geom=flip_ud__color=id__order=canonical', '3a25b0d8:o1:d24:aug16:geom=rot180__color=id__order=canonical', '3a25b0d8:o1:d24:aug16:geom=flip_lr__color=id__order=canonical']",11122219520,14384365568,3262146048,0.22678414508993658,10574888960,8,2072,2196,2304,2304
128,120,FORWARD,,8,8,8,,4,"['3a25b0d8:o1:d24:aug16:geom=identity__color=id__order=canonical', '3a25b0d8:o1:d24:aug16:geom=flip_ud__color=id__order=canonical', '3a25b0d8:o1:d24:aug16:geom=rot180__color=id__order=canonical', '3a25b0d8:o1:d24:aug16:geom=flip_lr__color=id__order=canonical']",11122220032,14384365568,3262145536,0.22678410949573552,10574888960,8,2072,2197,2304,2304
129,121,FORWARD,,8,8,8,,4,"['3a25b0d8:o1:d24:aug16:geom=identity__color=id__order=canonical', '3a25b0d8:o1:d24:aug16:geom=flip_ud__color=id__order=canonical', '3a25b0d8:o1:d24:aug16:geom=rot180__color=id__order=canonical', '3a25b0d8:o1:d24:aug16:geom=flip_lr__color=id__order=canonical']",11122220544,14384365568,3262145024,0.2267840739015345,10574888960,8,2072,2198,2304,2304
130,122,FORWARD,,8,8,8,,4,"['3a25b0d8:o1:d24:aug16:geom=identity__color=id__order=canonical', '3a25b0d8:o1:d24:aug16:geom=flip_ud__color=id__order=canonical', '3a25b0d8:o1:d24:aug16:geom=rot180__color=id__order=canonical', '3a25b0d8:o1:d24:aug16:geom=flip_lr__color=id__order=canonical']",11122221056,14384365568,3262144512,0.22678403830733343,10574888960,8,2072,2199,2304,2304
131,123,FORWARD,,8,8,8,,4,"['3a25b0d8:o1:d24:aug16:geom=identity__color=id__order=canonical', '3a25b0d8:o1:d24:aug16:geom=flip_ud__color=id__order=canonical', '3a25b0d8:o1:d24:aug16:geom=rot180__color=id__order=canonical', '3a25b0d8:o1:d24:aug16:geom=flip_lr__color=id__order=canonical']",11122221568,14384365568,3262144000,0.22678400271313237,10574888960,8,2072,2200,2304,2304
132,124,FORWARD,,8,8,8,,4,"['3a25b0d8:o1:d24:aug16:geom=identity__color=id__order=canonical', '3a25b0d8:o1:d24:aug16:geom=flip_ud__color=id__order=canonical', '3a25b0d8:o1:d24:aug16:geom=rot180__color=id__order=canonical', '3a25b0d8:o1:d24:aug16:geom=flip_lr__color=id__order=canonical']",11122222080,14384365568,3262143488,0.22678396711893134,10574888960,8,2072,2201,2304,2304
133,125,FORWARD,,8,8,8,,4,"['3a25b0d8:o1:d24:aug16:geom=identity__color=id__order=canonical', '3a25b0d8:o1:d24:aug16:geom=flip_ud__color=id__order=canonical', '3a25b0d8:o1:d24:aug16:geom=rot180__color=id__order=canonical', '3a25b0d8:o1:d24:aug16:geom=flip_lr__color=id__order=canonical']",11122222592,14384365568,3262142976,0.22678393152473028,10574888960,8,2072,2202,2304,2304
134,126,FORWARD,,8,8,8,,4,"['3a25b0d8:o1:d24:aug16:geom=identity__color=id__order=canonical', '3a25b0d8:o1:d24:aug16:geom=flip_ud__color=id__order=canonical', '3a25b0d8:o1:d24:aug16:geom=rot180__color=id__order=canonical', '3a25b0d8:o1:d24:aug16:geom=flip_lr__color=id__order=canonical']",11122223104,14384365568,3262142464,0.22678389593052922,10574888960,8,2072,2203,2304,2304
135,127,FORWARD,,8,8,8,,4,"['3a25b0d8:o1:d24:aug16:geom=identity__color=id__order=canonical', '3a25b0d8:o1:d24:aug16:geom=flip_ud__color=id__order=canonical', '3a25b0d8:o1:d24:aug16:geom=rot180__color=id__order=canonical', '3a25b0d8:o1:d24:aug16:geom=flip_lr__color=id__order=canonical']",11122223616,14384365568,3262141952,0.2267838603363282,10574888960,8,2072,2204,2304,2304
136,128,FORWARD,,8,8,8,,4,"['3a25b0d8:o1:d24:aug16:geom=identity__color=id__order=canonical', '3a25b0d8:o1:d24:aug16:geom=flip_ud__color=id__order=canonical', '3a25b0d8:o1:d24:aug16:geom=rot180__color=id__order=canonical', '3a25b0d8:o1:d24:aug16:geom=flip_lr__color=id__order=canonical']",11122224128,14384365568,3262141440,0.22678382474212713,10574888960,8,2072,2205,2304,2304
137,129,FORWARD,,8,8,8,,4,"['3a25b0d8:o1:d24:aug16:geom=identity__color=id__order=canonical', '3a25b0d8:o1:d24:aug16:geom=flip_ud__color=id__order=canonical', '3a25b0d8:o1:d24:aug16:geom=rot180__color=id__order=canonical', '3a25b0d8:o1:d24:aug16:geom=flip_lr__color=id__order=canonical']",11122224640,14384365568,3262140928,0.22678378914792607,10574888960,8,2072,2206,2304,2304
138,130,FORWARD,,8,8,8,,4,"['3a25b0d8:o1:d24:aug16:geom=identity__color=id__order=canonical', '3a25b0d8:o1:d24:aug16:geom=flip_ud__color=id__order=canonical', '3a25b0d8:o1:d24:aug16:geom=rot180__color=id__order=canonical', '3a25b0d8:o1:d24:aug16:geom=flip_lr__color=id__order=canonical']",11122225152,14384365568,3262140416,0.22678375355372504,10574888960,8,2072,2207,2304,2304
139,131,FORWARD,,8,8,8,,4,"['3a25b0d8:o1:d24:aug16:geom=identity__color=id__order=canonical', '3a25b0d8:o1:d24:aug16:geom=flip_ud__color=id__order=canonical', '3a25b0d8:o1:d24:aug16:geom=rot180__color=id__order=canonical', '3a25b0d8:o1:d24:aug16:geom=flip_lr__color=id__order=canonical']",11122225664,14384365568,3262139904,0.22678371795952398,10574888960,8,2072,2208,2304,2304
140,132,FORWARD,,8,8,8,,4,"['3a25b0d8:o1:d24:aug16:geom=identity__color=id__order=canonical', '3a25b0d8:o1:d24:aug16:geom=flip_ud__color=id__order=canonical', '3a25b0d8:o1:d24:aug16:geom=rot180__color=id__order=canonical', '3a25b0d8:o1:d24:aug16:geom=flip_lr__color=id__order=canonical']",11122226176,14384365568,3262139392,0.22678368236532293,10574888960,8,2072,2209,2304,2304
141,133,FORWARD,,8,8,8,,4,"['3a25b0d8:o1:d24:aug16:geom=identity__color=id__order=canonical', '3a25b0d8:o1:d24:aug16:geom=flip_ud__color=id__order=canonical', '3a25b0d8:o1:d24:aug16:geom=rot180__color=id__order=canonical', '3a25b0d8:o1:d24:aug16:geom=flip_lr__color=id__order=canonical']",11122226688,14384365568,3262138880,0.2267836467711219,10574888960,8,2072,2210,2304,2304
142,134,FORWARD,,8,8,8,,4,"['3a25b0d8:o1:d24:aug16:geom=identity__color=id__order=canonical', '3a25b0d8:o1:d24:aug16:geom=flip_ud__color=id__order=canonical', '3a25b0d8:o1:d24:aug16:geom=rot180__color=id__order=canonical', '3a25b0d8:o1:d24:aug16:geom=flip_lr__color=id__order=canonical']",11122227200,14384365568,3262138368,0.22678361117692084,10574888960,8,2072,2211,2304,2304
143,135,FORWARD,,8,8,8,,4,"['3a25b0d8:o1:d24:aug16:geom=identity__color=id__order=canonical', '3a25b0d8:o1:d24:aug16:geom=flip_ud__color=id__order=canonical', '3a25b0d8:o1:d24:aug16:geom=rot180__color=id__order=canonical', '3a25b0d8:o1:d24:aug16:geom=flip_lr__color=id__order=canonical']",11122227712,14384365568,3262137856,0.22678357558271978,10574888960,8,2072,2212,2304,2304
144,136,FORWARD,,8,8,8,,4,"['3a25b0d8:o1:d24:aug16:geom=identity__color=id__order=canonical', '3a25b0d8:o1:d24:aug16:geom=flip_ud__color=id__order=canonical', '3a25b0d8:o1:d24:aug16:geom=rot180__color=id__order=canonical', '3a25b0d8:o1:d24:aug16:geom=flip_lr__color=id__order=canonical']",11122228224,14384365568,3262137344,0.22678353998851875,10574888960,8,2072,2213,2304,2304
145,137,FORWARD,,8,8,8,,4,"['3a25b0d8:o1:d24:aug16:geom=identity__color=id__order=canonical', '3a25b0d8:o1:d24:aug16:geom=flip_ud__color=id__order=canonical', '3a25b0d8:o1:d24:aug16:geom=rot180__color=id__order=canonical', '3a25b0d8:o1:d24:aug16:geom=flip_lr__color=id__order=canonical']",11122228736,14384365568,3262136832,0.2267835043943177,10574888960,8,2072,2214,2304,2304
146,138,FORWARD,,8,8,8,,4,"['3a25b0d8:o1:d24:aug16:geom=identity__color=id__order=canonical', '3a25b0d8:o1:d24:aug16:geom=flip_ud__color=id__order=canonical', '3a25b0d8:o1:d24:aug16:geom=rot180__color=id__order=canonical', '3a25b0d8:o1:d24:aug16:geom=flip_lr__color=id__order=canonical']",11122229248,14384365568,3262136320,0.22678346880011663,10574888960,8,2072,2215,2304,2304
147,139,FORWARD,,8,8,8,,4,"['3a25b0d8:o1:d24:aug16:geom=identity__color=id__order=canonical', '3a25b0d8:o1:d24:aug16:geom=flip_ud__color=id__order=canonical', '3a25b0d8:o1:d24:aug16:geom=rot180__color=id__order=canonical', '3a25b0d8:o1:d24:aug16:geom=flip_lr__color=id__order=canonical']",11122229760,14384365568,3262135808,0.2267834332059156,10574888960,8,2072,2216,2304,2304
148,140,FORWARD,,8,8,8,,4,"['3a25b0d8:o1:d24:aug16:geom=identity__color=id__order=canonical', '3a25b0d8:o1:d24:aug16:geom=flip_ud__color=id__order=canonical', '3a25b0d8:o1:d24:aug16:geom=rot180__color=id__order=canonical', '3a25b0d8:o1:d24:aug16:geom=flip_lr__color=id__order=canonical']",11122230272,14384365568,3262135296,0.22678339761171454,10574888960,8,2072,2217,2304,2304
149,141,FORWARD,,8,8,8,,4,"['3a25b0d8:o1:d24:aug16:geom=identity__color=id__order=canonical', '3a25b0d8:o1:d24:aug16:geom=flip_ud__color=id__order=canonical', '3a25b0d8:o1:d24:aug16:geom=rot180__color=id__order=canonical', '3a25b0d8:o1:d24:aug16:geom=flip_lr__color=id__order=canonical']",11122230784,14384365568,3262134784,0.22678336201751348,10574888960,8,2072,2218,2304,2304
150,142,FORWARD,,8,8,8,,4,"['3a25b0d8:o1:d24:aug16:geom=identity__color=id__order=canonical', '3a25b0d8:o1:d24:aug16:geom=flip_ud__color=id__order=canonical', '3a25b0d8:o1:d24:aug16:geom=rot180__color=id__order=canonical', '3a25b0d8:o1:d24:aug16:geom=flip_lr__color=id__order=canonical']",11122231296,14384365568,3262134272,0.22678332642331245,10574888960,8,2072,2219,2304,2304
151,143,FORWARD,,8,8,8,,4,"['3a25b0d8:o1:d24:aug16:geom=identity__color=id__order=canonical', '3a25b0d8:o1:d24:aug16:geom=flip_ud__color=id__order=canonical', '3a25b0d8:o1:d24:aug16:geom=rot180__color=id__order=canonical', '3a25b0d8:o1:d24:aug16:geom=flip_lr__color=id__order=canonical']",11122231808,14384365568,3262133760,0.2267832908291114,10574888960,8,2072,2220,2304,2304
152,144,FORWARD,,8,8,8,,4,"['3a25b0d8:o1:d24:aug16:geom=identity__color=id__order=canonical', '3a25b0d8:o1:d24:aug16:geom=flip_ud__color=id__order=canonical', '3a25b0d8:o1:d24:aug16:geom=rot180__color=id__order=canonical', '3a25b0d8:o1:d24:aug16:geom=flip_lr__color=id__order=canonical']",11122232320,14384365568,3262133248,0.22678325523491033,10574888960,8,2072,2221,2304,2304
153,145,FORWARD,,8,8,8,,4,"['3a25b0d8:o1:d24:aug16:geom=identity__color=id__order=canonical', '3a25b0d8:o1:d24:aug16:geom=flip_ud__color=id__order=canonical', '3a25b0d8:o1:d24:aug16:geom=rot180__color=id__order=canonical', '3a25b0d8:o1:d24:aug16:geom=flip_lr__color=id__order=canonical']",11122232832,14384365568,3262132736,0.2267832196407093,10574888960,8,2072,2222,2304,2304
154,146,FORWARD,,8,8,8,,4,"['3a25b0d8:o1:d24:aug16:geom=identity__color=id__order=canonical', '3a25b0d8:o1:d24:aug16:geom=flip_ud__color=id__order=canonical', '3a25b0d8:o1:d24:aug16:geom=rot180__color=id__order=canonical', '3a25b0d8:o1:d24:aug16:geom=flip_lr__color=id__order=canonical']",11122233344,14384365568,3262132224,0.22678318404650824,10574888960,8,2072,2223,2304,2304
155,147,FORWARD,,8,8,8,,4,"['3a25b0d8:o1:d24:aug16:geom=identity__color=id__order=canonical', '3a25b0d8:o1:d24:aug16:geom=flip_ud__color=id__order=canonical', '3a25b0d8:o1:d24:aug16:geom=rot180__color=id__order=canonical', '3a25b0d8:o1:d24:aug16:geom=flip_lr__color=id__order=canonical']",11122233856,14384365568,3262131712,0.22678314845230718,10574888960,8,2072,2224,2304,2304
156,148,FORWARD,,8,8,8,,4,"['3a25b0d8:o1:d24:aug16:geom=identity__color=id__order=canonical', '3a25b0d8:o1:d24:aug16:geom=flip_ud__color=id__order=canonical', '3a25b0d8:o1:d24:aug16:geom=rot180__color=id__order=canonical', '3a25b0d8:o1:d24:aug16:geom=flip_lr__color=id__order=canonical']",11122234368,14384365568,3262131200,0.22678311285810615,10574888960,8,2072,2225,2304,2304
157,149,FORWARD,,8,8,8,,4,"['3a25b0d8:o1:d24:aug16:geom=identity__color=id__order=canonical', '3a25b0d8:o1:d24:aug16:geom=flip_ud__color=id__order=canonical', '3a25b0d8:o1:d24:aug16:geom=rot180__color=id__order=canonical', '3a25b0d8:o1:d24:aug16:geom=flip_lr__color=id__order=canonical']",11122234880,14384365568,3262130688,0.2267830772639051,10574888960,8,2072,2226,2304,2304
158,150,FORWARD,,8,8,8,,4,"['3a25b0d8:o1:d24:aug16:geom=identity__color=id__order=canonical', '3a25b0d8:o1:d24:aug16:geom=flip_ud__color=id__order=canonical', '3a25b0d8:o1:d24:aug16:geom=rot180__color=id__order=canonical', '3a25b0d8:o1:d24:aug16:geom=flip_lr__color=id__order=canonical']",11122235392,14384365568,3262130176,0.22678304166970403,10574888960,8,2072,2227,2304,2304
159,151,FORWARD,,8,8,8,,4,"['3a25b0d8:o1:d24:aug16:geom=identity__color=id__order=canonical', '3a25b0d8:o1:d24:aug16:geom=flip_ud__color=id__order=canonical', '3a25b0d8:o1:d24:aug16:geom=rot180__color=id__order=canonical', '3a25b0d8:o1:d24:aug16:geom=flip_lr__color=id__order=canonical']",11122235904,14384365568,3262129664,0.226783006075503,10574888960,8,2072,2228,2304,2304
160,152,FORWARD,,8,8,8,,4,"['3a25b0d8:o1:d24:aug16:geom=identity__color=id__order=canonical', '3a25b0d8:o1:d24:aug16:geom=flip_ud__color=id__order=canonical', '3a25b0d8:o1:d24:aug16:geom=rot180__color=id__order=canonical', '3a25b0d8:o1:d24:aug16:geom=flip_lr__color=id__order=canonical']",11122236416,14384365568,3262129152,0.22678297048130194,10574888960,8,2072,2229,2304,2304
161,153,FORWARD,,8,8,8,,4,"['3a25b0d8:o1:d24:aug16:geom=identity__color=id__order=canonical', '3a25b0d8:o1:d24:aug16:geom=flip_ud__color=id__order=canonical', '3a25b0d8:o1:d24:aug16:geom=rot180__color=id__order=canonical', '3a25b0d8:o1:d24:aug16:geom=flip_lr__color=id__order=canonical']",11122236928,14384365568,3262128640,0.22678293488710088,10574888960,8,2072,2230,2304,2304
162,154,FORWARD,,8,8,8,,4,"['3a25b0d8:o1:d24:aug16:geom=identity__color=id__order=canonical', '3a25b0d8:o1:d24:aug16:geom=flip_ud__color=id__order=canonical', '3a25b0d8:o1:d24:aug16:geom=rot180__color=id__order=canonical', '3a25b0d8:o1:d24:aug16:geom=flip_lr__color=id__order=canonical']",11122237440,14384365568,3262128128,0.22678289929289985,10574888960,8,2072,2231,2304,2304
163,155,FORWARD,,8,8,8,,4,"['3a25b0d8:o1:d24:aug16:geom=identity__color=id__order=canonical', '3a25b0d8:o1:d24:aug16:geom=flip_ud__color=id__order=canonical', '3a25b0d8:o1:d24:aug16:geom=rot180__color=id__order=canonical', '3a25b0d8:o1:d24:aug16:geom=flip_lr__color=id__order=canonical']",11122237952,14384365568,3262127616,0.2267828636986988,10574888960,8,2072,2232,2304,2304
164,156,FORWARD,,8,8,8,,4,"['3a25b0d8:o1:d24:aug16:geom=identity__color=id__order=canonical', '3a25b0d8:o1:d24:aug16:geom=flip_ud__color=id__order=canonical', '3a25b0d8:o1:d24:aug16:geom=rot180__color=id__order=canonical', '3a25b0d8:o1:d24:aug16:geom=flip_lr__color=id__order=canonical']",11122238464,14384365568,3262127104,0.22678282810449774,10574888960,8,2072,2233,2304,2304
165,157,FORWARD,,8,8,8,,4,"['3a25b0d8:o1:d24:aug16:geom=identity__color=id__order=canonical', '3a25b0d8:o1:d24:aug16:geom=flip_ud__color=id__order=canonical', '3a25b0d8:o1:d24:aug16:geom=rot180__color=id__order=canonical', '3a25b0d8:o1:d24:aug16:geom=flip_lr__color=id__order=canonical']",11122238976,14384365568,3262126592,0.22678279251029668,10574888960,8,2072,2234,2304,2304
166,158,FORWARD,,8,8,8,,4,"['3a25b0d8:o1:d24:aug16:geom=identity__color=id__order=canonical', '3a25b0d8:o1:d24:aug16:geom=flip_ud__color=id__order=canonical', '3a25b0d8:o1:d24:aug16:geom=rot180__color=id__order=canonical', '3a25b0d8:o1:d24:aug16:geom=flip_lr__color=id__order=canonical']",11122239488,14384365568,3262126080,0.22678275691609565,10574888960,8,2072,2235,2304,2304
167,159,FORWARD,,8,8,8,,4,"['3a25b0d8:o1:d24:aug16:geom=identity__color=id__order=canonical', '3a25b0d8:o1:d24:aug16:geom=flip_ud__color=id__order=canonical', '3a25b0d8:o1:d24:aug16:geom=rot180__color=id__order=canonical', '3a25b0d8:o1:d24:aug16:geom=flip_lr__color=id__order=canonical']",11122240000,14384365568,3262125568,0.2267827213218946,10574888960,8,2072,2236,2304,2304
168,160,FORWARD,,8,8,8,,4,"['3a25b0d8:o1:d24:aug16:geom=identity__color=id__order=canonical', '3a25b0d8:o1:d24:aug16:geom=flip_ud__color=id__order=canonical', '3a25b0d8:o1:d24:aug16:geom=rot180__color=id__order=canonical', '3a25b0d8:o1:d24:aug16:geom=flip_lr__color=id__order=canonical']",11122240512,14384365568,3262125056,0.22678268572769353,10574888960,8,2072,2237,2304,2304
169,161,FORWARD,,8,8,8,,4,"['3a25b0d8:o1:d24:aug16:geom=identity__color=id__order=canonical', '3a25b0d8:o1:d24:aug16:geom=flip_ud__color=id__order=canonical', '3a25b0d8:o1:d24:aug16:geom=rot180__color=id__order=canonical', '3a25b0d8:o1:d24:aug16:geom=flip_lr__color=id__order=canonical']",11122241024,14384365568,3262124544,0.2267826501334925,10574888960,8,2072,2238,2304,2304
170,162,FORWARD,,8,8,8,,4,"['3a25b0d8:o1:d24:aug16:geom=identity__color=id__order=canonical', '3a25b0d8:o1:d24:aug16:geom=flip_ud__color=id__order=canonical', '3a25b0d8:o1:d24:aug16:geom=rot180__color=id__order=canonical', '3a25b0d8:o1:d24:aug16:geom=flip_lr__color=id__order=canonical']",11122241536,14384365568,3262124032,0.22678261453929144,10574888960,8,2072,2239,2304,2304
171,163,FORWARD,,8,8,8,,4,"['3a25b0d8:o1:d24:aug16:geom=identity__color=id__order=canonical', '3a25b0d8:o1:d24:aug16:geom=flip_ud__color=id__order=canonical', '3a25b0d8:o1:d24:aug16:geom=rot180__color=id__order=canonical', '3a25b0d8:o1:d24:aug16:geom=flip_lr__color=id__order=canonical']",11122242048,14384365568,3262123520,0.22678257894509038,10574888960,8,2072,2240,2304,2304
172,164,FORWARD,,8,8,8,,4,"['3a25b0d8:o1:d24:aug16:geom=identity__color=id__order=canonical', '3a25b0d8:o1:d24:aug16:geom=flip_ud__color=id__order=canonical', '3a25b0d8:o1:d24:aug16:geom=rot180__color=id__order=canonical', '3a25b0d8:o1:d24:aug16:geom=flip_lr__color=id__order=canonical']",11122242560,14384365568,3262123008,0.22678254335088935,10574888960,8,2072,2241,2304,2304
173,165,FORWARD,,8,8,8,,4,"['3a25b0d8:o1:d24:aug16:geom=identity__color=id__order=canonical', '3a25b0d8:o1:d24:aug16:geom=flip_ud__color=id__order=canonical', '3a25b0d8:o1:d24:aug16:geom=rot180__color=id__order=canonical', '3a25b0d8:o1:d24:aug16:geom=flip_lr__color=id__order=canonical']",11122243072,14403239936,3280996864,0.22779575141280212,10556014592,8,2072,2242,2304,2304
174,166,FORWARD,,8,8,8,,4,"['3a25b0d8:o1:d24:aug16:geom=identity__color=id__order=canonical', '3a25b0d8:o1:d24:aug16:geom=flip_ud__color=id__order=canonical', '3a25b0d8:o1:d24:aug16:geom=rot180__color=id__order=canonical', '3a25b0d8:o1:d24:aug16:geom=flip_lr__color=id__order=canonical']",11122243584,14403239936,3280996352,0.2277957158652446,10556014592,8,2072,2243,2304,2304
175,167,FORWARD,,8,8,8,,4,"['3a25b0d8:o1:d24:aug16:geom=identity__color=id__order=canonical', '3a25b0d8:o1:d24:aug16:geom=flip_ud__color=id__order=canonical', '3a25b0d8:o1:d24:aug16:geom=rot180__color=id__order=canonical', '3a25b0d8:o1:d24:aug16:geom=flip_lr__color=id__order=canonical']",11122244096,14403239936,3280995840,0.2277956803176871,10556014592,8,2072,2244,2304,2304
176,168,FORWARD,,8,8,8,,4,"['3a25b0d8:o1:d24:aug16:geom=transpose__color=id__order=canonical', '3a25b0d8:o1:d24:aug16:geom=anti_transpose__color=id__order=canonical', '3a25b0d8:o1:d24:aug16:geom=rot90__color=id__order=canonical', '3a25b0d8:o1:d24:aug16:geom=rot270__color=id__order=canonical']",11122244608,14403239936,3280995328,0.2277956447701296,10556014592,8,2072,2239,2304,2304
177,169,FORWARD,,8,8,8,,4,"['3a25b0d8:o1:d24:aug16:geom=transpose__color=id__order=canonical', '3a25b0d8:o1:d24:aug16:geom=anti_transpose__color=id__order=canonical', '3a25b0d8:o1:d24:aug16:geom=rot90__color=id__order=canonical', '3a25b0d8:o1:d24:aug16:geom=rot270__color=id__order=canonical']",11122244608,14403239936,3280995328,0.2277956447701296,10556014592,8,2073,2239,2304,2304
178,170,FORWARD,,8,8,8,,4,"['3a25b0d8:o1:d24:aug16:geom=transpose__color=id__order=canonical', '3a25b0d8:o1:d24:aug16:geom=anti_transpose__color=id__order=canonical', '3a25b0d8:o1:d24:aug16:geom=rot90__color=id__order=canonical', '3a25b0d8:o1:d24:aug16:geom=rot270__color=id__order=canonical']",11122245120,14403239936,3280994816,0.22779560922257208,10556014592,8,2074,2239,2304,2304
179,171,FORWARD,,8,8,8,,4,"['3a25b0d8:o1:d24:aug16:geom=transpose__color=id__order=canonical', '3a25b0d8:o1:d24:aug16:geom=anti_transpose__color=id__order=canonical', '3a25b0d8:o1:d24:aug16:geom=rot90__color=id__order=canonical', '3a25b0d8:o1:d24:aug16:geom=rot270__color=id__order=canonical']",11122245632,14403239936,3280994304,0.22779557367501457,10556014592,8,2075,2239,2304,2304
180,172,FORWARD,,8,8,8,,4,"['3a25b0d8:o1:d24:aug16:geom=transpose__color=id__order=canonical', '3a25b0d8:o1:d24:aug16:geom=anti_transpose__color=id__order=canonical', '3a25b0d8:o1:d24:aug16:geom=rot90__color=id__order=canonical', '3a25b0d8:o1:d24:aug16:geom=rot270__color=id__order=canonical']",11122246144,14403239936,3280993792,0.22779553812745704,10556014592,8,2076,2239,2304,2304
181,173,FORWARD,,8,8,8,,4,"['3a25b0d8:o1:d24:aug16:geom=transpose__color=id__order=canonical', '3a25b0d8:o1:d24:aug16:geom=anti_transpose__color=id__order=canonical', '3a25b0d8:o1:d24:aug16:geom=rot90__color=id__order=canonical', '3a25b0d8:o1:d24:aug16:geom=rot270__color=id__order=canonical']",11122246656,14403239936,3280993280,0.22779550257989953,10556014592,8,2077,2239,2304,2304
182,174,FORWARD,,8,8,8,,4,"['3a25b0d8:o1:d24:aug16:geom=transpose__color=id__order=canonical', '3a25b0d8:o1:d24:aug16:geom=anti_transpose__color=id__order=canonical', '3a25b0d8:o1:d24:aug16:geom=rot90__color=id__order=canonical', '3a25b0d8:o1:d24:aug16:geom=rot270__color=id__order=canonical']",11122246144,14403239936,3280993792,0.22779553812745704,10556014592,8,2078,2239,2304,2304
183,175,FORWARD,,8,8,8,,4,"['3a25b0d8:o1:d24:aug16:geom=transpose__color=id__order=canonical', '3a25b0d8:o1:d24:aug16:geom=anti_transpose__color=id__order=canonical', '3a25b0d8:o1:d24:aug16:geom=rot90__color=id__order=canonical', '3a25b0d8:o1:d24:aug16:geom=rot270__color=id__order=canonical']",11122246656,14403239936,3280993280,0.22779550257989953,10556014592,8,2079,2239,2304,2304
184,176,FORWARD,,8,8,8,,4,"['3a25b0d8:o1:d24:aug16:geom=transpose__color=id__order=canonical', '3a25b0d8:o1:d24:aug16:geom=anti_transpose__color=id__order=canonical', '3a25b0d8:o1:d24:aug16:geom=rot90__color=id__order=canonical', '3a25b0d8:o1:d24:aug16:geom=rot270__color=id__order=canonical']",11122247168,14403239936,3280992768,0.22779546703234202,10556014592,8,2080,2239,2304,2304
185,177,FORWARD,,8,8,8,,4,"['3a25b0d8:o1:d24:aug16:geom=transpose__color=id__order=canonical', '3a25b0d8:o1:d24:aug16:geom=anti_transpose__color=id__order=canonical', '3a25b0d8:o1:d24:aug16:geom=rot90__color=id__order=canonical', '3a25b0d8:o1:d24:aug16:geom=rot270__color=id__order=canonical']",11122247680,14403239936,3280992256,0.2277954314847845,10556014592,8,2081,2239,2304,2304
186,178,FORWARD,,8,8,8,,4,"['3a25b0d8:o1:d24:aug16:geom=transpose__color=id__order=canonical', '3a25b0d8:o1:d24:aug16:geom=anti_transpose__color=id__order=canonical', '3a25b0d8:o1:d24:aug16:geom=rot90__color=id__order=canonical', '3a25b0d8:o1:d24:aug16:geom=rot270__color=id__order=canonical']",11122248192,14403239936,3280991744,0.227795395937227,10556014592,8,2082,2239,2304,2304
187,179,FORWARD,,8,8,8,,4,"['3a25b0d8:o1:d24:aug16:geom=transpose__color=id__order=canonical', '3a25b0d8:o1:d24:aug16:geom=anti_transpose__color=id__order=canonical', '3a25b0d8:o1:d24:aug16:geom=rot90__color=id__order=canonical', '3a25b0d8:o1:d24:aug16:geom=rot270__color=id__order=canonical']",11122248704,14403239936,3280991232,0.2277953603896695,10556014592,8,2083,2239,2304,2304
188,180,FORWARD,,8,8,8,,4,"['3a25b0d8:o1:d24:aug16:geom=transpose__color=id__order=canonical', '3a25b0d8:o1:d24:aug16:geom=anti_transpose__color=id__order=canonical', '3a25b0d8:o1:d24:aug16:geom=rot90__color=id__order=canonical', '3a25b0d8:o1:d24:aug16:geom=rot270__color=id__order=canonical']",11122249216,14403239936,3280990720,0.22779532484211196,10556014592,8,2084,2239,2304,2304
189,181,FORWARD,,8,8,8,,4,"['3a25b0d8:o1:d24:aug16:geom=transpose__color=id__order=canonical', '3a25b0d8:o1:d24:aug16:geom=anti_transpose__color=id__order=canonical', '3a25b0d8:o1:d24:aug16:geom=rot90__color=id__order=canonical', '3a25b0d8:o1:d24:aug16:geom=rot270__color=id__order=canonical']",11122249728,14403239936,3280990208,0.22779528929455445,10556014592,8,2085,2239,2304,2304
190,182,FORWARD,,8,8,8,,4,"['3a25b0d8:o1:d24:aug16:geom=transpose__color=id__order=canonical', '3a25b0d8:o1:d24:aug16:geom=anti_transpose__color=id__order=canonical', '3a25b0d8:o1:d24:aug16:geom=rot90__color=id__order=canonical', '3a25b0d8:o1:d24:aug16:geom=rot270__color=id__order=canonical']",11122250240,14403239936,3280989696,0.22779525374699694,10556014592,8,2086,2239,2304,2304
191,183,FORWARD,,8,8,8,,4,"['3a25b0d8:o1:d24:aug16:geom=transpose__color=id__order=canonical', '3a25b0d8:o1:d24:aug16:geom=anti_transpose__color=id__order=canonical', '3a25b0d8:o1:d24:aug16:geom=rot90__color=id__order=canonical', '3a25b0d8:o1:d24:aug16:geom=rot270__color=id__order=canonical']",11122250752,14403239936,3280989184,0.22779521819943943,10556014592,8,2087,2239,2304,2304
192,184,FORWARD,,8,8,8,,4,"['3a25b0d8:o1:d24:aug16:geom=transpose__color=id__order=canonical', '3a25b0d8:o1:d24:aug16:geom=anti_transpose__color=id__order=canonical', '3a25b0d8:o1:d24:aug16:geom=rot90__color=id__order=canonical', '3a25b0d8:o1:d24:aug16:geom=rot270__color=id__order=canonical']",11122251264,14403239936,3280988672,0.22779518265188192,10556014592,8,2088,2239,2304,2304
193,185,FORWARD,,8,8,8,,4,"['3a25b0d8:o1:d24:aug16:geom=transpose__color=id__order=canonical', '3a25b0d8:o1:d24:aug16:geom=anti_transpose__color=id__order=canonical', '3a25b0d8:o1:d24:aug16:geom=rot90__color=id__order=canonical', '3a25b0d8:o1:d24:aug16:geom=rot270__color=id__order=canonical']",11122251776,14403239936,3280988160,0.2277951471043244,10556014592,8,2089,2239,2304,2304
194,186,FORWARD,,8,8,8,,4,"['3a25b0d8:o1:d24:aug16:geom=transpose__color=id__order=canonical', '3a25b0d8:o1:d24:aug16:geom=anti_transpose__color=id__order=canonical', '3a25b0d8:o1:d24:aug16:geom=rot90__color=id__order=canonical', '3a25b0d8:o1:d24:aug16:geom=rot270__color=id__order=canonical']",11122252288,14403239936,3280987648,0.22779511155676688,10556014592,8,2090,2239,2304,2304
195,187,FORWARD,,8,8,8,,4,"['3a25b0d8:o1:d24:aug16:geom=transpose__color=id__order=canonical', '3a25b0d8:o1:d24:aug16:geom=anti_transpose__color=id__order=canonical', '3a25b0d8:o1:d24:aug16:geom=rot90__color=id__order=canonical', '3a25b0d8:o1:d24:aug16:geom=rot270__color=id__order=canonical']",11122252800,14403239936,3280987136,0.22779507600920937,10556014592,8,2091,2239,2304,2304
196,188,FORWARD,,8,8,8,,4,"['3a25b0d8:o1:d24:aug16:geom=transpose__color=id__order=canonical', '3a25b0d8:o1:d24:aug16:geom=anti_transpose__color=id__order=canonical', '3a25b0d8:o1:d24:aug16:geom=rot90__color=id__order=canonical', '3a25b0d8:o1:d24:aug16:geom=rot270__color=id__order=canonical']",11122253312,14403239936,3280986624,0.22779504046165186,10556014592,8,2092,2239,2304,2304
197,189,FORWARD,,8,8,8,,6,"['3a25b0d8:o1:d24:aug16:geom=identity__color=id__order=canonical', '3a25b0d8:o1:d24:aug16:geom=flip_ud__color=id__order=canonical', '3a25b0d8:o1:d24:aug16:geom=transpose__color=id__order=canonical', '3a25b0d8:o1:d24:aug16:geom=anti_transpose__color=id__order=canonical', '3a25b0d8:o1:d24:aug16:geom=rot90__color=id__order=canonical', '3a25b0d8:o1:d24:aug16:geom=rot270__color=id__order=canonical']",11122253824,14403239936,3280986112,0.22779500491409435,10556014592,8,2093,2239,2304,2304
198,190,FORWARD,,8,8,8,,6,"['3a25b0d8:o1:d24:aug16:geom=identity__color=id__order=canonical', '3a25b0d8:o1:d24:aug16:geom=flip_ud__color=id__order=canonical', '3a25b0d8:o1:d24:aug16:geom=transpose__color=id__order=canonical', '3a25b0d8:o1:d24:aug16:geom=anti_transpose__color=id__order=canonical', '3a25b0d8:o1:d24:aug16:geom=rot90__color=id__order=canonical', '3a25b0d8:o1:d24:aug16:geom=rot270__color=id__order=canonical']",11122254336,18301845504,7179591168,0.39228782509560844,6657409024,8,2094,2239,2304,2304
199,191,FORWARD,,8,8,8,,6,"['3a25b0d8:o1:d24:aug16:geom=identity__color=id__order=canonical', '3a25b0d8:o1:d24:aug16:geom=flip_ud__color=id__order=canonical', '3a25b0d8:o1:d24:aug16:geom=transpose__color=id__order=canonical', '3a25b0d8:o1:d24:aug16:geom=anti_transpose__color=id__order=canonical', '3a25b0d8:o1:d24:aug16:geom=rot90__color=id__order=canonical', '3a25b0d8:o1:d24:aug16:geom=rot270__color=id__order=canonical']",11122254848,18301845504,7179590656,0.3922877971202876,6657409024,8,2095,2239,2304,2304
200,192,FORWARD,,8,8,8,,6,"['3a25b0d8:o1:d24:aug16:geom=identity__color=id__order=canonical', '3a25b0d8:o1:d24:aug16:geom=flip_ud__color=id__order=canonical', '3a25b0d8:o1:d24:aug16:geom=transpose__color=id__order=canonical', '3a25b0d8:o1:d24:aug16:geom=anti_transpose__color=id__order=canonical', '3a25b0d8:o1:d24:aug16:geom=rot90__color=id__order=canonical', '3a25b0d8:o1:d24:aug16:geom=rot270__color=id__order=canonical']",11122255360,18301845504,7179590144,0.39228776914496677,6657409024,8,2096,2239,2304,2304
201,193,FORWARD,,8,8,8,,6,"['3a25b0d8:o1:d24:aug16:geom=identity__color=id__order=canonical', '3a25b0d8:o1:d24:aug16:geom=flip_ud__color=id__order=canonical', '3a25b0d8:o1:d24:aug16:geom=transpose__color=id__order=canonical', '3a25b0d8:o1:d24:aug16:geom=anti_transpose__color=id__order=canonical', '3a25b0d8:o1:d24:aug16:geom=rot90__color=id__order=canonical', '3a25b0d8:o1:d24:aug16:geom=rot270__color=id__order=canonical']",11122255872,18301845504,7179589632,0.39228774116964593,6657409024,8,2097,2239,2304,2304
202,194,FORWARD,,8,8,8,,6,"['3a25b0d8:o1:d24:aug16:geom=identity__color=id__order=canonical', '3a25b0d8:o1:d24:aug16:geom=flip_ud__color=id__order=canonical', '3a25b0d8:o1:d24:aug16:geom=transpose__color=id__order=canonical', '3a25b0d8:o1:d24:aug16:geom=anti_transpose__color=id__order=canonical', '3a25b0d8:o1:d24:aug16:geom=rot90__color=id__order=canonical', '3a25b0d8:o1:d24:aug16:geom=rot270__color=id__order=canonical']",11122256384,18301845504,7179589120,0.3922877131943251,6657409024,8,2098,2239,2304,2304
203,195,FORWARD,,8,8,8,,6,"['3a25b0d8:o1:d24:aug16:geom=identity__color=id__order=canonical', '3a25b0d8:o1:d24:aug16:geom=flip_ud__color=id__order=canonical', '3a25b0d8:o1:d24:aug16:geom=transpose__color=id__order=canonical', '3a25b0d8:o1:d24:aug16:geom=anti_transpose__color=id__order=canonical', '3a25b0d8:o1:d24:aug16:geom=rot90__color=id__order=canonical', '3a25b0d8:o1:d24:aug16:geom=rot270__color=id__order=canonical']",11122256896,18301845504,7179588608,0.39228768521900426,6657409024,8,2099,2239,2304,2304
204,196,FORWARD,,8,8,8,,6,"['3a25b0d8:o1:d24:aug16:geom=identity__color=id__order=canonical', '3a25b0d8:o1:d24:aug16:geom=flip_ud__color=id__order=canonical', '3a25b0d8:o1:d24:aug16:geom=transpose__color=id__order=canonical', '3a25b0d8:o1:d24:aug16:geom=anti_transpose__color=id__order=canonical', '3a25b0d8:o1:d24:aug16:geom=rot90__color=id__order=canonical', '3a25b0d8:o1:d24:aug16:geom=rot270__color=id__order=canonical']",11122257408,18301845504,7179588096,0.3922876572436834,6657409024,8,2100,2239,2304,2304
205,197,FORWARD,,8,8,8,,6,"['3a25b0d8:o1:d24:aug16:geom=identity__color=id__order=canonical', '3a25b0d8:o1:d24:aug16:geom=flip_ud__color=id__order=canonical', '3a25b0d8:o1:d24:aug16:geom=transpose__color=id__order=canonical', '3a25b0d8:o1:d24:aug16:geom=anti_transpose__color=id__order=canonical', '3a25b0d8:o1:d24:aug16:geom=rot90__color=id__order=canonical', '3a25b0d8:o1:d24:aug16:geom=rot270__color=id__order=canonical']",11122257920,18301845504,7179587584,0.3922876292683625,6657409024,8,2101,2239,2304,2304
206,198,FORWARD,,8,8,8,,6,"['3a25b0d8:o1:d24:aug16:geom=identity__color=id__order=canonical', '3a25b0d8:o1:d24:aug16:geom=flip_ud__color=id__order=canonical', '3a25b0d8:o1:d24:aug16:geom=transpose__color=id__order=canonical', '3a25b0d8:o1:d24:aug16:geom=anti_transpose__color=id__order=canonical', '3a25b0d8:o1:d24:aug16:geom=rot90__color=id__order=canonical', '3a25b0d8:o1:d24:aug16:geom=rot270__color=id__order=canonical']",11122258432,18301845504,7179587072,0.3922876012930417,6657409024,8,2102,2239,2304,2304
207,199,FORWARD,,8,8,8,,6,"['3a25b0d8:o1:d24:aug16:geom=identity__color=id__order=canonical', '3a25b0d8:o1:d24:aug16:geom=flip_ud__color=id__order=canonical', '3a25b0d8:o1:d24:aug16:geom=transpose__color=id__order=canonical', '3a25b0d8:o1:d24:aug16:geom=anti_transpose__color=id__order=canonical', '3a25b0d8:o1:d24:aug16:geom=rot90__color=id__order=canonical', '3a25b0d8:o1:d24:aug16:geom=rot270__color=id__order=canonical']",11122258944,18301845504,7179586560,0.39228757331772085,6657409024,8,2103,2239,2304,2304
208,200,FORWARD,,8,8,8,,6,"['3a25b0d8:o1:d24:aug16:geom=identity__color=id__order=canonical', '3a25b0d8:o1:d24:aug16:geom=flip_ud__color=id__order=canonical', '3a25b0d8:o1:d24:aug16:geom=transpose__color=id__order=canonical', '3a25b0d8:o1:d24:aug16:geom=anti_transpose__color=id__order=canonical', '3a25b0d8:o1:d24:aug16:geom=rot90__color=id__order=canonical', '3a25b0d8:o1:d24:aug16:geom=rot270__color=id__order=canonical']",11122259456,18301845504,7179586048,0.3922875453424,6657409024,8,2104,2239,2304,2304
209,201,FORWARD,,8,8,8,,6,"['3a25b0d8:o1:d24:aug16:geom=identity__color=id__order=canonical', '3a25b0d8:o1:d24:aug16:geom=flip_ud__color=id__order=canonical', '3a25b0d8:o1:d24:aug16:geom=transpose__color=id__order=canonical', '3a25b0d8:o1:d24:aug16:geom=anti_transpose__color=id__order=canonical', '3a25b0d8:o1:d24:aug16:geom=rot90__color=id__order=canonical', '3a25b0d8:o1:d24:aug16:geom=rot270__color=id__order=canonical']",11122259968,18301845504,7179585536,0.3922875173670792,6657409024,8,2105,2239,2304,2304
210,202,FORWARD,,8,8,8,,6,"['3a25b0d8:o1:d24:aug16:geom=identity__color=id__order=canonical', '3a25b0d8:o1:d24:aug16:geom=flip_ud__color=id__order=canonical', '3a25b0d8:o1:d24:aug16:geom=transpose__color=id__order=canonical', '3a25b0d8:o1:d24:aug16:geom=anti_transpose__color=id__order=canonical', '3a25b0d8:o1:d24:aug16:geom=rot90__color=id__order=canonical', '3a25b0d8:o1:d24:aug16:geom=rot270__color=id__order=canonical']",11122260480,18301845504,7179585024,0.39228748939175834,6657409024,8,2106,2239,2304,2304
211,203,FORWARD,,8,8,8,,6,"['3a25b0d8:o1:d24:aug16:geom=identity__color=id__order=canonical', '3a25b0d8:o1:d24:aug16:geom=flip_ud__color=id__order=canonical', '3a25b0d8:o1:d24:aug16:geom=transpose__color=id__order=canonical', '3a25b0d8:o1:d24:aug16:geom=anti_transpose__color=id__order=canonical', '3a25b0d8:o1:d24:aug16:geom=rot90__color=id__order=canonical', '3a25b0d8:o1:d24:aug16:geom=rot270__color=id__order=canonical']",11122260992,18301845504,7179584512,0.3922874614164375,6657409024,8,2107,2239,2304,2304
212,204,FORWARD,,8,8,8,,6,"['3a25b0d8:o1:d24:aug16:geom=identity__color=id__order=canonical', '3a25b0d8:o1:d24:aug16:geom=flip_ud__color=id__order=canonical', '3a25b0d8:o1:d24:aug16:geom=transpose__color=id__order=canonical', '3a25b0d8:o1:d24:aug16:geom=anti_transpose__color=id__order=canonical', '3a25b0d8:o1:d24:aug16:geom=rot90__color=id__order=canonical', '3a25b0d8:o1:d24:aug16:geom=rot270__color=id__order=canonical']",11122261504,18301845504,7179584000,0.39228743344111666,6657409024,8,2108,2239,2304,2304
213,205,FORWARD,,8,8,8,,6,"['3a25b0d8:o1:d24:aug16:geom=identity__color=id__order=canonical', '3a25b0d8:o1:d24:aug16:geom=flip_ud__color=id__order=canonical', '3a25b0d8:o1:d24:aug16:geom=transpose__color=id__order=canonical', '3a25b0d8:o1:d24:aug16:geom=anti_transpose__color=id__order=canonical', '3a25b0d8:o1:d24:aug16:geom=rot90__color=id__order=canonical', '3a25b0d8:o1:d24:aug16:geom=rot270__color=id__order=canonical']",11122262016,18301845504,7179583488,0.3922874054657958,6657409024,8,2109,2239,2304,2304
214,206,FORWARD,,8,8,8,,6,"['3a25b0d8:o1:d24:aug16:geom=identity__color=id__order=canonical', '3a25b0d8:o1:d24:aug16:geom=flip_ud__color=id__order=canonical', '3a25b0d8:o1:d24:aug16:geom=transpose__color=id__order=canonical', '3a25b0d8:o1:d24:aug16:geom=anti_transpose__color=id__order=canonical', '3a25b0d8:o1:d24:aug16:geom=rot90__color=id__order=canonical', '3a25b0d8:o1:d24:aug16:geom=rot270__color=id__order=canonical']",11122262528,18301845504,7179582976,0.392287377490475,6657409024,8,2110,2239,2304,2304
215,207,FORWARD,,8,8,8,,6,"['3a25b0d8:o1:d24:aug16:geom=identity__color=id__order=canonical', '3a25b0d8:o1:d24:aug16:geom=flip_ud__color=id__order=canonical', '3a25b0d8:o1:d24:aug16:geom=transpose__color=id__order=canonical', '3a25b0d8:o1:d24:aug16:geom=anti_transpose__color=id__order=canonical', '3a25b0d8:o1:d24:aug16:geom=rot90__color=id__order=canonical', '3a25b0d8:o1:d24:aug16:geom=rot270__color=id__order=canonical']",11122263040,18301845504,7179582464,0.3922873495151541,6657409024,8,2111,2239,2304,2304
216,208,FORWARD,,8,8,8,,6,"['3a25b0d8:o1:d24:aug16:geom=identity__color=id__order=canonical', '3a25b0d8:o1:d24:aug16:geom=flip_ud__color=id__order=canonical', '3a25b0d8:o1:d24:aug16:geom=transpose__color=id__order=canonical', '3a25b0d8:o1:d24:aug16:geom=anti_transpose__color=id__order=canonical', '3a25b0d8:o1:d24:aug16:geom=rot90__color=id__order=canonical', '3a25b0d8:o1:d24:aug16:geom=rot270__color=id__order=canonical']",11122263552,18301845504,7179581952,0.39228732153983326,6657409024,8,2112,2239,2304,2304
217,209,FORWARD,,8,8,8,,6,"['3a25b0d8:o1:d24:aug16:geom=identity__color=id__order=canonical', '3a25b0d8:o1:d24:aug16:geom=flip_ud__color=id__order=canonical', '3a25b0d8:o1:d24:aug16:geom=transpose__color=id__order=canonical', '3a25b0d8:o1:d24:aug16:geom=anti_transpose__color=id__order=canonical', '3a25b0d8:o1:d24:aug16:geom=rot90__color=id__order=canonical', '3a25b0d8:o1:d24:aug16:geom=rot270__color=id__order=canonical']",11122264064,18301845504,7179581440,0.3922872935645124,6657409024,8,2113,2239,2304,2304
218,210,FORWARD,,8,8,8,,6,"['3a25b0d8:o1:d24:aug16:geom=identity__color=id__order=canonical', '3a25b0d8:o1:d24:aug16:geom=flip_ud__color=id__order=canonical', '3a25b0d8:o1:d24:aug16:geom=transpose__color=id__order=canonical', '3a25b0d8:o1:d24:aug16:geom=anti_transpose__color=id__order=canonical', '3a25b0d8:o1:d24:aug16:geom=rot90__color=id__order=canonical', '3a25b0d8:o1:d24:aug16:geom=rot270__color=id__order=canonical']",11122264576,18301845504,7179580928,0.3922872655891916,6657409024,8,2114,2239,2304,2304
219,211,FORWARD,,8,8,8,,6,"['3a25b0d8:o1:d24:aug16:geom=identity__color=id__order=canonical', '3a25b0d8:o1:d24:aug16:geom=flip_ud__color=id__order=canonical', '3a25b0d8:o1:d24:aug16:geom=transpose__color=id__order=canonical', '3a25b0d8:o1:d24:aug16:geom=anti_transpose__color=id__order=canonical', '3a25b0d8:o1:d24:aug16:geom=rot90__color=id__order=canonical', '3a25b0d8:o1:d24:aug16:geom=rot270__color=id__order=canonical']",11122265088,18301845504,7179580416,0.39228723761387074,6657409024,8,2115,2239,2304,2304
220,212,FORWARD,,8,8,8,,6,"['3a25b0d8:o1:d24:aug16:geom=identity__color=id__order=canonical', '3a25b0d8:o1:d24:aug16:geom=flip_ud__color=id__order=canonical', '3a25b0d8:o1:d24:aug16:geom=transpose__color=id__order=canonical', '3a25b0d8:o1:d24:aug16:geom=anti_transpose__color=id__order=canonical', '3a25b0d8:o1:d24:aug16:geom=rot90__color=id__order=canonical', '3a25b0d8:o1:d24:aug16:geom=rot270__color=id__order=canonical']",11122265600,18301845504,7179579904,0.3922872096385499,6657409024,8,2116,2239,2304,2304
221,213,FORWARD,,8,8,8,,6,"['3a25b0d8:o1:d24:aug16:geom=identity__color=id__order=canonical', '3a25b0d8:o1:d24:aug16:geom=flip_ud__color=id__order=canonical', '3a25b0d8:o1:d24:aug16:geom=transpose__color=id__order=canonical', '3a25b0d8:o1:d24:aug16:geom=anti_transpose__color=id__order=canonical', '3a25b0d8:o1:d24:aug16:geom=rot90__color=id__order=canonical', '3a25b0d8:o1:d24:aug16:geom=rot270__color=id__order=canonical']",11122266112,18301845504,7179579392,0.39228718166322907,6657409024,8,2117,2239,2304,2304
222,214,FORWARD,,8,8,8,,6,"['3a25b0d8:o1:d24:aug16:geom=identity__color=id__order=canonical', '3a25b0d8:o1:d24:aug16:geom=flip_ud__color=id__order=canonical', '3a25b0d8:o1:d24:aug16:geom=transpose__color=id__order=canonical', '3a25b0d8:o1:d24:aug16:geom=anti_transpose__color=id__order=canonical', '3a25b0d8:o1:d24:aug16:geom=rot90__color=id__order=canonical', '3a25b0d8:o1:d24:aug16:geom=rot270__color=id__order=canonical']",11122266624,18301845504,7179578880,0.39228715368790823,6657409024,8,2118,2239,2304,2304
223,215,FORWARD,,8,8,8,,6,"['3a25b0d8:o1:d24:aug16:geom=identity__color=id__order=canonical', '3a25b0d8:o1:d24:aug16:geom=flip_ud__color=id__order=canonical', '3a25b0d8:o1:d24:aug16:geom=transpose__color=id__order=canonical', '3a25b0d8:o1:d24:aug16:geom=anti_transpose__color=id__order=canonical', '3a25b0d8:o1:d24:aug16:geom=rot90__color=id__order=canonical', '3a25b0d8:o1:d24:aug16:geom=rot270__color=id__order=canonical']",11122267136,18301845504,7179578368,0.3922871257125874,6657409024,8,2119,2239,2304,2304
224,216,FORWARD,,8,8,8,,6,"['3a25b0d8:o1:d24:aug16:geom=identity__color=id__order=canonical', '3a25b0d8:o1:d24:aug16:geom=flip_ud__color=id__order=canonical', '3a25b0d8:o1:d24:aug16:geom=transpose__color=id__order=canonical', '3a25b0d8:o1:d24:aug16:geom=anti_transpose__color=id__order=canonical', '3a25b0d8:o1:d24:aug16:geom=rot90__color=id__order=canonical', '3a25b0d8:o1:d24:aug16:geom=rot270__color=id__order=canonical']",11122267648,18301845504,7179577856,0.39228709773726655,6657409024,8,2120,2239,2304,2304
225,217,FORWARD,,8,8,8,,6,"['3a25b0d8:o1:d24:aug16:geom=identity__color=id__order=canonical', '3a25b0d8:o1:d24:aug16:geom=flip_ud__color=id__order=canonical', '3a25b0d8:o1:d24:aug16:geom=transpose__color=id__order=canonical', '3a25b0d8:o1:d24:aug16:geom=anti_transpose__color=id__order=canonical', '3a25b0d8:o1:d24:aug16:geom=rot90__color=id__order=canonical', '3a25b0d8:o1:d24:aug16:geom=rot270__color=id__order=canonical']",11122268160,18301845504,7179577344,0.39228706976194566,6657409024,8,2121,2239,2304,2304
226,218,FORWARD,,8,8,8,,6,"['3a25b0d8:o1:d24:aug16:geom=identity__color=id__order=canonical', '3a25b0d8:o1:d24:aug16:geom=flip_ud__color=id__order=canonical', '3a25b0d8:o1:d24:aug16:geom=transpose__color=id__order=canonical', '3a25b0d8:o1:d24:aug16:geom=anti_transpose__color=id__order=canonical', '3a25b0d8:o1:d24:aug16:geom=rot90__color=id__order=canonical', '3a25b0d8:o1:d24:aug16:geom=rot270__color=id__order=canonical']",11122268672,18301845504,7179576832,0.3922870417866248,6657409024,8,2122,2239,2304,2304
227,219,FORWARD,,8,8,8,,6,"['3a25b0d8:o1:d24:aug16:geom=identity__color=id__order=canonical', '3a25b0d8:o1:d24:aug16:geom=flip_ud__color=id__order=canonical', '3a25b0d8:o1:d24:aug16:geom=transpose__color=id__order=canonical', '3a25b0d8:o1:d24:aug16:geom=anti_transpose__color=id__order=canonical', '3a25b0d8:o1:d24:aug16:geom=rot90__color=id__order=canonical', '3a25b0d8:o1:d24:aug16:geom=rot270__color=id__order=canonical']",11122269184,18301845504,7179576320,0.392287013811304,6657409024,8,2123,2239,2304,2304
228,220,FORWARD,,8,8,8,,6,"['3a25b0d8:o1:d24:aug16:geom=identity__color=id__order=canonical', '3a25b0d8:o1:d24:aug16:geom=flip_ud__color=id__order=canonical', '3a25b0d8:o1:d24:aug16:geom=transpose__color=id__order=canonical', '3a25b0d8:o1:d24:aug16:geom=anti_transpose__color=id__order=canonical', '3a25b0d8:o1:d24:aug16:geom=rot90__color=id__order=canonical', '3a25b0d8:o1:d24:aug16:geom=rot270__color=id__order=canonical']",11122269696,18301845504,7179575808,0.39228698583598315,6657409024,8,2124,2239,2304,2304
229,221,FORWARD,,8,8,8,,6,"['3a25b0d8:o1:d24:aug16:geom=identity__color=id__order=canonical', '3a25b0d8:o1:d24:aug16:geom=flip_ud__color=id__order=canonical', '3a25b0d8:o1:d24:aug16:geom=transpose__color=id__order=canonical', '3a25b0d8:o1:d24:aug16:geom=anti_transpose__color=id__order=canonical', '3a25b0d8:o1:d24:aug16:geom=rot90__color=id__order=canonical', '3a25b0d8:o1:d24:aug16:geom=rot270__color=id__order=canonical']",11122270208,18301845504,7179575296,0.3922869578606623,6657409024,8,2125,2239,2304,2304
230,222,FORWARD,,8,8,8,,6,"['3a25b0d8:o1:d24:aug16:geom=identity__color=id__order=canonical', '3a25b0d8:o1:d24:aug16:geom=flip_ud__color=id__order=canonical', '3a25b0d8:o1:d24:aug16:geom=transpose__color=id__order=canonical', '3a25b0d8:o1:d24:aug16:geom=anti_transpose__color=id__order=canonical', '3a25b0d8:o1:d24:aug16:geom=rot90__color=id__order=canonical', '3a25b0d8:o1:d24:aug16:geom=rot270__color=id__order=canonical']",11122270720,18301845504,7179574784,0.3922869298853415,6657409024,8,2126,2239,2304,2304
231,223,FORWARD,,8,8,8,,6,"['3a25b0d8:o1:d24:aug16:geom=identity__color=id__order=canonical', '3a25b0d8:o1:d24:aug16:geom=flip_ud__color=id__order=canonical', '3a25b0d8:o1:d24:aug16:geom=transpose__color=id__order=canonical', '3a25b0d8:o1:d24:aug16:geom=anti_transpose__color=id__order=canonical', '3a25b0d8:o1:d24:aug16:geom=rot90__color=id__order=canonical', '3a25b0d8:o1:d24:aug16:geom=rot270__color=id__order=canonical']",11122271232,18301845504,7179574272,0.39228690191002064,6657409024,8,2127,2239,2304,2304
232,224,FORWARD,,8,8,8,,6,"['3a25b0d8:o1:d24:aug16:geom=identity__color=id__order=canonical', '3a25b0d8:o1:d24:aug16:geom=flip_ud__color=id__order=canonical', '3a25b0d8:o1:d24:aug16:geom=transpose__color=id__order=canonical', '3a25b0d8:o1:d24:aug16:geom=anti_transpose__color=id__order=canonical', '3a25b0d8:o1:d24:aug16:geom=rot90__color=id__order=canonical', '3a25b0d8:o1:d24:aug16:geom=rot270__color=id__order=canonical']",11122271744,18301845504,7179573760,0.3922868739346998,6657409024,8,2128,2239,2304,2304
233,225,FORWARD,,8,8,8,,6,"['3a25b0d8:o1:d24:aug16:geom=identity__color=id__order=canonical', '3a25b0d8:o1:d24:aug16:geom=flip_ud__color=id__order=canonical', '3a25b0d8:o1:d24:aug16:geom=transpose__color=id__order=canonical', '3a25b0d8:o1:d24:aug16:geom=anti_transpose__color=id__order=canonical', '3a25b0d8:o1:d24:aug16:geom=rot90__color=id__order=canonical', '3a25b0d8:o1:d24:aug16:geom=rot270__color=id__order=canonical']",11122272256,18301845504,7179573248,0.39228684595937896,6657409024,8,2129,2239,2304,2304
234,226,FORWARD,,8,8,8,,6,"['3a25b0d8:o1:d24:aug16:geom=identity__color=id__order=canonical', '3a25b0d8:o1:d24:aug16:geom=flip_ud__color=id__order=canonical', '3a25b0d8:o1:d24:aug16:geom=transpose__color=id__order=canonical', '3a25b0d8:o1:d24:aug16:geom=anti_transpose__color=id__order=canonical', '3a25b0d8:o1:d24:aug16:geom=rot90__color=id__order=canonical', '3a25b0d8:o1:d24:aug16:geom=rot270__color=id__order=canonical']",11122272768,18301845504,7179572736,0.3922868179840581,6657409024,8,2130,2239,2304,2304
235,227,FORWARD,,8,8,8,,6,"['3a25b0d8:o1:d24:aug16:geom=identity__color=id__order=canonical', '3a25b0d8:o1:d24:aug16:geom=flip_ud__color=id__order=canonical', '3a25b0d8:o1:d24:aug16:geom=transpose__color=id__order=canonical', '3a25b0d8:o1:d24:aug16:geom=anti_transpose__color=id__order=canonical', '3a25b0d8:o1:d24:aug16:geom=rot90__color=id__order=canonical', '3a25b0d8:o1:d24:aug16:geom=rot270__color=id__order=canonical']",11122273280,18301845504,7179572224,0.39228679000873723,6657409024,8,2131,2239,2304,2304
236,228,FORWARD,,8,8,8,,6,"['3a25b0d8:o1:d24:aug16:geom=identity__color=id__order=canonical', '3a25b0d8:o1:d24:aug16:geom=flip_ud__color=id__order=canonical', '3a25b0d8:o1:d24:aug16:geom=transpose__color=id__order=canonical', '3a25b0d8:o1:d24:aug16:geom=anti_transpose__color=id__order=canonical', '3a25b0d8:o1:d24:aug16:geom=rot90__color=id__order=canonical', '3a25b0d8:o1:d24:aug16:geom=rot270__color=id__order=canonical']",11122273792,18301845504,7179571712,0.3922867620334164,6657409024,8,2132,2239,2304,2304
237,229,FORWARD,,8,8,8,,6,"['3a25b0d8:o1:d24:aug16:geom=identity__color=id__order=canonical', '3a25b0d8:o1:d24:aug16:geom=flip_ud__color=id__order=canonical', '3a25b0d8:o1:d24:aug16:geom=transpose__color=id__order=canonical', '3a25b0d8:o1:d24:aug16:geom=anti_transpose__color=id__order=canonical', '3a25b0d8:o1:d24:aug16:geom=rot90__color=id__order=canonical', '3a25b0d8:o1:d24:aug16:geom=rot270__color=id__order=canonical']",11122274304,18301845504,7179571200,0.39228673405809555,6657409024,8,2133,2239,2304,2304
238,230,FORWARD,,8,8,8,,6,"['3a25b0d8:o1:d24:aug16:geom=identity__color=id__order=canonical', '3a25b0d8:o1:d24:aug16:geom=flip_ud__color=id__order=canonical', '3a25b0d8:o1:d24:aug16:geom=transpose__color=id__order=canonical', '3a25b0d8:o1:d24:aug16:geom=anti_transpose__color=id__order=canonical', '3a25b0d8:o1:d24:aug16:geom=rot90__color=id__order=canonical', '3a25b0d8:o1:d24:aug16:geom=rot270__color=id__order=canonical']",11122274816,18301845504,7179570688,0.3922867060827747,6657409024,8,2134,2239,2304,2304
239,231,FORWARD,,8,8,8,,6,"['3a25b0d8:o1:d24:aug16:geom=identity__color=id__order=canonical', '3a25b0d8:o1:d24:aug16:geom=flip_ud__color=id__order=canonical', '3a25b0d8:o1:d24:aug16:geom=transpose__color=id__order=canonical', '3a25b0d8:o1:d24:aug16:geom=anti_transpose__color=id__order=canonical', '3a25b0d8:o1:d24:aug16:geom=rot90__color=id__order=canonical', '3a25b0d8:o1:d24:aug16:geom=rot270__color=id__order=canonical']",11122275328,18301845504,7179570176,0.3922866781074539,6657409024,8,2135,2239,2304,2304
240,232,FORWARD,,8,8,8,,6,"['3a25b0d8:o1:d24:aug16:geom=identity__color=id__order=canonical', '3a25b0d8:o1:d24:aug16:geom=flip_ud__color=id__order=canonical', '3a25b0d8:o1:d24:aug16:geom=transpose__color=id__order=canonical', '3a25b0d8:o1:d24:aug16:geom=anti_transpose__color=id__order=canonical', '3a25b0d8:o1:d24:aug16:geom=rot90__color=id__order=canonical', '3a25b0d8:o1:d24:aug16:geom=rot270__color=id__order=canonical']",11122275840,18301845504,7179569664,0.39228665013213304,6657409024,8,2136,2239,2304,2304
241,233,FORWARD,,8,8,8,,6,"['3a25b0d8:o1:d24:aug16:geom=identity__color=id__order=canonical', '3a25b0d8:o1:d24:aug16:geom=flip_ud__color=id__order=canonical', '3a25b0d8:o1:d24:aug16:geom=transpose__color=id__order=canonical', '3a25b0d8:o1:d24:aug16:geom=anti_transpose__color=id__order=canonical', '3a25b0d8:o1:d24:aug16:geom=rot90__color=id__order=canonical', '3a25b0d8:o1:d24:aug16:geom=rot270__color=id__order=canonical']",11122276352,18301845504,7179569152,0.3922866221568122,6657409024,8,2137,2239,2304,2304
242,234,FORWARD,,8,8,8,,6,"['3a25b0d8:o1:d24:aug16:geom=identity__color=id__order=canonical', '3a25b0d8:o1:d24:aug16:geom=flip_ud__color=id__order=canonical', '3a25b0d8:o1:d24:aug16:geom=transpose__color=id__order=canonical', '3a25b0d8:o1:d24:aug16:geom=anti_transpose__color=id__order=canonical', '3a25b0d8:o1:d24:aug16:geom=rot90__color=id__order=canonical', '3a25b0d8:o1:d24:aug16:geom=rot270__color=id__order=canonical']",11122276864,18301845504,7179568640,0.39228659418149137,6657409024,8,2138,2239,2304,2304
243,235,FORWARD,,8,8,8,,6,"['3a25b0d8:o1:d24:aug16:geom=identity__color=id__order=canonical', '3a25b0d8:o1:d24:aug16:geom=flip_ud__color=id__order=canonical', '3a25b0d8:o1:d24:aug16:geom=transpose__color=id__order=canonical', '3a25b0d8:o1:d24:aug16:geom=anti_transpose__color=id__order=canonical', '3a25b0d8:o1:d24:aug16:geom=rot90__color=id__order=canonical', '3a25b0d8:o1:d24:aug16:geom=rot270__color=id__order=canonical']",11122277376,18301845504,7179568128,0.39228656620617053,6657409024,8,2139,2239,2304,2304
244,236,FORWARD,,8,8,8,,6,"['3a25b0d8:o1:d24:aug16:geom=identity__color=id__order=canonical', '3a25b0d8:o1:d24:aug16:geom=flip_ud__color=id__order=canonical', '3a25b0d8:o1:d24:aug16:geom=transpose__color=id__order=canonical', '3a25b0d8:o1:d24:aug16:geom=anti_transpose__color=id__order=canonical', '3a25b0d8:o1:d24:aug16:geom=rot90__color=id__order=canonical', '3a25b0d8:o1:d24:aug16:geom=rot270__color=id__order=canonical']",11122277888,18301845504,7179567616,0.39228653823084964,6657409024,8,2140,2239,2304,2304
245,237,FORWARD,,8,8,8,,6,"['3a25b0d8:o1:d24:aug16:geom=identity__color=id__order=canonical', '3a25b0d8:o1:d24:aug16:geom=flip_ud__color=id__order=canonical', '3a25b0d8:o1:d24:aug16:geom=transpose__color=id__order=canonical', '3a25b0d8:o1:d24:aug16:geom=anti_transpose__color=id__order=canonical', '3a25b0d8:o1:d24:aug16:geom=rot90__color=id__order=canonical', '3a25b0d8:o1:d24:aug16:geom=rot270__color=id__order=canonical']",11122278400,18301845504,7179567104,0.3922865102555288,6657409024,8,2141,2239,2304,2304
246,238,FORWARD,,8,8,8,,6,"['3a25b0d8:o1:d24:aug16:geom=identity__color=id__order=canonical', '3a25b0d8:o1:d24:aug16:geom=flip_ud__color=id__order=canonical', '3a25b0d8:o1:d24:aug16:geom=transpose__color=id__order=canonical', '3a25b0d8:o1:d24:aug16:geom=anti_transpose__color=id__order=canonical', '3a25b0d8:o1:d24:aug16:geom=rot90__color=id__order=canonical', '3a25b0d8:o1:d24:aug16:geom=rot270__color=id__order=canonical']",11122278912,18301845504,7179566592,0.39228648228020796,6657409024,8,2142,2239,2304,2304
247,239,FORWARD,,8,8,8,,6,"['3a25b0d8:o1:d24:aug16:geom=identity__color=id__order=canonical', '3a25b0d8:o1:d24:aug16:geom=flip_ud__color=id__order=canonical', '3a25b0d8:o1:d24:aug16:geom=transpose__color=id__order=canonical', '3a25b0d8:o1:d24:aug16:geom=anti_transpose__color=id__order=canonical', '3a25b0d8:o1:d24:aug16:geom=rot90__color=id__order=canonical', '3a25b0d8:o1:d24:aug16:geom=rot270__color=id__order=canonical']",11122279424,18301845504,7179566080,0.3922864543048871,6657409024,8,2143,2239,2304,2304
248,240,FORWARD,,8,8,8,,6,"['3a25b0d8:o1:d24:aug16:geom=identity__color=id__order=canonical', '3a25b0d8:o1:d24:aug16:geom=flip_ud__color=id__order=canonical', '3a25b0d8:o1:d24:aug16:geom=transpose__color=id__order=canonical', '3a25b0d8:o1:d24:aug16:geom=anti_transpose__color=id__order=canonical', '3a25b0d8:o1:d24:aug16:geom=rot90__color=id__order=canonical', '3a25b0d8:o1:d24:aug16:geom=rot270__color=id__order=canonical']",11122279936,18301845504,7179565568,0.3922864263295663,6657409024,8,2144,2239,2304,2304
249,241,FORWARD,,8,8,8,,6,"['3a25b0d8:o1:d24:aug16:geom=identity__color=id__order=canonical', '3a25b0d8:o1:d24:aug16:geom=flip_ud__color=id__order=canonical', '3a25b0d8:o1:d24:aug16:geom=transpose__color=id__order=canonical', '3a25b0d8:o1:d24:aug16:geom=anti_transpose__color=id__order=canonical', '3a25b0d8:o1:d24:aug16:geom=rot90__color=id__order=canonical', '3a25b0d8:o1:d24:aug16:geom=rot270__color=id__order=canonical']",11122280448,18301845504,7179565056,0.39228639835424545,6657409024,8,2145,2239,2304,2304
250,242,FORWARD,,8,8,8,,6,"['3a25b0d8:o1:d24:aug16:geom=identity__color=id__order=canonical', '3a25b0d8:o1:d24:aug16:geom=flip_ud__color=id__order=canonical', '3a25b0d8:o1:d24:aug16:geom=transpose__color=id__order=canonical', '3a25b0d8:o1:d24:aug16:geom=anti_transpose__color=id__order=canonical', '3a25b0d8:o1:d24:aug16:geom=rot90__color=id__order=canonical', '3a25b0d8:o1:d24:aug16:geom=rot270__color=id__order=canonical']",11122280960,18301845504,7179564544,0.3922863703789246,6657409024,8,2146,2239,2304,2304
251,243,FORWARD,,8,8,8,,6,"['3a25b0d8:o1:d24:aug16:geom=identity__color=id__order=canonical', '3a25b0d8:o1:d24:aug16:geom=flip_ud__color=id__order=canonical', '3a25b0d8:o1:d24:aug16:geom=transpose__color=id__order=canonical', '3a25b0d8:o1:d24:aug16:geom=anti_transpose__color=id__order=canonical', '3a25b0d8:o1:d24:aug16:geom=rot90__color=id__order=canonical', '3a25b0d8:o1:d24:aug16:geom=rot270__color=id__order=canonical']",11122281472,18301845504,7179564032,0.39228634240360377,6657409024,8,2147,2239,2304,2304
252,244,FORWARD,,8,8,8,,6,"['3a25b0d8:o1:d24:aug16:geom=identity__color=id__order=canonical', '3a25b0d8:o1:d24:aug16:geom=flip_ud__color=id__order=canonical', '3a25b0d8:o1:d24:aug16:geom=transpose__color=id__order=canonical', '3a25b0d8:o1:d24:aug16:geom=anti_transpose__color=id__order=canonical', '3a25b0d8:o1:d24:aug16:geom=rot90__color=id__order=canonical', '3a25b0d8:o1:d24:aug16:geom=rot270__color=id__order=canonical']",11122281984,18301845504,7179563520,0.39228631442828293,6657409024,8,2148,2239,2304,2304
253,245,FORWARD,,8,8,8,,6,"['3a25b0d8:o1:d24:aug16:geom=identity__color=id__order=canonical', '3a25b0d8:o1:d24:aug16:geom=flip_ud__color=id__order=canonical', '3a25b0d8:o1:d24:aug16:geom=transpose__color=id__order=canonical', '3a25b0d8:o1:d24:aug16:geom=anti_transpose__color=id__order=canonical', '3a25b0d8:o1:d24:aug16:geom=rot90__color=id__order=canonical', '3a25b0d8:o1:d24:aug16:geom=rot270__color=id__order=canonical']",11122282496,18301845504,7179563008,0.3922862864529621,6657409024,8,2149,2239,2304,2304
254,246,FORWARD,,8,8,8,,6,"['3a25b0d8:o1:d24:aug16:geom=identity__color=id__order=canonical', '3a25b0d8:o1:d24:aug16:geom=flip_ud__color=id__order=canonical', '3a25b0d8:o1:d24:aug16:geom=transpose__color=id__order=canonical', '3a25b0d8:o1:d24:aug16:geom=anti_transpose__color=id__order=canonical', '3a25b0d8:o1:d24:aug16:geom=rot90__color=id__order=canonical', '3a25b0d8:o1:d24:aug16:geom=rot270__color=id__order=canonical']",11122283008,18301845504,7179562496,0.3922862584776412,6657409024,8,2150,2239,2304,2304
255,247,FORWARD,,8,8,8,,6,"['3a25b0d8:o1:d24:aug16:geom=identity__color=id__order=canonical', '3a25b0d8:o1:d24:aug16:geom=flip_ud__color=id__order=canonical', '3a25b0d8:o1:d24:aug16:geom=transpose__color=id__order=canonical', '3a25b0d8:o1:d24:aug16:geom=anti_transpose__color=id__order=canonical', '3a25b0d8:o1:d24:aug16:geom=rot90__color=id__order=canonical', '3a25b0d8:o1:d24:aug16:geom=rot270__color=id__order=canonical']",11122283520,18301845504,7179561984,0.39228623050232037,6657409024,8,2151,2239,2304,2304
256,248,FORWARD,,8,8,8,,6,"['3a25b0d8:o1:d24:aug16:geom=identity__color=id__order=canonical', '3a25b0d8:o1:d24:aug16:geom=flip_ud__color=id__order=canonical', '3a25b0d8:o1:d24:aug16:geom=transpose__color=id__order=canonical', '3a25b0d8:o1:d24:aug16:geom=anti_transpose__color=id__order=canonical', '3a25b0d8:o1:d24:aug16:geom=rot90__color=id__order=canonical', '3a25b0d8:o1:d24:aug16:geom=rot270__color=id__order=canonical']",11122284032,18301845504,7179561472,0.39228620252699953,6657409024,8,2152,2239,2304,2304
257,249,FORWARD,,8,8,8,,6,"['3a25b0d8:o1:d24:aug16:geom=identity__color=id__order=canonical', '3a25b0d8:o1:d24:aug16:geom=flip_ud__color=id__order=canonical', '3a25b0d8:o1:d24:aug16:geom=transpose__color=id__order=canonical', '3a25b0d8:o1:d24:aug16:geom=anti_transpose__color=id__order=canonical', '3a25b0d8:o1:d24:aug16:geom=rot90__color=id__order=canonical', '3a25b0d8:o1:d24:aug16:geom=rot270__color=id__order=canonical']",11122284544,18301845504,7179560960,0.3922861745516787,6657409024,8,2153,2239,2304,2304
258,250,FORWARD,,8,8,8,,6,"['3a25b0d8:o1:d24:aug16:geom=identity__color=id__order=canonical', '3a25b0d8:o1:d24:aug16:geom=flip_ud__color=id__order=canonical', '3a25b0d8:o1:d24:aug16:geom=transpose__color=id__order=canonical', '3a25b0d8:o1:d24:aug16:geom=anti_transpose__color=id__order=canonical', '3a25b0d8:o1:d24:aug16:geom=rot90__color=id__order=canonical', '3a25b0d8:o1:d24:aug16:geom=rot270__color=id__order=canonical']",11122285056,18301845504,7179560448,0.39228614657635785,6657409024,8,2154,2239,2304,2304
259,251,FORWARD,,8,8,8,,6,"['3a25b0d8:o1:d24:aug16:geom=identity__color=id__order=canonical', '3a25b0d8:o1:d24:aug16:geom=flip_ud__color=id__order=canonical', '3a25b0d8:o1:d24:aug16:geom=transpose__color=id__order=canonical', '3a25b0d8:o1:d24:aug16:geom=anti_transpose__color=id__order=canonical', '3a25b0d8:o1:d24:aug16:geom=rot90__color=id__order=canonical', '3a25b0d8:o1:d24:aug16:geom=rot270__color=id__order=canonical']",11122285568,18301845504,7179559936,0.392286118601037,6657409024,8,2155,2239,2304,2304
260,252,FORWARD,,8,8,8,,6,"['3a25b0d8:o1:d24:aug16:geom=identity__color=id__order=canonical', '3a25b0d8:o1:d24:aug16:geom=flip_ud__color=id__order=canonical', '3a25b0d8:o1:d24:aug16:geom=transpose__color=id__order=canonical', '3a25b0d8:o1:d24:aug16:geom=anti_transpose__color=id__order=canonical', '3a25b0d8:o1:d24:aug16:geom=rot90__color=id__order=canonical', '3a25b0d8:o1:d24:aug16:geom=rot270__color=id__order=canonical']",11122286080,18301845504,7179559424,0.3922860906257162,6657409024,8,2156,2239,2304,2304
261,253,FORWARD,,8,8,8,,6,"['3a25b0d8:o1:d24:aug16:geom=identity__color=id__order=canonical', '3a25b0d8:o1:d24:aug16:geom=flip_ud__color=id__order=canonical', '3a25b0d8:o1:d24:aug16:geom=transpose__color=id__order=canonical', '3a25b0d8:o1:d24:aug16:geom=anti_transpose__color=id__order=canonical', '3a25b0d8:o1:d24:aug16:geom=rot90__color=id__order=canonical', '3a25b0d8:o1:d24:aug16:geom=rot270__color=id__order=canonical']",11122286592,18301845504,7179558912,0.39228606265039534,6657409024,8,2157,2239,2304,2304
262,254,FORWARD,,8,8,8,,6,"['3a25b0d8:o1:d24:aug16:geom=identity__color=id__order=canonical', '3a25b0d8:o1:d24:aug16:geom=flip_ud__color=id__order=canonical', '3a25b0d8:o1:d24:aug16:geom=transpose__color=id__order=canonical', '3a25b0d8:o1:d24:aug16:geom=anti_transpose__color=id__order=canonical', '3a25b0d8:o1:d24:aug16:geom=rot90__color=id__order=canonical', '3a25b0d8:o1:d24:aug16:geom=rot270__color=id__order=canonical']",11122287104,18301845504,7179558400,0.3922860346750745,6657409024,8,2158,2239,2304,2304
263,255,FORWARD,,8,8,8,,6,"['3a25b0d8:o1:d24:aug16:geom=identity__color=id__order=canonical', '3a25b0d8:o1:d24:aug16:geom=flip_ud__color=id__order=canonical', '3a25b0d8:o1:d24:aug16:geom=transpose__color=id__order=canonical', '3a25b0d8:o1:d24:aug16:geom=anti_transpose__color=id__order=canonical', '3a25b0d8:o1:d24:aug16:geom=rot90__color=id__order=canonical', '3a25b0d8:o1:d24:aug16:geom=rot270__color=id__order=canonical']",11122287616,18301845504,7179557888,0.39228600669975366,6657409024,8,2159,2239,2304,2304
264,256,FORWARD,,8,8,8,,6,"['3a25b0d8:o1:d24:aug16:geom=identity__color=id__order=canonical', '3a25b0d8:o1:d24:aug16:geom=flip_ud__color=id__order=canonical', '3a25b0d8:o1:d24:aug16:geom=transpose__color=id__order=canonical', '3a25b0d8:o1:d24:aug16:geom=anti_transpose__color=id__order=canonical', '3a25b0d8:o1:d24:aug16:geom=rot90__color=id__order=canonical', '3a25b0d8:o1:d24:aug16:geom=rot270__color=id__order=canonical']",11122288128,18301845504,7179557376,0.39228597872443277,6657409024,8,2160,2239,2304,2304
265,257,FORWARD,,8,8,8,,6,"['3a25b0d8:o1:d24:aug16:geom=identity__color=id__order=canonical', '3a25b0d8:o1:d24:aug16:geom=flip_ud__color=id__order=canonical', '3a25b0d8:o1:d24:aug16:geom=transpose__color=id__order=canonical', '3a25b0d8:o1:d24:aug16:geom=anti_transpose__color=id__order=canonical', '3a25b0d8:o1:d24:aug16:geom=rot90__color=id__order=canonical', '3a25b0d8:o1:d24:aug16:geom=rot270__color=id__order=canonical']",11122288640,18301845504,7179556864,0.39228595074911193,6657409024,8,2161,2239,2304,2304
266,258,FORWARD,,8,8,8,,6,"['3a25b0d8:o1:d24:aug16:geom=identity__color=id__order=canonical', '3a25b0d8:o1:d24:aug16:geom=flip_ud__color=id__order=canonical', '3a25b0d8:o1:d24:aug16:geom=transpose__color=id__order=canonical', '3a25b0d8:o1:d24:aug16:geom=anti_transpose__color=id__order=canonical', '3a25b0d8:o1:d24:aug16:geom=rot90__color=id__order=canonical', '3a25b0d8:o1:d24:aug16:geom=rot270__color=id__order=canonical']",11122289152,18301845504,7179556352,0.3922859227737911,6657409024,8,2162,2239,2304,2304
267,259,FORWARD,,8,8,8,,6,"['3a25b0d8:o1:d24:aug16:geom=identity__color=id__order=canonical', '3a25b0d8:o1:d24:aug16:geom=flip_ud__color=id__order=canonical', '3a25b0d8:o1:d24:aug16:geom=transpose__color=id__order=canonical', '3a25b0d8:o1:d24:aug16:geom=anti_transpose__color=id__order=canonical', '3a25b0d8:o1:d24:aug16:geom=rot90__color=id__order=canonical', '3a25b0d8:o1:d24:aug16:geom=rot270__color=id__order=canonical']",11122289664,18301845504,7179555840,0.39228589479847026,6657409024,8,2163,2239,2304,2304
268,260,FORWARD,,8,8,8,,6,"['3a25b0d8:o1:d24:aug16:geom=identity__color=id__order=canonical', '3a25b0d8:o1:d24:aug16:geom=flip_ud__color=id__order=canonical', '3a25b0d8:o1:d24:aug16:geom=transpose__color=id__order=canonical', '3a25b0d8:o1:d24:aug16:geom=anti_transpose__color=id__order=canonical', '3a25b0d8:o1:d24:aug16:geom=rot90__color=id__order=canonical', '3a25b0d8:o1:d24:aug16:geom=rot270__color=id__order=canonical']",11122290176,18301845504,7179555328,0.3922858668231494,6657409024,8,2164,2239,2304,2304
269,261,FORWARD,,8,8,8,,6,"['3a25b0d8:o1:d24:aug16:geom=identity__color=id__order=canonical', '3a25b0d8:o1:d24:aug16:geom=flip_ud__color=id__order=canonical', '3a25b0d8:o1:d24:aug16:geom=transpose__color=id__order=canonical', '3a25b0d8:o1:d24:aug16:geom=anti_transpose__color=id__order=canonical', '3a25b0d8:o1:d24:aug16:geom=rot90__color=id__order=canonical', '3a25b0d8:o1:d24:aug16:geom=rot270__color=id__order=canonical']",11122290688,18301845504,7179554816,0.3922858388478286,6657409024,8,2165,2239,2304,2304
270,262,FORWARD,,8,8,8,,6,"['3a25b0d8:o1:d24:aug16:geom=identity__color=id__order=canonical', '3a25b0d8:o1:d24:aug16:geom=flip_ud__color=id__order=canonical', '3a25b0d8:o1:d24:aug16:geom=transpose__color=id__order=canonical', '3a25b0d8:o1:d24:aug16:geom=anti_transpose__color=id__order=canonical', '3a25b0d8:o1:d24:aug16:geom=rot90__color=id__order=canonical', '3a25b0d8:o1:d24:aug16:geom=rot270__color=id__order=canonical']",11122291200,18301845504,7179554304,0.39228581087250775,6657409024,8,2166,2239,2304,2304
271,263,FORWARD,,8,8,8,,6,"['3a25b0d8:o1:d24:aug16:geom=identity__color=id__order=canonical', '3a25b0d8:o1:d24:aug16:geom=flip_ud__color=id__order=canonical', '3a25b0d8:o1:d24:aug16:geom=transpose__color=id__order=canonical', '3a25b0d8:o1:d24:aug16:geom=anti_transpose__color=id__order=canonical', '3a25b0d8:o1:d24:aug16:geom=rot90__color=id__order=canonical', '3a25b0d8:o1:d24:aug16:geom=rot270__color=id__order=canonical']",11122291712,18301845504,7179553792,0.3922857828971869,6657409024,8,2167,2239,2304,2304
272,264,FORWARD,,8,8,8,,6,"['3a25b0d8:o1:d24:aug16:geom=identity__color=id__order=canonical', '3a25b0d8:o1:d24:aug16:geom=flip_ud__color=id__order=canonical', '3a25b0d8:o1:d24:aug16:geom=transpose__color=id__order=canonical', '3a25b0d8:o1:d24:aug16:geom=anti_transpose__color=id__order=canonical', '3a25b0d8:o1:d24:aug16:geom=rot90__color=id__order=canonical', '3a25b0d8:o1:d24:aug16:geom=rot270__color=id__order=canonical']",11122292224,18301845504,7179553280,0.39228575492186607,6657409024,8,2168,2239,2304,2304
273,265,FORWARD,,8,8,8,,6,"['3a25b0d8:o1:d24:aug16:geom=identity__color=id__order=canonical', '3a25b0d8:o1:d24:aug16:geom=flip_ud__color=id__order=canonical', '3a25b0d8:o1:d24:aug16:geom=transpose__color=id__order=canonical', '3a25b0d8:o1:d24:aug16:geom=anti_transpose__color=id__order=canonical', '3a25b0d8:o1:d24:aug16:geom=rot90__color=id__order=canonical', '3a25b0d8:o1:d24:aug16:geom=rot270__color=id__order=canonical']",11122292736,18301845504,7179552768,0.3922857269465452,6657409024,8,2169,2239,2304,2304
274,266,FORWARD,,8,8,8,,6,"['3a25b0d8:o1:d24:aug16:geom=identity__color=id__order=canonical', '3a25b0d8:o1:d24:aug16:geom=flip_ud__color=id__order=canonical', '3a25b0d8:o1:d24:aug16:geom=transpose__color=id__order=canonical', '3a25b0d8:o1:d24:aug16:geom=anti_transpose__color=id__order=canonical', '3a25b0d8:o1:d24:aug16:geom=rot90__color=id__order=canonical', '3a25b0d8:o1:d24:aug16:geom=rot270__color=id__order=canonical']",11122293248,18301845504,7179552256,0.39228569897122434,6657409024,8,2170,2239,2304,2304
275,267,FORWARD,,8,8,8,,6,"['3a25b0d8:o1:d24:aug16:geom=identity__color=id__order=canonical', '3a25b0d8:o1:d24:aug16:geom=flip_ud__color=id__order=canonical', '3a25b0d8:o1:d24:aug16:geom=transpose__color=id__order=canonical', '3a25b0d8:o1:d24:aug16:geom=anti_transpose__color=id__order=canonical', '3a25b0d8:o1:d24:aug16:geom=rot90__color=id__order=canonical', '3a25b0d8:o1:d24:aug16:geom=rot270__color=id__order=canonical']",11122293760,18301845504,7179551744,0.3922856709959035,6657409024,8,2171,2239,2304,2304
276,268,FORWARD,,8,8,8,,6,"['3a25b0d8:o1:d24:aug16:geom=identity__color=id__order=canonical', '3a25b0d8:o1:d24:aug16:geom=flip_ud__color=id__order=canonical', '3a25b0d8:o1:d24:aug16:geom=transpose__color=id__order=canonical', '3a25b0d8:o1:d24:aug16:geom=anti_transpose__color=id__order=canonical', '3a25b0d8:o1:d24:aug16:geom=rot90__color=id__order=canonical', '3a25b0d8:o1:d24:aug16:geom=rot270__color=id__order=canonical']",11122294272,18301845504,7179551232,0.39228564302058266,6657409024,8,2172,2239,2304,2304
277,269,FORWARD,,8,8,8,,6,"['3a25b0d8:o1:d24:aug16:geom=identity__color=id__order=canonical', '3a25b0d8:o1:d24:aug16:geom=flip_ud__color=id__order=canonical', '3a25b0d8:o1:d24:aug16:geom=transpose__color=id__order=canonical', '3a25b0d8:o1:d24:aug16:geom=anti_transpose__color=id__order=canonical', '3a25b0d8:o1:d24:aug16:geom=rot90__color=id__order=canonical', '3a25b0d8:o1:d24:aug16:geom=rot270__color=id__order=canonical']",11122293760,18301845504,7179551744,0.3922856709959035,6657409024,8,2173,2239,2304,2304
278,270,FORWARD,,8,8,8,,6,"['3a25b0d8:o1:d24:aug16:geom=identity__color=id__order=canonical', '3a25b0d8:o1:d24:aug16:geom=flip_ud__color=id__order=canonical', '3a25b0d8:o1:d24:aug16:geom=transpose__color=id__order=canonical', '3a25b0d8:o1:d24:aug16:geom=anti_transpose__color=id__order=canonical', '3a25b0d8:o1:d24:aug16:geom=rot90__color=id__order=canonical', '3a25b0d8:o1:d24:aug16:geom=rot270__color=id__order=canonical']",11122294272,18301845504,7179551232,0.39228564302058266,6657409024,8,2174,2239,2304,2304
279,271,FORWARD,,8,8,8,,6,"['3a25b0d8:o1:d24:aug16:geom=identity__color=id__order=canonical', '3a25b0d8:o1:d24:aug16:geom=flip_ud__color=id__order=canonical', '3a25b0d8:o1:d24:aug16:geom=transpose__color=id__order=canonical', '3a25b0d8:o1:d24:aug16:geom=anti_transpose__color=id__order=canonical', '3a25b0d8:o1:d24:aug16:geom=rot90__color=id__order=canonical', '3a25b0d8:o1:d24:aug16:geom=rot270__color=id__order=canonical']",11122294784,18301845504,7179550720,0.3922856150452618,6657409024,8,2175,2239,2304,2304
280,272,FORWARD,,8,8,8,,6,"['3a25b0d8:o1:d24:aug16:geom=identity__color=id__order=canonical', '3a25b0d8:o1:d24:aug16:geom=flip_ud__color=id__order=canonical', '3a25b0d8:o1:d24:aug16:geom=transpose__color=id__order=canonical', '3a25b0d8:o1:d24:aug16:geom=anti_transpose__color=id__order=canonical', '3a25b0d8:o1:d24:aug16:geom=rot90__color=id__order=canonical', '3a25b0d8:o1:d24:aug16:geom=rot270__color=id__order=canonical']",11122295296,18301845504,7179550208,0.392285587069941,6657409024,8,2176,2239,2304,2304
281,273,FORWARD,,8,8,8,,6,"['3a25b0d8:o1:d24:aug16:geom=identity__color=id__order=canonical', '3a25b0d8:o1:d24:aug16:geom=flip_ud__color=id__order=canonical', '3a25b0d8:o1:d24:aug16:geom=transpose__color=id__order=canonical', '3a25b0d8:o1:d24:aug16:geom=anti_transpose__color=id__order=canonical', '3a25b0d8:o1:d24:aug16:geom=rot90__color=id__order=canonical', '3a25b0d8:o1:d24:aug16:geom=rot270__color=id__order=canonical']",11122295808,18301845504,7179549696,0.39228555909462015,6657409024,8,2177,2239,2304,2304
282,274,FORWARD,,8,8,8,,6,"['3a25b0d8:o1:d24:aug16:geom=identity__color=id__order=canonical', '3a25b0d8:o1:d24:aug16:geom=flip_ud__color=id__order=canonical', '3a25b0d8:o1:d24:aug16:geom=transpose__color=id__order=canonical', '3a25b0d8:o1:d24:aug16:geom=anti_transpose__color=id__order=canonical', '3a25b0d8:o1:d24:aug16:geom=rot90__color=id__order=canonical', '3a25b0d8:o1:d24:aug16:geom=rot270__color=id__order=canonical']",11122296320,18301845504,7179549184,0.3922855311192993,6657409024,8,2178,2239,2304,2304
283,275,FORWARD,,8,8,8,,6,"['3a25b0d8:o1:d24:aug16:geom=identity__color=id__order=canonical', '3a25b0d8:o1:d24:aug16:geom=flip_ud__color=id__order=canonical', '3a25b0d8:o1:d24:aug16:geom=transpose__color=id__order=canonical', '3a25b0d8:o1:d24:aug16:geom=anti_transpose__color=id__order=canonical', '3a25b0d8:o1:d24:aug16:geom=rot90__color=id__order=canonical', '3a25b0d8:o1:d24:aug16:geom=rot270__color=id__order=canonical']",11122296832,18301845504,7179548672,0.3922855031439785,6657409024,8,2179,2239,2304,2304
284,276,FORWARD,,8,8,8,,6,"['3a25b0d8:o1:d24:aug16:geom=identity__color=id__order=canonical', '3a25b0d8:o1:d24:aug16:geom=flip_ud__color=id__order=canonical', '3a25b0d8:o1:d24:aug16:geom=transpose__color=id__order=canonical', '3a25b0d8:o1:d24:aug16:geom=anti_transpose__color=id__order=canonical', '3a25b0d8:o1:d24:aug16:geom=rot90__color=id__order=canonical', '3a25b0d8:o1:d24:aug16:geom=rot270__color=id__order=canonical']",11122297344,18301845504,7179548160,0.39228547516865764,6657409024,8,2180,2239,2304,2304
285,277,FORWARD,,8,8,8,,6,"['3a25b0d8:o1:d24:aug16:geom=identity__color=id__order=canonical', '3a25b0d8:o1:d24:aug16:geom=flip_ud__color=id__order=canonical', '3a25b0d8:o1:d24:aug16:geom=transpose__color=id__order=canonical', '3a25b0d8:o1:d24:aug16:geom=anti_transpose__color=id__order=canonical', '3a25b0d8:o1:d24:aug16:geom=rot90__color=id__order=canonical', '3a25b0d8:o1:d24:aug16:geom=rot270__color=id__order=canonical']",11122297856,18301845504,7179547648,0.39228544719333674,6657409024,8,2181,2239,2304,2304
286,277,TERMINATE,3a25b0d8:o1:d24:aug16:geom=identity__color=id__order=canonical,8,8,8,budget_exhausted,6,"['3a25b0d8:o1:d24:aug16:geom=identity__color=id__order=canonical', '3a25b0d8:o1:d24:aug16:geom=flip_ud__color=id__order=canonical', '3a25b0d8:o1:d24:aug16:geom=transpose__color=id__order=canonical', '3a25b0d8:o1:d24:aug16:geom=anti_transpose__color=id__order=canonical', '3a25b0d8:o1:d24:aug16:geom=rot90__color=id__order=canonical', '3a25b0d8:o1:d24:aug16:geom=rot270__color=id__order=canonical']",11122297344,18301845504,7179548160,0.39228547516865764,6657409024,8,2078,2239,2304,2304
287,277,RELEASE,3a25b0d8:o1:d24:aug16:geom=identity__color=id__order=canonical,7,8,8,budget_exhausted,6,"['3a25b0d8:o1:d24:aug16:geom=identity__color=id__order=canonical', '3a25b0d8:o1:d24:aug16:geom=flip_ud__color=id__order=canonical', '3a25b0d8:o1:d24:aug16:geom=transpose__color=id__order=canonical', '3a25b0d8:o1:d24:aug16:geom=anti_transpose__color=id__order=canonical', '3a25b0d8:o1:d24:aug16:geom=rot90__color=id__order=canonical', '3a25b0d8:o1:d24:aug16:geom=rot270__color=id__order=canonical']",11122297344,18301845504,7179548160,0.39228547516865764,6657409024,7,2078,2239,2304,2304
288,277,ADMIT,3a25b0d8:o1:d24:aug16:geom=identity__color=p00_4150723698__order=canonical,8,7,8,,,[],11462036480,18505269248,7043232768,0.3806068787008443,6453985280,8,2078,2239,2304,2304
289,277,TERMINATE,3a25b0d8:o1:d24:aug16:geom=flip_ud__color=id__order=canonical,8,7,8,budget_exhausted,6,"['3a25b0d8:o1:d24:aug16:geom=identity__color=id__order=canonical', '3a25b0d8:o1:d24:aug16:geom=flip_ud__color=id__order=canonical', '3a25b0d8:o1:d24:aug16:geom=transpose__color=id__order=canonical', '3a25b0d8:o1:d24:aug16:geom=anti_transpose__color=id__order=canonical', '3a25b0d8:o1:d24:aug16:geom=rot90__color=id__order=canonical', '3a25b0d8:o1:d24:aug16:geom=rot270__color=id__order=canonical']",11462036480,18505269248,7043232768,0.3806068787008443,6453985280,8,2078,2239,2304,2304
290,277,RELEASE,3a25b0d8:o1:d24:aug16:geom=flip_ud__color=id__order=canonical,7,7,8,budget_exhausted,6,"['3a25b0d8:o1:d24:aug16:geom=identity__color=id__order=canonical', '3a25b0d8:o1:d24:aug16:geom=flip_ud__color=id__order=canonical', '3a25b0d8:o1:d24:aug16:geom=transpose__color=id__order=canonical', '3a25b0d8:o1:d24:aug16:geom=anti_transpose__color=id__order=canonical', '3a25b0d8:o1:d24:aug16:geom=rot90__color=id__order=canonical', '3a25b0d8:o1:d24:aug16:geom=rot270__color=id__order=canonical']",11462036480,18505269248,7043232768,0.3806068787008443,6453985280,7,2078,2239,2304,2304
291,277,ADMIT,3a25b0d8:o1:d24:aug16:geom=rot90__color=p02_4950812673__order=canonical,8,6,8,,,[],11801775616,18505269248,6703493632,0.36224783018082785,6453985280,8,2072,2239,2304,2304
292,278,FORWARD,,8,6,8,,4,"['3a25b0d8:o1:d24:aug16:geom=transpose__color=id__order=canonical', '3a25b0d8:o1:d24:aug16:geom=anti_transpose__color=id__order=canonical', '3a25b0d8:o1:d24:aug16:geom=rot90__color=id__order=canonical', '3a25b0d8:o1:d24:aug16:geom=rot270__color=id__order=canonical']",11801775616,18505269248,6703493632,0.36224783018082785,6453985280,8,2072,2239,2304,2304
293,279,FORWARD,,8,6,8,,4,"['3a25b0d8:o1:d24:aug16:geom=transpose__color=id__order=canonical', '3a25b0d8:o1:d24:aug16:geom=anti_transpose__color=id__order=canonical', '3a25b0d8:o1:d24:aug16:geom=rot90__color=id__order=canonical', '3a25b0d8:o1:d24:aug16:geom=rot270__color=id__order=canonical']",11801776128,18505269248,6703493120,0.3622478025130326,6453985280,8,2072,2239,2304,2304
294,280,FORWARD,,8,6,8,,4,"['3a25b0d8:o1:d24:aug16:geom=transpose__color=id__order=canonical', '3a25b0d8:o1:d24:aug16:geom=anti_transpose__color=id__order=canonical', '3a25b0d8:o1:d24:aug16:geom=rot90__color=id__order=canonical', '3a25b0d8:o1:d24:aug16:geom=rot270__color=id__order=canonical']",11801776640,18505269248,6703492608,0.3622477748452374,6453985280,8,2072,2239,2304,2304
295,281,FORWARD,,8,6,8,,4,"['3a25b0d8:o1:d24:aug16:geom=transpose__color=id__order=canonical', '3a25b0d8:o1:d24:aug16:geom=anti_transpose__color=id__order=canonical', '3a25b0d8:o1:d24:aug16:geom=rot90__color=id__order=canonical', '3a25b0d8:o1:d24:aug16:geom=rot270__color=id__order=canonical']",11801777152,18505269248,6703492096,0.3622477471774422,6453985280,8,2072,2239,2304,2304
296,282,FORWARD,,8,6,8,,4,"['3a25b0d8:o1:d24:aug16:geom=transpose__color=id__order=canonical', '3a25b0d8:o1:d24:aug16:geom=anti_transpose__color=id__order=canonical', '3a25b0d8:o1:d24:aug16:geom=rot90__color=id__order=canonical', '3a25b0d8:o1:d24:aug16:geom=rot270__color=id__order=canonical']",11801777664,18505269248,6703491584,0.36224771950964696,6453985280,8,2072,2239,2304,2304
297,283,FORWARD,,8,6,8,,4,"['3a25b0d8:o1:d24:aug16:geom=transpose__color=id__order=canonical', '3a25b0d8:o1:d24:aug16:geom=anti_transpose__color=id__order=canonical', '3a25b0d8:o1:d24:aug16:geom=rot90__color=id__order=canonical', '3a25b0d8:o1:d24:aug16:geom=rot270__color=id__order=canonical']",11801778176,18505269248,6703491072,0.3622476918418518,6453985280,8,2072,2239,2304,2304
298,284,FORWARD,,8,6,8,,4,"['3a25b0d8:o1:d24:aug16:geom=transpose__color=id__order=canonical', '3a25b0d8:o1:d24:aug16:geom=anti_transpose__color=id__order=canonical', '3a25b0d8:o1:d24:aug16:geom=rot90__color=id__order=canonical', '3a25b0d8:o1:d24:aug16:geom=rot270__color=id__order=canonical']",11801778688,18505269248,6703490560,0.36224766417405657,6453985280,8,2072,2239,2304,2304
299,285,FORWARD,,8,6,8,,4,"['3a25b0d8:o1:d24:aug16:geom=transpose__color=id__order=canonical', '3a25b0d8:o1:d24:aug16:geom=anti_transpose__color=id__order=canonical', '3a25b0d8:o1:d24:aug16:geom=rot90__color=id__order=canonical', '3a25b0d8:o1:d24:aug16:geom=rot270__color=id__order=canonical']",11801779200,18505269248,6703490048,0.36224763650626135,6453985280,8,2072,2239,2304,2304
300,286,FORWARD,,8,6,8,,4,"['3a25b0d8:o1:d24:aug16:geom=transpose__color=id__order=canonical', '3a25b0d8:o1:d24:aug16:geom=anti_transpose__color=id__order=canonical', '3a25b0d8:o1:d24:aug16:geom=rot90__color=id__order=canonical', '3a25b0d8:o1:d24:aug16:geom=rot270__color=id__order=canonical']",11801779712,18505269248,6703489536,0.36224760883846613,6453985280,8,2072,2239,2304,2304
301,287,FORWARD,,8,6,8,,4,"['3a25b0d8:o1:d24:aug16:geom=transpose__color=id__order=canonical', '3a25b0d8:o1:d24:aug16:geom=anti_transpose__color=id__order=canonical', '3a25b0d8:o1:d24:aug16:geom=rot90__color=id__order=canonical', '3a25b0d8:o1:d24:aug16:geom=rot270__color=id__order=canonical']",11801780224,18505269248,6703489024,0.3622475811706709,6453985280,8,2072,2239,2304,2304
302,288,FORWARD,,8,6,8,,4,"['3a25b0d8:o1:d24:aug16:geom=transpose__color=id__order=canonical', '3a25b0d8:o1:d24:aug16:geom=anti_transpose__color=id__order=canonical', '3a25b0d8:o1:d24:aug16:geom=rot90__color=id__order=canonical', '3a25b0d8:o1:d24:aug16:geom=rot270__color=id__order=canonical']",11801780736,18505269248,6703488512,0.3622475535028757,6453985280,8,2072,2239,2304,2304
303,289,FORWARD,,8,6,8,,4,"['3a25b0d8:o1:d24:aug16:geom=transpose__color=id__order=canonical', '3a25b0d8:o1:d24:aug16:geom=anti_transpose__color=id__order=canonical', '3a25b0d8:o1:d24:aug16:geom=rot90__color=id__order=canonical', '3a25b0d8:o1:d24:aug16:geom=rot270__color=id__order=canonical']",11801781248,18505269248,6703488000,0.36224752583508046,6453985280,8,2072,2239,2304,2304
304,290,FORWARD,,8,6,8,,4,"['3a25b0d8:o1:d24:aug16:geom=transpose__color=id__order=canonical', '3a25b0d8:o1:d24:aug16:geom=anti_transpose__color=id__order=canonical', '3a25b0d8:o1:d24:aug16:geom=rot90__color=id__order=canonical', '3a25b0d8:o1:d24:aug16:geom=rot270__color=id__order=canonical']",11801781760,18505269248,6703487488,0.36224749816728524,6453985280,8,2072,2239,2304,2304
305,291,FORWARD,,8,6,8,,4,"['3a25b0d8:o1:d24:aug16:geom=transpose__color=id__order=canonical', '3a25b0d8:o1:d24:aug16:geom=anti_transpose__color=id__order=canonical', '3a25b0d8:o1:d24:aug16:geom=rot90__color=id__order=canonical', '3a25b0d8:o1:d24:aug16:geom=rot270__color=id__order=canonical']",11801782272,18505269248,6703486976,0.36224747049949,6453985280,8,2072,2239,2304,2304
306,292,FORWARD,,8,6,8,,4,"['3a25b0d8:o1:d24:aug16:geom=transpose__color=id__order=canonical', '3a25b0d8:o1:d24:aug16:geom=anti_transpose__color=id__order=canonical', '3a25b0d8:o1:d24:aug16:geom=rot90__color=id__order=canonical', '3a25b0d8:o1:d24:aug16:geom=rot270__color=id__order=canonical']",11801782784,18505269248,6703486464,0.3622474428316948,6453985280,8,2072,2239,2304,2304
307,293,FORWARD,,8,6,8,,4,"['3a25b0d8:o1:d24:aug16:geom=transpose__color=id__order=canonical', '3a25b0d8:o1:d24:aug16:geom=anti_transpose__color=id__order=canonical', '3a25b0d8:o1:d24:aug16:geom=rot90__color=id__order=canonical', '3a25b0d8:o1:d24:aug16:geom=rot270__color=id__order=canonical']",11801783296,18505269248,6703485952,0.3622474151638996,6453985280,8,2072,2239,2304,2304
308,294,FORWARD,,8,6,8,,4,"['3a25b0d8:o1:d24:aug16:geom=transpose__color=id__order=canonical', '3a25b0d8:o1:d24:aug16:geom=anti_transpose__color=id__order=canonical', '3a25b0d8:o1:d24:aug16:geom=rot90__color=id__order=canonical', '3a25b0d8:o1:d24:aug16:geom=rot270__color=id__order=canonical']",11801783808,18505269248,6703485440,0.36224738749610436,6453985280,8,2072,2239,2304,2304
309,295,FORWARD,,8,6,8,,4,"['3a25b0d8:o1:d24:aug16:geom=transpose__color=id__order=canonical', '3a25b0d8:o1:d24:aug16:geom=anti_transpose__color=id__order=canonical', '3a25b0d8:o1:d24:aug16:geom=rot90__color=id__order=canonical', '3a25b0d8:o1:d24:aug16:geom=rot270__color=id__order=canonical']",11801784320,18505269248,6703484928,0.36224735982830913,6453985280,8,2072,2239,2304,2304
310,296,FORWARD,,8,6,8,,4,"['3a25b0d8:o1:d24:aug16:geom=transpose__color=id__order=canonical', '3a25b0d8:o1:d24:aug16:geom=anti_transpose__color=id__order=canonical', '3a25b0d8:o1:d24:aug16:geom=rot90__color=id__order=canonical', '3a25b0d8:o1:d24:aug16:geom=rot270__color=id__order=canonical']",11801784832,18505269248,6703484416,0.3622473321605139,6453985280,8,2072,2239,2304,2304
311,297,FORWARD,,8,6,8,,4,"['3a25b0d8:o1:d24:aug16:geom=transpose__color=id__order=canonical', '3a25b0d8:o1:d24:aug16:geom=anti_transpose__color=id__order=canonical', '3a25b0d8:o1:d24:aug16:geom=rot90__color=id__order=canonical', '3a25b0d8:o1:d24:aug16:geom=rot270__color=id__order=canonical']",11801785344,18505269248,6703483904,0.36224730449271875,6453985280,8,2072,2239,2304,2304
312,298,FORWARD,,8,6,8,,4,"['3a25b0d8:o1:d24:aug16:geom=transpose__color=id__order=canonical', '3a25b0d8:o1:d24:aug16:geom=anti_transpose__color=id__order=canonical', '3a25b0d8:o1:d24:aug16:geom=rot90__color=id__order=canonical', '3a25b0d8:o1:d24:aug16:geom=rot270__color=id__order=canonical']",11801785856,18505269248,6703483392,0.3622472768249235,6453985280,8,2072,2239,2304,2304
313,299,FORWARD,,8,6,8,,4,"['3a25b0d8:o1:d24:aug16:geom=transpose__color=id__order=canonical', '3a25b0d8:o1:d24:aug16:geom=anti_transpose__color=id__order=canonical', '3a25b0d8:o1:d24:aug16:geom=rot90__color=id__order=canonical', '3a25b0d8:o1:d24:aug16:geom=rot270__color=id__order=canonical']",11801786368,18505269248,6703482880,0.3622472491571283,6453985280,8,2072,2239,2304,2304
314,300,FORWARD,,8,6,8,,4,"['3a25b0d8:o1:d24:aug16:geom=transpose__color=id__order=canonical', '3a25b0d8:o1:d24:aug16:geom=anti_transpose__color=id__order=canonical', '3a25b0d8:o1:d24:aug16:geom=rot90__color=id__order=canonical', '3a25b0d8:o1:d24:aug16:geom=rot270__color=id__order=canonical']",11801786880,18505269248,6703482368,0.3622472214893331,6453985280,8,2072,2239,2304,2304
315,301,FORWARD,,8,6,8,,4,"['3a25b0d8:o1:d24:aug16:geom=transpose__color=id__order=canonical', '3a25b0d8:o1:d24:aug16:geom=anti_transpose__color=id__order=canonical', '3a25b0d8:o1:d24:aug16:geom=rot90__color=id__order=canonical', '3a25b0d8:o1:d24:aug16:geom=rot270__color=id__order=canonical']",11801787392,18505269248,6703481856,0.36224719382153786,6453985280,8,2072,2239,2304,2304
316,302,FORWARD,,8,6,8,,4,"['3a25b0d8:o1:d24:aug16:geom=transpose__color=id__order=canonical', '3a25b0d8:o1:d24:aug16:geom=anti_transpose__color=id__order=canonical', '3a25b0d8:o1:d24:aug16:geom=rot90__color=id__order=canonical', '3a25b0d8:o1:d24:aug16:geom=rot270__color=id__order=canonical']",11801787904,18505269248,6703481344,0.36224716615374264,6453985280,8,2072,2239,2304,2304
317,303,FORWARD,,8,6,8,,4,"['3a25b0d8:o1:d24:aug16:geom=transpose__color=id__order=canonical', '3a25b0d8:o1:d24:aug16:geom=anti_transpose__color=id__order=canonical', '3a25b0d8:o1:d24:aug16:geom=rot90__color=id__order=canonical', '3a25b0d8:o1:d24:aug16:geom=rot270__color=id__order=canonical']",11801788416,18505269248,6703480832,0.3622471384859474,6453985280,8,2072,2239,2304,2304
318,304,FORWARD,,8,6,8,,4,"['3a25b0d8:o1:d24:aug16:geom=transpose__color=id__order=canonical', '3a25b0d8:o1:d24:aug16:geom=anti_transpose__color=id__order=canonical', '3a25b0d8:o1:d24:aug16:geom=rot90__color=id__order=canonical', '3a25b0d8:o1:d24:aug16:geom=rot270__color=id__order=canonical']",11801788928,18505269248,6703480320,0.3622471108181522,6453985280,8,2072,2239,2304,2304
319,305,FORWARD,,8,6,8,,4,"['3a25b0d8:o1:d24:aug16:geom=transpose__color=id__order=canonical', '3a25b0d8:o1:d24:aug16:geom=anti_transpose__color=id__order=canonical', '3a25b0d8:o1:d24:aug16:geom=rot90__color=id__order=canonical', '3a25b0d8:o1:d24:aug16:geom=rot270__color=id__order=canonical']",11801789440,18505269248,6703479808,0.362247083150357,6453985280,8,2072,2239,2304,2304
320,306,FORWARD,,8,6,8,,4,"['3a25b0d8:o1:d24:aug16:geom=transpose__color=id__order=canonical', '3a25b0d8:o1:d24:aug16:geom=anti_transpose__color=id__order=canonical', '3a25b0d8:o1:d24:aug16:geom=rot90__color=id__order=canonical', '3a25b0d8:o1:d24:aug16:geom=rot270__color=id__order=canonical']",11801789952,18505269248,6703479296,0.36224705548256175,6453985280,8,2072,2239,2304,2304
321,307,FORWARD,,8,6,8,,4,"['3a25b0d8:o1:d24:aug16:geom=transpose__color=id__order=canonical', '3a25b0d8:o1:d24:aug16:geom=anti_transpose__color=id__order=canonical', '3a25b0d8:o1:d24:aug16:geom=rot90__color=id__order=canonical', '3a25b0d8:o1:d24:aug16:geom=rot270__color=id__order=canonical']",11801790464,18505269248,6703478784,0.36224702781476653,6453985280,8,2072,2239,2304,2304
322,308,FORWARD,,8,6,8,,4,"['3a25b0d8:o1:d24:aug16:geom=transpose__color=id__order=canonical', '3a25b0d8:o1:d24:aug16:geom=anti_transpose__color=id__order=canonical', '3a25b0d8:o1:d24:aug16:geom=rot90__color=id__order=canonical', '3a25b0d8:o1:d24:aug16:geom=rot270__color=id__order=canonical']",11801790976,18505269248,6703478272,0.3622470001469713,6453985280,8,2072,2239,2304,2304
323,309,FORWARD,,8,6,8,,4,"['3a25b0d8:o1:d24:aug16:geom=transpose__color=id__order=canonical', '3a25b0d8:o1:d24:aug16:geom=anti_transpose__color=id__order=canonical', '3a25b0d8:o1:d24:aug16:geom=rot90__color=id__order=canonical', '3a25b0d8:o1:d24:aug16:geom=rot270__color=id__order=canonical']",11801791488,18505269248,6703477760,0.3622469724791761,6453985280,8,2072,2239,2304,2304
324,310,FORWARD,,8,6,8,,4,"['3a25b0d8:o1:d24:aug16:geom=transpose__color=id__order=canonical', '3a25b0d8:o1:d24:aug16:geom=anti_transpose__color=id__order=canonical', '3a25b0d8:o1:d24:aug16:geom=rot90__color=id__order=canonical', '3a25b0d8:o1:d24:aug16:geom=rot270__color=id__order=canonical']",11801792000,18505269248,6703477248,0.36224694481138087,6453985280,8,2072,2239,2304,2304
325,311,FORWARD,,8,6,8,,4,"['3a25b0d8:o1:d24:aug16:geom=transpose__color=id__order=canonical', '3a25b0d8:o1:d24:aug16:geom=anti_transpose__color=id__order=canonical', '3a25b0d8:o1:d24:aug16:geom=rot90__color=id__order=canonical', '3a25b0d8:o1:d24:aug16:geom=rot270__color=id__order=canonical']",11801792512,18505269248,6703476736,0.3622469171435857,6453985280,8,2072,2239,2304,2304
326,312,FORWARD,,8,6,8,,4,"['3a25b0d8:o1:d24:aug16:geom=transpose__color=id__order=canonical', '3a25b0d8:o1:d24:aug16:geom=anti_transpose__color=id__order=canonical', '3a25b0d8:o1:d24:aug16:geom=rot90__color=id__order=canonical', '3a25b0d8:o1:d24:aug16:geom=rot270__color=id__order=canonical']",11801793024,18505269248,6703476224,0.3622468894757905,6453985280,8,2072,2239,2304,2304
327,313,FORWARD,,8,6,8,,4,"['3a25b0d8:o1:d24:aug16:geom=transpose__color=id__order=canonical', '3a25b0d8:o1:d24:aug16:geom=anti_transpose__color=id__order=canonical', '3a25b0d8:o1:d24:aug16:geom=rot90__color=id__order=canonical', '3a25b0d8:o1:d24:aug16:geom=rot270__color=id__order=canonical']",11801793536,18505269248,6703475712,0.36224686180799526,6453985280,8,2072,2239,2304,2304
328,314,FORWARD,,8,6,8,,4,"['3a25b0d8:o1:d24:aug16:geom=transpose__color=id__order=canonical', '3a25b0d8:o1:d24:aug16:geom=anti_transpose__color=id__order=canonical', '3a25b0d8:o1:d24:aug16:geom=rot90__color=id__order=canonical', '3a25b0d8:o1:d24:aug16:geom=rot270__color=id__order=canonical']",11801794048,18505269248,6703475200,0.36224683414020004,6453985280,8,2072,2239,2304,2304
329,315,FORWARD,,8,6,8,,4,"['3a25b0d8:o1:d24:aug16:geom=transpose__color=id__order=canonical', '3a25b0d8:o1:d24:aug16:geom=anti_transpose__color=id__order=canonical', '3a25b0d8:o1:d24:aug16:geom=rot90__color=id__order=canonical', '3a25b0d8:o1:d24:aug16:geom=rot270__color=id__order=canonical']",11801794560,18505269248,6703474688,0.3622468064724048,6453985280,8,2072,2239,2304,2304
330,316,FORWARD,,8,6,8,,4,"['3a25b0d8:o1:d24:aug16:geom=transpose__color=id__order=canonical', '3a25b0d8:o1:d24:aug16:geom=anti_transpose__color=id__order=canonical', '3a25b0d8:o1:d24:aug16:geom=rot90__color=id__order=canonical', '3a25b0d8:o1:d24:aug16:geom=rot270__color=id__order=canonical']",11801795072,18505269248,6703474176,0.3622467788046096,6453985280,8,2072,2239,2304,2304
331,317,FORWARD,,8,6,8,,4,"['3a25b0d8:o1:d24:aug16:geom=transpose__color=id__order=canonical', '3a25b0d8:o1:d24:aug16:geom=anti_transpose__color=id__order=canonical', '3a25b0d8:o1:d24:aug16:geom=rot90__color=id__order=canonical', '3a25b0d8:o1:d24:aug16:geom=rot270__color=id__order=canonical']",11801795584,18505269248,6703473664,0.36224675113681437,6453985280,8,2072,2239,2304,2304
332,318,FORWARD,,8,6,8,,4,"['3a25b0d8:o1:d24:aug16:geom=transpose__color=id__order=canonical', '3a25b0d8:o1:d24:aug16:geom=anti_transpose__color=id__order=canonical', '3a25b0d8:o1:d24:aug16:geom=rot90__color=id__order=canonical', '3a25b0d8:o1:d24:aug16:geom=rot270__color=id__order=canonical']",11801796096,18505269248,6703473152,0.36224672346901915,6453985280,8,2072,2239,2304,2304
333,319,FORWARD,,8,6,8,,4,"['3a25b0d8:o1:d24:aug16:geom=transpose__color=id__order=canonical', '3a25b0d8:o1:d24:aug16:geom=anti_transpose__color=id__order=canonical', '3a25b0d8:o1:d24:aug16:geom=rot90__color=id__order=canonical', '3a25b0d8:o1:d24:aug16:geom=rot270__color=id__order=canonical']",11801796608,18505269248,6703472640,0.36224669580122393,6453985280,8,2072,2239,2304,2304
334,320,FORWARD,,8,6,8,,4,"['3a25b0d8:o1:d24:aug16:geom=transpose__color=id__order=canonical', '3a25b0d8:o1:d24:aug16:geom=anti_transpose__color=id__order=canonical', '3a25b0d8:o1:d24:aug16:geom=rot90__color=id__order=canonical', '3a25b0d8:o1:d24:aug16:geom=rot270__color=id__order=canonical']",11801797120,18505269248,6703472128,0.3622466681334287,6453985280,8,2072,2239,2304,2304
335,321,FORWARD,,8,6,8,,5,"['3a25b0d8:o1:d24:aug16:geom=transpose__color=id__order=canonical', '3a25b0d8:o1:d24:aug16:geom=anti_transpose__color=id__order=canonical', '3a25b0d8:o1:d24:aug16:geom=rot90__color=id__order=canonical', '3a25b0d8:o1:d24:aug16:geom=rot180__color=id__order=canonical', '3a25b0d8:o1:d24:aug16:geom=rot270__color=id__order=canonical']",11801797632,18505269248,6703471616,0.3622466404656335,6453985280,8,2072,2239,2304,2304
336,322,FORWARD,,8,6,8,,5,"['3a25b0d8:o1:d24:aug16:geom=transpose__color=id__order=canonical', '3a25b0d8:o1:d24:aug16:geom=anti_transpose__color=id__order=canonical', '3a25b0d8:o1:d24:aug16:geom=rot90__color=id__order=canonical', '3a25b0d8:o1:d24:aug16:geom=rot180__color=id__order=canonical', '3a25b0d8:o1:d24:aug16:geom=rot270__color=id__order=canonical']",11801798144,18505269248,6703471104,0.36224661279783826,6453985280,8,2072,2239,2304,2304
337,323,FORWARD,,8,6,8,,5,"['3a25b0d8:o1:d24:aug16:geom=transpose__color=id__order=canonical', '3a25b0d8:o1:d24:aug16:geom=anti_transpose__color=id__order=canonical', '3a25b0d8:o1:d24:aug16:geom=rot90__color=id__order=canonical', '3a25b0d8:o1:d24:aug16:geom=rot180__color=id__order=canonical', '3a25b0d8:o1:d24:aug16:geom=rot270__color=id__order=canonical']",11801798656,18505269248,6703470592,0.36224658513004304,6453985280,8,2072,2239,2304,2304
338,324,FORWARD,,8,6,8,,5,"['3a25b0d8:o1:d24:aug16:geom=transpose__color=id__order=canonical', '3a25b0d8:o1:d24:aug16:geom=anti_transpose__color=id__order=canonical', '3a25b0d8:o1:d24:aug16:geom=rot90__color=id__order=canonical', '3a25b0d8:o1:d24:aug16:geom=rot180__color=id__order=canonical', '3a25b0d8:o1:d24:aug16:geom=rot270__color=id__order=canonical']",11801799168,18505269248,6703470080,0.3622465574622478,6453985280,8,2072,2239,2304,2304
339,325,FORWARD,,8,6,8,,5,"['3a25b0d8:o1:d24:aug16:geom=transpose__color=id__order=canonical', '3a25b0d8:o1:d24:aug16:geom=anti_transpose__color=id__order=canonical', '3a25b0d8:o1:d24:aug16:geom=rot90__color=id__order=canonical', '3a25b0d8:o1:d24:aug16:geom=rot180__color=id__order=canonical', '3a25b0d8:o1:d24:aug16:geom=rot270__color=id__order=canonical']",11801799680,18505269248,6703469568,0.36224652979445265,6453985280,8,2072,2239,2304,2304
340,326,FORWARD,,8,6,8,,5,"['3a25b0d8:o1:d24:aug16:geom=transpose__color=id__order=canonical', '3a25b0d8:o1:d24:aug16:geom=anti_transpose__color=id__order=canonical', '3a25b0d8:o1:d24:aug16:geom=rot90__color=id__order=canonical', '3a25b0d8:o1:d24:aug16:geom=rot180__color=id__order=canonical', '3a25b0d8:o1:d24:aug16:geom=rot270__color=id__order=canonical']",11801800192,18505269248,6703469056,0.36224650212665743,6453985280,8,2072,2239,2304,2304
341,327,FORWARD,,8,6,8,,5,"['3a25b0d8:o1:d24:aug16:geom=transpose__color=id__order=canonical', '3a25b0d8:o1:d24:aug16:geom=anti_transpose__color=id__order=canonical', '3a25b0d8:o1:d24:aug16:geom=rot90__color=id__order=canonical', '3a25b0d8:o1:d24:aug16:geom=rot180__color=id__order=canonical', '3a25b0d8:o1:d24:aug16:geom=rot270__color=id__order=canonical']",11801800704,18505269248,6703468544,0.3622464744588622,6453985280,8,2072,2239,2304,2304
342,328,FORWARD,,8,6,8,,5,"['3a25b0d8:o1:d24:aug16:geom=transpose__color=id__order=canonical', '3a25b0d8:o1:d24:aug16:geom=anti_transpose__color=id__order=canonical', '3a25b0d8:o1:d24:aug16:geom=rot90__color=id__order=canonical', '3a25b0d8:o1:d24:aug16:geom=rot180__color=id__order=canonical', '3a25b0d8:o1:d24:aug16:geom=rot270__color=id__order=canonical']",11801801216,18505269248,6703468032,0.362246446791067,6453985280,8,2072,2239,2304,2304
343,329,FORWARD,,8,6,8,,5,"['3a25b0d8:o1:d24:aug16:geom=transpose__color=id__order=canonical', '3a25b0d8:o1:d24:aug16:geom=anti_transpose__color=id__order=canonical', '3a25b0d8:o1:d24:aug16:geom=rot90__color=id__order=canonical', '3a25b0d8:o1:d24:aug16:geom=rot180__color=id__order=canonical', '3a25b0d8:o1:d24:aug16:geom=rot270__color=id__order=canonical']",11801801728,18505269248,6703467520,0.36224641912327177,6453985280,8,2072,2239,2304,2304
344,330,FORWARD,,8,6,8,,5,"['3a25b0d8:o1:d24:aug16:geom=transpose__color=id__order=canonical', '3a25b0d8:o1:d24:aug16:geom=anti_transpose__color=id__order=canonical', '3a25b0d8:o1:d24:aug16:geom=rot90__color=id__order=canonical', '3a25b0d8:o1:d24:aug16:geom=rot180__color=id__order=canonical', '3a25b0d8:o1:d24:aug16:geom=rot270__color=id__order=canonical']",11801802240,18505269248,6703467008,0.36224639145547655,6453985280,8,2072,2239,2304,2304
345,331,FORWARD,,8,6,8,,5,"['3a25b0d8:o1:d24:aug16:geom=transpose__color=id__order=canonical', '3a25b0d8:o1:d24:aug16:geom=anti_transpose__color=id__order=canonical', '3a25b0d8:o1:d24:aug16:geom=rot90__color=id__order=canonical', '3a25b0d8:o1:d24:aug16:geom=rot180__color=id__order=canonical', '3a25b0d8:o1:d24:aug16:geom=rot270__color=id__order=canonical']",11801802752,18505269248,6703466496,0.3622463637876813,6453985280,8,2072,2239,2304,2304
346,331,TERMINATE,3a25b0d8:o1:d24:aug16:geom=anti_transpose__color=id__order=canonical,8,6,8,search_exhausted,5,"['3a25b0d8:o1:d24:aug16:geom=transpose__color=id__order=canonical', '3a25b0d8:o1:d24:aug16:geom=anti_transpose__color=id__order=canonical', '3a25b0d8:o1:d24:aug16:geom=rot90__color=id__order=canonical', '3a25b0d8:o1:d24:aug16:geom=rot180__color=id__order=canonical', '3a25b0d8:o1:d24:aug16:geom=rot270__color=id__order=canonical']",11801802240,18505269248,6703467008,0.36224639145547655,6453985280,8,2072,2239,2304,2304
347,331,RELEASE,3a25b0d8:o1:d24:aug16:geom=anti_transpose__color=id__order=canonical,7,6,8,search_exhausted,5,"['3a25b0d8:o1:d24:aug16:geom=transpose__color=id__order=canonical', '3a25b0d8:o1:d24:aug16:geom=anti_transpose__color=id__order=canonical', '3a25b0d8:o1:d24:aug16:geom=rot90__color=id__order=canonical', '3a25b0d8:o1:d24:aug16:geom=rot180__color=id__order=canonical', '3a25b0d8:o1:d24:aug16:geom=rot270__color=id__order=canonical']",11801802240,18505269248,6703467008,0.36224639145547655,6453985280,7,2072,2239,2304,2304
348,331,ADMIT,3a25b0d8:o1:d24:aug16:geom=flip_ud__color=p03_5980213764__order=canonical,8,5,8,,,[],12142004224,18505269248,6363265024,0.3438623312485834,6453985280,8,2072,2239,2304,2304
349,331,TERMINATE,3a25b0d8:o1:d24:aug16:geom=rot270__color=id__order=canonical,8,5,8,search_exhausted,5,"['3a25b0d8:o1:d24:aug16:geom=transpose__color=id__order=canonical', '3a25b0d8:o1:d24:aug16:geom=anti_transpose__color=id__order=canonical', '3a25b0d8:o1:d24:aug16:geom=rot90__color=id__order=canonical', '3a25b0d8:o1:d24:aug16:geom=rot180__color=id__order=canonical', '3a25b0d8:o1:d24:aug16:geom=rot270__color=id__order=canonical']",12142004224,18505269248,6363265024,0.3438623312485834,6453985280,8,2072,2239,2304,2304
350,331,RELEASE,3a25b0d8:o1:d24:aug16:geom=rot270__color=id__order=canonical,7,5,8,search_exhausted,5,"['3a25b0d8:o1:d24:aug16:geom=transpose__color=id__order=canonical', '3a25b0d8:o1:d24:aug16:geom=anti_transpose__color=id__order=canonical', '3a25b0d8:o1:d24:aug16:geom=rot90__color=id__order=canonical', '3a25b0d8:o1:d24:aug16:geom=rot180__color=id__order=canonical', '3a25b0d8:o1:d24:aug16:geom=rot270__color=id__order=canonical']",12142004224,18505269248,6363265024,0.3438623312485834,6453985280,7,2072,2239,2304,2304
351,331,ADMIT,3a25b0d8:o1:d24:aug16:geom=anti_transpose__color=p05_5436201789__order=canonical,8,4,8,,,[],12482218496,18505269248,6023050752,0.32547760701460504,6453985280,8,2072,2239,2304,2304
352,332,FORWARD,,8,4,8,,2,"['3a25b0d8:o1:d24:aug16:geom=identity__color=p00_4150723698__order=canonical', '3a25b0d8:o1:d24:aug16:geom=flip_ud__color=p03_5980213764__order=canonical']",12482218496,18505269248,6023050752,0.32547760701460504,6453985280,8,2072,2239,2304,2304
353,333,FORWARD,,8,4,8,,2,"['3a25b0d8:o1:d24:aug16:geom=identity__color=p00_4150723698__order=canonical', '3a25b0d8:o1:d24:aug16:geom=flip_ud__color=p03_5980213764__order=canonical']",12482219008,18505269248,6023050240,0.3254775793468098,6453985280,8,2072,2239,2304,2304
354,334,FORWARD,,8,4,8,,2,"['3a25b0d8:o1:d24:aug16:geom=identity__color=p00_4150723698__order=canonical', '3a25b0d8:o1:d24:aug16:geom=flip_ud__color=p03_5980213764__order=canonical']",12482219520,18505269248,6023049728,0.3254775516790146,6453985280,8,2072,2239,2304,2304
355,335,FORWARD,,8,4,8,,2,"['3a25b0d8:o1:d24:aug16:geom=identity__color=p00_4150723698__order=canonical', '3a25b0d8:o1:d24:aug16:geom=flip_ud__color=p03_5980213764__order=canonical']",12482220032,18505269248,6023049216,0.3254775240112194,6453985280,8,2072,2239,2304,2304
356,336,FORWARD,,8,4,8,,2,"['3a25b0d8:o1:d24:aug16:geom=identity__color=p00_4150723698__order=canonical', '3a25b0d8:o1:d24:aug16:geom=flip_ud__color=p03_5980213764__order=canonical']",12482220544,18505269248,6023048704,0.3254774963434242,6453985280,8,2072,2239,2304,2304
357,337,FORWARD,,8,4,8,,2,"['3a25b0d8:o1:d24:aug16:geom=identity__color=p00_4150723698__order=canonical', '3a25b0d8:o1:d24:aug16:geom=flip_ud__color=p03_5980213764__order=canonical']",12482221056,18505269248,6023048192,0.325477468675629,6453985280,8,2072,2239,2304,2304
358,338,FORWARD,,8,4,8,,2,"['3a25b0d8:o1:d24:aug16:geom=identity__color=p00_4150723698__order=canonical', '3a25b0d8:o1:d24:aug16:geom=flip_ud__color=p03_5980213764__order=canonical']",12482221568,18505269248,6023047680,0.32547744100783377,6453985280,8,2072,2239,2304,2304
359,339,FORWARD,,8,4,8,,2,"['3a25b0d8:o1:d24:aug16:geom=identity__color=p00_4150723698__order=canonical', '3a25b0d8:o1:d24:aug16:geom=flip_ud__color=p03_5980213764__order=canonical']",12482222080,18505269248,6023047168,0.32547741334003855,6453985280,8,2072,2239,2304,2304
360,340,FORWARD,,8,4,8,,2,"['3a25b0d8:o1:d24:aug16:geom=identity__color=p00_4150723698__order=canonical', '3a25b0d8:o1:d24:aug16:geom=flip_ud__color=p03_5980213764__order=canonical']",12482222592,18505269248,6023046656,0.3254773856722433,6453985280,8,2072,2239,2304,2304
361,341,FORWARD,,8,4,8,,2,"['3a25b0d8:o1:d24:aug16:geom=identity__color=p00_4150723698__order=canonical', '3a25b0d8:o1:d24:aug16:geom=flip_ud__color=p03_5980213764__order=canonical']",12482223104,18505269248,6023046144,0.3254773580044481,6453985280,8,2072,2239,2304,2304
362,342,FORWARD,,8,4,8,,2,"['3a25b0d8:o1:d24:aug16:geom=identity__color=p00_4150723698__order=canonical', '3a25b0d8:o1:d24:aug16:geom=flip_ud__color=p03_5980213764__order=canonical']",12482223616,18505269248,6023045632,0.3254773303366529,6453985280,8,2072,2239,2304,2304
363,343,FORWARD,,8,4,8,,2,"['3a25b0d8:o1:d24:aug16:geom=identity__color=p00_4150723698__order=canonical', '3a25b0d8:o1:d24:aug16:geom=flip_ud__color=p03_5980213764__order=canonical']",12482224128,18505269248,6023045120,0.32547730266885766,6453985280,8,2072,2239,2304,2304
364,344,FORWARD,,8,4,8,,2,"['3a25b0d8:o1:d24:aug16:geom=identity__color=p00_4150723698__order=canonical', '3a25b0d8:o1:d24:aug16:geom=flip_ud__color=p03_5980213764__order=canonical']",12482224640,18505269248,6023044608,0.32547727500106244,6453985280,8,2072,2239,2304,2304
365,345,FORWARD,,8,4,8,,2,"['3a25b0d8:o1:d24:aug16:geom=identity__color=p00_4150723698__order=canonical', '3a25b0d8:o1:d24:aug16:geom=flip_ud__color=p03_5980213764__order=canonical']",12482225152,18505269248,6023044096,0.3254772473332672,6453985280,8,2072,2239,2304,2304
366,346,FORWARD,,8,4,8,,2,"['3a25b0d8:o1:d24:aug16:geom=identity__color=p00_4150723698__order=canonical', '3a25b0d8:o1:d24:aug16:geom=flip_ud__color=p03_5980213764__order=canonical']",12482225664,18505269248,6023043584,0.325477219665472,6453985280,8,2072,2239,2304,2304
367,347,FORWARD,,8,4,8,,2,"['3a25b0d8:o1:d24:aug16:geom=identity__color=p00_4150723698__order=canonical', '3a25b0d8:o1:d24:aug16:geom=flip_ud__color=p03_5980213764__order=canonical']",12482226176,18505269248,6023043072,0.3254771919976768,6453985280,8,2072,2239,2304,2304
368,348,FORWARD,,8,4,8,,2,"['3a25b0d8:o1:d24:aug16:geom=identity__color=p00_4150723698__order=canonical', '3a25b0d8:o1:d24:aug16:geom=flip_ud__color=p03_5980213764__order=canonical']",12482226688,18505269248,6023042560,0.32547716432988155,6453985280,8,2072,2239,2304,2304
369,349,FORWARD,,8,4,8,,2,"['3a25b0d8:o1:d24:aug16:geom=identity__color=p00_4150723698__order=canonical', '3a25b0d8:o1:d24:aug16:geom=flip_ud__color=p03_5980213764__order=canonical']",12482227200,18505269248,6023042048,0.32547713666208633,6453985280,8,2072,2239,2304,2304
370,350,FORWARD,,8,4,8,,2,"['3a25b0d8:o1:d24:aug16:geom=identity__color=p00_4150723698__order=canonical', '3a25b0d8:o1:d24:aug16:geom=flip_ud__color=p03_5980213764__order=canonical']",12482227712,18505269248,6023041536,0.32547710899429116,6453985280,8,2072,2239,2304,2304
371,351,FORWARD,,8,4,8,,2,"['3a25b0d8:o1:d24:aug16:geom=identity__color=p00_4150723698__order=canonical', '3a25b0d8:o1:d24:aug16:geom=flip_ud__color=p03_5980213764__order=canonical']",12482228224,18505269248,6023041024,0.32547708132649594,6453985280,8,2072,2239,2304,2304
372,352,FORWARD,,8,4,8,,2,"['3a25b0d8:o1:d24:aug16:geom=identity__color=p00_4150723698__order=canonical', '3a25b0d8:o1:d24:aug16:geom=flip_ud__color=p03_5980213764__order=canonical']",12482228736,18505269248,6023040512,0.3254770536587007,6453985280,8,2072,2239,2304,2304
373,353,FORWARD,,8,4,8,,2,"['3a25b0d8:o1:d24:aug16:geom=identity__color=p00_4150723698__order=canonical', '3a25b0d8:o1:d24:aug16:geom=flip_ud__color=p03_5980213764__order=canonical']",12482229248,18505269248,6023040000,0.3254770259909055,6453985280,8,2072,2239,2304,2304
374,354,FORWARD,,8,4,8,,2,"['3a25b0d8:o1:d24:aug16:geom=identity__color=p00_4150723698__order=canonical', '3a25b0d8:o1:d24:aug16:geom=flip_ud__color=p03_5980213764__order=canonical']",12482229760,18505269248,6023039488,0.3254769983231103,6453985280,8,2072,2239,2304,2304
375,355,FORWARD,,8,4,8,,2,"['3a25b0d8:o1:d24:aug16:geom=identity__color=p00_4150723698__order=canonical', '3a25b0d8:o1:d24:aug16:geom=flip_ud__color=p03_5980213764__order=canonical']",12482230272,18505269248,6023038976,0.32547697065531506,6453985280,8,2072,2239,2304,2304
376,356,FORWARD,,8,4,8,,2,"['3a25b0d8:o1:d24:aug16:geom=identity__color=p00_4150723698__order=canonical', '3a25b0d8:o1:d24:aug16:geom=flip_ud__color=p03_5980213764__order=canonical']",12482230784,18505269248,6023038464,0.32547694298751983,6453985280,8,2072,2239,2304,2304
377,357,FORWARD,,8,4,8,,2,"['3a25b0d8:o1:d24:aug16:geom=identity__color=p00_4150723698__order=canonical', '3a25b0d8:o1:d24:aug16:geom=flip_ud__color=p03_5980213764__order=canonical']",12482231296,18505269248,6023037952,0.3254769153197246,6453985280,8,2072,2239,2304,2304
378,358,FORWARD,,8,4,8,,2,"['3a25b0d8:o1:d24:aug16:geom=identity__color=p00_4150723698__order=canonical', '3a25b0d8:o1:d24:aug16:geom=flip_ud__color=p03_5980213764__order=canonical']",12482231808,18505269248,6023037440,0.3254768876519294,6453985280,8,2072,2239,2304,2304
379,359,FORWARD,,8,4,8,,2,"['3a25b0d8:o1:d24:aug16:geom=identity__color=p00_4150723698__order=canonical', '3a25b0d8:o1:d24:aug16:geom=flip_ud__color=p03_5980213764__order=canonical']",12482232320,18505269248,6023036928,0.32547685998413417,6453985280,8,2072,2239,2304,2304
380,360,FORWARD,,8,4,8,,2,"['3a25b0d8:o1:d24:aug16:geom=identity__color=p00_4150723698__order=canonical', '3a25b0d8:o1:d24:aug16:geom=flip_ud__color=p03_5980213764__order=canonical']",12482232832,18505269248,6023036416,0.32547683231633895,6453985280,8,2072,2239,2304,2304
381,361,FORWARD,,8,4,8,,2,"['3a25b0d8:o1:d24:aug16:geom=identity__color=p00_4150723698__order=canonical', '3a25b0d8:o1:d24:aug16:geom=flip_ud__color=p03_5980213764__order=canonical']",12482233344,18505269248,6023035904,0.3254768046485437,6453985280,8,2072,2239,2304,2304
382,362,FORWARD,,8,4,8,,2,"['3a25b0d8:o1:d24:aug16:geom=identity__color=p00_4150723698__order=canonical', '3a25b0d8:o1:d24:aug16:geom=flip_ud__color=p03_5980213764__order=canonical']",12482233856,18505269248,6023035392,0.3254767769807485,6453985280,8,2072,2239,2304,2304
383,363,FORWARD,,8,4,8,,2,"['3a25b0d8:o1:d24:aug16:geom=identity__color=p00_4150723698__order=canonical', '3a25b0d8:o1:d24:aug16:geom=flip_ud__color=p03_5980213764__order=canonical']",12482234368,18505269248,6023034880,0.3254767493129533,6453985280,8,2072,2239,2304,2304
384,364,FORWARD,,8,4,8,,2,"['3a25b0d8:o1:d24:aug16:geom=identity__color=p00_4150723698__order=canonical', '3a25b0d8:o1:d24:aug16:geom=flip_ud__color=p03_5980213764__order=canonical']",12482234880,18505269248,6023034368,0.3254767216451581,6453985280,8,2072,2239,2304,2304
385,365,FORWARD,,8,4,8,,2,"['3a25b0d8:o1:d24:aug16:geom=identity__color=p00_4150723698__order=canonical', '3a25b0d8:o1:d24:aug16:geom=flip_ud__color=p03_5980213764__order=canonical']",12482235392,18505269248,6023033856,0.3254766939773629,6453985280,8,2072,2239,2304,2304
386,366,FORWARD,,8,4,8,,2,"['3a25b0d8:o1:d24:aug16:geom=identity__color=p00_4150723698__order=canonical', '3a25b0d8:o1:d24:aug16:geom=flip_ud__color=p03_5980213764__order=canonical']",12482235904,18505269248,6023033344,0.3254766663095677,6453985280,8,2072,2239,2304,2304
387,367,FORWARD,,8,4,8,,2,"['3a25b0d8:o1:d24:aug16:geom=identity__color=p00_4150723698__order=canonical', '3a25b0d8:o1:d24:aug16:geom=flip_ud__color=p03_5980213764__order=canonical']",12482236416,18505269248,6023032832,0.32547663864177245,6453985280,8,2072,2239,2304,2304
388,368,FORWARD,,8,4,8,,2,"['3a25b0d8:o1:d24:aug16:geom=identity__color=p00_4150723698__order=canonical', '3a25b0d8:o1:d24:aug16:geom=flip_ud__color=p03_5980213764__order=canonical']",12482236928,18505269248,6023032320,0.32547661097397723,6453985280,8,2072,2239,2304,2304
389,369,FORWARD,,8,4,8,,2,"['3a25b0d8:o1:d24:aug16:geom=identity__color=p00_4150723698__order=canonical', '3a25b0d8:o1:d24:aug16:geom=flip_ud__color=p03_5980213764__order=canonical']",12482237440,18505269248,6023031808,0.325476583306182,6453985280,8,2072,2239,2304,2304
390,370,FORWARD,,8,4,8,,2,"['3a25b0d8:o1:d24:aug16:geom=identity__color=p00_4150723698__order=canonical', '3a25b0d8:o1:d24:aug16:geom=flip_ud__color=p03_5980213764__order=canonical']",12482237952,18505269248,6023031296,0.3254765556383868,6453985280,8,2072,2239,2304,2304
391,371,FORWARD,,8,4,8,,2,"['3a25b0d8:o1:d24:aug16:geom=identity__color=p00_4150723698__order=canonical', '3a25b0d8:o1:d24:aug16:geom=flip_ud__color=p03_5980213764__order=canonical']",12482238464,18505269248,6023030784,0.32547652797059157,6453985280,8,2072,2239,2304,2304
392,372,FORWARD,,8,4,8,,2,"['3a25b0d8:o1:d24:aug16:geom=identity__color=p00_4150723698__order=canonical', '3a25b0d8:o1:d24:aug16:geom=flip_ud__color=p03_5980213764__order=canonical']",12482238976,18505269248,6023030272,0.32547650030279635,6453985280,8,2072,2239,2304,2304
393,373,FORWARD,,8,4,8,,2,"['3a25b0d8:o1:d24:aug16:geom=identity__color=p00_4150723698__order=canonical', '3a25b0d8:o1:d24:aug16:geom=flip_ud__color=p03_5980213764__order=canonical']",12482239488,18505269248,6023029760,0.3254764726350011,6453985280,8,2072,2239,2304,2304
394,374,FORWARD,,8,4,8,,2,"['3a25b0d8:o1:d24:aug16:geom=identity__color=p00_4150723698__order=canonical', '3a25b0d8:o1:d24:aug16:geom=flip_ud__color=p03_5980213764__order=canonical']",12482240000,18505269248,6023029248,0.3254764449672059,6453985280,8,2072,2239,2304,2304
395,375,FORWARD,,8,4,8,,2,"['3a25b0d8:o1:d24:aug16:geom=identity__color=p00_4150723698__order=canonical', '3a25b0d8:o1:d24:aug16:geom=flip_ud__color=p03_5980213764__order=canonical']",12482240512,18505269248,6023028736,0.3254764172994107,6453985280,8,2072,2239,2304,2304
396,376,FORWARD,,8,4,8,,2,"['3a25b0d8:o1:d24:aug16:geom=identity__color=p00_4150723698__order=canonical', '3a25b0d8:o1:d24:aug16:geom=flip_ud__color=p03_5980213764__order=canonical']",12482241024,18505269248,6023028224,0.32547638963161546,6453985280,8,2072,2239,2304,2304
397,377,FORWARD,,8,4,8,,2,"['3a25b0d8:o1:d24:aug16:geom=identity__color=p00_4150723698__order=canonical', '3a25b0d8:o1:d24:aug16:geom=flip_ud__color=p03_5980213764__order=canonical']",12482241536,18505269248,6023027712,0.32547636196382024,6453985280,8,2072,2239,2304,2304
398,378,FORWARD,,8,4,8,,2,"['3a25b0d8:o1:d24:aug16:geom=identity__color=p00_4150723698__order=canonical', '3a25b0d8:o1:d24:aug16:geom=flip_ud__color=p03_5980213764__order=canonical']",12482242048,18505269248,6023027200,0.32547633429602507,6453985280,8,2072,2239,2304,2304
399,379,FORWARD,,8,4,8,,2,"['3a25b0d8:o1:d24:aug16:geom=identity__color=p00_4150723698__order=canonical', '3a25b0d8:o1:d24:aug16:geom=flip_ud__color=p03_5980213764__order=canonical']",12482242560,18505269248,6023026688,0.32547630662822985,6453985280,8,2072,2239,2304,2304
400,380,FORWARD,,8,4,8,,2,"['3a25b0d8:o1:d24:aug16:geom=identity__color=p00_4150723698__order=canonical', '3a25b0d8:o1:d24:aug16:geom=flip_ud__color=p03_5980213764__order=canonical']",12482243072,18505269248,6023026176,0.32547627896043463,6453985280,8,2072,2239,2304,2304
401,381,FORWARD,,8,4,8,,2,"['3a25b0d8:o1:d24:aug16:geom=identity__color=p00_4150723698__order=canonical', '3a25b0d8:o1:d24:aug16:geom=flip_ud__color=p03_5980213764__order=canonical']",12482243584,18505269248,6023025664,0.3254762512926394,6453985280,8,2072,2239,2304,2304
402,382,FORWARD,,8,4,8,,2,"['3a25b0d8:o1:d24:aug16:geom=identity__color=p00_4150723698__order=canonical', '3a25b0d8:o1:d24:aug16:geom=flip_ud__color=p03_5980213764__order=canonical']",12482244096,18505269248,6023025152,0.3254762236248442,6453985280,8,2072,2239,2304,2304
403,383,FORWARD,,8,4,8,,2,"['3a25b0d8:o1:d24:aug16:geom=identity__color=p00_4150723698__order=canonical', '3a25b0d8:o1:d24:aug16:geom=flip_ud__color=p03_5980213764__order=canonical']",12482244608,18505269248,6023024640,0.32547619595704896,6453985280,8,2072,2239,2304,2304
404,384,FORWARD,,8,4,8,,2,"['3a25b0d8:o1:d24:aug16:geom=identity__color=p00_4150723698__order=canonical', '3a25b0d8:o1:d24:aug16:geom=flip_ud__color=p03_5980213764__order=canonical']",12482245120,18505269248,6023024128,0.32547616828925374,6453985280,8,2072,2239,2304,2304
405,385,FORWARD,,8,4,8,,2,"['3a25b0d8:o1:d24:aug16:geom=identity__color=p00_4150723698__order=canonical', '3a25b0d8:o1:d24:aug16:geom=flip_ud__color=p03_5980213764__order=canonical']",12482245632,18505269248,6023023616,0.3254761406214585,6453985280,8,2072,2239,2304,2304
406,386,FORWARD,,8,4,8,,2,"['3a25b0d8:o1:d24:aug16:geom=identity__color=p00_4150723698__order=canonical', '3a25b0d8:o1:d24:aug16:geom=flip_ud__color=p03_5980213764__order=canonical']",12482246144,18505269248,6023023104,0.3254761129536633,6453985280,8,2072,2239,2304,2304
407,387,FORWARD,,8,4,8,,2,"['3a25b0d8:o1:d24:aug16:geom=identity__color=p00_4150723698__order=canonical', '3a25b0d8:o1:d24:aug16:geom=flip_ud__color=p03_5980213764__order=canonical']",12482246656,18505269248,6023022592,0.3254760852858681,6453985280,8,2072,2239,2304,2304
408,388,FORWARD,,8,4,8,,2,"['3a25b0d8:o1:d24:aug16:geom=identity__color=p00_4150723698__order=canonical', '3a25b0d8:o1:d24:aug16:geom=flip_ud__color=p03_5980213764__order=canonical']",12482247168,18505269248,6023022080,0.32547605761807286,6453985280,8,2072,2239,2304,2304
409,389,FORWARD,,8,4,8,,2,"['3a25b0d8:o1:d24:aug16:geom=identity__color=p00_4150723698__order=canonical', '3a25b0d8:o1:d24:aug16:geom=flip_ud__color=p03_5980213764__order=canonical']",12482247680,18505269248,6023021568,0.32547602995027763,6453985280,8,2072,2239,2304,2304
410,390,FORWARD,,8,4,8,,2,"['3a25b0d8:o1:d24:aug16:geom=identity__color=p00_4150723698__order=canonical', '3a25b0d8:o1:d24:aug16:geom=flip_ud__color=p03_5980213764__order=canonical']",12482248192,18505269248,6023021056,0.3254760022824824,6453985280,8,2072,2239,2304,2304
411,391,FORWARD,,8,4,8,,2,"['3a25b0d8:o1:d24:aug16:geom=identity__color=p00_4150723698__order=canonical', '3a25b0d8:o1:d24:aug16:geom=flip_ud__color=p03_5980213764__order=canonical']",12482248704,18505269248,6023020544,0.3254759746146872,6453985280,8,2072,2239,2304,2304
412,392,FORWARD,,8,4,8,,2,"['3a25b0d8:o1:d24:aug16:geom=identity__color=p00_4150723698__order=canonical', '3a25b0d8:o1:d24:aug16:geom=flip_ud__color=p03_5980213764__order=canonical']",12482249216,18505269248,6023020032,0.325475946946892,6453985280,8,2072,2239,2304,2304
413,393,FORWARD,,8,4,8,,2,"['3a25b0d8:o1:d24:aug16:geom=identity__color=p00_4150723698__order=canonical', '3a25b0d8:o1:d24:aug16:geom=flip_ud__color=p03_5980213764__order=canonical']",12482249728,18505269248,6023019520,0.3254759192790968,6453985280,8,2072,2239,2304,2304
414,394,FORWARD,,8,4,8,,2,"['3a25b0d8:o1:d24:aug16:geom=identity__color=p00_4150723698__order=canonical', '3a25b0d8:o1:d24:aug16:geom=flip_ud__color=p03_5980213764__order=canonical']",12482250240,18505269248,6023019008,0.3254758916113016,6453985280,8,2072,2239,2304,2304
415,395,FORWARD,,8,4,8,,2,"['3a25b0d8:o1:d24:aug16:geom=identity__color=p00_4150723698__order=canonical', '3a25b0d8:o1:d24:aug16:geom=flip_ud__color=p03_5980213764__order=canonical']",12482250752,18505269248,6023018496,0.32547586394350636,6453985280,8,2072,2239,2304,2304
416,396,FORWARD,,8,4,8,,2,"['3a25b0d8:o1:d24:aug16:geom=identity__color=p00_4150723698__order=canonical', '3a25b0d8:o1:d24:aug16:geom=flip_ud__color=p03_5980213764__order=canonical']",12482251264,18505269248,6023017984,0.32547583627571114,6453985280,8,2072,2239,2304,2304
417,397,FORWARD,,8,4,8,,2,"['3a25b0d8:o1:d24:aug16:geom=identity__color=p00_4150723698__order=canonical', '3a25b0d8:o1:d24:aug16:geom=flip_ud__color=p03_5980213764__order=canonical']",12482251776,18505269248,6023017472,0.3254758086079159,6453985280,8,2072,2239,2304,2304
418,398,FORWARD,,8,4,8,,2,"['3a25b0d8:o1:d24:aug16:geom=identity__color=p00_4150723698__order=canonical', '3a25b0d8:o1:d24:aug16:geom=flip_ud__color=p03_5980213764__order=canonical']",12482252288,18505269248,6023016960,0.3254757809401207,6453985280,8,2072,2239,2304,2304
419,399,FORWARD,,8,4,8,,2,"['3a25b0d8:o1:d24:aug16:geom=identity__color=p00_4150723698__order=canonical', '3a25b0d8:o1:d24:aug16:geom=flip_ud__color=p03_5980213764__order=canonical']",12482252800,18505269248,6023016448,0.3254757532723255,6453985280,8,2072,2239,2304,2304
420,400,FORWARD,,8,4,8,,2,"['3a25b0d8:o1:d24:aug16:geom=identity__color=p00_4150723698__order=canonical', '3a25b0d8:o1:d24:aug16:geom=flip_ud__color=p03_5980213764__order=canonical']",12482253312,18505269248,6023015936,0.32547572560453025,6453985280,8,2072,2239,2304,2304
421,401,FORWARD,,8,4,8,,2,"['3a25b0d8:o1:d24:aug16:geom=identity__color=p00_4150723698__order=canonical', '3a25b0d8:o1:d24:aug16:geom=flip_ud__color=p03_5980213764__order=canonical']",12482253824,18505269248,6023015424,0.32547569793673503,6453985280,8,2072,2239,2304,2304
422,402,FORWARD,,8,4,8,,2,"['3a25b0d8:o1:d24:aug16:geom=identity__color=p00_4150723698__order=canonical', '3a25b0d8:o1:d24:aug16:geom=flip_ud__color=p03_5980213764__order=canonical']",12482254336,18505269248,6023014912,0.3254756702689398,6453985280,8,2072,2239,2304,2304
423,403,FORWARD,,8,4,8,,2,"['3a25b0d8:o1:d24:aug16:geom=identity__color=p00_4150723698__order=canonical', '3a25b0d8:o1:d24:aug16:geom=flip_ud__color=p03_5980213764__order=canonical']",12482254848,18505269248,6023014400,0.3254756426011446,6453985280,8,2072,2239,2304,2304
424,404,FORWARD,,8,4,8,,3,"['3a25b0d8:o1:d24:aug16:geom=rot90__color=id__order=canonical', '3a25b0d8:o1:d24:aug16:geom=identity__color=p00_4150723698__order=canonical', '3a25b0d8:o1:d24:aug16:geom=flip_ud__color=p03_5980213764__order=canonical']",12482255360,18505269248,6023013888,0.32547561493334937,6453985280,8,2072,2239,2304,2304
425,405,FORWARD,,8,4,8,,3,"['3a25b0d8:o1:d24:aug16:geom=rot90__color=id__order=canonical', '3a25b0d8:o1:d24:aug16:geom=identity__color=p00_4150723698__order=canonical', '3a25b0d8:o1:d24:aug16:geom=flip_ud__color=p03_5980213764__order=canonical']",12482255872,18505269248,6023013376,0.32547558726555414,6453985280,8,2072,2239,2304,2304
426,406,FORWARD,,8,4,8,,3,"['3a25b0d8:o1:d24:aug16:geom=rot90__color=id__order=canonical', '3a25b0d8:o1:d24:aug16:geom=identity__color=p00_4150723698__order=canonical', '3a25b0d8:o1:d24:aug16:geom=flip_ud__color=p03_5980213764__order=canonical']",12482256384,18505269248,6023012864,0.325475559597759,6453985280,8,2072,2239,2304,2304
427,407,FORWARD,,8,4,8,,3,"['3a25b0d8:o1:d24:aug16:geom=rot90__color=id__order=canonical', '3a25b0d8:o1:d24:aug16:geom=identity__color=p00_4150723698__order=canonical', '3a25b0d8:o1:d24:aug16:geom=flip_ud__color=p03_5980213764__order=canonical']",12482256896,18505269248,6023012352,0.32547553192996376,6453985280,8,2072,2239,2304,2304
428,408,FORWARD,,8,4,8,,3,"['3a25b0d8:o1:d24:aug16:geom=rot90__color=id__order=canonical', '3a25b0d8:o1:d24:aug16:geom=identity__color=p00_4150723698__order=canonical', '3a25b0d8:o1:d24:aug16:geom=flip_ud__color=p03_5980213764__order=canonical']",12482257408,18505269248,6023011840,0.32547550426216854,6453985280,8,2072,2239,2304,2304
429,409,FORWARD,,8,4,8,,3,"['3a25b0d8:o1:d24:aug16:geom=rot90__color=id__order=canonical', '3a25b0d8:o1:d24:aug16:geom=identity__color=p00_4150723698__order=canonical', '3a25b0d8:o1:d24:aug16:geom=flip_ud__color=p03_5980213764__order=canonical']",12482257920,18505269248,6023011328,0.3254754765943733,6453985280,8,2072,2239,2304,2304
430,410,FORWARD,,8,4,8,,3,"['3a25b0d8:o1:d24:aug16:geom=rot90__color=id__order=canonical', '3a25b0d8:o1:d24:aug16:geom=identity__color=p00_4150723698__order=canonical', '3a25b0d8:o1:d24:aug16:geom=flip_ud__color=p03_5980213764__order=canonical']",12482258432,18505269248,6023010816,0.3254754489265781,6453985280,8,2072,2239,2304,2304
431,411,FORWARD,,8,4,8,,3,"['3a25b0d8:o1:d24:aug16:geom=rot90__color=id__order=canonical', '3a25b0d8:o1:d24:aug16:geom=identity__color=p00_4150723698__order=canonical', '3a25b0d8:o1:d24:aug16:geom=flip_ud__color=p03_5980213764__order=canonical']",12482258944,18505269248,6023010304,0.32547542125878287,6453985280,8,2072,2239,2304,2304
432,412,FORWARD,,8,4,8,,3,"['3a25b0d8:o1:d24:aug16:geom=rot90__color=id__order=canonical', '3a25b0d8:o1:d24:aug16:geom=identity__color=p00_4150723698__order=canonical', '3a25b0d8:o1:d24:aug16:geom=flip_ud__color=p03_5980213764__order=canonical']",12482259456,18505269248,6023009792,0.32547539359098765,6453985280,8,2072,2239,2304,2304
433,413,FORWARD,,8,4,8,,3,"['3a25b0d8:o1:d24:aug16:geom=rot90__color=id__order=canonical', '3a25b0d8:o1:d24:aug16:geom=identity__color=p00_4150723698__order=canonical', '3a25b0d8:o1:d24:aug16:geom=flip_ud__color=p03_5980213764__order=canonical']",12482259968,18505269248,6023009280,0.32547536592319243,6453985280,8,2072,2239,2304,2304
434,414,FORWARD,,8,4,8,,3,"['3a25b0d8:o1:d24:aug16:geom=rot90__color=id__order=canonical', '3a25b0d8:o1:d24:aug16:geom=identity__color=p00_4150723698__order=canonical', '3a25b0d8:o1:d24:aug16:geom=flip_ud__color=p03_5980213764__order=canonical']",12482260480,18505269248,6023008768,0.3254753382553972,6453985280,8,2072,2239,2304,2304
435,415,FORWARD,,8,4,8,,3,"['3a25b0d8:o1:d24:aug16:geom=rot90__color=id__order=canonical', '3a25b0d8:o1:d24:aug16:geom=identity__color=p00_4150723698__order=canonical', '3a25b0d8:o1:d24:aug16:geom=flip_ud__color=p03_5980213764__order=canonical']",12482260992,18505269248,6023008256,0.325475310587602,6453985280,8,2072,2239,2304,2304
436,416,FORWARD,,8,4,8,,3,"['3a25b0d8:o1:d24:aug16:geom=rot90__color=id__order=canonical', '3a25b0d8:o1:d24:aug16:geom=identity__color=p00_4150723698__order=canonical', '3a25b0d8:o1:d24:aug16:geom=flip_ud__color=p03_5980213764__order=canonical']",12482261504,18505269248,6023007744,0.32547528291980676,6453985280,8,2072,2239,2304,2304
437,417,FORWARD,,8,4,8,,3,"['3a25b0d8:o1:d24:aug16:geom=rot90__color=id__order=canonical', '3a25b0d8:o1:d24:aug16:geom=identity__color=p00_4150723698__order=canonical', '3a25b0d8:o1:d24:aug16:geom=flip_ud__color=p03_5980213764__order=canonical']",12482262016,18505269248,6023007232,0.32547525525201154,6453985280,8,2072,2239,2304,2304
438,418,FORWARD,,8,4,8,,3,"['3a25b0d8:o1:d24:aug16:geom=rot90__color=id__order=canonical', '3a25b0d8:o1:d24:aug16:geom=identity__color=p00_4150723698__order=canonical', '3a25b0d8:o1:d24:aug16:geom=flip_ud__color=p03_5980213764__order=canonical']",12482262528,18505269248,6023006720,0.3254752275842163,6453985280,8,2072,2239,2304,2304
439,419,FORWARD,,8,4,8,,3,"['3a25b0d8:o1:d24:aug16:geom=rot90__color=id__order=canonical', '3a25b0d8:o1:d24:aug16:geom=identity__color=p00_4150723698__order=canonical', '3a25b0d8:o1:d24:aug16:geom=flip_ud__color=p03_5980213764__order=canonical']",12482263040,18505269248,6023006208,0.3254751999164211,6453985280,8,2072,2239,2304,2304
440,420,FORWARD,,8,4,8,,3,"['3a25b0d8:o1:d24:aug16:geom=rot90__color=id__order=canonical', '3a25b0d8:o1:d24:aug16:geom=identity__color=p00_4150723698__order=canonical', '3a25b0d8:o1:d24:aug16:geom=flip_ud__color=p03_5980213764__order=canonical']",12482263552,18505269248,6023005696,0.32547517224862593,6453985280,8,2072,2239,2304,2304
441,421,FORWARD,,8,4,8,,3,"['3a25b0d8:o1:d24:aug16:geom=rot90__color=id__order=canonical', '3a25b0d8:o1:d24:aug16:geom=identity__color=p00_4150723698__order=canonical', '3a25b0d8:o1:d24:aug16:geom=flip_ud__color=p03_5980213764__order=canonical']",12482264064,18505269248,6023005184,0.3254751445808307,6453985280,8,2072,2239,2304,2304
442,422,FORWARD,,8,4,8,,3,"['3a25b0d8:o1:d24:aug16:geom=rot90__color=id__order=canonical', '3a25b0d8:o1:d24:aug16:geom=identity__color=p00_4150723698__order=canonical', '3a25b0d8:o1:d24:aug16:geom=flip_ud__color=p03_5980213764__order=canonical']",12482264576,18505269248,6023004672,0.3254751169130355,6453985280,8,2072,2239,2304,2304
443,423,FORWARD,,8,4,8,,3,"['3a25b0d8:o1:d24:aug16:geom=rot90__color=id__order=canonical', '3a25b0d8:o1:d24:aug16:geom=identity__color=p00_4150723698__order=canonical', '3a25b0d8:o1:d24:aug16:geom=flip_ud__color=p03_5980213764__order=canonical']",12482265088,18505269248,6023004160,0.32547508924524027,6453985280,8,2072,2239,2304,2304
444,424,FORWARD,,8,4,8,,3,"['3a25b0d8:o1:d24:aug16:geom=rot90__color=id__order=canonical', '3a25b0d8:o1:d24:aug16:geom=identity__color=p00_4150723698__order=canonical', '3a25b0d8:o1:d24:aug16:geom=flip_ud__color=p03_5980213764__order=canonical']",12482265600,18505269248,6023003648,0.32547506157744505,6453985280,8,2072,2239,2304,2304
445,425,FORWARD,,8,4,8,,3,"['3a25b0d8:o1:d24:aug16:geom=rot90__color=id__order=canonical', '3a25b0d8:o1:d24:aug16:geom=identity__color=p00_4150723698__order=canonical', '3a25b0d8:o1:d24:aug16:geom=flip_ud__color=p03_5980213764__order=canonical']",12482266112,18505269248,6023003136,0.3254750339096498,6453985280,8,2072,2239,2304,2304
446,426,FORWARD,,8,4,8,,3,"['3a25b0d8:o1:d24:aug16:geom=rot90__color=id__order=canonical', '3a25b0d8:o1:d24:aug16:geom=identity__color=p00_4150723698__order=canonical', '3a25b0d8:o1:d24:aug16:geom=flip_ud__color=p03_5980213764__order=canonical']",12482266624,18505269248,6023002624,0.3254750062418546,6453985280,8,2072,2239,2304,2304
447,427,FORWARD,,8,4,8,,3,"['3a25b0d8:o1:d24:aug16:geom=rot90__color=id__order=canonical', '3a25b0d8:o1:d24:aug16:geom=identity__color=p00_4150723698__order=canonical', '3a25b0d8:o1:d24:aug16:geom=flip_ud__color=p03_5980213764__order=canonical']",12482267136,18505269248,6023002112,0.3254749785740594,6453985280,8,2072,2239,2304,2304
448,428,FORWARD,,8,4,8,,3,"['3a25b0d8:o1:d24:aug16:geom=rot90__color=id__order=canonical', '3a25b0d8:o1:d24:aug16:geom=identity__color=p00_4150723698__order=canonical', '3a25b0d8:o1:d24:aug16:geom=flip_ud__color=p03_5980213764__order=canonical']",12482267648,18505269248,6023001600,0.32547495090626416,6453985280,8,2072,2239,2304,2304
449,429,FORWARD,,8,4,8,,3,"['3a25b0d8:o1:d24:aug16:geom=rot90__color=id__order=canonical', '3a25b0d8:o1:d24:aug16:geom=identity__color=p00_4150723698__order=canonical', '3a25b0d8:o1:d24:aug16:geom=flip_ud__color=p03_5980213764__order=canonical']",12482268160,18505269248,6023001088,0.32547492323846894,6453985280,8,2072,2239,2304,2304
450,430,FORWARD,,8,4,8,,3,"['3a25b0d8:o1:d24:aug16:geom=rot90__color=id__order=canonical', '3a25b0d8:o1:d24:aug16:geom=identity__color=p00_4150723698__order=canonical', '3a25b0d8:o1:d24:aug16:geom=flip_ud__color=p03_5980213764__order=canonical']",12482268672,18505269248,6023000576,0.3254748955706737,6453985280,8,2072,2239,2304,2304
451,431,FORWARD,,8,4,8,,3,"['3a25b0d8:o1:d24:aug16:geom=rot90__color=id__order=canonical', '3a25b0d8:o1:d24:aug16:geom=identity__color=p00_4150723698__order=canonical', '3a25b0d8:o1:d24:aug16:geom=flip_ud__color=p03_5980213764__order=canonical']",12482269184,18505269248,6023000064,0.3254748679028785,6453985280,8,2072,2239,2304,2304
452,432,FORWARD,,8,4,8,,3,"['3a25b0d8:o1:d24:aug16:geom=rot90__color=id__order=canonical', '3a25b0d8:o1:d24:aug16:geom=identity__color=p00_4150723698__order=canonical', '3a25b0d8:o1:d24:aug16:geom=flip_ud__color=p03_5980213764__order=canonical']",12482269696,18505269248,6022999552,0.3254748402350833,6453985280,8,2072,2239,2304,2304
453,433,FORWARD,,8,4,8,,3,"['3a25b0d8:o1:d24:aug16:geom=rot90__color=id__order=canonical', '3a25b0d8:o1:d24:aug16:geom=identity__color=p00_4150723698__order=canonical', '3a25b0d8:o1:d24:aug16:geom=flip_ud__color=p03_5980213764__order=canonical']",12482270208,18505269248,6022999040,0.32547481256728805,6453985280,8,2072,2239,2304,2304
454,434,FORWARD,,8,4,8,,3,"['3a25b0d8:o1:d24:aug16:geom=rot90__color=id__order=canonical', '3a25b0d8:o1:d24:aug16:geom=identity__color=p00_4150723698__order=canonical', '3a25b0d8:o1:d24:aug16:geom=flip_ud__color=p03_5980213764__order=canonical']",12482270720,18505269248,6022998528,0.3254747848994929,6453985280,8,2072,2239,2304,2304
455,435,FORWARD,,8,4,8,,3,"['3a25b0d8:o1:d24:aug16:geom=rot90__color=id__order=canonical', '3a25b0d8:o1:d24:aug16:geom=identity__color=p00_4150723698__order=canonical', '3a25b0d8:o1:d24:aug16:geom=flip_ud__color=p03_5980213764__order=canonical']",12482271232,18505269248,6022998016,0.32547475723169766,6453985280,8,2072,2239,2304,2304
456,436,FORWARD,,8,4,8,,3,"['3a25b0d8:o1:d24:aug16:geom=rot90__color=id__order=canonical', '3a25b0d8:o1:d24:aug16:geom=identity__color=p00_4150723698__order=canonical', '3a25b0d8:o1:d24:aug16:geom=flip_ud__color=p03_5980213764__order=canonical']",12482271744,18505269248,6022997504,0.32547472956390244,6453985280,8,2072,2239,2304,2304
457,437,FORWARD,,8,4,8,,3,"['3a25b0d8:o1:d24:aug16:geom=rot90__color=id__order=canonical', '3a25b0d8:o1:d24:aug16:geom=identity__color=p00_4150723698__order=canonical', '3a25b0d8:o1:d24:aug16:geom=flip_ud__color=p03_5980213764__order=canonical']",12482272256,18505269248,6022996992,0.3254747018961072,6453985280,8,2072,2239,2304,2304
458,438,FORWARD,,8,4,8,,3,"['3a25b0d8:o1:d24:aug16:geom=rot90__color=id__order=canonical', '3a25b0d8:o1:d24:aug16:geom=identity__color=p00_4150723698__order=canonical', '3a25b0d8:o1:d24:aug16:geom=flip_ud__color=p03_5980213764__order=canonical']",12482272768,18505269248,6022996480,0.325474674228312,6453985280,8,2072,2239,2304,2304
459,439,FORWARD,,8,4,8,,3,"['3a25b0d8:o1:d24:aug16:geom=rot90__color=id__order=canonical', '3a25b0d8:o1:d24:aug16:geom=identity__color=p00_4150723698__order=canonical', '3a25b0d8:o1:d24:aug16:geom=flip_ud__color=p03_5980213764__order=canonical']",12482273280,18505269248,6022995968,0.3254746465605168,6453985280,8,2072,2239,2304,2304
460,440,FORWARD,,8,4,8,,3,"['3a25b0d8:o1:d24:aug16:geom=rot90__color=id__order=canonical', '3a25b0d8:o1:d24:aug16:geom=identity__color=p00_4150723698__order=canonical', '3a25b0d8:o1:d24:aug16:geom=flip_ud__color=p03_5980213764__order=canonical']",12482273792,18505269248,6022995456,0.32547461889272156,6453985280,8,2072,2239,2304,2304
461,441,FORWARD,,8,4,8,,3,"['3a25b0d8:o1:d24:aug16:geom=rot90__color=id__order=canonical', '3a25b0d8:o1:d24:aug16:geom=identity__color=p00_4150723698__order=canonical', '3a25b0d8:o1:d24:aug16:geom=flip_ud__color=p03_5980213764__order=canonical']",12482274304,18505269248,6022994944,0.32547459122492634,6453985280,8,2072,2239,2304,2304
462,442,FORWARD,,8,4,8,,3,"['3a25b0d8:o1:d24:aug16:geom=rot90__color=id__order=canonical', '3a25b0d8:o1:d24:aug16:geom=identity__color=p00_4150723698__order=canonical', '3a25b0d8:o1:d24:aug16:geom=flip_ud__color=p03_5980213764__order=canonical']",12482274816,18505269248,6022994432,0.3254745635571311,6453985280,8,2072,2239,2304,2304
463,443,FORWARD,,8,4,8,,3,"['3a25b0d8:o1:d24:aug16:geom=rot90__color=id__order=canonical', '3a25b0d8:o1:d24:aug16:geom=identity__color=p00_4150723698__order=canonical', '3a25b0d8:o1:d24:aug16:geom=flip_ud__color=p03_5980213764__order=canonical']",12482275328,18505269248,6022993920,0.3254745358893359,6453985280,8,2072,2239,2304,2304
464,444,FORWARD,,8,4,8,,3,"['3a25b0d8:o1:d24:aug16:geom=rot90__color=id__order=canonical', '3a25b0d8:o1:d24:aug16:geom=identity__color=p00_4150723698__order=canonical', '3a25b0d8:o1:d24:aug16:geom=flip_ud__color=p03_5980213764__order=canonical']",12482275840,18505269248,6022993408,0.32547450822154067,6453985280,8,2072,2239,2304,2304
465,445,FORWARD,,8,4,8,,3,"['3a25b0d8:o1:d24:aug16:geom=rot90__color=id__order=canonical', '3a25b0d8:o1:d24:aug16:geom=identity__color=p00_4150723698__order=canonical', '3a25b0d8:o1:d24:aug16:geom=flip_ud__color=p03_5980213764__order=canonical']",12482276352,18505269248,6022992896,0.32547448055374545,6453985280,8,2072,2239,2304,2304
466,446,FORWARD,,8,4,8,,3,"['3a25b0d8:o1:d24:aug16:geom=rot90__color=id__order=canonical', '3a25b0d8:o1:d24:aug16:geom=identity__color=p00_4150723698__order=canonical', '3a25b0d8:o1:d24:aug16:geom=flip_ud__color=p03_5980213764__order=canonical']",12482276864,18505269248,6022992384,0.3254744528859502,6453985280,8,2072,2239,2304,2304
467,447,FORWARD,,8,4,8,,3,"['3a25b0d8:o1:d24:aug16:geom=rot90__color=id__order=canonical', '3a25b0d8:o1:d24:aug16:geom=identity__color=p00_4150723698__order=canonical', '3a25b0d8:o1:d24:aug16:geom=flip_ud__color=p03_5980213764__order=canonical']",12482277376,18505269248,6022991872,0.325474425218155,6453985280,8,2072,2239,2304,2304
468,448,FORWARD,,8,4,8,,3,"['3a25b0d8:o1:d24:aug16:geom=rot90__color=id__order=canonical', '3a25b0d8:o1:d24:aug16:geom=identity__color=p00_4150723698__order=canonical', '3a25b0d8:o1:d24:aug16:geom=flip_ud__color=p03_5980213764__order=canonical']",12482277888,18505269248,6022991360,0.32547439755035984,6453985280,8,2072,2239,2304,2304
469,449,FORWARD,,8,4,8,,4,"['3a25b0d8:o1:d24:aug16:geom=transpose__color=id__order=canonical', '3a25b0d8:o1:d24:aug16:geom=rot90__color=id__order=canonical', '3a25b0d8:o1:d24:aug16:geom=identity__color=p00_4150723698__order=canonical', '3a25b0d8:o1:d24:aug16:geom=flip_ud__color=p03_5980213764__order=canonical']",12482278400,18505269248,6022990848,0.3254743698825646,6453985280,8,2072,2239,2304,2304
470,450,FORWARD,,8,4,8,,4,"['3a25b0d8:o1:d24:aug16:geom=transpose__color=id__order=canonical', '3a25b0d8:o1:d24:aug16:geom=rot90__color=id__order=canonical', '3a25b0d8:o1:d24:aug16:geom=identity__color=p00_4150723698__order=canonical', '3a25b0d8:o1:d24:aug16:geom=flip_ud__color=p03_5980213764__order=canonical']",12482278912,18505269248,6022990336,0.3254743422147694,6453985280,8,2072,2239,2304,2304
471,451,FORWARD,,8,4,8,,4,"['3a25b0d8:o1:d24:aug16:geom=transpose__color=id__order=canonical', '3a25b0d8:o1:d24:aug16:geom=rot90__color=id__order=canonical', '3a25b0d8:o1:d24:aug16:geom=identity__color=p00_4150723698__order=canonical', '3a25b0d8:o1:d24:aug16:geom=flip_ud__color=p03_5980213764__order=canonical']",12482279424,18505269248,6022989824,0.3254743145469742,6453985280,8,2072,2239,2304,2304
472,452,FORWARD,,8,4,8,,4,"['3a25b0d8:o1:d24:aug16:geom=transpose__color=id__order=canonical', '3a25b0d8:o1:d24:aug16:geom=rot90__color=id__order=canonical', '3a25b0d8:o1:d24:aug16:geom=identity__color=p00_4150723698__order=canonical', '3a25b0d8:o1:d24:aug16:geom=flip_ud__color=p03_5980213764__order=canonical']",12482279936,18505269248,6022989312,0.32547428687917895,6453985280,8,2072,2239,2304,2304
473,453,FORWARD,,8,4,8,,4,"['3a25b0d8:o1:d24:aug16:geom=transpose__color=id__order=canonical', '3a25b0d8:o1:d24:aug16:geom=rot90__color=id__order=canonical', '3a25b0d8:o1:d24:aug16:geom=identity__color=p00_4150723698__order=canonical', '3a25b0d8:o1:d24:aug16:geom=flip_ud__color=p03_5980213764__order=canonical']",12482280448,18505269248,6022988800,0.32547425921138373,6453985280,8,2072,2239,2304,2304
474,454,FORWARD,,8,4,8,,4,"['3a25b0d8:o1:d24:aug16:geom=transpose__color=id__order=canonical', '3a25b0d8:o1:d24:aug16:geom=rot90__color=id__order=canonical', '3a25b0d8:o1:d24:aug16:geom=identity__color=p00_4150723698__order=canonical', '3a25b0d8:o1:d24:aug16:geom=flip_ud__color=p03_5980213764__order=canonical']",12482280960,18505269248,6022988288,0.3254742315435885,6453985280,8,2072,2239,2304,2304
475,455,FORWARD,,8,4,8,,4,"['3a25b0d8:o1:d24:aug16:geom=transpose__color=id__order=canonical', '3a25b0d8:o1:d24:aug16:geom=rot90__color=id__order=canonical', '3a25b0d8:o1:d24:aug16:geom=identity__color=p00_4150723698__order=canonical', '3a25b0d8:o1:d24:aug16:geom=flip_ud__color=p03_5980213764__order=canonical']",12482281472,18505269248,6022987776,0.3254742038757933,6453985280,8,2072,2239,2304,2304
476,456,FORWARD,,8,4,8,,4,"['3a25b0d8:o1:d24:aug16:geom=transpose__color=id__order=canonical', '3a25b0d8:o1:d24:aug16:geom=rot90__color=id__order=canonical', '3a25b0d8:o1:d24:aug16:geom=identity__color=p00_4150723698__order=canonical', '3a25b0d8:o1:d24:aug16:geom=flip_ud__color=p03_5980213764__order=canonical']",12482281984,18505269248,6022987264,0.32547417620799807,6453985280,8,2072,2239,2304,2304
477,457,FORWARD,,8,4,8,,4,"['3a25b0d8:o1:d24:aug16:geom=transpose__color=id__order=canonical', '3a25b0d8:o1:d24:aug16:geom=rot90__color=id__order=canonical', '3a25b0d8:o1:d24:aug16:geom=identity__color=p00_4150723698__order=canonical', '3a25b0d8:o1:d24:aug16:geom=flip_ud__color=p03_5980213764__order=canonical']",12482282496,18505269248,6022986752,0.32547414854020285,6453985280,8,2072,2239,2304,2304
478,458,FORWARD,,8,4,8,,4,"['3a25b0d8:o1:d24:aug16:geom=transpose__color=id__order=canonical', '3a25b0d8:o1:d24:aug16:geom=rot90__color=id__order=canonical', '3a25b0d8:o1:d24:aug16:geom=identity__color=p00_4150723698__order=canonical', '3a25b0d8:o1:d24:aug16:geom=flip_ud__color=p03_5980213764__order=canonical']",12482283008,18505269248,6022986240,0.3254741208724076,6453985280,8,2072,2239,2304,2304
479,459,FORWARD,,8,4,8,,4,"['3a25b0d8:o1:d24:aug16:geom=transpose__color=id__order=canonical', '3a25b0d8:o1:d24:aug16:geom=rot90__color=id__order=canonical', '3a25b0d8:o1:d24:aug16:geom=identity__color=p00_4150723698__order=canonical', '3a25b0d8:o1:d24:aug16:geom=flip_ud__color=p03_5980213764__order=canonical']",12482283520,18505269248,6022985728,0.3254740932046124,6453985280,8,2072,2239,2304,2304
480,460,FORWARD,,8,4,8,,4,"['3a25b0d8:o1:d24:aug16:geom=transpose__color=id__order=canonical', '3a25b0d8:o1:d24:aug16:geom=rot90__color=id__order=canonical', '3a25b0d8:o1:d24:aug16:geom=identity__color=p00_4150723698__order=canonical', '3a25b0d8:o1:d24:aug16:geom=flip_ud__color=p03_5980213764__order=canonical']",12482284032,18505269248,6022985216,0.3254740655368172,6453985280,8,2072,2239,2304,2304
481,461,FORWARD,,8,4,8,,4,"['3a25b0d8:o1:d24:aug16:geom=transpose__color=id__order=canonical', '3a25b0d8:o1:d24:aug16:geom=rot90__color=id__order=canonical', '3a25b0d8:o1:d24:aug16:geom=identity__color=p00_4150723698__order=canonical', '3a25b0d8:o1:d24:aug16:geom=flip_ud__color=p03_5980213764__order=canonical']",12482284544,18505269248,6022984704,0.32547403786902196,6453985280,8,2072,2239,2304,2304
482,462,FORWARD,,8,4,8,,4,"['3a25b0d8:o1:d24:aug16:geom=transpose__color=id__order=canonical', '3a25b0d8:o1:d24:aug16:geom=rot90__color=id__order=canonical', '3a25b0d8:o1:d24:aug16:geom=identity__color=p00_4150723698__order=canonical', '3a25b0d8:o1:d24:aug16:geom=flip_ud__color=p03_5980213764__order=canonical']",12482285056,18505269248,6022984192,0.3254740102012268,6453985280,8,2072,2239,2304,2304
483,463,FORWARD,,8,4,8,,4,"['3a25b0d8:o1:d24:aug16:geom=transpose__color=id__order=canonical', '3a25b0d8:o1:d24:aug16:geom=rot90__color=id__order=canonical', '3a25b0d8:o1:d24:aug16:geom=identity__color=p00_4150723698__order=canonical', '3a25b0d8:o1:d24:aug16:geom=flip_ud__color=p03_5980213764__order=canonical']",12482285568,18505269248,6022983680,0.32547398253343157,6453985280,8,2072,2239,2304,2304
484,464,FORWARD,,8,4,8,,4,"['3a25b0d8:o1:d24:aug16:geom=transpose__color=id__order=canonical', '3a25b0d8:o1:d24:aug16:geom=rot90__color=id__order=canonical', '3a25b0d8:o1:d24:aug16:geom=identity__color=p00_4150723698__order=canonical', '3a25b0d8:o1:d24:aug16:geom=flip_ud__color=p03_5980213764__order=canonical']",12482286080,18505269248,6022983168,0.32547395486563635,6453985280,8,2072,2239,2304,2304
485,465,FORWARD,,8,4,8,,4,"['3a25b0d8:o1:d24:aug16:geom=transpose__color=id__order=canonical', '3a25b0d8:o1:d24:aug16:geom=rot90__color=id__order=canonical', '3a25b0d8:o1:d24:aug16:geom=identity__color=p00_4150723698__order=canonical', '3a25b0d8:o1:d24:aug16:geom=flip_ud__color=p03_5980213764__order=canonical']",12482286592,18505269248,6022982656,0.32547392719784113,6453985280,8,2072,2239,2304,2304
486,466,FORWARD,,8,4,8,,4,"['3a25b0d8:o1:d24:aug16:geom=transpose__color=id__order=canonical', '3a25b0d8:o1:d24:aug16:geom=rot90__color=id__order=canonical', '3a25b0d8:o1:d24:aug16:geom=identity__color=p00_4150723698__order=canonical', '3a25b0d8:o1:d24:aug16:geom=flip_ud__color=p03_5980213764__order=canonical']",12482287104,18505269248,6022982144,0.3254738995300459,6453985280,8,2072,2239,2304,2304
487,467,FORWARD,,8,4,8,,4,"['3a25b0d8:o1:d24:aug16:geom=transpose__color=id__order=canonical', '3a25b0d8:o1:d24:aug16:geom=rot90__color=id__order=canonical', '3a25b0d8:o1:d24:aug16:geom=identity__color=p00_4150723698__order=canonical', '3a25b0d8:o1:d24:aug16:geom=flip_ud__color=p03_5980213764__order=canonical']",12482287616,18505269248,6022981632,0.3254738718622507,6453985280,8,2072,2239,2304,2304
488,468,FORWARD,,8,4,8,,4,"['3a25b0d8:o1:d24:aug16:geom=transpose__color=id__order=canonical', '3a25b0d8:o1:d24:aug16:geom=rot90__color=id__order=canonical', '3a25b0d8:o1:d24:aug16:geom=identity__color=p00_4150723698__order=canonical', '3a25b0d8:o1:d24:aug16:geom=flip_ud__color=p03_5980213764__order=canonical']",12482288128,18505269248,6022981120,0.32547384419445546,6453985280,8,2072,2239,2304,2304
489,469,FORWARD,,8,4,8,,4,"['3a25b0d8:o1:d24:aug16:geom=transpose__color=id__order=canonical', '3a25b0d8:o1:d24:aug16:geom=rot90__color=id__order=canonical', '3a25b0d8:o1:d24:aug16:geom=identity__color=p00_4150723698__order=canonical', '3a25b0d8:o1:d24:aug16:geom=flip_ud__color=p03_5980213764__order=canonical']",12482288640,18505269248,6022980608,0.32547381652666024,6453985280,8,2072,2239,2304,2304
490,470,FORWARD,,8,4,8,,4,"['3a25b0d8:o1:d24:aug16:geom=transpose__color=id__order=canonical', '3a25b0d8:o1:d24:aug16:geom=rot90__color=id__order=canonical', '3a25b0d8:o1:d24:aug16:geom=identity__color=p00_4150723698__order=canonical', '3a25b0d8:o1:d24:aug16:geom=flip_ud__color=p03_5980213764__order=canonical']",12482289152,18505269248,6022980096,0.325473788858865,6453985280,8,2072,2239,2304,2304
491,471,FORWARD,,8,4,8,,4,"['3a25b0d8:o1:d24:aug16:geom=transpose__color=id__order=canonical', '3a25b0d8:o1:d24:aug16:geom=rot90__color=id__order=canonical', '3a25b0d8:o1:d24:aug16:geom=identity__color=p00_4150723698__order=canonical', '3a25b0d8:o1:d24:aug16:geom=flip_ud__color=p03_5980213764__order=canonical']",12482289664,18505269248,6022979584,0.3254737611910698,6453985280,8,2072,2239,2304,2304
492,472,FORWARD,,8,4,8,,4,"['3a25b0d8:o1:d24:aug16:geom=transpose__color=id__order=canonical', '3a25b0d8:o1:d24:aug16:geom=rot90__color=id__order=canonical', '3a25b0d8:o1:d24:aug16:geom=identity__color=p00_4150723698__order=canonical', '3a25b0d8:o1:d24:aug16:geom=flip_ud__color=p03_5980213764__order=canonical']",12482290176,18505269248,6022979072,0.3254737335232746,6453985280,8,2072,2239,2304,2304
493,473,FORWARD,,8,4,8,,4,"['3a25b0d8:o1:d24:aug16:geom=transpose__color=id__order=canonical', '3a25b0d8:o1:d24:aug16:geom=rot90__color=id__order=canonical', '3a25b0d8:o1:d24:aug16:geom=identity__color=p00_4150723698__order=canonical', '3a25b0d8:o1:d24:aug16:geom=flip_ud__color=p03_5980213764__order=canonical']",12482290688,18505269248,6022978560,0.32547370585547936,6453985280,8,2072,2239,2304,2304
494,474,FORWARD,,8,4,8,,4,"['3a25b0d8:o1:d24:aug16:geom=transpose__color=id__order=canonical', '3a25b0d8:o1:d24:aug16:geom=rot90__color=id__order=canonical', '3a25b0d8:o1:d24:aug16:geom=identity__color=p00_4150723698__order=canonical', '3a25b0d8:o1:d24:aug16:geom=flip_ud__color=p03_5980213764__order=canonical']",12482291200,18505269248,6022978048,0.32547367818768413,6453985280,8,2072,2239,2304,2304
495,475,FORWARD,,8,4,8,,4,"['3a25b0d8:o1:d24:aug16:geom=transpose__color=id__order=canonical', '3a25b0d8:o1:d24:aug16:geom=rot90__color=id__order=canonical', '3a25b0d8:o1:d24:aug16:geom=identity__color=p00_4150723698__order=canonical', '3a25b0d8:o1:d24:aug16:geom=flip_ud__color=p03_5980213764__order=canonical']",12482291712,18505269248,6022977536,0.3254736505198889,6453985280,8,2072,2239,2304,2304
496,476,FORWARD,,8,4,8,,4,"['3a25b0d8:o1:d24:aug16:geom=transpose__color=id__order=canonical', '3a25b0d8:o1:d24:aug16:geom=rot90__color=id__order=canonical', '3a25b0d8:o1:d24:aug16:geom=identity__color=p00_4150723698__order=canonical', '3a25b0d8:o1:d24:aug16:geom=flip_ud__color=p03_5980213764__order=canonical']",12482292224,18505269248,6022977024,0.32547362285209375,6453985280,8,2072,2239,2304,2304
497,477,FORWARD,,8,4,8,,4,"['3a25b0d8:o1:d24:aug16:geom=transpose__color=id__order=canonical', '3a25b0d8:o1:d24:aug16:geom=rot90__color=id__order=canonical', '3a25b0d8:o1:d24:aug16:geom=identity__color=p00_4150723698__order=canonical', '3a25b0d8:o1:d24:aug16:geom=flip_ud__color=p03_5980213764__order=canonical']",12482292736,18505269248,6022976512,0.3254735951842985,6453985280,8,2072,2239,2304,2304
498,478,FORWARD,,8,4,8,,4,"['3a25b0d8:o1:d24:aug16:geom=transpose__color=id__order=canonical', '3a25b0d8:o1:d24:aug16:geom=rot90__color=id__order=canonical', '3a25b0d8:o1:d24:aug16:geom=identity__color=p00_4150723698__order=canonical', '3a25b0d8:o1:d24:aug16:geom=flip_ud__color=p03_5980213764__order=canonical']",12482293248,18505269248,6022976000,0.3254735675165033,6453985280,8,2072,2239,2304,2304
499,479,FORWARD,,8,4,8,,4,"['3a25b0d8:o1:d24:aug16:geom=transpose__color=id__order=canonical', '3a25b0d8:o1:d24:aug16:geom=rot90__color=id__order=canonical', '3a25b0d8:o1:d24:aug16:geom=identity__color=p00_4150723698__order=canonical', '3a25b0d8:o1:d24:aug16:geom=flip_ud__color=p03_5980213764__order=canonical']",12482293760,18505269248,6022975488,0.3254735398487081,6453985280,8,2072,2239,2304,2304
500,480,FORWARD,,8,4,8,,4,"['3a25b0d8:o1:d24:aug16:geom=transpose__color=id__order=canonical', '3a25b0d8:o1:d24:aug16:geom=rot90__color=id__order=canonical', '3a25b0d8:o1:d24:aug16:geom=identity__color=p00_4150723698__order=canonical', '3a25b0d8:o1:d24:aug16:geom=flip_ud__color=p03_5980213764__order=canonical']",12482294272,18505269248,6022974976,0.32547351218091286,6453985280,8,2072,2239,2304,2304
501,481,FORWARD,,8,4,8,,4,"['3a25b0d8:o1:d24:aug16:geom=transpose__color=id__order=canonical', '3a25b0d8:o1:d24:aug16:geom=rot90__color=id__order=canonical', '3a25b0d8:o1:d24:aug16:geom=identity__color=p00_4150723698__order=canonical', '3a25b0d8:o1:d24:aug16:geom=flip_ud__color=p03_5980213764__order=canonical']",12482294784,18505269248,6022974464,0.32547348451311764,6453985280,8,2072,2239,2304,2304
502,482,FORWARD,,8,4,8,,4,"['3a25b0d8:o1:d24:aug16:geom=transpose__color=id__order=canonical', '3a25b0d8:o1:d24:aug16:geom=rot90__color=id__order=canonical', '3a25b0d8:o1:d24:aug16:geom=identity__color=p00_4150723698__order=canonical', '3a25b0d8:o1:d24:aug16:geom=flip_ud__color=p03_5980213764__order=canonical']",12482295296,18505269248,6022973952,0.3254734568453224,6453985280,8,2072,2239,2304,2304
503,483,FORWARD,,8,4,8,,4,"['3a25b0d8:o1:d24:aug16:geom=transpose__color=id__order=canonical', '3a25b0d8:o1:d24:aug16:geom=rot90__color=id__order=canonical', '3a25b0d8:o1:d24:aug16:geom=identity__color=p00_4150723698__order=canonical', '3a25b0d8:o1:d24:aug16:geom=flip_ud__color=p03_5980213764__order=canonical']",12482295808,18505269248,6022973440,0.3254734291775272,6453985280,8,2072,2239,2304,2304
504,484,FORWARD,,8,4,8,,4,"['3a25b0d8:o1:d24:aug16:geom=transpose__color=id__order=canonical', '3a25b0d8:o1:d24:aug16:geom=rot90__color=id__order=canonical', '3a25b0d8:o1:d24:aug16:geom=identity__color=p00_4150723698__order=canonical', '3a25b0d8:o1:d24:aug16:geom=flip_ud__color=p03_5980213764__order=canonical']",12482296320,18505269248,6022972928,0.325473401509732,6453985280,8,2072,2239,2304,2304
505,485,FORWARD,,8,4,8,,4,"['3a25b0d8:o1:d24:aug16:geom=transpose__color=id__order=canonical', '3a25b0d8:o1:d24:aug16:geom=rot90__color=id__order=canonical', '3a25b0d8:o1:d24:aug16:geom=identity__color=p00_4150723698__order=canonical', '3a25b0d8:o1:d24:aug16:geom=flip_ud__color=p03_5980213764__order=canonical']",12482296832,18505269248,6022972416,0.32547337384193675,6453985280,8,2072,2239,2304,2304
506,486,FORWARD,,8,4,8,,4,"['3a25b0d8:o1:d24:aug16:geom=transpose__color=id__order=canonical', '3a25b0d8:o1:d24:aug16:geom=rot90__color=id__order=canonical', '3a25b0d8:o1:d24:aug16:geom=identity__color=p00_4150723698__order=canonical', '3a25b0d8:o1:d24:aug16:geom=flip_ud__color=p03_5980213764__order=canonical']",12482297344,18505269248,6022971904,0.32547334617414153,6453985280,8,2072,2239,2304,2304
507,487,FORWARD,,8,4,8,,4,"['3a25b0d8:o1:d24:aug16:geom=transpose__color=id__order=canonical', '3a25b0d8:o1:d24:aug16:geom=rot90__color=id__order=canonical', '3a25b0d8:o1:d24:aug16:geom=identity__color=p00_4150723698__order=canonical', '3a25b0d8:o1:d24:aug16:geom=flip_ud__color=p03_5980213764__order=canonical']",12482297856,18505269248,6022971392,0.3254733185063463,6453985280,8,2072,2239,2304,2304
508,488,FORWARD,,8,4,8,,4,"['3a25b0d8:o1:d24:aug16:geom=transpose__color=id__order=canonical', '3a25b0d8:o1:d24:aug16:geom=rot90__color=id__order=canonical', '3a25b0d8:o1:d24:aug16:geom=identity__color=p00_4150723698__order=canonical', '3a25b0d8:o1:d24:aug16:geom=flip_ud__color=p03_5980213764__order=canonical']",12482298368,18505269248,6022970880,0.3254732908385511,6453985280,8,2072,2239,2304,2304
509,489,FORWARD,,8,4,8,,4,"['3a25b0d8:o1:d24:aug16:geom=transpose__color=id__order=canonical', '3a25b0d8:o1:d24:aug16:geom=rot90__color=id__order=canonical', '3a25b0d8:o1:d24:aug16:geom=identity__color=p00_4150723698__order=canonical', '3a25b0d8:o1:d24:aug16:geom=flip_ud__color=p03_5980213764__order=canonical']",12482298880,18505269248,6022970368,0.32547326317075587,6453985280,8,2072,2239,2304,2304
510,490,FORWARD,,8,4,8,,3,"['3a25b0d8:o1:d24:aug16:geom=rot180__color=id__order=canonical', '3a25b0d8:o1:d24:aug16:geom=identity__color=p00_4150723698__order=canonical', '3a25b0d8:o1:d24:aug16:geom=flip_ud__color=p03_5980213764__order=canonical']",12482299392,18505269248,6022969856,0.3254732355029607,6453985280,8,2072,2239,2304,2304
511,491,FORWARD,,8,4,8,,3,"['3a25b0d8:o1:d24:aug16:geom=rot180__color=id__order=canonical', '3a25b0d8:o1:d24:aug16:geom=identity__color=p00_4150723698__order=canonical', '3a25b0d8:o1:d24:aug16:geom=flip_ud__color=p03_5980213764__order=canonical']",12482299904,18505269248,6022969344,0.3254732078351655,6453985280,8,2072,2239,2304,2304
512,492,FORWARD,,8,4,8,,3,"['3a25b0d8:o1:d24:aug16:geom=rot180__color=id__order=canonical', '3a25b0d8:o1:d24:aug16:geom=identity__color=p00_4150723698__order=canonical', '3a25b0d8:o1:d24:aug16:geom=flip_ud__color=p03_5980213764__order=canonical']",12482300416,18505269248,6022968832,0.32547318016737026,6453985280,8,2072,2239,2304,2304
513,493,FORWARD,,8,4,8,,4,"['3a25b0d8:o1:d24:aug16:geom=rot180__color=id__order=canonical', '3a25b0d8:o1:d24:aug16:geom=flip_lr__color=id__order=canonical', '3a25b0d8:o1:d24:aug16:geom=identity__color=p00_4150723698__order=canonical', '3a25b0d8:o1:d24:aug16:geom=flip_ud__color=p03_5980213764__order=canonical']",12482300928,18505269248,6022968320,0.32547315249957504,6453985280,8,2072,2239,2304,2304
514,494,FORWARD,,8,4,8,,4,"['3a25b0d8:o1:d24:aug16:geom=rot180__color=id__order=canonical', '3a25b0d8:o1:d24:aug16:geom=flip_lr__color=id__order=canonical', '3a25b0d8:o1:d24:aug16:geom=identity__color=p00_4150723698__order=canonical', '3a25b0d8:o1:d24:aug16:geom=flip_ud__color=p03_5980213764__order=canonical']",12482301440,18505269248,6022967808,0.3254731248317798,6453985280,8,2072,2240,2304,2304
515,495,FORWARD,,8,4,8,,4,"['3a25b0d8:o1:d24:aug16:geom=rot180__color=id__order=canonical', '3a25b0d8:o1:d24:aug16:geom=flip_lr__color=id__order=canonical', '3a25b0d8:o1:d24:aug16:geom=identity__color=p00_4150723698__order=canonical', '3a25b0d8:o1:d24:aug16:geom=flip_ud__color=p03_5980213764__order=canonical']",12482301952,18505269248,6022967296,0.3254730971639846,6453985280,8,2072,2241,2304,2304
516,496,FORWARD,,8,4,8,,4,"['3a25b0d8:o1:d24:aug16:geom=rot180__color=id__order=canonical', '3a25b0d8:o1:d24:aug16:geom=flip_lr__color=id__order=canonical', '3a25b0d8:o1:d24:aug16:geom=identity__color=p00_4150723698__order=canonical', '3a25b0d8:o1:d24:aug16:geom=flip_ud__color=p03_5980213764__order=canonical']",12482302464,18505269248,6022966784,0.32547306949618937,6453985280,8,2072,2242,2304,2304
517,497,FORWARD,,8,4,8,,4,"['3a25b0d8:o1:d24:aug16:geom=rot180__color=id__order=canonical', '3a25b0d8:o1:d24:aug16:geom=flip_lr__color=id__order=canonical', '3a25b0d8:o1:d24:aug16:geom=identity__color=p00_4150723698__order=canonical', '3a25b0d8:o1:d24:aug16:geom=flip_ud__color=p03_5980213764__order=canonical']",12482302976,18505269248,6022966272,0.32547304182839415,6453985280,8,2072,2243,2304,2304
518,498,FORWARD,,8,4,8,,4,"['3a25b0d8:o1:d24:aug16:geom=rot180__color=id__order=canonical', '3a25b0d8:o1:d24:aug16:geom=flip_lr__color=id__order=canonical', '3a25b0d8:o1:d24:aug16:geom=identity__color=p00_4150723698__order=canonical', '3a25b0d8:o1:d24:aug16:geom=flip_ud__color=p03_5980213764__order=canonical']",12482303488,18505269248,6022965760,0.32547301416059893,6453985280,8,2072,2244,2304,2304
519,499,FORWARD,,8,4,8,,2,"['3a25b0d8:o1:d24:aug16:geom=rot180__color=id__order=canonical', '3a25b0d8:o1:d24:aug16:geom=flip_ud__color=p03_5980213764__order=canonical']",12482304000,18505269248,6022965248,0.3254729864928037,6453985280,8,2072,2227,2304,2304
520,500,FORWARD,,8,4,8,,2,"['3a25b0d8:o1:d24:aug16:geom=rot180__color=id__order=canonical', '3a25b0d8:o1:d24:aug16:geom=flip_ud__color=p03_5980213764__order=canonical']",12482304512,18505269248,6022964736,0.3254729588250085,6453985280,8,2072,2227,2304,2304
521,501,FORWARD,,8,4,8,,2,"['3a25b0d8:o1:d24:aug16:geom=rot180__color=id__order=canonical', '3a25b0d8:o1:d24:aug16:geom=flip_ud__color=p03_5980213764__order=canonical']",12482301440,18505269248,6022967808,0.3254731248317798,6453985280,8,2072,2227,2304,2304
522,502,FORWARD,,8,4,8,,2,"['3a25b0d8:o1:d24:aug16:geom=rot180__color=id__order=canonical', '3a25b0d8:o1:d24:aug16:geom=flip_ud__color=p03_5980213764__order=canonical']",12482301952,18505269248,6022967296,0.3254730971639846,6453985280,8,2072,2227,2304,2304
523,503,FORWARD,,8,4,8,,2,"['3a25b0d8:o1:d24:aug16:geom=rot180__color=id__order=canonical', '3a25b0d8:o1:d24:aug16:geom=flip_ud__color=p03_5980213764__order=canonical']",12482302464,18505269248,6022966784,0.32547306949618937,6453985280,8,2072,2227,2304,2304
524,504,FORWARD,,8,4,8,,2,"['3a25b0d8:o1:d24:aug16:geom=rot180__color=id__order=canonical', '3a25b0d8:o1:d24:aug16:geom=flip_ud__color=p03_5980213764__order=canonical']",12482302976,18505269248,6022966272,0.32547304182839415,6453985280,8,2072,2227,2304,2304
525,505,FORWARD,,8,4,8,,2,"['3a25b0d8:o1:d24:aug16:geom=rot180__color=id__order=canonical', '3a25b0d8:o1:d24:aug16:geom=flip_ud__color=p03_5980213764__order=canonical']",12482303488,18505269248,6022965760,0.32547301416059893,6453985280,8,2072,2227,2304,2304
526,506,FORWARD,,8,4,8,,2,"['3a25b0d8:o1:d24:aug16:geom=rot180__color=id__order=canonical', '3a25b0d8:o1:d24:aug16:geom=flip_ud__color=p03_5980213764__order=canonical']",12482304000,18505269248,6022965248,0.3254729864928037,6453985280,8,2072,2227,2304,2304
527,507,FORWARD,,8,4,8,,2,"['3a25b0d8:o1:d24:aug16:geom=rot180__color=id__order=canonical', '3a25b0d8:o1:d24:aug16:geom=flip_ud__color=p03_5980213764__order=canonical']",12482304512,18505269248,6022964736,0.3254729588250085,6453985280,8,2072,2227,2304,2304
528,508,FORWARD,,8,4,8,,2,"['3a25b0d8:o1:d24:aug16:geom=rot180__color=id__order=canonical', '3a25b0d8:o1:d24:aug16:geom=flip_ud__color=p03_5980213764__order=canonical']",12482305024,18505269248,6022964224,0.32547293115721326,6453985280,8,2072,2227,2304,2304
529,509,FORWARD,,8,4,8,,2,"['3a25b0d8:o1:d24:aug16:geom=rot180__color=id__order=canonical', '3a25b0d8:o1:d24:aug16:geom=flip_ud__color=p03_5980213764__order=canonical']",12482305536,18505269248,6022963712,0.32547290348941804,6453985280,8,2072,2227,2304,2304
530,510,FORWARD,,8,4,8,,2,"['3a25b0d8:o1:d24:aug16:geom=rot180__color=id__order=canonical', '3a25b0d8:o1:d24:aug16:geom=flip_ud__color=p03_5980213764__order=canonical']",12482306048,18505269248,6022963200,0.3254728758216228,6453985280,8,2072,2227,2304,2304
531,511,FORWARD,,8,4,8,,2,"['3a25b0d8:o1:d24:aug16:geom=rot180__color=id__order=canonical', '3a25b0d8:o1:d24:aug16:geom=flip_ud__color=p03_5980213764__order=canonical']",12482306560,18505269248,6022962688,0.32547284815382765,6453985280,8,2072,2227,2304,2304
532,512,FORWARD,,8,4,8,,2,"['3a25b0d8:o1:d24:aug16:geom=rot180__color=id__order=canonical', '3a25b0d8:o1:d24:aug16:geom=flip_ud__color=p03_5980213764__order=canonical']",12482307072,18505269248,6022962176,0.32547282048603243,6453985280,8,2072,2227,2304,2304
533,513,FORWARD,,8,4,8,,2,"['3a25b0d8:o1:d24:aug16:geom=rot180__color=id__order=canonical', '3a25b0d8:o1:d24:aug16:geom=flip_ud__color=p03_5980213764__order=canonical']",12482307584,18505269248,6022961664,0.3254727928182372,6453985280,8,2072,2227,2304,2304
534,514,FORWARD,,8,4,8,,2,"['3a25b0d8:o1:d24:aug16:geom=rot180__color=id__order=canonical', '3a25b0d8:o1:d24:aug16:geom=flip_ud__color=p03_5980213764__order=canonical']",12482308096,18505269248,6022961152,0.325472765150442,6453985280,8,2072,2227,2304,2304
535,515,FORWARD,,8,4,8,,2,"['3a25b0d8:o1:d24:aug16:geom=rot180__color=id__order=canonical', '3a25b0d8:o1:d24:aug16:geom=flip_ud__color=p03_5980213764__order=canonical']",12482308608,18505269248,6022960640,0.32547273748264677,6453985280,8,2072,2227,2304,2304
536,516,FORWARD,,8,4,8,,2,"['3a25b0d8:o1:d24:aug16:geom=rot180__color=id__order=canonical', '3a25b0d8:o1:d24:aug16:geom=flip_ud__color=p03_5980213764__order=canonical']",12482309120,18505269248,6022960128,0.32547270981485155,6453985280,8,2072,2227,2304,2304
537,517,FORWARD,,8,4,8,,2,"['3a25b0d8:o1:d24:aug16:geom=rot180__color=id__order=canonical', '3a25b0d8:o1:d24:aug16:geom=flip_ud__color=p03_5980213764__order=canonical']",12482309632,18505269248,6022959616,0.3254726821470563,6453985280,8,2072,2227,2304,2304
538,518,FORWARD,,8,4,8,,2,"['3a25b0d8:o1:d24:aug16:geom=rot180__color=id__order=canonical', '3a25b0d8:o1:d24:aug16:geom=flip_ud__color=p03_5980213764__order=canonical']",12482310144,18505269248,6022959104,0.3254726544792611,6453985280,8,2072,2227,2304,2304
539,519,FORWARD,,8,4,8,,2,"['3a25b0d8:o1:d24:aug16:geom=rot180__color=id__order=canonical', '3a25b0d8:o1:d24:aug16:geom=flip_ud__color=p03_5980213764__order=canonical']",12482310656,18505269248,6022958592,0.3254726268114659,6453985280,8,2072,2227,2304,2304
540,520,FORWARD,,8,4,8,,2,"['3a25b0d8:o1:d24:aug16:geom=rot180__color=id__order=canonical', '3a25b0d8:o1:d24:aug16:geom=flip_ud__color=p03_5980213764__order=canonical']",12482311168,18505269248,6022958080,0.32547259914367066,6453985280,8,2072,2227,2304,2304
541,521,FORWARD,,8,4,8,,2,"['3a25b0d8:o1:d24:aug16:geom=rot180__color=id__order=canonical', '3a25b0d8:o1:d24:aug16:geom=flip_ud__color=p03_5980213764__order=canonical']",12482311680,18505269248,6022957568,0.32547257147587544,6453985280,8,2072,2227,2304,2304
542,522,FORWARD,,8,4,8,,2,"['3a25b0d8:o1:d24:aug16:geom=rot180__color=id__order=canonical', '3a25b0d8:o1:d24:aug16:geom=flip_ud__color=p03_5980213764__order=canonical']",12482312192,18505269248,6022957056,0.3254725438080802,6453985280,8,2072,2227,2304,2304
543,523,FORWARD,,8,4,8,,2,"['3a25b0d8:o1:d24:aug16:geom=rot180__color=id__order=canonical', '3a25b0d8:o1:d24:aug16:geom=flip_ud__color=p03_5980213764__order=canonical']",12482312704,18505269248,6022956544,0.325472516140285,6453985280,8,2072,2227,2304,2304
544,524,FORWARD,,8,4,8,,2,"['3a25b0d8:o1:d24:aug16:geom=rot180__color=id__order=canonical', '3a25b0d8:o1:d24:aug16:geom=flip_ud__color=p03_5980213764__order=canonical']",12482313216,18505269248,6022956032,0.3254724884724898,6453985280,8,2072,2227,2304,2304
545,525,FORWARD,,8,4,8,,2,"['3a25b0d8:o1:d24:aug16:geom=rot180__color=id__order=canonical', '3a25b0d8:o1:d24:aug16:geom=flip_ud__color=p03_5980213764__order=canonical']",12482313728,18505269248,6022955520,0.3254724608046946,6453985280,8,2072,2227,2304,2304
546,526,FORWARD,,8,4,8,,2,"['3a25b0d8:o1:d24:aug16:geom=rot180__color=id__order=canonical', '3a25b0d8:o1:d24:aug16:geom=flip_ud__color=p03_5980213764__order=canonical']",12482314240,18505269248,6022955008,0.3254724331368994,6453985280,8,2072,2227,2304,2304
547,527,FORWARD,,8,4,8,,2,"['3a25b0d8:o1:d24:aug16:geom=rot180__color=id__order=canonical', '3a25b0d8:o1:d24:aug16:geom=flip_ud__color=p03_5980213764__order=canonical']",12482314752,18505269248,6022954496,0.32547240546910416,6453985280,8,2072,2227,2304,2304
548,528,FORWARD,,8,4,8,,2,"['3a25b0d8:o1:d24:aug16:geom=rot180__color=id__order=canonical', '3a25b0d8:o1:d24:aug16:geom=flip_ud__color=p03_5980213764__order=canonical']",12482315264,18505269248,6022953984,0.32547237780130894,6453985280,8,2072,2227,2304,2304
549,529,FORWARD,,8,4,8,,2,"['3a25b0d8:o1:d24:aug16:geom=rot180__color=id__order=canonical', '3a25b0d8:o1:d24:aug16:geom=flip_ud__color=p03_5980213764__order=canonical']",12482315776,18505269248,6022953472,0.3254723501335137,6453985280,8,2072,2227,2304,2304
550,530,FORWARD,,8,4,8,,2,"['3a25b0d8:o1:d24:aug16:geom=rot180__color=id__order=canonical', '3a25b0d8:o1:d24:aug16:geom=flip_ud__color=p03_5980213764__order=canonical']",12482316288,18505269248,6022952960,0.3254723224657185,6453985280,8,2072,2227,2304,2304
551,531,FORWARD,,8,4,8,,2,"['3a25b0d8:o1:d24:aug16:geom=rot180__color=id__order=canonical', '3a25b0d8:o1:d24:aug16:geom=flip_ud__color=p03_5980213764__order=canonical']",12482316800,18505269248,6022952448,0.3254722947979233,6453985280,8,2072,2227,2304,2304
552,532,FORWARD,,8,4,8,,2,"['3a25b0d8:o1:d24:aug16:geom=rot180__color=id__order=canonical', '3a25b0d8:o1:d24:aug16:geom=flip_ud__color=p03_5980213764__order=canonical']",12482317312,18505269248,6022951936,0.32547226713012806,6453985280,8,2072,2227,2304,2304
553,533,FORWARD,,8,4,8,,2,"['3a25b0d8:o1:d24:aug16:geom=rot180__color=id__order=canonical', '3a25b0d8:o1:d24:aug16:geom=flip_ud__color=p03_5980213764__order=canonical']",12482317824,18505269248,6022951424,0.32547223946233284,6453985280,8,2072,2227,2304,2304
554,534,FORWARD,,8,4,8,,2,"['3a25b0d8:o1:d24:aug16:geom=rot180__color=id__order=canonical', '3a25b0d8:o1:d24:aug16:geom=flip_ud__color=p03_5980213764__order=canonical']",12482318336,18505269248,6022950912,0.3254722117945376,6453985280,8,2072,2227,2304,2304
555,535,FORWARD,,8,4,8,,3,"['3a25b0d8:o1:d24:aug16:geom=rot180__color=id__order=canonical', '3a25b0d8:o1:d24:aug16:geom=flip_lr__color=id__order=canonical', '3a25b0d8:o1:d24:aug16:geom=flip_ud__color=p03_5980213764__order=canonical']",12482318848,18505269248,6022950400,0.3254721841267424,6453985280,8,2072,2227,2304,2304
556,536,FORWARD,,8,4,8,,3,"['3a25b0d8:o1:d24:aug16:geom=rot180__color=id__order=canonical', '3a25b0d8:o1:d24:aug16:geom=flip_lr__color=id__order=canonical', '3a25b0d8:o1:d24:aug16:geom=flip_ud__color=p03_5980213764__order=canonical']",12482319360,18505269248,6022949888,0.32547215645894717,6453985280,8,2072,2228,2304,2304
557,537,FORWARD,,8,4,8,,3,"['3a25b0d8:o1:d24:aug16:geom=rot180__color=id__order=canonical', '3a25b0d8:o1:d24:aug16:geom=flip_lr__color=id__order=canonical', '3a25b0d8:o1:d24:aug16:geom=flip_ud__color=p03_5980213764__order=canonical']",12482319872,18505269248,6022949376,0.32547212879115195,6453985280,8,2072,2229,2304,2304
558,538,FORWARD,,8,4,8,,3,"['3a25b0d8:o1:d24:aug16:geom=rot180__color=id__order=canonical', '3a25b0d8:o1:d24:aug16:geom=flip_lr__color=id__order=canonical', '3a25b0d8:o1:d24:aug16:geom=flip_ud__color=p03_5980213764__order=canonical']",12482320384,18505269248,6022948864,0.3254721011233567,6453985280,8,2072,2230,2304,2304
559,539,FORWARD,,8,4,8,,3,"['3a25b0d8:o1:d24:aug16:geom=rot180__color=id__order=canonical', '3a25b0d8:o1:d24:aug16:geom=flip_lr__color=id__order=canonical', '3a25b0d8:o1:d24:aug16:geom=flip_ud__color=p03_5980213764__order=canonical']",12482320896,18505269248,6022948352,0.32547207345556156,6453985280,8,2072,2231,2304,2304
560,540,FORWARD,,8,4,8,,3,"['3a25b0d8:o1:d24:aug16:geom=rot180__color=id__order=canonical', '3a25b0d8:o1:d24:aug16:geom=flip_lr__color=id__order=canonical', '3a25b0d8:o1:d24:aug16:geom=flip_ud__color=p03_5980213764__order=canonical']",12482321408,18505269248,6022947840,0.32547204578776634,6453985280,8,2072,2232,2304,2304
561,541,FORWARD,,8,4,8,,3,"['3a25b0d8:o1:d24:aug16:geom=rot180__color=id__order=canonical', '3a25b0d8:o1:d24:aug16:geom=flip_lr__color=id__order=canonical', '3a25b0d8:o1:d24:aug16:geom=flip_ud__color=p03_5980213764__order=canonical']",12482321920,18505269248,6022947328,0.3254720181199711,6453985280,8,2072,2233,2304,2304
562,542,FORWARD,,8,4,8,,3,"['3a25b0d8:o1:d24:aug16:geom=rot180__color=id__order=canonical', '3a25b0d8:o1:d24:aug16:geom=flip_lr__color=id__order=canonical', '3a25b0d8:o1:d24:aug16:geom=flip_ud__color=p03_5980213764__order=canonical']",12482322432,18505269248,6022946816,0.3254719904521759,6453985280,8,2072,2234,2304,2304
563,543,FORWARD,,8,4,8,,3,"['3a25b0d8:o1:d24:aug16:geom=rot180__color=id__order=canonical', '3a25b0d8:o1:d24:aug16:geom=flip_lr__color=id__order=canonical', '3a25b0d8:o1:d24:aug16:geom=flip_ud__color=p03_5980213764__order=canonical']",12482322944,18505269248,6022946304,0.3254719627843807,6453985280,8,2072,2235,2304,2304
564,544,FORWARD,,8,4,8,,3,"['3a25b0d8:o1:d24:aug16:geom=rot180__color=id__order=canonical', '3a25b0d8:o1:d24:aug16:geom=flip_lr__color=id__order=canonical', '3a25b0d8:o1:d24:aug16:geom=flip_ud__color=p03_5980213764__order=canonical']",12482323456,18505269248,6022945792,0.32547193511658545,6453985280,8,2072,2236,2304,2304
565,545,FORWARD,,8,4,8,,3,"['3a25b0d8:o1:d24:aug16:geom=rot180__color=id__order=canonical', '3a25b0d8:o1:d24:aug16:geom=flip_lr__color=id__order=canonical', '3a25b0d8:o1:d24:aug16:geom=flip_ud__color=p03_5980213764__order=canonical']",12482323968,18505269248,6022945280,0.32547190744879023,6453985280,8,2072,2237,2304,2304
566,546,FORWARD,,8,4,8,,3,"['3a25b0d8:o1:d24:aug16:geom=rot180__color=id__order=canonical', '3a25b0d8:o1:d24:aug16:geom=flip_lr__color=id__order=canonical', '3a25b0d8:o1:d24:aug16:geom=flip_ud__color=p03_5980213764__order=canonical']",12482324480,18505269248,6022944768,0.325471879780995,6453985280,8,2072,2238,2304,2304
567,547,FORWARD,,8,4,8,,3,"['3a25b0d8:o1:d24:aug16:geom=rot180__color=id__order=canonical', '3a25b0d8:o1:d24:aug16:geom=flip_lr__color=id__order=canonical', '3a25b0d8:o1:d24:aug16:geom=flip_ud__color=p03_5980213764__order=canonical']",12482324992,18505269248,6022944256,0.3254718521131998,6453985280,8,2072,2239,2304,2304
568,548,FORWARD,,8,4,8,,3,"['3a25b0d8:o1:d24:aug16:geom=rot180__color=id__order=canonical', '3a25b0d8:o1:d24:aug16:geom=flip_lr__color=id__order=canonical', '3a25b0d8:o1:d24:aug16:geom=flip_ud__color=p03_5980213764__order=canonical']",12482325504,18505269248,6022943744,0.32547182444540457,6453985280,8,2072,2240,2304,2304
569,549,FORWARD,,8,4,8,,3,"['3a25b0d8:o1:d24:aug16:geom=rot180__color=id__order=canonical', '3a25b0d8:o1:d24:aug16:geom=flip_lr__color=id__order=canonical', '3a25b0d8:o1:d24:aug16:geom=flip_ud__color=p03_5980213764__order=canonical']",12482326016,18505269248,6022943232,0.32547179677760935,6453985280,8,2072,2241,2304,2304
570,550,FORWARD,,8,4,8,,3,"['3a25b0d8:o1:d24:aug16:geom=rot180__color=id__order=canonical', '3a25b0d8:o1:d24:aug16:geom=flip_lr__color=id__order=canonical', '3a25b0d8:o1:d24:aug16:geom=flip_ud__color=p03_5980213764__order=canonical']",12482326528,18505269248,6022942720,0.3254717691098141,6453985280,8,2072,2242,2304,2304
571,551,FORWARD,,8,4,8,,3,"['3a25b0d8:o1:d24:aug16:geom=rot180__color=id__order=canonical', '3a25b0d8:o1:d24:aug16:geom=flip_lr__color=id__order=canonical', '3a25b0d8:o1:d24:aug16:geom=flip_ud__color=p03_5980213764__order=canonical']",12482327040,18505269248,6022942208,0.3254717414420189,6453985280,8,2072,2243,2304,2304
572,552,FORWARD,,8,4,8,,3,"['3a25b0d8:o1:d24:aug16:geom=rot180__color=id__order=canonical', '3a25b0d8:o1:d24:aug16:geom=flip_lr__color=id__order=canonical', '3a25b0d8:o1:d24:aug16:geom=flip_ud__color=p03_5980213764__order=canonical']",12482327552,18505269248,6022941696,0.3254717137742237,6453985280,8,2072,2244,2304,2304
573,553,FORWARD,,8,4,8,,2,"['3a25b0d8:o1:d24:aug16:geom=rot90__color=p02_4950812673__order=canonical', '3a25b0d8:o1:d24:aug16:geom=anti_transpose__color=p05_5436201789__order=canonical']",12482328064,18505269248,6022941184,0.3254716861064285,6453985280,8,2072,2239,2304,2304
574,554,FORWARD,,8,4,8,,2,"['3a25b0d8:o1:d24:aug16:geom=rot90__color=p02_4950812673__order=canonical', '3a25b0d8:o1:d24:aug16:geom=anti_transpose__color=p05_5436201789__order=canonical']",12482328576,18505269248,6022940672,0.3254716584386333,6453985280,8,2073,2239,2304,2304
575,555,FORWARD,,8,4,8,,2,"['3a25b0d8:o1:d24:aug16:geom=rot90__color=p02_4950812673__order=canonical', '3a25b0d8:o1:d24:aug16:geom=anti_transpose__color=p05_5436201789__order=canonical']",12482328576,18505269248,6022940672,0.3254716584386333,6453985280,8,2074,2239,2304,2304
576,556,FORWARD,,8,4,8,,2,"['3a25b0d8:o1:d24:aug16:geom=rot90__color=p02_4950812673__order=canonical', '3a25b0d8:o1:d24:aug16:geom=anti_transpose__color=p05_5436201789__order=canonical']",12482329088,18505269248,6022940160,0.32547163077083807,6453985280,8,2075,2239,2304,2304
577,557,FORWARD,,8,4,8,,2,"['3a25b0d8:o1:d24:aug16:geom=rot90__color=p02_4950812673__order=canonical', '3a25b0d8:o1:d24:aug16:geom=anti_transpose__color=p05_5436201789__order=canonical']",12482327552,18505269248,6022941696,0.3254717137742237,6453985280,8,2076,2239,2304,2304
578,558,FORWARD,,8,4,8,,2,"['3a25b0d8:o1:d24:aug16:geom=rot90__color=p02_4950812673__order=canonical', '3a25b0d8:o1:d24:aug16:geom=anti_transpose__color=p05_5436201789__order=canonical']",12482328064,18505269248,6022941184,0.3254716861064285,6453985280,8,2077,2239,2304,2304
579,559,FORWARD,,8,4,8,,2,"['3a25b0d8:o1:d24:aug16:geom=rot90__color=p02_4950812673__order=canonical', '3a25b0d8:o1:d24:aug16:geom=anti_transpose__color=p05_5436201789__order=canonical']",12482328576,18505269248,6022940672,0.3254716584386333,6453985280,8,2078,2239,2304,2304
580,560,FORWARD,,8,4,8,,2,"['3a25b0d8:o1:d24:aug16:geom=rot90__color=p02_4950812673__order=canonical', '3a25b0d8:o1:d24:aug16:geom=anti_transpose__color=p05_5436201789__order=canonical']",12482329088,18505269248,6022940160,0.32547163077083807,6453985280,8,2079,2239,2304,2304
581,561,FORWARD,,8,4,8,,2,"['3a25b0d8:o1:d24:aug16:geom=rot90__color=p02_4950812673__order=canonical', '3a25b0d8:o1:d24:aug16:geom=anti_transpose__color=p05_5436201789__order=canonical']",12482329600,18505269248,6022939648,0.32547160310304285,6453985280,8,2080,2239,2304,2304
582,562,FORWARD,,8,4,8,,2,"['3a25b0d8:o1:d24:aug16:geom=rot90__color=p02_4950812673__order=canonical', '3a25b0d8:o1:d24:aug16:geom=anti_transpose__color=p05_5436201789__order=canonical']",12482330112,18505269248,6022939136,0.32547157543524763,6453985280,8,2081,2239,2304,2304
583,563,FORWARD,,8,4,8,,2,"['3a25b0d8:o1:d24:aug16:geom=rot90__color=p02_4950812673__order=canonical', '3a25b0d8:o1:d24:aug16:geom=anti_transpose__color=p05_5436201789__order=canonical']",12482330624,18505269248,6022938624,0.3254715477674524,6453985280,8,2082,2239,2304,2304
584,564,FORWARD,,8,4,8,,2,"['3a25b0d8:o1:d24:aug16:geom=rot90__color=p02_4950812673__order=canonical', '3a25b0d8:o1:d24:aug16:geom=anti_transpose__color=p05_5436201789__order=canonical']",12482331136,18505269248,6022938112,0.3254715200996572,6453985280,8,2083,2239,2304,2304
585,565,FORWARD,,8,4,8,,2,"['3a25b0d8:o1:d24:aug16:geom=rot90__color=p02_4950812673__order=canonical', '3a25b0d8:o1:d24:aug16:geom=anti_transpose__color=p05_5436201789__order=canonical']",12482331648,18505269248,6022937600,0.32547149243186196,6453985280,8,2084,2239,2304,2304
586,566,FORWARD,,8,4,8,,2,"['3a25b0d8:o1:d24:aug16:geom=rot90__color=p02_4950812673__order=canonical', '3a25b0d8:o1:d24:aug16:geom=anti_transpose__color=p05_5436201789__order=canonical']",12482332160,18505269248,6022937088,0.32547146476406674,6453985280,8,2085,2239,2304,2304
587,567,FORWARD,,8,4,8,,2,"['3a25b0d8:o1:d24:aug16:geom=rot90__color=p02_4950812673__order=canonical', '3a25b0d8:o1:d24:aug16:geom=anti_transpose__color=p05_5436201789__order=canonical']",12482332672,18505269248,6022936576,0.3254714370962715,6453985280,8,2086,2239,2304,2304
588,568,FORWARD,,8,4,8,,2,"['3a25b0d8:o1:d24:aug16:geom=rot90__color=p02_4950812673__order=canonical', '3a25b0d8:o1:d24:aug16:geom=anti_transpose__color=p05_5436201789__order=canonical']",12482333184,18505269248,6022936064,0.3254714094284763,6453985280,8,2087,2239,2304,2304
589,569,FORWARD,,8,4,8,,2,"['3a25b0d8:o1:d24:aug16:geom=rot90__color=p02_4950812673__order=canonical', '3a25b0d8:o1:d24:aug16:geom=anti_transpose__color=p05_5436201789__order=canonical']",12482333696,18505269248,6022935552,0.3254713817606811,6453985280,8,2088,2239,2304,2304
590,570,FORWARD,,8,4,8,,2,"['3a25b0d8:o1:d24:aug16:geom=rot90__color=p02_4950812673__order=canonical', '3a25b0d8:o1:d24:aug16:geom=anti_transpose__color=p05_5436201789__order=canonical']",12482334208,18505269248,6022935040,0.32547135409288586,6453985280,8,2089,2239,2304,2304
591,571,FORWARD,,8,4,8,,2,"['3a25b0d8:o1:d24:aug16:geom=rot90__color=p02_4950812673__order=canonical', '3a25b0d8:o1:d24:aug16:geom=anti_transpose__color=p05_5436201789__order=canonical']",12482334720,18505269248,6022934528,0.32547132642509063,6453985280,8,2090,2239,2304,2304
592,572,FORWARD,,8,4,8,,2,"['3a25b0d8:o1:d24:aug16:geom=rot90__color=p02_4950812673__order=canonical', '3a25b0d8:o1:d24:aug16:geom=anti_transpose__color=p05_5436201789__order=canonical']",12482335232,18505269248,6022934016,0.32547129875729547,6453985280,8,2091,2239,2304,2304
593,573,FORWARD,,8,4,8,,2,"['3a25b0d8:o1:d24:aug16:geom=rot90__color=p02_4950812673__order=canonical', '3a25b0d8:o1:d24:aug16:geom=anti_transpose__color=p05_5436201789__order=canonical']",12482335744,18505269248,6022933504,0.32547127108950025,6453985280,8,2092,2239,2304,2304
594,574,FORWARD,,8,4,8,,2,"['3a25b0d8:o1:d24:aug16:geom=rot90__color=p02_4950812673__order=canonical', '3a25b0d8:o1:d24:aug16:geom=anti_transpose__color=p05_5436201789__order=canonical']",12482336256,18505269248,6022932992,0.325471243421705,6453985280,8,2093,2239,2304,2304
595,575,FORWARD,,8,4,8,,2,"['3a25b0d8:o1:d24:aug16:geom=rot90__color=p02_4950812673__order=canonical', '3a25b0d8:o1:d24:aug16:geom=anti_transpose__color=p05_5436201789__order=canonical']",12482336768,18505269248,6022932480,0.3254712157539098,6453985280,8,2094,2239,2304,2304
596,576,FORWARD,,8,4,8,,2,"['3a25b0d8:o1:d24:aug16:geom=rot90__color=p02_4950812673__order=canonical', '3a25b0d8:o1:d24:aug16:geom=anti_transpose__color=p05_5436201789__order=canonical']",12482337280,18505269248,6022931968,0.3254711880861146,6453985280,8,2095,2239,2304,2304
597,577,FORWARD,,8,4,8,,2,"['3a25b0d8:o1:d24:aug16:geom=rot90__color=p02_4950812673__order=canonical', '3a25b0d8:o1:d24:aug16:geom=anti_transpose__color=p05_5436201789__order=canonical']",12482337792,18505269248,6022931456,0.32547116041831936,6453985280,8,2096,2239,2304,2304
598,578,FORWARD,,8,4,8,,2,"['3a25b0d8:o1:d24:aug16:geom=rot90__color=p02_4950812673__order=canonical', '3a25b0d8:o1:d24:aug16:geom=anti_transpose__color=p05_5436201789__order=canonical']",12482338304,18505269248,6022930944,0.32547113275052414,6453985280,8,2097,2239,2304,2304
599,579,FORWARD,,8,4,8,,2,"['3a25b0d8:o1:d24:aug16:geom=rot90__color=p02_4950812673__order=canonical', '3a25b0d8:o1:d24:aug16:geom=anti_transpose__color=p05_5436201789__order=canonical']",12482338816,18505269248,6022930432,0.3254711050827289,6453985280,8,2098,2239,2304,2304
600,580,FORWARD,,8,4,8,,2,"['3a25b0d8:o1:d24:aug16:geom=rot90__color=p02_4950812673__order=canonical', '3a25b0d8:o1:d24:aug16:geom=anti_transpose__color=p05_5436201789__order=canonical']",12482339328,18505269248,6022929920,0.3254710774149337,6453985280,8,2099,2239,2304,2304
601,581,FORWARD,,8,4,8,,2,"['3a25b0d8:o1:d24:aug16:geom=rot90__color=p02_4950812673__order=canonical', '3a25b0d8:o1:d24:aug16:geom=anti_transpose__color=p05_5436201789__order=canonical']",12482339840,18505269248,6022929408,0.3254710497471385,6453985280,8,2100,2239,2304,2304
602,582,FORWARD,,8,4,8,,2,"['3a25b0d8:o1:d24:aug16:geom=rot90__color=p02_4950812673__order=canonical', '3a25b0d8:o1:d24:aug16:geom=anti_transpose__color=p05_5436201789__order=canonical']",12482340352,18505269248,6022928896,0.32547102207934325,6453985280,8,2101,2239,2304,2304
603,583,FORWARD,,8,4,8,,2,"['3a25b0d8:o1:d24:aug16:geom=rot90__color=p02_4950812673__order=canonical', '3a25b0d8:o1:d24:aug16:geom=anti_transpose__color=p05_5436201789__order=canonical']",12482340864,18505269248,6022928384,0.32547099441154803,6453985280,8,2102,2239,2304,2304
604,584,FORWARD,,8,4,8,,2,"['3a25b0d8:o1:d24:aug16:geom=rot90__color=p02_4950812673__order=canonical', '3a25b0d8:o1:d24:aug16:geom=anti_transpose__color=p05_5436201789__order=canonical']",12482341376,18505269248,6022927872,0.3254709667437528,6453985280,8,2103,2239,2304,2304
605,585,FORWARD,,8,4,8,,2,"['3a25b0d8:o1:d24:aug16:geom=rot90__color=p02_4950812673__order=canonical', '3a25b0d8:o1:d24:aug16:geom=anti_transpose__color=p05_5436201789__order=canonical']",12482341888,18505269248,6022927360,0.3254709390759576,6453985280,8,2104,2239,2304,2304
606,586,FORWARD,,8,4,8,,2,"['3a25b0d8:o1:d24:aug16:geom=rot90__color=p02_4950812673__order=canonical', '3a25b0d8:o1:d24:aug16:geom=anti_transpose__color=p05_5436201789__order=canonical']",12482342400,18505269248,6022926848,0.3254709114081624,6453985280,8,2105,2239,2304,2304
607,587,FORWARD,,8,4,8,,2,"['3a25b0d8:o1:d24:aug16:geom=rot90__color=p02_4950812673__order=canonical', '3a25b0d8:o1:d24:aug16:geom=anti_transpose__color=p05_5436201789__order=canonical']",12482342912,18505269248,6022926336,0.3254708837403672,6453985280,8,2106,2239,2304,2304
608,588,FORWARD,,8,4,8,,2,"['3a25b0d8:o1:d24:aug16:geom=rot90__color=p02_4950812673__order=canonical', '3a25b0d8:o1:d24:aug16:geom=anti_transpose__color=p05_5436201789__order=canonical']",12482343424,18505269248,6022925824,0.325470856072572,6453985280,8,2107,2239,2304,2304
609,589,FORWARD,,8,4,8,,2,"['3a25b0d8:o1:d24:aug16:geom=rot90__color=p02_4950812673__order=canonical', '3a25b0d8:o1:d24:aug16:geom=anti_transpose__color=p05_5436201789__order=canonical']",12482343936,18505269248,6022925312,0.32547082840477676,6453985280,8,2108,2239,2304,2304
610,590,FORWARD,,8,4,8,,2,"['3a25b0d8:o1:d24:aug16:geom=rot90__color=p02_4950812673__order=canonical', '3a25b0d8:o1:d24:aug16:geom=anti_transpose__color=p05_5436201789__order=canonical']",12482344448,18505269248,6022924800,0.32547080073698154,6453985280,8,2109,2239,2304,2304
611,591,FORWARD,,8,4,8,,2,"['3a25b0d8:o1:d24:aug16:geom=rot90__color=p02_4950812673__order=canonical', '3a25b0d8:o1:d24:aug16:geom=anti_transpose__color=p05_5436201789__order=canonical']",12482344960,18505269248,6022924288,0.3254707730691863,6453985280,8,2110,2239,2304,2304
612,592,FORWARD,,8,4,8,,2,"['3a25b0d8:o1:d24:aug16:geom=rot90__color=p02_4950812673__order=canonical', '3a25b0d8:o1:d24:aug16:geom=anti_transpose__color=p05_5436201789__order=canonical']",12482345472,18505269248,6022923776,0.3254707454013911,6453985280,8,2111,2239,2304,2304
613,593,FORWARD,,8,4,8,,2,"['3a25b0d8:o1:d24:aug16:geom=rot90__color=p02_4950812673__order=canonical', '3a25b0d8:o1:d24:aug16:geom=anti_transpose__color=p05_5436201789__order=canonical']",12482345984,18505269248,6022923264,0.32547071773359587,6453985280,8,2112,2239,2304,2304
614,594,FORWARD,,8,4,8,,2,"['3a25b0d8:o1:d24:aug16:geom=rot90__color=p02_4950812673__order=canonical', '3a25b0d8:o1:d24:aug16:geom=anti_transpose__color=p05_5436201789__order=canonical']",12482346496,18505269248,6022922752,0.32547069006580065,6453985280,8,2113,2239,2304,2304
615,595,FORWARD,,8,4,8,,2,"['3a25b0d8:o1:d24:aug16:geom=rot90__color=p02_4950812673__order=canonical', '3a25b0d8:o1:d24:aug16:geom=anti_transpose__color=p05_5436201789__order=canonical']",12482347008,18505269248,6022922240,0.32547066239800543,6453985280,8,2114,2239,2304,2304
616,596,FORWARD,,8,4,8,,2,"['3a25b0d8:o1:d24:aug16:geom=rot90__color=p02_4950812673__order=canonical', '3a25b0d8:o1:d24:aug16:geom=anti_transpose__color=p05_5436201789__order=canonical']",12482347520,18505269248,6022921728,0.3254706347302102,6453985280,8,2115,2239,2304,2304
617,597,FORWARD,,8,4,8,,2,"['3a25b0d8:o1:d24:aug16:geom=rot90__color=p02_4950812673__order=canonical', '3a25b0d8:o1:d24:aug16:geom=anti_transpose__color=p05_5436201789__order=canonical']",12482348032,18505269248,6022921216,0.325470607062415,6453985280,8,2116,2239,2304,2304
618,598,FORWARD,,8,4,8,,2,"['3a25b0d8:o1:d24:aug16:geom=rot90__color=p02_4950812673__order=canonical', '3a25b0d8:o1:d24:aug16:geom=anti_transpose__color=p05_5436201789__order=canonical']",12482348544,18505269248,6022920704,0.32547057939461976,6453985280,8,2117,2239,2304,2304
619,599,FORWARD,,8,4,8,,2,"['3a25b0d8:o1:d24:aug16:geom=rot90__color=p02_4950812673__order=canonical', '3a25b0d8:o1:d24:aug16:geom=anti_transpose__color=p05_5436201789__order=canonical']",12482349056,18505269248,6022920192,0.32547055172682454,6453985280,8,2118,2239,2304,2304
620,600,FORWARD,,8,4,8,,2,"['3a25b0d8:o1:d24:aug16:geom=rot90__color=p02_4950812673__order=canonical', '3a25b0d8:o1:d24:aug16:geom=anti_transpose__color=p05_5436201789__order=canonical']",12482349568,18505269248,6022919680,0.3254705240590294,6453985280,8,2119,2239,2304,2304
621,601,FORWARD,,8,4,8,,2,"['3a25b0d8:o1:d24:aug16:geom=rot90__color=p02_4950812673__order=canonical', '3a25b0d8:o1:d24:aug16:geom=anti_transpose__color=p05_5436201789__order=canonical']",12482350080,18505269248,6022919168,0.32547049639123415,6453985280,8,2120,2239,2304,2304
622,602,FORWARD,,8,4,8,,2,"['3a25b0d8:o1:d24:aug16:geom=rot90__color=p02_4950812673__order=canonical', '3a25b0d8:o1:d24:aug16:geom=anti_transpose__color=p05_5436201789__order=canonical']",12482350592,18505269248,6022918656,0.32547046872343893,6453985280,8,2121,2239,2304,2304
623,603,FORWARD,,8,4,8,,2,"['3a25b0d8:o1:d24:aug16:geom=rot90__color=p02_4950812673__order=canonical', '3a25b0d8:o1:d24:aug16:geom=anti_transpose__color=p05_5436201789__order=canonical']",12482351104,18505269248,6022918144,0.3254704410556437,6453985280,8,2122,2239,2304,2304
624,604,FORWARD,,8,4,8,,2,"['3a25b0d8:o1:d24:aug16:geom=rot90__color=p02_4950812673__order=canonical', '3a25b0d8:o1:d24:aug16:geom=anti_transpose__color=p05_5436201789__order=canonical']",12482351616,18505269248,6022917632,0.3254704133878485,6453985280,8,2123,2239,2304,2304
625,605,FORWARD,,8,4,8,,2,"['3a25b0d8:o1:d24:aug16:geom=rot90__color=p02_4950812673__order=canonical', '3a25b0d8:o1:d24:aug16:geom=anti_transpose__color=p05_5436201789__order=canonical']",12482352128,18505269248,6022917120,0.32547038572005327,6453985280,8,2124,2239,2304,2304
626,606,FORWARD,,8,4,8,,2,"['3a25b0d8:o1:d24:aug16:geom=rot90__color=p02_4950812673__order=canonical', '3a25b0d8:o1:d24:aug16:geom=anti_transpose__color=p05_5436201789__order=canonical']",12482352640,18505269248,6022916608,0.32547035805225805,6453985280,8,2125,2239,2304,2304
627,607,FORWARD,,8,4,8,,2,"['3a25b0d8:o1:d24:aug16:geom=rot90__color=p02_4950812673__order=canonical', '3a25b0d8:o1:d24:aug16:geom=anti_transpose__color=p05_5436201789__order=canonical']",12482353152,18505269248,6022916096,0.3254703303844628,6453985280,8,2126,2239,2304,2304
628,608,FORWARD,,8,4,8,,2,"['3a25b0d8:o1:d24:aug16:geom=rot90__color=p02_4950812673__order=canonical', '3a25b0d8:o1:d24:aug16:geom=anti_transpose__color=p05_5436201789__order=canonical']",12482353664,18505269248,6022915584,0.3254703027166676,6453985280,8,2127,2239,2304,2304
629,609,FORWARD,,8,4,8,,2,"['3a25b0d8:o1:d24:aug16:geom=rot90__color=p02_4950812673__order=canonical', '3a25b0d8:o1:d24:aug16:geom=anti_transpose__color=p05_5436201789__order=canonical']",12482354176,18505269248,6022915072,0.3254702750488724,6453985280,8,2128,2239,2304,2304
630,610,FORWARD,,8,4,8,,3,"['3a25b0d8:o1:d24:aug16:geom=transpose__color=id__order=canonical', '3a25b0d8:o1:d24:aug16:geom=rot90__color=p02_4950812673__order=canonical', '3a25b0d8:o1:d24:aug16:geom=anti_transpose__color=p05_5436201789__order=canonical']",12482354688,18505269248,6022914560,0.32547024738107716,6453985280,8,2129,2239,2304,2304
631,611,FORWARD,,8,4,8,,3,"['3a25b0d8:o1:d24:aug16:geom=transpose__color=id__order=canonical', '3a25b0d8:o1:d24:aug16:geom=rot90__color=p02_4950812673__order=canonical', '3a25b0d8:o1:d24:aug16:geom=anti_transpose__color=p05_5436201789__order=canonical']",12482355200,18505269248,6022914048,0.32547021971328194,6453985280,8,2130,2239,2304,2304
632,612,FORWARD,,8,4,8,,3,"['3a25b0d8:o1:d24:aug16:geom=transpose__color=id__order=canonical', '3a25b0d8:o1:d24:aug16:geom=rot90__color=p02_4950812673__order=canonical', '3a25b0d8:o1:d24:aug16:geom=anti_transpose__color=p05_5436201789__order=canonical']",12482355712,18505269248,6022913536,0.3254701920454867,6453985280,8,2131,2239,2304,2304
633,613,FORWARD,,8,4,8,,3,"['3a25b0d8:o1:d24:aug16:geom=transpose__color=id__order=canonical', '3a25b0d8:o1:d24:aug16:geom=rot90__color=p02_4950812673__order=canonical', '3a25b0d8:o1:d24:aug16:geom=anti_transpose__color=p05_5436201789__order=canonical']",12482356224,18505269248,6022913024,0.3254701643776915,6453985280,8,2132,2239,2304,2304
634,614,FORWARD,,8,4,8,,3,"['3a25b0d8:o1:d24:aug16:geom=transpose__color=id__order=canonical', '3a25b0d8:o1:d24:aug16:geom=rot90__color=p02_4950812673__order=canonical', '3a25b0d8:o1:d24:aug16:geom=anti_transpose__color=p05_5436201789__order=canonical']",12482356736,18505269248,6022912512,0.32547013670989633,6453985280,8,2133,2239,2304,2304
635,615,FORWARD,,8,4,8,,3,"['3a25b0d8:o1:d24:aug16:geom=transpose__color=id__order=canonical', '3a25b0d8:o1:d24:aug16:geom=rot90__color=p02_4950812673__order=canonical', '3a25b0d8:o1:d24:aug16:geom=anti_transpose__color=p05_5436201789__order=canonical']",12482357248,18505269248,6022912000,0.3254701090421011,6453985280,8,2134,2239,2304,2304
636,616,FORWARD,,8,4,8,,3,"['3a25b0d8:o1:d24:aug16:geom=transpose__color=id__order=canonical', '3a25b0d8:o1:d24:aug16:geom=rot90__color=p02_4950812673__order=canonical', '3a25b0d8:o1:d24:aug16:geom=anti_transpose__color=p05_5436201789__order=canonical']",12482357760,18505269248,6022911488,0.3254700813743059,6453985280,8,2135,2239,2304,2304
637,617,FORWARD,,8,4,8,,3,"['3a25b0d8:o1:d24:aug16:geom=transpose__color=id__order=canonical', '3a25b0d8:o1:d24:aug16:geom=rot90__color=p02_4950812673__order=canonical', '3a25b0d8:o1:d24:aug16:geom=anti_transpose__color=p05_5436201789__order=canonical']",12482358272,18505269248,6022910976,0.32547005370651066,6453985280,8,2136,2239,2304,2304
638,618,FORWARD,,8,4,8,,3,"['3a25b0d8:o1:d24:aug16:geom=transpose__color=id__order=canonical', '3a25b0d8:o1:d24:aug16:geom=rot90__color=p02_4950812673__order=canonical', '3a25b0d8:o1:d24:aug16:geom=anti_transpose__color=p05_5436201789__order=canonical']",12482358784,18505269248,6022910464,0.32547002603871544,6453985280,8,2137,2239,2304,2304
639,619,FORWARD,,8,4,8,,3,"['3a25b0d8:o1:d24:aug16:geom=transpose__color=id__order=canonical', '3a25b0d8:o1:d24:aug16:geom=rot90__color=p02_4950812673__order=canonical', '3a25b0d8:o1:d24:aug16:geom=anti_transpose__color=p05_5436201789__order=canonical']",12482359296,18505269248,6022909952,0.3254699983709202,6453985280,8,2138,2239,2304,2304
640,620,FORWARD,,8,4,8,,3,"['3a25b0d8:o1:d24:aug16:geom=transpose__color=id__order=canonical', '3a25b0d8:o1:d24:aug16:geom=rot90__color=p02_4950812673__order=canonical', '3a25b0d8:o1:d24:aug16:geom=anti_transpose__color=p05_5436201789__order=canonical']",12482359808,18505269248,6022909440,0.325469970703125,6453985280,8,2139,2239,2304,2304
641,621,FORWARD,,8,4,8,,3,"['3a25b0d8:o1:d24:aug16:geom=transpose__color=id__order=canonical', '3a25b0d8:o1:d24:aug16:geom=rot90__color=p02_4950812673__order=canonical', '3a25b0d8:o1:d24:aug16:geom=anti_transpose__color=p05_5436201789__order=canonical']",12482360320,18505269248,6022908928,0.3254699430353298,6453985280,8,2140,2239,2304,2304
642,622,FORWARD,,8,4,8,,3,"['3a25b0d8:o1:d24:aug16:geom=transpose__color=id__order=canonical', '3a25b0d8:o1:d24:aug16:geom=rot90__color=p02_4950812673__order=canonical', '3a25b0d8:o1:d24:aug16:geom=anti_transpose__color=p05_5436201789__order=canonical']",12482360832,18505269248,6022908416,0.32546991536753456,6453985280,8,2141,2239,2304,2304
643,623,FORWARD,,8,4,8,,3,"['3a25b0d8:o1:d24:aug16:geom=transpose__color=id__order=canonical', '3a25b0d8:o1:d24:aug16:geom=rot90__color=p02_4950812673__order=canonical', '3a25b0d8:o1:d24:aug16:geom=anti_transpose__color=p05_5436201789__order=canonical']",12482361344,18505269248,6022907904,0.32546988769973934,6453985280,8,2142,2239,2304,2304
644,624,FORWARD,,8,4,8,,3,"['3a25b0d8:o1:d24:aug16:geom=transpose__color=id__order=canonical', '3a25b0d8:o1:d24:aug16:geom=rot90__color=p02_4950812673__order=canonical', '3a25b0d8:o1:d24:aug16:geom=anti_transpose__color=p05_5436201789__order=canonical']",12482361856,18505269248,6022907392,0.3254698600319441,6453985280,8,2143,2239,2304,2304
645,625,FORWARD,,8,4,8,,3,"['3a25b0d8:o1:d24:aug16:geom=transpose__color=id__order=canonical', '3a25b0d8:o1:d24:aug16:geom=rot90__color=p02_4950812673__order=canonical', '3a25b0d8:o1:d24:aug16:geom=anti_transpose__color=p05_5436201789__order=canonical']",12482362368,18505269248,6022906880,0.3254698323641489,6453985280,8,2144,2239,2304,2304
646,626,FORWARD,,8,4,8,,3,"['3a25b0d8:o1:d24:aug16:geom=transpose__color=id__order=canonical', '3a25b0d8:o1:d24:aug16:geom=rot90__color=p02_4950812673__order=canonical', '3a25b0d8:o1:d24:aug16:geom=anti_transpose__color=p05_5436201789__order=canonical']",12482362880,18505269248,6022906368,0.32546980469635367,6453985280,8,2145,2239,2304,2304
647,627,FORWARD,,8,4,8,,3,"['3a25b0d8:o1:d24:aug16:geom=transpose__color=id__order=canonical', '3a25b0d8:o1:d24:aug16:geom=rot90__color=p02_4950812673__order=canonical', '3a25b0d8:o1:d24:aug16:geom=anti_transpose__color=p05_5436201789__order=canonical']",12482363392,18505269248,6022905856,0.3254697770285585,6453985280,8,2146,2239,2304,2304
648,628,FORWARD,,8,4,8,,3,"['3a25b0d8:o1:d24:aug16:geom=transpose__color=id__order=canonical', '3a25b0d8:o1:d24:aug16:geom=rot90__color=p02_4950812673__order=canonical', '3a25b0d8:o1:d24:aug16:geom=anti_transpose__color=p05_5436201789__order=canonical']",12482363904,18505269248,6022905344,0.3254697493607633,6453985280,8,2147,2239,2304,2304
649,629,FORWARD,,8,4,8,,3,"['3a25b0d8:o1:d24:aug16:geom=transpose__color=id__order=canonical', '3a25b0d8:o1:d24:aug16:geom=rot90__color=p02_4950812673__order=canonical', '3a25b0d8:o1:d24:aug16:geom=anti_transpose__color=p05_5436201789__order=canonical']",12482364416,18505269248,6022904832,0.32546972169296806,6453985280,8,2148,2239,2304,2304
650,630,FORWARD,,8,4,8,,3,"['3a25b0d8:o1:d24:aug16:geom=transpose__color=id__order=canonical', '3a25b0d8:o1:d24:aug16:geom=rot90__color=p02_4950812673__order=canonical', '3a25b0d8:o1:d24:aug16:geom=anti_transpose__color=p05_5436201789__order=canonical']",12482364928,18505269248,6022904320,0.32546969402517284,6453985280,8,2149,2239,2304,2304
651,631,FORWARD,,8,4,8,,3,"['3a25b0d8:o1:d24:aug16:geom=transpose__color=id__order=canonical', '3a25b0d8:o1:d24:aug16:geom=rot90__color=p02_4950812673__order=canonical', '3a25b0d8:o1:d24:aug16:geom=anti_transpose__color=p05_5436201789__order=canonical']",12482365440,18505269248,6022903808,0.3254696663573776,6453985280,8,2150,2239,2304,2304
652,632,FORWARD,,8,4,8,,3,"['3a25b0d8:o1:d24:aug16:geom=transpose__color=id__order=canonical', '3a25b0d8:o1:d24:aug16:geom=rot90__color=p02_4950812673__order=canonical', '3a25b0d8:o1:d24:aug16:geom=anti_transpose__color=p05_5436201789__order=canonical']",12482365952,18505269248,6022903296,0.3254696386895824,6453985280,8,2151,2239,2304,2304
653,633,FORWARD,,8,4,8,,3,"['3a25b0d8:o1:d24:aug16:geom=transpose__color=id__order=canonical', '3a25b0d8:o1:d24:aug16:geom=rot90__color=p02_4950812673__order=canonical', '3a25b0d8:o1:d24:aug16:geom=anti_transpose__color=p05_5436201789__order=canonical']",12482366464,18505269248,6022902784,0.3254696110217872,6453985280,8,2152,2239,2304,2304
654,634,FORWARD,,8,4,8,,3,"['3a25b0d8:o1:d24:aug16:geom=transpose__color=id__order=canonical', '3a25b0d8:o1:d24:aug16:geom=rot90__color=p02_4950812673__order=canonical', '3a25b0d8:o1:d24:aug16:geom=anti_transpose__color=p05_5436201789__order=canonical']",12482366976,18505269248,6022902272,0.32546958335399195,6453985280,8,2153,2239,2304,2304
655,635,FORWARD,,8,4,8,,3,"['3a25b0d8:o1:d24:aug16:geom=transpose__color=id__order=canonical', '3a25b0d8:o1:d24:aug16:geom=rot90__color=p02_4950812673__order=canonical', '3a25b0d8:o1:d24:aug16:geom=anti_transpose__color=p05_5436201789__order=canonical']",12482367488,18505269248,6022901760,0.32546955568619673,6453985280,8,2154,2239,2304,2304
656,636,FORWARD,,8,4,8,,3,"['3a25b0d8:o1:d24:aug16:geom=transpose__color=id__order=canonical', '3a25b0d8:o1:d24:aug16:geom=rot90__color=p02_4950812673__order=canonical', '3a25b0d8:o1:d24:aug16:geom=anti_transpose__color=p05_5436201789__order=canonical']",12482368000,18505269248,6022901248,0.3254695280184015,6453985280,8,2155,2239,2304,2304
657,637,FORWARD,,8,4,8,,3,"['3a25b0d8:o1:d24:aug16:geom=transpose__color=id__order=canonical', '3a25b0d8:o1:d24:aug16:geom=rot90__color=p02_4950812673__order=canonical', '3a25b0d8:o1:d24:aug16:geom=anti_transpose__color=p05_5436201789__order=canonical']",12482368512,18505269248,6022900736,0.3254695003506063,6453985280,8,2156,2239,2304,2304
658,638,FORWARD,,8,4,8,,3,"['3a25b0d8:o1:d24:aug16:geom=transpose__color=id__order=canonical', '3a25b0d8:o1:d24:aug16:geom=rot90__color=p02_4950812673__order=canonical', '3a25b0d8:o1:d24:aug16:geom=anti_transpose__color=p05_5436201789__order=canonical']",12482369024,18505269248,6022900224,0.32546947268281107,6453985280,8,2157,2239,2304,2304
659,639,FORWARD,,8,4,8,,3,"['3a25b0d8:o1:d24:aug16:geom=transpose__color=id__order=canonical', '3a25b0d8:o1:d24:aug16:geom=rot90__color=p02_4950812673__order=canonical', '3a25b0d8:o1:d24:aug16:geom=anti_transpose__color=p05_5436201789__order=canonical']",12482369536,18505269248,6022899712,0.32546944501501585,6453985280,8,2158,2239,2304,2304
660,640,FORWARD,,8,4,8,,4,"['3a25b0d8:o1:d24:aug16:geom=transpose__color=id__order=canonical', '3a25b0d8:o1:d24:aug16:geom=rot90__color=id__order=canonical', '3a25b0d8:o1:d24:aug16:geom=rot90__color=p02_4950812673__order=canonical', '3a25b0d8:o1:d24:aug16:geom=anti_transpose__color=p05_5436201789__order=canonical']",12482370048,18505269248,6022899200,0.3254694173472206,6453985280,8,2159,2239,2304,2304
661,641,FORWARD,,8,4,8,,4,"['3a25b0d8:o1:d24:aug16:geom=transpose__color=id__order=canonical', '3a25b0d8:o1:d24:aug16:geom=rot90__color=id__order=canonical', '3a25b0d8:o1:d24:aug16:geom=rot90__color=p02_4950812673__order=canonical', '3a25b0d8:o1:d24:aug16:geom=anti_transpose__color=p05_5436201789__order=canonical']",12482370560,18505269248,6022898688,0.32546938967942546,6453985280,8,2160,2239,2304,2304
662,642,FORWARD,,8,4,8,,4,"['3a25b0d8:o1:d24:aug16:geom=transpose__color=id__order=canonical', '3a25b0d8:o1:d24:aug16:geom=rot90__color=id__order=canonical', '3a25b0d8:o1:d24:aug16:geom=rot90__color=p02_4950812673__order=canonical', '3a25b0d8:o1:d24:aug16:geom=anti_transpose__color=p05_5436201789__order=canonical']",12482371072,18505269248,6022898176,0.32546936201163024,6453985280,8,2161,2239,2304,2304
663,643,FORWARD,,8,4,8,,4,"['3a25b0d8:o1:d24:aug16:geom=transpose__color=id__order=canonical', '3a25b0d8:o1:d24:aug16:geom=rot90__color=id__order=canonical', '3a25b0d8:o1:d24:aug16:geom=rot90__color=p02_4950812673__order=canonical', '3a25b0d8:o1:d24:aug16:geom=anti_transpose__color=p05_5436201789__order=canonical']",12482371584,18505269248,6022897664,0.325469334343835,6453985280,8,2162,2239,2304,2304
664,644,FORWARD,,8,4,8,,4,"['3a25b0d8:o1:d24:aug16:geom=transpose__color=id__order=canonical', '3a25b0d8:o1:d24:aug16:geom=rot90__color=id__order=canonical', '3a25b0d8:o1:d24:aug16:geom=rot90__color=p02_4950812673__order=canonical', '3a25b0d8:o1:d24:aug16:geom=anti_transpose__color=p05_5436201789__order=canonical']",12482372096,18505269248,6022897152,0.3254693066760398,6453985280,8,2163,2239,2304,2304
665,645,FORWARD,,8,4,8,,4,"['3a25b0d8:o1:d24:aug16:geom=transpose__color=id__order=canonical', '3a25b0d8:o1:d24:aug16:geom=rot90__color=id__order=canonical', '3a25b0d8:o1:d24:aug16:geom=rot90__color=p02_4950812673__order=canonical', '3a25b0d8:o1:d24:aug16:geom=anti_transpose__color=p05_5436201789__order=canonical']",12482372608,18505269248,6022896640,0.32546927900824457,6453985280,8,2164,2239,2304,2304
666,645,TERMINATE,3a25b0d8:o1:d24:aug16:geom=rot90__color=id__order=canonical,8,4,8,budget_exhausted,4,"['3a25b0d8:o1:d24:aug16:geom=transpose__color=id__order=canonical', '3a25b0d8:o1:d24:aug16:geom=rot90__color=id__order=canonical', '3a25b0d8:o1:d24:aug16:geom=rot90__color=p02_4950812673__order=canonical', '3a25b0d8:o1:d24:aug16:geom=anti_transpose__color=p05_5436201789__order=canonical']",12482372608,18505269248,6022896640,0.32546927900824457,6453985280,8,2072,2239,2304,2304
667,645,RELEASE,3a25b0d8:o1:d24:aug16:geom=rot90__color=id__order=canonical,7,4,8,budget_exhausted,4,"['3a25b0d8:o1:d24:aug16:geom=transpose__color=id__order=canonical', '3a25b0d8:o1:d24:aug16:geom=rot90__color=id__order=canonical', '3a25b0d8:o1:d24:aug16:geom=rot90__color=p02_4950812673__order=canonical', '3a25b0d8:o1:d24:aug16:geom=anti_transpose__color=p05_5436201789__order=canonical']",12482372608,18505269248,6022896640,0.32546927900824457,6453985280,7,2165,2239,2304,2304
668,645,ADMIT,3a25b0d8:o1:d24:aug16:geom=identity__color=id__order=reverse,8,3,8,,,[],12822574592,18505269248,5682694656,0.3070852188013514,6453985280,8,2078,2239,2304,2304
669,646,FORWARD,,8,3,8,,3,"['3a25b0d8:o1:d24:aug16:geom=transpose__color=id__order=canonical', '3a25b0d8:o1:d24:aug16:geom=rot90__color=p02_4950812673__order=canonical', '3a25b0d8:o1:d24:aug16:geom=anti_transpose__color=p05_5436201789__order=canonical']",12822574592,18505269248,5682694656,0.3070852188013514,6453985280,8,2078,2239,2304,2304
670,647,FORWARD,,8,3,8,,3,"['3a25b0d8:o1:d24:aug16:geom=transpose__color=id__order=canonical', '3a25b0d8:o1:d24:aug16:geom=rot90__color=p02_4950812673__order=canonical', '3a25b0d8:o1:d24:aug16:geom=anti_transpose__color=p05_5436201789__order=canonical']",12822575104,18505269248,5682694144,0.3070851911335562,6453985280,8,2078,2239,2304,2304
671,648,FORWARD,,8,3,8,,4,"['3a25b0d8:o1:d24:aug16:geom=transpose__color=id__order=canonical', '3a25b0d8:o1:d24:aug16:geom=rot180__color=id__order=canonical', '3a25b0d8:o1:d24:aug16:geom=rot90__color=p02_4950812673__order=canonical', '3a25b0d8:o1:d24:aug16:geom=anti_transpose__color=p05_5436201789__order=canonical']",12822575616,18505269248,5682693632,0.307085163465761,6453985280,8,2078,2239,2304,2304
672,649,FORWARD,,8,3,8,,4,"['3a25b0d8:o1:d24:aug16:geom=transpose__color=id__order=canonical', '3a25b0d8:o1:d24:aug16:geom=rot180__color=id__order=canonical', '3a25b0d8:o1:d24:aug16:geom=rot90__color=p02_4950812673__order=canonical', '3a25b0d8:o1:d24:aug16:geom=anti_transpose__color=p05_5436201789__order=canonical']",12822576128,18505269248,5682693120,0.30708513579796576,6453985280,8,2078,2239,2304,2304
673,650,FORWARD,,8,3,8,,4,"['3a25b0d8:o1:d24:aug16:geom=transpose__color=id__order=canonical', '3a25b0d8:o1:d24:aug16:geom=rot180__color=id__order=canonical', '3a25b0d8:o1:d24:aug16:geom=rot90__color=p02_4950812673__order=canonical', '3a25b0d8:o1:d24:aug16:geom=anti_transpose__color=p05_5436201789__order=canonical']",12822576640,18505269248,5682692608,0.30708510813017054,6453985280,8,2078,2239,2304,2304
674,651,FORWARD,,8,3,8,,4,"['3a25b0d8:o1:d24:aug16:geom=transpose__color=id__order=canonical', '3a25b0d8:o1:d24:aug16:geom=rot180__color=id__order=canonical', '3a25b0d8:o1:d24:aug16:geom=rot90__color=p02_4950812673__order=canonical', '3a25b0d8:o1:d24:aug16:geom=anti_transpose__color=p05_5436201789__order=canonical']",12822577152,18505269248,5682692096,0.3070850804623753,6453985280,8,2078,2239,2304,2304
675,652,FORWARD,,8,3,8,,4,"['3a25b0d8:o1:d24:aug16:geom=transpose__color=id__order=canonical', '3a25b0d8:o1:d24:aug16:geom=rot180__color=id__order=canonical', '3a25b0d8:o1:d24:aug16:geom=rot90__color=p02_4950812673__order=canonical', '3a25b0d8:o1:d24:aug16:geom=anti_transpose__color=p05_5436201789__order=canonical']",12822577664,18505269248,5682691584,0.30708505279458015,6453985280,8,2078,2239,2304,2304
676,653,FORWARD,,8,3,8,,4,"['3a25b0d8:o1:d24:aug16:geom=transpose__color=id__order=canonical', '3a25b0d8:o1:d24:aug16:geom=rot180__color=id__order=canonical', '3a25b0d8:o1:d24:aug16:geom=rot90__color=p02_4950812673__order=canonical', '3a25b0d8:o1:d24:aug16:geom=anti_transpose__color=p05_5436201789__order=canonical']",12822578176,18505269248,5682691072,0.3070850251267849,6453985280,8,2078,2239,2304,2304
677,654,FORWARD,,8,3,8,,4,"['3a25b0d8:o1:d24:aug16:geom=transpose__color=id__order=canonical', '3a25b0d8:o1:d24:aug16:geom=rot180__color=id__order=canonical', '3a25b0d8:o1:d24:aug16:geom=rot90__color=p02_4950812673__order=canonical', '3a25b0d8:o1:d24:aug16:geom=anti_transpose__color=p05_5436201789__order=canonical']",12822578688,18505269248,5682690560,0.3070849974589897,6453985280,8,2078,2239,2304,2304
678,655,FORWARD,,8,3,8,,4,"['3a25b0d8:o1:d24:aug16:geom=transpose__color=id__order=canonical', '3a25b0d8:o1:d24:aug16:geom=rot180__color=id__order=canonical', '3a25b0d8:o1:d24:aug16:geom=rot90__color=p02_4950812673__order=canonical', '3a25b0d8:o1:d24:aug16:geom=anti_transpose__color=p05_5436201789__order=canonical']",12822579200,18505269248,5682690048,0.3070849697911945,6453985280,8,2078,2239,2304,2304
679,656,FORWARD,,8,3,8,,4,"['3a25b0d8:o1:d24:aug16:geom=transpose__color=id__order=canonical', '3a25b0d8:o1:d24:aug16:geom=rot180__color=id__order=canonical', '3a25b0d8:o1:d24:aug16:geom=rot90__color=p02_4950812673__order=canonical', '3a25b0d8:o1:d24:aug16:geom=anti_transpose__color=p05_5436201789__order=canonical']",12822579712,18505269248,5682689536,0.30708494212339926,6453985280,8,2078,2239,2304,2304
680,657,FORWARD,,8,3,8,,5,"['3a25b0d8:o1:d24:aug16:geom=transpose__color=id__order=canonical', '3a25b0d8:o1:d24:aug16:geom=rot180__color=id__order=canonical', '3a25b0d8:o1:d24:aug16:geom=identity__color=p00_4150723698__order=canonical', '3a25b0d8:o1:d24:aug16:geom=rot90__color=p02_4950812673__order=canonical', '3a25b0d8:o1:d24:aug16:geom=anti_transpose__color=p05_5436201789__order=canonical']",12822580224,18505269248,5682689024,0.30708491445560404,6453985280,8,2078,2239,2304,2304
681,658,FORWARD,,8,3,8,,5,"['3a25b0d8:o1:d24:aug16:geom=transpose__color=id__order=canonical', '3a25b0d8:o1:d24:aug16:geom=rot180__color=id__order=canonical', '3a25b0d8:o1:d24:aug16:geom=identity__color=p00_4150723698__order=canonical', '3a25b0d8:o1:d24:aug16:geom=rot90__color=p02_4950812673__order=canonical', '3a25b0d8:o1:d24:aug16:geom=anti_transpose__color=p05_5436201789__order=canonical']",12822580736,18505269248,5682688512,0.3070848867878088,6453985280,8,2078,2239,2304,2304
682,659,FORWARD,,8,3,8,,5,"['3a25b0d8:o1:d24:aug16:geom=transpose__color=id__order=canonical', '3a25b0d8:o1:d24:aug16:geom=rot180__color=id__order=canonical', '3a25b0d8:o1:d24:aug16:geom=identity__color=p00_4150723698__order=canonical', '3a25b0d8:o1:d24:aug16:geom=rot90__color=p02_4950812673__order=canonical', '3a25b0d8:o1:d24:aug16:geom=anti_transpose__color=p05_5436201789__order=canonical']",12822581248,18505269248,5682688000,0.3070848591200136,6453985280,8,2078,2239,2304,2304
683,660,FORWARD,,8,3,8,,5,"['3a25b0d8:o1:d24:aug16:geom=transpose__color=id__order=canonical', '3a25b0d8:o1:d24:aug16:geom=rot180__color=id__order=canonical', '3a25b0d8:o1:d24:aug16:geom=identity__color=p00_4150723698__order=canonical', '3a25b0d8:o1:d24:aug16:geom=rot90__color=p02_4950812673__order=canonical', '3a25b0d8:o1:d24:aug16:geom=anti_transpose__color=p05_5436201789__order=canonical']",12822581760,18505269248,5682687488,0.3070848314522184,6453985280,8,2078,2239,2304,2304
684,660,TERMINATE,3a25b0d8:o1:d24:aug16:geom=transpose__color=id__order=canonical,8,3,8,budget_exhausted,5,"['3a25b0d8:o1:d24:aug16:geom=transpose__color=id__order=canonical', '3a25b0d8:o1:d24:aug16:geom=rot180__color=id__order=canonical', '3a25b0d8:o1:d24:aug16:geom=identity__color=p00_4150723698__order=canonical', '3a25b0d8:o1:d24:aug16:geom=rot90__color=p02_4950812673__order=canonical', '3a25b0d8:o1:d24:aug16:geom=anti_transpose__color=p05_5436201789__order=canonical']",12822581760,18505269248,5682687488,0.3070848314522184,6453985280,8,2072,2239,2304,2304
685,660,RELEASE,3a25b0d8:o1:d24:aug16:geom=transpose__color=id__order=canonical,7,3,8,budget_exhausted,5,"['3a25b0d8:o1:d24:aug16:geom=transpose__color=id__order=canonical', '3a25b0d8:o1:d24:aug16:geom=rot180__color=id__order=canonical', '3a25b0d8:o1:d24:aug16:geom=identity__color=p00_4150723698__order=canonical', '3a25b0d8:o1:d24:aug16:geom=rot90__color=p02_4950812673__order=canonical', '3a25b0d8:o1:d24:aug16:geom=anti_transpose__color=p05_5436201789__order=canonical']",12822581760,18505269248,5682687488,0.3070848314522184,6453985280,7,2078,2239,2304,2304
686,660,ADMIT,3a25b0d8:o1:d24:aug16:geom=rot180__color=id__order=rotate_left_1,8,2,8,,,[],13162783744,18505269248,5342485504,0.2887007712453252,6453985280,8,2078,2239,2304,2304
687,661,FORWARD,,8,2,8,,4,"['3a25b0d8:o1:d24:aug16:geom=rot180__color=id__order=canonical', '3a25b0d8:o1:d24:aug16:geom=identity__color=p00_4150723698__order=canonical', '3a25b0d8:o1:d24:aug16:geom=rot90__color=p02_4950812673__order=canonical', '3a25b0d8:o1:d24:aug16:geom=anti_transpose__color=p05_5436201789__order=canonical']",13162783744,18505269248,5342485504,0.2887007712453252,6453985280,8,2078,2239,2304,2304
688,662,FORWARD,,8,2,8,,4,"['3a25b0d8:o1:d24:aug16:geom=rot180__color=id__order=canonical', '3a25b0d8:o1:d24:aug16:geom=identity__color=p00_4150723698__order=canonical', '3a25b0d8:o1:d24:aug16:geom=rot90__color=p02_4950812673__order=canonical', '3a25b0d8:o1:d24:aug16:geom=anti_transpose__color=p05_5436201789__order=canonical']",13162784256,18505269248,5342484992,0.28870074357753,6453985280,8,2078,2239,2304,2304
689,662,TERMINATE,3a25b0d8:o1:d24:aug16:geom=rot180__color=id__order=canonical,8,2,8,budget_exhausted,4,"['3a25b0d8:o1:d24:aug16:geom=rot180__color=id__order=canonical', '3a25b0d8:o1:d24:aug16:geom=identity__color=p00_4150723698__order=canonical', '3a25b0d8:o1:d24:aug16:geom=rot90__color=p02_4950812673__order=canonical', '3a25b0d8:o1:d24:aug16:geom=anti_transpose__color=p05_5436201789__order=canonical']",13162784256,18505269248,5342484992,0.28870074357753,6453985280,8,2078,2239,2304,2304
690,662,RELEASE,3a25b0d8:o1:d24:aug16:geom=rot180__color=id__order=canonical,7,2,8,budget_exhausted,4,"['3a25b0d8:o1:d24:aug16:geom=rot180__color=id__order=canonical', '3a25b0d8:o1:d24:aug16:geom=identity__color=p00_4150723698__order=canonical', '3a25b0d8:o1:d24:aug16:geom=rot90__color=p02_4950812673__order=canonical', '3a25b0d8:o1:d24:aug16:geom=anti_transpose__color=p05_5436201789__order=canonical']",13162784256,18505269248,5342484992,0.28870074357753,6453985280,7,2078,2239,2304,2304
691,662,ADMIT,3a25b0d8:o1:d24:aug16:geom=transpose__color=p01_1602397845__order=reverse,8,1,8,,,[],13502523392,18505269248,5002745856,0.2703416950575136,6453985280,8,2072,2239,2304,2304
692,663,FORWARD,,8,1,8,,3,"['3a25b0d8:o1:d24:aug16:geom=identity__color=p00_4150723698__order=canonical', '3a25b0d8:o1:d24:aug16:geom=rot90__color=p02_4950812673__order=canonical', '3a25b0d8:o1:d24:aug16:geom=anti_transpose__color=p05_5436201789__order=canonical']",13502523392,18505269248,5002745856,0.2703416950575136,6453985280,8,2072,2239,2304,2304
693,664,FORWARD,,8,1,8,,3,"['3a25b0d8:o1:d24:aug16:geom=identity__color=p00_4150723698__order=canonical', '3a25b0d8:o1:d24:aug16:geom=rot90__color=p02_4950812673__order=canonical', '3a25b0d8:o1:d24:aug16:geom=anti_transpose__color=p05_5436201789__order=canonical']",13502523904,18505269248,5002745344,0.2703416673897184,6453985280,8,2072,2239,2304,2304
694,665,FORWARD,,8,1,8,,3,"['3a25b0d8:o1:d24:aug16:geom=identity__color=p00_4150723698__order=canonical', '3a25b0d8:o1:d24:aug16:geom=rot90__color=p02_4950812673__order=canonical', '3a25b0d8:o1:d24:aug16:geom=anti_transpose__color=p05_5436201789__order=canonical']",13502524416,18505269248,5002744832,0.27034163972192315,6453985280,8,2072,2239,2304,2304
695,666,FORWARD,,8,1,8,,3,"['3a25b0d8:o1:d24:aug16:geom=identity__color=p00_4150723698__order=canonical', '3a25b0d8:o1:d24:aug16:geom=rot90__color=p02_4950812673__order=canonical', '3a25b0d8:o1:d24:aug16:geom=anti_transpose__color=p05_5436201789__order=canonical']",13502524928,18505269248,5002744320,0.27034161205412793,6453985280,8,2072,2239,2304,2304
696,667,FORWARD,,8,1,8,,3,"['3a25b0d8:o1:d24:aug16:geom=identity__color=p00_4150723698__order=canonical', '3a25b0d8:o1:d24:aug16:geom=rot90__color=p02_4950812673__order=canonical', '3a25b0d8:o1:d24:aug16:geom=anti_transpose__color=p05_5436201789__order=canonical']",13502525440,18505269248,5002743808,0.2703415843863327,6453985280,8,2072,2239,2304,2304
697,668,FORWARD,,8,1,8,,4,"['3a25b0d8:o1:d24:aug16:geom=identity__color=p00_4150723698__order=canonical', '3a25b0d8:o1:d24:aug16:geom=rot90__color=p02_4950812673__order=canonical', '3a25b0d8:o1:d24:aug16:geom=flip_ud__color=p03_5980213764__order=canonical', '3a25b0d8:o1:d24:aug16:geom=anti_transpose__color=p05_5436201789__order=canonical']",13502525952,18505269248,5002743296,0.2703415567185375,6453985280,8,2072,2239,2304,2304
698,669,FORWARD,,8,1,8,,4,"['3a25b0d8:o1:d24:aug16:geom=identity__color=p00_4150723698__order=canonical', '3a25b0d8:o1:d24:aug16:geom=rot90__color=p02_4950812673__order=canonical', '3a25b0d8:o1:d24:aug16:geom=flip_ud__color=p03_5980213764__order=canonical', '3a25b0d8:o1:d24:aug16:geom=anti_transpose__color=p05_5436201789__order=canonical']",13502526464,18505269248,5002742784,0.27034152905074227,6453985280,8,2072,2239,2304,2304
699,670,FORWARD,,8,1,8,,4,"['3a25b0d8:o1:d24:aug16:geom=identity__color=p00_4150723698__order=canonical', '3a25b0d8:o1:d24:aug16:geom=rot90__color=p02_4950812673__order=canonical', '3a25b0d8:o1:d24:aug16:geom=flip_ud__color=p03_5980213764__order=canonical', '3a25b0d8:o1:d24:aug16:geom=anti_transpose__color=p05_5436201789__order=canonical']",13502526976,18505269248,5002742272,0.2703415013829471,6453985280,8,2072,2239,2304,2304
700,671,FORWARD,,8,1,8,,4,"['3a25b0d8:o1:d24:aug16:geom=identity__color=p00_4150723698__order=canonical', '3a25b0d8:o1:d24:aug16:geom=rot90__color=p02_4950812673__order=canonical', '3a25b0d8:o1:d24:aug16:geom=flip_ud__color=p03_5980213764__order=canonical', '3a25b0d8:o1:d24:aug16:geom=anti_transpose__color=p05_5436201789__order=canonical']",13502527488,18505269248,5002741760,0.2703414737151519,6453985280,8,2072,2239,2304,2304
701,672,FORWARD,,8,1,8,,4,"['3a25b0d8:o1:d24:aug16:geom=identity__color=p00_4150723698__order=canonical', '3a25b0d8:o1:d24:aug16:geom=rot90__color=p02_4950812673__order=canonical', '3a25b0d8:o1:d24:aug16:geom=flip_ud__color=p03_5980213764__order=canonical', '3a25b0d8:o1:d24:aug16:geom=anti_transpose__color=p05_5436201789__order=canonical']",13502528000,18505269248,5002741248,0.27034144604735666,6453985280,8,2072,2239,2304,2304
702,673,FORWARD,,8,1,8,,4,"['3a25b0d8:o1:d24:aug16:geom=identity__color=p00_4150723698__order=canonical', '3a25b0d8:o1:d24:aug16:geom=rot90__color=p02_4950812673__order=canonical', '3a25b0d8:o1:d24:aug16:geom=flip_ud__color=p03_5980213764__order=canonical', '3a25b0d8:o1:d24:aug16:geom=anti_transpose__color=p05_5436201789__order=canonical']",13502528512,18505269248,5002740736,0.27034141837956144,6453985280,8,2072,2239,2304,2304
703,674,FORWARD,,8,1,8,,4,"['3a25b0d8:o1:d24:aug16:geom=identity__color=p00_4150723698__order=canonical', '3a25b0d8:o1:d24:aug16:geom=rot90__color=p02_4950812673__order=canonical', '3a25b0d8:o1:d24:aug16:geom=flip_ud__color=p03_5980213764__order=canonical', '3a25b0d8:o1:d24:aug16:geom=anti_transpose__color=p05_5436201789__order=canonical']",13502529024,18505269248,5002740224,0.2703413907117662,6453985280,8,2072,2239,2304,2304
704,675,FORWARD,,8,1,8,,4,"['3a25b0d8:o1:d24:aug16:geom=identity__color=p00_4150723698__order=canonical', '3a25b0d8:o1:d24:aug16:geom=rot90__color=p02_4950812673__order=canonical', '3a25b0d8:o1:d24:aug16:geom=flip_ud__color=p03_5980213764__order=canonical', '3a25b0d8:o1:d24:aug16:geom=anti_transpose__color=p05_5436201789__order=canonical']",13502529536,18505269248,5002739712,0.270341363043971,6453985280,8,2072,2239,2304,2304
705,676,FORWARD,,8,1,8,,4,"['3a25b0d8:o1:d24:aug16:geom=identity__color=p00_4150723698__order=canonical', '3a25b0d8:o1:d24:aug16:geom=rot90__color=p02_4950812673__order=canonical', '3a25b0d8:o1:d24:aug16:geom=flip_ud__color=p03_5980213764__order=canonical', '3a25b0d8:o1:d24:aug16:geom=anti_transpose__color=p05_5436201789__order=canonical']",13502530048,18505269248,5002739200,0.2703413353761758,6453985280,8,2072,2239,2304,2304
706,677,FORWARD,,8,1,8,,4,"['3a25b0d8:o1:d24:aug16:geom=identity__color=p00_4150723698__order=canonical', '3a25b0d8:o1:d24:aug16:geom=rot90__color=p02_4950812673__order=canonical', '3a25b0d8:o1:d24:aug16:geom=flip_ud__color=p03_5980213764__order=canonical', '3a25b0d8:o1:d24:aug16:geom=anti_transpose__color=p05_5436201789__order=canonical']",13502530560,18505269248,5002738688,0.27034130770838055,6453985280,8,2072,2239,2304,2304
707,678,FORWARD,,8,1,8,,4,"['3a25b0d8:o1:d24:aug16:geom=identity__color=p00_4150723698__order=canonical', '3a25b0d8:o1:d24:aug16:geom=rot90__color=p02_4950812673__order=canonical', '3a25b0d8:o1:d24:aug16:geom=flip_ud__color=p03_5980213764__order=canonical', '3a25b0d8:o1:d24:aug16:geom=anti_transpose__color=p05_5436201789__order=canonical']",13502531072,18505269248,5002738176,0.27034128004058533,6453985280,8,2072,2239,2304,2304
708,679,FORWARD,,8,1,8,,4,"['3a25b0d8:o1:d24:aug16:geom=identity__color=p00_4150723698__order=canonical', '3a25b0d8:o1:d24:aug16:geom=rot90__color=p02_4950812673__order=canonical', '3a25b0d8:o1:d24:aug16:geom=flip_ud__color=p03_5980213764__order=canonical', '3a25b0d8:o1:d24:aug16:geom=anti_transpose__color=p05_5436201789__order=canonical']",13502531584,18505269248,5002737664,0.2703412523727901,6453985280,8,2072,2239,2304,2304
709,680,FORWARD,,8,1,8,,4,"['3a25b0d8:o1:d24:aug16:geom=identity__color=p00_4150723698__order=canonical', '3a25b0d8:o1:d24:aug16:geom=rot90__color=p02_4950812673__order=canonical', '3a25b0d8:o1:d24:aug16:geom=flip_ud__color=p03_5980213764__order=canonical', '3a25b0d8:o1:d24:aug16:geom=anti_transpose__color=p05_5436201789__order=canonical']",13502532096,18505269248,5002737152,0.2703412247049949,6453985280,8,2072,2239,2304,2304
710,681,FORWARD,,8,1,8,,4,"['3a25b0d8:o1:d24:aug16:geom=identity__color=p00_4150723698__order=canonical', '3a25b0d8:o1:d24:aug16:geom=rot90__color=p02_4950812673__order=canonical', '3a25b0d8:o1:d24:aug16:geom=flip_ud__color=p03_5980213764__order=canonical', '3a25b0d8:o1:d24:aug16:geom=anti_transpose__color=p05_5436201789__order=canonical']",13502532608,18505269248,5002736640,0.27034119703719967,6453985280,8,2072,2239,2304,2304
711,682,FORWARD,,8,1,8,,4,"['3a25b0d8:o1:d24:aug16:geom=identity__color=p00_4150723698__order=canonical', '3a25b0d8:o1:d24:aug16:geom=rot90__color=p02_4950812673__order=canonical', '3a25b0d8:o1:d24:aug16:geom=flip_ud__color=p03_5980213764__order=canonical', '3a25b0d8:o1:d24:aug16:geom=anti_transpose__color=p05_5436201789__order=canonical']",13502533120,18505269248,5002736128,0.27034116936940444,6453985280,8,2072,2239,2304,2304
712,683,FORWARD,,8,1,8,,4,"['3a25b0d8:o1:d24:aug16:geom=identity__color=p00_4150723698__order=canonical', '3a25b0d8:o1:d24:aug16:geom=rot90__color=p02_4950812673__order=canonical', '3a25b0d8:o1:d24:aug16:geom=flip_ud__color=p03_5980213764__order=canonical', '3a25b0d8:o1:d24:aug16:geom=anti_transpose__color=p05_5436201789__order=canonical']",13502533632,18505269248,5002735616,0.2703411417016092,6453985280,8,2072,2239,2304,2304
713,684,FORWARD,,8,1,8,,4,"['3a25b0d8:o1:d24:aug16:geom=identity__color=p00_4150723698__order=canonical', '3a25b0d8:o1:d24:aug16:geom=rot90__color=p02_4950812673__order=canonical', '3a25b0d8:o1:d24:aug16:geom=flip_ud__color=p03_5980213764__order=canonical', '3a25b0d8:o1:d24:aug16:geom=anti_transpose__color=p05_5436201789__order=canonical']",13502534144,18505269248,5002735104,0.27034111403381406,6453985280,8,2072,2239,2304,2304
714,685,FORWARD,,8,1,8,,4,"['3a25b0d8:o1:d24:aug16:geom=identity__color=p00_4150723698__order=canonical', '3a25b0d8:o1:d24:aug16:geom=rot90__color=p02_4950812673__order=canonical', '3a25b0d8:o1:d24:aug16:geom=flip_ud__color=p03_5980213764__order=canonical', '3a25b0d8:o1:d24:aug16:geom=anti_transpose__color=p05_5436201789__order=canonical']",13502534656,18505269248,5002734592,0.27034108636601883,6453985280,8,2072,2239,2304,2304
715,686,FORWARD,,8,1,8,,4,"['3a25b0d8:o1:d24:aug16:geom=identity__color=p00_4150723698__order=canonical', '3a25b0d8:o1:d24:aug16:geom=rot90__color=p02_4950812673__order=canonical', '3a25b0d8:o1:d24:aug16:geom=flip_ud__color=p03_5980213764__order=canonical', '3a25b0d8:o1:d24:aug16:geom=anti_transpose__color=p05_5436201789__order=canonical']",13502535168,18505269248,5002734080,0.2703410586982236,6453985280,8,2072,2239,2304,2304
716,687,FORWARD,,8,1,8,,4,"['3a25b0d8:o1:d24:aug16:geom=identity__color=p00_4150723698__order=canonical', '3a25b0d8:o1:d24:aug16:geom=rot90__color=p02_4950812673__order=canonical', '3a25b0d8:o1:d24:aug16:geom=flip_ud__color=p03_5980213764__order=canonical', '3a25b0d8:o1:d24:aug16:geom=anti_transpose__color=p05_5436201789__order=canonical']",13502535680,18505269248,5002733568,0.2703410310304284,6453985280,8,2072,2239,2304,2304
717,688,FORWARD,,8,1,8,,4,"['3a25b0d8:o1:d24:aug16:geom=identity__color=p00_4150723698__order=canonical', '3a25b0d8:o1:d24:aug16:geom=rot90__color=p02_4950812673__order=canonical', '3a25b0d8:o1:d24:aug16:geom=flip_ud__color=p03_5980213764__order=canonical', '3a25b0d8:o1:d24:aug16:geom=anti_transpose__color=p05_5436201789__order=canonical']",13502536192,18505269248,5002733056,0.27034100336263317,6453985280,8,2072,2239,2304,2304
718,689,FORWARD,,8,1,8,,4,"['3a25b0d8:o1:d24:aug16:geom=identity__color=p00_4150723698__order=canonical', '3a25b0d8:o1:d24:aug16:geom=rot90__color=p02_4950812673__order=canonical', '3a25b0d8:o1:d24:aug16:geom=flip_ud__color=p03_5980213764__order=canonical', '3a25b0d8:o1:d24:aug16:geom=anti_transpose__color=p05_5436201789__order=canonical']",13502536704,18505269248,5002732544,0.27034097569483795,6453985280,8,2072,2239,2304,2304
719,690,FORWARD,,8,1,8,,4,"['3a25b0d8:o1:d24:aug16:geom=identity__color=p00_4150723698__order=canonical', '3a25b0d8:o1:d24:aug16:geom=rot90__color=p02_4950812673__order=canonical', '3a25b0d8:o1:d24:aug16:geom=flip_ud__color=p03_5980213764__order=canonical', '3a25b0d8:o1:d24:aug16:geom=anti_transpose__color=p05_5436201789__order=canonical']",13502537216,18505269248,5002732032,0.2703409480270427,6453985280,8,2072,2239,2304,2304
720,691,FORWARD,,8,1,8,,4,"['3a25b0d8:o1:d24:aug16:geom=identity__color=p00_4150723698__order=canonical', '3a25b0d8:o1:d24:aug16:geom=rot90__color=p02_4950812673__order=canonical', '3a25b0d8:o1:d24:aug16:geom=flip_ud__color=p03_5980213764__order=canonical', '3a25b0d8:o1:d24:aug16:geom=anti_transpose__color=p05_5436201789__order=canonical']",13502537728,18505269248,5002731520,0.2703409203592475,6453985280,8,2072,2239,2304,2304
721,692,FORWARD,,8,1,8,,4,"['3a25b0d8:o1:d24:aug16:geom=identity__color=p00_4150723698__order=canonical', '3a25b0d8:o1:d24:aug16:geom=rot90__color=p02_4950812673__order=canonical', '3a25b0d8:o1:d24:aug16:geom=flip_ud__color=p03_5980213764__order=canonical', '3a25b0d8:o1:d24:aug16:geom=anti_transpose__color=p05_5436201789__order=canonical']",13502538240,18505269248,5002731008,0.2703408926914523,6453985280,8,2072,2239,2304,2304
722,693,FORWARD,,8,1,8,,4,"['3a25b0d8:o1:d24:aug16:geom=identity__color=p00_4150723698__order=canonical', '3a25b0d8:o1:d24:aug16:geom=rot90__color=p02_4950812673__order=canonical', '3a25b0d8:o1:d24:aug16:geom=flip_ud__color=p03_5980213764__order=canonical', '3a25b0d8:o1:d24:aug16:geom=anti_transpose__color=p05_5436201789__order=canonical']",13502538752,18505269248,5002730496,0.27034086502365706,6453985280,8,2072,2239,2304,2304
723,694,FORWARD,,8,1,8,,4,"['3a25b0d8:o1:d24:aug16:geom=identity__color=p00_4150723698__order=canonical', '3a25b0d8:o1:d24:aug16:geom=rot90__color=p02_4950812673__order=canonical', '3a25b0d8:o1:d24:aug16:geom=flip_ud__color=p03_5980213764__order=canonical', '3a25b0d8:o1:d24:aug16:geom=anti_transpose__color=p05_5436201789__order=canonical']",13502539264,18505269248,5002729984,0.27034083735586184,6453985280,8,2072,2239,2304,2304
724,695,FORWARD,,8,1,8,,4,"['3a25b0d8:o1:d24:aug16:geom=identity__color=p00_4150723698__order=canonical', '3a25b0d8:o1:d24:aug16:geom=rot90__color=p02_4950812673__order=canonical', '3a25b0d8:o1:d24:aug16:geom=flip_ud__color=p03_5980213764__order=canonical', '3a25b0d8:o1:d24:aug16:geom=anti_transpose__color=p05_5436201789__order=canonical']",13502539776,18505269248,5002729472,0.2703408096880666,6453985280,8,2072,2239,2304,2304
725,696,FORWARD,,8,1,8,,4,"['3a25b0d8:o1:d24:aug16:geom=identity__color=p00_4150723698__order=canonical', '3a25b0d8:o1:d24:aug16:geom=rot90__color=p02_4950812673__order=canonical', '3a25b0d8:o1:d24:aug16:geom=flip_ud__color=p03_5980213764__order=canonical', '3a25b0d8:o1:d24:aug16:geom=anti_transpose__color=p05_5436201789__order=canonical']",13502540288,18505269248,5002728960,0.2703407820202714,6453985280,8,2072,2239,2304,2304
726,697,FORWARD,,8,1,8,,4,"['3a25b0d8:o1:d24:aug16:geom=identity__color=p00_4150723698__order=canonical', '3a25b0d8:o1:d24:aug16:geom=rot90__color=p02_4950812673__order=canonical', '3a25b0d8:o1:d24:aug16:geom=flip_ud__color=p03_5980213764__order=canonical', '3a25b0d8:o1:d24:aug16:geom=anti_transpose__color=p05_5436201789__order=canonical']",13502540800,18505269248,5002728448,0.2703407543524762,6453985280,8,2072,2239,2304,2304
727,698,FORWARD,,8,1,8,,4,"['3a25b0d8:o1:d24:aug16:geom=identity__color=p00_4150723698__order=canonical', '3a25b0d8:o1:d24:aug16:geom=rot90__color=p02_4950812673__order=canonical', '3a25b0d8:o1:d24:aug16:geom=flip_ud__color=p03_5980213764__order=canonical', '3a25b0d8:o1:d24:aug16:geom=anti_transpose__color=p05_5436201789__order=canonical']",13502541312,18505269248,5002727936,0.270340726684681,6453985280,8,2072,2239,2304,2304
728,699,FORWARD,,8,1,8,,4,"['3a25b0d8:o1:d24:aug16:geom=identity__color=p00_4150723698__order=canonical', '3a25b0d8:o1:d24:aug16:geom=rot90__color=p02_4950812673__order=canonical', '3a25b0d8:o1:d24:aug16:geom=flip_ud__color=p03_5980213764__order=canonical', '3a25b0d8:o1:d24:aug16:geom=anti_transpose__color=p05_5436201789__order=canonical']",13502541824,18505269248,5002727424,0.2703406990168858,6453985280,8,2072,2239,2304,2304
729,700,FORWARD,,8,1,8,,4,"['3a25b0d8:o1:d24:aug16:geom=identity__color=p00_4150723698__order=canonical', '3a25b0d8:o1:d24:aug16:geom=rot90__color=p02_4950812673__order=canonical', '3a25b0d8:o1:d24:aug16:geom=flip_ud__color=p03_5980213764__order=canonical', '3a25b0d8:o1:d24:aug16:geom=anti_transpose__color=p05_5436201789__order=canonical']",13502542336,18505269248,5002726912,0.27034067134909057,6453985280,8,2072,2239,2304,2304
730,701,FORWARD,,8,1,8,,4,"['3a25b0d8:o1:d24:aug16:geom=identity__color=p00_4150723698__order=canonical', '3a25b0d8:o1:d24:aug16:geom=rot90__color=p02_4950812673__order=canonical', '3a25b0d8:o1:d24:aug16:geom=flip_ud__color=p03_5980213764__order=canonical', '3a25b0d8:o1:d24:aug16:geom=anti_transpose__color=p05_5436201789__order=canonical']",13502542848,18505269248,5002726400,0.27034064368129535,6453985280,8,2072,2239,2304,2304
731,702,FORWARD,,8,1,8,,4,"['3a25b0d8:o1:d24:aug16:geom=identity__color=p00_4150723698__order=canonical', '3a25b0d8:o1:d24:aug16:geom=rot90__color=p02_4950812673__order=canonical', '3a25b0d8:o1:d24:aug16:geom=flip_ud__color=p03_5980213764__order=canonical', '3a25b0d8:o1:d24:aug16:geom=anti_transpose__color=p05_5436201789__order=canonical']",13502543360,18505269248,5002725888,0.2703406160135001,6453985280,8,2072,2239,2304,2304
732,702,TERMINATE,3a25b0d8:o1:d24:aug16:geom=flip_ud__color=p03_5980213764__order=canonical,8,1,8,budget_exhausted,4,"['3a25b0d8:o1:d24:aug16:geom=identity__color=p00_4150723698__order=canonical', '3a25b0d8:o1:d24:aug16:geom=rot90__color=p02_4950812673__order=canonical', '3a25b0d8:o1:d24:aug16:geom=flip_ud__color=p03_5980213764__order=canonical', '3a25b0d8:o1:d24:aug16:geom=anti_transpose__color=p05_5436201789__order=canonical']",13502543360,18505269248,5002725888,0.2703406160135001,6453985280,8,2072,2239,2304,2304
733,702,RELEASE,3a25b0d8:o1:d24:aug16:geom=flip_ud__color=p03_5980213764__order=canonical,7,1,8,budget_exhausted,4,"['3a25b0d8:o1:d24:aug16:geom=identity__color=p00_4150723698__order=canonical', '3a25b0d8:o1:d24:aug16:geom=rot90__color=p02_4950812673__order=canonical', '3a25b0d8:o1:d24:aug16:geom=flip_ud__color=p03_5980213764__order=canonical', '3a25b0d8:o1:d24:aug16:geom=anti_transpose__color=p05_5436201789__order=canonical']",13502543360,18505269248,5002725888,0.2703406160135001,6453985280,7,2072,2239,2304,2304
734,702,ADMIT,3a25b0d8:o1:d24:aug16:geom=flip_lr__color=p07_7690351428__order=rotate_left_1,8,0,8,,,[],13842745344,18505269248,4662523904,0.251956555806607,6453985280,8,2072,2239,2304,2304
735,703,FORWARD,,8,0,8,,3,"['3a25b0d8:o1:d24:aug16:geom=identity__color=p00_4150723698__order=canonical', '3a25b0d8:o1:d24:aug16:geom=rot90__color=p02_4950812673__order=canonical', '3a25b0d8:o1:d24:aug16:geom=anti_transpose__color=p05_5436201789__order=canonical']",13842745344,18505269248,4662523904,0.251956555806607,6453985280,8,2072,2239,2304,2304
736,704,FORWARD,,8,0,8,,3,"['3a25b0d8:o1:d24:aug16:geom=identity__color=p00_4150723698__order=canonical', '3a25b0d8:o1:d24:aug16:geom=rot90__color=p02_4950812673__order=canonical', '3a25b0d8:o1:d24:aug16:geom=anti_transpose__color=p05_5436201789__order=canonical']",13842745856,18505269248,4662523392,0.25195652813881175,6453985280,8,2072,2239,2304,2304
737,705,FORWARD,,8,0,8,,3,"['3a25b0d8:o1:d24:aug16:geom=identity__color=p00_4150723698__order=canonical', '3a25b0d8:o1:d24:aug16:geom=rot90__color=p02_4950812673__order=canonical', '3a25b0d8:o1:d24:aug16:geom=anti_transpose__color=p05_5436201789__order=canonical']",13842746368,18505269248,4662522880,0.25195650047101653,6453985280,8,2072,2239,2304,2304
738,706,FORWARD,,8,0,8,,3,"['3a25b0d8:o1:d24:aug16:geom=identity__color=p00_4150723698__order=canonical', '3a25b0d8:o1:d24:aug16:geom=rot90__color=p02_4950812673__order=canonical', '3a25b0d8:o1:d24:aug16:geom=anti_transpose__color=p05_5436201789__order=canonical']",13842746880,18505269248,4662522368,0.2519564728032213,6453985280,8,2072,2239,2304,2304
739,707,FORWARD,,8,0,8,,3,"['3a25b0d8:o1:d24:aug16:geom=identity__color=p00_4150723698__order=canonical', '3a25b0d8:o1:d24:aug16:geom=rot90__color=p02_4950812673__order=canonical', '3a25b0d8:o1:d24:aug16:geom=anti_transpose__color=p05_5436201789__order=canonical']",13842747392,18505269248,4662521856,0.2519564451354261,6453985280,8,2072,2239,2304,2304
740,708,FORWARD,,8,0,8,,3,"['3a25b0d8:o1:d24:aug16:geom=identity__color=p00_4150723698__order=canonical', '3a25b0d8:o1:d24:aug16:geom=rot90__color=p02_4950812673__order=canonical', '3a25b0d8:o1:d24:aug16:geom=anti_transpose__color=p05_5436201789__order=canonical']",13842747904,18505269248,4662521344,0.25195641746763087,6453985280,8,2072,2239,2304,2304
741,709,FORWARD,,8,0,8,,3,"['3a25b0d8:o1:d24:aug16:geom=identity__color=p00_4150723698__order=canonical', '3a25b0d8:o1:d24:aug16:geom=rot90__color=p02_4950812673__order=canonical', '3a25b0d8:o1:d24:aug16:geom=anti_transpose__color=p05_5436201789__order=canonical']",13842748416,18505269248,4662520832,0.2519563897998357,6453985280,8,2072,2239,2304,2304
742,710,FORWARD,,8,0,8,,3,"['3a25b0d8:o1:d24:aug16:geom=identity__color=p00_4150723698__order=canonical', '3a25b0d8:o1:d24:aug16:geom=rot90__color=p02_4950812673__order=canonical', '3a25b0d8:o1:d24:aug16:geom=anti_transpose__color=p05_5436201789__order=canonical']",13842748928,18505269248,4662520320,0.2519563621320405,6453985280,8,2072,2239,2304,2304
743,711,FORWARD,,8,0,8,,3,"['3a25b0d8:o1:d24:aug16:geom=identity__color=p00_4150723698__order=canonical', '3a25b0d8:o1:d24:aug16:geom=rot90__color=p02_4950812673__order=canonical', '3a25b0d8:o1:d24:aug16:geom=anti_transpose__color=p05_5436201789__order=canonical']",13842749440,18505269248,4662519808,0.25195633446424526,6453985280,8,2072,2239,2304,2304
744,712,FORWARD,,8,0,8,,3,"['3a25b0d8:o1:d24:aug16:geom=identity__color=p00_4150723698__order=canonical', '3a25b0d8:o1:d24:aug16:geom=rot90__color=p02_4950812673__order=canonical', '3a25b0d8:o1:d24:aug16:geom=anti_transpose__color=p05_5436201789__order=canonical']",13842749952,18505269248,4662519296,0.25195630679645004,6453985280,8,2072,2239,2304,2304
745,713,FORWARD,,8,0,8,,3,"['3a25b0d8:o1:d24:aug16:geom=identity__color=p00_4150723698__order=canonical', '3a25b0d8:o1:d24:aug16:geom=rot90__color=p02_4950812673__order=canonical', '3a25b0d8:o1:d24:aug16:geom=anti_transpose__color=p05_5436201789__order=canonical']",13842750464,18505269248,4662518784,0.2519562791286548,6453985280,8,2072,2239,2304,2304
746,714,FORWARD,,8,0,8,,3,"['3a25b0d8:o1:d24:aug16:geom=identity__color=p00_4150723698__order=canonical', '3a25b0d8:o1:d24:aug16:geom=rot90__color=p02_4950812673__order=canonical', '3a25b0d8:o1:d24:aug16:geom=anti_transpose__color=p05_5436201789__order=canonical']",13842750976,18505269248,4662518272,0.2519562514608596,6453985280,8,2072,2239,2304,2304
747,715,FORWARD,,8,0,8,,3,"['3a25b0d8:o1:d24:aug16:geom=identity__color=p00_4150723698__order=canonical', '3a25b0d8:o1:d24:aug16:geom=rot90__color=p02_4950812673__order=canonical', '3a25b0d8:o1:d24:aug16:geom=anti_transpose__color=p05_5436201789__order=canonical']",13842751488,18505269248,4662517760,0.25195622379306437,6453985280,8,2072,2239,2304,2304
748,716,FORWARD,,8,0,8,,3,"['3a25b0d8:o1:d24:aug16:geom=identity__color=p00_4150723698__order=canonical', '3a25b0d8:o1:d24:aug16:geom=rot90__color=p02_4950812673__order=canonical', '3a25b0d8:o1:d24:aug16:geom=anti_transpose__color=p05_5436201789__order=canonical']",13842752000,18505269248,4662517248,0.25195619612526915,6453985280,8,2072,2239,2304,2304
749,716,TERMINATE,3a25b0d8:o1:d24:aug16:geom=anti_transpose__color=p05_5436201789__order=canonical,8,0,8,search_exhausted,3,"['3a25b0d8:o1:d24:aug16:geom=identity__color=p00_4150723698__order=canonical', '3a25b0d8:o1:d24:aug16:geom=rot90__color=p02_4950812673__order=canonical', '3a25b0d8:o1:d24:aug16:geom=anti_transpose__color=p05_5436201789__order=canonical']",13842752000,18505269248,4662517248,0.25195619612526915,6453985280,8,2072,2239,2304,2304
750,716,RELEASE,3a25b0d8:o1:d24:aug16:geom=anti_transpose__color=p05_5436201789__order=canonical,7,0,8,search_exhausted,3,"['3a25b0d8:o1:d24:aug16:geom=identity__color=p00_4150723698__order=canonical', '3a25b0d8:o1:d24:aug16:geom=rot90__color=p02_4950812673__order=canonical', '3a25b0d8:o1:d24:aug16:geom=anti_transpose__color=p05_5436201789__order=canonical']",13842752000,18505269248,4662517248,0.25195619612526915,6453985280,7,2072,2239,2304,2304
751,717,FORWARD,,7,0,8,,3,"['3a25b0d8:o1:d24:aug16:geom=identity__color=id__order=reverse', '3a25b0d8:o1:d24:aug16:geom=rot180__color=id__order=rotate_left_1', '3a25b0d8:o1:d24:aug16:geom=flip_lr__color=p07_7690351428__order=rotate_left_1']",13842752000,18505269248,4662517248,0.25195619612526915,6453985280,7,2072,2239,2304,2304
752,718,FORWARD,,7,0,8,,3,"['3a25b0d8:o1:d24:aug16:geom=identity__color=id__order=reverse', '3a25b0d8:o1:d24:aug16:geom=rot180__color=id__order=rotate_left_1', '3a25b0d8:o1:d24:aug16:geom=flip_lr__color=p07_7690351428__order=rotate_left_1']",13842752512,18505269248,4662516736,0.25195616845747393,6453985280,7,2072,2239,2304,2304
753,719,FORWARD,,7,0,8,,3,"['3a25b0d8:o1:d24:aug16:geom=identity__color=id__order=reverse', '3a25b0d8:o1:d24:aug16:geom=rot180__color=id__order=rotate_left_1', '3a25b0d8:o1:d24:aug16:geom=flip_lr__color=p07_7690351428__order=rotate_left_1']",13842753024,18505269248,4662516224,0.2519561407896787,6453985280,7,2072,2239,2304,2304
754,720,FORWARD,,7,0,8,,3,"['3a25b0d8:o1:d24:aug16:geom=identity__color=id__order=reverse', '3a25b0d8:o1:d24:aug16:geom=rot180__color=id__order=rotate_left_1', '3a25b0d8:o1:d24:aug16:geom=flip_lr__color=p07_7690351428__order=rotate_left_1']",13842753536,18505269248,4662515712,0.2519561131218835,6453985280,7,2072,2239,2304,2304
755,721,FORWARD,,7,0,8,,3,"['3a25b0d8:o1:d24:aug16:geom=identity__color=id__order=reverse', '3a25b0d8:o1:d24:aug16:geom=rot180__color=id__order=rotate_left_1', '3a25b0d8:o1:d24:aug16:geom=flip_lr__color=p07_7690351428__order=rotate_left_1']",13842754048,18505269248,4662515200,0.25195608545408826,6453985280,7,2072,2239,2304,2304
756,722,FORWARD,,7,0,8,,3,"['3a25b0d8:o1:d24:aug16:geom=identity__color=id__order=reverse', '3a25b0d8:o1:d24:aug16:geom=rot180__color=id__order=rotate_left_1', '3a25b0d8:o1:d24:aug16:geom=flip_lr__color=p07_7690351428__order=rotate_left_1']",13842754560,18505269248,4662514688,0.25195605778629304,6453985280,7,2072,2239,2304,2304
757,723,FORWARD,,7,0,8,,3,"['3a25b0d8:o1:d24:aug16:geom=identity__color=id__order=reverse', '3a25b0d8:o1:d24:aug16:geom=rot180__color=id__order=rotate_left_1', '3a25b0d8:o1:d24:aug16:geom=flip_lr__color=p07_7690351428__order=rotate_left_1']",13842755072,18505269248,4662514176,0.2519560301184978,6453985280,7,2072,2239,2304,2304
758,724,FORWARD,,7,0,8,,3,"['3a25b0d8:o1:d24:aug16:geom=identity__color=id__order=reverse', '3a25b0d8:o1:d24:aug16:geom=rot180__color=id__order=rotate_left_1', '3a25b0d8:o1:d24:aug16:geom=flip_lr__color=p07_7690351428__order=rotate_left_1']",13842755584,18505269248,4662513664,0.25195600245070265,6453985280,7,2072,2239,2304,2304
759,725,FORWARD,,7,0,8,,3,"['3a25b0d8:o1:d24:aug16:geom=identity__color=id__order=reverse', '3a25b0d8:o1:d24:aug16:geom=rot180__color=id__order=rotate_left_1', '3a25b0d8:o1:d24:aug16:geom=flip_lr__color=p07_7690351428__order=rotate_left_1']",13842756096,18505269248,4662513152,0.25195597478290743,6453985280,7,2072,2239,2304,2304
760,726,FORWARD,,7,0,8,,3,"['3a25b0d8:o1:d24:aug16:geom=identity__color=id__order=reverse', '3a25b0d8:o1:d24:aug16:geom=rot180__color=id__order=rotate_left_1', '3a25b0d8:o1:d24:aug16:geom=flip_lr__color=p07_7690351428__order=rotate_left_1']",13842756608,18505269248,4662512640,0.2519559471151122,6453985280,7,2072,2239,2304,2304
761,727,FORWARD,,7,0,8,,3,"['3a25b0d8:o1:d24:aug16:geom=identity__color=id__order=reverse', '3a25b0d8:o1:d24:aug16:geom=rot180__color=id__order=rotate_left_1', '3a25b0d8:o1:d24:aug16:geom=flip_lr__color=p07_7690351428__order=rotate_left_1']",13842757120,18505269248,4662512128,0.251955919447317,6453985280,7,2072,2239,2304,2304
762,728,FORWARD,,7,0,8,,4,"['3a25b0d8:o1:d24:aug16:geom=rot90__color=p02_4950812673__order=canonical', '3a25b0d8:o1:d24:aug16:geom=identity__color=id__order=reverse', '3a25b0d8:o1:d24:aug16:geom=rot180__color=id__order=rotate_left_1', '3a25b0d8:o1:d24:aug16:geom=flip_lr__color=p07_7690351428__order=rotate_left_1']",13842757632,18505269248,4662511616,0.25195589177952177,6453985280,7,2072,2239,2304,2304
763,729,FORWARD,,7,0,8,,4,"['3a25b0d8:o1:d24:aug16:geom=rot90__color=p02_4950812673__order=canonical', '3a25b0d8:o1:d24:aug16:geom=identity__color=id__order=reverse', '3a25b0d8:o1:d24:aug16:geom=rot180__color=id__order=rotate_left_1', '3a25b0d8:o1:d24:aug16:geom=flip_lr__color=p07_7690351428__order=rotate_left_1']",13842758144,18505269248,4662511104,0.25195586411172655,6453985280,7,2072,2239,2304,2304
764,730,FORWARD,,7,0,8,,4,"['3a25b0d8:o1:d24:aug16:geom=rot90__color=p02_4950812673__order=canonical', '3a25b0d8:o1:d24:aug16:geom=identity__color=id__order=reverse', '3a25b0d8:o1:d24:aug16:geom=rot180__color=id__order=rotate_left_1', '3a25b0d8:o1:d24:aug16:geom=flip_lr__color=p07_7690351428__order=rotate_left_1']",13842758656,18505269248,4662510592,0.2519558364439313,6453985280,7,2072,2239,2304,2304
765,731,FORWARD,,7,0,8,,4,"['3a25b0d8:o1:d24:aug16:geom=rot90__color=p02_4950812673__order=canonical', '3a25b0d8:o1:d24:aug16:geom=identity__color=id__order=reverse', '3a25b0d8:o1:d24:aug16:geom=rot180__color=id__order=rotate_left_1', '3a25b0d8:o1:d24:aug16:geom=flip_lr__color=p07_7690351428__order=rotate_left_1']",13842759168,18505269248,4662510080,0.2519558087761361,6453985280,7,2072,2239,2304,2304
766,732,FORWARD,,7,0,8,,4,"['3a25b0d8:o1:d24:aug16:geom=rot90__color=p02_4950812673__order=canonical', '3a25b0d8:o1:d24:aug16:geom=identity__color=id__order=reverse', '3a25b0d8:o1:d24:aug16:geom=rot180__color=id__order=rotate_left_1', '3a25b0d8:o1:d24:aug16:geom=flip_lr__color=p07_7690351428__order=rotate_left_1']",10780437504,18505269248,7724831744,0.4174395757486684,6453985280,7,2072,2239,2304,2304
767,733,FORWARD,,7,0,8,,4,"['3a25b0d8:o1:d24:aug16:geom=rot90__color=p02_4950812673__order=canonical', '3a25b0d8:o1:d24:aug16:geom=identity__color=id__order=reverse', '3a25b0d8:o1:d24:aug16:geom=rot180__color=id__order=rotate_left_1', '3a25b0d8:o1:d24:aug16:geom=flip_lr__color=p07_7690351428__order=rotate_left_1']",10780438016,18505269248,7724831232,0.4174395480808732,6453985280,7,2072,2239,2304,2304
768,734,FORWARD,,7,0,8,,4,"['3a25b0d8:o1:d24:aug16:geom=rot90__color=p02_4950812673__order=canonical', '3a25b0d8:o1:d24:aug16:geom=identity__color=id__order=reverse', '3a25b0d8:o1:d24:aug16:geom=rot180__color=id__order=rotate_left_1', '3a25b0d8:o1:d24:aug16:geom=flip_lr__color=p07_7690351428__order=rotate_left_1']",10780438528,18505269248,7724830720,0.41743952041307797,6453985280,7,2072,2239,2304,2304
769,735,FORWARD,,7,0,8,,4,"['3a25b0d8:o1:d24:aug16:geom=rot90__color=p02_4950812673__order=canonical', '3a25b0d8:o1:d24:aug16:geom=identity__color=id__order=reverse', '3a25b0d8:o1:d24:aug16:geom=rot180__color=id__order=rotate_left_1', '3a25b0d8:o1:d24:aug16:geom=flip_lr__color=p07_7690351428__order=rotate_left_1']",10780439040,18505269248,7724830208,0.41743949274528275,6453985280,7,2072,2239,2304,2304
770,736,FORWARD,,7,0,8,,4,"['3a25b0d8:o1:d24:aug16:geom=rot90__color=p02_4950812673__order=canonical', '3a25b0d8:o1:d24:aug16:geom=identity__color=id__order=reverse', '3a25b0d8:o1:d24:aug16:geom=rot180__color=id__order=rotate_left_1', '3a25b0d8:o1:d24:aug16:geom=flip_lr__color=p07_7690351428__order=rotate_left_1']",10780439552,18505269248,7724829696,0.4174394650774875,6453985280,7,2072,2239,2304,2304
771,737,FORWARD,,7,0,8,,4,"['3a25b0d8:o1:d24:aug16:geom=rot90__color=p02_4950812673__order=canonical', '3a25b0d8:o1:d24:aug16:geom=identity__color=id__order=reverse', '3a25b0d8:o1:d24:aug16:geom=rot180__color=id__order=rotate_left_1', '3a25b0d8:o1:d24:aug16:geom=flip_lr__color=p07_7690351428__order=rotate_left_1']",10780440064,18505269248,7724829184,0.4174394374096923,6453985280,7,2072,2239,2304,2304
772,738,FORWARD,,7,0,8,,4,"['3a25b0d8:o1:d24:aug16:geom=rot90__color=p02_4950812673__order=canonical', '3a25b0d8:o1:d24:aug16:geom=identity__color=id__order=reverse', '3a25b0d8:o1:d24:aug16:geom=rot180__color=id__order=rotate_left_1', '3a25b0d8:o1:d24:aug16:geom=flip_lr__color=p07_7690351428__order=rotate_left_1']",10780440576,18505269248,7724828672,0.4174394097418971,6453985280,7,2072,2239,2304,2304
773,739,FORWARD,,7,0,8,,4,"['3a25b0d8:o1:d24:aug16:geom=rot90__color=p02_4950812673__order=canonical', '3a25b0d8:o1:d24:aug16:geom=identity__color=id__order=reverse', '3a25b0d8:o1:d24:aug16:geom=rot180__color=id__order=rotate_left_1', '3a25b0d8:o1:d24:aug16:geom=flip_lr__color=p07_7690351428__order=rotate_left_1']",10780441088,18505269248,7724828160,0.41743938207410186,6453985280,7,2072,2239,2304,2304
774,740,FORWARD,,7,0,8,,4,"['3a25b0d8:o1:d24:aug16:geom=rot90__color=p02_4950812673__order=canonical', '3a25b0d8:o1:d24:aug16:geom=identity__color=id__order=reverse', '3a25b0d8:o1:d24:aug16:geom=rot180__color=id__order=rotate_left_1', '3a25b0d8:o1:d24:aug16:geom=flip_lr__color=p07_7690351428__order=rotate_left_1']",10780441600,18505269248,7724827648,0.41743935440630664,6453985280,7,2072,2239,2304,2304
775,741,FORWARD,,7,0,8,,4,"['3a25b0d8:o1:d24:aug16:geom=rot90__color=p02_4950812673__order=canonical', '3a25b0d8:o1:d24:aug16:geom=identity__color=id__order=reverse', '3a25b0d8:o1:d24:aug16:geom=rot180__color=id__order=rotate_left_1', '3a25b0d8:o1:d24:aug16:geom=flip_lr__color=p07_7690351428__order=rotate_left_1']",10780442112,18505269248,7724827136,0.4174393267385115,6453985280,7,2072,2239,2304,2304
776,742,FORWARD,,7,0,8,,4,"['3a25b0d8:o1:d24:aug16:geom=rot90__color=p02_4950812673__order=canonical', '3a25b0d8:o1:d24:aug16:geom=identity__color=id__order=reverse', '3a25b0d8:o1:d24:aug16:geom=rot180__color=id__order=rotate_left_1', '3a25b0d8:o1:d24:aug16:geom=flip_lr__color=p07_7690351428__order=rotate_left_1']",10780442624,18505269248,7724826624,0.41743929907071625,6453985280,7,2072,2239,2304,2304
777,743,FORWARD,,7,0,8,,4,"['3a25b0d8:o1:d24:aug16:geom=rot90__color=p02_4950812673__order=canonical', '3a25b0d8:o1:d24:aug16:geom=identity__color=id__order=reverse', '3a25b0d8:o1:d24:aug16:geom=rot180__color=id__order=rotate_left_1', '3a25b0d8:o1:d24:aug16:geom=flip_lr__color=p07_7690351428__order=rotate_left_1']",10780443136,18505269248,7724826112,0.41743927140292103,6453985280,7,2072,2239,2304,2304
778,744,FORWARD,,7,0,8,,4,"['3a25b0d8:o1:d24:aug16:geom=rot90__color=p02_4950812673__order=canonical', '3a25b0d8:o1:d24:aug16:geom=identity__color=id__order=reverse', '3a25b0d8:o1:d24:aug16:geom=rot180__color=id__order=rotate_left_1', '3a25b0d8:o1:d24:aug16:geom=flip_lr__color=p07_7690351428__order=rotate_left_1']",10780443648,18505269248,7724825600,0.4174392437351258,6453985280,7,2072,2239,2304,2304
779,745,FORWARD,,7,0,8,,4,"['3a25b0d8:o1:d24:aug16:geom=rot90__color=p02_4950812673__order=canonical', '3a25b0d8:o1:d24:aug16:geom=identity__color=id__order=reverse', '3a25b0d8:o1:d24:aug16:geom=rot180__color=id__order=rotate_left_1', '3a25b0d8:o1:d24:aug16:geom=flip_lr__color=p07_7690351428__order=rotate_left_1']",10780444160,18505269248,7724825088,0.4174392160673306,6453985280,7,2072,2239,2304,2304
780,746,FORWARD,,7,0,8,,4,"['3a25b0d8:o1:d24:aug16:geom=rot90__color=p02_4950812673__order=canonical', '3a25b0d8:o1:d24:aug16:geom=identity__color=id__order=reverse', '3a25b0d8:o1:d24:aug16:geom=rot180__color=id__order=rotate_left_1', '3a25b0d8:o1:d24:aug16:geom=flip_lr__color=p07_7690351428__order=rotate_left_1']",10780444672,18505269248,7724824576,0.41743918839953537,6453985280,7,2072,2239,2304,2304
781,747,FORWARD,,7,0,8,,4,"['3a25b0d8:o1:d24:aug16:geom=rot90__color=p02_4950812673__order=canonical', '3a25b0d8:o1:d24:aug16:geom=identity__color=id__order=reverse', '3a25b0d8:o1:d24:aug16:geom=rot180__color=id__order=rotate_left_1', '3a25b0d8:o1:d24:aug16:geom=flip_lr__color=p07_7690351428__order=rotate_left_1']",10780445184,18505269248,7724824064,0.41743916073174014,6453985280,7,2072,2239,2304,2304
782,748,FORWARD,,7,0,8,,4,"['3a25b0d8:o1:d24:aug16:geom=rot90__color=p02_4950812673__order=canonical', '3a25b0d8:o1:d24:aug16:geom=identity__color=id__order=reverse', '3a25b0d8:o1:d24:aug16:geom=rot180__color=id__order=rotate_left_1', '3a25b0d8:o1:d24:aug16:geom=flip_lr__color=p07_7690351428__order=rotate_left_1']",10780445696,18505269248,7724823552,0.4174391330639449,6453985280,7,2072,2239,2304,2304
783,749,FORWARD,,7,0,8,,4,"['3a25b0d8:o1:d24:aug16:geom=rot90__color=p02_4950812673__order=canonical', '3a25b0d8:o1:d24:aug16:geom=identity__color=id__order=reverse', '3a25b0d8:o1:d24:aug16:geom=rot180__color=id__order=rotate_left_1', '3a25b0d8:o1:d24:aug16:geom=flip_lr__color=p07_7690351428__order=rotate_left_1']",10780446208,18505269248,7724823040,0.4174391053961497,6453985280,7,2072,2239,2304,2304
784,750,FORWARD,,7,0,8,,4,"['3a25b0d8:o1:d24:aug16:geom=rot90__color=p02_4950812673__order=canonical', '3a25b0d8:o1:d24:aug16:geom=identity__color=id__order=reverse', '3a25b0d8:o1:d24:aug16:geom=rot180__color=id__order=rotate_left_1', '3a25b0d8:o1:d24:aug16:geom=flip_lr__color=p07_7690351428__order=rotate_left_1']",10780446720,18505269248,7724822528,0.4174390777283545,6453985280,7,2072,2239,2304,2304
785,751,FORWARD,,7,0,8,,4,"['3a25b0d8:o1:d24:aug16:geom=rot90__color=p02_4950812673__order=canonical', '3a25b0d8:o1:d24:aug16:geom=identity__color=id__order=reverse', '3a25b0d8:o1:d24:aug16:geom=rot180__color=id__order=rotate_left_1', '3a25b0d8:o1:d24:aug16:geom=flip_lr__color=p07_7690351428__order=rotate_left_1']",10780447232,18505269248,7724822016,0.41743905006055926,6453985280,7,2072,2239,2304,2304
786,752,FORWARD,,7,0,8,,4,"['3a25b0d8:o1:d24:aug16:geom=rot90__color=p02_4950812673__order=canonical', '3a25b0d8:o1:d24:aug16:geom=identity__color=id__order=reverse', '3a25b0d8:o1:d24:aug16:geom=rot180__color=id__order=rotate_left_1', '3a25b0d8:o1:d24:aug16:geom=flip_lr__color=p07_7690351428__order=rotate_left_1']",10780447744,18505269248,7724821504,0.41743902239276404,6453985280,7,2072,2239,2304,2304
787,753,FORWARD,,7,0,8,,4,"['3a25b0d8:o1:d24:aug16:geom=rot90__color=p02_4950812673__order=canonical', '3a25b0d8:o1:d24:aug16:geom=identity__color=id__order=reverse', '3a25b0d8:o1:d24:aug16:geom=rot180__color=id__order=rotate_left_1', '3a25b0d8:o1:d24:aug16:geom=flip_lr__color=p07_7690351428__order=rotate_left_1']",10780448256,18505269248,7724820992,0.4174389947249688,6453985280,7,2072,2239,2304,2304
788,754,FORWARD,,7,0,8,,4,"['3a25b0d8:o1:d24:aug16:geom=rot90__color=p02_4950812673__order=canonical', '3a25b0d8:o1:d24:aug16:geom=identity__color=id__order=reverse', '3a25b0d8:o1:d24:aug16:geom=rot180__color=id__order=rotate_left_1', '3a25b0d8:o1:d24:aug16:geom=flip_lr__color=p07_7690351428__order=rotate_left_1']",10780448768,18505269248,7724820480,0.4174389670571736,6453985280,7,2072,2239,2304,2304
789,755,FORWARD,,7,0,8,,4,"['3a25b0d8:o1:d24:aug16:geom=rot90__color=p02_4950812673__order=canonical', '3a25b0d8:o1:d24:aug16:geom=identity__color=id__order=reverse', '3a25b0d8:o1:d24:aug16:geom=rot180__color=id__order=rotate_left_1', '3a25b0d8:o1:d24:aug16:geom=flip_lr__color=p07_7690351428__order=rotate_left_1']",10780449280,18505269248,7724819968,0.4174389393893784,6453985280,7,2072,2239,2304,2304
790,756,FORWARD,,7,0,8,,4,"['3a25b0d8:o1:d24:aug16:geom=rot90__color=p02_4950812673__order=canonical', '3a25b0d8:o1:d24:aug16:geom=identity__color=id__order=reverse', '3a25b0d8:o1:d24:aug16:geom=rot180__color=id__order=rotate_left_1', '3a25b0d8:o1:d24:aug16:geom=flip_lr__color=p07_7690351428__order=rotate_left_1']",10780449792,18505269248,7724819456,0.4174389117215832,6453985280,7,2072,2239,2304,2304
791,757,FORWARD,,7,0,8,,4,"['3a25b0d8:o1:d24:aug16:geom=rot90__color=p02_4950812673__order=canonical', '3a25b0d8:o1:d24:aug16:geom=identity__color=id__order=reverse', '3a25b0d8:o1:d24:aug16:geom=rot180__color=id__order=rotate_left_1', '3a25b0d8:o1:d24:aug16:geom=flip_lr__color=p07_7690351428__order=rotate_left_1']",10780450304,18505269248,7724818944,0.417438884053788,6453985280,7,2072,2239,2304,2304
792,758,FORWARD,,7,0,8,,4,"['3a25b0d8:o1:d24:aug16:geom=rot90__color=p02_4950812673__order=canonical', '3a25b0d8:o1:d24:aug16:geom=identity__color=id__order=reverse', '3a25b0d8:o1:d24:aug16:geom=rot180__color=id__order=rotate_left_1', '3a25b0d8:o1:d24:aug16:geom=flip_lr__color=p07_7690351428__order=rotate_left_1']",10780450816,18505269248,7724818432,0.41743885638599276,6453985280,7,2072,2239,2304,2304
793,759,FORWARD,,7,0,8,,4,"['3a25b0d8:o1:d24:aug16:geom=rot90__color=p02_4950812673__order=canonical', '3a25b0d8:o1:d24:aug16:geom=identity__color=id__order=reverse', '3a25b0d8:o1:d24:aug16:geom=rot180__color=id__order=rotate_left_1', '3a25b0d8:o1:d24:aug16:geom=flip_lr__color=p07_7690351428__order=rotate_left_1']",10780451328,18505269248,7724817920,0.41743882871819754,6453985280,7,2072,2239,2304,2304
794,760,FORWARD,,7,0,8,,4,"['3a25b0d8:o1:d24:aug16:geom=rot90__color=p02_4950812673__order=canonical', '3a25b0d8:o1:d24:aug16:geom=identity__color=id__order=reverse', '3a25b0d8:o1:d24:aug16:geom=rot180__color=id__order=rotate_left_1', '3a25b0d8:o1:d24:aug16:geom=flip_lr__color=p07_7690351428__order=rotate_left_1']",10780451840,18505269248,7724817408,0.4174388010504023,6453985280,7,2072,2239,2304,2304
795,761,FORWARD,,7,0,8,,4,"['3a25b0d8:o1:d24:aug16:geom=rot90__color=p02_4950812673__order=canonical', '3a25b0d8:o1:d24:aug16:geom=identity__color=id__order=reverse', '3a25b0d8:o1:d24:aug16:geom=rot180__color=id__order=rotate_left_1', '3a25b0d8:o1:d24:aug16:geom=flip_lr__color=p07_7690351428__order=rotate_left_1']",10780452352,18505269248,7724816896,0.4174387733826071,6453985280,7,2072,2239,2304,2304
796,762,FORWARD,,7,0,8,,4,"['3a25b0d8:o1:d24:aug16:geom=rot90__color=p02_4950812673__order=canonical', '3a25b0d8:o1:d24:aug16:geom=identity__color=id__order=reverse', '3a25b0d8:o1:d24:aug16:geom=rot180__color=id__order=rotate_left_1', '3a25b0d8:o1:d24:aug16:geom=flip_lr__color=p07_7690351428__order=rotate_left_1']",10780452864,18505269248,7724816384,0.4174387457148119,6453985280,7,2072,2239,2304,2304
797,763,FORWARD,,7,0,8,,4,"['3a25b0d8:o1:d24:aug16:geom=rot90__color=p02_4950812673__order=canonical', '3a25b0d8:o1:d24:aug16:geom=identity__color=id__order=reverse', '3a25b0d8:o1:d24:aug16:geom=rot180__color=id__order=rotate_left_1', '3a25b0d8:o1:d24:aug16:geom=flip_lr__color=p07_7690351428__order=rotate_left_1']",10780453376,18505269248,7724815872,0.41743871804701665,6453985280,7,2072,2239,2304,2304
798,764,FORWARD,,7,0,8,,4,"['3a25b0d8:o1:d24:aug16:geom=rot90__color=p02_4950812673__order=canonical', '3a25b0d8:o1:d24:aug16:geom=identity__color=id__order=reverse', '3a25b0d8:o1:d24:aug16:geom=rot180__color=id__order=rotate_left_1', '3a25b0d8:o1:d24:aug16:geom=flip_lr__color=p07_7690351428__order=rotate_left_1']",10780453888,18505269248,7724815360,0.41743869037922143,6453985280,7,2072,2239,2304,2304
799,765,FORWARD,,7,0,8,,4,"['3a25b0d8:o1:d24:aug16:geom=rot90__color=p02_4950812673__order=canonical', '3a25b0d8:o1:d24:aug16:geom=identity__color=id__order=reverse', '3a25b0d8:o1:d24:aug16:geom=rot180__color=id__order=rotate_left_1', '3a25b0d8:o1:d24:aug16:geom=flip_lr__color=p07_7690351428__order=rotate_left_1']",10780454400,18505269248,7724814848,0.4174386627114262,6453985280,7,2072,2239,2304,2304
800,766,FORWARD,,7,0,8,,4,"['3a25b0d8:o1:d24:aug16:geom=rot90__color=p02_4950812673__order=canonical', '3a25b0d8:o1:d24:aug16:geom=identity__color=id__order=reverse', '3a25b0d8:o1:d24:aug16:geom=rot180__color=id__order=rotate_left_1', '3a25b0d8:o1:d24:aug16:geom=flip_lr__color=p07_7690351428__order=rotate_left_1']",10780454912,18505269248,7724814336,0.417438635043631,6453985280,7,2072,2239,2304,2304
801,767,FORWARD,,7,0,8,,4,"['3a25b0d8:o1:d24:aug16:geom=rot90__color=p02_4950812673__order=canonical', '3a25b0d8:o1:d24:aug16:geom=identity__color=id__order=reverse', '3a25b0d8:o1:d24:aug16:geom=rot180__color=id__order=rotate_left_1', '3a25b0d8:o1:d24:aug16:geom=flip_lr__color=p07_7690351428__order=rotate_left_1']",10780455424,18505269248,7724813824,0.41743860737583577,6453985280,7,2072,2239,2304,2304
802,768,FORWARD,,7,0,8,,4,"['3a25b0d8:o1:d24:aug16:geom=rot90__color=p02_4950812673__order=canonical', '3a25b0d8:o1:d24:aug16:geom=identity__color=id__order=reverse', '3a25b0d8:o1:d24:aug16:geom=rot180__color=id__order=rotate_left_1', '3a25b0d8:o1:d24:aug16:geom=flip_lr__color=p07_7690351428__order=rotate_left_1']",10780455936,18505269248,7724813312,0.41743857970804055,6453985280,7,2072,2239,2304,2304
803,769,FORWARD,,7,0,8,,4,"['3a25b0d8:o1:d24:aug16:geom=rot90__color=p02_4950812673__order=canonical', '3a25b0d8:o1:d24:aug16:geom=identity__color=id__order=reverse', '3a25b0d8:o1:d24:aug16:geom=rot180__color=id__order=rotate_left_1', '3a25b0d8:o1:d24:aug16:geom=flip_lr__color=p07_7690351428__order=rotate_left_1']",10780456448,18505269248,7724812800,0.4174385520402454,6453985280,7,2072,2239,2304,2304
804,770,FORWARD,,7,0,8,,4,"['3a25b0d8:o1:d24:aug16:geom=rot90__color=p02_4950812673__order=canonical', '3a25b0d8:o1:d24:aug16:geom=identity__color=id__order=reverse', '3a25b0d8:o1:d24:aug16:geom=rot180__color=id__order=rotate_left_1', '3a25b0d8:o1:d24:aug16:geom=flip_lr__color=p07_7690351428__order=rotate_left_1']",10780456960,18505269248,7724812288,0.41743852437245016,6453985280,7,2072,2239,2304,2304
805,771,FORWARD,,7,0,8,,4,"['3a25b0d8:o1:d24:aug16:geom=rot90__color=p02_4950812673__order=canonical', '3a25b0d8:o1:d24:aug16:geom=identity__color=id__order=reverse', '3a25b0d8:o1:d24:aug16:geom=rot180__color=id__order=rotate_left_1', '3a25b0d8:o1:d24:aug16:geom=flip_lr__color=p07_7690351428__order=rotate_left_1']",10780457472,18505269248,7724811776,0.41743849670465494,6453985280,7,2072,2239,2304,2304
806,772,FORWARD,,7,0,8,,4,"['3a25b0d8:o1:d24:aug16:geom=rot90__color=p02_4950812673__order=canonical', '3a25b0d8:o1:d24:aug16:geom=identity__color=id__order=reverse', '3a25b0d8:o1:d24:aug16:geom=rot180__color=id__order=rotate_left_1', '3a25b0d8:o1:d24:aug16:geom=flip_lr__color=p07_7690351428__order=rotate_left_1']",10780457984,18505269248,7724811264,0.4174384690368597,6453985280,7,2072,2239,2304,2304
807,773,FORWARD,,7,0,8,,4,"['3a25b0d8:o1:d24:aug16:geom=rot90__color=p02_4950812673__order=canonical', '3a25b0d8:o1:d24:aug16:geom=identity__color=id__order=reverse', '3a25b0d8:o1:d24:aug16:geom=rot180__color=id__order=rotate_left_1', '3a25b0d8:o1:d24:aug16:geom=flip_lr__color=p07_7690351428__order=rotate_left_1']",10780458496,18505269248,7724810752,0.4174384413690645,6453985280,7,2072,2239,2304,2304
808,774,FORWARD,,7,0,8,,4,"['3a25b0d8:o1:d24:aug16:geom=rot90__color=p02_4950812673__order=canonical', '3a25b0d8:o1:d24:aug16:geom=identity__color=id__order=reverse', '3a25b0d8:o1:d24:aug16:geom=rot180__color=id__order=rotate_left_1', '3a25b0d8:o1:d24:aug16:geom=flip_lr__color=p07_7690351428__order=rotate_left_1']",10780459008,18505269248,7724810240,0.4174384137012693,6453985280,7,2072,2239,2304,2304
809,775,FORWARD,,7,0,8,,4,"['3a25b0d8:o1:d24:aug16:geom=rot90__color=p02_4950812673__order=canonical', '3a25b0d8:o1:d24:aug16:geom=identity__color=id__order=reverse', '3a25b0d8:o1:d24:aug16:geom=rot180__color=id__order=rotate_left_1', '3a25b0d8:o1:d24:aug16:geom=flip_lr__color=p07_7690351428__order=rotate_left_1']",10780459520,18505269248,7724809728,0.41743838603347405,6453985280,7,2072,2239,2304,2304
810,776,FORWARD,,7,0,8,,4,"['3a25b0d8:o1:d24:aug16:geom=rot90__color=p02_4950812673__order=canonical', '3a25b0d8:o1:d24:aug16:geom=identity__color=id__order=reverse', '3a25b0d8:o1:d24:aug16:geom=rot180__color=id__order=rotate_left_1', '3a25b0d8:o1:d24:aug16:geom=flip_lr__color=p07_7690351428__order=rotate_left_1']",10780460032,18505269248,7724809216,0.41743835836567883,6453985280,7,2072,2239,2304,2304
811,777,FORWARD,,7,0,8,,4,"['3a25b0d8:o1:d24:aug16:geom=rot90__color=p02_4950812673__order=canonical', '3a25b0d8:o1:d24:aug16:geom=identity__color=id__order=reverse', '3a25b0d8:o1:d24:aug16:geom=rot180__color=id__order=rotate_left_1', '3a25b0d8:o1:d24:aug16:geom=flip_lr__color=p07_7690351428__order=rotate_left_1']",10780460544,18505269248,7724808704,0.4174383306978836,6453985280,7,2072,2239,2304,2304
812,778,FORWARD,,7,0,8,,4,"['3a25b0d8:o1:d24:aug16:geom=rot90__color=p02_4950812673__order=canonical', '3a25b0d8:o1:d24:aug16:geom=identity__color=id__order=reverse', '3a25b0d8:o1:d24:aug16:geom=rot180__color=id__order=rotate_left_1', '3a25b0d8:o1:d24:aug16:geom=flip_lr__color=p07_7690351428__order=rotate_left_1']",10780461056,18505269248,7724808192,0.4174383030300884,6453985280,7,2072,2239,2304,2304
813,779,FORWARD,,7,0,8,,4,"['3a25b0d8:o1:d24:aug16:geom=rot90__color=p02_4950812673__order=canonical', '3a25b0d8:o1:d24:aug16:geom=identity__color=id__order=reverse', '3a25b0d8:o1:d24:aug16:geom=rot180__color=id__order=rotate_left_1', '3a25b0d8:o1:d24:aug16:geom=flip_lr__color=p07_7690351428__order=rotate_left_1']",10780461568,18505269248,7724807680,0.41743827536229317,6453985280,7,2072,2239,2304,2304
814,780,FORWARD,,7,0,8,,4,"['3a25b0d8:o1:d24:aug16:geom=rot90__color=p02_4950812673__order=canonical', '3a25b0d8:o1:d24:aug16:geom=identity__color=id__order=reverse', '3a25b0d8:o1:d24:aug16:geom=rot180__color=id__order=rotate_left_1', '3a25b0d8:o1:d24:aug16:geom=flip_lr__color=p07_7690351428__order=rotate_left_1']",10780462080,18505269248,7724807168,0.41743824769449794,6453985280,7,2072,2239,2304,2304
815,781,FORWARD,,7,0,8,,4,"['3a25b0d8:o1:d24:aug16:geom=rot90__color=p02_4950812673__order=canonical', '3a25b0d8:o1:d24:aug16:geom=identity__color=id__order=reverse', '3a25b0d8:o1:d24:aug16:geom=rot180__color=id__order=rotate_left_1', '3a25b0d8:o1:d24:aug16:geom=flip_lr__color=p07_7690351428__order=rotate_left_1']",10780462592,18505269248,7724806656,0.4174382200267027,6453985280,7,2072,2239,2304,2304
816,782,FORWARD,,7,0,8,,4,"['3a25b0d8:o1:d24:aug16:geom=rot90__color=p02_4950812673__order=canonical', '3a25b0d8:o1:d24:aug16:geom=identity__color=id__order=reverse', '3a25b0d8:o1:d24:aug16:geom=rot180__color=id__order=rotate_left_1', '3a25b0d8:o1:d24:aug16:geom=flip_lr__color=p07_7690351428__order=rotate_left_1']",10780463104,18505269248,7724806144,0.4174381923589075,6453985280,7,2072,2239,2304,2304
817,783,FORWARD,,7,0,8,,4,"['3a25b0d8:o1:d24:aug16:geom=rot90__color=p02_4950812673__order=canonical', '3a25b0d8:o1:d24:aug16:geom=identity__color=id__order=reverse', '3a25b0d8:o1:d24:aug16:geom=rot180__color=id__order=rotate_left_1', '3a25b0d8:o1:d24:aug16:geom=flip_lr__color=p07_7690351428__order=rotate_left_1']",10780463616,18505269248,7724805632,0.41743816469111233,6453985280,7,2072,2239,2304,2304
818,784,FORWARD,,7,0,8,,4,"['3a25b0d8:o1:d24:aug16:geom=rot90__color=p02_4950812673__order=canonical', '3a25b0d8:o1:d24:aug16:geom=identity__color=id__order=reverse', '3a25b0d8:o1:d24:aug16:geom=rot180__color=id__order=rotate_left_1', '3a25b0d8:o1:d24:aug16:geom=flip_lr__color=p07_7690351428__order=rotate_left_1']",10780464128,18505269248,7724805120,0.4174381370233171,6453985280,7,2072,2239,2304,2304
819,785,FORWARD,,7,0,8,,4,"['3a25b0d8:o1:d24:aug16:geom=rot90__color=p02_4950812673__order=canonical', '3a25b0d8:o1:d24:aug16:geom=identity__color=id__order=reverse', '3a25b0d8:o1:d24:aug16:geom=rot180__color=id__order=rotate_left_1', '3a25b0d8:o1:d24:aug16:geom=flip_lr__color=p07_7690351428__order=rotate_left_1']",10780464640,18505269248,7724804608,0.4174381093555219,6453985280,7,2072,2239,2304,2304
820,786,FORWARD,,7,0,8,,4,"['3a25b0d8:o1:d24:aug16:geom=rot90__color=p02_4950812673__order=canonical', '3a25b0d8:o1:d24:aug16:geom=identity__color=id__order=reverse', '3a25b0d8:o1:d24:aug16:geom=rot180__color=id__order=rotate_left_1', '3a25b0d8:o1:d24:aug16:geom=flip_lr__color=p07_7690351428__order=rotate_left_1']",10780465152,18505269248,7724804096,0.41743808168772667,6453985280,7,2072,2239,2304,2304
821,787,FORWARD,,7,0,8,,4,"['3a25b0d8:o1:d24:aug16:geom=rot90__color=p02_4950812673__order=canonical', '3a25b0d8:o1:d24:aug16:geom=identity__color=id__order=reverse', '3a25b0d8:o1:d24:aug16:geom=rot180__color=id__order=rotate_left_1', '3a25b0d8:o1:d24:aug16:geom=flip_lr__color=p07_7690351428__order=rotate_left_1']",10780465664,18505269248,7724803584,0.41743805401993145,6453985280,7,2072,2239,2304,2304
822,788,FORWARD,,7,0,8,,4,"['3a25b0d8:o1:d24:aug16:geom=rot90__color=p02_4950812673__order=canonical', '3a25b0d8:o1:d24:aug16:geom=identity__color=id__order=reverse', '3a25b0d8:o1:d24:aug16:geom=rot180__color=id__order=rotate_left_1', '3a25b0d8:o1:d24:aug16:geom=flip_lr__color=p07_7690351428__order=rotate_left_1']",10780466176,18505269248,7724803072,0.4174380263521362,6453985280,7,2072,2239,2304,2304
823,789,FORWARD,,7,0,8,,4,"['3a25b0d8:o1:d24:aug16:geom=rot90__color=p02_4950812673__order=canonical', '3a25b0d8:o1:d24:aug16:geom=identity__color=id__order=reverse', '3a25b0d8:o1:d24:aug16:geom=rot180__color=id__order=rotate_left_1', '3a25b0d8:o1:d24:aug16:geom=flip_lr__color=p07_7690351428__order=rotate_left_1']",10780466688,18505269248,7724802560,0.417437998684341,6453985280,7,2072,2239,2304,2304
824,790,FORWARD,,7,0,8,,4,"['3a25b0d8:o1:d24:aug16:geom=rot90__color=p02_4950812673__order=canonical', '3a25b0d8:o1:d24:aug16:geom=identity__color=id__order=reverse', '3a25b0d8:o1:d24:aug16:geom=rot180__color=id__order=rotate_left_1', '3a25b0d8:o1:d24:aug16:geom=flip_lr__color=p07_7690351428__order=rotate_left_1']",10780467200,18505269248,7724802048,0.4174379710165458,6453985280,7,2072,2239,2304,2304
825,791,FORWARD,,7,0,8,,4,"['3a25b0d8:o1:d24:aug16:geom=rot90__color=p02_4950812673__order=canonical', '3a25b0d8:o1:d24:aug16:geom=identity__color=id__order=reverse', '3a25b0d8:o1:d24:aug16:geom=rot180__color=id__order=rotate_left_1', '3a25b0d8:o1:d24:aug16:geom=flip_lr__color=p07_7690351428__order=rotate_left_1']",10780467712,18505269248,7724801536,0.41743794334875056,6453985280,7,2072,2239,2304,2304
826,792,FORWARD,,7,0,8,,4,"['3a25b0d8:o1:d24:aug16:geom=rot90__color=p02_4950812673__order=canonical', '3a25b0d8:o1:d24:aug16:geom=identity__color=id__order=reverse', '3a25b0d8:o1:d24:aug16:geom=rot180__color=id__order=rotate_left_1', '3a25b0d8:o1:d24:aug16:geom=flip_lr__color=p07_7690351428__order=rotate_left_1']",10780468224,18505269248,7724801024,0.41743791568095534,6453985280,7,2072,2239,2304,2304
827,793,FORWARD,,7,0,8,,4,"['3a25b0d8:o1:d24:aug16:geom=rot90__color=p02_4950812673__order=canonical', '3a25b0d8:o1:d24:aug16:geom=identity__color=id__order=reverse', '3a25b0d8:o1:d24:aug16:geom=rot180__color=id__order=rotate_left_1', '3a25b0d8:o1:d24:aug16:geom=flip_lr__color=p07_7690351428__order=rotate_left_1']",10780468736,18505269248,7724800512,0.4174378880131601,6453985280,7,2072,2239,2304,2304
828,794,FORWARD,,7,0,8,,4,"['3a25b0d8:o1:d24:aug16:geom=rot90__color=p02_4950812673__order=canonical', '3a25b0d8:o1:d24:aug16:geom=identity__color=id__order=reverse', '3a25b0d8:o1:d24:aug16:geom=rot180__color=id__order=rotate_left_1', '3a25b0d8:o1:d24:aug16:geom=flip_lr__color=p07_7690351428__order=rotate_left_1']",10780469248,18505269248,7724800000,0.4174378603453649,6453985280,7,2072,2239,2304,2304
829,795,FORWARD,,7,0,8,,4,"['3a25b0d8:o1:d24:aug16:geom=rot90__color=p02_4950812673__order=canonical', '3a25b0d8:o1:d24:aug16:geom=identity__color=id__order=reverse', '3a25b0d8:o1:d24:aug16:geom=rot180__color=id__order=rotate_left_1', '3a25b0d8:o1:d24:aug16:geom=flip_lr__color=p07_7690351428__order=rotate_left_1']",10780469760,18505269248,7724799488,0.4174378326775697,6453985280,7,2072,2239,2304,2304
830,796,FORWARD,,7,0,8,,4,"['3a25b0d8:o1:d24:aug16:geom=rot90__color=p02_4950812673__order=canonical', '3a25b0d8:o1:d24:aug16:geom=identity__color=id__order=reverse', '3a25b0d8:o1:d24:aug16:geom=rot180__color=id__order=rotate_left_1', '3a25b0d8:o1:d24:aug16:geom=flip_lr__color=p07_7690351428__order=rotate_left_1']",10780470272,18505269248,7724798976,0.41743780500977445,6453985280,7,2072,2239,2304,2304
831,797,FORWARD,,7,0,8,,4,"['3a25b0d8:o1:d24:aug16:geom=rot90__color=p02_4950812673__order=canonical', '3a25b0d8:o1:d24:aug16:geom=identity__color=id__order=reverse', '3a25b0d8:o1:d24:aug16:geom=rot180__color=id__order=rotate_left_1', '3a25b0d8:o1:d24:aug16:geom=flip_lr__color=p07_7690351428__order=rotate_left_1']",10780470784,18505269248,7724798464,0.4174377773419793,6453985280,7,2072,2239,2304,2304
832,798,FORWARD,,7,0,8,,4,"['3a25b0d8:o1:d24:aug16:geom=rot90__color=p02_4950812673__order=canonical', '3a25b0d8:o1:d24:aug16:geom=identity__color=id__order=reverse', '3a25b0d8:o1:d24:aug16:geom=rot180__color=id__order=rotate_left_1', '3a25b0d8:o1:d24:aug16:geom=flip_lr__color=p07_7690351428__order=rotate_left_1']",10780471296,18505269248,7724797952,0.41743774967418407,6453985280,7,2072,2239,2304,2304
833,799,FORWARD,,7,0,8,,4,"['3a25b0d8:o1:d24:aug16:geom=rot90__color=p02_4950812673__order=canonical', '3a25b0d8:o1:d24:aug16:geom=identity__color=id__order=reverse', '3a25b0d8:o1:d24:aug16:geom=rot180__color=id__order=rotate_left_1', '3a25b0d8:o1:d24:aug16:geom=flip_lr__color=p07_7690351428__order=rotate_left_1']",10780471808,18505269248,7724797440,0.41743772200638884,6453985280,7,2072,2239,2304,2304
834,800,FORWARD,,7,0,8,,4,"['3a25b0d8:o1:d24:aug16:geom=rot90__color=p02_4950812673__order=canonical', '3a25b0d8:o1:d24:aug16:geom=identity__color=id__order=reverse', '3a25b0d8:o1:d24:aug16:geom=rot180__color=id__order=rotate_left_1', '3a25b0d8:o1:d24:aug16:geom=flip_lr__color=p07_7690351428__order=rotate_left_1']",10780472320,18505269248,7724796928,0.4174376943385936,6453985280,7,2072,2239,2304,2304
835,801,FORWARD,,7,0,8,,4,"['3a25b0d8:o1:d24:aug16:geom=rot90__color=p02_4950812673__order=canonical', '3a25b0d8:o1:d24:aug16:geom=identity__color=id__order=reverse', '3a25b0d8:o1:d24:aug16:geom=rot180__color=id__order=rotate_left_1', '3a25b0d8:o1:d24:aug16:geom=flip_lr__color=p07_7690351428__order=rotate_left_1']",10780472832,18505269248,7724796416,0.4174376666707984,6453985280,7,2072,2239,2304,2304
836,802,FORWARD,,7,0,8,,4,"['3a25b0d8:o1:d24:aug16:geom=rot90__color=p02_4950812673__order=canonical', '3a25b0d8:o1:d24:aug16:geom=identity__color=id__order=reverse', '3a25b0d8:o1:d24:aug16:geom=rot180__color=id__order=rotate_left_1', '3a25b0d8:o1:d24:aug16:geom=flip_lr__color=p07_7690351428__order=rotate_left_1']",10780473344,18505269248,7724795904,0.4174376390030032,6453985280,7,2072,2239,2304,2304
837,803,FORWARD,,7,0,8,,4,"['3a25b0d8:o1:d24:aug16:geom=rot90__color=p02_4950812673__order=canonical', '3a25b0d8:o1:d24:aug16:geom=identity__color=id__order=reverse', '3a25b0d8:o1:d24:aug16:geom=rot180__color=id__order=rotate_left_1', '3a25b0d8:o1:d24:aug16:geom=flip_lr__color=p07_7690351428__order=rotate_left_1']",10780473856,18505269248,7724795392,0.41743761133520796,6453985280,7,2072,2239,2304,2304
838,804,FORWARD,,7,0,8,,4,"['3a25b0d8:o1:d24:aug16:geom=rot90__color=p02_4950812673__order=canonical', '3a25b0d8:o1:d24:aug16:geom=identity__color=id__order=reverse', '3a25b0d8:o1:d24:aug16:geom=rot180__color=id__order=rotate_left_1', '3a25b0d8:o1:d24:aug16:geom=flip_lr__color=p07_7690351428__order=rotate_left_1']",10780474368,18505269248,7724794880,0.41743758366741274,6453985280,7,2072,2239,2304,2304
839,805,FORWARD,,7,0,8,,4,"['3a25b0d8:o1:d24:aug16:geom=rot90__color=p02_4950812673__order=canonical', '3a25b0d8:o1:d24:aug16:geom=identity__color=id__order=reverse', '3a25b0d8:o1:d24:aug16:geom=rot180__color=id__order=rotate_left_1', '3a25b0d8:o1:d24:aug16:geom=flip_lr__color=p07_7690351428__order=rotate_left_1']",10780474880,18505269248,7724794368,0.4174375559996175,6453985280,7,2072,2239,2304,2304
840,806,FORWARD,,7,0,8,,4,"['3a25b0d8:o1:d24:aug16:geom=rot90__color=p02_4950812673__order=canonical', '3a25b0d8:o1:d24:aug16:geom=identity__color=id__order=reverse', '3a25b0d8:o1:d24:aug16:geom=rot180__color=id__order=rotate_left_1', '3a25b0d8:o1:d24:aug16:geom=flip_lr__color=p07_7690351428__order=rotate_left_1']",10780475392,18505269248,7724793856,0.4174375283318223,6453985280,7,2072,2239,2304,2304
841,807,FORWARD,,7,0,8,,4,"['3a25b0d8:o1:d24:aug16:geom=rot90__color=p02_4950812673__order=canonical', '3a25b0d8:o1:d24:aug16:geom=identity__color=id__order=reverse', '3a25b0d8:o1:d24:aug16:geom=rot180__color=id__order=rotate_left_1', '3a25b0d8:o1:d24:aug16:geom=flip_lr__color=p07_7690351428__order=rotate_left_1']",10780475904,18505269248,7724793344,0.4174375006640271,6453985280,7,2072,2239,2304,2304
842,808,FORWARD,,7,0,8,,4,"['3a25b0d8:o1:d24:aug16:geom=rot90__color=p02_4950812673__order=canonical', '3a25b0d8:o1:d24:aug16:geom=identity__color=id__order=reverse', '3a25b0d8:o1:d24:aug16:geom=rot180__color=id__order=rotate_left_1', '3a25b0d8:o1:d24:aug16:geom=flip_lr__color=p07_7690351428__order=rotate_left_1']",10780476416,18505269248,7724792832,0.41743747299623185,6453985280,7,2072,2239,2304,2304
843,809,FORWARD,,7,0,8,,4,"['3a25b0d8:o1:d24:aug16:geom=rot90__color=p02_4950812673__order=canonical', '3a25b0d8:o1:d24:aug16:geom=identity__color=id__order=reverse', '3a25b0d8:o1:d24:aug16:geom=rot180__color=id__order=rotate_left_1', '3a25b0d8:o1:d24:aug16:geom=flip_lr__color=p07_7690351428__order=rotate_left_1']",10780476928,18505269248,7724792320,0.41743744532843663,6453985280,7,2072,2239,2304,2304
844,810,FORWARD,,7,0,8,,4,"['3a25b0d8:o1:d24:aug16:geom=rot90__color=p02_4950812673__order=canonical', '3a25b0d8:o1:d24:aug16:geom=identity__color=id__order=reverse', '3a25b0d8:o1:d24:aug16:geom=rot180__color=id__order=rotate_left_1', '3a25b0d8:o1:d24:aug16:geom=flip_lr__color=p07_7690351428__order=rotate_left_1']",10780477440,18505269248,7724791808,0.4174374176606414,6453985280,7,2072,2239,2304,2304
845,811,FORWARD,,7,0,8,,4,"['3a25b0d8:o1:d24:aug16:geom=rot90__color=p02_4950812673__order=canonical', '3a25b0d8:o1:d24:aug16:geom=identity__color=id__order=reverse', '3a25b0d8:o1:d24:aug16:geom=rot180__color=id__order=rotate_left_1', '3a25b0d8:o1:d24:aug16:geom=flip_lr__color=p07_7690351428__order=rotate_left_1']",10780477952,18505269248,7724791296,0.41743738999284624,6453985280,7,2072,2239,2304,2304
846,812,FORWARD,,7,0,8,,4,"['3a25b0d8:o1:d24:aug16:geom=rot90__color=p02_4950812673__order=canonical', '3a25b0d8:o1:d24:aug16:geom=identity__color=id__order=reverse', '3a25b0d8:o1:d24:aug16:geom=rot180__color=id__order=rotate_left_1', '3a25b0d8:o1:d24:aug16:geom=flip_lr__color=p07_7690351428__order=rotate_left_1']",10780478464,18505269248,7724790784,0.417437362325051,6453985280,7,2072,2239,2304,2304
847,813,FORWARD,,7,0,8,,4,"['3a25b0d8:o1:d24:aug16:geom=rot90__color=p02_4950812673__order=canonical', '3a25b0d8:o1:d24:aug16:geom=identity__color=id__order=reverse', '3a25b0d8:o1:d24:aug16:geom=rot180__color=id__order=rotate_left_1', '3a25b0d8:o1:d24:aug16:geom=flip_lr__color=p07_7690351428__order=rotate_left_1']",10780478976,18505269248,7724790272,0.4174373346572558,6453985280,7,2072,2239,2304,2304
848,814,FORWARD,,7,0,8,,4,"['3a25b0d8:o1:d24:aug16:geom=rot90__color=p02_4950812673__order=canonical', '3a25b0d8:o1:d24:aug16:geom=identity__color=id__order=reverse', '3a25b0d8:o1:d24:aug16:geom=rot180__color=id__order=rotate_left_1', '3a25b0d8:o1:d24:aug16:geom=flip_lr__color=p07_7690351428__order=rotate_left_1']",10780479488,18505269248,7724789760,0.4174373069894606,6453985280,7,2072,2239,2304,2304
849,815,FORWARD,,7,0,8,,4,"['3a25b0d8:o1:d24:aug16:geom=rot90__color=p02_4950812673__order=canonical', '3a25b0d8:o1:d24:aug16:geom=identity__color=id__order=reverse', '3a25b0d8:o1:d24:aug16:geom=rot180__color=id__order=rotate_left_1', '3a25b0d8:o1:d24:aug16:geom=flip_lr__color=p07_7690351428__order=rotate_left_1']",10780480000,18505269248,7724789248,0.41743727932166536,6453985280,7,2072,2239,2304,2304
850,816,FORWARD,,7,0,8,,4,"['3a25b0d8:o1:d24:aug16:geom=rot90__color=p02_4950812673__order=canonical', '3a25b0d8:o1:d24:aug16:geom=identity__color=id__order=reverse', '3a25b0d8:o1:d24:aug16:geom=rot180__color=id__order=rotate_left_1', '3a25b0d8:o1:d24:aug16:geom=flip_lr__color=p07_7690351428__order=rotate_left_1']",10780480512,18505269248,7724788736,0.41743725165387013,6453985280,7,2072,2239,2304,2304
851,817,FORWARD,,7,0,8,,4,"['3a25b0d8:o1:d24:aug16:geom=rot90__color=p02_4950812673__order=canonical', '3a25b0d8:o1:d24:aug16:geom=identity__color=id__order=reverse', '3a25b0d8:o1:d24:aug16:geom=rot180__color=id__order=rotate_left_1', '3a25b0d8:o1:d24:aug16:geom=flip_lr__color=p07_7690351428__order=rotate_left_1']",10780481024,18505269248,7724788224,0.4174372239860749,6453985280,7,2072,2239,2304,2304
852,818,FORWARD,,7,0,8,,4,"['3a25b0d8:o1:d24:aug16:geom=rot90__color=p02_4950812673__order=canonical', '3a25b0d8:o1:d24:aug16:geom=identity__color=id__order=reverse', '3a25b0d8:o1:d24:aug16:geom=rot180__color=id__order=rotate_left_1', '3a25b0d8:o1:d24:aug16:geom=flip_lr__color=p07_7690351428__order=rotate_left_1']",10780481536,18505269248,7724787712,0.4174371963182797,6453985280,7,2072,2239,2304,2304
853,819,FORWARD,,7,0,8,,4,"['3a25b0d8:o1:d24:aug16:geom=rot90__color=p02_4950812673__order=canonical', '3a25b0d8:o1:d24:aug16:geom=identity__color=id__order=reverse', '3a25b0d8:o1:d24:aug16:geom=rot180__color=id__order=rotate_left_1', '3a25b0d8:o1:d24:aug16:geom=flip_lr__color=p07_7690351428__order=rotate_left_1']",10780482048,18505269248,7724787200,0.41743716865048447,6453985280,7,2072,2239,2304,2304
854,819,TERMINATE,3a25b0d8:o1:d24:aug16:geom=rot90__color=p02_4950812673__order=canonical,7,0,8,budget_exhausted,4,"['3a25b0d8:o1:d24:aug16:geom=rot90__color=p02_4950812673__order=canonical', '3a25b0d8:o1:d24:aug16:geom=identity__color=id__order=reverse', '3a25b0d8:o1:d24:aug16:geom=rot180__color=id__order=rotate_left_1', '3a25b0d8:o1:d24:aug16:geom=flip_lr__color=p07_7690351428__order=rotate_left_1']",10780482048,18505269248,7724787200,0.41743716865048447,6453985280,7,2072,2239,2304,2304
855,819,RELEASE,3a25b0d8:o1:d24:aug16:geom=rot90__color=p02_4950812673__order=canonical,6,0,8,budget_exhausted,4,"['3a25b0d8:o1:d24:aug16:geom=rot90__color=p02_4950812673__order=canonical', '3a25b0d8:o1:d24:aug16:geom=identity__color=id__order=reverse', '3a25b0d8:o1:d24:aug16:geom=rot180__color=id__order=rotate_left_1', '3a25b0d8:o1:d24:aug16:geom=flip_lr__color=p07_7690351428__order=rotate_left_1']",10780482048,18505269248,7724787200,0.41743716865048447,6453985280,6,2072,2239,2304,2304
856,820,FORWARD,,6,0,8,,3,"['3a25b0d8:o1:d24:aug16:geom=identity__color=id__order=reverse', '3a25b0d8:o1:d24:aug16:geom=rot180__color=id__order=rotate_left_1', '3a25b0d8:o1:d24:aug16:geom=flip_lr__color=p07_7690351428__order=rotate_left_1']",10780482048,18505269248,7724787200,0.41743716865048447,6453985280,6,2072,2239,2304,2304
857,821,FORWARD,,6,0,8,,3,"['3a25b0d8:o1:d24:aug16:geom=identity__color=id__order=reverse', '3a25b0d8:o1:d24:aug16:geom=rot180__color=id__order=rotate_left_1', '3a25b0d8:o1:d24:aug16:geom=flip_lr__color=p07_7690351428__order=rotate_left_1']",10780482560,18505269248,7724786688,0.41743714098268925,6453985280,6,2072,2239,2304,2304
858,822,FORWARD,,6,0,8,,3,"['3a25b0d8:o1:d24:aug16:geom=identity__color=id__order=reverse', '3a25b0d8:o1:d24:aug16:geom=rot180__color=id__order=rotate_left_1', '3a25b0d8:o1:d24:aug16:geom=flip_lr__color=p07_7690351428__order=rotate_left_1']",10780483072,18505269248,7724786176,0.417437113314894,6453985280,6,2072,2239,2304,2304
859,823,FORWARD,,6,0,8,,3,"['3a25b0d8:o1:d24:aug16:geom=identity__color=id__order=reverse', '3a25b0d8:o1:d24:aug16:geom=rot180__color=id__order=rotate_left_1', '3a25b0d8:o1:d24:aug16:geom=flip_lr__color=p07_7690351428__order=rotate_left_1']",10780483584,18505269248,7724785664,0.4174370856470988,6453985280,6,2072,2239,2304,2304
860,824,FORWARD,,6,0,8,,3,"['3a25b0d8:o1:d24:aug16:geom=identity__color=id__order=reverse', '3a25b0d8:o1:d24:aug16:geom=rot180__color=id__order=rotate_left_1', '3a25b0d8:o1:d24:aug16:geom=flip_lr__color=p07_7690351428__order=rotate_left_1']",10780484096,18505269248,7724785152,0.4174370579793036,6453985280,6,2072,2239,2304,2304
861,825,FORWARD,,6,0,8,,3,"['3a25b0d8:o1:d24:aug16:geom=identity__color=id__order=reverse', '3a25b0d8:o1:d24:aug16:geom=rot180__color=id__order=rotate_left_1', '3a25b0d8:o1:d24:aug16:geom=flip_lr__color=p07_7690351428__order=rotate_left_1']",10780484608,18505269248,7724784640,0.41743703031150836,6453985280,6,2072,2239,2304,2304
862,826,FORWARD,,6,0,8,,3,"['3a25b0d8:o1:d24:aug16:geom=identity__color=id__order=reverse', '3a25b0d8:o1:d24:aug16:geom=rot180__color=id__order=rotate_left_1', '3a25b0d8:o1:d24:aug16:geom=flip_lr__color=p07_7690351428__order=rotate_left_1']",10780485120,18505269248,7724784128,0.4174370026437132,6453985280,6,2072,2239,2304,2304
863,827,FORWARD,,6,0,8,,3,"['3a25b0d8:o1:d24:aug16:geom=identity__color=id__order=reverse', '3a25b0d8:o1:d24:aug16:geom=rot180__color=id__order=rotate_left_1', '3a25b0d8:o1:d24:aug16:geom=flip_lr__color=p07_7690351428__order=rotate_left_1']",10780485632,18505269248,7724783616,0.417436974975918,6453985280,6,2072,2239,2304,2304
864,828,FORWARD,,6,0,8,,3,"['3a25b0d8:o1:d24:aug16:geom=identity__color=id__order=reverse', '3a25b0d8:o1:d24:aug16:geom=rot180__color=id__order=rotate_left_1', '3a25b0d8:o1:d24:aug16:geom=flip_lr__color=p07_7690351428__order=rotate_left_1']",10780486144,18505269248,7724783104,0.41743694730812275,6453985280,6,2072,2239,2304,2304
865,829,FORWARD,,6,0,8,,3,"['3a25b0d8:o1:d24:aug16:geom=identity__color=id__order=reverse', '3a25b0d8:o1:d24:aug16:geom=rot180__color=id__order=rotate_left_1', '3a25b0d8:o1:d24:aug16:geom=flip_lr__color=p07_7690351428__order=rotate_left_1']",10780486656,18505269248,7724782592,0.41743691964032753,6453985280,6,2072,2239,2304,2304
866,830,FORWARD,,6,0,8,,3,"['3a25b0d8:o1:d24:aug16:geom=identity__color=id__order=reverse', '3a25b0d8:o1:d24:aug16:geom=rot180__color=id__order=rotate_left_1', '3a25b0d8:o1:d24:aug16:geom=flip_lr__color=p07_7690351428__order=rotate_left_1']",10780487168,18505269248,7724782080,0.4174368919725323,6453985280,6,2072,2239,2304,2304
867,831,FORWARD,,6,0,8,,3,"['3a25b0d8:o1:d24:aug16:geom=identity__color=id__order=reverse', '3a25b0d8:o1:d24:aug16:geom=rot180__color=id__order=rotate_left_1', '3a25b0d8:o1:d24:aug16:geom=flip_lr__color=p07_7690351428__order=rotate_left_1']",10780487680,18505269248,7724781568,0.4174368643047371,6453985280,6,2072,2239,2304,2304
868,832,FORWARD,,6,0,8,,3,"['3a25b0d8:o1:d24:aug16:geom=identity__color=id__order=reverse', '3a25b0d8:o1:d24:aug16:geom=rot180__color=id__order=rotate_left_1', '3a25b0d8:o1:d24:aug16:geom=flip_lr__color=p07_7690351428__order=rotate_left_1']",10780488192,18505269248,7724781056,0.41743683663694187,6453985280,6,2072,2239,2304,2304
869,833,FORWARD,,6,0,8,,3,"['3a25b0d8:o1:d24:aug16:geom=identity__color=id__order=reverse', '3a25b0d8:o1:d24:aug16:geom=rot180__color=id__order=rotate_left_1', '3a25b0d8:o1:d24:aug16:geom=flip_lr__color=p07_7690351428__order=rotate_left_1']",10780488704,18505269248,7724780544,0.41743680896914664,6453985280,6,2072,2239,2304,2304
870,834,FORWARD,,6,0,8,,3,"['3a25b0d8:o1:d24:aug16:geom=identity__color=id__order=reverse', '3a25b0d8:o1:d24:aug16:geom=rot180__color=id__order=rotate_left_1', '3a25b0d8:o1:d24:aug16:geom=flip_lr__color=p07_7690351428__order=rotate_left_1']",10780489216,18505269248,7724780032,0.4174367813013514,6453985280,6,2072,2239,2304,2304
871,835,FORWARD,,6,0,8,,3,"['3a25b0d8:o1:d24:aug16:geom=identity__color=id__order=reverse', '3a25b0d8:o1:d24:aug16:geom=rot180__color=id__order=rotate_left_1', '3a25b0d8:o1:d24:aug16:geom=flip_lr__color=p07_7690351428__order=rotate_left_1']",10780489728,18505269248,7724779520,0.4174367536335562,6453985280,6,2072,2239,2304,2304
872,836,FORWARD,,6,0,8,,3,"['3a25b0d8:o1:d24:aug16:geom=identity__color=id__order=reverse', '3a25b0d8:o1:d24:aug16:geom=rot180__color=id__order=rotate_left_1', '3a25b0d8:o1:d24:aug16:geom=flip_lr__color=p07_7690351428__order=rotate_left_1']",10780490240,18505269248,7724779008,0.417436725965761,6453985280,6,2072,2239,2304,2304
873,837,FORWARD,,6,0,8,,3,"['3a25b0d8:o1:d24:aug16:geom=identity__color=id__order=reverse', '3a25b0d8:o1:d24:aug16:geom=rot180__color=id__order=rotate_left_1', '3a25b0d8:o1:d24:aug16:geom=flip_lr__color=p07_7690351428__order=rotate_left_1']",10780490752,18505269248,7724778496,0.41743669829796576,6453985280,6,2072,2239,2304,2304
874,838,FORWARD,,6,0,8,,3,"['3a25b0d8:o1:d24:aug16:geom=identity__color=id__order=reverse', '3a25b0d8:o1:d24:aug16:geom=rot180__color=id__order=rotate_left_1', '3a25b0d8:o1:d24:aug16:geom=flip_lr__color=p07_7690351428__order=rotate_left_1']",10780491264,18505269248,7724777984,0.41743667063017054,6453985280,6,2072,2239,2304,2304
875,839,FORWARD,,6,0,8,,3,"['3a25b0d8:o1:d24:aug16:geom=identity__color=id__order=reverse', '3a25b0d8:o1:d24:aug16:geom=rot180__color=id__order=rotate_left_1', '3a25b0d8:o1:d24:aug16:geom=flip_lr__color=p07_7690351428__order=rotate_left_1']",10780491776,18505269248,7724777472,0.4174366429623753,6453985280,6,2072,2239,2304,2304
876,840,FORWARD,,6,0,8,,3,"['3a25b0d8:o1:d24:aug16:geom=identity__color=id__order=reverse', '3a25b0d8:o1:d24:aug16:geom=rot180__color=id__order=rotate_left_1', '3a25b0d8:o1:d24:aug16:geom=flip_lr__color=p07_7690351428__order=rotate_left_1']",10780492288,18505269248,7724776960,0.41743661529458015,6453985280,6,2072,2239,2304,2304
877,841,FORWARD,,6,0,8,,3,"['3a25b0d8:o1:d24:aug16:geom=identity__color=id__order=reverse', '3a25b0d8:o1:d24:aug16:geom=rot180__color=id__order=rotate_left_1', '3a25b0d8:o1:d24:aug16:geom=flip_lr__color=p07_7690351428__order=rotate_left_1']",10780492800,18505269248,7724776448,0.4174365876267849,6453985280,6,2072,2239,2304,2304
878,842,FORWARD,,6,0,8,,3,"['3a25b0d8:o1:d24:aug16:geom=identity__color=id__order=reverse', '3a25b0d8:o1:d24:aug16:geom=rot180__color=id__order=rotate_left_1', '3a25b0d8:o1:d24:aug16:geom=flip_lr__color=p07_7690351428__order=rotate_left_1']",10780493312,18505269248,7724775936,0.4174365599589897,6453985280,6,2072,2239,2304,2304
879,843,FORWARD,,6,0,8,,3,"['3a25b0d8:o1:d24:aug16:geom=identity__color=id__order=reverse', '3a25b0d8:o1:d24:aug16:geom=rot180__color=id__order=rotate_left_1', '3a25b0d8:o1:d24:aug16:geom=flip_lr__color=p07_7690351428__order=rotate_left_1']",10780493824,18505269248,7724775424,0.4174365322911945,6453985280,6,2072,2239,2304,2304
880,844,FORWARD,,6,0,8,,3,"['3a25b0d8:o1:d24:aug16:geom=identity__color=id__order=reverse', '3a25b0d8:o1:d24:aug16:geom=rot180__color=id__order=rotate_left_1', '3a25b0d8:o1:d24:aug16:geom=flip_lr__color=p07_7690351428__order=rotate_left_1']",10780494336,18505269248,7724774912,0.41743650462339926,6453985280,6,2072,2239,2304,2304
881,845,FORWARD,,6,0,8,,3,"['3a25b0d8:o1:d24:aug16:geom=identity__color=id__order=reverse', '3a25b0d8:o1:d24:aug16:geom=rot180__color=id__order=rotate_left_1', '3a25b0d8:o1:d24:aug16:geom=flip_lr__color=p07_7690351428__order=rotate_left_1']",10780494848,18505269248,7724774400,0.41743647695560404,6453985280,6,2072,2239,2304,2304
882,846,FORWARD,,6,0,8,,3,"['3a25b0d8:o1:d24:aug16:geom=identity__color=id__order=reverse', '3a25b0d8:o1:d24:aug16:geom=rot180__color=id__order=rotate_left_1', '3a25b0d8:o1:d24:aug16:geom=flip_lr__color=p07_7690351428__order=rotate_left_1']",10780495360,18505269248,7724773888,0.4174364492878088,6453985280,6,2072,2239,2304,2304
883,847,FORWARD,,6,0,8,,3,"['3a25b0d8:o1:d24:aug16:geom=identity__color=id__order=reverse', '3a25b0d8:o1:d24:aug16:geom=rot180__color=id__order=rotate_left_1', '3a25b0d8:o1:d24:aug16:geom=flip_lr__color=p07_7690351428__order=rotate_left_1']",10780495872,18505269248,7724773376,0.4174364216200136,6453985280,6,2072,2239,2304,2304
884,848,FORWARD,,6,0,8,,3,"['3a25b0d8:o1:d24:aug16:geom=identity__color=id__order=reverse', '3a25b0d8:o1:d24:aug16:geom=rot180__color=id__order=rotate_left_1', '3a25b0d8:o1:d24:aug16:geom=flip_lr__color=p07_7690351428__order=rotate_left_1']",10780496384,18505269248,7724772864,0.4174363939522184,6453985280,6,2072,2239,2304,2304
885,849,FORWARD,,6,0,8,,3,"['3a25b0d8:o1:d24:aug16:geom=identity__color=id__order=reverse', '3a25b0d8:o1:d24:aug16:geom=rot180__color=id__order=rotate_left_1', '3a25b0d8:o1:d24:aug16:geom=flip_lr__color=p07_7690351428__order=rotate_left_1']",10780496896,18505269248,7724772352,0.41743636628442315,6453985280,6,2072,2239,2304,2304
886,850,FORWARD,,6,0,8,,3,"['3a25b0d8:o1:d24:aug16:geom=identity__color=id__order=reverse', '3a25b0d8:o1:d24:aug16:geom=rot180__color=id__order=rotate_left_1', '3a25b0d8:o1:d24:aug16:geom=flip_lr__color=p07_7690351428__order=rotate_left_1']",10780497408,18505269248,7724771840,0.41743633861662793,6453985280,6,2072,2239,2304,2304
887,851,FORWARD,,6,0,8,,3,"['3a25b0d8:o1:d24:aug16:geom=identity__color=id__order=reverse', '3a25b0d8:o1:d24:aug16:geom=rot180__color=id__order=rotate_left_1', '3a25b0d8:o1:d24:aug16:geom=flip_lr__color=p07_7690351428__order=rotate_left_1']",10780497920,18505269248,7724771328,0.4174363109488327,6453985280,6,2072,2239,2304,2304
888,852,FORWARD,,6,0,8,,3,"['3a25b0d8:o1:d24:aug16:geom=identity__color=id__order=reverse', '3a25b0d8:o1:d24:aug16:geom=rot180__color=id__order=rotate_left_1', '3a25b0d8:o1:d24:aug16:geom=flip_lr__color=p07_7690351428__order=rotate_left_1']",10780498432,18505269248,7724770816,0.4174362832810375,6453985280,6,2072,2239,2304,2304
889,853,FORWARD,,6,0,8,,3,"['3a25b0d8:o1:d24:aug16:geom=identity__color=id__order=reverse', '3a25b0d8:o1:d24:aug16:geom=rot180__color=id__order=rotate_left_1', '3a25b0d8:o1:d24:aug16:geom=flip_lr__color=p07_7690351428__order=rotate_left_1']",10780498944,18505269248,7724770304,0.41743625561324227,6453985280,6,2072,2239,2304,2304
890,854,FORWARD,,6,0,8,,3,"['3a25b0d8:o1:d24:aug16:geom=identity__color=id__order=reverse', '3a25b0d8:o1:d24:aug16:geom=rot180__color=id__order=rotate_left_1', '3a25b0d8:o1:d24:aug16:geom=flip_lr__color=p07_7690351428__order=rotate_left_1']",10780499456,18505269248,7724769792,0.4174362279454471,6453985280,6,2072,2239,2304,2304
891,855,FORWARD,,6,0,8,,3,"['3a25b0d8:o1:d24:aug16:geom=identity__color=id__order=reverse', '3a25b0d8:o1:d24:aug16:geom=rot180__color=id__order=rotate_left_1', '3a25b0d8:o1:d24:aug16:geom=flip_lr__color=p07_7690351428__order=rotate_left_1']",10780499968,18505269248,7724769280,0.4174362002776519,6453985280,6,2072,2239,2304,2304
892,856,FORWARD,,6,0,8,,3,"['3a25b0d8:o1:d24:aug16:geom=identity__color=id__order=reverse', '3a25b0d8:o1:d24:aug16:geom=rot180__color=id__order=rotate_left_1', '3a25b0d8:o1:d24:aug16:geom=flip_lr__color=p07_7690351428__order=rotate_left_1']",10780500480,18505269248,7724768768,0.41743617260985666,6453985280,6,2072,2239,2304,2304
893,857,FORWARD,,6,0,8,,3,"['3a25b0d8:o1:d24:aug16:geom=identity__color=id__order=reverse', '3a25b0d8:o1:d24:aug16:geom=rot180__color=id__order=rotate_left_1', '3a25b0d8:o1:d24:aug16:geom=flip_lr__color=p07_7690351428__order=rotate_left_1']",10780500992,18505269248,7724768256,0.41743614494206144,6453985280,6,2072,2239,2304,2304
894,858,FORWARD,,6,0,8,,3,"['3a25b0d8:o1:d24:aug16:geom=identity__color=id__order=reverse', '3a25b0d8:o1:d24:aug16:geom=rot180__color=id__order=rotate_left_1', '3a25b0d8:o1:d24:aug16:geom=flip_lr__color=p07_7690351428__order=rotate_left_1']",10780501504,18505269248,7724767744,0.4174361172742662,6453985280,6,2072,2239,2304,2304
895,859,FORWARD,,6,0,8,,3,"['3a25b0d8:o1:d24:aug16:geom=identity__color=id__order=reverse', '3a25b0d8:o1:d24:aug16:geom=rot180__color=id__order=rotate_left_1', '3a25b0d8:o1:d24:aug16:geom=flip_lr__color=p07_7690351428__order=rotate_left_1']",10780502016,18505269248,7724767232,0.417436089606471,6453985280,6,2072,2239,2304,2304
896,860,FORWARD,,6,0,8,,3,"['3a25b0d8:o1:d24:aug16:geom=identity__color=id__order=reverse', '3a25b0d8:o1:d24:aug16:geom=rot180__color=id__order=rotate_left_1', '3a25b0d8:o1:d24:aug16:geom=flip_lr__color=p07_7690351428__order=rotate_left_1']",10780502528,18505269248,7724766720,0.4174360619386758,6453985280,6,2072,2239,2304,2304
897,861,FORWARD,,6,0,8,,3,"['3a25b0d8:o1:d24:aug16:geom=identity__color=id__order=reverse', '3a25b0d8:o1:d24:aug16:geom=rot180__color=id__order=rotate_left_1', '3a25b0d8:o1:d24:aug16:geom=flip_lr__color=p07_7690351428__order=rotate_left_1']",10780503040,18505269248,7724766208,0.41743603427088055,6453985280,6,2072,2239,2304,2304
898,862,FORWARD,,6,0,8,,3,"['3a25b0d8:o1:d24:aug16:geom=identity__color=id__order=reverse', '3a25b0d8:o1:d24:aug16:geom=rot180__color=id__order=rotate_left_1', '3a25b0d8:o1:d24:aug16:geom=flip_lr__color=p07_7690351428__order=rotate_left_1']",10780503552,18505269248,7724765696,0.41743600660308533,6453985280,6,2072,2239,2304,2304
899,863,FORWARD,,6,0,8,,3,"['3a25b0d8:o1:d24:aug16:geom=identity__color=id__order=reverse', '3a25b0d8:o1:d24:aug16:geom=rot180__color=id__order=rotate_left_1', '3a25b0d8:o1:d24:aug16:geom=flip_lr__color=p07_7690351428__order=rotate_left_1']",10780504064,18505269248,7724765184,0.4174359789352901,6453985280,6,2072,2239,2304,2304
900,864,FORWARD,,6,0,8,,3,"['3a25b0d8:o1:d24:aug16:geom=identity__color=id__order=reverse', '3a25b0d8:o1:d24:aug16:geom=rot180__color=id__order=rotate_left_1', '3a25b0d8:o1:d24:aug16:geom=flip_lr__color=p07_7690351428__order=rotate_left_1']",10780504576,18505269248,7724764672,0.4174359512674949,6453985280,6,2072,2239,2304,2304
901,865,FORWARD,,6,0,8,,3,"['3a25b0d8:o1:d24:aug16:geom=identity__color=id__order=reverse', '3a25b0d8:o1:d24:aug16:geom=rot180__color=id__order=rotate_left_1', '3a25b0d8:o1:d24:aug16:geom=flip_lr__color=p07_7690351428__order=rotate_left_1']",10780505088,18505269248,7724764160,0.41743592359969967,6453985280,6,2072,2239,2304,2304
902,866,FORWARD,,6,0,8,,3,"['3a25b0d8:o1:d24:aug16:geom=identity__color=id__order=reverse', '3a25b0d8:o1:d24:aug16:geom=rot180__color=id__order=rotate_left_1', '3a25b0d8:o1:d24:aug16:geom=flip_lr__color=p07_7690351428__order=rotate_left_1']",10780505600,18505269248,7724763648,0.41743589593190444,6453985280,6,2072,2239,2304,2304
903,867,FORWARD,,6,0,8,,3,"['3a25b0d8:o1:d24:aug16:geom=identity__color=id__order=reverse', '3a25b0d8:o1:d24:aug16:geom=rot180__color=id__order=rotate_left_1', '3a25b0d8:o1:d24:aug16:geom=flip_lr__color=p07_7690351428__order=rotate_left_1']",10780506112,18505269248,7724763136,0.4174358682641092,6453985280,6,2072,2239,2304,2304
904,868,FORWARD,,6,0,8,,3,"['3a25b0d8:o1:d24:aug16:geom=identity__color=id__order=reverse', '3a25b0d8:o1:d24:aug16:geom=rot180__color=id__order=rotate_left_1', '3a25b0d8:o1:d24:aug16:geom=flip_lr__color=p07_7690351428__order=rotate_left_1']",10780506624,18505269248,7724762624,0.41743584059631406,6453985280,6,2072,2239,2304,2304
905,869,FORWARD,,6,0,8,,3,"['3a25b0d8:o1:d24:aug16:geom=identity__color=id__order=reverse', '3a25b0d8:o1:d24:aug16:geom=rot180__color=id__order=rotate_left_1', '3a25b0d8:o1:d24:aug16:geom=flip_lr__color=p07_7690351428__order=rotate_left_1']",10780507136,18505269248,7724762112,0.41743581292851883,6453985280,6,2072,2239,2304,2304
906,870,FORWARD,,6,0,8,,3,"['3a25b0d8:o1:d24:aug16:geom=identity__color=id__order=reverse', '3a25b0d8:o1:d24:aug16:geom=rot180__color=id__order=rotate_left_1', '3a25b0d8:o1:d24:aug16:geom=flip_lr__color=p07_7690351428__order=rotate_left_1']",10780507648,18505269248,7724761600,0.4174357852607236,6453985280,6,2072,2239,2304,2304
907,871,FORWARD,,6,0,8,,3,"['3a25b0d8:o1:d24:aug16:geom=identity__color=id__order=reverse', '3a25b0d8:o1:d24:aug16:geom=rot180__color=id__order=rotate_left_1', '3a25b0d8:o1:d24:aug16:geom=flip_lr__color=p07_7690351428__order=rotate_left_1']",10780508160,18505269248,7724761088,0.4174357575929284,6453985280,6,2072,2239,2304,2304
908,872,FORWARD,,6,0,8,,3,"['3a25b0d8:o1:d24:aug16:geom=identity__color=id__order=reverse', '3a25b0d8:o1:d24:aug16:geom=rot180__color=id__order=rotate_left_1', '3a25b0d8:o1:d24:aug16:geom=flip_lr__color=p07_7690351428__order=rotate_left_1']",10780508672,18505269248,7724760576,0.41743572992513317,6453985280,6,2072,2239,2304,2304
909,873,FORWARD,,6,0,8,,3,"['3a25b0d8:o1:d24:aug16:geom=identity__color=id__order=reverse', '3a25b0d8:o1:d24:aug16:geom=rot180__color=id__order=rotate_left_1', '3a25b0d8:o1:d24:aug16:geom=flip_lr__color=p07_7690351428__order=rotate_left_1']",10780509184,18505269248,7724760064,0.41743570225733795,6453985280,6,2072,2239,2304,2304
910,874,FORWARD,,6,0,8,,3,"['3a25b0d8:o1:d24:aug16:geom=identity__color=id__order=reverse', '3a25b0d8:o1:d24:aug16:geom=rot180__color=id__order=rotate_left_1', '3a25b0d8:o1:d24:aug16:geom=flip_lr__color=p07_7690351428__order=rotate_left_1']",10780509696,18505269248,7724759552,0.4174356745895427,6453985280,6,2072,2239,2304,2304
911,875,FORWARD,,6,0,8,,4,"['3a25b0d8:o1:d24:aug16:geom=identity__color=p00_4150723698__order=canonical', '3a25b0d8:o1:d24:aug16:geom=identity__color=id__order=reverse', '3a25b0d8:o1:d24:aug16:geom=rot180__color=id__order=rotate_left_1', '3a25b0d8:o1:d24:aug16:geom=flip_lr__color=p07_7690351428__order=rotate_left_1']",10780510208,18505269248,7724759040,0.4174356469217475,6453985280,6,2072,2239,2304,2304
912,876,FORWARD,,6,0,8,,4,"['3a25b0d8:o1:d24:aug16:geom=identity__color=p00_4150723698__order=canonical', '3a25b0d8:o1:d24:aug16:geom=identity__color=id__order=reverse', '3a25b0d8:o1:d24:aug16:geom=rot180__color=id__order=rotate_left_1', '3a25b0d8:o1:d24:aug16:geom=flip_lr__color=p07_7690351428__order=rotate_left_1']",10780510720,18505269248,7724758528,0.4174356192539523,6453985280,6,2072,2239,2304,2304
913,877,FORWARD,,6,0,8,,4,"['3a25b0d8:o1:d24:aug16:geom=identity__color=p00_4150723698__order=canonical', '3a25b0d8:o1:d24:aug16:geom=identity__color=id__order=reverse', '3a25b0d8:o1:d24:aug16:geom=rot180__color=id__order=rotate_left_1', '3a25b0d8:o1:d24:aug16:geom=flip_lr__color=p07_7690351428__order=rotate_left_1']",10780511232,18505269248,7724758016,0.41743559158615706,6453985280,6,2072,2239,2304,2304
914,878,FORWARD,,6,0,8,,5,"['3a25b0d8:o1:d24:aug16:geom=flip_lr__color=id__order=canonical', '3a25b0d8:o1:d24:aug16:geom=identity__color=p00_4150723698__order=canonical', '3a25b0d8:o1:d24:aug16:geom=identity__color=id__order=reverse', '3a25b0d8:o1:d24:aug16:geom=rot180__color=id__order=rotate_left_1', '3a25b0d8:o1:d24:aug16:geom=flip_lr__color=p07_7690351428__order=rotate_left_1']",10780511744,18505269248,7724757504,0.41743556391836184,6453985280,6,2072,2239,2304,2304
915,879,FORWARD,,6,0,8,,5,"['3a25b0d8:o1:d24:aug16:geom=flip_lr__color=id__order=canonical', '3a25b0d8:o1:d24:aug16:geom=identity__color=p00_4150723698__order=canonical', '3a25b0d8:o1:d24:aug16:geom=identity__color=id__order=reverse', '3a25b0d8:o1:d24:aug16:geom=rot180__color=id__order=rotate_left_1', '3a25b0d8:o1:d24:aug16:geom=flip_lr__color=p07_7690351428__order=rotate_left_1']",10780512256,18505269248,7724756992,0.4174355362505666,6453985280,6,2072,2240,2304,2304
916,880,FORWARD,,6,0,8,,5,"['3a25b0d8:o1:d24:aug16:geom=flip_lr__color=id__order=canonical', '3a25b0d8:o1:d24:aug16:geom=identity__color=p00_4150723698__order=canonical', '3a25b0d8:o1:d24:aug16:geom=identity__color=id__order=reverse', '3a25b0d8:o1:d24:aug16:geom=rot180__color=id__order=rotate_left_1', '3a25b0d8:o1:d24:aug16:geom=flip_lr__color=p07_7690351428__order=rotate_left_1']",10780512768,18505269248,7724756480,0.4174355085827714,6453985280,6,2072,2241,2304,2304
917,881,FORWARD,,6,0,8,,5,"['3a25b0d8:o1:d24:aug16:geom=flip_lr__color=id__order=canonical', '3a25b0d8:o1:d24:aug16:geom=identity__color=p00_4150723698__order=canonical', '3a25b0d8:o1:d24:aug16:geom=identity__color=id__order=reverse', '3a25b0d8:o1:d24:aug16:geom=rot180__color=id__order=rotate_left_1', '3a25b0d8:o1:d24:aug16:geom=flip_lr__color=p07_7690351428__order=rotate_left_1']",10780513280,18505269248,7724755968,0.4174354809149762,6453985280,6,2072,2242,2304,2304
918,882,FORWARD,,6,0,8,,5,"['3a25b0d8:o1:d24:aug16:geom=flip_lr__color=id__order=canonical', '3a25b0d8:o1:d24:aug16:geom=identity__color=p00_4150723698__order=canonical', '3a25b0d8:o1:d24:aug16:geom=identity__color=id__order=reverse', '3a25b0d8:o1:d24:aug16:geom=rot180__color=id__order=rotate_left_1', '3a25b0d8:o1:d24:aug16:geom=flip_lr__color=p07_7690351428__order=rotate_left_1']",10780513792,18505269248,7724755456,0.417435453247181,6453985280,6,2072,2243,2304,2304
919,883,FORWARD,,6,0,8,,5,"['3a25b0d8:o1:d24:aug16:geom=flip_lr__color=id__order=canonical', '3a25b0d8:o1:d24:aug16:geom=identity__color=p00_4150723698__order=canonical', '3a25b0d8:o1:d24:aug16:geom=identity__color=id__order=reverse', '3a25b0d8:o1:d24:aug16:geom=rot180__color=id__order=rotate_left_1', '3a25b0d8:o1:d24:aug16:geom=flip_lr__color=p07_7690351428__order=rotate_left_1']",10780514304,18505269248,7724754944,0.4174354255793858,6453985280,6,2072,2244,2304,2304
920,884,FORWARD,,6,0,8,,2,"['3a25b0d8:o1:d24:aug16:geom=identity__color=id__order=reverse', '3a25b0d8:o1:d24:aug16:geom=flip_lr__color=p07_7690351428__order=rotate_left_1']",10780514816,18505269248,7724754432,0.41743539791159057,6453985280,6,2072,2239,2304,2304
921,885,FORWARD,,6,0,8,,2,"['3a25b0d8:o1:d24:aug16:geom=identity__color=id__order=reverse', '3a25b0d8:o1:d24:aug16:geom=flip_lr__color=p07_7690351428__order=rotate_left_1']",10780515328,18505269248,7724753920,0.41743537024379535,6453985280,6,2072,2239,2304,2304
922,886,FORWARD,,6,0,8,,2,"['3a25b0d8:o1:d24:aug16:geom=identity__color=id__order=reverse', '3a25b0d8:o1:d24:aug16:geom=flip_lr__color=p07_7690351428__order=rotate_left_1']",10780515328,18505269248,7724753920,0.41743537024379535,6453985280,6,2072,2239,2304,2304
923,887,FORWARD,,6,0,8,,2,"['3a25b0d8:o1:d24:aug16:geom=identity__color=id__order=reverse', '3a25b0d8:o1:d24:aug16:geom=flip_lr__color=p07_7690351428__order=rotate_left_1']",10780515840,18505269248,7724753408,0.4174353425760001,6453985280,6,2072,2239,2304,2304
924,888,FORWARD,,6,0,8,,2,"['3a25b0d8:o1:d24:aug16:geom=identity__color=id__order=reverse', '3a25b0d8:o1:d24:aug16:geom=flip_lr__color=p07_7690351428__order=rotate_left_1']",10780516352,18505269248,7724752896,0.4174353149082049,6453985280,6,2072,2239,2304,2304
925,889,FORWARD,,6,0,8,,2,"['3a25b0d8:o1:d24:aug16:geom=identity__color=id__order=reverse', '3a25b0d8:o1:d24:aug16:geom=flip_lr__color=p07_7690351428__order=rotate_left_1']",10780516864,18505269248,7724752384,0.4174352872404097,6453985280,6,2072,2239,2304,2304
926,890,FORWARD,,6,0,8,,2,"['3a25b0d8:o1:d24:aug16:geom=identity__color=id__order=reverse', '3a25b0d8:o1:d24:aug16:geom=flip_lr__color=p07_7690351428__order=rotate_left_1']",10780517376,18505269248,7724751872,0.41743525957261446,6453985280,6,2072,2239,2304,2304
927,891,FORWARD,,6,0,8,,2,"['3a25b0d8:o1:d24:aug16:geom=identity__color=id__order=reverse', '3a25b0d8:o1:d24:aug16:geom=flip_lr__color=p07_7690351428__order=rotate_left_1']",10780517888,18505269248,7724751360,0.41743523190481924,6453985280,6,2072,2239,2304,2304
928,892,FORWARD,,6,0,8,,2,"['3a25b0d8:o1:d24:aug16:geom=identity__color=id__order=reverse', '3a25b0d8:o1:d24:aug16:geom=flip_lr__color=p07_7690351428__order=rotate_left_1']",10780518400,18505269248,7724750848,0.417435204237024,6453985280,6,2072,2239,2304,2304
929,893,FORWARD,,6,0,8,,2,"['3a25b0d8:o1:d24:aug16:geom=identity__color=id__order=reverse', '3a25b0d8:o1:d24:aug16:geom=flip_lr__color=p07_7690351428__order=rotate_left_1']",10780518912,18505269248,7724750336,0.4174351765692288,6453985280,6,2072,2239,2304,2304
930,894,FORWARD,,6,0,8,,2,"['3a25b0d8:o1:d24:aug16:geom=identity__color=id__order=reverse', '3a25b0d8:o1:d24:aug16:geom=flip_lr__color=p07_7690351428__order=rotate_left_1']",10780519424,18505269248,7724749824,0.4174351489014336,6453985280,6,2072,2239,2304,2304
931,895,FORWARD,,6,0,8,,2,"['3a25b0d8:o1:d24:aug16:geom=identity__color=id__order=reverse', '3a25b0d8:o1:d24:aug16:geom=flip_lr__color=p07_7690351428__order=rotate_left_1']",10780519424,18505269248,7724749824,0.4174351489014336,6453985280,6,2072,2239,2304,2304
932,896,FORWARD,,6,0,8,,2,"['3a25b0d8:o1:d24:aug16:geom=identity__color=id__order=reverse', '3a25b0d8:o1:d24:aug16:geom=flip_lr__color=p07_7690351428__order=rotate_left_1']",10780519936,18505269248,7724749312,0.41743512123363835,6453985280,6,2072,2239,2304,2304
933,897,FORWARD,,6,0,8,,2,"['3a25b0d8:o1:d24:aug16:geom=identity__color=id__order=reverse', '3a25b0d8:o1:d24:aug16:geom=flip_lr__color=p07_7690351428__order=rotate_left_1']",10780520448,18505269248,7724748800,0.41743509356584313,6453985280,6,2072,2239,2304,2304
934,898,FORWARD,,6,0,8,,2,"['3a25b0d8:o1:d24:aug16:geom=identity__color=id__order=reverse', '3a25b0d8:o1:d24:aug16:geom=flip_lr__color=p07_7690351428__order=rotate_left_1']",10780520960,18505269248,7724748288,0.41743506589804796,6453985280,6,2072,2239,2304,2304
935,899,FORWARD,,6,0,8,,2,"['3a25b0d8:o1:d24:aug16:geom=identity__color=id__order=reverse', '3a25b0d8:o1:d24:aug16:geom=flip_lr__color=p07_7690351428__order=rotate_left_1']",10780521472,18505269248,7724747776,0.41743503823025274,6453985280,6,2072,2239,2304,2304
936,900,FORWARD,,6,0,8,,2,"['3a25b0d8:o1:d24:aug16:geom=identity__color=id__order=reverse', '3a25b0d8:o1:d24:aug16:geom=flip_lr__color=p07_7690351428__order=rotate_left_1']",10780521984,18505269248,7724747264,0.4174350105624575,6453985280,6,2072,2239,2304,2304
937,901,FORWARD,,6,0,8,,2,"['3a25b0d8:o1:d24:aug16:geom=identity__color=id__order=reverse', '3a25b0d8:o1:d24:aug16:geom=flip_lr__color=p07_7690351428__order=rotate_left_1']",10780522496,18505269248,7724746752,0.4174349828946623,6453985280,6,2072,2239,2304,2304
938,902,FORWARD,,6,0,8,,2,"['3a25b0d8:o1:d24:aug16:geom=identity__color=id__order=reverse', '3a25b0d8:o1:d24:aug16:geom=flip_lr__color=p07_7690351428__order=rotate_left_1']",10780523008,18505269248,7724746240,0.4174349552268671,6453985280,6,2072,2239,2304,2304
939,903,FORWARD,,6,0,8,,2,"['3a25b0d8:o1:d24:aug16:geom=identity__color=id__order=reverse', '3a25b0d8:o1:d24:aug16:geom=flip_lr__color=p07_7690351428__order=rotate_left_1']",10780523520,18505269248,7724745728,0.41743492755907186,6453985280,6,2072,2239,2304,2304
940,904,FORWARD,,6,0,8,,2,"['3a25b0d8:o1:d24:aug16:geom=identity__color=id__order=reverse', '3a25b0d8:o1:d24:aug16:geom=flip_lr__color=p07_7690351428__order=rotate_left_1']",10780524032,18505269248,7724745216,0.41743489989127663,6453985280,6,2072,2239,2304,2304
941,905,FORWARD,,6,0,8,,2,"['3a25b0d8:o1:d24:aug16:geom=identity__color=id__order=reverse', '3a25b0d8:o1:d24:aug16:geom=flip_lr__color=p07_7690351428__order=rotate_left_1']",10780524544,18505269248,7724744704,0.4174348722234814,6453985280,6,2072,2239,2304,2304
942,906,FORWARD,,6,0,8,,2,"['3a25b0d8:o1:d24:aug16:geom=identity__color=id__order=reverse', '3a25b0d8:o1:d24:aug16:geom=flip_lr__color=p07_7690351428__order=rotate_left_1']",10780525056,18505269248,7724744192,0.4174348445556862,6453985280,6,2072,2239,2304,2304
943,907,FORWARD,,6,0,8,,2,"['3a25b0d8:o1:d24:aug16:geom=identity__color=id__order=reverse', '3a25b0d8:o1:d24:aug16:geom=flip_lr__color=p07_7690351428__order=rotate_left_1']",10780525568,18505269248,7724743680,0.41743481688789097,6453985280,6,2072,2239,2304,2304
944,908,FORWARD,,6,0,8,,2,"['3a25b0d8:o1:d24:aug16:geom=identity__color=id__order=reverse', '3a25b0d8:o1:d24:aug16:geom=flip_lr__color=p07_7690351428__order=rotate_left_1']",10780526080,18505269248,7724743168,0.41743478922009575,6453985280,6,2072,2239,2304,2304
945,909,FORWARD,,6,0,8,,2,"['3a25b0d8:o1:d24:aug16:geom=identity__color=id__order=reverse', '3a25b0d8:o1:d24:aug16:geom=flip_lr__color=p07_7690351428__order=rotate_left_1']",10780526592,18505269248,7724742656,0.4174347615523005,6453985280,6,2072,2239,2304,2304
946,910,FORWARD,,6,0,8,,2,"['3a25b0d8:o1:d24:aug16:geom=identity__color=id__order=reverse', '3a25b0d8:o1:d24:aug16:geom=flip_lr__color=p07_7690351428__order=rotate_left_1']",10780527104,18505269248,7724742144,0.4174347338845053,6453985280,6,2072,2239,2304,2304
947,911,FORWARD,,6,0,8,,2,"['3a25b0d8:o1:d24:aug16:geom=identity__color=id__order=reverse', '3a25b0d8:o1:d24:aug16:geom=flip_lr__color=p07_7690351428__order=rotate_left_1']",10780527616,18505269248,7724741632,0.4174347062167101,6453985280,6,2072,2239,2304,2304
948,912,FORWARD,,6,0,8,,2,"['3a25b0d8:o1:d24:aug16:geom=identity__color=id__order=reverse', '3a25b0d8:o1:d24:aug16:geom=flip_lr__color=p07_7690351428__order=rotate_left_1']",10780528128,18505269248,7724741120,0.4174346785489149,6453985280,6,2072,2239,2304,2304
949,913,FORWARD,,6,0,8,,2,"['3a25b0d8:o1:d24:aug16:geom=identity__color=id__order=reverse', '3a25b0d8:o1:d24:aug16:geom=flip_lr__color=p07_7690351428__order=rotate_left_1']",10780528640,18505269248,7724740608,0.4174346508811197,6453985280,6,2072,2239,2304,2304
950,914,FORWARD,,6,0,8,,2,"['3a25b0d8:o1:d24:aug16:geom=identity__color=id__order=reverse', '3a25b0d8:o1:d24:aug16:geom=flip_lr__color=p07_7690351428__order=rotate_left_1']",10780529152,18505269248,7724740096,0.4174346232133245,6453985280,6,2072,2239,2304,2304
951,915,FORWARD,,6,0,8,,2,"['3a25b0d8:o1:d24:aug16:geom=identity__color=id__order=reverse', '3a25b0d8:o1:d24:aug16:geom=flip_lr__color=p07_7690351428__order=rotate_left_1']",10780529664,18505269248,7724739584,0.41743459554552925,6453985280,6,2072,2239,2304,2304
952,916,FORWARD,,6,0,8,,2,"['3a25b0d8:o1:d24:aug16:geom=identity__color=id__order=reverse', '3a25b0d8:o1:d24:aug16:geom=flip_lr__color=p07_7690351428__order=rotate_left_1']",10780530176,18505269248,7724739072,0.41743456787773403,6453985280,6,2072,2239,2304,2304
953,917,FORWARD,,6,0,8,,2,"['3a25b0d8:o1:d24:aug16:geom=identity__color=id__order=reverse', '3a25b0d8:o1:d24:aug16:geom=flip_lr__color=p07_7690351428__order=rotate_left_1']",10780530688,18505269248,7724738560,0.4174345402099388,6453985280,6,2072,2239,2304,2304
954,918,FORWARD,,6,0,8,,2,"['3a25b0d8:o1:d24:aug16:geom=identity__color=id__order=reverse', '3a25b0d8:o1:d24:aug16:geom=flip_lr__color=p07_7690351428__order=rotate_left_1']",10780531200,18505269248,7724738048,0.4174345125421436,6453985280,6,2072,2239,2304,2304
955,919,FORWARD,,6,0,8,,2,"['3a25b0d8:o1:d24:aug16:geom=identity__color=id__order=reverse', '3a25b0d8:o1:d24:aug16:geom=flip_lr__color=p07_7690351428__order=rotate_left_1']",10780531712,18505269248,7724737536,0.41743448487434837,6453985280,6,2072,2239,2304,2304
956,920,FORWARD,,6,0,8,,2,"['3a25b0d8:o1:d24:aug16:geom=identity__color=id__order=reverse', '3a25b0d8:o1:d24:aug16:geom=flip_lr__color=p07_7690351428__order=rotate_left_1']",10780532224,18505269248,7724737024,0.41743445720655314,6453985280,6,2072,2239,2304,2304
957,921,FORWARD,,6,0,8,,2,"['3a25b0d8:o1:d24:aug16:geom=identity__color=id__order=reverse', '3a25b0d8:o1:d24:aug16:geom=flip_lr__color=p07_7690351428__order=rotate_left_1']",10780532736,18505269248,7724736512,0.4174344295387579,6453985280,6,2072,2239,2304,2304
958,922,FORWARD,,6,0,8,,2,"['3a25b0d8:o1:d24:aug16:geom=identity__color=id__order=reverse', '3a25b0d8:o1:d24:aug16:geom=flip_lr__color=p07_7690351428__order=rotate_left_1']",10780533248,18505269248,7724736000,0.4174344018709627,6453985280,6,2072,2239,2304,2304
959,923,FORWARD,,6,0,8,,2,"['3a25b0d8:o1:d24:aug16:geom=identity__color=id__order=reverse', '3a25b0d8:o1:d24:aug16:geom=flip_lr__color=p07_7690351428__order=rotate_left_1']",10780533760,18505269248,7724735488,0.4174343742031675,6453985280,6,2072,2239,2304,2304
960,924,FORWARD,,6,0,8,,2,"['3a25b0d8:o1:d24:aug16:geom=identity__color=id__order=reverse', '3a25b0d8:o1:d24:aug16:geom=flip_lr__color=p07_7690351428__order=rotate_left_1']",10780534272,18505269248,7724734976,0.41743434653537226,6453985280,6,2072,2239,2304,2304
961,925,FORWARD,,6,0,8,,2,"['3a25b0d8:o1:d24:aug16:geom=identity__color=id__order=reverse', '3a25b0d8:o1:d24:aug16:geom=flip_lr__color=p07_7690351428__order=rotate_left_1']",10780534784,18505269248,7724734464,0.41743431886757704,6453985280,6,2072,2239,2304,2304
962,926,FORWARD,,6,0,8,,2,"['3a25b0d8:o1:d24:aug16:geom=identity__color=id__order=reverse', '3a25b0d8:o1:d24:aug16:geom=flip_lr__color=p07_7690351428__order=rotate_left_1']",10780535296,18505269248,7724733952,0.41743429119978187,6453985280,6,2072,2239,2304,2304
963,927,FORWARD,,6,0,8,,2,"['3a25b0d8:o1:d24:aug16:geom=identity__color=id__order=reverse', '3a25b0d8:o1:d24:aug16:geom=flip_lr__color=p07_7690351428__order=rotate_left_1']",10780535808,18505269248,7724733440,0.41743426353198665,6453985280,6,2072,2239,2304,2304
964,928,FORWARD,,6,0,8,,2,"['3a25b0d8:o1:d24:aug16:geom=identity__color=id__order=reverse', '3a25b0d8:o1:d24:aug16:geom=flip_lr__color=p07_7690351428__order=rotate_left_1']",10780536320,18505269248,7724732928,0.4174342358641914,6453985280,6,2072,2239,2304,2304
965,929,FORWARD,,6,0,8,,2,"['3a25b0d8:o1:d24:aug16:geom=identity__color=id__order=reverse', '3a25b0d8:o1:d24:aug16:geom=flip_lr__color=p07_7690351428__order=rotate_left_1']",10780536832,18505269248,7724732416,0.4174342081963962,6453985280,6,2072,2239,2304,2304
966,930,FORWARD,,6,0,8,,2,"['3a25b0d8:o1:d24:aug16:geom=identity__color=id__order=reverse', '3a25b0d8:o1:d24:aug16:geom=flip_lr__color=p07_7690351428__order=rotate_left_1']",10780537344,18505269248,7724731904,0.417434180528601,6453985280,6,2072,2239,2304,2304
967,931,FORWARD,,6,0,8,,2,"['3a25b0d8:o1:d24:aug16:geom=identity__color=id__order=reverse', '3a25b0d8:o1:d24:aug16:geom=flip_lr__color=p07_7690351428__order=rotate_left_1']",10780537856,18505269248,7724731392,0.41743415286080576,6453985280,6,2072,2239,2304,2304
968,932,FORWARD,,6,0,8,,2,"['3a25b0d8:o1:d24:aug16:geom=identity__color=id__order=reverse', '3a25b0d8:o1:d24:aug16:geom=flip_lr__color=p07_7690351428__order=rotate_left_1']",10780538368,18505269248,7724730880,0.41743412519301054,6453985280,6,2072,2239,2304,2304
969,933,FORWARD,,6,0,8,,2,"['3a25b0d8:o1:d24:aug16:geom=identity__color=id__order=reverse', '3a25b0d8:o1:d24:aug16:geom=flip_lr__color=p07_7690351428__order=rotate_left_1']",10780538880,18505269248,7724730368,0.4174340975252153,6453985280,6,2072,2239,2304,2304
970,934,FORWARD,,6,0,8,,2,"['3a25b0d8:o1:d24:aug16:geom=identity__color=id__order=reverse', '3a25b0d8:o1:d24:aug16:geom=flip_lr__color=p07_7690351428__order=rotate_left_1']",10780539392,18505269248,7724729856,0.4174340698574201,6453985280,6,2072,2239,2304,2304
971,935,FORWARD,,6,0,8,,2,"['3a25b0d8:o1:d24:aug16:geom=identity__color=id__order=reverse', '3a25b0d8:o1:d24:aug16:geom=flip_lr__color=p07_7690351428__order=rotate_left_1']",10780539904,18505269248,7724729344,0.4174340421896249,6453985280,6,2072,2239,2304,2304
972,936,FORWARD,,6,0,8,,2,"['3a25b0d8:o1:d24:aug16:geom=identity__color=id__order=reverse', '3a25b0d8:o1:d24:aug16:geom=flip_lr__color=p07_7690351428__order=rotate_left_1']",10780540416,18505269248,7724728832,0.41743401452182965,6453985280,6,2072,2239,2304,2304
973,937,FORWARD,,6,0,8,,2,"['3a25b0d8:o1:d24:aug16:geom=identity__color=id__order=reverse', '3a25b0d8:o1:d24:aug16:geom=flip_lr__color=p07_7690351428__order=rotate_left_1']",10780540928,18505269248,7724728320,0.41743398685403443,6453985280,6,2072,2239,2304,2304
974,938,FORWARD,,6,0,8,,2,"['3a25b0d8:o1:d24:aug16:geom=identity__color=id__order=reverse', '3a25b0d8:o1:d24:aug16:geom=flip_lr__color=p07_7690351428__order=rotate_left_1']",10780541440,18505269248,7724727808,0.4174339591862392,6453985280,6,2072,2239,2304,2304
975,939,FORWARD,,6,0,8,,2,"['3a25b0d8:o1:d24:aug16:geom=identity__color=id__order=reverse', '3a25b0d8:o1:d24:aug16:geom=flip_lr__color=p07_7690351428__order=rotate_left_1']",10780541952,18505269248,7724727296,0.417433931518444,6453985280,6,2072,2239,2304,2304
976,940,FORWARD,,6,0,8,,2,"['3a25b0d8:o1:d24:aug16:geom=identity__color=id__order=reverse', '3a25b0d8:o1:d24:aug16:geom=flip_lr__color=p07_7690351428__order=rotate_left_1']",10780542464,18505269248,7724726784,0.4174339038506488,6453985280,6,2072,2239,2304,2304
977,941,FORWARD,,6,0,8,,2,"['3a25b0d8:o1:d24:aug16:geom=identity__color=id__order=reverse', '3a25b0d8:o1:d24:aug16:geom=flip_lr__color=p07_7690351428__order=rotate_left_1']",10780542976,18505269248,7724726272,0.4174338761828536,6453985280,6,2072,2239,2304,2304
978,942,FORWARD,,6,0,8,,2,"['3a25b0d8:o1:d24:aug16:geom=identity__color=id__order=reverse', '3a25b0d8:o1:d24:aug16:geom=flip_lr__color=p07_7690351428__order=rotate_left_1']",10780543488,18505269248,7724725760,0.4174338485150584,6453985280,6,2072,2239,2304,2304
979,943,FORWARD,,6,0,8,,2,"['3a25b0d8:o1:d24:aug16:geom=identity__color=id__order=reverse', '3a25b0d8:o1:d24:aug16:geom=flip_lr__color=p07_7690351428__order=rotate_left_1']",10780544000,18505269248,7724725248,0.41743382084726316,6453985280,6,2072,2239,2304,2304
980,944,FORWARD,,6,0,8,,2,"['3a25b0d8:o1:d24:aug16:geom=identity__color=id__order=reverse', '3a25b0d8:o1:d24:aug16:geom=flip_lr__color=p07_7690351428__order=rotate_left_1']",10780544512,18505269248,7724724736,0.41743379317946794,6453985280,6,2072,2239,2304,2304
981,945,FORWARD,,6,0,8,,2,"['3a25b0d8:o1:d24:aug16:geom=identity__color=id__order=reverse', '3a25b0d8:o1:d24:aug16:geom=flip_lr__color=p07_7690351428__order=rotate_left_1']",10780545024,18505269248,7724724224,0.4174337655116727,6453985280,6,2072,2239,2304,2304
982,946,FORWARD,,6,0,8,,2,"['3a25b0d8:o1:d24:aug16:geom=identity__color=id__order=reverse', '3a25b0d8:o1:d24:aug16:geom=flip_lr__color=p07_7690351428__order=rotate_left_1']",10780545536,18505269248,7724723712,0.4174337378438775,6453985280,6,2072,2239,2304,2304
983,947,FORWARD,,6,0,8,,2,"['3a25b0d8:o1:d24:aug16:geom=identity__color=id__order=reverse', '3a25b0d8:o1:d24:aug16:geom=flip_lr__color=p07_7690351428__order=rotate_left_1']",10780546048,18505269248,7724723200,0.4174337101760823,6453985280,6,2072,2239,2304,2304
984,948,FORWARD,,6,0,8,,2,"['3a25b0d8:o1:d24:aug16:geom=identity__color=id__order=reverse', '3a25b0d8:o1:d24:aug16:geom=flip_lr__color=p07_7690351428__order=rotate_left_1']",10780546560,18505269248,7724722688,0.41743368250828705,6453985280,6,2072,2239,2304,2304
985,949,FORWARD,,6,0,8,,2,"['3a25b0d8:o1:d24:aug16:geom=identity__color=id__order=reverse', '3a25b0d8:o1:d24:aug16:geom=flip_lr__color=p07_7690351428__order=rotate_left_1']",10780547072,18505269248,7724722176,0.41743365484049183,6453985280,6,2072,2239,2304,2304
986,950,FORWARD,,6,0,8,,2,"['3a25b0d8:o1:d24:aug16:geom=identity__color=id__order=reverse', '3a25b0d8:o1:d24:aug16:geom=flip_lr__color=p07_7690351428__order=rotate_left_1']",10780547584,18505269248,7724721664,0.4174336271726966,6453985280,6,2072,2239,2304,2304
987,951,FORWARD,,6,0,8,,2,"['3a25b0d8:o1:d24:aug16:geom=identity__color=id__order=reverse', '3a25b0d8:o1:d24:aug16:geom=flip_lr__color=p07_7690351428__order=rotate_left_1']",10780548096,18505269248,7724721152,0.4174335995049014,6453985280,6,2072,2239,2304,2304
988,952,FORWARD,,6,0,8,,2,"['3a25b0d8:o1:d24:aug16:geom=identity__color=id__order=reverse', '3a25b0d8:o1:d24:aug16:geom=flip_lr__color=p07_7690351428__order=rotate_left_1']",10780548608,18505269248,7724720640,0.41743357183710617,6453985280,6,2072,2239,2304,2304
989,953,FORWARD,,6,0,8,,2,"['3a25b0d8:o1:d24:aug16:geom=identity__color=id__order=reverse', '3a25b0d8:o1:d24:aug16:geom=flip_lr__color=p07_7690351428__order=rotate_left_1']",10780549120,18505269248,7724720128,0.41743354416931094,6453985280,6,2072,2239,2304,2304
990,954,FORWARD,,6,0,8,,2,"['3a25b0d8:o1:d24:aug16:geom=identity__color=id__order=reverse', '3a25b0d8:o1:d24:aug16:geom=flip_lr__color=p07_7690351428__order=rotate_left_1']",10780549632,18505269248,7724719616,0.4174335165015158,6453985280,6,2072,2239,2304,2304
991,955,FORWARD,,6,0,8,,2,"['3a25b0d8:o1:d24:aug16:geom=identity__color=id__order=reverse', '3a25b0d8:o1:d24:aug16:geom=flip_lr__color=p07_7690351428__order=rotate_left_1']",10780550144,18505269248,7724719104,0.41743348883372056,6453985280,6,2072,2239,2304,2304
992,956,FORWARD,,6,0,8,,2,"['3a25b0d8:o1:d24:aug16:geom=identity__color=id__order=reverse', '3a25b0d8:o1:d24:aug16:geom=flip_lr__color=p07_7690351428__order=rotate_left_1']",10780550656,18505269248,7724718592,0.41743346116592533,6453985280,6,2072,2239,2304,2304
993,957,FORWARD,,6,0,8,,2,"['3a25b0d8:o1:d24:aug16:geom=identity__color=id__order=reverse', '3a25b0d8:o1:d24:aug16:geom=flip_lr__color=p07_7690351428__order=rotate_left_1']",10780551168,18505269248,7724718080,0.4174334334981301,6453985280,6,2072,2239,2304,2304
994,958,FORWARD,,6,0,8,,2,"['3a25b0d8:o1:d24:aug16:geom=identity__color=id__order=reverse', '3a25b0d8:o1:d24:aug16:geom=flip_lr__color=p07_7690351428__order=rotate_left_1']",10780551680,18505269248,7724717568,0.4174334058303349,6453985280,6,2072,2239,2304,2304
995,959,FORWARD,,6,0,8,,2,"['3a25b0d8:o1:d24:aug16:geom=identity__color=id__order=reverse', '3a25b0d8:o1:d24:aug16:geom=flip_lr__color=p07_7690351428__order=rotate_left_1']",10780552192,18505269248,7724717056,0.41743337816253967,6453985280,6,2072,2239,2304,2304
996,960,FORWARD,,6,0,8,,2,"['3a25b0d8:o1:d24:aug16:geom=identity__color=id__order=reverse', '3a25b0d8:o1:d24:aug16:geom=flip_lr__color=p07_7690351428__order=rotate_left_1']",10780552704,18505269248,7724716544,0.41743335049474445,6453985280,6,2072,2239,2304,2304
997,961,FORWARD,,6,0,8,,2,"['3a25b0d8:o1:d24:aug16:geom=identity__color=id__order=reverse', '3a25b0d8:o1:d24:aug16:geom=flip_lr__color=p07_7690351428__order=rotate_left_1']",10780553216,18505269248,7724716032,0.4174333228269492,6453985280,6,2072,2239,2304,2304
998,962,FORWARD,,6,0,8,,2,"['3a25b0d8:o1:d24:aug16:geom=identity__color=id__order=reverse', '3a25b0d8:o1:d24:aug16:geom=flip_lr__color=p07_7690351428__order=rotate_left_1']",10780553728,18505269248,7724715520,0.417433295159154,6453985280,6,2072,2239,2304,2304
999,963,FORWARD,,6,0,8,,2,"['3a25b0d8:o1:d24:aug16:geom=identity__color=id__order=reverse', '3a25b0d8:o1:d24:aug16:geom=flip_lr__color=p07_7690351428__order=rotate_left_1']",10780554240,18505269248,7724715008,0.4174332674913588,6453985280,6,2072,2239,2304,2304
1000,964,FORWARD,,6,0,8,,2,"['3a25b0d8:o1:d24:aug16:geom=identity__color=id__order=reverse', '3a25b0d8:o1:d24:aug16:geom=flip_lr__color=p07_7690351428__order=rotate_left_1']",10780554752,18505269248,7724714496,0.41743323982356356,6453985280,6,2072,2239,2304,2304
1001,965,FORWARD,,6,0,8,,2,"['3a25b0d8:o1:d24:aug16:geom=identity__color=id__order=reverse', '3a25b0d8:o1:d24:aug16:geom=flip_lr__color=p07_7690351428__order=rotate_left_1']",10780555264,18505269248,7724713984,0.41743321215576834,6453985280,6,2072,2239,2304,2304
1002,966,FORWARD,,6,0,8,,2,"['3a25b0d8:o1:d24:aug16:geom=identity__color=id__order=reverse', '3a25b0d8:o1:d24:aug16:geom=flip_lr__color=p07_7690351428__order=rotate_left_1']",10780555776,18505269248,7724713472,0.4174331844879731,6453985280,6,2072,2239,2304,2304
1003,967,FORWARD,,6,0,8,,2,"['3a25b0d8:o1:d24:aug16:geom=identity__color=id__order=reverse', '3a25b0d8:o1:d24:aug16:geom=flip_lr__color=p07_7690351428__order=rotate_left_1']",10780556288,18505269248,7724712960,0.4174331568201779,6453985280,6,2072,2239,2304,2304
1004,968,FORWARD,,6,0,8,,2,"['3a25b0d8:o1:d24:aug16:geom=identity__color=id__order=reverse', '3a25b0d8:o1:d24:aug16:geom=flip_lr__color=p07_7690351428__order=rotate_left_1']",10780556800,18505269248,7724712448,0.41743312915238273,6453985280,6,2072,2239,2304,2304
1005,969,FORWARD,,6,0,8,,2,"['3a25b0d8:o1:d24:aug16:geom=identity__color=id__order=reverse', '3a25b0d8:o1:d24:aug16:geom=flip_lr__color=p07_7690351428__order=rotate_left_1']",10780557312,18505269248,7724711936,0.4174331014845875,6453985280,6,2072,2239,2304,2304
1006,970,FORWARD,,6,0,8,,2,"['3a25b0d8:o1:d24:aug16:geom=identity__color=id__order=reverse', '3a25b0d8:o1:d24:aug16:geom=flip_lr__color=p07_7690351428__order=rotate_left_1']",10780557824,18505269248,7724711424,0.4174330738167923,6453985280,6,2072,2239,2304,2304
1007,971,FORWARD,,6,0,8,,3,"['3a25b0d8:o1:d24:aug16:geom=identity__color=p00_4150723698__order=canonical', '3a25b0d8:o1:d24:aug16:geom=identity__color=id__order=reverse', '3a25b0d8:o1:d24:aug16:geom=flip_lr__color=p07_7690351428__order=rotate_left_1']",10780558336,18505269248,7724710912,0.41743304614899707,6453985280,6,2072,2239,2304,2304
1008,972,FORWARD,,6,0,8,,3,"['3a25b0d8:o1:d24:aug16:geom=identity__color=p00_4150723698__order=canonical', '3a25b0d8:o1:d24:aug16:geom=identity__color=id__order=reverse', '3a25b0d8:o1:d24:aug16:geom=flip_lr__color=p07_7690351428__order=rotate_left_1']",10780558848,18505269248,7724710400,0.41743301848120185,6453985280,6,2072,2239,2304,2304
1009,972,TERMINATE,3a25b0d8:o1:d24:aug16:geom=identity__color=id__order=reverse,6,0,8,budget_exhausted,3,"['3a25b0d8:o1:d24:aug16:geom=identity__color=p00_4150723698__order=canonical', '3a25b0d8:o1:d24:aug16:geom=identity__color=id__order=reverse', '3a25b0d8:o1:d24:aug16:geom=flip_lr__color=p07_7690351428__order=rotate_left_1']",10780558336,18505269248,7724710912,0.41743304614899707,6453985280,6,2072,2239,2304,2304
1010,972,RELEASE,3a25b0d8:o1:d24:aug16:geom=identity__color=id__order=reverse,5,0,8,budget_exhausted,3,"['3a25b0d8:o1:d24:aug16:geom=identity__color=p00_4150723698__order=canonical', '3a25b0d8:o1:d24:aug16:geom=identity__color=id__order=reverse', '3a25b0d8:o1:d24:aug16:geom=flip_lr__color=p07_7690351428__order=rotate_left_1']",10780558336,18505269248,7724710912,0.41743304614899707,6453985280,5,2072,2239,2304,2304
1011,972,TERMINATE,3a25b0d8:o1:d24:aug16:geom=flip_lr__color=p07_7690351428__order=rotate_left_1,5,0,8,budget_exhausted,3,"['3a25b0d8:o1:d24:aug16:geom=identity__color=p00_4150723698__order=canonical', '3a25b0d8:o1:d24:aug16:geom=identity__color=id__order=reverse', '3a25b0d8:o1:d24:aug16:geom=flip_lr__color=p07_7690351428__order=rotate_left_1']",10780558336,18505269248,7724710912,0.41743304614899707,6453985280,5,2072,2239,2304,2304
1012,972,RELEASE,3a25b0d8:o1:d24:aug16:geom=flip_lr__color=p07_7690351428__order=rotate_left_1,4,0,8,budget_exhausted,3,"['3a25b0d8:o1:d24:aug16:geom=identity__color=p00_4150723698__order=canonical', '3a25b0d8:o1:d24:aug16:geom=identity__color=id__order=reverse', '3a25b0d8:o1:d24:aug16:geom=flip_lr__color=p07_7690351428__order=rotate_left_1']",10780558336,18505269248,7724710912,0.41743304614899707,6453985280,4,2072,2239,2304,2304
1013,973,FORWARD,,4,0,8,,1,['3a25b0d8:o1:d24:aug16:geom=flip_lr__color=id__order=canonical'],10780558336,18505269248,7724710912,0.41743304614899707,6453985280,4,2072,2239,2304,2304
1014,974,FORWARD,,4,0,8,,1,['3a25b0d8:o1:d24:aug16:geom=flip_lr__color=id__order=canonical'],10780558848,18505269248,7724710400,0.41743301848120185,6453985280,4,2072,2240,2304,2304
1015,975,FORWARD,,4,0,8,,1,['3a25b0d8:o1:d24:aug16:geom=flip_lr__color=id__order=canonical'],10780559360,18505269248,7724709888,0.4174329908134066,6453985280,4,2072,2241,2304,2304
1016,976,FORWARD,,4,0,8,,1,['3a25b0d8:o1:d24:aug16:geom=flip_lr__color=id__order=canonical'],10780559872,18505269248,7724709376,0.4174329631456114,6453985280,4,2072,2242,2304,2304
1017,977,FORWARD,,4,0,8,,1,['3a25b0d8:o1:d24:aug16:geom=flip_lr__color=id__order=canonical'],10780560384,18505269248,7724708864,0.4174329354778162,6453985280,4,2072,2243,2304,2304
1018,978,FORWARD,,4,0,8,,1,['3a25b0d8:o1:d24:aug16:geom=flip_lr__color=id__order=canonical'],10780560896,18505269248,7724708352,0.41743290781002096,6453985280,4,2072,2244,2304,2304
1019,979,FORWARD,,4,0,8,,1,['3a25b0d8:o1:d24:aug16:geom=flip_lr__color=id__order=canonical'],10780558848,18505269248,7724710400,0.41743301848120185,6453985280,4,2072,2227,2304,2304
1020,980,FORWARD,,4,0,8,,1,['3a25b0d8:o1:d24:aug16:geom=flip_lr__color=id__order=canonical'],10780558848,18505269248,7724710400,0.41743301848120185,6453985280,4,2072,2228,2304,2304
1021,981,FORWARD,,4,0,8,,1,['3a25b0d8:o1:d24:aug16:geom=flip_lr__color=id__order=canonical'],10780559360,18505269248,7724709888,0.4174329908134066,6453985280,4,2072,2229,2304,2304
1022,982,FORWARD,,4,0,8,,1,['3a25b0d8:o1:d24:aug16:geom=flip_lr__color=id__order=canonical'],10780559872,18505269248,7724709376,0.4174329631456114,6453985280,4,2072,2230,2304,2304
1023,983,FORWARD,,4,0,8,,1,['3a25b0d8:o1:d24:aug16:geom=flip_lr__color=id__order=canonical'],10780560384,18505269248,7724708864,0.4174329354778162,6453985280,4,2072,2231,2304,2304
1024,984,FORWARD,,4,0,8,,1,['3a25b0d8:o1:d24:aug16:geom=flip_lr__color=id__order=canonical'],10780560896,18505269248,7724708352,0.41743290781002096,6453985280,4,2072,2232,2304,2304
1025,985,FORWARD,,4,0,8,,1,['3a25b0d8:o1:d24:aug16:geom=flip_lr__color=id__order=canonical'],10780561408,18505269248,7724707840,0.41743288014222574,6453985280,4,2072,2233,2304,2304
1026,986,FORWARD,,4,0,8,,1,['3a25b0d8:o1:d24:aug16:geom=flip_lr__color=id__order=canonical'],10780561920,18505269248,7724707328,0.4174328524744305,6453985280,4,2072,2234,2304,2304
1027,987,FORWARD,,4,0,8,,1,['3a25b0d8:o1:d24:aug16:geom=flip_lr__color=id__order=canonical'],10780562432,18505269248,7724706816,0.4174328248066353,6453985280,4,2072,2235,2304,2304
1028,988,FORWARD,,4,0,8,,1,['3a25b0d8:o1:d24:aug16:geom=flip_lr__color=id__order=canonical'],10780562944,18505269248,7724706304,0.4174327971388401,6453985280,4,2072,2236,2304,2304
1029,989,FORWARD,,4,0,8,,1,['3a25b0d8:o1:d24:aug16:geom=flip_lr__color=id__order=canonical'],10780563456,18505269248,7724705792,0.41743276947104485,6453985280,4,2072,2237,2304,2304
1030,990,FORWARD,,4,0,8,,1,['3a25b0d8:o1:d24:aug16:geom=flip_lr__color=id__order=canonical'],10780563968,18505269248,7724705280,0.4174327418032497,6453985280,4,2072,2238,2304,2304
1031,991,FORWARD,,4,0,8,,1,['3a25b0d8:o1:d24:aug16:geom=flip_lr__color=id__order=canonical'],10780564480,18505269248,7724704768,0.41743271413545446,6453985280,4,2072,2239,2304,2304
1032,992,FORWARD,,4,0,8,,1,['3a25b0d8:o1:d24:aug16:geom=flip_lr__color=id__order=canonical'],10780564992,18505269248,7724704256,0.41743268646765924,6453985280,4,2072,2240,2304,2304
1033,993,FORWARD,,4,0,8,,1,['3a25b0d8:o1:d24:aug16:geom=flip_lr__color=id__order=canonical'],10780565504,18505269248,7724703744,0.417432658799864,6453985280,4,2072,2241,2304,2304
1034,994,FORWARD,,4,0,8,,1,['3a25b0d8:o1:d24:aug16:geom=flip_lr__color=id__order=canonical'],10780566016,18505269248,7724703232,0.4174326311320688,6453985280,4,2072,2242,2304,2304
1035,995,FORWARD,,4,0,8,,1,['3a25b0d8:o1:d24:aug16:geom=flip_lr__color=id__order=canonical'],10780566528,18505269248,7724702720,0.4174326034642736,6453985280,4,2072,2243,2304,2304
1036,996,FORWARD,,4,0,8,,1,['3a25b0d8:o1:d24:aug16:geom=flip_lr__color=id__order=canonical'],10780567040,18505269248,7724702208,0.41743257579647836,6453985280,4,2072,2244,2304,2304
1037,997,FORWARD,,4,0,8,,1,['3a25b0d8:o1:d24:aug16:geom=flip_lr__color=id__order=canonical'],10780558848,18505269248,7724710400,0.41743301848120185,6453985280,4,2072,2212,2304,2304
1038,998,FORWARD,,4,0,8,,1,['3a25b0d8:o1:d24:aug16:geom=flip_lr__color=id__order=canonical'],10780558848,18505269248,7724710400,0.41743301848120185,6453985280,4,2072,2213,2304,2304
1039,999,FORWARD,,4,0,8,,1,['3a25b0d8:o1:d24:aug16:geom=flip_lr__color=id__order=canonical'],10780559360,18505269248,7724709888,0.4174329908134066,6453985280,4,2072,2214,2304,2304
1040,1000,FORWARD,,4,0,8,,1,['3a25b0d8:o1:d24:aug16:geom=flip_lr__color=id__order=canonical'],10780559872,18505269248,7724709376,0.4174329631456114,6453985280,4,2072,2215,2304,2304
1041,1001,FORWARD,,4,0,8,,1,['3a25b0d8:o1:d24:aug16:geom=flip_lr__color=id__order=canonical'],10780560384,18505269248,7724708864,0.4174329354778162,6453985280,4,2072,2216,2304,2304
1042,1002,FORWARD,,4,0,8,,1,['3a25b0d8:o1:d24:aug16:geom=flip_lr__color=id__order=canonical'],10780558336,18505269248,7724710912,0.41743304614899707,6453985280,4,2072,2217,2304,2304
1043,1003,FORWARD,,4,0,8,,1,['3a25b0d8:o1:d24:aug16:geom=flip_lr__color=id__order=canonical'],10780558848,18505269248,7724710400,0.41743301848120185,6453985280,4,2072,2218,2304,2304
1044,1004,FORWARD,,4,0,8,,1,['3a25b0d8:o1:d24:aug16:geom=flip_lr__color=id__order=canonical'],10780559360,18505269248,7724709888,0.4174329908134066,6453985280,4,2072,2219,2304,2304
1045,1005,FORWARD,,4,0,8,,1,['3a25b0d8:o1:d24:aug16:geom=flip_lr__color=id__order=canonical'],10780559872,18505269248,7724709376,0.4174329631456114,6453985280,4,2072,2220,2304,2304
1046,1006,FORWARD,,4,0,8,,1,['3a25b0d8:o1:d24:aug16:geom=flip_lr__color=id__order=canonical'],10780560384,18505269248,7724708864,0.4174329354778162,6453985280,4,2072,2221,2304,2304
1047,1007,FORWARD,,4,0,8,,1,['3a25b0d8:o1:d24:aug16:geom=flip_lr__color=id__order=canonical'],10780560896,18505269248,7724708352,0.41743290781002096,6453985280,4,2072,2222,2304,2304
1048,1008,FORWARD,,4,0,8,,1,['3a25b0d8:o1:d24:aug16:geom=flip_lr__color=id__order=canonical'],10780561408,18505269248,7724707840,0.41743288014222574,6453985280,4,2072,2223,2304,2304
1049,1009,FORWARD,,4,0,8,,1,['3a25b0d8:o1:d24:aug16:geom=flip_lr__color=id__order=canonical'],10780561920,18505269248,7724707328,0.4174328524744305,6453985280,4,2072,2224,2304,2304
1050,1010,FORWARD,,4,0,8,,1,['3a25b0d8:o1:d24:aug16:geom=flip_lr__color=id__order=canonical'],10780562432,18505269248,7724706816,0.4174328248066353,6453985280,4,2072,2225,2304,2304
1051,1011,FORWARD,,4,0,8,,1,['3a25b0d8:o1:d24:aug16:geom=flip_lr__color=id__order=canonical'],10780562944,18505269248,7724706304,0.4174327971388401,6453985280,4,2072,2226,2304,2304
1052,1012,FORWARD,,4,0,8,,1,['3a25b0d8:o1:d24:aug16:geom=flip_lr__color=id__order=canonical'],10780563456,18505269248,7724705792,0.41743276947104485,6453985280,4,2072,2227,2304,2304
1053,1013,FORWARD,,4,0,8,,1,['3a25b0d8:o1:d24:aug16:geom=flip_lr__color=id__order=canonical'],10780563968,18505269248,7724705280,0.4174327418032497,6453985280,4,2072,2228,2304,2304
1054,1014,FORWARD,,4,0,8,,1,['3a25b0d8:o1:d24:aug16:geom=flip_lr__color=id__order=canonical'],10780564480,18505269248,7724704768,0.41743271413545446,6453985280,4,2072,2229,2304,2304
1055,1015,FORWARD,,4,0,8,,1,['3a25b0d8:o1:d24:aug16:geom=flip_lr__color=id__order=canonical'],10780564992,18505269248,7724704256,0.41743268646765924,6453985280,4,2072,2230,2304,2304
1056,1016,FORWARD,,4,0,8,,1,['3a25b0d8:o1:d24:aug16:geom=flip_lr__color=id__order=canonical'],10780565504,18505269248,7724703744,0.417432658799864,6453985280,4,2072,2231,2304,2304
1057,1017,FORWARD,,4,0,8,,1,['3a25b0d8:o1:d24:aug16:geom=flip_lr__color=id__order=canonical'],10780566016,18505269248,7724703232,0.4174326311320688,6453985280,4,2072,2232,2304,2304
1058,1018,FORWARD,,4,0,8,,1,['3a25b0d8:o1:d24:aug16:geom=flip_lr__color=id__order=canonical'],10780566528,18505269248,7724702720,0.4174326034642736,6453985280,4,2072,2233,2304,2304
1059,1019,FORWARD,,4,0,8,,1,['3a25b0d8:o1:d24:aug16:geom=flip_lr__color=id__order=canonical'],10780567040,18505269248,7724702208,0.41743257579647836,6453985280,4,2072,2234,2304,2304
1060,1020,FORWARD,,4,0,8,,1,['3a25b0d8:o1:d24:aug16:geom=flip_lr__color=id__order=canonical'],10780567552,18505269248,7724701696,0.41743254812868313,6453985280,4,2072,2235,2304,2304
1061,1021,FORWARD,,4,0,8,,1,['3a25b0d8:o1:d24:aug16:geom=flip_lr__color=id__order=canonical'],10780568064,18505269248,7724701184,0.4174325204608879,6453985280,4,2072,2236,2304,2304
1062,1022,FORWARD,,4,0,8,,1,['3a25b0d8:o1:d24:aug16:geom=flip_lr__color=id__order=canonical'],10780568576,18505269248,7724700672,0.4174324927930927,6453985280,4,2072,2237,2304,2304
1063,1023,FORWARD,,4,0,8,,1,['3a25b0d8:o1:d24:aug16:geom=flip_lr__color=id__order=canonical'],10780569088,18505269248,7724700160,0.41743246512529747,6453985280,4,2072,2238,2304,2304
1064,1024,FORWARD,,4,0,8,,1,['3a25b0d8:o1:d24:aug16:geom=flip_lr__color=id__order=canonical'],10780569600,18505269248,7724699648,0.41743243745750225,6453985280,4,2072,2239,2304,2304
1065,1025,FORWARD,,4,0,8,,1,['3a25b0d8:o1:d24:aug16:geom=flip_lr__color=id__order=canonical'],10780570112,18505269248,7724699136,0.417432409789707,6453985280,4,2072,2240,2304,2304
1066,1026,FORWARD,,4,0,8,,1,['3a25b0d8:o1:d24:aug16:geom=flip_lr__color=id__order=canonical'],10780570624,18505269248,7724698624,0.4174323821219118,6453985280,4,2072,2241,2304,2304
1067,1027,FORWARD,,4,0,8,,1,['3a25b0d8:o1:d24:aug16:geom=flip_lr__color=id__order=canonical'],10780571136,18505269248,7724698112,0.41743235445411664,6453985280,4,2072,2242,2304,2304
1068,1028,FORWARD,,4,0,8,,1,['3a25b0d8:o1:d24:aug16:geom=flip_lr__color=id__order=canonical'],10780571648,18505269248,7724697600,0.4174323267863214,6453985280,4,2072,2243,2304,2304
1069,1029,FORWARD,,4,0,8,,1,['3a25b0d8:o1:d24:aug16:geom=flip_lr__color=id__order=canonical'],10780572160,18505269248,7724697088,0.4174322991185262,6453985280,4,2072,2244,2304,2304
1070,1030,FORWARD,,4,0,8,,1,['3a25b0d8:o1:d24:aug16:geom=flip_lr__color=id__order=canonical'],10780570624,18505269248,7724698624,0.4174323821219118,6453985280,4,2072,2239,2304,2304
1071,1031,FORWARD,,4,0,8,,1,['3a25b0d8:o1:d24:aug16:geom=flip_lr__color=id__order=canonical'],10780570112,18505269248,7724699136,0.417432409789707,6453985280,4,2072,2240,2304,2304
1072,1031,TERMINATE,3a25b0d8:o1:d24:aug16:geom=flip_lr__color=id__order=canonical,4,0,8,budget_exhausted,1,['3a25b0d8:o1:d24:aug16:geom=flip_lr__color=id__order=canonical'],10780555776,18505269248,7724713472,0.4174331844879731,6453985280,4,2072,2191,2304,2304
1073,1031,RELEASE,3a25b0d8:o1:d24:aug16:geom=flip_lr__color=id__order=canonical,3,0,8,budget_exhausted,1,['3a25b0d8:o1:d24:aug16:geom=flip_lr__color=id__order=canonical'],10780555776,18505269248,7724713472,0.4174331844879731,6453985280,3,2072,2191,2304,2304
1074,1032,FORWARD,,3,0,8,,1,['3a25b0d8:o1:d24:aug16:geom=identity__color=p00_4150723698__order=canonical'],10780555776,18505269248,7724713472,0.4174331844879731,6453985280,3,2072,2191,2304,2304
1075,1033,FORWARD,,3,0,8,,1,['3a25b0d8:o1:d24:aug16:geom=identity__color=p00_4150723698__order=canonical'],10780555776,18505269248,7724713472,0.4174331844879731,6453985280,3,2072,2191,2304,2304
1076,1034,FORWARD,,3,0,8,,1,['3a25b0d8:o1:d24:aug16:geom=identity__color=p00_4150723698__order=canonical'],10780556288,18505269248,7724712960,0.4174331568201779,6453985280,3,2072,2191,2304,2304
1077,1035,FORWARD,,3,0,8,,1,['3a25b0d8:o1:d24:aug16:geom=identity__color=p00_4150723698__order=canonical'],10780556800,18505269248,7724712448,0.41743312915238273,6453985280,3,2072,2191,2304,2304
1078,1036,FORWARD,,3,0,8,,1,['3a25b0d8:o1:d24:aug16:geom=identity__color=p00_4150723698__order=canonical'],10780557312,18505269248,7724711936,0.4174331014845875,6453985280,3,2072,2191,2304,2304
1079,1037,FORWARD,,3,0,8,,1,['3a25b0d8:o1:d24:aug16:geom=identity__color=p00_4150723698__order=canonical'],10780557824,18505269248,7724711424,0.4174330738167923,6453985280,3,2072,2191,2304,2304
1080,1038,FORWARD,,3,0,8,,1,['3a25b0d8:o1:d24:aug16:geom=identity__color=p00_4150723698__order=canonical'],10780558336,18505269248,7724710912,0.41743304614899707,6453985280,3,2072,2191,2304,2304
1081,1039,FORWARD,,3,0,8,,1,['3a25b0d8:o1:d24:aug16:geom=identity__color=p00_4150723698__order=canonical'],10780558848,18505269248,7724710400,0.41743301848120185,6453985280,3,2072,2191,2304,2304
1082,1040,FORWARD,,3,0,8,,1,['3a25b0d8:o1:d24:aug16:geom=identity__color=p00_4150723698__order=canonical'],10780559360,18505269248,7724709888,0.4174329908134066,6453985280,3,2072,2191,2304,2304
1083,1041,FORWARD,,3,0,8,,2,"['3a25b0d8:o1:d24:aug16:geom=identity__color=p00_4150723698__order=canonical', '3a25b0d8:o1:d24:aug16:geom=rot180__color=id__order=rotate_left_1']",10780559872,18505269248,7724709376,0.4174329631456114,6453985280,3,2072,2191,2304,2304
1084,1042,FORWARD,,3,0,8,,2,"['3a25b0d8:o1:d24:aug16:geom=identity__color=p00_4150723698__order=canonical', '3a25b0d8:o1:d24:aug16:geom=rot180__color=id__order=rotate_left_1']",10780560384,18505269248,7724708864,0.4174329354778162,6453985280,3,2072,2192,2304,2304
1085,1043,FORWARD,,3,0,8,,2,"['3a25b0d8:o1:d24:aug16:geom=identity__color=p00_4150723698__order=canonical', '3a25b0d8:o1:d24:aug16:geom=rot180__color=id__order=rotate_left_1']",10780560896,18505269248,7724708352,0.41743290781002096,6453985280,3,2072,2193,2304,2304
1086,1044,FORWARD,,3,0,8,,2,"['3a25b0d8:o1:d24:aug16:geom=identity__color=p00_4150723698__order=canonical', '3a25b0d8:o1:d24:aug16:geom=rot180__color=id__order=rotate_left_1']",10780561408,18505269248,7724707840,0.41743288014222574,6453985280,3,2072,2194,2304,2304
1087,1045,FORWARD,,3,0,8,,2,"['3a25b0d8:o1:d24:aug16:geom=identity__color=p00_4150723698__order=canonical', '3a25b0d8:o1:d24:aug16:geom=rot180__color=id__order=rotate_left_1']",10780561920,18505269248,7724707328,0.4174328524744305,6453985280,3,2072,2195,2304,2304
1088,1046,FORWARD,,3,0,8,,2,"['3a25b0d8:o1:d24:aug16:geom=identity__color=p00_4150723698__order=canonical', '3a25b0d8:o1:d24:aug16:geom=rot180__color=id__order=rotate_left_1']",10780562432,18505269248,7724706816,0.4174328248066353,6453985280,3,2072,2196,2304,2304
1089,1047,FORWARD,,3,0,8,,2,"['3a25b0d8:o1:d24:aug16:geom=identity__color=p00_4150723698__order=canonical', '3a25b0d8:o1:d24:aug16:geom=rot180__color=id__order=rotate_left_1']",10780562944,18505269248,7724706304,0.4174327971388401,6453985280,3,2072,2197,2304,2304
1090,1048,FORWARD,,3,0,8,,2,"['3a25b0d8:o1:d24:aug16:geom=identity__color=p00_4150723698__order=canonical', '3a25b0d8:o1:d24:aug16:geom=rot180__color=id__order=rotate_left_1']",10780563456,18505269248,7724705792,0.41743276947104485,6453985280,3,2072,2198,2304,2304
1091,1049,FORWARD,,3,0,8,,2,"['3a25b0d8:o1:d24:aug16:geom=identity__color=p00_4150723698__order=canonical', '3a25b0d8:o1:d24:aug16:geom=rot180__color=id__order=rotate_left_1']",10780563968,18505269248,7724705280,0.4174327418032497,6453985280,3,2072,2199,2304,2304
1092,1049,TERMINATE,3a25b0d8:o1:d24:aug16:geom=identity__color=p00_4150723698__order=canonical,3,0,8,budget_exhausted,2,"['3a25b0d8:o1:d24:aug16:geom=identity__color=p00_4150723698__order=canonical', '3a25b0d8:o1:d24:aug16:geom=rot180__color=id__order=rotate_left_1']",10780559360,18505269248,7724709888,0.4174329908134066,6453985280,3,2072,2200,2304,2304
1093,1049,RELEASE,3a25b0d8:o1:d24:aug16:geom=identity__color=p00_4150723698__order=canonical,2,0,8,budget_exhausted,2,"['3a25b0d8:o1:d24:aug16:geom=identity__color=p00_4150723698__order=canonical', '3a25b0d8:o1:d24:aug16:geom=rot180__color=id__order=rotate_left_1']",10780559360,18505269248,7724709888,0.4174329908134066,6453985280,2,2072,2200,2304,2304
1094,1050,FORWARD,,2,0,8,,1,['3a25b0d8:o1:d24:aug16:geom=rot180__color=id__order=rotate_left_1'],10780559360,18505269248,7724709888,0.4174329908134066,6453985280,2,2072,2200,2304,2304
1095,1051,FORWARD,,2,0,8,,1,['3a25b0d8:o1:d24:aug16:geom=rot180__color=id__order=rotate_left_1'],10780559872,18505269248,7724709376,0.4174329631456114,6453985280,2,2072,2201,2304,2304
1096,1052,FORWARD,,2,0,8,,1,['3a25b0d8:o1:d24:aug16:geom=rot180__color=id__order=rotate_left_1'],10780560384,18505269248,7724708864,0.4174329354778162,6453985280,2,2072,2202,2304,2304
1097,1053,FORWARD,,2,0,8,,1,['3a25b0d8:o1:d24:aug16:geom=rot180__color=id__order=rotate_left_1'],10780560896,18505269248,7724708352,0.41743290781002096,6453985280,2,2072,2203,2304,2304
1098,1054,FORWARD,,2,0,8,,1,['3a25b0d8:o1:d24:aug16:geom=rot180__color=id__order=rotate_left_1'],10780561408,18505269248,7724707840,0.41743288014222574,6453985280,2,2072,2204,2304,2304
1099,1055,FORWARD,,2,0,8,,1,['3a25b0d8:o1:d24:aug16:geom=rot180__color=id__order=rotate_left_1'],10780561920,18505269248,7724707328,0.4174328524744305,6453985280,2,2072,2205,2304,2304
1100,1056,FORWARD,,2,0,8,,1,['3a25b0d8:o1:d24:aug16:geom=rot180__color=id__order=rotate_left_1'],10780562432,18505269248,7724706816,0.4174328248066353,6453985280,2,2072,2206,2304,2304
1101,1057,FORWARD,,2,0,8,,1,['3a25b0d8:o1:d24:aug16:geom=rot180__color=id__order=rotate_left_1'],10780562944,18505269248,7724706304,0.4174327971388401,6453985280,2,2072,2207,2304,2304
1102,1058,FORWARD,,2,0,8,,1,['3a25b0d8:o1:d24:aug16:geom=rot180__color=id__order=rotate_left_1'],10780563456,18505269248,7724705792,0.41743276947104485,6453985280,2,2072,2208,2304,2304
1103,1059,FORWARD,,2,0,8,,1,['3a25b0d8:o1:d24:aug16:geom=rot180__color=id__order=rotate_left_1'],10780563968,18505269248,7724705280,0.4174327418032497,6453985280,2,2072,2209,2304,2304
1104,1060,FORWARD,,2,0,8,,1,['3a25b0d8:o1:d24:aug16:geom=rot180__color=id__order=rotate_left_1'],10780564480,18505269248,7724704768,0.41743271413545446,6453985280,2,2072,2210,2304,2304
1105,1061,FORWARD,,2,0,8,,1,['3a25b0d8:o1:d24:aug16:geom=rot180__color=id__order=rotate_left_1'],10780564992,18505269248,7724704256,0.41743268646765924,6453985280,2,2072,2211,2304,2304
1106,1062,FORWARD,,2,0,8,,1,['3a25b0d8:o1:d24:aug16:geom=rot180__color=id__order=rotate_left_1'],10780565504,18505269248,7724703744,0.417432658799864,6453985280,2,2072,2212,2304,2304
1107,1063,FORWARD,,2,0,8,,1,['3a25b0d8:o1:d24:aug16:geom=rot180__color=id__order=rotate_left_1'],10780566016,18505269248,7724703232,0.4174326311320688,6453985280,2,2072,2213,2304,2304
1108,1064,FORWARD,,2,0,8,,1,['3a25b0d8:o1:d24:aug16:geom=rot180__color=id__order=rotate_left_1'],10780566528,18505269248,7724702720,0.4174326034642736,6453985280,2,2072,2214,2304,2304
1109,1065,FORWARD,,2,0,8,,1,['3a25b0d8:o1:d24:aug16:geom=rot180__color=id__order=rotate_left_1'],10780567040,18505269248,7724702208,0.41743257579647836,6453985280,2,2072,2215,2304,2304
1110,1066,FORWARD,,2,0,8,,1,['3a25b0d8:o1:d24:aug16:geom=rot180__color=id__order=rotate_left_1'],10780567552,18505269248,7724701696,0.41743254812868313,6453985280,2,2072,2216,2304,2304
1111,1067,FORWARD,,2,0,8,,1,['3a25b0d8:o1:d24:aug16:geom=rot180__color=id__order=rotate_left_1'],10780568064,18505269248,7724701184,0.4174325204608879,6453985280,2,2072,2217,2304,2304
1112,1068,FORWARD,,2,0,8,,1,['3a25b0d8:o1:d24:aug16:geom=rot180__color=id__order=rotate_left_1'],10780568576,18505269248,7724700672,0.4174324927930927,6453985280,2,2072,2218,2304,2304
1113,1069,FORWARD,,2,0,8,,1,['3a25b0d8:o1:d24:aug16:geom=rot180__color=id__order=rotate_left_1'],10780569088,18505269248,7724700160,0.41743246512529747,6453985280,2,2072,2219,2304,2304
1114,1070,FORWARD,,2,0,8,,1,['3a25b0d8:o1:d24:aug16:geom=rot180__color=id__order=rotate_left_1'],10780569600,18505269248,7724699648,0.41743243745750225,6453985280,2,2072,2220,2304,2304
1115,1071,FORWARD,,2,0,8,,1,['3a25b0d8:o1:d24:aug16:geom=rot180__color=id__order=rotate_left_1'],10780570112,18505269248,7724699136,0.417432409789707,6453985280,2,2072,2221,2304,2304
1116,1072,FORWARD,,2,0,8,,1,['3a25b0d8:o1:d24:aug16:geom=rot180__color=id__order=rotate_left_1'],10780570624,18505269248,7724698624,0.4174323821219118,6453985280,2,2072,2222,2304,2304
1117,1073,FORWARD,,2,0,8,,1,['3a25b0d8:o1:d24:aug16:geom=rot180__color=id__order=rotate_left_1'],10780571136,18505269248,7724698112,0.41743235445411664,6453985280,2,2072,2223,2304,2304
1118,1074,FORWARD,,2,0,8,,1,['3a25b0d8:o1:d24:aug16:geom=rot180__color=id__order=rotate_left_1'],10780571648,18505269248,7724697600,0.4174323267863214,6453985280,2,2072,2224,2304,2304
1119,1075,FORWARD,,2,0,8,,1,['3a25b0d8:o1:d24:aug16:geom=rot180__color=id__order=rotate_left_1'],10780572160,18505269248,7724697088,0.4174322991185262,6453985280,2,2072,2225,2304,2304
1120,1076,FORWARD,,2,0,8,,1,['3a25b0d8:o1:d24:aug16:geom=rot180__color=id__order=rotate_left_1'],10780572672,18505269248,7724696576,0.417432271450731,6453985280,2,2072,2226,2304,2304
1121,1077,FORWARD,,2,0,8,,1,['3a25b0d8:o1:d24:aug16:geom=rot180__color=id__order=rotate_left_1'],10780573184,18505269248,7724696064,0.41743224378293575,6453985280,2,2072,2227,2304,2304
1122,1078,FORWARD,,2,0,8,,1,['3a25b0d8:o1:d24:aug16:geom=rot180__color=id__order=rotate_left_1'],10780573696,18505269248,7724695552,0.41743221611514053,6453985280,2,2072,2228,2304,2304
1123,1079,FORWARD,,2,0,8,,1,['3a25b0d8:o1:d24:aug16:geom=rot180__color=id__order=rotate_left_1'],10780574208,18505269248,7724695040,0.4174321884473453,6453985280,2,2072,2229,2304,2304
1124,1080,FORWARD,,2,0,8,,1,['3a25b0d8:o1:d24:aug16:geom=rot180__color=id__order=rotate_left_1'],10780574720,18505269248,7724694528,0.4174321607795501,6453985280,2,2072,2230,2304,2304
1125,1081,FORWARD,,2,0,8,,1,['3a25b0d8:o1:d24:aug16:geom=rot180__color=id__order=rotate_left_1'],10780575232,18505269248,7724694016,0.41743213311175487,6453985280,2,2072,2231,2304,2304
1126,1082,FORWARD,,2,0,8,,1,['3a25b0d8:o1:d24:aug16:geom=rot180__color=id__order=rotate_left_1'],10780575744,18505269248,7724693504,0.41743210544395964,6453985280,2,2072,2232,2304,2304
1127,1083,FORWARD,,2,0,8,,1,['3a25b0d8:o1:d24:aug16:geom=rot180__color=id__order=rotate_left_1'],10780576256,18505269248,7724692992,0.4174320777761644,6453985280,2,2072,2233,2304,2304
1128,1084,FORWARD,,2,0,8,,1,['3a25b0d8:o1:d24:aug16:geom=rot180__color=id__order=rotate_left_1'],10780576768,18505269248,7724692480,0.4174320501083692,6453985280,2,2072,2234,2304,2304
1129,1085,FORWARD,,2,0,8,,1,['3a25b0d8:o1:d24:aug16:geom=rot180__color=id__order=rotate_left_1'],10780577280,18505269248,7724691968,0.417432022440574,6453985280,2,2072,2235,2304,2304
1130,1086,FORWARD,,2,0,8,,1,['3a25b0d8:o1:d24:aug16:geom=rot180__color=id__order=rotate_left_1'],10780577792,18505269248,7724691456,0.41743199477277876,6453985280,2,2072,2236,2304,2304
1131,1087,FORWARD,,2,0,8,,1,['3a25b0d8:o1:d24:aug16:geom=rot180__color=id__order=rotate_left_1'],10780578304,18505269248,7724690944,0.4174319671049836,6453985280,2,2072,2237,2304,2304
1132,1088,FORWARD,,2,0,8,,1,['3a25b0d8:o1:d24:aug16:geom=rot180__color=id__order=rotate_left_1'],10780578816,18505269248,7724690432,0.41743193943718837,6453985280,2,2072,2238,2304,2304
1133,1089,FORWARD,,2,0,8,,1,['3a25b0d8:o1:d24:aug16:geom=rot180__color=id__order=rotate_left_1'],10780579328,18505269248,7724689920,0.41743191176939315,6453985280,2,2072,2239,2304,2304
1134,1090,FORWARD,,2,0,8,,1,['3a25b0d8:o1:d24:aug16:geom=rot180__color=id__order=rotate_left_1'],10780579840,18505269248,7724689408,0.4174318841015979,6453985280,2,2072,2240,2304,2304
1135,1091,FORWARD,,2,0,8,,1,['3a25b0d8:o1:d24:aug16:geom=rot180__color=id__order=rotate_left_1'],10780580352,18505269248,7724688896,0.4174318564338027,6453985280,2,2072,2241,2304,2304
1136,1092,FORWARD,,2,0,8,,1,['3a25b0d8:o1:d24:aug16:geom=rot180__color=id__order=rotate_left_1'],10780580864,18505269248,7724688384,0.4174318287660075,6453985280,2,2072,2242,2304,2304
1137,1093,FORWARD,,2,0,8,,1,['3a25b0d8:o1:d24:aug16:geom=rot180__color=id__order=rotate_left_1'],10780581376,18505269248,7724687872,0.41743180109821226,6453985280,2,2072,2243,2304,2304
1138,1094,FORWARD,,2,0,8,,1,['3a25b0d8:o1:d24:aug16:geom=rot180__color=id__order=rotate_left_1'],10780581888,18505269248,7724687360,0.41743177343041704,6453985280,2,2072,2244,2304,2304
1139,1095,FORWARD,,2,0,8,,1,['3a25b0d8:o1:d24:aug16:geom=rot180__color=id__order=rotate_left_1'],10780559872,18505269248,7724709376,0.4174329631456114,6453985280,2,2072,2187,2304,2304
1140,1096,FORWARD,,2,0,8,,1,['3a25b0d8:o1:d24:aug16:geom=rot180__color=id__order=rotate_left_1'],10780559872,18505269248,7724709376,0.4174329631456114,6453985280,2,2072,2188,2304,2304
1141,1097,FORWARD,,2,0,8,,1,['3a25b0d8:o1:d24:aug16:geom=rot180__color=id__order=rotate_left_1'],10780560384,18505269248,7724708864,0.4174329354778162,6453985280,2,2072,2189,2304,2304
1142,1098,FORWARD,,2,0,8,,1,['3a25b0d8:o1:d24:aug16:geom=rot180__color=id__order=rotate_left_1'],10780560896,18505269248,7724708352,0.41743290781002096,6453985280,2,2072,2190,2304,2304
1143,1099,FORWARD,,2,0,8,,1,['3a25b0d8:o1:d24:aug16:geom=rot180__color=id__order=rotate_left_1'],10780561408,18505269248,7724707840,0.41743288014222574,6453985280,2,2072,2191,2304,2304
1144,1100,FORWARD,,2,0,8,,1,['3a25b0d8:o1:d24:aug16:geom=rot180__color=id__order=rotate_left_1'],10780561920,18505269248,7724707328,0.4174328524744305,6453985280,2,2072,2192,2304,2304
1145,1101,FORWARD,,2,0,8,,1,['3a25b0d8:o1:d24:aug16:geom=rot180__color=id__order=rotate_left_1'],10780562432,18505269248,7724706816,0.4174328248066353,6453985280,2,2072,2193,2304,2304
1146,1102,FORWARD,,2,0,8,,1,['3a25b0d8:o1:d24:aug16:geom=rot180__color=id__order=rotate_left_1'],10780562944,18505269248,7724706304,0.4174327971388401,6453985280,2,2072,2194,2304,2304
1147,1103,FORWARD,,2,0,8,,1,['3a25b0d8:o1:d24:aug16:geom=rot180__color=id__order=rotate_left_1'],10780563456,18505269248,7724705792,0.41743276947104485,6453985280,2,2072,2195,2304,2304
1148,1104,FORWARD,,2,0,8,,1,['3a25b0d8:o1:d24:aug16:geom=rot180__color=id__order=rotate_left_1'],10780563968,18505269248,7724705280,0.4174327418032497,6453985280,2,2072,2196,2304,2304
1149,1105,FORWARD,,2,0,8,,1,['3a25b0d8:o1:d24:aug16:geom=rot180__color=id__order=rotate_left_1'],10780564480,18505269248,7724704768,0.41743271413545446,6453985280,2,2072,2197,2304,2304
1150,1106,FORWARD,,2,0,8,,1,['3a25b0d8:o1:d24:aug16:geom=rot180__color=id__order=rotate_left_1'],10780564992,18505269248,7724704256,0.41743268646765924,6453985280,2,2072,2198,2304,2304
1151,1107,FORWARD,,2,0,8,,1,['3a25b0d8:o1:d24:aug16:geom=rot180__color=id__order=rotate_left_1'],10780565504,18505269248,7724703744,0.417432658799864,6453985280,2,2072,2199,2304,2304
1152,1108,FORWARD,,2,0,8,,1,['3a25b0d8:o1:d24:aug16:geom=rot180__color=id__order=rotate_left_1'],10780566016,18505269248,7724703232,0.4174326311320688,6453985280,2,2072,2200,2304,2304
1153,1109,FORWARD,,2,0,8,,1,['3a25b0d8:o1:d24:aug16:geom=rot180__color=id__order=rotate_left_1'],10780566528,18505269248,7724702720,0.4174326034642736,6453985280,2,2072,2201,2304,2304
1154,1110,FORWARD,,2,0,8,,1,['3a25b0d8:o1:d24:aug16:geom=rot180__color=id__order=rotate_left_1'],10780567040,18505269248,7724702208,0.41743257579647836,6453985280,2,2072,2202,2304,2304
1155,1111,FORWARD,,2,0,8,,1,['3a25b0d8:o1:d24:aug16:geom=rot180__color=id__order=rotate_left_1'],10780567552,18505269248,7724701696,0.41743254812868313,6453985280,2,2072,2203,2304,2304
1156,1112,FORWARD,,2,0,8,,1,['3a25b0d8:o1:d24:aug16:geom=rot180__color=id__order=rotate_left_1'],10780568064,18505269248,7724701184,0.4174325204608879,6453985280,2,2072,2204,2304,2304
1157,1113,FORWARD,,2,0,8,,1,['3a25b0d8:o1:d24:aug16:geom=rot180__color=id__order=rotate_left_1'],10780568576,18505269248,7724700672,0.4174324927930927,6453985280,2,2072,2205,2304,2304
1158,1114,FORWARD,,2,0,8,,1,['3a25b0d8:o1:d24:aug16:geom=rot180__color=id__order=rotate_left_1'],10780569088,18505269248,7724700160,0.41743246512529747,6453985280,2,2072,2206,2304,2304
1159,1115,FORWARD,,2,0,8,,1,['3a25b0d8:o1:d24:aug16:geom=rot180__color=id__order=rotate_left_1'],10780569600,18505269248,7724699648,0.41743243745750225,6453985280,2,2072,2207,2304,2304
1160,1116,FORWARD,,2,0,8,,1,['3a25b0d8:o1:d24:aug16:geom=rot180__color=id__order=rotate_left_1'],10780570112,18505269248,7724699136,0.417432409789707,6453985280,2,2072,2208,2304,2304
1161,1117,FORWARD,,2,0,8,,1,['3a25b0d8:o1:d24:aug16:geom=rot180__color=id__order=rotate_left_1'],10780570624,18505269248,7724698624,0.4174323821219118,6453985280,2,2072,2209,2304,2304
1162,1118,FORWARD,,2,0,8,,1,['3a25b0d8:o1:d24:aug16:geom=rot180__color=id__order=rotate_left_1'],10780571136,18505269248,7724698112,0.41743235445411664,6453985280,2,2072,2210,2304,2304
1163,1119,FORWARD,,2,0,8,,1,['3a25b0d8:o1:d24:aug16:geom=rot180__color=id__order=rotate_left_1'],10780571648,18505269248,7724697600,0.4174323267863214,6453985280,2,2072,2211,2304,2304
1164,1120,FORWARD,,2,0,8,,1,['3a25b0d8:o1:d24:aug16:geom=rot180__color=id__order=rotate_left_1'],10780572160,18505269248,7724697088,0.4174322991185262,6453985280,2,2072,2212,2304,2304
1165,1121,FORWARD,,2,0,8,,1,['3a25b0d8:o1:d24:aug16:geom=rot180__color=id__order=rotate_left_1'],10780572672,18505269248,7724696576,0.417432271450731,6453985280,2,2072,2213,2304,2304
1166,1122,FORWARD,,2,0,8,,1,['3a25b0d8:o1:d24:aug16:geom=rot180__color=id__order=rotate_left_1'],10780573184,18505269248,7724696064,0.41743224378293575,6453985280,2,2072,2214,2304,2304
1167,1123,FORWARD,,2,0,8,,1,['3a25b0d8:o1:d24:aug16:geom=rot180__color=id__order=rotate_left_1'],10780573696,18505269248,7724695552,0.41743221611514053,6453985280,2,2072,2215,2304,2304
1168,1124,FORWARD,,2,0,8,,1,['3a25b0d8:o1:d24:aug16:geom=rot180__color=id__order=rotate_left_1'],10780574208,18505269248,7724695040,0.4174321884473453,6453985280,2,2072,2216,2304,2304
1169,1125,FORWARD,,2,0,8,,1,['3a25b0d8:o1:d24:aug16:geom=rot180__color=id__order=rotate_left_1'],10780574720,18505269248,7724694528,0.4174321607795501,6453985280,2,2072,2217,2304,2304
1170,1126,FORWARD,,2,0,8,,1,['3a25b0d8:o1:d24:aug16:geom=rot180__color=id__order=rotate_left_1'],10780575232,18505269248,7724694016,0.41743213311175487,6453985280,2,2072,2218,2304,2304
1171,1127,FORWARD,,2,0,8,,1,['3a25b0d8:o1:d24:aug16:geom=rot180__color=id__order=rotate_left_1'],10780575744,18505269248,7724693504,0.41743210544395964,6453985280,2,2072,2219,2304,2304
1172,1128,FORWARD,,2,0,8,,1,['3a25b0d8:o1:d24:aug16:geom=rot180__color=id__order=rotate_left_1'],10780576256,18505269248,7724692992,0.4174320777761644,6453985280,2,2072,2220,2304,2304
1173,1129,FORWARD,,2,0,8,,1,['3a25b0d8:o1:d24:aug16:geom=rot180__color=id__order=rotate_left_1'],10780576768,18505269248,7724692480,0.4174320501083692,6453985280,2,2072,2221,2304,2304
1174,1129,TERMINATE,3a25b0d8:o1:d24:aug16:geom=rot180__color=id__order=rotate_left_1,2,0,8,budget_exhausted,1,['3a25b0d8:o1:d24:aug16:geom=rot180__color=id__order=rotate_left_1'],10780559360,18505269248,7724709888,0.4174329908134066,6453985280,2,2072,2078,2304,2304
1175,1129,RELEASE,3a25b0d8:o1:d24:aug16:geom=rot180__color=id__order=rotate_left_1,1,0,8,budget_exhausted,1,['3a25b0d8:o1:d24:aug16:geom=rot180__color=id__order=rotate_left_1'],10780559360,18505269248,7724709888,0.4174329908134066,6453985280,1,2072,2072,2304,2304
1176,1130,FORWARD,,1,0,8,,1,['3a25b0d8:o1:d24:aug16:geom=transpose__color=p01_1602397845__order=reverse'],10780559360,18505269248,7724709888,0.4174329908134066,6453985280,1,2072,2072,2304,2304
1177,1131,FORWARD,,1,0,8,,1,['3a25b0d8:o1:d24:aug16:geom=transpose__color=p01_1602397845__order=reverse'],10780559360,18505269248,7724709888,0.4174329908134066,6453985280,1,2073,2073,2304,2304
1178,1132,FORWARD,,1,0,8,,1,['3a25b0d8:o1:d24:aug16:geom=transpose__color=p01_1602397845__order=reverse'],10780559872,18505269248,7724709376,0.4174329631456114,6453985280,1,2074,2074,2304,2304
1179,1133,FORWARD,,1,0,8,,1,['3a25b0d8:o1:d24:aug16:geom=transpose__color=p01_1602397845__order=reverse'],10780560384,18505269248,7724708864,0.4174329354778162,6453985280,1,2075,2075,2304,2304
1180,1134,FORWARD,,1,0,8,,1,['3a25b0d8:o1:d24:aug16:geom=transpose__color=p01_1602397845__order=reverse'],10780560896,18505269248,7724708352,0.41743290781002096,6453985280,1,2076,2076,2304,2304
1181,1135,FORWARD,,1,0,8,,1,['3a25b0d8:o1:d24:aug16:geom=transpose__color=p01_1602397845__order=reverse'],10780561408,18505269248,7724707840,0.41743288014222574,6453985280,1,2077,2077,2304,2304
1182,1136,FORWARD,,1,0,8,,1,['3a25b0d8:o1:d24:aug16:geom=transpose__color=p01_1602397845__order=reverse'],10780561920,18505269248,7724707328,0.4174328524744305,6453985280,1,2078,2078,2304,2304
1183,1137,FORWARD,,1,0,8,,1,['3a25b0d8:o1:d24:aug16:geom=transpose__color=p01_1602397845__order=reverse'],10780562432,18505269248,7724706816,0.4174328248066353,6453985280,1,2079,2079,2304,2304
1184,1138,FORWARD,,1,0,8,,1,['3a25b0d8:o1:d24:aug16:geom=transpose__color=p01_1602397845__order=reverse'],10780562944,18505269248,7724706304,0.4174327971388401,6453985280,1,2080,2080,2304,2304
1185,1139,FORWARD,,1,0,8,,1,['3a25b0d8:o1:d24:aug16:geom=transpose__color=p01_1602397845__order=reverse'],10780563456,18505269248,7724705792,0.41743276947104485,6453985280,1,2081,2081,2304,2304
1186,1140,FORWARD,,1,0,8,,1,['3a25b0d8:o1:d24:aug16:geom=transpose__color=p01_1602397845__order=reverse'],10780563968,18505269248,7724705280,0.4174327418032497,6453985280,1,2082,2082,2304,2304
1187,1141,FORWARD,,1,0,8,,1,['3a25b0d8:o1:d24:aug16:geom=transpose__color=p01_1602397845__order=reverse'],10780564480,18505269248,7724704768,0.41743271413545446,6453985280,1,2083,2083,2304,2304
1188,1142,FORWARD,,1,0,8,,1,['3a25b0d8:o1:d24:aug16:geom=transpose__color=p01_1602397845__order=reverse'],10780564992,18505269248,7724704256,0.41743268646765924,6453985280,1,2084,2084,2304,2304
1189,1143,FORWARD,,1,0,8,,1,['3a25b0d8:o1:d24:aug16:geom=transpose__color=p01_1602397845__order=reverse'],10780565504,18505269248,7724703744,0.417432658799864,6453985280,1,2085,2085,2304,2304
1190,1144,FORWARD,,1,0,8,,1,['3a25b0d8:o1:d24:aug16:geom=transpose__color=p01_1602397845__order=reverse'],10780566016,18505269248,7724703232,0.4174326311320688,6453985280,1,2086,2086,2304,2304
1191,1145,FORWARD,,1,0,8,,1,['3a25b0d8:o1:d24:aug16:geom=transpose__color=p01_1602397845__order=reverse'],10780566528,18505269248,7724702720,0.4174326034642736,6453985280,1,2087,2087,2304,2304
1192,1146,FORWARD,,1,0,8,,1,['3a25b0d8:o1:d24:aug16:geom=transpose__color=p01_1602397845__order=reverse'],10780567040,18505269248,7724702208,0.41743257579647836,6453985280,1,2088,2088,2304,2304
1193,1147,FORWARD,,1,0,8,,1,['3a25b0d8:o1:d24:aug16:geom=transpose__color=p01_1602397845__order=reverse'],10780567552,18505269248,7724701696,0.41743254812868313,6453985280,1,2089,2089,2304,2304
1194,1148,FORWARD,,1,0,8,,1,['3a25b0d8:o1:d24:aug16:geom=transpose__color=p01_1602397845__order=reverse'],10780568064,18505269248,7724701184,0.4174325204608879,6453985280,1,2090,2090,2304,2304
1195,1149,FORWARD,,1,0,8,,1,['3a25b0d8:o1:d24:aug16:geom=transpose__color=p01_1602397845__order=reverse'],10780568576,18505269248,7724700672,0.4174324927930927,6453985280,1,2091,2091,2304,2304
1196,1150,FORWARD,,1,0,8,,1,['3a25b0d8:o1:d24:aug16:geom=transpose__color=p01_1602397845__order=reverse'],10780569088,18505269248,7724700160,0.41743246512529747,6453985280,1,2092,2092,2304,2304
1197,1151,FORWARD,,1,0,8,,1,['3a25b0d8:o1:d24:aug16:geom=transpose__color=p01_1602397845__order=reverse'],10780569600,18505269248,7724699648,0.41743243745750225,6453985280,1,2093,2093,2304,2304
1198,1152,FORWARD,,1,0,8,,1,['3a25b0d8:o1:d24:aug16:geom=transpose__color=p01_1602397845__order=reverse'],10780570112,18505269248,7724699136,0.417432409789707,6453985280,1,2094,2094,2304,2304
1199,1153,FORWARD,,1,0,8,,1,['3a25b0d8:o1:d24:aug16:geom=transpose__color=p01_1602397845__order=reverse'],10780570624,18505269248,7724698624,0.4174323821219118,6453985280,1,2095,2095,2304,2304
1200,1154,FORWARD,,1,0,8,,1,['3a25b0d8:o1:d24:aug16:geom=transpose__color=p01_1602397845__order=reverse'],10780571136,18505269248,7724698112,0.41743235445411664,6453985280,1,2096,2096,2304,2304
1201,1155,FORWARD,,1,0,8,,1,['3a25b0d8:o1:d24:aug16:geom=transpose__color=p01_1602397845__order=reverse'],10780571648,18505269248,7724697600,0.4174323267863214,6453985280,1,2097,2097,2304,2304
1202,1156,FORWARD,,1,0,8,,1,['3a25b0d8:o1:d24:aug16:geom=transpose__color=p01_1602397845__order=reverse'],10780572160,18505269248,7724697088,0.4174322991185262,6453985280,1,2098,2098,2304,2304
1203,1157,FORWARD,,1,0,8,,1,['3a25b0d8:o1:d24:aug16:geom=transpose__color=p01_1602397845__order=reverse'],10780572672,18505269248,7724696576,0.417432271450731,6453985280,1,2099,2099,2304,2304
1204,1158,FORWARD,,1,0,8,,1,['3a25b0d8:o1:d24:aug16:geom=transpose__color=p01_1602397845__order=reverse'],10780573184,18505269248,7724696064,0.41743224378293575,6453985280,1,2100,2100,2304,2304
1205,1159,FORWARD,,1,0,8,,1,['3a25b0d8:o1:d24:aug16:geom=transpose__color=p01_1602397845__order=reverse'],10780573696,18505269248,7724695552,0.41743221611514053,6453985280,1,2101,2101,2304,2304
1206,1160,FORWARD,,1,0,8,,1,['3a25b0d8:o1:d24:aug16:geom=transpose__color=p01_1602397845__order=reverse'],10780574208,18505269248,7724695040,0.4174321884473453,6453985280,1,2102,2102,2304,2304
1207,1161,FORWARD,,1,0,8,,1,['3a25b0d8:o1:d24:aug16:geom=transpose__color=p01_1602397845__order=reverse'],10780574720,18505269248,7724694528,0.4174321607795501,6453985280,1,2103,2103,2304,2304
1208,1162,FORWARD,,1,0,8,,1,['3a25b0d8:o1:d24:aug16:geom=transpose__color=p01_1602397845__order=reverse'],10780575232,18505269248,7724694016,0.41743213311175487,6453985280,1,2104,2104,2304,2304
1209,1163,FORWARD,,1,0,8,,1,['3a25b0d8:o1:d24:aug16:geom=transpose__color=p01_1602397845__order=reverse'],10780575744,18505269248,7724693504,0.41743210544395964,6453985280,1,2105,2105,2304,2304
1210,1164,FORWARD,,1,0,8,,1,['3a25b0d8:o1:d24:aug16:geom=transpose__color=p01_1602397845__order=reverse'],10780576256,18505269248,7724692992,0.4174320777761644,6453985280,1,2106,2106,2304,2304
1211,1165,FORWARD,,1,0,8,,1,['3a25b0d8:o1:d24:aug16:geom=transpose__color=p01_1602397845__order=reverse'],10780576768,18505269248,7724692480,0.4174320501083692,6453985280,1,2107,2107,2304,2304
1212,1166,FORWARD,,1,0,8,,1,['3a25b0d8:o1:d24:aug16:geom=transpose__color=p01_1602397845__order=reverse'],10780577280,18505269248,7724691968,0.417432022440574,6453985280,1,2108,2108,2304,2304
1213,1167,FORWARD,,1,0,8,,1,['3a25b0d8:o1:d24:aug16:geom=transpose__color=p01_1602397845__order=reverse'],10780577792,18505269248,7724691456,0.41743199477277876,6453985280,1,2109,2109,2304,2304
1214,1168,FORWARD,,1,0,8,,1,['3a25b0d8:o1:d24:aug16:geom=transpose__color=p01_1602397845__order=reverse'],10780578304,18505269248,7724690944,0.4174319671049836,6453985280,1,2110,2110,2304,2304
1215,1169,FORWARD,,1,0,8,,1,['3a25b0d8:o1:d24:aug16:geom=transpose__color=p01_1602397845__order=reverse'],10780578816,18505269248,7724690432,0.41743193943718837,6453985280,1,2111,2111,2304,2304
1216,1170,FORWARD,,1,0,8,,1,['3a25b0d8:o1:d24:aug16:geom=transpose__color=p01_1602397845__order=reverse'],10780579328,18505269248,7724689920,0.41743191176939315,6453985280,1,2112,2112,2304,2304
1217,1171,FORWARD,,1,0,8,,1,['3a25b0d8:o1:d24:aug16:geom=transpose__color=p01_1602397845__order=reverse'],10780579840,18505269248,7724689408,0.4174318841015979,6453985280,1,2113,2113,2304,2304
1218,1172,FORWARD,,1,0,8,,1,['3a25b0d8:o1:d24:aug16:geom=transpose__color=p01_1602397845__order=reverse'],10780580352,18505269248,7724688896,0.4174318564338027,6453985280,1,2114,2114,2304,2304
1219,1173,FORWARD,,1,0,8,,1,['3a25b0d8:o1:d24:aug16:geom=transpose__color=p01_1602397845__order=reverse'],10780580864,18505269248,7724688384,0.4174318287660075,6453985280,1,2115,2115,2304,2304
1220,1174,FORWARD,,1,0,8,,1,['3a25b0d8:o1:d24:aug16:geom=transpose__color=p01_1602397845__order=reverse'],10780581376,18505269248,7724687872,0.41743180109821226,6453985280,1,2116,2116,2304,2304
1221,1175,FORWARD,,1,0,8,,1,['3a25b0d8:o1:d24:aug16:geom=transpose__color=p01_1602397845__order=reverse'],10780581888,18505269248,7724687360,0.41743177343041704,6453985280,1,2117,2117,2304,2304
1222,1176,FORWARD,,1,0,8,,1,['3a25b0d8:o1:d24:aug16:geom=transpose__color=p01_1602397845__order=reverse'],10780582400,18505269248,7724686848,0.4174317457626218,6453985280,1,2118,2118,2304,2304
1223,1177,FORWARD,,1,0,8,,1,['3a25b0d8:o1:d24:aug16:geom=transpose__color=p01_1602397845__order=reverse'],10780582912,18505269248,7724686336,0.4174317180948266,6453985280,1,2119,2119,2304,2304
1224,1178,FORWARD,,1,0,8,,1,['3a25b0d8:o1:d24:aug16:geom=transpose__color=p01_1602397845__order=reverse'],10780583424,18505269248,7724685824,0.4174316904270314,6453985280,1,2120,2120,2304,2304
1225,1179,FORWARD,,1,0,8,,1,['3a25b0d8:o1:d24:aug16:geom=transpose__color=p01_1602397845__order=reverse'],10780583936,18505269248,7724685312,0.41743166275923616,6453985280,1,2121,2121,2304,2304
1226,1180,FORWARD,,1,0,8,,1,['3a25b0d8:o1:d24:aug16:geom=transpose__color=p01_1602397845__order=reverse'],10780584448,18505269248,7724684800,0.41743163509144093,6453985280,1,2122,2122,2304,2304
1227,1181,FORWARD,,1,0,8,,1,['3a25b0d8:o1:d24:aug16:geom=transpose__color=p01_1602397845__order=reverse'],10780584960,18505269248,7724684288,0.4174316074236457,6453985280,1,2123,2123,2304,2304
1228,1182,FORWARD,,1,0,8,,1,['3a25b0d8:o1:d24:aug16:geom=transpose__color=p01_1602397845__order=reverse'],10780585472,18505269248,7724683776,0.41743157975585055,6453985280,1,2124,2124,2304,2304
1229,1183,FORWARD,,1,0,8,,1,['3a25b0d8:o1:d24:aug16:geom=transpose__color=p01_1602397845__order=reverse'],10780585984,18505269248,7724683264,0.4174315520880553,6453985280,1,2125,2125,2304,2304
1230,1184,FORWARD,,1,0,8,,1,['3a25b0d8:o1:d24:aug16:geom=transpose__color=p01_1602397845__order=reverse'],10780586496,18505269248,7724682752,0.4174315244202601,6453985280,1,2126,2126,2304,2304
1231,1185,FORWARD,,1,0,8,,1,['3a25b0d8:o1:d24:aug16:geom=transpose__color=p01_1602397845__order=reverse'],10780587008,18505269248,7724682240,0.4174314967524649,6453985280,1,2127,2127,2304,2304
1232,1186,FORWARD,,1,0,8,,1,['3a25b0d8:o1:d24:aug16:geom=transpose__color=p01_1602397845__order=reverse'],10780587520,18505269248,7724681728,0.41743146908466966,6453985280,1,2128,2128,2304,2304
1233,1187,FORWARD,,1,0,8,,1,['3a25b0d8:o1:d24:aug16:geom=transpose__color=p01_1602397845__order=reverse'],10780588032,18505269248,7724681216,0.41743144141687444,6453985280,1,2129,2129,2304,2304
1234,1188,FORWARD,,1,0,8,,1,['3a25b0d8:o1:d24:aug16:geom=transpose__color=p01_1602397845__order=reverse'],10780588544,18505269248,7724680704,0.4174314137490792,6453985280,1,2130,2130,2304,2304
1235,1189,FORWARD,,1,0,8,,1,['3a25b0d8:o1:d24:aug16:geom=transpose__color=p01_1602397845__order=reverse'],10780589056,18505269248,7724680192,0.417431386081284,6453985280,1,2131,2131,2304,2304
1236,1190,FORWARD,,1,0,8,,1,['3a25b0d8:o1:d24:aug16:geom=transpose__color=p01_1602397845__order=reverse'],10780589568,18505269248,7724679680,0.4174313584134888,6453985280,1,2132,2132,2304,2304
1237,1191,FORWARD,,1,0,8,,1,['3a25b0d8:o1:d24:aug16:geom=transpose__color=p01_1602397845__order=reverse'],10780590080,18505269248,7724679168,0.41743133074569355,6453985280,1,2133,2133,2304,2304
1238,1192,FORWARD,,1,0,8,,1,['3a25b0d8:o1:d24:aug16:geom=transpose__color=p01_1602397845__order=reverse'],10780590592,18505269248,7724678656,0.41743130307789833,6453985280,1,2134,2134,2304,2304
1239,1193,FORWARD,,1,0,8,,1,['3a25b0d8:o1:d24:aug16:geom=transpose__color=p01_1602397845__order=reverse'],10780591104,18505269248,7724678144,0.4174312754101031,6453985280,1,2135,2135,2304,2304
1240,1194,FORWARD,,1,0,8,,1,['3a25b0d8:o1:d24:aug16:geom=transpose__color=p01_1602397845__order=reverse'],10780591616,18505269248,7724677632,0.4174312477423079,6453985280,1,2136,2136,2304,2304
1241,1195,FORWARD,,1,0,8,,1,['3a25b0d8:o1:d24:aug16:geom=transpose__color=p01_1602397845__order=reverse'],10780592128,18505269248,7724677120,0.41743122007451267,6453985280,1,2137,2137,2304,2304
1242,1196,FORWARD,,1,0,8,,1,['3a25b0d8:o1:d24:aug16:geom=transpose__color=p01_1602397845__order=reverse'],10780592640,18505269248,7724676608,0.4174311924067175,6453985280,1,2138,2138,2304,2304
1243,1197,FORWARD,,1,0,8,,1,['3a25b0d8:o1:d24:aug16:geom=transpose__color=p01_1602397845__order=reverse'],10780593152,18505269248,7724676096,0.4174311647389223,6453985280,1,2139,2139,2304,2304
1244,1198,FORWARD,,1,0,8,,1,['3a25b0d8:o1:d24:aug16:geom=transpose__color=p01_1602397845__order=reverse'],10780593664,18505269248,7724675584,0.41743113707112706,6453985280,1,2140,2140,2304,2304
1245,1199,FORWARD,,1,0,8,,1,['3a25b0d8:o1:d24:aug16:geom=transpose__color=p01_1602397845__order=reverse'],10780594176,18505269248,7724675072,0.41743110940333183,6453985280,1,2141,2141,2304,2304
1246,1200,FORWARD,,1,0,8,,1,['3a25b0d8:o1:d24:aug16:geom=transpose__color=p01_1602397845__order=reverse'],10780594688,18505269248,7724674560,0.4174310817355366,6453985280,1,2142,2142,2304,2304
1247,1201,FORWARD,,1,0,8,,1,['3a25b0d8:o1:d24:aug16:geom=transpose__color=p01_1602397845__order=reverse'],10780595200,18505269248,7724674048,0.4174310540677414,6453985280,1,2143,2143,2304,2304
1248,1202,FORWARD,,1,0,8,,1,['3a25b0d8:o1:d24:aug16:geom=transpose__color=p01_1602397845__order=reverse'],10780595712,18505269248,7724673536,0.41743102639994617,6453985280,1,2144,2144,2304,2304
1249,1203,FORWARD,,1,0,8,,1,['3a25b0d8:o1:d24:aug16:geom=transpose__color=p01_1602397845__order=reverse'],10780596224,18505269248,7724673024,0.41743099873215095,6453985280,1,2145,2145,2304,2304
1250,1204,FORWARD,,1,0,8,,1,['3a25b0d8:o1:d24:aug16:geom=transpose__color=p01_1602397845__order=reverse'],10780596736,18505269248,7724672512,0.4174309710643557,6453985280,1,2146,2146,2304,2304
1251,1205,FORWARD,,1,0,8,,1,['3a25b0d8:o1:d24:aug16:geom=transpose__color=p01_1602397845__order=reverse'],10780597248,18505269248,7724672000,0.4174309433965605,6453985280,1,2147,2147,2304,2304
1252,1206,FORWARD,,1,0,8,,1,['3a25b0d8:o1:d24:aug16:geom=transpose__color=p01_1602397845__order=reverse'],10780597760,18505269248,7724671488,0.4174309157287653,6453985280,1,2148,2148,2304,2304
1253,1207,FORWARD,,1,0,8,,1,['3a25b0d8:o1:d24:aug16:geom=transpose__color=p01_1602397845__order=reverse'],10780598272,18505269248,7724670976,0.41743088806097006,6453985280,1,2149,2149,2304,2304
1254,1208,FORWARD,,1,0,8,,1,['3a25b0d8:o1:d24:aug16:geom=transpose__color=p01_1602397845__order=reverse'],10780598784,18505269248,7724670464,0.41743086039317484,6453985280,1,2150,2150,2304,2304
1255,1209,FORWARD,,1,0,8,,1,['3a25b0d8:o1:d24:aug16:geom=transpose__color=p01_1602397845__order=reverse'],10780599296,18505269248,7724669952,0.4174308327253796,6453985280,1,2151,2151,2304,2304
1256,1210,FORWARD,,1,0,8,,1,['3a25b0d8:o1:d24:aug16:geom=transpose__color=p01_1602397845__order=reverse'],10780599808,18505269248,7724669440,0.41743080505758445,6453985280,1,2152,2152,2304,2304
1257,1211,FORWARD,,1,0,8,,1,['3a25b0d8:o1:d24:aug16:geom=transpose__color=p01_1602397845__order=reverse'],10780600320,18505269248,7724668928,0.41743077738978923,6453985280,1,2153,2153,2304,2304
1258,1212,FORWARD,,1,0,8,,1,['3a25b0d8:o1:d24:aug16:geom=transpose__color=p01_1602397845__order=reverse'],10780600832,18505269248,7724668416,0.417430749721994,6453985280,1,2154,2154,2304,2304
1259,1213,FORWARD,,1,0,8,,1,['3a25b0d8:o1:d24:aug16:geom=transpose__color=p01_1602397845__order=reverse'],10780601344,18505269248,7724667904,0.4174307220541988,6453985280,1,2155,2155,2304,2304
1260,1214,FORWARD,,1,0,8,,1,['3a25b0d8:o1:d24:aug16:geom=transpose__color=p01_1602397845__order=reverse'],10780601856,18505269248,7724667392,0.41743069438640357,6453985280,1,2156,2156,2304,2304
1261,1215,FORWARD,,1,0,8,,1,['3a25b0d8:o1:d24:aug16:geom=transpose__color=p01_1602397845__order=reverse'],10780602368,18505269248,7724666880,0.41743066671860835,6453985280,1,2157,2157,2304,2304
1262,1216,FORWARD,,1,0,8,,1,['3a25b0d8:o1:d24:aug16:geom=transpose__color=p01_1602397845__order=reverse'],10780602880,18505269248,7724666368,0.4174306390508131,6453985280,1,2158,2158,2304,2304
1263,1217,FORWARD,,1,0,8,,1,['3a25b0d8:o1:d24:aug16:geom=transpose__color=p01_1602397845__order=reverse'],10780603392,18505269248,7724665856,0.4174306113830179,6453985280,1,2159,2159,2304,2304
1264,1218,FORWARD,,1,0,8,,1,['3a25b0d8:o1:d24:aug16:geom=transpose__color=p01_1602397845__order=reverse'],10780603904,18505269248,7724665344,0.4174305837152227,6453985280,1,2160,2160,2304,2304
1265,1219,FORWARD,,1,0,8,,1,['3a25b0d8:o1:d24:aug16:geom=transpose__color=p01_1602397845__order=reverse'],10780604416,18505269248,7724664832,0.41743055604742746,6453985280,1,2161,2161,2304,2304
1266,1220,FORWARD,,1,0,8,,1,['3a25b0d8:o1:d24:aug16:geom=transpose__color=p01_1602397845__order=reverse'],10780604928,18505269248,7724664320,0.41743052837963224,6453985280,1,2162,2162,2304,2304
1267,1221,FORWARD,,1,0,8,,1,['3a25b0d8:o1:d24:aug16:geom=transpose__color=p01_1602397845__order=reverse'],10780605440,18505269248,7724663808,0.417430500711837,6453985280,1,2163,2163,2304,2304
1268,1222,FORWARD,,1,0,8,,1,['3a25b0d8:o1:d24:aug16:geom=transpose__color=p01_1602397845__order=reverse'],10780605952,18505269248,7724663296,0.4174304730440418,6453985280,1,2164,2164,2304,2304
1269,1223,FORWARD,,1,0,8,,1,['3a25b0d8:o1:d24:aug16:geom=transpose__color=p01_1602397845__order=reverse'],10780606464,18505269248,7724662784,0.4174304453762466,6453985280,1,2165,2165,2304,2304
1270,1224,FORWARD,,1,0,8,,1,['3a25b0d8:o1:d24:aug16:geom=transpose__color=p01_1602397845__order=reverse'],10780606976,18505269248,7724662272,0.4174304177084514,6453985280,1,2166,2166,2304,2304
1271,1225,FORWARD,,1,0,8,,1,['3a25b0d8:o1:d24:aug16:geom=transpose__color=p01_1602397845__order=reverse'],10780607488,18505269248,7724661760,0.4174303900406562,6453985280,1,2167,2167,2304,2304
1272,1226,FORWARD,,1,0,8,,1,['3a25b0d8:o1:d24:aug16:geom=transpose__color=p01_1602397845__order=reverse'],10780608000,18505269248,7724661248,0.41743036237286096,6453985280,1,2168,2168,2304,2304
1273,1227,FORWARD,,1,0,8,,1,['3a25b0d8:o1:d24:aug16:geom=transpose__color=p01_1602397845__order=reverse'],10780608512,18505269248,7724660736,0.41743033470506574,6453985280,1,2169,2169,2304,2304
1274,1228,FORWARD,,1,0,8,,1,['3a25b0d8:o1:d24:aug16:geom=transpose__color=p01_1602397845__order=reverse'],10780609024,18505269248,7724660224,0.4174303070372705,6453985280,1,2170,2170,2304,2304
1275,1229,FORWARD,,1,0,8,,1,['3a25b0d8:o1:d24:aug16:geom=transpose__color=p01_1602397845__order=reverse'],10780609536,18505269248,7724659712,0.4174302793694753,6453985280,1,2171,2171,2304,2304
1276,1230,FORWARD,,1,0,8,,1,['3a25b0d8:o1:d24:aug16:geom=transpose__color=p01_1602397845__order=reverse'],10780610048,18505269248,7724659200,0.4174302517016801,6453985280,1,2172,2172,2304,2304
1277,1231,FORWARD,,1,0,8,,1,['3a25b0d8:o1:d24:aug16:geom=transpose__color=p01_1602397845__order=reverse'],10780610560,18505269248,7724658688,0.41743022403388486,6453985280,1,2173,2173,2304,2304
1278,1232,FORWARD,,1,0,8,,1,['3a25b0d8:o1:d24:aug16:geom=transpose__color=p01_1602397845__order=reverse'],10780611072,18505269248,7724658176,0.41743019636608963,6453985280,1,2174,2174,2304,2304
1279,1233,FORWARD,,1,0,8,,1,['3a25b0d8:o1:d24:aug16:geom=transpose__color=p01_1602397845__order=reverse'],10780611584,18505269248,7724657664,0.4174301686982944,6453985280,1,2175,2175,2304,2304
1280,1234,FORWARD,,1,0,8,,1,['3a25b0d8:o1:d24:aug16:geom=transpose__color=p01_1602397845__order=reverse'],10780612096,18505269248,7724657152,0.4174301410304992,6453985280,1,2176,2176,2304,2304
1281,1235,FORWARD,,1,0,8,,1,['3a25b0d8:o1:d24:aug16:geom=transpose__color=p01_1602397845__order=reverse'],10780612608,18505269248,7724656640,0.41743011336270397,6453985280,1,2177,2177,2304,2304
1282,1236,FORWARD,,1,0,8,,1,['3a25b0d8:o1:d24:aug16:geom=transpose__color=p01_1602397845__order=reverse'],10780613120,18505269248,7724656128,0.41743008569490875,6453985280,1,2178,2178,2304,2304
1283,1237,FORWARD,,1,0,8,,1,['3a25b0d8:o1:d24:aug16:geom=transpose__color=p01_1602397845__order=reverse'],10780613632,18505269248,7724655616,0.4174300580271135,6453985280,1,2179,2179,2304,2304
1284,1238,FORWARD,,1,0,8,,1,['3a25b0d8:o1:d24:aug16:geom=transpose__color=p01_1602397845__order=reverse'],10780614144,18505269248,7724655104,0.41743003035931836,6453985280,1,2180,2180,2304,2304
1285,1239,FORWARD,,1,0,8,,1,['3a25b0d8:o1:d24:aug16:geom=transpose__color=p01_1602397845__order=reverse'],10780614656,18505269248,7724654592,0.41743000269152314,6453985280,1,2181,2181,2304,2304
1286,1240,FORWARD,,1,0,8,,1,['3a25b0d8:o1:d24:aug16:geom=transpose__color=p01_1602397845__order=reverse'],10780615168,18505269248,7724654080,0.4174299750237279,6453985280,1,2182,2182,2304,2304
1287,1241,FORWARD,,1,0,8,,1,['3a25b0d8:o1:d24:aug16:geom=transpose__color=p01_1602397845__order=reverse'],10780615680,18505269248,7724653568,0.4174299473559327,6453985280,1,2183,2183,2304,2304
1288,1242,FORWARD,,1,0,8,,1,['3a25b0d8:o1:d24:aug16:geom=transpose__color=p01_1602397845__order=reverse'],10780616192,18505269248,7724653056,0.4174299196881375,6453985280,1,2184,2184,2304,2304
1289,1243,FORWARD,,1,0,8,,1,['3a25b0d8:o1:d24:aug16:geom=transpose__color=p01_1602397845__order=reverse'],10780616704,18505269248,7724652544,0.41742989202034225,6453985280,1,2185,2185,2304,2304
1290,1244,FORWARD,,1,0,8,,1,['3a25b0d8:o1:d24:aug16:geom=transpose__color=p01_1602397845__order=reverse'],10780617216,18505269248,7724652032,0.41742986435254703,6453985280,1,2186,2186,2304,2304
1291,1245,FORWARD,,1,0,8,,1,['3a25b0d8:o1:d24:aug16:geom=transpose__color=p01_1602397845__order=reverse'],10780617728,18505269248,7724651520,0.4174298366847518,6453985280,1,2187,2187,2304,2304
1292,1246,FORWARD,,1,0,8,,1,['3a25b0d8:o1:d24:aug16:geom=transpose__color=p01_1602397845__order=reverse'],10780618240,18505269248,7724651008,0.4174298090169566,6453985280,1,2188,2188,2304,2304
1293,1247,FORWARD,,1,0,8,,1,['3a25b0d8:o1:d24:aug16:geom=transpose__color=p01_1602397845__order=reverse'],10780618752,18505269248,7724650496,0.41742978134916137,6453985280,1,2189,2189,2304,2304
1294,1248,FORWARD,,1,0,8,,1,['3a25b0d8:o1:d24:aug16:geom=transpose__color=p01_1602397845__order=reverse'],10780619264,18505269248,7724649984,0.41742975368136614,6453985280,1,2190,2190,2304,2304
1295,1249,FORWARD,,1,0,8,,1,['3a25b0d8:o1:d24:aug16:geom=transpose__color=p01_1602397845__order=reverse'],10780619776,18505269248,7724649472,0.4174297260135709,6453985280,1,2191,2191,2304,2304
1296,1250,FORWARD,,1,0,8,,1,['3a25b0d8:o1:d24:aug16:geom=transpose__color=p01_1602397845__order=reverse'],10780620288,18505269248,7724648960,0.4174296983457757,6453985280,1,2192,2192,2304,2304
1297,1251,FORWARD,,1,0,8,,1,['3a25b0d8:o1:d24:aug16:geom=transpose__color=p01_1602397845__order=reverse'],10780620800,18505269248,7724648448,0.4174296706779805,6453985280,1,2193,2193,2304,2304
1298,1252,FORWARD,,1,0,8,,1,['3a25b0d8:o1:d24:aug16:geom=transpose__color=p01_1602397845__order=reverse'],10780621312,18505269248,7724647936,0.4174296430101853,6453985280,1,2194,2194,2304,2304
1299,1253,FORWARD,,1,0,8,,1,['3a25b0d8:o1:d24:aug16:geom=transpose__color=p01_1602397845__order=reverse'],10780621824,18505269248,7724647424,0.4174296153423901,6453985280,1,2195,2195,2304,2304
1300,1254,FORWARD,,1,0,8,,1,['3a25b0d8:o1:d24:aug16:geom=transpose__color=p01_1602397845__order=reverse'],10780622336,18505269248,7724646912,0.41742958767459487,6453985280,1,2196,2196,2304,2304
1301,1255,FORWARD,,1,0,8,,1,['3a25b0d8:o1:d24:aug16:geom=transpose__color=p01_1602397845__order=reverse'],10780622848,18505269248,7724646400,0.41742956000679965,6453985280,1,2197,2197,2304,2304
1302,1256,FORWARD,,1,0,8,,1,['3a25b0d8:o1:d24:aug16:geom=transpose__color=p01_1602397845__order=reverse'],10780623360,18505269248,7724645888,0.4174295323390044,6453985280,1,2198,2198,2304,2304
1303,1257,FORWARD,,1,0,8,,1,['3a25b0d8:o1:d24:aug16:geom=transpose__color=p01_1602397845__order=reverse'],10780623872,18505269248,7724645376,0.4174295046712092,6453985280,1,2199,2199,2304,2304
1304,1258,FORWARD,,1,0,8,,1,['3a25b0d8:o1:d24:aug16:geom=transpose__color=p01_1602397845__order=reverse'],10780624384,18505269248,7724644864,0.417429477003414,6453985280,1,2200,2200,2304,2304
1305,1259,FORWARD,,1,0,8,,1,['3a25b0d8:o1:d24:aug16:geom=transpose__color=p01_1602397845__order=reverse'],10780624896,18505269248,7724644352,0.41742944933561876,6453985280,1,2201,2201,2304,2304
1306,1260,FORWARD,,1,0,8,,1,['3a25b0d8:o1:d24:aug16:geom=transpose__color=p01_1602397845__order=reverse'],10780625408,18505269248,7724643840,0.41742942166782354,6453985280,1,2202,2202,2304,2304
1307,1261,FORWARD,,1,0,8,,1,['3a25b0d8:o1:d24:aug16:geom=transpose__color=p01_1602397845__order=reverse'],10780625920,18505269248,7724643328,0.4174293940000283,6453985280,1,2203,2203,2304,2304
1308,1262,FORWARD,,1,0,8,,1,['3a25b0d8:o1:d24:aug16:geom=transpose__color=p01_1602397845__order=reverse'],10780626432,18505269248,7724642816,0.4174293663322331,6453985280,1,2204,2204,2304,2304
1309,1263,FORWARD,,1,0,8,,1,['3a25b0d8:o1:d24:aug16:geom=transpose__color=p01_1602397845__order=reverse'],10780626944,18505269248,7724642304,0.4174293386644379,6453985280,1,2205,2205,2304,2304
1310,1264,FORWARD,,1,0,8,,1,['3a25b0d8:o1:d24:aug16:geom=transpose__color=p01_1602397845__order=reverse'],10780627456,18505269248,7724641792,0.41742931099664266,6453985280,1,2206,2206,2304,2304
1311,1265,FORWARD,,1,0,8,,1,['3a25b0d8:o1:d24:aug16:geom=transpose__color=p01_1602397845__order=reverse'],10780627968,18505269248,7724641280,0.4174292833288475,6453985280,1,2207,2207,2304,2304
1312,1266,FORWARD,,1,0,8,,1,['3a25b0d8:o1:d24:aug16:geom=transpose__color=p01_1602397845__order=reverse'],10780628480,18505269248,7724640768,0.41742925566105227,6453985280,1,2208,2208,2304,2304
1313,1267,FORWARD,,1,0,8,,1,['3a25b0d8:o1:d24:aug16:geom=transpose__color=p01_1602397845__order=reverse'],10780628992,18505269248,7724640256,0.41742922799325705,6453985280,1,2209,2209,2304,2304
1314,1268,FORWARD,,1,0,8,,1,['3a25b0d8:o1:d24:aug16:geom=transpose__color=p01_1602397845__order=reverse'],10780629504,18505269248,7724639744,0.4174292003254618,6453985280,1,2210,2210,2304,2304
1315,1269,FORWARD,,1,0,8,,1,['3a25b0d8:o1:d24:aug16:geom=transpose__color=p01_1602397845__order=reverse'],10780630016,18505269248,7724639232,0.4174291726576666,6453985280,1,2211,2211,2304,2304
1316,1270,FORWARD,,1,0,8,,1,['3a25b0d8:o1:d24:aug16:geom=transpose__color=p01_1602397845__order=reverse'],10780630528,18505269248,7724638720,0.4174291449898714,6453985280,1,2212,2212,2304,2304
1317,1271,FORWARD,,1,0,8,,1,['3a25b0d8:o1:d24:aug16:geom=transpose__color=p01_1602397845__order=reverse'],10780631040,18505269248,7724638208,0.41742911732207616,6453985280,1,2213,2213,2304,2304
1318,1272,FORWARD,,1,0,8,,1,['3a25b0d8:o1:d24:aug16:geom=transpose__color=p01_1602397845__order=reverse'],10780631552,18505269248,7724637696,0.41742908965428094,6453985280,1,2214,2214,2304,2304
1319,1273,FORWARD,,1,0,8,,1,['3a25b0d8:o1:d24:aug16:geom=transpose__color=p01_1602397845__order=reverse'],10780632064,18505269248,7724637184,0.4174290619864857,6453985280,1,2215,2215,2304,2304
1320,1274,FORWARD,,1,0,8,,1,['3a25b0d8:o1:d24:aug16:geom=transpose__color=p01_1602397845__order=reverse'],10780632576,18505269248,7724636672,0.4174290343186905,6453985280,1,2216,2216,2304,2304
1321,1275,FORWARD,,1,0,8,,1,['3a25b0d8:o1:d24:aug16:geom=transpose__color=p01_1602397845__order=reverse'],10780633088,18505269248,7724636160,0.4174290066508953,6453985280,1,2217,2217,2304,2304
1322,1276,FORWARD,,1,0,8,,1,['3a25b0d8:o1:d24:aug16:geom=transpose__color=p01_1602397845__order=reverse'],10780633600,18505269248,7724635648,0.41742897898310005,6453985280,1,2218,2218,2304,2304
1323,1277,FORWARD,,1,0,8,,1,['3a25b0d8:o1:d24:aug16:geom=transpose__color=p01_1602397845__order=reverse'],10780634112,18505269248,7724635136,0.41742895131530483,6453985280,1,2219,2219,2304,2304
1324,1278,FORWARD,,1,0,8,,1,['3a25b0d8:o1:d24:aug16:geom=transpose__color=p01_1602397845__order=reverse'],10780634624,18505269248,7724634624,0.4174289236475096,6453985280,1,2220,2220,2304,2304
1325,1279,FORWARD,,1,0,8,,1,['3a25b0d8:o1:d24:aug16:geom=transpose__color=p01_1602397845__order=reverse'],10780635136,18505269248,7724634112,0.41742889597971444,6453985280,1,2221,2221,2304,2304
1326,1280,FORWARD,,1,0,8,,1,['3a25b0d8:o1:d24:aug16:geom=transpose__color=p01_1602397845__order=reverse'],10780635648,18505269248,7724633600,0.4174288683119192,6453985280,1,2222,2222,2304,2304
1327,1281,FORWARD,,1,0,8,,1,['3a25b0d8:o1:d24:aug16:geom=transpose__color=p01_1602397845__order=reverse'],10780636160,18505269248,7724633088,0.417428840644124,6453985280,1,2223,2223,2304,2304
1328,1282,FORWARD,,1,0,8,,1,['3a25b0d8:o1:d24:aug16:geom=transpose__color=p01_1602397845__order=reverse'],10780636672,18505269248,7724632576,0.4174288129763288,6453985280,1,2224,2224,2304,2304
1329,1283,FORWARD,,1,0,8,,1,['3a25b0d8:o1:d24:aug16:geom=transpose__color=p01_1602397845__order=reverse'],10780637184,18505269248,7724632064,0.41742878530853356,6453985280,1,2225,2225,2304,2304
1330,1284,FORWARD,,1,0,8,,1,['3a25b0d8:o1:d24:aug16:geom=transpose__color=p01_1602397845__order=reverse'],10780637696,18505269248,7724631552,0.41742875764073833,6453985280,1,2226,2226,2304,2304
1331,1285,FORWARD,,1,0,8,,1,['3a25b0d8:o1:d24:aug16:geom=transpose__color=p01_1602397845__order=reverse'],10780638208,18505269248,7724631040,0.4174287299729431,6453985280,1,2227,2227,2304,2304
1332,1286,FORWARD,,1,0,8,,1,['3a25b0d8:o1:d24:aug16:geom=transpose__color=p01_1602397845__order=reverse'],10780638720,18505269248,7724630528,0.4174287023051479,6453985280,1,2228,2228,2304,2304
1333,1287,FORWARD,,1,0,8,,1,['3a25b0d8:o1:d24:aug16:geom=transpose__color=p01_1602397845__order=reverse'],10780639232,18505269248,7724630016,0.41742867463735267,6453985280,1,2229,2229,2304,2304
1334,1288,FORWARD,,1,0,8,,1,['3a25b0d8:o1:d24:aug16:geom=transpose__color=p01_1602397845__order=reverse'],10780639744,18505269248,7724629504,0.41742864696955745,6453985280,1,2230,2230,2304,2304
1335,1289,FORWARD,,1,0,8,,1,['3a25b0d8:o1:d24:aug16:geom=transpose__color=p01_1602397845__order=reverse'],10780640256,18505269248,7724628992,0.4174286193017622,6453985280,1,2231,2231,2304,2304
1336,1290,FORWARD,,1,0,8,,1,['3a25b0d8:o1:d24:aug16:geom=transpose__color=p01_1602397845__order=reverse'],10780640768,18505269248,7724628480,0.417428591633967,6453985280,1,2232,2232,2304,2304
1337,1291,FORWARD,,1,0,8,,1,['3a25b0d8:o1:d24:aug16:geom=transpose__color=p01_1602397845__order=reverse'],10780641280,18505269248,7724627968,0.4174285639661718,6453985280,1,2233,2233,2304,2304
1338,1292,FORWARD,,1,0,8,,1,['3a25b0d8:o1:d24:aug16:geom=transpose__color=p01_1602397845__order=reverse'],10780641792,18505269248,7724627456,0.41742853629837656,6453985280,1,2234,2234,2304,2304
1339,1293,FORWARD,,1,0,8,,1,['3a25b0d8:o1:d24:aug16:geom=transpose__color=p01_1602397845__order=reverse'],10780642304,18505269248,7724626944,0.4174285086305814,6453985280,1,2235,2235,2304,2304
1340,1294,FORWARD,,1,0,8,,1,['3a25b0d8:o1:d24:aug16:geom=transpose__color=p01_1602397845__order=reverse'],10780568576,18505269248,7724700672,0.4174324927930927,6453985280,1,2089,2089,2304,2304
1341,1295,FORWARD,,1,0,8,,1,['3a25b0d8:o1:d24:aug16:geom=transpose__color=p01_1602397845__order=reverse'],10780568064,18505269248,7724701184,0.4174325204608879,6453985280,1,2090,2090,2304,2304
1342,1296,FORWARD,,1,0,8,,1,['3a25b0d8:o1:d24:aug16:geom=transpose__color=p01_1602397845__order=reverse'],10780568576,18505269248,7724700672,0.4174324927930927,6453985280,1,2091,2091,2304,2304
1343,1297,FORWARD,,1,0,8,,1,['3a25b0d8:o1:d24:aug16:geom=transpose__color=p01_1602397845__order=reverse'],10780569088,18505269248,7724700160,0.41743246512529747,6453985280,1,2092,2092,2304,2304
1344,1298,FORWARD,,1,0,8,,1,['3a25b0d8:o1:d24:aug16:geom=transpose__color=p01_1602397845__order=reverse'],10780569600,18505269248,7724699648,0.41743243745750225,6453985280,1,2093,2093,2304,2304
1345,1299,FORWARD,,1,0,8,,1,['3a25b0d8:o1:d24:aug16:geom=transpose__color=p01_1602397845__order=reverse'],10780570112,18505269248,7724699136,0.417432409789707,6453985280,1,2094,2094,2304,2304
1346,1300,FORWARD,,1,0,8,,1,['3a25b0d8:o1:d24:aug16:geom=transpose__color=p01_1602397845__order=reverse'],10780570624,18505269248,7724698624,0.4174323821219118,6453985280,1,2095,2095,2304,2304
1347,1301,FORWARD,,1,0,8,,1,['3a25b0d8:o1:d24:aug16:geom=transpose__color=p01_1602397845__order=reverse'],10780571136,18505269248,7724698112,0.41743235445411664,6453985280,1,2096,2096,2304,2304
1348,1302,FORWARD,,1,0,8,,1,['3a25b0d8:o1:d24:aug16:geom=transpose__color=p01_1602397845__order=reverse'],10780571648,18505269248,7724697600,0.4174323267863214,6453985280,1,2097,2097,2304,2304
1349,1303,FORWARD,,1,0,8,,1,['3a25b0d8:o1:d24:aug16:geom=transpose__color=p01_1602397845__order=reverse'],10780572160,18505269248,7724697088,0.4174322991185262,6453985280,1,2098,2098,2304,2304
1350,1304,FORWARD,,1,0,8,,1,['3a25b0d8:o1:d24:aug16:geom=transpose__color=p01_1602397845__order=reverse'],10780572672,18505269248,7724696576,0.417432271450731,6453985280,1,2099,2099,2304,2304
1351,1305,FORWARD,,1,0,8,,1,['3a25b0d8:o1:d24:aug16:geom=transpose__color=p01_1602397845__order=reverse'],10780573184,18505269248,7724696064,0.41743224378293575,6453985280,1,2100,2100,2304,2304
1352,1306,FORWARD,,1,0,8,,1,['3a25b0d8:o1:d24:aug16:geom=transpose__color=p01_1602397845__order=reverse'],10780573696,18505269248,7724695552,0.41743221611514053,6453985280,1,2101,2101,2304,2304
1353,1307,FORWARD,,1,0,8,,1,['3a25b0d8:o1:d24:aug16:geom=transpose__color=p01_1602397845__order=reverse'],10780574208,18505269248,7724695040,0.4174321884473453,6453985280,1,2102,2102,2304,2304
1354,1308,FORWARD,,1,0,8,,1,['3a25b0d8:o1:d24:aug16:geom=transpose__color=p01_1602397845__order=reverse'],10780574720,18505269248,7724694528,0.4174321607795501,6453985280,1,2103,2103,2304,2304
1355,1309,FORWARD,,1,0,8,,1,['3a25b0d8:o1:d24:aug16:geom=transpose__color=p01_1602397845__order=reverse'],10780575232,18505269248,7724694016,0.41743213311175487,6453985280,1,2104,2104,2304,2304
1356,1310,FORWARD,,1,0,8,,1,['3a25b0d8:o1:d24:aug16:geom=transpose__color=p01_1602397845__order=reverse'],10780575744,18505269248,7724693504,0.41743210544395964,6453985280,1,2105,2105,2304,2304
1357,1311,FORWARD,,1,0,8,,1,['3a25b0d8:o1:d24:aug16:geom=transpose__color=p01_1602397845__order=reverse'],10780576256,18505269248,7724692992,0.4174320777761644,6453985280,1,2106,2106,2304,2304
1358,1312,FORWARD,,1,0,8,,1,['3a25b0d8:o1:d24:aug16:geom=transpose__color=p01_1602397845__order=reverse'],10780576768,18505269248,7724692480,0.4174320501083692,6453985280,1,2107,2107,2304,2304
1359,1313,FORWARD,,1,0,8,,1,['3a25b0d8:o1:d24:aug16:geom=transpose__color=p01_1602397845__order=reverse'],10780577280,18505269248,7724691968,0.417432022440574,6453985280,1,2108,2108,2304,2304
1360,1314,FORWARD,,1,0,8,,1,['3a25b0d8:o1:d24:aug16:geom=transpose__color=p01_1602397845__order=reverse'],10780577792,18505269248,7724691456,0.41743199477277876,6453985280,1,2109,2109,2304,2304
1361,1315,FORWARD,,1,0,8,,1,['3a25b0d8:o1:d24:aug16:geom=transpose__color=p01_1602397845__order=reverse'],10780578304,18505269248,7724690944,0.4174319671049836,6453985280,1,2110,2110,2304,2304
1362,1316,FORWARD,,1,0,8,,1,['3a25b0d8:o1:d24:aug16:geom=transpose__color=p01_1602397845__order=reverse'],10780578816,18505269248,7724690432,0.41743193943718837,6453985280,1,2111,2111,2304,2304
1363,1317,FORWARD,,1,0,8,,1,['3a25b0d8:o1:d24:aug16:geom=transpose__color=p01_1602397845__order=reverse'],10780579328,18505269248,7724689920,0.41743191176939315,6453985280,1,2112,2112,2304,2304
1364,1318,FORWARD,,1,0,8,,1,['3a25b0d8:o1:d24:aug16:geom=transpose__color=p01_1602397845__order=reverse'],10780579840,18505269248,7724689408,0.4174318841015979,6453985280,1,2113,2113,2304,2304
1365,1319,FORWARD,,1,0,8,,1,['3a25b0d8:o1:d24:aug16:geom=transpose__color=p01_1602397845__order=reverse'],10780580352,18505269248,7724688896,0.4174318564338027,6453985280,1,2114,2114,2304,2304
1366,1320,FORWARD,,1,0,8,,1,['3a25b0d8:o1:d24:aug16:geom=transpose__color=p01_1602397845__order=reverse'],10780580864,18505269248,7724688384,0.4174318287660075,6453985280,1,2115,2115,2304,2304
1367,1321,FORWARD,,1,0,8,,1,['3a25b0d8:o1:d24:aug16:geom=transpose__color=p01_1602397845__order=reverse'],10780581376,18505269248,7724687872,0.41743180109821226,6453985280,1,2116,2116,2304,2304
1368,1322,FORWARD,,1,0,8,,1,['3a25b0d8:o1:d24:aug16:geom=transpose__color=p01_1602397845__order=reverse'],10780581888,18505269248,7724687360,0.41743177343041704,6453985280,1,2117,2117,2304,2304
1369,1323,FORWARD,,1,0,8,,1,['3a25b0d8:o1:d24:aug16:geom=transpose__color=p01_1602397845__order=reverse'],10780582400,18505269248,7724686848,0.4174317457626218,6453985280,1,2118,2118,2304,2304
1370,1324,FORWARD,,1,0,8,,1,['3a25b0d8:o1:d24:aug16:geom=transpose__color=p01_1602397845__order=reverse'],10780582912,18505269248,7724686336,0.4174317180948266,6453985280,1,2119,2119,2304,2304
1371,1325,FORWARD,,1,0,8,,1,['3a25b0d8:o1:d24:aug16:geom=transpose__color=p01_1602397845__order=reverse'],10780583424,18505269248,7724685824,0.4174316904270314,6453985280,1,2120,2120,2304,2304
1372,1326,FORWARD,,1,0,8,,1,['3a25b0d8:o1:d24:aug16:geom=transpose__color=p01_1602397845__order=reverse'],10780583936,18505269248,7724685312,0.41743166275923616,6453985280,1,2121,2121,2304,2304
1373,1327,FORWARD,,1,0,8,,1,['3a25b0d8:o1:d24:aug16:geom=transpose__color=p01_1602397845__order=reverse'],10780584448,18505269248,7724684800,0.41743163509144093,6453985280,1,2122,2122,2304,2304
1374,1328,FORWARD,,1,0,8,,1,['3a25b0d8:o1:d24:aug16:geom=transpose__color=p01_1602397845__order=reverse'],10780584960,18505269248,7724684288,0.4174316074236457,6453985280,1,2123,2123,2304,2304
1375,1329,FORWARD,,1,0,8,,1,['3a25b0d8:o1:d24:aug16:geom=transpose__color=p01_1602397845__order=reverse'],10780585472,18505269248,7724683776,0.41743157975585055,6453985280,1,2124,2124,2304,2304
1376,1330,FORWARD,,1,0,8,,1,['3a25b0d8:o1:d24:aug16:geom=transpose__color=p01_1602397845__order=reverse'],10780585984,18505269248,7724683264,0.4174315520880553,6453985280,1,2125,2125,2304,2304
1377,1331,FORWARD,,1,0,8,,1,['3a25b0d8:o1:d24:aug16:geom=transpose__color=p01_1602397845__order=reverse'],10780586496,18505269248,7724682752,0.4174315244202601,6453985280,1,2126,2126,2304,2304
1378,1332,FORWARD,,1,0,8,,1,['3a25b0d8:o1:d24:aug16:geom=transpose__color=p01_1602397845__order=reverse'],10780587008,18505269248,7724682240,0.4174314967524649,6453985280,1,2127,2127,2304,2304
1379,1333,FORWARD,,1,0,8,,1,['3a25b0d8:o1:d24:aug16:geom=transpose__color=p01_1602397845__order=reverse'],10780587520,18505269248,7724681728,0.41743146908466966,6453985280,1,2128,2128,2304,2304
1380,1334,FORWARD,,1,0,8,,1,['3a25b0d8:o1:d24:aug16:geom=transpose__color=p01_1602397845__order=reverse'],10780588032,18505269248,7724681216,0.41743144141687444,6453985280,1,2129,2129,2304,2304
1381,1335,FORWARD,,1,0,8,,1,['3a25b0d8:o1:d24:aug16:geom=transpose__color=p01_1602397845__order=reverse'],10780588544,18505269248,7724680704,0.4174314137490792,6453985280,1,2130,2130,2304,2304
1382,1336,FORWARD,,1,0,8,,1,['3a25b0d8:o1:d24:aug16:geom=transpose__color=p01_1602397845__order=reverse'],10780589056,18505269248,7724680192,0.417431386081284,6453985280,1,2131,2131,2304,2304
1383,1337,FORWARD,,1,0,8,,1,['3a25b0d8:o1:d24:aug16:geom=transpose__color=p01_1602397845__order=reverse'],10780589568,18505269248,7724679680,0.4174313584134888,6453985280,1,2132,2132,2304,2304
1384,1338,FORWARD,,1,0,8,,1,['3a25b0d8:o1:d24:aug16:geom=transpose__color=p01_1602397845__order=reverse'],10780590080,18505269248,7724679168,0.41743133074569355,6453985280,1,2133,2133,2304,2304
1385,1339,FORWARD,,1,0,8,,1,['3a25b0d8:o1:d24:aug16:geom=transpose__color=p01_1602397845__order=reverse'],10780590592,18505269248,7724678656,0.41743130307789833,6453985280,1,2134,2134,2304,2304
1386,1340,FORWARD,,1,0,8,,1,['3a25b0d8:o1:d24:aug16:geom=transpose__color=p01_1602397845__order=reverse'],10780591104,18505269248,7724678144,0.4174312754101031,6453985280,1,2135,2135,2304,2304
1387,1341,FORWARD,,1,0,8,,1,['3a25b0d8:o1:d24:aug16:geom=transpose__color=p01_1602397845__order=reverse'],10780591616,18505269248,7724677632,0.4174312477423079,6453985280,1,2136,2136,2304,2304
1388,1342,FORWARD,,1,0,8,,1,['3a25b0d8:o1:d24:aug16:geom=transpose__color=p01_1602397845__order=reverse'],10780592128,18505269248,7724677120,0.41743122007451267,6453985280,1,2137,2137,2304,2304
1389,1343,FORWARD,,1,0,8,,1,['3a25b0d8:o1:d24:aug16:geom=transpose__color=p01_1602397845__order=reverse'],10780592640,18505269248,7724676608,0.4174311924067175,6453985280,1,2138,2138,2304,2304
1390,1344,FORWARD,,1,0,8,,1,['3a25b0d8:o1:d24:aug16:geom=transpose__color=p01_1602397845__order=reverse'],10780593152,18505269248,7724676096,0.4174311647389223,6453985280,1,2139,2139,2304,2304
1391,1345,FORWARD,,1,0,8,,1,['3a25b0d8:o1:d24:aug16:geom=transpose__color=p01_1602397845__order=reverse'],10780593664,18505269248,7724675584,0.41743113707112706,6453985280,1,2140,2140,2304,2304
1392,1346,FORWARD,,1,0,8,,1,['3a25b0d8:o1:d24:aug16:geom=transpose__color=p01_1602397845__order=reverse'],10780594176,18505269248,7724675072,0.41743110940333183,6453985280,1,2141,2141,2304,2304
1393,1347,FORWARD,,1,0,8,,1,['3a25b0d8:o1:d24:aug16:geom=transpose__color=p01_1602397845__order=reverse'],10780594688,18505269248,7724674560,0.4174310817355366,6453985280,1,2142,2142,2304,2304
1394,1348,FORWARD,,1,0,8,,1,['3a25b0d8:o1:d24:aug16:geom=transpose__color=p01_1602397845__order=reverse'],10780595200,18505269248,7724674048,0.4174310540677414,6453985280,1,2143,2143,2304,2304
1395,1349,FORWARD,,1,0,8,,1,['3a25b0d8:o1:d24:aug16:geom=transpose__color=p01_1602397845__order=reverse'],10780595712,18505269248,7724673536,0.41743102639994617,6453985280,1,2144,2144,2304,2304
1396,1350,FORWARD,,1,0,8,,1,['3a25b0d8:o1:d24:aug16:geom=transpose__color=p01_1602397845__order=reverse'],10780596224,18505269248,7724673024,0.41743099873215095,6453985280,1,2145,2145,2304,2304
1397,1351,FORWARD,,1,0,8,,1,['3a25b0d8:o1:d24:aug16:geom=transpose__color=p01_1602397845__order=reverse'],10780596736,18505269248,7724672512,0.4174309710643557,6453985280,1,2146,2146,2304,2304
1398,1352,FORWARD,,1,0,8,,1,['3a25b0d8:o1:d24:aug16:geom=transpose__color=p01_1602397845__order=reverse'],10780597248,18505269248,7724672000,0.4174309433965605,6453985280,1,2147,2147,2304,2304
1399,1353,FORWARD,,1,0,8,,1,['3a25b0d8:o1:d24:aug16:geom=transpose__color=p01_1602397845__order=reverse'],10780597760,18505269248,7724671488,0.4174309157287653,6453985280,1,2148,2148,2304,2304
1400,1354,FORWARD,,1,0,8,,1,['3a25b0d8:o1:d24:aug16:geom=transpose__color=p01_1602397845__order=reverse'],10780598272,18505269248,7724670976,0.41743088806097006,6453985280,1,2149,2149,2304,2304
1401,1355,FORWARD,,1,0,8,,1,['3a25b0d8:o1:d24:aug16:geom=transpose__color=p01_1602397845__order=reverse'],10780598784,18505269248,7724670464,0.41743086039317484,6453985280,1,2150,2150,2304,2304
1402,1356,FORWARD,,1,0,8,,1,['3a25b0d8:o1:d24:aug16:geom=transpose__color=p01_1602397845__order=reverse'],10780599296,18505269248,7724669952,0.4174308327253796,6453985280,1,2151,2151,2304,2304
1403,1357,FORWARD,,1,0,8,,1,['3a25b0d8:o1:d24:aug16:geom=transpose__color=p01_1602397845__order=reverse'],10780599808,18505269248,7724669440,0.41743080505758445,6453985280,1,2152,2152,2304,2304
1404,1358,FORWARD,,1,0,8,,1,['3a25b0d8:o1:d24:aug16:geom=transpose__color=p01_1602397845__order=reverse'],10780600320,18505269248,7724668928,0.41743077738978923,6453985280,1,2153,2153,2304,2304
1405,1359,FORWARD,,1,0,8,,1,['3a25b0d8:o1:d24:aug16:geom=transpose__color=p01_1602397845__order=reverse'],10780600832,18505269248,7724668416,0.417430749721994,6453985280,1,2154,2154,2304,2304
1406,1360,FORWARD,,1,0,8,,1,['3a25b0d8:o1:d24:aug16:geom=transpose__color=p01_1602397845__order=reverse'],10780601344,18505269248,7724667904,0.4174307220541988,6453985280,1,2155,2155,2304,2304
1407,1361,FORWARD,,1,0,8,,1,['3a25b0d8:o1:d24:aug16:geom=transpose__color=p01_1602397845__order=reverse'],10780601856,18505269248,7724667392,0.41743069438640357,6453985280,1,2156,2156,2304,2304
1408,1362,FORWARD,,1,0,8,,1,['3a25b0d8:o1:d24:aug16:geom=transpose__color=p01_1602397845__order=reverse'],10780602368,18505269248,7724666880,0.41743066671860835,6453985280,1,2157,2157,2304,2304
1409,1363,FORWARD,,1,0,8,,1,['3a25b0d8:o1:d24:aug16:geom=transpose__color=p01_1602397845__order=reverse'],10780602880,18505269248,7724666368,0.4174306390508131,6453985280,1,2158,2158,2304,2304
1410,1364,FORWARD,,1,0,8,,1,['3a25b0d8:o1:d24:aug16:geom=transpose__color=p01_1602397845__order=reverse'],10780603392,18505269248,7724665856,0.4174306113830179,6453985280,1,2159,2159,2304,2304
1411,1365,FORWARD,,1,0,8,,1,['3a25b0d8:o1:d24:aug16:geom=transpose__color=p01_1602397845__order=reverse'],10780603904,18505269248,7724665344,0.4174305837152227,6453985280,1,2160,2160,2304,2304
1412,1366,FORWARD,,1,0,8,,1,['3a25b0d8:o1:d24:aug16:geom=transpose__color=p01_1602397845__order=reverse'],10780604416,18505269248,7724664832,0.41743055604742746,6453985280,1,2161,2161,2304,2304
1413,1367,FORWARD,,1,0,8,,1,['3a25b0d8:o1:d24:aug16:geom=transpose__color=p01_1602397845__order=reverse'],10780604928,18505269248,7724664320,0.41743052837963224,6453985280,1,2162,2162,2304,2304
1414,1368,FORWARD,,1,0,8,,1,['3a25b0d8:o1:d24:aug16:geom=transpose__color=p01_1602397845__order=reverse'],10780605440,18505269248,7724663808,0.417430500711837,6453985280,1,2163,2163,2304,2304
1415,1369,FORWARD,,1,0,8,,1,['3a25b0d8:o1:d24:aug16:geom=transpose__color=p01_1602397845__order=reverse'],10780605952,18505269248,7724663296,0.4174304730440418,6453985280,1,2164,2164,2304,2304
1416,1370,FORWARD,,1,0,8,,1,['3a25b0d8:o1:d24:aug16:geom=transpose__color=p01_1602397845__order=reverse'],10780606464,18505269248,7724662784,0.4174304453762466,6453985280,1,2165,2165,2304,2304
1417,1371,FORWARD,,1,0,8,,1,['3a25b0d8:o1:d24:aug16:geom=transpose__color=p01_1602397845__order=reverse'],10780606976,18505269248,7724662272,0.4174304177084514,6453985280,1,2166,2166,2304,2304
1418,1372,FORWARD,,1,0,8,,1,['3a25b0d8:o1:d24:aug16:geom=transpose__color=p01_1602397845__order=reverse'],10780607488,18505269248,7724661760,0.4174303900406562,6453985280,1,2167,2167,2304,2304
1419,1373,FORWARD,,1,0,8,,1,['3a25b0d8:o1:d24:aug16:geom=transpose__color=p01_1602397845__order=reverse'],10780608000,18505269248,7724661248,0.41743036237286096,6453985280,1,2168,2168,2304,2304
1420,1374,FORWARD,,1,0,8,,1,['3a25b0d8:o1:d24:aug16:geom=transpose__color=p01_1602397845__order=reverse'],10780608512,18505269248,7724660736,0.41743033470506574,6453985280,1,2169,2169,2304,2304
1421,1375,FORWARD,,1,0,8,,1,['3a25b0d8:o1:d24:aug16:geom=transpose__color=p01_1602397845__order=reverse'],10780609024,18505269248,7724660224,0.4174303070372705,6453985280,1,2170,2170,2304,2304
1422,1376,FORWARD,,1,0,8,,1,['3a25b0d8:o1:d24:aug16:geom=transpose__color=p01_1602397845__order=reverse'],10780609536,18505269248,7724659712,0.4174302793694753,6453985280,1,2171,2171,2304,2304
1423,1377,FORWARD,,1,0,8,,1,['3a25b0d8:o1:d24:aug16:geom=transpose__color=p01_1602397845__order=reverse'],10780610048,18505269248,7724659200,0.4174302517016801,6453985280,1,2172,2172,2304,2304
1424,1378,FORWARD,,1,0,8,,1,['3a25b0d8:o1:d24:aug16:geom=transpose__color=p01_1602397845__order=reverse'],10780610560,18505269248,7724658688,0.41743022403388486,6453985280,1,2173,2173,2304,2304
1425,1379,FORWARD,,1,0,8,,1,['3a25b0d8:o1:d24:aug16:geom=transpose__color=p01_1602397845__order=reverse'],10780611072,18505269248,7724658176,0.41743019636608963,6453985280,1,2174,2174,2304,2304
1426,1380,FORWARD,,1,0,8,,1,['3a25b0d8:o1:d24:aug16:geom=transpose__color=p01_1602397845__order=reverse'],10780611584,18505269248,7724657664,0.4174301686982944,6453985280,1,2175,2175,2304,2304
1427,1381,FORWARD,,1,0,8,,1,['3a25b0d8:o1:d24:aug16:geom=transpose__color=p01_1602397845__order=reverse'],10780612096,18505269248,7724657152,0.4174301410304992,6453985280,1,2176,2176,2304,2304
1428,1382,FORWARD,,1,0,8,,1,['3a25b0d8:o1:d24:aug16:geom=transpose__color=p01_1602397845__order=reverse'],10780612608,18505269248,7724656640,0.41743011336270397,6453985280,1,2177,2177,2304,2304
1429,1383,FORWARD,,1,0,8,,1,['3a25b0d8:o1:d24:aug16:geom=transpose__color=p01_1602397845__order=reverse'],10780613120,18505269248,7724656128,0.41743008569490875,6453985280,1,2178,2178,2304,2304
1430,1384,FORWARD,,1,0,8,,1,['3a25b0d8:o1:d24:aug16:geom=transpose__color=p01_1602397845__order=reverse'],10780613632,18505269248,7724655616,0.4174300580271135,6453985280,1,2179,2179,2304,2304
1431,1385,FORWARD,,1,0,8,,1,['3a25b0d8:o1:d24:aug16:geom=transpose__color=p01_1602397845__order=reverse'],10780614144,18505269248,7724655104,0.41743003035931836,6453985280,1,2180,2180,2304,2304
1432,1385,TERMINATE,3a25b0d8:o1:d24:aug16:geom=transpose__color=p01_1602397845__order=reverse,1,0,8,budget_exhausted,1,['3a25b0d8:o1:d24:aug16:geom=transpose__color=p01_1602397845__order=reverse'],10780558848,18505269248,7724710400,0.41743301848120185,6453985280,1,2072,2072,2304,2304
1433,1385,RELEASE,3a25b0d8:o1:d24:aug16:geom=transpose__color=p01_1602397845__order=reverse,0,0,8,budget_exhausted,1,['3a25b0d8:o1:d24:aug16:geom=transpose__color=p01_1602397845__order=reverse'],10780558848,18505269248,7724710400,0.41743301848120185,6453985280,0,,,,
