basin_i_size,basin_j_size,basin_sizes_json,consensus_all_size,consensus_ge_2_size,consensus_ge_majority_size,depth,epsilon,fold_i,fold_j,fold_membership_count,fold_membership_fraction,intersection_size,jaccard,jaccard_mean,jaccard_median,max_consensus_count,output_index,record_type,task_id,union_size,view
1,1,,,,,,0.0001,0,1,,,0,0.0,,,,0,pair,21897d95,2,
1,1,,,,,,0.0001,0,2,,,0,0.0,,,,0,pair,21897d95,2,
1,1,,,,,,0.0001,0,3,,,0,0.0,,,,0,pair,21897d95,2,
1,1,,,,,,0.0001,1,2,,,0,0.0,,,,0,pair,21897d95,2,
1,1,,,,,,0.0001,1,3,,,0,0.0,,,,0,pair,21897d95,2,
1,1,,,,,,0.0001,2,3,,,0,0.0,,,,0,pair,21897d95,2,
,,"[1, 1, 1, 1]",0,0,0,,0.0001,ALL,ALL,,,0,,0.0,0.0,1,0,summary,21897d95,4,
,,,,,,0,0.0001,CELL,CELL,0,0.0,,,,,,0,cell_membership,21897d95,,identity
,,,,,,0,0.0001,CELL,CELL,0,0.0,,,,,,0,cell_membership,21897d95,,rot90
,,,,,,0,0.0001,CELL,CELL,0,0.0,,,,,,0,cell_membership,21897d95,,rot180
,,,,,,0,0.0001,CELL,CELL,0,0.0,,,,,,0,cell_membership,21897d95,,rot270
,,,,,,0,0.0001,CELL,CELL,0,0.0,,,,,,0,cell_membership,21897d95,,flip_lr
,,,,,,0,0.0001,CELL,CELL,0,0.0,,,,,,0,cell_membership,21897d95,,flip_ud
,,,,,,0,0.0001,CELL,CELL,0,0.0,,,,,,0,cell_membership,21897d95,,transpose
,,,,,,0,0.0001,CELL,CELL,0,0.0,,,,,,0,cell_membership,21897d95,,anti_transpose
,,,,,,12,0.0001,CELL,CELL,0,0.0,,,,,,0,cell_membership,21897d95,,identity
,,,,,,12,0.0001,CELL,CELL,0,0.0,,,,,,0,cell_membership,21897d95,,rot90
,,,,,,12,0.0001,CELL,CELL,0,0.0,,,,,,0,cell_membership,21897d95,,rot180
,,,,,,12,0.0001,CELL,CELL,0,0.0,,,,,,0,cell_membership,21897d95,,rot270
,,,,,,12,0.0001,CELL,CELL,0,0.0,,,,,,0,cell_membership,21897d95,,flip_lr
,,,,,,12,0.0001,CELL,CELL,0,0.0,,,,,,0,cell_membership,21897d95,,flip_ud
,,,,,,12,0.0001,CELL,CELL,0,0.0,,,,,,0,cell_membership,21897d95,,transpose
,,,,,,12,0.0001,CELL,CELL,0,0.0,,,,,,0,cell_membership,21897d95,,anti_transpose
,,,,,,24,0.0001,CELL,CELL,0,0.0,,,,,,0,cell_membership,21897d95,,identity
,,,,,,24,0.0001,CELL,CELL,0,0.0,,,,,,0,cell_membership,21897d95,,rot90
,,,,,,24,0.0001,CELL,CELL,0,0.0,,,,,,0,cell_membership,21897d95,,rot180
,,,,,,24,0.0001,CELL,CELL,1,0.25,,,,,,0,cell_membership,21897d95,,rot270
,,,,,,24,0.0001,CELL,CELL,0,0.0,,,,,,0,cell_membership,21897d95,,flip_lr
,,,,,,24,0.0001,CELL,CELL,1,0.25,,,,,,0,cell_membership,21897d95,,flip_ud
,,,,,,24,0.0001,CELL,CELL,1,0.25,,,,,,0,cell_membership,21897d95,,transpose
,,,,,,24,0.0001,CELL,CELL,0,0.0,,,,,,0,cell_membership,21897d95,,anti_transpose
,,,,,,48,0.0001,CELL,CELL,0,0.0,,,,,,0,cell_membership,21897d95,,identity
,,,,,,48,0.0001,CELL,CELL,0,0.0,,,,,,0,cell_membership,21897d95,,rot90
,,,,,,48,0.0001,CELL,CELL,0,0.0,,,,,,0,cell_membership,21897d95,,rot180
,,,,,,48,0.0001,CELL,CELL,0,0.0,,,,,,0,cell_membership,21897d95,,rot270
,,,,,,48,0.0001,CELL,CELL,0,0.0,,,,,,0,cell_membership,21897d95,,flip_lr
,,,,,,48,0.0001,CELL,CELL,0,0.0,,,,,,0,cell_membership,21897d95,,flip_ud
,,,,,,48,0.0001,CELL,CELL,0,0.0,,,,,,0,cell_membership,21897d95,,transpose
,,,,,,48,0.0001,CELL,CELL,1,0.25,,,,,,0,cell_membership,21897d95,,anti_transpose
,,,,,,72,0.0001,CELL,CELL,0,0.0,,,,,,0,cell_membership,21897d95,,identity
,,,,,,72,0.0001,CELL,CELL,0,0.0,,,,,,0,cell_membership,21897d95,,rot90
,,,,,,72,0.0001,CELL,CELL,0,0.0,,,,,,0,cell_membership,21897d95,,rot180
,,,,,,72,0.0001,CELL,CELL,0,0.0,,,,,,0,cell_membership,21897d95,,rot270
,,,,,,72,0.0001,CELL,CELL,0,0.0,,,,,,0,cell_membership,21897d95,,flip_lr
,,,,,,72,0.0001,CELL,CELL,0,0.0,,,,,,0,cell_membership,21897d95,,flip_ud
,,,,,,72,0.0001,CELL,CELL,0,0.0,,,,,,0,cell_membership,21897d95,,transpose
,,,,,,72,0.0001,CELL,CELL,0,0.0,,,,,,0,cell_membership,21897d95,,anti_transpose
1,2,,,,,,0.0005,0,1,,,0,0.0,,,,0,pair,21897d95,3,
1,1,,,,,,0.0005,0,2,,,0,0.0,,,,0,pair,21897d95,2,
1,1,,,,,,0.0005,0,3,,,0,0.0,,,,0,pair,21897d95,2,
2,1,,,,,,0.0005,1,2,,,0,0.0,,,,0,pair,21897d95,3,
2,1,,,,,,0.0005,1,3,,,0,0.0,,,,0,pair,21897d95,3,
1,1,,,,,,0.0005,2,3,,,0,0.0,,,,0,pair,21897d95,2,
,,"[1, 2, 1, 1]",0,0,0,,0.0005,ALL,ALL,,,0,,0.0,0.0,1,0,summary,21897d95,5,
,,,,,,0,0.0005,CELL,CELL,0,0.0,,,,,,0,cell_membership,21897d95,,identity
,,,,,,0,0.0005,CELL,CELL,0,0.0,,,,,,0,cell_membership,21897d95,,rot90
,,,,,,0,0.0005,CELL,CELL,0,0.0,,,,,,0,cell_membership,21897d95,,rot180
,,,,,,0,0.0005,CELL,CELL,0,0.0,,,,,,0,cell_membership,21897d95,,rot270
,,,,,,0,0.0005,CELL,CELL,0,0.0,,,,,,0,cell_membership,21897d95,,flip_lr
,,,,,,0,0.0005,CELL,CELL,0,0.0,,,,,,0,cell_membership,21897d95,,flip_ud
,,,,,,0,0.0005,CELL,CELL,0,0.0,,,,,,0,cell_membership,21897d95,,transpose
,,,,,,0,0.0005,CELL,CELL,0,0.0,,,,,,0,cell_membership,21897d95,,anti_transpose
,,,,,,12,0.0005,CELL,CELL,0,0.0,,,,,,0,cell_membership,21897d95,,identity
,,,,,,12,0.0005,CELL,CELL,0,0.0,,,,,,0,cell_membership,21897d95,,rot90
,,,,,,12,0.0005,CELL,CELL,0,0.0,,,,,,0,cell_membership,21897d95,,rot180
,,,,,,12,0.0005,CELL,CELL,0,0.0,,,,,,0,cell_membership,21897d95,,rot270
,,,,,,12,0.0005,CELL,CELL,0,0.0,,,,,,0,cell_membership,21897d95,,flip_lr
,,,,,,12,0.0005,CELL,CELL,0,0.0,,,,,,0,cell_membership,21897d95,,flip_ud
,,,,,,12,0.0005,CELL,CELL,0,0.0,,,,,,0,cell_membership,21897d95,,transpose
,,,,,,12,0.0005,CELL,CELL,0,0.0,,,,,,0,cell_membership,21897d95,,anti_transpose
,,,,,,24,0.0005,CELL,CELL,0,0.0,,,,,,0,cell_membership,21897d95,,identity
,,,,,,24,0.0005,CELL,CELL,0,0.0,,,,,,0,cell_membership,21897d95,,rot90
,,,,,,24,0.0005,CELL,CELL,0,0.0,,,,,,0,cell_membership,21897d95,,rot180
,,,,,,24,0.0005,CELL,CELL,1,0.25,,,,,,0,cell_membership,21897d95,,rot270
,,,,,,24,0.0005,CELL,CELL,0,0.0,,,,,,0,cell_membership,21897d95,,flip_lr
,,,,,,24,0.0005,CELL,CELL,1,0.25,,,,,,0,cell_membership,21897d95,,flip_ud
,,,,,,24,0.0005,CELL,CELL,1,0.25,,,,,,0,cell_membership,21897d95,,transpose
,,,,,,24,0.0005,CELL,CELL,0,0.0,,,,,,0,cell_membership,21897d95,,anti_transpose
,,,,,,48,0.0005,CELL,CELL,0,0.0,,,,,,0,cell_membership,21897d95,,identity
,,,,,,48,0.0005,CELL,CELL,0,0.0,,,,,,0,cell_membership,21897d95,,rot90
,,,,,,48,0.0005,CELL,CELL,0,0.0,,,,,,0,cell_membership,21897d95,,rot180
,,,,,,48,0.0005,CELL,CELL,0,0.0,,,,,,0,cell_membership,21897d95,,rot270
,,,,,,48,0.0005,CELL,CELL,0,0.0,,,,,,0,cell_membership,21897d95,,flip_lr
,,,,,,48,0.0005,CELL,CELL,0,0.0,,,,,,0,cell_membership,21897d95,,flip_ud
,,,,,,48,0.0005,CELL,CELL,1,0.25,,,,,,0,cell_membership,21897d95,,transpose
,,,,,,48,0.0005,CELL,CELL,1,0.25,,,,,,0,cell_membership,21897d95,,anti_transpose
,,,,,,72,0.0005,CELL,CELL,0,0.0,,,,,,0,cell_membership,21897d95,,identity
,,,,,,72,0.0005,CELL,CELL,0,0.0,,,,,,0,cell_membership,21897d95,,rot90
,,,,,,72,0.0005,CELL,CELL,0,0.0,,,,,,0,cell_membership,21897d95,,rot180
,,,,,,72,0.0005,CELL,CELL,0,0.0,,,,,,0,cell_membership,21897d95,,rot270
,,,,,,72,0.0005,CELL,CELL,0,0.0,,,,,,0,cell_membership,21897d95,,flip_lr
,,,,,,72,0.0005,CELL,CELL,0,0.0,,,,,,0,cell_membership,21897d95,,flip_ud
,,,,,,72,0.0005,CELL,CELL,0,0.0,,,,,,0,cell_membership,21897d95,,transpose
,,,,,,72,0.0005,CELL,CELL,0,0.0,,,,,,0,cell_membership,21897d95,,anti_transpose
1,2,,,,,,0.001,0,1,,,0,0.0,,,,0,pair,21897d95,3,
1,1,,,,,,0.001,0,2,,,0,0.0,,,,0,pair,21897d95,2,
1,1,,,,,,0.001,0,3,,,0,0.0,,,,0,pair,21897d95,2,
2,1,,,,,,0.001,1,2,,,0,0.0,,,,0,pair,21897d95,3,
2,1,,,,,,0.001,1,3,,,0,0.0,,,,0,pair,21897d95,3,
1,1,,,,,,0.001,2,3,,,0,0.0,,,,0,pair,21897d95,2,
,,"[1, 2, 1, 1]",0,0,0,,0.001,ALL,ALL,,,0,,0.0,0.0,1,0,summary,21897d95,5,
,,,,,,0,0.001,CELL,CELL,0,0.0,,,,,,0,cell_membership,21897d95,,identity
,,,,,,0,0.001,CELL,CELL,0,0.0,,,,,,0,cell_membership,21897d95,,rot90
,,,,,,0,0.001,CELL,CELL,0,0.0,,,,,,0,cell_membership,21897d95,,rot180
,,,,,,0,0.001,CELL,CELL,0,0.0,,,,,,0,cell_membership,21897d95,,rot270
,,,,,,0,0.001,CELL,CELL,0,0.0,,,,,,0,cell_membership,21897d95,,flip_lr
,,,,,,0,0.001,CELL,CELL,0,0.0,,,,,,0,cell_membership,21897d95,,flip_ud
,,,,,,0,0.001,CELL,CELL,0,0.0,,,,,,0,cell_membership,21897d95,,transpose
,,,,,,0,0.001,CELL,CELL,0,0.0,,,,,,0,cell_membership,21897d95,,anti_transpose
,,,,,,12,0.001,CELL,CELL,0,0.0,,,,,,0,cell_membership,21897d95,,identity
,,,,,,12,0.001,CELL,CELL,0,0.0,,,,,,0,cell_membership,21897d95,,rot90
,,,,,,12,0.001,CELL,CELL,0,0.0,,,,,,0,cell_membership,21897d95,,rot180
,,,,,,12,0.001,CELL,CELL,0,0.0,,,,,,0,cell_membership,21897d95,,rot270
,,,,,,12,0.001,CELL,CELL,0,0.0,,,,,,0,cell_membership,21897d95,,flip_lr
,,,,,,12,0.001,CELL,CELL,0,0.0,,,,,,0,cell_membership,21897d95,,flip_ud
,,,,,,12,0.001,CELL,CELL,0,0.0,,,,,,0,cell_membership,21897d95,,transpose
,,,,,,12,0.001,CELL,CELL,0,0.0,,,,,,0,cell_membership,21897d95,,anti_transpose
,,,,,,24,0.001,CELL,CELL,0,0.0,,,,,,0,cell_membership,21897d95,,identity
,,,,,,24,0.001,CELL,CELL,0,0.0,,,,,,0,cell_membership,21897d95,,rot90
,,,,,,24,0.001,CELL,CELL,0,0.0,,,,,,0,cell_membership,21897d95,,rot180
,,,,,,24,0.001,CELL,CELL,1,0.25,,,,,,0,cell_membership,21897d95,,rot270
,,,,,,24,0.001,CELL,CELL,0,0.0,,,,,,0,cell_membership,21897d95,,flip_lr
,,,,,,24,0.001,CELL,CELL,1,0.25,,,,,,0,cell_membership,21897d95,,flip_ud
,,,,,,24,0.001,CELL,CELL,1,0.25,,,,,,0,cell_membership,21897d95,,transpose
,,,,,,24,0.001,CELL,CELL,0,0.0,,,,,,0,cell_membership,21897d95,,anti_transpose
,,,,,,48,0.001,CELL,CELL,0,0.0,,,,,,0,cell_membership,21897d95,,identity
,,,,,,48,0.001,CELL,CELL,0,0.0,,,,,,0,cell_membership,21897d95,,rot90
,,,,,,48,0.001,CELL,CELL,0,0.0,,,,,,0,cell_membership,21897d95,,rot180
,,,,,,48,0.001,CELL,CELL,0,0.0,,,,,,0,cell_membership,21897d95,,rot270
,,,,,,48,0.001,CELL,CELL,0,0.0,,,,,,0,cell_membership,21897d95,,flip_lr
,,,,,,48,0.001,CELL,CELL,0,0.0,,,,,,0,cell_membership,21897d95,,flip_ud
,,,,,,48,0.001,CELL,CELL,1,0.25,,,,,,0,cell_membership,21897d95,,transpose
,,,,,,48,0.001,CELL,CELL,1,0.25,,,,,,0,cell_membership,21897d95,,anti_transpose
,,,,,,72,0.001,CELL,CELL,0,0.0,,,,,,0,cell_membership,21897d95,,identity
,,,,,,72,0.001,CELL,CELL,0,0.0,,,,,,0,cell_membership,21897d95,,rot90
,,,,,,72,0.001,CELL,CELL,0,0.0,,,,,,0,cell_membership,21897d95,,rot180
,,,,,,72,0.001,CELL,CELL,0,0.0,,,,,,0,cell_membership,21897d95,,rot270
,,,,,,72,0.001,CELL,CELL,0,0.0,,,,,,0,cell_membership,21897d95,,flip_lr
,,,,,,72,0.001,CELL,CELL,0,0.0,,,,,,0,cell_membership,21897d95,,flip_ud
,,,,,,72,0.001,CELL,CELL,0,0.0,,,,,,0,cell_membership,21897d95,,transpose
,,,,,,72,0.001,CELL,CELL,0,0.0,,,,,,0,cell_membership,21897d95,,anti_transpose
1,2,,,,,,0.002,0,1,,,0,0.0,,,,0,pair,21897d95,3,
1,1,,,,,,0.002,0,2,,,0,0.0,,,,0,pair,21897d95,2,
1,3,,,,,,0.002,0,3,,,0,0.0,,,,0,pair,21897d95,4,
2,1,,,,,,0.002,1,2,,,0,0.0,,,,0,pair,21897d95,3,
2,3,,,,,,0.002,1,3,,,0,0.0,,,,0,pair,21897d95,5,
1,3,,,,,,0.002,2,3,,,0,0.0,,,,0,pair,21897d95,4,
,,"[1, 2, 1, 3]",0,0,0,,0.002,ALL,ALL,,,0,,0.0,0.0,1,0,summary,21897d95,7,
,,,,,,0,0.002,CELL,CELL,0,0.0,,,,,,0,cell_membership,21897d95,,identity
,,,,,,0,0.002,CELL,CELL,0,0.0,,,,,,0,cell_membership,21897d95,,rot90
,,,,,,0,0.002,CELL,CELL,0,0.0,,,,,,0,cell_membership,21897d95,,rot180
,,,,,,0,0.002,CELL,CELL,0,0.0,,,,,,0,cell_membership,21897d95,,rot270
,,,,,,0,0.002,CELL,CELL,0,0.0,,,,,,0,cell_membership,21897d95,,flip_lr
,,,,,,0,0.002,CELL,CELL,0,0.0,,,,,,0,cell_membership,21897d95,,flip_ud
,,,,,,0,0.002,CELL,CELL,0,0.0,,,,,,0,cell_membership,21897d95,,transpose
,,,,,,0,0.002,CELL,CELL,0,0.0,,,,,,0,cell_membership,21897d95,,anti_transpose
,,,,,,12,0.002,CELL,CELL,0,0.0,,,,,,0,cell_membership,21897d95,,identity
,,,,,,12,0.002,CELL,CELL,0,0.0,,,,,,0,cell_membership,21897d95,,rot90
,,,,,,12,0.002,CELL,CELL,0,0.0,,,,,,0,cell_membership,21897d95,,rot180
,,,,,,12,0.002,CELL,CELL,0,0.0,,,,,,0,cell_membership,21897d95,,rot270
,,,,,,12,0.002,CELL,CELL,0,0.0,,,,,,0,cell_membership,21897d95,,flip_lr
,,,,,,12,0.002,CELL,CELL,0,0.0,,,,,,0,cell_membership,21897d95,,flip_ud
,,,,,,12,0.002,CELL,CELL,0,0.0,,,,,,0,cell_membership,21897d95,,transpose
,,,,,,12,0.002,CELL,CELL,0,0.0,,,,,,0,cell_membership,21897d95,,anti_transpose
,,,,,,24,0.002,CELL,CELL,0,0.0,,,,,,0,cell_membership,21897d95,,identity
,,,,,,24,0.002,CELL,CELL,0,0.0,,,,,,0,cell_membership,21897d95,,rot90
,,,,,,24,0.002,CELL,CELL,1,0.25,,,,,,0,cell_membership,21897d95,,rot180
,,,,,,24,0.002,CELL,CELL,1,0.25,,,,,,0,cell_membership,21897d95,,rot270
,,,,,,24,0.002,CELL,CELL,0,0.0,,,,,,0,cell_membership,21897d95,,flip_lr
,,,,,,24,0.002,CELL,CELL,1,0.25,,,,,,0,cell_membership,21897d95,,flip_ud
,,,,,,24,0.002,CELL,CELL,1,0.25,,,,,,0,cell_membership,21897d95,,transpose
,,,,,,24,0.002,CELL,CELL,0,0.0,,,,,,0,cell_membership,21897d95,,anti_transpose
,,,,,,48,0.002,CELL,CELL,0,0.0,,,,,,0,cell_membership,21897d95,,identity
,,,,,,48,0.002,CELL,CELL,0,0.0,,,,,,0,cell_membership,21897d95,,rot90
,,,,,,48,0.002,CELL,CELL,0,0.0,,,,,,0,cell_membership,21897d95,,rot180
,,,,,,48,0.002,CELL,CELL,0,0.0,,,,,,0,cell_membership,21897d95,,rot270
,,,,,,48,0.002,CELL,CELL,0,0.0,,,,,,0,cell_membership,21897d95,,flip_lr
,,,,,,48,0.002,CELL,CELL,1,0.25,,,,,,0,cell_membership,21897d95,,flip_ud
,,,,,,48,0.002,CELL,CELL,1,0.25,,,,,,0,cell_membership,21897d95,,transpose
,,,,,,48,0.002,CELL,CELL,1,0.25,,,,,,0,cell_membership,21897d95,,anti_transpose
,,,,,,72,0.002,CELL,CELL,0,0.0,,,,,,0,cell_membership,21897d95,,identity
,,,,,,72,0.002,CELL,CELL,0,0.0,,,,,,0,cell_membership,21897d95,,rot90
,,,,,,72,0.002,CELL,CELL,0,0.0,,,,,,0,cell_membership,21897d95,,rot180
,,,,,,72,0.002,CELL,CELL,0,0.0,,,,,,0,cell_membership,21897d95,,rot270
,,,,,,72,0.002,CELL,CELL,0,0.0,,,,,,0,cell_membership,21897d95,,flip_lr
,,,,,,72,0.002,CELL,CELL,0,0.0,,,,,,0,cell_membership,21897d95,,flip_ud
,,,,,,72,0.002,CELL,CELL,0,0.0,,,,,,0,cell_membership,21897d95,,transpose
,,,,,,72,0.002,CELL,CELL,0,0.0,,,,,,0,cell_membership,21897d95,,anti_transpose
2,2,,,,,,0.005,0,1,,,0,0.0,,,,0,pair,21897d95,4,
2,1,,,,,,0.005,0,2,,,0,0.0,,,,0,pair,21897d95,3,
2,4,,,,,,0.005,0,3,,,0,0.0,,,,0,pair,21897d95,6,
2,1,,,,,,0.005,1,2,,,0,0.0,,,,0,pair,21897d95,3,
2,4,,,,,,0.005,1,3,,,0,0.0,,,,0,pair,21897d95,6,
1,4,,,,,,0.005,2,3,,,0,0.0,,,,0,pair,21897d95,5,
,,"[2, 2, 1, 4]",0,0,0,,0.005,ALL,ALL,,,0,,0.0,0.0,1,0,summary,21897d95,9,
,,,,,,0,0.005,CELL,CELL,0,0.0,,,,,,0,cell_membership,21897d95,,identity
,,,,,,0,0.005,CELL,CELL,0,0.0,,,,,,0,cell_membership,21897d95,,rot90
,,,,,,0,0.005,CELL,CELL,0,0.0,,,,,,0,cell_membership,21897d95,,rot180
,,,,,,0,0.005,CELL,CELL,0,0.0,,,,,,0,cell_membership,21897d95,,rot270
,,,,,,0,0.005,CELL,CELL,0,0.0,,,,,,0,cell_membership,21897d95,,flip_lr
,,,,,,0,0.005,CELL,CELL,0,0.0,,,,,,0,cell_membership,21897d95,,flip_ud
,,,,,,0,0.005,CELL,CELL,0,0.0,,,,,,0,cell_membership,21897d95,,transpose
,,,,,,0,0.005,CELL,CELL,0,0.0,,,,,,0,cell_membership,21897d95,,anti_transpose
,,,,,,12,0.005,CELL,CELL,0,0.0,,,,,,0,cell_membership,21897d95,,identity
,,,,,,12,0.005,CELL,CELL,0,0.0,,,,,,0,cell_membership,21897d95,,rot90
,,,,,,12,0.005,CELL,CELL,0,0.0,,,,,,0,cell_membership,21897d95,,rot180
,,,,,,12,0.005,CELL,CELL,0,0.0,,,,,,0,cell_membership,21897d95,,rot270
,,,,,,12,0.005,CELL,CELL,0,0.0,,,,,,0,cell_membership,21897d95,,flip_lr
,,,,,,12,0.005,CELL,CELL,0,0.0,,,,,,0,cell_membership,21897d95,,flip_ud
,,,,,,12,0.005,CELL,CELL,0,0.0,,,,,,0,cell_membership,21897d95,,transpose
,,,,,,12,0.005,CELL,CELL,0,0.0,,,,,,0,cell_membership,21897d95,,anti_transpose
,,,,,,24,0.005,CELL,CELL,0,0.0,,,,,,0,cell_membership,21897d95,,identity
,,,,,,24,0.005,CELL,CELL,0,0.0,,,,,,0,cell_membership,21897d95,,rot90
,,,,,,24,0.005,CELL,CELL,1,0.25,,,,,,0,cell_membership,21897d95,,rot180
,,,,,,24,0.005,CELL,CELL,1,0.25,,,,,,0,cell_membership,21897d95,,rot270
,,,,,,24,0.005,CELL,CELL,0,0.0,,,,,,0,cell_membership,21897d95,,flip_lr
,,,,,,24,0.005,CELL,CELL,1,0.25,,,,,,0,cell_membership,21897d95,,flip_ud
,,,,,,24,0.005,CELL,CELL,1,0.25,,,,,,0,cell_membership,21897d95,,transpose
,,,,,,24,0.005,CELL,CELL,0,0.0,,,,,,0,cell_membership,21897d95,,anti_transpose
,,,,,,48,0.005,CELL,CELL,0,0.0,,,,,,0,cell_membership,21897d95,,identity
,,,,,,48,0.005,CELL,CELL,0,0.0,,,,,,0,cell_membership,21897d95,,rot90
,,,,,,48,0.005,CELL,CELL,0,0.0,,,,,,0,cell_membership,21897d95,,rot180
,,,,,,48,0.005,CELL,CELL,0,0.0,,,,,,0,cell_membership,21897d95,,rot270
,,,,,,48,0.005,CELL,CELL,1,0.25,,,,,,0,cell_membership,21897d95,,flip_lr
,,,,,,48,0.005,CELL,CELL,1,0.25,,,,,,0,cell_membership,21897d95,,flip_ud
,,,,,,48,0.005,CELL,CELL,1,0.25,,,,,,0,cell_membership,21897d95,,transpose
,,,,,,48,0.005,CELL,CELL,1,0.25,,,,,,0,cell_membership,21897d95,,anti_transpose
,,,,,,72,0.005,CELL,CELL,0,0.0,,,,,,0,cell_membership,21897d95,,identity
,,,,,,72,0.005,CELL,CELL,0,0.0,,,,,,0,cell_membership,21897d95,,rot90
,,,,,,72,0.005,CELL,CELL,0,0.0,,,,,,0,cell_membership,21897d95,,rot180
,,,,,,72,0.005,CELL,CELL,0,0.0,,,,,,0,cell_membership,21897d95,,rot270
,,,,,,72,0.005,CELL,CELL,0,0.0,,,,,,0,cell_membership,21897d95,,flip_lr
,,,,,,72,0.005,CELL,CELL,0,0.0,,,,,,0,cell_membership,21897d95,,flip_ud
,,,,,,72,0.005,CELL,CELL,0,0.0,,,,,,0,cell_membership,21897d95,,transpose
,,,,,,72,0.005,CELL,CELL,1,0.25,,,,,,0,cell_membership,21897d95,,anti_transpose
3,2,,,,,,0.01,0,1,,,0,0.0,,,,0,pair,21897d95,5,
3,2,,,,,,0.01,0,2,,,0,0.0,,,,0,pair,21897d95,5,
3,5,,,,,,0.01,0,3,,,0,0.0,,,,0,pair,21897d95,8,
2,2,,,,,,0.01,1,2,,,0,0.0,,,,0,pair,21897d95,4,
2,5,,,,,,0.01,1,3,,,0,0.0,,,,0,pair,21897d95,7,
2,5,,,,,,0.01,2,3,,,0,0.0,,,,0,pair,21897d95,7,
,,"[3, 2, 2, 5]",0,0,0,,0.01,ALL,ALL,,,0,,0.0,0.0,1,0,summary,21897d95,12,
,,,,,,0,0.01,CELL,CELL,0,0.0,,,,,,0,cell_membership,21897d95,,identity
,,,,,,0,0.01,CELL,CELL,1,0.25,,,,,,0,cell_membership,21897d95,,rot90
,,,,,,0,0.01,CELL,CELL,0,0.0,,,,,,0,cell_membership,21897d95,,rot180
,,,,,,0,0.01,CELL,CELL,0,0.0,,,,,,0,cell_membership,21897d95,,rot270
,,,,,,0,0.01,CELL,CELL,0,0.0,,,,,,0,cell_membership,21897d95,,flip_lr
,,,,,,0,0.01,CELL,CELL,0,0.0,,,,,,0,cell_membership,21897d95,,flip_ud
,,,,,,0,0.01,CELL,CELL,0,0.0,,,,,,0,cell_membership,21897d95,,transpose
,,,,,,0,0.01,CELL,CELL,0,0.0,,,,,,0,cell_membership,21897d95,,anti_transpose
,,,,,,12,0.01,CELL,CELL,0,0.0,,,,,,0,cell_membership,21897d95,,identity
,,,,,,12,0.01,CELL,CELL,0,0.0,,,,,,0,cell_membership,21897d95,,rot90
,,,,,,12,0.01,CELL,CELL,0,0.0,,,,,,0,cell_membership,21897d95,,rot180
,,,,,,12,0.01,CELL,CELL,0,0.0,,,,,,0,cell_membership,21897d95,,rot270
,,,,,,12,0.01,CELL,CELL,0,0.0,,,,,,0,cell_membership,21897d95,,flip_lr
,,,,,,12,0.01,CELL,CELL,0,0.0,,,,,,0,cell_membership,21897d95,,flip_ud
,,,,,,12,0.01,CELL,CELL,0,0.0,,,,,,0,cell_membership,21897d95,,transpose
,,,,,,12,0.01,CELL,CELL,0,0.0,,,,,,0,cell_membership,21897d95,,anti_transpose
,,,,,,24,0.01,CELL,CELL,1,0.25,,,,,,0,cell_membership,21897d95,,identity
,,,,,,24,0.01,CELL,CELL,0,0.0,,,,,,0,cell_membership,21897d95,,rot90
,,,,,,24,0.01,CELL,CELL,1,0.25,,,,,,0,cell_membership,21897d95,,rot180
,,,,,,24,0.01,CELL,CELL,1,0.25,,,,,,0,cell_membership,21897d95,,rot270
,,,,,,24,0.01,CELL,CELL,0,0.0,,,,,,0,cell_membership,21897d95,,flip_lr
,,,,,,24,0.01,CELL,CELL,1,0.25,,,,,,0,cell_membership,21897d95,,flip_ud
,,,,,,24,0.01,CELL,CELL,1,0.25,,,,,,0,cell_membership,21897d95,,transpose
,,,,,,24,0.01,CELL,CELL,0,0.0,,,,,,0,cell_membership,21897d95,,anti_transpose
,,,,,,48,0.01,CELL,CELL,0,0.0,,,,,,0,cell_membership,21897d95,,identity
,,,,,,48,0.01,CELL,CELL,0,0.0,,,,,,0,cell_membership,21897d95,,rot90
,,,,,,48,0.01,CELL,CELL,0,0.0,,,,,,0,cell_membership,21897d95,,rot180
,,,,,,48,0.01,CELL,CELL,0,0.0,,,,,,0,cell_membership,21897d95,,rot270
,,,,,,48,0.01,CELL,CELL,1,0.25,,,,,,0,cell_membership,21897d95,,flip_lr
,,,,,,48,0.01,CELL,CELL,1,0.25,,,,,,0,cell_membership,21897d95,,flip_ud
,,,,,,48,0.01,CELL,CELL,1,0.25,,,,,,0,cell_membership,21897d95,,transpose
,,,,,,48,0.01,CELL,CELL,1,0.25,,,,,,0,cell_membership,21897d95,,anti_transpose
,,,,,,72,0.01,CELL,CELL,0,0.0,,,,,,0,cell_membership,21897d95,,identity
,,,,,,72,0.01,CELL,CELL,1,0.25,,,,,,0,cell_membership,21897d95,,rot90
,,,,,,72,0.01,CELL,CELL,0,0.0,,,,,,0,cell_membership,21897d95,,rot180
,,,,,,72,0.01,CELL,CELL,0,0.0,,,,,,0,cell_membership,21897d95,,rot270
,,,,,,72,0.01,CELL,CELL,0,0.0,,,,,,0,cell_membership,21897d95,,flip_lr
,,,,,,72,0.01,CELL,CELL,0,0.0,,,,,,0,cell_membership,21897d95,,flip_ud
,,,,,,72,0.01,CELL,CELL,0,0.0,,,,,,0,cell_membership,21897d95,,transpose
,,,,,,72,0.01,CELL,CELL,1,0.25,,,,,,0,cell_membership,21897d95,,anti_transpose
1,1,,,,,,0.0001,0,1,,,0,0.0,,,,1,pair,21897d95,2,
1,1,,,,,,0.0001,0,2,,,0,0.0,,,,1,pair,21897d95,2,
1,1,,,,,,0.0001,0,3,,,0,0.0,,,,1,pair,21897d95,2,
1,1,,,,,,0.0001,1,2,,,0,0.0,,,,1,pair,21897d95,2,
1,1,,,,,,0.0001,1,3,,,0,0.0,,,,1,pair,21897d95,2,
1,1,,,,,,0.0001,2,3,,,0,0.0,,,,1,pair,21897d95,2,
,,"[1, 1, 1, 1]",0,0,0,,0.0001,ALL,ALL,,,0,,0.0,0.0,1,1,summary,21897d95,4,
,,,,,,0,0.0001,CELL,CELL,0,0.0,,,,,,1,cell_membership,21897d95,,identity
,,,,,,0,0.0001,CELL,CELL,0,0.0,,,,,,1,cell_membership,21897d95,,rot90
,,,,,,0,0.0001,CELL,CELL,0,0.0,,,,,,1,cell_membership,21897d95,,rot180
,,,,,,0,0.0001,CELL,CELL,0,0.0,,,,,,1,cell_membership,21897d95,,rot270
,,,,,,0,0.0001,CELL,CELL,0,0.0,,,,,,1,cell_membership,21897d95,,flip_lr
,,,,,,0,0.0001,CELL,CELL,0,0.0,,,,,,1,cell_membership,21897d95,,flip_ud
,,,,,,0,0.0001,CELL,CELL,0,0.0,,,,,,1,cell_membership,21897d95,,transpose
,,,,,,0,0.0001,CELL,CELL,0,0.0,,,,,,1,cell_membership,21897d95,,anti_transpose
,,,,,,12,0.0001,CELL,CELL,0,0.0,,,,,,1,cell_membership,21897d95,,identity
,,,,,,12,0.0001,CELL,CELL,0,0.0,,,,,,1,cell_membership,21897d95,,rot90
,,,,,,12,0.0001,CELL,CELL,0,0.0,,,,,,1,cell_membership,21897d95,,rot180
,,,,,,12,0.0001,CELL,CELL,0,0.0,,,,,,1,cell_membership,21897d95,,rot270
,,,,,,12,0.0001,CELL,CELL,0,0.0,,,,,,1,cell_membership,21897d95,,flip_lr
,,,,,,12,0.0001,CELL,CELL,0,0.0,,,,,,1,cell_membership,21897d95,,flip_ud
,,,,,,12,0.0001,CELL,CELL,0,0.0,,,,,,1,cell_membership,21897d95,,transpose
,,,,,,12,0.0001,CELL,CELL,0,0.0,,,,,,1,cell_membership,21897d95,,anti_transpose
,,,,,,24,0.0001,CELL,CELL,0,0.0,,,,,,1,cell_membership,21897d95,,identity
,,,,,,24,0.0001,CELL,CELL,0,0.0,,,,,,1,cell_membership,21897d95,,rot90
,,,,,,24,0.0001,CELL,CELL,0,0.0,,,,,,1,cell_membership,21897d95,,rot180
,,,,,,24,0.0001,CELL,CELL,1,0.25,,,,,,1,cell_membership,21897d95,,rot270
,,,,,,24,0.0001,CELL,CELL,0,0.0,,,,,,1,cell_membership,21897d95,,flip_lr
,,,,,,24,0.0001,CELL,CELL,1,0.25,,,,,,1,cell_membership,21897d95,,flip_ud
,,,,,,24,0.0001,CELL,CELL,1,0.25,,,,,,1,cell_membership,21897d95,,transpose
,,,,,,24,0.0001,CELL,CELL,0,0.0,,,,,,1,cell_membership,21897d95,,anti_transpose
,,,,,,48,0.0001,CELL,CELL,0,0.0,,,,,,1,cell_membership,21897d95,,identity
,,,,,,48,0.0001,CELL,CELL,0,0.0,,,,,,1,cell_membership,21897d95,,rot90
,,,,,,48,0.0001,CELL,CELL,0,0.0,,,,,,1,cell_membership,21897d95,,rot180
,,,,,,48,0.0001,CELL,CELL,0,0.0,,,,,,1,cell_membership,21897d95,,rot270
,,,,,,48,0.0001,CELL,CELL,0,0.0,,,,,,1,cell_membership,21897d95,,flip_lr
,,,,,,48,0.0001,CELL,CELL,0,0.0,,,,,,1,cell_membership,21897d95,,flip_ud
,,,,,,48,0.0001,CELL,CELL,0,0.0,,,,,,1,cell_membership,21897d95,,transpose
,,,,,,48,0.0001,CELL,CELL,1,0.25,,,,,,1,cell_membership,21897d95,,anti_transpose
,,,,,,72,0.0001,CELL,CELL,0,0.0,,,,,,1,cell_membership,21897d95,,identity
,,,,,,72,0.0001,CELL,CELL,0,0.0,,,,,,1,cell_membership,21897d95,,rot90
,,,,,,72,0.0001,CELL,CELL,0,0.0,,,,,,1,cell_membership,21897d95,,rot180
,,,,,,72,0.0001,CELL,CELL,0,0.0,,,,,,1,cell_membership,21897d95,,rot270
,,,,,,72,0.0001,CELL,CELL,0,0.0,,,,,,1,cell_membership,21897d95,,flip_lr
,,,,,,72,0.0001,CELL,CELL,0,0.0,,,,,,1,cell_membership,21897d95,,flip_ud
,,,,,,72,0.0001,CELL,CELL,0,0.0,,,,,,1,cell_membership,21897d95,,transpose
,,,,,,72,0.0001,CELL,CELL,0,0.0,,,,,,1,cell_membership,21897d95,,anti_transpose
1,2,,,,,,0.0005,0,1,,,0,0.0,,,,1,pair,21897d95,3,
1,1,,,,,,0.0005,0,2,,,0,0.0,,,,1,pair,21897d95,2,
1,1,,,,,,0.0005,0,3,,,0,0.0,,,,1,pair,21897d95,2,
2,1,,,,,,0.0005,1,2,,,0,0.0,,,,1,pair,21897d95,3,
2,1,,,,,,0.0005,1,3,,,0,0.0,,,,1,pair,21897d95,3,
1,1,,,,,,0.0005,2,3,,,0,0.0,,,,1,pair,21897d95,2,
,,"[1, 2, 1, 1]",0,0,0,,0.0005,ALL,ALL,,,0,,0.0,0.0,1,1,summary,21897d95,5,
,,,,,,0,0.0005,CELL,CELL,0,0.0,,,,,,1,cell_membership,21897d95,,identity
,,,,,,0,0.0005,CELL,CELL,0,0.0,,,,,,1,cell_membership,21897d95,,rot90
,,,,,,0,0.0005,CELL,CELL,0,0.0,,,,,,1,cell_membership,21897d95,,rot180
,,,,,,0,0.0005,CELL,CELL,0,0.0,,,,,,1,cell_membership,21897d95,,rot270
,,,,,,0,0.0005,CELL,CELL,0,0.0,,,,,,1,cell_membership,21897d95,,flip_lr
,,,,,,0,0.0005,CELL,CELL,0,0.0,,,,,,1,cell_membership,21897d95,,flip_ud
,,,,,,0,0.0005,CELL,CELL,0,0.0,,,,,,1,cell_membership,21897d95,,transpose
,,,,,,0,0.0005,CELL,CELL,0,0.0,,,,,,1,cell_membership,21897d95,,anti_transpose
,,,,,,12,0.0005,CELL,CELL,0,0.0,,,,,,1,cell_membership,21897d95,,identity
,,,,,,12,0.0005,CELL,CELL,0,0.0,,,,,,1,cell_membership,21897d95,,rot90
,,,,,,12,0.0005,CELL,CELL,0,0.0,,,,,,1,cell_membership,21897d95,,rot180
,,,,,,12,0.0005,CELL,CELL,0,0.0,,,,,,1,cell_membership,21897d95,,rot270
,,,,,,12,0.0005,CELL,CELL,0,0.0,,,,,,1,cell_membership,21897d95,,flip_lr
,,,,,,12,0.0005,CELL,CELL,0,0.0,,,,,,1,cell_membership,21897d95,,flip_ud
,,,,,,12,0.0005,CELL,CELL,0,0.0,,,,,,1,cell_membership,21897d95,,transpose
,,,,,,12,0.0005,CELL,CELL,0,0.0,,,,,,1,cell_membership,21897d95,,anti_transpose
,,,,,,24,0.0005,CELL,CELL,0,0.0,,,,,,1,cell_membership,21897d95,,identity
,,,,,,24,0.0005,CELL,CELL,0,0.0,,,,,,1,cell_membership,21897d95,,rot90
,,,,,,24,0.0005,CELL,CELL,0,0.0,,,,,,1,cell_membership,21897d95,,rot180
,,,,,,24,0.0005,CELL,CELL,1,0.25,,,,,,1,cell_membership,21897d95,,rot270
,,,,,,24,0.0005,CELL,CELL,0,0.0,,,,,,1,cell_membership,21897d95,,flip_lr
,,,,,,24,0.0005,CELL,CELL,1,0.25,,,,,,1,cell_membership,21897d95,,flip_ud
,,,,,,24,0.0005,CELL,CELL,1,0.25,,,,,,1,cell_membership,21897d95,,transpose
,,,,,,24,0.0005,CELL,CELL,0,0.0,,,,,,1,cell_membership,21897d95,,anti_transpose
,,,,,,48,0.0005,CELL,CELL,0,0.0,,,,,,1,cell_membership,21897d95,,identity
,,,,,,48,0.0005,CELL,CELL,0,0.0,,,,,,1,cell_membership,21897d95,,rot90
,,,,,,48,0.0005,CELL,CELL,0,0.0,,,,,,1,cell_membership,21897d95,,rot180
,,,,,,48,0.0005,CELL,CELL,0,0.0,,,,,,1,cell_membership,21897d95,,rot270
,,,,,,48,0.0005,CELL,CELL,0,0.0,,,,,,1,cell_membership,21897d95,,flip_lr
,,,,,,48,0.0005,CELL,CELL,0,0.0,,,,,,1,cell_membership,21897d95,,flip_ud
,,,,,,48,0.0005,CELL,CELL,1,0.25,,,,,,1,cell_membership,21897d95,,transpose
,,,,,,48,0.0005,CELL,CELL,1,0.25,,,,,,1,cell_membership,21897d95,,anti_transpose
,,,,,,72,0.0005,CELL,CELL,0,0.0,,,,,,1,cell_membership,21897d95,,identity
,,,,,,72,0.0005,CELL,CELL,0,0.0,,,,,,1,cell_membership,21897d95,,rot90
,,,,,,72,0.0005,CELL,CELL,0,0.0,,,,,,1,cell_membership,21897d95,,rot180
,,,,,,72,0.0005,CELL,CELL,0,0.0,,,,,,1,cell_membership,21897d95,,rot270
,,,,,,72,0.0005,CELL,CELL,0,0.0,,,,,,1,cell_membership,21897d95,,flip_lr
,,,,,,72,0.0005,CELL,CELL,0,0.0,,,,,,1,cell_membership,21897d95,,flip_ud
,,,,,,72,0.0005,CELL,CELL,0,0.0,,,,,,1,cell_membership,21897d95,,transpose
,,,,,,72,0.0005,CELL,CELL,0,0.0,,,,,,1,cell_membership,21897d95,,anti_transpose
1,2,,,,,,0.001,0,1,,,0,0.0,,,,1,pair,21897d95,3,
1,1,,,,,,0.001,0,2,,,0,0.0,,,,1,pair,21897d95,2,
1,1,,,,,,0.001,0,3,,,0,0.0,,,,1,pair,21897d95,2,
2,1,,,,,,0.001,1,2,,,0,0.0,,,,1,pair,21897d95,3,
2,1,,,,,,0.001,1,3,,,0,0.0,,,,1,pair,21897d95,3,
1,1,,,,,,0.001,2,3,,,0,0.0,,,,1,pair,21897d95,2,
,,"[1, 2, 1, 1]",0,0,0,,0.001,ALL,ALL,,,0,,0.0,0.0,1,1,summary,21897d95,5,
,,,,,,0,0.001,CELL,CELL,0,0.0,,,,,,1,cell_membership,21897d95,,identity
,,,,,,0,0.001,CELL,CELL,0,0.0,,,,,,1,cell_membership,21897d95,,rot90
,,,,,,0,0.001,CELL,CELL,0,0.0,,,,,,1,cell_membership,21897d95,,rot180
,,,,,,0,0.001,CELL,CELL,0,0.0,,,,,,1,cell_membership,21897d95,,rot270
,,,,,,0,0.001,CELL,CELL,0,0.0,,,,,,1,cell_membership,21897d95,,flip_lr
,,,,,,0,0.001,CELL,CELL,0,0.0,,,,,,1,cell_membership,21897d95,,flip_ud
,,,,,,0,0.001,CELL,CELL,0,0.0,,,,,,1,cell_membership,21897d95,,transpose
,,,,,,0,0.001,CELL,CELL,0,0.0,,,,,,1,cell_membership,21897d95,,anti_transpose
,,,,,,12,0.001,CELL,CELL,0,0.0,,,,,,1,cell_membership,21897d95,,identity
,,,,,,12,0.001,CELL,CELL,0,0.0,,,,,,1,cell_membership,21897d95,,rot90
,,,,,,12,0.001,CELL,CELL,0,0.0,,,,,,1,cell_membership,21897d95,,rot180
,,,,,,12,0.001,CELL,CELL,0,0.0,,,,,,1,cell_membership,21897d95,,rot270
,,,,,,12,0.001,CELL,CELL,0,0.0,,,,,,1,cell_membership,21897d95,,flip_lr
,,,,,,12,0.001,CELL,CELL,0,0.0,,,,,,1,cell_membership,21897d95,,flip_ud
,,,,,,12,0.001,CELL,CELL,0,0.0,,,,,,1,cell_membership,21897d95,,transpose
,,,,,,12,0.001,CELL,CELL,0,0.0,,,,,,1,cell_membership,21897d95,,anti_transpose
,,,,,,24,0.001,CELL,CELL,0,0.0,,,,,,1,cell_membership,21897d95,,identity
,,,,,,24,0.001,CELL,CELL,0,0.0,,,,,,1,cell_membership,21897d95,,rot90
,,,,,,24,0.001,CELL,CELL,0,0.0,,,,,,1,cell_membership,21897d95,,rot180
,,,,,,24,0.001,CELL,CELL,1,0.25,,,,,,1,cell_membership,21897d95,,rot270
,,,,,,24,0.001,CELL,CELL,0,0.0,,,,,,1,cell_membership,21897d95,,flip_lr
,,,,,,24,0.001,CELL,CELL,1,0.25,,,,,,1,cell_membership,21897d95,,flip_ud
,,,,,,24,0.001,CELL,CELL,1,0.25,,,,,,1,cell_membership,21897d95,,transpose
,,,,,,24,0.001,CELL,CELL,0,0.0,,,,,,1,cell_membership,21897d95,,anti_transpose
,,,,,,48,0.001,CELL,CELL,0,0.0,,,,,,1,cell_membership,21897d95,,identity
,,,,,,48,0.001,CELL,CELL,0,0.0,,,,,,1,cell_membership,21897d95,,rot90
,,,,,,48,0.001,CELL,CELL,0,0.0,,,,,,1,cell_membership,21897d95,,rot180
,,,,,,48,0.001,CELL,CELL,0,0.0,,,,,,1,cell_membership,21897d95,,rot270
,,,,,,48,0.001,CELL,CELL,0,0.0,,,,,,1,cell_membership,21897d95,,flip_lr
,,,,,,48,0.001,CELL,CELL,0,0.0,,,,,,1,cell_membership,21897d95,,flip_ud
,,,,,,48,0.001,CELL,CELL,1,0.25,,,,,,1,cell_membership,21897d95,,transpose
,,,,,,48,0.001,CELL,CELL,1,0.25,,,,,,1,cell_membership,21897d95,,anti_transpose
,,,,,,72,0.001,CELL,CELL,0,0.0,,,,,,1,cell_membership,21897d95,,identity
,,,,,,72,0.001,CELL,CELL,0,0.0,,,,,,1,cell_membership,21897d95,,rot90
,,,,,,72,0.001,CELL,CELL,0,0.0,,,,,,1,cell_membership,21897d95,,rot180
,,,,,,72,0.001,CELL,CELL,0,0.0,,,,,,1,cell_membership,21897d95,,rot270
,,,,,,72,0.001,CELL,CELL,0,0.0,,,,,,1,cell_membership,21897d95,,flip_lr
,,,,,,72,0.001,CELL,CELL,0,0.0,,,,,,1,cell_membership,21897d95,,flip_ud
,,,,,,72,0.001,CELL,CELL,0,0.0,,,,,,1,cell_membership,21897d95,,transpose
,,,,,,72,0.001,CELL,CELL,0,0.0,,,,,,1,cell_membership,21897d95,,anti_transpose
1,2,,,,,,0.002,0,1,,,0,0.0,,,,1,pair,21897d95,3,
1,1,,,,,,0.002,0,2,,,0,0.0,,,,1,pair,21897d95,2,
1,3,,,,,,0.002,0,3,,,0,0.0,,,,1,pair,21897d95,4,
2,1,,,,,,0.002,1,2,,,0,0.0,,,,1,pair,21897d95,3,
2,3,,,,,,0.002,1,3,,,0,0.0,,,,1,pair,21897d95,5,
1,3,,,,,,0.002,2,3,,,0,0.0,,,,1,pair,21897d95,4,
,,"[1, 2, 1, 3]",0,0,0,,0.002,ALL,ALL,,,0,,0.0,0.0,1,1,summary,21897d95,7,
,,,,,,0,0.002,CELL,CELL,0,0.0,,,,,,1,cell_membership,21897d95,,identity
,,,,,,0,0.002,CELL,CELL,0,0.0,,,,,,1,cell_membership,21897d95,,rot90
,,,,,,0,0.002,CELL,CELL,0,0.0,,,,,,1,cell_membership,21897d95,,rot180
,,,,,,0,0.002,CELL,CELL,0,0.0,,,,,,1,cell_membership,21897d95,,rot270
,,,,,,0,0.002,CELL,CELL,0,0.0,,,,,,1,cell_membership,21897d95,,flip_lr
,,,,,,0,0.002,CELL,CELL,0,0.0,,,,,,1,cell_membership,21897d95,,flip_ud
,,,,,,0,0.002,CELL,CELL,0,0.0,,,,,,1,cell_membership,21897d95,,transpose
,,,,,,0,0.002,CELL,CELL,0,0.0,,,,,,1,cell_membership,21897d95,,anti_transpose
,,,,,,12,0.002,CELL,CELL,0,0.0,,,,,,1,cell_membership,21897d95,,identity
,,,,,,12,0.002,CELL,CELL,0,0.0,,,,,,1,cell_membership,21897d95,,rot90
,,,,,,12,0.002,CELL,CELL,0,0.0,,,,,,1,cell_membership,21897d95,,rot180
,,,,,,12,0.002,CELL,CELL,0,0.0,,,,,,1,cell_membership,21897d95,,rot270
,,,,,,12,0.002,CELL,CELL,0,0.0,,,,,,1,cell_membership,21897d95,,flip_lr
,,,,,,12,0.002,CELL,CELL,0,0.0,,,,,,1,cell_membership,21897d95,,flip_ud
,,,,,,12,0.002,CELL,CELL,0,0.0,,,,,,1,cell_membership,21897d95,,transpose
,,,,,,12,0.002,CELL,CELL,0,0.0,,,,,,1,cell_membership,21897d95,,anti_transpose
,,,,,,24,0.002,CELL,CELL,0,0.0,,,,,,1,cell_membership,21897d95,,identity
,,,,,,24,0.002,CELL,CELL,0,0.0,,,,,,1,cell_membership,21897d95,,rot90
,,,,,,24,0.002,CELL,CELL,1,0.25,,,,,,1,cell_membership,21897d95,,rot180
,,,,,,24,0.002,CELL,CELL,1,0.25,,,,,,1,cell_membership,21897d95,,rot270
,,,,,,24,0.002,CELL,CELL,0,0.0,,,,,,1,cell_membership,21897d95,,flip_lr
,,,,,,24,0.002,CELL,CELL,1,0.25,,,,,,1,cell_membership,21897d95,,flip_ud
,,,,,,24,0.002,CELL,CELL,1,0.25,,,,,,1,cell_membership,21897d95,,transpose
,,,,,,24,0.002,CELL,CELL,0,0.0,,,,,,1,cell_membership,21897d95,,anti_transpose
,,,,,,48,0.002,CELL,CELL,0,0.0,,,,,,1,cell_membership,21897d95,,identity
,,,,,,48,0.002,CELL,CELL,0,0.0,,,,,,1,cell_membership,21897d95,,rot90
,,,,,,48,0.002,CELL,CELL,0,0.0,,,,,,1,cell_membership,21897d95,,rot180
,,,,,,48,0.002,CELL,CELL,0,0.0,,,,,,1,cell_membership,21897d95,,rot270
,,,,,,48,0.002,CELL,CELL,0,0.0,,,,,,1,cell_membership,21897d95,,flip_lr
,,,,,,48,0.002,CELL,CELL,1,0.25,,,,,,1,cell_membership,21897d95,,flip_ud
,,,,,,48,0.002,CELL,CELL,1,0.25,,,,,,1,cell_membership,21897d95,,transpose
,,,,,,48,0.002,CELL,CELL,1,0.25,,,,,,1,cell_membership,21897d95,,anti_transpose
,,,,,,72,0.002,CELL,CELL,0,0.0,,,,,,1,cell_membership,21897d95,,identity
,,,,,,72,0.002,CELL,CELL,0,0.0,,,,,,1,cell_membership,21897d95,,rot90
,,,,,,72,0.002,CELL,CELL,0,0.0,,,,,,1,cell_membership,21897d95,,rot180
,,,,,,72,0.002,CELL,CELL,0,0.0,,,,,,1,cell_membership,21897d95,,rot270
,,,,,,72,0.002,CELL,CELL,0,0.0,,,,,,1,cell_membership,21897d95,,flip_lr
,,,,,,72,0.002,CELL,CELL,0,0.0,,,,,,1,cell_membership,21897d95,,flip_ud
,,,,,,72,0.002,CELL,CELL,0,0.0,,,,,,1,cell_membership,21897d95,,transpose
,,,,,,72,0.002,CELL,CELL,0,0.0,,,,,,1,cell_membership,21897d95,,anti_transpose
2,2,,,,,,0.005,0,1,,,0,0.0,,,,1,pair,21897d95,4,
2,1,,,,,,0.005,0,2,,,0,0.0,,,,1,pair,21897d95,3,
2,4,,,,,,0.005,0,3,,,0,0.0,,,,1,pair,21897d95,6,
2,1,,,,,,0.005,1,2,,,0,0.0,,,,1,pair,21897d95,3,
2,4,,,,,,0.005,1,3,,,0,0.0,,,,1,pair,21897d95,6,
1,4,,,,,,0.005,2,3,,,0,0.0,,,,1,pair,21897d95,5,
,,"[2, 2, 1, 4]",0,0,0,,0.005,ALL,ALL,,,0,,0.0,0.0,1,1,summary,21897d95,9,
,,,,,,0,0.005,CELL,CELL,0,0.0,,,,,,1,cell_membership,21897d95,,identity
,,,,,,0,0.005,CELL,CELL,0,0.0,,,,,,1,cell_membership,21897d95,,rot90
,,,,,,0,0.005,CELL,CELL,0,0.0,,,,,,1,cell_membership,21897d95,,rot180
,,,,,,0,0.005,CELL,CELL,0,0.0,,,,,,1,cell_membership,21897d95,,rot270
,,,,,,0,0.005,CELL,CELL,0,0.0,,,,,,1,cell_membership,21897d95,,flip_lr
,,,,,,0,0.005,CELL,CELL,0,0.0,,,,,,1,cell_membership,21897d95,,flip_ud
,,,,,,0,0.005,CELL,CELL,0,0.0,,,,,,1,cell_membership,21897d95,,transpose
,,,,,,0,0.005,CELL,CELL,0,0.0,,,,,,1,cell_membership,21897d95,,anti_transpose
,,,,,,12,0.005,CELL,CELL,0,0.0,,,,,,1,cell_membership,21897d95,,identity
,,,,,,12,0.005,CELL,CELL,0,0.0,,,,,,1,cell_membership,21897d95,,rot90
,,,,,,12,0.005,CELL,CELL,0,0.0,,,,,,1,cell_membership,21897d95,,rot180
,,,,,,12,0.005,CELL,CELL,0,0.0,,,,,,1,cell_membership,21897d95,,rot270
,,,,,,12,0.005,CELL,CELL,0,0.0,,,,,,1,cell_membership,21897d95,,flip_lr
,,,,,,12,0.005,CELL,CELL,0,0.0,,,,,,1,cell_membership,21897d95,,flip_ud
,,,,,,12,0.005,CELL,CELL,0,0.0,,,,,,1,cell_membership,21897d95,,transpose
,,,,,,12,0.005,CELL,CELL,0,0.0,,,,,,1,cell_membership,21897d95,,anti_transpose
,,,,,,24,0.005,CELL,CELL,0,0.0,,,,,,1,cell_membership,21897d95,,identity
,,,,,,24,0.005,CELL,CELL,0,0.0,,,,,,1,cell_membership,21897d95,,rot90
,,,,,,24,0.005,CELL,CELL,1,0.25,,,,,,1,cell_membership,21897d95,,rot180
,,,,,,24,0.005,CELL,CELL,1,0.25,,,,,,1,cell_membership,21897d95,,rot270
,,,,,,24,0.005,CELL,CELL,0,0.0,,,,,,1,cell_membership,21897d95,,flip_lr
,,,,,,24,0.005,CELL,CELL,1,0.25,,,,,,1,cell_membership,21897d95,,flip_ud
,,,,,,24,0.005,CELL,CELL,1,0.25,,,,,,1,cell_membership,21897d95,,transpose
,,,,,,24,0.005,CELL,CELL,0,0.0,,,,,,1,cell_membership,21897d95,,anti_transpose
,,,,,,48,0.005,CELL,CELL,0,0.0,,,,,,1,cell_membership,21897d95,,identity
,,,,,,48,0.005,CELL,CELL,0,0.0,,,,,,1,cell_membership,21897d95,,rot90
,,,,,,48,0.005,CELL,CELL,0,0.0,,,,,,1,cell_membership,21897d95,,rot180
,,,,,,48,0.005,CELL,CELL,0,0.0,,,,,,1,cell_membership,21897d95,,rot270
,,,,,,48,0.005,CELL,CELL,1,0.25,,,,,,1,cell_membership,21897d95,,flip_lr
,,,,,,48,0.005,CELL,CELL,1,0.25,,,,,,1,cell_membership,21897d95,,flip_ud
,,,,,,48,0.005,CELL,CELL,1,0.25,,,,,,1,cell_membership,21897d95,,transpose
,,,,,,48,0.005,CELL,CELL,1,0.25,,,,,,1,cell_membership,21897d95,,anti_transpose
,,,,,,72,0.005,CELL,CELL,0,0.0,,,,,,1,cell_membership,21897d95,,identity
,,,,,,72,0.005,CELL,CELL,0,0.0,,,,,,1,cell_membership,21897d95,,rot90
,,,,,,72,0.005,CELL,CELL,0,0.0,,,,,,1,cell_membership,21897d95,,rot180
,,,,,,72,0.005,CELL,CELL,0,0.0,,,,,,1,cell_membership,21897d95,,rot270
,,,,,,72,0.005,CELL,CELL,0,0.0,,,,,,1,cell_membership,21897d95,,flip_lr
,,,,,,72,0.005,CELL,CELL,0,0.0,,,,,,1,cell_membership,21897d95,,flip_ud
,,,,,,72,0.005,CELL,CELL,0,0.0,,,,,,1,cell_membership,21897d95,,transpose
,,,,,,72,0.005,CELL,CELL,1,0.25,,,,,,1,cell_membership,21897d95,,anti_transpose
3,2,,,,,,0.01,0,1,,,0,0.0,,,,1,pair,21897d95,5,
3,2,,,,,,0.01,0,2,,,0,0.0,,,,1,pair,21897d95,5,
3,5,,,,,,0.01,0,3,,,0,0.0,,,,1,pair,21897d95,8,
2,2,,,,,,0.01,1,2,,,0,0.0,,,,1,pair,21897d95,4,
2,5,,,,,,0.01,1,3,,,0,0.0,,,,1,pair,21897d95,7,
2,5,,,,,,0.01,2,3,,,0,0.0,,,,1,pair,21897d95,7,
,,"[3, 2, 2, 5]",0,0,0,,0.01,ALL,ALL,,,0,,0.0,0.0,1,1,summary,21897d95,12,
,,,,,,0,0.01,CELL,CELL,0,0.0,,,,,,1,cell_membership,21897d95,,identity
,,,,,,0,0.01,CELL,CELL,1,0.25,,,,,,1,cell_membership,21897d95,,rot90
,,,,,,0,0.01,CELL,CELL,0,0.0,,,,,,1,cell_membership,21897d95,,rot180
,,,,,,0,0.01,CELL,CELL,0,0.0,,,,,,1,cell_membership,21897d95,,rot270
,,,,,,0,0.01,CELL,CELL,0,0.0,,,,,,1,cell_membership,21897d95,,flip_lr
,,,,,,0,0.01,CELL,CELL,0,0.0,,,,,,1,cell_membership,21897d95,,flip_ud
,,,,,,0,0.01,CELL,CELL,0,0.0,,,,,,1,cell_membership,21897d95,,transpose
,,,,,,0,0.01,CELL,CELL,0,0.0,,,,,,1,cell_membership,21897d95,,anti_transpose
,,,,,,12,0.01,CELL,CELL,0,0.0,,,,,,1,cell_membership,21897d95,,identity
,,,,,,12,0.01,CELL,CELL,0,0.0,,,,,,1,cell_membership,21897d95,,rot90
,,,,,,12,0.01,CELL,CELL,0,0.0,,,,,,1,cell_membership,21897d95,,rot180
,,,,,,12,0.01,CELL,CELL,0,0.0,,,,,,1,cell_membership,21897d95,,rot270
,,,,,,12,0.01,CELL,CELL,0,0.0,,,,,,1,cell_membership,21897d95,,flip_lr
,,,,,,12,0.01,CELL,CELL,0,0.0,,,,,,1,cell_membership,21897d95,,flip_ud
,,,,,,12,0.01,CELL,CELL,0,0.0,,,,,,1,cell_membership,21897d95,,transpose
,,,,,,12,0.01,CELL,CELL,0,0.0,,,,,,1,cell_membership,21897d95,,anti_transpose
,,,,,,24,0.01,CELL,CELL,1,0.25,,,,,,1,cell_membership,21897d95,,identity
,,,,,,24,0.01,CELL,CELL,0,0.0,,,,,,1,cell_membership,21897d95,,rot90
,,,,,,24,0.01,CELL,CELL,1,0.25,,,,,,1,cell_membership,21897d95,,rot180
,,,,,,24,0.01,CELL,CELL,1,0.25,,,,,,1,cell_membership,21897d95,,rot270
,,,,,,24,0.01,CELL,CELL,0,0.0,,,,,,1,cell_membership,21897d95,,flip_lr
,,,,,,24,0.01,CELL,CELL,1,0.25,,,,,,1,cell_membership,21897d95,,flip_ud
,,,,,,24,0.01,CELL,CELL,1,0.25,,,,,,1,cell_membership,21897d95,,transpose
,,,,,,24,0.01,CELL,CELL,0,0.0,,,,,,1,cell_membership,21897d95,,anti_transpose
,,,,,,48,0.01,CELL,CELL,0,0.0,,,,,,1,cell_membership,21897d95,,identity
,,,,,,48,0.01,CELL,CELL,0,0.0,,,,,,1,cell_membership,21897d95,,rot90
,,,,,,48,0.01,CELL,CELL,0,0.0,,,,,,1,cell_membership,21897d95,,rot180
,,,,,,48,0.01,CELL,CELL,0,0.0,,,,,,1,cell_membership,21897d95,,rot270
,,,,,,48,0.01,CELL,CELL,1,0.25,,,,,,1,cell_membership,21897d95,,flip_lr
,,,,,,48,0.01,CELL,CELL,1,0.25,,,,,,1,cell_membership,21897d95,,flip_ud
,,,,,,48,0.01,CELL,CELL,1,0.25,,,,,,1,cell_membership,21897d95,,transpose
,,,,,,48,0.01,CELL,CELL,1,0.25,,,,,,1,cell_membership,21897d95,,anti_transpose
,,,,,,72,0.01,CELL,CELL,0,0.0,,,,,,1,cell_membership,21897d95,,identity
,,,,,,72,0.01,CELL,CELL,1,0.25,,,,,,1,cell_membership,21897d95,,rot90
,,,,,,72,0.01,CELL,CELL,0,0.0,,,,,,1,cell_membership,21897d95,,rot180
,,,,,,72,0.01,CELL,CELL,0,0.0,,,,,,1,cell_membership,21897d95,,rot270
,,,,,,72,0.01,CELL,CELL,0,0.0,,,,,,1,cell_membership,21897d95,,flip_lr
,,,,,,72,0.01,CELL,CELL,0,0.0,,,,,,1,cell_membership,21897d95,,flip_ud
,,,,,,72,0.01,CELL,CELL,0,0.0,,,,,,1,cell_membership,21897d95,,transpose
,,,,,,72,0.01,CELL,CELL,1,0.25,,,,,,1,cell_membership,21897d95,,anti_transpose
1,1,,,,,,0.0001,0,1,,,0,0.0,,,,0,pair,28a6681f,2,
1,1,,,,,,0.0001,0,2,,,0,0.0,,,,0,pair,28a6681f,2,
1,1,,,,,,0.0001,1,2,,,0,0.0,,,,0,pair,28a6681f,2,
,,"[1, 1, 1]",0,0,0,,0.0001,ALL,ALL,,,0,,0.0,0.0,1,0,summary,28a6681f,3,
,,,,,,0,0.0001,CELL,CELL,0,0.0,,,,,,0,cell_membership,28a6681f,,identity
,,,,,,0,0.0001,CELL,CELL,0,0.0,,,,,,0,cell_membership,28a6681f,,rot90
,,,,,,0,0.0001,CELL,CELL,0,0.0,,,,,,0,cell_membership,28a6681f,,rot180
,,,,,,0,0.0001,CELL,CELL,0,0.0,,,,,,0,cell_membership,28a6681f,,rot270
,,,,,,0,0.0001,CELL,CELL,0,0.0,,,,,,0,cell_membership,28a6681f,,flip_lr
,,,,,,0,0.0001,CELL,CELL,1,0.3333333333333333,,,,,,0,cell_membership,28a6681f,,flip_ud
,,,,,,0,0.0001,CELL,CELL,0,0.0,,,,,,0,cell_membership,28a6681f,,transpose
,,,,,,0,0.0001,CELL,CELL,0,0.0,,,,,,0,cell_membership,28a6681f,,anti_transpose
,,,,,,12,0.0001,CELL,CELL,0,0.0,,,,,,0,cell_membership,28a6681f,,identity
,,,,,,12,0.0001,CELL,CELL,0,0.0,,,,,,0,cell_membership,28a6681f,,rot90
,,,,,,12,0.0001,CELL,CELL,0,0.0,,,,,,0,cell_membership,28a6681f,,rot180
,,,,,,12,0.0001,CELL,CELL,0,0.0,,,,,,0,cell_membership,28a6681f,,rot270
,,,,,,12,0.0001,CELL,CELL,0,0.0,,,,,,0,cell_membership,28a6681f,,flip_lr
,,,,,,12,0.0001,CELL,CELL,1,0.3333333333333333,,,,,,0,cell_membership,28a6681f,,flip_ud
,,,,,,12,0.0001,CELL,CELL,0,0.0,,,,,,0,cell_membership,28a6681f,,transpose
,,,,,,12,0.0001,CELL,CELL,0,0.0,,,,,,0,cell_membership,28a6681f,,anti_transpose
,,,,,,24,0.0001,CELL,CELL,0,0.0,,,,,,0,cell_membership,28a6681f,,identity
,,,,,,24,0.0001,CELL,CELL,0,0.0,,,,,,0,cell_membership,28a6681f,,rot90
,,,,,,24,0.0001,CELL,CELL,0,0.0,,,,,,0,cell_membership,28a6681f,,rot180
,,,,,,24,0.0001,CELL,CELL,1,0.3333333333333333,,,,,,0,cell_membership,28a6681f,,rot270
,,,,,,24,0.0001,CELL,CELL,0,0.0,,,,,,0,cell_membership,28a6681f,,flip_lr
,,,,,,24,0.0001,CELL,CELL,0,0.0,,,,,,0,cell_membership,28a6681f,,flip_ud
,,,,,,24,0.0001,CELL,CELL,0,0.0,,,,,,0,cell_membership,28a6681f,,transpose
,,,,,,24,0.0001,CELL,CELL,0,0.0,,,,,,0,cell_membership,28a6681f,,anti_transpose
,,,,,,48,0.0001,CELL,CELL,0,0.0,,,,,,0,cell_membership,28a6681f,,identity
,,,,,,48,0.0001,CELL,CELL,0,0.0,,,,,,0,cell_membership,28a6681f,,rot90
,,,,,,48,0.0001,CELL,CELL,0,0.0,,,,,,0,cell_membership,28a6681f,,rot180
,,,,,,48,0.0001,CELL,CELL,0,0.0,,,,,,0,cell_membership,28a6681f,,rot270
,,,,,,48,0.0001,CELL,CELL,0,0.0,,,,,,0,cell_membership,28a6681f,,flip_lr
,,,,,,48,0.0001,CELL,CELL,0,0.0,,,,,,0,cell_membership,28a6681f,,flip_ud
,,,,,,48,0.0001,CELL,CELL,0,0.0,,,,,,0,cell_membership,28a6681f,,transpose
,,,,,,48,0.0001,CELL,CELL,0,0.0,,,,,,0,cell_membership,28a6681f,,anti_transpose
,,,,,,72,0.0001,CELL,CELL,0,0.0,,,,,,0,cell_membership,28a6681f,,identity
,,,,,,72,0.0001,CELL,CELL,0,0.0,,,,,,0,cell_membership,28a6681f,,rot90
,,,,,,72,0.0001,CELL,CELL,0,0.0,,,,,,0,cell_membership,28a6681f,,rot180
,,,,,,72,0.0001,CELL,CELL,0,0.0,,,,,,0,cell_membership,28a6681f,,rot270
,,,,,,72,0.0001,CELL,CELL,0,0.0,,,,,,0,cell_membership,28a6681f,,flip_lr
,,,,,,72,0.0001,CELL,CELL,0,0.0,,,,,,0,cell_membership,28a6681f,,flip_ud
,,,,,,72,0.0001,CELL,CELL,0,0.0,,,,,,0,cell_membership,28a6681f,,transpose
,,,,,,72,0.0001,CELL,CELL,0,0.0,,,,,,0,cell_membership,28a6681f,,anti_transpose
1,1,,,,,,0.0005,0,1,,,0,0.0,,,,0,pair,28a6681f,2,
1,1,,,,,,0.0005,0,2,,,0,0.0,,,,0,pair,28a6681f,2,
1,1,,,,,,0.0005,1,2,,,0,0.0,,,,0,pair,28a6681f,2,
,,"[1, 1, 1]",0,0,0,,0.0005,ALL,ALL,,,0,,0.0,0.0,1,0,summary,28a6681f,3,
,,,,,,0,0.0005,CELL,CELL,0,0.0,,,,,,0,cell_membership,28a6681f,,identity
,,,,,,0,0.0005,CELL,CELL,0,0.0,,,,,,0,cell_membership,28a6681f,,rot90
,,,,,,0,0.0005,CELL,CELL,0,0.0,,,,,,0,cell_membership,28a6681f,,rot180
,,,,,,0,0.0005,CELL,CELL,0,0.0,,,,,,0,cell_membership,28a6681f,,rot270
,,,,,,0,0.0005,CELL,CELL,0,0.0,,,,,,0,cell_membership,28a6681f,,flip_lr
,,,,,,0,0.0005,CELL,CELL,1,0.3333333333333333,,,,,,0,cell_membership,28a6681f,,flip_ud
,,,,,,0,0.0005,CELL,CELL,0,0.0,,,,,,0,cell_membership,28a6681f,,transpose
,,,,,,0,0.0005,CELL,CELL,0,0.0,,,,,,0,cell_membership,28a6681f,,anti_transpose
,,,,,,12,0.0005,CELL,CELL,0,0.0,,,,,,0,cell_membership,28a6681f,,identity
,,,,,,12,0.0005,CELL,CELL,0,0.0,,,,,,0,cell_membership,28a6681f,,rot90
,,,,,,12,0.0005,CELL,CELL,0,0.0,,,,,,0,cell_membership,28a6681f,,rot180
,,,,,,12,0.0005,CELL,CELL,0,0.0,,,,,,0,cell_membership,28a6681f,,rot270
,,,,,,12,0.0005,CELL,CELL,0,0.0,,,,,,0,cell_membership,28a6681f,,flip_lr
,,,,,,12,0.0005,CELL,CELL,1,0.3333333333333333,,,,,,0,cell_membership,28a6681f,,flip_ud
,,,,,,12,0.0005,CELL,CELL,0,0.0,,,,,,0,cell_membership,28a6681f,,transpose
,,,,,,12,0.0005,CELL,CELL,0,0.0,,,,,,0,cell_membership,28a6681f,,anti_transpose
,,,,,,24,0.0005,CELL,CELL,0,0.0,,,,,,0,cell_membership,28a6681f,,identity
,,,,,,24,0.0005,CELL,CELL,0,0.0,,,,,,0,cell_membership,28a6681f,,rot90
,,,,,,24,0.0005,CELL,CELL,0,0.0,,,,,,0,cell_membership,28a6681f,,rot180
,,,,,,24,0.0005,CELL,CELL,1,0.3333333333333333,,,,,,0,cell_membership,28a6681f,,rot270
,,,,,,24,0.0005,CELL,CELL,0,0.0,,,,,,0,cell_membership,28a6681f,,flip_lr
,,,,,,24,0.0005,CELL,CELL,0,0.0,,,,,,0,cell_membership,28a6681f,,flip_ud
,,,,,,24,0.0005,CELL,CELL,0,0.0,,,,,,0,cell_membership,28a6681f,,transpose
,,,,,,24,0.0005,CELL,CELL,0,0.0,,,,,,0,cell_membership,28a6681f,,anti_transpose
,,,,,,48,0.0005,CELL,CELL,0,0.0,,,,,,0,cell_membership,28a6681f,,identity
,,,,,,48,0.0005,CELL,CELL,0,0.0,,,,,,0,cell_membership,28a6681f,,rot90
,,,,,,48,0.0005,CELL,CELL,0,0.0,,,,,,0,cell_membership,28a6681f,,rot180
,,,,,,48,0.0005,CELL,CELL,0,0.0,,,,,,0,cell_membership,28a6681f,,rot270
,,,,,,48,0.0005,CELL,CELL,0,0.0,,,,,,0,cell_membership,28a6681f,,flip_lr
,,,,,,48,0.0005,CELL,CELL,0,0.0,,,,,,0,cell_membership,28a6681f,,flip_ud
,,,,,,48,0.0005,CELL,CELL,0,0.0,,,,,,0,cell_membership,28a6681f,,transpose
,,,,,,48,0.0005,CELL,CELL,0,0.0,,,,,,0,cell_membership,28a6681f,,anti_transpose
,,,,,,72,0.0005,CELL,CELL,0,0.0,,,,,,0,cell_membership,28a6681f,,identity
,,,,,,72,0.0005,CELL,CELL,0,0.0,,,,,,0,cell_membership,28a6681f,,rot90
,,,,,,72,0.0005,CELL,CELL,0,0.0,,,,,,0,cell_membership,28a6681f,,rot180
,,,,,,72,0.0005,CELL,CELL,0,0.0,,,,,,0,cell_membership,28a6681f,,rot270
,,,,,,72,0.0005,CELL,CELL,0,0.0,,,,,,0,cell_membership,28a6681f,,flip_lr
,,,,,,72,0.0005,CELL,CELL,0,0.0,,,,,,0,cell_membership,28a6681f,,flip_ud
,,,,,,72,0.0005,CELL,CELL,0,0.0,,,,,,0,cell_membership,28a6681f,,transpose
,,,,,,72,0.0005,CELL,CELL,0,0.0,,,,,,0,cell_membership,28a6681f,,anti_transpose
1,1,,,,,,0.001,0,1,,,0,0.0,,,,0,pair,28a6681f,2,
1,2,,,,,,0.001,0,2,,,0,0.0,,,,0,pair,28a6681f,3,
1,2,,,,,,0.001,1,2,,,0,0.0,,,,0,pair,28a6681f,3,
,,"[1, 1, 2]",0,0,0,,0.001,ALL,ALL,,,0,,0.0,0.0,1,0,summary,28a6681f,4,
,,,,,,0,0.001,CELL,CELL,0,0.0,,,,,,0,cell_membership,28a6681f,,identity
,,,,,,0,0.001,CELL,CELL,0,0.0,,,,,,0,cell_membership,28a6681f,,rot90
,,,,,,0,0.001,CELL,CELL,0,0.0,,,,,,0,cell_membership,28a6681f,,rot180
,,,,,,0,0.001,CELL,CELL,0,0.0,,,,,,0,cell_membership,28a6681f,,rot270
,,,,,,0,0.001,CELL,CELL,1,0.3333333333333333,,,,,,0,cell_membership,28a6681f,,flip_lr
,,,,,,0,0.001,CELL,CELL,1,0.3333333333333333,,,,,,0,cell_membership,28a6681f,,flip_ud
,,,,,,0,0.001,CELL,CELL,0,0.0,,,,,,0,cell_membership,28a6681f,,transpose
,,,,,,0,0.001,CELL,CELL,0,0.0,,,,,,0,cell_membership,28a6681f,,anti_transpose
,,,,,,12,0.001,CELL,CELL,0,0.0,,,,,,0,cell_membership,28a6681f,,identity
,,,,,,12,0.001,CELL,CELL,0,0.0,,,,,,0,cell_membership,28a6681f,,rot90
,,,,,,12,0.001,CELL,CELL,0,0.0,,,,,,0,cell_membership,28a6681f,,rot180
,,,,,,12,0.001,CELL,CELL,0,0.0,,,,,,0,cell_membership,28a6681f,,rot270
,,,,,,12,0.001,CELL,CELL,0,0.0,,,,,,0,cell_membership,28a6681f,,flip_lr
,,,,,,12,0.001,CELL,CELL,1,0.3333333333333333,,,,,,0,cell_membership,28a6681f,,flip_ud
,,,,,,12,0.001,CELL,CELL,0,0.0,,,,,,0,cell_membership,28a6681f,,transpose
,,,,,,12,0.001,CELL,CELL,0,0.0,,,,,,0,cell_membership,28a6681f,,anti_transpose
,,,,,,24,0.001,CELL,CELL,0,0.0,,,,,,0,cell_membership,28a6681f,,identity
,,,,,,24,0.001,CELL,CELL,0,0.0,,,,,,0,cell_membership,28a6681f,,rot90
,,,,,,24,0.001,CELL,CELL,0,0.0,,,,,,0,cell_membership,28a6681f,,rot180
,,,,,,24,0.001,CELL,CELL,1,0.3333333333333333,,,,,,0,cell_membership,28a6681f,,rot270
,,,,,,24,0.001,CELL,CELL,0,0.0,,,,,,0,cell_membership,28a6681f,,flip_lr
,,,,,,24,0.001,CELL,CELL,0,0.0,,,,,,0,cell_membership,28a6681f,,flip_ud
,,,,,,24,0.001,CELL,CELL,0,0.0,,,,,,0,cell_membership,28a6681f,,transpose
,,,,,,24,0.001,CELL,CELL,0,0.0,,,,,,0,cell_membership,28a6681f,,anti_transpose
,,,,,,48,0.001,CELL,CELL,0,0.0,,,,,,0,cell_membership,28a6681f,,identity
,,,,,,48,0.001,CELL,CELL,0,0.0,,,,,,0,cell_membership,28a6681f,,rot90
,,,,,,48,0.001,CELL,CELL,0,0.0,,,,,,0,cell_membership,28a6681f,,rot180
,,,,,,48,0.001,CELL,CELL,0,0.0,,,,,,0,cell_membership,28a6681f,,rot270
,,,,,,48,0.001,CELL,CELL,0,0.0,,,,,,0,cell_membership,28a6681f,,flip_lr
,,,,,,48,0.001,CELL,CELL,0,0.0,,,,,,0,cell_membership,28a6681f,,flip_ud
,,,,,,48,0.001,CELL,CELL,0,0.0,,,,,,0,cell_membership,28a6681f,,transpose
,,,,,,48,0.001,CELL,CELL,0,0.0,,,,,,0,cell_membership,28a6681f,,anti_transpose
,,,,,,72,0.001,CELL,CELL,0,0.0,,,,,,0,cell_membership,28a6681f,,identity
,,,,,,72,0.001,CELL,CELL,0,0.0,,,,,,0,cell_membership,28a6681f,,rot90
,,,,,,72,0.001,CELL,CELL,0,0.0,,,,,,0,cell_membership,28a6681f,,rot180
,,,,,,72,0.001,CELL,CELL,0,0.0,,,,,,0,cell_membership,28a6681f,,rot270
,,,,,,72,0.001,CELL,CELL,0,0.0,,,,,,0,cell_membership,28a6681f,,flip_lr
,,,,,,72,0.001,CELL,CELL,0,0.0,,,,,,0,cell_membership,28a6681f,,flip_ud
,,,,,,72,0.001,CELL,CELL,0,0.0,,,,,,0,cell_membership,28a6681f,,transpose
,,,,,,72,0.001,CELL,CELL,0,0.0,,,,,,0,cell_membership,28a6681f,,anti_transpose
1,1,,,,,,0.002,0,1,,,0,0.0,,,,0,pair,28a6681f,2,
1,2,,,,,,0.002,0,2,,,0,0.0,,,,0,pair,28a6681f,3,
1,2,,,,,,0.002,1,2,,,0,0.0,,,,0,pair,28a6681f,3,
,,"[1, 1, 2]",0,0,0,,0.002,ALL,ALL,,,0,,0.0,0.0,1,0,summary,28a6681f,4,
,,,,,,0,0.002,CELL,CELL,0,0.0,,,,,,0,cell_membership,28a6681f,,identity
,,,,,,0,0.002,CELL,CELL,0,0.0,,,,,,0,cell_membership,28a6681f,,rot90
,,,,,,0,0.002,CELL,CELL,0,0.0,,,,,,0,cell_membership,28a6681f,,rot180
,,,,,,0,0.002,CELL,CELL,0,0.0,,,,,,0,cell_membership,28a6681f,,rot270
,,,,,,0,0.002,CELL,CELL,1,0.3333333333333333,,,,,,0,cell_membership,28a6681f,,flip_lr
,,,,,,0,0.002,CELL,CELL,1,0.3333333333333333,,,,,,0,cell_membership,28a6681f,,flip_ud
,,,,,,0,0.002,CELL,CELL,0,0.0,,,,,,0,cell_membership,28a6681f,,transpose
,,,,,,0,0.002,CELL,CELL,0,0.0,,,,,,0,cell_membership,28a6681f,,anti_transpose
,,,,,,12,0.002,CELL,CELL,0,0.0,,,,,,0,cell_membership,28a6681f,,identity
,,,,,,12,0.002,CELL,CELL,0,0.0,,,,,,0,cell_membership,28a6681f,,rot90
,,,,,,12,0.002,CELL,CELL,0,0.0,,,,,,0,cell_membership,28a6681f,,rot180
,,,,,,12,0.002,CELL,CELL,0,0.0,,,,,,0,cell_membership,28a6681f,,rot270
,,,,,,12,0.002,CELL,CELL,0,0.0,,,,,,0,cell_membership,28a6681f,,flip_lr
,,,,,,12,0.002,CELL,CELL,1,0.3333333333333333,,,,,,0,cell_membership,28a6681f,,flip_ud
,,,,,,12,0.002,CELL,CELL,0,0.0,,,,,,0,cell_membership,28a6681f,,transpose
,,,,,,12,0.002,CELL,CELL,0,0.0,,,,,,0,cell_membership,28a6681f,,anti_transpose
,,,,,,24,0.002,CELL,CELL,0,0.0,,,,,,0,cell_membership,28a6681f,,identity
,,,,,,24,0.002,CELL,CELL,0,0.0,,,,,,0,cell_membership,28a6681f,,rot90
,,,,,,24,0.002,CELL,CELL,0,0.0,,,,,,0,cell_membership,28a6681f,,rot180
,,,,,,24,0.002,CELL,CELL,1,0.3333333333333333,,,,,,0,cell_membership,28a6681f,,rot270
,,,,,,24,0.002,CELL,CELL,0,0.0,,,,,,0,cell_membership,28a6681f,,flip_lr
,,,,,,24,0.002,CELL,CELL,0,0.0,,,,,,0,cell_membership,28a6681f,,flip_ud
,,,,,,24,0.002,CELL,CELL,0,0.0,,,,,,0,cell_membership,28a6681f,,transpose
,,,,,,24,0.002,CELL,CELL,0,0.0,,,,,,0,cell_membership,28a6681f,,anti_transpose
,,,,,,48,0.002,CELL,CELL,0,0.0,,,,,,0,cell_membership,28a6681f,,identity
,,,,,,48,0.002,CELL,CELL,0,0.0,,,,,,0,cell_membership,28a6681f,,rot90
,,,,,,48,0.002,CELL,CELL,0,0.0,,,,,,0,cell_membership,28a6681f,,rot180
,,,,,,48,0.002,CELL,CELL,0,0.0,,,,,,0,cell_membership,28a6681f,,rot270
,,,,,,48,0.002,CELL,CELL,0,0.0,,,,,,0,cell_membership,28a6681f,,flip_lr
,,,,,,48,0.002,CELL,CELL,0,0.0,,,,,,0,cell_membership,28a6681f,,flip_ud
,,,,,,48,0.002,CELL,CELL,0,0.0,,,,,,0,cell_membership,28a6681f,,transpose
,,,,,,48,0.002,CELL,CELL,0,0.0,,,,,,0,cell_membership,28a6681f,,anti_transpose
,,,,,,72,0.002,CELL,CELL,0,0.0,,,,,,0,cell_membership,28a6681f,,identity
,,,,,,72,0.002,CELL,CELL,0,0.0,,,,,,0,cell_membership,28a6681f,,rot90
,,,,,,72,0.002,CELL,CELL,0,0.0,,,,,,0,cell_membership,28a6681f,,rot180
,,,,,,72,0.002,CELL,CELL,0,0.0,,,,,,0,cell_membership,28a6681f,,rot270
,,,,,,72,0.002,CELL,CELL,0,0.0,,,,,,0,cell_membership,28a6681f,,flip_lr
,,,,,,72,0.002,CELL,CELL,0,0.0,,,,,,0,cell_membership,28a6681f,,flip_ud
,,,,,,72,0.002,CELL,CELL,0,0.0,,,,,,0,cell_membership,28a6681f,,transpose
,,,,,,72,0.002,CELL,CELL,0,0.0,,,,,,0,cell_membership,28a6681f,,anti_transpose
1,1,,,,,,0.005,0,1,,,0,0.0,,,,0,pair,28a6681f,2,
1,3,,,,,,0.005,0,2,,,0,0.0,,,,0,pair,28a6681f,4,
1,3,,,,,,0.005,1,2,,,0,0.0,,,,0,pair,28a6681f,4,
,,"[1, 1, 3]",0,0,0,,0.005,ALL,ALL,,,0,,0.0,0.0,1,0,summary,28a6681f,5,
,,,,,,0,0.005,CELL,CELL,0,0.0,,,,,,0,cell_membership,28a6681f,,identity
,,,,,,0,0.005,CELL,CELL,0,0.0,,,,,,0,cell_membership,28a6681f,,rot90
,,,,,,0,0.005,CELL,CELL,0,0.0,,,,,,0,cell_membership,28a6681f,,rot180
,,,,,,0,0.005,CELL,CELL,0,0.0,,,,,,0,cell_membership,28a6681f,,rot270
,,,,,,0,0.005,CELL,CELL,1,0.3333333333333333,,,,,,0,cell_membership,28a6681f,,flip_lr
,,,,,,0,0.005,CELL,CELL,1,0.3333333333333333,,,,,,0,cell_membership,28a6681f,,flip_ud
,,,,,,0,0.005,CELL,CELL,0,0.0,,,,,,0,cell_membership,28a6681f,,transpose
,,,,,,0,0.005,CELL,CELL,0,0.0,,,,,,0,cell_membership,28a6681f,,anti_transpose
,,,,,,12,0.005,CELL,CELL,0,0.0,,,,,,0,cell_membership,28a6681f,,identity
,,,,,,12,0.005,CELL,CELL,0,0.0,,,,,,0,cell_membership,28a6681f,,rot90
,,,,,,12,0.005,CELL,CELL,0,0.0,,,,,,0,cell_membership,28a6681f,,rot180
,,,,,,12,0.005,CELL,CELL,0,0.0,,,,,,0,cell_membership,28a6681f,,rot270
,,,,,,12,0.005,CELL,CELL,1,0.3333333333333333,,,,,,0,cell_membership,28a6681f,,flip_lr
,,,,,,12,0.005,CELL,CELL,1,0.3333333333333333,,,,,,0,cell_membership,28a6681f,,flip_ud
,,,,,,12,0.005,CELL,CELL,0,0.0,,,,,,0,cell_membership,28a6681f,,transpose
,,,,,,12,0.005,CELL,CELL,0,0.0,,,,,,0,cell_membership,28a6681f,,anti_transpose
,,,,,,24,0.005,CELL,CELL,0,0.0,,,,,,0,cell_membership,28a6681f,,identity
,,,,,,24,0.005,CELL,CELL,0,0.0,,,,,,0,cell_membership,28a6681f,,rot90
,,,,,,24,0.005,CELL,CELL,0,0.0,,,,,,0,cell_membership,28a6681f,,rot180
,,,,,,24,0.005,CELL,CELL,1,0.3333333333333333,,,,,,0,cell_membership,28a6681f,,rot270
,,,,,,24,0.005,CELL,CELL,0,0.0,,,,,,0,cell_membership,28a6681f,,flip_lr
,,,,,,24,0.005,CELL,CELL,0,0.0,,,,,,0,cell_membership,28a6681f,,flip_ud
,,,,,,24,0.005,CELL,CELL,0,0.0,,,,,,0,cell_membership,28a6681f,,transpose
,,,,,,24,0.005,CELL,CELL,0,0.0,,,,,,0,cell_membership,28a6681f,,anti_transpose
,,,,,,48,0.005,CELL,CELL,0,0.0,,,,,,0,cell_membership,28a6681f,,identity
,,,,,,48,0.005,CELL,CELL,0,0.0,,,,,,0,cell_membership,28a6681f,,rot90
,,,,,,48,0.005,CELL,CELL,0,0.0,,,,,,0,cell_membership,28a6681f,,rot180
,,,,,,48,0.005,CELL,CELL,0,0.0,,,,,,0,cell_membership,28a6681f,,rot270
,,,,,,48,0.005,CELL,CELL,0,0.0,,,,,,0,cell_membership,28a6681f,,flip_lr
,,,,,,48,0.005,CELL,CELL,0,0.0,,,,,,0,cell_membership,28a6681f,,flip_ud
,,,,,,48,0.005,CELL,CELL,0,0.0,,,,,,0,cell_membership,28a6681f,,transpose
,,,,,,48,0.005,CELL,CELL,0,0.0,,,,,,0,cell_membership,28a6681f,,anti_transpose
,,,,,,72,0.005,CELL,CELL,0,0.0,,,,,,0,cell_membership,28a6681f,,identity
,,,,,,72,0.005,CELL,CELL,0,0.0,,,,,,0,cell_membership,28a6681f,,rot90
,,,,,,72,0.005,CELL,CELL,0,0.0,,,,,,0,cell_membership,28a6681f,,rot180
,,,,,,72,0.005,CELL,CELL,0,0.0,,,,,,0,cell_membership,28a6681f,,rot270
,,,,,,72,0.005,CELL,CELL,0,0.0,,,,,,0,cell_membership,28a6681f,,flip_lr
,,,,,,72,0.005,CELL,CELL,0,0.0,,,,,,0,cell_membership,28a6681f,,flip_ud
,,,,,,72,0.005,CELL,CELL,0,0.0,,,,,,0,cell_membership,28a6681f,,transpose
,,,,,,72,0.005,CELL,CELL,0,0.0,,,,,,0,cell_membership,28a6681f,,anti_transpose
1,1,,,,,,0.01,0,1,,,0,0.0,,,,0,pair,28a6681f,2,
1,4,,,,,,0.01,0,2,,,0,0.0,,,,0,pair,28a6681f,5,
1,4,,,,,,0.01,1,2,,,0,0.0,,,,0,pair,28a6681f,5,
,,"[1, 1, 4]",0,0,0,,0.01,ALL,ALL,,,0,,0.0,0.0,1,0,summary,28a6681f,6,
,,,,,,0,0.01,CELL,CELL,0,0.0,,,,,,0,cell_membership,28a6681f,,identity
,,,,,,0,0.01,CELL,CELL,0,0.0,,,,,,0,cell_membership,28a6681f,,rot90
,,,,,,0,0.01,CELL,CELL,0,0.0,,,,,,0,cell_membership,28a6681f,,rot180
,,,,,,0,0.01,CELL,CELL,0,0.0,,,,,,0,cell_membership,28a6681f,,rot270
,,,,,,0,0.01,CELL,CELL,1,0.3333333333333333,,,,,,0,cell_membership,28a6681f,,flip_lr
,,,,,,0,0.01,CELL,CELL,1,0.3333333333333333,,,,,,0,cell_membership,28a6681f,,flip_ud
,,,,,,0,0.01,CELL,CELL,0,0.0,,,,,,0,cell_membership,28a6681f,,transpose
,,,,,,0,0.01,CELL,CELL,0,0.0,,,,,,0,cell_membership,28a6681f,,anti_transpose
,,,,,,12,0.01,CELL,CELL,0,0.0,,,,,,0,cell_membership,28a6681f,,identity
,,,,,,12,0.01,CELL,CELL,0,0.0,,,,,,0,cell_membership,28a6681f,,rot90
,,,,,,12,0.01,CELL,CELL,1,0.3333333333333333,,,,,,0,cell_membership,28a6681f,,rot180
,,,,,,12,0.01,CELL,CELL,0,0.0,,,,,,0,cell_membership,28a6681f,,rot270
,,,,,,12,0.01,CELL,CELL,1,0.3333333333333333,,,,,,0,cell_membership,28a6681f,,flip_lr
,,,,,,12,0.01,CELL,CELL,1,0.3333333333333333,,,,,,0,cell_membership,28a6681f,,flip_ud
,,,,,,12,0.01,CELL,CELL,0,0.0,,,,,,0,cell_membership,28a6681f,,transpose
,,,,,,12,0.01,CELL,CELL,0,0.0,,,,,,0,cell_membership,28a6681f,,anti_transpose
,,,,,,24,0.01,CELL,CELL,0,0.0,,,,,,0,cell_membership,28a6681f,,identity
,,,,,,24,0.01,CELL,CELL,0,0.0,,,,,,0,cell_membership,28a6681f,,rot90
,,,,,,24,0.01,CELL,CELL,0,0.0,,,,,,0,cell_membership,28a6681f,,rot180
,,,,,,24,0.01,CELL,CELL,1,0.3333333333333333,,,,,,0,cell_membership,28a6681f,,rot270
,,,,,,24,0.01,CELL,CELL,0,0.0,,,,,,0,cell_membership,28a6681f,,flip_lr
,,,,,,24,0.01,CELL,CELL,0,0.0,,,,,,0,cell_membership,28a6681f,,flip_ud
,,,,,,24,0.01,CELL,CELL,0,0.0,,,,,,0,cell_membership,28a6681f,,transpose
,,,,,,24,0.01,CELL,CELL,0,0.0,,,,,,0,cell_membership,28a6681f,,anti_transpose
,,,,,,48,0.01,CELL,CELL,0,0.0,,,,,,0,cell_membership,28a6681f,,identity
,,,,,,48,0.01,CELL,CELL,0,0.0,,,,,,0,cell_membership,28a6681f,,rot90
,,,,,,48,0.01,CELL,CELL,0,0.0,,,,,,0,cell_membership,28a6681f,,rot180
,,,,,,48,0.01,CELL,CELL,0,0.0,,,,,,0,cell_membership,28a6681f,,rot270
,,,,,,48,0.01,CELL,CELL,0,0.0,,,,,,0,cell_membership,28a6681f,,flip_lr
,,,,,,48,0.01,CELL,CELL,0,0.0,,,,,,0,cell_membership,28a6681f,,flip_ud
,,,,,,48,0.01,CELL,CELL,0,0.0,,,,,,0,cell_membership,28a6681f,,transpose
,,,,,,48,0.01,CELL,CELL,0,0.0,,,,,,0,cell_membership,28a6681f,,anti_transpose
,,,,,,72,0.01,CELL,CELL,0,0.0,,,,,,0,cell_membership,28a6681f,,identity
,,,,,,72,0.01,CELL,CELL,0,0.0,,,,,,0,cell_membership,28a6681f,,rot90
,,,,,,72,0.01,CELL,CELL,0,0.0,,,,,,0,cell_membership,28a6681f,,rot180
,,,,,,72,0.01,CELL,CELL,0,0.0,,,,,,0,cell_membership,28a6681f,,rot270
,,,,,,72,0.01,CELL,CELL,0,0.0,,,,,,0,cell_membership,28a6681f,,flip_lr
,,,,,,72,0.01,CELL,CELL,0,0.0,,,,,,0,cell_membership,28a6681f,,flip_ud
,,,,,,72,0.01,CELL,CELL,0,0.0,,,,,,0,cell_membership,28a6681f,,transpose
,,,,,,72,0.01,CELL,CELL,0,0.0,,,,,,0,cell_membership,28a6681f,,anti_transpose
1,1,,,,,,0.0001,0,1,,,0,0.0,,,,0,pair,89565ca0,2,
1,2,,,,,,0.0001,0,2,,,0,0.0,,,,0,pair,89565ca0,3,
1,2,,,,,,0.0001,1,2,,,0,0.0,,,,0,pair,89565ca0,3,
,,"[1, 1, 2]",0,0,0,,0.0001,ALL,ALL,,,0,,0.0,0.0,1,0,summary,89565ca0,4,
,,,,,,0,0.0001,CELL,CELL,0,0.0,,,,,,0,cell_membership,89565ca0,,identity
,,,,,,0,0.0001,CELL,CELL,0,0.0,,,,,,0,cell_membership,89565ca0,,rot90
,,,,,,0,0.0001,CELL,CELL,1,0.3333333333333333,,,,,,0,cell_membership,89565ca0,,rot180
,,,,,,0,0.0001,CELL,CELL,0,0.0,,,,,,0,cell_membership,89565ca0,,rot270
,,,,,,0,0.0001,CELL,CELL,0,0.0,,,,,,0,cell_membership,89565ca0,,flip_lr
,,,,,,0,0.0001,CELL,CELL,0,0.0,,,,,,0,cell_membership,89565ca0,,flip_ud
,,,,,,0,0.0001,CELL,CELL,0,0.0,,,,,,0,cell_membership,89565ca0,,transpose
,,,,,,0,0.0001,CELL,CELL,0,0.0,,,,,,0,cell_membership,89565ca0,,anti_transpose
,,,,,,12,0.0001,CELL,CELL,0,0.0,,,,,,0,cell_membership,89565ca0,,identity
,,,,,,12,0.0001,CELL,CELL,0,0.0,,,,,,0,cell_membership,89565ca0,,rot90
,,,,,,12,0.0001,CELL,CELL,0,0.0,,,,,,0,cell_membership,89565ca0,,rot180
,,,,,,12,0.0001,CELL,CELL,1,0.3333333333333333,,,,,,0,cell_membership,89565ca0,,rot270
,,,,,,12,0.0001,CELL,CELL,0,0.0,,,,,,0,cell_membership,89565ca0,,flip_lr
,,,,,,12,0.0001,CELL,CELL,0,0.0,,,,,,0,cell_membership,89565ca0,,flip_ud
,,,,,,12,0.0001,CELL,CELL,0,0.0,,,,,,0,cell_membership,89565ca0,,transpose
,,,,,,12,0.0001,CELL,CELL,0,0.0,,,,,,0,cell_membership,89565ca0,,anti_transpose
,,,,,,24,0.0001,CELL,CELL,0,0.0,,,,,,0,cell_membership,89565ca0,,identity
,,,,,,24,0.0001,CELL,CELL,0,0.0,,,,,,0,cell_membership,89565ca0,,rot90
,,,,,,24,0.0001,CELL,CELL,0,0.0,,,,,,0,cell_membership,89565ca0,,rot180
,,,,,,24,0.0001,CELL,CELL,0,0.0,,,,,,0,cell_membership,89565ca0,,rot270
,,,,,,24,0.0001,CELL,CELL,0,0.0,,,,,,0,cell_membership,89565ca0,,flip_lr
,,,,,,24,0.0001,CELL,CELL,0,0.0,,,,,,0,cell_membership,89565ca0,,flip_ud
,,,,,,24,0.0001,CELL,CELL,0,0.0,,,,,,0,cell_membership,89565ca0,,transpose
,,,,,,24,0.0001,CELL,CELL,0,0.0,,,,,,0,cell_membership,89565ca0,,anti_transpose
,,,,,,48,0.0001,CELL,CELL,0,0.0,,,,,,0,cell_membership,89565ca0,,identity
,,,,,,48,0.0001,CELL,CELL,0,0.0,,,,,,0,cell_membership,89565ca0,,rot90
,,,,,,48,0.0001,CELL,CELL,0,0.0,,,,,,0,cell_membership,89565ca0,,rot180
,,,,,,48,0.0001,CELL,CELL,0,0.0,,,,,,0,cell_membership,89565ca0,,rot270
,,,,,,48,0.0001,CELL,CELL,0,0.0,,,,,,0,cell_membership,89565ca0,,flip_lr
,,,,,,48,0.0001,CELL,CELL,0,0.0,,,,,,0,cell_membership,89565ca0,,flip_ud
,,,,,,48,0.0001,CELL,CELL,0,0.0,,,,,,0,cell_membership,89565ca0,,transpose
,,,,,,48,0.0001,CELL,CELL,0,0.0,,,,,,0,cell_membership,89565ca0,,anti_transpose
,,,,,,72,0.0001,CELL,CELL,0,0.0,,,,,,0,cell_membership,89565ca0,,identity
,,,,,,72,0.0001,CELL,CELL,0,0.0,,,,,,0,cell_membership,89565ca0,,rot90
,,,,,,72,0.0001,CELL,CELL,0,0.0,,,,,,0,cell_membership,89565ca0,,rot180
,,,,,,72,0.0001,CELL,CELL,1,0.3333333333333333,,,,,,0,cell_membership,89565ca0,,rot270
,,,,,,72,0.0001,CELL,CELL,0,0.0,,,,,,0,cell_membership,89565ca0,,flip_lr
,,,,,,72,0.0001,CELL,CELL,0,0.0,,,,,,0,cell_membership,89565ca0,,flip_ud
,,,,,,72,0.0001,CELL,CELL,1,0.3333333333333333,,,,,,0,cell_membership,89565ca0,,transpose
,,,,,,72,0.0001,CELL,CELL,0,0.0,,,,,,0,cell_membership,89565ca0,,anti_transpose
1,1,,,,,,0.0005,0,1,,,0,0.0,,,,0,pair,89565ca0,2,
1,3,,,,,,0.0005,0,2,,,0,0.0,,,,0,pair,89565ca0,4,
1,3,,,,,,0.0005,1,2,,,0,0.0,,,,0,pair,89565ca0,4,
,,"[1, 1, 3]",0,0,0,,0.0005,ALL,ALL,,,0,,0.0,0.0,1,0,summary,89565ca0,5,
,,,,,,0,0.0005,CELL,CELL,0,0.0,,,,,,0,cell_membership,89565ca0,,identity
,,,,,,0,0.0005,CELL,CELL,0,0.0,,,,,,0,cell_membership,89565ca0,,rot90
,,,,,,0,0.0005,CELL,CELL,1,0.3333333333333333,,,,,,0,cell_membership,89565ca0,,rot180
,,,,,,0,0.0005,CELL,CELL,0,0.0,,,,,,0,cell_membership,89565ca0,,rot270
,,,,,,0,0.0005,CELL,CELL,0,0.0,,,,,,0,cell_membership,89565ca0,,flip_lr
,,,,,,0,0.0005,CELL,CELL,0,0.0,,,,,,0,cell_membership,89565ca0,,flip_ud
,,,,,,0,0.0005,CELL,CELL,0,0.0,,,,,,0,cell_membership,89565ca0,,transpose
,,,,,,0,0.0005,CELL,CELL,0,0.0,,,,,,0,cell_membership,89565ca0,,anti_transpose
,,,,,,12,0.0005,CELL,CELL,0,0.0,,,,,,0,cell_membership,89565ca0,,identity
,,,,,,12,0.0005,CELL,CELL,0,0.0,,,,,,0,cell_membership,89565ca0,,rot90
,,,,,,12,0.0005,CELL,CELL,0,0.0,,,,,,0,cell_membership,89565ca0,,rot180
,,,,,,12,0.0005,CELL,CELL,1,0.3333333333333333,,,,,,0,cell_membership,89565ca0,,rot270
,,,,,,12,0.0005,CELL,CELL,0,0.0,,,,,,0,cell_membership,89565ca0,,flip_lr
,,,,,,12,0.0005,CELL,CELL,0,0.0,,,,,,0,cell_membership,89565ca0,,flip_ud
,,,,,,12,0.0005,CELL,CELL,0,0.0,,,,,,0,cell_membership,89565ca0,,transpose
,,,,,,12,0.0005,CELL,CELL,0,0.0,,,,,,0,cell_membership,89565ca0,,anti_transpose
,,,,,,24,0.0005,CELL,CELL,0,0.0,,,,,,0,cell_membership,89565ca0,,identity
,,,,,,24,0.0005,CELL,CELL,0,0.0,,,,,,0,cell_membership,89565ca0,,rot90
,,,,,,24,0.0005,CELL,CELL,0,0.0,,,,,,0,cell_membership,89565ca0,,rot180
,,,,,,24,0.0005,CELL,CELL,0,0.0,,,,,,0,cell_membership,89565ca0,,rot270
,,,,,,24,0.0005,CELL,CELL,0,0.0,,,,,,0,cell_membership,89565ca0,,flip_lr
,,,,,,24,0.0005,CELL,CELL,0,0.0,,,,,,0,cell_membership,89565ca0,,flip_ud
,,,,,,24,0.0005,CELL,CELL,0,0.0,,,,,,0,cell_membership,89565ca0,,transpose
,,,,,,24,0.0005,CELL,CELL,0,0.0,,,,,,0,cell_membership,89565ca0,,anti_transpose
,,,,,,48,0.0005,CELL,CELL,0,0.0,,,,,,0,cell_membership,89565ca0,,identity
,,,,,,48,0.0005,CELL,CELL,0,0.0,,,,,,0,cell_membership,89565ca0,,rot90
,,,,,,48,0.0005,CELL,CELL,0,0.0,,,,,,0,cell_membership,89565ca0,,rot180
,,,,,,48,0.0005,CELL,CELL,0,0.0,,,,,,0,cell_membership,89565ca0,,rot270
,,,,,,48,0.0005,CELL,CELL,0,0.0,,,,,,0,cell_membership,89565ca0,,flip_lr
,,,,,,48,0.0005,CELL,CELL,0,0.0,,,,,,0,cell_membership,89565ca0,,flip_ud
,,,,,,48,0.0005,CELL,CELL,0,0.0,,,,,,0,cell_membership,89565ca0,,transpose
,,,,,,48,0.0005,CELL,CELL,0,0.0,,,,,,0,cell_membership,89565ca0,,anti_transpose
,,,,,,72,0.0005,CELL,CELL,0,0.0,,,,,,0,cell_membership,89565ca0,,identity
,,,,,,72,0.0005,CELL,CELL,0,0.0,,,,,,0,cell_membership,89565ca0,,rot90
,,,,,,72,0.0005,CELL,CELL,0,0.0,,,,,,0,cell_membership,89565ca0,,rot180
,,,,,,72,0.0005,CELL,CELL,1,0.3333333333333333,,,,,,0,cell_membership,89565ca0,,rot270
,,,,,,72,0.0005,CELL,CELL,0,0.0,,,,,,0,cell_membership,89565ca0,,flip_lr
,,,,,,72,0.0005,CELL,CELL,1,0.3333333333333333,,,,,,0,cell_membership,89565ca0,,flip_ud
,,,,,,72,0.0005,CELL,CELL,1,0.3333333333333333,,,,,,0,cell_membership,89565ca0,,transpose
,,,,,,72,0.0005,CELL,CELL,0,0.0,,,,,,0,cell_membership,89565ca0,,anti_transpose
1,1,,,,,,0.001,0,1,,,0,0.0,,,,0,pair,89565ca0,2,
1,5,,,,,,0.001,0,2,,,0,0.0,,,,0,pair,89565ca0,6,
1,5,,,,,,0.001,1,2,,,0,0.0,,,,0,pair,89565ca0,6,
,,"[1, 1, 5]",0,0,0,,0.001,ALL,ALL,,,0,,0.0,0.0,1,0,summary,89565ca0,7,
,,,,,,0,0.001,CELL,CELL,0,0.0,,,,,,0,cell_membership,89565ca0,,identity
,,,,,,0,0.001,CELL,CELL,0,0.0,,,,,,0,cell_membership,89565ca0,,rot90
,,,,,,0,0.001,CELL,CELL,1,0.3333333333333333,,,,,,0,cell_membership,89565ca0,,rot180
,,,,,,0,0.001,CELL,CELL,0,0.0,,,,,,0,cell_membership,89565ca0,,rot270
,,,,,,0,0.001,CELL,CELL,0,0.0,,,,,,0,cell_membership,89565ca0,,flip_lr
,,,,,,0,0.001,CELL,CELL,0,0.0,,,,,,0,cell_membership,89565ca0,,flip_ud
,,,,,,0,0.001,CELL,CELL,0,0.0,,,,,,0,cell_membership,89565ca0,,transpose
,,,,,,0,0.001,CELL,CELL,0,0.0,,,,,,0,cell_membership,89565ca0,,anti_transpose
,,,,,,12,0.001,CELL,CELL,0,0.0,,,,,,0,cell_membership,89565ca0,,identity
,,,,,,12,0.001,CELL,CELL,0,0.0,,,,,,0,cell_membership,89565ca0,,rot90
,,,,,,12,0.001,CELL,CELL,0,0.0,,,,,,0,cell_membership,89565ca0,,rot180
,,,,,,12,0.001,CELL,CELL,1,0.3333333333333333,,,,,,0,cell_membership,89565ca0,,rot270
,,,,,,12,0.001,CELL,CELL,0,0.0,,,,,,0,cell_membership,89565ca0,,flip_lr
,,,,,,12,0.001,CELL,CELL,0,0.0,,,,,,0,cell_membership,89565ca0,,flip_ud
,,,,,,12,0.001,CELL,CELL,0,0.0,,,,,,0,cell_membership,89565ca0,,transpose
,,,,,,12,0.001,CELL,CELL,0,0.0,,,,,,0,cell_membership,89565ca0,,anti_transpose
,,,,,,24,0.001,CELL,CELL,0,0.0,,,,,,0,cell_membership,89565ca0,,identity
,,,,,,24,0.001,CELL,CELL,0,0.0,,,,,,0,cell_membership,89565ca0,,rot90
,,,,,,24,0.001,CELL,CELL,0,0.0,,,,,,0,cell_membership,89565ca0,,rot180
,,,,,,24,0.001,CELL,CELL,0,0.0,,,,,,0,cell_membership,89565ca0,,rot270
,,,,,,24,0.001,CELL,CELL,0,0.0,,,,,,0,cell_membership,89565ca0,,flip_lr
,,,,,,24,0.001,CELL,CELL,0,0.0,,,,,,0,cell_membership,89565ca0,,flip_ud
,,,,,,24,0.001,CELL,CELL,0,0.0,,,,,,0,cell_membership,89565ca0,,transpose
,,,,,,24,0.001,CELL,CELL,0,0.0,,,,,,0,cell_membership,89565ca0,,anti_transpose
,,,,,,48,0.001,CELL,CELL,0,0.0,,,,,,0,cell_membership,89565ca0,,identity
,,,,,,48,0.001,CELL,CELL,0,0.0,,,,,,0,cell_membership,89565ca0,,rot90
,,,,,,48,0.001,CELL,CELL,0,0.0,,,,,,0,cell_membership,89565ca0,,rot180
,,,,,,48,0.001,CELL,CELL,0,0.0,,,,,,0,cell_membership,89565ca0,,rot270
,,,,,,48,0.001,CELL,CELL,0,0.0,,,,,,0,cell_membership,89565ca0,,flip_lr
,,,,,,48,0.001,CELL,CELL,1,0.3333333333333333,,,,,,0,cell_membership,89565ca0,,flip_ud
,,,,,,48,0.001,CELL,CELL,0,0.0,,,,,,0,cell_membership,89565ca0,,transpose
,,,,,,48,0.001,CELL,CELL,0,0.0,,,,,,0,cell_membership,89565ca0,,anti_transpose
,,,,,,72,0.001,CELL,CELL,0,0.0,,,,,,0,cell_membership,89565ca0,,identity
,,,,,,72,0.001,CELL,CELL,0,0.0,,,,,,0,cell_membership,89565ca0,,rot90
,,,,,,72,0.001,CELL,CELL,1,0.3333333333333333,,,,,,0,cell_membership,89565ca0,,rot180
,,,,,,72,0.001,CELL,CELL,1,0.3333333333333333,,,,,,0,cell_membership,89565ca0,,rot270
,,,,,,72,0.001,CELL,CELL,0,0.0,,,,,,0,cell_membership,89565ca0,,flip_lr
,,,,,,72,0.001,CELL,CELL,1,0.3333333333333333,,,,,,0,cell_membership,89565ca0,,flip_ud
,,,,,,72,0.001,CELL,CELL,1,0.3333333333333333,,,,,,0,cell_membership,89565ca0,,transpose
,,,,,,72,0.001,CELL,CELL,0,0.0,,,,,,0,cell_membership,89565ca0,,anti_transpose
1,1,,,,,,0.002,0,1,,,0,0.0,,,,0,pair,89565ca0,2,
1,5,,,,,,0.002,0,2,,,0,0.0,,,,0,pair,89565ca0,6,
1,5,,,,,,0.002,1,2,,,0,0.0,,,,0,pair,89565ca0,6,
,,"[1, 1, 5]",0,0,0,,0.002,ALL,ALL,,,0,,0.0,0.0,1,0,summary,89565ca0,7,
,,,,,,0,0.002,CELL,CELL,0,0.0,,,,,,0,cell_membership,89565ca0,,identity
,,,,,,0,0.002,CELL,CELL,0,0.0,,,,,,0,cell_membership,89565ca0,,rot90
,,,,,,0,0.002,CELL,CELL,1,0.3333333333333333,,,,,,0,cell_membership,89565ca0,,rot180
,,,,,,0,0.002,CELL,CELL,0,0.0,,,,,,0,cell_membership,89565ca0,,rot270
,,,,,,0,0.002,CELL,CELL,0,0.0,,,,,,0,cell_membership,89565ca0,,flip_lr
,,,,,,0,0.002,CELL,CELL,0,0.0,,,,,,0,cell_membership,89565ca0,,flip_ud
,,,,,,0,0.002,CELL,CELL,0,0.0,,,,,,0,cell_membership,89565ca0,,transpose
,,,,,,0,0.002,CELL,CELL,0,0.0,,,,,,0,cell_membership,89565ca0,,anti_transpose
,,,,,,12,0.002,CELL,CELL,0,0.0,,,,,,0,cell_membership,89565ca0,,identity
,,,,,,12,0.002,CELL,CELL,0,0.0,,,,,,0,cell_membership,89565ca0,,rot90
,,,,,,12,0.002,CELL,CELL,0,0.0,,,,,,0,cell_membership,89565ca0,,rot180
,,,,,,12,0.002,CELL,CELL,1,0.3333333333333333,,,,,,0,cell_membership,89565ca0,,rot270
,,,,,,12,0.002,CELL,CELL,0,0.0,,,,,,0,cell_membership,89565ca0,,flip_lr
,,,,,,12,0.002,CELL,CELL,0,0.0,,,,,,0,cell_membership,89565ca0,,flip_ud
,,,,,,12,0.002,CELL,CELL,0,0.0,,,,,,0,cell_membership,89565ca0,,transpose
,,,,,,12,0.002,CELL,CELL,0,0.0,,,,,,0,cell_membership,89565ca0,,anti_transpose
,,,,,,24,0.002,CELL,CELL,0,0.0,,,,,,0,cell_membership,89565ca0,,identity
,,,,,,24,0.002,CELL,CELL,0,0.0,,,,,,0,cell_membership,89565ca0,,rot90
,,,,,,24,0.002,CELL,CELL,0,0.0,,,,,,0,cell_membership,89565ca0,,rot180
,,,,,,24,0.002,CELL,CELL,0,0.0,,,,,,0,cell_membership,89565ca0,,rot270
,,,,,,24,0.002,CELL,CELL,0,0.0,,,,,,0,cell_membership,89565ca0,,flip_lr
,,,,,,24,0.002,CELL,CELL,0,0.0,,,,,,0,cell_membership,89565ca0,,flip_ud
,,,,,,24,0.002,CELL,CELL,0,0.0,,,,,,0,cell_membership,89565ca0,,transpose
,,,,,,24,0.002,CELL,CELL,0,0.0,,,,,,0,cell_membership,89565ca0,,anti_transpose
,,,,,,48,0.002,CELL,CELL,0,0.0,,,,,,0,cell_membership,89565ca0,,identity
,,,,,,48,0.002,CELL,CELL,0,0.0,,,,,,0,cell_membership,89565ca0,,rot90
,,,,,,48,0.002,CELL,CELL,0,0.0,,,,,,0,cell_membership,89565ca0,,rot180
,,,,,,48,0.002,CELL,CELL,0,0.0,,,,,,0,cell_membership,89565ca0,,rot270
,,,,,,48,0.002,CELL,CELL,0,0.0,,,,,,0,cell_membership,89565ca0,,flip_lr
,,,,,,48,0.002,CELL,CELL,1,0.3333333333333333,,,,,,0,cell_membership,89565ca0,,flip_ud
,,,,,,48,0.002,CELL,CELL,0,0.0,,,,,,0,cell_membership,89565ca0,,transpose
,,,,,,48,0.002,CELL,CELL,0,0.0,,,,,,0,cell_membership,89565ca0,,anti_transpose
,,,,,,72,0.002,CELL,CELL,0,0.0,,,,,,0,cell_membership,89565ca0,,identity
,,,,,,72,0.002,CELL,CELL,0,0.0,,,,,,0,cell_membership,89565ca0,,rot90
,,,,,,72,0.002,CELL,CELL,1,0.3333333333333333,,,,,,0,cell_membership,89565ca0,,rot180
,,,,,,72,0.002,CELL,CELL,1,0.3333333333333333,,,,,,0,cell_membership,89565ca0,,rot270
,,,,,,72,0.002,CELL,CELL,0,0.0,,,,,,0,cell_membership,89565ca0,,flip_lr
,,,,,,72,0.002,CELL,CELL,1,0.3333333333333333,,,,,,0,cell_membership,89565ca0,,flip_ud
,,,,,,72,0.002,CELL,CELL,1,0.3333333333333333,,,,,,0,cell_membership,89565ca0,,transpose
,,,,,,72,0.002,CELL,CELL,0,0.0,,,,,,0,cell_membership,89565ca0,,anti_transpose
1,1,,,,,,0.005,0,1,,,0,0.0,,,,0,pair,89565ca0,2,
1,11,,,,,,0.005,0,2,,,0,0.0,,,,0,pair,89565ca0,12,
1,11,,,,,,0.005,1,2,,,0,0.0,,,,0,pair,89565ca0,12,
,,"[1, 1, 11]",0,0,0,,0.005,ALL,ALL,,,0,,0.0,0.0,1,0,summary,89565ca0,13,
,,,,,,0,0.005,CELL,CELL,0,0.0,,,,,,0,cell_membership,89565ca0,,identity
,,,,,,0,0.005,CELL,CELL,0,0.0,,,,,,0,cell_membership,89565ca0,,rot90
,,,,,,0,0.005,CELL,CELL,1,0.3333333333333333,,,,,,0,cell_membership,89565ca0,,rot180
,,,,,,0,0.005,CELL,CELL,0,0.0,,,,,,0,cell_membership,89565ca0,,rot270
,,,,,,0,0.005,CELL,CELL,0,0.0,,,,,,0,cell_membership,89565ca0,,flip_lr
,,,,,,0,0.005,CELL,CELL,0,0.0,,,,,,0,cell_membership,89565ca0,,flip_ud
,,,,,,0,0.005,CELL,CELL,0,0.0,,,,,,0,cell_membership,89565ca0,,transpose
,,,,,,0,0.005,CELL,CELL,0,0.0,,,,,,0,cell_membership,89565ca0,,anti_transpose
,,,,,,12,0.005,CELL,CELL,0,0.0,,,,,,0,cell_membership,89565ca0,,identity
,,,,,,12,0.005,CELL,CELL,0,0.0,,,,,,0,cell_membership,89565ca0,,rot90
,,,,,,12,0.005,CELL,CELL,0,0.0,,,,,,0,cell_membership,89565ca0,,rot180
,,,,,,12,0.005,CELL,CELL,1,0.3333333333333333,,,,,,0,cell_membership,89565ca0,,rot270
,,,,,,12,0.005,CELL,CELL,0,0.0,,,,,,0,cell_membership,89565ca0,,flip_lr
,,,,,,12,0.005,CELL,CELL,0,0.0,,,,,,0,cell_membership,89565ca0,,flip_ud
,,,,,,12,0.005,CELL,CELL,0,0.0,,,,,,0,cell_membership,89565ca0,,transpose
,,,,,,12,0.005,CELL,CELL,0,0.0,,,,,,0,cell_membership,89565ca0,,anti_transpose
,,,,,,24,0.005,CELL,CELL,0,0.0,,,,,,0,cell_membership,89565ca0,,identity
,,,,,,24,0.005,CELL,CELL,0,0.0,,,,,,0,cell_membership,89565ca0,,rot90
,,,,,,24,0.005,CELL,CELL,0,0.0,,,,,,0,cell_membership,89565ca0,,rot180
,,,,,,24,0.005,CELL,CELL,1,0.3333333333333333,,,,,,0,cell_membership,89565ca0,,rot270
,,,,,,24,0.005,CELL,CELL,0,0.0,,,,,,0,cell_membership,89565ca0,,flip_lr
,,,,,,24,0.005,CELL,CELL,0,0.0,,,,,,0,cell_membership,89565ca0,,flip_ud
,,,,,,24,0.005,CELL,CELL,0,0.0,,,,,,0,cell_membership,89565ca0,,transpose
,,,,,,24,0.005,CELL,CELL,0,0.0,,,,,,0,cell_membership,89565ca0,,anti_transpose
,,,,,,48,0.005,CELL,CELL,0,0.0,,,,,,0,cell_membership,89565ca0,,identity
,,,,,,48,0.005,CELL,CELL,1,0.3333333333333333,,,,,,0,cell_membership,89565ca0,,rot90
,,,,,,48,0.005,CELL,CELL,0,0.0,,,,,,0,cell_membership,89565ca0,,rot180
,,,,,,48,0.005,CELL,CELL,1,0.3333333333333333,,,,,,0,cell_membership,89565ca0,,rot270
,,,,,,48,0.005,CELL,CELL,0,0.0,,,,,,0,cell_membership,89565ca0,,flip_lr
,,,,,,48,0.005,CELL,CELL,1,0.3333333333333333,,,,,,0,cell_membership,89565ca0,,flip_ud
,,,,,,48,0.005,CELL,CELL,1,0.3333333333333333,,,,,,0,cell_membership,89565ca0,,transpose
,,,,,,48,0.005,CELL,CELL,0,0.0,,,,,,0,cell_membership,89565ca0,,anti_transpose
,,,,,,72,0.005,CELL,CELL,0,0.0,,,,,,0,cell_membership,89565ca0,,identity
,,,,,,72,0.005,CELL,CELL,0,0.0,,,,,,0,cell_membership,89565ca0,,rot90
,,,,,,72,0.005,CELL,CELL,1,0.3333333333333333,,,,,,0,cell_membership,89565ca0,,rot180
,,,,,,72,0.005,CELL,CELL,1,0.3333333333333333,,,,,,0,cell_membership,89565ca0,,rot270
,,,,,,72,0.005,CELL,CELL,1,0.3333333333333333,,,,,,0,cell_membership,89565ca0,,flip_lr
,,,,,,72,0.005,CELL,CELL,1,0.3333333333333333,,,,,,0,cell_membership,89565ca0,,flip_ud
,,,,,,72,0.005,CELL,CELL,1,0.3333333333333333,,,,,,0,cell_membership,89565ca0,,transpose
,,,,,,72,0.005,CELL,CELL,1,0.3333333333333333,,,,,,0,cell_membership,89565ca0,,anti_transpose
1,1,,,,,,0.01,0,1,,,0,0.0,,,,0,pair,89565ca0,2,
1,14,,,,,,0.01,0,2,,,0,0.0,,,,0,pair,89565ca0,15,
1,14,,,,,,0.01,1,2,,,0,0.0,,,,0,pair,89565ca0,15,
,,"[1, 1, 14]",0,0,0,,0.01,ALL,ALL,,,0,,0.0,0.0,1,0,summary,89565ca0,16,
,,,,,,0,0.01,CELL,CELL,0,0.0,,,,,,0,cell_membership,89565ca0,,identity
,,,,,,0,0.01,CELL,CELL,0,0.0,,,,,,0,cell_membership,89565ca0,,rot90
,,,,,,0,0.01,CELL,CELL,1,0.3333333333333333,,,,,,0,cell_membership,89565ca0,,rot180
,,,,,,0,0.01,CELL,CELL,0,0.0,,,,,,0,cell_membership,89565ca0,,rot270
,,,,,,0,0.01,CELL,CELL,0,0.0,,,,,,0,cell_membership,89565ca0,,flip_lr
,,,,,,0,0.01,CELL,CELL,0,0.0,,,,,,0,cell_membership,89565ca0,,flip_ud
,,,,,,0,0.01,CELL,CELL,0,0.0,,,,,,0,cell_membership,89565ca0,,transpose
,,,,,,0,0.01,CELL,CELL,0,0.0,,,,,,0,cell_membership,89565ca0,,anti_transpose
,,,,,,12,0.01,CELL,CELL,0,0.0,,,,,,0,cell_membership,89565ca0,,identity
,,,,,,12,0.01,CELL,CELL,0,0.0,,,,,,0,cell_membership,89565ca0,,rot90
,,,,,,12,0.01,CELL,CELL,0,0.0,,,,,,0,cell_membership,89565ca0,,rot180
,,,,,,12,0.01,CELL,CELL,1,0.3333333333333333,,,,,,0,cell_membership,89565ca0,,rot270
,,,,,,12,0.01,CELL,CELL,0,0.0,,,,,,0,cell_membership,89565ca0,,flip_lr
,,,,,,12,0.01,CELL,CELL,0,0.0,,,,,,0,cell_membership,89565ca0,,flip_ud
,,,,,,12,0.01,CELL,CELL,0,0.0,,,,,,0,cell_membership,89565ca0,,transpose
,,,,,,12,0.01,CELL,CELL,0,0.0,,,,,,0,cell_membership,89565ca0,,anti_transpose
,,,,,,24,0.01,CELL,CELL,0,0.0,,,,,,0,cell_membership,89565ca0,,identity
,,,,,,24,0.01,CELL,CELL,0,0.0,,,,,,0,cell_membership,89565ca0,,rot90
,,,,,,24,0.01,CELL,CELL,0,0.0,,,,,,0,cell_membership,89565ca0,,rot180
,,,,,,24,0.01,CELL,CELL,1,0.3333333333333333,,,,,,0,cell_membership,89565ca0,,rot270
,,,,,,24,0.01,CELL,CELL,0,0.0,,,,,,0,cell_membership,89565ca0,,flip_lr
,,,,,,24,0.01,CELL,CELL,0,0.0,,,,,,0,cell_membership,89565ca0,,flip_ud
,,,,,,24,0.01,CELL,CELL,0,0.0,,,,,,0,cell_membership,89565ca0,,transpose
,,,,,,24,0.01,CELL,CELL,0,0.0,,,,,,0,cell_membership,89565ca0,,anti_transpose
,,,,,,48,0.01,CELL,CELL,0,0.0,,,,,,0,cell_membership,89565ca0,,identity
,,,,,,48,0.01,CELL,CELL,1,0.3333333333333333,,,,,,0,cell_membership,89565ca0,,rot90
,,,,,,48,0.01,CELL,CELL,1,0.3333333333333333,,,,,,0,cell_membership,89565ca0,,rot180
,,,,,,48,0.01,CELL,CELL,1,0.3333333333333333,,,,,,0,cell_membership,89565ca0,,rot270
,,,,,,48,0.01,CELL,CELL,0,0.0,,,,,,0,cell_membership,89565ca0,,flip_lr
,,,,,,48,0.01,CELL,CELL,1,0.3333333333333333,,,,,,0,cell_membership,89565ca0,,flip_ud
,,,,,,48,0.01,CELL,CELL,1,0.3333333333333333,,,,,,0,cell_membership,89565ca0,,transpose
,,,,,,48,0.01,CELL,CELL,1,0.3333333333333333,,,,,,0,cell_membership,89565ca0,,anti_transpose
,,,,,,72,0.01,CELL,CELL,0,0.0,,,,,,0,cell_membership,89565ca0,,identity
,,,,,,72,0.01,CELL,CELL,1,0.3333333333333333,,,,,,0,cell_membership,89565ca0,,rot90
,,,,,,72,0.01,CELL,CELL,1,0.3333333333333333,,,,,,0,cell_membership,89565ca0,,rot180
,,,,,,72,0.01,CELL,CELL,1,0.3333333333333333,,,,,,0,cell_membership,89565ca0,,rot270
,,,,,,72,0.01,CELL,CELL,1,0.3333333333333333,,,,,,0,cell_membership,89565ca0,,flip_lr
,,,,,,72,0.01,CELL,CELL,1,0.3333333333333333,,,,,,0,cell_membership,89565ca0,,flip_ud
,,,,,,72,0.01,CELL,CELL,1,0.3333333333333333,,,,,,0,cell_membership,89565ca0,,transpose
,,,,,,72,0.01,CELL,CELL,1,0.3333333333333333,,,,,,0,cell_membership,89565ca0,,anti_transpose
1,1,,,,,,0.0001,0,1,,,0,0.0,,,,0,pair,a47bf94d,2,
1,1,,,,,,0.0001,0,2,,,0,0.0,,,,0,pair,a47bf94d,2,
1,1,,,,,,0.0001,1,2,,,0,0.0,,,,0,pair,a47bf94d,2,
,,"[1, 1, 1]",0,0,0,,0.0001,ALL,ALL,,,0,,0.0,0.0,1,0,summary,a47bf94d,3,
,,,,,,0,0.0001,CELL,CELL,0,0.0,,,,,,0,cell_membership,a47bf94d,,identity
,,,,,,0,0.0001,CELL,CELL,0,0.0,,,,,,0,cell_membership,a47bf94d,,rot90
,,,,,,0,0.0001,CELL,CELL,0,0.0,,,,,,0,cell_membership,a47bf94d,,rot180
,,,,,,0,0.0001,CELL,CELL,0,0.0,,,,,,0,cell_membership,a47bf94d,,rot270
,,,,,,0,0.0001,CELL,CELL,0,0.0,,,,,,0,cell_membership,a47bf94d,,flip_lr
,,,,,,0,0.0001,CELL,CELL,0,0.0,,,,,,0,cell_membership,a47bf94d,,flip_ud
,,,,,,0,0.0001,CELL,CELL,0,0.0,,,,,,0,cell_membership,a47bf94d,,transpose
,,,,,,0,0.0001,CELL,CELL,0,0.0,,,,,,0,cell_membership,a47bf94d,,anti_transpose
,,,,,,12,0.0001,CELL,CELL,0,0.0,,,,,,0,cell_membership,a47bf94d,,identity
,,,,,,12,0.0001,CELL,CELL,0,0.0,,,,,,0,cell_membership,a47bf94d,,rot90
,,,,,,12,0.0001,CELL,CELL,0,0.0,,,,,,0,cell_membership,a47bf94d,,rot180
,,,,,,12,0.0001,CELL,CELL,0,0.0,,,,,,0,cell_membership,a47bf94d,,rot270
,,,,,,12,0.0001,CELL,CELL,1,0.3333333333333333,,,,,,0,cell_membership,a47bf94d,,flip_lr
,,,,,,12,0.0001,CELL,CELL,0,0.0,,,,,,0,cell_membership,a47bf94d,,flip_ud
,,,,,,12,0.0001,CELL,CELL,1,0.3333333333333333,,,,,,0,cell_membership,a47bf94d,,transpose
,,,,,,12,0.0001,CELL,CELL,0,0.0,,,,,,0,cell_membership,a47bf94d,,anti_transpose
,,,,,,24,0.0001,CELL,CELL,0,0.0,,,,,,0,cell_membership,a47bf94d,,identity
,,,,,,24,0.0001,CELL,CELL,0,0.0,,,,,,0,cell_membership,a47bf94d,,rot90
,,,,,,24,0.0001,CELL,CELL,0,0.0,,,,,,0,cell_membership,a47bf94d,,rot180
,,,,,,24,0.0001,CELL,CELL,0,0.0,,,,,,0,cell_membership,a47bf94d,,rot270
,,,,,,24,0.0001,CELL,CELL,0,0.0,,,,,,0,cell_membership,a47bf94d,,flip_lr
,,,,,,24,0.0001,CELL,CELL,0,0.0,,,,,,0,cell_membership,a47bf94d,,flip_ud
,,,,,,24,0.0001,CELL,CELL,0,0.0,,,,,,0,cell_membership,a47bf94d,,transpose
,,,,,,24,0.0001,CELL,CELL,0,0.0,,,,,,0,cell_membership,a47bf94d,,anti_transpose
,,,,,,48,0.0001,CELL,CELL,0,0.0,,,,,,0,cell_membership,a47bf94d,,identity
,,,,,,48,0.0001,CELL,CELL,0,0.0,,,,,,0,cell_membership,a47bf94d,,rot90
,,,,,,48,0.0001,CELL,CELL,0,0.0,,,,,,0,cell_membership,a47bf94d,,rot180
,,,,,,48,0.0001,CELL,CELL,0,0.0,,,,,,0,cell_membership,a47bf94d,,rot270
,,,,,,48,0.0001,CELL,CELL,0,0.0,,,,,,0,cell_membership,a47bf94d,,flip_lr
,,,,,,48,0.0001,CELL,CELL,0,0.0,,,,,,0,cell_membership,a47bf94d,,flip_ud
,,,,,,48,0.0001,CELL,CELL,0,0.0,,,,,,0,cell_membership,a47bf94d,,transpose
,,,,,,48,0.0001,CELL,CELL,0,0.0,,,,,,0,cell_membership,a47bf94d,,anti_transpose
,,,,,,72,0.0001,CELL,CELL,0,0.0,,,,,,0,cell_membership,a47bf94d,,identity
,,,,,,72,0.0001,CELL,CELL,0,0.0,,,,,,0,cell_membership,a47bf94d,,rot90
,,,,,,72,0.0001,CELL,CELL,0,0.0,,,,,,0,cell_membership,a47bf94d,,rot180
,,,,,,72,0.0001,CELL,CELL,0,0.0,,,,,,0,cell_membership,a47bf94d,,rot270
,,,,,,72,0.0001,CELL,CELL,0,0.0,,,,,,0,cell_membership,a47bf94d,,flip_lr
,,,,,,72,0.0001,CELL,CELL,0,0.0,,,,,,0,cell_membership,a47bf94d,,flip_ud
,,,,,,72,0.0001,CELL,CELL,1,0.3333333333333333,,,,,,0,cell_membership,a47bf94d,,transpose
,,,,,,72,0.0001,CELL,CELL,0,0.0,,,,,,0,cell_membership,a47bf94d,,anti_transpose
1,1,,,,,,0.0005,0,1,,,0,0.0,,,,0,pair,a47bf94d,2,
1,1,,,,,,0.0005,0,2,,,0,0.0,,,,0,pair,a47bf94d,2,
1,1,,,,,,0.0005,1,2,,,0,0.0,,,,0,pair,a47bf94d,2,
,,"[1, 1, 1]",0,0,0,,0.0005,ALL,ALL,,,0,,0.0,0.0,1,0,summary,a47bf94d,3,
,,,,,,0,0.0005,CELL,CELL,0,0.0,,,,,,0,cell_membership,a47bf94d,,identity
,,,,,,0,0.0005,CELL,CELL,0,0.0,,,,,,0,cell_membership,a47bf94d,,rot90
,,,,,,0,0.0005,CELL,CELL,0,0.0,,,,,,0,cell_membership,a47bf94d,,rot180
,,,,,,0,0.0005,CELL,CELL,0,0.0,,,,,,0,cell_membership,a47bf94d,,rot270
,,,,,,0,0.0005,CELL,CELL,0,0.0,,,,,,0,cell_membership,a47bf94d,,flip_lr
,,,,,,0,0.0005,CELL,CELL,0,0.0,,,,,,0,cell_membership,a47bf94d,,flip_ud
,,,,,,0,0.0005,CELL,CELL,0,0.0,,,,,,0,cell_membership,a47bf94d,,transpose
,,,,,,0,0.0005,CELL,CELL,0,0.0,,,,,,0,cell_membership,a47bf94d,,anti_transpose
,,,,,,12,0.0005,CELL,CELL,0,0.0,,,,,,0,cell_membership,a47bf94d,,identity
,,,,,,12,0.0005,CELL,CELL,0,0.0,,,,,,0,cell_membership,a47bf94d,,rot90
,,,,,,12,0.0005,CELL,CELL,0,0.0,,,,,,0,cell_membership,a47bf94d,,rot180
,,,,,,12,0.0005,CELL,CELL,0,0.0,,,,,,0,cell_membership,a47bf94d,,rot270
,,,,,,12,0.0005,CELL,CELL,1,0.3333333333333333,,,,,,0,cell_membership,a47bf94d,,flip_lr
,,,,,,12,0.0005,CELL,CELL,0,0.0,,,,,,0,cell_membership,a47bf94d,,flip_ud
,,,,,,12,0.0005,CELL,CELL,1,0.3333333333333333,,,,,,0,cell_membership,a47bf94d,,transpose
,,,,,,12,0.0005,CELL,CELL,0,0.0,,,,,,0,cell_membership,a47bf94d,,anti_transpose
,,,,,,24,0.0005,CELL,CELL,0,0.0,,,,,,0,cell_membership,a47bf94d,,identity
,,,,,,24,0.0005,CELL,CELL,0,0.0,,,,,,0,cell_membership,a47bf94d,,rot90
,,,,,,24,0.0005,CELL,CELL,0,0.0,,,,,,0,cell_membership,a47bf94d,,rot180
,,,,,,24,0.0005,CELL,CELL,0,0.0,,,,,,0,cell_membership,a47bf94d,,rot270
,,,,,,24,0.0005,CELL,CELL,0,0.0,,,,,,0,cell_membership,a47bf94d,,flip_lr
,,,,,,24,0.0005,CELL,CELL,0,0.0,,,,,,0,cell_membership,a47bf94d,,flip_ud
,,,,,,24,0.0005,CELL,CELL,0,0.0,,,,,,0,cell_membership,a47bf94d,,transpose
,,,,,,24,0.0005,CELL,CELL,0,0.0,,,,,,0,cell_membership,a47bf94d,,anti_transpose
,,,,,,48,0.0005,CELL,CELL,0,0.0,,,,,,0,cell_membership,a47bf94d,,identity
,,,,,,48,0.0005,CELL,CELL,0,0.0,,,,,,0,cell_membership,a47bf94d,,rot90
,,,,,,48,0.0005,CELL,CELL,0,0.0,,,,,,0,cell_membership,a47bf94d,,rot180
,,,,,,48,0.0005,CELL,CELL,0,0.0,,,,,,0,cell_membership,a47bf94d,,rot270
,,,,,,48,0.0005,CELL,CELL,0,0.0,,,,,,0,cell_membership,a47bf94d,,flip_lr
,,,,,,48,0.0005,CELL,CELL,0,0.0,,,,,,0,cell_membership,a47bf94d,,flip_ud
,,,,,,48,0.0005,CELL,CELL,0,0.0,,,,,,0,cell_membership,a47bf94d,,transpose
,,,,,,48,0.0005,CELL,CELL,0,0.0,,,,,,0,cell_membership,a47bf94d,,anti_transpose
,,,,,,72,0.0005,CELL,CELL,0,0.0,,,,,,0,cell_membership,a47bf94d,,identity
,,,,,,72,0.0005,CELL,CELL,0,0.0,,,,,,0,cell_membership,a47bf94d,,rot90
,,,,,,72,0.0005,CELL,CELL,0,0.0,,,,,,0,cell_membership,a47bf94d,,rot180
,,,,,,72,0.0005,CELL,CELL,0,0.0,,,,,,0,cell_membership,a47bf94d,,rot270
,,,,,,72,0.0005,CELL,CELL,0,0.0,,,,,,0,cell_membership,a47bf94d,,flip_lr
,,,,,,72,0.0005,CELL,CELL,0,0.0,,,,,,0,cell_membership,a47bf94d,,flip_ud
,,,,,,72,0.0005,CELL,CELL,1,0.3333333333333333,,,,,,0,cell_membership,a47bf94d,,transpose
,,,,,,72,0.0005,CELL,CELL,0,0.0,,,,,,0,cell_membership,a47bf94d,,anti_transpose
1,3,,,,,,0.001,0,1,,,0,0.0,,,,0,pair,a47bf94d,4,
1,1,,,,,,0.001,0,2,,,0,0.0,,,,0,pair,a47bf94d,2,
3,1,,,,,,0.001,1,2,,,0,0.0,,,,0,pair,a47bf94d,4,
,,"[1, 3, 1]",0,0,0,,0.001,ALL,ALL,,,0,,0.0,0.0,1,0,summary,a47bf94d,5,
,,,,,,0,0.001,CELL,CELL,1,0.3333333333333333,,,,,,0,cell_membership,a47bf94d,,identity
,,,,,,0,0.001,CELL,CELL,1,0.3333333333333333,,,,,,0,cell_membership,a47bf94d,,rot90
,,,,,,0,0.001,CELL,CELL,0,0.0,,,,,,0,cell_membership,a47bf94d,,rot180
,,,,,,0,0.001,CELL,CELL,0,0.0,,,,,,0,cell_membership,a47bf94d,,rot270
,,,,,,0,0.001,CELL,CELL,0,0.0,,,,,,0,cell_membership,a47bf94d,,flip_lr
,,,,,,0,0.001,CELL,CELL,0,0.0,,,,,,0,cell_membership,a47bf94d,,flip_ud
,,,,,,0,0.001,CELL,CELL,0,0.0,,,,,,0,cell_membership,a47bf94d,,transpose
,,,,,,0,0.001,CELL,CELL,0,0.0,,,,,,0,cell_membership,a47bf94d,,anti_transpose
,,,,,,12,0.001,CELL,CELL,0,0.0,,,,,,0,cell_membership,a47bf94d,,identity
,,,,,,12,0.001,CELL,CELL,0,0.0,,,,,,0,cell_membership,a47bf94d,,rot90
,,,,,,12,0.001,CELL,CELL,0,0.0,,,,,,0,cell_membership,a47bf94d,,rot180
,,,,,,12,0.001,CELL,CELL,0,0.0,,,,,,0,cell_membership,a47bf94d,,rot270
,,,,,,12,0.001,CELL,CELL,1,0.3333333333333333,,,,,,0,cell_membership,a47bf94d,,flip_lr
,,,,,,12,0.001,CELL,CELL,0,0.0,,,,,,0,cell_membership,a47bf94d,,flip_ud
,,,,,,12,0.001,CELL,CELL,1,0.3333333333333333,,,,,,0,cell_membership,a47bf94d,,transpose
,,,,,,12,0.001,CELL,CELL,0,0.0,,,,,,0,cell_membership,a47bf94d,,anti_transpose
,,,,,,24,0.001,CELL,CELL,0,0.0,,,,,,0,cell_membership,a47bf94d,,identity
,,,,,,24,0.001,CELL,CELL,0,0.0,,,,,,0,cell_membership,a47bf94d,,rot90
,,,,,,24,0.001,CELL,CELL,0,0.0,,,,,,0,cell_membership,a47bf94d,,rot180
,,,,,,24,0.001,CELL,CELL,0,0.0,,,,,,0,cell_membership,a47bf94d,,rot270
,,,,,,24,0.001,CELL,CELL,0,0.0,,,,,,0,cell_membership,a47bf94d,,flip_lr
,,,,,,24,0.001,CELL,CELL,0,0.0,,,,,,0,cell_membership,a47bf94d,,flip_ud
,,,,,,24,0.001,CELL,CELL,0,0.0,,,,,,0,cell_membership,a47bf94d,,transpose
,,,,,,24,0.001,CELL,CELL,0,0.0,,,,,,0,cell_membership,a47bf94d,,anti_transpose
,,,,,,48,0.001,CELL,CELL,0,0.0,,,,,,0,cell_membership,a47bf94d,,identity
,,,,,,48,0.001,CELL,CELL,0,0.0,,,,,,0,cell_membership,a47bf94d,,rot90
,,,,,,48,0.001,CELL,CELL,0,0.0,,,,,,0,cell_membership,a47bf94d,,rot180
,,,,,,48,0.001,CELL,CELL,0,0.0,,,,,,0,cell_membership,a47bf94d,,rot270
,,,,,,48,0.001,CELL,CELL,0,0.0,,,,,,0,cell_membership,a47bf94d,,flip_lr
,,,,,,48,0.001,CELL,CELL,0,0.0,,,,,,0,cell_membership,a47bf94d,,flip_ud
,,,,,,48,0.001,CELL,CELL,0,0.0,,,,,,0,cell_membership,a47bf94d,,transpose
,,,,,,48,0.001,CELL,CELL,0,0.0,,,,,,0,cell_membership,a47bf94d,,anti_transpose
,,,,,,72,0.001,CELL,CELL,0,0.0,,,,,,0,cell_membership,a47bf94d,,identity
,,,,,,72,0.001,CELL,CELL,0,0.0,,,,,,0,cell_membership,a47bf94d,,rot90
,,,,,,72,0.001,CELL,CELL,0,0.0,,,,,,0,cell_membership,a47bf94d,,rot180
,,,,,,72,0.001,CELL,CELL,0,0.0,,,,,,0,cell_membership,a47bf94d,,rot270
,,,,,,72,0.001,CELL,CELL,0,0.0,,,,,,0,cell_membership,a47bf94d,,flip_lr
,,,,,,72,0.001,CELL,CELL,0,0.0,,,,,,0,cell_membership,a47bf94d,,flip_ud
,,,,,,72,0.001,CELL,CELL,1,0.3333333333333333,,,,,,0,cell_membership,a47bf94d,,transpose
,,,,,,72,0.001,CELL,CELL,0,0.0,,,,,,0,cell_membership,a47bf94d,,anti_transpose
2,4,,,,,,0.002,0,1,,,0,0.0,,,,0,pair,a47bf94d,6,
2,2,,,,,,0.002,0,2,,,0,0.0,,,,0,pair,a47bf94d,4,
4,2,,,,,,0.002,1,2,,,0,0.0,,,,0,pair,a47bf94d,6,
,,"[2, 4, 2]",0,0,0,,0.002,ALL,ALL,,,0,,0.0,0.0,1,0,summary,a47bf94d,8,
,,,,,,0,0.002,CELL,CELL,1,0.3333333333333333,,,,,,0,cell_membership,a47bf94d,,identity
,,,,,,0,0.002,CELL,CELL,1,0.3333333333333333,,,,,,0,cell_membership,a47bf94d,,rot90
,,,,,,0,0.002,CELL,CELL,0,0.0,,,,,,0,cell_membership,a47bf94d,,rot180
,,,,,,0,0.002,CELL,CELL,0,0.0,,,,,,0,cell_membership,a47bf94d,,rot270
,,,,,,0,0.002,CELL,CELL,0,0.0,,,,,,0,cell_membership,a47bf94d,,flip_lr
,,,,,,0,0.002,CELL,CELL,0,0.0,,,,,,0,cell_membership,a47bf94d,,flip_ud
,,,,,,0,0.002,CELL,CELL,1,0.3333333333333333,,,,,,0,cell_membership,a47bf94d,,transpose
,,,,,,0,0.002,CELL,CELL,0,0.0,,,,,,0,cell_membership,a47bf94d,,anti_transpose
,,,,,,12,0.002,CELL,CELL,1,0.3333333333333333,,,,,,0,cell_membership,a47bf94d,,identity
,,,,,,12,0.002,CELL,CELL,0,0.0,,,,,,0,cell_membership,a47bf94d,,rot90
,,,,,,12,0.002,CELL,CELL,0,0.0,,,,,,0,cell_membership,a47bf94d,,rot180
,,,,,,12,0.002,CELL,CELL,0,0.0,,,,,,0,cell_membership,a47bf94d,,rot270
,,,,,,12,0.002,CELL,CELL,1,0.3333333333333333,,,,,,0,cell_membership,a47bf94d,,flip_lr
,,,,,,12,0.002,CELL,CELL,0,0.0,,,,,,0,cell_membership,a47bf94d,,flip_ud
,,,,,,12,0.002,CELL,CELL,1,0.3333333333333333,,,,,,0,cell_membership,a47bf94d,,transpose
,,,,,,12,0.002,CELL,CELL,0,0.0,,,,,,0,cell_membership,a47bf94d,,anti_transpose
,,,,,,24,0.002,CELL,CELL,0,0.0,,,,,,0,cell_membership,a47bf94d,,identity
,,,,,,24,0.002,CELL,CELL,0,0.0,,,,,,0,cell_membership,a47bf94d,,rot90
,,,,,,24,0.002,CELL,CELL,0,0.0,,,,,,0,cell_membership,a47bf94d,,rot180
,,,,,,24,0.002,CELL,CELL,0,0.0,,,,,,0,cell_membership,a47bf94d,,rot270
,,,,,,24,0.002,CELL,CELL,0,0.0,,,,,,0,cell_membership,a47bf94d,,flip_lr
,,,,,,24,0.002,CELL,CELL,0,0.0,,,,,,0,cell_membership,a47bf94d,,flip_ud
,,,,,,24,0.002,CELL,CELL,0,0.0,,,,,,0,cell_membership,a47bf94d,,transpose
,,,,,,24,0.002,CELL,CELL,0,0.0,,,,,,0,cell_membership,a47bf94d,,anti_transpose
,,,,,,48,0.002,CELL,CELL,0,0.0,,,,,,0,cell_membership,a47bf94d,,identity
,,,,,,48,0.002,CELL,CELL,0,0.0,,,,,,0,cell_membership,a47bf94d,,rot90
,,,,,,48,0.002,CELL,CELL,0,0.0,,,,,,0,cell_membership,a47bf94d,,rot180
,,,,,,48,0.002,CELL,CELL,0,0.0,,,,,,0,cell_membership,a47bf94d,,rot270
,,,,,,48,0.002,CELL,CELL,0,0.0,,,,,,0,cell_membership,a47bf94d,,flip_lr
,,,,,,48,0.002,CELL,CELL,0,0.0,,,,,,0,cell_membership,a47bf94d,,flip_ud
,,,,,,48,0.002,CELL,CELL,1,0.3333333333333333,,,,,,0,cell_membership,a47bf94d,,transpose
,,,,,,48,0.002,CELL,CELL,0,0.0,,,,,,0,cell_membership,a47bf94d,,anti_transpose
,,,,,,72,0.002,CELL,CELL,0,0.0,,,,,,0,cell_membership,a47bf94d,,identity
,,,,,,72,0.002,CELL,CELL,0,0.0,,,,,,0,cell_membership,a47bf94d,,rot90
,,,,,,72,0.002,CELL,CELL,0,0.0,,,,,,0,cell_membership,a47bf94d,,rot180
,,,,,,72,0.002,CELL,CELL,0,0.0,,,,,,0,cell_membership,a47bf94d,,rot270
,,,,,,72,0.002,CELL,CELL,0,0.0,,,,,,0,cell_membership,a47bf94d,,flip_lr
,,,,,,72,0.002,CELL,CELL,0,0.0,,,,,,0,cell_membership,a47bf94d,,flip_ud
,,,,,,72,0.002,CELL,CELL,1,0.3333333333333333,,,,,,0,cell_membership,a47bf94d,,transpose
,,,,,,72,0.002,CELL,CELL,0,0.0,,,,,,0,cell_membership,a47bf94d,,anti_transpose
12,9,,,,,,0.005,0,1,,,4,0.23529411764705882,,,,0,pair,a47bf94d,17,
12,8,,,,,,0.005,0,2,,,1,0.05263157894736842,,,,0,pair,a47bf94d,19,
9,8,,,,,,0.005,1,2,,,3,0.21428571428571427,,,,0,pair,a47bf94d,14,
,,"[12, 9, 8]",1,6,6,,0.005,ALL,ALL,,,1,,0.16740380362671384,0.21428571428571427,3,0,summary,a47bf94d,22,
,,,,,,0,0.005,CELL,CELL,1,0.3333333333333333,,,,,,0,cell_membership,a47bf94d,,identity
,,,,,,0,0.005,CELL,CELL,2,0.6666666666666666,,,,,,0,cell_membership,a47bf94d,,rot90
,,,,,,0,0.005,CELL,CELL,0,0.0,,,,,,0,cell_membership,a47bf94d,,rot180
,,,,,,0,0.005,CELL,CELL,1,0.3333333333333333,,,,,,0,cell_membership,a47bf94d,,rot270
,,,,,,0,0.005,CELL,CELL,1,0.3333333333333333,,,,,,0,cell_membership,a47bf94d,,flip_lr
,,,,,,0,0.005,CELL,CELL,1,0.3333333333333333,,,,,,0,cell_membership,a47bf94d,,flip_ud
,,,,,,0,0.005,CELL,CELL,2,0.6666666666666666,,,,,,0,cell_membership,a47bf94d,,transpose
,,,,,,0,0.005,CELL,CELL,1,0.3333333333333333,,,,,,0,cell_membership,a47bf94d,,anti_transpose
,,,,,,12,0.005,CELL,CELL,2,0.6666666666666666,,,,,,0,cell_membership,a47bf94d,,identity
,,,,,,12,0.005,CELL,CELL,3,1.0,,,,,,0,cell_membership,a47bf94d,,rot90
,,,,,,12,0.005,CELL,CELL,1,0.3333333333333333,,,,,,0,cell_membership,a47bf94d,,rot180
,,,,,,12,0.005,CELL,CELL,0,0.0,,,,,,0,cell_membership,a47bf94d,,rot270
,,,,,,12,0.005,CELL,CELL,1,0.3333333333333333,,,,,,0,cell_membership,a47bf94d,,flip_lr
,,,,,,12,0.005,CELL,CELL,0,0.0,,,,,,0,cell_membership,a47bf94d,,flip_ud
,,,,,,12,0.005,CELL,CELL,2,0.6666666666666666,,,,,,0,cell_membership,a47bf94d,,transpose
,,,,,,12,0.005,CELL,CELL,0,0.0,,,,,,0,cell_membership,a47bf94d,,anti_transpose
,,,,,,24,0.005,CELL,CELL,2,0.6666666666666666,,,,,,0,cell_membership,a47bf94d,,identity
,,,,,,24,0.005,CELL,CELL,1,0.3333333333333333,,,,,,0,cell_membership,a47bf94d,,rot90
,,,,,,24,0.005,CELL,CELL,1,0.3333333333333333,,,,,,0,cell_membership,a47bf94d,,rot180
,,,,,,24,0.005,CELL,CELL,0,0.0,,,,,,0,cell_membership,a47bf94d,,rot270
,,,,,,24,0.005,CELL,CELL,0,0.0,,,,,,0,cell_membership,a47bf94d,,flip_lr
,,,,,,24,0.005,CELL,CELL,0,0.0,,,,,,0,cell_membership,a47bf94d,,flip_ud
,,,,,,24,0.005,CELL,CELL,1,0.3333333333333333,,,,,,0,cell_membership,a47bf94d,,transpose
,,,,,,24,0.005,CELL,CELL,0,0.0,,,,,,0,cell_membership,a47bf94d,,anti_transpose
,,,,,,48,0.005,CELL,CELL,0,0.0,,,,,,0,cell_membership,a47bf94d,,identity
,,,,,,48,0.005,CELL,CELL,1,0.3333333333333333,,,,,,0,cell_membership,a47bf94d,,rot90
,,,,,,48,0.005,CELL,CELL,0,0.0,,,,,,0,cell_membership,a47bf94d,,rot180
,,,,,,48,0.005,CELL,CELL,0,0.0,,,,,,0,cell_membership,a47bf94d,,rot270
,,,,,,48,0.005,CELL,CELL,0,0.0,,,,,,0,cell_membership,a47bf94d,,flip_lr
,,,,,,48,0.005,CELL,CELL,0,0.0,,,,,,0,cell_membership,a47bf94d,,flip_ud
,,,,,,48,0.005,CELL,CELL,1,0.3333333333333333,,,,,,0,cell_membership,a47bf94d,,transpose
,,,,,,48,0.005,CELL,CELL,0,0.0,,,,,,0,cell_membership,a47bf94d,,anti_transpose
,,,,,,72,0.005,CELL,CELL,1,0.3333333333333333,,,,,,0,cell_membership,a47bf94d,,identity
,,,,,,72,0.005,CELL,CELL,1,0.3333333333333333,,,,,,0,cell_membership,a47bf94d,,rot90
,,,,,,72,0.005,CELL,CELL,0,0.0,,,,,,0,cell_membership,a47bf94d,,rot180
,,,,,,72,0.005,CELL,CELL,0,0.0,,,,,,0,cell_membership,a47bf94d,,rot270
,,,,,,72,0.005,CELL,CELL,0,0.0,,,,,,0,cell_membership,a47bf94d,,flip_lr
,,,,,,72,0.005,CELL,CELL,1,0.3333333333333333,,,,,,0,cell_membership,a47bf94d,,flip_ud
,,,,,,72,0.005,CELL,CELL,1,0.3333333333333333,,,,,,0,cell_membership,a47bf94d,,transpose
,,,,,,72,0.005,CELL,CELL,0,0.0,,,,,,0,cell_membership,a47bf94d,,anti_transpose
25,15,,,,,,0.01,0,1,,,10,0.3333333333333333,,,,0,pair,a47bf94d,30,
25,19,,,,,,0.01,0,2,,,12,0.375,,,,0,pair,a47bf94d,32,
15,19,,,,,,0.01,1,2,,,13,0.6190476190476191,,,,0,pair,a47bf94d,21,
,,"[25, 15, 19]",10,15,15,,0.01,ALL,ALL,,,10,,0.44246031746031744,0.375,3,0,summary,a47bf94d,34,
,,,,,,0,0.01,CELL,CELL,3,1.0,,,,,,0,cell_membership,a47bf94d,,identity
,,,,,,0,0.01,CELL,CELL,3,1.0,,,,,,0,cell_membership,a47bf94d,,rot90
,,,,,,0,0.01,CELL,CELL,1,0.3333333333333333,,,,,,0,cell_membership,a47bf94d,,rot180
,,,,,,0,0.01,CELL,CELL,3,1.0,,,,,,0,cell_membership,a47bf94d,,rot270
,,,,,,0,0.01,CELL,CELL,2,0.6666666666666666,,,,,,0,cell_membership,a47bf94d,,flip_lr
,,,,,,0,0.01,CELL,CELL,1,0.3333333333333333,,,,,,0,cell_membership,a47bf94d,,flip_ud
,,,,,,0,0.01,CELL,CELL,3,1.0,,,,,,0,cell_membership,a47bf94d,,transpose
,,,,,,0,0.01,CELL,CELL,2,0.6666666666666666,,,,,,0,cell_membership,a47bf94d,,anti_transpose
,,,,,,12,0.01,CELL,CELL,3,1.0,,,,,,0,cell_membership,a47bf94d,,identity
,,,,,,12,0.01,CELL,CELL,3,1.0,,,,,,0,cell_membership,a47bf94d,,rot90
,,,,,,12,0.01,CELL,CELL,1,0.3333333333333333,,,,,,0,cell_membership,a47bf94d,,rot180
,,,,,,12,0.01,CELL,CELL,2,0.6666666666666666,,,,,,0,cell_membership,a47bf94d,,rot270
,,,,,,12,0.01,CELL,CELL,2,0.6666666666666666,,,,,,0,cell_membership,a47bf94d,,flip_lr
,,,,,,12,0.01,CELL,CELL,1,0.3333333333333333,,,,,,0,cell_membership,a47bf94d,,flip_ud
,,,,,,12,0.01,CELL,CELL,3,1.0,,,,,,0,cell_membership,a47bf94d,,transpose
,,,,,,12,0.01,CELL,CELL,1,0.3333333333333333,,,,,,0,cell_membership,a47bf94d,,anti_transpose
,,,,,,24,0.01,CELL,CELL,3,1.0,,,,,,0,cell_membership,a47bf94d,,identity
,,,,,,24,0.01,CELL,CELL,1,0.3333333333333333,,,,,,0,cell_membership,a47bf94d,,rot90
,,,,,,24,0.01,CELL,CELL,1,0.3333333333333333,,,,,,0,cell_membership,a47bf94d,,rot180
,,,,,,24,0.01,CELL,CELL,2,0.6666666666666666,,,,,,0,cell_membership,a47bf94d,,rot270
,,,,,,24,0.01,CELL,CELL,3,1.0,,,,,,0,cell_membership,a47bf94d,,flip_lr
,,,,,,24,0.01,CELL,CELL,1,0.3333333333333333,,,,,,0,cell_membership,a47bf94d,,flip_ud
,,,,,,24,0.01,CELL,CELL,1,0.3333333333333333,,,,,,0,cell_membership,a47bf94d,,transpose
,,,,,,24,0.01,CELL,CELL,0,0.0,,,,,,0,cell_membership,a47bf94d,,anti_transpose
,,,,,,48,0.01,CELL,CELL,3,1.0,,,,,,0,cell_membership,a47bf94d,,identity
,,,,,,48,0.01,CELL,CELL,1,0.3333333333333333,,,,,,0,cell_membership,a47bf94d,,rot90
,,,,,,48,0.01,CELL,CELL,1,0.3333333333333333,,,,,,0,cell_membership,a47bf94d,,rot180
,,,,,,48,0.01,CELL,CELL,0,0.0,,,,,,0,cell_membership,a47bf94d,,rot270
,,,,,,48,0.01,CELL,CELL,1,0.3333333333333333,,,,,,0,cell_membership,a47bf94d,,flip_lr
,,,,,,48,0.01,CELL,CELL,1,0.3333333333333333,,,,,,0,cell_membership,a47bf94d,,flip_ud
,,,,,,48,0.01,CELL,CELL,1,0.3333333333333333,,,,,,0,cell_membership,a47bf94d,,transpose
,,,,,,48,0.01,CELL,CELL,0,0.0,,,,,,0,cell_membership,a47bf94d,,anti_transpose
,,,,,,72,0.01,CELL,CELL,1,0.3333333333333333,,,,,,0,cell_membership,a47bf94d,,identity
,,,,,,72,0.01,CELL,CELL,1,0.3333333333333333,,,,,,0,cell_membership,a47bf94d,,rot90
,,,,,,72,0.01,CELL,CELL,0,0.0,,,,,,0,cell_membership,a47bf94d,,rot180
,,,,,,72,0.01,CELL,CELL,0,0.0,,,,,,0,cell_membership,a47bf94d,,rot270
,,,,,,72,0.01,CELL,CELL,1,0.3333333333333333,,,,,,0,cell_membership,a47bf94d,,flip_lr
,,,,,,72,0.01,CELL,CELL,1,0.3333333333333333,,,,,,0,cell_membership,a47bf94d,,flip_ud
,,,,,,72,0.01,CELL,CELL,1,0.3333333333333333,,,,,,0,cell_membership,a47bf94d,,transpose
,,,,,,72,0.01,CELL,CELL,0,0.0,,,,,,0,cell_membership,a47bf94d,,anti_transpose
2,1,,,,,,0.0001,0,1,,,0,0.0,,,,0,pair,e87109e9,3,
2,1,,,,,,0.0001,0,2,,,0,0.0,,,,0,pair,e87109e9,3,
1,1,,,,,,0.0001,1,2,,,0,0.0,,,,0,pair,e87109e9,2,
,,"[2, 1, 1]",0,0,0,,0.0001,ALL,ALL,,,0,,0.0,0.0,1,0,summary,e87109e9,4,
,,,,,,0,0.0001,CELL,CELL,0,0.0,,,,,,0,cell_membership,e87109e9,,identity
,,,,,,0,0.0001,CELL,CELL,0,0.0,,,,,,0,cell_membership,e87109e9,,rot90
,,,,,,0,0.0001,CELL,CELL,0,0.0,,,,,,0,cell_membership,e87109e9,,rot180
,,,,,,0,0.0001,CELL,CELL,0,0.0,,,,,,0,cell_membership,e87109e9,,rot270
,,,,,,0,0.0001,CELL,CELL,0,0.0,,,,,,0,cell_membership,e87109e9,,flip_lr
,,,,,,0,0.0001,CELL,CELL,0,0.0,,,,,,0,cell_membership,e87109e9,,flip_ud
,,,,,,0,0.0001,CELL,CELL,0,0.0,,,,,,0,cell_membership,e87109e9,,transpose
,,,,,,0,0.0001,CELL,CELL,0,0.0,,,,,,0,cell_membership,e87109e9,,anti_transpose
,,,,,,12,0.0001,CELL,CELL,0,0.0,,,,,,0,cell_membership,e87109e9,,identity
,,,,,,12,0.0001,CELL,CELL,0,0.0,,,,,,0,cell_membership,e87109e9,,rot90
,,,,,,12,0.0001,CELL,CELL,0,0.0,,,,,,0,cell_membership,e87109e9,,rot180
,,,,,,12,0.0001,CELL,CELL,0,0.0,,,,,,0,cell_membership,e87109e9,,rot270
,,,,,,12,0.0001,CELL,CELL,0,0.0,,,,,,0,cell_membership,e87109e9,,flip_lr
,,,,,,12,0.0001,CELL,CELL,1,0.3333333333333333,,,,,,0,cell_membership,e87109e9,,flip_ud
,,,,,,12,0.0001,CELL,CELL,0,0.0,,,,,,0,cell_membership,e87109e9,,transpose
,,,,,,12,0.0001,CELL,CELL,0,0.0,,,,,,0,cell_membership,e87109e9,,anti_transpose
,,,,,,24,0.0001,CELL,CELL,0,0.0,,,,,,0,cell_membership,e87109e9,,identity
,,,,,,24,0.0001,CELL,CELL,0,0.0,,,,,,0,cell_membership,e87109e9,,rot90
,,,,,,24,0.0001,CELL,CELL,0,0.0,,,,,,0,cell_membership,e87109e9,,rot180
,,,,,,24,0.0001,CELL,CELL,0,0.0,,,,,,0,cell_membership,e87109e9,,rot270
,,,,,,24,0.0001,CELL,CELL,0,0.0,,,,,,0,cell_membership,e87109e9,,flip_lr
,,,,,,24,0.0001,CELL,CELL,0,0.0,,,,,,0,cell_membership,e87109e9,,flip_ud
,,,,,,24,0.0001,CELL,CELL,1,0.3333333333333333,,,,,,0,cell_membership,e87109e9,,transpose
,,,,,,24,0.0001,CELL,CELL,0,0.0,,,,,,0,cell_membership,e87109e9,,anti_transpose
,,,,,,48,0.0001,CELL,CELL,0,0.0,,,,,,0,cell_membership,e87109e9,,identity
,,,,,,48,0.0001,CELL,CELL,0,0.0,,,,,,0,cell_membership,e87109e9,,rot90
,,,,,,48,0.0001,CELL,CELL,0,0.0,,,,,,0,cell_membership,e87109e9,,rot180
,,,,,,48,0.0001,CELL,CELL,1,0.3333333333333333,,,,,,0,cell_membership,e87109e9,,rot270
,,,,,,48,0.0001,CELL,CELL,0,0.0,,,,,,0,cell_membership,e87109e9,,flip_lr
,,,,,,48,0.0001,CELL,CELL,0,0.0,,,,,,0,cell_membership,e87109e9,,flip_ud
,,,,,,48,0.0001,CELL,CELL,0,0.0,,,,,,0,cell_membership,e87109e9,,transpose
,,,,,,48,0.0001,CELL,CELL,0,0.0,,,,,,0,cell_membership,e87109e9,,anti_transpose
,,,,,,72,0.0001,CELL,CELL,0,0.0,,,,,,0,cell_membership,e87109e9,,identity
,,,,,,72,0.0001,CELL,CELL,0,0.0,,,,,,0,cell_membership,e87109e9,,rot90
,,,,,,72,0.0001,CELL,CELL,0,0.0,,,,,,0,cell_membership,e87109e9,,rot180
,,,,,,72,0.0001,CELL,CELL,1,0.3333333333333333,,,,,,0,cell_membership,e87109e9,,rot270
,,,,,,72,0.0001,CELL,CELL,0,0.0,,,,,,0,cell_membership,e87109e9,,flip_lr
,,,,,,72,0.0001,CELL,CELL,0,0.0,,,,,,0,cell_membership,e87109e9,,flip_ud
,,,,,,72,0.0001,CELL,CELL,0,0.0,,,,,,0,cell_membership,e87109e9,,transpose
,,,,,,72,0.0001,CELL,CELL,0,0.0,,,,,,0,cell_membership,e87109e9,,anti_transpose
2,1,,,,,,0.0005,0,1,,,0,0.0,,,,0,pair,e87109e9,3,
2,2,,,,,,0.0005,0,2,,,0,0.0,,,,0,pair,e87109e9,4,
1,2,,,,,,0.0005,1,2,,,0,0.0,,,,0,pair,e87109e9,3,
,,"[2, 1, 2]",0,0,0,,0.0005,ALL,ALL,,,0,,0.0,0.0,1,0,summary,e87109e9,5,
,,,,,,0,0.0005,CELL,CELL,0,0.0,,,,,,0,cell_membership,e87109e9,,identity
,,,,,,0,0.0005,CELL,CELL,0,0.0,,,,,,0,cell_membership,e87109e9,,rot90
,,,,,,0,0.0005,CELL,CELL,0,0.0,,,,,,0,cell_membership,e87109e9,,rot180
,,,,,,0,0.0005,CELL,CELL,0,0.0,,,,,,0,cell_membership,e87109e9,,rot270
,,,,,,0,0.0005,CELL,CELL,0,0.0,,,,,,0,cell_membership,e87109e9,,flip_lr
,,,,,,0,0.0005,CELL,CELL,0,0.0,,,,,,0,cell_membership,e87109e9,,flip_ud
,,,,,,0,0.0005,CELL,CELL,0,0.0,,,,,,0,cell_membership,e87109e9,,transpose
,,,,,,0,0.0005,CELL,CELL,0,0.0,,,,,,0,cell_membership,e87109e9,,anti_transpose
,,,,,,12,0.0005,CELL,CELL,0,0.0,,,,,,0,cell_membership,e87109e9,,identity
,,,,,,12,0.0005,CELL,CELL,0,0.0,,,,,,0,cell_membership,e87109e9,,rot90
,,,,,,12,0.0005,CELL,CELL,0,0.0,,,,,,0,cell_membership,e87109e9,,rot180
,,,,,,12,0.0005,CELL,CELL,0,0.0,,,,,,0,cell_membership,e87109e9,,rot270
,,,,,,12,0.0005,CELL,CELL,0,0.0,,,,,,0,cell_membership,e87109e9,,flip_lr
,,,,,,12,0.0005,CELL,CELL,1,0.3333333333333333,,,,,,0,cell_membership,e87109e9,,flip_ud
,,,,,,12,0.0005,CELL,CELL,0,0.0,,,,,,0,cell_membership,e87109e9,,transpose
,,,,,,12,0.0005,CELL,CELL,0,0.0,,,,,,0,cell_membership,e87109e9,,anti_transpose
,,,,,,24,0.0005,CELL,CELL,0,0.0,,,,,,0,cell_membership,e87109e9,,identity
,,,,,,24,0.0005,CELL,CELL,0,0.0,,,,,,0,cell_membership,e87109e9,,rot90
,,,,,,24,0.0005,CELL,CELL,0,0.0,,,,,,0,cell_membership,e87109e9,,rot180
,,,,,,24,0.0005,CELL,CELL,0,0.0,,,,,,0,cell_membership,e87109e9,,rot270
,,,,,,24,0.0005,CELL,CELL,0,0.0,,,,,,0,cell_membership,e87109e9,,flip_lr
,,,,,,24,0.0005,CELL,CELL,0,0.0,,,,,,0,cell_membership,e87109e9,,flip_ud
,,,,,,24,0.0005,CELL,CELL,1,0.3333333333333333,,,,,,0,cell_membership,e87109e9,,transpose
,,,,,,24,0.0005,CELL,CELL,0,0.0,,,,,,0,cell_membership,e87109e9,,anti_transpose
,,,,,,48,0.0005,CELL,CELL,0,0.0,,,,,,0,cell_membership,e87109e9,,identity
,,,,,,48,0.0005,CELL,CELL,0,0.0,,,,,,0,cell_membership,e87109e9,,rot90
,,,,,,48,0.0005,CELL,CELL,0,0.0,,,,,,0,cell_membership,e87109e9,,rot180
,,,,,,48,0.0005,CELL,CELL,1,0.3333333333333333,,,,,,0,cell_membership,e87109e9,,rot270
,,,,,,48,0.0005,CELL,CELL,0,0.0,,,,,,0,cell_membership,e87109e9,,flip_lr
,,,,,,48,0.0005,CELL,CELL,1,0.3333333333333333,,,,,,0,cell_membership,e87109e9,,flip_ud
,,,,,,48,0.0005,CELL,CELL,0,0.0,,,,,,0,cell_membership,e87109e9,,transpose
,,,,,,48,0.0005,CELL,CELL,0,0.0,,,,,,0,cell_membership,e87109e9,,anti_transpose
,,,,,,72,0.0005,CELL,CELL,0,0.0,,,,,,0,cell_membership,e87109e9,,identity
,,,,,,72,0.0005,CELL,CELL,0,0.0,,,,,,0,cell_membership,e87109e9,,rot90
,,,,,,72,0.0005,CELL,CELL,0,0.0,,,,,,0,cell_membership,e87109e9,,rot180
,,,,,,72,0.0005,CELL,CELL,1,0.3333333333333333,,,,,,0,cell_membership,e87109e9,,rot270
,,,,,,72,0.0005,CELL,CELL,0,0.0,,,,,,0,cell_membership,e87109e9,,flip_lr
,,,,,,72,0.0005,CELL,CELL,0,0.0,,,,,,0,cell_membership,e87109e9,,flip_ud
,,,,,,72,0.0005,CELL,CELL,0,0.0,,,,,,0,cell_membership,e87109e9,,transpose
,,,,,,72,0.0005,CELL,CELL,0,0.0,,,,,,0,cell_membership,e87109e9,,anti_transpose
2,1,,,,,,0.001,0,1,,,0,0.0,,,,0,pair,e87109e9,3,
2,2,,,,,,0.001,0,2,,,0,0.0,,,,0,pair,e87109e9,4,
1,2,,,,,,0.001,1,2,,,0,0.0,,,,0,pair,e87109e9,3,
,,"[2, 1, 2]",0,0,0,,0.001,ALL,ALL,,,0,,0.0,0.0,1,0,summary,e87109e9,5,
,,,,,,0,0.001,CELL,CELL,0,0.0,,,,,,0,cell_membership,e87109e9,,identity
,,,,,,0,0.001,CELL,CELL,0,0.0,,,,,,0,cell_membership,e87109e9,,rot90
,,,,,,0,0.001,CELL,CELL,0,0.0,,,,,,0,cell_membership,e87109e9,,rot180
,,,,,,0,0.001,CELL,CELL,0,0.0,,,,,,0,cell_membership,e87109e9,,rot270
,,,,,,0,0.001,CELL,CELL,0,0.0,,,,,,0,cell_membership,e87109e9,,flip_lr
,,,,,,0,0.001,CELL,CELL,0,0.0,,,,,,0,cell_membership,e87109e9,,flip_ud
,,,,,,0,0.001,CELL,CELL,0,0.0,,,,,,0,cell_membership,e87109e9,,transpose
,,,,,,0,0.001,CELL,CELL,0,0.0,,,,,,0,cell_membership,e87109e9,,anti_transpose
,,,,,,12,0.001,CELL,CELL,0,0.0,,,,,,0,cell_membership,e87109e9,,identity
,,,,,,12,0.001,CELL,CELL,0,0.0,,,,,,0,cell_membership,e87109e9,,rot90
,,,,,,12,0.001,CELL,CELL,0,0.0,,,,,,0,cell_membership,e87109e9,,rot180
,,,,,,12,0.001,CELL,CELL,0,0.0,,,,,,0,cell_membership,e87109e9,,rot270
,,,,,,12,0.001,CELL,CELL,0,0.0,,,,,,0,cell_membership,e87109e9,,flip_lr
,,,,,,12,0.001,CELL,CELL,1,0.3333333333333333,,,,,,0,cell_membership,e87109e9,,flip_ud
,,,,,,12,0.001,CELL,CELL,0,0.0,,,,,,0,cell_membership,e87109e9,,transpose
,,,,,,12,0.001,CELL,CELL,0,0.0,,,,,,0,cell_membership,e87109e9,,anti_transpose
,,,,,,24,0.001,CELL,CELL,0,0.0,,,,,,0,cell_membership,e87109e9,,identity
,,,,,,24,0.001,CELL,CELL,0,0.0,,,,,,0,cell_membership,e87109e9,,rot90
,,,,,,24,0.001,CELL,CELL,0,0.0,,,,,,0,cell_membership,e87109e9,,rot180
,,,,,,24,0.001,CELL,CELL,0,0.0,,,,,,0,cell_membership,e87109e9,,rot270
,,,,,,24,0.001,CELL,CELL,0,0.0,,,,,,0,cell_membership,e87109e9,,flip_lr
,,,,,,24,0.001,CELL,CELL,0,0.0,,,,,,0,cell_membership,e87109e9,,flip_ud
,,,,,,24,0.001,CELL,CELL,1,0.3333333333333333,,,,,,0,cell_membership,e87109e9,,transpose
,,,,,,24,0.001,CELL,CELL,0,0.0,,,,,,0,cell_membership,e87109e9,,anti_transpose
,,,,,,48,0.001,CELL,CELL,0,0.0,,,,,,0,cell_membership,e87109e9,,identity
,,,,,,48,0.001,CELL,CELL,0,0.0,,,,,,0,cell_membership,e87109e9,,rot90
,,,,,,48,0.001,CELL,CELL,0,0.0,,,,,,0,cell_membership,e87109e9,,rot180
,,,,,,48,0.001,CELL,CELL,1,0.3333333333333333,,,,,,0,cell_membership,e87109e9,,rot270
,,,,,,48,0.001,CELL,CELL,0,0.0,,,,,,0,cell_membership,e87109e9,,flip_lr
,,,,,,48,0.001,CELL,CELL,1,0.3333333333333333,,,,,,0,cell_membership,e87109e9,,flip_ud
,,,,,,48,0.001,CELL,CELL,0,0.0,,,,,,0,cell_membership,e87109e9,,transpose
,,,,,,48,0.001,CELL,CELL,0,0.0,,,,,,0,cell_membership,e87109e9,,anti_transpose
,,,,,,72,0.001,CELL,CELL,0,0.0,,,,,,0,cell_membership,e87109e9,,identity
,,,,,,72,0.001,CELL,CELL,0,0.0,,,,,,0,cell_membership,e87109e9,,rot90
,,,,,,72,0.001,CELL,CELL,0,0.0,,,,,,0,cell_membership,e87109e9,,rot180
,,,,,,72,0.001,CELL,CELL,1,0.3333333333333333,,,,,,0,cell_membership,e87109e9,,rot270
,,,,,,72,0.001,CELL,CELL,0,0.0,,,,,,0,cell_membership,e87109e9,,flip_lr
,,,,,,72,0.001,CELL,CELL,0,0.0,,,,,,0,cell_membership,e87109e9,,flip_ud
,,,,,,72,0.001,CELL,CELL,0,0.0,,,,,,0,cell_membership,e87109e9,,transpose
,,,,,,72,0.001,CELL,CELL,0,0.0,,,,,,0,cell_membership,e87109e9,,anti_transpose
3,1,,,,,,0.002,0,1,,,0,0.0,,,,0,pair,e87109e9,4,
3,3,,,,,,0.002,0,2,,,0,0.0,,,,0,pair,e87109e9,6,
1,3,,,,,,0.002,1,2,,,0,0.0,,,,0,pair,e87109e9,4,
,,"[3, 1, 3]",0,0,0,,0.002,ALL,ALL,,,0,,0.0,0.0,1,0,summary,e87109e9,7,
,,,,,,0,0.002,CELL,CELL,0,0.0,,,,,,0,cell_membership,e87109e9,,identity
,,,,,,0,0.002,CELL,CELL,0,0.0,,,,,,0,cell_membership,e87109e9,,rot90
,,,,,,0,0.002,CELL,CELL,0,0.0,,,,,,0,cell_membership,e87109e9,,rot180
,,,,,,0,0.002,CELL,CELL,0,0.0,,,,,,0,cell_membership,e87109e9,,rot270
,,,,,,0,0.002,CELL,CELL,0,0.0,,,,,,0,cell_membership,e87109e9,,flip_lr
,,,,,,0,0.002,CELL,CELL,0,0.0,,,,,,0,cell_membership,e87109e9,,flip_ud
,,,,,,0,0.002,CELL,CELL,0,0.0,,,,,,0,cell_membership,e87109e9,,transpose
,,,,,,0,0.002,CELL,CELL,0,0.0,,,,,,0,cell_membership,e87109e9,,anti_transpose
,,,,,,12,0.002,CELL,CELL,0,0.0,,,,,,0,cell_membership,e87109e9,,identity
,,,,,,12,0.002,CELL,CELL,0,0.0,,,,,,0,cell_membership,e87109e9,,rot90
,,,,,,12,0.002,CELL,CELL,0,0.0,,,,,,0,cell_membership,e87109e9,,rot180
,,,,,,12,0.002,CELL,CELL,0,0.0,,,,,,0,cell_membership,e87109e9,,rot270
,,,,,,12,0.002,CELL,CELL,0,0.0,,,,,,0,cell_membership,e87109e9,,flip_lr
,,,,,,12,0.002,CELL,CELL,1,0.3333333333333333,,,,,,0,cell_membership,e87109e9,,flip_ud
,,,,,,12,0.002,CELL,CELL,0,0.0,,,,,,0,cell_membership,e87109e9,,transpose
,,,,,,12,0.002,CELL,CELL,0,0.0,,,,,,0,cell_membership,e87109e9,,anti_transpose
,,,,,,24,0.002,CELL,CELL,0,0.0,,,,,,0,cell_membership,e87109e9,,identity
,,,,,,24,0.002,CELL,CELL,0,0.0,,,,,,0,cell_membership,e87109e9,,rot90
,,,,,,24,0.002,CELL,CELL,0,0.0,,,,,,0,cell_membership,e87109e9,,rot180
,,,,,,24,0.002,CELL,CELL,0,0.0,,,,,,0,cell_membership,e87109e9,,rot270
,,,,,,24,0.002,CELL,CELL,1,0.3333333333333333,,,,,,0,cell_membership,e87109e9,,flip_lr
,,,,,,24,0.002,CELL,CELL,1,0.3333333333333333,,,,,,0,cell_membership,e87109e9,,flip_ud
,,,,,,24,0.002,CELL,CELL,1,0.3333333333333333,,,,,,0,cell_membership,e87109e9,,transpose
,,,,,,24,0.002,CELL,CELL,0,0.0,,,,,,0,cell_membership,e87109e9,,anti_transpose
,,,,,,48,0.002,CELL,CELL,0,0.0,,,,,,0,cell_membership,e87109e9,,identity
,,,,,,48,0.002,CELL,CELL,0,0.0,,,,,,0,cell_membership,e87109e9,,rot90
,,,,,,48,0.002,CELL,CELL,0,0.0,,,,,,0,cell_membership,e87109e9,,rot180
,,,,,,48,0.002,CELL,CELL,1,0.3333333333333333,,,,,,0,cell_membership,e87109e9,,rot270
,,,,,,48,0.002,CELL,CELL,0,0.0,,,,,,0,cell_membership,e87109e9,,flip_lr
,,,,,,48,0.002,CELL,CELL,1,0.3333333333333333,,,,,,0,cell_membership,e87109e9,,flip_ud
,,,,,,48,0.002,CELL,CELL,0,0.0,,,,,,0,cell_membership,e87109e9,,transpose
,,,,,,48,0.002,CELL,CELL,0,0.0,,,,,,0,cell_membership,e87109e9,,anti_transpose
,,,,,,72,0.002,CELL,CELL,0,0.0,,,,,,0,cell_membership,e87109e9,,identity
,,,,,,72,0.002,CELL,CELL,0,0.0,,,,,,0,cell_membership,e87109e9,,rot90
,,,,,,72,0.002,CELL,CELL,0,0.0,,,,,,0,cell_membership,e87109e9,,rot180
,,,,,,72,0.002,CELL,CELL,1,0.3333333333333333,,,,,,0,cell_membership,e87109e9,,rot270
,,,,,,72,0.002,CELL,CELL,0,0.0,,,,,,0,cell_membership,e87109e9,,flip_lr
,,,,,,72,0.002,CELL,CELL,0,0.0,,,,,,0,cell_membership,e87109e9,,flip_ud
,,,,,,72,0.002,CELL,CELL,0,0.0,,,,,,0,cell_membership,e87109e9,,transpose
,,,,,,72,0.002,CELL,CELL,0,0.0,,,,,,0,cell_membership,e87109e9,,anti_transpose
7,2,,,,,,0.005,0,1,,,1,0.125,,,,0,pair,e87109e9,8,
7,5,,,,,,0.005,0,2,,,2,0.2,,,,0,pair,e87109e9,10,
2,5,,,,,,0.005,1,2,,,0,0.0,,,,0,pair,e87109e9,7,
,,"[7, 2, 5]",0,3,3,,0.005,ALL,ALL,,,0,,0.10833333333333334,0.125,2,0,summary,e87109e9,11,
,,,,,,0,0.005,CELL,CELL,0,0.0,,,,,,0,cell_membership,e87109e9,,identity
,,,,,,0,0.005,CELL,CELL,0,0.0,,,,,,0,cell_membership,e87109e9,,rot90
,,,,,,0,0.005,CELL,CELL,0,0.0,,,,,,0,cell_membership,e87109e9,,rot180
,,,,,,0,0.005,CELL,CELL,0,0.0,,,,,,0,cell_membership,e87109e9,,rot270
,,,,,,0,0.005,CELL,CELL,0,0.0,,,,,,0,cell_membership,e87109e9,,flip_lr
,,,,,,0,0.005,CELL,CELL,0,0.0,,,,,,0,cell_membership,e87109e9,,flip_ud
,,,,,,0,0.005,CELL,CELL,0,0.0,,,,,,0,cell_membership,e87109e9,,transpose
,,,,,,0,0.005,CELL,CELL,0,0.0,,,,,,0,cell_membership,e87109e9,,anti_transpose
,,,,,,12,0.005,CELL,CELL,0,0.0,,,,,,0,cell_membership,e87109e9,,identity
,,,,,,12,0.005,CELL,CELL,0,0.0,,,,,,0,cell_membership,e87109e9,,rot90
,,,,,,12,0.005,CELL,CELL,0,0.0,,,,,,0,cell_membership,e87109e9,,rot180
,,,,,,12,0.005,CELL,CELL,2,0.6666666666666666,,,,,,0,cell_membership,e87109e9,,rot270
,,,,,,12,0.005,CELL,CELL,0,0.0,,,,,,0,cell_membership,e87109e9,,flip_lr
,,,,,,12,0.005,CELL,CELL,1,0.3333333333333333,,,,,,0,cell_membership,e87109e9,,flip_ud
,,,,,,12,0.005,CELL,CELL,0,0.0,,,,,,0,cell_membership,e87109e9,,transpose
,,,,,,12,0.005,CELL,CELL,1,0.3333333333333333,,,,,,0,cell_membership,e87109e9,,anti_transpose
,,,,,,24,0.005,CELL,CELL,0,0.0,,,,,,0,cell_membership,e87109e9,,identity
,,,,,,24,0.005,CELL,CELL,0,0.0,,,,,,0,cell_membership,e87109e9,,rot90
,,,,,,24,0.005,CELL,CELL,2,0.6666666666666666,,,,,,0,cell_membership,e87109e9,,rot180
,,,,,,24,0.005,CELL,CELL,2,0.6666666666666666,,,,,,0,cell_membership,e87109e9,,rot270
,,,,,,24,0.005,CELL,CELL,1,0.3333333333333333,,,,,,0,cell_membership,e87109e9,,flip_lr
,,,,,,24,0.005,CELL,CELL,1,0.3333333333333333,,,,,,0,cell_membership,e87109e9,,flip_ud
,,,,,,24,0.005,CELL,CELL,1,0.3333333333333333,,,,,,0,cell_membership,e87109e9,,transpose
,,,,,,24,0.005,CELL,CELL,0,0.0,,,,,,0,cell_membership,e87109e9,,anti_transpose
,,,,,,48,0.005,CELL,CELL,0,0.0,,,,,,0,cell_membership,e87109e9,,identity
,,,,,,48,0.005,CELL,CELL,0,0.0,,,,,,0,cell_membership,e87109e9,,rot90
,,,,,,48,0.005,CELL,CELL,0,0.0,,,,,,0,cell_membership,e87109e9,,rot180
,,,,,,48,0.005,CELL,CELL,1,0.3333333333333333,,,,,,0,cell_membership,e87109e9,,rot270
,,,,,,48,0.005,CELL,CELL,0,0.0,,,,,,0,cell_membership,e87109e9,,flip_lr
,,,,,,48,0.005,CELL,CELL,1,0.3333333333333333,,,,,,0,cell_membership,e87109e9,,flip_ud
,,,,,,48,0.005,CELL,CELL,0,0.0,,,,,,0,cell_membership,e87109e9,,transpose
,,,,,,48,0.005,CELL,CELL,0,0.0,,,,,,0,cell_membership,e87109e9,,anti_transpose
,,,,,,72,0.005,CELL,CELL,0,0.0,,,,,,0,cell_membership,e87109e9,,identity
,,,,,,72,0.005,CELL,CELL,0,0.0,,,,,,0,cell_membership,e87109e9,,rot90
,,,,,,72,0.005,CELL,CELL,0,0.0,,,,,,0,cell_membership,e87109e9,,rot180
,,,,,,72,0.005,CELL,CELL,1,0.3333333333333333,,,,,,0,cell_membership,e87109e9,,rot270
,,,,,,72,0.005,CELL,CELL,0,0.0,,,,,,0,cell_membership,e87109e9,,flip_lr
,,,,,,72,0.005,CELL,CELL,0,0.0,,,,,,0,cell_membership,e87109e9,,flip_ud
,,,,,,72,0.005,CELL,CELL,0,0.0,,,,,,0,cell_membership,e87109e9,,transpose
,,,,,,72,0.005,CELL,CELL,0,0.0,,,,,,0,cell_membership,e87109e9,,anti_transpose
17,3,,,,,,0.01,0,1,,,3,0.17647058823529413,,,,0,pair,e87109e9,17,
17,8,,,,,,0.01,0,2,,,6,0.3157894736842105,,,,0,pair,e87109e9,19,
3,8,,,,,,0.01,1,2,,,1,0.1,,,,0,pair,e87109e9,10,
,,"[17, 3, 8]",1,8,8,,0.01,ALL,ALL,,,1,,0.19742002063983488,0.17647058823529413,3,0,summary,e87109e9,19,
,,,,,,0,0.01,CELL,CELL,0,0.0,,,,,,0,cell_membership,e87109e9,,identity
,,,,,,0,0.01,CELL,CELL,0,0.0,,,,,,0,cell_membership,e87109e9,,rot90
,,,,,,0,0.01,CELL,CELL,0,0.0,,,,,,0,cell_membership,e87109e9,,rot180
,,,,,,0,0.01,CELL,CELL,0,0.0,,,,,,0,cell_membership,e87109e9,,rot270
,,,,,,0,0.01,CELL,CELL,0,0.0,,,,,,0,cell_membership,e87109e9,,flip_lr
,,,,,,0,0.01,CELL,CELL,1,0.3333333333333333,,,,,,0,cell_membership,e87109e9,,flip_ud
,,,,,,0,0.01,CELL,CELL,0,0.0,,,,,,0,cell_membership,e87109e9,,transpose
,,,,,,0,0.01,CELL,CELL,0,0.0,,,,,,0,cell_membership,e87109e9,,anti_transpose
,,,,,,12,0.01,CELL,CELL,0,0.0,,,,,,0,cell_membership,e87109e9,,identity
,,,,,,12,0.01,CELL,CELL,1,0.3333333333333333,,,,,,0,cell_membership,e87109e9,,rot90
,,,,,,12,0.01,CELL,CELL,0,0.0,,,,,,0,cell_membership,e87109e9,,rot180
,,,,,,12,0.01,CELL,CELL,2,0.6666666666666666,,,,,,0,cell_membership,e87109e9,,rot270
,,,,,,12,0.01,CELL,CELL,0,0.0,,,,,,0,cell_membership,e87109e9,,flip_lr
,,,,,,12,0.01,CELL,CELL,2,0.6666666666666666,,,,,,0,cell_membership,e87109e9,,flip_ud
,,,,,,12,0.01,CELL,CELL,1,0.3333333333333333,,,,,,0,cell_membership,e87109e9,,transpose
,,,,,,12,0.01,CELL,CELL,2,0.6666666666666666,,,,,,0,cell_membership,e87109e9,,anti_transpose
,,,,,,24,0.01,CELL,CELL,0,0.0,,,,,,0,cell_membership,e87109e9,,identity
,,,,,,24,0.01,CELL,CELL,0,0.0,,,,,,0,cell_membership,e87109e9,,rot90
,,,,,,24,0.01,CELL,CELL,2,0.6666666666666666,,,,,,0,cell_membership,e87109e9,,rot180
,,,,,,24,0.01,CELL,CELL,3,1.0,,,,,,0,cell_membership,e87109e9,,rot270
,,,,,,24,0.01,CELL,CELL,1,0.3333333333333333,,,,,,0,cell_membership,e87109e9,,flip_lr
,,,,,,24,0.01,CELL,CELL,2,0.6666666666666666,,,,,,0,cell_membership,e87109e9,,flip_ud
,,,,,,24,0.01,CELL,CELL,1,0.3333333333333333,,,,,,0,cell_membership,e87109e9,,transpose
,,,,,,24,0.01,CELL,CELL,1,0.3333333333333333,,,,,,0,cell_membership,e87109e9,,anti_transpose
,,,,,,48,0.01,CELL,CELL,0,0.0,,,,,,0,cell_membership,e87109e9,,identity
,,,,,,48,0.01,CELL,CELL,0,0.0,,,,,,0,cell_membership,e87109e9,,rot90
,,,,,,48,0.01,CELL,CELL,0,0.0,,,,,,0,cell_membership,e87109e9,,rot180
,,,,,,48,0.01,CELL,CELL,2,0.6666666666666666,,,,,,0,cell_membership,e87109e9,,rot270
,,,,,,48,0.01,CELL,CELL,0,0.0,,,,,,0,cell_membership,e87109e9,,flip_lr
,,,,,,48,0.01,CELL,CELL,1,0.3333333333333333,,,,,,0,cell_membership,e87109e9,,flip_ud
,,,,,,48,0.01,CELL,CELL,1,0.3333333333333333,,,,,,0,cell_membership,e87109e9,,transpose
,,,,,,48,0.01,CELL,CELL,1,0.3333333333333333,,,,,,0,cell_membership,e87109e9,,anti_transpose
,,,,,,72,0.01,CELL,CELL,0,0.0,,,,,,0,cell_membership,e87109e9,,identity
,,,,,,72,0.01,CELL,CELL,0,0.0,,,,,,0,cell_membership,e87109e9,,rot90
,,,,,,72,0.01,CELL,CELL,0,0.0,,,,,,0,cell_membership,e87109e9,,rot180
,,,,,,72,0.01,CELL,CELL,2,0.6666666666666666,,,,,,0,cell_membership,e87109e9,,rot270
,,,,,,72,0.01,CELL,CELL,1,0.3333333333333333,,,,,,0,cell_membership,e87109e9,,flip_lr
,,,,,,72,0.01,CELL,CELL,0,0.0,,,,,,0,cell_membership,e87109e9,,flip_ud
,,,,,,72,0.01,CELL,CELL,0,0.0,,,,,,0,cell_membership,e87109e9,,transpose
,,,,,,72,0.01,CELL,CELL,1,0.3333333333333333,,,,,,0,cell_membership,e87109e9,,anti_transpose
1,1,,,,,,0.0001,0,1,,,0,0.0,,,,0,pair,fc7cae8d,2,
1,1,,,,,,0.0001,0,2,,,0,0.0,,,,0,pair,fc7cae8d,2,
1,1,,,,,,0.0001,1,2,,,0,0.0,,,,0,pair,fc7cae8d,2,
,,"[1, 1, 1]",0,0,0,,0.0001,ALL,ALL,,,0,,0.0,0.0,1,0,summary,fc7cae8d,3,
,,,,,,0,0.0001,CELL,CELL,0,0.0,,,,,,0,cell_membership,fc7cae8d,,identity
,,,,,,0,0.0001,CELL,CELL,0,0.0,,,,,,0,cell_membership,fc7cae8d,,rot90
,,,,,,0,0.0001,CELL,CELL,0,0.0,,,,,,0,cell_membership,fc7cae8d,,rot180
,,,,,,0,0.0001,CELL,CELL,0,0.0,,,,,,0,cell_membership,fc7cae8d,,rot270
,,,,,,0,0.0001,CELL,CELL,0,0.0,,,,,,0,cell_membership,fc7cae8d,,flip_lr
,,,,,,0,0.0001,CELL,CELL,1,0.3333333333333333,,,,,,0,cell_membership,fc7cae8d,,flip_ud
,,,,,,0,0.0001,CELL,CELL,0,0.0,,,,,,0,cell_membership,fc7cae8d,,transpose
,,,,,,0,0.0001,CELL,CELL,0,0.0,,,,,,0,cell_membership,fc7cae8d,,anti_transpose
,,,,,,12,0.0001,CELL,CELL,0,0.0,,,,,,0,cell_membership,fc7cae8d,,identity
,,,,,,12,0.0001,CELL,CELL,0,0.0,,,,,,0,cell_membership,fc7cae8d,,rot90
,,,,,,12,0.0001,CELL,CELL,0,0.0,,,,,,0,cell_membership,fc7cae8d,,rot180
,,,,,,12,0.0001,CELL,CELL,0,0.0,,,,,,0,cell_membership,fc7cae8d,,rot270
,,,,,,12,0.0001,CELL,CELL,0,0.0,,,,,,0,cell_membership,fc7cae8d,,flip_lr
,,,,,,12,0.0001,CELL,CELL,0,0.0,,,,,,0,cell_membership,fc7cae8d,,flip_ud
,,,,,,12,0.0001,CELL,CELL,0,0.0,,,,,,0,cell_membership,fc7cae8d,,transpose
,,,,,,12,0.0001,CELL,CELL,0,0.0,,,,,,0,cell_membership,fc7cae8d,,anti_transpose
,,,,,,24,0.0001,CELL,CELL,1,0.3333333333333333,,,,,,0,cell_membership,fc7cae8d,,identity
,,,,,,24,0.0001,CELL,CELL,0,0.0,,,,,,0,cell_membership,fc7cae8d,,rot90
,,,,,,24,0.0001,CELL,CELL,0,0.0,,,,,,0,cell_membership,fc7cae8d,,rot180
,,,,,,24,0.0001,CELL,CELL,0,0.0,,,,,,0,cell_membership,fc7cae8d,,rot270
,,,,,,24,0.0001,CELL,CELL,0,0.0,,,,,,0,cell_membership,fc7cae8d,,flip_lr
,,,,,,24,0.0001,CELL,CELL,0,0.0,,,,,,0,cell_membership,fc7cae8d,,flip_ud
,,,,,,24,0.0001,CELL,CELL,0,0.0,,,,,,0,cell_membership,fc7cae8d,,transpose
,,,,,,24,0.0001,CELL,CELL,0,0.0,,,,,,0,cell_membership,fc7cae8d,,anti_transpose
,,,,,,48,0.0001,CELL,CELL,0,0.0,,,,,,0,cell_membership,fc7cae8d,,identity
,,,,,,48,0.0001,CELL,CELL,0,0.0,,,,,,0,cell_membership,fc7cae8d,,rot90
,,,,,,48,0.0001,CELL,CELL,0,0.0,,,,,,0,cell_membership,fc7cae8d,,rot180
,,,,,,48,0.0001,CELL,CELL,0,0.0,,,,,,0,cell_membership,fc7cae8d,,rot270
,,,,,,48,0.0001,CELL,CELL,0,0.0,,,,,,0,cell_membership,fc7cae8d,,flip_lr
,,,,,,48,0.0001,CELL,CELL,0,0.0,,,,,,0,cell_membership,fc7cae8d,,flip_ud
,,,,,,48,0.0001,CELL,CELL,0,0.0,,,,,,0,cell_membership,fc7cae8d,,transpose
,,,,,,48,0.0001,CELL,CELL,0,0.0,,,,,,0,cell_membership,fc7cae8d,,anti_transpose
,,,,,,72,0.0001,CELL,CELL,0,0.0,,,,,,0,cell_membership,fc7cae8d,,identity
,,,,,,72,0.0001,CELL,CELL,0,0.0,,,,,,0,cell_membership,fc7cae8d,,rot90
,,,,,,72,0.0001,CELL,CELL,0,0.0,,,,,,0,cell_membership,fc7cae8d,,rot180
,,,,,,72,0.0001,CELL,CELL,0,0.0,,,,,,0,cell_membership,fc7cae8d,,rot270
,,,,,,72,0.0001,CELL,CELL,0,0.0,,,,,,0,cell_membership,fc7cae8d,,flip_lr
,,,,,,72,0.0001,CELL,CELL,1,0.3333333333333333,,,,,,0,cell_membership,fc7cae8d,,flip_ud
,,,,,,72,0.0001,CELL,CELL,0,0.0,,,,,,0,cell_membership,fc7cae8d,,transpose
,,,,,,72,0.0001,CELL,CELL,0,0.0,,,,,,0,cell_membership,fc7cae8d,,anti_transpose
2,3,,,,,,0.0005,0,1,,,0,0.0,,,,0,pair,fc7cae8d,5,
2,1,,,,,,0.0005,0,2,,,0,0.0,,,,0,pair,fc7cae8d,3,
3,1,,,,,,0.0005,1,2,,,0,0.0,,,,0,pair,fc7cae8d,4,
,,"[2, 3, 1]",0,0,0,,0.0005,ALL,ALL,,,0,,0.0,0.0,1,0,summary,fc7cae8d,6,
,,,,,,0,0.0005,CELL,CELL,0,0.0,,,,,,0,cell_membership,fc7cae8d,,identity
,,,,,,0,0.0005,CELL,CELL,0,0.0,,,,,,0,cell_membership,fc7cae8d,,rot90
,,,,,,0,0.0005,CELL,CELL,0,0.0,,,,,,0,cell_membership,fc7cae8d,,rot180
,,,,,,0,0.0005,CELL,CELL,0,0.0,,,,,,0,cell_membership,fc7cae8d,,rot270
,,,,,,0,0.0005,CELL,CELL,0,0.0,,,,,,0,cell_membership,fc7cae8d,,flip_lr
,,,,,,0,0.0005,CELL,CELL,1,0.3333333333333333,,,,,,0,cell_membership,fc7cae8d,,flip_ud
,,,,,,0,0.0005,CELL,CELL,0,0.0,,,,,,0,cell_membership,fc7cae8d,,transpose
,,,,,,0,0.0005,CELL,CELL,0,0.0,,,,,,0,cell_membership,fc7cae8d,,anti_transpose
,,,,,,12,0.0005,CELL,CELL,0,0.0,,,,,,0,cell_membership,fc7cae8d,,identity
,,,,,,12,0.0005,CELL,CELL,0,0.0,,,,,,0,cell_membership,fc7cae8d,,rot90
,,,,,,12,0.0005,CELL,CELL,0,0.0,,,,,,0,cell_membership,fc7cae8d,,rot180
,,,,,,12,0.0005,CELL,CELL,0,0.0,,,,,,0,cell_membership,fc7cae8d,,rot270
,,,,,,12,0.0005,CELL,CELL,0,0.0,,,,,,0,cell_membership,fc7cae8d,,flip_lr
,,,,,,12,0.0005,CELL,CELL,1,0.3333333333333333,,,,,,0,cell_membership,fc7cae8d,,flip_ud
,,,,,,12,0.0005,CELL,CELL,0,0.0,,,,,,0,cell_membership,fc7cae8d,,transpose
,,,,,,12,0.0005,CELL,CELL,0,0.0,,,,,,0,cell_membership,fc7cae8d,,anti_transpose
,,,,,,24,0.0005,CELL,CELL,1,0.3333333333333333,,,,,,0,cell_membership,fc7cae8d,,identity
,,,,,,24,0.0005,CELL,CELL,0,0.0,,,,,,0,cell_membership,fc7cae8d,,rot90
,,,,,,24,0.0005,CELL,CELL,1,0.3333333333333333,,,,,,0,cell_membership,fc7cae8d,,rot180
,,,,,,24,0.0005,CELL,CELL,1,0.3333333333333333,,,,,,0,cell_membership,fc7cae8d,,rot270
,,,,,,24,0.0005,CELL,CELL,0,0.0,,,,,,0,cell_membership,fc7cae8d,,flip_lr
,,,,,,24,0.0005,CELL,CELL,0,0.0,,,,,,0,cell_membership,fc7cae8d,,flip_ud
,,,,,,24,0.0005,CELL,CELL,0,0.0,,,,,,0,cell_membership,fc7cae8d,,transpose
,,,,,,24,0.0005,CELL,CELL,0,0.0,,,,,,0,cell_membership,fc7cae8d,,anti_transpose
,,,,,,48,0.0005,CELL,CELL,0,0.0,,,,,,0,cell_membership,fc7cae8d,,identity
,,,,,,48,0.0005,CELL,CELL,0,0.0,,,,,,0,cell_membership,fc7cae8d,,rot90
,,,,,,48,0.0005,CELL,CELL,0,0.0,,,,,,0,cell_membership,fc7cae8d,,rot180
,,,,,,48,0.0005,CELL,CELL,0,0.0,,,,,,0,cell_membership,fc7cae8d,,rot270
,,,,,,48,0.0005,CELL,CELL,0,0.0,,,,,,0,cell_membership,fc7cae8d,,flip_lr
,,,,,,48,0.0005,CELL,CELL,0,0.0,,,,,,0,cell_membership,fc7cae8d,,flip_ud
,,,,,,48,0.0005,CELL,CELL,0,0.0,,,,,,0,cell_membership,fc7cae8d,,transpose
,,,,,,48,0.0005,CELL,CELL,0,0.0,,,,,,0,cell_membership,fc7cae8d,,anti_transpose
,,,,,,72,0.0005,CELL,CELL,0,0.0,,,,,,0,cell_membership,fc7cae8d,,identity
,,,,,,72,0.0005,CELL,CELL,0,0.0,,,,,,0,cell_membership,fc7cae8d,,rot90
,,,,,,72,0.0005,CELL,CELL,0,0.0,,,,,,0,cell_membership,fc7cae8d,,rot180
,,,,,,72,0.0005,CELL,CELL,0,0.0,,,,,,0,cell_membership,fc7cae8d,,rot270
,,,,,,72,0.0005,CELL,CELL,0,0.0,,,,,,0,cell_membership,fc7cae8d,,flip_lr
,,,,,,72,0.0005,CELL,CELL,1,0.3333333333333333,,,,,,0,cell_membership,fc7cae8d,,flip_ud
,,,,,,72,0.0005,CELL,CELL,0,0.0,,,,,,0,cell_membership,fc7cae8d,,transpose
,,,,,,72,0.0005,CELL,CELL,0,0.0,,,,,,0,cell_membership,fc7cae8d,,anti_transpose
2,3,,,,,,0.001,0,1,,,0,0.0,,,,0,pair,fc7cae8d,5,
2,1,,,,,,0.001,0,2,,,0,0.0,,,,0,pair,fc7cae8d,3,
3,1,,,,,,0.001,1,2,,,0,0.0,,,,0,pair,fc7cae8d,4,
,,"[2, 3, 1]",0,0,0,,0.001,ALL,ALL,,,0,,0.0,0.0,1,0,summary,fc7cae8d,6,
,,,,,,0,0.001,CELL,CELL,0,0.0,,,,,,0,cell_membership,fc7cae8d,,identity
,,,,,,0,0.001,CELL,CELL,0,0.0,,,,,,0,cell_membership,fc7cae8d,,rot90
,,,,,,0,0.001,CELL,CELL,0,0.0,,,,,,0,cell_membership,fc7cae8d,,rot180
,,,,,,0,0.001,CELL,CELL,0,0.0,,,,,,0,cell_membership,fc7cae8d,,rot270
,,,,,,0,0.001,CELL,CELL,0,0.0,,,,,,0,cell_membership,fc7cae8d,,flip_lr
,,,,,,0,0.001,CELL,CELL,1,0.3333333333333333,,,,,,0,cell_membership,fc7cae8d,,flip_ud
,,,,,,0,0.001,CELL,CELL,0,0.0,,,,,,0,cell_membership,fc7cae8d,,transpose
,,,,,,0,0.001,CELL,CELL,0,0.0,,,,,,0,cell_membership,fc7cae8d,,anti_transpose
,,,,,,12,0.001,CELL,CELL,0,0.0,,,,,,0,cell_membership,fc7cae8d,,identity
,,,,,,12,0.001,CELL,CELL,0,0.0,,,,,,0,cell_membership,fc7cae8d,,rot90
,,,,,,12,0.001,CELL,CELL,0,0.0,,,,,,0,cell_membership,fc7cae8d,,rot180
,,,,,,12,0.001,CELL,CELL,0,0.0,,,,,,0,cell_membership,fc7cae8d,,rot270
,,,,,,12,0.001,CELL,CELL,0,0.0,,,,,,0,cell_membership,fc7cae8d,,flip_lr
,,,,,,12,0.001,CELL,CELL,1,0.3333333333333333,,,,,,0,cell_membership,fc7cae8d,,flip_ud
,,,,,,12,0.001,CELL,CELL,0,0.0,,,,,,0,cell_membership,fc7cae8d,,transpose
,,,,,,12,0.001,CELL,CELL,0,0.0,,,,,,0,cell_membership,fc7cae8d,,anti_transpose
,,,,,,24,0.001,CELL,CELL,1,0.3333333333333333,,,,,,0,cell_membership,fc7cae8d,,identity
,,,,,,24,0.001,CELL,CELL,0,0.0,,,,,,0,cell_membership,fc7cae8d,,rot90
,,,,,,24,0.001,CELL,CELL,1,0.3333333333333333,,,,,,0,cell_membership,fc7cae8d,,rot180
,,,,,,24,0.001,CELL,CELL,1,0.3333333333333333,,,,,,0,cell_membership,fc7cae8d,,rot270
,,,,,,24,0.001,CELL,CELL,0,0.0,,,,,,0,cell_membership,fc7cae8d,,flip_lr
,,,,,,24,0.001,CELL,CELL,0,0.0,,,,,,0,cell_membership,fc7cae8d,,flip_ud
,,,,,,24,0.001,CELL,CELL,0,0.0,,,,,,0,cell_membership,fc7cae8d,,transpose
,,,,,,24,0.001,CELL,CELL,0,0.0,,,,,,0,cell_membership,fc7cae8d,,anti_transpose
,,,,,,48,0.001,CELL,CELL,0,0.0,,,,,,0,cell_membership,fc7cae8d,,identity
,,,,,,48,0.001,CELL,CELL,0,0.0,,,,,,0,cell_membership,fc7cae8d,,rot90
,,,,,,48,0.001,CELL,CELL,0,0.0,,,,,,0,cell_membership,fc7cae8d,,rot180
,,,,,,48,0.001,CELL,CELL,0,0.0,,,,,,0,cell_membership,fc7cae8d,,rot270
,,,,,,48,0.001,CELL,CELL,0,0.0,,,,,,0,cell_membership,fc7cae8d,,flip_lr
,,,,,,48,0.001,CELL,CELL,0,0.0,,,,,,0,cell_membership,fc7cae8d,,flip_ud
,,,,,,48,0.001,CELL,CELL,0,0.0,,,,,,0,cell_membership,fc7cae8d,,transpose
,,,,,,48,0.001,CELL,CELL,0,0.0,,,,,,0,cell_membership,fc7cae8d,,anti_transpose
,,,,,,72,0.001,CELL,CELL,0,0.0,,,,,,0,cell_membership,fc7cae8d,,identity
,,,,,,72,0.001,CELL,CELL,0,0.0,,,,,,0,cell_membership,fc7cae8d,,rot90
,,,,,,72,0.001,CELL,CELL,0,0.0,,,,,,0,cell_membership,fc7cae8d,,rot180
,,,,,,72,0.001,CELL,CELL,0,0.0,,,,,,0,cell_membership,fc7cae8d,,rot270
,,,,,,72,0.001,CELL,CELL,0,0.0,,,,,,0,cell_membership,fc7cae8d,,flip_lr
,,,,,,72,0.001,CELL,CELL,1,0.3333333333333333,,,,,,0,cell_membership,fc7cae8d,,flip_ud
,,,,,,72,0.001,CELL,CELL,0,0.0,,,,,,0,cell_membership,fc7cae8d,,transpose
,,,,,,72,0.001,CELL,CELL,0,0.0,,,,,,0,cell_membership,fc7cae8d,,anti_transpose
2,3,,,,,,0.002,0,1,,,0,0.0,,,,0,pair,fc7cae8d,5,
2,1,,,,,,0.002,0,2,,,0,0.0,,,,0,pair,fc7cae8d,3,
3,1,,,,,,0.002,1,2,,,0,0.0,,,,0,pair,fc7cae8d,4,
,,"[2, 3, 1]",0,0,0,,0.002,ALL,ALL,,,0,,0.0,0.0,1,0,summary,fc7cae8d,6,
,,,,,,0,0.002,CELL,CELL,0,0.0,,,,,,0,cell_membership,fc7cae8d,,identity
,,,,,,0,0.002,CELL,CELL,0,0.0,,,,,,0,cell_membership,fc7cae8d,,rot90
,,,,,,0,0.002,CELL,CELL,0,0.0,,,,,,0,cell_membership,fc7cae8d,,rot180
,,,,,,0,0.002,CELL,CELL,0,0.0,,,,,,0,cell_membership,fc7cae8d,,rot270
,,,,,,0,0.002,CELL,CELL,0,0.0,,,,,,0,cell_membership,fc7cae8d,,flip_lr
,,,,,,0,0.002,CELL,CELL,1,0.3333333333333333,,,,,,0,cell_membership,fc7cae8d,,flip_ud
,,,,,,0,0.002,CELL,CELL,0,0.0,,,,,,0,cell_membership,fc7cae8d,,transpose
,,,,,,0,0.002,CELL,CELL,0,0.0,,,,,,0,cell_membership,fc7cae8d,,anti_transpose
,,,,,,12,0.002,CELL,CELL,0,0.0,,,,,,0,cell_membership,fc7cae8d,,identity
,,,,,,12,0.002,CELL,CELL,0,0.0,,,,,,0,cell_membership,fc7cae8d,,rot90
,,,,,,12,0.002,CELL,CELL,0,0.0,,,,,,0,cell_membership,fc7cae8d,,rot180
,,,,,,12,0.002,CELL,CELL,0,0.0,,,,,,0,cell_membership,fc7cae8d,,rot270
,,,,,,12,0.002,CELL,CELL,0,0.0,,,,,,0,cell_membership,fc7cae8d,,flip_lr
,,,,,,12,0.002,CELL,CELL,1,0.3333333333333333,,,,,,0,cell_membership,fc7cae8d,,flip_ud
,,,,,,12,0.002,CELL,CELL,0,0.0,,,,,,0,cell_membership,fc7cae8d,,transpose
,,,,,,12,0.002,CELL,CELL,0,0.0,,,,,,0,cell_membership,fc7cae8d,,anti_transpose
,,,,,,24,0.002,CELL,CELL,1,0.3333333333333333,,,,,,0,cell_membership,fc7cae8d,,identity
,,,,,,24,0.002,CELL,CELL,0,0.0,,,,,,0,cell_membership,fc7cae8d,,rot90
,,,,,,24,0.002,CELL,CELL,1,0.3333333333333333,,,,,,0,cell_membership,fc7cae8d,,rot180
,,,,,,24,0.002,CELL,CELL,1,0.3333333333333333,,,,,,0,cell_membership,fc7cae8d,,rot270
,,,,,,24,0.002,CELL,CELL,0,0.0,,,,,,0,cell_membership,fc7cae8d,,flip_lr
,,,,,,24,0.002,CELL,CELL,0,0.0,,,,,,0,cell_membership,fc7cae8d,,flip_ud
,,,,,,24,0.002,CELL,CELL,0,0.0,,,,,,0,cell_membership,fc7cae8d,,transpose
,,,,,,24,0.002,CELL,CELL,0,0.0,,,,,,0,cell_membership,fc7cae8d,,anti_transpose
,,,,,,48,0.002,CELL,CELL,0,0.0,,,,,,0,cell_membership,fc7cae8d,,identity
,,,,,,48,0.002,CELL,CELL,0,0.0,,,,,,0,cell_membership,fc7cae8d,,rot90
,,,,,,48,0.002,CELL,CELL,0,0.0,,,,,,0,cell_membership,fc7cae8d,,rot180
,,,,,,48,0.002,CELL,CELL,0,0.0,,,,,,0,cell_membership,fc7cae8d,,rot270
,,,,,,48,0.002,CELL,CELL,0,0.0,,,,,,0,cell_membership,fc7cae8d,,flip_lr
,,,,,,48,0.002,CELL,CELL,0,0.0,,,,,,0,cell_membership,fc7cae8d,,flip_ud
,,,,,,48,0.002,CELL,CELL,0,0.0,,,,,,0,cell_membership,fc7cae8d,,transpose
,,,,,,48,0.002,CELL,CELL,0,0.0,,,,,,0,cell_membership,fc7cae8d,,anti_transpose
,,,,,,72,0.002,CELL,CELL,0,0.0,,,,,,0,cell_membership,fc7cae8d,,identity
,,,,,,72,0.002,CELL,CELL,0,0.0,,,,,,0,cell_membership,fc7cae8d,,rot90
,,,,,,72,0.002,CELL,CELL,0,0.0,,,,,,0,cell_membership,fc7cae8d,,rot180
,,,,,,72,0.002,CELL,CELL,0,0.0,,,,,,0,cell_membership,fc7cae8d,,rot270
,,,,,,72,0.002,CELL,CELL,0,0.0,,,,,,0,cell_membership,fc7cae8d,,flip_lr
,,,,,,72,0.002,CELL,CELL,1,0.3333333333333333,,,,,,0,cell_membership,fc7cae8d,,flip_ud
,,,,,,72,0.002,CELL,CELL,0,0.0,,,,,,0,cell_membership,fc7cae8d,,transpose
,,,,,,72,0.002,CELL,CELL,0,0.0,,,,,,0,cell_membership,fc7cae8d,,anti_transpose
3,4,,,,,,0.005,0,1,,,0,0.0,,,,0,pair,fc7cae8d,7,
3,2,,,,,,0.005,0,2,,,0,0.0,,,,0,pair,fc7cae8d,5,
4,2,,,,,,0.005,1,2,,,1,0.2,,,,0,pair,fc7cae8d,5,
,,"[3, 4, 2]",0,1,1,,0.005,ALL,ALL,,,0,,0.06666666666666667,0.0,2,0,summary,fc7cae8d,8,
,,,,,,0,0.005,CELL,CELL,0,0.0,,,,,,0,cell_membership,fc7cae8d,,identity
,,,,,,0,0.005,CELL,CELL,0,0.0,,,,,,0,cell_membership,fc7cae8d,,rot90
,,,,,,0,0.005,CELL,CELL,0,0.0,,,,,,0,cell_membership,fc7cae8d,,rot180
,,,,,,0,0.005,CELL,CELL,0,0.0,,,,,,0,cell_membership,fc7cae8d,,rot270
,,,,,,0,0.005,CELL,CELL,0,0.0,,,,,,0,cell_membership,fc7cae8d,,flip_lr
,,,,,,0,0.005,CELL,CELL,1,0.3333333333333333,,,,,,0,cell_membership,fc7cae8d,,flip_ud
,,,,,,0,0.005,CELL,CELL,0,0.0,,,,,,0,cell_membership,fc7cae8d,,transpose
,,,,,,0,0.005,CELL,CELL,0,0.0,,,,,,0,cell_membership,fc7cae8d,,anti_transpose
,,,,,,12,0.005,CELL,CELL,2,0.6666666666666666,,,,,,0,cell_membership,fc7cae8d,,identity
,,,,,,12,0.005,CELL,CELL,0,0.0,,,,,,0,cell_membership,fc7cae8d,,rot90
,,,,,,12,0.005,CELL,CELL,1,0.3333333333333333,,,,,,0,cell_membership,fc7cae8d,,rot180
,,,,,,12,0.005,CELL,CELL,0,0.0,,,,,,0,cell_membership,fc7cae8d,,rot270
,,,,,,12,0.005,CELL,CELL,0,0.0,,,,,,0,cell_membership,fc7cae8d,,flip_lr
,,,,,,12,0.005,CELL,CELL,1,0.3333333333333333,,,,,,0,cell_membership,fc7cae8d,,flip_ud
,,,,,,12,0.005,CELL,CELL,0,0.0,,,,,,0,cell_membership,fc7cae8d,,transpose
,,,,,,12,0.005,CELL,CELL,0,0.0,,,,,,0,cell_membership,fc7cae8d,,anti_transpose
,,,,,,24,0.005,CELL,CELL,1,0.3333333333333333,,,,,,0,cell_membership,fc7cae8d,,identity
,,,,,,24,0.005,CELL,CELL,0,0.0,,,,,,0,cell_membership,fc7cae8d,,rot90
,,,,,,24,0.005,CELL,CELL,1,0.3333333333333333,,,,,,0,cell_membership,fc7cae8d,,rot180
,,,,,,24,0.005,CELL,CELL,1,0.3333333333333333,,,,,,0,cell_membership,fc7cae8d,,rot270
,,,,,,24,0.005,CELL,CELL,0,0.0,,,,,,0,cell_membership,fc7cae8d,,flip_lr
,,,,,,24,0.005,CELL,CELL,0,0.0,,,,,,0,cell_membership,fc7cae8d,,flip_ud
,,,,,,24,0.005,CELL,CELL,0,0.0,,,,,,0,cell_membership,fc7cae8d,,transpose
,,,,,,24,0.005,CELL,CELL,0,0.0,,,,,,0,cell_membership,fc7cae8d,,anti_transpose
,,,,,,48,0.005,CELL,CELL,0,0.0,,,,,,0,cell_membership,fc7cae8d,,identity
,,,,,,48,0.005,CELL,CELL,0,0.0,,,,,,0,cell_membership,fc7cae8d,,rot90
,,,,,,48,0.005,CELL,CELL,0,0.0,,,,,,0,cell_membership,fc7cae8d,,rot180
,,,,,,48,0.005,CELL,CELL,0,0.0,,,,,,0,cell_membership,fc7cae8d,,rot270
,,,,,,48,0.005,CELL,CELL,0,0.0,,,,,,0,cell_membership,fc7cae8d,,flip_lr
,,,,,,48,0.005,CELL,CELL,0,0.0,,,,,,0,cell_membership,fc7cae8d,,flip_ud
,,,,,,48,0.005,CELL,CELL,0,0.0,,,,,,0,cell_membership,fc7cae8d,,transpose
,,,,,,48,0.005,CELL,CELL,0,0.0,,,,,,0,cell_membership,fc7cae8d,,anti_transpose
,,,,,,72,0.005,CELL,CELL,0,0.0,,,,,,0,cell_membership,fc7cae8d,,identity
,,,,,,72,0.005,CELL,CELL,0,0.0,,,,,,0,cell_membership,fc7cae8d,,rot90
,,,,,,72,0.005,CELL,CELL,0,0.0,,,,,,0,cell_membership,fc7cae8d,,rot180
,,,,,,72,0.005,CELL,CELL,0,0.0,,,,,,0,cell_membership,fc7cae8d,,rot270
,,,,,,72,0.005,CELL,CELL,0,0.0,,,,,,0,cell_membership,fc7cae8d,,flip_lr
,,,,,,72,0.005,CELL,CELL,1,0.3333333333333333,,,,,,0,cell_membership,fc7cae8d,,flip_ud
,,,,,,72,0.005,CELL,CELL,0,0.0,,,,,,0,cell_membership,fc7cae8d,,transpose
,,,,,,72,0.005,CELL,CELL,0,0.0,,,,,,0,cell_membership,fc7cae8d,,anti_transpose
4,7,,,,,,0.01,0,1,,,1,0.1,,,,0,pair,fc7cae8d,10,
4,4,,,,,,0.01,0,2,,,0,0.0,,,,0,pair,fc7cae8d,8,
7,4,,,,,,0.01,1,2,,,1,0.1,,,,0,pair,fc7cae8d,10,
,,"[4, 7, 4]",0,2,2,,0.01,ALL,ALL,,,0,,0.06666666666666667,0.1,2,0,summary,fc7cae8d,13,
,,,,,,0,0.01,CELL,CELL,0,0.0,,,,,,0,cell_membership,fc7cae8d,,identity
,,,,,,0,0.01,CELL,CELL,0,0.0,,,,,,0,cell_membership,fc7cae8d,,rot90
,,,,,,0,0.01,CELL,CELL,0,0.0,,,,,,0,cell_membership,fc7cae8d,,rot180
,,,,,,0,0.01,CELL,CELL,0,0.0,,,,,,0,cell_membership,fc7cae8d,,rot270
,,,,,,0,0.01,CELL,CELL,0,0.0,,,,,,0,cell_membership,fc7cae8d,,flip_lr
,,,,,,0,0.01,CELL,CELL,1,0.3333333333333333,,,,,,0,cell_membership,fc7cae8d,,flip_ud
,,,,,,0,0.01,CELL,CELL,0,0.0,,,,,,0,cell_membership,fc7cae8d,,transpose
,,,,,,0,0.01,CELL,CELL,0,0.0,,,,,,0,cell_membership,fc7cae8d,,anti_transpose
,,,,,,12,0.01,CELL,CELL,2,0.6666666666666666,,,,,,0,cell_membership,fc7cae8d,,identity
,,,,,,12,0.01,CELL,CELL,1,0.3333333333333333,,,,,,0,cell_membership,fc7cae8d,,rot90
,,,,,,12,0.01,CELL,CELL,2,0.6666666666666666,,,,,,0,cell_membership,fc7cae8d,,rot180
,,,,,,12,0.01,CELL,CELL,1,0.3333333333333333,,,,,,0,cell_membership,fc7cae8d,,rot270
,,,,,,12,0.01,CELL,CELL,0,0.0,,,,,,0,cell_membership,fc7cae8d,,flip_lr
,,,,,,12,0.01,CELL,CELL,1,0.3333333333333333,,,,,,0,cell_membership,fc7cae8d,,flip_ud
,,,,,,12,0.01,CELL,CELL,0,0.0,,,,,,0,cell_membership,fc7cae8d,,transpose
,,,,,,12,0.01,CELL,CELL,0,0.0,,,,,,0,cell_membership,fc7cae8d,,anti_transpose
,,,,,,24,0.01,CELL,CELL,1,0.3333333333333333,,,,,,0,cell_membership,fc7cae8d,,identity
,,,,,,24,0.01,CELL,CELL,1,0.3333333333333333,,,,,,0,cell_membership,fc7cae8d,,rot90
,,,,,,24,0.01,CELL,CELL,1,0.3333333333333333,,,,,,0,cell_membership,fc7cae8d,,rot180
,,,,,,24,0.01,CELL,CELL,1,0.3333333333333333,,,,,,0,cell_membership,fc7cae8d,,rot270
,,,,,,24,0.01,CELL,CELL,0,0.0,,,,,,0,cell_membership,fc7cae8d,,flip_lr
,,,,,,24,0.01,CELL,CELL,1,0.3333333333333333,,,,,,0,cell_membership,fc7cae8d,,flip_ud
,,,,,,24,0.01,CELL,CELL,0,0.0,,,,,,0,cell_membership,fc7cae8d,,transpose
,,,,,,24,0.01,CELL,CELL,0,0.0,,,,,,0,cell_membership,fc7cae8d,,anti_transpose
,,,,,,48,0.01,CELL,CELL,0,0.0,,,,,,0,cell_membership,fc7cae8d,,identity
,,,,,,48,0.01,CELL,CELL,0,0.0,,,,,,0,cell_membership,fc7cae8d,,rot90
,,,,,,48,0.01,CELL,CELL,0,0.0,,,,,,0,cell_membership,fc7cae8d,,rot180
,,,,,,48,0.01,CELL,CELL,0,0.0,,,,,,0,cell_membership,fc7cae8d,,rot270
,,,,,,48,0.01,CELL,CELL,0,0.0,,,,,,0,cell_membership,fc7cae8d,,flip_lr
,,,,,,48,0.01,CELL,CELL,0,0.0,,,,,,0,cell_membership,fc7cae8d,,flip_ud
,,,,,,48,0.01,CELL,CELL,0,0.0,,,,,,0,cell_membership,fc7cae8d,,transpose
,,,,,,48,0.01,CELL,CELL,0,0.0,,,,,,0,cell_membership,fc7cae8d,,anti_transpose
,,,,,,72,0.01,CELL,CELL,0,0.0,,,,,,0,cell_membership,fc7cae8d,,identity
,,,,,,72,0.01,CELL,CELL,0,0.0,,,,,,0,cell_membership,fc7cae8d,,rot90
,,,,,,72,0.01,CELL,CELL,0,0.0,,,,,,0,cell_membership,fc7cae8d,,rot180
,,,,,,72,0.01,CELL,CELL,0,0.0,,,,,,0,cell_membership,fc7cae8d,,rot270
,,,,,,72,0.01,CELL,CELL,0,0.0,,,,,,0,cell_membership,fc7cae8d,,flip_lr
,,,,,,72,0.01,CELL,CELL,1,0.3333333333333333,,,,,,0,cell_membership,fc7cae8d,,flip_ud
,,,,,,72,0.01,CELL,CELL,1,0.3333333333333333,,,,,,0,cell_membership,fc7cae8d,,transpose
,,,,,,72,0.01,CELL,CELL,0,0.0,,,,,,0,cell_membership,fc7cae8d,,anti_transpose
