task_id,output_index,output_id,depth,view,Y_G,Y_F,Y_C,Y_R,greedy_provenance,v5_provenance,greedy_label_status,v5_label_status,observed_surface
0934a4d8,0,0934a4d8:o0,12,identity,0,0,0,0,GREEDY_TRUSTWORTHY,V5_TRUSTWORTHY,KNOWN,KNOWN,PRIMARY_3_DEPTH_X_4_VIEW
0934a4d8,0,0934a4d8:o0,12,flip_ud,0,0,0,0,GREEDY_TRUSTWORTHY,V5_TRUSTWORTHY,KNOWN,KNOWN,PRIMARY_3_DEPTH_X_4_VIEW
0934a4d8,0,0934a4d8:o0,12,transpose,0,0,0,0,GREEDY_TRUSTWORTHY,V5_TRUSTWORTHY,KNOWN,KNOWN,PRIMARY_3_DEPTH_X_4_VIEW
0934a4d8,0,0934a4d8:o0,12,anti_transpose,0,0,0,0,GREEDY_TRUSTWORTHY,V5_TRUSTWORTHY,KNOWN,KNOWN,PRIMARY_3_DEPTH_X_4_VIEW
0934a4d8,0,0934a4d8:o0,24,identity,0,0,0,0,GREEDY_TRUSTWORTHY,V5_TRUSTWORTHY,KNOWN,KNOWN,PRIMARY_3_DEPTH_X_4_VIEW
0934a4d8,0,0934a4d8:o0,24,flip_ud,0,0,0,0,GREEDY_TRUSTWORTHY,V5_TRUSTWORTHY,KNOWN,KNOWN,PRIMARY_3_DEPTH_X_4_VIEW
0934a4d8,0,0934a4d8:o0,24,transpose,0,0,0,0,GREEDY_TRUSTWORTHY,V5_TRUSTWORTHY,KNOWN,KNOWN,PRIMARY_3_DEPTH_X_4_VIEW
0934a4d8,0,0934a4d8:o0,24,anti_transpose,0,0,0,0,GREEDY_TRUSTWORTHY,V5_TRUSTWORTHY,KNOWN,KNOWN,PRIMARY_3_DEPTH_X_4_VIEW
0934a4d8,0,0934a4d8:o0,48,identity,0,0,0,0,GREEDY_TRUSTWORTHY,V5_TRUSTWORTHY,KNOWN,KNOWN,PRIMARY_3_DEPTH_X_4_VIEW
0934a4d8,0,0934a4d8:o0,48,flip_ud,0,0,0,0,GREEDY_TRUSTWORTHY,V5_TRUSTWORTHY,KNOWN,KNOWN,PRIMARY_3_DEPTH_X_4_VIEW
0934a4d8,0,0934a4d8:o0,48,transpose,0,0,0,0,GREEDY_TRUSTWORTHY,V5_TRUSTWORTHY,KNOWN,KNOWN,PRIMARY_3_DEPTH_X_4_VIEW
0934a4d8,0,0934a4d8:o0,48,anti_transpose,0,0,0,0,GREEDY_TRUSTWORTHY,V5_TRUSTWORTHY,KNOWN,KNOWN,PRIMARY_3_DEPTH_X_4_VIEW
13e47133,0,13e47133:o0,12,identity,0,0,0,0,GREEDY_TRUSTWORTHY,V5_TRUSTWORTHY,KNOWN,KNOWN,PRIMARY_3_DEPTH_X_4_VIEW
13e47133,0,13e47133:o0,12,flip_ud,0,0,0,0,GREEDY_TRUSTWORTHY,V5_TRUSTWORTHY,KNOWN,KNOWN,PRIMARY_3_DEPTH_X_4_VIEW
13e47133,0,13e47133:o0,12,transpose,0,0,0,0,GREEDY_TRUSTWORTHY,V5_TRUSTWORTHY,KNOWN,KNOWN,PRIMARY_3_DEPTH_X_4_VIEW
13e47133,0,13e47133:o0,12,anti_transpose,0,0,0,0,GREEDY_TRUSTWORTHY,V5_TRUSTWORTHY,KNOWN,KNOWN,PRIMARY_3_DEPTH_X_4_VIEW
13e47133,0,13e47133:o0,24,identity,0,0,0,0,GREEDY_TRUSTWORTHY,V5_TRUSTWORTHY,KNOWN,KNOWN,PRIMARY_3_DEPTH_X_4_VIEW
13e47133,0,13e47133:o0,24,flip_ud,0,0,0,0,GREEDY_TRUSTWORTHY,V5_TRUSTWORTHY,KNOWN,KNOWN,PRIMARY_3_DEPTH_X_4_VIEW
13e47133,0,13e47133:o0,24,transpose,0,0,0,0,GREEDY_TRUSTWORTHY,V5_TRUSTWORTHY,KNOWN,KNOWN,PRIMARY_3_DEPTH_X_4_VIEW
13e47133,0,13e47133:o0,24,anti_transpose,0,0,0,0,GREEDY_TRUSTWORTHY,V5_TRUSTWORTHY,KNOWN,KNOWN,PRIMARY_3_DEPTH_X_4_VIEW
13e47133,0,13e47133:o0,48,identity,0,0,0,0,GREEDY_TRUSTWORTHY,V5_TRUSTWORTHY,KNOWN,KNOWN,PRIMARY_3_DEPTH_X_4_VIEW
13e47133,0,13e47133:o0,48,flip_ud,0,0,0,0,GREEDY_TRUSTWORTHY,V5_TRUSTWORTHY,KNOWN,KNOWN,PRIMARY_3_DEPTH_X_4_VIEW
13e47133,0,13e47133:o0,48,transpose,0,0,0,0,GREEDY_TRUSTWORTHY,V5_TRUSTWORTHY,KNOWN,KNOWN,PRIMARY_3_DEPTH_X_4_VIEW
13e47133,0,13e47133:o0,48,anti_transpose,0,0,0,0,GREEDY_TRUSTWORTHY,V5_TRUSTWORTHY,KNOWN,KNOWN,PRIMARY_3_DEPTH_X_4_VIEW
13e47133,1,13e47133:o1,12,identity,0,0,0,0,GREEDY_TRUSTWORTHY,V5_TRUSTWORTHY,KNOWN,KNOWN,PRIMARY_3_DEPTH_X_4_VIEW
13e47133,1,13e47133:o1,12,flip_ud,0,0,0,0,GREEDY_TRUSTWORTHY,V5_TRUSTWORTHY,KNOWN,KNOWN,PRIMARY_3_DEPTH_X_4_VIEW
13e47133,1,13e47133:o1,12,transpose,0,0,0,0,GREEDY_TRUSTWORTHY,V5_TRUSTWORTHY,KNOWN,KNOWN,PRIMARY_3_DEPTH_X_4_VIEW
13e47133,1,13e47133:o1,12,anti_transpose,0,0,0,0,GREEDY_TRUSTWORTHY,V5_TRUSTWORTHY,KNOWN,KNOWN,PRIMARY_3_DEPTH_X_4_VIEW
13e47133,1,13e47133:o1,24,identity,0,0,0,0,GREEDY_TRUSTWORTHY,V5_TRUSTWORTHY,KNOWN,KNOWN,PRIMARY_3_DEPTH_X_4_VIEW
13e47133,1,13e47133:o1,24,flip_ud,0,0,0,0,GREEDY_TRUSTWORTHY,V5_TRUSTWORTHY,KNOWN,KNOWN,PRIMARY_3_DEPTH_X_4_VIEW
13e47133,1,13e47133:o1,24,transpose,0,0,0,0,GREEDY_TRUSTWORTHY,V5_TRUSTWORTHY,KNOWN,KNOWN,PRIMARY_3_DEPTH_X_4_VIEW
13e47133,1,13e47133:o1,24,anti_transpose,0,0,0,0,GREEDY_TRUSTWORTHY,V5_TRUSTWORTHY,KNOWN,KNOWN,PRIMARY_3_DEPTH_X_4_VIEW
13e47133,1,13e47133:o1,48,identity,0,0,0,0,GREEDY_TRUSTWORTHY,V5_TRUSTWORTHY,KNOWN,KNOWN,PRIMARY_3_DEPTH_X_4_VIEW
13e47133,1,13e47133:o1,48,flip_ud,0,0,0,0,GREEDY_TRUSTWORTHY,V5_TRUSTWORTHY,KNOWN,KNOWN,PRIMARY_3_DEPTH_X_4_VIEW
13e47133,1,13e47133:o1,48,transpose,0,0,0,0,GREEDY_TRUSTWORTHY,V5_TRUSTWORTHY,KNOWN,KNOWN,PRIMARY_3_DEPTH_X_4_VIEW
13e47133,1,13e47133:o1,48,anti_transpose,0,0,0,0,GREEDY_TRUSTWORTHY,V5_TRUSTWORTHY,KNOWN,KNOWN,PRIMARY_3_DEPTH_X_4_VIEW
142ca369,0,142ca369:o0,12,identity,1,1,1,0,GREEDY_TRUSTWORTHY,V5_TRUSTWORTHY,KNOWN,KNOWN,PRIMARY_3_DEPTH_X_4_VIEW
142ca369,0,142ca369:o0,12,flip_ud,0,0,0,0,GREEDY_TRUSTWORTHY,V5_TRUSTWORTHY,KNOWN,KNOWN,PRIMARY_3_DEPTH_X_4_VIEW
142ca369,0,142ca369:o0,12,transpose,0,0,0,0,GREEDY_TRUSTWORTHY,V5_TRUSTWORTHY,KNOWN,KNOWN,PRIMARY_3_DEPTH_X_4_VIEW
142ca369,0,142ca369:o0,12,anti_transpose,0,0,0,0,GREEDY_TRUSTWORTHY,V5_TRUSTWORTHY,KNOWN,KNOWN,PRIMARY_3_DEPTH_X_4_VIEW
142ca369,0,142ca369:o0,24,identity,0,0,0,0,GREEDY_TRUSTWORTHY,V5_TRUSTWORTHY,KNOWN,KNOWN,PRIMARY_3_DEPTH_X_4_VIEW
142ca369,0,142ca369:o0,24,flip_ud,0,0,0,0,GREEDY_TRUSTWORTHY,V5_TRUSTWORTHY,KNOWN,KNOWN,PRIMARY_3_DEPTH_X_4_VIEW
142ca369,0,142ca369:o0,24,transpose,0,0,0,0,GREEDY_TRUSTWORTHY,V5_TRUSTWORTHY,KNOWN,KNOWN,PRIMARY_3_DEPTH_X_4_VIEW
142ca369,0,142ca369:o0,24,anti_transpose,0,0,0,0,GREEDY_TRUSTWORTHY,V5_TRUSTWORTHY,KNOWN,KNOWN,PRIMARY_3_DEPTH_X_4_VIEW
142ca369,0,142ca369:o0,48,identity,1,1,1,0,GREEDY_TRUSTWORTHY,V5_TRUSTWORTHY,KNOWN,KNOWN,PRIMARY_3_DEPTH_X_4_VIEW
142ca369,0,142ca369:o0,48,flip_ud,0,0,0,0,GREEDY_TRUSTWORTHY,V5_TRUSTWORTHY,KNOWN,KNOWN,PRIMARY_3_DEPTH_X_4_VIEW
142ca369,0,142ca369:o0,48,transpose,0,0,0,0,GREEDY_TRUSTWORTHY,V5_TRUSTWORTHY,KNOWN,KNOWN,PRIMARY_3_DEPTH_X_4_VIEW
142ca369,0,142ca369:o0,48,anti_transpose,0,0,0,0,GREEDY_TRUSTWORTHY,V5_TRUSTWORTHY,KNOWN,KNOWN,PRIMARY_3_DEPTH_X_4_VIEW
142ca369,1,142ca369:o1,12,identity,0,0,0,0,GREEDY_TRUSTWORTHY,V5_TRUSTWORTHY,KNOWN,KNOWN,PRIMARY_3_DEPTH_X_4_VIEW
142ca369,1,142ca369:o1,12,flip_ud,0,0,0,0,GREEDY_TRUSTWORTHY,V5_TRUSTWORTHY,KNOWN,KNOWN,PRIMARY_3_DEPTH_X_4_VIEW
142ca369,1,142ca369:o1,12,transpose,0,0,0,0,GREEDY_TRUSTWORTHY,V5_TRUSTWORTHY,KNOWN,KNOWN,PRIMARY_3_DEPTH_X_4_VIEW
142ca369,1,142ca369:o1,12,anti_transpose,0,0,0,0,GREEDY_TRUSTWORTHY,V5_TRUSTWORTHY,KNOWN,KNOWN,PRIMARY_3_DEPTH_X_4_VIEW
142ca369,1,142ca369:o1,24,identity,0,0,0,0,GREEDY_TRUSTWORTHY,V5_TRUSTWORTHY,KNOWN,KNOWN,PRIMARY_3_DEPTH_X_4_VIEW
142ca369,1,142ca369:o1,24,flip_ud,0,0,0,0,GREEDY_TRUSTWORTHY,V5_TRUSTWORTHY,KNOWN,KNOWN,PRIMARY_3_DEPTH_X_4_VIEW
142ca369,1,142ca369:o1,24,transpose,0,0,0,0,GREEDY_TRUSTWORTHY,V5_TRUSTWORTHY,KNOWN,KNOWN,PRIMARY_3_DEPTH_X_4_VIEW
142ca369,1,142ca369:o1,24,anti_transpose,0,0,0,0,GREEDY_TRUSTWORTHY,V5_TRUSTWORTHY,KNOWN,KNOWN,PRIMARY_3_DEPTH_X_4_VIEW
142ca369,1,142ca369:o1,48,identity,0,0,0,0,GREEDY_TRUSTWORTHY,V5_TRUSTWORTHY,KNOWN,KNOWN,PRIMARY_3_DEPTH_X_4_VIEW
142ca369,1,142ca369:o1,48,flip_ud,0,0,0,0,GREEDY_TRUSTWORTHY,V5_TRUSTWORTHY,KNOWN,KNOWN,PRIMARY_3_DEPTH_X_4_VIEW
142ca369,1,142ca369:o1,48,transpose,0,0,0,0,GREEDY_TRUSTWORTHY,V5_TRUSTWORTHY,KNOWN,KNOWN,PRIMARY_3_DEPTH_X_4_VIEW
142ca369,1,142ca369:o1,48,anti_transpose,0,0,0,0,GREEDY_TRUSTWORTHY,V5_TRUSTWORTHY,KNOWN,KNOWN,PRIMARY_3_DEPTH_X_4_VIEW
16b78196,0,16b78196:o0,12,identity,0,0,0,0,GREEDY_TRUSTWORTHY,V5_TRUSTWORTHY,KNOWN,KNOWN,PRIMARY_3_DEPTH_X_4_VIEW
16b78196,0,16b78196:o0,12,flip_ud,0,0,0,0,GREEDY_TRUSTWORTHY,V5_TRUSTWORTHY,KNOWN,KNOWN,PRIMARY_3_DEPTH_X_4_VIEW
16b78196,0,16b78196:o0,12,transpose,0,0,0,0,GREEDY_TRUSTWORTHY,V5_TRUSTWORTHY,KNOWN,KNOWN,PRIMARY_3_DEPTH_X_4_VIEW
16b78196,0,16b78196:o0,12,anti_transpose,0,0,0,0,GREEDY_TRUSTWORTHY,V5_TRUSTWORTHY,KNOWN,KNOWN,PRIMARY_3_DEPTH_X_4_VIEW
16b78196,0,16b78196:o0,24,identity,0,0,0,0,GREEDY_TRUSTWORTHY,V5_TRUSTWORTHY,KNOWN,KNOWN,PRIMARY_3_DEPTH_X_4_VIEW
16b78196,0,16b78196:o0,24,flip_ud,0,0,0,0,GREEDY_TRUSTWORTHY,V5_TRUSTWORTHY,KNOWN,KNOWN,PRIMARY_3_DEPTH_X_4_VIEW
16b78196,0,16b78196:o0,24,transpose,0,0,0,0,GREEDY_TRUSTWORTHY,V5_TRUSTWORTHY,KNOWN,KNOWN,PRIMARY_3_DEPTH_X_4_VIEW
16b78196,0,16b78196:o0,24,anti_transpose,0,0,0,0,GREEDY_TRUSTWORTHY,V5_TRUSTWORTHY,KNOWN,KNOWN,PRIMARY_3_DEPTH_X_4_VIEW
16b78196,0,16b78196:o0,48,identity,0,0,0,0,GREEDY_TRUSTWORTHY,V5_TRUSTWORTHY,KNOWN,KNOWN,PRIMARY_3_DEPTH_X_4_VIEW
16b78196,0,16b78196:o0,48,flip_ud,0,0,0,0,GREEDY_TRUSTWORTHY,V5_TRUSTWORTHY,KNOWN,KNOWN,PRIMARY_3_DEPTH_X_4_VIEW
16b78196,0,16b78196:o0,48,transpose,0,0,0,0,GREEDY_TRUSTWORTHY,V5_TRUSTWORTHY,KNOWN,KNOWN,PRIMARY_3_DEPTH_X_4_VIEW
16b78196,0,16b78196:o0,48,anti_transpose,0,0,0,0,GREEDY_TRUSTWORTHY,V5_TRUSTWORTHY,KNOWN,KNOWN,PRIMARY_3_DEPTH_X_4_VIEW
16de56c4,0,16de56c4:o0,12,identity,0,0,0,0,GREEDY_TRUSTWORTHY,V5_TRUSTWORTHY,KNOWN,KNOWN,PRIMARY_3_DEPTH_X_4_VIEW
16de56c4,0,16de56c4:o0,12,flip_ud,0,0,0,0,GREEDY_TRUSTWORTHY,V5_TRUSTWORTHY,KNOWN,KNOWN,PRIMARY_3_DEPTH_X_4_VIEW
16de56c4,0,16de56c4:o0,12,transpose,0,0,0,0,GREEDY_TRUSTWORTHY,V5_TRUSTWORTHY,KNOWN,KNOWN,PRIMARY_3_DEPTH_X_4_VIEW
16de56c4,0,16de56c4:o0,12,anti_transpose,0,0,0,0,GREEDY_TRUSTWORTHY,V5_TRUSTWORTHY,KNOWN,KNOWN,PRIMARY_3_DEPTH_X_4_VIEW
16de56c4,0,16de56c4:o0,24,identity,0,0,0,0,GREEDY_TRUSTWORTHY,V5_TRUSTWORTHY,KNOWN,KNOWN,PRIMARY_3_DEPTH_X_4_VIEW
16de56c4,0,16de56c4:o0,24,flip_ud,0,0,0,0,GREEDY_TRUSTWORTHY,V5_TRUSTWORTHY,KNOWN,KNOWN,PRIMARY_3_DEPTH_X_4_VIEW
16de56c4,0,16de56c4:o0,24,transpose,0,0,0,0,GREEDY_TRUSTWORTHY,V5_TRUSTWORTHY,KNOWN,KNOWN,PRIMARY_3_DEPTH_X_4_VIEW
16de56c4,0,16de56c4:o0,24,anti_transpose,0,0,0,0,GREEDY_TRUSTWORTHY,V5_TRUSTWORTHY,KNOWN,KNOWN,PRIMARY_3_DEPTH_X_4_VIEW
16de56c4,0,16de56c4:o0,48,identity,0,0,0,0,GREEDY_TRUSTWORTHY,V5_TRUSTWORTHY,KNOWN,KNOWN,PRIMARY_3_DEPTH_X_4_VIEW
16de56c4,0,16de56c4:o0,48,flip_ud,0,0,0,0,GREEDY_TRUSTWORTHY,V5_TRUSTWORTHY,KNOWN,KNOWN,PRIMARY_3_DEPTH_X_4_VIEW
16de56c4,0,16de56c4:o0,48,transpose,0,0,0,0,GREEDY_TRUSTWORTHY,V5_TRUSTWORTHY,KNOWN,KNOWN,PRIMARY_3_DEPTH_X_4_VIEW
16de56c4,0,16de56c4:o0,48,anti_transpose,0,0,0,0,GREEDY_TRUSTWORTHY,V5_TRUSTWORTHY,KNOWN,KNOWN,PRIMARY_3_DEPTH_X_4_VIEW
16de56c4,1,16de56c4:o1,12,identity,0,0,0,0,GREEDY_TRUSTWORTHY,V5_TRUSTWORTHY,KNOWN,KNOWN,PRIMARY_3_DEPTH_X_4_VIEW
16de56c4,1,16de56c4:o1,12,flip_ud,0,0,0,0,GREEDY_TRUSTWORTHY,V5_TRUSTWORTHY,KNOWN,KNOWN,PRIMARY_3_DEPTH_X_4_VIEW
16de56c4,1,16de56c4:o1,12,transpose,0,0,0,0,GREEDY_TRUSTWORTHY,V5_TRUSTWORTHY,KNOWN,KNOWN,PRIMARY_3_DEPTH_X_4_VIEW
16de56c4,1,16de56c4:o1,12,anti_transpose,0,0,0,0,GREEDY_TRUSTWORTHY,V5_TRUSTWORTHY,KNOWN,KNOWN,PRIMARY_3_DEPTH_X_4_VIEW
16de56c4,1,16de56c4:o1,24,identity,0,0,0,0,GREEDY_TRUSTWORTHY,V5_TRUSTWORTHY,KNOWN,KNOWN,PRIMARY_3_DEPTH_X_4_VIEW
16de56c4,1,16de56c4:o1,24,flip_ud,0,0,0,0,GREEDY_TRUSTWORTHY,V5_TRUSTWORTHY,KNOWN,KNOWN,PRIMARY_3_DEPTH_X_4_VIEW
16de56c4,1,16de56c4:o1,24,transpose,0,0,0,0,GREEDY_TRUSTWORTHY,V5_TRUSTWORTHY,KNOWN,KNOWN,PRIMARY_3_DEPTH_X_4_VIEW
16de56c4,1,16de56c4:o1,24,anti_transpose,0,0,0,0,GREEDY_TRUSTWORTHY,V5_TRUSTWORTHY,KNOWN,KNOWN,PRIMARY_3_DEPTH_X_4_VIEW
16de56c4,1,16de56c4:o1,48,identity,0,0,0,0,GREEDY_TRUSTWORTHY,V5_TRUSTWORTHY,KNOWN,KNOWN,PRIMARY_3_DEPTH_X_4_VIEW
16de56c4,1,16de56c4:o1,48,flip_ud,0,0,0,0,GREEDY_TRUSTWORTHY,V5_TRUSTWORTHY,KNOWN,KNOWN,PRIMARY_3_DEPTH_X_4_VIEW
16de56c4,1,16de56c4:o1,48,transpose,0,0,0,0,GREEDY_TRUSTWORTHY,V5_TRUSTWORTHY,KNOWN,KNOWN,PRIMARY_3_DEPTH_X_4_VIEW
16de56c4,1,16de56c4:o1,48,anti_transpose,0,0,0,0,GREEDY_TRUSTWORTHY,V5_TRUSTWORTHY,KNOWN,KNOWN,PRIMARY_3_DEPTH_X_4_VIEW
1818057f,0,1818057f:o0,12,identity,1,,1,0,GREEDY_TRUSTWORTHY,V5_PROVENANCE_LIMITED_UNKNOWN,KNOWN,UNKNOWN,PRIMARY_3_DEPTH_X_4_VIEW
1818057f,0,1818057f:o0,12,flip_ud,1,1,1,0,GREEDY_TRUSTWORTHY,V5_TRUSTWORTHY,KNOWN,KNOWN,PRIMARY_3_DEPTH_X_4_VIEW
1818057f,0,1818057f:o0,12,transpose,1,1,1,0,GREEDY_TRUSTWORTHY,V5_TRUSTWORTHY,KNOWN,KNOWN,PRIMARY_3_DEPTH_X_4_VIEW
1818057f,0,1818057f:o0,12,anti_transpose,0,0,0,0,GREEDY_TRUSTWORTHY,V5_TRUSTWORTHY,KNOWN,KNOWN,PRIMARY_3_DEPTH_X_4_VIEW
1818057f,0,1818057f:o0,24,identity,1,,1,0,GREEDY_TRUSTWORTHY,V5_PROVENANCE_LIMITED_UNKNOWN,KNOWN,UNKNOWN,PRIMARY_3_DEPTH_X_4_VIEW
1818057f,0,1818057f:o0,24,flip_ud,1,1,1,0,GREEDY_TRUSTWORTHY,V5_TRUSTWORTHY,KNOWN,KNOWN,PRIMARY_3_DEPTH_X_4_VIEW
1818057f,0,1818057f:o0,24,transpose,1,1,1,0,GREEDY_TRUSTWORTHY,V5_TRUSTWORTHY,KNOWN,KNOWN,PRIMARY_3_DEPTH_X_4_VIEW
1818057f,0,1818057f:o0,24,anti_transpose,0,0,0,0,GREEDY_TRUSTWORTHY,V5_TRUSTWORTHY,KNOWN,KNOWN,PRIMARY_3_DEPTH_X_4_VIEW
1818057f,0,1818057f:o0,48,identity,1,1,1,0,GREEDY_TRUSTWORTHY,V5_TRUSTWORTHY,KNOWN,KNOWN,PRIMARY_3_DEPTH_X_4_VIEW
1818057f,0,1818057f:o0,48,flip_ud,1,1,1,0,GREEDY_TRUSTWORTHY,V5_TRUSTWORTHY,KNOWN,KNOWN,PRIMARY_3_DEPTH_X_4_VIEW
1818057f,0,1818057f:o0,48,transpose,1,1,1,0,GREEDY_TRUSTWORTHY,V5_TRUSTWORTHY,KNOWN,KNOWN,PRIMARY_3_DEPTH_X_4_VIEW
1818057f,0,1818057f:o0,48,anti_transpose,1,1,1,0,GREEDY_TRUSTWORTHY,V5_TRUSTWORTHY,KNOWN,KNOWN,PRIMARY_3_DEPTH_X_4_VIEW
20270e3b,0,20270e3b:o0,12,identity,0,0,0,0,GREEDY_TRUSTWORTHY,V5_TRUSTWORTHY,KNOWN,KNOWN,PRIMARY_3_DEPTH_X_4_VIEW
20270e3b,0,20270e3b:o0,12,flip_ud,0,0,0,0,GREEDY_TRUSTWORTHY,V5_TRUSTWORTHY,KNOWN,KNOWN,PRIMARY_3_DEPTH_X_4_VIEW
20270e3b,0,20270e3b:o0,12,transpose,0,0,0,0,GREEDY_TRUSTWORTHY,V5_TRUSTWORTHY,KNOWN,KNOWN,PRIMARY_3_DEPTH_X_4_VIEW
20270e3b,0,20270e3b:o0,12,anti_transpose,0,0,0,0,GREEDY_TRUSTWORTHY,V5_TRUSTWORTHY,KNOWN,KNOWN,PRIMARY_3_DEPTH_X_4_VIEW
20270e3b,0,20270e3b:o0,24,identity,0,0,0,0,GREEDY_TRUSTWORTHY,V5_TRUSTWORTHY,KNOWN,KNOWN,PRIMARY_3_DEPTH_X_4_VIEW
20270e3b,0,20270e3b:o0,24,flip_ud,0,0,0,0,GREEDY_TRUSTWORTHY,V5_TRUSTWORTHY,KNOWN,KNOWN,PRIMARY_3_DEPTH_X_4_VIEW
20270e3b,0,20270e3b:o0,24,transpose,0,0,0,0,GREEDY_TRUSTWORTHY,V5_TRUSTWORTHY,KNOWN,KNOWN,PRIMARY_3_DEPTH_X_4_VIEW
20270e3b,0,20270e3b:o0,24,anti_transpose,0,0,0,0,GREEDY_TRUSTWORTHY,V5_TRUSTWORTHY,KNOWN,KNOWN,PRIMARY_3_DEPTH_X_4_VIEW
20270e3b,0,20270e3b:o0,48,identity,0,0,0,0,GREEDY_TRUSTWORTHY,V5_TRUSTWORTHY,KNOWN,KNOWN,PRIMARY_3_DEPTH_X_4_VIEW
20270e3b,0,20270e3b:o0,48,flip_ud,0,0,0,0,GREEDY_TRUSTWORTHY,V5_TRUSTWORTHY,KNOWN,KNOWN,PRIMARY_3_DEPTH_X_4_VIEW
20270e3b,0,20270e3b:o0,48,transpose,0,0,0,0,GREEDY_TRUSTWORTHY,V5_TRUSTWORTHY,KNOWN,KNOWN,PRIMARY_3_DEPTH_X_4_VIEW
20270e3b,0,20270e3b:o0,48,anti_transpose,0,0,0,0,GREEDY_TRUSTWORTHY,V5_TRUSTWORTHY,KNOWN,KNOWN,PRIMARY_3_DEPTH_X_4_VIEW
20270e3b,1,20270e3b:o1,12,identity,0,0,0,0,GREEDY_TRUSTWORTHY,V5_TRUSTWORTHY,KNOWN,KNOWN,PRIMARY_3_DEPTH_X_4_VIEW
20270e3b,1,20270e3b:o1,12,flip_ud,0,0,0,0,GREEDY_TRUSTWORTHY,V5_TRUSTWORTHY,KNOWN,KNOWN,PRIMARY_3_DEPTH_X_4_VIEW
20270e3b,1,20270e3b:o1,12,transpose,0,0,0,0,GREEDY_TRUSTWORTHY,V5_TRUSTWORTHY,KNOWN,KNOWN,PRIMARY_3_DEPTH_X_4_VIEW
20270e3b,1,20270e3b:o1,12,anti_transpose,0,0,0,0,GREEDY_TRUSTWORTHY,V5_TRUSTWORTHY,KNOWN,KNOWN,PRIMARY_3_DEPTH_X_4_VIEW
20270e3b,1,20270e3b:o1,24,identity,0,0,0,0,GREEDY_TRUSTWORTHY,V5_TRUSTWORTHY,KNOWN,KNOWN,PRIMARY_3_DEPTH_X_4_VIEW
20270e3b,1,20270e3b:o1,24,flip_ud,0,0,0,0,GREEDY_TRUSTWORTHY,V5_TRUSTWORTHY,KNOWN,KNOWN,PRIMARY_3_DEPTH_X_4_VIEW
20270e3b,1,20270e3b:o1,24,transpose,1,1,1,0,GREEDY_TRUSTWORTHY,V5_TRUSTWORTHY,KNOWN,KNOWN,PRIMARY_3_DEPTH_X_4_VIEW
20270e3b,1,20270e3b:o1,24,anti_transpose,0,1,1,1,GREEDY_TRUSTWORTHY,V5_TRUSTWORTHY,KNOWN,KNOWN,PRIMARY_3_DEPTH_X_4_VIEW
20270e3b,1,20270e3b:o1,48,identity,0,0,0,0,GREEDY_TRUSTWORTHY,V5_TRUSTWORTHY,KNOWN,KNOWN,PRIMARY_3_DEPTH_X_4_VIEW
20270e3b,1,20270e3b:o1,48,flip_ud,0,0,0,0,GREEDY_TRUSTWORTHY,V5_TRUSTWORTHY,KNOWN,KNOWN,PRIMARY_3_DEPTH_X_4_VIEW
20270e3b,1,20270e3b:o1,48,transpose,0,0,0,0,GREEDY_TRUSTWORTHY,V5_TRUSTWORTHY,KNOWN,KNOWN,PRIMARY_3_DEPTH_X_4_VIEW
20270e3b,1,20270e3b:o1,48,anti_transpose,0,0,0,0,GREEDY_TRUSTWORTHY,V5_TRUSTWORTHY,KNOWN,KNOWN,PRIMARY_3_DEPTH_X_4_VIEW
247ef758,0,247ef758:o0,12,identity,0,0,0,0,GREEDY_TRUSTWORTHY,V5_TRUSTWORTHY,KNOWN,KNOWN,PRIMARY_3_DEPTH_X_4_VIEW
247ef758,0,247ef758:o0,12,flip_ud,0,0,0,0,GREEDY_TRUSTWORTHY,V5_TRUSTWORTHY,KNOWN,KNOWN,PRIMARY_3_DEPTH_X_4_VIEW
247ef758,0,247ef758:o0,12,transpose,0,0,0,0,GREEDY_TRUSTWORTHY,V5_TRUSTWORTHY,KNOWN,KNOWN,PRIMARY_3_DEPTH_X_4_VIEW
247ef758,0,247ef758:o0,12,anti_transpose,0,0,0,0,GREEDY_TRUSTWORTHY,V5_TRUSTWORTHY,KNOWN,KNOWN,PRIMARY_3_DEPTH_X_4_VIEW
247ef758,0,247ef758:o0,24,identity,0,0,0,0,GREEDY_TRUSTWORTHY,V5_TRUSTWORTHY,KNOWN,KNOWN,PRIMARY_3_DEPTH_X_4_VIEW
247ef758,0,247ef758:o0,24,flip_ud,0,0,0,0,GREEDY_TRUSTWORTHY,V5_TRUSTWORTHY,KNOWN,KNOWN,PRIMARY_3_DEPTH_X_4_VIEW
247ef758,0,247ef758:o0,24,transpose,0,0,0,0,GREEDY_TRUSTWORTHY,V5_TRUSTWORTHY,KNOWN,KNOWN,PRIMARY_3_DEPTH_X_4_VIEW
247ef758,0,247ef758:o0,24,anti_transpose,0,0,0,0,GREEDY_TRUSTWORTHY,V5_TRUSTWORTHY,KNOWN,KNOWN,PRIMARY_3_DEPTH_X_4_VIEW
247ef758,0,247ef758:o0,48,identity,0,0,0,0,GREEDY_TRUSTWORTHY,V5_TRUSTWORTHY,KNOWN,KNOWN,PRIMARY_3_DEPTH_X_4_VIEW
247ef758,0,247ef758:o0,48,flip_ud,0,0,0,0,GREEDY_TRUSTWORTHY,V5_TRUSTWORTHY,KNOWN,KNOWN,PRIMARY_3_DEPTH_X_4_VIEW
247ef758,0,247ef758:o0,48,transpose,0,0,0,0,GREEDY_TRUSTWORTHY,V5_TRUSTWORTHY,KNOWN,KNOWN,PRIMARY_3_DEPTH_X_4_VIEW
247ef758,0,247ef758:o0,48,anti_transpose,0,0,0,0,GREEDY_TRUSTWORTHY,V5_TRUSTWORTHY,KNOWN,KNOWN,PRIMARY_3_DEPTH_X_4_VIEW
247ef758,1,247ef758:o1,12,identity,0,0,0,0,GREEDY_TRUSTWORTHY,V5_TRUSTWORTHY,KNOWN,KNOWN,PRIMARY_3_DEPTH_X_4_VIEW
247ef758,1,247ef758:o1,12,flip_ud,0,0,0,0,GREEDY_TRUSTWORTHY,V5_TRUSTWORTHY,KNOWN,KNOWN,PRIMARY_3_DEPTH_X_4_VIEW
247ef758,1,247ef758:o1,12,transpose,0,0,0,0,GREEDY_TRUSTWORTHY,V5_TRUSTWORTHY,KNOWN,KNOWN,PRIMARY_3_DEPTH_X_4_VIEW
247ef758,1,247ef758:o1,12,anti_transpose,0,0,0,0,GREEDY_TRUSTWORTHY,V5_TRUSTWORTHY,KNOWN,KNOWN,PRIMARY_3_DEPTH_X_4_VIEW
247ef758,1,247ef758:o1,24,identity,0,0,0,0,GREEDY_TRUSTWORTHY,V5_TRUSTWORTHY,KNOWN,KNOWN,PRIMARY_3_DEPTH_X_4_VIEW
247ef758,1,247ef758:o1,24,flip_ud,0,0,0,0,GREEDY_TRUSTWORTHY,V5_TRUSTWORTHY,KNOWN,KNOWN,PRIMARY_3_DEPTH_X_4_VIEW
247ef758,1,247ef758:o1,24,transpose,0,0,0,0,GREEDY_TRUSTWORTHY,V5_TRUSTWORTHY,KNOWN,KNOWN,PRIMARY_3_DEPTH_X_4_VIEW
247ef758,1,247ef758:o1,24,anti_transpose,0,0,0,0,GREEDY_TRUSTWORTHY,V5_TRUSTWORTHY,KNOWN,KNOWN,PRIMARY_3_DEPTH_X_4_VIEW
247ef758,1,247ef758:o1,48,identity,0,0,0,0,GREEDY_TRUSTWORTHY,V5_TRUSTWORTHY,KNOWN,KNOWN,PRIMARY_3_DEPTH_X_4_VIEW
247ef758,1,247ef758:o1,48,flip_ud,0,0,0,0,GREEDY_TRUSTWORTHY,V5_TRUSTWORTHY,KNOWN,KNOWN,PRIMARY_3_DEPTH_X_4_VIEW
247ef758,1,247ef758:o1,48,transpose,0,0,0,0,GREEDY_TRUSTWORTHY,V5_TRUSTWORTHY,KNOWN,KNOWN,PRIMARY_3_DEPTH_X_4_VIEW
247ef758,1,247ef758:o1,48,anti_transpose,0,0,0,0,GREEDY_TRUSTWORTHY,V5_TRUSTWORTHY,KNOWN,KNOWN,PRIMARY_3_DEPTH_X_4_VIEW
2b83f449,0,2b83f449:o0,12,identity,0,0,0,0,GREEDY_TRUSTWORTHY,V5_TRUSTWORTHY,KNOWN,KNOWN,PRIMARY_3_DEPTH_X_4_VIEW
2b83f449,0,2b83f449:o0,12,flip_ud,0,0,0,0,GREEDY_TRUSTWORTHY,V5_TRUSTWORTHY,KNOWN,KNOWN,PRIMARY_3_DEPTH_X_4_VIEW
2b83f449,0,2b83f449:o0,12,transpose,0,0,0,0,GREEDY_TRUSTWORTHY,V5_TRUSTWORTHY,KNOWN,KNOWN,PRIMARY_3_DEPTH_X_4_VIEW
2b83f449,0,2b83f449:o0,12,anti_transpose,0,0,0,0,GREEDY_TRUSTWORTHY,V5_TRUSTWORTHY,KNOWN,KNOWN,PRIMARY_3_DEPTH_X_4_VIEW
2b83f449,0,2b83f449:o0,24,identity,0,0,0,0,GREEDY_TRUSTWORTHY,V5_TRUSTWORTHY,KNOWN,KNOWN,PRIMARY_3_DEPTH_X_4_VIEW
2b83f449,0,2b83f449:o0,24,flip_ud,0,0,0,0,GREEDY_TRUSTWORTHY,V5_TRUSTWORTHY,KNOWN,KNOWN,PRIMARY_3_DEPTH_X_4_VIEW
2b83f449,0,2b83f449:o0,24,transpose,0,0,0,0,GREEDY_TRUSTWORTHY,V5_TRUSTWORTHY,KNOWN,KNOWN,PRIMARY_3_DEPTH_X_4_VIEW
2b83f449,0,2b83f449:o0,24,anti_transpose,0,0,0,0,GREEDY_TRUSTWORTHY,V5_TRUSTWORTHY,KNOWN,KNOWN,PRIMARY_3_DEPTH_X_4_VIEW
2b83f449,0,2b83f449:o0,48,identity,0,0,0,0,GREEDY_TRUSTWORTHY,V5_TRUSTWORTHY,KNOWN,KNOWN,PRIMARY_3_DEPTH_X_4_VIEW
2b83f449,0,2b83f449:o0,48,flip_ud,0,0,0,0,GREEDY_TRUSTWORTHY,V5_TRUSTWORTHY,KNOWN,KNOWN,PRIMARY_3_DEPTH_X_4_VIEW
2b83f449,0,2b83f449:o0,48,transpose,0,0,0,0,GREEDY_TRUSTWORTHY,V5_TRUSTWORTHY,KNOWN,KNOWN,PRIMARY_3_DEPTH_X_4_VIEW
2b83f449,0,2b83f449:o0,48,anti_transpose,0,0,0,0,GREEDY_TRUSTWORTHY,V5_TRUSTWORTHY,KNOWN,KNOWN,PRIMARY_3_DEPTH_X_4_VIEW
2c181942,0,2c181942:o0,12,identity,0,0,0,0,GREEDY_TRUSTWORTHY,V5_TRUSTWORTHY,KNOWN,KNOWN,PRIMARY_3_DEPTH_X_4_VIEW
2c181942,0,2c181942:o0,12,flip_ud,0,0,0,0,GREEDY_TRUSTWORTHY,V5_TRUSTWORTHY,KNOWN,KNOWN,PRIMARY_3_DEPTH_X_4_VIEW
2c181942,0,2c181942:o0,12,transpose,0,0,0,0,GREEDY_TRUSTWORTHY,V5_TRUSTWORTHY,KNOWN,KNOWN,PRIMARY_3_DEPTH_X_4_VIEW
2c181942,0,2c181942:o0,12,anti_transpose,0,0,0,0,GREEDY_TRUSTWORTHY,V5_TRUSTWORTHY,KNOWN,KNOWN,PRIMARY_3_DEPTH_X_4_VIEW
2c181942,0,2c181942:o0,24,identity,0,0,0,0,GREEDY_TRUSTWORTHY,V5_TRUSTWORTHY,KNOWN,KNOWN,PRIMARY_3_DEPTH_X_4_VIEW
2c181942,0,2c181942:o0,24,flip_ud,0,0,0,0,GREEDY_TRUSTWORTHY,V5_TRUSTWORTHY,KNOWN,KNOWN,PRIMARY_3_DEPTH_X_4_VIEW
2c181942,0,2c181942:o0,24,transpose,0,0,0,0,GREEDY_TRUSTWORTHY,V5_TRUSTWORTHY,KNOWN,KNOWN,PRIMARY_3_DEPTH_X_4_VIEW
2c181942,0,2c181942:o0,24,anti_transpose,0,0,0,0,GREEDY_TRUSTWORTHY,V5_TRUSTWORTHY,KNOWN,KNOWN,PRIMARY_3_DEPTH_X_4_VIEW
2c181942,0,2c181942:o0,48,identity,0,0,0,0,GREEDY_TRUSTWORTHY,V5_TRUSTWORTHY,KNOWN,KNOWN,PRIMARY_3_DEPTH_X_4_VIEW
2c181942,0,2c181942:o0,48,flip_ud,0,0,0,0,GREEDY_TRUSTWORTHY,V5_TRUSTWORTHY,KNOWN,KNOWN,PRIMARY_3_DEPTH_X_4_VIEW
2c181942,0,2c181942:o0,48,transpose,0,0,0,0,GREEDY_TRUSTWORTHY,V5_TRUSTWORTHY,KNOWN,KNOWN,PRIMARY_3_DEPTH_X_4_VIEW
2c181942,0,2c181942:o0,48,anti_transpose,0,0,0,0,GREEDY_TRUSTWORTHY,V5_TRUSTWORTHY,KNOWN,KNOWN,PRIMARY_3_DEPTH_X_4_VIEW
2d0172a1,0,2d0172a1:o0,12,identity,0,0,0,0,GREEDY_TRUSTWORTHY,V5_TRUSTWORTHY,KNOWN,KNOWN,PRIMARY_3_DEPTH_X_4_VIEW
2d0172a1,0,2d0172a1:o0,12,flip_ud,0,0,0,0,GREEDY_TRUSTWORTHY,V5_TRUSTWORTHY,KNOWN,KNOWN,PRIMARY_3_DEPTH_X_4_VIEW
2d0172a1,0,2d0172a1:o0,12,transpose,0,1,1,1,GREEDY_TRUSTWORTHY,V5_TRUSTWORTHY,KNOWN,KNOWN,PRIMARY_3_DEPTH_X_4_VIEW
2d0172a1,0,2d0172a1:o0,12,anti_transpose,0,0,0,0,GREEDY_TRUSTWORTHY,V5_TRUSTWORTHY,KNOWN,KNOWN,PRIMARY_3_DEPTH_X_4_VIEW
2d0172a1,0,2d0172a1:o0,24,identity,1,1,1,0,GREEDY_TRUSTWORTHY,V5_TRUSTWORTHY,KNOWN,KNOWN,PRIMARY_3_DEPTH_X_4_VIEW
2d0172a1,0,2d0172a1:o0,24,flip_ud,1,1,1,0,GREEDY_TRUSTWORTHY,V5_TRUSTWORTHY,KNOWN,KNOWN,PRIMARY_3_DEPTH_X_4_VIEW
2d0172a1,0,2d0172a1:o0,24,transpose,1,1,1,0,GREEDY_TRUSTWORTHY,V5_TRUSTWORTHY,KNOWN,KNOWN,PRIMARY_3_DEPTH_X_4_VIEW
2d0172a1,0,2d0172a1:o0,24,anti_transpose,0,0,0,0,GREEDY_TRUSTWORTHY,V5_TRUSTWORTHY,KNOWN,KNOWN,PRIMARY_3_DEPTH_X_4_VIEW
2d0172a1,0,2d0172a1:o0,48,identity,0,1,1,1,GREEDY_TRUSTWORTHY,V5_TRUSTWORTHY,KNOWN,KNOWN,PRIMARY_3_DEPTH_X_4_VIEW
2d0172a1,0,2d0172a1:o0,48,flip_ud,0,1,1,1,GREEDY_TRUSTWORTHY,V5_TRUSTWORTHY,KNOWN,KNOWN,PRIMARY_3_DEPTH_X_4_VIEW
2d0172a1,0,2d0172a1:o0,48,transpose,0,0,0,0,GREEDY_TRUSTWORTHY,V5_TRUSTWORTHY,KNOWN,KNOWN,PRIMARY_3_DEPTH_X_4_VIEW
2d0172a1,0,2d0172a1:o0,48,anti_transpose,0,0,0,0,GREEDY_TRUSTWORTHY,V5_TRUSTWORTHY,KNOWN,KNOWN,PRIMARY_3_DEPTH_X_4_VIEW
2d0172a1,1,2d0172a1:o1,12,identity,0,0,0,0,GREEDY_TRUSTWORTHY,V5_TRUSTWORTHY,KNOWN,KNOWN,PRIMARY_3_DEPTH_X_4_VIEW
2d0172a1,1,2d0172a1:o1,12,flip_ud,0,0,0,0,GREEDY_TRUSTWORTHY,V5_TRUSTWORTHY,KNOWN,KNOWN,PRIMARY_3_DEPTH_X_4_VIEW
2d0172a1,1,2d0172a1:o1,12,transpose,0,0,0,0,GREEDY_TRUSTWORTHY,V5_TRUSTWORTHY,KNOWN,KNOWN,PRIMARY_3_DEPTH_X_4_VIEW
2d0172a1,1,2d0172a1:o1,12,anti_transpose,0,0,0,0,GREEDY_TRUSTWORTHY,V5_TRUSTWORTHY,KNOWN,KNOWN,PRIMARY_3_DEPTH_X_4_VIEW
2d0172a1,1,2d0172a1:o1,24,identity,1,1,1,0,GREEDY_TRUSTWORTHY,V5_TRUSTWORTHY,KNOWN,KNOWN,PRIMARY_3_DEPTH_X_4_VIEW
2d0172a1,1,2d0172a1:o1,24,flip_ud,0,0,0,0,GREEDY_TRUSTWORTHY,V5_TRUSTWORTHY,KNOWN,KNOWN,PRIMARY_3_DEPTH_X_4_VIEW
2d0172a1,1,2d0172a1:o1,24,transpose,0,0,0,0,GREEDY_TRUSTWORTHY,V5_TRUSTWORTHY,KNOWN,KNOWN,PRIMARY_3_DEPTH_X_4_VIEW
2d0172a1,1,2d0172a1:o1,24,anti_transpose,0,0,0,0,GREEDY_TRUSTWORTHY,V5_TRUSTWORTHY,KNOWN,KNOWN,PRIMARY_3_DEPTH_X_4_VIEW
2d0172a1,1,2d0172a1:o1,48,identity,1,1,1,0,GREEDY_TRUSTWORTHY,V5_TRUSTWORTHY,KNOWN,KNOWN,PRIMARY_3_DEPTH_X_4_VIEW
2d0172a1,1,2d0172a1:o1,48,flip_ud,0,0,0,0,GREEDY_TRUSTWORTHY,V5_TRUSTWORTHY,KNOWN,KNOWN,PRIMARY_3_DEPTH_X_4_VIEW
2d0172a1,1,2d0172a1:o1,48,transpose,0,0,0,0,GREEDY_TRUSTWORTHY,V5_TRUSTWORTHY,KNOWN,KNOWN,PRIMARY_3_DEPTH_X_4_VIEW
2d0172a1,1,2d0172a1:o1,48,anti_transpose,0,0,0,0,GREEDY_TRUSTWORTHY,V5_TRUSTWORTHY,KNOWN,KNOWN,PRIMARY_3_DEPTH_X_4_VIEW
31f7f899,0,31f7f899:o0,12,identity,1,,1,0,GREEDY_TRUSTWORTHY,V5_PROVENANCE_LIMITED_UNKNOWN,KNOWN,UNKNOWN,PRIMARY_3_DEPTH_X_4_VIEW
31f7f899,0,31f7f899:o0,12,flip_ud,1,1,1,0,GREEDY_TRUSTWORTHY,V5_TRUSTWORTHY,KNOWN,KNOWN,PRIMARY_3_DEPTH_X_4_VIEW
31f7f899,0,31f7f899:o0,12,transpose,1,1,1,0,GREEDY_TRUSTWORTHY,V5_TRUSTWORTHY,KNOWN,KNOWN,PRIMARY_3_DEPTH_X_4_VIEW
31f7f899,0,31f7f899:o0,12,anti_transpose,1,1,1,0,GREEDY_TRUSTWORTHY,V5_TRUSTWORTHY,KNOWN,KNOWN,PRIMARY_3_DEPTH_X_4_VIEW
31f7f899,0,31f7f899:o0,24,identity,0,1,1,1,GREEDY_TRUSTWORTHY,V5_TRUSTWORTHY,KNOWN,KNOWN,PRIMARY_3_DEPTH_X_4_VIEW
31f7f899,0,31f7f899:o0,24,flip_ud,0,0,0,0,GREEDY_TRUSTWORTHY,V5_TRUSTWORTHY,KNOWN,KNOWN,PRIMARY_3_DEPTH_X_4_VIEW
31f7f899,0,31f7f899:o0,24,transpose,1,1,1,0,GREEDY_TRUSTWORTHY,V5_TRUSTWORTHY,KNOWN,KNOWN,PRIMARY_3_DEPTH_X_4_VIEW
31f7f899,0,31f7f899:o0,24,anti_transpose,1,1,1,0,GREEDY_TRUSTWORTHY,V5_TRUSTWORTHY,KNOWN,KNOWN,PRIMARY_3_DEPTH_X_4_VIEW
31f7f899,0,31f7f899:o0,48,identity,1,,1,0,GREEDY_TRUSTWORTHY,V5_PROVENANCE_LIMITED_UNKNOWN,KNOWN,UNKNOWN,PRIMARY_3_DEPTH_X_4_VIEW
31f7f899,0,31f7f899:o0,48,flip_ud,0,0,0,0,GREEDY_TRUSTWORTHY,V5_TRUSTWORTHY,KNOWN,KNOWN,PRIMARY_3_DEPTH_X_4_VIEW
31f7f899,0,31f7f899:o0,48,transpose,0,0,0,0,GREEDY_TRUSTWORTHY,V5_TRUSTWORTHY,KNOWN,KNOWN,PRIMARY_3_DEPTH_X_4_VIEW
31f7f899,0,31f7f899:o0,48,anti_transpose,1,1,1,0,GREEDY_TRUSTWORTHY,V5_TRUSTWORTHY,KNOWN,KNOWN,PRIMARY_3_DEPTH_X_4_VIEW
332f06d7,0,332f06d7:o0,12,identity,0,0,0,0,GREEDY_TRUSTWORTHY,V5_TRUSTWORTHY,KNOWN,KNOWN,PRIMARY_3_DEPTH_X_4_VIEW
332f06d7,0,332f06d7:o0,12,flip_ud,0,0,0,0,GREEDY_TRUSTWORTHY,V5_TRUSTWORTHY,KNOWN,KNOWN,PRIMARY_3_DEPTH_X_4_VIEW
332f06d7,0,332f06d7:o0,12,transpose,0,0,0,0,GREEDY_TRUSTWORTHY,V5_TRUSTWORTHY,KNOWN,KNOWN,PRIMARY_3_DEPTH_X_4_VIEW
332f06d7,0,332f06d7:o0,12,anti_transpose,0,0,0,0,GREEDY_TRUSTWORTHY,V5_TRUSTWORTHY,KNOWN,KNOWN,PRIMARY_3_DEPTH_X_4_VIEW
332f06d7,0,332f06d7:o0,24,identity,0,0,0,0,GREEDY_TRUSTWORTHY,V5_TRUSTWORTHY,KNOWN,KNOWN,PRIMARY_3_DEPTH_X_4_VIEW
332f06d7,0,332f06d7:o0,24,flip_ud,0,0,0,0,GREEDY_TRUSTWORTHY,V5_TRUSTWORTHY,KNOWN,KNOWN,PRIMARY_3_DEPTH_X_4_VIEW
332f06d7,0,332f06d7:o0,24,transpose,0,0,0,0,GREEDY_TRUSTWORTHY,V5_TRUSTWORTHY,KNOWN,KNOWN,PRIMARY_3_DEPTH_X_4_VIEW
332f06d7,0,332f06d7:o0,24,anti_transpose,0,0,0,0,GREEDY_TRUSTWORTHY,V5_TRUSTWORTHY,KNOWN,KNOWN,PRIMARY_3_DEPTH_X_4_VIEW
332f06d7,0,332f06d7:o0,48,identity,0,0,0,0,GREEDY_TRUSTWORTHY,V5_TRUSTWORTHY,KNOWN,KNOWN,PRIMARY_3_DEPTH_X_4_VIEW
332f06d7,0,332f06d7:o0,48,flip_ud,0,0,0,0,GREEDY_TRUSTWORTHY,V5_TRUSTWORTHY,KNOWN,KNOWN,PRIMARY_3_DEPTH_X_4_VIEW
332f06d7,0,332f06d7:o0,48,transpose,0,0,0,0,GREEDY_TRUSTWORTHY,V5_TRUSTWORTHY,KNOWN,KNOWN,PRIMARY_3_DEPTH_X_4_VIEW
332f06d7,0,332f06d7:o0,48,anti_transpose,0,0,0,0,GREEDY_TRUSTWORTHY,V5_TRUSTWORTHY,KNOWN,KNOWN,PRIMARY_3_DEPTH_X_4_VIEW
36a08778,0,36a08778:o0,12,identity,1,1,1,0,GREEDY_TRUSTWORTHY,V5_TRUSTWORTHY,KNOWN,KNOWN,PRIMARY_3_DEPTH_X_4_VIEW
36a08778,0,36a08778:o0,12,flip_ud,1,1,1,0,GREEDY_TRUSTWORTHY,V5_TRUSTWORTHY,KNOWN,KNOWN,PRIMARY_3_DEPTH_X_4_VIEW
36a08778,0,36a08778:o0,12,transpose,0,1,1,1,GREEDY_TRUSTWORTHY,V5_TRUSTWORTHY,KNOWN,KNOWN,PRIMARY_3_DEPTH_X_4_VIEW
36a08778,0,36a08778:o0,12,anti_transpose,0,0,0,0,GREEDY_TRUSTWORTHY,V5_TRUSTWORTHY,KNOWN,KNOWN,PRIMARY_3_DEPTH_X_4_VIEW
36a08778,0,36a08778:o0,24,identity,1,1,1,0,GREEDY_TRUSTWORTHY,V5_TRUSTWORTHY,KNOWN,KNOWN,PRIMARY_3_DEPTH_X_4_VIEW
36a08778,0,36a08778:o0,24,flip_ud,1,1,1,0,GREEDY_TRUSTWORTHY,V5_TRUSTWORTHY,KNOWN,KNOWN,PRIMARY_3_DEPTH_X_4_VIEW
36a08778,0,36a08778:o0,24,transpose,1,1,1,0,GREEDY_TRUSTWORTHY,V5_TRUSTWORTHY,KNOWN,KNOWN,PRIMARY_3_DEPTH_X_4_VIEW
36a08778,0,36a08778:o0,24,anti_transpose,0,0,0,0,GREEDY_TRUSTWORTHY,V5_TRUSTWORTHY,KNOWN,KNOWN,PRIMARY_3_DEPTH_X_4_VIEW
36a08778,0,36a08778:o0,48,identity,1,1,1,0,GREEDY_TRUSTWORTHY,V5_TRUSTWORTHY,KNOWN,KNOWN,PRIMARY_3_DEPTH_X_4_VIEW
36a08778,0,36a08778:o0,48,flip_ud,1,1,1,0,GREEDY_TRUSTWORTHY,V5_TRUSTWORTHY,KNOWN,KNOWN,PRIMARY_3_DEPTH_X_4_VIEW
36a08778,0,36a08778:o0,48,transpose,1,1,1,0,GREEDY_TRUSTWORTHY,V5_TRUSTWORTHY,KNOWN,KNOWN,PRIMARY_3_DEPTH_X_4_VIEW
36a08778,0,36a08778:o0,48,anti_transpose,0,0,0,0,GREEDY_TRUSTWORTHY,V5_TRUSTWORTHY,KNOWN,KNOWN,PRIMARY_3_DEPTH_X_4_VIEW
36a08778,1,36a08778:o1,12,identity,0,0,0,0,GREEDY_TRUSTWORTHY,V5_TRUSTWORTHY,KNOWN,KNOWN,PRIMARY_3_DEPTH_X_4_VIEW
36a08778,1,36a08778:o1,12,flip_ud,0,0,0,0,GREEDY_TRUSTWORTHY,V5_TRUSTWORTHY,KNOWN,KNOWN,PRIMARY_3_DEPTH_X_4_VIEW
36a08778,1,36a08778:o1,12,transpose,0,0,0,0,GREEDY_TRUSTWORTHY,V5_TRUSTWORTHY,KNOWN,KNOWN,PRIMARY_3_DEPTH_X_4_VIEW
36a08778,1,36a08778:o1,12,anti_transpose,0,0,0,0,GREEDY_TRUSTWORTHY,V5_TRUSTWORTHY,KNOWN,KNOWN,PRIMARY_3_DEPTH_X_4_VIEW
36a08778,1,36a08778:o1,24,identity,0,0,0,0,GREEDY_TRUSTWORTHY,V5_TRUSTWORTHY,KNOWN,KNOWN,PRIMARY_3_DEPTH_X_4_VIEW
36a08778,1,36a08778:o1,24,flip_ud,0,0,0,0,GREEDY_TRUSTWORTHY,V5_TRUSTWORTHY,KNOWN,KNOWN,PRIMARY_3_DEPTH_X_4_VIEW
36a08778,1,36a08778:o1,24,transpose,0,0,0,0,GREEDY_TRUSTWORTHY,V5_TRUSTWORTHY,KNOWN,KNOWN,PRIMARY_3_DEPTH_X_4_VIEW
36a08778,1,36a08778:o1,24,anti_transpose,0,0,0,0,GREEDY_TRUSTWORTHY,V5_TRUSTWORTHY,KNOWN,KNOWN,PRIMARY_3_DEPTH_X_4_VIEW
36a08778,1,36a08778:o1,48,identity,0,0,0,0,GREEDY_TRUSTWORTHY,V5_TRUSTWORTHY,KNOWN,KNOWN,PRIMARY_3_DEPTH_X_4_VIEW
36a08778,1,36a08778:o1,48,flip_ud,0,0,0,0,GREEDY_TRUSTWORTHY,V5_TRUSTWORTHY,KNOWN,KNOWN,PRIMARY_3_DEPTH_X_4_VIEW
36a08778,1,36a08778:o1,48,transpose,0,0,0,0,GREEDY_TRUSTWORTHY,V5_TRUSTWORTHY,KNOWN,KNOWN,PRIMARY_3_DEPTH_X_4_VIEW
36a08778,1,36a08778:o1,48,anti_transpose,0,0,0,0,GREEDY_TRUSTWORTHY,V5_TRUSTWORTHY,KNOWN,KNOWN,PRIMARY_3_DEPTH_X_4_VIEW
3a25b0d8,0,3a25b0d8:o0,12,identity,0,0,0,0,GREEDY_TRUSTWORTHY,V5_TRUSTWORTHY,KNOWN,KNOWN,PRIMARY_3_DEPTH_X_4_VIEW
3a25b0d8,0,3a25b0d8:o0,12,flip_ud,0,0,0,0,GREEDY_TRUSTWORTHY,V5_TRUSTWORTHY,KNOWN,KNOWN,PRIMARY_3_DEPTH_X_4_VIEW
3a25b0d8,0,3a25b0d8:o0,12,transpose,1,1,1,0,GREEDY_TRUSTWORTHY,V5_TRUSTWORTHY,KNOWN,KNOWN,PRIMARY_3_DEPTH_X_4_VIEW
3a25b0d8,0,3a25b0d8:o0,12,anti_transpose,1,1,1,0,GREEDY_TRUSTWORTHY,V5_TRUSTWORTHY,KNOWN,KNOWN,PRIMARY_3_DEPTH_X_4_VIEW
3a25b0d8,0,3a25b0d8:o0,24,identity,0,1,1,1,GREEDY_TRUSTWORTHY,V5_TRUSTWORTHY,KNOWN,KNOWN,PRIMARY_3_DEPTH_X_4_VIEW
3a25b0d8,0,3a25b0d8:o0,24,flip_ud,0,0,0,0,GREEDY_TRUSTWORTHY,V5_TRUSTWORTHY,KNOWN,KNOWN,PRIMARY_3_DEPTH_X_4_VIEW
3a25b0d8,0,3a25b0d8:o0,24,transpose,1,1,1,0,GREEDY_TRUSTWORTHY,V5_TRUSTWORTHY,KNOWN,KNOWN,PRIMARY_3_DEPTH_X_4_VIEW
3a25b0d8,0,3a25b0d8:o0,24,anti_transpose,1,1,1,0,GREEDY_TRUSTWORTHY,V5_TRUSTWORTHY,KNOWN,KNOWN,PRIMARY_3_DEPTH_X_4_VIEW
3a25b0d8,0,3a25b0d8:o0,48,identity,0,0,0,0,GREEDY_TRUSTWORTHY,V5_TRUSTWORTHY,KNOWN,KNOWN,PRIMARY_3_DEPTH_X_4_VIEW
3a25b0d8,0,3a25b0d8:o0,48,flip_ud,0,0,0,0,GREEDY_TRUSTWORTHY,V5_TRUSTWORTHY,KNOWN,KNOWN,PRIMARY_3_DEPTH_X_4_VIEW
3a25b0d8,0,3a25b0d8:o0,48,transpose,0,1,1,1,GREEDY_TRUSTWORTHY,V5_TRUSTWORTHY,KNOWN,KNOWN,PRIMARY_3_DEPTH_X_4_VIEW
3a25b0d8,0,3a25b0d8:o0,48,anti_transpose,0,0,0,0,GREEDY_TRUSTWORTHY,V5_TRUSTWORTHY,KNOWN,KNOWN,PRIMARY_3_DEPTH_X_4_VIEW
3a25b0d8,1,3a25b0d8:o1,12,identity,0,1,1,1,GREEDY_TRUSTWORTHY,V5_TRUSTWORTHY,KNOWN,KNOWN,PRIMARY_3_DEPTH_X_4_VIEW
3a25b0d8,1,3a25b0d8:o1,12,flip_ud,0,0,0,0,GREEDY_TRUSTWORTHY,V5_TRUSTWORTHY,KNOWN,KNOWN,PRIMARY_3_DEPTH_X_4_VIEW
3a25b0d8,1,3a25b0d8:o1,12,transpose,1,1,1,0,GREEDY_TRUSTWORTHY,V5_TRUSTWORTHY,KNOWN,KNOWN,PRIMARY_3_DEPTH_X_4_VIEW
3a25b0d8,1,3a25b0d8:o1,12,anti_transpose,1,1,1,0,GREEDY_TRUSTWORTHY,V5_TRUSTWORTHY,KNOWN,KNOWN,PRIMARY_3_DEPTH_X_4_VIEW
3a25b0d8,1,3a25b0d8:o1,24,identity,1,1,1,0,GREEDY_TRUSTWORTHY,V5_TRUSTWORTHY,KNOWN,KNOWN,PRIMARY_3_DEPTH_X_4_VIEW
3a25b0d8,1,3a25b0d8:o1,24,flip_ud,0,0,0,0,GREEDY_TRUSTWORTHY,V5_TRUSTWORTHY,KNOWN,KNOWN,PRIMARY_3_DEPTH_X_4_VIEW
3a25b0d8,1,3a25b0d8:o1,24,transpose,1,1,1,0,GREEDY_TRUSTWORTHY,V5_TRUSTWORTHY,KNOWN,KNOWN,PRIMARY_3_DEPTH_X_4_VIEW
3a25b0d8,1,3a25b0d8:o1,24,anti_transpose,1,1,1,0,GREEDY_TRUSTWORTHY,V5_TRUSTWORTHY,KNOWN,KNOWN,PRIMARY_3_DEPTH_X_4_VIEW
3a25b0d8,1,3a25b0d8:o1,48,identity,0,0,0,0,GREEDY_TRUSTWORTHY,V5_TRUSTWORTHY,KNOWN,KNOWN,PRIMARY_3_DEPTH_X_4_VIEW
3a25b0d8,1,3a25b0d8:o1,48,flip_ud,0,0,0,0,GREEDY_TRUSTWORTHY,V5_TRUSTWORTHY,KNOWN,KNOWN,PRIMARY_3_DEPTH_X_4_VIEW
3a25b0d8,1,3a25b0d8:o1,48,transpose,0,0,0,0,GREEDY_TRUSTWORTHY,V5_TRUSTWORTHY,KNOWN,KNOWN,PRIMARY_3_DEPTH_X_4_VIEW
3a25b0d8,1,3a25b0d8:o1,48,anti_transpose,1,1,1,0,GREEDY_TRUSTWORTHY,V5_TRUSTWORTHY,KNOWN,KNOWN,PRIMARY_3_DEPTH_X_4_VIEW
446ef5d2,0,446ef5d2:o0,12,identity,0,,,,GREEDY_TRUSTWORTHY,V5_PROVENANCE_LIMITED_UNKNOWN,KNOWN,UNKNOWN,PRIMARY_3_DEPTH_X_4_VIEW
446ef5d2,0,446ef5d2:o0,12,flip_ud,0,0,0,0,GREEDY_TRUSTWORTHY,V5_TRUSTWORTHY,KNOWN,KNOWN,PRIMARY_3_DEPTH_X_4_VIEW
446ef5d2,0,446ef5d2:o0,12,transpose,0,0,0,0,GREEDY_TRUSTWORTHY,V5_TRUSTWORTHY,KNOWN,KNOWN,PRIMARY_3_DEPTH_X_4_VIEW
446ef5d2,0,446ef5d2:o0,12,anti_transpose,0,0,0,0,GREEDY_TRUSTWORTHY,V5_TRUSTWORTHY,KNOWN,KNOWN,PRIMARY_3_DEPTH_X_4_VIEW
446ef5d2,0,446ef5d2:o0,24,identity,0,0,0,0,GREEDY_TRUSTWORTHY,V5_TRUSTWORTHY,KNOWN,KNOWN,PRIMARY_3_DEPTH_X_4_VIEW
446ef5d2,0,446ef5d2:o0,24,flip_ud,0,0,0,0,GREEDY_TRUSTWORTHY,V5_TRUSTWORTHY,KNOWN,KNOWN,PRIMARY_3_DEPTH_X_4_VIEW
446ef5d2,0,446ef5d2:o0,24,transpose,0,0,0,0,GREEDY_TRUSTWORTHY,V5_TRUSTWORTHY,KNOWN,KNOWN,PRIMARY_3_DEPTH_X_4_VIEW
446ef5d2,0,446ef5d2:o0,24,anti_transpose,0,0,0,0,GREEDY_TRUSTWORTHY,V5_TRUSTWORTHY,KNOWN,KNOWN,PRIMARY_3_DEPTH_X_4_VIEW
446ef5d2,0,446ef5d2:o0,48,identity,0,0,0,0,GREEDY_TRUSTWORTHY,V5_TRUSTWORTHY,KNOWN,KNOWN,PRIMARY_3_DEPTH_X_4_VIEW
446ef5d2,0,446ef5d2:o0,48,flip_ud,0,0,0,0,GREEDY_TRUSTWORTHY,V5_TRUSTWORTHY,KNOWN,KNOWN,PRIMARY_3_DEPTH_X_4_VIEW
446ef5d2,0,446ef5d2:o0,48,transpose,0,0,0,0,GREEDY_TRUSTWORTHY,V5_TRUSTWORTHY,KNOWN,KNOWN,PRIMARY_3_DEPTH_X_4_VIEW
446ef5d2,0,446ef5d2:o0,48,anti_transpose,0,0,0,0,GREEDY_TRUSTWORTHY,V5_TRUSTWORTHY,KNOWN,KNOWN,PRIMARY_3_DEPTH_X_4_VIEW
446ef5d2,1,446ef5d2:o1,12,identity,0,0,0,0,GREEDY_TRUSTWORTHY,V5_TRUSTWORTHY,KNOWN,KNOWN,PRIMARY_3_DEPTH_X_4_VIEW
446ef5d2,1,446ef5d2:o1,12,flip_ud,0,0,0,0,GREEDY_TRUSTWORTHY,V5_TRUSTWORTHY,KNOWN,KNOWN,PRIMARY_3_DEPTH_X_4_VIEW
446ef5d2,1,446ef5d2:o1,12,transpose,0,0,0,0,GREEDY_TRUSTWORTHY,V5_TRUSTWORTHY,KNOWN,KNOWN,PRIMARY_3_DEPTH_X_4_VIEW
446ef5d2,1,446ef5d2:o1,12,anti_transpose,0,0,0,0,GREEDY_TRUSTWORTHY,V5_TRUSTWORTHY,KNOWN,KNOWN,PRIMARY_3_DEPTH_X_4_VIEW
446ef5d2,1,446ef5d2:o1,24,identity,0,0,0,0,GREEDY_TRUSTWORTHY,V5_TRUSTWORTHY,KNOWN,KNOWN,PRIMARY_3_DEPTH_X_4_VIEW
446ef5d2,1,446ef5d2:o1,24,flip_ud,0,0,0,0,GREEDY_TRUSTWORTHY,V5_TRUSTWORTHY,KNOWN,KNOWN,PRIMARY_3_DEPTH_X_4_VIEW
446ef5d2,1,446ef5d2:o1,24,transpose,0,0,0,0,GREEDY_TRUSTWORTHY,V5_TRUSTWORTHY,KNOWN,KNOWN,PRIMARY_3_DEPTH_X_4_VIEW
446ef5d2,1,446ef5d2:o1,24,anti_transpose,0,0,0,0,GREEDY_TRUSTWORTHY,V5_TRUSTWORTHY,KNOWN,KNOWN,PRIMARY_3_DEPTH_X_4_VIEW
446ef5d2,1,446ef5d2:o1,48,identity,0,0,0,0,GREEDY_TRUSTWORTHY,V5_TRUSTWORTHY,KNOWN,KNOWN,PRIMARY_3_DEPTH_X_4_VIEW
446ef5d2,1,446ef5d2:o1,48,flip_ud,0,0,0,0,GREEDY_TRUSTWORTHY,V5_TRUSTWORTHY,KNOWN,KNOWN,PRIMARY_3_DEPTH_X_4_VIEW
446ef5d2,1,446ef5d2:o1,48,transpose,0,0,0,0,GREEDY_TRUSTWORTHY,V5_TRUSTWORTHY,KNOWN,KNOWN,PRIMARY_3_DEPTH_X_4_VIEW
446ef5d2,1,446ef5d2:o1,48,anti_transpose,0,0,0,0,GREEDY_TRUSTWORTHY,V5_TRUSTWORTHY,KNOWN,KNOWN,PRIMARY_3_DEPTH_X_4_VIEW
45a5af55,0,45a5af55:o0,12,identity,1,1,1,0,GREEDY_TRUSTWORTHY,V5_TRUSTWORTHY,KNOWN,KNOWN,PRIMARY_3_DEPTH_X_4_VIEW
45a5af55,0,45a5af55:o0,12,flip_ud,1,1,1,0,GREEDY_TRUSTWORTHY,V5_TRUSTWORTHY,KNOWN,KNOWN,PRIMARY_3_DEPTH_X_4_VIEW
45a5af55,0,45a5af55:o0,12,transpose,1,1,1,0,GREEDY_TRUSTWORTHY,V5_TRUSTWORTHY,KNOWN,KNOWN,PRIMARY_3_DEPTH_X_4_VIEW
45a5af55,0,45a5af55:o0,12,anti_transpose,1,1,1,0,GREEDY_TRUSTWORTHY,V5_TRUSTWORTHY,KNOWN,KNOWN,PRIMARY_3_DEPTH_X_4_VIEW
45a5af55,0,45a5af55:o0,24,identity,0,0,0,0,GREEDY_TRUSTWORTHY,V5_TRUSTWORTHY,KNOWN,KNOWN,PRIMARY_3_DEPTH_X_4_VIEW
45a5af55,0,45a5af55:o0,24,flip_ud,0,0,0,0,GREEDY_TRUSTWORTHY,V5_TRUSTWORTHY,KNOWN,KNOWN,PRIMARY_3_DEPTH_X_4_VIEW
45a5af55,0,45a5af55:o0,24,transpose,1,1,1,0,GREEDY_TRUSTWORTHY,V5_TRUSTWORTHY,KNOWN,KNOWN,PRIMARY_3_DEPTH_X_4_VIEW
45a5af55,0,45a5af55:o0,24,anti_transpose,1,1,1,0,GREEDY_TRUSTWORTHY,V5_TRUSTWORTHY,KNOWN,KNOWN,PRIMARY_3_DEPTH_X_4_VIEW
45a5af55,0,45a5af55:o0,48,identity,0,0,0,0,GREEDY_TRUSTWORTHY,V5_TRUSTWORTHY,KNOWN,KNOWN,PRIMARY_3_DEPTH_X_4_VIEW
45a5af55,0,45a5af55:o0,48,flip_ud,0,0,0,0,GREEDY_TRUSTWORTHY,V5_TRUSTWORTHY,KNOWN,KNOWN,PRIMARY_3_DEPTH_X_4_VIEW
45a5af55,0,45a5af55:o0,48,transpose,1,1,1,0,GREEDY_TRUSTWORTHY,V5_TRUSTWORTHY,KNOWN,KNOWN,PRIMARY_3_DEPTH_X_4_VIEW
45a5af55,0,45a5af55:o0,48,anti_transpose,1,1,1,0,GREEDY_TRUSTWORTHY,V5_TRUSTWORTHY,KNOWN,KNOWN,PRIMARY_3_DEPTH_X_4_VIEW
4a21e3da,0,4a21e3da:o0,12,identity,0,0,0,0,GREEDY_TRUSTWORTHY,V5_TRUSTWORTHY,KNOWN,KNOWN,PRIMARY_3_DEPTH_X_4_VIEW
4a21e3da,0,4a21e3da:o0,12,flip_ud,0,0,0,0,GREEDY_TRUSTWORTHY,V5_TRUSTWORTHY,KNOWN,KNOWN,PRIMARY_3_DEPTH_X_4_VIEW
4a21e3da,0,4a21e3da:o0,12,transpose,0,0,0,0,GREEDY_TRUSTWORTHY,V5_TRUSTWORTHY,KNOWN,KNOWN,PRIMARY_3_DEPTH_X_4_VIEW
4a21e3da,0,4a21e3da:o0,12,anti_transpose,0,0,0,0,GREEDY_TRUSTWORTHY,V5_TRUSTWORTHY,KNOWN,KNOWN,PRIMARY_3_DEPTH_X_4_VIEW
4a21e3da,0,4a21e3da:o0,24,identity,0,0,0,0,GREEDY_TRUSTWORTHY,V5_TRUSTWORTHY,KNOWN,KNOWN,PRIMARY_3_DEPTH_X_4_VIEW
4a21e3da,0,4a21e3da:o0,24,flip_ud,0,0,0,0,GREEDY_TRUSTWORTHY,V5_TRUSTWORTHY,KNOWN,KNOWN,PRIMARY_3_DEPTH_X_4_VIEW
4a21e3da,0,4a21e3da:o0,24,transpose,0,0,0,0,GREEDY_TRUSTWORTHY,V5_TRUSTWORTHY,KNOWN,KNOWN,PRIMARY_3_DEPTH_X_4_VIEW
4a21e3da,0,4a21e3da:o0,24,anti_transpose,0,0,0,0,GREEDY_TRUSTWORTHY,V5_TRUSTWORTHY,KNOWN,KNOWN,PRIMARY_3_DEPTH_X_4_VIEW
4a21e3da,0,4a21e3da:o0,48,identity,0,0,0,0,GREEDY_TRUSTWORTHY,V5_TRUSTWORTHY,KNOWN,KNOWN,PRIMARY_3_DEPTH_X_4_VIEW
4a21e3da,0,4a21e3da:o0,48,flip_ud,0,0,0,0,GREEDY_TRUSTWORTHY,V5_TRUSTWORTHY,KNOWN,KNOWN,PRIMARY_3_DEPTH_X_4_VIEW
4a21e3da,0,4a21e3da:o0,48,transpose,0,0,0,0,GREEDY_TRUSTWORTHY,V5_TRUSTWORTHY,KNOWN,KNOWN,PRIMARY_3_DEPTH_X_4_VIEW
4a21e3da,0,4a21e3da:o0,48,anti_transpose,0,0,0,0,GREEDY_TRUSTWORTHY,V5_TRUSTWORTHY,KNOWN,KNOWN,PRIMARY_3_DEPTH_X_4_VIEW
4a21e3da,1,4a21e3da:o1,12,identity,0,0,0,0,GREEDY_TRUSTWORTHY,V5_TRUSTWORTHY,KNOWN,KNOWN,PRIMARY_3_DEPTH_X_4_VIEW
4a21e3da,1,4a21e3da:o1,12,flip_ud,0,0,0,0,GREEDY_TRUSTWORTHY,V5_TRUSTWORTHY,KNOWN,KNOWN,PRIMARY_3_DEPTH_X_4_VIEW
4a21e3da,1,4a21e3da:o1,12,transpose,0,0,0,0,GREEDY_TRUSTWORTHY,V5_TRUSTWORTHY,KNOWN,KNOWN,PRIMARY_3_DEPTH_X_4_VIEW
4a21e3da,1,4a21e3da:o1,12,anti_transpose,0,0,0,0,GREEDY_TRUSTWORTHY,V5_TRUSTWORTHY,KNOWN,KNOWN,PRIMARY_3_DEPTH_X_4_VIEW
4a21e3da,1,4a21e3da:o1,24,identity,0,0,0,0,GREEDY_TRUSTWORTHY,V5_TRUSTWORTHY,KNOWN,KNOWN,PRIMARY_3_DEPTH_X_4_VIEW
4a21e3da,1,4a21e3da:o1,24,flip_ud,1,1,1,0,GREEDY_TRUSTWORTHY,V5_TRUSTWORTHY,KNOWN,KNOWN,PRIMARY_3_DEPTH_X_4_VIEW
4a21e3da,1,4a21e3da:o1,24,transpose,0,0,0,0,GREEDY_TRUSTWORTHY,V5_TRUSTWORTHY,KNOWN,KNOWN,PRIMARY_3_DEPTH_X_4_VIEW
4a21e3da,1,4a21e3da:o1,24,anti_transpose,0,0,0,0,GREEDY_TRUSTWORTHY,V5_TRUSTWORTHY,KNOWN,KNOWN,PRIMARY_3_DEPTH_X_4_VIEW
4a21e3da,1,4a21e3da:o1,48,identity,0,0,0,0,GREEDY_TRUSTWORTHY,V5_TRUSTWORTHY,KNOWN,KNOWN,PRIMARY_3_DEPTH_X_4_VIEW
4a21e3da,1,4a21e3da:o1,48,flip_ud,0,1,1,1,GREEDY_TRUSTWORTHY,V5_TRUSTWORTHY,KNOWN,KNOWN,PRIMARY_3_DEPTH_X_4_VIEW
4a21e3da,1,4a21e3da:o1,48,transpose,0,0,0,0,GREEDY_TRUSTWORTHY,V5_TRUSTWORTHY,KNOWN,KNOWN,PRIMARY_3_DEPTH_X_4_VIEW
4a21e3da,1,4a21e3da:o1,48,anti_transpose,0,0,0,0,GREEDY_TRUSTWORTHY,V5_TRUSTWORTHY,KNOWN,KNOWN,PRIMARY_3_DEPTH_X_4_VIEW
4c3d4a41,0,4c3d4a41:o0,12,identity,0,0,0,0,GREEDY_TRUSTWORTHY,V5_TRUSTWORTHY,KNOWN,KNOWN,PRIMARY_3_DEPTH_X_4_VIEW
4c3d4a41,0,4c3d4a41:o0,12,flip_ud,1,1,1,0,GREEDY_TRUSTWORTHY,V5_TRUSTWORTHY,KNOWN,KNOWN,PRIMARY_3_DEPTH_X_4_VIEW
4c3d4a41,0,4c3d4a41:o0,12,transpose,0,0,0,0,GREEDY_TRUSTWORTHY,V5_TRUSTWORTHY,KNOWN,KNOWN,PRIMARY_3_DEPTH_X_4_VIEW
4c3d4a41,0,4c3d4a41:o0,12,anti_transpose,1,1,1,0,GREEDY_TRUSTWORTHY,V5_TRUSTWORTHY,KNOWN,KNOWN,PRIMARY_3_DEPTH_X_4_VIEW
4c3d4a41,0,4c3d4a41:o0,24,identity,0,0,0,0,GREEDY_TRUSTWORTHY,V5_TRUSTWORTHY,KNOWN,KNOWN,PRIMARY_3_DEPTH_X_4_VIEW
4c3d4a41,0,4c3d4a41:o0,24,flip_ud,1,1,1,0,GREEDY_TRUSTWORTHY,V5_TRUSTWORTHY,KNOWN,KNOWN,PRIMARY_3_DEPTH_X_4_VIEW
4c3d4a41,0,4c3d4a41:o0,24,transpose,0,0,0,0,GREEDY_TRUSTWORTHY,V5_TRUSTWORTHY,KNOWN,KNOWN,PRIMARY_3_DEPTH_X_4_VIEW
4c3d4a41,0,4c3d4a41:o0,24,anti_transpose,1,1,1,0,GREEDY_TRUSTWORTHY,V5_TRUSTWORTHY,KNOWN,KNOWN,PRIMARY_3_DEPTH_X_4_VIEW
4c3d4a41,0,4c3d4a41:o0,48,identity,0,0,0,0,GREEDY_TRUSTWORTHY,V5_TRUSTWORTHY,KNOWN,KNOWN,PRIMARY_3_DEPTH_X_4_VIEW
4c3d4a41,0,4c3d4a41:o0,48,flip_ud,1,1,1,0,GREEDY_TRUSTWORTHY,V5_TRUSTWORTHY,KNOWN,KNOWN,PRIMARY_3_DEPTH_X_4_VIEW
4c3d4a41,0,4c3d4a41:o0,48,transpose,0,0,0,0,GREEDY_TRUSTWORTHY,V5_TRUSTWORTHY,KNOWN,KNOWN,PRIMARY_3_DEPTH_X_4_VIEW
4c3d4a41,0,4c3d4a41:o0,48,anti_transpose,1,1,1,0,GREEDY_TRUSTWORTHY,V5_TRUSTWORTHY,KNOWN,KNOWN,PRIMARY_3_DEPTH_X_4_VIEW
4c3d4a41,1,4c3d4a41:o1,12,identity,0,0,0,0,GREEDY_TRUSTWORTHY,V5_TRUSTWORTHY,KNOWN,KNOWN,PRIMARY_3_DEPTH_X_4_VIEW
4c3d4a41,1,4c3d4a41:o1,12,flip_ud,1,1,1,0,GREEDY_TRUSTWORTHY,V5_TRUSTWORTHY,KNOWN,KNOWN,PRIMARY_3_DEPTH_X_4_VIEW
4c3d4a41,1,4c3d4a41:o1,12,transpose,0,0,0,0,GREEDY_TRUSTWORTHY,V5_TRUSTWORTHY,KNOWN,KNOWN,PRIMARY_3_DEPTH_X_4_VIEW
4c3d4a41,1,4c3d4a41:o1,12,anti_transpose,1,1,1,0,GREEDY_TRUSTWORTHY,V5_TRUSTWORTHY,KNOWN,KNOWN,PRIMARY_3_DEPTH_X_4_VIEW
4c3d4a41,1,4c3d4a41:o1,24,identity,0,0,0,0,GREEDY_TRUSTWORTHY,V5_TRUSTWORTHY,KNOWN,KNOWN,PRIMARY_3_DEPTH_X_4_VIEW
4c3d4a41,1,4c3d4a41:o1,24,flip_ud,0,0,0,0,GREEDY_TRUSTWORTHY,V5_TRUSTWORTHY,KNOWN,KNOWN,PRIMARY_3_DEPTH_X_4_VIEW
4c3d4a41,1,4c3d4a41:o1,24,transpose,0,0,0,0,GREEDY_TRUSTWORTHY,V5_TRUSTWORTHY,KNOWN,KNOWN,PRIMARY_3_DEPTH_X_4_VIEW
4c3d4a41,1,4c3d4a41:o1,24,anti_transpose,1,1,1,0,GREEDY_TRUSTWORTHY,V5_TRUSTWORTHY,KNOWN,KNOWN,PRIMARY_3_DEPTH_X_4_VIEW
4c3d4a41,1,4c3d4a41:o1,48,identity,0,0,0,0,GREEDY_TRUSTWORTHY,V5_TRUSTWORTHY,KNOWN,KNOWN,PRIMARY_3_DEPTH_X_4_VIEW
4c3d4a41,1,4c3d4a41:o1,48,flip_ud,0,0,0,0,GREEDY_TRUSTWORTHY,V5_TRUSTWORTHY,KNOWN,KNOWN,PRIMARY_3_DEPTH_X_4_VIEW
4c3d4a41,1,4c3d4a41:o1,48,transpose,0,0,0,0,GREEDY_TRUSTWORTHY,V5_TRUSTWORTHY,KNOWN,KNOWN,PRIMARY_3_DEPTH_X_4_VIEW
4c3d4a41,1,4c3d4a41:o1,48,anti_transpose,1,1,1,0,GREEDY_TRUSTWORTHY,V5_TRUSTWORTHY,KNOWN,KNOWN,PRIMARY_3_DEPTH_X_4_VIEW
4e34c42c,0,4e34c42c:o0,12,identity,0,0,0,0,GREEDY_TRUSTWORTHY,V5_TRUSTWORTHY,KNOWN,KNOWN,PRIMARY_3_DEPTH_X_4_VIEW
4e34c42c,0,4e34c42c:o0,12,flip_ud,0,0,0,0,GREEDY_TRUSTWORTHY,V5_TRUSTWORTHY,KNOWN,KNOWN,PRIMARY_3_DEPTH_X_4_VIEW
4e34c42c,0,4e34c42c:o0,12,transpose,0,0,0,0,GREEDY_TRUSTWORTHY,V5_TRUSTWORTHY,KNOWN,KNOWN,PRIMARY_3_DEPTH_X_4_VIEW
4e34c42c,0,4e34c42c:o0,12,anti_transpose,0,0,0,0,GREEDY_TRUSTWORTHY,V5_TRUSTWORTHY,KNOWN,KNOWN,PRIMARY_3_DEPTH_X_4_VIEW
4e34c42c,0,4e34c42c:o0,24,identity,0,0,0,0,GREEDY_TRUSTWORTHY,V5_TRUSTWORTHY,KNOWN,KNOWN,PRIMARY_3_DEPTH_X_4_VIEW
4e34c42c,0,4e34c42c:o0,24,flip_ud,0,0,0,0,GREEDY_TRUSTWORTHY,V5_TRUSTWORTHY,KNOWN,KNOWN,PRIMARY_3_DEPTH_X_4_VIEW
4e34c42c,0,4e34c42c:o0,24,transpose,0,0,0,0,GREEDY_TRUSTWORTHY,V5_TRUSTWORTHY,KNOWN,KNOWN,PRIMARY_3_DEPTH_X_4_VIEW
4e34c42c,0,4e34c42c:o0,24,anti_transpose,0,0,0,0,GREEDY_TRUSTWORTHY,V5_TRUSTWORTHY,KNOWN,KNOWN,PRIMARY_3_DEPTH_X_4_VIEW
4e34c42c,0,4e34c42c:o0,48,identity,0,0,0,0,GREEDY_TRUSTWORTHY,V5_TRUSTWORTHY,KNOWN,KNOWN,PRIMARY_3_DEPTH_X_4_VIEW
4e34c42c,0,4e34c42c:o0,48,flip_ud,0,0,0,0,GREEDY_TRUSTWORTHY,V5_TRUSTWORTHY,KNOWN,KNOWN,PRIMARY_3_DEPTH_X_4_VIEW
4e34c42c,0,4e34c42c:o0,48,transpose,0,0,0,0,GREEDY_TRUSTWORTHY,V5_TRUSTWORTHY,KNOWN,KNOWN,PRIMARY_3_DEPTH_X_4_VIEW
4e34c42c,0,4e34c42c:o0,48,anti_transpose,0,0,0,0,GREEDY_TRUSTWORTHY,V5_TRUSTWORTHY,KNOWN,KNOWN,PRIMARY_3_DEPTH_X_4_VIEW
4e34c42c,1,4e34c42c:o1,12,identity,0,0,0,0,GREEDY_TRUSTWORTHY,V5_TRUSTWORTHY,KNOWN,KNOWN,PRIMARY_3_DEPTH_X_4_VIEW
4e34c42c,1,4e34c42c:o1,12,flip_ud,0,0,0,0,GREEDY_TRUSTWORTHY,V5_TRUSTWORTHY,KNOWN,KNOWN,PRIMARY_3_DEPTH_X_4_VIEW
4e34c42c,1,4e34c42c:o1,12,transpose,0,0,0,0,GREEDY_TRUSTWORTHY,V5_TRUSTWORTHY,KNOWN,KNOWN,PRIMARY_3_DEPTH_X_4_VIEW
4e34c42c,1,4e34c42c:o1,12,anti_transpose,0,0,0,0,GREEDY_TRUSTWORTHY,V5_TRUSTWORTHY,KNOWN,KNOWN,PRIMARY_3_DEPTH_X_4_VIEW
4e34c42c,1,4e34c42c:o1,24,identity,0,0,0,0,GREEDY_TRUSTWORTHY,V5_TRUSTWORTHY,KNOWN,KNOWN,PRIMARY_3_DEPTH_X_4_VIEW
4e34c42c,1,4e34c42c:o1,24,flip_ud,0,0,0,0,GREEDY_TRUSTWORTHY,V5_TRUSTWORTHY,KNOWN,KNOWN,PRIMARY_3_DEPTH_X_4_VIEW
4e34c42c,1,4e34c42c:o1,24,transpose,0,0,0,0,GREEDY_TRUSTWORTHY,V5_TRUSTWORTHY,KNOWN,KNOWN,PRIMARY_3_DEPTH_X_4_VIEW
4e34c42c,1,4e34c42c:o1,24,anti_transpose,0,0,0,0,GREEDY_TRUSTWORTHY,V5_TRUSTWORTHY,KNOWN,KNOWN,PRIMARY_3_DEPTH_X_4_VIEW
4e34c42c,1,4e34c42c:o1,48,identity,0,0,0,0,GREEDY_TRUSTWORTHY,V5_TRUSTWORTHY,KNOWN,KNOWN,PRIMARY_3_DEPTH_X_4_VIEW
4e34c42c,1,4e34c42c:o1,48,flip_ud,0,0,0,0,GREEDY_TRUSTWORTHY,V5_TRUSTWORTHY,KNOWN,KNOWN,PRIMARY_3_DEPTH_X_4_VIEW
4e34c42c,1,4e34c42c:o1,48,transpose,0,0,0,0,GREEDY_TRUSTWORTHY,V5_TRUSTWORTHY,KNOWN,KNOWN,PRIMARY_3_DEPTH_X_4_VIEW
4e34c42c,1,4e34c42c:o1,48,anti_transpose,0,0,0,0,GREEDY_TRUSTWORTHY,V5_TRUSTWORTHY,KNOWN,KNOWN,PRIMARY_3_DEPTH_X_4_VIEW
53fb4810,0,53fb4810:o0,12,identity,0,0,0,0,GREEDY_TRUSTWORTHY,V5_TRUSTWORTHY,KNOWN,KNOWN,PRIMARY_3_DEPTH_X_4_VIEW
53fb4810,0,53fb4810:o0,12,flip_ud,0,0,0,0,GREEDY_TRUSTWORTHY,V5_TRUSTWORTHY,KNOWN,KNOWN,PRIMARY_3_DEPTH_X_4_VIEW
53fb4810,0,53fb4810:o0,12,transpose,0,0,0,0,GREEDY_TRUSTWORTHY,V5_TRUSTWORTHY,KNOWN,KNOWN,PRIMARY_3_DEPTH_X_4_VIEW
53fb4810,0,53fb4810:o0,12,anti_transpose,0,0,0,0,GREEDY_TRUSTWORTHY,V5_TRUSTWORTHY,KNOWN,KNOWN,PRIMARY_3_DEPTH_X_4_VIEW
53fb4810,0,53fb4810:o0,24,identity,0,0,0,0,GREEDY_TRUSTWORTHY,V5_TRUSTWORTHY,KNOWN,KNOWN,PRIMARY_3_DEPTH_X_4_VIEW
53fb4810,0,53fb4810:o0,24,flip_ud,0,0,0,0,GREEDY_TRUSTWORTHY,V5_TRUSTWORTHY,KNOWN,KNOWN,PRIMARY_3_DEPTH_X_4_VIEW
53fb4810,0,53fb4810:o0,24,transpose,1,1,1,0,GREEDY_TRUSTWORTHY,V5_TRUSTWORTHY,KNOWN,KNOWN,PRIMARY_3_DEPTH_X_4_VIEW
53fb4810,0,53fb4810:o0,24,anti_transpose,0,0,0,0,GREEDY_TRUSTWORTHY,V5_TRUSTWORTHY,KNOWN,KNOWN,PRIMARY_3_DEPTH_X_4_VIEW
53fb4810,0,53fb4810:o0,48,identity,0,0,0,0,GREEDY_TRUSTWORTHY,V5_TRUSTWORTHY,KNOWN,KNOWN,PRIMARY_3_DEPTH_X_4_VIEW
53fb4810,0,53fb4810:o0,48,flip_ud,0,,,,GREEDY_TRUSTWORTHY,V5_PROVENANCE_LIMITED_UNKNOWN,KNOWN,UNKNOWN,PRIMARY_3_DEPTH_X_4_VIEW
53fb4810,0,53fb4810:o0,48,transpose,1,1,1,0,GREEDY_TRUSTWORTHY,V5_TRUSTWORTHY,KNOWN,KNOWN,PRIMARY_3_DEPTH_X_4_VIEW
53fb4810,0,53fb4810:o0,48,anti_transpose,1,1,1,0,GREEDY_TRUSTWORTHY,V5_TRUSTWORTHY,KNOWN,KNOWN,PRIMARY_3_DEPTH_X_4_VIEW
58490d8a,0,58490d8a:o0,12,identity,0,0,0,0,GREEDY_TRUSTWORTHY,V5_TRUSTWORTHY,KNOWN,KNOWN,PRIMARY_3_DEPTH_X_4_VIEW
58490d8a,0,58490d8a:o0,12,flip_ud,0,0,0,0,GREEDY_TRUSTWORTHY,V5_TRUSTWORTHY,KNOWN,KNOWN,PRIMARY_3_DEPTH_X_4_VIEW
58490d8a,0,58490d8a:o0,12,transpose,0,0,0,0,GREEDY_TRUSTWORTHY,V5_TRUSTWORTHY,KNOWN,KNOWN,PRIMARY_3_DEPTH_X_4_VIEW
58490d8a,0,58490d8a:o0,12,anti_transpose,0,0,0,0,GREEDY_TRUSTWORTHY,V5_TRUSTWORTHY,KNOWN,KNOWN,PRIMARY_3_DEPTH_X_4_VIEW
58490d8a,0,58490d8a:o0,24,identity,0,0,0,0,GREEDY_TRUSTWORTHY,V5_TRUSTWORTHY,KNOWN,KNOWN,PRIMARY_3_DEPTH_X_4_VIEW
58490d8a,0,58490d8a:o0,24,flip_ud,0,0,0,0,GREEDY_TRUSTWORTHY,V5_TRUSTWORTHY,KNOWN,KNOWN,PRIMARY_3_DEPTH_X_4_VIEW
58490d8a,0,58490d8a:o0,24,transpose,0,0,0,0,GREEDY_TRUSTWORTHY,V5_TRUSTWORTHY,KNOWN,KNOWN,PRIMARY_3_DEPTH_X_4_VIEW
58490d8a,0,58490d8a:o0,24,anti_transpose,0,0,0,0,GREEDY_TRUSTWORTHY,V5_TRUSTWORTHY,KNOWN,KNOWN,PRIMARY_3_DEPTH_X_4_VIEW
58490d8a,0,58490d8a:o0,48,identity,1,1,1,0,GREEDY_TRUSTWORTHY,V5_TRUSTWORTHY,KNOWN,KNOWN,PRIMARY_3_DEPTH_X_4_VIEW
58490d8a,0,58490d8a:o0,48,flip_ud,0,0,0,0,GREEDY_TRUSTWORTHY,V5_TRUSTWORTHY,KNOWN,KNOWN,PRIMARY_3_DEPTH_X_4_VIEW
58490d8a,0,58490d8a:o0,48,transpose,0,0,0,0,GREEDY_TRUSTWORTHY,V5_TRUSTWORTHY,KNOWN,KNOWN,PRIMARY_3_DEPTH_X_4_VIEW
58490d8a,0,58490d8a:o0,48,anti_transpose,0,0,0,0,GREEDY_TRUSTWORTHY,V5_TRUSTWORTHY,KNOWN,KNOWN,PRIMARY_3_DEPTH_X_4_VIEW
5dbc8537,0,5dbc8537:o0,12,identity,0,0,0,0,GREEDY_TRUSTWORTHY,V5_TRUSTWORTHY,KNOWN,KNOWN,PRIMARY_3_DEPTH_X_4_VIEW
5dbc8537,0,5dbc8537:o0,12,flip_ud,0,0,0,0,GREEDY_TRUSTWORTHY,V5_TRUSTWORTHY,KNOWN,KNOWN,PRIMARY_3_DEPTH_X_4_VIEW
5dbc8537,0,5dbc8537:o0,12,transpose,0,0,0,0,GREEDY_TRUSTWORTHY,V5_TRUSTWORTHY,KNOWN,KNOWN,PRIMARY_3_DEPTH_X_4_VIEW
5dbc8537,0,5dbc8537:o0,12,anti_transpose,0,0,0,0,GREEDY_TRUSTWORTHY,V5_TRUSTWORTHY,KNOWN,KNOWN,PRIMARY_3_DEPTH_X_4_VIEW
5dbc8537,0,5dbc8537:o0,24,identity,0,0,0,0,GREEDY_TRUSTWORTHY,V5_TRUSTWORTHY,KNOWN,KNOWN,PRIMARY_3_DEPTH_X_4_VIEW
5dbc8537,0,5dbc8537:o0,24,flip_ud,0,0,0,0,GREEDY_TRUSTWORTHY,V5_TRUSTWORTHY,KNOWN,KNOWN,PRIMARY_3_DEPTH_X_4_VIEW
5dbc8537,0,5dbc8537:o0,24,transpose,0,0,0,0,GREEDY_TRUSTWORTHY,V5_TRUSTWORTHY,KNOWN,KNOWN,PRIMARY_3_DEPTH_X_4_VIEW
5dbc8537,0,5dbc8537:o0,24,anti_transpose,0,0,0,0,GREEDY_TRUSTWORTHY,V5_TRUSTWORTHY,KNOWN,KNOWN,PRIMARY_3_DEPTH_X_4_VIEW
5dbc8537,0,5dbc8537:o0,48,identity,0,0,0,0,GREEDY_TRUSTWORTHY,V5_TRUSTWORTHY,KNOWN,KNOWN,PRIMARY_3_DEPTH_X_4_VIEW
5dbc8537,0,5dbc8537:o0,48,flip_ud,0,0,0,0,GREEDY_TRUSTWORTHY,V5_TRUSTWORTHY,KNOWN,KNOWN,PRIMARY_3_DEPTH_X_4_VIEW
5dbc8537,0,5dbc8537:o0,48,transpose,0,0,0,0,GREEDY_TRUSTWORTHY,V5_TRUSTWORTHY,KNOWN,KNOWN,PRIMARY_3_DEPTH_X_4_VIEW
5dbc8537,0,5dbc8537:o0,48,anti_transpose,0,0,0,0,GREEDY_TRUSTWORTHY,V5_TRUSTWORTHY,KNOWN,KNOWN,PRIMARY_3_DEPTH_X_4_VIEW
5dbc8537,1,5dbc8537:o1,12,identity,0,0,0,0,GREEDY_TRUSTWORTHY,V5_TRUSTWORTHY,KNOWN,KNOWN,PRIMARY_3_DEPTH_X_4_VIEW
5dbc8537,1,5dbc8537:o1,12,flip_ud,0,0,0,0,GREEDY_TRUSTWORTHY,V5_TRUSTWORTHY,KNOWN,KNOWN,PRIMARY_3_DEPTH_X_4_VIEW
5dbc8537,1,5dbc8537:o1,12,transpose,0,0,0,0,GREEDY_TRUSTWORTHY,V5_TRUSTWORTHY,KNOWN,KNOWN,PRIMARY_3_DEPTH_X_4_VIEW
5dbc8537,1,5dbc8537:o1,12,anti_transpose,0,0,0,0,GREEDY_TRUSTWORTHY,V5_TRUSTWORTHY,KNOWN,KNOWN,PRIMARY_3_DEPTH_X_4_VIEW
5dbc8537,1,5dbc8537:o1,24,identity,0,0,0,0,GREEDY_TRUSTWORTHY,V5_TRUSTWORTHY,KNOWN,KNOWN,PRIMARY_3_DEPTH_X_4_VIEW
5dbc8537,1,5dbc8537:o1,24,flip_ud,0,0,0,0,GREEDY_TRUSTWORTHY,V5_TRUSTWORTHY,KNOWN,KNOWN,PRIMARY_3_DEPTH_X_4_VIEW
5dbc8537,1,5dbc8537:o1,24,transpose,0,0,0,0,GREEDY_TRUSTWORTHY,V5_TRUSTWORTHY,KNOWN,KNOWN,PRIMARY_3_DEPTH_X_4_VIEW
5dbc8537,1,5dbc8537:o1,24,anti_transpose,0,0,0,0,GREEDY_TRUSTWORTHY,V5_TRUSTWORTHY,KNOWN,KNOWN,PRIMARY_3_DEPTH_X_4_VIEW
5dbc8537,1,5dbc8537:o1,48,identity,0,0,0,0,GREEDY_TRUSTWORTHY,V5_TRUSTWORTHY,KNOWN,KNOWN,PRIMARY_3_DEPTH_X_4_VIEW
5dbc8537,1,5dbc8537:o1,48,flip_ud,0,0,0,0,GREEDY_TRUSTWORTHY,V5_TRUSTWORTHY,KNOWN,KNOWN,PRIMARY_3_DEPTH_X_4_VIEW
5dbc8537,1,5dbc8537:o1,48,transpose,0,0,0,0,GREEDY_TRUSTWORTHY,V5_TRUSTWORTHY,KNOWN,KNOWN,PRIMARY_3_DEPTH_X_4_VIEW
5dbc8537,1,5dbc8537:o1,48,anti_transpose,0,0,0,0,GREEDY_TRUSTWORTHY,V5_TRUSTWORTHY,KNOWN,KNOWN,PRIMARY_3_DEPTH_X_4_VIEW
62593bfd,0,62593bfd:o0,12,identity,0,0,0,0,GREEDY_TRUSTWORTHY,V5_TRUSTWORTHY,KNOWN,KNOWN,PRIMARY_3_DEPTH_X_4_VIEW
62593bfd,0,62593bfd:o0,12,flip_ud,0,0,0,0,GREEDY_TRUSTWORTHY,V5_TRUSTWORTHY,KNOWN,KNOWN,PRIMARY_3_DEPTH_X_4_VIEW
62593bfd,0,62593bfd:o0,12,transpose,0,0,0,0,GREEDY_TRUSTWORTHY,V5_TRUSTWORTHY,KNOWN,KNOWN,PRIMARY_3_DEPTH_X_4_VIEW
62593bfd,0,62593bfd:o0,12,anti_transpose,0,0,0,0,GREEDY_TRUSTWORTHY,V5_TRUSTWORTHY,KNOWN,KNOWN,PRIMARY_3_DEPTH_X_4_VIEW
62593bfd,0,62593bfd:o0,24,identity,0,0,0,0,GREEDY_TRUSTWORTHY,V5_TRUSTWORTHY,KNOWN,KNOWN,PRIMARY_3_DEPTH_X_4_VIEW
62593bfd,0,62593bfd:o0,24,flip_ud,0,0,0,0,GREEDY_TRUSTWORTHY,V5_TRUSTWORTHY,KNOWN,KNOWN,PRIMARY_3_DEPTH_X_4_VIEW
62593bfd,0,62593bfd:o0,24,transpose,0,0,0,0,GREEDY_TRUSTWORTHY,V5_TRUSTWORTHY,KNOWN,KNOWN,PRIMARY_3_DEPTH_X_4_VIEW
62593bfd,0,62593bfd:o0,24,anti_transpose,0,0,0,0,GREEDY_TRUSTWORTHY,V5_TRUSTWORTHY,KNOWN,KNOWN,PRIMARY_3_DEPTH_X_4_VIEW
62593bfd,0,62593bfd:o0,48,identity,0,0,0,0,GREEDY_TRUSTWORTHY,V5_TRUSTWORTHY,KNOWN,KNOWN,PRIMARY_3_DEPTH_X_4_VIEW
62593bfd,0,62593bfd:o0,48,flip_ud,0,0,0,0,GREEDY_TRUSTWORTHY,V5_TRUSTWORTHY,KNOWN,KNOWN,PRIMARY_3_DEPTH_X_4_VIEW
62593bfd,0,62593bfd:o0,48,transpose,0,0,0,0,GREEDY_TRUSTWORTHY,V5_TRUSTWORTHY,KNOWN,KNOWN,PRIMARY_3_DEPTH_X_4_VIEW
62593bfd,0,62593bfd:o0,48,anti_transpose,0,0,0,0,GREEDY_TRUSTWORTHY,V5_TRUSTWORTHY,KNOWN,KNOWN,PRIMARY_3_DEPTH_X_4_VIEW
62593bfd,1,62593bfd:o1,12,identity,0,0,0,0,GREEDY_TRUSTWORTHY,V5_TRUSTWORTHY,KNOWN,KNOWN,PRIMARY_3_DEPTH_X_4_VIEW
62593bfd,1,62593bfd:o1,12,flip_ud,0,1,1,1,GREEDY_TRUSTWORTHY,V5_TRUSTWORTHY,KNOWN,KNOWN,PRIMARY_3_DEPTH_X_4_VIEW
62593bfd,1,62593bfd:o1,12,transpose,0,0,0,0,GREEDY_TRUSTWORTHY,V5_TRUSTWORTHY,KNOWN,KNOWN,PRIMARY_3_DEPTH_X_4_VIEW
62593bfd,1,62593bfd:o1,12,anti_transpose,0,0,0,0,GREEDY_TRUSTWORTHY,V5_TRUSTWORTHY,KNOWN,KNOWN,PRIMARY_3_DEPTH_X_4_VIEW
62593bfd,1,62593bfd:o1,24,identity,0,0,0,0,GREEDY_TRUSTWORTHY,V5_TRUSTWORTHY,KNOWN,KNOWN,PRIMARY_3_DEPTH_X_4_VIEW
62593bfd,1,62593bfd:o1,24,flip_ud,0,1,1,1,GREEDY_TRUSTWORTHY,V5_TRUSTWORTHY,KNOWN,KNOWN,PRIMARY_3_DEPTH_X_4_VIEW
62593bfd,1,62593bfd:o1,24,transpose,0,0,0,0,GREEDY_TRUSTWORTHY,V5_TRUSTWORTHY,KNOWN,KNOWN,PRIMARY_3_DEPTH_X_4_VIEW
62593bfd,1,62593bfd:o1,24,anti_transpose,0,0,0,0,GREEDY_TRUSTWORTHY,V5_TRUSTWORTHY,KNOWN,KNOWN,PRIMARY_3_DEPTH_X_4_VIEW
62593bfd,1,62593bfd:o1,48,identity,0,0,0,0,GREEDY_TRUSTWORTHY,V5_TRUSTWORTHY,KNOWN,KNOWN,PRIMARY_3_DEPTH_X_4_VIEW
62593bfd,1,62593bfd:o1,48,flip_ud,0,0,0,0,GREEDY_TRUSTWORTHY,V5_TRUSTWORTHY,KNOWN,KNOWN,PRIMARY_3_DEPTH_X_4_VIEW
62593bfd,1,62593bfd:o1,48,transpose,0,0,0,0,GREEDY_TRUSTWORTHY,V5_TRUSTWORTHY,KNOWN,KNOWN,PRIMARY_3_DEPTH_X_4_VIEW
62593bfd,1,62593bfd:o1,48,anti_transpose,0,0,0,0,GREEDY_TRUSTWORTHY,V5_TRUSTWORTHY,KNOWN,KNOWN,PRIMARY_3_DEPTH_X_4_VIEW
64efde09,0,64efde09:o0,12,identity,0,0,0,0,GREEDY_TRUSTWORTHY,V5_TRUSTWORTHY,KNOWN,KNOWN,PRIMARY_3_DEPTH_X_4_VIEW
64efde09,0,64efde09:o0,12,flip_ud,0,0,0,0,GREEDY_TRUSTWORTHY,V5_TRUSTWORTHY,KNOWN,KNOWN,PRIMARY_3_DEPTH_X_4_VIEW
64efde09,0,64efde09:o0,12,transpose,0,0,0,0,GREEDY_TRUSTWORTHY,V5_TRUSTWORTHY,KNOWN,KNOWN,PRIMARY_3_DEPTH_X_4_VIEW
64efde09,0,64efde09:o0,12,anti_transpose,0,0,0,0,GREEDY_TRUSTWORTHY,V5_TRUSTWORTHY,KNOWN,KNOWN,PRIMARY_3_DEPTH_X_4_VIEW
64efde09,0,64efde09:o0,24,identity,0,0,0,0,GREEDY_TRUSTWORTHY,V5_TRUSTWORTHY,KNOWN,KNOWN,PRIMARY_3_DEPTH_X_4_VIEW
64efde09,0,64efde09:o0,24,flip_ud,0,0,0,0,GREEDY_TRUSTWORTHY,V5_TRUSTWORTHY,KNOWN,KNOWN,PRIMARY_3_DEPTH_X_4_VIEW
64efde09,0,64efde09:o0,24,transpose,0,0,0,0,GREEDY_TRUSTWORTHY,V5_TRUSTWORTHY,KNOWN,KNOWN,PRIMARY_3_DEPTH_X_4_VIEW
64efde09,0,64efde09:o0,24,anti_transpose,0,0,0,0,GREEDY_TRUSTWORTHY,V5_TRUSTWORTHY,KNOWN,KNOWN,PRIMARY_3_DEPTH_X_4_VIEW
64efde09,0,64efde09:o0,48,identity,0,0,0,0,GREEDY_TRUSTWORTHY,V5_TRUSTWORTHY,KNOWN,KNOWN,PRIMARY_3_DEPTH_X_4_VIEW
64efde09,0,64efde09:o0,48,flip_ud,0,0,0,0,GREEDY_TRUSTWORTHY,V5_TRUSTWORTHY,KNOWN,KNOWN,PRIMARY_3_DEPTH_X_4_VIEW
64efde09,0,64efde09:o0,48,transpose,0,0,0,0,GREEDY_TRUSTWORTHY,V5_TRUSTWORTHY,KNOWN,KNOWN,PRIMARY_3_DEPTH_X_4_VIEW
64efde09,0,64efde09:o0,48,anti_transpose,0,0,0,0,GREEDY_TRUSTWORTHY,V5_TRUSTWORTHY,KNOWN,KNOWN,PRIMARY_3_DEPTH_X_4_VIEW
67e490f4,0,67e490f4:o0,12,identity,0,0,0,0,GREEDY_TRUSTWORTHY,V5_TRUSTWORTHY,KNOWN,KNOWN,PRIMARY_3_DEPTH_X_4_VIEW
67e490f4,0,67e490f4:o0,12,flip_ud,0,0,0,0,GREEDY_TRUSTWORTHY,V5_TRUSTWORTHY,KNOWN,KNOWN,PRIMARY_3_DEPTH_X_4_VIEW
67e490f4,0,67e490f4:o0,12,transpose,0,0,0,0,GREEDY_TRUSTWORTHY,V5_TRUSTWORTHY,KNOWN,KNOWN,PRIMARY_3_DEPTH_X_4_VIEW
67e490f4,0,67e490f4:o0,12,anti_transpose,0,0,0,0,GREEDY_TRUSTWORTHY,V5_TRUSTWORTHY,KNOWN,KNOWN,PRIMARY_3_DEPTH_X_4_VIEW
67e490f4,0,67e490f4:o0,24,identity,0,0,0,0,GREEDY_TRUSTWORTHY,V5_TRUSTWORTHY,KNOWN,KNOWN,PRIMARY_3_DEPTH_X_4_VIEW
67e490f4,0,67e490f4:o0,24,flip_ud,0,0,0,0,GREEDY_TRUSTWORTHY,V5_TRUSTWORTHY,KNOWN,KNOWN,PRIMARY_3_DEPTH_X_4_VIEW
67e490f4,0,67e490f4:o0,24,transpose,0,0,0,0,GREEDY_TRUSTWORTHY,V5_TRUSTWORTHY,KNOWN,KNOWN,PRIMARY_3_DEPTH_X_4_VIEW
67e490f4,0,67e490f4:o0,24,anti_transpose,0,0,0,0,GREEDY_TRUSTWORTHY,V5_TRUSTWORTHY,KNOWN,KNOWN,PRIMARY_3_DEPTH_X_4_VIEW
67e490f4,0,67e490f4:o0,48,identity,0,0,0,0,GREEDY_TRUSTWORTHY,V5_TRUSTWORTHY,KNOWN,KNOWN,PRIMARY_3_DEPTH_X_4_VIEW
67e490f4,0,67e490f4:o0,48,flip_ud,0,0,0,0,GREEDY_TRUSTWORTHY,V5_TRUSTWORTHY,KNOWN,KNOWN,PRIMARY_3_DEPTH_X_4_VIEW
67e490f4,0,67e490f4:o0,48,transpose,0,0,0,0,GREEDY_TRUSTWORTHY,V5_TRUSTWORTHY,KNOWN,KNOWN,PRIMARY_3_DEPTH_X_4_VIEW
67e490f4,0,67e490f4:o0,48,anti_transpose,0,0,0,0,GREEDY_TRUSTWORTHY,V5_TRUSTWORTHY,KNOWN,KNOWN,PRIMARY_3_DEPTH_X_4_VIEW
6ffbe589,0,6ffbe589:o0,12,identity,0,0,0,0,GREEDY_TRUSTWORTHY,V5_TRUSTWORTHY,KNOWN,KNOWN,PRIMARY_3_DEPTH_X_4_VIEW
6ffbe589,0,6ffbe589:o0,12,flip_ud,0,0,0,0,GREEDY_TRUSTWORTHY,V5_TRUSTWORTHY,KNOWN,KNOWN,PRIMARY_3_DEPTH_X_4_VIEW
6ffbe589,0,6ffbe589:o0,12,transpose,0,0,0,0,GREEDY_TRUSTWORTHY,V5_TRUSTWORTHY,KNOWN,KNOWN,PRIMARY_3_DEPTH_X_4_VIEW
6ffbe589,0,6ffbe589:o0,12,anti_transpose,0,0,0,0,GREEDY_TRUSTWORTHY,V5_TRUSTWORTHY,KNOWN,KNOWN,PRIMARY_3_DEPTH_X_4_VIEW
6ffbe589,0,6ffbe589:o0,24,identity,0,0,0,0,GREEDY_TRUSTWORTHY,V5_TRUSTWORTHY,KNOWN,KNOWN,PRIMARY_3_DEPTH_X_4_VIEW
6ffbe589,0,6ffbe589:o0,24,flip_ud,0,0,0,0,GREEDY_TRUSTWORTHY,V5_TRUSTWORTHY,KNOWN,KNOWN,PRIMARY_3_DEPTH_X_4_VIEW
6ffbe589,0,6ffbe589:o0,24,transpose,0,0,0,0,GREEDY_TRUSTWORTHY,V5_TRUSTWORTHY,KNOWN,KNOWN,PRIMARY_3_DEPTH_X_4_VIEW
6ffbe589,0,6ffbe589:o0,24,anti_transpose,0,0,0,0,GREEDY_TRUSTWORTHY,V5_TRUSTWORTHY,KNOWN,KNOWN,PRIMARY_3_DEPTH_X_4_VIEW
6ffbe589,0,6ffbe589:o0,48,identity,0,0,0,0,GREEDY_TRUSTWORTHY,V5_TRUSTWORTHY,KNOWN,KNOWN,PRIMARY_3_DEPTH_X_4_VIEW
6ffbe589,0,6ffbe589:o0,48,flip_ud,0,0,0,0,GREEDY_TRUSTWORTHY,V5_TRUSTWORTHY,KNOWN,KNOWN,PRIMARY_3_DEPTH_X_4_VIEW
6ffbe589,0,6ffbe589:o0,48,transpose,0,0,0,0,GREEDY_TRUSTWORTHY,V5_TRUSTWORTHY,KNOWN,KNOWN,PRIMARY_3_DEPTH_X_4_VIEW
6ffbe589,0,6ffbe589:o0,48,anti_transpose,0,0,0,0,GREEDY_TRUSTWORTHY,V5_TRUSTWORTHY,KNOWN,KNOWN,PRIMARY_3_DEPTH_X_4_VIEW
71e489b6,0,71e489b6:o0,12,identity,0,0,0,0,GREEDY_TRUSTWORTHY,V5_TRUSTWORTHY,KNOWN,KNOWN,PRIMARY_3_DEPTH_X_4_VIEW
71e489b6,0,71e489b6:o0,12,flip_ud,1,1,1,0,GREEDY_TRUSTWORTHY,V5_TRUSTWORTHY,KNOWN,KNOWN,PRIMARY_3_DEPTH_X_4_VIEW
71e489b6,0,71e489b6:o0,12,transpose,1,1,1,0,GREEDY_TRUSTWORTHY,V5_TRUSTWORTHY,KNOWN,KNOWN,PRIMARY_3_DEPTH_X_4_VIEW
71e489b6,0,71e489b6:o0,12,anti_transpose,1,1,1,0,GREEDY_TRUSTWORTHY,V5_TRUSTWORTHY,KNOWN,KNOWN,PRIMARY_3_DEPTH_X_4_VIEW
71e489b6,0,71e489b6:o0,24,identity,1,1,1,0,GREEDY_TRUSTWORTHY,V5_TRUSTWORTHY,KNOWN,KNOWN,PRIMARY_3_DEPTH_X_4_VIEW
71e489b6,0,71e489b6:o0,24,flip_ud,0,1,1,1,GREEDY_TRUSTWORTHY,V5_TRUSTWORTHY,KNOWN,KNOWN,PRIMARY_3_DEPTH_X_4_VIEW
71e489b6,0,71e489b6:o0,24,transpose,1,1,1,0,GREEDY_TRUSTWORTHY,V5_TRUSTWORTHY,KNOWN,KNOWN,PRIMARY_3_DEPTH_X_4_VIEW
71e489b6,0,71e489b6:o0,24,anti_transpose,0,0,0,0,GREEDY_TRUSTWORTHY,V5_TRUSTWORTHY,KNOWN,KNOWN,PRIMARY_3_DEPTH_X_4_VIEW
71e489b6,0,71e489b6:o0,48,identity,0,0,0,0,GREEDY_TRUSTWORTHY,V5_TRUSTWORTHY,KNOWN,KNOWN,PRIMARY_3_DEPTH_X_4_VIEW
71e489b6,0,71e489b6:o0,48,flip_ud,0,0,0,0,GREEDY_TRUSTWORTHY,V5_TRUSTWORTHY,KNOWN,KNOWN,PRIMARY_3_DEPTH_X_4_VIEW
71e489b6,0,71e489b6:o0,48,transpose,0,0,0,0,GREEDY_TRUSTWORTHY,V5_TRUSTWORTHY,KNOWN,KNOWN,PRIMARY_3_DEPTH_X_4_VIEW
71e489b6,0,71e489b6:o0,48,anti_transpose,0,0,0,0,GREEDY_TRUSTWORTHY,V5_TRUSTWORTHY,KNOWN,KNOWN,PRIMARY_3_DEPTH_X_4_VIEW
71e489b6,1,71e489b6:o1,12,identity,1,1,1,0,GREEDY_TRUSTWORTHY,V5_TRUSTWORTHY,KNOWN,KNOWN,PRIMARY_3_DEPTH_X_4_VIEW
71e489b6,1,71e489b6:o1,12,flip_ud,0,0,0,0,GREEDY_TRUSTWORTHY,V5_TRUSTWORTHY,KNOWN,KNOWN,PRIMARY_3_DEPTH_X_4_VIEW
71e489b6,1,71e489b6:o1,12,transpose,1,1,1,0,GREEDY_TRUSTWORTHY,V5_TRUSTWORTHY,KNOWN,KNOWN,PRIMARY_3_DEPTH_X_4_VIEW
71e489b6,1,71e489b6:o1,12,anti_transpose,0,0,0,0,GREEDY_TRUSTWORTHY,V5_TRUSTWORTHY,KNOWN,KNOWN,PRIMARY_3_DEPTH_X_4_VIEW
71e489b6,1,71e489b6:o1,24,identity,0,1,1,1,GREEDY_TRUSTWORTHY,V5_TRUSTWORTHY,KNOWN,KNOWN,PRIMARY_3_DEPTH_X_4_VIEW
71e489b6,1,71e489b6:o1,24,flip_ud,1,1,1,0,GREEDY_TRUSTWORTHY,V5_TRUSTWORTHY,KNOWN,KNOWN,PRIMARY_3_DEPTH_X_4_VIEW
71e489b6,1,71e489b6:o1,24,transpose,1,1,1,0,GREEDY_TRUSTWORTHY,V5_TRUSTWORTHY,KNOWN,KNOWN,PRIMARY_3_DEPTH_X_4_VIEW
71e489b6,1,71e489b6:o1,24,anti_transpose,0,0,0,0,GREEDY_TRUSTWORTHY,V5_TRUSTWORTHY,KNOWN,KNOWN,PRIMARY_3_DEPTH_X_4_VIEW
71e489b6,1,71e489b6:o1,48,identity,0,0,0,0,GREEDY_TRUSTWORTHY,V5_TRUSTWORTHY,KNOWN,KNOWN,PRIMARY_3_DEPTH_X_4_VIEW
71e489b6,1,71e489b6:o1,48,flip_ud,1,1,1,0,GREEDY_TRUSTWORTHY,V5_TRUSTWORTHY,KNOWN,KNOWN,PRIMARY_3_DEPTH_X_4_VIEW
71e489b6,1,71e489b6:o1,48,transpose,1,1,1,0,GREEDY_TRUSTWORTHY,V5_TRUSTWORTHY,KNOWN,KNOWN,PRIMARY_3_DEPTH_X_4_VIEW
71e489b6,1,71e489b6:o1,48,anti_transpose,1,1,1,0,GREEDY_TRUSTWORTHY,V5_TRUSTWORTHY,KNOWN,KNOWN,PRIMARY_3_DEPTH_X_4_VIEW
7491f3cf,0,7491f3cf:o0,12,identity,0,0,0,0,GREEDY_TRUSTWORTHY,V5_TRUSTWORTHY,KNOWN,KNOWN,PRIMARY_3_DEPTH_X_4_VIEW
7491f3cf,0,7491f3cf:o0,12,flip_ud,0,0,0,0,GREEDY_TRUSTWORTHY,V5_TRUSTWORTHY,KNOWN,KNOWN,PRIMARY_3_DEPTH_X_4_VIEW
7491f3cf,0,7491f3cf:o0,12,transpose,0,0,0,0,GREEDY_TRUSTWORTHY,V5_TRUSTWORTHY,KNOWN,KNOWN,PRIMARY_3_DEPTH_X_4_VIEW
7491f3cf,0,7491f3cf:o0,12,anti_transpose,0,0,0,0,GREEDY_TRUSTWORTHY,V5_TRUSTWORTHY,KNOWN,KNOWN,PRIMARY_3_DEPTH_X_4_VIEW
7491f3cf,0,7491f3cf:o0,24,identity,0,0,0,0,GREEDY_TRUSTWORTHY,V5_TRUSTWORTHY,KNOWN,KNOWN,PRIMARY_3_DEPTH_X_4_VIEW
7491f3cf,0,7491f3cf:o0,24,flip_ud,0,0,0,0,GREEDY_TRUSTWORTHY,V5_TRUSTWORTHY,KNOWN,KNOWN,PRIMARY_3_DEPTH_X_4_VIEW
7491f3cf,0,7491f3cf:o0,24,transpose,0,0,0,0,GREEDY_TRUSTWORTHY,V5_TRUSTWORTHY,KNOWN,KNOWN,PRIMARY_3_DEPTH_X_4_VIEW
7491f3cf,0,7491f3cf:o0,24,anti_transpose,0,0,0,0,GREEDY_TRUSTWORTHY,V5_TRUSTWORTHY,KNOWN,KNOWN,PRIMARY_3_DEPTH_X_4_VIEW
7491f3cf,0,7491f3cf:o0,48,identity,0,0,0,0,GREEDY_TRUSTWORTHY,V5_TRUSTWORTHY,KNOWN,KNOWN,PRIMARY_3_DEPTH_X_4_VIEW
7491f3cf,0,7491f3cf:o0,48,flip_ud,0,0,0,0,GREEDY_TRUSTWORTHY,V5_TRUSTWORTHY,KNOWN,KNOWN,PRIMARY_3_DEPTH_X_4_VIEW
7491f3cf,0,7491f3cf:o0,48,transpose,0,0,0,0,GREEDY_TRUSTWORTHY,V5_TRUSTWORTHY,KNOWN,KNOWN,PRIMARY_3_DEPTH_X_4_VIEW
7491f3cf,0,7491f3cf:o0,48,anti_transpose,0,0,0,0,GREEDY_TRUSTWORTHY,V5_TRUSTWORTHY,KNOWN,KNOWN,PRIMARY_3_DEPTH_X_4_VIEW
78332cb0,0,78332cb0:o0,12,identity,0,0,0,0,GREEDY_TRUSTWORTHY,V5_TRUSTWORTHY,KNOWN,KNOWN,PRIMARY_3_DEPTH_X_4_VIEW
78332cb0,0,78332cb0:o0,12,flip_ud,0,0,0,0,GREEDY_TRUSTWORTHY,V5_TRUSTWORTHY,KNOWN,KNOWN,PRIMARY_3_DEPTH_X_4_VIEW
78332cb0,0,78332cb0:o0,12,transpose,0,0,0,0,GREEDY_TRUSTWORTHY,V5_TRUSTWORTHY,KNOWN,KNOWN,PRIMARY_3_DEPTH_X_4_VIEW
78332cb0,0,78332cb0:o0,12,anti_transpose,0,0,0,0,GREEDY_TRUSTWORTHY,V5_TRUSTWORTHY,KNOWN,KNOWN,PRIMARY_3_DEPTH_X_4_VIEW
78332cb0,0,78332cb0:o0,24,identity,0,0,0,0,GREEDY_TRUSTWORTHY,V5_TRUSTWORTHY,KNOWN,KNOWN,PRIMARY_3_DEPTH_X_4_VIEW
78332cb0,0,78332cb0:o0,24,flip_ud,0,0,0,0,GREEDY_TRUSTWORTHY,V5_TRUSTWORTHY,KNOWN,KNOWN,PRIMARY_3_DEPTH_X_4_VIEW
78332cb0,0,78332cb0:o0,24,transpose,0,0,0,0,GREEDY_TRUSTWORTHY,V5_TRUSTWORTHY,KNOWN,KNOWN,PRIMARY_3_DEPTH_X_4_VIEW
78332cb0,0,78332cb0:o0,24,anti_transpose,0,0,0,0,GREEDY_TRUSTWORTHY,V5_TRUSTWORTHY,KNOWN,KNOWN,PRIMARY_3_DEPTH_X_4_VIEW
78332cb0,0,78332cb0:o0,48,identity,0,1,1,1,GREEDY_TRUSTWORTHY,V5_TRUSTWORTHY,KNOWN,KNOWN,PRIMARY_3_DEPTH_X_4_VIEW
78332cb0,0,78332cb0:o0,48,flip_ud,0,0,0,0,GREEDY_TRUSTWORTHY,V5_TRUSTWORTHY,KNOWN,KNOWN,PRIMARY_3_DEPTH_X_4_VIEW
78332cb0,0,78332cb0:o0,48,transpose,0,0,0,0,GREEDY_TRUSTWORTHY,V5_TRUSTWORTHY,KNOWN,KNOWN,PRIMARY_3_DEPTH_X_4_VIEW
78332cb0,0,78332cb0:o0,48,anti_transpose,0,0,0,0,GREEDY_TRUSTWORTHY,V5_TRUSTWORTHY,KNOWN,KNOWN,PRIMARY_3_DEPTH_X_4_VIEW
78332cb0,1,78332cb0:o1,12,identity,0,0,0,0,GREEDY_TRUSTWORTHY,V5_TRUSTWORTHY,KNOWN,KNOWN,PRIMARY_3_DEPTH_X_4_VIEW
78332cb0,1,78332cb0:o1,12,flip_ud,0,0,0,0,GREEDY_TRUSTWORTHY,V5_TRUSTWORTHY,KNOWN,KNOWN,PRIMARY_3_DEPTH_X_4_VIEW
78332cb0,1,78332cb0:o1,12,transpose,0,0,0,0,GREEDY_TRUSTWORTHY,V5_TRUSTWORTHY,KNOWN,KNOWN,PRIMARY_3_DEPTH_X_4_VIEW
78332cb0,1,78332cb0:o1,12,anti_transpose,0,0,0,0,GREEDY_TRUSTWORTHY,V5_TRUSTWORTHY,KNOWN,KNOWN,PRIMARY_3_DEPTH_X_4_VIEW
78332cb0,1,78332cb0:o1,24,identity,0,1,1,1,GREEDY_TRUSTWORTHY,V5_TRUSTWORTHY,KNOWN,KNOWN,PRIMARY_3_DEPTH_X_4_VIEW
78332cb0,1,78332cb0:o1,24,flip_ud,0,0,0,0,GREEDY_TRUSTWORTHY,V5_TRUSTWORTHY,KNOWN,KNOWN,PRIMARY_3_DEPTH_X_4_VIEW
78332cb0,1,78332cb0:o1,24,transpose,0,0,0,0,GREEDY_TRUSTWORTHY,V5_TRUSTWORTHY,KNOWN,KNOWN,PRIMARY_3_DEPTH_X_4_VIEW
78332cb0,1,78332cb0:o1,24,anti_transpose,0,0,0,0,GREEDY_TRUSTWORTHY,V5_TRUSTWORTHY,KNOWN,KNOWN,PRIMARY_3_DEPTH_X_4_VIEW
78332cb0,1,78332cb0:o1,48,identity,1,1,1,0,GREEDY_TRUSTWORTHY,V5_TRUSTWORTHY,KNOWN,KNOWN,PRIMARY_3_DEPTH_X_4_VIEW
78332cb0,1,78332cb0:o1,48,flip_ud,0,0,0,0,GREEDY_TRUSTWORTHY,V5_TRUSTWORTHY,KNOWN,KNOWN,PRIMARY_3_DEPTH_X_4_VIEW
78332cb0,1,78332cb0:o1,48,transpose,0,0,0,0,GREEDY_TRUSTWORTHY,V5_TRUSTWORTHY,KNOWN,KNOWN,PRIMARY_3_DEPTH_X_4_VIEW
78332cb0,1,78332cb0:o1,48,anti_transpose,0,0,0,0,GREEDY_TRUSTWORTHY,V5_TRUSTWORTHY,KNOWN,KNOWN,PRIMARY_3_DEPTH_X_4_VIEW
7b0280bc,0,7b0280bc:o0,12,identity,0,0,0,0,GREEDY_TRUSTWORTHY,V5_TRUSTWORTHY,KNOWN,KNOWN,PRIMARY_3_DEPTH_X_4_VIEW
7b0280bc,0,7b0280bc:o0,12,flip_ud,0,0,0,0,GREEDY_TRUSTWORTHY,V5_TRUSTWORTHY,KNOWN,KNOWN,PRIMARY_3_DEPTH_X_4_VIEW
7b0280bc,0,7b0280bc:o0,12,transpose,0,0,0,0,GREEDY_TRUSTWORTHY,V5_TRUSTWORTHY,KNOWN,KNOWN,PRIMARY_3_DEPTH_X_4_VIEW
7b0280bc,0,7b0280bc:o0,12,anti_transpose,0,0,0,0,GREEDY_TRUSTWORTHY,V5_TRUSTWORTHY,KNOWN,KNOWN,PRIMARY_3_DEPTH_X_4_VIEW
7b0280bc,0,7b0280bc:o0,24,identity,0,0,0,0,GREEDY_TRUSTWORTHY,V5_TRUSTWORTHY,KNOWN,KNOWN,PRIMARY_3_DEPTH_X_4_VIEW
7b0280bc,0,7b0280bc:o0,24,flip_ud,0,0,0,0,GREEDY_TRUSTWORTHY,V5_TRUSTWORTHY,KNOWN,KNOWN,PRIMARY_3_DEPTH_X_4_VIEW
7b0280bc,0,7b0280bc:o0,24,transpose,1,1,1,0,GREEDY_TRUSTWORTHY,V5_TRUSTWORTHY,KNOWN,KNOWN,PRIMARY_3_DEPTH_X_4_VIEW
7b0280bc,0,7b0280bc:o0,24,anti_transpose,0,1,1,1,GREEDY_TRUSTWORTHY,V5_TRUSTWORTHY,KNOWN,KNOWN,PRIMARY_3_DEPTH_X_4_VIEW
7b0280bc,0,7b0280bc:o0,48,identity,0,0,0,0,GREEDY_TRUSTWORTHY,V5_TRUSTWORTHY,KNOWN,KNOWN,PRIMARY_3_DEPTH_X_4_VIEW
7b0280bc,0,7b0280bc:o0,48,flip_ud,0,0,0,0,GREEDY_TRUSTWORTHY,V5_TRUSTWORTHY,KNOWN,KNOWN,PRIMARY_3_DEPTH_X_4_VIEW
7b0280bc,0,7b0280bc:o0,48,transpose,1,1,1,0,GREEDY_TRUSTWORTHY,V5_TRUSTWORTHY,KNOWN,KNOWN,PRIMARY_3_DEPTH_X_4_VIEW
7b0280bc,0,7b0280bc:o0,48,anti_transpose,0,0,0,0,GREEDY_TRUSTWORTHY,V5_TRUSTWORTHY,KNOWN,KNOWN,PRIMARY_3_DEPTH_X_4_VIEW
7b3084d4,0,7b3084d4:o0,12,identity,0,0,0,0,GREEDY_TRUSTWORTHY,V5_TRUSTWORTHY,KNOWN,KNOWN,PRIMARY_3_DEPTH_X_4_VIEW
7b3084d4,0,7b3084d4:o0,12,flip_ud,0,0,0,0,GREEDY_TRUSTWORTHY,V5_TRUSTWORTHY,KNOWN,KNOWN,PRIMARY_3_DEPTH_X_4_VIEW
7b3084d4,0,7b3084d4:o0,12,transpose,0,0,0,0,GREEDY_TRUSTWORTHY,V5_TRUSTWORTHY,KNOWN,KNOWN,PRIMARY_3_DEPTH_X_4_VIEW
7b3084d4,0,7b3084d4:o0,12,anti_transpose,0,0,0,0,GREEDY_TRUSTWORTHY,V5_TRUSTWORTHY,KNOWN,KNOWN,PRIMARY_3_DEPTH_X_4_VIEW
7b3084d4,0,7b3084d4:o0,24,identity,0,0,0,0,GREEDY_TRUSTWORTHY,V5_TRUSTWORTHY,KNOWN,KNOWN,PRIMARY_3_DEPTH_X_4_VIEW
7b3084d4,0,7b3084d4:o0,24,flip_ud,0,0,0,0,GREEDY_TRUSTWORTHY,V5_TRUSTWORTHY,KNOWN,KNOWN,PRIMARY_3_DEPTH_X_4_VIEW
7b3084d4,0,7b3084d4:o0,24,transpose,0,0,0,0,GREEDY_TRUSTWORTHY,V5_TRUSTWORTHY,KNOWN,KNOWN,PRIMARY_3_DEPTH_X_4_VIEW
7b3084d4,0,7b3084d4:o0,24,anti_transpose,0,0,0,0,GREEDY_TRUSTWORTHY,V5_TRUSTWORTHY,KNOWN,KNOWN,PRIMARY_3_DEPTH_X_4_VIEW
7b3084d4,0,7b3084d4:o0,48,identity,0,0,0,0,GREEDY_TRUSTWORTHY,V5_TRUSTWORTHY,KNOWN,KNOWN,PRIMARY_3_DEPTH_X_4_VIEW
7b3084d4,0,7b3084d4:o0,48,flip_ud,0,0,0,0,GREEDY_TRUSTWORTHY,V5_TRUSTWORTHY,KNOWN,KNOWN,PRIMARY_3_DEPTH_X_4_VIEW
7b3084d4,0,7b3084d4:o0,48,transpose,0,0,0,0,GREEDY_TRUSTWORTHY,V5_TRUSTWORTHY,KNOWN,KNOWN,PRIMARY_3_DEPTH_X_4_VIEW
7b3084d4,0,7b3084d4:o0,48,anti_transpose,0,0,0,0,GREEDY_TRUSTWORTHY,V5_TRUSTWORTHY,KNOWN,KNOWN,PRIMARY_3_DEPTH_X_4_VIEW
7ed72f31,0,7ed72f31:o0,12,identity,1,1,1,0,GREEDY_TRUSTWORTHY,V5_TRUSTWORTHY,KNOWN,KNOWN,PRIMARY_3_DEPTH_X_4_VIEW
7ed72f31,0,7ed72f31:o0,12,flip_ud,0,0,0,0,GREEDY_TRUSTWORTHY,V5_TRUSTWORTHY,KNOWN,KNOWN,PRIMARY_3_DEPTH_X_4_VIEW
7ed72f31,0,7ed72f31:o0,12,transpose,0,0,0,0,GREEDY_TRUSTWORTHY,V5_TRUSTWORTHY,KNOWN,KNOWN,PRIMARY_3_DEPTH_X_4_VIEW
7ed72f31,0,7ed72f31:o0,12,anti_transpose,0,1,1,1,GREEDY_TRUSTWORTHY,V5_TRUSTWORTHY,KNOWN,KNOWN,PRIMARY_3_DEPTH_X_4_VIEW
7ed72f31,0,7ed72f31:o0,24,identity,0,0,0,0,GREEDY_TRUSTWORTHY,V5_TRUSTWORTHY,KNOWN,KNOWN,PRIMARY_3_DEPTH_X_4_VIEW
7ed72f31,0,7ed72f31:o0,24,flip_ud,0,0,0,0,GREEDY_TRUSTWORTHY,V5_TRUSTWORTHY,KNOWN,KNOWN,PRIMARY_3_DEPTH_X_4_VIEW
7ed72f31,0,7ed72f31:o0,24,transpose,0,0,0,0,GREEDY_TRUSTWORTHY,V5_TRUSTWORTHY,KNOWN,KNOWN,PRIMARY_3_DEPTH_X_4_VIEW
7ed72f31,0,7ed72f31:o0,24,anti_transpose,1,1,1,0,GREEDY_TRUSTWORTHY,V5_TRUSTWORTHY,KNOWN,KNOWN,PRIMARY_3_DEPTH_X_4_VIEW
7ed72f31,0,7ed72f31:o0,48,identity,0,1,1,1,GREEDY_TRUSTWORTHY,V5_TRUSTWORTHY,KNOWN,KNOWN,PRIMARY_3_DEPTH_X_4_VIEW
7ed72f31,0,7ed72f31:o0,48,flip_ud,0,0,0,0,GREEDY_TRUSTWORTHY,V5_TRUSTWORTHY,KNOWN,KNOWN,PRIMARY_3_DEPTH_X_4_VIEW
7ed72f31,0,7ed72f31:o0,48,transpose,0,0,0,0,GREEDY_TRUSTWORTHY,V5_TRUSTWORTHY,KNOWN,KNOWN,PRIMARY_3_DEPTH_X_4_VIEW
7ed72f31,0,7ed72f31:o0,48,anti_transpose,1,1,1,0,GREEDY_TRUSTWORTHY,V5_TRUSTWORTHY,KNOWN,KNOWN,PRIMARY_3_DEPTH_X_4_VIEW
7ed72f31,1,7ed72f31:o1,12,identity,0,0,0,0,GREEDY_TRUSTWORTHY,V5_TRUSTWORTHY,KNOWN,KNOWN,PRIMARY_3_DEPTH_X_4_VIEW
7ed72f31,1,7ed72f31:o1,12,flip_ud,0,1,1,1,GREEDY_TRUSTWORTHY,V5_TRUSTWORTHY,KNOWN,KNOWN,PRIMARY_3_DEPTH_X_4_VIEW
7ed72f31,1,7ed72f31:o1,12,transpose,1,1,1,0,GREEDY_TRUSTWORTHY,V5_TRUSTWORTHY,KNOWN,KNOWN,PRIMARY_3_DEPTH_X_4_VIEW
7ed72f31,1,7ed72f31:o1,12,anti_transpose,0,0,0,0,GREEDY_TRUSTWORTHY,V5_TRUSTWORTHY,KNOWN,KNOWN,PRIMARY_3_DEPTH_X_4_VIEW
7ed72f31,1,7ed72f31:o1,24,identity,0,0,0,0,GREEDY_TRUSTWORTHY,V5_TRUSTWORTHY,KNOWN,KNOWN,PRIMARY_3_DEPTH_X_4_VIEW
7ed72f31,1,7ed72f31:o1,24,flip_ud,0,0,0,0,GREEDY_TRUSTWORTHY,V5_TRUSTWORTHY,KNOWN,KNOWN,PRIMARY_3_DEPTH_X_4_VIEW
7ed72f31,1,7ed72f31:o1,24,transpose,0,0,0,0,GREEDY_TRUSTWORTHY,V5_TRUSTWORTHY,KNOWN,KNOWN,PRIMARY_3_DEPTH_X_4_VIEW
7ed72f31,1,7ed72f31:o1,24,anti_transpose,0,0,0,0,GREEDY_TRUSTWORTHY,V5_TRUSTWORTHY,KNOWN,KNOWN,PRIMARY_3_DEPTH_X_4_VIEW
7ed72f31,1,7ed72f31:o1,48,identity,0,0,0,0,GREEDY_TRUSTWORTHY,V5_TRUSTWORTHY,KNOWN,KNOWN,PRIMARY_3_DEPTH_X_4_VIEW
7ed72f31,1,7ed72f31:o1,48,flip_ud,0,0,0,0,GREEDY_TRUSTWORTHY,V5_TRUSTWORTHY,KNOWN,KNOWN,PRIMARY_3_DEPTH_X_4_VIEW
7ed72f31,1,7ed72f31:o1,48,transpose,0,0,0,0,GREEDY_TRUSTWORTHY,V5_TRUSTWORTHY,KNOWN,KNOWN,PRIMARY_3_DEPTH_X_4_VIEW
7ed72f31,1,7ed72f31:o1,48,anti_transpose,0,0,0,0,GREEDY_TRUSTWORTHY,V5_TRUSTWORTHY,KNOWN,KNOWN,PRIMARY_3_DEPTH_X_4_VIEW
80a900e0,0,80a900e0:o0,12,identity,0,0,0,0,GREEDY_TRUSTWORTHY,V5_TRUSTWORTHY,KNOWN,KNOWN,PRIMARY_3_DEPTH_X_4_VIEW
80a900e0,0,80a900e0:o0,12,flip_ud,0,0,0,0,GREEDY_TRUSTWORTHY,V5_TRUSTWORTHY,KNOWN,KNOWN,PRIMARY_3_DEPTH_X_4_VIEW
80a900e0,0,80a900e0:o0,12,transpose,0,0,0,0,GREEDY_TRUSTWORTHY,V5_TRUSTWORTHY,KNOWN,KNOWN,PRIMARY_3_DEPTH_X_4_VIEW
80a900e0,0,80a900e0:o0,12,anti_transpose,0,0,0,0,GREEDY_TRUSTWORTHY,V5_TRUSTWORTHY,KNOWN,KNOWN,PRIMARY_3_DEPTH_X_4_VIEW
80a900e0,0,80a900e0:o0,24,identity,0,0,0,0,GREEDY_TRUSTWORTHY,V5_TRUSTWORTHY,KNOWN,KNOWN,PRIMARY_3_DEPTH_X_4_VIEW
80a900e0,0,80a900e0:o0,24,flip_ud,0,0,0,0,GREEDY_TRUSTWORTHY,V5_TRUSTWORTHY,KNOWN,KNOWN,PRIMARY_3_DEPTH_X_4_VIEW
80a900e0,0,80a900e0:o0,24,transpose,0,0,0,0,GREEDY_TRUSTWORTHY,V5_TRUSTWORTHY,KNOWN,KNOWN,PRIMARY_3_DEPTH_X_4_VIEW
80a900e0,0,80a900e0:o0,24,anti_transpose,0,0,0,0,GREEDY_TRUSTWORTHY,V5_TRUSTWORTHY,KNOWN,KNOWN,PRIMARY_3_DEPTH_X_4_VIEW
80a900e0,0,80a900e0:o0,48,identity,0,0,0,0,GREEDY_TRUSTWORTHY,V5_TRUSTWORTHY,KNOWN,KNOWN,PRIMARY_3_DEPTH_X_4_VIEW
80a900e0,0,80a900e0:o0,48,flip_ud,0,0,0,0,GREEDY_TRUSTWORTHY,V5_TRUSTWORTHY,KNOWN,KNOWN,PRIMARY_3_DEPTH_X_4_VIEW
80a900e0,0,80a900e0:o0,48,transpose,0,0,0,0,GREEDY_TRUSTWORTHY,V5_TRUSTWORTHY,KNOWN,KNOWN,PRIMARY_3_DEPTH_X_4_VIEW
80a900e0,0,80a900e0:o0,48,anti_transpose,0,0,0,0,GREEDY_TRUSTWORTHY,V5_TRUSTWORTHY,KNOWN,KNOWN,PRIMARY_3_DEPTH_X_4_VIEW
88bcf3b4,0,88bcf3b4:o0,12,identity,0,0,0,0,GREEDY_TRUSTWORTHY,V5_TRUSTWORTHY,KNOWN,KNOWN,PRIMARY_3_DEPTH_X_4_VIEW
88bcf3b4,0,88bcf3b4:o0,12,flip_ud,0,0,0,0,GREEDY_TRUSTWORTHY,V5_TRUSTWORTHY,KNOWN,KNOWN,PRIMARY_3_DEPTH_X_4_VIEW
88bcf3b4,0,88bcf3b4:o0,12,transpose,0,0,0,0,GREEDY_TRUSTWORTHY,V5_TRUSTWORTHY,KNOWN,KNOWN,PRIMARY_3_DEPTH_X_4_VIEW
88bcf3b4,0,88bcf3b4:o0,12,anti_transpose,0,0,0,0,GREEDY_TRUSTWORTHY,V5_TRUSTWORTHY,KNOWN,KNOWN,PRIMARY_3_DEPTH_X_4_VIEW
88bcf3b4,0,88bcf3b4:o0,24,identity,0,0,0,0,GREEDY_TRUSTWORTHY,V5_TRUSTWORTHY,KNOWN,KNOWN,PRIMARY_3_DEPTH_X_4_VIEW
88bcf3b4,0,88bcf3b4:o0,24,flip_ud,0,0,0,0,GREEDY_TRUSTWORTHY,V5_TRUSTWORTHY,KNOWN,KNOWN,PRIMARY_3_DEPTH_X_4_VIEW
88bcf3b4,0,88bcf3b4:o0,24,transpose,0,0,0,0,GREEDY_TRUSTWORTHY,V5_TRUSTWORTHY,KNOWN,KNOWN,PRIMARY_3_DEPTH_X_4_VIEW
88bcf3b4,0,88bcf3b4:o0,24,anti_transpose,0,0,0,0,GREEDY_TRUSTWORTHY,V5_TRUSTWORTHY,KNOWN,KNOWN,PRIMARY_3_DEPTH_X_4_VIEW
88bcf3b4,0,88bcf3b4:o0,48,identity,0,0,0,0,GREEDY_TRUSTWORTHY,V5_TRUSTWORTHY,KNOWN,KNOWN,PRIMARY_3_DEPTH_X_4_VIEW
88bcf3b4,0,88bcf3b4:o0,48,flip_ud,0,0,0,0,GREEDY_TRUSTWORTHY,V5_TRUSTWORTHY,KNOWN,KNOWN,PRIMARY_3_DEPTH_X_4_VIEW
88bcf3b4,0,88bcf3b4:o0,48,transpose,0,0,0,0,GREEDY_TRUSTWORTHY,V5_TRUSTWORTHY,KNOWN,KNOWN,PRIMARY_3_DEPTH_X_4_VIEW
88bcf3b4,0,88bcf3b4:o0,48,anti_transpose,0,0,0,0,GREEDY_TRUSTWORTHY,V5_TRUSTWORTHY,KNOWN,KNOWN,PRIMARY_3_DEPTH_X_4_VIEW
88bcf3b4,1,88bcf3b4:o1,12,identity,0,0,0,0,GREEDY_TRUSTWORTHY,V5_TRUSTWORTHY,KNOWN,KNOWN,PRIMARY_3_DEPTH_X_4_VIEW
88bcf3b4,1,88bcf3b4:o1,12,flip_ud,0,0,0,0,GREEDY_TRUSTWORTHY,V5_TRUSTWORTHY,KNOWN,KNOWN,PRIMARY_3_DEPTH_X_4_VIEW
88bcf3b4,1,88bcf3b4:o1,12,transpose,0,0,0,0,GREEDY_TRUSTWORTHY,V5_TRUSTWORTHY,KNOWN,KNOWN,PRIMARY_3_DEPTH_X_4_VIEW
88bcf3b4,1,88bcf3b4:o1,12,anti_transpose,0,0,0,0,GREEDY_TRUSTWORTHY,V5_TRUSTWORTHY,KNOWN,KNOWN,PRIMARY_3_DEPTH_X_4_VIEW
88bcf3b4,1,88bcf3b4:o1,24,identity,0,0,0,0,GREEDY_TRUSTWORTHY,V5_TRUSTWORTHY,KNOWN,KNOWN,PRIMARY_3_DEPTH_X_4_VIEW
88bcf3b4,1,88bcf3b4:o1,24,flip_ud,0,0,0,0,GREEDY_TRUSTWORTHY,V5_TRUSTWORTHY,KNOWN,KNOWN,PRIMARY_3_DEPTH_X_4_VIEW
88bcf3b4,1,88bcf3b4:o1,24,transpose,0,0,0,0,GREEDY_TRUSTWORTHY,V5_TRUSTWORTHY,KNOWN,KNOWN,PRIMARY_3_DEPTH_X_4_VIEW
88bcf3b4,1,88bcf3b4:o1,24,anti_transpose,0,0,0,0,GREEDY_TRUSTWORTHY,V5_TRUSTWORTHY,KNOWN,KNOWN,PRIMARY_3_DEPTH_X_4_VIEW
88bcf3b4,1,88bcf3b4:o1,48,identity,0,0,0,0,GREEDY_TRUSTWORTHY,V5_TRUSTWORTHY,KNOWN,KNOWN,PRIMARY_3_DEPTH_X_4_VIEW
88bcf3b4,1,88bcf3b4:o1,48,flip_ud,0,0,0,0,GREEDY_TRUSTWORTHY,V5_TRUSTWORTHY,KNOWN,KNOWN,PRIMARY_3_DEPTH_X_4_VIEW
88bcf3b4,1,88bcf3b4:o1,48,transpose,0,0,0,0,GREEDY_TRUSTWORTHY,V5_TRUSTWORTHY,KNOWN,KNOWN,PRIMARY_3_DEPTH_X_4_VIEW
88bcf3b4,1,88bcf3b4:o1,48,anti_transpose,0,0,0,0,GREEDY_TRUSTWORTHY,V5_TRUSTWORTHY,KNOWN,KNOWN,PRIMARY_3_DEPTH_X_4_VIEW
898e7135,0,898e7135:o0,12,identity,0,0,0,0,GREEDY_TRUSTWORTHY,V5_TRUSTWORTHY,KNOWN,KNOWN,PRIMARY_3_DEPTH_X_4_VIEW
898e7135,0,898e7135:o0,12,flip_ud,0,0,0,0,GREEDY_TRUSTWORTHY,V5_TRUSTWORTHY,KNOWN,KNOWN,PRIMARY_3_DEPTH_X_4_VIEW
898e7135,0,898e7135:o0,12,transpose,0,0,0,0,GREEDY_TRUSTWORTHY,V5_TRUSTWORTHY,KNOWN,KNOWN,PRIMARY_3_DEPTH_X_4_VIEW
898e7135,0,898e7135:o0,12,anti_transpose,0,0,0,0,GREEDY_TRUSTWORTHY,V5_TRUSTWORTHY,KNOWN,KNOWN,PRIMARY_3_DEPTH_X_4_VIEW
898e7135,0,898e7135:o0,24,identity,0,0,0,0,GREEDY_TRUSTWORTHY,V5_TRUSTWORTHY,KNOWN,KNOWN,PRIMARY_3_DEPTH_X_4_VIEW
898e7135,0,898e7135:o0,24,flip_ud,0,0,0,0,GREEDY_TRUSTWORTHY,V5_TRUSTWORTHY,KNOWN,KNOWN,PRIMARY_3_DEPTH_X_4_VIEW
898e7135,0,898e7135:o0,24,transpose,0,0,0,0,GREEDY_TRUSTWORTHY,V5_TRUSTWORTHY,KNOWN,KNOWN,PRIMARY_3_DEPTH_X_4_VIEW
898e7135,0,898e7135:o0,24,anti_transpose,0,0,0,0,GREEDY_TRUSTWORTHY,V5_TRUSTWORTHY,KNOWN,KNOWN,PRIMARY_3_DEPTH_X_4_VIEW
898e7135,0,898e7135:o0,48,identity,0,0,0,0,GREEDY_TRUSTWORTHY,V5_TRUSTWORTHY,KNOWN,KNOWN,PRIMARY_3_DEPTH_X_4_VIEW
898e7135,0,898e7135:o0,48,flip_ud,0,0,0,0,GREEDY_TRUSTWORTHY,V5_TRUSTWORTHY,KNOWN,KNOWN,PRIMARY_3_DEPTH_X_4_VIEW
898e7135,0,898e7135:o0,48,transpose,0,0,0,0,GREEDY_TRUSTWORTHY,V5_TRUSTWORTHY,KNOWN,KNOWN,PRIMARY_3_DEPTH_X_4_VIEW
898e7135,0,898e7135:o0,48,anti_transpose,0,0,0,0,GREEDY_TRUSTWORTHY,V5_TRUSTWORTHY,KNOWN,KNOWN,PRIMARY_3_DEPTH_X_4_VIEW
8b7bacbf,0,8b7bacbf:o0,12,identity,0,0,0,0,GREEDY_TRUSTWORTHY,V5_TRUSTWORTHY,KNOWN,KNOWN,PRIMARY_3_DEPTH_X_4_VIEW
8b7bacbf,0,8b7bacbf:o0,12,flip_ud,0,0,0,0,GREEDY_TRUSTWORTHY,V5_TRUSTWORTHY,KNOWN,KNOWN,PRIMARY_3_DEPTH_X_4_VIEW
8b7bacbf,0,8b7bacbf:o0,12,transpose,0,0,0,0,GREEDY_TRUSTWORTHY,V5_TRUSTWORTHY,KNOWN,KNOWN,PRIMARY_3_DEPTH_X_4_VIEW
8b7bacbf,0,8b7bacbf:o0,12,anti_transpose,0,0,0,0,GREEDY_TRUSTWORTHY,V5_TRUSTWORTHY,KNOWN,KNOWN,PRIMARY_3_DEPTH_X_4_VIEW
8b7bacbf,0,8b7bacbf:o0,24,identity,0,0,0,0,GREEDY_TRUSTWORTHY,V5_TRUSTWORTHY,KNOWN,KNOWN,PRIMARY_3_DEPTH_X_4_VIEW
8b7bacbf,0,8b7bacbf:o0,24,flip_ud,0,0,0,0,GREEDY_TRUSTWORTHY,V5_TRUSTWORTHY,KNOWN,KNOWN,PRIMARY_3_DEPTH_X_4_VIEW
8b7bacbf,0,8b7bacbf:o0,24,transpose,0,0,0,0,GREEDY_TRUSTWORTHY,V5_TRUSTWORTHY,KNOWN,KNOWN,PRIMARY_3_DEPTH_X_4_VIEW
8b7bacbf,0,8b7bacbf:o0,24,anti_transpose,0,0,0,0,GREEDY_TRUSTWORTHY,V5_TRUSTWORTHY,KNOWN,KNOWN,PRIMARY_3_DEPTH_X_4_VIEW
8b7bacbf,0,8b7bacbf:o0,48,identity,0,0,0,0,GREEDY_TRUSTWORTHY,V5_TRUSTWORTHY,KNOWN,KNOWN,PRIMARY_3_DEPTH_X_4_VIEW
8b7bacbf,0,8b7bacbf:o0,48,flip_ud,0,0,0,0,GREEDY_TRUSTWORTHY,V5_TRUSTWORTHY,KNOWN,KNOWN,PRIMARY_3_DEPTH_X_4_VIEW
8b7bacbf,0,8b7bacbf:o0,48,transpose,0,0,0,0,GREEDY_TRUSTWORTHY,V5_TRUSTWORTHY,KNOWN,KNOWN,PRIMARY_3_DEPTH_X_4_VIEW
8b7bacbf,0,8b7bacbf:o0,48,anti_transpose,0,0,0,0,GREEDY_TRUSTWORTHY,V5_TRUSTWORTHY,KNOWN,KNOWN,PRIMARY_3_DEPTH_X_4_VIEW
8b7bacbf,1,8b7bacbf:o1,12,identity,0,0,0,0,GREEDY_TRUSTWORTHY,V5_TRUSTWORTHY,KNOWN,KNOWN,PRIMARY_3_DEPTH_X_4_VIEW
8b7bacbf,1,8b7bacbf:o1,12,flip_ud,0,0,0,0,GREEDY_TRUSTWORTHY,V5_TRUSTWORTHY,KNOWN,KNOWN,PRIMARY_3_DEPTH_X_4_VIEW
8b7bacbf,1,8b7bacbf:o1,12,transpose,0,0,0,0,GREEDY_TRUSTWORTHY,V5_TRUSTWORTHY,KNOWN,KNOWN,PRIMARY_3_DEPTH_X_4_VIEW
8b7bacbf,1,8b7bacbf:o1,12,anti_transpose,0,0,0,0,GREEDY_TRUSTWORTHY,V5_TRUSTWORTHY,KNOWN,KNOWN,PRIMARY_3_DEPTH_X_4_VIEW
8b7bacbf,1,8b7bacbf:o1,24,identity,0,0,0,0,GREEDY_TRUSTWORTHY,V5_TRUSTWORTHY,KNOWN,KNOWN,PRIMARY_3_DEPTH_X_4_VIEW
8b7bacbf,1,8b7bacbf:o1,24,flip_ud,0,0,0,0,GREEDY_TRUSTWORTHY,V5_TRUSTWORTHY,KNOWN,KNOWN,PRIMARY_3_DEPTH_X_4_VIEW
8b7bacbf,1,8b7bacbf:o1,24,transpose,0,0,0,0,GREEDY_TRUSTWORTHY,V5_TRUSTWORTHY,KNOWN,KNOWN,PRIMARY_3_DEPTH_X_4_VIEW
8b7bacbf,1,8b7bacbf:o1,24,anti_transpose,0,0,0,0,GREEDY_TRUSTWORTHY,V5_TRUSTWORTHY,KNOWN,KNOWN,PRIMARY_3_DEPTH_X_4_VIEW
8b7bacbf,1,8b7bacbf:o1,48,identity,0,0,0,0,GREEDY_TRUSTWORTHY,V5_TRUSTWORTHY,KNOWN,KNOWN,PRIMARY_3_DEPTH_X_4_VIEW
8b7bacbf,1,8b7bacbf:o1,48,flip_ud,0,0,0,0,GREEDY_TRUSTWORTHY,V5_TRUSTWORTHY,KNOWN,KNOWN,PRIMARY_3_DEPTH_X_4_VIEW
8b7bacbf,1,8b7bacbf:o1,48,transpose,0,0,0,0,GREEDY_TRUSTWORTHY,V5_TRUSTWORTHY,KNOWN,KNOWN,PRIMARY_3_DEPTH_X_4_VIEW
8b7bacbf,1,8b7bacbf:o1,48,anti_transpose,0,0,0,0,GREEDY_TRUSTWORTHY,V5_TRUSTWORTHY,KNOWN,KNOWN,PRIMARY_3_DEPTH_X_4_VIEW
8e5c0c38,0,8e5c0c38:o0,12,identity,0,0,0,0,GREEDY_TRUSTWORTHY,V5_TRUSTWORTHY,KNOWN,KNOWN,PRIMARY_3_DEPTH_X_4_VIEW
8e5c0c38,0,8e5c0c38:o0,12,flip_ud,0,0,0,0,GREEDY_TRUSTWORTHY,V5_TRUSTWORTHY,KNOWN,KNOWN,PRIMARY_3_DEPTH_X_4_VIEW
8e5c0c38,0,8e5c0c38:o0,12,transpose,0,0,0,0,GREEDY_TRUSTWORTHY,V5_TRUSTWORTHY,KNOWN,KNOWN,PRIMARY_3_DEPTH_X_4_VIEW
8e5c0c38,0,8e5c0c38:o0,12,anti_transpose,0,0,0,0,GREEDY_TRUSTWORTHY,V5_TRUSTWORTHY,KNOWN,KNOWN,PRIMARY_3_DEPTH_X_4_VIEW
8e5c0c38,0,8e5c0c38:o0,24,identity,0,0,0,0,GREEDY_TRUSTWORTHY,V5_TRUSTWORTHY,KNOWN,KNOWN,PRIMARY_3_DEPTH_X_4_VIEW
8e5c0c38,0,8e5c0c38:o0,24,flip_ud,1,1,1,0,GREEDY_TRUSTWORTHY,V5_TRUSTWORTHY,KNOWN,KNOWN,PRIMARY_3_DEPTH_X_4_VIEW
8e5c0c38,0,8e5c0c38:o0,24,transpose,0,0,0,0,GREEDY_TRUSTWORTHY,V5_TRUSTWORTHY,KNOWN,KNOWN,PRIMARY_3_DEPTH_X_4_VIEW
8e5c0c38,0,8e5c0c38:o0,24,anti_transpose,0,0,0,0,GREEDY_TRUSTWORTHY,V5_TRUSTWORTHY,KNOWN,KNOWN,PRIMARY_3_DEPTH_X_4_VIEW
8e5c0c38,0,8e5c0c38:o0,48,identity,0,0,0,0,GREEDY_TRUSTWORTHY,V5_TRUSTWORTHY,KNOWN,KNOWN,PRIMARY_3_DEPTH_X_4_VIEW
8e5c0c38,0,8e5c0c38:o0,48,flip_ud,1,1,1,0,GREEDY_TRUSTWORTHY,V5_TRUSTWORTHY,KNOWN,KNOWN,PRIMARY_3_DEPTH_X_4_VIEW
8e5c0c38,0,8e5c0c38:o0,48,transpose,0,0,0,0,GREEDY_TRUSTWORTHY,V5_TRUSTWORTHY,KNOWN,KNOWN,PRIMARY_3_DEPTH_X_4_VIEW
8e5c0c38,0,8e5c0c38:o0,48,anti_transpose,0,0,0,0,GREEDY_TRUSTWORTHY,V5_TRUSTWORTHY,KNOWN,KNOWN,PRIMARY_3_DEPTH_X_4_VIEW
8e5c0c38,1,8e5c0c38:o1,12,identity,0,0,0,0,GREEDY_TRUSTWORTHY,V5_TRUSTWORTHY,KNOWN,KNOWN,PRIMARY_3_DEPTH_X_4_VIEW
8e5c0c38,1,8e5c0c38:o1,12,flip_ud,0,0,0,0,GREEDY_TRUSTWORTHY,V5_TRUSTWORTHY,KNOWN,KNOWN,PRIMARY_3_DEPTH_X_4_VIEW
8e5c0c38,1,8e5c0c38:o1,12,transpose,0,0,0,0,GREEDY_TRUSTWORTHY,V5_TRUSTWORTHY,KNOWN,KNOWN,PRIMARY_3_DEPTH_X_4_VIEW
8e5c0c38,1,8e5c0c38:o1,12,anti_transpose,0,1,1,1,GREEDY_TRUSTWORTHY,V5_TRUSTWORTHY,KNOWN,KNOWN,PRIMARY_3_DEPTH_X_4_VIEW
8e5c0c38,1,8e5c0c38:o1,24,identity,0,1,1,1,GREEDY_TRUSTWORTHY,V5_TRUSTWORTHY,KNOWN,KNOWN,PRIMARY_3_DEPTH_X_4_VIEW
8e5c0c38,1,8e5c0c38:o1,24,flip_ud,0,0,0,0,GREEDY_TRUSTWORTHY,V5_TRUSTWORTHY,KNOWN,KNOWN,PRIMARY_3_DEPTH_X_4_VIEW
8e5c0c38,1,8e5c0c38:o1,24,transpose,0,0,0,0,GREEDY_TRUSTWORTHY,V5_TRUSTWORTHY,KNOWN,KNOWN,PRIMARY_3_DEPTH_X_4_VIEW
8e5c0c38,1,8e5c0c38:o1,24,anti_transpose,1,1,1,0,GREEDY_TRUSTWORTHY,V5_TRUSTWORTHY,KNOWN,KNOWN,PRIMARY_3_DEPTH_X_4_VIEW
8e5c0c38,1,8e5c0c38:o1,48,identity,0,0,0,0,GREEDY_TRUSTWORTHY,V5_TRUSTWORTHY,KNOWN,KNOWN,PRIMARY_3_DEPTH_X_4_VIEW
8e5c0c38,1,8e5c0c38:o1,48,flip_ud,0,0,0,0,GREEDY_TRUSTWORTHY,V5_TRUSTWORTHY,KNOWN,KNOWN,PRIMARY_3_DEPTH_X_4_VIEW
8e5c0c38,1,8e5c0c38:o1,48,transpose,0,0,0,0,GREEDY_TRUSTWORTHY,V5_TRUSTWORTHY,KNOWN,KNOWN,PRIMARY_3_DEPTH_X_4_VIEW
8e5c0c38,1,8e5c0c38:o1,48,anti_transpose,0,1,1,1,GREEDY_TRUSTWORTHY,V5_TRUSTWORTHY,KNOWN,KNOWN,PRIMARY_3_DEPTH_X_4_VIEW
9385bd28,0,9385bd28:o0,12,identity,0,0,0,0,GREEDY_TRUSTWORTHY,V5_TRUSTWORTHY,KNOWN,KNOWN,PRIMARY_3_DEPTH_X_4_VIEW
9385bd28,0,9385bd28:o0,12,flip_ud,0,0,0,0,GREEDY_TRUSTWORTHY,V5_TRUSTWORTHY,KNOWN,KNOWN,PRIMARY_3_DEPTH_X_4_VIEW
9385bd28,0,9385bd28:o0,12,transpose,0,0,0,0,GREEDY_TRUSTWORTHY,V5_TRUSTWORTHY,KNOWN,KNOWN,PRIMARY_3_DEPTH_X_4_VIEW
9385bd28,0,9385bd28:o0,12,anti_transpose,0,0,0,0,GREEDY_TRUSTWORTHY,V5_TRUSTWORTHY,KNOWN,KNOWN,PRIMARY_3_DEPTH_X_4_VIEW
9385bd28,0,9385bd28:o0,24,identity,0,0,0,0,GREEDY_TRUSTWORTHY,V5_TRUSTWORTHY,KNOWN,KNOWN,PRIMARY_3_DEPTH_X_4_VIEW
9385bd28,0,9385bd28:o0,24,flip_ud,0,0,0,0,GREEDY_TRUSTWORTHY,V5_TRUSTWORTHY,KNOWN,KNOWN,PRIMARY_3_DEPTH_X_4_VIEW
9385bd28,0,9385bd28:o0,24,transpose,0,0,0,0,GREEDY_TRUSTWORTHY,V5_TRUSTWORTHY,KNOWN,KNOWN,PRIMARY_3_DEPTH_X_4_VIEW
9385bd28,0,9385bd28:o0,24,anti_transpose,0,0,0,0,GREEDY_TRUSTWORTHY,V5_TRUSTWORTHY,KNOWN,KNOWN,PRIMARY_3_DEPTH_X_4_VIEW
9385bd28,0,9385bd28:o0,48,identity,0,0,0,0,GREEDY_TRUSTWORTHY,V5_TRUSTWORTHY,KNOWN,KNOWN,PRIMARY_3_DEPTH_X_4_VIEW
9385bd28,0,9385bd28:o0,48,flip_ud,0,0,0,0,GREEDY_TRUSTWORTHY,V5_TRUSTWORTHY,KNOWN,KNOWN,PRIMARY_3_DEPTH_X_4_VIEW
9385bd28,0,9385bd28:o0,48,transpose,0,0,0,0,GREEDY_TRUSTWORTHY,V5_TRUSTWORTHY,KNOWN,KNOWN,PRIMARY_3_DEPTH_X_4_VIEW
9385bd28,0,9385bd28:o0,48,anti_transpose,0,0,0,0,GREEDY_TRUSTWORTHY,V5_TRUSTWORTHY,KNOWN,KNOWN,PRIMARY_3_DEPTH_X_4_VIEW
9385bd28,1,9385bd28:o1,12,identity,0,0,0,0,GREEDY_TRUSTWORTHY,V5_TRUSTWORTHY,KNOWN,KNOWN,PRIMARY_3_DEPTH_X_4_VIEW
9385bd28,1,9385bd28:o1,12,flip_ud,0,0,0,0,GREEDY_TRUSTWORTHY,V5_TRUSTWORTHY,KNOWN,KNOWN,PRIMARY_3_DEPTH_X_4_VIEW
9385bd28,1,9385bd28:o1,12,transpose,0,0,0,0,GREEDY_TRUSTWORTHY,V5_TRUSTWORTHY,KNOWN,KNOWN,PRIMARY_3_DEPTH_X_4_VIEW
9385bd28,1,9385bd28:o1,12,anti_transpose,0,0,0,0,GREEDY_TRUSTWORTHY,V5_TRUSTWORTHY,KNOWN,KNOWN,PRIMARY_3_DEPTH_X_4_VIEW
9385bd28,1,9385bd28:o1,24,identity,0,0,0,0,GREEDY_TRUSTWORTHY,V5_TRUSTWORTHY,KNOWN,KNOWN,PRIMARY_3_DEPTH_X_4_VIEW
9385bd28,1,9385bd28:o1,24,flip_ud,0,0,0,0,GREEDY_TRUSTWORTHY,V5_TRUSTWORTHY,KNOWN,KNOWN,PRIMARY_3_DEPTH_X_4_VIEW
9385bd28,1,9385bd28:o1,24,transpose,0,0,0,0,GREEDY_TRUSTWORTHY,V5_TRUSTWORTHY,KNOWN,KNOWN,PRIMARY_3_DEPTH_X_4_VIEW
9385bd28,1,9385bd28:o1,24,anti_transpose,0,0,0,0,GREEDY_TRUSTWORTHY,V5_TRUSTWORTHY,KNOWN,KNOWN,PRIMARY_3_DEPTH_X_4_VIEW
9385bd28,1,9385bd28:o1,48,identity,0,0,0,0,GREEDY_TRUSTWORTHY,V5_TRUSTWORTHY,KNOWN,KNOWN,PRIMARY_3_DEPTH_X_4_VIEW
9385bd28,1,9385bd28:o1,48,flip_ud,0,0,0,0,GREEDY_TRUSTWORTHY,V5_TRUSTWORTHY,KNOWN,KNOWN,PRIMARY_3_DEPTH_X_4_VIEW
9385bd28,1,9385bd28:o1,48,transpose,0,0,0,0,GREEDY_TRUSTWORTHY,V5_TRUSTWORTHY,KNOWN,KNOWN,PRIMARY_3_DEPTH_X_4_VIEW
9385bd28,1,9385bd28:o1,48,anti_transpose,0,0,0,0,GREEDY_TRUSTWORTHY,V5_TRUSTWORTHY,KNOWN,KNOWN,PRIMARY_3_DEPTH_X_4_VIEW
97d7923e,0,97d7923e:o0,12,identity,0,0,0,0,GREEDY_TRUSTWORTHY,V5_TRUSTWORTHY,KNOWN,KNOWN,PRIMARY_3_DEPTH_X_4_VIEW
97d7923e,0,97d7923e:o0,12,flip_ud,0,0,0,0,GREEDY_TRUSTWORTHY,V5_TRUSTWORTHY,KNOWN,KNOWN,PRIMARY_3_DEPTH_X_4_VIEW
97d7923e,0,97d7923e:o0,12,transpose,0,0,0,0,GREEDY_TRUSTWORTHY,V5_TRUSTWORTHY,KNOWN,KNOWN,PRIMARY_3_DEPTH_X_4_VIEW
97d7923e,0,97d7923e:o0,12,anti_transpose,0,0,0,0,GREEDY_TRUSTWORTHY,V5_TRUSTWORTHY,KNOWN,KNOWN,PRIMARY_3_DEPTH_X_4_VIEW
97d7923e,0,97d7923e:o0,24,identity,0,0,0,0,GREEDY_TRUSTWORTHY,V5_TRUSTWORTHY,KNOWN,KNOWN,PRIMARY_3_DEPTH_X_4_VIEW
97d7923e,0,97d7923e:o0,24,flip_ud,0,0,0,0,GREEDY_TRUSTWORTHY,V5_TRUSTWORTHY,KNOWN,KNOWN,PRIMARY_3_DEPTH_X_4_VIEW
97d7923e,0,97d7923e:o0,24,transpose,0,0,0,0,GREEDY_TRUSTWORTHY,V5_TRUSTWORTHY,KNOWN,KNOWN,PRIMARY_3_DEPTH_X_4_VIEW
97d7923e,0,97d7923e:o0,24,anti_transpose,0,0,0,0,GREEDY_TRUSTWORTHY,V5_TRUSTWORTHY,KNOWN,KNOWN,PRIMARY_3_DEPTH_X_4_VIEW
97d7923e,0,97d7923e:o0,48,identity,0,0,0,0,GREEDY_TRUSTWORTHY,V5_TRUSTWORTHY,KNOWN,KNOWN,PRIMARY_3_DEPTH_X_4_VIEW
97d7923e,0,97d7923e:o0,48,flip_ud,0,0,0,0,GREEDY_TRUSTWORTHY,V5_TRUSTWORTHY,KNOWN,KNOWN,PRIMARY_3_DEPTH_X_4_VIEW
97d7923e,0,97d7923e:o0,48,transpose,0,0,0,0,GREEDY_TRUSTWORTHY,V5_TRUSTWORTHY,KNOWN,KNOWN,PRIMARY_3_DEPTH_X_4_VIEW
97d7923e,0,97d7923e:o0,48,anti_transpose,0,0,0,0,GREEDY_TRUSTWORTHY,V5_TRUSTWORTHY,KNOWN,KNOWN,PRIMARY_3_DEPTH_X_4_VIEW
981571dc,0,981571dc:o0,12,identity,0,0,0,0,GREEDY_TRUSTWORTHY,V5_TRUSTWORTHY,KNOWN,KNOWN,PRIMARY_3_DEPTH_X_4_VIEW
981571dc,0,981571dc:o0,12,flip_ud,0,0,0,0,GREEDY_TRUSTWORTHY,V5_TRUSTWORTHY,KNOWN,KNOWN,PRIMARY_3_DEPTH_X_4_VIEW
981571dc,0,981571dc:o0,12,transpose,0,0,0,0,GREEDY_TRUSTWORTHY,V5_TRUSTWORTHY,KNOWN,KNOWN,PRIMARY_3_DEPTH_X_4_VIEW
981571dc,0,981571dc:o0,12,anti_transpose,0,0,0,0,GREEDY_TRUSTWORTHY,V5_TRUSTWORTHY,KNOWN,KNOWN,PRIMARY_3_DEPTH_X_4_VIEW
981571dc,0,981571dc:o0,24,identity,0,0,0,0,GREEDY_TRUSTWORTHY,V5_TRUSTWORTHY,KNOWN,KNOWN,PRIMARY_3_DEPTH_X_4_VIEW
981571dc,0,981571dc:o0,24,flip_ud,0,0,0,0,GREEDY_TRUSTWORTHY,V5_TRUSTWORTHY,KNOWN,KNOWN,PRIMARY_3_DEPTH_X_4_VIEW
981571dc,0,981571dc:o0,24,transpose,0,0,0,0,GREEDY_TRUSTWORTHY,V5_TRUSTWORTHY,KNOWN,KNOWN,PRIMARY_3_DEPTH_X_4_VIEW
981571dc,0,981571dc:o0,24,anti_transpose,0,0,0,0,GREEDY_TRUSTWORTHY,V5_TRUSTWORTHY,KNOWN,KNOWN,PRIMARY_3_DEPTH_X_4_VIEW
981571dc,0,981571dc:o0,48,identity,0,0,0,0,GREEDY_TRUSTWORTHY,V5_TRUSTWORTHY,KNOWN,KNOWN,PRIMARY_3_DEPTH_X_4_VIEW
981571dc,0,981571dc:o0,48,flip_ud,0,0,0,0,GREEDY_TRUSTWORTHY,V5_TRUSTWORTHY,KNOWN,KNOWN,PRIMARY_3_DEPTH_X_4_VIEW
981571dc,0,981571dc:o0,48,transpose,0,0,0,0,GREEDY_TRUSTWORTHY,V5_TRUSTWORTHY,KNOWN,KNOWN,PRIMARY_3_DEPTH_X_4_VIEW
981571dc,0,981571dc:o0,48,anti_transpose,0,0,0,0,GREEDY_TRUSTWORTHY,V5_TRUSTWORTHY,KNOWN,KNOWN,PRIMARY_3_DEPTH_X_4_VIEW
9bbf930d,0,9bbf930d:o0,12,identity,0,0,0,0,GREEDY_TRUSTWORTHY,V5_TRUSTWORTHY,KNOWN,KNOWN,PRIMARY_3_DEPTH_X_4_VIEW
9bbf930d,0,9bbf930d:o0,12,flip_ud,0,0,0,0,GREEDY_TRUSTWORTHY,V5_TRUSTWORTHY,KNOWN,KNOWN,PRIMARY_3_DEPTH_X_4_VIEW
9bbf930d,0,9bbf930d:o0,12,transpose,0,0,0,0,GREEDY_TRUSTWORTHY,V5_TRUSTWORTHY,KNOWN,KNOWN,PRIMARY_3_DEPTH_X_4_VIEW
9bbf930d,0,9bbf930d:o0,12,anti_transpose,0,0,0,0,GREEDY_TRUSTWORTHY,V5_TRUSTWORTHY,KNOWN,KNOWN,PRIMARY_3_DEPTH_X_4_VIEW
9bbf930d,0,9bbf930d:o0,24,identity,0,0,0,0,GREEDY_TRUSTWORTHY,V5_TRUSTWORTHY,KNOWN,KNOWN,PRIMARY_3_DEPTH_X_4_VIEW
9bbf930d,0,9bbf930d:o0,24,flip_ud,0,0,0,0,GREEDY_TRUSTWORTHY,V5_TRUSTWORTHY,KNOWN,KNOWN,PRIMARY_3_DEPTH_X_4_VIEW
9bbf930d,0,9bbf930d:o0,24,transpose,0,0,0,0,GREEDY_TRUSTWORTHY,V5_TRUSTWORTHY,KNOWN,KNOWN,PRIMARY_3_DEPTH_X_4_VIEW
9bbf930d,0,9bbf930d:o0,24,anti_transpose,0,0,0,0,GREEDY_TRUSTWORTHY,V5_TRUSTWORTHY,KNOWN,KNOWN,PRIMARY_3_DEPTH_X_4_VIEW
9bbf930d,0,9bbf930d:o0,48,identity,0,0,0,0,GREEDY_TRUSTWORTHY,V5_TRUSTWORTHY,KNOWN,KNOWN,PRIMARY_3_DEPTH_X_4_VIEW
9bbf930d,0,9bbf930d:o0,48,flip_ud,0,0,0,0,GREEDY_TRUSTWORTHY,V5_TRUSTWORTHY,KNOWN,KNOWN,PRIMARY_3_DEPTH_X_4_VIEW
9bbf930d,0,9bbf930d:o0,48,transpose,0,0,0,0,GREEDY_TRUSTWORTHY,V5_TRUSTWORTHY,KNOWN,KNOWN,PRIMARY_3_DEPTH_X_4_VIEW
9bbf930d,0,9bbf930d:o0,48,anti_transpose,0,0,0,0,GREEDY_TRUSTWORTHY,V5_TRUSTWORTHY,KNOWN,KNOWN,PRIMARY_3_DEPTH_X_4_VIEW
a32d8b75,0,a32d8b75:o0,12,identity,0,0,0,0,GREEDY_TRUSTWORTHY,V5_TRUSTWORTHY,KNOWN,KNOWN,PRIMARY_3_DEPTH_X_4_VIEW
a32d8b75,0,a32d8b75:o0,12,flip_ud,0,0,0,0,GREEDY_TRUSTWORTHY,V5_TRUSTWORTHY,KNOWN,KNOWN,PRIMARY_3_DEPTH_X_4_VIEW
a32d8b75,0,a32d8b75:o0,12,transpose,0,0,0,0,GREEDY_TRUSTWORTHY,V5_TRUSTWORTHY,KNOWN,KNOWN,PRIMARY_3_DEPTH_X_4_VIEW
a32d8b75,0,a32d8b75:o0,12,anti_transpose,0,0,0,0,GREEDY_TRUSTWORTHY,V5_TRUSTWORTHY,KNOWN,KNOWN,PRIMARY_3_DEPTH_X_4_VIEW
a32d8b75,0,a32d8b75:o0,24,identity,0,0,0,0,GREEDY_TRUSTWORTHY,V5_TRUSTWORTHY,KNOWN,KNOWN,PRIMARY_3_DEPTH_X_4_VIEW
a32d8b75,0,a32d8b75:o0,24,flip_ud,0,0,0,0,GREEDY_TRUSTWORTHY,V5_TRUSTWORTHY,KNOWN,KNOWN,PRIMARY_3_DEPTH_X_4_VIEW
a32d8b75,0,a32d8b75:o0,24,transpose,0,0,0,0,GREEDY_TRUSTWORTHY,V5_TRUSTWORTHY,KNOWN,KNOWN,PRIMARY_3_DEPTH_X_4_VIEW
a32d8b75,0,a32d8b75:o0,24,anti_transpose,0,0,0,0,GREEDY_TRUSTWORTHY,V5_TRUSTWORTHY,KNOWN,KNOWN,PRIMARY_3_DEPTH_X_4_VIEW
a32d8b75,0,a32d8b75:o0,48,identity,0,0,0,0,GREEDY_TRUSTWORTHY,V5_TRUSTWORTHY,KNOWN,KNOWN,PRIMARY_3_DEPTH_X_4_VIEW
a32d8b75,0,a32d8b75:o0,48,flip_ud,0,0,0,0,GREEDY_TRUSTWORTHY,V5_TRUSTWORTHY,KNOWN,KNOWN,PRIMARY_3_DEPTH_X_4_VIEW
a32d8b75,0,a32d8b75:o0,48,transpose,0,0,0,0,GREEDY_TRUSTWORTHY,V5_TRUSTWORTHY,KNOWN,KNOWN,PRIMARY_3_DEPTH_X_4_VIEW
a32d8b75,0,a32d8b75:o0,48,anti_transpose,0,0,0,0,GREEDY_TRUSTWORTHY,V5_TRUSTWORTHY,KNOWN,KNOWN,PRIMARY_3_DEPTH_X_4_VIEW
a32d8b75,1,a32d8b75:o1,12,identity,0,0,0,0,GREEDY_TRUSTWORTHY,V5_TRUSTWORTHY,KNOWN,KNOWN,PRIMARY_3_DEPTH_X_4_VIEW
a32d8b75,1,a32d8b75:o1,12,flip_ud,0,0,0,0,GREEDY_TRUSTWORTHY,V5_TRUSTWORTHY,KNOWN,KNOWN,PRIMARY_3_DEPTH_X_4_VIEW
a32d8b75,1,a32d8b75:o1,12,transpose,0,0,0,0,GREEDY_TRUSTWORTHY,V5_TRUSTWORTHY,KNOWN,KNOWN,PRIMARY_3_DEPTH_X_4_VIEW
a32d8b75,1,a32d8b75:o1,12,anti_transpose,0,0,0,0,GREEDY_TRUSTWORTHY,V5_TRUSTWORTHY,KNOWN,KNOWN,PRIMARY_3_DEPTH_X_4_VIEW
a32d8b75,1,a32d8b75:o1,24,identity,0,0,0,0,GREEDY_TRUSTWORTHY,V5_TRUSTWORTHY,KNOWN,KNOWN,PRIMARY_3_DEPTH_X_4_VIEW
a32d8b75,1,a32d8b75:o1,24,flip_ud,0,0,0,0,GREEDY_TRUSTWORTHY,V5_TRUSTWORTHY,KNOWN,KNOWN,PRIMARY_3_DEPTH_X_4_VIEW
a32d8b75,1,a32d8b75:o1,24,transpose,0,0,0,0,GREEDY_TRUSTWORTHY,V5_TRUSTWORTHY,KNOWN,KNOWN,PRIMARY_3_DEPTH_X_4_VIEW
a32d8b75,1,a32d8b75:o1,24,anti_transpose,0,0,0,0,GREEDY_TRUSTWORTHY,V5_TRUSTWORTHY,KNOWN,KNOWN,PRIMARY_3_DEPTH_X_4_VIEW
a32d8b75,1,a32d8b75:o1,48,identity,0,0,0,0,GREEDY_TRUSTWORTHY,V5_TRUSTWORTHY,KNOWN,KNOWN,PRIMARY_3_DEPTH_X_4_VIEW
a32d8b75,1,a32d8b75:o1,48,flip_ud,0,0,0,0,GREEDY_TRUSTWORTHY,V5_TRUSTWORTHY,KNOWN,KNOWN,PRIMARY_3_DEPTH_X_4_VIEW
a32d8b75,1,a32d8b75:o1,48,transpose,0,0,0,0,GREEDY_TRUSTWORTHY,V5_TRUSTWORTHY,KNOWN,KNOWN,PRIMARY_3_DEPTH_X_4_VIEW
a32d8b75,1,a32d8b75:o1,48,anti_transpose,0,0,0,0,GREEDY_TRUSTWORTHY,V5_TRUSTWORTHY,KNOWN,KNOWN,PRIMARY_3_DEPTH_X_4_VIEW
aa4ec2a5,0,aa4ec2a5:o0,12,identity,1,1,1,0,GREEDY_TRUSTWORTHY,V5_TRUSTWORTHY,KNOWN,KNOWN,PRIMARY_3_DEPTH_X_4_VIEW
aa4ec2a5,0,aa4ec2a5:o0,12,flip_ud,1,1,1,0,GREEDY_TRUSTWORTHY,V5_TRUSTWORTHY,KNOWN,KNOWN,PRIMARY_3_DEPTH_X_4_VIEW
aa4ec2a5,0,aa4ec2a5:o0,12,transpose,0,1,1,1,GREEDY_TRUSTWORTHY,V5_TRUSTWORTHY,KNOWN,KNOWN,PRIMARY_3_DEPTH_X_4_VIEW
aa4ec2a5,0,aa4ec2a5:o0,12,anti_transpose,1,1,1,0,GREEDY_TRUSTWORTHY,V5_TRUSTWORTHY,KNOWN,KNOWN,PRIMARY_3_DEPTH_X_4_VIEW
aa4ec2a5,0,aa4ec2a5:o0,24,identity,0,1,1,1,GREEDY_TRUSTWORTHY,V5_TRUSTWORTHY,KNOWN,KNOWN,PRIMARY_3_DEPTH_X_4_VIEW
aa4ec2a5,0,aa4ec2a5:o0,24,flip_ud,1,1,1,0,GREEDY_TRUSTWORTHY,V5_TRUSTWORTHY,KNOWN,KNOWN,PRIMARY_3_DEPTH_X_4_VIEW
aa4ec2a5,0,aa4ec2a5:o0,24,transpose,0,0,0,0,GREEDY_TRUSTWORTHY,V5_TRUSTWORTHY,KNOWN,KNOWN,PRIMARY_3_DEPTH_X_4_VIEW
aa4ec2a5,0,aa4ec2a5:o0,24,anti_transpose,1,1,1,0,GREEDY_TRUSTWORTHY,V5_TRUSTWORTHY,KNOWN,KNOWN,PRIMARY_3_DEPTH_X_4_VIEW
aa4ec2a5,0,aa4ec2a5:o0,48,identity,1,1,1,0,GREEDY_TRUSTWORTHY,V5_TRUSTWORTHY,KNOWN,KNOWN,PRIMARY_3_DEPTH_X_4_VIEW
aa4ec2a5,0,aa4ec2a5:o0,48,flip_ud,0,1,1,1,GREEDY_TRUSTWORTHY,V5_TRUSTWORTHY,KNOWN,KNOWN,PRIMARY_3_DEPTH_X_4_VIEW
aa4ec2a5,0,aa4ec2a5:o0,48,transpose,0,0,0,0,GREEDY_TRUSTWORTHY,V5_TRUSTWORTHY,KNOWN,KNOWN,PRIMARY_3_DEPTH_X_4_VIEW
aa4ec2a5,0,aa4ec2a5:o0,48,anti_transpose,1,1,1,0,GREEDY_TRUSTWORTHY,V5_TRUSTWORTHY,KNOWN,KNOWN,PRIMARY_3_DEPTH_X_4_VIEW
b5ca7ac4,0,b5ca7ac4:o0,12,identity,0,0,0,0,GREEDY_TRUSTWORTHY,V5_TRUSTWORTHY,KNOWN,KNOWN,PRIMARY_3_DEPTH_X_4_VIEW
b5ca7ac4,0,b5ca7ac4:o0,12,flip_ud,0,0,0,0,GREEDY_TRUSTWORTHY,V5_TRUSTWORTHY,KNOWN,KNOWN,PRIMARY_3_DEPTH_X_4_VIEW
b5ca7ac4,0,b5ca7ac4:o0,12,transpose,0,0,0,0,GREEDY_TRUSTWORTHY,V5_TRUSTWORTHY,KNOWN,KNOWN,PRIMARY_3_DEPTH_X_4_VIEW
b5ca7ac4,0,b5ca7ac4:o0,12,anti_transpose,0,0,0,0,GREEDY_TRUSTWORTHY,V5_TRUSTWORTHY,KNOWN,KNOWN,PRIMARY_3_DEPTH_X_4_VIEW
b5ca7ac4,0,b5ca7ac4:o0,24,identity,0,0,0,0,GREEDY_TRUSTWORTHY,V5_TRUSTWORTHY,KNOWN,KNOWN,PRIMARY_3_DEPTH_X_4_VIEW
b5ca7ac4,0,b5ca7ac4:o0,24,flip_ud,0,0,0,0,GREEDY_TRUSTWORTHY,V5_TRUSTWORTHY,KNOWN,KNOWN,PRIMARY_3_DEPTH_X_4_VIEW
b5ca7ac4,0,b5ca7ac4:o0,24,transpose,0,0,0,0,GREEDY_TRUSTWORTHY,V5_TRUSTWORTHY,KNOWN,KNOWN,PRIMARY_3_DEPTH_X_4_VIEW
b5ca7ac4,0,b5ca7ac4:o0,24,anti_transpose,0,0,0,0,GREEDY_TRUSTWORTHY,V5_TRUSTWORTHY,KNOWN,KNOWN,PRIMARY_3_DEPTH_X_4_VIEW
b5ca7ac4,0,b5ca7ac4:o0,48,identity,0,0,0,0,GREEDY_TRUSTWORTHY,V5_TRUSTWORTHY,KNOWN,KNOWN,PRIMARY_3_DEPTH_X_4_VIEW
b5ca7ac4,0,b5ca7ac4:o0,48,flip_ud,0,0,0,0,GREEDY_TRUSTWORTHY,V5_TRUSTWORTHY,KNOWN,KNOWN,PRIMARY_3_DEPTH_X_4_VIEW
b5ca7ac4,0,b5ca7ac4:o0,48,transpose,0,0,0,0,GREEDY_TRUSTWORTHY,V5_TRUSTWORTHY,KNOWN,KNOWN,PRIMARY_3_DEPTH_X_4_VIEW
b5ca7ac4,0,b5ca7ac4:o0,48,anti_transpose,1,1,1,0,GREEDY_TRUSTWORTHY,V5_TRUSTWORTHY,KNOWN,KNOWN,PRIMARY_3_DEPTH_X_4_VIEW
b6f77b65,0,b6f77b65:o0,12,identity,0,0,0,0,GREEDY_TRUSTWORTHY,V5_TRUSTWORTHY,KNOWN,KNOWN,PRIMARY_3_DEPTH_X_4_VIEW
b6f77b65,0,b6f77b65:o0,12,flip_ud,0,0,0,0,GREEDY_TRUSTWORTHY,V5_TRUSTWORTHY,KNOWN,KNOWN,PRIMARY_3_DEPTH_X_4_VIEW
b6f77b65,0,b6f77b65:o0,12,transpose,0,0,0,0,GREEDY_TRUSTWORTHY,V5_TRUSTWORTHY,KNOWN,KNOWN,PRIMARY_3_DEPTH_X_4_VIEW
b6f77b65,0,b6f77b65:o0,12,anti_transpose,0,0,0,0,GREEDY_TRUSTWORTHY,V5_TRUSTWORTHY,KNOWN,KNOWN,PRIMARY_3_DEPTH_X_4_VIEW
b6f77b65,0,b6f77b65:o0,24,identity,0,0,0,0,GREEDY_TRUSTWORTHY,V5_TRUSTWORTHY,KNOWN,KNOWN,PRIMARY_3_DEPTH_X_4_VIEW
b6f77b65,0,b6f77b65:o0,24,flip_ud,1,1,1,0,GREEDY_TRUSTWORTHY,V5_TRUSTWORTHY,KNOWN,KNOWN,PRIMARY_3_DEPTH_X_4_VIEW
b6f77b65,0,b6f77b65:o0,24,transpose,0,0,0,0,GREEDY_TRUSTWORTHY,V5_TRUSTWORTHY,KNOWN,KNOWN,PRIMARY_3_DEPTH_X_4_VIEW
b6f77b65,0,b6f77b65:o0,24,anti_transpose,0,0,0,0,GREEDY_TRUSTWORTHY,V5_TRUSTWORTHY,KNOWN,KNOWN,PRIMARY_3_DEPTH_X_4_VIEW
b6f77b65,0,b6f77b65:o0,48,identity,0,0,0,0,GREEDY_TRUSTWORTHY,V5_TRUSTWORTHY,KNOWN,KNOWN,PRIMARY_3_DEPTH_X_4_VIEW
b6f77b65,0,b6f77b65:o0,48,flip_ud,1,1,1,0,GREEDY_TRUSTWORTHY,V5_TRUSTWORTHY,KNOWN,KNOWN,PRIMARY_3_DEPTH_X_4_VIEW
b6f77b65,0,b6f77b65:o0,48,transpose,0,0,0,0,GREEDY_TRUSTWORTHY,V5_TRUSTWORTHY,KNOWN,KNOWN,PRIMARY_3_DEPTH_X_4_VIEW
b6f77b65,0,b6f77b65:o0,48,anti_transpose,0,0,0,0,GREEDY_TRUSTWORTHY,V5_TRUSTWORTHY,KNOWN,KNOWN,PRIMARY_3_DEPTH_X_4_VIEW
b6f77b65,1,b6f77b65:o1,12,identity,0,0,0,0,GREEDY_TRUSTWORTHY,V5_TRUSTWORTHY,KNOWN,KNOWN,PRIMARY_3_DEPTH_X_4_VIEW
b6f77b65,1,b6f77b65:o1,12,flip_ud,0,1,1,1,GREEDY_TRUSTWORTHY,V5_TRUSTWORTHY,KNOWN,KNOWN,PRIMARY_3_DEPTH_X_4_VIEW
b6f77b65,1,b6f77b65:o1,12,transpose,0,0,0,0,GREEDY_TRUSTWORTHY,V5_TRUSTWORTHY,KNOWN,KNOWN,PRIMARY_3_DEPTH_X_4_VIEW
b6f77b65,1,b6f77b65:o1,12,anti_transpose,1,1,1,0,GREEDY_TRUSTWORTHY,V5_TRUSTWORTHY,KNOWN,KNOWN,PRIMARY_3_DEPTH_X_4_VIEW
b6f77b65,1,b6f77b65:o1,24,identity,0,1,1,1,GREEDY_TRUSTWORTHY,V5_TRUSTWORTHY,KNOWN,KNOWN,PRIMARY_3_DEPTH_X_4_VIEW
b6f77b65,1,b6f77b65:o1,24,flip_ud,1,1,1,0,GREEDY_TRUSTWORTHY,V5_TRUSTWORTHY,KNOWN,KNOWN,PRIMARY_3_DEPTH_X_4_VIEW
b6f77b65,1,b6f77b65:o1,24,transpose,0,0,0,0,GREEDY_TRUSTWORTHY,V5_TRUSTWORTHY,KNOWN,KNOWN,PRIMARY_3_DEPTH_X_4_VIEW
b6f77b65,1,b6f77b65:o1,24,anti_transpose,1,1,1,0,GREEDY_TRUSTWORTHY,V5_TRUSTWORTHY,KNOWN,KNOWN,PRIMARY_3_DEPTH_X_4_VIEW
b6f77b65,1,b6f77b65:o1,48,identity,0,0,0,0,GREEDY_TRUSTWORTHY,V5_TRUSTWORTHY,KNOWN,KNOWN,PRIMARY_3_DEPTH_X_4_VIEW
b6f77b65,1,b6f77b65:o1,48,flip_ud,1,1,1,0,GREEDY_TRUSTWORTHY,V5_TRUSTWORTHY,KNOWN,KNOWN,PRIMARY_3_DEPTH_X_4_VIEW
b6f77b65,1,b6f77b65:o1,48,transpose,0,0,0,0,GREEDY_TRUSTWORTHY,V5_TRUSTWORTHY,KNOWN,KNOWN,PRIMARY_3_DEPTH_X_4_VIEW
b6f77b65,1,b6f77b65:o1,48,anti_transpose,1,1,1,0,GREEDY_TRUSTWORTHY,V5_TRUSTWORTHY,KNOWN,KNOWN,PRIMARY_3_DEPTH_X_4_VIEW
b6f77b65,2,b6f77b65:o2,12,identity,0,0,0,0,GREEDY_TRUSTWORTHY,V5_TRUSTWORTHY,KNOWN,KNOWN,PRIMARY_3_DEPTH_X_4_VIEW
b6f77b65,2,b6f77b65:o2,12,flip_ud,0,0,0,0,GREEDY_TRUSTWORTHY,V5_TRUSTWORTHY,KNOWN,KNOWN,PRIMARY_3_DEPTH_X_4_VIEW
b6f77b65,2,b6f77b65:o2,12,transpose,0,0,0,0,GREEDY_TRUSTWORTHY,V5_TRUSTWORTHY,KNOWN,KNOWN,PRIMARY_3_DEPTH_X_4_VIEW
b6f77b65,2,b6f77b65:o2,12,anti_transpose,0,0,0,0,GREEDY_TRUSTWORTHY,V5_TRUSTWORTHY,KNOWN,KNOWN,PRIMARY_3_DEPTH_X_4_VIEW
b6f77b65,2,b6f77b65:o2,24,identity,0,0,0,0,GREEDY_TRUSTWORTHY,V5_TRUSTWORTHY,KNOWN,KNOWN,PRIMARY_3_DEPTH_X_4_VIEW
b6f77b65,2,b6f77b65:o2,24,flip_ud,0,0,0,0,GREEDY_TRUSTWORTHY,V5_TRUSTWORTHY,KNOWN,KNOWN,PRIMARY_3_DEPTH_X_4_VIEW
b6f77b65,2,b6f77b65:o2,24,transpose,0,0,0,0,GREEDY_TRUSTWORTHY,V5_TRUSTWORTHY,KNOWN,KNOWN,PRIMARY_3_DEPTH_X_4_VIEW
b6f77b65,2,b6f77b65:o2,24,anti_transpose,0,0,0,0,GREEDY_TRUSTWORTHY,V5_TRUSTWORTHY,KNOWN,KNOWN,PRIMARY_3_DEPTH_X_4_VIEW
b6f77b65,2,b6f77b65:o2,48,identity,0,1,1,1,GREEDY_TRUSTWORTHY,V5_TRUSTWORTHY,KNOWN,KNOWN,PRIMARY_3_DEPTH_X_4_VIEW
b6f77b65,2,b6f77b65:o2,48,flip_ud,0,0,0,0,GREEDY_TRUSTWORTHY,V5_TRUSTWORTHY,KNOWN,KNOWN,PRIMARY_3_DEPTH_X_4_VIEW
b6f77b65,2,b6f77b65:o2,48,transpose,0,0,0,0,GREEDY_TRUSTWORTHY,V5_TRUSTWORTHY,KNOWN,KNOWN,PRIMARY_3_DEPTH_X_4_VIEW
b6f77b65,2,b6f77b65:o2,48,anti_transpose,0,0,0,0,GREEDY_TRUSTWORTHY,V5_TRUSTWORTHY,KNOWN,KNOWN,PRIMARY_3_DEPTH_X_4_VIEW
b99e7126,0,b99e7126:o0,12,identity,0,0,0,0,GREEDY_TRUSTWORTHY,V5_TRUSTWORTHY,KNOWN,KNOWN,PRIMARY_3_DEPTH_X_4_VIEW
b99e7126,0,b99e7126:o0,12,flip_ud,0,0,0,0,GREEDY_TRUSTWORTHY,V5_TRUSTWORTHY,KNOWN,KNOWN,PRIMARY_3_DEPTH_X_4_VIEW
b99e7126,0,b99e7126:o0,12,transpose,0,0,0,0,GREEDY_TRUSTWORTHY,V5_TRUSTWORTHY,KNOWN,KNOWN,PRIMARY_3_DEPTH_X_4_VIEW
b99e7126,0,b99e7126:o0,12,anti_transpose,0,0,0,0,GREEDY_TRUSTWORTHY,V5_TRUSTWORTHY,KNOWN,KNOWN,PRIMARY_3_DEPTH_X_4_VIEW
b99e7126,0,b99e7126:o0,24,identity,0,0,0,0,GREEDY_TRUSTWORTHY,V5_TRUSTWORTHY,KNOWN,KNOWN,PRIMARY_3_DEPTH_X_4_VIEW
b99e7126,0,b99e7126:o0,24,flip_ud,0,0,0,0,GREEDY_TRUSTWORTHY,V5_TRUSTWORTHY,KNOWN,KNOWN,PRIMARY_3_DEPTH_X_4_VIEW
b99e7126,0,b99e7126:o0,24,transpose,0,0,0,0,GREEDY_TRUSTWORTHY,V5_TRUSTWORTHY,KNOWN,KNOWN,PRIMARY_3_DEPTH_X_4_VIEW
b99e7126,0,b99e7126:o0,24,anti_transpose,0,0,0,0,GREEDY_TRUSTWORTHY,V5_TRUSTWORTHY,KNOWN,KNOWN,PRIMARY_3_DEPTH_X_4_VIEW
b99e7126,0,b99e7126:o0,48,identity,0,0,0,0,GREEDY_TRUSTWORTHY,V5_TRUSTWORTHY,KNOWN,KNOWN,PRIMARY_3_DEPTH_X_4_VIEW
b99e7126,0,b99e7126:o0,48,flip_ud,0,0,0,0,GREEDY_TRUSTWORTHY,V5_TRUSTWORTHY,KNOWN,KNOWN,PRIMARY_3_DEPTH_X_4_VIEW
b99e7126,0,b99e7126:o0,48,transpose,0,0,0,0,GREEDY_TRUSTWORTHY,V5_TRUSTWORTHY,KNOWN,KNOWN,PRIMARY_3_DEPTH_X_4_VIEW
b99e7126,0,b99e7126:o0,48,anti_transpose,0,0,0,0,GREEDY_TRUSTWORTHY,V5_TRUSTWORTHY,KNOWN,KNOWN,PRIMARY_3_DEPTH_X_4_VIEW
c4d067a0,0,c4d067a0:o0,12,identity,0,0,0,0,GREEDY_TRUSTWORTHY,V5_TRUSTWORTHY,KNOWN,KNOWN,PRIMARY_3_DEPTH_X_4_VIEW
c4d067a0,0,c4d067a0:o0,12,flip_ud,0,0,0,0,GREEDY_TRUSTWORTHY,V5_TRUSTWORTHY,KNOWN,KNOWN,PRIMARY_3_DEPTH_X_4_VIEW
c4d067a0,0,c4d067a0:o0,12,transpose,0,0,0,0,GREEDY_TRUSTWORTHY,V5_TRUSTWORTHY,KNOWN,KNOWN,PRIMARY_3_DEPTH_X_4_VIEW
c4d067a0,0,c4d067a0:o0,12,anti_transpose,0,0,0,0,GREEDY_TRUSTWORTHY,V5_TRUSTWORTHY,KNOWN,KNOWN,PRIMARY_3_DEPTH_X_4_VIEW
c4d067a0,0,c4d067a0:o0,24,identity,0,0,0,0,GREEDY_TRUSTWORTHY,V5_TRUSTWORTHY,KNOWN,KNOWN,PRIMARY_3_DEPTH_X_4_VIEW
c4d067a0,0,c4d067a0:o0,24,flip_ud,0,0,0,0,GREEDY_TRUSTWORTHY,V5_TRUSTWORTHY,KNOWN,KNOWN,PRIMARY_3_DEPTH_X_4_VIEW
c4d067a0,0,c4d067a0:o0,24,transpose,0,0,0,0,GREEDY_TRUSTWORTHY,V5_TRUSTWORTHY,KNOWN,KNOWN,PRIMARY_3_DEPTH_X_4_VIEW
c4d067a0,0,c4d067a0:o0,24,anti_transpose,0,0,0,0,GREEDY_TRUSTWORTHY,V5_TRUSTWORTHY,KNOWN,KNOWN,PRIMARY_3_DEPTH_X_4_VIEW
c4d067a0,0,c4d067a0:o0,48,identity,0,0,0,0,GREEDY_TRUSTWORTHY,V5_TRUSTWORTHY,KNOWN,KNOWN,PRIMARY_3_DEPTH_X_4_VIEW
c4d067a0,0,c4d067a0:o0,48,flip_ud,0,0,0,0,GREEDY_TRUSTWORTHY,V5_TRUSTWORTHY,KNOWN,KNOWN,PRIMARY_3_DEPTH_X_4_VIEW
c4d067a0,0,c4d067a0:o0,48,transpose,0,0,0,0,GREEDY_TRUSTWORTHY,V5_TRUSTWORTHY,KNOWN,KNOWN,PRIMARY_3_DEPTH_X_4_VIEW
c4d067a0,0,c4d067a0:o0,48,anti_transpose,0,0,0,0,GREEDY_TRUSTWORTHY,V5_TRUSTWORTHY,KNOWN,KNOWN,PRIMARY_3_DEPTH_X_4_VIEW
c7f57c3e,0,c7f57c3e:o0,12,identity,0,0,0,0,GREEDY_TRUSTWORTHY,V5_TRUSTWORTHY,KNOWN,KNOWN,PRIMARY_3_DEPTH_X_4_VIEW
c7f57c3e,0,c7f57c3e:o0,12,flip_ud,0,0,0,0,GREEDY_TRUSTWORTHY,V5_TRUSTWORTHY,KNOWN,KNOWN,PRIMARY_3_DEPTH_X_4_VIEW
c7f57c3e,0,c7f57c3e:o0,12,transpose,0,1,1,1,GREEDY_TRUSTWORTHY,V5_TRUSTWORTHY,KNOWN,KNOWN,PRIMARY_3_DEPTH_X_4_VIEW
c7f57c3e,0,c7f57c3e:o0,12,anti_transpose,0,0,0,0,GREEDY_TRUSTWORTHY,V5_TRUSTWORTHY,KNOWN,KNOWN,PRIMARY_3_DEPTH_X_4_VIEW
c7f57c3e,0,c7f57c3e:o0,24,identity,0,0,0,0,GREEDY_TRUSTWORTHY,V5_TRUSTWORTHY,KNOWN,KNOWN,PRIMARY_3_DEPTH_X_4_VIEW
c7f57c3e,0,c7f57c3e:o0,24,flip_ud,0,0,0,0,GREEDY_TRUSTWORTHY,V5_TRUSTWORTHY,KNOWN,KNOWN,PRIMARY_3_DEPTH_X_4_VIEW
c7f57c3e,0,c7f57c3e:o0,24,transpose,0,1,1,1,GREEDY_TRUSTWORTHY,V5_TRUSTWORTHY,KNOWN,KNOWN,PRIMARY_3_DEPTH_X_4_VIEW
c7f57c3e,0,c7f57c3e:o0,24,anti_transpose,1,1,1,0,GREEDY_TRUSTWORTHY,V5_TRUSTWORTHY,KNOWN,KNOWN,PRIMARY_3_DEPTH_X_4_VIEW
c7f57c3e,0,c7f57c3e:o0,48,identity,0,0,0,0,GREEDY_TRUSTWORTHY,V5_TRUSTWORTHY,KNOWN,KNOWN,PRIMARY_3_DEPTH_X_4_VIEW
c7f57c3e,0,c7f57c3e:o0,48,flip_ud,0,0,0,0,GREEDY_TRUSTWORTHY,V5_TRUSTWORTHY,KNOWN,KNOWN,PRIMARY_3_DEPTH_X_4_VIEW
c7f57c3e,0,c7f57c3e:o0,48,transpose,0,0,0,0,GREEDY_TRUSTWORTHY,V5_TRUSTWORTHY,KNOWN,KNOWN,PRIMARY_3_DEPTH_X_4_VIEW
c7f57c3e,0,c7f57c3e:o0,48,anti_transpose,0,0,0,0,GREEDY_TRUSTWORTHY,V5_TRUSTWORTHY,KNOWN,KNOWN,PRIMARY_3_DEPTH_X_4_VIEW
cb2d8a2c,0,cb2d8a2c:o0,12,identity,0,0,0,0,GREEDY_TRUSTWORTHY,V5_TRUSTWORTHY,KNOWN,KNOWN,PRIMARY_3_DEPTH_X_4_VIEW
cb2d8a2c,0,cb2d8a2c:o0,12,flip_ud,0,,,,GREEDY_TRUSTWORTHY,V5_PROVENANCE_LIMITED_UNKNOWN,KNOWN,UNKNOWN,PRIMARY_3_DEPTH_X_4_VIEW
cb2d8a2c,0,cb2d8a2c:o0,12,transpose,0,0,0,0,GREEDY_TRUSTWORTHY,V5_TRUSTWORTHY,KNOWN,KNOWN,PRIMARY_3_DEPTH_X_4_VIEW
cb2d8a2c,0,cb2d8a2c:o0,12,anti_transpose,0,0,0,0,GREEDY_TRUSTWORTHY,V5_TRUSTWORTHY,KNOWN,KNOWN,PRIMARY_3_DEPTH_X_4_VIEW
cb2d8a2c,0,cb2d8a2c:o0,24,identity,0,0,0,0,GREEDY_TRUSTWORTHY,V5_TRUSTWORTHY,KNOWN,KNOWN,PRIMARY_3_DEPTH_X_4_VIEW
cb2d8a2c,0,cb2d8a2c:o0,24,flip_ud,0,0,0,0,GREEDY_TRUSTWORTHY,V5_TRUSTWORTHY,KNOWN,KNOWN,PRIMARY_3_DEPTH_X_4_VIEW
cb2d8a2c,0,cb2d8a2c:o0,24,transpose,0,0,0,0,GREEDY_TRUSTWORTHY,V5_TRUSTWORTHY,KNOWN,KNOWN,PRIMARY_3_DEPTH_X_4_VIEW
cb2d8a2c,0,cb2d8a2c:o0,24,anti_transpose,0,0,0,0,GREEDY_TRUSTWORTHY,V5_TRUSTWORTHY,KNOWN,KNOWN,PRIMARY_3_DEPTH_X_4_VIEW
cb2d8a2c,0,cb2d8a2c:o0,48,identity,0,0,0,0,GREEDY_TRUSTWORTHY,V5_TRUSTWORTHY,KNOWN,KNOWN,PRIMARY_3_DEPTH_X_4_VIEW
cb2d8a2c,0,cb2d8a2c:o0,48,flip_ud,0,0,0,0,GREEDY_TRUSTWORTHY,V5_TRUSTWORTHY,KNOWN,KNOWN,PRIMARY_3_DEPTH_X_4_VIEW
cb2d8a2c,0,cb2d8a2c:o0,48,transpose,0,0,0,0,GREEDY_TRUSTWORTHY,V5_TRUSTWORTHY,KNOWN,KNOWN,PRIMARY_3_DEPTH_X_4_VIEW
cb2d8a2c,0,cb2d8a2c:o0,48,anti_transpose,0,0,0,0,GREEDY_TRUSTWORTHY,V5_TRUSTWORTHY,KNOWN,KNOWN,PRIMARY_3_DEPTH_X_4_VIEW
cb2d8a2c,1,cb2d8a2c:o1,12,identity,0,0,0,0,GREEDY_TRUSTWORTHY,V5_TRUSTWORTHY,KNOWN,KNOWN,PRIMARY_3_DEPTH_X_4_VIEW
cb2d8a2c,1,cb2d8a2c:o1,12,flip_ud,0,0,0,0,GREEDY_TRUSTWORTHY,V5_TRUSTWORTHY,KNOWN,KNOWN,PRIMARY_3_DEPTH_X_4_VIEW
cb2d8a2c,1,cb2d8a2c:o1,12,transpose,0,0,0,0,GREEDY_TRUSTWORTHY,V5_TRUSTWORTHY,KNOWN,KNOWN,PRIMARY_3_DEPTH_X_4_VIEW
cb2d8a2c,1,cb2d8a2c:o1,12,anti_transpose,0,0,0,0,GREEDY_TRUSTWORTHY,V5_TRUSTWORTHY,KNOWN,KNOWN,PRIMARY_3_DEPTH_X_4_VIEW
cb2d8a2c,1,cb2d8a2c:o1,24,identity,0,0,0,0,GREEDY_TRUSTWORTHY,V5_TRUSTWORTHY,KNOWN,KNOWN,PRIMARY_3_DEPTH_X_4_VIEW
cb2d8a2c,1,cb2d8a2c:o1,24,flip_ud,0,0,0,0,GREEDY_TRUSTWORTHY,V5_TRUSTWORTHY,KNOWN,KNOWN,PRIMARY_3_DEPTH_X_4_VIEW
cb2d8a2c,1,cb2d8a2c:o1,24,transpose,0,0,0,0,GREEDY_TRUSTWORTHY,V5_TRUSTWORTHY,KNOWN,KNOWN,PRIMARY_3_DEPTH_X_4_VIEW
cb2d8a2c,1,cb2d8a2c:o1,24,anti_transpose,0,0,0,0,GREEDY_TRUSTWORTHY,V5_TRUSTWORTHY,KNOWN,KNOWN,PRIMARY_3_DEPTH_X_4_VIEW
cb2d8a2c,1,cb2d8a2c:o1,48,identity,0,0,0,0,GREEDY_TRUSTWORTHY,V5_TRUSTWORTHY,KNOWN,KNOWN,PRIMARY_3_DEPTH_X_4_VIEW
cb2d8a2c,1,cb2d8a2c:o1,48,flip_ud,0,0,0,0,GREEDY_TRUSTWORTHY,V5_TRUSTWORTHY,KNOWN,KNOWN,PRIMARY_3_DEPTH_X_4_VIEW
cb2d8a2c,1,cb2d8a2c:o1,48,transpose,0,0,0,0,GREEDY_TRUSTWORTHY,V5_TRUSTWORTHY,KNOWN,KNOWN,PRIMARY_3_DEPTH_X_4_VIEW
cb2d8a2c,1,cb2d8a2c:o1,48,anti_transpose,0,0,0,0,GREEDY_TRUSTWORTHY,V5_TRUSTWORTHY,KNOWN,KNOWN,PRIMARY_3_DEPTH_X_4_VIEW
cbebaa4b,0,cbebaa4b:o0,12,identity,0,0,0,0,GREEDY_TRUSTWORTHY,V5_TRUSTWORTHY,KNOWN,KNOWN,PRIMARY_3_DEPTH_X_4_VIEW
cbebaa4b,0,cbebaa4b:o0,12,flip_ud,0,0,0,0,GREEDY_TRUSTWORTHY,V5_TRUSTWORTHY,KNOWN,KNOWN,PRIMARY_3_DEPTH_X_4_VIEW
cbebaa4b,0,cbebaa4b:o0,12,transpose,0,0,0,0,GREEDY_TRUSTWORTHY,V5_TRUSTWORTHY,KNOWN,KNOWN,PRIMARY_3_DEPTH_X_4_VIEW
cbebaa4b,0,cbebaa4b:o0,12,anti_transpose,0,0,0,0,GREEDY_TRUSTWORTHY,V5_TRUSTWORTHY,KNOWN,KNOWN,PRIMARY_3_DEPTH_X_4_VIEW
cbebaa4b,0,cbebaa4b:o0,24,identity,0,0,0,0,GREEDY_TRUSTWORTHY,V5_TRUSTWORTHY,KNOWN,KNOWN,PRIMARY_3_DEPTH_X_4_VIEW
cbebaa4b,0,cbebaa4b:o0,24,flip_ud,0,0,0,0,GREEDY_TRUSTWORTHY,V5_TRUSTWORTHY,KNOWN,KNOWN,PRIMARY_3_DEPTH_X_4_VIEW
cbebaa4b,0,cbebaa4b:o0,24,transpose,0,0,0,0,GREEDY_TRUSTWORTHY,V5_TRUSTWORTHY,KNOWN,KNOWN,PRIMARY_3_DEPTH_X_4_VIEW
cbebaa4b,0,cbebaa4b:o0,24,anti_transpose,0,0,0,0,GREEDY_TRUSTWORTHY,V5_TRUSTWORTHY,KNOWN,KNOWN,PRIMARY_3_DEPTH_X_4_VIEW
cbebaa4b,0,cbebaa4b:o0,48,identity,0,0,0,0,GREEDY_TRUSTWORTHY,V5_TRUSTWORTHY,KNOWN,KNOWN,PRIMARY_3_DEPTH_X_4_VIEW
cbebaa4b,0,cbebaa4b:o0,48,flip_ud,0,0,0,0,GREEDY_TRUSTWORTHY,V5_TRUSTWORTHY,KNOWN,KNOWN,PRIMARY_3_DEPTH_X_4_VIEW
cbebaa4b,0,cbebaa4b:o0,48,transpose,0,0,0,0,GREEDY_TRUSTWORTHY,V5_TRUSTWORTHY,KNOWN,KNOWN,PRIMARY_3_DEPTH_X_4_VIEW
cbebaa4b,0,cbebaa4b:o0,48,anti_transpose,0,0,0,0,GREEDY_TRUSTWORTHY,V5_TRUSTWORTHY,KNOWN,KNOWN,PRIMARY_3_DEPTH_X_4_VIEW
cbebaa4b,1,cbebaa4b:o1,12,identity,0,0,0,0,GREEDY_TRUSTWORTHY,V5_TRUSTWORTHY,KNOWN,KNOWN,PRIMARY_3_DEPTH_X_4_VIEW
cbebaa4b,1,cbebaa4b:o1,12,flip_ud,0,0,0,0,GREEDY_TRUSTWORTHY,V5_TRUSTWORTHY,KNOWN,KNOWN,PRIMARY_3_DEPTH_X_4_VIEW
cbebaa4b,1,cbebaa4b:o1,12,transpose,0,0,0,0,GREEDY_TRUSTWORTHY,V5_TRUSTWORTHY,KNOWN,KNOWN,PRIMARY_3_DEPTH_X_4_VIEW
cbebaa4b,1,cbebaa4b:o1,12,anti_transpose,0,0,0,0,GREEDY_TRUSTWORTHY,V5_TRUSTWORTHY,KNOWN,KNOWN,PRIMARY_3_DEPTH_X_4_VIEW
cbebaa4b,1,cbebaa4b:o1,24,identity,0,0,0,0,GREEDY_TRUSTWORTHY,V5_TRUSTWORTHY,KNOWN,KNOWN,PRIMARY_3_DEPTH_X_4_VIEW
cbebaa4b,1,cbebaa4b:o1,24,flip_ud,0,0,0,0,GREEDY_TRUSTWORTHY,V5_TRUSTWORTHY,KNOWN,KNOWN,PRIMARY_3_DEPTH_X_4_VIEW
cbebaa4b,1,cbebaa4b:o1,24,transpose,0,0,0,0,GREEDY_TRUSTWORTHY,V5_TRUSTWORTHY,KNOWN,KNOWN,PRIMARY_3_DEPTH_X_4_VIEW
cbebaa4b,1,cbebaa4b:o1,24,anti_transpose,0,0,0,0,GREEDY_TRUSTWORTHY,V5_TRUSTWORTHY,KNOWN,KNOWN,PRIMARY_3_DEPTH_X_4_VIEW
cbebaa4b,1,cbebaa4b:o1,48,identity,0,0,0,0,GREEDY_TRUSTWORTHY,V5_TRUSTWORTHY,KNOWN,KNOWN,PRIMARY_3_DEPTH_X_4_VIEW
cbebaa4b,1,cbebaa4b:o1,48,flip_ud,0,0,0,0,GREEDY_TRUSTWORTHY,V5_TRUSTWORTHY,KNOWN,KNOWN,PRIMARY_3_DEPTH_X_4_VIEW
cbebaa4b,1,cbebaa4b:o1,48,transpose,0,0,0,0,GREEDY_TRUSTWORTHY,V5_TRUSTWORTHY,KNOWN,KNOWN,PRIMARY_3_DEPTH_X_4_VIEW
cbebaa4b,1,cbebaa4b:o1,48,anti_transpose,0,0,0,0,GREEDY_TRUSTWORTHY,V5_TRUSTWORTHY,KNOWN,KNOWN,PRIMARY_3_DEPTH_X_4_VIEW
d59b0160,0,d59b0160:o0,12,identity,0,0,0,0,GREEDY_TRUSTWORTHY,V5_TRUSTWORTHY,KNOWN,KNOWN,PRIMARY_3_DEPTH_X_4_VIEW
d59b0160,0,d59b0160:o0,12,flip_ud,0,0,0,0,GREEDY_TRUSTWORTHY,V5_TRUSTWORTHY,KNOWN,KNOWN,PRIMARY_3_DEPTH_X_4_VIEW
d59b0160,0,d59b0160:o0,12,transpose,0,0,0,0,GREEDY_TRUSTWORTHY,V5_TRUSTWORTHY,KNOWN,KNOWN,PRIMARY_3_DEPTH_X_4_VIEW
d59b0160,0,d59b0160:o0,12,anti_transpose,0,0,0,0,GREEDY_TRUSTWORTHY,V5_TRUSTWORTHY,KNOWN,KNOWN,PRIMARY_3_DEPTH_X_4_VIEW
d59b0160,0,d59b0160:o0,24,identity,0,0,0,0,GREEDY_TRUSTWORTHY,V5_TRUSTWORTHY,KNOWN,KNOWN,PRIMARY_3_DEPTH_X_4_VIEW
d59b0160,0,d59b0160:o0,24,flip_ud,0,0,0,0,GREEDY_TRUSTWORTHY,V5_TRUSTWORTHY,KNOWN,KNOWN,PRIMARY_3_DEPTH_X_4_VIEW
d59b0160,0,d59b0160:o0,24,transpose,0,0,0,0,GREEDY_TRUSTWORTHY,V5_TRUSTWORTHY,KNOWN,KNOWN,PRIMARY_3_DEPTH_X_4_VIEW
d59b0160,0,d59b0160:o0,24,anti_transpose,0,0,0,0,GREEDY_TRUSTWORTHY,V5_TRUSTWORTHY,KNOWN,KNOWN,PRIMARY_3_DEPTH_X_4_VIEW
d59b0160,0,d59b0160:o0,48,identity,0,0,0,0,GREEDY_TRUSTWORTHY,V5_TRUSTWORTHY,KNOWN,KNOWN,PRIMARY_3_DEPTH_X_4_VIEW
d59b0160,0,d59b0160:o0,48,flip_ud,0,0,0,0,GREEDY_TRUSTWORTHY,V5_TRUSTWORTHY,KNOWN,KNOWN,PRIMARY_3_DEPTH_X_4_VIEW
d59b0160,0,d59b0160:o0,48,transpose,0,0,0,0,GREEDY_TRUSTWORTHY,V5_TRUSTWORTHY,KNOWN,KNOWN,PRIMARY_3_DEPTH_X_4_VIEW
d59b0160,0,d59b0160:o0,48,anti_transpose,0,0,0,0,GREEDY_TRUSTWORTHY,V5_TRUSTWORTHY,KNOWN,KNOWN,PRIMARY_3_DEPTH_X_4_VIEW
db0c5428,0,db0c5428:o0,12,identity,1,1,1,0,GREEDY_TRUSTWORTHY,V5_TRUSTWORTHY,KNOWN,KNOWN,PRIMARY_3_DEPTH_X_4_VIEW
db0c5428,0,db0c5428:o0,12,flip_ud,1,1,1,0,GREEDY_TRUSTWORTHY,V5_TRUSTWORTHY,KNOWN,KNOWN,PRIMARY_3_DEPTH_X_4_VIEW
db0c5428,0,db0c5428:o0,12,transpose,1,1,1,0,GREEDY_TRUSTWORTHY,V5_TRUSTWORTHY,KNOWN,KNOWN,PRIMARY_3_DEPTH_X_4_VIEW
db0c5428,0,db0c5428:o0,12,anti_transpose,1,1,1,0,GREEDY_TRUSTWORTHY,V5_TRUSTWORTHY,KNOWN,KNOWN,PRIMARY_3_DEPTH_X_4_VIEW
db0c5428,0,db0c5428:o0,24,identity,1,1,1,0,GREEDY_TRUSTWORTHY,V5_TRUSTWORTHY,KNOWN,KNOWN,PRIMARY_3_DEPTH_X_4_VIEW
db0c5428,0,db0c5428:o0,24,flip_ud,1,1,1,0,GREEDY_TRUSTWORTHY,V5_TRUSTWORTHY,KNOWN,KNOWN,PRIMARY_3_DEPTH_X_4_VIEW
db0c5428,0,db0c5428:o0,24,transpose,1,1,1,0,GREEDY_TRUSTWORTHY,V5_TRUSTWORTHY,KNOWN,KNOWN,PRIMARY_3_DEPTH_X_4_VIEW
db0c5428,0,db0c5428:o0,24,anti_transpose,1,1,1,0,GREEDY_TRUSTWORTHY,V5_TRUSTWORTHY,KNOWN,KNOWN,PRIMARY_3_DEPTH_X_4_VIEW
db0c5428,0,db0c5428:o0,48,identity,1,1,1,0,GREEDY_TRUSTWORTHY,V5_TRUSTWORTHY,KNOWN,KNOWN,PRIMARY_3_DEPTH_X_4_VIEW
db0c5428,0,db0c5428:o0,48,flip_ud,1,1,1,0,GREEDY_TRUSTWORTHY,V5_TRUSTWORTHY,KNOWN,KNOWN,PRIMARY_3_DEPTH_X_4_VIEW
db0c5428,0,db0c5428:o0,48,transpose,1,1,1,0,GREEDY_TRUSTWORTHY,V5_TRUSTWORTHY,KNOWN,KNOWN,PRIMARY_3_DEPTH_X_4_VIEW
db0c5428,0,db0c5428:o0,48,anti_transpose,1,1,1,0,GREEDY_TRUSTWORTHY,V5_TRUSTWORTHY,KNOWN,KNOWN,PRIMARY_3_DEPTH_X_4_VIEW
dd6b8c4b,0,dd6b8c4b:o0,12,identity,0,0,0,0,GREEDY_TRUSTWORTHY,V5_TRUSTWORTHY,KNOWN,KNOWN,PRIMARY_3_DEPTH_X_4_VIEW
dd6b8c4b,0,dd6b8c4b:o0,12,flip_ud,0,0,0,0,GREEDY_TRUSTWORTHY,V5_TRUSTWORTHY,KNOWN,KNOWN,PRIMARY_3_DEPTH_X_4_VIEW
dd6b8c4b,0,dd6b8c4b:o0,12,transpose,0,0,0,0,GREEDY_TRUSTWORTHY,V5_TRUSTWORTHY,KNOWN,KNOWN,PRIMARY_3_DEPTH_X_4_VIEW
dd6b8c4b,0,dd6b8c4b:o0,12,anti_transpose,0,0,0,0,GREEDY_TRUSTWORTHY,V5_TRUSTWORTHY,KNOWN,KNOWN,PRIMARY_3_DEPTH_X_4_VIEW
dd6b8c4b,0,dd6b8c4b:o0,24,identity,0,0,0,0,GREEDY_TRUSTWORTHY,V5_TRUSTWORTHY,KNOWN,KNOWN,PRIMARY_3_DEPTH_X_4_VIEW
dd6b8c4b,0,dd6b8c4b:o0,24,flip_ud,0,0,0,0,GREEDY_TRUSTWORTHY,V5_TRUSTWORTHY,KNOWN,KNOWN,PRIMARY_3_DEPTH_X_4_VIEW
dd6b8c4b,0,dd6b8c4b:o0,24,transpose,0,0,0,0,GREEDY_TRUSTWORTHY,V5_TRUSTWORTHY,KNOWN,KNOWN,PRIMARY_3_DEPTH_X_4_VIEW
dd6b8c4b,0,dd6b8c4b:o0,24,anti_transpose,0,0,0,0,GREEDY_TRUSTWORTHY,V5_TRUSTWORTHY,KNOWN,KNOWN,PRIMARY_3_DEPTH_X_4_VIEW
dd6b8c4b,0,dd6b8c4b:o0,48,identity,0,0,0,0,GREEDY_TRUSTWORTHY,V5_TRUSTWORTHY,KNOWN,KNOWN,PRIMARY_3_DEPTH_X_4_VIEW
dd6b8c4b,0,dd6b8c4b:o0,48,flip_ud,0,0,0,0,GREEDY_TRUSTWORTHY,V5_TRUSTWORTHY,KNOWN,KNOWN,PRIMARY_3_DEPTH_X_4_VIEW
dd6b8c4b,0,dd6b8c4b:o0,48,transpose,0,0,0,0,GREEDY_TRUSTWORTHY,V5_TRUSTWORTHY,KNOWN,KNOWN,PRIMARY_3_DEPTH_X_4_VIEW
dd6b8c4b,0,dd6b8c4b:o0,48,anti_transpose,0,0,0,0,GREEDY_TRUSTWORTHY,V5_TRUSTWORTHY,KNOWN,KNOWN,PRIMARY_3_DEPTH_X_4_VIEW
dd6b8c4b,1,dd6b8c4b:o1,12,identity,0,0,0,0,GREEDY_TRUSTWORTHY,V5_TRUSTWORTHY,KNOWN,KNOWN,PRIMARY_3_DEPTH_X_4_VIEW
dd6b8c4b,1,dd6b8c4b:o1,12,flip_ud,0,0,0,0,GREEDY_TRUSTWORTHY,V5_TRUSTWORTHY,KNOWN,KNOWN,PRIMARY_3_DEPTH_X_4_VIEW
dd6b8c4b,1,dd6b8c4b:o1,12,transpose,0,0,0,0,GREEDY_TRUSTWORTHY,V5_TRUSTWORTHY,KNOWN,KNOWN,PRIMARY_3_DEPTH_X_4_VIEW
dd6b8c4b,1,dd6b8c4b:o1,12,anti_transpose,0,0,0,0,GREEDY_TRUSTWORTHY,V5_TRUSTWORTHY,KNOWN,KNOWN,PRIMARY_3_DEPTH_X_4_VIEW
dd6b8c4b,1,dd6b8c4b:o1,24,identity,0,0,0,0,GREEDY_TRUSTWORTHY,V5_TRUSTWORTHY,KNOWN,KNOWN,PRIMARY_3_DEPTH_X_4_VIEW
dd6b8c4b,1,dd6b8c4b:o1,24,flip_ud,0,0,0,0,GREEDY_TRUSTWORTHY,V5_TRUSTWORTHY,KNOWN,KNOWN,PRIMARY_3_DEPTH_X_4_VIEW
dd6b8c4b,1,dd6b8c4b:o1,24,transpose,0,0,0,0,GREEDY_TRUSTWORTHY,V5_TRUSTWORTHY,KNOWN,KNOWN,PRIMARY_3_DEPTH_X_4_VIEW
dd6b8c4b,1,dd6b8c4b:o1,24,anti_transpose,0,0,0,0,GREEDY_TRUSTWORTHY,V5_TRUSTWORTHY,KNOWN,KNOWN,PRIMARY_3_DEPTH_X_4_VIEW
dd6b8c4b,1,dd6b8c4b:o1,48,identity,0,0,0,0,GREEDY_TRUSTWORTHY,V5_TRUSTWORTHY,KNOWN,KNOWN,PRIMARY_3_DEPTH_X_4_VIEW
dd6b8c4b,1,dd6b8c4b:o1,48,flip_ud,0,0,0,0,GREEDY_TRUSTWORTHY,V5_TRUSTWORTHY,KNOWN,KNOWN,PRIMARY_3_DEPTH_X_4_VIEW
dd6b8c4b,1,dd6b8c4b:o1,48,transpose,0,0,0,0,GREEDY_TRUSTWORTHY,V5_TRUSTWORTHY,KNOWN,KNOWN,PRIMARY_3_DEPTH_X_4_VIEW
dd6b8c4b,1,dd6b8c4b:o1,48,anti_transpose,0,0,0,0,GREEDY_TRUSTWORTHY,V5_TRUSTWORTHY,KNOWN,KNOWN,PRIMARY_3_DEPTH_X_4_VIEW
de809cff,0,de809cff:o0,12,identity,0,0,0,0,GREEDY_TRUSTWORTHY,V5_TRUSTWORTHY,KNOWN,KNOWN,PRIMARY_3_DEPTH_X_4_VIEW
de809cff,0,de809cff:o0,12,flip_ud,0,0,0,0,GREEDY_TRUSTWORTHY,V5_TRUSTWORTHY,KNOWN,KNOWN,PRIMARY_3_DEPTH_X_4_VIEW
de809cff,0,de809cff:o0,12,transpose,0,0,0,0,GREEDY_TRUSTWORTHY,V5_TRUSTWORTHY,KNOWN,KNOWN,PRIMARY_3_DEPTH_X_4_VIEW
de809cff,0,de809cff:o0,12,anti_transpose,0,0,0,0,GREEDY_TRUSTWORTHY,V5_TRUSTWORTHY,KNOWN,KNOWN,PRIMARY_3_DEPTH_X_4_VIEW
de809cff,0,de809cff:o0,24,identity,0,0,0,0,GREEDY_TRUSTWORTHY,V5_TRUSTWORTHY,KNOWN,KNOWN,PRIMARY_3_DEPTH_X_4_VIEW
de809cff,0,de809cff:o0,24,flip_ud,0,0,0,0,GREEDY_TRUSTWORTHY,V5_TRUSTWORTHY,KNOWN,KNOWN,PRIMARY_3_DEPTH_X_4_VIEW
de809cff,0,de809cff:o0,24,transpose,0,0,0,0,GREEDY_TRUSTWORTHY,V5_TRUSTWORTHY,KNOWN,KNOWN,PRIMARY_3_DEPTH_X_4_VIEW
de809cff,0,de809cff:o0,24,anti_transpose,0,1,1,1,GREEDY_TRUSTWORTHY,V5_TRUSTWORTHY,KNOWN,KNOWN,PRIMARY_3_DEPTH_X_4_VIEW
de809cff,0,de809cff:o0,48,identity,0,0,0,0,GREEDY_TRUSTWORTHY,V5_TRUSTWORTHY,KNOWN,KNOWN,PRIMARY_3_DEPTH_X_4_VIEW
de809cff,0,de809cff:o0,48,flip_ud,0,0,0,0,GREEDY_TRUSTWORTHY,V5_TRUSTWORTHY,KNOWN,KNOWN,PRIMARY_3_DEPTH_X_4_VIEW
de809cff,0,de809cff:o0,48,transpose,0,0,0,0,GREEDY_TRUSTWORTHY,V5_TRUSTWORTHY,KNOWN,KNOWN,PRIMARY_3_DEPTH_X_4_VIEW
de809cff,0,de809cff:o0,48,anti_transpose,0,0,0,0,GREEDY_TRUSTWORTHY,V5_TRUSTWORTHY,KNOWN,KNOWN,PRIMARY_3_DEPTH_X_4_VIEW
dfadab01,0,dfadab01:o0,12,identity,0,0,0,0,GREEDY_TRUSTWORTHY,V5_TRUSTWORTHY,KNOWN,KNOWN,PRIMARY_3_DEPTH_X_4_VIEW
dfadab01,0,dfadab01:o0,12,flip_ud,0,0,0,0,GREEDY_TRUSTWORTHY,V5_TRUSTWORTHY,KNOWN,KNOWN,PRIMARY_3_DEPTH_X_4_VIEW
dfadab01,0,dfadab01:o0,12,transpose,0,0,0,0,GREEDY_TRUSTWORTHY,V5_TRUSTWORTHY,KNOWN,KNOWN,PRIMARY_3_DEPTH_X_4_VIEW
dfadab01,0,dfadab01:o0,12,anti_transpose,0,0,0,0,GREEDY_TRUSTWORTHY,V5_TRUSTWORTHY,KNOWN,KNOWN,PRIMARY_3_DEPTH_X_4_VIEW
dfadab01,0,dfadab01:o0,24,identity,0,0,0,0,GREEDY_TRUSTWORTHY,V5_TRUSTWORTHY,KNOWN,KNOWN,PRIMARY_3_DEPTH_X_4_VIEW
dfadab01,0,dfadab01:o0,24,flip_ud,0,0,0,0,GREEDY_TRUSTWORTHY,V5_TRUSTWORTHY,KNOWN,KNOWN,PRIMARY_3_DEPTH_X_4_VIEW
dfadab01,0,dfadab01:o0,24,transpose,0,0,0,0,GREEDY_TRUSTWORTHY,V5_TRUSTWORTHY,KNOWN,KNOWN,PRIMARY_3_DEPTH_X_4_VIEW
dfadab01,0,dfadab01:o0,24,anti_transpose,0,0,0,0,GREEDY_TRUSTWORTHY,V5_TRUSTWORTHY,KNOWN,KNOWN,PRIMARY_3_DEPTH_X_4_VIEW
dfadab01,0,dfadab01:o0,48,identity,0,0,0,0,GREEDY_TRUSTWORTHY,V5_TRUSTWORTHY,KNOWN,KNOWN,PRIMARY_3_DEPTH_X_4_VIEW
dfadab01,0,dfadab01:o0,48,flip_ud,0,0,0,0,GREEDY_TRUSTWORTHY,V5_TRUSTWORTHY,KNOWN,KNOWN,PRIMARY_3_DEPTH_X_4_VIEW
dfadab01,0,dfadab01:o0,48,transpose,0,0,0,0,GREEDY_TRUSTWORTHY,V5_TRUSTWORTHY,KNOWN,KNOWN,PRIMARY_3_DEPTH_X_4_VIEW
dfadab01,0,dfadab01:o0,48,anti_transpose,0,0,0,0,GREEDY_TRUSTWORTHY,V5_TRUSTWORTHY,KNOWN,KNOWN,PRIMARY_3_DEPTH_X_4_VIEW
e3721c99,0,e3721c99:o0,12,identity,0,0,0,0,GREEDY_TRUSTWORTHY,V5_TRUSTWORTHY,KNOWN,KNOWN,PRIMARY_3_DEPTH_X_4_VIEW
e3721c99,0,e3721c99:o0,12,flip_ud,0,0,0,0,GREEDY_TRUSTWORTHY,V5_TRUSTWORTHY,KNOWN,KNOWN,PRIMARY_3_DEPTH_X_4_VIEW
e3721c99,0,e3721c99:o0,12,transpose,0,0,0,0,GREEDY_TRUSTWORTHY,V5_TRUSTWORTHY,KNOWN,KNOWN,PRIMARY_3_DEPTH_X_4_VIEW
e3721c99,0,e3721c99:o0,12,anti_transpose,0,0,0,0,GREEDY_TRUSTWORTHY,V5_TRUSTWORTHY,KNOWN,KNOWN,PRIMARY_3_DEPTH_X_4_VIEW
e3721c99,0,e3721c99:o0,24,identity,0,0,0,0,GREEDY_TRUSTWORTHY,V5_TRUSTWORTHY,KNOWN,KNOWN,PRIMARY_3_DEPTH_X_4_VIEW
e3721c99,0,e3721c99:o0,24,flip_ud,0,0,0,0,GREEDY_TRUSTWORTHY,V5_TRUSTWORTHY,KNOWN,KNOWN,PRIMARY_3_DEPTH_X_4_VIEW
e3721c99,0,e3721c99:o0,24,transpose,0,0,0,0,GREEDY_TRUSTWORTHY,V5_TRUSTWORTHY,KNOWN,KNOWN,PRIMARY_3_DEPTH_X_4_VIEW
e3721c99,0,e3721c99:o0,24,anti_transpose,0,0,0,0,GREEDY_TRUSTWORTHY,V5_TRUSTWORTHY,KNOWN,KNOWN,PRIMARY_3_DEPTH_X_4_VIEW
e3721c99,0,e3721c99:o0,48,identity,0,0,0,0,GREEDY_TRUSTWORTHY,V5_TRUSTWORTHY,KNOWN,KNOWN,PRIMARY_3_DEPTH_X_4_VIEW
e3721c99,0,e3721c99:o0,48,flip_ud,0,0,0,0,GREEDY_TRUSTWORTHY,V5_TRUSTWORTHY,KNOWN,KNOWN,PRIMARY_3_DEPTH_X_4_VIEW
e3721c99,0,e3721c99:o0,48,transpose,0,0,0,0,GREEDY_TRUSTWORTHY,V5_TRUSTWORTHY,KNOWN,KNOWN,PRIMARY_3_DEPTH_X_4_VIEW
e3721c99,0,e3721c99:o0,48,anti_transpose,0,0,0,0,GREEDY_TRUSTWORTHY,V5_TRUSTWORTHY,KNOWN,KNOWN,PRIMARY_3_DEPTH_X_4_VIEW
e3721c99,1,e3721c99:o1,12,identity,0,0,0,0,GREEDY_TRUSTWORTHY,V5_TRUSTWORTHY,KNOWN,KNOWN,PRIMARY_3_DEPTH_X_4_VIEW
e3721c99,1,e3721c99:o1,12,flip_ud,0,0,0,0,GREEDY_TRUSTWORTHY,V5_TRUSTWORTHY,KNOWN,KNOWN,PRIMARY_3_DEPTH_X_4_VIEW
e3721c99,1,e3721c99:o1,12,transpose,0,0,0,0,GREEDY_TRUSTWORTHY,V5_TRUSTWORTHY,KNOWN,KNOWN,PRIMARY_3_DEPTH_X_4_VIEW
e3721c99,1,e3721c99:o1,12,anti_transpose,0,0,0,0,GREEDY_TRUSTWORTHY,V5_TRUSTWORTHY,KNOWN,KNOWN,PRIMARY_3_DEPTH_X_4_VIEW
e3721c99,1,e3721c99:o1,24,identity,0,0,0,0,GREEDY_TRUSTWORTHY,V5_TRUSTWORTHY,KNOWN,KNOWN,PRIMARY_3_DEPTH_X_4_VIEW
e3721c99,1,e3721c99:o1,24,flip_ud,0,0,0,0,GREEDY_TRUSTWORTHY,V5_TRUSTWORTHY,KNOWN,KNOWN,PRIMARY_3_DEPTH_X_4_VIEW
e3721c99,1,e3721c99:o1,24,transpose,0,0,0,0,GREEDY_TRUSTWORTHY,V5_TRUSTWORTHY,KNOWN,KNOWN,PRIMARY_3_DEPTH_X_4_VIEW
e3721c99,1,e3721c99:o1,24,anti_transpose,0,0,0,0,GREEDY_TRUSTWORTHY,V5_TRUSTWORTHY,KNOWN,KNOWN,PRIMARY_3_DEPTH_X_4_VIEW
e3721c99,1,e3721c99:o1,48,identity,0,0,0,0,GREEDY_TRUSTWORTHY,V5_TRUSTWORTHY,KNOWN,KNOWN,PRIMARY_3_DEPTH_X_4_VIEW
e3721c99,1,e3721c99:o1,48,flip_ud,0,0,0,0,GREEDY_TRUSTWORTHY,V5_TRUSTWORTHY,KNOWN,KNOWN,PRIMARY_3_DEPTH_X_4_VIEW
e3721c99,1,e3721c99:o1,48,transpose,0,0,0,0,GREEDY_TRUSTWORTHY,V5_TRUSTWORTHY,KNOWN,KNOWN,PRIMARY_3_DEPTH_X_4_VIEW
e3721c99,1,e3721c99:o1,48,anti_transpose,0,0,0,0,GREEDY_TRUSTWORTHY,V5_TRUSTWORTHY,KNOWN,KNOWN,PRIMARY_3_DEPTH_X_4_VIEW
e376de54,0,e376de54:o0,12,identity,0,0,0,0,GREEDY_TRUSTWORTHY,V5_TRUSTWORTHY,KNOWN,KNOWN,PRIMARY_3_DEPTH_X_4_VIEW
e376de54,0,e376de54:o0,12,flip_ud,0,0,0,0,GREEDY_TRUSTWORTHY,V5_TRUSTWORTHY,KNOWN,KNOWN,PRIMARY_3_DEPTH_X_4_VIEW
e376de54,0,e376de54:o0,12,transpose,0,0,0,0,GREEDY_TRUSTWORTHY,V5_TRUSTWORTHY,KNOWN,KNOWN,PRIMARY_3_DEPTH_X_4_VIEW
e376de54,0,e376de54:o0,12,anti_transpose,0,0,0,0,GREEDY_TRUSTWORTHY,V5_TRUSTWORTHY,KNOWN,KNOWN,PRIMARY_3_DEPTH_X_4_VIEW
e376de54,0,e376de54:o0,24,identity,0,0,0,0,GREEDY_TRUSTWORTHY,V5_TRUSTWORTHY,KNOWN,KNOWN,PRIMARY_3_DEPTH_X_4_VIEW
e376de54,0,e376de54:o0,24,flip_ud,0,0,0,0,GREEDY_TRUSTWORTHY,V5_TRUSTWORTHY,KNOWN,KNOWN,PRIMARY_3_DEPTH_X_4_VIEW
e376de54,0,e376de54:o0,24,transpose,0,0,0,0,GREEDY_TRUSTWORTHY,V5_TRUSTWORTHY,KNOWN,KNOWN,PRIMARY_3_DEPTH_X_4_VIEW
e376de54,0,e376de54:o0,24,anti_transpose,0,0,0,0,GREEDY_TRUSTWORTHY,V5_TRUSTWORTHY,KNOWN,KNOWN,PRIMARY_3_DEPTH_X_4_VIEW
e376de54,0,e376de54:o0,48,identity,0,0,0,0,GREEDY_TRUSTWORTHY,V5_TRUSTWORTHY,KNOWN,KNOWN,PRIMARY_3_DEPTH_X_4_VIEW
e376de54,0,e376de54:o0,48,flip_ud,0,0,0,0,GREEDY_TRUSTWORTHY,V5_TRUSTWORTHY,KNOWN,KNOWN,PRIMARY_3_DEPTH_X_4_VIEW
e376de54,0,e376de54:o0,48,transpose,0,0,0,0,GREEDY_TRUSTWORTHY,V5_TRUSTWORTHY,KNOWN,KNOWN,PRIMARY_3_DEPTH_X_4_VIEW
e376de54,0,e376de54:o0,48,anti_transpose,0,0,0,0,GREEDY_TRUSTWORTHY,V5_TRUSTWORTHY,KNOWN,KNOWN,PRIMARY_3_DEPTH_X_4_VIEW
edb79dae,0,edb79dae:o0,12,identity,0,0,0,0,GREEDY_TRUSTWORTHY,V5_TRUSTWORTHY,KNOWN,KNOWN,PRIMARY_3_DEPTH_X_4_VIEW
edb79dae,0,edb79dae:o0,12,flip_ud,0,0,0,0,GREEDY_TRUSTWORTHY,V5_TRUSTWORTHY,KNOWN,KNOWN,PRIMARY_3_DEPTH_X_4_VIEW
edb79dae,0,edb79dae:o0,12,transpose,0,0,0,0,GREEDY_TRUSTWORTHY,V5_TRUSTWORTHY,KNOWN,KNOWN,PRIMARY_3_DEPTH_X_4_VIEW
edb79dae,0,edb79dae:o0,12,anti_transpose,0,0,0,0,GREEDY_TRUSTWORTHY,V5_TRUSTWORTHY,KNOWN,KNOWN,PRIMARY_3_DEPTH_X_4_VIEW
edb79dae,0,edb79dae:o0,24,identity,0,0,0,0,GREEDY_TRUSTWORTHY,V5_TRUSTWORTHY,KNOWN,KNOWN,PRIMARY_3_DEPTH_X_4_VIEW
edb79dae,0,edb79dae:o0,24,flip_ud,0,0,0,0,GREEDY_TRUSTWORTHY,V5_TRUSTWORTHY,KNOWN,KNOWN,PRIMARY_3_DEPTH_X_4_VIEW
edb79dae,0,edb79dae:o0,24,transpose,0,0,0,0,GREEDY_TRUSTWORTHY,V5_TRUSTWORTHY,KNOWN,KNOWN,PRIMARY_3_DEPTH_X_4_VIEW
edb79dae,0,edb79dae:o0,24,anti_transpose,0,0,0,0,GREEDY_TRUSTWORTHY,V5_TRUSTWORTHY,KNOWN,KNOWN,PRIMARY_3_DEPTH_X_4_VIEW
edb79dae,0,edb79dae:o0,48,identity,0,0,0,0,GREEDY_TRUSTWORTHY,V5_TRUSTWORTHY,KNOWN,KNOWN,PRIMARY_3_DEPTH_X_4_VIEW
edb79dae,0,edb79dae:o0,48,flip_ud,0,0,0,0,GREEDY_TRUSTWORTHY,V5_TRUSTWORTHY,KNOWN,KNOWN,PRIMARY_3_DEPTH_X_4_VIEW
edb79dae,0,edb79dae:o0,48,transpose,0,0,0,0,GREEDY_TRUSTWORTHY,V5_TRUSTWORTHY,KNOWN,KNOWN,PRIMARY_3_DEPTH_X_4_VIEW
edb79dae,0,edb79dae:o0,48,anti_transpose,0,0,0,0,GREEDY_TRUSTWORTHY,V5_TRUSTWORTHY,KNOWN,KNOWN,PRIMARY_3_DEPTH_X_4_VIEW
f931b4a8,0,f931b4a8:o0,12,identity,0,0,0,0,GREEDY_TRUSTWORTHY,V5_TRUSTWORTHY,KNOWN,KNOWN,PRIMARY_3_DEPTH_X_4_VIEW
f931b4a8,0,f931b4a8:o0,12,flip_ud,0,0,0,0,GREEDY_TRUSTWORTHY,V5_TRUSTWORTHY,KNOWN,KNOWN,PRIMARY_3_DEPTH_X_4_VIEW
f931b4a8,0,f931b4a8:o0,12,transpose,0,0,0,0,GREEDY_TRUSTWORTHY,V5_TRUSTWORTHY,KNOWN,KNOWN,PRIMARY_3_DEPTH_X_4_VIEW
f931b4a8,0,f931b4a8:o0,12,anti_transpose,0,0,0,0,GREEDY_TRUSTWORTHY,V5_TRUSTWORTHY,KNOWN,KNOWN,PRIMARY_3_DEPTH_X_4_VIEW
f931b4a8,0,f931b4a8:o0,24,identity,0,0,0,0,GREEDY_TRUSTWORTHY,V5_TRUSTWORTHY,KNOWN,KNOWN,PRIMARY_3_DEPTH_X_4_VIEW
f931b4a8,0,f931b4a8:o0,24,flip_ud,0,0,0,0,GREEDY_TRUSTWORTHY,V5_TRUSTWORTHY,KNOWN,KNOWN,PRIMARY_3_DEPTH_X_4_VIEW
f931b4a8,0,f931b4a8:o0,24,transpose,0,0,0,0,GREEDY_TRUSTWORTHY,V5_TRUSTWORTHY,KNOWN,KNOWN,PRIMARY_3_DEPTH_X_4_VIEW
f931b4a8,0,f931b4a8:o0,24,anti_transpose,0,0,0,0,GREEDY_TRUSTWORTHY,V5_TRUSTWORTHY,KNOWN,KNOWN,PRIMARY_3_DEPTH_X_4_VIEW
f931b4a8,0,f931b4a8:o0,48,identity,0,0,0,0,GREEDY_TRUSTWORTHY,V5_TRUSTWORTHY,KNOWN,KNOWN,PRIMARY_3_DEPTH_X_4_VIEW
f931b4a8,0,f931b4a8:o0,48,flip_ud,0,0,0,0,GREEDY_TRUSTWORTHY,V5_TRUSTWORTHY,KNOWN,KNOWN,PRIMARY_3_DEPTH_X_4_VIEW
f931b4a8,0,f931b4a8:o0,48,transpose,0,0,0,0,GREEDY_TRUSTWORTHY,V5_TRUSTWORTHY,KNOWN,KNOWN,PRIMARY_3_DEPTH_X_4_VIEW
f931b4a8,0,f931b4a8:o0,48,anti_transpose,0,0,0,0,GREEDY_TRUSTWORTHY,V5_TRUSTWORTHY,KNOWN,KNOWN,PRIMARY_3_DEPTH_X_4_VIEW
f931b4a8,1,f931b4a8:o1,12,identity,0,0,0,0,GREEDY_TRUSTWORTHY,V5_TRUSTWORTHY,KNOWN,KNOWN,PRIMARY_3_DEPTH_X_4_VIEW
f931b4a8,1,f931b4a8:o1,12,flip_ud,0,0,0,0,GREEDY_TRUSTWORTHY,V5_TRUSTWORTHY,KNOWN,KNOWN,PRIMARY_3_DEPTH_X_4_VIEW
f931b4a8,1,f931b4a8:o1,12,transpose,0,0,0,0,GREEDY_TRUSTWORTHY,V5_TRUSTWORTHY,KNOWN,KNOWN,PRIMARY_3_DEPTH_X_4_VIEW
f931b4a8,1,f931b4a8:o1,12,anti_transpose,0,0,0,0,GREEDY_TRUSTWORTHY,V5_TRUSTWORTHY,KNOWN,KNOWN,PRIMARY_3_DEPTH_X_4_VIEW
f931b4a8,1,f931b4a8:o1,24,identity,0,0,0,0,GREEDY_TRUSTWORTHY,V5_TRUSTWORTHY,KNOWN,KNOWN,PRIMARY_3_DEPTH_X_4_VIEW
f931b4a8,1,f931b4a8:o1,24,flip_ud,0,0,0,0,GREEDY_TRUSTWORTHY,V5_TRUSTWORTHY,KNOWN,KNOWN,PRIMARY_3_DEPTH_X_4_VIEW
f931b4a8,1,f931b4a8:o1,24,transpose,0,0,0,0,GREEDY_TRUSTWORTHY,V5_TRUSTWORTHY,KNOWN,KNOWN,PRIMARY_3_DEPTH_X_4_VIEW
f931b4a8,1,f931b4a8:o1,24,anti_transpose,0,0,0,0,GREEDY_TRUSTWORTHY,V5_TRUSTWORTHY,KNOWN,KNOWN,PRIMARY_3_DEPTH_X_4_VIEW
f931b4a8,1,f931b4a8:o1,48,identity,0,0,0,0,GREEDY_TRUSTWORTHY,V5_TRUSTWORTHY,KNOWN,KNOWN,PRIMARY_3_DEPTH_X_4_VIEW
f931b4a8,1,f931b4a8:o1,48,flip_ud,0,0,0,0,GREEDY_TRUSTWORTHY,V5_TRUSTWORTHY,KNOWN,KNOWN,PRIMARY_3_DEPTH_X_4_VIEW
f931b4a8,1,f931b4a8:o1,48,transpose,0,0,0,0,GREEDY_TRUSTWORTHY,V5_TRUSTWORTHY,KNOWN,KNOWN,PRIMARY_3_DEPTH_X_4_VIEW
f931b4a8,1,f931b4a8:o1,48,anti_transpose,0,0,0,0,GREEDY_TRUSTWORTHY,V5_TRUSTWORTHY,KNOWN,KNOWN,PRIMARY_3_DEPTH_X_4_VIEW
