all_suspended_frames_use_owner,cache_owner_stable,cell_key,cell_owner_cache_id,frame_owner_ids_json,owner_cache_sequence_length,owner_cache_sha256,physical_batch,physical_forward_index,reply_owner_cache_id,request_owner_cache_id,run
True,True,d59b0160:o0:d24:A_identity,140708652405328,[140708652405328],1929,9c0a54ec7a22b5d37fa8912abdc5d1f8b7d18c83e3ea66a3476ec993d05ded82,2,1,140708652405328,140708652405328,B2_A_B
True,True,d59b0160:o0:d24:B_flip_ud,140708234124304,[140708234124304],1929,38162eafa3fa0aca7f92aefda0dde3b3c05a2384cfc366b0d8cc78f8663fe9b0,2,1,140708234124304,140708234124304,B2_A_B
True,True,d59b0160:o0:d24:A_identity,140708652405328,"[140708652405328, 140708652405328]",1930,2d6a7bf75e2360e67f76200881ca2bf4144651e719bb593cb43936dd0332831b,2,2,140708652405328,140708652405328,B2_A_B
True,True,d59b0160:o0:d24:B_flip_ud,140708234124304,"[140708234124304, 140708234124304]",1930,f6bdaf3158c8d5cff014f36d70f2509305eaa35ed31bf1fb673c0d18b6656e13,2,2,140708234124304,140708234124304,B2_A_B
True,True,d59b0160:o0:d24:A_identity,140708652405328,"[140708652405328, 140708652405328, 140708652405328]",1931,466bb29716c3bf8a8d8761069d9cf49a879181b5cc2e35c34bd4739849c57176,2,3,140708652405328,140708652405328,B2_A_B
True,True,d59b0160:o0:d24:B_flip_ud,140708234124304,"[140708234124304, 140708234124304, 140708234124304]",1931,151e037a5a48f2bd6f8b50396aabadf30eb664f49580378720665f68fbcbbf58,2,3,140708234124304,140708234124304,B2_A_B
True,True,d59b0160:o0:d24:A_identity,140708652405328,"[140708652405328, 140708652405328, 140708652405328, 140708652405328]",1932,f81fd63402a1bf91d0614d03c3b86070bef1b24165022f28bd144921ce6f4918,2,4,140708652405328,140708652405328,B2_A_B
True,True,d59b0160:o0:d24:B_flip_ud,140708234124304,"[140708234124304, 140708234124304, 140708234124304, 140708234124304]",1932,1b58f0e1dec9297aacf8e34cce97f499d8f3ffac3de3d574714c65f4f969e59f,2,4,140708234124304,140708234124304,B2_A_B
True,True,d59b0160:o0:d24:A_identity,140708652405328,"[140708652405328, 140708652405328, 140708652405328, 140708652405328, 140708652405328]",1933,c9819b5a0f45bf1957b17671527c73e08f85482746ad3997c21c90e0f2184048,2,5,140708652405328,140708652405328,B2_A_B
True,True,d59b0160:o0:d24:B_flip_ud,140708234124304,"[140708234124304, 140708234124304, 140708234124304, 140708234124304, 140708234124304]",1933,9733b2df837377fe7a7cb29573dba729a5010d3ea1057086ae5085ae47ee3d03,2,5,140708234124304,140708234124304,B2_A_B
True,True,d59b0160:o0:d24:A_identity,140708652405328,"[140708652405328, 140708652405328, 140708652405328, 140708652405328, 140708652405328, 140708652405328]",1934,ed7fa7917242decfac525fd778f638ffbaf0c8e9413f8689cf8315b0c07f2411,2,6,140708652405328,140708652405328,B2_A_B
True,True,d59b0160:o0:d24:B_flip_ud,140708234124304,"[140708234124304, 140708234124304, 140708234124304, 140708234124304, 140708234124304, 140708234124304]",1934,f14be4dd6aca8ad46aba2d768ede95260e311840d9dafcbf32644f9f0e4a35f7,2,6,140708234124304,140708234124304,B2_A_B
True,True,d59b0160:o0:d24:A_identity,140708652405328,"[140708652405328, 140708652405328, 140708652405328, 140708652405328, 140708652405328, 140708652405328, 140708652405328]",1935,a9d7532e7206698b51a1ab7a3464736104f479b1a3647e75fe30bdd58adf835f,2,7,140708652405328,140708652405328,B2_A_B
True,True,d59b0160:o0:d24:B_flip_ud,140708234124304,"[140708234124304, 140708234124304, 140708234124304, 140708234124304, 140708234124304, 140708234124304, 140708234124304]",1935,ed58cb39038044a4d86a3e312dc13bd34dd699ba0655ae18024a2caf677763e2,2,7,140708234124304,140708234124304,B2_A_B
True,True,d59b0160:o0:d24:A_identity,140708652405328,"[140708652405328, 140708652405328, 140708652405328, 140708652405328, 140708652405328, 140708652405328, 140708652405328, 140708652405328]",1936,437a1b040ab2abe1a7de700d3d4d5763323d5d12fc7f5c94cbef8d0df0678d55,2,8,140708652405328,140708652405328,B2_A_B
True,True,d59b0160:o0:d24:B_flip_ud,140708234124304,"[140708234124304, 140708234124304, 140708234124304, 140708234124304, 140708234124304, 140708234124304, 140708234124304, 140708234124304]",1936,e8cd907585354b8495b50830bdd83083e844915051e1fc7dc2ee3a618e4ccfdc,2,8,140708234124304,140708234124304,B2_A_B
True,True,d59b0160:o0:d24:A_identity,140708652405328,"[140708652405328, 140708652405328, 140708652405328, 140708652405328, 140708652405328, 140708652405328, 140708652405328, 140708652405328, 140708652405328]",1937,cc7644c8ca811908ff4ef29d2ae664564b3329757f8f80a4e5cc1f89006ea84a,2,9,140708652405328,140708652405328,B2_A_B
True,True,d59b0160:o0:d24:B_flip_ud,140708234124304,"[140708234124304, 140708234124304, 140708234124304, 140708234124304, 140708234124304, 140708234124304, 140708234124304, 140708234124304, 140708234124304]",1937,326f603cbe128fbf829950087be51a303e50e18c3876a7f668e74249d947e61f,2,9,140708234124304,140708234124304,B2_A_B
True,True,d59b0160:o0:d24:A_identity,140708652405328,"[140708652405328, 140708652405328, 140708652405328, 140708652405328, 140708652405328, 140708652405328, 140708652405328, 140708652405328, 140708652405328, 140708652405328]",1938,0eb57dd39c0a6ed0d68d9eecfcd179568923aa952e13882ea0721e9e673a9923,2,10,140708652405328,140708652405328,B2_A_B
True,True,d59b0160:o0:d24:B_flip_ud,140708234124304,"[140708234124304, 140708234124304, 140708234124304, 140708234124304, 140708234124304, 140708234124304, 140708234124304, 140708234124304, 140708234124304, 140708234124304]",1938,d8bc7712bab36be80d468d1feb9107bcca3c674ae59bedaa47a255abde5458cf,2,10,140708234124304,140708234124304,B2_A_B
True,True,d59b0160:o0:d24:A_identity,140708652405328,"[140708652405328, 140708652405328, 140708652405328, 140708652405328, 140708652405328, 140708652405328, 140708652405328, 140708652405328, 140708652405328, 140708652405328, 140708652405328]",1939,445b6e24413f63ab005e5854f9e20cf93babd21dc5adf99ee3a37694460102ed,2,11,140708652405328,140708652405328,B2_A_B
True,True,d59b0160:o0:d24:B_flip_ud,140708234124304,"[140708234124304, 140708234124304, 140708234124304, 140708234124304, 140708234124304, 140708234124304, 140708234124304, 140708234124304, 140708234124304, 140708234124304, 140708234124304]",1939,57ff6ac1d583ea1b26bbe752b0b37e486104120f5c63b1f19aa9ca4341e663a4,2,11,140708234124304,140708234124304,B2_A_B
True,True,d59b0160:o0:d24:A_identity,140708652405328,"[140708652405328, 140708652405328, 140708652405328, 140708652405328, 140708652405328, 140708652405328, 140708652405328, 140708652405328, 140708652405328, 140708652405328, 140708652405328, 140708652405328]",1940,68a51a1b4db3084db809e78c60271a0d6369cfd97344df9d6dd32e6199c2248a,2,12,140708652405328,140708652405328,B2_A_B
True,True,d59b0160:o0:d24:B_flip_ud,140708234124304,"[140708234124304, 140708234124304, 140708234124304, 140708234124304, 140708234124304, 140708234124304, 140708234124304, 140708234124304, 140708234124304, 140708234124304, 140708234124304, 140708234124304]",1940,6960508a261da899aae28662878c4a2ad228a482a74fc97655bf7bdad10356d8,2,12,140708234124304,140708234124304,B2_A_B
True,True,d59b0160:o0:d24:A_identity,140708652405328,"[140708652405328, 140708652405328, 140708652405328, 140708652405328, 140708652405328, 140708652405328, 140708652405328, 140708652405328, 140708652405328, 140708652405328, 140708652405328, 140708652405328, 140708652405328]",1941,d5d6cf8e51b627c07db3710d47dae93cdd0538ef5295feb854300a273249cb55,2,13,140708652405328,140708652405328,B2_A_B
True,True,d59b0160:o0:d24:B_flip_ud,140708234124304,"[140708234124304, 140708234124304, 140708234124304, 140708234124304, 140708234124304, 140708234124304, 140708234124304, 140708234124304, 140708234124304, 140708234124304, 140708234124304, 140708234124304, 140708234124304]",1941,6dee25df8ccc71f14edbdf18e32946c68a6e5fa8b090cef00d43acfd317c7efc,2,13,140708234124304,140708234124304,B2_A_B
True,True,d59b0160:o0:d24:A_identity,140708652405328,"[140708652405328, 140708652405328, 140708652405328, 140708652405328, 140708652405328, 140708652405328, 140708652405328, 140708652405328, 140708652405328, 140708652405328, 140708652405328, 140708652405328, 140708652405328, 140708652405328]",1942,4acf89728d6864103fc7bdd279fac5316fa35e823b8ef793b6270c928e6e0528,2,14,140708652405328,140708652405328,B2_A_B
True,True,d59b0160:o0:d24:B_flip_ud,140708234124304,"[140708234124304, 140708234124304, 140708234124304, 140708234124304, 140708234124304, 140708234124304, 140708234124304, 140708234124304, 140708234124304, 140708234124304, 140708234124304, 140708234124304, 140708234124304, 140708234124304]",1942,5e98c4711f04b7592c9582298444edb92e67df47b79be09ec2069e04671884e9,2,14,140708234124304,140708234124304,B2_A_B
True,True,d59b0160:o0:d24:A_identity,140708652405328,"[140708652405328, 140708652405328, 140708652405328, 140708652405328, 140708652405328, 140708652405328, 140708652405328, 140708652405328, 140708652405328, 140708652405328, 140708652405328, 140708652405328, 140708652405328, 140708652405328, 140708652405328]",1943,2f707fe91399947249b268a2e39942d5a4594bdd124e7f4f6547a44989d02545,2,15,140708652405328,140708652405328,B2_A_B
True,True,d59b0160:o0:d24:B_flip_ud,140708234124304,"[140708234124304, 140708234124304, 140708234124304, 140708234124304, 140708234124304, 140708234124304, 140708234124304, 140708234124304, 140708234124304, 140708234124304, 140708234124304, 140708234124304, 140708234124304, 140708234124304, 140708234124304]",1943,43e7bad6079edb4f9bf5aff5000ff16bac9e110d7bc0a3d8c047780a20ea7314,2,15,140708234124304,140708234124304,B2_A_B
True,True,d59b0160:o0:d24:A_identity,140708652405328,"[140708652405328, 140708652405328, 140708652405328, 140708652405328, 140708652405328, 140708652405328, 140708652405328, 140708652405328, 140708652405328, 140708652405328, 140708652405328, 140708652405328, 140708652405328, 140708652405328, 140708652405328, 140708652405328]",1944,b26483c35ac93d2b168ff5c2bb83340015518abc7a46358651d9309a9a1b0f60,2,16,140708652405328,140708652405328,B2_A_B
True,True,d59b0160:o0:d24:B_flip_ud,140708234124304,"[140708234124304, 140708234124304, 140708234124304, 140708234124304, 140708234124304, 140708234124304, 140708234124304, 140708234124304, 140708234124304, 140708234124304, 140708234124304, 140708234124304, 140708234124304, 140708234124304, 140708234124304, 140708234124304]",1944,5fc794b9d1fb820185023100a4b9fdd31ba514f3a53fb259ded33759272a55e6,2,16,140708234124304,140708234124304,B2_A_B
True,True,d59b0160:o0:d24:A_identity,140708652405328,"[140708652405328, 140708652405328, 140708652405328, 140708652405328, 140708652405328, 140708652405328, 140708652405328, 140708652405328, 140708652405328, 140708652405328, 140708652405328, 140708652405328, 140708652405328, 140708652405328, 140708652405328, 140708652405328, 140708652405328]",1945,2c038db807502f89e5337a861423cbbcd7fc1bcfcc183d96e65a71ff8b92a25f,2,17,140708652405328,140708652405328,B2_A_B
True,True,d59b0160:o0:d24:B_flip_ud,140708234124304,"[140708234124304, 140708234124304, 140708234124304, 140708234124304, 140708234124304, 140708234124304, 140708234124304, 140708234124304, 140708234124304, 140708234124304, 140708234124304, 140708234124304, 140708234124304, 140708234124304, 140708234124304, 140708234124304, 140708234124304]",1945,178f65ef1d2396e2cbd1097995f50ab4a5783e6f86e77f9dc9f02111e9c18cbb,2,17,140708234124304,140708234124304,B2_A_B
True,True,d59b0160:o0:d24:A_identity,140708652405328,"[140708652405328, 140708652405328, 140708652405328, 140708652405328, 140708652405328, 140708652405328, 140708652405328, 140708652405328, 140708652405328, 140708652405328, 140708652405328, 140708652405328, 140708652405328, 140708652405328, 140708652405328, 140708652405328, 140708652405328, 140708652405328]",1946,9eaaab6e3dadf41d273b140218c190c0c15fe42de600b5c945dd4bd5dd3e12cb,2,18,140708652405328,140708652405328,B2_A_B
True,True,d59b0160:o0:d24:B_flip_ud,140708234124304,"[140708234124304, 140708234124304, 140708234124304, 140708234124304, 140708234124304, 140708234124304, 140708234124304, 140708234124304, 140708234124304, 140708234124304, 140708234124304, 140708234124304, 140708234124304, 140708234124304, 140708234124304, 140708234124304, 140708234124304, 140708234124304]",1946,6c5db916c795de711dab79effa094b840d80998d3a1deecf2b160a706c8ae14e,2,18,140708234124304,140708234124304,B2_A_B
True,True,d59b0160:o0:d24:A_identity,140708652405328,"[140708652405328, 140708652405328, 140708652405328, 140708652405328, 140708652405328, 140708652405328, 140708652405328, 140708652405328, 140708652405328, 140708652405328, 140708652405328, 140708652405328, 140708652405328, 140708652405328, 140708652405328, 140708652405328, 140708652405328, 140708652405328, 140708652405328]",1947,4570108ba21f3a9cf583d7a9e5dff8cd4d302f1f42caa507cba3f3427e4df9ad,2,19,140708652405328,140708652405328,B2_A_B
True,True,d59b0160:o0:d24:B_flip_ud,140708234124304,"[140708234124304, 140708234124304, 140708234124304, 140708234124304, 140708234124304, 140708234124304, 140708234124304, 140708234124304, 140708234124304, 140708234124304, 140708234124304, 140708234124304, 140708234124304, 140708234124304, 140708234124304, 140708234124304, 140708234124304, 140708234124304, 140708234124304]",1947,c3cae0d782d9f97ce7b227c2f1b3e7d0ec520d1baaa3e152a785c5d0ad231075,2,19,140708234124304,140708234124304,B2_A_B
True,True,d59b0160:o0:d24:A_identity,140708652405328,"[140708652405328, 140708652405328, 140708652405328, 140708652405328, 140708652405328, 140708652405328, 140708652405328, 140708652405328, 140708652405328, 140708652405328, 140708652405328, 140708652405328, 140708652405328, 140708652405328, 140708652405328, 140708652405328, 140708652405328, 140708652405328, 140708652405328, 140708652405328]",1948,e067ebc91a9ac8104913db2d0b69ee1165715423a49b1fb9cb5401525b55ec51,2,20,140708652405328,140708652405328,B2_A_B
True,True,d59b0160:o0:d24:B_flip_ud,140708234124304,"[140708234124304, 140708234124304, 140708234124304, 140708234124304, 140708234124304, 140708234124304, 140708234124304, 140708234124304, 140708234124304, 140708234124304, 140708234124304, 140708234124304, 140708234124304, 140708234124304, 140708234124304, 140708234124304, 140708234124304, 140708234124304, 140708234124304, 140708234124304]",1948,a91454aed90505ec10d2bb4fc12b7c0c4de1ab6cb7ac701a95ed7f8a9a3f01b7,2,20,140708234124304,140708234124304,B2_A_B
True,True,d59b0160:o0:d24:A_identity,140708652405328,"[140708652405328, 140708652405328, 140708652405328, 140708652405328, 140708652405328, 140708652405328, 140708652405328, 140708652405328, 140708652405328, 140708652405328, 140708652405328, 140708652405328, 140708652405328, 140708652405328, 140708652405328, 140708652405328, 140708652405328, 140708652405328, 140708652405328, 140708652405328, 140708652405328]",1949,721d99d8062bad0a4ee12154172c9617dc96580afb16f3a071eeea372b491be3,2,21,140708652405328,140708652405328,B2_A_B
True,True,d59b0160:o0:d24:B_flip_ud,140708234124304,"[140708234124304, 140708234124304, 140708234124304, 140708234124304, 140708234124304, 140708234124304, 140708234124304, 140708234124304, 140708234124304, 140708234124304, 140708234124304, 140708234124304, 140708234124304, 140708234124304, 140708234124304, 140708234124304, 140708234124304, 140708234124304, 140708234124304, 140708234124304, 140708234124304]",1949,5fffc7859dbdf62f526c1e0bccf20719dc12c099599fe4366826422ad3841128,2,21,140708234124304,140708234124304,B2_A_B
True,True,d59b0160:o0:d24:A_identity,140708652405328,"[140708652405328, 140708652405328, 140708652405328, 140708652405328, 140708652405328, 140708652405328, 140708652405328, 140708652405328, 140708652405328, 140708652405328, 140708652405328, 140708652405328, 140708652405328, 140708652405328, 140708652405328, 140708652405328, 140708652405328, 140708652405328, 140708652405328, 140708652405328, 140708652405328, 140708652405328]",1950,b8c8d14caa4273f3e37142d30599aeabe39bac1f6893e17ccdd460f03188c3e2,2,22,140708652405328,140708652405328,B2_A_B
True,True,d59b0160:o0:d24:B_flip_ud,140708234124304,"[140708234124304, 140708234124304, 140708234124304, 140708234124304, 140708234124304, 140708234124304, 140708234124304, 140708234124304, 140708234124304, 140708234124304, 140708234124304, 140708234124304, 140708234124304, 140708234124304, 140708234124304, 140708234124304, 140708234124304, 140708234124304, 140708234124304, 140708234124304, 140708234124304, 140708234124304]",1950,a83d754fe2225b001c65c07597f94e542af88631db6c9b35f6d2c22a374eb34f,2,22,140708234124304,140708234124304,B2_A_B
True,True,d59b0160:o0:d24:A_identity,140708652405328,"[140708652405328, 140708652405328, 140708652405328, 140708652405328, 140708652405328, 140708652405328, 140708652405328, 140708652405328, 140708652405328, 140708652405328, 140708652405328, 140708652405328, 140708652405328, 140708652405328, 140708652405328, 140708652405328, 140708652405328, 140708652405328, 140708652405328, 140708652405328, 140708652405328, 140708652405328, 140708652405328]",1951,8b28ec0189db54ec3a9d478c6ba576038f339f5e64afc433b4d23e63f8e8d302,2,23,140708652405328,140708652405328,B2_A_B
True,True,d59b0160:o0:d24:B_flip_ud,140708234124304,"[140708234124304, 140708234124304, 140708234124304, 140708234124304, 140708234124304, 140708234124304, 140708234124304, 140708234124304, 140708234124304, 140708234124304, 140708234124304, 140708234124304, 140708234124304, 140708234124304, 140708234124304, 140708234124304, 140708234124304, 140708234124304, 140708234124304, 140708234124304, 140708234124304, 140708234124304, 140708234124304]",1951,f2d2acd395f440e4883cd6358d35062a3f255cf7a77049a87eba6cd5f27d00de,2,23,140708234124304,140708234124304,B2_A_B
True,True,d59b0160:o0:d24:A_identity,140708652405328,"[140708652405328, 140708652405328, 140708652405328, 140708652405328, 140708652405328, 140708652405328, 140708652405328, 140708652405328, 140708652405328, 140708652405328, 140708652405328, 140708652405328, 140708652405328, 140708652405328, 140708652405328, 140708652405328, 140708652405328, 140708652405328, 140708652405328, 140708652405328, 140708652405328, 140708652405328, 140708652405328, 140708652405328]",1952,238ed0596b179aabb377f99ee176e52a403d0c788863207a1c68422a4441b476,2,24,140708652405328,140708652405328,B2_A_B
True,True,d59b0160:o0:d24:B_flip_ud,140708234124304,"[140708234124304, 140708234124304, 140708234124304, 140708234124304, 140708234124304, 140708234124304, 140708234124304, 140708234124304, 140708234124304, 140708234124304, 140708234124304, 140708234124304, 140708234124304, 140708234124304, 140708234124304, 140708234124304, 140708234124304, 140708234124304, 140708234124304, 140708234124304, 140708234124304, 140708234124304, 140708234124304, 140708234124304]",1952,ce8d7875fc1f646971062bc4502a3a16dbf7d253496836bb422a858126bdc7f1,2,24,140708234124304,140708234124304,B2_A_B
True,True,d59b0160:o0:d24:A_identity,140708652405328,"[140708652405328, 140708652405328, 140708652405328, 140708652405328, 140708652405328, 140708652405328, 140708652405328, 140708652405328, 140708652405328, 140708652405328, 140708652405328, 140708652405328, 140708652405328, 140708652405328, 140708652405328, 140708652405328, 140708652405328, 140708652405328, 140708652405328, 140708652405328, 140708652405328, 140708652405328, 140708652405328, 140708652405328, 140708652405328]",1953,dcea54b3a6180b16b3f32bbdcac597a6c4660aa2556cfb347b36943b0623413f,2,25,140708652405328,140708652405328,B2_A_B
True,True,d59b0160:o0:d24:B_flip_ud,140708234124304,"[140708234124304, 140708234124304, 140708234124304, 140708234124304, 140708234124304, 140708234124304, 140708234124304, 140708234124304, 140708234124304, 140708234124304, 140708234124304, 140708234124304, 140708234124304, 140708234124304, 140708234124304, 140708234124304, 140708234124304, 140708234124304, 140708234124304, 140708234124304, 140708234124304, 140708234124304, 140708234124304, 140708234124304, 140708234124304]",1953,058c6d319bdbbb557b553a431d89c98cbdf53956593e44d2eb452ad777500ec6,2,25,140708234124304,140708234124304,B2_A_B
True,True,d59b0160:o0:d24:A_identity,140708652405328,"[140708652405328, 140708652405328, 140708652405328, 140708652405328, 140708652405328, 140708652405328, 140708652405328, 140708652405328, 140708652405328, 140708652405328, 140708652405328, 140708652405328, 140708652405328, 140708652405328, 140708652405328, 140708652405328, 140708652405328, 140708652405328, 140708652405328, 140708652405328, 140708652405328, 140708652405328, 140708652405328, 140708652405328, 140708652405328, 140708652405328]",1954,11331db1560c48a71e8bf2f899bfcbc7cf8b3fc7eec33771f8818dcb092764bf,2,26,140708652405328,140708652405328,B2_A_B
True,True,d59b0160:o0:d24:B_flip_ud,140708234124304,"[140708234124304, 140708234124304, 140708234124304, 140708234124304, 140708234124304, 140708234124304, 140708234124304, 140708234124304, 140708234124304, 140708234124304, 140708234124304, 140708234124304, 140708234124304, 140708234124304, 140708234124304, 140708234124304, 140708234124304, 140708234124304, 140708234124304, 140708234124304, 140708234124304, 140708234124304, 140708234124304, 140708234124304, 140708234124304, 140708234124304]",1954,ca3f52dd5b0d6f4f9856530263baa296f748295ff99c3f6a5fd00a0117fde210,2,26,140708234124304,140708234124304,B2_A_B
True,True,d59b0160:o0:d24:A_identity,140708652405328,"[140708652405328, 140708652405328, 140708652405328, 140708652405328, 140708652405328, 140708652405328, 140708652405328, 140708652405328, 140708652405328, 140708652405328, 140708652405328, 140708652405328, 140708652405328, 140708652405328, 140708652405328, 140708652405328, 140708652405328, 140708652405328, 140708652405328, 140708652405328, 140708652405328, 140708652405328, 140708652405328, 140708652405328, 140708652405328, 140708652405328, 140708652405328]",1955,7a78a0f53397a2736a535d9091c76f36a8fe538e76ff98c19ea95730f37db323,2,27,140708652405328,140708652405328,B2_A_B
True,True,d59b0160:o0:d24:B_flip_ud,140708234124304,"[140708234124304, 140708234124304, 140708234124304, 140708234124304, 140708234124304, 140708234124304, 140708234124304, 140708234124304, 140708234124304, 140708234124304, 140708234124304, 140708234124304, 140708234124304, 140708234124304, 140708234124304, 140708234124304, 140708234124304, 140708234124304, 140708234124304, 140708234124304, 140708234124304, 140708234124304, 140708234124304, 140708234124304, 140708234124304, 140708234124304, 140708234124304]",1955,ccabae1ca13ca3c33719bc3610c07c8ca27270a9620689334c011560f53a73f3,2,27,140708234124304,140708234124304,B2_A_B
True,True,d59b0160:o0:d24:A_identity,140708652405328,"[140708652405328, 140708652405328, 140708652405328, 140708652405328, 140708652405328, 140708652405328, 140708652405328, 140708652405328, 140708652405328, 140708652405328, 140708652405328, 140708652405328, 140708652405328, 140708652405328, 140708652405328, 140708652405328, 140708652405328, 140708652405328, 140708652405328, 140708652405328, 140708652405328, 140708652405328, 140708652405328, 140708652405328, 140708652405328, 140708652405328, 140708652405328, 140708652405328]",1956,6ae49b797b4b8d99cc24523b95d63dc1544e0cabba0fe18c399ae57afef58c75,2,28,140708652405328,140708652405328,B2_A_B
True,True,d59b0160:o0:d24:B_flip_ud,140708234124304,"[140708234124304, 140708234124304, 140708234124304, 140708234124304, 140708234124304, 140708234124304, 140708234124304, 140708234124304, 140708234124304, 140708234124304, 140708234124304, 140708234124304, 140708234124304, 140708234124304, 140708234124304, 140708234124304, 140708234124304, 140708234124304, 140708234124304, 140708234124304, 140708234124304, 140708234124304, 140708234124304, 140708234124304, 140708234124304, 140708234124304, 140708234124304, 140708234124304]",1956,70191931bebd9dd8d3571f000614932e977aa861d1f62c2bd2fd4e207d59d7a6,2,28,140708234124304,140708234124304,B2_A_B
True,True,d59b0160:o0:d24:A_identity,140708652405328,"[140708652405328, 140708652405328, 140708652405328, 140708652405328, 140708652405328, 140708652405328, 140708652405328, 140708652405328, 140708652405328, 140708652405328, 140708652405328, 140708652405328, 140708652405328, 140708652405328, 140708652405328, 140708652405328, 140708652405328, 140708652405328, 140708652405328, 140708652405328, 140708652405328, 140708652405328, 140708652405328, 140708652405328, 140708652405328, 140708652405328, 140708652405328, 140708652405328, 140708652405328]",1957,a42c78fb8f0c8d9975d9ae5ee484dddc3529553493af94a36d794ca9597d3785,2,29,140708652405328,140708652405328,B2_A_B
True,True,d59b0160:o0:d24:B_flip_ud,140708234124304,"[140708234124304, 140708234124304, 140708234124304, 140708234124304, 140708234124304, 140708234124304, 140708234124304, 140708234124304, 140708234124304, 140708234124304, 140708234124304, 140708234124304, 140708234124304, 140708234124304, 140708234124304, 140708234124304, 140708234124304, 140708234124304, 140708234124304, 140708234124304, 140708234124304, 140708234124304, 140708234124304, 140708234124304, 140708234124304, 140708234124304, 140708234124304, 140708234124304, 140708234124304]",1957,f71257910bde6a09d94d4065d25d73ad4343025e3031cb7292d3a933cb6d8e02,2,29,140708234124304,140708234124304,B2_A_B
True,True,d59b0160:o0:d24:A_identity,140708652405328,"[140708652405328, 140708652405328, 140708652405328, 140708652405328, 140708652405328, 140708652405328, 140708652405328, 140708652405328, 140708652405328, 140708652405328, 140708652405328, 140708652405328, 140708652405328, 140708652405328, 140708652405328, 140708652405328, 140708652405328, 140708652405328, 140708652405328, 140708652405328, 140708652405328, 140708652405328, 140708652405328, 140708652405328, 140708652405328, 140708652405328, 140708652405328, 140708652405328, 140708652405328, 140708652405328]",1958,ef17fd32fb4f42aa9ba1ba5daf23ed0f5afc12e4d0b64ccd280f90fd892aafca,2,30,140708652405328,140708652405328,B2_A_B
True,True,d59b0160:o0:d24:B_flip_ud,140708234124304,"[140708234124304, 140708234124304, 140708234124304, 140708234124304, 140708234124304, 140708234124304, 140708234124304, 140708234124304, 140708234124304, 140708234124304, 140708234124304, 140708234124304, 140708234124304, 140708234124304, 140708234124304, 140708234124304, 140708234124304, 140708234124304, 140708234124304, 140708234124304, 140708234124304, 140708234124304, 140708234124304, 140708234124304, 140708234124304, 140708234124304, 140708234124304, 140708234124304, 140708234124304, 140708234124304]",1958,7f56da1ea2427aac96c3e181855a6e8b6ec42cf6d349950804f01c9e6f3bc9f2,2,30,140708234124304,140708234124304,B2_A_B
True,True,d59b0160:o0:d24:A_identity,140708652405328,"[140708652405328, 140708652405328, 140708652405328, 140708652405328, 140708652405328, 140708652405328, 140708652405328, 140708652405328, 140708652405328, 140708652405328, 140708652405328, 140708652405328, 140708652405328, 140708652405328, 140708652405328, 140708652405328, 140708652405328, 140708652405328, 140708652405328, 140708652405328, 140708652405328, 140708652405328, 140708652405328, 140708652405328, 140708652405328, 140708652405328, 140708652405328, 140708652405328, 140708652405328, 140708652405328, 140708652405328]",1959,656b554b060e094392846d5162f7af4c9b422fad6522fc0d09edfaf70ca33cc4,2,31,140708652405328,140708652405328,B2_A_B
True,True,d59b0160:o0:d24:B_flip_ud,140708234124304,"[140708234124304, 140708234124304, 140708234124304, 140708234124304, 140708234124304, 140708234124304, 140708234124304, 140708234124304, 140708234124304, 140708234124304, 140708234124304, 140708234124304, 140708234124304, 140708234124304, 140708234124304, 140708234124304, 140708234124304, 140708234124304, 140708234124304, 140708234124304, 140708234124304, 140708234124304, 140708234124304, 140708234124304, 140708234124304, 140708234124304, 140708234124304, 140708234124304, 140708234124304, 140708234124304, 140708234124304]",1959,e0aa7e3322dc7b8fd2025b79e27cfbe610db98c31258d15c6b5ba1da5d296583,2,31,140708234124304,140708234124304,B2_A_B
True,True,d59b0160:o0:d24:A_identity,140708652405328,"[140708652405328, 140708652405328, 140708652405328, 140708652405328, 140708652405328, 140708652405328, 140708652405328, 140708652405328, 140708652405328, 140708652405328, 140708652405328, 140708652405328, 140708652405328, 140708652405328, 140708652405328, 140708652405328, 140708652405328, 140708652405328, 140708652405328, 140708652405328, 140708652405328, 140708652405328, 140708652405328, 140708652405328, 140708652405328, 140708652405328, 140708652405328, 140708652405328, 140708652405328, 140708652405328, 140708652405328, 140708652405328]",1960,4a21e94f4f0097f142beea5bf177524f5801cc00aa261e27b1b937203a80e5b0,2,32,140708652405328,140708652405328,B2_A_B
True,True,d59b0160:o0:d24:B_flip_ud,140708234124304,"[140708234124304, 140708234124304, 140708234124304, 140708234124304, 140708234124304, 140708234124304, 140708234124304, 140708234124304, 140708234124304, 140708234124304, 140708234124304, 140708234124304, 140708234124304, 140708234124304, 140708234124304, 140708234124304, 140708234124304, 140708234124304, 140708234124304, 140708234124304, 140708234124304, 140708234124304, 140708234124304, 140708234124304, 140708234124304, 140708234124304, 140708234124304, 140708234124304, 140708234124304, 140708234124304, 140708234124304, 140708234124304]",1960,4a32571a76ab124d56b43945d80bee482b4ea51700214a38bfd9f6641bef27a0,2,32,140708234124304,140708234124304,B2_A_B
True,True,d59b0160:o0:d24:A_identity,140708233464912,[140708233464912],1929,9c0a54ec7a22b5d37fa8912abdc5d1f8b7d18c83e3ea66a3476ec993d05ded82,2,1,140708233464912,140708233464912,B2_A_B_repeat_1
True,True,d59b0160:o0:d24:B_flip_ud,140708652525840,[140708652525840],1929,38162eafa3fa0aca7f92aefda0dde3b3c05a2384cfc366b0d8cc78f8663fe9b0,2,1,140708652525840,140708652525840,B2_A_B_repeat_1
True,True,d59b0160:o0:d24:A_identity,140708233464912,"[140708233464912, 140708233464912]",1930,2d6a7bf75e2360e67f76200881ca2bf4144651e719bb593cb43936dd0332831b,2,2,140708233464912,140708233464912,B2_A_B_repeat_1
True,True,d59b0160:o0:d24:B_flip_ud,140708652525840,"[140708652525840, 140708652525840]",1930,f6bdaf3158c8d5cff014f36d70f2509305eaa35ed31bf1fb673c0d18b6656e13,2,2,140708652525840,140708652525840,B2_A_B_repeat_1
True,True,d59b0160:o0:d24:A_identity,140708233464912,"[140708233464912, 140708233464912, 140708233464912]",1931,466bb29716c3bf8a8d8761069d9cf49a879181b5cc2e35c34bd4739849c57176,2,3,140708233464912,140708233464912,B2_A_B_repeat_1
True,True,d59b0160:o0:d24:B_flip_ud,140708652525840,"[140708652525840, 140708652525840, 140708652525840]",1931,151e037a5a48f2bd6f8b50396aabadf30eb664f49580378720665f68fbcbbf58,2,3,140708652525840,140708652525840,B2_A_B_repeat_1
True,True,d59b0160:o0:d24:A_identity,140708233464912,"[140708233464912, 140708233464912, 140708233464912, 140708233464912]",1932,f81fd63402a1bf91d0614d03c3b86070bef1b24165022f28bd144921ce6f4918,2,4,140708233464912,140708233464912,B2_A_B_repeat_1
True,True,d59b0160:o0:d24:B_flip_ud,140708652525840,"[140708652525840, 140708652525840, 140708652525840, 140708652525840]",1932,1b58f0e1dec9297aacf8e34cce97f499d8f3ffac3de3d574714c65f4f969e59f,2,4,140708652525840,140708652525840,B2_A_B_repeat_1
True,True,d59b0160:o0:d24:A_identity,140708233464912,"[140708233464912, 140708233464912, 140708233464912, 140708233464912, 140708233464912]",1933,c9819b5a0f45bf1957b17671527c73e08f85482746ad3997c21c90e0f2184048,2,5,140708233464912,140708233464912,B2_A_B_repeat_1
True,True,d59b0160:o0:d24:B_flip_ud,140708652525840,"[140708652525840, 140708652525840, 140708652525840, 140708652525840, 140708652525840]",1933,9733b2df837377fe7a7cb29573dba729a5010d3ea1057086ae5085ae47ee3d03,2,5,140708652525840,140708652525840,B2_A_B_repeat_1
True,True,d59b0160:o0:d24:A_identity,140708233464912,"[140708233464912, 140708233464912, 140708233464912, 140708233464912, 140708233464912, 140708233464912]",1934,ed7fa7917242decfac525fd778f638ffbaf0c8e9413f8689cf8315b0c07f2411,2,6,140708233464912,140708233464912,B2_A_B_repeat_1
True,True,d59b0160:o0:d24:B_flip_ud,140708652525840,"[140708652525840, 140708652525840, 140708652525840, 140708652525840, 140708652525840, 140708652525840]",1934,f14be4dd6aca8ad46aba2d768ede95260e311840d9dafcbf32644f9f0e4a35f7,2,6,140708652525840,140708652525840,B2_A_B_repeat_1
True,True,d59b0160:o0:d24:A_identity,140708233464912,"[140708233464912, 140708233464912, 140708233464912, 140708233464912, 140708233464912, 140708233464912, 140708233464912]",1935,a9d7532e7206698b51a1ab7a3464736104f479b1a3647e75fe30bdd58adf835f,2,7,140708233464912,140708233464912,B2_A_B_repeat_1
True,True,d59b0160:o0:d24:B_flip_ud,140708652525840,"[140708652525840, 140708652525840, 140708652525840, 140708652525840, 140708652525840, 140708652525840, 140708652525840]",1935,ed58cb39038044a4d86a3e312dc13bd34dd699ba0655ae18024a2caf677763e2,2,7,140708652525840,140708652525840,B2_A_B_repeat_1
True,True,d59b0160:o0:d24:A_identity,140708233464912,"[140708233464912, 140708233464912, 140708233464912, 140708233464912, 140708233464912, 140708233464912, 140708233464912, 140708233464912]",1936,437a1b040ab2abe1a7de700d3d4d5763323d5d12fc7f5c94cbef8d0df0678d55,2,8,140708233464912,140708233464912,B2_A_B_repeat_1
True,True,d59b0160:o0:d24:B_flip_ud,140708652525840,"[140708652525840, 140708652525840, 140708652525840, 140708652525840, 140708652525840, 140708652525840, 140708652525840, 140708652525840]",1936,e8cd907585354b8495b50830bdd83083e844915051e1fc7dc2ee3a618e4ccfdc,2,8,140708652525840,140708652525840,B2_A_B_repeat_1
True,True,d59b0160:o0:d24:A_identity,140708233464912,"[140708233464912, 140708233464912, 140708233464912, 140708233464912, 140708233464912, 140708233464912, 140708233464912, 140708233464912, 140708233464912]",1937,cc7644c8ca811908ff4ef29d2ae664564b3329757f8f80a4e5cc1f89006ea84a,2,9,140708233464912,140708233464912,B2_A_B_repeat_1
True,True,d59b0160:o0:d24:B_flip_ud,140708652525840,"[140708652525840, 140708652525840, 140708652525840, 140708652525840, 140708652525840, 140708652525840, 140708652525840, 140708652525840, 140708652525840]",1937,326f603cbe128fbf829950087be51a303e50e18c3876a7f668e74249d947e61f,2,9,140708652525840,140708652525840,B2_A_B_repeat_1
True,True,d59b0160:o0:d24:A_identity,140708233464912,"[140708233464912, 140708233464912, 140708233464912, 140708233464912, 140708233464912, 140708233464912, 140708233464912, 140708233464912, 140708233464912, 140708233464912]",1938,0eb57dd39c0a6ed0d68d9eecfcd179568923aa952e13882ea0721e9e673a9923,2,10,140708233464912,140708233464912,B2_A_B_repeat_1
True,True,d59b0160:o0:d24:B_flip_ud,140708652525840,"[140708652525840, 140708652525840, 140708652525840, 140708652525840, 140708652525840, 140708652525840, 140708652525840, 140708652525840, 140708652525840, 140708652525840]",1938,d8bc7712bab36be80d468d1feb9107bcca3c674ae59bedaa47a255abde5458cf,2,10,140708652525840,140708652525840,B2_A_B_repeat_1
True,True,d59b0160:o0:d24:A_identity,140708233464912,"[140708233464912, 140708233464912, 140708233464912, 140708233464912, 140708233464912, 140708233464912, 140708233464912, 140708233464912, 140708233464912, 140708233464912, 140708233464912]",1939,445b6e24413f63ab005e5854f9e20cf93babd21dc5adf99ee3a37694460102ed,2,11,140708233464912,140708233464912,B2_A_B_repeat_1
True,True,d59b0160:o0:d24:B_flip_ud,140708652525840,"[140708652525840, 140708652525840, 140708652525840, 140708652525840, 140708652525840, 140708652525840, 140708652525840, 140708652525840, 140708652525840, 140708652525840, 140708652525840]",1939,57ff6ac1d583ea1b26bbe752b0b37e486104120f5c63b1f19aa9ca4341e663a4,2,11,140708652525840,140708652525840,B2_A_B_repeat_1
True,True,d59b0160:o0:d24:A_identity,140708233464912,"[140708233464912, 140708233464912, 140708233464912, 140708233464912, 140708233464912, 140708233464912, 140708233464912, 140708233464912, 140708233464912, 140708233464912, 140708233464912, 140708233464912]",1940,68a51a1b4db3084db809e78c60271a0d6369cfd97344df9d6dd32e6199c2248a,2,12,140708233464912,140708233464912,B2_A_B_repeat_1
True,True,d59b0160:o0:d24:B_flip_ud,140708652525840,"[140708652525840, 140708652525840, 140708652525840, 140708652525840, 140708652525840, 140708652525840, 140708652525840, 140708652525840, 140708652525840, 140708652525840, 140708652525840, 140708652525840]",1940,6960508a261da899aae28662878c4a2ad228a482a74fc97655bf7bdad10356d8,2,12,140708652525840,140708652525840,B2_A_B_repeat_1
True,True,d59b0160:o0:d24:A_identity,140708233464912,"[140708233464912, 140708233464912, 140708233464912, 140708233464912, 140708233464912, 140708233464912, 140708233464912, 140708233464912, 140708233464912, 140708233464912, 140708233464912, 140708233464912, 140708233464912]",1941,d5d6cf8e51b627c07db3710d47dae93cdd0538ef5295feb854300a273249cb55,2,13,140708233464912,140708233464912,B2_A_B_repeat_1
True,True,d59b0160:o0:d24:B_flip_ud,140708652525840,"[140708652525840, 140708652525840, 140708652525840, 140708652525840, 140708652525840, 140708652525840, 140708652525840, 140708652525840, 140708652525840, 140708652525840, 140708652525840, 140708652525840, 140708652525840]",1941,6dee25df8ccc71f14edbdf18e32946c68a6e5fa8b090cef00d43acfd317c7efc,2,13,140708652525840,140708652525840,B2_A_B_repeat_1
True,True,d59b0160:o0:d24:A_identity,140708233464912,"[140708233464912, 140708233464912, 140708233464912, 140708233464912, 140708233464912, 140708233464912, 140708233464912, 140708233464912, 140708233464912, 140708233464912, 140708233464912, 140708233464912, 140708233464912, 140708233464912]",1942,4acf89728d6864103fc7bdd279fac5316fa35e823b8ef793b6270c928e6e0528,2,14,140708233464912,140708233464912,B2_A_B_repeat_1
True,True,d59b0160:o0:d24:B_flip_ud,140708652525840,"[140708652525840, 140708652525840, 140708652525840, 140708652525840, 140708652525840, 140708652525840, 140708652525840, 140708652525840, 140708652525840, 140708652525840, 140708652525840, 140708652525840, 140708652525840, 140708652525840]",1942,5e98c4711f04b7592c9582298444edb92e67df47b79be09ec2069e04671884e9,2,14,140708652525840,140708652525840,B2_A_B_repeat_1
True,True,d59b0160:o0:d24:A_identity,140708233464912,"[140708233464912, 140708233464912, 140708233464912, 140708233464912, 140708233464912, 140708233464912, 140708233464912, 140708233464912, 140708233464912, 140708233464912, 140708233464912, 140708233464912, 140708233464912, 140708233464912, 140708233464912]",1943,2f707fe91399947249b268a2e39942d5a4594bdd124e7f4f6547a44989d02545,2,15,140708233464912,140708233464912,B2_A_B_repeat_1
True,True,d59b0160:o0:d24:B_flip_ud,140708652525840,"[140708652525840, 140708652525840, 140708652525840, 140708652525840, 140708652525840, 140708652525840, 140708652525840, 140708652525840, 140708652525840, 140708652525840, 140708652525840, 140708652525840, 140708652525840, 140708652525840, 140708652525840]",1943,43e7bad6079edb4f9bf5aff5000ff16bac9e110d7bc0a3d8c047780a20ea7314,2,15,140708652525840,140708652525840,B2_A_B_repeat_1
True,True,d59b0160:o0:d24:A_identity,140708233464912,"[140708233464912, 140708233464912, 140708233464912, 140708233464912, 140708233464912, 140708233464912, 140708233464912, 140708233464912, 140708233464912, 140708233464912, 140708233464912, 140708233464912, 140708233464912, 140708233464912, 140708233464912, 140708233464912]",1944,b26483c35ac93d2b168ff5c2bb83340015518abc7a46358651d9309a9a1b0f60,2,16,140708233464912,140708233464912,B2_A_B_repeat_1
True,True,d59b0160:o0:d24:B_flip_ud,140708652525840,"[140708652525840, 140708652525840, 140708652525840, 140708652525840, 140708652525840, 140708652525840, 140708652525840, 140708652525840, 140708652525840, 140708652525840, 140708652525840, 140708652525840, 140708652525840, 140708652525840, 140708652525840, 140708652525840]",1944,5fc794b9d1fb820185023100a4b9fdd31ba514f3a53fb259ded33759272a55e6,2,16,140708652525840,140708652525840,B2_A_B_repeat_1
True,True,d59b0160:o0:d24:A_identity,140708233464912,"[140708233464912, 140708233464912, 140708233464912, 140708233464912, 140708233464912, 140708233464912, 140708233464912, 140708233464912, 140708233464912, 140708233464912, 140708233464912, 140708233464912, 140708233464912, 140708233464912, 140708233464912, 140708233464912, 140708233464912]",1945,2c038db807502f89e5337a861423cbbcd7fc1bcfcc183d96e65a71ff8b92a25f,2,17,140708233464912,140708233464912,B2_A_B_repeat_1
True,True,d59b0160:o0:d24:B_flip_ud,140708652525840,"[140708652525840, 140708652525840, 140708652525840, 140708652525840, 140708652525840, 140708652525840, 140708652525840, 140708652525840, 140708652525840, 140708652525840, 140708652525840, 140708652525840, 140708652525840, 140708652525840, 140708652525840, 140708652525840, 140708652525840]",1945,178f65ef1d2396e2cbd1097995f50ab4a5783e6f86e77f9dc9f02111e9c18cbb,2,17,140708652525840,140708652525840,B2_A_B_repeat_1
True,True,d59b0160:o0:d24:A_identity,140708233464912,"[140708233464912, 140708233464912, 140708233464912, 140708233464912, 140708233464912, 140708233464912, 140708233464912, 140708233464912, 140708233464912, 140708233464912, 140708233464912, 140708233464912, 140708233464912, 140708233464912, 140708233464912, 140708233464912, 140708233464912, 140708233464912]",1946,9eaaab6e3dadf41d273b140218c190c0c15fe42de600b5c945dd4bd5dd3e12cb,2,18,140708233464912,140708233464912,B2_A_B_repeat_1
True,True,d59b0160:o0:d24:B_flip_ud,140708652525840,"[140708652525840, 140708652525840, 140708652525840, 140708652525840, 140708652525840, 140708652525840, 140708652525840, 140708652525840, 140708652525840, 140708652525840, 140708652525840, 140708652525840, 140708652525840, 140708652525840, 140708652525840, 140708652525840, 140708652525840, 140708652525840]",1946,6c5db916c795de711dab79effa094b840d80998d3a1deecf2b160a706c8ae14e,2,18,140708652525840,140708652525840,B2_A_B_repeat_1
True,True,d59b0160:o0:d24:A_identity,140708233464912,"[140708233464912, 140708233464912, 140708233464912, 140708233464912, 140708233464912, 140708233464912, 140708233464912, 140708233464912, 140708233464912, 140708233464912, 140708233464912, 140708233464912, 140708233464912, 140708233464912, 140708233464912, 140708233464912, 140708233464912, 140708233464912, 140708233464912]",1947,4570108ba21f3a9cf583d7a9e5dff8cd4d302f1f42caa507cba3f3427e4df9ad,2,19,140708233464912,140708233464912,B2_A_B_repeat_1
True,True,d59b0160:o0:d24:B_flip_ud,140708652525840,"[140708652525840, 140708652525840, 140708652525840, 140708652525840, 140708652525840, 140708652525840, 140708652525840, 140708652525840, 140708652525840, 140708652525840, 140708652525840, 140708652525840, 140708652525840, 140708652525840, 140708652525840, 140708652525840, 140708652525840, 140708652525840, 140708652525840]",1947,c3cae0d782d9f97ce7b227c2f1b3e7d0ec520d1baaa3e152a785c5d0ad231075,2,19,140708652525840,140708652525840,B2_A_B_repeat_1
True,True,d59b0160:o0:d24:A_identity,140708233464912,"[140708233464912, 140708233464912, 140708233464912, 140708233464912, 140708233464912, 140708233464912, 140708233464912, 140708233464912, 140708233464912, 140708233464912, 140708233464912, 140708233464912, 140708233464912, 140708233464912, 140708233464912, 140708233464912, 140708233464912, 140708233464912, 140708233464912, 140708233464912]",1948,e067ebc91a9ac8104913db2d0b69ee1165715423a49b1fb9cb5401525b55ec51,2,20,140708233464912,140708233464912,B2_A_B_repeat_1
True,True,d59b0160:o0:d24:B_flip_ud,140708652525840,"[140708652525840, 140708652525840, 140708652525840, 140708652525840, 140708652525840, 140708652525840, 140708652525840, 140708652525840, 140708652525840, 140708652525840, 140708652525840, 140708652525840, 140708652525840, 140708652525840, 140708652525840, 140708652525840, 140708652525840, 140708652525840, 140708652525840, 140708652525840]",1948,a91454aed90505ec10d2bb4fc12b7c0c4de1ab6cb7ac701a95ed7f8a9a3f01b7,2,20,140708652525840,140708652525840,B2_A_B_repeat_1
True,True,d59b0160:o0:d24:A_identity,140708233464912,"[140708233464912, 140708233464912, 140708233464912, 140708233464912, 140708233464912, 140708233464912, 140708233464912, 140708233464912, 140708233464912, 140708233464912, 140708233464912, 140708233464912, 140708233464912, 140708233464912, 140708233464912, 140708233464912, 140708233464912, 140708233464912, 140708233464912, 140708233464912, 140708233464912]",1949,721d99d8062bad0a4ee12154172c9617dc96580afb16f3a071eeea372b491be3,2,21,140708233464912,140708233464912,B2_A_B_repeat_1
True,True,d59b0160:o0:d24:B_flip_ud,140708652525840,"[140708652525840, 140708652525840, 140708652525840, 140708652525840, 140708652525840, 140708652525840, 140708652525840, 140708652525840, 140708652525840, 140708652525840, 140708652525840, 140708652525840, 140708652525840, 140708652525840, 140708652525840, 140708652525840, 140708652525840, 140708652525840, 140708652525840, 140708652525840, 140708652525840]",1949,5fffc7859dbdf62f526c1e0bccf20719dc12c099599fe4366826422ad3841128,2,21,140708652525840,140708652525840,B2_A_B_repeat_1
True,True,d59b0160:o0:d24:A_identity,140708233464912,"[140708233464912, 140708233464912, 140708233464912, 140708233464912, 140708233464912, 140708233464912, 140708233464912, 140708233464912, 140708233464912, 140708233464912, 140708233464912, 140708233464912, 140708233464912, 140708233464912, 140708233464912, 140708233464912, 140708233464912, 140708233464912, 140708233464912, 140708233464912, 140708233464912, 140708233464912]",1950,b8c8d14caa4273f3e37142d30599aeabe39bac1f6893e17ccdd460f03188c3e2,2,22,140708233464912,140708233464912,B2_A_B_repeat_1
True,True,d59b0160:o0:d24:B_flip_ud,140708652525840,"[140708652525840, 140708652525840, 140708652525840, 140708652525840, 140708652525840, 140708652525840, 140708652525840, 140708652525840, 140708652525840, 140708652525840, 140708652525840, 140708652525840, 140708652525840, 140708652525840, 140708652525840, 140708652525840, 140708652525840, 140708652525840, 140708652525840, 140708652525840, 140708652525840, 140708652525840]",1950,a83d754fe2225b001c65c07597f94e542af88631db6c9b35f6d2c22a374eb34f,2,22,140708652525840,140708652525840,B2_A_B_repeat_1
True,True,d59b0160:o0:d24:A_identity,140708233464912,"[140708233464912, 140708233464912, 140708233464912, 140708233464912, 140708233464912, 140708233464912, 140708233464912, 140708233464912, 140708233464912, 140708233464912, 140708233464912, 140708233464912, 140708233464912, 140708233464912, 140708233464912, 140708233464912, 140708233464912, 140708233464912, 140708233464912, 140708233464912, 140708233464912, 140708233464912, 140708233464912]",1951,8b28ec0189db54ec3a9d478c6ba576038f339f5e64afc433b4d23e63f8e8d302,2,23,140708233464912,140708233464912,B2_A_B_repeat_1
True,True,d59b0160:o0:d24:B_flip_ud,140708652525840,"[140708652525840, 140708652525840, 140708652525840, 140708652525840, 140708652525840, 140708652525840, 140708652525840, 140708652525840, 140708652525840, 140708652525840, 140708652525840, 140708652525840, 140708652525840, 140708652525840, 140708652525840, 140708652525840, 140708652525840, 140708652525840, 140708652525840, 140708652525840, 140708652525840, 140708652525840, 140708652525840]",1951,f2d2acd395f440e4883cd6358d35062a3f255cf7a77049a87eba6cd5f27d00de,2,23,140708652525840,140708652525840,B2_A_B_repeat_1
True,True,d59b0160:o0:d24:A_identity,140708233464912,"[140708233464912, 140708233464912, 140708233464912, 140708233464912, 140708233464912, 140708233464912, 140708233464912, 140708233464912, 140708233464912, 140708233464912, 140708233464912, 140708233464912, 140708233464912, 140708233464912, 140708233464912, 140708233464912, 140708233464912, 140708233464912, 140708233464912, 140708233464912, 140708233464912, 140708233464912, 140708233464912, 140708233464912]",1952,238ed0596b179aabb377f99ee176e52a403d0c788863207a1c68422a4441b476,2,24,140708233464912,140708233464912,B2_A_B_repeat_1
True,True,d59b0160:o0:d24:B_flip_ud,140708652525840,"[140708652525840, 140708652525840, 140708652525840, 140708652525840, 140708652525840, 140708652525840, 140708652525840, 140708652525840, 140708652525840, 140708652525840, 140708652525840, 140708652525840, 140708652525840, 140708652525840, 140708652525840, 140708652525840, 140708652525840, 140708652525840, 140708652525840, 140708652525840, 140708652525840, 140708652525840, 140708652525840, 140708652525840]",1952,ce8d7875fc1f646971062bc4502a3a16dbf7d253496836bb422a858126bdc7f1,2,24,140708652525840,140708652525840,B2_A_B_repeat_1
True,True,d59b0160:o0:d24:A_identity,140708233464912,"[140708233464912, 140708233464912, 140708233464912, 140708233464912, 140708233464912, 140708233464912, 140708233464912, 140708233464912, 140708233464912, 140708233464912, 140708233464912, 140708233464912, 140708233464912, 140708233464912, 140708233464912, 140708233464912, 140708233464912, 140708233464912, 140708233464912, 140708233464912, 140708233464912, 140708233464912, 140708233464912, 140708233464912, 140708233464912]",1953,dcea54b3a6180b16b3f32bbdcac597a6c4660aa2556cfb347b36943b0623413f,2,25,140708233464912,140708233464912,B2_A_B_repeat_1
True,True,d59b0160:o0:d24:B_flip_ud,140708652525840,"[140708652525840, 140708652525840, 140708652525840, 140708652525840, 140708652525840, 140708652525840, 140708652525840, 140708652525840, 140708652525840, 140708652525840, 140708652525840, 140708652525840, 140708652525840, 140708652525840, 140708652525840, 140708652525840, 140708652525840, 140708652525840, 140708652525840, 140708652525840, 140708652525840, 140708652525840, 140708652525840, 140708652525840, 140708652525840]",1953,058c6d319bdbbb557b553a431d89c98cbdf53956593e44d2eb452ad777500ec6,2,25,140708652525840,140708652525840,B2_A_B_repeat_1
True,True,d59b0160:o0:d24:A_identity,140708233464912,"[140708233464912, 140708233464912, 140708233464912, 140708233464912, 140708233464912, 140708233464912, 140708233464912, 140708233464912, 140708233464912, 140708233464912, 140708233464912, 140708233464912, 140708233464912, 140708233464912, 140708233464912, 140708233464912, 140708233464912, 140708233464912, 140708233464912, 140708233464912, 140708233464912, 140708233464912, 140708233464912, 140708233464912, 140708233464912, 140708233464912]",1954,11331db1560c48a71e8bf2f899bfcbc7cf8b3fc7eec33771f8818dcb092764bf,2,26,140708233464912,140708233464912,B2_A_B_repeat_1
True,True,d59b0160:o0:d24:B_flip_ud,140708652525840,"[140708652525840, 140708652525840, 140708652525840, 140708652525840, 140708652525840, 140708652525840, 140708652525840, 140708652525840, 140708652525840, 140708652525840, 140708652525840, 140708652525840, 140708652525840, 140708652525840, 140708652525840, 140708652525840, 140708652525840, 140708652525840, 140708652525840, 140708652525840, 140708652525840, 140708652525840, 140708652525840, 140708652525840, 140708652525840, 140708652525840]",1954,ca3f52dd5b0d6f4f9856530263baa296f748295ff99c3f6a5fd00a0117fde210,2,26,140708652525840,140708652525840,B2_A_B_repeat_1
True,True,d59b0160:o0:d24:A_identity,140708233464912,"[140708233464912, 140708233464912, 140708233464912, 140708233464912, 140708233464912, 140708233464912, 140708233464912, 140708233464912, 140708233464912, 140708233464912, 140708233464912, 140708233464912, 140708233464912, 140708233464912, 140708233464912, 140708233464912, 140708233464912, 140708233464912, 140708233464912, 140708233464912, 140708233464912, 140708233464912, 140708233464912, 140708233464912, 140708233464912, 140708233464912, 140708233464912]",1955,7a78a0f53397a2736a535d9091c76f36a8fe538e76ff98c19ea95730f37db323,2,27,140708233464912,140708233464912,B2_A_B_repeat_1
True,True,d59b0160:o0:d24:B_flip_ud,140708652525840,"[140708652525840, 140708652525840, 140708652525840, 140708652525840, 140708652525840, 140708652525840, 140708652525840, 140708652525840, 140708652525840, 140708652525840, 140708652525840, 140708652525840, 140708652525840, 140708652525840, 140708652525840, 140708652525840, 140708652525840, 140708652525840, 140708652525840, 140708652525840, 140708652525840, 140708652525840, 140708652525840, 140708652525840, 140708652525840, 140708652525840, 140708652525840]",1955,ccabae1ca13ca3c33719bc3610c07c8ca27270a9620689334c011560f53a73f3,2,27,140708652525840,140708652525840,B2_A_B_repeat_1
True,True,d59b0160:o0:d24:A_identity,140708233464912,"[140708233464912, 140708233464912, 140708233464912, 140708233464912, 140708233464912, 140708233464912, 140708233464912, 140708233464912, 140708233464912, 140708233464912, 140708233464912, 140708233464912, 140708233464912, 140708233464912, 140708233464912, 140708233464912, 140708233464912, 140708233464912, 140708233464912, 140708233464912, 140708233464912, 140708233464912, 140708233464912, 140708233464912, 140708233464912, 140708233464912, 140708233464912, 140708233464912]",1956,6ae49b797b4b8d99cc24523b95d63dc1544e0cabba0fe18c399ae57afef58c75,2,28,140708233464912,140708233464912,B2_A_B_repeat_1
True,True,d59b0160:o0:d24:B_flip_ud,140708652525840,"[140708652525840, 140708652525840, 140708652525840, 140708652525840, 140708652525840, 140708652525840, 140708652525840, 140708652525840, 140708652525840, 140708652525840, 140708652525840, 140708652525840, 140708652525840, 140708652525840, 140708652525840, 140708652525840, 140708652525840, 140708652525840, 140708652525840, 140708652525840, 140708652525840, 140708652525840, 140708652525840, 140708652525840, 140708652525840, 140708652525840, 140708652525840, 140708652525840]",1956,70191931bebd9dd8d3571f000614932e977aa861d1f62c2bd2fd4e207d59d7a6,2,28,140708652525840,140708652525840,B2_A_B_repeat_1
True,True,d59b0160:o0:d24:A_identity,140708233464912,"[140708233464912, 140708233464912, 140708233464912, 140708233464912, 140708233464912, 140708233464912, 140708233464912, 140708233464912, 140708233464912, 140708233464912, 140708233464912, 140708233464912, 140708233464912, 140708233464912, 140708233464912, 140708233464912, 140708233464912, 140708233464912, 140708233464912, 140708233464912, 140708233464912, 140708233464912, 140708233464912, 140708233464912, 140708233464912, 140708233464912, 140708233464912, 140708233464912, 140708233464912]",1957,a42c78fb8f0c8d9975d9ae5ee484dddc3529553493af94a36d794ca9597d3785,2,29,140708233464912,140708233464912,B2_A_B_repeat_1
True,True,d59b0160:o0:d24:B_flip_ud,140708652525840,"[140708652525840, 140708652525840, 140708652525840, 140708652525840, 140708652525840, 140708652525840, 140708652525840, 140708652525840, 140708652525840, 140708652525840, 140708652525840, 140708652525840, 140708652525840, 140708652525840, 140708652525840, 140708652525840, 140708652525840, 140708652525840, 140708652525840, 140708652525840, 140708652525840, 140708652525840, 140708652525840, 140708652525840, 140708652525840, 140708652525840, 140708652525840, 140708652525840, 140708652525840]",1957,f71257910bde6a09d94d4065d25d73ad4343025e3031cb7292d3a933cb6d8e02,2,29,140708652525840,140708652525840,B2_A_B_repeat_1
True,True,d59b0160:o0:d24:A_identity,140708233464912,"[140708233464912, 140708233464912, 140708233464912, 140708233464912, 140708233464912, 140708233464912, 140708233464912, 140708233464912, 140708233464912, 140708233464912, 140708233464912, 140708233464912, 140708233464912, 140708233464912, 140708233464912, 140708233464912, 140708233464912, 140708233464912, 140708233464912, 140708233464912, 140708233464912, 140708233464912, 140708233464912, 140708233464912, 140708233464912, 140708233464912, 140708233464912, 140708233464912, 140708233464912, 140708233464912]",1958,ef17fd32fb4f42aa9ba1ba5daf23ed0f5afc12e4d0b64ccd280f90fd892aafca,2,30,140708233464912,140708233464912,B2_A_B_repeat_1
True,True,d59b0160:o0:d24:B_flip_ud,140708652525840,"[140708652525840, 140708652525840, 140708652525840, 140708652525840, 140708652525840, 140708652525840, 140708652525840, 140708652525840, 140708652525840, 140708652525840, 140708652525840, 140708652525840, 140708652525840, 140708652525840, 140708652525840, 140708652525840, 140708652525840, 140708652525840, 140708652525840, 140708652525840, 140708652525840, 140708652525840, 140708652525840, 140708652525840, 140708652525840, 140708652525840, 140708652525840, 140708652525840, 140708652525840, 140708652525840]",1958,7f56da1ea2427aac96c3e181855a6e8b6ec42cf6d349950804f01c9e6f3bc9f2,2,30,140708652525840,140708652525840,B2_A_B_repeat_1
True,True,d59b0160:o0:d24:A_identity,140708233464912,"[140708233464912, 140708233464912, 140708233464912, 140708233464912, 140708233464912, 140708233464912, 140708233464912, 140708233464912, 140708233464912, 140708233464912, 140708233464912, 140708233464912, 140708233464912, 140708233464912, 140708233464912, 140708233464912, 140708233464912, 140708233464912, 140708233464912, 140708233464912, 140708233464912, 140708233464912, 140708233464912, 140708233464912, 140708233464912, 140708233464912, 140708233464912, 140708233464912, 140708233464912, 140708233464912, 140708233464912]",1959,656b554b060e094392846d5162f7af4c9b422fad6522fc0d09edfaf70ca33cc4,2,31,140708233464912,140708233464912,B2_A_B_repeat_1
True,True,d59b0160:o0:d24:B_flip_ud,140708652525840,"[140708652525840, 140708652525840, 140708652525840, 140708652525840, 140708652525840, 140708652525840, 140708652525840, 140708652525840, 140708652525840, 140708652525840, 140708652525840, 140708652525840, 140708652525840, 140708652525840, 140708652525840, 140708652525840, 140708652525840, 140708652525840, 140708652525840, 140708652525840, 140708652525840, 140708652525840, 140708652525840, 140708652525840, 140708652525840, 140708652525840, 140708652525840, 140708652525840, 140708652525840, 140708652525840, 140708652525840]",1959,e0aa7e3322dc7b8fd2025b79e27cfbe610db98c31258d15c6b5ba1da5d296583,2,31,140708652525840,140708652525840,B2_A_B_repeat_1
True,True,d59b0160:o0:d24:A_identity,140708233464912,"[140708233464912, 140708233464912, 140708233464912, 140708233464912, 140708233464912, 140708233464912, 140708233464912, 140708233464912, 140708233464912, 140708233464912, 140708233464912, 140708233464912, 140708233464912, 140708233464912, 140708233464912, 140708233464912, 140708233464912, 140708233464912, 140708233464912, 140708233464912, 140708233464912, 140708233464912, 140708233464912, 140708233464912, 140708233464912, 140708233464912, 140708233464912, 140708233464912, 140708233464912, 140708233464912, 140708233464912, 140708233464912]",1960,4a21e94f4f0097f142beea5bf177524f5801cc00aa261e27b1b937203a80e5b0,2,32,140708233464912,140708233464912,B2_A_B_repeat_1
True,True,d59b0160:o0:d24:B_flip_ud,140708652525840,"[140708652525840, 140708652525840, 140708652525840, 140708652525840, 140708652525840, 140708652525840, 140708652525840, 140708652525840, 140708652525840, 140708652525840, 140708652525840, 140708652525840, 140708652525840, 140708652525840, 140708652525840, 140708652525840, 140708652525840, 140708652525840, 140708652525840, 140708652525840, 140708652525840, 140708652525840, 140708652525840, 140708652525840, 140708652525840, 140708652525840, 140708652525840, 140708652525840, 140708652525840, 140708652525840, 140708652525840, 140708652525840]",1960,4a32571a76ab124d56b43945d80bee482b4ea51700214a38bfd9f6641bef27a0,2,32,140708652525840,140708652525840,B2_A_B_repeat_1
True,True,d59b0160:o0:d24:A_identity,140708652809872,[140708652809872],1929,9c0a54ec7a22b5d37fa8912abdc5d1f8b7d18c83e3ea66a3476ec993d05ded82,2,1,140708652809872,140708652809872,B2_A_B_repeat_2
True,True,d59b0160:o0:d24:B_flip_ud,140708634608016,[140708634608016],1929,38162eafa3fa0aca7f92aefda0dde3b3c05a2384cfc366b0d8cc78f8663fe9b0,2,1,140708634608016,140708634608016,B2_A_B_repeat_2
True,True,d59b0160:o0:d24:A_identity,140708652809872,"[140708652809872, 140708652809872]",1930,2d6a7bf75e2360e67f76200881ca2bf4144651e719bb593cb43936dd0332831b,2,2,140708652809872,140708652809872,B2_A_B_repeat_2
True,True,d59b0160:o0:d24:B_flip_ud,140708634608016,"[140708634608016, 140708634608016]",1930,f6bdaf3158c8d5cff014f36d70f2509305eaa35ed31bf1fb673c0d18b6656e13,2,2,140708634608016,140708634608016,B2_A_B_repeat_2
True,True,d59b0160:o0:d24:A_identity,140708652809872,"[140708652809872, 140708652809872, 140708652809872]",1931,466bb29716c3bf8a8d8761069d9cf49a879181b5cc2e35c34bd4739849c57176,2,3,140708652809872,140708652809872,B2_A_B_repeat_2
True,True,d59b0160:o0:d24:B_flip_ud,140708634608016,"[140708634608016, 140708634608016, 140708634608016]",1931,151e037a5a48f2bd6f8b50396aabadf30eb664f49580378720665f68fbcbbf58,2,3,140708634608016,140708634608016,B2_A_B_repeat_2
True,True,d59b0160:o0:d24:A_identity,140708652809872,"[140708652809872, 140708652809872, 140708652809872, 140708652809872]",1932,f81fd63402a1bf91d0614d03c3b86070bef1b24165022f28bd144921ce6f4918,2,4,140708652809872,140708652809872,B2_A_B_repeat_2
True,True,d59b0160:o0:d24:B_flip_ud,140708634608016,"[140708634608016, 140708634608016, 140708634608016, 140708634608016]",1932,1b58f0e1dec9297aacf8e34cce97f499d8f3ffac3de3d574714c65f4f969e59f,2,4,140708634608016,140708634608016,B2_A_B_repeat_2
True,True,d59b0160:o0:d24:A_identity,140708652809872,"[140708652809872, 140708652809872, 140708652809872, 140708652809872, 140708652809872]",1933,c9819b5a0f45bf1957b17671527c73e08f85482746ad3997c21c90e0f2184048,2,5,140708652809872,140708652809872,B2_A_B_repeat_2
True,True,d59b0160:o0:d24:B_flip_ud,140708634608016,"[140708634608016, 140708634608016, 140708634608016, 140708634608016, 140708634608016]",1933,9733b2df837377fe7a7cb29573dba729a5010d3ea1057086ae5085ae47ee3d03,2,5,140708634608016,140708634608016,B2_A_B_repeat_2
True,True,d59b0160:o0:d24:A_identity,140708652809872,"[140708652809872, 140708652809872, 140708652809872, 140708652809872, 140708652809872, 140708652809872]",1934,ed7fa7917242decfac525fd778f638ffbaf0c8e9413f8689cf8315b0c07f2411,2,6,140708652809872,140708652809872,B2_A_B_repeat_2
True,True,d59b0160:o0:d24:B_flip_ud,140708634608016,"[140708634608016, 140708634608016, 140708634608016, 140708634608016, 140708634608016, 140708634608016]",1934,f14be4dd6aca8ad46aba2d768ede95260e311840d9dafcbf32644f9f0e4a35f7,2,6,140708634608016,140708634608016,B2_A_B_repeat_2
True,True,d59b0160:o0:d24:A_identity,140708652809872,"[140708652809872, 140708652809872, 140708652809872, 140708652809872, 140708652809872, 140708652809872, 140708652809872]",1935,a9d7532e7206698b51a1ab7a3464736104f479b1a3647e75fe30bdd58adf835f,2,7,140708652809872,140708652809872,B2_A_B_repeat_2
True,True,d59b0160:o0:d24:B_flip_ud,140708634608016,"[140708634608016, 140708634608016, 140708634608016, 140708634608016, 140708634608016, 140708634608016, 140708634608016]",1935,ed58cb39038044a4d86a3e312dc13bd34dd699ba0655ae18024a2caf677763e2,2,7,140708634608016,140708634608016,B2_A_B_repeat_2
True,True,d59b0160:o0:d24:A_identity,140708652809872,"[140708652809872, 140708652809872, 140708652809872, 140708652809872, 140708652809872, 140708652809872, 140708652809872, 140708652809872]",1936,437a1b040ab2abe1a7de700d3d4d5763323d5d12fc7f5c94cbef8d0df0678d55,2,8,140708652809872,140708652809872,B2_A_B_repeat_2
True,True,d59b0160:o0:d24:B_flip_ud,140708634608016,"[140708634608016, 140708634608016, 140708634608016, 140708634608016, 140708634608016, 140708634608016, 140708634608016, 140708634608016]",1936,e8cd907585354b8495b50830bdd83083e844915051e1fc7dc2ee3a618e4ccfdc,2,8,140708634608016,140708634608016,B2_A_B_repeat_2
True,True,d59b0160:o0:d24:A_identity,140708652809872,"[140708652809872, 140708652809872, 140708652809872, 140708652809872, 140708652809872, 140708652809872, 140708652809872, 140708652809872, 140708652809872]",1937,cc7644c8ca811908ff4ef29d2ae664564b3329757f8f80a4e5cc1f89006ea84a,2,9,140708652809872,140708652809872,B2_A_B_repeat_2
True,True,d59b0160:o0:d24:B_flip_ud,140708634608016,"[140708634608016, 140708634608016, 140708634608016, 140708634608016, 140708634608016, 140708634608016, 140708634608016, 140708634608016, 140708634608016]",1937,326f603cbe128fbf829950087be51a303e50e18c3876a7f668e74249d947e61f,2,9,140708634608016,140708634608016,B2_A_B_repeat_2
True,True,d59b0160:o0:d24:A_identity,140708652809872,"[140708652809872, 140708652809872, 140708652809872, 140708652809872, 140708652809872, 140708652809872, 140708652809872, 140708652809872, 140708652809872, 140708652809872]",1938,0eb57dd39c0a6ed0d68d9eecfcd179568923aa952e13882ea0721e9e673a9923,2,10,140708652809872,140708652809872,B2_A_B_repeat_2
True,True,d59b0160:o0:d24:B_flip_ud,140708634608016,"[140708634608016, 140708634608016, 140708634608016, 140708634608016, 140708634608016, 140708634608016, 140708634608016, 140708634608016, 140708634608016, 140708634608016]",1938,d8bc7712bab36be80d468d1feb9107bcca3c674ae59bedaa47a255abde5458cf,2,10,140708634608016,140708634608016,B2_A_B_repeat_2
True,True,d59b0160:o0:d24:A_identity,140708652809872,"[140708652809872, 140708652809872, 140708652809872, 140708652809872, 140708652809872, 140708652809872, 140708652809872, 140708652809872, 140708652809872, 140708652809872, 140708652809872]",1939,445b6e24413f63ab005e5854f9e20cf93babd21dc5adf99ee3a37694460102ed,2,11,140708652809872,140708652809872,B2_A_B_repeat_2
True,True,d59b0160:o0:d24:B_flip_ud,140708634608016,"[140708634608016, 140708634608016, 140708634608016, 140708634608016, 140708634608016, 140708634608016, 140708634608016, 140708634608016, 140708634608016, 140708634608016, 140708634608016]",1939,57ff6ac1d583ea1b26bbe752b0b37e486104120f5c63b1f19aa9ca4341e663a4,2,11,140708634608016,140708634608016,B2_A_B_repeat_2
True,True,d59b0160:o0:d24:A_identity,140708652809872,"[140708652809872, 140708652809872, 140708652809872, 140708652809872, 140708652809872, 140708652809872, 140708652809872, 140708652809872, 140708652809872, 140708652809872, 140708652809872, 140708652809872]",1940,68a51a1b4db3084db809e78c60271a0d6369cfd97344df9d6dd32e6199c2248a,2,12,140708652809872,140708652809872,B2_A_B_repeat_2
True,True,d59b0160:o0:d24:B_flip_ud,140708634608016,"[140708634608016, 140708634608016, 140708634608016, 140708634608016, 140708634608016, 140708634608016, 140708634608016, 140708634608016, 140708634608016, 140708634608016, 140708634608016, 140708634608016]",1940,6960508a261da899aae28662878c4a2ad228a482a74fc97655bf7bdad10356d8,2,12,140708634608016,140708634608016,B2_A_B_repeat_2
True,True,d59b0160:o0:d24:A_identity,140708652809872,"[140708652809872, 140708652809872, 140708652809872, 140708652809872, 140708652809872, 140708652809872, 140708652809872, 140708652809872, 140708652809872, 140708652809872, 140708652809872, 140708652809872, 140708652809872]",1941,d5d6cf8e51b627c07db3710d47dae93cdd0538ef5295feb854300a273249cb55,2,13,140708652809872,140708652809872,B2_A_B_repeat_2
True,True,d59b0160:o0:d24:B_flip_ud,140708634608016,"[140708634608016, 140708634608016, 140708634608016, 140708634608016, 140708634608016, 140708634608016, 140708634608016, 140708634608016, 140708634608016, 140708634608016, 140708634608016, 140708634608016, 140708634608016]",1941,6dee25df8ccc71f14edbdf18e32946c68a6e5fa8b090cef00d43acfd317c7efc,2,13,140708634608016,140708634608016,B2_A_B_repeat_2
True,True,d59b0160:o0:d24:A_identity,140708652809872,"[140708652809872, 140708652809872, 140708652809872, 140708652809872, 140708652809872, 140708652809872, 140708652809872, 140708652809872, 140708652809872, 140708652809872, 140708652809872, 140708652809872, 140708652809872, 140708652809872]",1942,4acf89728d6864103fc7bdd279fac5316fa35e823b8ef793b6270c928e6e0528,2,14,140708652809872,140708652809872,B2_A_B_repeat_2
True,True,d59b0160:o0:d24:B_flip_ud,140708634608016,"[140708634608016, 140708634608016, 140708634608016, 140708634608016, 140708634608016, 140708634608016, 140708634608016, 140708634608016, 140708634608016, 140708634608016, 140708634608016, 140708634608016, 140708634608016, 140708634608016]",1942,5e98c4711f04b7592c9582298444edb92e67df47b79be09ec2069e04671884e9,2,14,140708634608016,140708634608016,B2_A_B_repeat_2
True,True,d59b0160:o0:d24:A_identity,140708652809872,"[140708652809872, 140708652809872, 140708652809872, 140708652809872, 140708652809872, 140708652809872, 140708652809872, 140708652809872, 140708652809872, 140708652809872, 140708652809872, 140708652809872, 140708652809872, 140708652809872, 140708652809872]",1943,2f707fe91399947249b268a2e39942d5a4594bdd124e7f4f6547a44989d02545,2,15,140708652809872,140708652809872,B2_A_B_repeat_2
True,True,d59b0160:o0:d24:B_flip_ud,140708634608016,"[140708634608016, 140708634608016, 140708634608016, 140708634608016, 140708634608016, 140708634608016, 140708634608016, 140708634608016, 140708634608016, 140708634608016, 140708634608016, 140708634608016, 140708634608016, 140708634608016, 140708634608016]",1943,43e7bad6079edb4f9bf5aff5000ff16bac9e110d7bc0a3d8c047780a20ea7314,2,15,140708634608016,140708634608016,B2_A_B_repeat_2
True,True,d59b0160:o0:d24:A_identity,140708652809872,"[140708652809872, 140708652809872, 140708652809872, 140708652809872, 140708652809872, 140708652809872, 140708652809872, 140708652809872, 140708652809872, 140708652809872, 140708652809872, 140708652809872, 140708652809872, 140708652809872, 140708652809872, 140708652809872]",1944,b26483c35ac93d2b168ff5c2bb83340015518abc7a46358651d9309a9a1b0f60,2,16,140708652809872,140708652809872,B2_A_B_repeat_2
True,True,d59b0160:o0:d24:B_flip_ud,140708634608016,"[140708634608016, 140708634608016, 140708634608016, 140708634608016, 140708634608016, 140708634608016, 140708634608016, 140708634608016, 140708634608016, 140708634608016, 140708634608016, 140708634608016, 140708634608016, 140708634608016, 140708634608016, 140708634608016]",1944,5fc794b9d1fb820185023100a4b9fdd31ba514f3a53fb259ded33759272a55e6,2,16,140708634608016,140708634608016,B2_A_B_repeat_2
True,True,d59b0160:o0:d24:A_identity,140708652809872,"[140708652809872, 140708652809872, 140708652809872, 140708652809872, 140708652809872, 140708652809872, 140708652809872, 140708652809872, 140708652809872, 140708652809872, 140708652809872, 140708652809872, 140708652809872, 140708652809872, 140708652809872, 140708652809872, 140708652809872]",1945,2c038db807502f89e5337a861423cbbcd7fc1bcfcc183d96e65a71ff8b92a25f,2,17,140708652809872,140708652809872,B2_A_B_repeat_2
True,True,d59b0160:o0:d24:B_flip_ud,140708634608016,"[140708634608016, 140708634608016, 140708634608016, 140708634608016, 140708634608016, 140708634608016, 140708634608016, 140708634608016, 140708634608016, 140708634608016, 140708634608016, 140708634608016, 140708634608016, 140708634608016, 140708634608016, 140708634608016, 140708634608016]",1945,178f65ef1d2396e2cbd1097995f50ab4a5783e6f86e77f9dc9f02111e9c18cbb,2,17,140708634608016,140708634608016,B2_A_B_repeat_2
True,True,d59b0160:o0:d24:A_identity,140708652809872,"[140708652809872, 140708652809872, 140708652809872, 140708652809872, 140708652809872, 140708652809872, 140708652809872, 140708652809872, 140708652809872, 140708652809872, 140708652809872, 140708652809872, 140708652809872, 140708652809872, 140708652809872, 140708652809872, 140708652809872, 140708652809872]",1946,9eaaab6e3dadf41d273b140218c190c0c15fe42de600b5c945dd4bd5dd3e12cb,2,18,140708652809872,140708652809872,B2_A_B_repeat_2
True,True,d59b0160:o0:d24:B_flip_ud,140708634608016,"[140708634608016, 140708634608016, 140708634608016, 140708634608016, 140708634608016, 140708634608016, 140708634608016, 140708634608016, 140708634608016, 140708634608016, 140708634608016, 140708634608016, 140708634608016, 140708634608016, 140708634608016, 140708634608016, 140708634608016, 140708634608016]",1946,6c5db916c795de711dab79effa094b840d80998d3a1deecf2b160a706c8ae14e,2,18,140708634608016,140708634608016,B2_A_B_repeat_2
True,True,d59b0160:o0:d24:A_identity,140708652809872,"[140708652809872, 140708652809872, 140708652809872, 140708652809872, 140708652809872, 140708652809872, 140708652809872, 140708652809872, 140708652809872, 140708652809872, 140708652809872, 140708652809872, 140708652809872, 140708652809872, 140708652809872, 140708652809872, 140708652809872, 140708652809872, 140708652809872]",1947,4570108ba21f3a9cf583d7a9e5dff8cd4d302f1f42caa507cba3f3427e4df9ad,2,19,140708652809872,140708652809872,B2_A_B_repeat_2
True,True,d59b0160:o0:d24:B_flip_ud,140708634608016,"[140708634608016, 140708634608016, 140708634608016, 140708634608016, 140708634608016, 140708634608016, 140708634608016, 140708634608016, 140708634608016, 140708634608016, 140708634608016, 140708634608016, 140708634608016, 140708634608016, 140708634608016, 140708634608016, 140708634608016, 140708634608016, 140708634608016]",1947,c3cae0d782d9f97ce7b227c2f1b3e7d0ec520d1baaa3e152a785c5d0ad231075,2,19,140708634608016,140708634608016,B2_A_B_repeat_2
True,True,d59b0160:o0:d24:A_identity,140708652809872,"[140708652809872, 140708652809872, 140708652809872, 140708652809872, 140708652809872, 140708652809872, 140708652809872, 140708652809872, 140708652809872, 140708652809872, 140708652809872, 140708652809872, 140708652809872, 140708652809872, 140708652809872, 140708652809872, 140708652809872, 140708652809872, 140708652809872, 140708652809872]",1948,e067ebc91a9ac8104913db2d0b69ee1165715423a49b1fb9cb5401525b55ec51,2,20,140708652809872,140708652809872,B2_A_B_repeat_2
True,True,d59b0160:o0:d24:B_flip_ud,140708634608016,"[140708634608016, 140708634608016, 140708634608016, 140708634608016, 140708634608016, 140708634608016, 140708634608016, 140708634608016, 140708634608016, 140708634608016, 140708634608016, 140708634608016, 140708634608016, 140708634608016, 140708634608016, 140708634608016, 140708634608016, 140708634608016, 140708634608016, 140708634608016]",1948,a91454aed90505ec10d2bb4fc12b7c0c4de1ab6cb7ac701a95ed7f8a9a3f01b7,2,20,140708634608016,140708634608016,B2_A_B_repeat_2
True,True,d59b0160:o0:d24:A_identity,140708652809872,"[140708652809872, 140708652809872, 140708652809872, 140708652809872, 140708652809872, 140708652809872, 140708652809872, 140708652809872, 140708652809872, 140708652809872, 140708652809872, 140708652809872, 140708652809872, 140708652809872, 140708652809872, 140708652809872, 140708652809872, 140708652809872, 140708652809872, 140708652809872, 140708652809872]",1949,721d99d8062bad0a4ee12154172c9617dc96580afb16f3a071eeea372b491be3,2,21,140708652809872,140708652809872,B2_A_B_repeat_2
True,True,d59b0160:o0:d24:B_flip_ud,140708634608016,"[140708634608016, 140708634608016, 140708634608016, 140708634608016, 140708634608016, 140708634608016, 140708634608016, 140708634608016, 140708634608016, 140708634608016, 140708634608016, 140708634608016, 140708634608016, 140708634608016, 140708634608016, 140708634608016, 140708634608016, 140708634608016, 140708634608016, 140708634608016, 140708634608016]",1949,5fffc7859dbdf62f526c1e0bccf20719dc12c099599fe4366826422ad3841128,2,21,140708634608016,140708634608016,B2_A_B_repeat_2
True,True,d59b0160:o0:d24:A_identity,140708652809872,"[140708652809872, 140708652809872, 140708652809872, 140708652809872, 140708652809872, 140708652809872, 140708652809872, 140708652809872, 140708652809872, 140708652809872, 140708652809872, 140708652809872, 140708652809872, 140708652809872, 140708652809872, 140708652809872, 140708652809872, 140708652809872, 140708652809872, 140708652809872, 140708652809872, 140708652809872]",1950,b8c8d14caa4273f3e37142d30599aeabe39bac1f6893e17ccdd460f03188c3e2,2,22,140708652809872,140708652809872,B2_A_B_repeat_2
True,True,d59b0160:o0:d24:B_flip_ud,140708634608016,"[140708634608016, 140708634608016, 140708634608016, 140708634608016, 140708634608016, 140708634608016, 140708634608016, 140708634608016, 140708634608016, 140708634608016, 140708634608016, 140708634608016, 140708634608016, 140708634608016, 140708634608016, 140708634608016, 140708634608016, 140708634608016, 140708634608016, 140708634608016, 140708634608016, 140708634608016]",1950,a83d754fe2225b001c65c07597f94e542af88631db6c9b35f6d2c22a374eb34f,2,22,140708634608016,140708634608016,B2_A_B_repeat_2
True,True,d59b0160:o0:d24:A_identity,140708652809872,"[140708652809872, 140708652809872, 140708652809872, 140708652809872, 140708652809872, 140708652809872, 140708652809872, 140708652809872, 140708652809872, 140708652809872, 140708652809872, 140708652809872, 140708652809872, 140708652809872, 140708652809872, 140708652809872, 140708652809872, 140708652809872, 140708652809872, 140708652809872, 140708652809872, 140708652809872, 140708652809872]",1951,8b28ec0189db54ec3a9d478c6ba576038f339f5e64afc433b4d23e63f8e8d302,2,23,140708652809872,140708652809872,B2_A_B_repeat_2
True,True,d59b0160:o0:d24:B_flip_ud,140708634608016,"[140708634608016, 140708634608016, 140708634608016, 140708634608016, 140708634608016, 140708634608016, 140708634608016, 140708634608016, 140708634608016, 140708634608016, 140708634608016, 140708634608016, 140708634608016, 140708634608016, 140708634608016, 140708634608016, 140708634608016, 140708634608016, 140708634608016, 140708634608016, 140708634608016, 140708634608016, 140708634608016]",1951,f2d2acd395f440e4883cd6358d35062a3f255cf7a77049a87eba6cd5f27d00de,2,23,140708634608016,140708634608016,B2_A_B_repeat_2
True,True,d59b0160:o0:d24:A_identity,140708652809872,"[140708652809872, 140708652809872, 140708652809872, 140708652809872, 140708652809872, 140708652809872, 140708652809872, 140708652809872, 140708652809872, 140708652809872, 140708652809872, 140708652809872, 140708652809872, 140708652809872, 140708652809872, 140708652809872, 140708652809872, 140708652809872, 140708652809872, 140708652809872, 140708652809872, 140708652809872, 140708652809872, 140708652809872]",1952,238ed0596b179aabb377f99ee176e52a403d0c788863207a1c68422a4441b476,2,24,140708652809872,140708652809872,B2_A_B_repeat_2
True,True,d59b0160:o0:d24:B_flip_ud,140708634608016,"[140708634608016, 140708634608016, 140708634608016, 140708634608016, 140708634608016, 140708634608016, 140708634608016, 140708634608016, 140708634608016, 140708634608016, 140708634608016, 140708634608016, 140708634608016, 140708634608016, 140708634608016, 140708634608016, 140708634608016, 140708634608016, 140708634608016, 140708634608016, 140708634608016, 140708634608016, 140708634608016, 140708634608016]",1952,ce8d7875fc1f646971062bc4502a3a16dbf7d253496836bb422a858126bdc7f1,2,24,140708634608016,140708634608016,B2_A_B_repeat_2
True,True,d59b0160:o0:d24:A_identity,140708652809872,"[140708652809872, 140708652809872, 140708652809872, 140708652809872, 140708652809872, 140708652809872, 140708652809872, 140708652809872, 140708652809872, 140708652809872, 140708652809872, 140708652809872, 140708652809872, 140708652809872, 140708652809872, 140708652809872, 140708652809872, 140708652809872, 140708652809872, 140708652809872, 140708652809872, 140708652809872, 140708652809872, 140708652809872, 140708652809872]",1953,dcea54b3a6180b16b3f32bbdcac597a6c4660aa2556cfb347b36943b0623413f,2,25,140708652809872,140708652809872,B2_A_B_repeat_2
True,True,d59b0160:o0:d24:B_flip_ud,140708634608016,"[140708634608016, 140708634608016, 140708634608016, 140708634608016, 140708634608016, 140708634608016, 140708634608016, 140708634608016, 140708634608016, 140708634608016, 140708634608016, 140708634608016, 140708634608016, 140708634608016, 140708634608016, 140708634608016, 140708634608016, 140708634608016, 140708634608016, 140708634608016, 140708634608016, 140708634608016, 140708634608016, 140708634608016, 140708634608016]",1953,058c6d319bdbbb557b553a431d89c98cbdf53956593e44d2eb452ad777500ec6,2,25,140708634608016,140708634608016,B2_A_B_repeat_2
True,True,d59b0160:o0:d24:A_identity,140708652809872,"[140708652809872, 140708652809872, 140708652809872, 140708652809872, 140708652809872, 140708652809872, 140708652809872, 140708652809872, 140708652809872, 140708652809872, 140708652809872, 140708652809872, 140708652809872, 140708652809872, 140708652809872, 140708652809872, 140708652809872, 140708652809872, 140708652809872, 140708652809872, 140708652809872, 140708652809872, 140708652809872, 140708652809872, 140708652809872, 140708652809872]",1954,11331db1560c48a71e8bf2f899bfcbc7cf8b3fc7eec33771f8818dcb092764bf,2,26,140708652809872,140708652809872,B2_A_B_repeat_2
True,True,d59b0160:o0:d24:B_flip_ud,140708634608016,"[140708634608016, 140708634608016, 140708634608016, 140708634608016, 140708634608016, 140708634608016, 140708634608016, 140708634608016, 140708634608016, 140708634608016, 140708634608016, 140708634608016, 140708634608016, 140708634608016, 140708634608016, 140708634608016, 140708634608016, 140708634608016, 140708634608016, 140708634608016, 140708634608016, 140708634608016, 140708634608016, 140708634608016, 140708634608016, 140708634608016]",1954,ca3f52dd5b0d6f4f9856530263baa296f748295ff99c3f6a5fd00a0117fde210,2,26,140708634608016,140708634608016,B2_A_B_repeat_2
True,True,d59b0160:o0:d24:A_identity,140708652809872,"[140708652809872, 140708652809872, 140708652809872, 140708652809872, 140708652809872, 140708652809872, 140708652809872, 140708652809872, 140708652809872, 140708652809872, 140708652809872, 140708652809872, 140708652809872, 140708652809872, 140708652809872, 140708652809872, 140708652809872, 140708652809872, 140708652809872, 140708652809872, 140708652809872, 140708652809872, 140708652809872, 140708652809872, 140708652809872, 140708652809872, 140708652809872]",1955,7a78a0f53397a2736a535d9091c76f36a8fe538e76ff98c19ea95730f37db323,2,27,140708652809872,140708652809872,B2_A_B_repeat_2
True,True,d59b0160:o0:d24:B_flip_ud,140708634608016,"[140708634608016, 140708634608016, 140708634608016, 140708634608016, 140708634608016, 140708634608016, 140708634608016, 140708634608016, 140708634608016, 140708634608016, 140708634608016, 140708634608016, 140708634608016, 140708634608016, 140708634608016, 140708634608016, 140708634608016, 140708634608016, 140708634608016, 140708634608016, 140708634608016, 140708634608016, 140708634608016, 140708634608016, 140708634608016, 140708634608016, 140708634608016]",1955,ccabae1ca13ca3c33719bc3610c07c8ca27270a9620689334c011560f53a73f3,2,27,140708634608016,140708634608016,B2_A_B_repeat_2
True,True,d59b0160:o0:d24:A_identity,140708652809872,"[140708652809872, 140708652809872, 140708652809872, 140708652809872, 140708652809872, 140708652809872, 140708652809872, 140708652809872, 140708652809872, 140708652809872, 140708652809872, 140708652809872, 140708652809872, 140708652809872, 140708652809872, 140708652809872, 140708652809872, 140708652809872, 140708652809872, 140708652809872, 140708652809872, 140708652809872, 140708652809872, 140708652809872, 140708652809872, 140708652809872, 140708652809872, 140708652809872]",1956,6ae49b797b4b8d99cc24523b95d63dc1544e0cabba0fe18c399ae57afef58c75,2,28,140708652809872,140708652809872,B2_A_B_repeat_2
True,True,d59b0160:o0:d24:B_flip_ud,140708634608016,"[140708634608016, 140708634608016, 140708634608016, 140708634608016, 140708634608016, 140708634608016, 140708634608016, 140708634608016, 140708634608016, 140708634608016, 140708634608016, 140708634608016, 140708634608016, 140708634608016, 140708634608016, 140708634608016, 140708634608016, 140708634608016, 140708634608016, 140708634608016, 140708634608016, 140708634608016, 140708634608016, 140708634608016, 140708634608016, 140708634608016, 140708634608016, 140708634608016]",1956,70191931bebd9dd8d3571f000614932e977aa861d1f62c2bd2fd4e207d59d7a6,2,28,140708634608016,140708634608016,B2_A_B_repeat_2
True,True,d59b0160:o0:d24:A_identity,140708652809872,"[140708652809872, 140708652809872, 140708652809872, 140708652809872, 140708652809872, 140708652809872, 140708652809872, 140708652809872, 140708652809872, 140708652809872, 140708652809872, 140708652809872, 140708652809872, 140708652809872, 140708652809872, 140708652809872, 140708652809872, 140708652809872, 140708652809872, 140708652809872, 140708652809872, 140708652809872, 140708652809872, 140708652809872, 140708652809872, 140708652809872, 140708652809872, 140708652809872, 140708652809872]",1957,a42c78fb8f0c8d9975d9ae5ee484dddc3529553493af94a36d794ca9597d3785,2,29,140708652809872,140708652809872,B2_A_B_repeat_2
True,True,d59b0160:o0:d24:B_flip_ud,140708634608016,"[140708634608016, 140708634608016, 140708634608016, 140708634608016, 140708634608016, 140708634608016, 140708634608016, 140708634608016, 140708634608016, 140708634608016, 140708634608016, 140708634608016, 140708634608016, 140708634608016, 140708634608016, 140708634608016, 140708634608016, 140708634608016, 140708634608016, 140708634608016, 140708634608016, 140708634608016, 140708634608016, 140708634608016, 140708634608016, 140708634608016, 140708634608016, 140708634608016, 140708634608016]",1957,f71257910bde6a09d94d4065d25d73ad4343025e3031cb7292d3a933cb6d8e02,2,29,140708634608016,140708634608016,B2_A_B_repeat_2
True,True,d59b0160:o0:d24:A_identity,140708652809872,"[140708652809872, 140708652809872, 140708652809872, 140708652809872, 140708652809872, 140708652809872, 140708652809872, 140708652809872, 140708652809872, 140708652809872, 140708652809872, 140708652809872, 140708652809872, 140708652809872, 140708652809872, 140708652809872, 140708652809872, 140708652809872, 140708652809872, 140708652809872, 140708652809872, 140708652809872, 140708652809872, 140708652809872, 140708652809872, 140708652809872, 140708652809872, 140708652809872, 140708652809872, 140708652809872]",1958,ef17fd32fb4f42aa9ba1ba5daf23ed0f5afc12e4d0b64ccd280f90fd892aafca,2,30,140708652809872,140708652809872,B2_A_B_repeat_2
True,True,d59b0160:o0:d24:B_flip_ud,140708634608016,"[140708634608016, 140708634608016, 140708634608016, 140708634608016, 140708634608016, 140708634608016, 140708634608016, 140708634608016, 140708634608016, 140708634608016, 140708634608016, 140708634608016, 140708634608016, 140708634608016, 140708634608016, 140708634608016, 140708634608016, 140708634608016, 140708634608016, 140708634608016, 140708634608016, 140708634608016, 140708634608016, 140708634608016, 140708634608016, 140708634608016, 140708634608016, 140708634608016, 140708634608016, 140708634608016]",1958,7f56da1ea2427aac96c3e181855a6e8b6ec42cf6d349950804f01c9e6f3bc9f2,2,30,140708634608016,140708634608016,B2_A_B_repeat_2
True,True,d59b0160:o0:d24:A_identity,140708652809872,"[140708652809872, 140708652809872, 140708652809872, 140708652809872, 140708652809872, 140708652809872, 140708652809872, 140708652809872, 140708652809872, 140708652809872, 140708652809872, 140708652809872, 140708652809872, 140708652809872, 140708652809872, 140708652809872, 140708652809872, 140708652809872, 140708652809872, 140708652809872, 140708652809872, 140708652809872, 140708652809872, 140708652809872, 140708652809872, 140708652809872, 140708652809872, 140708652809872, 140708652809872, 140708652809872, 140708652809872]",1959,656b554b060e094392846d5162f7af4c9b422fad6522fc0d09edfaf70ca33cc4,2,31,140708652809872,140708652809872,B2_A_B_repeat_2
True,True,d59b0160:o0:d24:B_flip_ud,140708634608016,"[140708634608016, 140708634608016, 140708634608016, 140708634608016, 140708634608016, 140708634608016, 140708634608016, 140708634608016, 140708634608016, 140708634608016, 140708634608016, 140708634608016, 140708634608016, 140708634608016, 140708634608016, 140708634608016, 140708634608016, 140708634608016, 140708634608016, 140708634608016, 140708634608016, 140708634608016, 140708634608016, 140708634608016, 140708634608016, 140708634608016, 140708634608016, 140708634608016, 140708634608016, 140708634608016, 140708634608016]",1959,e0aa7e3322dc7b8fd2025b79e27cfbe610db98c31258d15c6b5ba1da5d296583,2,31,140708634608016,140708634608016,B2_A_B_repeat_2
True,True,d59b0160:o0:d24:A_identity,140708652809872,"[140708652809872, 140708652809872, 140708652809872, 140708652809872, 140708652809872, 140708652809872, 140708652809872, 140708652809872, 140708652809872, 140708652809872, 140708652809872, 140708652809872, 140708652809872, 140708652809872, 140708652809872, 140708652809872, 140708652809872, 140708652809872, 140708652809872, 140708652809872, 140708652809872, 140708652809872, 140708652809872, 140708652809872, 140708652809872, 140708652809872, 140708652809872, 140708652809872, 140708652809872, 140708652809872, 140708652809872, 140708652809872]",1960,4a21e94f4f0097f142beea5bf177524f5801cc00aa261e27b1b937203a80e5b0,2,32,140708652809872,140708652809872,B2_A_B_repeat_2
True,True,d59b0160:o0:d24:B_flip_ud,140708634608016,"[140708634608016, 140708634608016, 140708634608016, 140708634608016, 140708634608016, 140708634608016, 140708634608016, 140708634608016, 140708634608016, 140708634608016, 140708634608016, 140708634608016, 140708634608016, 140708634608016, 140708634608016, 140708634608016, 140708634608016, 140708634608016, 140708634608016, 140708634608016, 140708634608016, 140708634608016, 140708634608016, 140708634608016, 140708634608016, 140708634608016, 140708634608016, 140708634608016, 140708634608016, 140708634608016, 140708634608016, 140708634608016]",1960,4a32571a76ab124d56b43945d80bee482b4ea51700214a38bfd9f6641bef27a0,2,32,140708634608016,140708634608016,B2_A_B_repeat_2
True,True,d59b0160:o0:d24:A_identity,140708234997200,[140708234997200],1929,9c0a54ec7a22b5d37fa8912abdc5d1f8b7d18c83e3ea66a3476ec993d05ded82,2,1,140708234997200,140708234997200,B2_A_B_repeat_3
True,True,d59b0160:o0:d24:B_flip_ud,140708632814096,[140708632814096],1929,38162eafa3fa0aca7f92aefda0dde3b3c05a2384cfc366b0d8cc78f8663fe9b0,2,1,140708632814096,140708632814096,B2_A_B_repeat_3
True,True,d59b0160:o0:d24:A_identity,140708234997200,"[140708234997200, 140708234997200]",1930,2d6a7bf75e2360e67f76200881ca2bf4144651e719bb593cb43936dd0332831b,2,2,140708234997200,140708234997200,B2_A_B_repeat_3
True,True,d59b0160:o0:d24:B_flip_ud,140708632814096,"[140708632814096, 140708632814096]",1930,f6bdaf3158c8d5cff014f36d70f2509305eaa35ed31bf1fb673c0d18b6656e13,2,2,140708632814096,140708632814096,B2_A_B_repeat_3
True,True,d59b0160:o0:d24:A_identity,140708234997200,"[140708234997200, 140708234997200, 140708234997200]",1931,466bb29716c3bf8a8d8761069d9cf49a879181b5cc2e35c34bd4739849c57176,2,3,140708234997200,140708234997200,B2_A_B_repeat_3
True,True,d59b0160:o0:d24:B_flip_ud,140708632814096,"[140708632814096, 140708632814096, 140708632814096]",1931,151e037a5a48f2bd6f8b50396aabadf30eb664f49580378720665f68fbcbbf58,2,3,140708632814096,140708632814096,B2_A_B_repeat_3
True,True,d59b0160:o0:d24:A_identity,140708234997200,"[140708234997200, 140708234997200, 140708234997200, 140708234997200]",1932,f81fd63402a1bf91d0614d03c3b86070bef1b24165022f28bd144921ce6f4918,2,4,140708234997200,140708234997200,B2_A_B_repeat_3
True,True,d59b0160:o0:d24:B_flip_ud,140708632814096,"[140708632814096, 140708632814096, 140708632814096, 140708632814096]",1932,1b58f0e1dec9297aacf8e34cce97f499d8f3ffac3de3d574714c65f4f969e59f,2,4,140708632814096,140708632814096,B2_A_B_repeat_3
True,True,d59b0160:o0:d24:A_identity,140708234997200,"[140708234997200, 140708234997200, 140708234997200, 140708234997200, 140708234997200]",1933,c9819b5a0f45bf1957b17671527c73e08f85482746ad3997c21c90e0f2184048,2,5,140708234997200,140708234997200,B2_A_B_repeat_3
True,True,d59b0160:o0:d24:B_flip_ud,140708632814096,"[140708632814096, 140708632814096, 140708632814096, 140708632814096, 140708632814096]",1933,9733b2df837377fe7a7cb29573dba729a5010d3ea1057086ae5085ae47ee3d03,2,5,140708632814096,140708632814096,B2_A_B_repeat_3
True,True,d59b0160:o0:d24:A_identity,140708234997200,"[140708234997200, 140708234997200, 140708234997200, 140708234997200, 140708234997200, 140708234997200]",1934,ed7fa7917242decfac525fd778f638ffbaf0c8e9413f8689cf8315b0c07f2411,2,6,140708234997200,140708234997200,B2_A_B_repeat_3
True,True,d59b0160:o0:d24:B_flip_ud,140708632814096,"[140708632814096, 140708632814096, 140708632814096, 140708632814096, 140708632814096, 140708632814096]",1934,f14be4dd6aca8ad46aba2d768ede95260e311840d9dafcbf32644f9f0e4a35f7,2,6,140708632814096,140708632814096,B2_A_B_repeat_3
True,True,d59b0160:o0:d24:A_identity,140708234997200,"[140708234997200, 140708234997200, 140708234997200, 140708234997200, 140708234997200, 140708234997200, 140708234997200]",1935,a9d7532e7206698b51a1ab7a3464736104f479b1a3647e75fe30bdd58adf835f,2,7,140708234997200,140708234997200,B2_A_B_repeat_3
True,True,d59b0160:o0:d24:B_flip_ud,140708632814096,"[140708632814096, 140708632814096, 140708632814096, 140708632814096, 140708632814096, 140708632814096, 140708632814096]",1935,ed58cb39038044a4d86a3e312dc13bd34dd699ba0655ae18024a2caf677763e2,2,7,140708632814096,140708632814096,B2_A_B_repeat_3
True,True,d59b0160:o0:d24:A_identity,140708234997200,"[140708234997200, 140708234997200, 140708234997200, 140708234997200, 140708234997200, 140708234997200, 140708234997200, 140708234997200]",1936,437a1b040ab2abe1a7de700d3d4d5763323d5d12fc7f5c94cbef8d0df0678d55,2,8,140708234997200,140708234997200,B2_A_B_repeat_3
True,True,d59b0160:o0:d24:B_flip_ud,140708632814096,"[140708632814096, 140708632814096, 140708632814096, 140708632814096, 140708632814096, 140708632814096, 140708632814096, 140708632814096]",1936,e8cd907585354b8495b50830bdd83083e844915051e1fc7dc2ee3a618e4ccfdc,2,8,140708632814096,140708632814096,B2_A_B_repeat_3
True,True,d59b0160:o0:d24:A_identity,140708234997200,"[140708234997200, 140708234997200, 140708234997200, 140708234997200, 140708234997200, 140708234997200, 140708234997200, 140708234997200, 140708234997200]",1937,cc7644c8ca811908ff4ef29d2ae664564b3329757f8f80a4e5cc1f89006ea84a,2,9,140708234997200,140708234997200,B2_A_B_repeat_3
True,True,d59b0160:o0:d24:B_flip_ud,140708632814096,"[140708632814096, 140708632814096, 140708632814096, 140708632814096, 140708632814096, 140708632814096, 140708632814096, 140708632814096, 140708632814096]",1937,326f603cbe128fbf829950087be51a303e50e18c3876a7f668e74249d947e61f,2,9,140708632814096,140708632814096,B2_A_B_repeat_3
True,True,d59b0160:o0:d24:A_identity,140708234997200,"[140708234997200, 140708234997200, 140708234997200, 140708234997200, 140708234997200, 140708234997200, 140708234997200, 140708234997200, 140708234997200, 140708234997200]",1938,0eb57dd39c0a6ed0d68d9eecfcd179568923aa952e13882ea0721e9e673a9923,2,10,140708234997200,140708234997200,B2_A_B_repeat_3
True,True,d59b0160:o0:d24:B_flip_ud,140708632814096,"[140708632814096, 140708632814096, 140708632814096, 140708632814096, 140708632814096, 140708632814096, 140708632814096, 140708632814096, 140708632814096, 140708632814096]",1938,d8bc7712bab36be80d468d1feb9107bcca3c674ae59bedaa47a255abde5458cf,2,10,140708632814096,140708632814096,B2_A_B_repeat_3
True,True,d59b0160:o0:d24:A_identity,140708234997200,"[140708234997200, 140708234997200, 140708234997200, 140708234997200, 140708234997200, 140708234997200, 140708234997200, 140708234997200, 140708234997200, 140708234997200, 140708234997200]",1939,445b6e24413f63ab005e5854f9e20cf93babd21dc5adf99ee3a37694460102ed,2,11,140708234997200,140708234997200,B2_A_B_repeat_3
True,True,d59b0160:o0:d24:B_flip_ud,140708632814096,"[140708632814096, 140708632814096, 140708632814096, 140708632814096, 140708632814096, 140708632814096, 140708632814096, 140708632814096, 140708632814096, 140708632814096, 140708632814096]",1939,57ff6ac1d583ea1b26bbe752b0b37e486104120f5c63b1f19aa9ca4341e663a4,2,11,140708632814096,140708632814096,B2_A_B_repeat_3
True,True,d59b0160:o0:d24:A_identity,140708234997200,"[140708234997200, 140708234997200, 140708234997200, 140708234997200, 140708234997200, 140708234997200, 140708234997200, 140708234997200, 140708234997200, 140708234997200, 140708234997200, 140708234997200]",1940,68a51a1b4db3084db809e78c60271a0d6369cfd97344df9d6dd32e6199c2248a,2,12,140708234997200,140708234997200,B2_A_B_repeat_3
True,True,d59b0160:o0:d24:B_flip_ud,140708632814096,"[140708632814096, 140708632814096, 140708632814096, 140708632814096, 140708632814096, 140708632814096, 140708632814096, 140708632814096, 140708632814096, 140708632814096, 140708632814096, 140708632814096]",1940,6960508a261da899aae28662878c4a2ad228a482a74fc97655bf7bdad10356d8,2,12,140708632814096,140708632814096,B2_A_B_repeat_3
True,True,d59b0160:o0:d24:A_identity,140708234997200,"[140708234997200, 140708234997200, 140708234997200, 140708234997200, 140708234997200, 140708234997200, 140708234997200, 140708234997200, 140708234997200, 140708234997200, 140708234997200, 140708234997200, 140708234997200]",1941,d5d6cf8e51b627c07db3710d47dae93cdd0538ef5295feb854300a273249cb55,2,13,140708234997200,140708234997200,B2_A_B_repeat_3
True,True,d59b0160:o0:d24:B_flip_ud,140708632814096,"[140708632814096, 140708632814096, 140708632814096, 140708632814096, 140708632814096, 140708632814096, 140708632814096, 140708632814096, 140708632814096, 140708632814096, 140708632814096, 140708632814096, 140708632814096]",1941,6dee25df8ccc71f14edbdf18e32946c68a6e5fa8b090cef00d43acfd317c7efc,2,13,140708632814096,140708632814096,B2_A_B_repeat_3
True,True,d59b0160:o0:d24:A_identity,140708234997200,"[140708234997200, 140708234997200, 140708234997200, 140708234997200, 140708234997200, 140708234997200, 140708234997200, 140708234997200, 140708234997200, 140708234997200, 140708234997200, 140708234997200, 140708234997200, 140708234997200]",1942,4acf89728d6864103fc7bdd279fac5316fa35e823b8ef793b6270c928e6e0528,2,14,140708234997200,140708234997200,B2_A_B_repeat_3
True,True,d59b0160:o0:d24:B_flip_ud,140708632814096,"[140708632814096, 140708632814096, 140708632814096, 140708632814096, 140708632814096, 140708632814096, 140708632814096, 140708632814096, 140708632814096, 140708632814096, 140708632814096, 140708632814096, 140708632814096, 140708632814096]",1942,5e98c4711f04b7592c9582298444edb92e67df47b79be09ec2069e04671884e9,2,14,140708632814096,140708632814096,B2_A_B_repeat_3
True,True,d59b0160:o0:d24:A_identity,140708234997200,"[140708234997200, 140708234997200, 140708234997200, 140708234997200, 140708234997200, 140708234997200, 140708234997200, 140708234997200, 140708234997200, 140708234997200, 140708234997200, 140708234997200, 140708234997200, 140708234997200, 140708234997200]",1943,2f707fe91399947249b268a2e39942d5a4594bdd124e7f4f6547a44989d02545,2,15,140708234997200,140708234997200,B2_A_B_repeat_3
True,True,d59b0160:o0:d24:B_flip_ud,140708632814096,"[140708632814096, 140708632814096, 140708632814096, 140708632814096, 140708632814096, 140708632814096, 140708632814096, 140708632814096, 140708632814096, 140708632814096, 140708632814096, 140708632814096, 140708632814096, 140708632814096, 140708632814096]",1943,43e7bad6079edb4f9bf5aff5000ff16bac9e110d7bc0a3d8c047780a20ea7314,2,15,140708632814096,140708632814096,B2_A_B_repeat_3
True,True,d59b0160:o0:d24:A_identity,140708234997200,"[140708234997200, 140708234997200, 140708234997200, 140708234997200, 140708234997200, 140708234997200, 140708234997200, 140708234997200, 140708234997200, 140708234997200, 140708234997200, 140708234997200, 140708234997200, 140708234997200, 140708234997200, 140708234997200]",1944,b26483c35ac93d2b168ff5c2bb83340015518abc7a46358651d9309a9a1b0f60,2,16,140708234997200,140708234997200,B2_A_B_repeat_3
True,True,d59b0160:o0:d24:B_flip_ud,140708632814096,"[140708632814096, 140708632814096, 140708632814096, 140708632814096, 140708632814096, 140708632814096, 140708632814096, 140708632814096, 140708632814096, 140708632814096, 140708632814096, 140708632814096, 140708632814096, 140708632814096, 140708632814096, 140708632814096]",1944,5fc794b9d1fb820185023100a4b9fdd31ba514f3a53fb259ded33759272a55e6,2,16,140708632814096,140708632814096,B2_A_B_repeat_3
True,True,d59b0160:o0:d24:A_identity,140708234997200,"[140708234997200, 140708234997200, 140708234997200, 140708234997200, 140708234997200, 140708234997200, 140708234997200, 140708234997200, 140708234997200, 140708234997200, 140708234997200, 140708234997200, 140708234997200, 140708234997200, 140708234997200, 140708234997200, 140708234997200]",1945,2c038db807502f89e5337a861423cbbcd7fc1bcfcc183d96e65a71ff8b92a25f,2,17,140708234997200,140708234997200,B2_A_B_repeat_3
True,True,d59b0160:o0:d24:B_flip_ud,140708632814096,"[140708632814096, 140708632814096, 140708632814096, 140708632814096, 140708632814096, 140708632814096, 140708632814096, 140708632814096, 140708632814096, 140708632814096, 140708632814096, 140708632814096, 140708632814096, 140708632814096, 140708632814096, 140708632814096, 140708632814096]",1945,178f65ef1d2396e2cbd1097995f50ab4a5783e6f86e77f9dc9f02111e9c18cbb,2,17,140708632814096,140708632814096,B2_A_B_repeat_3
True,True,d59b0160:o0:d24:A_identity,140708234997200,"[140708234997200, 140708234997200, 140708234997200, 140708234997200, 140708234997200, 140708234997200, 140708234997200, 140708234997200, 140708234997200, 140708234997200, 140708234997200, 140708234997200, 140708234997200, 140708234997200, 140708234997200, 140708234997200, 140708234997200, 140708234997200]",1946,9eaaab6e3dadf41d273b140218c190c0c15fe42de600b5c945dd4bd5dd3e12cb,2,18,140708234997200,140708234997200,B2_A_B_repeat_3
True,True,d59b0160:o0:d24:B_flip_ud,140708632814096,"[140708632814096, 140708632814096, 140708632814096, 140708632814096, 140708632814096, 140708632814096, 140708632814096, 140708632814096, 140708632814096, 140708632814096, 140708632814096, 140708632814096, 140708632814096, 140708632814096, 140708632814096, 140708632814096, 140708632814096, 140708632814096]",1946,6c5db916c795de711dab79effa094b840d80998d3a1deecf2b160a706c8ae14e,2,18,140708632814096,140708632814096,B2_A_B_repeat_3
True,True,d59b0160:o0:d24:A_identity,140708234997200,"[140708234997200, 140708234997200, 140708234997200, 140708234997200, 140708234997200, 140708234997200, 140708234997200, 140708234997200, 140708234997200, 140708234997200, 140708234997200, 140708234997200, 140708234997200, 140708234997200, 140708234997200, 140708234997200, 140708234997200, 140708234997200, 140708234997200]",1947,4570108ba21f3a9cf583d7a9e5dff8cd4d302f1f42caa507cba3f3427e4df9ad,2,19,140708234997200,140708234997200,B2_A_B_repeat_3
True,True,d59b0160:o0:d24:B_flip_ud,140708632814096,"[140708632814096, 140708632814096, 140708632814096, 140708632814096, 140708632814096, 140708632814096, 140708632814096, 140708632814096, 140708632814096, 140708632814096, 140708632814096, 140708632814096, 140708632814096, 140708632814096, 140708632814096, 140708632814096, 140708632814096, 140708632814096, 140708632814096]",1947,c3cae0d782d9f97ce7b227c2f1b3e7d0ec520d1baaa3e152a785c5d0ad231075,2,19,140708632814096,140708632814096,B2_A_B_repeat_3
True,True,d59b0160:o0:d24:A_identity,140708234997200,"[140708234997200, 140708234997200, 140708234997200, 140708234997200, 140708234997200, 140708234997200, 140708234997200, 140708234997200, 140708234997200, 140708234997200, 140708234997200, 140708234997200, 140708234997200, 140708234997200, 140708234997200, 140708234997200, 140708234997200, 140708234997200, 140708234997200, 140708234997200]",1948,e067ebc91a9ac8104913db2d0b69ee1165715423a49b1fb9cb5401525b55ec51,2,20,140708234997200,140708234997200,B2_A_B_repeat_3
True,True,d59b0160:o0:d24:B_flip_ud,140708632814096,"[140708632814096, 140708632814096, 140708632814096, 140708632814096, 140708632814096, 140708632814096, 140708632814096, 140708632814096, 140708632814096, 140708632814096, 140708632814096, 140708632814096, 140708632814096, 140708632814096, 140708632814096, 140708632814096, 140708632814096, 140708632814096, 140708632814096, 140708632814096]",1948,a91454aed90505ec10d2bb4fc12b7c0c4de1ab6cb7ac701a95ed7f8a9a3f01b7,2,20,140708632814096,140708632814096,B2_A_B_repeat_3
True,True,d59b0160:o0:d24:A_identity,140708234997200,"[140708234997200, 140708234997200, 140708234997200, 140708234997200, 140708234997200, 140708234997200, 140708234997200, 140708234997200, 140708234997200, 140708234997200, 140708234997200, 140708234997200, 140708234997200, 140708234997200, 140708234997200, 140708234997200, 140708234997200, 140708234997200, 140708234997200, 140708234997200, 140708234997200]",1949,721d99d8062bad0a4ee12154172c9617dc96580afb16f3a071eeea372b491be3,2,21,140708234997200,140708234997200,B2_A_B_repeat_3
True,True,d59b0160:o0:d24:B_flip_ud,140708632814096,"[140708632814096, 140708632814096, 140708632814096, 140708632814096, 140708632814096, 140708632814096, 140708632814096, 140708632814096, 140708632814096, 140708632814096, 140708632814096, 140708632814096, 140708632814096, 140708632814096, 140708632814096, 140708632814096, 140708632814096, 140708632814096, 140708632814096, 140708632814096, 140708632814096]",1949,5fffc7859dbdf62f526c1e0bccf20719dc12c099599fe4366826422ad3841128,2,21,140708632814096,140708632814096,B2_A_B_repeat_3
True,True,d59b0160:o0:d24:A_identity,140708234997200,"[140708234997200, 140708234997200, 140708234997200, 140708234997200, 140708234997200, 140708234997200, 140708234997200, 140708234997200, 140708234997200, 140708234997200, 140708234997200, 140708234997200, 140708234997200, 140708234997200, 140708234997200, 140708234997200, 140708234997200, 140708234997200, 140708234997200, 140708234997200, 140708234997200, 140708234997200]",1950,b8c8d14caa4273f3e37142d30599aeabe39bac1f6893e17ccdd460f03188c3e2,2,22,140708234997200,140708234997200,B2_A_B_repeat_3
True,True,d59b0160:o0:d24:B_flip_ud,140708632814096,"[140708632814096, 140708632814096, 140708632814096, 140708632814096, 140708632814096, 140708632814096, 140708632814096, 140708632814096, 140708632814096, 140708632814096, 140708632814096, 140708632814096, 140708632814096, 140708632814096, 140708632814096, 140708632814096, 140708632814096, 140708632814096, 140708632814096, 140708632814096, 140708632814096, 140708632814096]",1950,a83d754fe2225b001c65c07597f94e542af88631db6c9b35f6d2c22a374eb34f,2,22,140708632814096,140708632814096,B2_A_B_repeat_3
True,True,d59b0160:o0:d24:A_identity,140708234997200,"[140708234997200, 140708234997200, 140708234997200, 140708234997200, 140708234997200, 140708234997200, 140708234997200, 140708234997200, 140708234997200, 140708234997200, 140708234997200, 140708234997200, 140708234997200, 140708234997200, 140708234997200, 140708234997200, 140708234997200, 140708234997200, 140708234997200, 140708234997200, 140708234997200, 140708234997200, 140708234997200]",1951,8b28ec0189db54ec3a9d478c6ba576038f339f5e64afc433b4d23e63f8e8d302,2,23,140708234997200,140708234997200,B2_A_B_repeat_3
True,True,d59b0160:o0:d24:B_flip_ud,140708632814096,"[140708632814096, 140708632814096, 140708632814096, 140708632814096, 140708632814096, 140708632814096, 140708632814096, 140708632814096, 140708632814096, 140708632814096, 140708632814096, 140708632814096, 140708632814096, 140708632814096, 140708632814096, 140708632814096, 140708632814096, 140708632814096, 140708632814096, 140708632814096, 140708632814096, 140708632814096, 140708632814096]",1951,f2d2acd395f440e4883cd6358d35062a3f255cf7a77049a87eba6cd5f27d00de,2,23,140708632814096,140708632814096,B2_A_B_repeat_3
True,True,d59b0160:o0:d24:A_identity,140708234997200,"[140708234997200, 140708234997200, 140708234997200, 140708234997200, 140708234997200, 140708234997200, 140708234997200, 140708234997200, 140708234997200, 140708234997200, 140708234997200, 140708234997200, 140708234997200, 140708234997200, 140708234997200, 140708234997200, 140708234997200, 140708234997200, 140708234997200, 140708234997200, 140708234997200, 140708234997200, 140708234997200, 140708234997200]",1952,238ed0596b179aabb377f99ee176e52a403d0c788863207a1c68422a4441b476,2,24,140708234997200,140708234997200,B2_A_B_repeat_3
True,True,d59b0160:o0:d24:B_flip_ud,140708632814096,"[140708632814096, 140708632814096, 140708632814096, 140708632814096, 140708632814096, 140708632814096, 140708632814096, 140708632814096, 140708632814096, 140708632814096, 140708632814096, 140708632814096, 140708632814096, 140708632814096, 140708632814096, 140708632814096, 140708632814096, 140708632814096, 140708632814096, 140708632814096, 140708632814096, 140708632814096, 140708632814096, 140708632814096]",1952,ce8d7875fc1f646971062bc4502a3a16dbf7d253496836bb422a858126bdc7f1,2,24,140708632814096,140708632814096,B2_A_B_repeat_3
True,True,d59b0160:o0:d24:A_identity,140708234997200,"[140708234997200, 140708234997200, 140708234997200, 140708234997200, 140708234997200, 140708234997200, 140708234997200, 140708234997200, 140708234997200, 140708234997200, 140708234997200, 140708234997200, 140708234997200, 140708234997200, 140708234997200, 140708234997200, 140708234997200, 140708234997200, 140708234997200, 140708234997200, 140708234997200, 140708234997200, 140708234997200, 140708234997200, 140708234997200]",1953,dcea54b3a6180b16b3f32bbdcac597a6c4660aa2556cfb347b36943b0623413f,2,25,140708234997200,140708234997200,B2_A_B_repeat_3
True,True,d59b0160:o0:d24:B_flip_ud,140708632814096,"[140708632814096, 140708632814096, 140708632814096, 140708632814096, 140708632814096, 140708632814096, 140708632814096, 140708632814096, 140708632814096, 140708632814096, 140708632814096, 140708632814096, 140708632814096, 140708632814096, 140708632814096, 140708632814096, 140708632814096, 140708632814096, 140708632814096, 140708632814096, 140708632814096, 140708632814096, 140708632814096, 140708632814096, 140708632814096]",1953,058c6d319bdbbb557b553a431d89c98cbdf53956593e44d2eb452ad777500ec6,2,25,140708632814096,140708632814096,B2_A_B_repeat_3
True,True,d59b0160:o0:d24:A_identity,140708234997200,"[140708234997200, 140708234997200, 140708234997200, 140708234997200, 140708234997200, 140708234997200, 140708234997200, 140708234997200, 140708234997200, 140708234997200, 140708234997200, 140708234997200, 140708234997200, 140708234997200, 140708234997200, 140708234997200, 140708234997200, 140708234997200, 140708234997200, 140708234997200, 140708234997200, 140708234997200, 140708234997200, 140708234997200, 140708234997200, 140708234997200]",1954,11331db1560c48a71e8bf2f899bfcbc7cf8b3fc7eec33771f8818dcb092764bf,2,26,140708234997200,140708234997200,B2_A_B_repeat_3
True,True,d59b0160:o0:d24:B_flip_ud,140708632814096,"[140708632814096, 140708632814096, 140708632814096, 140708632814096, 140708632814096, 140708632814096, 140708632814096, 140708632814096, 140708632814096, 140708632814096, 140708632814096, 140708632814096, 140708632814096, 140708632814096, 140708632814096, 140708632814096, 140708632814096, 140708632814096, 140708632814096, 140708632814096, 140708632814096, 140708632814096, 140708632814096, 140708632814096, 140708632814096, 140708632814096]",1954,ca3f52dd5b0d6f4f9856530263baa296f748295ff99c3f6a5fd00a0117fde210,2,26,140708632814096,140708632814096,B2_A_B_repeat_3
True,True,d59b0160:o0:d24:A_identity,140708234997200,"[140708234997200, 140708234997200, 140708234997200, 140708234997200, 140708234997200, 140708234997200, 140708234997200, 140708234997200, 140708234997200, 140708234997200, 140708234997200, 140708234997200, 140708234997200, 140708234997200, 140708234997200, 140708234997200, 140708234997200, 140708234997200, 140708234997200, 140708234997200, 140708234997200, 140708234997200, 140708234997200, 140708234997200, 140708234997200, 140708234997200, 140708234997200]",1955,7a78a0f53397a2736a535d9091c76f36a8fe538e76ff98c19ea95730f37db323,2,27,140708234997200,140708234997200,B2_A_B_repeat_3
True,True,d59b0160:o0:d24:B_flip_ud,140708632814096,"[140708632814096, 140708632814096, 140708632814096, 140708632814096, 140708632814096, 140708632814096, 140708632814096, 140708632814096, 140708632814096, 140708632814096, 140708632814096, 140708632814096, 140708632814096, 140708632814096, 140708632814096, 140708632814096, 140708632814096, 140708632814096, 140708632814096, 140708632814096, 140708632814096, 140708632814096, 140708632814096, 140708632814096, 140708632814096, 140708632814096, 140708632814096]",1955,ccabae1ca13ca3c33719bc3610c07c8ca27270a9620689334c011560f53a73f3,2,27,140708632814096,140708632814096,B2_A_B_repeat_3
True,True,d59b0160:o0:d24:A_identity,140708234997200,"[140708234997200, 140708234997200, 140708234997200, 140708234997200, 140708234997200, 140708234997200, 140708234997200, 140708234997200, 140708234997200, 140708234997200, 140708234997200, 140708234997200, 140708234997200, 140708234997200, 140708234997200, 140708234997200, 140708234997200, 140708234997200, 140708234997200, 140708234997200, 140708234997200, 140708234997200, 140708234997200, 140708234997200, 140708234997200, 140708234997200, 140708234997200, 140708234997200]",1956,6ae49b797b4b8d99cc24523b95d63dc1544e0cabba0fe18c399ae57afef58c75,2,28,140708234997200,140708234997200,B2_A_B_repeat_3
True,True,d59b0160:o0:d24:B_flip_ud,140708632814096,"[140708632814096, 140708632814096, 140708632814096, 140708632814096, 140708632814096, 140708632814096, 140708632814096, 140708632814096, 140708632814096, 140708632814096, 140708632814096, 140708632814096, 140708632814096, 140708632814096, 140708632814096, 140708632814096, 140708632814096, 140708632814096, 140708632814096, 140708632814096, 140708632814096, 140708632814096, 140708632814096, 140708632814096, 140708632814096, 140708632814096, 140708632814096, 140708632814096]",1956,70191931bebd9dd8d3571f000614932e977aa861d1f62c2bd2fd4e207d59d7a6,2,28,140708632814096,140708632814096,B2_A_B_repeat_3
True,True,d59b0160:o0:d24:A_identity,140708234997200,"[140708234997200, 140708234997200, 140708234997200, 140708234997200, 140708234997200, 140708234997200, 140708234997200, 140708234997200, 140708234997200, 140708234997200, 140708234997200, 140708234997200, 140708234997200, 140708234997200, 140708234997200, 140708234997200, 140708234997200, 140708234997200, 140708234997200, 140708234997200, 140708234997200, 140708234997200, 140708234997200, 140708234997200, 140708234997200, 140708234997200, 140708234997200, 140708234997200, 140708234997200]",1957,a42c78fb8f0c8d9975d9ae5ee484dddc3529553493af94a36d794ca9597d3785,2,29,140708234997200,140708234997200,B2_A_B_repeat_3
True,True,d59b0160:o0:d24:B_flip_ud,140708632814096,"[140708632814096, 140708632814096, 140708632814096, 140708632814096, 140708632814096, 140708632814096, 140708632814096, 140708632814096, 140708632814096, 140708632814096, 140708632814096, 140708632814096, 140708632814096, 140708632814096, 140708632814096, 140708632814096, 140708632814096, 140708632814096, 140708632814096, 140708632814096, 140708632814096, 140708632814096, 140708632814096, 140708632814096, 140708632814096, 140708632814096, 140708632814096, 140708632814096, 140708632814096]",1957,f71257910bde6a09d94d4065d25d73ad4343025e3031cb7292d3a933cb6d8e02,2,29,140708632814096,140708632814096,B2_A_B_repeat_3
True,True,d59b0160:o0:d24:A_identity,140708234997200,"[140708234997200, 140708234997200, 140708234997200, 140708234997200, 140708234997200, 140708234997200, 140708234997200, 140708234997200, 140708234997200, 140708234997200, 140708234997200, 140708234997200, 140708234997200, 140708234997200, 140708234997200, 140708234997200, 140708234997200, 140708234997200, 140708234997200, 140708234997200, 140708234997200, 140708234997200, 140708234997200, 140708234997200, 140708234997200, 140708234997200, 140708234997200, 140708234997200, 140708234997200, 140708234997200]",1958,ef17fd32fb4f42aa9ba1ba5daf23ed0f5afc12e4d0b64ccd280f90fd892aafca,2,30,140708234997200,140708234997200,B2_A_B_repeat_3
True,True,d59b0160:o0:d24:B_flip_ud,140708632814096,"[140708632814096, 140708632814096, 140708632814096, 140708632814096, 140708632814096, 140708632814096, 140708632814096, 140708632814096, 140708632814096, 140708632814096, 140708632814096, 140708632814096, 140708632814096, 140708632814096, 140708632814096, 140708632814096, 140708632814096, 140708632814096, 140708632814096, 140708632814096, 140708632814096, 140708632814096, 140708632814096, 140708632814096, 140708632814096, 140708632814096, 140708632814096, 140708632814096, 140708632814096, 140708632814096]",1958,7f56da1ea2427aac96c3e181855a6e8b6ec42cf6d349950804f01c9e6f3bc9f2,2,30,140708632814096,140708632814096,B2_A_B_repeat_3
True,True,d59b0160:o0:d24:A_identity,140708234997200,"[140708234997200, 140708234997200, 140708234997200, 140708234997200, 140708234997200, 140708234997200, 140708234997200, 140708234997200, 140708234997200, 140708234997200, 140708234997200, 140708234997200, 140708234997200, 140708234997200, 140708234997200, 140708234997200, 140708234997200, 140708234997200, 140708234997200, 140708234997200, 140708234997200, 140708234997200, 140708234997200, 140708234997200, 140708234997200, 140708234997200, 140708234997200, 140708234997200, 140708234997200, 140708234997200, 140708234997200]",1959,656b554b060e094392846d5162f7af4c9b422fad6522fc0d09edfaf70ca33cc4,2,31,140708234997200,140708234997200,B2_A_B_repeat_3
True,True,d59b0160:o0:d24:B_flip_ud,140708632814096,"[140708632814096, 140708632814096, 140708632814096, 140708632814096, 140708632814096, 140708632814096, 140708632814096, 140708632814096, 140708632814096, 140708632814096, 140708632814096, 140708632814096, 140708632814096, 140708632814096, 140708632814096, 140708632814096, 140708632814096, 140708632814096, 140708632814096, 140708632814096, 140708632814096, 140708632814096, 140708632814096, 140708632814096, 140708632814096, 140708632814096, 140708632814096, 140708632814096, 140708632814096, 140708632814096, 140708632814096]",1959,e0aa7e3322dc7b8fd2025b79e27cfbe610db98c31258d15c6b5ba1da5d296583,2,31,140708632814096,140708632814096,B2_A_B_repeat_3
True,True,d59b0160:o0:d24:A_identity,140708234997200,"[140708234997200, 140708234997200, 140708234997200, 140708234997200, 140708234997200, 140708234997200, 140708234997200, 140708234997200, 140708234997200, 140708234997200, 140708234997200, 140708234997200, 140708234997200, 140708234997200, 140708234997200, 140708234997200, 140708234997200, 140708234997200, 140708234997200, 140708234997200, 140708234997200, 140708234997200, 140708234997200, 140708234997200, 140708234997200, 140708234997200, 140708234997200, 140708234997200, 140708234997200, 140708234997200, 140708234997200, 140708234997200]",1960,4a21e94f4f0097f142beea5bf177524f5801cc00aa261e27b1b937203a80e5b0,2,32,140708234997200,140708234997200,B2_A_B_repeat_3
True,True,d59b0160:o0:d24:B_flip_ud,140708632814096,"[140708632814096, 140708632814096, 140708632814096, 140708632814096, 140708632814096, 140708632814096, 140708632814096, 140708632814096, 140708632814096, 140708632814096, 140708632814096, 140708632814096, 140708632814096, 140708632814096, 140708632814096, 140708632814096, 140708632814096, 140708632814096, 140708632814096, 140708632814096, 140708632814096, 140708632814096, 140708632814096, 140708632814096, 140708632814096, 140708632814096, 140708632814096, 140708632814096, 140708632814096, 140708632814096, 140708632814096, 140708632814096]",1960,4a32571a76ab124d56b43945d80bee482b4ea51700214a38bfd9f6641bef27a0,2,32,140708632814096,140708632814096,B2_A_B_repeat_3
True,True,d59b0160:o0:d24:A_flip_ud,140709105019408,[140709105019408],1929,38162eafa3fa0aca7f92aefda0dde3b3c05a2384cfc366b0d8cc78f8663fe9b0,2,1,140709105019408,140709105019408,B2_B_A
True,True,d59b0160:o0:d24:B_identity,140705545178704,[140705545178704],1929,9c0a54ec7a22b5d37fa8912abdc5d1f8b7d18c83e3ea66a3476ec993d05ded82,2,1,140705545178704,140705545178704,B2_B_A
True,True,d59b0160:o0:d24:A_flip_ud,140709105019408,"[140709105019408, 140709105019408]",1930,f6bdaf3158c8d5cff014f36d70f2509305eaa35ed31bf1fb673c0d18b6656e13,2,2,140709105019408,140709105019408,B2_B_A
True,True,d59b0160:o0:d24:B_identity,140705545178704,"[140705545178704, 140705545178704]",1930,2d6a7bf75e2360e67f76200881ca2bf4144651e719bb593cb43936dd0332831b,2,2,140705545178704,140705545178704,B2_B_A
True,True,d59b0160:o0:d24:A_flip_ud,140709105019408,"[140709105019408, 140709105019408, 140709105019408]",1931,151e037a5a48f2bd6f8b50396aabadf30eb664f49580378720665f68fbcbbf58,2,3,140709105019408,140709105019408,B2_B_A
True,True,d59b0160:o0:d24:B_identity,140705545178704,"[140705545178704, 140705545178704, 140705545178704]",1931,466bb29716c3bf8a8d8761069d9cf49a879181b5cc2e35c34bd4739849c57176,2,3,140705545178704,140705545178704,B2_B_A
True,True,d59b0160:o0:d24:A_flip_ud,140709105019408,"[140709105019408, 140709105019408, 140709105019408, 140709105019408]",1932,1b58f0e1dec9297aacf8e34cce97f499d8f3ffac3de3d574714c65f4f969e59f,2,4,140709105019408,140709105019408,B2_B_A
True,True,d59b0160:o0:d24:B_identity,140705545178704,"[140705545178704, 140705545178704, 140705545178704, 140705545178704]",1932,f81fd63402a1bf91d0614d03c3b86070bef1b24165022f28bd144921ce6f4918,2,4,140705545178704,140705545178704,B2_B_A
True,True,d59b0160:o0:d24:A_flip_ud,140709105019408,"[140709105019408, 140709105019408, 140709105019408, 140709105019408, 140709105019408]",1933,9733b2df837377fe7a7cb29573dba729a5010d3ea1057086ae5085ae47ee3d03,2,5,140709105019408,140709105019408,B2_B_A
True,True,d59b0160:o0:d24:B_identity,140705545178704,"[140705545178704, 140705545178704, 140705545178704, 140705545178704, 140705545178704]",1933,c9819b5a0f45bf1957b17671527c73e08f85482746ad3997c21c90e0f2184048,2,5,140705545178704,140705545178704,B2_B_A
True,True,d59b0160:o0:d24:A_flip_ud,140709105019408,"[140709105019408, 140709105019408, 140709105019408, 140709105019408, 140709105019408, 140709105019408]",1934,f14be4dd6aca8ad46aba2d768ede95260e311840d9dafcbf32644f9f0e4a35f7,2,6,140709105019408,140709105019408,B2_B_A
True,True,d59b0160:o0:d24:B_identity,140705545178704,"[140705545178704, 140705545178704, 140705545178704, 140705545178704, 140705545178704, 140705545178704]",1934,ed7fa7917242decfac525fd778f638ffbaf0c8e9413f8689cf8315b0c07f2411,2,6,140705545178704,140705545178704,B2_B_A
True,True,d59b0160:o0:d24:A_flip_ud,140709105019408,"[140709105019408, 140709105019408, 140709105019408, 140709105019408, 140709105019408, 140709105019408, 140709105019408]",1935,ed58cb39038044a4d86a3e312dc13bd34dd699ba0655ae18024a2caf677763e2,2,7,140709105019408,140709105019408,B2_B_A
True,True,d59b0160:o0:d24:B_identity,140705545178704,"[140705545178704, 140705545178704, 140705545178704, 140705545178704, 140705545178704, 140705545178704, 140705545178704]",1935,a9d7532e7206698b51a1ab7a3464736104f479b1a3647e75fe30bdd58adf835f,2,7,140705545178704,140705545178704,B2_B_A
True,True,d59b0160:o0:d24:A_flip_ud,140709105019408,"[140709105019408, 140709105019408, 140709105019408, 140709105019408, 140709105019408, 140709105019408, 140709105019408, 140709105019408]",1936,e8cd907585354b8495b50830bdd83083e844915051e1fc7dc2ee3a618e4ccfdc,2,8,140709105019408,140709105019408,B2_B_A
True,True,d59b0160:o0:d24:B_identity,140705545178704,"[140705545178704, 140705545178704, 140705545178704, 140705545178704, 140705545178704, 140705545178704, 140705545178704, 140705545178704]",1936,437a1b040ab2abe1a7de700d3d4d5763323d5d12fc7f5c94cbef8d0df0678d55,2,8,140705545178704,140705545178704,B2_B_A
True,True,d59b0160:o0:d24:A_flip_ud,140709105019408,"[140709105019408, 140709105019408, 140709105019408, 140709105019408, 140709105019408, 140709105019408, 140709105019408, 140709105019408, 140709105019408]",1937,326f603cbe128fbf829950087be51a303e50e18c3876a7f668e74249d947e61f,2,9,140709105019408,140709105019408,B2_B_A
True,True,d59b0160:o0:d24:B_identity,140705545178704,"[140705545178704, 140705545178704, 140705545178704, 140705545178704, 140705545178704, 140705545178704, 140705545178704, 140705545178704, 140705545178704]",1937,cc7644c8ca811908ff4ef29d2ae664564b3329757f8f80a4e5cc1f89006ea84a,2,9,140705545178704,140705545178704,B2_B_A
True,True,d59b0160:o0:d24:A_flip_ud,140709105019408,"[140709105019408, 140709105019408, 140709105019408, 140709105019408, 140709105019408, 140709105019408, 140709105019408, 140709105019408, 140709105019408, 140709105019408]",1938,d8bc7712bab36be80d468d1feb9107bcca3c674ae59bedaa47a255abde5458cf,2,10,140709105019408,140709105019408,B2_B_A
True,True,d59b0160:o0:d24:B_identity,140705545178704,"[140705545178704, 140705545178704, 140705545178704, 140705545178704, 140705545178704, 140705545178704, 140705545178704, 140705545178704, 140705545178704, 140705545178704]",1938,0eb57dd39c0a6ed0d68d9eecfcd179568923aa952e13882ea0721e9e673a9923,2,10,140705545178704,140705545178704,B2_B_A
True,True,d59b0160:o0:d24:A_flip_ud,140709105019408,"[140709105019408, 140709105019408, 140709105019408, 140709105019408, 140709105019408, 140709105019408, 140709105019408, 140709105019408, 140709105019408, 140709105019408, 140709105019408]",1939,57ff6ac1d583ea1b26bbe752b0b37e486104120f5c63b1f19aa9ca4341e663a4,2,11,140709105019408,140709105019408,B2_B_A
True,True,d59b0160:o0:d24:B_identity,140705545178704,"[140705545178704, 140705545178704, 140705545178704, 140705545178704, 140705545178704, 140705545178704, 140705545178704, 140705545178704, 140705545178704, 140705545178704, 140705545178704]",1939,445b6e24413f63ab005e5854f9e20cf93babd21dc5adf99ee3a37694460102ed,2,11,140705545178704,140705545178704,B2_B_A
True,True,d59b0160:o0:d24:A_flip_ud,140709105019408,"[140709105019408, 140709105019408, 140709105019408, 140709105019408, 140709105019408, 140709105019408, 140709105019408, 140709105019408, 140709105019408, 140709105019408, 140709105019408, 140709105019408]",1940,6960508a261da899aae28662878c4a2ad228a482a74fc97655bf7bdad10356d8,2,12,140709105019408,140709105019408,B2_B_A
True,True,d59b0160:o0:d24:B_identity,140705545178704,"[140705545178704, 140705545178704, 140705545178704, 140705545178704, 140705545178704, 140705545178704, 140705545178704, 140705545178704, 140705545178704, 140705545178704, 140705545178704, 140705545178704]",1940,68a51a1b4db3084db809e78c60271a0d6369cfd97344df9d6dd32e6199c2248a,2,12,140705545178704,140705545178704,B2_B_A
True,True,d59b0160:o0:d24:A_flip_ud,140709105019408,"[140709105019408, 140709105019408, 140709105019408, 140709105019408, 140709105019408, 140709105019408, 140709105019408, 140709105019408, 140709105019408, 140709105019408, 140709105019408, 140709105019408, 140709105019408]",1941,6dee25df8ccc71f14edbdf18e32946c68a6e5fa8b090cef00d43acfd317c7efc,2,13,140709105019408,140709105019408,B2_B_A
True,True,d59b0160:o0:d24:B_identity,140705545178704,"[140705545178704, 140705545178704, 140705545178704, 140705545178704, 140705545178704, 140705545178704, 140705545178704, 140705545178704, 140705545178704, 140705545178704, 140705545178704, 140705545178704, 140705545178704]",1941,d5d6cf8e51b627c07db3710d47dae93cdd0538ef5295feb854300a273249cb55,2,13,140705545178704,140705545178704,B2_B_A
True,True,d59b0160:o0:d24:A_flip_ud,140709105019408,"[140709105019408, 140709105019408, 140709105019408, 140709105019408, 140709105019408, 140709105019408, 140709105019408, 140709105019408, 140709105019408, 140709105019408, 140709105019408, 140709105019408, 140709105019408, 140709105019408]",1942,5e98c4711f04b7592c9582298444edb92e67df47b79be09ec2069e04671884e9,2,14,140709105019408,140709105019408,B2_B_A
True,True,d59b0160:o0:d24:B_identity,140705545178704,"[140705545178704, 140705545178704, 140705545178704, 140705545178704, 140705545178704, 140705545178704, 140705545178704, 140705545178704, 140705545178704, 140705545178704, 140705545178704, 140705545178704, 140705545178704, 140705545178704]",1942,4acf89728d6864103fc7bdd279fac5316fa35e823b8ef793b6270c928e6e0528,2,14,140705545178704,140705545178704,B2_B_A
True,True,d59b0160:o0:d24:A_flip_ud,140709105019408,"[140709105019408, 140709105019408, 140709105019408, 140709105019408, 140709105019408, 140709105019408, 140709105019408, 140709105019408, 140709105019408, 140709105019408, 140709105019408, 140709105019408, 140709105019408, 140709105019408, 140709105019408]",1943,43e7bad6079edb4f9bf5aff5000ff16bac9e110d7bc0a3d8c047780a20ea7314,2,15,140709105019408,140709105019408,B2_B_A
True,True,d59b0160:o0:d24:B_identity,140705545178704,"[140705545178704, 140705545178704, 140705545178704, 140705545178704, 140705545178704, 140705545178704, 140705545178704, 140705545178704, 140705545178704, 140705545178704, 140705545178704, 140705545178704, 140705545178704, 140705545178704, 140705545178704]",1943,2f707fe91399947249b268a2e39942d5a4594bdd124e7f4f6547a44989d02545,2,15,140705545178704,140705545178704,B2_B_A
True,True,d59b0160:o0:d24:A_flip_ud,140709105019408,"[140709105019408, 140709105019408, 140709105019408, 140709105019408, 140709105019408, 140709105019408, 140709105019408, 140709105019408, 140709105019408, 140709105019408, 140709105019408, 140709105019408, 140709105019408, 140709105019408, 140709105019408, 140709105019408]",1944,5fc794b9d1fb820185023100a4b9fdd31ba514f3a53fb259ded33759272a55e6,2,16,140709105019408,140709105019408,B2_B_A
True,True,d59b0160:o0:d24:B_identity,140705545178704,"[140705545178704, 140705545178704, 140705545178704, 140705545178704, 140705545178704, 140705545178704, 140705545178704, 140705545178704, 140705545178704, 140705545178704, 140705545178704, 140705545178704, 140705545178704, 140705545178704, 140705545178704, 140705545178704]",1944,b26483c35ac93d2b168ff5c2bb83340015518abc7a46358651d9309a9a1b0f60,2,16,140705545178704,140705545178704,B2_B_A
True,True,d59b0160:o0:d24:A_flip_ud,140709105019408,"[140709105019408, 140709105019408, 140709105019408, 140709105019408, 140709105019408, 140709105019408, 140709105019408, 140709105019408, 140709105019408, 140709105019408, 140709105019408, 140709105019408, 140709105019408, 140709105019408, 140709105019408, 140709105019408, 140709105019408]",1945,178f65ef1d2396e2cbd1097995f50ab4a5783e6f86e77f9dc9f02111e9c18cbb,2,17,140709105019408,140709105019408,B2_B_A
True,True,d59b0160:o0:d24:B_identity,140705545178704,"[140705545178704, 140705545178704, 140705545178704, 140705545178704, 140705545178704, 140705545178704, 140705545178704, 140705545178704, 140705545178704, 140705545178704, 140705545178704, 140705545178704, 140705545178704, 140705545178704, 140705545178704, 140705545178704, 140705545178704]",1945,2c038db807502f89e5337a861423cbbcd7fc1bcfcc183d96e65a71ff8b92a25f,2,17,140705545178704,140705545178704,B2_B_A
True,True,d59b0160:o0:d24:A_flip_ud,140709105019408,"[140709105019408, 140709105019408, 140709105019408, 140709105019408, 140709105019408, 140709105019408, 140709105019408, 140709105019408, 140709105019408, 140709105019408, 140709105019408, 140709105019408, 140709105019408, 140709105019408, 140709105019408, 140709105019408, 140709105019408, 140709105019408]",1946,6c5db916c795de711dab79effa094b840d80998d3a1deecf2b160a706c8ae14e,2,18,140709105019408,140709105019408,B2_B_A
True,True,d59b0160:o0:d24:B_identity,140705545178704,"[140705545178704, 140705545178704, 140705545178704, 140705545178704, 140705545178704, 140705545178704, 140705545178704, 140705545178704, 140705545178704, 140705545178704, 140705545178704, 140705545178704, 140705545178704, 140705545178704, 140705545178704, 140705545178704, 140705545178704, 140705545178704]",1946,9eaaab6e3dadf41d273b140218c190c0c15fe42de600b5c945dd4bd5dd3e12cb,2,18,140705545178704,140705545178704,B2_B_A
True,True,d59b0160:o0:d24:A_flip_ud,140709105019408,"[140709105019408, 140709105019408, 140709105019408, 140709105019408, 140709105019408, 140709105019408, 140709105019408, 140709105019408, 140709105019408, 140709105019408, 140709105019408, 140709105019408, 140709105019408, 140709105019408, 140709105019408, 140709105019408, 140709105019408, 140709105019408, 140709105019408]",1947,c3cae0d782d9f97ce7b227c2f1b3e7d0ec520d1baaa3e152a785c5d0ad231075,2,19,140709105019408,140709105019408,B2_B_A
True,True,d59b0160:o0:d24:B_identity,140705545178704,"[140705545178704, 140705545178704, 140705545178704, 140705545178704, 140705545178704, 140705545178704, 140705545178704, 140705545178704, 140705545178704, 140705545178704, 140705545178704, 140705545178704, 140705545178704, 140705545178704, 140705545178704, 140705545178704, 140705545178704, 140705545178704, 140705545178704]",1947,4570108ba21f3a9cf583d7a9e5dff8cd4d302f1f42caa507cba3f3427e4df9ad,2,19,140705545178704,140705545178704,B2_B_A
True,True,d59b0160:o0:d24:A_flip_ud,140709105019408,"[140709105019408, 140709105019408, 140709105019408, 140709105019408, 140709105019408, 140709105019408, 140709105019408, 140709105019408, 140709105019408, 140709105019408, 140709105019408, 140709105019408, 140709105019408, 140709105019408, 140709105019408, 140709105019408, 140709105019408, 140709105019408, 140709105019408, 140709105019408]",1948,a91454aed90505ec10d2bb4fc12b7c0c4de1ab6cb7ac701a95ed7f8a9a3f01b7,2,20,140709105019408,140709105019408,B2_B_A
True,True,d59b0160:o0:d24:B_identity,140705545178704,"[140705545178704, 140705545178704, 140705545178704, 140705545178704, 140705545178704, 140705545178704, 140705545178704, 140705545178704, 140705545178704, 140705545178704, 140705545178704, 140705545178704, 140705545178704, 140705545178704, 140705545178704, 140705545178704, 140705545178704, 140705545178704, 140705545178704, 140705545178704]",1948,e067ebc91a9ac8104913db2d0b69ee1165715423a49b1fb9cb5401525b55ec51,2,20,140705545178704,140705545178704,B2_B_A
True,True,d59b0160:o0:d24:A_flip_ud,140709105019408,"[140709105019408, 140709105019408, 140709105019408, 140709105019408, 140709105019408, 140709105019408, 140709105019408, 140709105019408, 140709105019408, 140709105019408, 140709105019408, 140709105019408, 140709105019408, 140709105019408, 140709105019408, 140709105019408, 140709105019408, 140709105019408, 140709105019408, 140709105019408, 140709105019408]",1949,5fffc7859dbdf62f526c1e0bccf20719dc12c099599fe4366826422ad3841128,2,21,140709105019408,140709105019408,B2_B_A
True,True,d59b0160:o0:d24:B_identity,140705545178704,"[140705545178704, 140705545178704, 140705545178704, 140705545178704, 140705545178704, 140705545178704, 140705545178704, 140705545178704, 140705545178704, 140705545178704, 140705545178704, 140705545178704, 140705545178704, 140705545178704, 140705545178704, 140705545178704, 140705545178704, 140705545178704, 140705545178704, 140705545178704, 140705545178704]",1949,721d99d8062bad0a4ee12154172c9617dc96580afb16f3a071eeea372b491be3,2,21,140705545178704,140705545178704,B2_B_A
True,True,d59b0160:o0:d24:A_flip_ud,140709105019408,"[140709105019408, 140709105019408, 140709105019408, 140709105019408, 140709105019408, 140709105019408, 140709105019408, 140709105019408, 140709105019408, 140709105019408, 140709105019408, 140709105019408, 140709105019408, 140709105019408, 140709105019408, 140709105019408, 140709105019408, 140709105019408, 140709105019408, 140709105019408, 140709105019408, 140709105019408]",1950,a83d754fe2225b001c65c07597f94e542af88631db6c9b35f6d2c22a374eb34f,2,22,140709105019408,140709105019408,B2_B_A
True,True,d59b0160:o0:d24:B_identity,140705545178704,"[140705545178704, 140705545178704, 140705545178704, 140705545178704, 140705545178704, 140705545178704, 140705545178704, 140705545178704, 140705545178704, 140705545178704, 140705545178704, 140705545178704, 140705545178704, 140705545178704, 140705545178704, 140705545178704, 140705545178704, 140705545178704, 140705545178704, 140705545178704, 140705545178704, 140705545178704]",1950,b8c8d14caa4273f3e37142d30599aeabe39bac1f6893e17ccdd460f03188c3e2,2,22,140705545178704,140705545178704,B2_B_A
True,True,d59b0160:o0:d24:A_flip_ud,140709105019408,"[140709105019408, 140709105019408, 140709105019408, 140709105019408, 140709105019408, 140709105019408, 140709105019408, 140709105019408, 140709105019408, 140709105019408, 140709105019408, 140709105019408, 140709105019408, 140709105019408, 140709105019408, 140709105019408, 140709105019408, 140709105019408, 140709105019408, 140709105019408, 140709105019408, 140709105019408, 140709105019408]",1951,f2d2acd395f440e4883cd6358d35062a3f255cf7a77049a87eba6cd5f27d00de,2,23,140709105019408,140709105019408,B2_B_A
True,True,d59b0160:o0:d24:B_identity,140705545178704,"[140705545178704, 140705545178704, 140705545178704, 140705545178704, 140705545178704, 140705545178704, 140705545178704, 140705545178704, 140705545178704, 140705545178704, 140705545178704, 140705545178704, 140705545178704, 140705545178704, 140705545178704, 140705545178704, 140705545178704, 140705545178704, 140705545178704, 140705545178704, 140705545178704, 140705545178704, 140705545178704]",1951,8b28ec0189db54ec3a9d478c6ba576038f339f5e64afc433b4d23e63f8e8d302,2,23,140705545178704,140705545178704,B2_B_A
True,True,d59b0160:o0:d24:A_flip_ud,140709105019408,"[140709105019408, 140709105019408, 140709105019408, 140709105019408, 140709105019408, 140709105019408, 140709105019408, 140709105019408, 140709105019408, 140709105019408, 140709105019408, 140709105019408, 140709105019408, 140709105019408, 140709105019408, 140709105019408, 140709105019408, 140709105019408, 140709105019408, 140709105019408, 140709105019408, 140709105019408, 140709105019408, 140709105019408]",1952,ce8d7875fc1f646971062bc4502a3a16dbf7d253496836bb422a858126bdc7f1,2,24,140709105019408,140709105019408,B2_B_A
True,True,d59b0160:o0:d24:B_identity,140705545178704,"[140705545178704, 140705545178704, 140705545178704, 140705545178704, 140705545178704, 140705545178704, 140705545178704, 140705545178704, 140705545178704, 140705545178704, 140705545178704, 140705545178704, 140705545178704, 140705545178704, 140705545178704, 140705545178704, 140705545178704, 140705545178704, 140705545178704, 140705545178704, 140705545178704, 140705545178704, 140705545178704, 140705545178704]",1952,238ed0596b179aabb377f99ee176e52a403d0c788863207a1c68422a4441b476,2,24,140705545178704,140705545178704,B2_B_A
True,True,d59b0160:o0:d24:A_flip_ud,140709105019408,"[140709105019408, 140709105019408, 140709105019408, 140709105019408, 140709105019408, 140709105019408, 140709105019408, 140709105019408, 140709105019408, 140709105019408, 140709105019408, 140709105019408, 140709105019408, 140709105019408, 140709105019408, 140709105019408, 140709105019408, 140709105019408, 140709105019408, 140709105019408, 140709105019408, 140709105019408, 140709105019408, 140709105019408, 140709105019408]",1953,058c6d319bdbbb557b553a431d89c98cbdf53956593e44d2eb452ad777500ec6,2,25,140709105019408,140709105019408,B2_B_A
True,True,d59b0160:o0:d24:B_identity,140705545178704,"[140705545178704, 140705545178704, 140705545178704, 140705545178704, 140705545178704, 140705545178704, 140705545178704, 140705545178704, 140705545178704, 140705545178704, 140705545178704, 140705545178704, 140705545178704, 140705545178704, 140705545178704, 140705545178704, 140705545178704, 140705545178704, 140705545178704, 140705545178704, 140705545178704, 140705545178704, 140705545178704, 140705545178704, 140705545178704]",1953,dcea54b3a6180b16b3f32bbdcac597a6c4660aa2556cfb347b36943b0623413f,2,25,140705545178704,140705545178704,B2_B_A
True,True,d59b0160:o0:d24:A_flip_ud,140709105019408,"[140709105019408, 140709105019408, 140709105019408, 140709105019408, 140709105019408, 140709105019408, 140709105019408, 140709105019408, 140709105019408, 140709105019408, 140709105019408, 140709105019408, 140709105019408, 140709105019408, 140709105019408, 140709105019408, 140709105019408, 140709105019408, 140709105019408, 140709105019408, 140709105019408, 140709105019408, 140709105019408, 140709105019408, 140709105019408, 140709105019408]",1954,ca3f52dd5b0d6f4f9856530263baa296f748295ff99c3f6a5fd00a0117fde210,2,26,140709105019408,140709105019408,B2_B_A
True,True,d59b0160:o0:d24:B_identity,140705545178704,"[140705545178704, 140705545178704, 140705545178704, 140705545178704, 140705545178704, 140705545178704, 140705545178704, 140705545178704, 140705545178704, 140705545178704, 140705545178704, 140705545178704, 140705545178704, 140705545178704, 140705545178704, 140705545178704, 140705545178704, 140705545178704, 140705545178704, 140705545178704, 140705545178704, 140705545178704, 140705545178704, 140705545178704, 140705545178704, 140705545178704]",1954,11331db1560c48a71e8bf2f899bfcbc7cf8b3fc7eec33771f8818dcb092764bf,2,26,140705545178704,140705545178704,B2_B_A
True,True,d59b0160:o0:d24:A_flip_ud,140709105019408,"[140709105019408, 140709105019408, 140709105019408, 140709105019408, 140709105019408, 140709105019408, 140709105019408, 140709105019408, 140709105019408, 140709105019408, 140709105019408, 140709105019408, 140709105019408, 140709105019408, 140709105019408, 140709105019408, 140709105019408, 140709105019408, 140709105019408, 140709105019408, 140709105019408, 140709105019408, 140709105019408, 140709105019408, 140709105019408, 140709105019408, 140709105019408]",1955,ccabae1ca13ca3c33719bc3610c07c8ca27270a9620689334c011560f53a73f3,2,27,140709105019408,140709105019408,B2_B_A
True,True,d59b0160:o0:d24:B_identity,140705545178704,"[140705545178704, 140705545178704, 140705545178704, 140705545178704, 140705545178704, 140705545178704, 140705545178704, 140705545178704, 140705545178704, 140705545178704, 140705545178704, 140705545178704, 140705545178704, 140705545178704, 140705545178704, 140705545178704, 140705545178704, 140705545178704, 140705545178704, 140705545178704, 140705545178704, 140705545178704, 140705545178704, 140705545178704, 140705545178704, 140705545178704, 140705545178704]",1955,7a78a0f53397a2736a535d9091c76f36a8fe538e76ff98c19ea95730f37db323,2,27,140705545178704,140705545178704,B2_B_A
True,True,d59b0160:o0:d24:A_flip_ud,140709105019408,"[140709105019408, 140709105019408, 140709105019408, 140709105019408, 140709105019408, 140709105019408, 140709105019408, 140709105019408, 140709105019408, 140709105019408, 140709105019408, 140709105019408, 140709105019408, 140709105019408, 140709105019408, 140709105019408, 140709105019408, 140709105019408, 140709105019408, 140709105019408, 140709105019408, 140709105019408, 140709105019408, 140709105019408, 140709105019408, 140709105019408, 140709105019408, 140709105019408]",1956,70191931bebd9dd8d3571f000614932e977aa861d1f62c2bd2fd4e207d59d7a6,2,28,140709105019408,140709105019408,B2_B_A
True,True,d59b0160:o0:d24:B_identity,140705545178704,"[140705545178704, 140705545178704, 140705545178704, 140705545178704, 140705545178704, 140705545178704, 140705545178704, 140705545178704, 140705545178704, 140705545178704, 140705545178704, 140705545178704, 140705545178704, 140705545178704, 140705545178704, 140705545178704, 140705545178704, 140705545178704, 140705545178704, 140705545178704, 140705545178704, 140705545178704, 140705545178704, 140705545178704, 140705545178704, 140705545178704, 140705545178704, 140705545178704]",1956,6ae49b797b4b8d99cc24523b95d63dc1544e0cabba0fe18c399ae57afef58c75,2,28,140705545178704,140705545178704,B2_B_A
True,True,d59b0160:o0:d24:A_flip_ud,140709105019408,"[140709105019408, 140709105019408, 140709105019408, 140709105019408, 140709105019408, 140709105019408, 140709105019408, 140709105019408, 140709105019408, 140709105019408, 140709105019408, 140709105019408, 140709105019408, 140709105019408, 140709105019408, 140709105019408, 140709105019408, 140709105019408, 140709105019408, 140709105019408, 140709105019408, 140709105019408, 140709105019408, 140709105019408, 140709105019408, 140709105019408, 140709105019408, 140709105019408, 140709105019408]",1957,f71257910bde6a09d94d4065d25d73ad4343025e3031cb7292d3a933cb6d8e02,2,29,140709105019408,140709105019408,B2_B_A
True,True,d59b0160:o0:d24:B_identity,140705545178704,"[140705545178704, 140705545178704, 140705545178704, 140705545178704, 140705545178704, 140705545178704, 140705545178704, 140705545178704, 140705545178704, 140705545178704, 140705545178704, 140705545178704, 140705545178704, 140705545178704, 140705545178704, 140705545178704, 140705545178704, 140705545178704, 140705545178704, 140705545178704, 140705545178704, 140705545178704, 140705545178704, 140705545178704, 140705545178704, 140705545178704, 140705545178704, 140705545178704, 140705545178704]",1957,a42c78fb8f0c8d9975d9ae5ee484dddc3529553493af94a36d794ca9597d3785,2,29,140705545178704,140705545178704,B2_B_A
True,True,d59b0160:o0:d24:A_flip_ud,140709105019408,"[140709105019408, 140709105019408, 140709105019408, 140709105019408, 140709105019408, 140709105019408, 140709105019408, 140709105019408, 140709105019408, 140709105019408, 140709105019408, 140709105019408, 140709105019408, 140709105019408, 140709105019408, 140709105019408, 140709105019408, 140709105019408, 140709105019408, 140709105019408, 140709105019408, 140709105019408, 140709105019408, 140709105019408, 140709105019408, 140709105019408, 140709105019408, 140709105019408, 140709105019408, 140709105019408]",1958,7f56da1ea2427aac96c3e181855a6e8b6ec42cf6d349950804f01c9e6f3bc9f2,2,30,140709105019408,140709105019408,B2_B_A
True,True,d59b0160:o0:d24:B_identity,140705545178704,"[140705545178704, 140705545178704, 140705545178704, 140705545178704, 140705545178704, 140705545178704, 140705545178704, 140705545178704, 140705545178704, 140705545178704, 140705545178704, 140705545178704, 140705545178704, 140705545178704, 140705545178704, 140705545178704, 140705545178704, 140705545178704, 140705545178704, 140705545178704, 140705545178704, 140705545178704, 140705545178704, 140705545178704, 140705545178704, 140705545178704, 140705545178704, 140705545178704, 140705545178704, 140705545178704]",1958,ef17fd32fb4f42aa9ba1ba5daf23ed0f5afc12e4d0b64ccd280f90fd892aafca,2,30,140705545178704,140705545178704,B2_B_A
True,True,d59b0160:o0:d24:A_flip_ud,140709105019408,"[140709105019408, 140709105019408, 140709105019408, 140709105019408, 140709105019408, 140709105019408, 140709105019408, 140709105019408, 140709105019408, 140709105019408, 140709105019408, 140709105019408, 140709105019408, 140709105019408, 140709105019408, 140709105019408, 140709105019408, 140709105019408, 140709105019408, 140709105019408, 140709105019408, 140709105019408, 140709105019408, 140709105019408, 140709105019408, 140709105019408, 140709105019408, 140709105019408, 140709105019408, 140709105019408, 140709105019408]",1959,e0aa7e3322dc7b8fd2025b79e27cfbe610db98c31258d15c6b5ba1da5d296583,2,31,140709105019408,140709105019408,B2_B_A
True,True,d59b0160:o0:d24:B_identity,140705545178704,"[140705545178704, 140705545178704, 140705545178704, 140705545178704, 140705545178704, 140705545178704, 140705545178704, 140705545178704, 140705545178704, 140705545178704, 140705545178704, 140705545178704, 140705545178704, 140705545178704, 140705545178704, 140705545178704, 140705545178704, 140705545178704, 140705545178704, 140705545178704, 140705545178704, 140705545178704, 140705545178704, 140705545178704, 140705545178704, 140705545178704, 140705545178704, 140705545178704, 140705545178704, 140705545178704, 140705545178704]",1959,656b554b060e094392846d5162f7af4c9b422fad6522fc0d09edfaf70ca33cc4,2,31,140705545178704,140705545178704,B2_B_A
True,True,d59b0160:o0:d24:A_flip_ud,140709105019408,"[140709105019408, 140709105019408, 140709105019408, 140709105019408, 140709105019408, 140709105019408, 140709105019408, 140709105019408, 140709105019408, 140709105019408, 140709105019408, 140709105019408, 140709105019408, 140709105019408, 140709105019408, 140709105019408, 140709105019408, 140709105019408, 140709105019408, 140709105019408, 140709105019408, 140709105019408, 140709105019408, 140709105019408, 140709105019408, 140709105019408, 140709105019408, 140709105019408, 140709105019408, 140709105019408, 140709105019408, 140709105019408]",1960,4a32571a76ab124d56b43945d80bee482b4ea51700214a38bfd9f6641bef27a0,2,32,140709105019408,140709105019408,B2_B_A
True,True,d59b0160:o0:d24:B_identity,140705545178704,"[140705545178704, 140705545178704, 140705545178704, 140705545178704, 140705545178704, 140705545178704, 140705545178704, 140705545178704, 140705545178704, 140705545178704, 140705545178704, 140705545178704, 140705545178704, 140705545178704, 140705545178704, 140705545178704, 140705545178704, 140705545178704, 140705545178704, 140705545178704, 140705545178704, 140705545178704, 140705545178704, 140705545178704, 140705545178704, 140705545178704, 140705545178704, 140705545178704, 140705545178704, 140705545178704, 140705545178704, 140705545178704]",1960,4a21e94f4f0097f142beea5bf177524f5801cc00aa261e27b1b937203a80e5b0,2,32,140705545178704,140705545178704,B2_B_A
