task_id,source_dataset,exclusion_reason,cohort_or_experiment,manifest_artifact_source,gold_or_target_previously_accessed,reserved_heldout_indicator,first_discovered_reference,confidence,evidence_count
00576224,project_repository,prior_evaluation_or_development_reference,llm_pilot_exposed_97.json,configs/llm_pilot_exposed_97.json,NOT_ESTABLISHED_FROM_PATH,False,01215062a544a7275295ec4ab862d290c14f2a09:configs/llm_pilot_exposed_97.json,MEDIUM_TEXTUAL_PROJECT_REFERENCE,84
007bbfb7,project_repository,prior_evaluation_or_development_reference,llm_pilot_exposed_97.json,configs/llm_pilot_exposed_97.json,NOT_ESTABLISHED_FROM_PATH,False,01215062a544a7275295ec4ab862d290c14f2a09:configs/llm_pilot_exposed_97.json,MEDIUM_TEXTUAL_PROJECT_REFERENCE,109
009d5c81,project_repository,prior_evaluation_or_development_reference,llm_pilot_exposed_97.json,configs/llm_pilot_exposed_97.json,NOT_ESTABLISHED_FROM_PATH,False,01215062a544a7275295ec4ab862d290c14f2a09:configs/llm_pilot_exposed_97.json,MEDIUM_TEXTUAL_PROJECT_REFERENCE,140
00d62c1b,project_repository,prior_evaluation_or_development_reference,llm_pilot_exposed_97.json,configs/llm_pilot_exposed_97.json,NOT_ESTABLISHED_FROM_PATH,False,01215062a544a7275295ec4ab862d290c14f2a09:configs/llm_pilot_exposed_97.json,MEDIUM_TEXTUAL_PROJECT_REFERENCE,392
00dbd492,project_repository,prior_evaluation_or_development_reference,llm_pilot_exposed_97.json,configs/llm_pilot_exposed_97.json,NOT_ESTABLISHED_FROM_PATH,False,01215062a544a7275295ec4ab862d290c14f2a09:configs/llm_pilot_exposed_97.json,MEDIUM_TEXTUAL_PROJECT_REFERENCE,84
017c7c7b,project_repository,prior_evaluation_or_development_reference,llm_pilot_exposed_97.json,configs/llm_pilot_exposed_97.json,NOT_ESTABLISHED_FROM_PATH,False,01215062a544a7275295ec4ab862d290c14f2a09:configs/llm_pilot_exposed_97.json,MEDIUM_TEXTUAL_PROJECT_REFERENCE,84
025d127b,project_repository,prior_evaluation_or_development_reference,llm_pilot_exposed_97.json,configs/llm_pilot_exposed_97.json,NOT_ESTABLISHED_FROM_PATH,False,01215062a544a7275295ec4ab862d290c14f2a09:configs/llm_pilot_exposed_97.json,MEDIUM_TEXTUAL_PROJECT_REFERENCE,112
03560426,project_repository,prior_evaluation_or_development_reference,llm_pilot_exposed_97.json,configs/llm_pilot_exposed_97.json,NOT_ESTABLISHED_FROM_PATH,False,01215062a544a7275295ec4ab862d290c14f2a09:configs/llm_pilot_exposed_97.json,MEDIUM_TEXTUAL_PROJECT_REFERENCE,112
045e512c,project_repository,prior_evaluation_or_development_reference,llm_pilot_exposed_97.json,configs/llm_pilot_exposed_97.json,NOT_ESTABLISHED_FROM_PATH,False,01215062a544a7275295ec4ab862d290c14f2a09:configs/llm_pilot_exposed_97.json,MEDIUM_TEXTUAL_PROJECT_REFERENCE,112
0520fde7,project_repository,prior_evaluation_or_development_reference,llm_pilot_exposed_97.json,configs/llm_pilot_exposed_97.json,NOT_ESTABLISHED_FROM_PATH,False,01215062a544a7275295ec4ab862d290c14f2a09:configs/llm_pilot_exposed_97.json,MEDIUM_TEXTUAL_PROJECT_REFERENCE,112
05269061,project_repository,prior_evaluation_or_development_reference,llm_pilot_exposed_97.json,configs/llm_pilot_exposed_97.json,NOT_ESTABLISHED_FROM_PATH,False,01215062a544a7275295ec4ab862d290c14f2a09:configs/llm_pilot_exposed_97.json,MEDIUM_TEXTUAL_PROJECT_REFERENCE,84
05a7bcf2,project_repository,prior_evaluation_or_development_reference,llm_pilot_exposed_97.json,configs/llm_pilot_exposed_97.json,NOT_ESTABLISHED_FROM_PATH,False,01215062a544a7275295ec4ab862d290c14f2a09:configs/llm_pilot_exposed_97.json,MEDIUM_TEXTUAL_PROJECT_REFERENCE,84
05f2a901,project_repository,prior_evaluation_or_development_reference,llm_pilot_exposed_97.json,configs/llm_pilot_exposed_97.json,NOT_ESTABLISHED_FROM_PATH,False,01215062a544a7275295ec4ab862d290c14f2a09:configs/llm_pilot_exposed_97.json,MEDIUM_TEXTUAL_PROJECT_REFERENCE,112
0607ce86,project_repository,prior_evaluation_or_development_reference,llm_pilot_exposed_97.json,configs/llm_pilot_exposed_97.json,NOT_ESTABLISHED_FROM_PATH,False,01215062a544a7275295ec4ab862d290c14f2a09:configs/llm_pilot_exposed_97.json,MEDIUM_TEXTUAL_PROJECT_REFERENCE,112
0692e18c,project_repository,prior_evaluation_or_development_reference,llm_pilot_exposed_97.json,configs/llm_pilot_exposed_97.json,NOT_ESTABLISHED_FROM_PATH,False,01215062a544a7275295ec4ab862d290c14f2a09:configs/llm_pilot_exposed_97.json,MEDIUM_TEXTUAL_PROJECT_REFERENCE,112
06df4c85,project_repository,prior_evaluation_or_development_reference,llm_pilot_exposed_97.json,configs/llm_pilot_exposed_97.json,NOT_ESTABLISHED_FROM_PATH,False,01215062a544a7275295ec4ab862d290c14f2a09:configs/llm_pilot_exposed_97.json,MEDIUM_TEXTUAL_PROJECT_REFERENCE,84
070dd51e,project_repository,prior_evaluation_or_development_reference,llm_pilot_exposed_97.json,configs/llm_pilot_exposed_97.json,NOT_ESTABLISHED_FROM_PATH,False,01215062a544a7275295ec4ab862d290c14f2a09:configs/llm_pilot_exposed_97.json,MEDIUM_TEXTUAL_PROJECT_REFERENCE,112
08ed6ac7,project_repository,prior_evaluation_or_development_reference,llm_pilot_exposed_97.json,configs/llm_pilot_exposed_97.json,NOT_ESTABLISHED_FROM_PATH,False,01215062a544a7275295ec4ab862d290c14f2a09:configs/llm_pilot_exposed_97.json,MEDIUM_TEXTUAL_PROJECT_REFERENCE,140
0934a4d8,project_repository,prior_evaluation_or_development_reference,eval60_phase3_d48_aug8_r1024_archive_v1,artifacts/eval60_phase3_d48_aug8_r1024_archive_v1/manifests/SOURCE_FILE_MANIFEST.csv,NOT_ESTABLISHED_FROM_PATH,False,18215650ec259e5d43add943b7f1657ec45b09cc:artifacts/eval60_phase3_d48_aug8_r1024_archive_v1/manifests/SOURCE_FILE_MANIFEST.csv,MEDIUM_TEXTUAL_PROJECT_REFERENCE,74846
09629e4f,project_repository,prior_evaluation_or_development_reference,llm_pilot_exposed_97.json,configs/llm_pilot_exposed_97.json,NOT_ESTABLISHED_FROM_PATH,False,01215062a544a7275295ec4ab862d290c14f2a09:configs/llm_pilot_exposed_97.json,MEDIUM_TEXTUAL_PROJECT_REFERENCE,109
0962bcdd,project_repository,prior_evaluation_or_development_reference,llm_pilot_exposed_97.json,configs/llm_pilot_exposed_97.json,NOT_ESTABLISHED_FROM_PATH,False,01215062a544a7275295ec4ab862d290c14f2a09:configs/llm_pilot_exposed_97.json,MEDIUM_TEXTUAL_PROJECT_REFERENCE,112
09c534e7,project_repository,prior_evaluation_or_development_reference,llm_pilot_exposed_97.json,configs/llm_pilot_exposed_97.json,NOT_ESTABLISHED_FROM_PATH,False,01215062a544a7275295ec4ab862d290c14f2a09:configs/llm_pilot_exposed_97.json,MEDIUM_TEXTUAL_PROJECT_REFERENCE,109
0a1d4ef5,project_repository,prior_evaluation_or_development_reference,llm_pilot_exposed_97.json,configs/llm_pilot_exposed_97.json,NOT_ESTABLISHED_FROM_PATH,False,01215062a544a7275295ec4ab862d290c14f2a09:configs/llm_pilot_exposed_97.json,MEDIUM_TEXTUAL_PROJECT_REFERENCE,84
0a2355a6,project_repository,prior_evaluation_or_development_reference,llm_pilot_exposed_97.json,configs/llm_pilot_exposed_97.json,NOT_ESTABLISHED_FROM_PATH,False,01215062a544a7275295ec4ab862d290c14f2a09:configs/llm_pilot_exposed_97.json,MEDIUM_TEXTUAL_PROJECT_REFERENCE,112
0a938d79,project_repository,prior_evaluation_or_development_reference,llm_pilot_exposed_97.json,configs/llm_pilot_exposed_97.json,NOT_ESTABLISHED_FROM_PATH,False,01215062a544a7275295ec4ab862d290c14f2a09:configs/llm_pilot_exposed_97.json,MEDIUM_TEXTUAL_PROJECT_REFERENCE,84
0b148d64,project_repository,prior_evaluation_or_development_reference,llm_pilot_exposed_97.json,configs/llm_pilot_exposed_97.json,NOT_ESTABLISHED_FROM_PATH,False,01215062a544a7275295ec4ab862d290c14f2a09:configs/llm_pilot_exposed_97.json,MEDIUM_TEXTUAL_PROJECT_REFERENCE,109
0b17323b,project_repository,prior_evaluation_or_development_reference,llm_pilot_exposed_97.json,configs/llm_pilot_exposed_97.json,NOT_ESTABLISHED_FROM_PATH,False,01215062a544a7275295ec4ab862d290c14f2a09:configs/llm_pilot_exposed_97.json,MEDIUM_TEXTUAL_PROJECT_REFERENCE,84
0bb8deee,project_repository,prior_evaluation_or_development_reference,llm_pilot_exposed_97.json,configs/llm_pilot_exposed_97.json,NOT_ESTABLISHED_FROM_PATH,False,01215062a544a7275295ec4ab862d290c14f2a09:configs/llm_pilot_exposed_97.json,MEDIUM_TEXTUAL_PROJECT_REFERENCE,112
0becf7df,project_repository,prior_evaluation_or_development_reference,llm_pilot_exposed_97.json,configs/llm_pilot_exposed_97.json,NOT_ESTABLISHED_FROM_PATH,False,01215062a544a7275295ec4ab862d290c14f2a09:configs/llm_pilot_exposed_97.json,MEDIUM_TEXTUAL_PROJECT_REFERENCE,84
0c786b71,project_repository,prior_evaluation_or_development_reference,llm_pilot_exposed_97.json,configs/llm_pilot_exposed_97.json,NOT_ESTABLISHED_FROM_PATH,False,01215062a544a7275295ec4ab862d290c14f2a09:configs/llm_pilot_exposed_97.json,MEDIUM_TEXTUAL_PROJECT_REFERENCE,84
0c9aba6e,project_repository,prior_evaluation_or_development_reference,llm_pilot_exposed_97.json,configs/llm_pilot_exposed_97.json,NOT_ESTABLISHED_FROM_PATH,False,01215062a544a7275295ec4ab862d290c14f2a09:configs/llm_pilot_exposed_97.json,MEDIUM_TEXTUAL_PROJECT_REFERENCE,112
0ca9ddb6,project_repository,prior_evaluation_or_development_reference,llm_pilot_exposed_97.json,configs/llm_pilot_exposed_97.json,NOT_ESTABLISHED_FROM_PATH,False,01215062a544a7275295ec4ab862d290c14f2a09:configs/llm_pilot_exposed_97.json,MEDIUM_TEXTUAL_PROJECT_REFERENCE,84
0d3d703e,project_repository,prior_evaluation_or_development_reference,llm_pilot_exposed_97.json,configs/llm_pilot_exposed_97.json,NOT_ESTABLISHED_FROM_PATH,False,01215062a544a7275295ec4ab862d290c14f2a09:configs/llm_pilot_exposed_97.json,MEDIUM_TEXTUAL_PROJECT_REFERENCE,252
0d87d2a6,project_repository,prior_evaluation_or_development_reference,llm_pilot_exposed_97.json,configs/llm_pilot_exposed_97.json,NOT_ESTABLISHED_FROM_PATH,False,01215062a544a7275295ec4ab862d290c14f2a09:configs/llm_pilot_exposed_97.json,MEDIUM_TEXTUAL_PROJECT_REFERENCE,112
0e206a2e,project_repository,prior_evaluation_or_development_reference,llm_pilot_exposed_97.json,configs/llm_pilot_exposed_97.json,NOT_ESTABLISHED_FROM_PATH,False,01215062a544a7275295ec4ab862d290c14f2a09:configs/llm_pilot_exposed_97.json,MEDIUM_TEXTUAL_PROJECT_REFERENCE,112
0e671a1a,project_repository,prior_evaluation_or_development_reference,llm_pilot_exposed_97.json,configs/llm_pilot_exposed_97.json,NOT_ESTABLISHED_FROM_PATH,False,01215062a544a7275295ec4ab862d290c14f2a09:configs/llm_pilot_exposed_97.json,MEDIUM_TEXTUAL_PROJECT_REFERENCE,112
0f63c0b9,project_repository,prior_evaluation_or_development_reference,llm_pilot_exposed_97.json,configs/llm_pilot_exposed_97.json,NOT_ESTABLISHED_FROM_PATH,False,01215062a544a7275295ec4ab862d290c14f2a09:configs/llm_pilot_exposed_97.json,MEDIUM_TEXTUAL_PROJECT_REFERENCE,109
103eff5b,project_repository,prior_evaluation_or_development_reference,llm_pilot_exposed_97.json,configs/llm_pilot_exposed_97.json,NOT_ESTABLISHED_FROM_PATH,False,01215062a544a7275295ec4ab862d290c14f2a09:configs/llm_pilot_exposed_97.json,MEDIUM_TEXTUAL_PROJECT_REFERENCE,112
10fcaaa3,project_repository,prior_evaluation_or_development_reference,llm_pilot_exposed_97.json,configs/llm_pilot_exposed_97.json,NOT_ESTABLISHED_FROM_PATH,False,01215062a544a7275295ec4ab862d290c14f2a09:configs/llm_pilot_exposed_97.json,MEDIUM_TEXTUAL_PROJECT_REFERENCE,112
11852cab,project_repository,prior_evaluation_or_development_reference,llm_pilot_exposed_97.json,configs/llm_pilot_exposed_97.json,NOT_ESTABLISHED_FROM_PATH,False,01215062a544a7275295ec4ab862d290c14f2a09:configs/llm_pilot_exposed_97.json,MEDIUM_TEXTUAL_PROJECT_REFERENCE,84
1190bc91,project_repository,prior_evaluation_or_development_reference,ARC2_NATIVE_RANKER_DIAGNOSIS_AND_REPAIR_V1.json,configs/ARC2_NATIVE_RANKER_DIAGNOSIS_AND_REPAIR_V1.json,NOT_ESTABLISHED_FROM_PATH,False,01215062a544a7275295ec4ab862d290c14f2a09:configs/ARC2_NATIVE_RANKER_DIAGNOSIS_AND_REPAIR_V1.json,MEDIUM_TEXTUAL_PROJECT_REFERENCE,140
1190e5a7,project_repository,prior_evaluation_or_development_reference,llm_pilot_exposed_97.json,configs/llm_pilot_exposed_97.json,NOT_ESTABLISHED_FROM_PATH,False,01215062a544a7275295ec4ab862d290c14f2a09:configs/llm_pilot_exposed_97.json,MEDIUM_TEXTUAL_PROJECT_REFERENCE,84
11dc524f,project_repository,prior_evaluation_or_development_reference,llm_pilot_exposed_97.json,configs/llm_pilot_exposed_97.json,NOT_ESTABLISHED_FROM_PATH,False,01215062a544a7275295ec4ab862d290c14f2a09:configs/llm_pilot_exposed_97.json,MEDIUM_TEXTUAL_PROJECT_REFERENCE,112
11e1fe23,project_repository,prior_evaluation_or_development_reference,llm_pilot_exposed_97.json,configs/llm_pilot_exposed_97.json,NOT_ESTABLISHED_FROM_PATH,False,01215062a544a7275295ec4ab862d290c14f2a09:configs/llm_pilot_exposed_97.json,MEDIUM_TEXTUAL_PROJECT_REFERENCE,84
12422b43,project_repository,prior_evaluation_or_development_reference,llm_pilot_exposed_97.json,configs/llm_pilot_exposed_97.json,NOT_ESTABLISHED_FROM_PATH,False,01215062a544a7275295ec4ab862d290c14f2a09:configs/llm_pilot_exposed_97.json,MEDIUM_TEXTUAL_PROJECT_REFERENCE,84
12997ef3,project_repository,prior_evaluation_or_development_reference,llm_pilot_exposed_97.json,configs/llm_pilot_exposed_97.json,NOT_ESTABLISHED_FROM_PATH,False,01215062a544a7275295ec4ab862d290c14f2a09:configs/llm_pilot_exposed_97.json,MEDIUM_TEXTUAL_PROJECT_REFERENCE,112
12eac192,project_repository,prior_evaluation_or_development_reference,llm_pilot_exposed_97.json,configs/llm_pilot_exposed_97.json,NOT_ESTABLISHED_FROM_PATH,False,01215062a544a7275295ec4ab862d290c14f2a09:configs/llm_pilot_exposed_97.json,MEDIUM_TEXTUAL_PROJECT_REFERENCE,112
135a2760,project_repository,project_task_reference,nonblind_development_loo_transfer30_v1,analysis/nonblind_development_loo_transfer30_v1/frozen_run_20260927T112700Z/exposure_audit.json,NOT_ESTABLISHED_FROM_PATH,True,01215062a544a7275295ec4ab862d290c14f2a09:analysis/nonblind_development_loo_transfer30_v1/frozen_run_20260927T112700Z/exposure_audit.json,MEDIUM_TEXTUAL_PROJECT_REFERENCE,43
136b0064,project_repository,project_task_reference,nonblind_development_loo_transfer30_v1,analysis/nonblind_development_loo_transfer30_v1/frozen_run_20260927T112700Z/loo_surface.csv,NOT_ESTABLISHED_FROM_PATH,True,01215062a544a7275295ec4ab862d290c14f2a09:analysis/nonblind_development_loo_transfer30_v1/frozen_run_20260927T112700Z/loo_surface.csv,MEDIUM_TEXTUAL_PROJECT_REFERENCE,2653
13713586,project_repository,prior_evaluation_or_development_reference,llm_pilot_exposed_97.json,configs/llm_pilot_exposed_97.json,NOT_ESTABLISHED_FROM_PATH,False,01215062a544a7275295ec4ab862d290c14f2a09:configs/llm_pilot_exposed_97.json,MEDIUM_TEXTUAL_PROJECT_REFERENCE,84
137eaa0f,project_repository,prior_evaluation_or_development_reference,llm_pilot_exposed_97.json,configs/llm_pilot_exposed_97.json,NOT_ESTABLISHED_FROM_PATH,False,01215062a544a7275295ec4ab862d290c14f2a09:configs/llm_pilot_exposed_97.json,MEDIUM_TEXTUAL_PROJECT_REFERENCE,109
137f0df0,project_repository,prior_evaluation_or_development_reference,llm_pilot_exposed_97.json,configs/llm_pilot_exposed_97.json,NOT_ESTABLISHED_FROM_PATH,False,01215062a544a7275295ec4ab862d290c14f2a09:configs/llm_pilot_exposed_97.json,MEDIUM_TEXTUAL_PROJECT_REFERENCE,84
13e47133,project_repository,prior_evaluation_or_development_reference,eval60_phase3_d48_aug8_r1024_archive_v1,artifacts/eval60_phase3_d48_aug8_r1024_archive_v1/manifests/SOURCE_FILE_MANIFEST.csv,NOT_ESTABLISHED_FROM_PATH,False,18215650ec259e5d43add943b7f1657ec45b09cc:artifacts/eval60_phase3_d48_aug8_r1024_archive_v1/manifests/SOURCE_FILE_MANIFEST.csv,MEDIUM_TEXTUAL_PROJECT_REFERENCE,18479
13f06aa5,project_repository,prior_evaluation_or_development_reference,llm_pilot_exposed_97.json,configs/llm_pilot_exposed_97.json,NOT_ESTABLISHED_FROM_PATH,False,01215062a544a7275295ec4ab862d290c14f2a09:configs/llm_pilot_exposed_97.json,MEDIUM_TEXTUAL_PROJECT_REFERENCE,84
140c817e,project_repository,prior_evaluation_or_development_reference,llm_pilot_exposed_97.json,configs/llm_pilot_exposed_97.json,NOT_ESTABLISHED_FROM_PATH,False,01215062a544a7275295ec4ab862d290c14f2a09:configs/llm_pilot_exposed_97.json,MEDIUM_TEXTUAL_PROJECT_REFERENCE,112
142ca369,project_repository,prior_evaluation_or_development_reference,eval60_dual_ttt_dfs2048_retention30_v1,experiments/eval60_dual_ttt_dfs2048_retention30_v1/DFS1024_TASK_CHECKPOINTS/142ca369.json,NOT_ESTABLISHED_FROM_PATH,True,ef4e9ef9875a38101fcf36fea414f334bedfaad8:experiments/eval60_dual_ttt_dfs2048_retention30_v1/DFS1024_TASK_CHECKPOINTS/142ca369.json,MEDIUM_TEXTUAL_PROJECT_REFERENCE,30714
14754a24,project_repository,prior_evaluation_or_development_reference,llm_pilot_exposed_97.json,configs/llm_pilot_exposed_97.json,NOT_ESTABLISHED_FROM_PATH,False,01215062a544a7275295ec4ab862d290c14f2a09:configs/llm_pilot_exposed_97.json,MEDIUM_TEXTUAL_PROJECT_REFERENCE,56
1478ab18,project_repository,prior_evaluation_or_development_reference,llm_pilot_exposed_97.json,configs/llm_pilot_exposed_97.json,NOT_ESTABLISHED_FROM_PATH,False,01215062a544a7275295ec4ab862d290c14f2a09:configs/llm_pilot_exposed_97.json,MEDIUM_TEXTUAL_PROJECT_REFERENCE,56
14b8e18c,project_repository,prior_evaluation_or_development_reference,llm_pilot_exposed_97.json,configs/llm_pilot_exposed_97.json,NOT_ESTABLISHED_FROM_PATH,False,01215062a544a7275295ec4ab862d290c14f2a09:configs/llm_pilot_exposed_97.json,MEDIUM_TEXTUAL_PROJECT_REFERENCE,56
150deff5,project_repository,prior_evaluation_or_development_reference,llm_pilot_exposed_97.json,configs/llm_pilot_exposed_97.json,NOT_ESTABLISHED_FROM_PATH,False,01215062a544a7275295ec4ab862d290c14f2a09:configs/llm_pilot_exposed_97.json,MEDIUM_TEXTUAL_PROJECT_REFERENCE,84
15113be4,project_repository,prior_evaluation_or_development_reference,llm_pilot_exposed_97.json,configs/llm_pilot_exposed_97.json,NOT_ESTABLISHED_FROM_PATH,False,01215062a544a7275295ec4ab862d290c14f2a09:configs/llm_pilot_exposed_97.json,MEDIUM_TEXTUAL_PROJECT_REFERENCE,84
15660dd6,project_repository,prior_evaluation_or_development_reference,llm_pilot_exposed_97.json,configs/llm_pilot_exposed_97.json,NOT_ESTABLISHED_FROM_PATH,False,01215062a544a7275295ec4ab862d290c14f2a09:configs/llm_pilot_exposed_97.json,MEDIUM_TEXTUAL_PROJECT_REFERENCE,84
15663ba9,project_repository,prior_evaluation_or_development_reference,llm_pilot_exposed_97.json,configs/llm_pilot_exposed_97.json,NOT_ESTABLISHED_FROM_PATH,False,01215062a544a7275295ec4ab862d290c14f2a09:configs/llm_pilot_exposed_97.json,MEDIUM_TEXTUAL_PROJECT_REFERENCE,56
15696249,project_repository,prior_evaluation_or_development_reference,llm_pilot_exposed_97.json,configs/llm_pilot_exposed_97.json,NOT_ESTABLISHED_FROM_PATH,False,01215062a544a7275295ec4ab862d290c14f2a09:configs/llm_pilot_exposed_97.json,MEDIUM_TEXTUAL_PROJECT_REFERENCE,56
16b78196,project_repository,prior_evaluation_or_development_reference,eval60_phase3_d48_aug8_r1024_archive_v1,artifacts/eval60_phase3_d48_aug8_r1024_archive_v1/manifests/SOURCE_FILE_MANIFEST.csv,NOT_ESTABLISHED_FROM_PATH,False,18215650ec259e5d43add943b7f1657ec45b09cc:artifacts/eval60_phase3_d48_aug8_r1024_archive_v1/manifests/SOURCE_FILE_MANIFEST.csv,MEDIUM_TEXTUAL_PROJECT_REFERENCE,81369
16de56c4,project_repository,prior_evaluation_or_development_reference,eval60_phase3_d48_aug8_r1024_archive_v1,artifacts/eval60_phase3_d48_aug8_r1024_archive_v1/manifests/SOURCE_FILE_MANIFEST.csv,NOT_ESTABLISHED_FROM_PATH,False,18215650ec259e5d43add943b7f1657ec45b09cc:artifacts/eval60_phase3_d48_aug8_r1024_archive_v1/manifests/SOURCE_FILE_MANIFEST.csv,MEDIUM_TEXTUAL_PROJECT_REFERENCE,27182
17829a00,project_repository,prior_evaluation_or_development_reference,llm_pilot_exposed_97.json,configs/llm_pilot_exposed_97.json,NOT_ESTABLISHED_FROM_PATH,False,01215062a544a7275295ec4ab862d290c14f2a09:configs/llm_pilot_exposed_97.json,MEDIUM_TEXTUAL_PROJECT_REFERENCE,56
178fcbfb,project_repository,prior_evaluation_or_development_reference,llm_pilot_exposed_97.json,configs/llm_pilot_exposed_97.json,NOT_ESTABLISHED_FROM_PATH,False,01215062a544a7275295ec4ab862d290c14f2a09:configs/llm_pilot_exposed_97.json,MEDIUM_TEXTUAL_PROJECT_REFERENCE,56
17b80ad2,project_repository,prior_evaluation_or_development_reference,llm_pilot_exposed_97.json,configs/llm_pilot_exposed_97.json,NOT_ESTABLISHED_FROM_PATH,False,01215062a544a7275295ec4ab862d290c14f2a09:configs/llm_pilot_exposed_97.json,MEDIUM_TEXTUAL_PROJECT_REFERENCE,56
17b866bd,project_repository,prior_evaluation_or_development_reference,llm_pilot_exposed_97.json,configs/llm_pilot_exposed_97.json,NOT_ESTABLISHED_FROM_PATH,False,01215062a544a7275295ec4ab862d290c14f2a09:configs/llm_pilot_exposed_97.json,MEDIUM_TEXTUAL_PROJECT_REFERENCE,56
17cae0c1,project_repository,prior_evaluation_or_development_reference,llm_pilot_exposed_97.json,configs/llm_pilot_exposed_97.json,NOT_ESTABLISHED_FROM_PATH,False,01215062a544a7275295ec4ab862d290c14f2a09:configs/llm_pilot_exposed_97.json,MEDIUM_TEXTUAL_PROJECT_REFERENCE,84
1818057f,project_repository,prior_evaluation_or_development_reference,search_order_frontier_telemetry_micro12_v1,analysis/search_order_frontier_telemetry_micro12_v1/gate2_generation_v8/PROVENANCE.json,NOT_ESTABLISHED_FROM_PATH,True,18215650ec259e5d43add943b7f1657ec45b09cc:analysis/search_order_frontier_telemetry_micro12_v1/gate2_generation_v8/PROVENANCE.json,MEDIUM_TEXTUAL_PROJECT_REFERENCE,109902
18286ef8,project_repository,prior_evaluation_or_development_reference,llm_pilot_exposed_97.json,configs/llm_pilot_exposed_97.json,NOT_ESTABLISHED_FROM_PATH,False,01215062a544a7275295ec4ab862d290c14f2a09:configs/llm_pilot_exposed_97.json,MEDIUM_TEXTUAL_PROJECT_REFERENCE,56
182e5d0f,project_repository,prior_evaluation_or_development_reference,llm_pilot_exposed_97.json,configs/llm_pilot_exposed_97.json,NOT_ESTABLISHED_FROM_PATH,False,01215062a544a7275295ec4ab862d290c14f2a09:configs/llm_pilot_exposed_97.json,MEDIUM_TEXTUAL_PROJECT_REFERENCE,84
18419cfa,project_repository,prior_evaluation_or_development_reference,llm_pilot_exposed_97.json,configs/llm_pilot_exposed_97.json,NOT_ESTABLISHED_FROM_PATH,False,01215062a544a7275295ec4ab862d290c14f2a09:configs/llm_pilot_exposed_97.json,MEDIUM_TEXTUAL_PROJECT_REFERENCE,56
18447a8d,project_repository,prior_evaluation_or_development_reference,llm_pilot_exposed_97.json,configs/llm_pilot_exposed_97.json,NOT_ESTABLISHED_FROM_PATH,False,01215062a544a7275295ec4ab862d290c14f2a09:configs/llm_pilot_exposed_97.json,MEDIUM_TEXTUAL_PROJECT_REFERENCE,56
184a9768,project_repository,prior_evaluation_or_development_reference,llm_pilot_exposed_97.json,configs/llm_pilot_exposed_97.json,NOT_ESTABLISHED_FROM_PATH,False,01215062a544a7275295ec4ab862d290c14f2a09:configs/llm_pilot_exposed_97.json,MEDIUM_TEXTUAL_PROJECT_REFERENCE,84
195ba7dc,project_repository,prior_evaluation_or_development_reference,llm_pilot_exposed_97.json,configs/llm_pilot_exposed_97.json,NOT_ESTABLISHED_FROM_PATH,False,01215062a544a7275295ec4ab862d290c14f2a09:configs/llm_pilot_exposed_97.json,MEDIUM_TEXTUAL_PROJECT_REFERENCE,109
195c6913,project_repository,project_task_reference,nonblind_development_loo_transfer30_v1,analysis/nonblind_development_loo_transfer30_v1/frozen_run_20260927T112700Z/loo_surface.csv,NOT_ESTABLISHED_FROM_PATH,True,01215062a544a7275295ec4ab862d290c14f2a09:analysis/nonblind_development_loo_transfer30_v1/frozen_run_20260927T112700Z/loo_surface.csv,MEDIUM_TEXTUAL_PROJECT_REFERENCE,3013
1990f7a8,project_repository,prior_evaluation_or_development_reference,llm_pilot_exposed_97.json,configs/llm_pilot_exposed_97.json,NOT_ESTABLISHED_FROM_PATH,False,01215062a544a7275295ec4ab862d290c14f2a09:configs/llm_pilot_exposed_97.json,MEDIUM_TEXTUAL_PROJECT_REFERENCE,56
19bb5feb,project_repository,prior_evaluation_or_development_reference,llm_pilot_exposed_97.json,configs/llm_pilot_exposed_97.json,NOT_ESTABLISHED_FROM_PATH,False,01215062a544a7275295ec4ab862d290c14f2a09:configs/llm_pilot_exposed_97.json,MEDIUM_TEXTUAL_PROJECT_REFERENCE,56
1a07d186,project_repository,prior_evaluation_or_development_reference,llm_pilot_exposed_97.json,configs/llm_pilot_exposed_97.json,NOT_ESTABLISHED_FROM_PATH,False,01215062a544a7275295ec4ab862d290c14f2a09:configs/llm_pilot_exposed_97.json,MEDIUM_TEXTUAL_PROJECT_REFERENCE,56
1a244afd,project_repository,prior_evaluation_or_development_reference,llm_pilot_exposed_97.json,configs/llm_pilot_exposed_97.json,NOT_ESTABLISHED_FROM_PATH,False,01215062a544a7275295ec4ab862d290c14f2a09:configs/llm_pilot_exposed_97.json,MEDIUM_TEXTUAL_PROJECT_REFERENCE,56
1a2e2828,project_repository,prior_evaluation_or_development_reference,llm_pilot_exposed_97.json,configs/llm_pilot_exposed_97.json,NOT_ESTABLISHED_FROM_PATH,False,01215062a544a7275295ec4ab862d290c14f2a09:configs/llm_pilot_exposed_97.json,MEDIUM_TEXTUAL_PROJECT_REFERENCE,56
1a6449f1,project_repository,prior_evaluation_or_development_reference,llm_pilot_exposed_97.json,configs/llm_pilot_exposed_97.json,NOT_ESTABLISHED_FROM_PATH,False,01215062a544a7275295ec4ab862d290c14f2a09:configs/llm_pilot_exposed_97.json,MEDIUM_TEXTUAL_PROJECT_REFERENCE,56
1acc24af,project_repository,prior_evaluation_or_development_reference,ARC2_NATIVE_RANKER_DIAGNOSIS_AND_REPAIR_V1.json,configs/ARC2_NATIVE_RANKER_DIAGNOSIS_AND_REPAIR_V1.json,NOT_ESTABLISHED_FROM_PATH,False,01215062a544a7275295ec4ab862d290c14f2a09:configs/ARC2_NATIVE_RANKER_DIAGNOSIS_AND_REPAIR_V1.json,MEDIUM_TEXTUAL_PROJECT_REFERENCE,112
1ae2feb7,project_repository,project_task_reference,nonblind_development_loo_transfer30_v1,analysis/nonblind_development_loo_transfer30_v1/frozen_run_20260927T112700Z/exposure_audit.json,NOT_ESTABLISHED_FROM_PATH,True,01215062a544a7275295ec4ab862d290c14f2a09:analysis/nonblind_development_loo_transfer30_v1/frozen_run_20260927T112700Z/exposure_audit.json,MEDIUM_TEXTUAL_PROJECT_REFERENCE,43
1b2d62fb,project_repository,prior_evaluation_or_development_reference,llm_pilot_exposed_97.json,configs/llm_pilot_exposed_97.json,NOT_ESTABLISHED_FROM_PATH,False,01215062a544a7275295ec4ab862d290c14f2a09:configs/llm_pilot_exposed_97.json,MEDIUM_TEXTUAL_PROJECT_REFERENCE,56
1b59e163,project_repository,prior_evaluation_or_development_reference,llm_pilot_exposed_97.json,configs/llm_pilot_exposed_97.json,NOT_ESTABLISHED_FROM_PATH,False,01215062a544a7275295ec4ab862d290c14f2a09:configs/llm_pilot_exposed_97.json,MEDIUM_TEXTUAL_PROJECT_REFERENCE,84
1b60fb0c,project_repository,prior_evaluation_or_development_reference,llm_pilot_exposed_97.json,configs/llm_pilot_exposed_97.json,NOT_ESTABLISHED_FROM_PATH,False,01215062a544a7275295ec4ab862d290c14f2a09:configs/llm_pilot_exposed_97.json,MEDIUM_TEXTUAL_PROJECT_REFERENCE,84
1b8318e3,project_repository,prior_evaluation_or_development_reference,llm_pilot_exposed_97.json,configs/llm_pilot_exposed_97.json,NOT_ESTABLISHED_FROM_PATH,False,01215062a544a7275295ec4ab862d290c14f2a09:configs/llm_pilot_exposed_97.json,MEDIUM_TEXTUAL_PROJECT_REFERENCE,56
1be83260,project_repository,prior_evaluation_or_development_reference,llm_pilot_exposed_97.json,configs/llm_pilot_exposed_97.json,NOT_ESTABLISHED_FROM_PATH,False,01215062a544a7275295ec4ab862d290c14f2a09:configs/llm_pilot_exposed_97.json,MEDIUM_TEXTUAL_PROJECT_REFERENCE,56
1bfc4729,project_repository,prior_evaluation_or_development_reference,llm_pilot_exposed_97.json,configs/llm_pilot_exposed_97.json,NOT_ESTABLISHED_FROM_PATH,False,01215062a544a7275295ec4ab862d290c14f2a09:configs/llm_pilot_exposed_97.json,MEDIUM_TEXTUAL_PROJECT_REFERENCE,84
1c02dbbe,project_repository,prior_evaluation_or_development_reference,llm_pilot_exposed_97.json,configs/llm_pilot_exposed_97.json,NOT_ESTABLISHED_FROM_PATH,False,01215062a544a7275295ec4ab862d290c14f2a09:configs/llm_pilot_exposed_97.json,MEDIUM_TEXTUAL_PROJECT_REFERENCE,56
1c0d0a4b,project_repository,prior_evaluation_or_development_reference,llm_pilot_exposed_97.json,configs/llm_pilot_exposed_97.json,NOT_ESTABLISHED_FROM_PATH,False,01215062a544a7275295ec4ab862d290c14f2a09:configs/llm_pilot_exposed_97.json,MEDIUM_TEXTUAL_PROJECT_REFERENCE,84
1c56ad9f,project_repository,prior_evaluation_or_development_reference,llm_pilot_exposed_97.json,configs/llm_pilot_exposed_97.json,NOT_ESTABLISHED_FROM_PATH,False,01215062a544a7275295ec4ab862d290c14f2a09:configs/llm_pilot_exposed_97.json,MEDIUM_TEXTUAL_PROJECT_REFERENCE,84
1c786137,project_repository,prior_evaluation_or_development_reference,llm_pilot_exposed_97.json,configs/llm_pilot_exposed_97.json,NOT_ESTABLISHED_FROM_PATH,False,01215062a544a7275295ec4ab862d290c14f2a09:configs/llm_pilot_exposed_97.json,MEDIUM_TEXTUAL_PROJECT_REFERENCE,56
1caeab9d,project_repository,prior_evaluation_or_development_reference,llm_pilot_exposed_97.json,configs/llm_pilot_exposed_97.json,NOT_ESTABLISHED_FROM_PATH,False,01215062a544a7275295ec4ab862d290c14f2a09:configs/llm_pilot_exposed_97.json,MEDIUM_TEXTUAL_PROJECT_REFERENCE,56
1cf80156,project_repository,prior_evaluation_or_development_reference,llm_pilot_exposed_97.json,configs/llm_pilot_exposed_97.json,NOT_ESTABLISHED_FROM_PATH,False,01215062a544a7275295ec4ab862d290c14f2a09:configs/llm_pilot_exposed_97.json,MEDIUM_TEXTUAL_PROJECT_REFERENCE,644
1d0a4b61,project_repository,prior_evaluation_or_development_reference,llm_pilot_exposed_97.json,configs/llm_pilot_exposed_97.json,NOT_ESTABLISHED_FROM_PATH,False,01215062a544a7275295ec4ab862d290c14f2a09:configs/llm_pilot_exposed_97.json,MEDIUM_TEXTUAL_PROJECT_REFERENCE,84
1d398264,project_repository,prior_evaluation_or_development_reference,llm_pilot_exposed_97.json,configs/llm_pilot_exposed_97.json,NOT_ESTABLISHED_FROM_PATH,False,01215062a544a7275295ec4ab862d290c14f2a09:configs/llm_pilot_exposed_97.json,MEDIUM_TEXTUAL_PROJECT_REFERENCE,56
1d61978c,project_repository,prior_evaluation_or_development_reference,llm_pilot_exposed_97.json,configs/llm_pilot_exposed_97.json,NOT_ESTABLISHED_FROM_PATH,False,01215062a544a7275295ec4ab862d290c14f2a09:configs/llm_pilot_exposed_97.json,MEDIUM_TEXTUAL_PROJECT_REFERENCE,84
1da012fc,project_repository,prior_evaluation_or_development_reference,llm_pilot_exposed_97.json,configs/llm_pilot_exposed_97.json,NOT_ESTABLISHED_FROM_PATH,False,01215062a544a7275295ec4ab862d290c14f2a09:configs/llm_pilot_exposed_97.json,MEDIUM_TEXTUAL_PROJECT_REFERENCE,56
1e0a9b12,project_repository,prior_evaluation_or_development_reference,llm_pilot_exposed_97.json,configs/llm_pilot_exposed_97.json,NOT_ESTABLISHED_FROM_PATH,False,01215062a544a7275295ec4ab862d290c14f2a09:configs/llm_pilot_exposed_97.json,MEDIUM_TEXTUAL_PROJECT_REFERENCE,56
1e32b0e9,project_repository,prior_evaluation_or_development_reference,llm_pilot_exposed_97.json,configs/llm_pilot_exposed_97.json,NOT_ESTABLISHED_FROM_PATH,False,01215062a544a7275295ec4ab862d290c14f2a09:configs/llm_pilot_exposed_97.json,MEDIUM_TEXTUAL_PROJECT_REFERENCE,56
1e5d6875,project_repository,prior_evaluation_or_development_reference,llm_pilot_exposed_97.json,configs/llm_pilot_exposed_97.json,NOT_ESTABLISHED_FROM_PATH,False,01215062a544a7275295ec4ab862d290c14f2a09:configs/llm_pilot_exposed_97.json,MEDIUM_TEXTUAL_PROJECT_REFERENCE,84
1e81d6f9,project_repository,prior_evaluation_or_development_reference,llm_pilot_exposed_97.json,configs/llm_pilot_exposed_97.json,NOT_ESTABLISHED_FROM_PATH,False,01215062a544a7275295ec4ab862d290c14f2a09:configs/llm_pilot_exposed_97.json,MEDIUM_TEXTUAL_PROJECT_REFERENCE,84
1efba499,project_repository,prior_evaluation_or_development_reference,llm_pilot_exposed_97.json,configs/llm_pilot_exposed_97.json,NOT_ESTABLISHED_FROM_PATH,False,01215062a544a7275295ec4ab862d290c14f2a09:configs/llm_pilot_exposed_97.json,MEDIUM_TEXTUAL_PROJECT_REFERENCE,84
1f0c79e5,project_repository,prior_evaluation_or_development_reference,llm_pilot_exposed_97.json,configs/llm_pilot_exposed_97.json,NOT_ESTABLISHED_FROM_PATH,False,01215062a544a7275295ec4ab862d290c14f2a09:configs/llm_pilot_exposed_97.json,MEDIUM_TEXTUAL_PROJECT_REFERENCE,84
1f642eb9,project_repository,prior_evaluation_or_development_reference,llm_pilot_exposed_97.json,configs/llm_pilot_exposed_97.json,NOT_ESTABLISHED_FROM_PATH,False,01215062a544a7275295ec4ab862d290c14f2a09:configs/llm_pilot_exposed_97.json,MEDIUM_TEXTUAL_PROJECT_REFERENCE,84
1f85a75f,project_repository,prior_evaluation_or_development_reference,llm_pilot_exposed_97.json,configs/llm_pilot_exposed_97.json,NOT_ESTABLISHED_FROM_PATH,False,01215062a544a7275295ec4ab862d290c14f2a09:configs/llm_pilot_exposed_97.json,MEDIUM_TEXTUAL_PROJECT_REFERENCE,392
1f876c06,project_repository,prior_evaluation_or_development_reference,llm_pilot_exposed_97.json,configs/llm_pilot_exposed_97.json,NOT_ESTABLISHED_FROM_PATH,False,01215062a544a7275295ec4ab862d290c14f2a09:configs/llm_pilot_exposed_97.json,MEDIUM_TEXTUAL_PROJECT_REFERENCE,84
1fad071e,project_repository,prior_evaluation_or_development_reference,llm_pilot_exposed_97.json,configs/llm_pilot_exposed_97.json,NOT_ESTABLISHED_FROM_PATH,False,01215062a544a7275295ec4ab862d290c14f2a09:configs/llm_pilot_exposed_97.json,MEDIUM_TEXTUAL_PROJECT_REFERENCE,56
2013d3e2,project_repository,prior_evaluation_or_development_reference,llm_pilot_exposed_97.json,configs/llm_pilot_exposed_97.json,NOT_ESTABLISHED_FROM_PATH,False,01215062a544a7275295ec4ab862d290c14f2a09:configs/llm_pilot_exposed_97.json,MEDIUM_TEXTUAL_PROJECT_REFERENCE,84
20270e3b,project_repository,prior_evaluation_or_development_reference,eval60_phase3_r1024_exact_b_selector_v8,analysis/eval60_phase3_r1024_exact_b_selector_v8/SCORING_SHARDS/20270e3b_o1_d48.sha256.json,NOT_ESTABLISHED_FROM_PATH,False,18215650ec259e5d43add943b7f1657ec45b09cc:analysis/eval60_phase3_r1024_exact_b_selector_v8/SCORING_SHARDS/20270e3b_o1_d48.sha256.json,MEDIUM_TEXTUAL_PROJECT_REFERENCE,72496
2037f2c7,project_repository,prior_evaluation_or_development_reference,llm_pilot_exposed_97.json,configs/llm_pilot_exposed_97.json,NOT_ESTABLISHED_FROM_PATH,False,01215062a544a7275295ec4ab862d290c14f2a09:configs/llm_pilot_exposed_97.json,MEDIUM_TEXTUAL_PROJECT_REFERENCE,84
2072aba6,project_repository,prior_evaluation_or_development_reference,llm_pilot_exposed_97.json,configs/llm_pilot_exposed_97.json,NOT_ESTABLISHED_FROM_PATH,False,01215062a544a7275295ec4ab862d290c14f2a09:configs/llm_pilot_exposed_97.json,MEDIUM_TEXTUAL_PROJECT_REFERENCE,56
20818e16,project_repository,prior_evaluation_or_development_reference,llm_pilot_exposed_97.json,configs/llm_pilot_exposed_97.json,NOT_ESTABLISHED_FROM_PATH,False,01215062a544a7275295ec4ab862d290c14f2a09:configs/llm_pilot_exposed_97.json,MEDIUM_TEXTUAL_PROJECT_REFERENCE,84
20981f0e,project_repository,prior_evaluation_or_development_reference,llm_pilot_exposed_97.json,configs/llm_pilot_exposed_97.json,NOT_ESTABLISHED_FROM_PATH,False,01215062a544a7275295ec4ab862d290c14f2a09:configs/llm_pilot_exposed_97.json,MEDIUM_TEXTUAL_PROJECT_REFERENCE,84
20a9e565,project_repository,project_task_reference,nonblind_development_loo_transfer30_v1,analysis/nonblind_development_loo_transfer30_v1/frozen_run_20260927T112700Z/loo_surface.csv,NOT_ESTABLISHED_FROM_PATH,True,01215062a544a7275295ec4ab862d290c14f2a09:analysis/nonblind_development_loo_transfer30_v1/frozen_run_20260927T112700Z/loo_surface.csv,MEDIUM_TEXTUAL_PROJECT_REFERENCE,3028
20fb2937,project_repository,prior_evaluation_or_development_reference,llm_pilot_exposed_97.json,configs/llm_pilot_exposed_97.json,NOT_ESTABLISHED_FROM_PATH,False,01215062a544a7275295ec4ab862d290c14f2a09:configs/llm_pilot_exposed_97.json,MEDIUM_TEXTUAL_PROJECT_REFERENCE,56
212895b5,project_repository,prior_evaluation_or_development_reference,llm_pilot_exposed_97.json,configs/llm_pilot_exposed_97.json,NOT_ESTABLISHED_FROM_PATH,False,01215062a544a7275295ec4ab862d290c14f2a09:configs/llm_pilot_exposed_97.json,MEDIUM_TEXTUAL_PROJECT_REFERENCE,56
21897d95,project_repository,project_task_reference,nonblind_development_loo_transfer30_v1,analysis/nonblind_development_loo_transfer30_v1/frozen_run_20260927T112700Z/loo_surface.csv,NOT_ESTABLISHED_FROM_PATH,True,01215062a544a7275295ec4ab862d290c14f2a09:analysis/nonblind_development_loo_transfer30_v1/frozen_run_20260927T112700Z/loo_surface.csv,MEDIUM_TEXTUAL_PROJECT_REFERENCE,41634
21f83797,project_repository,prior_evaluation_or_development_reference,llm_pilot_exposed_97.json,configs/llm_pilot_exposed_97.json,NOT_ESTABLISHED_FROM_PATH,False,01215062a544a7275295ec4ab862d290c14f2a09:configs/llm_pilot_exposed_97.json,MEDIUM_TEXTUAL_PROJECT_REFERENCE,56
2204b7a8,project_repository,prior_evaluation_or_development_reference,llm_pilot_exposed_97.json,configs/llm_pilot_exposed_97.json,NOT_ESTABLISHED_FROM_PATH,False,01215062a544a7275295ec4ab862d290c14f2a09:configs/llm_pilot_exposed_97.json,MEDIUM_TEXTUAL_PROJECT_REFERENCE,84
22168020,project_repository,prior_evaluation_or_development_reference,llm_pilot_exposed_97.json,configs/llm_pilot_exposed_97.json,NOT_ESTABLISHED_FROM_PATH,False,01215062a544a7275295ec4ab862d290c14f2a09:configs/llm_pilot_exposed_97.json,MEDIUM_TEXTUAL_PROJECT_REFERENCE,84
221dfab4,project_repository,project_task_reference,nonblind_development_loo_transfer30_v1,analysis/nonblind_development_loo_transfer30_v1/frozen_run_20260927T112700Z/exposure_audit.json,NOT_ESTABLISHED_FROM_PATH,True,01215062a544a7275295ec4ab862d290c14f2a09:analysis/nonblind_development_loo_transfer30_v1/frozen_run_20260927T112700Z/exposure_audit.json,MEDIUM_TEXTUAL_PROJECT_REFERENCE,43
22208ba4,project_repository,project_task_reference,llm_full_1000_frozen_v1.json,configs/llm_full_1000_frozen_v1.json,NOT_ESTABLISHED_FROM_PATH,True,01215062a544a7275295ec4ab862d290c14f2a09:configs/llm_full_1000_frozen_v1.json,MEDIUM_TEXTUAL_PROJECT_REFERENCE,28
22233c11,project_repository,project_task_reference,llm_full_1000_frozen_v1.json,configs/llm_full_1000_frozen_v1.json,NOT_ESTABLISHED_FROM_PATH,True,01215062a544a7275295ec4ab862d290c14f2a09:configs/llm_full_1000_frozen_v1.json,MEDIUM_TEXTUAL_PROJECT_REFERENCE,28
22425bda,project_repository,project_task_reference,llm_full_1000_frozen_v1.json,configs/llm_full_1000_frozen_v1.json,NOT_ESTABLISHED_FROM_PATH,True,01215062a544a7275295ec4ab862d290c14f2a09:configs/llm_full_1000_frozen_v1.json,MEDIUM_TEXTUAL_PROJECT_REFERENCE,28
22806e14,project_repository,project_task_reference,llm_full_1000_frozen_v1.json,configs/llm_full_1000_frozen_v1.json,NOT_ESTABLISHED_FROM_PATH,True,01215062a544a7275295ec4ab862d290c14f2a09:configs/llm_full_1000_frozen_v1.json,MEDIUM_TEXTUAL_PROJECT_REFERENCE,112
2281f1f4,project_repository,project_task_reference,llm_full_1000_frozen_v1.json,configs/llm_full_1000_frozen_v1.json,NOT_ESTABLISHED_FROM_PATH,True,01215062a544a7275295ec4ab862d290c14f2a09:configs/llm_full_1000_frozen_v1.json,MEDIUM_TEXTUAL_PROJECT_REFERENCE,56
228f6490,project_repository,project_task_reference,public_reference_ablation_partial_v32.md,reports/public_reference_ablation_partial_v32.md,NOT_ESTABLISHED_FROM_PATH,False,01215062a544a7275295ec4ab862d290c14f2a09:reports/public_reference_ablation_partial_v32.md,MEDIUM_TEXTUAL_PROJECT_REFERENCE,84
22a4bbc2,project_repository,project_task_reference,llm_full_1000_frozen_v1.json,configs/llm_full_1000_frozen_v1.json,NOT_ESTABLISHED_FROM_PATH,True,01215062a544a7275295ec4ab862d290c14f2a09:configs/llm_full_1000_frozen_v1.json,MEDIUM_TEXTUAL_PROJECT_REFERENCE,28
22eb0ac0,project_repository,project_task_reference,llm_full_1000_frozen_v1.json,configs/llm_full_1000_frozen_v1.json,NOT_ESTABLISHED_FROM_PATH,True,01215062a544a7275295ec4ab862d290c14f2a09:configs/llm_full_1000_frozen_v1.json,MEDIUM_TEXTUAL_PROJECT_REFERENCE,28
230f2e48,project_repository,project_task_reference,llm_full_1000_frozen_v1.json,configs/llm_full_1000_frozen_v1.json,NOT_ESTABLISHED_FROM_PATH,True,01215062a544a7275295ec4ab862d290c14f2a09:configs/llm_full_1000_frozen_v1.json,MEDIUM_TEXTUAL_PROJECT_REFERENCE,28
234bbc79,project_repository,project_task_reference,llm_challenge_like_frozen_v1.json,configs/llm_challenge_like_frozen_v1.json,NOT_ESTABLISHED_FROM_PATH,True,01215062a544a7275295ec4ab862d290c14f2a09:configs/llm_challenge_like_frozen_v1.json,MEDIUM_TEXTUAL_PROJECT_REFERENCE,56
23581191,project_repository,project_task_reference,llm_challenge_like_frozen_v1.json,configs/llm_challenge_like_frozen_v1.json,NOT_ESTABLISHED_FROM_PATH,True,01215062a544a7275295ec4ab862d290c14f2a09:configs/llm_challenge_like_frozen_v1.json,MEDIUM_TEXTUAL_PROJECT_REFERENCE,56
239be575,project_repository,prior_evaluation_or_development_reference,grad_proposal_runtime_intervention,research/grad_proposal_runtime_intervention/preliminary_results/untouched60_manifest.json,NOT_ESTABLISHED_FROM_PATH,True,01215062a544a7275295ec4ab862d290c14f2a09:research/grad_proposal_runtime_intervention/preliminary_results/untouched60_manifest.json,MEDIUM_TEXTUAL_PROJECT_REFERENCE,81
23b5c85d,project_repository,project_task_reference,results,experiments/results/SOLVER_LIB_V1_OBJECT.json,NOT_ESTABLISHED_FROM_PATH,False,01215062a544a7275295ec4ab862d290c14f2a09:experiments/results/SOLVER_LIB_V1_OBJECT.json,MEDIUM_TEXTUAL_PROJECT_REFERENCE,532
247ef758,project_repository,prior_evaluation_or_development_reference,eval60_phase3_d48_aug8_r1024_archive_v1,artifacts/eval60_phase3_d48_aug8_r1024_archive_v1/manifests/SOURCE_FILE_MANIFEST.csv,NOT_ESTABLISHED_FROM_PATH,False,18215650ec259e5d43add943b7f1657ec45b09cc:artifacts/eval60_phase3_d48_aug8_r1024_archive_v1/manifests/SOURCE_FILE_MANIFEST.csv,MEDIUM_TEXTUAL_PROJECT_REFERENCE,20215
25094a63,project_repository,project_task_reference,llm_full_1000_frozen_v1.json,configs/llm_full_1000_frozen_v1.json,NOT_ESTABLISHED_FROM_PATH,True,01215062a544a7275295ec4ab862d290c14f2a09:configs/llm_full_1000_frozen_v1.json,MEDIUM_TEXTUAL_PROJECT_REFERENCE,56
252143c9,project_repository,project_task_reference,llm_challenge_like_frozen_v1.json,configs/llm_challenge_like_frozen_v1.json,NOT_ESTABLISHED_FROM_PATH,True,01215062a544a7275295ec4ab862d290c14f2a09:configs/llm_challenge_like_frozen_v1.json,MEDIUM_TEXTUAL_PROJECT_REFERENCE,56
253bf280,project_repository,project_task_reference,llm_full_1000_frozen_v1.json,configs/llm_full_1000_frozen_v1.json,NOT_ESTABLISHED_FROM_PATH,True,01215062a544a7275295ec4ab862d290c14f2a09:configs/llm_full_1000_frozen_v1.json,MEDIUM_TEXTUAL_PROJECT_REFERENCE,56
2546ccf6,project_repository,project_task_reference,llm_full_1000_frozen_v1.json,configs/llm_full_1000_frozen_v1.json,NOT_ESTABLISHED_FROM_PATH,True,01215062a544a7275295ec4ab862d290c14f2a09:configs/llm_full_1000_frozen_v1.json,MEDIUM_TEXTUAL_PROJECT_REFERENCE,28
256b0a75,project_repository,project_task_reference,llm_full_1000_frozen_v1.json,configs/llm_full_1000_frozen_v1.json,NOT_ESTABLISHED_FROM_PATH,True,01215062a544a7275295ec4ab862d290c14f2a09:configs/llm_full_1000_frozen_v1.json,MEDIUM_TEXTUAL_PROJECT_REFERENCE,28
25c199f5,project_repository,project_task_reference,llm_full_1000_frozen_v1.json,configs/llm_full_1000_frozen_v1.json,NOT_ESTABLISHED_FROM_PATH,True,01215062a544a7275295ec4ab862d290c14f2a09:configs/llm_full_1000_frozen_v1.json,MEDIUM_TEXTUAL_PROJECT_REFERENCE,28
25d487eb,project_repository,project_task_reference,llm_full_1000_frozen_v1.json,configs/llm_full_1000_frozen_v1.json,NOT_ESTABLISHED_FROM_PATH,True,01215062a544a7275295ec4ab862d290c14f2a09:configs/llm_full_1000_frozen_v1.json,MEDIUM_TEXTUAL_PROJECT_REFERENCE,28
25d8a9c8,project_repository,project_task_reference,llm_full_1000_frozen_v1.json,configs/llm_full_1000_frozen_v1.json,NOT_ESTABLISHED_FROM_PATH,True,01215062a544a7275295ec4ab862d290c14f2a09:configs/llm_full_1000_frozen_v1.json,MEDIUM_TEXTUAL_PROJECT_REFERENCE,28
25e02866,project_repository,project_task_reference,llm_full_1000_frozen_v1.json,configs/llm_full_1000_frozen_v1.json,NOT_ESTABLISHED_FROM_PATH,True,01215062a544a7275295ec4ab862d290c14f2a09:configs/llm_full_1000_frozen_v1.json,MEDIUM_TEXTUAL_PROJECT_REFERENCE,28
25ff71a9,project_repository,prior_evaluation_or_development_reference,ARC2_NATIVE_TTT_AND_STRONG_VERIFIER_V1.json,configs/ARC2_NATIVE_TTT_AND_STRONG_VERIFIER_V1.json,NOT_ESTABLISHED_FROM_PATH,False,01215062a544a7275295ec4ab862d290c14f2a09:configs/ARC2_NATIVE_TTT_AND_STRONG_VERIFIER_V1.json,MEDIUM_TEXTUAL_PROJECT_REFERENCE,672
2601afb7,project_repository,project_task_reference,llm_full_1000_frozen_v1.json,configs/llm_full_1000_frozen_v1.json,NOT_ESTABLISHED_FROM_PATH,True,01215062a544a7275295ec4ab862d290c14f2a09:configs/llm_full_1000_frozen_v1.json,MEDIUM_TEXTUAL_PROJECT_REFERENCE,112
264363fd,project_repository,prior_evaluation_or_development_reference,ARC2_NATIVE_TTT_AND_STRONG_VERIFIER_V1.json,configs/ARC2_NATIVE_TTT_AND_STRONG_VERIFIER_V1.json,NOT_ESTABLISHED_FROM_PATH,False,01215062a544a7275295ec4ab862d290c14f2a09:configs/ARC2_NATIVE_TTT_AND_STRONG_VERIFIER_V1.json,MEDIUM_TEXTUAL_PROJECT_REFERENCE,84
2685904e,project_repository,project_task_reference,llm_full_1000_frozen_v1.json,configs/llm_full_1000_frozen_v1.json,NOT_ESTABLISHED_FROM_PATH,True,01215062a544a7275295ec4ab862d290c14f2a09:configs/llm_full_1000_frozen_v1.json,MEDIUM_TEXTUAL_PROJECT_REFERENCE,28
2697da3f,project_repository,project_task_reference,llm_challenge_like_frozen_v1.json,configs/llm_challenge_like_frozen_v1.json,NOT_ESTABLISHED_FROM_PATH,True,01215062a544a7275295ec4ab862d290c14f2a09:configs/llm_challenge_like_frozen_v1.json,MEDIUM_TEXTUAL_PROJECT_REFERENCE,56
269e22fb,project_repository,project_task_reference,nonblind_development_loo_transfer30_v1,analysis/nonblind_development_loo_transfer30_v1/frozen_run_20260927T112700Z/loo_surface.csv,NOT_ESTABLISHED_FROM_PATH,True,01215062a544a7275295ec4ab862d290c14f2a09:analysis/nonblind_development_loo_transfer30_v1/frozen_run_20260927T112700Z/loo_surface.csv,MEDIUM_TEXTUAL_PROJECT_REFERENCE,3898
271d71e2,project_repository,project_task_reference,nonblind_development_loo_transfer30_v1,analysis/nonblind_development_loo_transfer30_v1/frozen_run_20260927T112700Z/exposure_audit.json,NOT_ESTABLISHED_FROM_PATH,True,01215062a544a7275295ec4ab862d290c14f2a09:analysis/nonblind_development_loo_transfer30_v1/frozen_run_20260927T112700Z/exposure_audit.json,MEDIUM_TEXTUAL_PROJECT_REFERENCE,43
272f95fa,project_repository,project_task_reference,llm_full_1000_frozen_v1.json,configs/llm_full_1000_frozen_v1.json,NOT_ESTABLISHED_FROM_PATH,True,01215062a544a7275295ec4ab862d290c14f2a09:configs/llm_full_1000_frozen_v1.json,MEDIUM_TEXTUAL_PROJECT_REFERENCE,28
2753e76c,project_repository,prior_evaluation_or_development_reference,grad_proposal_runtime_intervention,research/grad_proposal_runtime_intervention/preliminary_results/untouched60_manifest.json,NOT_ESTABLISHED_FROM_PATH,True,01215062a544a7275295ec4ab862d290c14f2a09:research/grad_proposal_runtime_intervention/preliminary_results/untouched60_manifest.json,MEDIUM_TEXTUAL_PROJECT_REFERENCE,81
278e5215,project_repository,project_task_reference,llm_full_1000_frozen_v1.json,configs/llm_full_1000_frozen_v1.json,NOT_ESTABLISHED_FROM_PATH,True,01215062a544a7275295ec4ab862d290c14f2a09:configs/llm_full_1000_frozen_v1.json,MEDIUM_TEXTUAL_PROJECT_REFERENCE,56
27a28665,project_repository,project_task_reference,llm_full_1000_frozen_v1.json,configs/llm_full_1000_frozen_v1.json,NOT_ESTABLISHED_FROM_PATH,True,01215062a544a7275295ec4ab862d290c14f2a09:configs/llm_full_1000_frozen_v1.json,MEDIUM_TEXTUAL_PROJECT_REFERENCE,56
27a77e38,project_repository,project_task_reference,llm_full_1000_frozen_v1.json,configs/llm_full_1000_frozen_v1.json,NOT_ESTABLISHED_FROM_PATH,True,01215062a544a7275295ec4ab862d290c14f2a09:configs/llm_full_1000_frozen_v1.json,MEDIUM_TEXTUAL_PROJECT_REFERENCE,28
27f8ce4f,project_repository,project_task_reference,llm_full_1000_frozen_v1.json,configs/llm_full_1000_frozen_v1.json,NOT_ESTABLISHED_FROM_PATH,True,01215062a544a7275295ec4ab862d290c14f2a09:configs/llm_full_1000_frozen_v1.json,MEDIUM_TEXTUAL_PROJECT_REFERENCE,112
281123b4,project_repository,project_task_reference,llm_full_1000_frozen_v1.json,configs/llm_full_1000_frozen_v1.json,NOT_ESTABLISHED_FROM_PATH,True,01215062a544a7275295ec4ab862d290c14f2a09:configs/llm_full_1000_frozen_v1.json,MEDIUM_TEXTUAL_PROJECT_REFERENCE,28
28a6681f,project_repository,project_task_reference,nonblind_development_loo_transfer30_v1,analysis/nonblind_development_loo_transfer30_v1/frozen_run_20260927T112700Z/checkpoints/rankings/28a6681f.json,NOT_ESTABLISHED_FROM_PATH,True,01215062a544a7275295ec4ab862d290c14f2a09:analysis/nonblind_development_loo_transfer30_v1/frozen_run_20260927T112700Z/checkpoints/rankings/28a6681f.json,MEDIUM_TEXTUAL_PROJECT_REFERENCE,22421
28bf18c6,project_repository,project_task_reference,llm_full_1000_frozen_v1.json,configs/llm_full_1000_frozen_v1.json,NOT_ESTABLISHED_FROM_PATH,True,01215062a544a7275295ec4ab862d290c14f2a09:configs/llm_full_1000_frozen_v1.json,MEDIUM_TEXTUAL_PROJECT_REFERENCE,28
28e73c20,project_repository,prior_evaluation_or_development_reference,grad_proposal_runtime_intervention,research/grad_proposal_runtime_intervention/preliminary_results/untouched60_manifest.json,NOT_ESTABLISHED_FROM_PATH,True,01215062a544a7275295ec4ab862d290c14f2a09:research/grad_proposal_runtime_intervention/preliminary_results/untouched60_manifest.json,MEDIUM_TEXTUAL_PROJECT_REFERENCE,81
291dc1e1,project_repository,project_task_reference,nonblind_development_loo_transfer30_v1,analysis/nonblind_development_loo_transfer30_v1/frozen_run_20260927T112700Z/loo_surface.csv,NOT_ESTABLISHED_FROM_PATH,True,01215062a544a7275295ec4ab862d290c14f2a09:analysis/nonblind_development_loo_transfer30_v1/frozen_run_20260927T112700Z/loo_surface.csv,MEDIUM_TEXTUAL_PROJECT_REFERENCE,3328
292dd178,project_repository,prior_evaluation_or_development_reference,grad_proposal_runtime_intervention,research/grad_proposal_runtime_intervention/preliminary_results/untouched60_manifest.json,NOT_ESTABLISHED_FROM_PATH,True,01215062a544a7275295ec4ab862d290c14f2a09:research/grad_proposal_runtime_intervention/preliminary_results/untouched60_manifest.json,MEDIUM_TEXTUAL_PROJECT_REFERENCE,81
29623171,project_repository,project_task_reference,llm_full_1000_frozen_v1.json,configs/llm_full_1000_frozen_v1.json,NOT_ESTABLISHED_FROM_PATH,True,01215062a544a7275295ec4ab862d290c14f2a09:configs/llm_full_1000_frozen_v1.json,MEDIUM_TEXTUAL_PROJECT_REFERENCE,140
29700607,project_repository,project_task_reference,llm_full_1000_frozen_v1.json,configs/llm_full_1000_frozen_v1.json,NOT_ESTABLISHED_FROM_PATH,True,01215062a544a7275295ec4ab862d290c14f2a09:configs/llm_full_1000_frozen_v1.json,MEDIUM_TEXTUAL_PROJECT_REFERENCE,56
29c11459,project_repository,project_task_reference,llm_challenge_like_frozen_v1.json,configs/llm_challenge_like_frozen_v1.json,NOT_ESTABLISHED_FROM_PATH,True,01215062a544a7275295ec4ab862d290c14f2a09:configs/llm_challenge_like_frozen_v1.json,MEDIUM_TEXTUAL_PROJECT_REFERENCE,56
2a28add5,project_repository,project_task_reference,llm_full_1000_frozen_v1.json,configs/llm_full_1000_frozen_v1.json,NOT_ESTABLISHED_FROM_PATH,True,01215062a544a7275295ec4ab862d290c14f2a09:configs/llm_full_1000_frozen_v1.json,MEDIUM_TEXTUAL_PROJECT_REFERENCE,28
2a5f8217,project_repository,project_task_reference,llm_full_1000_frozen_v1.json,configs/llm_full_1000_frozen_v1.json,NOT_ESTABLISHED_FROM_PATH,True,01215062a544a7275295ec4ab862d290c14f2a09:configs/llm_full_1000_frozen_v1.json,MEDIUM_TEXTUAL_PROJECT_REFERENCE,28
2b01abd0,project_repository,project_task_reference,llm_full_1000_frozen_v1.json,configs/llm_full_1000_frozen_v1.json,NOT_ESTABLISHED_FROM_PATH,True,01215062a544a7275295ec4ab862d290c14f2a09:configs/llm_full_1000_frozen_v1.json,MEDIUM_TEXTUAL_PROJECT_REFERENCE,56
2b83f449,project_repository,prior_evaluation_or_development_reference,eval60_phase3_d48_aug8_r1024_archive_v1,artifacts/eval60_phase3_d48_aug8_r1024_archive_v1/manifests/SOURCE_FILE_MANIFEST.csv,NOT_ESTABLISHED_FROM_PATH,False,18215650ec259e5d43add943b7f1657ec45b09cc:artifacts/eval60_phase3_d48_aug8_r1024_archive_v1/manifests/SOURCE_FILE_MANIFEST.csv,MEDIUM_TEXTUAL_PROJECT_REFERENCE,53539
2b9ef948,project_repository,project_task_reference,llm_full_1000_frozen_v1.json,configs/llm_full_1000_frozen_v1.json,NOT_ESTABLISHED_FROM_PATH,True,01215062a544a7275295ec4ab862d290c14f2a09:configs/llm_full_1000_frozen_v1.json,MEDIUM_TEXTUAL_PROJECT_REFERENCE,28
2ba387bc,project_repository,project_task_reference,nonblind_development_loo_transfer30_v1,analysis/nonblind_development_loo_transfer30_v1/frozen_run_20260927T112700Z/exposure_audit.json,NOT_ESTABLISHED_FROM_PATH,True,01215062a544a7275295ec4ab862d290c14f2a09:analysis/nonblind_development_loo_transfer30_v1/frozen_run_20260927T112700Z/exposure_audit.json,MEDIUM_TEXTUAL_PROJECT_REFERENCE,43
2bcee788,project_repository,project_task_reference,public_reference_ablation_partial_v32.md,reports/public_reference_ablation_partial_v32.md,NOT_ESTABLISHED_FROM_PATH,False,01215062a544a7275295ec4ab862d290c14f2a09:reports/public_reference_ablation_partial_v32.md,MEDIUM_TEXTUAL_PROJECT_REFERENCE,84
2bee17df,project_repository,project_task_reference,llm_challenge_like_frozen_v1.json,configs/llm_challenge_like_frozen_v1.json,NOT_ESTABLISHED_FROM_PATH,True,01215062a544a7275295ec4ab862d290c14f2a09:configs/llm_challenge_like_frozen_v1.json,MEDIUM_TEXTUAL_PROJECT_REFERENCE,56
2c0b0aff,project_repository,project_task_reference,llm_full_1000_frozen_v1.json,configs/llm_full_1000_frozen_v1.json,NOT_ESTABLISHED_FROM_PATH,True,01215062a544a7275295ec4ab862d290c14f2a09:configs/llm_full_1000_frozen_v1.json,MEDIUM_TEXTUAL_PROJECT_REFERENCE,112
2c181942,project_repository,prior_evaluation_or_development_reference,eval60_phase3_d48_aug8_r1024_archive_v1,artifacts/eval60_phase3_d48_aug8_r1024_archive_v1/manifests/SOURCE_FILE_MANIFEST.csv,NOT_ESTABLISHED_FROM_PATH,False,18215650ec259e5d43add943b7f1657ec45b09cc:artifacts/eval60_phase3_d48_aug8_r1024_archive_v1/manifests/SOURCE_FILE_MANIFEST.csv,MEDIUM_TEXTUAL_PROJECT_REFERENCE,7985
2c608aff,project_repository,project_task_reference,llm_full_1000_frozen_v1.json,configs/llm_full_1000_frozen_v1.json,NOT_ESTABLISHED_FROM_PATH,True,01215062a544a7275295ec4ab862d290c14f2a09:configs/llm_full_1000_frozen_v1.json,MEDIUM_TEXTUAL_PROJECT_REFERENCE,28
2c737e39,project_repository,project_task_reference,llm_full_1000_frozen_v1.json,configs/llm_full_1000_frozen_v1.json,NOT_ESTABLISHED_FROM_PATH,True,01215062a544a7275295ec4ab862d290c14f2a09:configs/llm_full_1000_frozen_v1.json,MEDIUM_TEXTUAL_PROJECT_REFERENCE,28
2ccd9fef,project_repository,project_task_reference,llm_full_1000_frozen_v1.json,configs/llm_full_1000_frozen_v1.json,NOT_ESTABLISHED_FROM_PATH,True,01215062a544a7275295ec4ab862d290c14f2a09:configs/llm_full_1000_frozen_v1.json,MEDIUM_TEXTUAL_PROJECT_REFERENCE,28
2d0172a1,project_repository,prior_evaluation_or_development_reference,eval60_phase3_d48_aug8_r1024_archive_v1,artifacts/eval60_phase3_d48_aug8_r1024_archive_v1/manifests/SOURCE_FILE_MANIFEST.csv,NOT_ESTABLISHED_FROM_PATH,False,18215650ec259e5d43add943b7f1657ec45b09cc:artifacts/eval60_phase3_d48_aug8_r1024_archive_v1/manifests/SOURCE_FILE_MANIFEST.csv,MEDIUM_TEXTUAL_PROJECT_REFERENCE,213842
2dc579da,project_repository,project_task_reference,llm_full_1000_frozen_v1.json,configs/llm_full_1000_frozen_v1.json,NOT_ESTABLISHED_FROM_PATH,True,01215062a544a7275295ec4ab862d290c14f2a09:configs/llm_full_1000_frozen_v1.json,MEDIUM_TEXTUAL_PROJECT_REFERENCE,28
2dd70a9a,project_repository,project_task_reference,llm_full_1000_frozen_v1.json,configs/llm_full_1000_frozen_v1.json,NOT_ESTABLISHED_FROM_PATH,True,01215062a544a7275295ec4ab862d290c14f2a09:configs/llm_full_1000_frozen_v1.json,MEDIUM_TEXTUAL_PROJECT_REFERENCE,28
2de01db2,project_repository,project_task_reference,llm_full_1000_frozen_v1.json,configs/llm_full_1000_frozen_v1.json,NOT_ESTABLISHED_FROM_PATH,True,01215062a544a7275295ec4ab862d290c14f2a09:configs/llm_full_1000_frozen_v1.json,MEDIUM_TEXTUAL_PROJECT_REFERENCE,28
2dee498d,project_repository,project_task_reference,llm_challenge_like_frozen_v1.json,configs/llm_challenge_like_frozen_v1.json,NOT_ESTABLISHED_FROM_PATH,True,01215062a544a7275295ec4ab862d290c14f2a09:configs/llm_challenge_like_frozen_v1.json,MEDIUM_TEXTUAL_PROJECT_REFERENCE,56
2e65ae53,project_repository,project_task_reference,llm_full_1000_frozen_v1.json,configs/llm_full_1000_frozen_v1.json,NOT_ESTABLISHED_FROM_PATH,True,01215062a544a7275295ec4ab862d290c14f2a09:configs/llm_full_1000_frozen_v1.json,MEDIUM_TEXTUAL_PROJECT_REFERENCE,28
2f0c5170,project_repository,project_task_reference,llm_full_1000_frozen_v1.json,configs/llm_full_1000_frozen_v1.json,NOT_ESTABLISHED_FROM_PATH,True,01215062a544a7275295ec4ab862d290c14f2a09:configs/llm_full_1000_frozen_v1.json,MEDIUM_TEXTUAL_PROJECT_REFERENCE,140
2f767503,project_repository,project_task_reference,llm_full_1000_frozen_v1.json,configs/llm_full_1000_frozen_v1.json,NOT_ESTABLISHED_FROM_PATH,True,01215062a544a7275295ec4ab862d290c14f2a09:configs/llm_full_1000_frozen_v1.json,MEDIUM_TEXTUAL_PROJECT_REFERENCE,28
2faf500b,project_repository,project_task_reference,llm_full_1000_frozen_v1.json,configs/llm_full_1000_frozen_v1.json,NOT_ESTABLISHED_FROM_PATH,True,01215062a544a7275295ec4ab862d290c14f2a09:configs/llm_full_1000_frozen_v1.json,MEDIUM_TEXTUAL_PROJECT_REFERENCE,56
305b1341,project_repository,project_task_reference,llm_full_1000_frozen_v1.json,configs/llm_full_1000_frozen_v1.json,NOT_ESTABLISHED_FROM_PATH,True,01215062a544a7275295ec4ab862d290c14f2a09:configs/llm_full_1000_frozen_v1.json,MEDIUM_TEXTUAL_PROJECT_REFERENCE,28
30f42897,project_repository,prior_evaluation_or_development_reference,grad_proposal_runtime_intervention,research/grad_proposal_runtime_intervention/preliminary_results/untouched60_manifest.json,NOT_ESTABLISHED_FROM_PATH,True,01215062a544a7275295ec4ab862d290c14f2a09:research/grad_proposal_runtime_intervention/preliminary_results/untouched60_manifest.json,MEDIUM_TEXTUAL_PROJECT_REFERENCE,81
310f3251,project_repository,project_task_reference,llm_full_1000_frozen_v1.json,configs/llm_full_1000_frozen_v1.json,NOT_ESTABLISHED_FROM_PATH,True,01215062a544a7275295ec4ab862d290c14f2a09:configs/llm_full_1000_frozen_v1.json,MEDIUM_TEXTUAL_PROJECT_REFERENCE,28
3194b014,project_repository,project_task_reference,llm_full_1000_frozen_v1.json,configs/llm_full_1000_frozen_v1.json,NOT_ESTABLISHED_FROM_PATH,True,01215062a544a7275295ec4ab862d290c14f2a09:configs/llm_full_1000_frozen_v1.json,MEDIUM_TEXTUAL_PROJECT_REFERENCE,112
319f2597,project_repository,project_task_reference,llm_full_1000_frozen_v1.json,configs/llm_full_1000_frozen_v1.json,NOT_ESTABLISHED_FROM_PATH,True,01215062a544a7275295ec4ab862d290c14f2a09:configs/llm_full_1000_frozen_v1.json,MEDIUM_TEXTUAL_PROJECT_REFERENCE,56
31aa019c,project_repository,prior_evaluation_or_development_reference,run_local_dfs_ablation.py,scripts/run_local_dfs_ablation.py,NOT_ESTABLISHED_FROM_PATH,False,01215062a544a7275295ec4ab862d290c14f2a09:scripts/run_local_dfs_ablation.py,MEDIUM_TEXTUAL_PROJECT_REFERENCE,81
31adaf00,project_repository,project_task_reference,llm_full_1000_frozen_v1.json,configs/llm_full_1000_frozen_v1.json,NOT_ESTABLISHED_FROM_PATH,True,01215062a544a7275295ec4ab862d290c14f2a09:configs/llm_full_1000_frozen_v1.json,MEDIUM_TEXTUAL_PROJECT_REFERENCE,28
31d5ba1a,project_repository,prior_evaluation_or_development_reference,grad_proposal_runtime_intervention,research/grad_proposal_runtime_intervention/preliminary_results/untouched60_manifest.json,NOT_ESTABLISHED_FROM_PATH,True,01215062a544a7275295ec4ab862d290c14f2a09:research/grad_proposal_runtime_intervention/preliminary_results/untouched60_manifest.json,MEDIUM_TEXTUAL_PROJECT_REFERENCE,81
31f7f899,project_repository,prior_evaluation_or_development_reference,eval60_phase3_d48_aug8_r1024_archive_v1,artifacts/eval60_phase3_d48_aug8_r1024_archive_v1/manifests/SOURCE_FILE_MANIFEST.csv,NOT_ESTABLISHED_FROM_PATH,False,18215650ec259e5d43add943b7f1657ec45b09cc:artifacts/eval60_phase3_d48_aug8_r1024_archive_v1/manifests/SOURCE_FILE_MANIFEST.csv,MEDIUM_TEXTUAL_PROJECT_REFERENCE,18192
320afe60,project_repository,project_task_reference,llm_full_1000_frozen_v1.json,configs/llm_full_1000_frozen_v1.json,NOT_ESTABLISHED_FROM_PATH,True,01215062a544a7275295ec4ab862d290c14f2a09:configs/llm_full_1000_frozen_v1.json,MEDIUM_TEXTUAL_PROJECT_REFERENCE,140
321b1fc6,project_repository,project_task_reference,llm_challenge_like_frozen_v1.json,configs/llm_challenge_like_frozen_v1.json,NOT_ESTABLISHED_FROM_PATH,True,01215062a544a7275295ec4ab862d290c14f2a09:configs/llm_challenge_like_frozen_v1.json,MEDIUM_TEXTUAL_PROJECT_REFERENCE,56
32597951,project_repository,project_task_reference,llm_full_1000_frozen_v1.json,configs/llm_full_1000_frozen_v1.json,NOT_ESTABLISHED_FROM_PATH,True,01215062a544a7275295ec4ab862d290c14f2a09:configs/llm_full_1000_frozen_v1.json,MEDIUM_TEXTUAL_PROJECT_REFERENCE,56
32e9702f,project_repository,project_task_reference,llm_full_1000_frozen_v1.json,configs/llm_full_1000_frozen_v1.json,NOT_ESTABLISHED_FROM_PATH,True,01215062a544a7275295ec4ab862d290c14f2a09:configs/llm_full_1000_frozen_v1.json,MEDIUM_TEXTUAL_PROJECT_REFERENCE,56
33067df9,project_repository,project_task_reference,llm_full_1000_frozen_v1.json,configs/llm_full_1000_frozen_v1.json,NOT_ESTABLISHED_FROM_PATH,True,01215062a544a7275295ec4ab862d290c14f2a09:configs/llm_full_1000_frozen_v1.json,MEDIUM_TEXTUAL_PROJECT_REFERENCE,28
332202d5,project_repository,project_task_reference,llm_full_1000_frozen_v1.json,configs/llm_full_1000_frozen_v1.json,NOT_ESTABLISHED_FROM_PATH,True,01215062a544a7275295ec4ab862d290c14f2a09:configs/llm_full_1000_frozen_v1.json,MEDIUM_TEXTUAL_PROJECT_REFERENCE,28
332efdb3,project_repository,project_task_reference,llm_full_1000_frozen_v1.json,configs/llm_full_1000_frozen_v1.json,NOT_ESTABLISHED_FROM_PATH,True,01215062a544a7275295ec4ab862d290c14f2a09:configs/llm_full_1000_frozen_v1.json,MEDIUM_TEXTUAL_PROJECT_REFERENCE,28
332f06d7,project_repository,prior_evaluation_or_development_reference,regret_budget_and_retrieval_v1,analysis/regret_budget_and_retrieval_v1/affine_retrieval_trace_summary.csv,NOT_ESTABLISHED_FROM_PATH,False,18215650ec259e5d43add943b7f1657ec45b09cc:analysis/regret_budget_and_retrieval_v1/affine_retrieval_trace_summary.csv,MEDIUM_TEXTUAL_PROJECT_REFERENCE,17193
3345333e,project_repository,project_task_reference,llm_full_1000_frozen_v1.json,configs/llm_full_1000_frozen_v1.json,NOT_ESTABLISHED_FROM_PATH,True,01215062a544a7275295ec4ab862d290c14f2a09:configs/llm_full_1000_frozen_v1.json,MEDIUM_TEXTUAL_PROJECT_REFERENCE,28
337b420f,project_repository,project_task_reference,llm_challenge_like_frozen_v1.json,configs/llm_challenge_like_frozen_v1.json,NOT_ESTABLISHED_FROM_PATH,True,01215062a544a7275295ec4ab862d290c14f2a09:configs/llm_challenge_like_frozen_v1.json,MEDIUM_TEXTUAL_PROJECT_REFERENCE,56
3391f8c0,project_repository,project_task_reference,llm_full_1000_frozen_v1.json,configs/llm_full_1000_frozen_v1.json,NOT_ESTABLISHED_FROM_PATH,True,01215062a544a7275295ec4ab862d290c14f2a09:configs/llm_full_1000_frozen_v1.json,MEDIUM_TEXTUAL_PROJECT_REFERENCE,28
33b52de3,project_repository,project_task_reference,llm_full_1000_frozen_v1.json,configs/llm_full_1000_frozen_v1.json,NOT_ESTABLISHED_FROM_PATH,True,01215062a544a7275295ec4ab862d290c14f2a09:configs/llm_full_1000_frozen_v1.json,MEDIUM_TEXTUAL_PROJECT_REFERENCE,56
3428a4f5,project_repository,project_task_reference,llm_full_1000_frozen_v1.json,configs/llm_full_1000_frozen_v1.json,NOT_ESTABLISHED_FROM_PATH,True,01215062a544a7275295ec4ab862d290c14f2a09:configs/llm_full_1000_frozen_v1.json,MEDIUM_TEXTUAL_PROJECT_REFERENCE,28
342ae2ed,project_repository,project_task_reference,llm_full_1000_frozen_v1.json,configs/llm_full_1000_frozen_v1.json,NOT_ESTABLISHED_FROM_PATH,True,01215062a544a7275295ec4ab862d290c14f2a09:configs/llm_full_1000_frozen_v1.json,MEDIUM_TEXTUAL_PROJECT_REFERENCE,56
342dd610,project_repository,project_task_reference,llm_full_1000_frozen_v1.json,configs/llm_full_1000_frozen_v1.json,NOT_ESTABLISHED_FROM_PATH,True,01215062a544a7275295ec4ab862d290c14f2a09:configs/llm_full_1000_frozen_v1.json,MEDIUM_TEXTUAL_PROJECT_REFERENCE,28
3490cc26,project_repository,project_task_reference,llm_full_1000_frozen_v1.json,configs/llm_full_1000_frozen_v1.json,NOT_ESTABLISHED_FROM_PATH,True,01215062a544a7275295ec4ab862d290c14f2a09:configs/llm_full_1000_frozen_v1.json,MEDIUM_TEXTUAL_PROJECT_REFERENCE,28
34b99a2b,project_repository,project_task_reference,llm_full_1000_frozen_v1.json,configs/llm_full_1000_frozen_v1.json,NOT_ESTABLISHED_FROM_PATH,True,01215062a544a7275295ec4ab862d290c14f2a09:configs/llm_full_1000_frozen_v1.json,MEDIUM_TEXTUAL_PROJECT_REFERENCE,112
34cfa167,project_repository,project_task_reference,llm_challenge_like_frozen_v1.json,configs/llm_challenge_like_frozen_v1.json,NOT_ESTABLISHED_FROM_PATH,True,01215062a544a7275295ec4ab862d290c14f2a09:configs/llm_challenge_like_frozen_v1.json,MEDIUM_TEXTUAL_PROJECT_REFERENCE,56
351d6448,project_repository,project_task_reference,llm_full_1000_frozen_v1.json,configs/llm_full_1000_frozen_v1.json,NOT_ESTABLISHED_FROM_PATH,True,01215062a544a7275295ec4ab862d290c14f2a09:configs/llm_full_1000_frozen_v1.json,MEDIUM_TEXTUAL_PROJECT_REFERENCE,56
358ba94e,project_repository,project_task_reference,results,experiments/results/SOLVER_LIB_V1_OBJECT.json,NOT_ESTABLISHED_FROM_PATH,False,01215062a544a7275295ec4ab862d290c14f2a09:experiments/results/SOLVER_LIB_V1_OBJECT.json,MEDIUM_TEXTUAL_PROJECT_REFERENCE,420
35ab12c3,project_repository,project_task_reference,nonblind_development_loo_transfer30_v1,analysis/nonblind_development_loo_transfer30_v1/frozen_run_20260927T112700Z/loo_surface.csv,NOT_ESTABLISHED_FROM_PATH,True,01215062a544a7275295ec4ab862d290c14f2a09:analysis/nonblind_development_loo_transfer30_v1/frozen_run_20260927T112700Z/loo_surface.csv,MEDIUM_TEXTUAL_PROJECT_REFERENCE,2398
3618c87e,project_repository,project_task_reference,llm_full_1000_frozen_v1.json,configs/llm_full_1000_frozen_v1.json,NOT_ESTABLISHED_FROM_PATH,True,01215062a544a7275295ec4ab862d290c14f2a09:configs/llm_full_1000_frozen_v1.json,MEDIUM_TEXTUAL_PROJECT_REFERENCE,28
363442ee,project_repository,project_task_reference,llm_full_1000_frozen_v1.json,configs/llm_full_1000_frozen_v1.json,NOT_ESTABLISHED_FROM_PATH,True,01215062a544a7275295ec4ab862d290c14f2a09:configs/llm_full_1000_frozen_v1.json,MEDIUM_TEXTUAL_PROJECT_REFERENCE,28
36a08778,project_repository,prior_evaluation_or_development_reference,search_order_frontier_telemetry_micro12_v1,analysis/search_order_frontier_telemetry_micro12_v1/gate2_generation_v8/PROVENANCE.json,NOT_ESTABLISHED_FROM_PATH,True,18215650ec259e5d43add943b7f1657ec45b09cc:analysis/search_order_frontier_telemetry_micro12_v1/gate2_generation_v8/PROVENANCE.json,MEDIUM_TEXTUAL_PROJECT_REFERENCE,136776
36d67576,project_repository,prior_evaluation_or_development_reference,grad_proposal_runtime_intervention,research/grad_proposal_runtime_intervention/preliminary_results/untouched60_manifest.json,NOT_ESTABLISHED_FROM_PATH,True,01215062a544a7275295ec4ab862d290c14f2a09:research/grad_proposal_runtime_intervention/preliminary_results/untouched60_manifest.json,MEDIUM_TEXTUAL_PROJECT_REFERENCE,81
36fdfd69,project_repository,project_task_reference,llm_full_1000_frozen_v1.json,configs/llm_full_1000_frozen_v1.json,NOT_ESTABLISHED_FROM_PATH,True,01215062a544a7275295ec4ab862d290c14f2a09:configs/llm_full_1000_frozen_v1.json,MEDIUM_TEXTUAL_PROJECT_REFERENCE,28
37ce87bb,project_repository,project_task_reference,llm_full_1000_frozen_v1.json,configs/llm_full_1000_frozen_v1.json,NOT_ESTABLISHED_FROM_PATH,True,01215062a544a7275295ec4ab862d290c14f2a09:configs/llm_full_1000_frozen_v1.json,MEDIUM_TEXTUAL_PROJECT_REFERENCE,28
37d3e8b2,project_repository,project_task_reference,llm_full_1000_frozen_v1.json,configs/llm_full_1000_frozen_v1.json,NOT_ESTABLISHED_FROM_PATH,True,01215062a544a7275295ec4ab862d290c14f2a09:configs/llm_full_1000_frozen_v1.json,MEDIUM_TEXTUAL_PROJECT_REFERENCE,28
38007db0,project_repository,project_task_reference,nonblind_development_loo_transfer30_v1,analysis/nonblind_development_loo_transfer30_v1/frozen_run_20260927T112700Z/exposure_audit.json,NOT_ESTABLISHED_FROM_PATH,True,01215062a544a7275295ec4ab862d290c14f2a09:analysis/nonblind_development_loo_transfer30_v1/frozen_run_20260927T112700Z/exposure_audit.json,MEDIUM_TEXTUAL_PROJECT_REFERENCE,43
3906de3d,project_repository,project_task_reference,llm_full_1000_frozen_v1.json,configs/llm_full_1000_frozen_v1.json,NOT_ESTABLISHED_FROM_PATH,True,01215062a544a7275295ec4ab862d290c14f2a09:configs/llm_full_1000_frozen_v1.json,MEDIUM_TEXTUAL_PROJECT_REFERENCE,28
396d80d7,project_repository,prior_evaluation_or_development_reference,llm_program_synthesis_v2_pilot_50_qwen3_8b.json,configs/llm_program_synthesis_v2_pilot_50_qwen3_8b.json,NOT_ESTABLISHED_FROM_PATH,False,01215062a544a7275295ec4ab862d290c14f2a09:configs/llm_program_synthesis_v2_pilot_50_qwen3_8b.json,MEDIUM_TEXTUAL_PROJECT_REFERENCE,280
3979b1a8,project_repository,project_task_reference,llm_full_1000_frozen_v1.json,configs/llm_full_1000_frozen_v1.json,NOT_ESTABLISHED_FROM_PATH,True,01215062a544a7275295ec4ab862d290c14f2a09:configs/llm_full_1000_frozen_v1.json,MEDIUM_TEXTUAL_PROJECT_REFERENCE,28
39a8645d,project_repository,project_task_reference,llm_full_1000_frozen_v1.json,configs/llm_full_1000_frozen_v1.json,NOT_ESTABLISHED_FROM_PATH,True,01215062a544a7275295ec4ab862d290c14f2a09:configs/llm_full_1000_frozen_v1.json,MEDIUM_TEXTUAL_PROJECT_REFERENCE,28
39e1d7f9,project_repository,project_task_reference,llm_full_1000_frozen_v1.json,configs/llm_full_1000_frozen_v1.json,NOT_ESTABLISHED_FROM_PATH,True,01215062a544a7275295ec4ab862d290c14f2a09:configs/llm_full_1000_frozen_v1.json,MEDIUM_TEXTUAL_PROJECT_REFERENCE,28
3a25b0d8,project_repository,prior_evaluation_or_development_reference,eval60_dual_ttt_dfs2048_retention30_v1,experiments/eval60_dual_ttt_dfs2048_retention30_v1/DFS1024_TASK_CHECKPOINTS/3a25b0d8.json,NOT_ESTABLISHED_FROM_PATH,True,ef4e9ef9875a38101fcf36fea414f334bedfaad8:experiments/eval60_dual_ttt_dfs2048_retention30_v1/DFS1024_TASK_CHECKPOINTS/3a25b0d8.json,MEDIUM_TEXTUAL_PROJECT_REFERENCE,119480
3a301edc,project_repository,project_task_reference,llm_full_1000_frozen_v1.json,configs/llm_full_1000_frozen_v1.json,NOT_ESTABLISHED_FROM_PATH,True,01215062a544a7275295ec4ab862d290c14f2a09:configs/llm_full_1000_frozen_v1.json,MEDIUM_TEXTUAL_PROJECT_REFERENCE,112
3aa6fb7a,project_repository,project_task_reference,llm_full_1000_frozen_v1.json,configs/llm_full_1000_frozen_v1.json,NOT_ESTABLISHED_FROM_PATH,True,01215062a544a7275295ec4ab862d290c14f2a09:configs/llm_full_1000_frozen_v1.json,MEDIUM_TEXTUAL_PROJECT_REFERENCE,28
3ac3eb23,project_repository,project_task_reference,llm_program_synthesis_v2_failure_forensics.md,reports/llm_program_synthesis_v2_failure_forensics.md,NOT_ESTABLISHED_FROM_PATH,False,01215062a544a7275295ec4ab862d290c14f2a09:reports/llm_program_synthesis_v2_failure_forensics.md,MEDIUM_TEXTUAL_PROJECT_REFERENCE,392
3ad05f52,project_repository,prior_evaluation_or_development_reference,ARC2_NATIVE_RANKER_DIAGNOSIS_AND_REPAIR_V1.json,configs/ARC2_NATIVE_RANKER_DIAGNOSIS_AND_REPAIR_V1.json,NOT_ESTABLISHED_FROM_PATH,False,01215062a544a7275295ec4ab862d290c14f2a09:configs/ARC2_NATIVE_RANKER_DIAGNOSIS_AND_REPAIR_V1.json,MEDIUM_TEXTUAL_PROJECT_REFERENCE,56
3af2c5a8,project_repository,project_task_reference,llm_full_1000_frozen_v1.json,configs/llm_full_1000_frozen_v1.json,NOT_ESTABLISHED_FROM_PATH,True,01215062a544a7275295ec4ab862d290c14f2a09:configs/llm_full_1000_frozen_v1.json,MEDIUM_TEXTUAL_PROJECT_REFERENCE,28
3b4c2228,project_repository,project_task_reference,llm_full_1000_frozen_v1.json,configs/llm_full_1000_frozen_v1.json,NOT_ESTABLISHED_FROM_PATH,True,01215062a544a7275295ec4ab862d290c14f2a09:configs/llm_full_1000_frozen_v1.json,MEDIUM_TEXTUAL_PROJECT_REFERENCE,28
3bd292e8,project_repository,project_task_reference,llm_full_1000_frozen_v1.json,configs/llm_full_1000_frozen_v1.json,NOT_ESTABLISHED_FROM_PATH,True,01215062a544a7275295ec4ab862d290c14f2a09:configs/llm_full_1000_frozen_v1.json,MEDIUM_TEXTUAL_PROJECT_REFERENCE,28
3bd67248,project_repository,project_task_reference,llm_full_1000_frozen_v1.json,configs/llm_full_1000_frozen_v1.json,NOT_ESTABLISHED_FROM_PATH,True,01215062a544a7275295ec4ab862d290c14f2a09:configs/llm_full_1000_frozen_v1.json,MEDIUM_TEXTUAL_PROJECT_REFERENCE,28
3bdb4ada,project_repository,project_task_reference,llm_full_1000_frozen_v1.json,configs/llm_full_1000_frozen_v1.json,NOT_ESTABLISHED_FROM_PATH,True,01215062a544a7275295ec4ab862d290c14f2a09:configs/llm_full_1000_frozen_v1.json,MEDIUM_TEXTUAL_PROJECT_REFERENCE,28
3befdf3e,project_repository,project_task_reference,llm_full_1000_frozen_v1.json,configs/llm_full_1000_frozen_v1.json,NOT_ESTABLISHED_FROM_PATH,True,01215062a544a7275295ec4ab862d290c14f2a09:configs/llm_full_1000_frozen_v1.json,MEDIUM_TEXTUAL_PROJECT_REFERENCE,56
3c9b0459,project_repository,project_task_reference,build_dynamic_b_gpu_smoke_notebook.py,scripts/build_dynamic_b_gpu_smoke_notebook.py,NOT_ESTABLISHED_FROM_PATH,False,01215062a544a7275295ec4ab862d290c14f2a09:scripts/build_dynamic_b_gpu_smoke_notebook.py,MEDIUM_TEXTUAL_PROJECT_REFERENCE,277
3cd86f4f,project_repository,project_task_reference,llm_full_1000_frozen_v1.json,configs/llm_full_1000_frozen_v1.json,NOT_ESTABLISHED_FROM_PATH,True,01215062a544a7275295ec4ab862d290c14f2a09:configs/llm_full_1000_frozen_v1.json,MEDIUM_TEXTUAL_PROJECT_REFERENCE,112
3d31c5b3,project_repository,project_task_reference,llm_full_1000_frozen_v1.json,configs/llm_full_1000_frozen_v1.json,NOT_ESTABLISHED_FROM_PATH,True,01215062a544a7275295ec4ab862d290c14f2a09:configs/llm_full_1000_frozen_v1.json,MEDIUM_TEXTUAL_PROJECT_REFERENCE,28
3d588dc9,project_repository,project_task_reference,llm_full_1000_frozen_v1.json,configs/llm_full_1000_frozen_v1.json,NOT_ESTABLISHED_FROM_PATH,True,01215062a544a7275295ec4ab862d290c14f2a09:configs/llm_full_1000_frozen_v1.json,MEDIUM_TEXTUAL_PROJECT_REFERENCE,28
3d6c6e23,project_repository,project_task_reference,llm_challenge_like_frozen_v1.json,configs/llm_challenge_like_frozen_v1.json,NOT_ESTABLISHED_FROM_PATH,True,01215062a544a7275295ec4ab862d290c14f2a09:configs/llm_challenge_like_frozen_v1.json,MEDIUM_TEXTUAL_PROJECT_REFERENCE,112
3dc255db,project_repository,project_task_reference,nonblind_development_loo_transfer30_v1,analysis/nonblind_development_loo_transfer30_v1/frozen_run_20260927T112700Z/loo_surface.csv,NOT_ESTABLISHED_FROM_PATH,True,01215062a544a7275295ec4ab862d290c14f2a09:analysis/nonblind_development_loo_transfer30_v1/frozen_run_20260927T112700Z/loo_surface.csv,MEDIUM_TEXTUAL_PROJECT_REFERENCE,2683
3de23699,project_repository,prior_evaluation_or_development_reference,llm_program_synthesis_v2_pilot_50_qwen3_8b.json,configs/llm_program_synthesis_v2_pilot_50_qwen3_8b.json,NOT_ESTABLISHED_FROM_PATH,False,01215062a544a7275295ec4ab862d290c14f2a09:configs/llm_program_synthesis_v2_pilot_50_qwen3_8b.json,MEDIUM_TEXTUAL_PROJECT_REFERENCE,336
3e6067c3,project_repository,project_task_reference,nonblind_development_loo_transfer30_v1,analysis/nonblind_development_loo_transfer30_v1/frozen_run_20260927T112700Z/exposure_audit.json,NOT_ESTABLISHED_FROM_PATH,True,01215062a544a7275295ec4ab862d290c14f2a09:analysis/nonblind_development_loo_transfer30_v1/frozen_run_20260927T112700Z/exposure_audit.json,MEDIUM_TEXTUAL_PROJECT_REFERENCE,43
3e980e27,project_repository,project_task_reference,llm_full_1000_frozen_v1.json,configs/llm_full_1000_frozen_v1.json,NOT_ESTABLISHED_FROM_PATH,True,01215062a544a7275295ec4ab862d290c14f2a09:configs/llm_full_1000_frozen_v1.json,MEDIUM_TEXTUAL_PROJECT_REFERENCE,28
3eda0437,project_repository,project_task_reference,llm_program_synthesis_v2_failure_forensics.md,reports/llm_program_synthesis_v2_failure_forensics.md,NOT_ESTABLISHED_FROM_PATH,False,01215062a544a7275295ec4ab862d290c14f2a09:reports/llm_program_synthesis_v2_failure_forensics.md,MEDIUM_TEXTUAL_PROJECT_REFERENCE,392
3ee1011a,project_repository,project_task_reference,llm_full_1000_frozen_v1.json,configs/llm_full_1000_frozen_v1.json,NOT_ESTABLISHED_FROM_PATH,True,01215062a544a7275295ec4ab862d290c14f2a09:configs/llm_full_1000_frozen_v1.json,MEDIUM_TEXTUAL_PROJECT_REFERENCE,28
3f23242b,project_repository,project_task_reference,llm_full_1000_frozen_v1.json,configs/llm_full_1000_frozen_v1.json,NOT_ESTABLISHED_FROM_PATH,True,01215062a544a7275295ec4ab862d290c14f2a09:configs/llm_full_1000_frozen_v1.json,MEDIUM_TEXTUAL_PROJECT_REFERENCE,112
3f7978a0,project_repository,prior_evaluation_or_development_reference,run_local_dfs_ablation.py,scripts/run_local_dfs_ablation.py,NOT_ESTABLISHED_FROM_PATH,False,01215062a544a7275295ec4ab862d290c14f2a09:scripts/run_local_dfs_ablation.py,MEDIUM_TEXTUAL_PROJECT_REFERENCE,81
4093f84a,project_repository,project_task_reference,llm_full_1000_frozen_v1.json,configs/llm_full_1000_frozen_v1.json,NOT_ESTABLISHED_FROM_PATH,True,01215062a544a7275295ec4ab862d290c14f2a09:configs/llm_full_1000_frozen_v1.json,MEDIUM_TEXTUAL_PROJECT_REFERENCE,112
409aa875,project_repository,project_task_reference,nonblind_development_loo_transfer30_v1,analysis/nonblind_development_loo_transfer30_v1/frozen_run_20260927T112700Z/loo_surface.csv,NOT_ESTABLISHED_FROM_PATH,True,01215062a544a7275295ec4ab862d290c14f2a09:analysis/nonblind_development_loo_transfer30_v1/frozen_run_20260927T112700Z/loo_surface.csv,MEDIUM_TEXTUAL_PROJECT_REFERENCE,2668
40f6cd08,project_repository,project_task_reference,public_reference_ablation_partial_v32.md,reports/public_reference_ablation_partial_v32.md,NOT_ESTABLISHED_FROM_PATH,False,01215062a544a7275295ec4ab862d290c14f2a09:reports/public_reference_ablation_partial_v32.md,MEDIUM_TEXTUAL_PROJECT_REFERENCE,56
412b6263,project_repository,project_task_reference,llm_full_1000_frozen_v1.json,configs/llm_full_1000_frozen_v1.json,NOT_ESTABLISHED_FROM_PATH,True,01215062a544a7275295ec4ab862d290c14f2a09:configs/llm_full_1000_frozen_v1.json,MEDIUM_TEXTUAL_PROJECT_REFERENCE,28
414297c0,project_repository,project_task_reference,llm_full_1000_frozen_v1.json,configs/llm_full_1000_frozen_v1.json,NOT_ESTABLISHED_FROM_PATH,True,01215062a544a7275295ec4ab862d290c14f2a09:configs/llm_full_1000_frozen_v1.json,MEDIUM_TEXTUAL_PROJECT_REFERENCE,28
41ace6b5,project_repository,project_task_reference,llm_challenge_like_frozen_v1.json,configs/llm_challenge_like_frozen_v1.json,NOT_ESTABLISHED_FROM_PATH,True,01215062a544a7275295ec4ab862d290c14f2a09:configs/llm_challenge_like_frozen_v1.json,MEDIUM_TEXTUAL_PROJECT_REFERENCE,56
41e4d17e,project_repository,project_task_reference,llm_full_1000_frozen_v1.json,configs/llm_full_1000_frozen_v1.json,NOT_ESTABLISHED_FROM_PATH,True,01215062a544a7275295ec4ab862d290c14f2a09:configs/llm_full_1000_frozen_v1.json,MEDIUM_TEXTUAL_PROJECT_REFERENCE,56
423a55dc,project_repository,project_task_reference,llm_full_1000_frozen_v1.json,configs/llm_full_1000_frozen_v1.json,NOT_ESTABLISHED_FROM_PATH,True,01215062a544a7275295ec4ab862d290c14f2a09:configs/llm_full_1000_frozen_v1.json,MEDIUM_TEXTUAL_PROJECT_REFERENCE,28
4258a5f9,project_repository,prior_evaluation_or_development_reference,grad_proposal_runtime_intervention,research/grad_proposal_runtime_intervention/preliminary_results/untouched60_manifest.json,NOT_ESTABLISHED_FROM_PATH,True,01215062a544a7275295ec4ab862d290c14f2a09:research/grad_proposal_runtime_intervention/preliminary_results/untouched60_manifest.json,MEDIUM_TEXTUAL_PROJECT_REFERENCE,81
4290ef0e,project_repository,project_task_reference,llm_challenge_like_frozen_v1.json,configs/llm_challenge_like_frozen_v1.json,NOT_ESTABLISHED_FROM_PATH,True,01215062a544a7275295ec4ab862d290c14f2a09:configs/llm_challenge_like_frozen_v1.json,MEDIUM_TEXTUAL_PROJECT_REFERENCE,56
42918530,project_repository,project_task_reference,llm_full_1000_frozen_v1.json,configs/llm_full_1000_frozen_v1.json,NOT_ESTABLISHED_FROM_PATH,True,01215062a544a7275295ec4ab862d290c14f2a09:configs/llm_full_1000_frozen_v1.json,MEDIUM_TEXTUAL_PROJECT_REFERENCE,28
42a15761,project_repository,project_task_reference,llm_full_1000_frozen_v1.json,configs/llm_full_1000_frozen_v1.json,NOT_ESTABLISHED_FROM_PATH,True,01215062a544a7275295ec4ab862d290c14f2a09:configs/llm_full_1000_frozen_v1.json,MEDIUM_TEXTUAL_PROJECT_REFERENCE,28
42a50994,project_repository,project_task_reference,llm_full_1000_frozen_v1.json,configs/llm_full_1000_frozen_v1.json,NOT_ESTABLISHED_FROM_PATH,True,01215062a544a7275295ec4ab862d290c14f2a09:configs/llm_full_1000_frozen_v1.json,MEDIUM_TEXTUAL_PROJECT_REFERENCE,28
42f14c03,project_repository,project_task_reference,llm_full_1000_frozen_v1.json,configs/llm_full_1000_frozen_v1.json,NOT_ESTABLISHED_FROM_PATH,True,01215062a544a7275295ec4ab862d290c14f2a09:configs/llm_full_1000_frozen_v1.json,MEDIUM_TEXTUAL_PROJECT_REFERENCE,28
42f83767,project_repository,project_task_reference,llm_full_1000_frozen_v1.json,configs/llm_full_1000_frozen_v1.json,NOT_ESTABLISHED_FROM_PATH,True,01215062a544a7275295ec4ab862d290c14f2a09:configs/llm_full_1000_frozen_v1.json,MEDIUM_TEXTUAL_PROJECT_REFERENCE,56
4347f46a,project_repository,project_task_reference,llm_full_1000_frozen_v1.json,configs/llm_full_1000_frozen_v1.json,NOT_ESTABLISHED_FROM_PATH,True,01215062a544a7275295ec4ab862d290c14f2a09:configs/llm_full_1000_frozen_v1.json,MEDIUM_TEXTUAL_PROJECT_REFERENCE,56
4364c1c4,project_repository,project_task_reference,llm_challenge_like_frozen_v1.json,configs/llm_challenge_like_frozen_v1.json,NOT_ESTABLISHED_FROM_PATH,True,01215062a544a7275295ec4ab862d290c14f2a09:configs/llm_challenge_like_frozen_v1.json,MEDIUM_TEXTUAL_PROJECT_REFERENCE,56
444801d8,project_repository,prior_evaluation_or_development_reference,grad_proposal_runtime_intervention,research/grad_proposal_runtime_intervention/preliminary_results/untouched60_manifest.json,NOT_ESTABLISHED_FROM_PATH,True,01215062a544a7275295ec4ab862d290c14f2a09:research/grad_proposal_runtime_intervention/preliminary_results/untouched60_manifest.json,MEDIUM_TEXTUAL_PROJECT_REFERENCE,81
445eab21,project_repository,project_task_reference,llm_challenge_like_frozen_v1.json,configs/llm_challenge_like_frozen_v1.json,NOT_ESTABLISHED_FROM_PATH,True,01215062a544a7275295ec4ab862d290c14f2a09:configs/llm_challenge_like_frozen_v1.json,MEDIUM_TEXTUAL_PROJECT_REFERENCE,56
446ef5d2,project_repository,prior_evaluation_or_development_reference,eval60_phase3_d48_aug8_r1024_archive_v1,artifacts/eval60_phase3_d48_aug8_r1024_archive_v1/manifests/SOURCE_FILE_MANIFEST.csv,NOT_ESTABLISHED_FROM_PATH,False,18215650ec259e5d43add943b7f1657ec45b09cc:artifacts/eval60_phase3_d48_aug8_r1024_archive_v1/manifests/SOURCE_FILE_MANIFEST.csv,MEDIUM_TEXTUAL_PROJECT_REFERENCE,20229
447fd412,project_repository,project_task_reference,llm_full_1000_frozen_v1.json,configs/llm_full_1000_frozen_v1.json,NOT_ESTABLISHED_FROM_PATH,True,01215062a544a7275295ec4ab862d290c14f2a09:configs/llm_full_1000_frozen_v1.json,MEDIUM_TEXTUAL_PROJECT_REFERENCE,56
44d8ac46,project_repository,project_task_reference,llm_challenge_like_frozen_v1.json,configs/llm_challenge_like_frozen_v1.json,NOT_ESTABLISHED_FROM_PATH,True,01215062a544a7275295ec4ab862d290c14f2a09:configs/llm_challenge_like_frozen_v1.json,MEDIUM_TEXTUAL_PROJECT_REFERENCE,56
44f52bb0,project_repository,project_task_reference,llm_full_1000_frozen_v1.json,configs/llm_full_1000_frozen_v1.json,NOT_ESTABLISHED_FROM_PATH,True,01215062a544a7275295ec4ab862d290c14f2a09:configs/llm_full_1000_frozen_v1.json,MEDIUM_TEXTUAL_PROJECT_REFERENCE,28
4522001f,project_repository,project_task_reference,llm_full_1000_frozen_v1.json,configs/llm_full_1000_frozen_v1.json,NOT_ESTABLISHED_FROM_PATH,True,01215062a544a7275295ec4ab862d290c14f2a09:configs/llm_full_1000_frozen_v1.json,MEDIUM_TEXTUAL_PROJECT_REFERENCE,28
456873bc,project_repository,project_task_reference,llm_full_1000_frozen_v1.json,configs/llm_full_1000_frozen_v1.json,NOT_ESTABLISHED_FROM_PATH,True,01215062a544a7275295ec4ab862d290c14f2a09:configs/llm_full_1000_frozen_v1.json,MEDIUM_TEXTUAL_PROJECT_REFERENCE,28
45737921,project_repository,project_task_reference,llm_full_1000_frozen_v1.json,configs/llm_full_1000_frozen_v1.json,NOT_ESTABLISHED_FROM_PATH,True,01215062a544a7275295ec4ab862d290c14f2a09:configs/llm_full_1000_frozen_v1.json,MEDIUM_TEXTUAL_PROJECT_REFERENCE,28
458e3a53,project_repository,project_task_reference,llm_full_1000_frozen_v1.json,configs/llm_full_1000_frozen_v1.json,NOT_ESTABLISHED_FROM_PATH,True,01215062a544a7275295ec4ab862d290c14f2a09:configs/llm_full_1000_frozen_v1.json,MEDIUM_TEXTUAL_PROJECT_REFERENCE,28
45a5af55,project_repository,prior_evaluation_or_development_reference,eval60_phase3_d48_aug8_r1024_archive_v1,artifacts/eval60_phase3_d48_aug8_r1024_archive_v1/manifests/SOURCE_FILE_MANIFEST.csv,NOT_ESTABLISHED_FROM_PATH,False,18215650ec259e5d43add943b7f1657ec45b09cc:artifacts/eval60_phase3_d48_aug8_r1024_archive_v1/manifests/SOURCE_FILE_MANIFEST.csv,MEDIUM_TEXTUAL_PROJECT_REFERENCE,10325
45bbe264,project_repository,project_task_reference,llm_full_1000_frozen_v1.json,configs/llm_full_1000_frozen_v1.json,NOT_ESTABLISHED_FROM_PATH,True,01215062a544a7275295ec4ab862d290c14f2a09:configs/llm_full_1000_frozen_v1.json,MEDIUM_TEXTUAL_PROJECT_REFERENCE,28
4612dd53,project_repository,project_task_reference,llm_full_1000_frozen_v1.json,configs/llm_full_1000_frozen_v1.json,NOT_ESTABLISHED_FROM_PATH,True,01215062a544a7275295ec4ab862d290c14f2a09:configs/llm_full_1000_frozen_v1.json,MEDIUM_TEXTUAL_PROJECT_REFERENCE,28
46442a0e,project_repository,project_task_reference,llm_full_1000_frozen_v1.json,configs/llm_full_1000_frozen_v1.json,NOT_ESTABLISHED_FROM_PATH,True,01215062a544a7275295ec4ab862d290c14f2a09:configs/llm_full_1000_frozen_v1.json,MEDIUM_TEXTUAL_PROJECT_REFERENCE,28
465b7d93,project_repository,project_task_reference,llm_challenge_like_frozen_v1.json,configs/llm_challenge_like_frozen_v1.json,NOT_ESTABLISHED_FROM_PATH,True,01215062a544a7275295ec4ab862d290c14f2a09:configs/llm_challenge_like_frozen_v1.json,MEDIUM_TEXTUAL_PROJECT_REFERENCE,56
469497ad,project_repository,prior_evaluation_or_development_reference,ARC2_NATIVE_RANKER_DIAGNOSIS_AND_REPAIR_V1.json,configs/ARC2_NATIVE_RANKER_DIAGNOSIS_AND_REPAIR_V1.json,NOT_ESTABLISHED_FROM_PATH,False,01215062a544a7275295ec4ab862d290c14f2a09:configs/ARC2_NATIVE_RANKER_DIAGNOSIS_AND_REPAIR_V1.json,MEDIUM_TEXTUAL_PROJECT_REFERENCE,56
46c35fc7,project_repository,project_task_reference,llm_full_1000_frozen_v1.json,configs/llm_full_1000_frozen_v1.json,NOT_ESTABLISHED_FROM_PATH,True,01215062a544a7275295ec4ab862d290c14f2a09:configs/llm_full_1000_frozen_v1.json,MEDIUM_TEXTUAL_PROJECT_REFERENCE,56
46f33fce,project_repository,prior_evaluation_or_development_reference,llm_program_synthesis_v2_pilot_50_qwen3_8b.json,configs/llm_program_synthesis_v2_pilot_50_qwen3_8b.json,NOT_ESTABLISHED_FROM_PATH,False,01215062a544a7275295ec4ab862d290c14f2a09:configs/llm_program_synthesis_v2_pilot_50_qwen3_8b.json,MEDIUM_TEXTUAL_PROJECT_REFERENCE,280
470c91de,project_repository,prior_evaluation_or_development_reference,grad_proposal_runtime_intervention,research/grad_proposal_runtime_intervention/preliminary_results/untouched60_manifest.json,NOT_ESTABLISHED_FROM_PATH,True,01215062a544a7275295ec4ab862d290c14f2a09:research/grad_proposal_runtime_intervention/preliminary_results/untouched60_manifest.json,MEDIUM_TEXTUAL_PROJECT_REFERENCE,81
47c1f68c,project_repository,project_task_reference,llm_full_1000_frozen_v1.json,configs/llm_full_1000_frozen_v1.json,NOT_ESTABLISHED_FROM_PATH,True,01215062a544a7275295ec4ab862d290c14f2a09:configs/llm_full_1000_frozen_v1.json,MEDIUM_TEXTUAL_PROJECT_REFERENCE,28
48131b3c,project_repository,project_task_reference,llm_full_1000_frozen_v1.json,configs/llm_full_1000_frozen_v1.json,NOT_ESTABLISHED_FROM_PATH,True,01215062a544a7275295ec4ab862d290c14f2a09:configs/llm_full_1000_frozen_v1.json,MEDIUM_TEXTUAL_PROJECT_REFERENCE,28
484b58aa,project_repository,prior_evaluation_or_development_reference,ARC2_NATIVE_RANKER_DIAGNOSIS_AND_REPAIR_V1.json,configs/ARC2_NATIVE_RANKER_DIAGNOSIS_AND_REPAIR_V1.json,NOT_ESTABLISHED_FROM_PATH,False,01215062a544a7275295ec4ab862d290c14f2a09:configs/ARC2_NATIVE_RANKER_DIAGNOSIS_AND_REPAIR_V1.json,MEDIUM_TEXTUAL_PROJECT_REFERENCE,84
4852f2fa,project_repository,project_task_reference,llm_full_1000_frozen_v1.json,configs/llm_full_1000_frozen_v1.json,NOT_ESTABLISHED_FROM_PATH,True,01215062a544a7275295ec4ab862d290c14f2a09:configs/llm_full_1000_frozen_v1.json,MEDIUM_TEXTUAL_PROJECT_REFERENCE,56
48634b99,project_repository,project_task_reference,llm_full_1000_frozen_v1.json,configs/llm_full_1000_frozen_v1.json,NOT_ESTABLISHED_FROM_PATH,True,01215062a544a7275295ec4ab862d290c14f2a09:configs/llm_full_1000_frozen_v1.json,MEDIUM_TEXTUAL_PROJECT_REFERENCE,28
48d8fb45,project_repository,project_task_reference,llm_full_1000_frozen_v1.json,configs/llm_full_1000_frozen_v1.json,NOT_ESTABLISHED_FROM_PATH,True,01215062a544a7275295ec4ab862d290c14f2a09:configs/llm_full_1000_frozen_v1.json,MEDIUM_TEXTUAL_PROJECT_REFERENCE,28
48f8583b,project_repository,project_task_reference,llm_full_1000_frozen_v1.json,configs/llm_full_1000_frozen_v1.json,NOT_ESTABLISHED_FROM_PATH,True,01215062a544a7275295ec4ab862d290c14f2a09:configs/llm_full_1000_frozen_v1.json,MEDIUM_TEXTUAL_PROJECT_REFERENCE,56
4938f0c2,project_repository,project_task_reference,llm_full_1000_frozen_v1.json,configs/llm_full_1000_frozen_v1.json,NOT_ESTABLISHED_FROM_PATH,True,01215062a544a7275295ec4ab862d290c14f2a09:configs/llm_full_1000_frozen_v1.json,MEDIUM_TEXTUAL_PROJECT_REFERENCE,28
494ef9d7,project_repository,project_task_reference,llm_challenge_like_frozen_v1.json,configs/llm_challenge_like_frozen_v1.json,NOT_ESTABLISHED_FROM_PATH,True,01215062a544a7275295ec4ab862d290c14f2a09:configs/llm_challenge_like_frozen_v1.json,MEDIUM_TEXTUAL_PROJECT_REFERENCE,56
496994bd,project_repository,project_task_reference,arc2_capability_system_v1.md,reports/arc2_capability_system_v1.md,NOT_ESTABLISHED_FROM_PATH,False,01215062a544a7275295ec4ab862d290c14f2a09:reports/arc2_capability_system_v1.md,MEDIUM_TEXTUAL_PROJECT_REFERENCE,308
49d1d64f,project_repository,project_task_reference,llm_challenge_like_frozen_v1.json,configs/llm_challenge_like_frozen_v1.json,NOT_ESTABLISHED_FROM_PATH,True,01215062a544a7275295ec4ab862d290c14f2a09:configs/llm_challenge_like_frozen_v1.json,MEDIUM_TEXTUAL_PROJECT_REFERENCE,56
4a1cacc2,project_repository,project_task_reference,llm_full_1000_frozen_v1.json,configs/llm_full_1000_frozen_v1.json,NOT_ESTABLISHED_FROM_PATH,True,01215062a544a7275295ec4ab862d290c14f2a09:configs/llm_full_1000_frozen_v1.json,MEDIUM_TEXTUAL_PROJECT_REFERENCE,112
4a21e3da,project_repository,prior_evaluation_or_development_reference,eval60_phase3_d48_aug8_r1024_archive_v1,artifacts/eval60_phase3_d48_aug8_r1024_archive_v1/manifests/SOURCE_FILE_MANIFEST.csv,NOT_ESTABLISHED_FROM_PATH,False,18215650ec259e5d43add943b7f1657ec45b09cc:artifacts/eval60_phase3_d48_aug8_r1024_archive_v1/manifests/SOURCE_FILE_MANIFEST.csv,MEDIUM_TEXTUAL_PROJECT_REFERENCE,28341
4acc7107,project_repository,project_task_reference,llm_full_1000_frozen_v1.json,configs/llm_full_1000_frozen_v1.json,NOT_ESTABLISHED_FROM_PATH,True,01215062a544a7275295ec4ab862d290c14f2a09:configs/llm_full_1000_frozen_v1.json,MEDIUM_TEXTUAL_PROJECT_REFERENCE,28
4b6b68e5,project_repository,project_task_reference,llm_challenge_like_frozen_v1.json,configs/llm_challenge_like_frozen_v1.json,NOT_ESTABLISHED_FROM_PATH,True,01215062a544a7275295ec4ab862d290c14f2a09:configs/llm_challenge_like_frozen_v1.json,MEDIUM_TEXTUAL_PROJECT_REFERENCE,56
4be741c5,project_repository,project_task_reference,llm_full_1000_frozen_v1.json,configs/llm_full_1000_frozen_v1.json,NOT_ESTABLISHED_FROM_PATH,True,01215062a544a7275295ec4ab862d290c14f2a09:configs/llm_full_1000_frozen_v1.json,MEDIUM_TEXTUAL_PROJECT_REFERENCE,56
4c177718,project_repository,project_task_reference,llm_full_1000_frozen_v1.json,configs/llm_full_1000_frozen_v1.json,NOT_ESTABLISHED_FROM_PATH,True,01215062a544a7275295ec4ab862d290c14f2a09:configs/llm_full_1000_frozen_v1.json,MEDIUM_TEXTUAL_PROJECT_REFERENCE,28
4c3d4a41,project_repository,prior_evaluation_or_development_reference,eval60_phase3_d48_aug8_r1024_archive_v1,artifacts/eval60_phase3_d48_aug8_r1024_archive_v1/manifests/SOURCE_FILE_MANIFEST.csv,NOT_ESTABLISHED_FROM_PATH,False,18215650ec259e5d43add943b7f1657ec45b09cc:artifacts/eval60_phase3_d48_aug8_r1024_archive_v1/manifests/SOURCE_FILE_MANIFEST.csv,MEDIUM_TEXTUAL_PROJECT_REFERENCE,45446
4c416de3,project_repository,project_task_reference,nonblind_development_loo_transfer30_v1,analysis/nonblind_development_loo_transfer30_v1/frozen_run_20260927T112700Z/loo_surface.csv,NOT_ESTABLISHED_FROM_PATH,True,01215062a544a7275295ec4ab862d290c14f2a09:analysis/nonblind_development_loo_transfer30_v1/frozen_run_20260927T112700Z/loo_surface.csv,MEDIUM_TEXTUAL_PROJECT_REFERENCE,2683
4c4377d9,project_repository,prior_evaluation_or_development_reference,llm_program_synthesis_v2_pilot_50_qwen3_8b.json,configs/llm_program_synthesis_v2_pilot_50_qwen3_8b.json,NOT_ESTABLISHED_FROM_PATH,False,01215062a544a7275295ec4ab862d290c14f2a09:configs/llm_program_synthesis_v2_pilot_50_qwen3_8b.json,MEDIUM_TEXTUAL_PROJECT_REFERENCE,280
4c5c2cf0,project_repository,project_task_reference,llm_full_1000_frozen_v1.json,configs/llm_full_1000_frozen_v1.json,NOT_ESTABLISHED_FROM_PATH,True,01215062a544a7275295ec4ab862d290c14f2a09:configs/llm_full_1000_frozen_v1.json,MEDIUM_TEXTUAL_PROJECT_REFERENCE,28
4c7dc4dd,project_repository,project_task_reference,nonblind_development_loo_transfer30_v1,analysis/nonblind_development_loo_transfer30_v1/frozen_run_20260927T112700Z/exposure_audit.json,NOT_ESTABLISHED_FROM_PATH,True,01215062a544a7275295ec4ab862d290c14f2a09:analysis/nonblind_development_loo_transfer30_v1/frozen_run_20260927T112700Z/exposure_audit.json,MEDIUM_TEXTUAL_PROJECT_REFERENCE,43
4cd1b7b2,project_repository,project_task_reference,llm_program_synthesis_v2_failure_forensics.md,reports/llm_program_synthesis_v2_failure_forensics.md,NOT_ESTABLISHED_FROM_PATH,False,01215062a544a7275295ec4ab862d290c14f2a09:reports/llm_program_synthesis_v2_failure_forensics.md,MEDIUM_TEXTUAL_PROJECT_REFERENCE,448
4df5b0ae,project_repository,project_task_reference,llm_full_1000_frozen_v1.json,configs/llm_full_1000_frozen_v1.json,NOT_ESTABLISHED_FROM_PATH,True,01215062a544a7275295ec4ab862d290c14f2a09:configs/llm_full_1000_frozen_v1.json,MEDIUM_TEXTUAL_PROJECT_REFERENCE,28
4e34c42c,project_repository,prior_evaluation_or_development_reference,eval60_phase3_d48_aug8_r1024_archive_v1,artifacts/eval60_phase3_d48_aug8_r1024_archive_v1/manifests/SOURCE_FILE_MANIFEST.csv,NOT_ESTABLISHED_FROM_PATH,False,18215650ec259e5d43add943b7f1657ec45b09cc:artifacts/eval60_phase3_d48_aug8_r1024_archive_v1/manifests/SOURCE_FILE_MANIFEST.csv,MEDIUM_TEXTUAL_PROJECT_REFERENCE,197306
4e45f183,project_repository,project_task_reference,llm_program_synthesis_v2_failure_forensics.md,reports/llm_program_synthesis_v2_failure_forensics.md,NOT_ESTABLISHED_FROM_PATH,False,01215062a544a7275295ec4ab862d290c14f2a09:reports/llm_program_synthesis_v2_failure_forensics.md,MEDIUM_TEXTUAL_PROJECT_REFERENCE,448
4e469f39,project_repository,project_task_reference,llm_full_1000_frozen_v1.json,configs/llm_full_1000_frozen_v1.json,NOT_ESTABLISHED_FROM_PATH,True,01215062a544a7275295ec4ab862d290c14f2a09:configs/llm_full_1000_frozen_v1.json,MEDIUM_TEXTUAL_PROJECT_REFERENCE,28
4e7e0eb9,project_repository,project_task_reference,llm_challenge_like_frozen_v1.json,configs/llm_challenge_like_frozen_v1.json,NOT_ESTABLISHED_FROM_PATH,True,01215062a544a7275295ec4ab862d290c14f2a09:configs/llm_challenge_like_frozen_v1.json,MEDIUM_TEXTUAL_PROJECT_REFERENCE,56
4f537728,project_repository,project_task_reference,llm_full_1000_frozen_v1.json,configs/llm_full_1000_frozen_v1.json,NOT_ESTABLISHED_FROM_PATH,True,01215062a544a7275295ec4ab862d290c14f2a09:configs/llm_full_1000_frozen_v1.json,MEDIUM_TEXTUAL_PROJECT_REFERENCE,28
4ff4c9da,project_repository,project_task_reference,llm_full_1000_frozen_v1.json,configs/llm_full_1000_frozen_v1.json,NOT_ESTABLISHED_FROM_PATH,True,01215062a544a7275295ec4ab862d290c14f2a09:configs/llm_full_1000_frozen_v1.json,MEDIUM_TEXTUAL_PROJECT_REFERENCE,28
5034a0b5,project_repository,project_task_reference,llm_full_1000_frozen_v1.json,configs/llm_full_1000_frozen_v1.json,NOT_ESTABLISHED_FROM_PATH,True,01215062a544a7275295ec4ab862d290c14f2a09:configs/llm_full_1000_frozen_v1.json,MEDIUM_TEXTUAL_PROJECT_REFERENCE,28
505fff84,project_repository,project_task_reference,llm_full_1000_frozen_v1.json,configs/llm_full_1000_frozen_v1.json,NOT_ESTABLISHED_FROM_PATH,True,01215062a544a7275295ec4ab862d290c14f2a09:configs/llm_full_1000_frozen_v1.json,MEDIUM_TEXTUAL_PROJECT_REFERENCE,28
506d28a5,project_repository,project_task_reference,llm_challenge_like_frozen_v1.json,configs/llm_challenge_like_frozen_v1.json,NOT_ESTABLISHED_FROM_PATH,True,01215062a544a7275295ec4ab862d290c14f2a09:configs/llm_challenge_like_frozen_v1.json,MEDIUM_TEXTUAL_PROJECT_REFERENCE,56
50846271,project_repository,project_task_reference,llm_full_1000_frozen_v1.json,configs/llm_full_1000_frozen_v1.json,NOT_ESTABLISHED_FROM_PATH,True,01215062a544a7275295ec4ab862d290c14f2a09:configs/llm_full_1000_frozen_v1.json,MEDIUM_TEXTUAL_PROJECT_REFERENCE,28
508bd3b6,project_repository,project_task_reference,llm_full_1000_frozen_v1.json,configs/llm_full_1000_frozen_v1.json,NOT_ESTABLISHED_FROM_PATH,True,01215062a544a7275295ec4ab862d290c14f2a09:configs/llm_full_1000_frozen_v1.json,MEDIUM_TEXTUAL_PROJECT_REFERENCE,56
50a16a69,project_repository,project_task_reference,llm_full_1000_frozen_v1.json,configs/llm_full_1000_frozen_v1.json,NOT_ESTABLISHED_FROM_PATH,True,01215062a544a7275295ec4ab862d290c14f2a09:configs/llm_full_1000_frozen_v1.json,MEDIUM_TEXTUAL_PROJECT_REFERENCE,56
50aad11f,project_repository,project_task_reference,llm_full_1000_frozen_v1.json,configs/llm_full_1000_frozen_v1.json,NOT_ESTABLISHED_FROM_PATH,True,01215062a544a7275295ec4ab862d290c14f2a09:configs/llm_full_1000_frozen_v1.json,MEDIUM_TEXTUAL_PROJECT_REFERENCE,56
50c07299,project_repository,project_task_reference,llm_challenge_like_frozen_v1.json,configs/llm_challenge_like_frozen_v1.json,NOT_ESTABLISHED_FROM_PATH,True,01215062a544a7275295ec4ab862d290c14f2a09:configs/llm_challenge_like_frozen_v1.json,MEDIUM_TEXTUAL_PROJECT_REFERENCE,56
50cb2852,project_repository,project_task_reference,llm_full_1000_frozen_v1.json,configs/llm_full_1000_frozen_v1.json,NOT_ESTABLISHED_FROM_PATH,True,01215062a544a7275295ec4ab862d290c14f2a09:configs/llm_full_1000_frozen_v1.json,MEDIUM_TEXTUAL_PROJECT_REFERENCE,28
50f325b5,project_repository,project_task_reference,llm_full_1000_frozen_v1.json,configs/llm_full_1000_frozen_v1.json,NOT_ESTABLISHED_FROM_PATH,True,01215062a544a7275295ec4ab862d290c14f2a09:configs/llm_full_1000_frozen_v1.json,MEDIUM_TEXTUAL_PROJECT_REFERENCE,56
5117e062,project_repository,project_task_reference,llm_full_1000_frozen_v1.json,configs/llm_full_1000_frozen_v1.json,NOT_ESTABLISHED_FROM_PATH,True,01215062a544a7275295ec4ab862d290c14f2a09:configs/llm_full_1000_frozen_v1.json,MEDIUM_TEXTUAL_PROJECT_REFERENCE,28
5168d44c,project_repository,project_task_reference,llm_full_1000_frozen_v1.json,configs/llm_full_1000_frozen_v1.json,NOT_ESTABLISHED_FROM_PATH,True,01215062a544a7275295ec4ab862d290c14f2a09:configs/llm_full_1000_frozen_v1.json,MEDIUM_TEXTUAL_PROJECT_REFERENCE,28
516b51b7,project_repository,project_task_reference,llm_challenge_like_frozen_v1.json,configs/llm_challenge_like_frozen_v1.json,NOT_ESTABLISHED_FROM_PATH,True,01215062a544a7275295ec4ab862d290c14f2a09:configs/llm_challenge_like_frozen_v1.json,MEDIUM_TEXTUAL_PROJECT_REFERENCE,56
5207a7b5,project_repository,project_task_reference,public_reference_ablation_partial_v32.md,reports/public_reference_ablation_partial_v32.md,NOT_ESTABLISHED_FROM_PATH,False,01215062a544a7275295ec4ab862d290c14f2a09:reports/public_reference_ablation_partial_v32.md,MEDIUM_TEXTUAL_PROJECT_REFERENCE,56
522fdd07,project_repository,project_task_reference,llm_full_1000_frozen_v1.json,configs/llm_full_1000_frozen_v1.json,NOT_ESTABLISHED_FROM_PATH,True,01215062a544a7275295ec4ab862d290c14f2a09:configs/llm_full_1000_frozen_v1.json,MEDIUM_TEXTUAL_PROJECT_REFERENCE,112
52364a65,project_repository,project_task_reference,llm_challenge_like_frozen_v1.json,configs/llm_challenge_like_frozen_v1.json,NOT_ESTABLISHED_FROM_PATH,True,01215062a544a7275295ec4ab862d290c14f2a09:configs/llm_challenge_like_frozen_v1.json,MEDIUM_TEXTUAL_PROJECT_REFERENCE,56
5289ad53,project_repository,project_task_reference,llm_full_1000_frozen_v1.json,configs/llm_full_1000_frozen_v1.json,NOT_ESTABLISHED_FROM_PATH,True,01215062a544a7275295ec4ab862d290c14f2a09:configs/llm_full_1000_frozen_v1.json,MEDIUM_TEXTUAL_PROJECT_REFERENCE,28
52df9849,project_repository,project_task_reference,llm_full_1000_frozen_v1.json,configs/llm_full_1000_frozen_v1.json,NOT_ESTABLISHED_FROM_PATH,True,01215062a544a7275295ec4ab862d290c14f2a09:configs/llm_full_1000_frozen_v1.json,MEDIUM_TEXTUAL_PROJECT_REFERENCE,28
52fd389e,project_repository,project_task_reference,llm_full_1000_frozen_v1.json,configs/llm_full_1000_frozen_v1.json,NOT_ESTABLISHED_FROM_PATH,True,01215062a544a7275295ec4ab862d290c14f2a09:configs/llm_full_1000_frozen_v1.json,MEDIUM_TEXTUAL_PROJECT_REFERENCE,28
538b439f,project_repository,project_task_reference,llm_full_1000_frozen_v1.json,configs/llm_full_1000_frozen_v1.json,NOT_ESTABLISHED_FROM_PATH,True,01215062a544a7275295ec4ab862d290c14f2a09:configs/llm_full_1000_frozen_v1.json,MEDIUM_TEXTUAL_PROJECT_REFERENCE,28
539a4f51,project_repository,project_task_reference,llm_full_1000_frozen_v1.json,configs/llm_full_1000_frozen_v1.json,NOT_ESTABLISHED_FROM_PATH,True,01215062a544a7275295ec4ab862d290c14f2a09:configs/llm_full_1000_frozen_v1.json,MEDIUM_TEXTUAL_PROJECT_REFERENCE,28
53b68214,project_repository,project_task_reference,llm_full_1000_frozen_v1.json,configs/llm_full_1000_frozen_v1.json,NOT_ESTABLISHED_FROM_PATH,True,01215062a544a7275295ec4ab862d290c14f2a09:configs/llm_full_1000_frozen_v1.json,MEDIUM_TEXTUAL_PROJECT_REFERENCE,28
53fb4810,project_repository,prior_evaluation_or_development_reference,phase3b_eval60_d48_aug8_r1024_v1,analysis/phase3b_eval60_d48_aug8_r1024_v1/OUTPUT_CHECKPOINTS/53fb4810_o0.json,NOT_ESTABLISHED_FROM_PATH,False,18215650ec259e5d43add943b7f1657ec45b09cc:analysis/phase3b_eval60_d48_aug8_r1024_v1/OUTPUT_CHECKPOINTS/53fb4810_o0.json,MEDIUM_TEXTUAL_PROJECT_REFERENCE,10158
543a7ed5,project_repository,project_task_reference,llm_full_1000_frozen_v1.json,configs/llm_full_1000_frozen_v1.json,NOT_ESTABLISHED_FROM_PATH,True,01215062a544a7275295ec4ab862d290c14f2a09:configs/llm_full_1000_frozen_v1.json,MEDIUM_TEXTUAL_PROJECT_REFERENCE,28
54d82841,project_repository,project_task_reference,llm_full_1000_frozen_v1.json,configs/llm_full_1000_frozen_v1.json,NOT_ESTABLISHED_FROM_PATH,True,01215062a544a7275295ec4ab862d290c14f2a09:configs/llm_full_1000_frozen_v1.json,MEDIUM_TEXTUAL_PROJECT_REFERENCE,56
54d9e175,project_repository,prior_evaluation_or_development_reference,grad_proposal_runtime_intervention,research/grad_proposal_runtime_intervention/preliminary_results/untouched60_manifest.json,NOT_ESTABLISHED_FROM_PATH,True,01215062a544a7275295ec4ab862d290c14f2a09:research/grad_proposal_runtime_intervention/preliminary_results/untouched60_manifest.json,MEDIUM_TEXTUAL_PROJECT_REFERENCE,81
54db823b,project_repository,project_task_reference,llm_full_1000_frozen_v1.json,configs/llm_full_1000_frozen_v1.json,NOT_ESTABLISHED_FROM_PATH,True,01215062a544a7275295ec4ab862d290c14f2a09:configs/llm_full_1000_frozen_v1.json,MEDIUM_TEXTUAL_PROJECT_REFERENCE,112
54dc2872,project_repository,project_task_reference,llm_full_1000_frozen_v1.json,configs/llm_full_1000_frozen_v1.json,NOT_ESTABLISHED_FROM_PATH,True,01215062a544a7275295ec4ab862d290c14f2a09:configs/llm_full_1000_frozen_v1.json,MEDIUM_TEXTUAL_PROJECT_REFERENCE,56
55059096,project_repository,project_task_reference,llm_full_1000_frozen_v1.json,configs/llm_full_1000_frozen_v1.json,NOT_ESTABLISHED_FROM_PATH,True,01215062a544a7275295ec4ab862d290c14f2a09:configs/llm_full_1000_frozen_v1.json,MEDIUM_TEXTUAL_PROJECT_REFERENCE,28
551d5bf1,project_repository,project_task_reference,llm_challenge_like_frozen_v1.json,configs/llm_challenge_like_frozen_v1.json,NOT_ESTABLISHED_FROM_PATH,True,01215062a544a7275295ec4ab862d290c14f2a09:configs/llm_challenge_like_frozen_v1.json,MEDIUM_TEXTUAL_PROJECT_REFERENCE,56
5521c0d9,project_repository,project_task_reference,llm_full_1000_frozen_v1.json,configs/llm_full_1000_frozen_v1.json,NOT_ESTABLISHED_FROM_PATH,True,01215062a544a7275295ec4ab862d290c14f2a09:configs/llm_full_1000_frozen_v1.json,MEDIUM_TEXTUAL_PROJECT_REFERENCE,112
5545f144,project_repository,project_task_reference,nonblind_development_loo_transfer30_v1,analysis/nonblind_development_loo_transfer30_v1/frozen_checkpoint_snapshot_20260927T104239Z/checkpoints/rankings/5545f144.json,NOT_ESTABLISHED_FROM_PATH,True,01215062a544a7275295ec4ab862d290c14f2a09:analysis/nonblind_development_loo_transfer30_v1/frozen_checkpoint_snapshot_20260927T104239Z/checkpoints/rankings/5545f144.json,MEDIUM_TEXTUAL_PROJECT_REFERENCE,2668
5582e5ca,project_repository,project_task_reference,llm_full_1000_frozen_v1.json,configs/llm_full_1000_frozen_v1.json,NOT_ESTABLISHED_FROM_PATH,True,01215062a544a7275295ec4ab862d290c14f2a09:configs/llm_full_1000_frozen_v1.json,MEDIUM_TEXTUAL_PROJECT_REFERENCE,28
5587a8d0,project_repository,project_task_reference,llm_full_1000_frozen_v1.json,configs/llm_full_1000_frozen_v1.json,NOT_ESTABLISHED_FROM_PATH,True,01215062a544a7275295ec4ab862d290c14f2a09:configs/llm_full_1000_frozen_v1.json,MEDIUM_TEXTUAL_PROJECT_REFERENCE,56
5614dbcf,project_repository,project_task_reference,llm_full_1000_frozen_v1.json,configs/llm_full_1000_frozen_v1.json,NOT_ESTABLISHED_FROM_PATH,True,01215062a544a7275295ec4ab862d290c14f2a09:configs/llm_full_1000_frozen_v1.json,MEDIUM_TEXTUAL_PROJECT_REFERENCE,56
5623160b,project_repository,project_task_reference,llm_full_1000_frozen_v1.json,configs/llm_full_1000_frozen_v1.json,NOT_ESTABLISHED_FROM_PATH,True,01215062a544a7275295ec4ab862d290c14f2a09:configs/llm_full_1000_frozen_v1.json,MEDIUM_TEXTUAL_PROJECT_REFERENCE,56
56dc2b01,project_repository,project_task_reference,llm_full_1000_frozen_v1.json,configs/llm_full_1000_frozen_v1.json,NOT_ESTABLISHED_FROM_PATH,True,01215062a544a7275295ec4ab862d290c14f2a09:configs/llm_full_1000_frozen_v1.json,MEDIUM_TEXTUAL_PROJECT_REFERENCE,56
56ff96f3,project_repository,project_task_reference,llm_full_1000_frozen_v1.json,configs/llm_full_1000_frozen_v1.json,NOT_ESTABLISHED_FROM_PATH,True,01215062a544a7275295ec4ab862d290c14f2a09:configs/llm_full_1000_frozen_v1.json,MEDIUM_TEXTUAL_PROJECT_REFERENCE,56
5751f35e,project_repository,project_task_reference,llm_challenge_like_frozen_v1.json,configs/llm_challenge_like_frozen_v1.json,NOT_ESTABLISHED_FROM_PATH,True,01215062a544a7275295ec4ab862d290c14f2a09:configs/llm_challenge_like_frozen_v1.json,MEDIUM_TEXTUAL_PROJECT_REFERENCE,56
575b1a71,project_repository,project_task_reference,llm_full_1000_frozen_v1.json,configs/llm_full_1000_frozen_v1.json,NOT_ESTABLISHED_FROM_PATH,True,01215062a544a7275295ec4ab862d290c14f2a09:configs/llm_full_1000_frozen_v1.json,MEDIUM_TEXTUAL_PROJECT_REFERENCE,28
5783df64,project_repository,project_task_reference,llm_full_1000_frozen_v1.json,configs/llm_full_1000_frozen_v1.json,NOT_ESTABLISHED_FROM_PATH,True,01215062a544a7275295ec4ab862d290c14f2a09:configs/llm_full_1000_frozen_v1.json,MEDIUM_TEXTUAL_PROJECT_REFERENCE,28
5792cb4d,project_repository,project_task_reference,llm_challenge_like_frozen_v1.json,configs/llm_challenge_like_frozen_v1.json,NOT_ESTABLISHED_FROM_PATH,True,01215062a544a7275295ec4ab862d290c14f2a09:configs/llm_challenge_like_frozen_v1.json,MEDIUM_TEXTUAL_PROJECT_REFERENCE,56
57aa92db,project_repository,project_task_reference,llm_full_1000_frozen_v1.json,configs/llm_full_1000_frozen_v1.json,NOT_ESTABLISHED_FROM_PATH,True,01215062a544a7275295ec4ab862d290c14f2a09:configs/llm_full_1000_frozen_v1.json,MEDIUM_TEXTUAL_PROJECT_REFERENCE,28
57edb29d,project_repository,project_task_reference,llm_full_1000_frozen_v1.json,configs/llm_full_1000_frozen_v1.json,NOT_ESTABLISHED_FROM_PATH,True,01215062a544a7275295ec4ab862d290c14f2a09:configs/llm_full_1000_frozen_v1.json,MEDIUM_TEXTUAL_PROJECT_REFERENCE,28
581f7754,project_repository,project_task_reference,nonblind_development_loo_transfer30_v1,analysis/nonblind_development_loo_transfer30_v1/frozen_run_20260927T112700Z/loo_surface.csv,NOT_ESTABLISHED_FROM_PATH,True,01215062a544a7275295ec4ab862d290c14f2a09:analysis/nonblind_development_loo_transfer30_v1/frozen_run_20260927T112700Z/loo_surface.csv,MEDIUM_TEXTUAL_PROJECT_REFERENCE,2638
5833af48,project_repository,project_task_reference,llm_full_1000_frozen_v1.json,configs/llm_full_1000_frozen_v1.json,NOT_ESTABLISHED_FROM_PATH,True,01215062a544a7275295ec4ab862d290c14f2a09:configs/llm_full_1000_frozen_v1.json,MEDIUM_TEXTUAL_PROJECT_REFERENCE,28
58490d8a,project_repository,prior_evaluation_or_development_reference,adaptive_ttt_step1_depth_view_confidence_v1,artifacts/adaptive_ttt_step1_depth_view_confidence_v1/checkpoints/cells/58490d8a/depth-24-rot180.json,NOT_ESTABLISHED_FROM_PATH,False,01215062a544a7275295ec4ab862d290c14f2a09:artifacts/adaptive_ttt_step1_depth_view_confidence_v1/checkpoints/cells/58490d8a/depth-24-rot180.json,MEDIUM_TEXTUAL_PROJECT_REFERENCE,34559
58743b76,project_repository,project_task_reference,llm_challenge_like_frozen_v1.json,configs/llm_challenge_like_frozen_v1.json,NOT_ESTABLISHED_FROM_PATH,True,01215062a544a7275295ec4ab862d290c14f2a09:configs/llm_challenge_like_frozen_v1.json,MEDIUM_TEXTUAL_PROJECT_REFERENCE,56
58c02a16,project_repository,prior_evaluation_or_development_reference,ARC2_NATIVE_RANKER_DIAGNOSIS_AND_REPAIR_V1.json,configs/ARC2_NATIVE_RANKER_DIAGNOSIS_AND_REPAIR_V1.json,NOT_ESTABLISHED_FROM_PATH,False,01215062a544a7275295ec4ab862d290c14f2a09:configs/ARC2_NATIVE_RANKER_DIAGNOSIS_AND_REPAIR_V1.json,MEDIUM_TEXTUAL_PROJECT_REFERENCE,84
58e15b12,project_repository,project_task_reference,llm_full_1000_frozen_v1.json,configs/llm_full_1000_frozen_v1.json,NOT_ESTABLISHED_FROM_PATH,True,01215062a544a7275295ec4ab862d290c14f2a09:configs/llm_full_1000_frozen_v1.json,MEDIUM_TEXTUAL_PROJECT_REFERENCE,28
58f5dbd5,project_repository,project_task_reference,nonblind_development_loo_transfer30_v1,analysis/nonblind_development_loo_transfer30_v1/frozen_run_20260927T112700Z/exposure_audit.json,NOT_ESTABLISHED_FROM_PATH,True,01215062a544a7275295ec4ab862d290c14f2a09:analysis/nonblind_development_loo_transfer30_v1/frozen_run_20260927T112700Z/exposure_audit.json,MEDIUM_TEXTUAL_PROJECT_REFERENCE,43
59341089,project_repository,project_task_reference,llm_challenge_like_frozen_v1.json,configs/llm_challenge_like_frozen_v1.json,NOT_ESTABLISHED_FROM_PATH,True,01215062a544a7275295ec4ab862d290c14f2a09:configs/llm_challenge_like_frozen_v1.json,MEDIUM_TEXTUAL_PROJECT_REFERENCE,56
5961cc34,project_repository,project_task_reference,nonblind_development_loo_transfer30_v1,analysis/nonblind_development_loo_transfer30_v1/frozen_run_20260927T112700Z/loo_surface.csv,NOT_ESTABLISHED_FROM_PATH,True,01215062a544a7275295ec4ab862d290c14f2a09:analysis/nonblind_development_loo_transfer30_v1/frozen_run_20260927T112700Z/loo_surface.csv,MEDIUM_TEXTUAL_PROJECT_REFERENCE,3118
5a5a2103,project_repository,prior_evaluation_or_development_reference,grad_proposal_runtime_intervention,research/grad_proposal_runtime_intervention/preliminary_results/untouched60_manifest.json,NOT_ESTABLISHED_FROM_PATH,True,01215062a544a7275295ec4ab862d290c14f2a09:research/grad_proposal_runtime_intervention/preliminary_results/untouched60_manifest.json,MEDIUM_TEXTUAL_PROJECT_REFERENCE,81
5a719d11,project_repository,project_task_reference,llm_full_1000_frozen_v1.json,configs/llm_full_1000_frozen_v1.json,NOT_ESTABLISHED_FROM_PATH,True,01215062a544a7275295ec4ab862d290c14f2a09:configs/llm_full_1000_frozen_v1.json,MEDIUM_TEXTUAL_PROJECT_REFERENCE,28
5ad4f10b,project_repository,project_task_reference,llm_challenge_like_frozen_v1.json,configs/llm_challenge_like_frozen_v1.json,NOT_ESTABLISHED_FROM_PATH,True,01215062a544a7275295ec4ab862d290c14f2a09:configs/llm_challenge_like_frozen_v1.json,MEDIUM_TEXTUAL_PROJECT_REFERENCE,56
5ad8a7c0,project_repository,project_task_reference,llm_full_1000_frozen_v1.json,configs/llm_full_1000_frozen_v1.json,NOT_ESTABLISHED_FROM_PATH,True,01215062a544a7275295ec4ab862d290c14f2a09:configs/llm_full_1000_frozen_v1.json,MEDIUM_TEXTUAL_PROJECT_REFERENCE,28
5adee1b2,project_repository,project_task_reference,llm_program_synthesis_v2_failure_forensics.md,reports/llm_program_synthesis_v2_failure_forensics.md,NOT_ESTABLISHED_FROM_PATH,False,01215062a544a7275295ec4ab862d290c14f2a09:reports/llm_program_synthesis_v2_failure_forensics.md,MEDIUM_TEXTUAL_PROJECT_REFERENCE,392
5af49b42,project_repository,project_task_reference,llm_full_1000_frozen_v1.json,configs/llm_full_1000_frozen_v1.json,NOT_ESTABLISHED_FROM_PATH,True,01215062a544a7275295ec4ab862d290c14f2a09:configs/llm_full_1000_frozen_v1.json,MEDIUM_TEXTUAL_PROJECT_REFERENCE,28
5b37cb25,project_repository,project_task_reference,llm_challenge_like_frozen_v1.json,configs/llm_challenge_like_frozen_v1.json,NOT_ESTABLISHED_FROM_PATH,True,01215062a544a7275295ec4ab862d290c14f2a09:configs/llm_challenge_like_frozen_v1.json,MEDIUM_TEXTUAL_PROJECT_REFERENCE,56
5b526a93,project_repository,project_task_reference,llm_full_1000_frozen_v1.json,configs/llm_full_1000_frozen_v1.json,NOT_ESTABLISHED_FROM_PATH,True,01215062a544a7275295ec4ab862d290c14f2a09:configs/llm_full_1000_frozen_v1.json,MEDIUM_TEXTUAL_PROJECT_REFERENCE,28
5b692c0f,project_repository,project_task_reference,llm_full_1000_frozen_v1.json,configs/llm_full_1000_frozen_v1.json,NOT_ESTABLISHED_FROM_PATH,True,01215062a544a7275295ec4ab862d290c14f2a09:configs/llm_full_1000_frozen_v1.json,MEDIUM_TEXTUAL_PROJECT_REFERENCE,28
5b6cbef5,project_repository,prior_evaluation_or_development_reference,grad_proposal_runtime_intervention,research/grad_proposal_runtime_intervention/preliminary_results/untouched60_manifest.json,NOT_ESTABLISHED_FROM_PATH,True,01215062a544a7275295ec4ab862d290c14f2a09:research/grad_proposal_runtime_intervention/preliminary_results/untouched60_manifest.json,MEDIUM_TEXTUAL_PROJECT_REFERENCE,81
5bd6f4ac,project_repository,project_task_reference,llm_challenge_like_frozen_v1.json,configs/llm_challenge_like_frozen_v1.json,NOT_ESTABLISHED_FROM_PATH,True,01215062a544a7275295ec4ab862d290c14f2a09:configs/llm_challenge_like_frozen_v1.json,MEDIUM_TEXTUAL_PROJECT_REFERENCE,168
5c0a986e,project_repository,project_task_reference,llm_full_1000_frozen_v1.json,configs/llm_full_1000_frozen_v1.json,NOT_ESTABLISHED_FROM_PATH,True,01215062a544a7275295ec4ab862d290c14f2a09:configs/llm_full_1000_frozen_v1.json,MEDIUM_TEXTUAL_PROJECT_REFERENCE,28
5c2c9af4,project_repository,project_task_reference,llm_full_1000_frozen_v1.json,configs/llm_full_1000_frozen_v1.json,NOT_ESTABLISHED_FROM_PATH,True,01215062a544a7275295ec4ab862d290c14f2a09:configs/llm_full_1000_frozen_v1.json,MEDIUM_TEXTUAL_PROJECT_REFERENCE,28
5d2a5c43,project_repository,project_task_reference,llm_program_synthesis_v2_failure_forensics.md,reports/llm_program_synthesis_v2_failure_forensics.md,NOT_ESTABLISHED_FROM_PATH,False,01215062a544a7275295ec4ab862d290c14f2a09:reports/llm_program_synthesis_v2_failure_forensics.md,MEDIUM_TEXTUAL_PROJECT_REFERENCE,392
5d588b4d,project_repository,project_task_reference,llm_full_1000_frozen_v1.json,configs/llm_full_1000_frozen_v1.json,NOT_ESTABLISHED_FROM_PATH,True,01215062a544a7275295ec4ab862d290c14f2a09:configs/llm_full_1000_frozen_v1.json,MEDIUM_TEXTUAL_PROJECT_REFERENCE,28
5daaa586,project_repository,project_task_reference,llm_full_1000_frozen_v1.json,configs/llm_full_1000_frozen_v1.json,NOT_ESTABLISHED_FROM_PATH,True,01215062a544a7275295ec4ab862d290c14f2a09:configs/llm_full_1000_frozen_v1.json,MEDIUM_TEXTUAL_PROJECT_REFERENCE,56
5dbc8537,project_repository,prior_evaluation_or_development_reference,l4_dual_ttt_dfs1024_bench_v1,experiments/l4_dual_ttt_dfs1024_bench_v1/BENCHMARK_TASK_IDS.json,NOT_ESTABLISHED_FROM_PATH,False,4254d94eebbbbff1d7ca3924a20390d2dd2bfaeb:experiments/l4_dual_ttt_dfs1024_bench_v1/BENCHMARK_TASK_IDS.json,MEDIUM_TEXTUAL_PROJECT_REFERENCE,22128
5e6bbc0b,project_repository,project_task_reference,llm_full_1000_frozen_v1.json,configs/llm_full_1000_frozen_v1.json,NOT_ESTABLISHED_FROM_PATH,True,01215062a544a7275295ec4ab862d290c14f2a09:configs/llm_full_1000_frozen_v1.json,MEDIUM_TEXTUAL_PROJECT_REFERENCE,28
5ecac7f7,project_repository,prior_evaluation_or_development_reference,grad_proposal_runtime_intervention,research/grad_proposal_runtime_intervention/preliminary_results/untouched60_manifest.json,NOT_ESTABLISHED_FROM_PATH,True,01215062a544a7275295ec4ab862d290c14f2a09:research/grad_proposal_runtime_intervention/preliminary_results/untouched60_manifest.json,MEDIUM_TEXTUAL_PROJECT_REFERENCE,81
5ffb2104,project_repository,project_task_reference,llm_full_1000_frozen_v1.json,configs/llm_full_1000_frozen_v1.json,NOT_ESTABLISHED_FROM_PATH,True,01215062a544a7275295ec4ab862d290c14f2a09:configs/llm_full_1000_frozen_v1.json,MEDIUM_TEXTUAL_PROJECT_REFERENCE,56
60a26a3e,project_repository,project_task_reference,llm_challenge_like_frozen_v1.json,configs/llm_challenge_like_frozen_v1.json,NOT_ESTABLISHED_FROM_PATH,True,01215062a544a7275295ec4ab862d290c14f2a09:configs/llm_challenge_like_frozen_v1.json,MEDIUM_TEXTUAL_PROJECT_REFERENCE,56
60b61512,project_repository,project_task_reference,llm_full_1000_frozen_v1.json,configs/llm_full_1000_frozen_v1.json,NOT_ESTABLISHED_FROM_PATH,True,01215062a544a7275295ec4ab862d290c14f2a09:configs/llm_full_1000_frozen_v1.json,MEDIUM_TEXTUAL_PROJECT_REFERENCE,28
60c09cac,project_repository,project_task_reference,llm_full_1000_frozen_v1.json,configs/llm_full_1000_frozen_v1.json,NOT_ESTABLISHED_FROM_PATH,True,01215062a544a7275295ec4ab862d290c14f2a09:configs/llm_full_1000_frozen_v1.json,MEDIUM_TEXTUAL_PROJECT_REFERENCE,56
60d73be6,project_repository,project_task_reference,public_reference_ablation_partial_v32.md,reports/public_reference_ablation_partial_v32.md,NOT_ESTABLISHED_FROM_PATH,False,01215062a544a7275295ec4ab862d290c14f2a09:reports/public_reference_ablation_partial_v32.md,MEDIUM_TEXTUAL_PROJECT_REFERENCE,56
6150a2bd,project_repository,project_task_reference,experiments.csv,experiments/experiments.csv,NOT_ESTABLISHED_FROM_PATH,False,01215062a544a7275295ec4ab862d290c14f2a09:experiments/experiments.csv,MEDIUM_TEXTUAL_PROJECT_REFERENCE,168
6165ea8f,project_repository,project_task_reference,llm_program_synthesis_v2_failure_forensics.md,reports/llm_program_synthesis_v2_failure_forensics.md,NOT_ESTABLISHED_FROM_PATH,False,01215062a544a7275295ec4ab862d290c14f2a09:reports/llm_program_synthesis_v2_failure_forensics.md,MEDIUM_TEXTUAL_PROJECT_REFERENCE,392
623ea044,project_repository,project_task_reference,llm_full_1000_frozen_v1.json,configs/llm_full_1000_frozen_v1.json,NOT_ESTABLISHED_FROM_PATH,True,01215062a544a7275295ec4ab862d290c14f2a09:configs/llm_full_1000_frozen_v1.json,MEDIUM_TEXTUAL_PROJECT_REFERENCE,56
62593bfd,project_repository,prior_evaluation_or_development_reference,eval60_phase3_d48_aug8_r1024_archive_v1,artifacts/eval60_phase3_d48_aug8_r1024_archive_v1/manifests/SOURCE_FILE_MANIFEST.csv,NOT_ESTABLISHED_FROM_PATH,False,18215650ec259e5d43add943b7f1657ec45b09cc:artifacts/eval60_phase3_d48_aug8_r1024_archive_v1/manifests/SOURCE_FILE_MANIFEST.csv,MEDIUM_TEXTUAL_PROJECT_REFERENCE,75173
626c0bcc,project_repository,project_task_reference,llm_challenge_like_frozen_v1.json,configs/llm_challenge_like_frozen_v1.json,NOT_ESTABLISHED_FROM_PATH,True,01215062a544a7275295ec4ab862d290c14f2a09:configs/llm_challenge_like_frozen_v1.json,MEDIUM_TEXTUAL_PROJECT_REFERENCE,56
62ab2642,project_repository,project_task_reference,public_reference_ablation_partial_v32.md,reports/public_reference_ablation_partial_v32.md,NOT_ESTABLISHED_FROM_PATH,False,01215062a544a7275295ec4ab862d290c14f2a09:reports/public_reference_ablation_partial_v32.md,MEDIUM_TEXTUAL_PROJECT_REFERENCE,56
62b74c02,project_repository,project_task_reference,llm_full_1000_frozen_v1.json,configs/llm_full_1000_frozen_v1.json,NOT_ESTABLISHED_FROM_PATH,True,01215062a544a7275295ec4ab862d290c14f2a09:configs/llm_full_1000_frozen_v1.json,MEDIUM_TEXTUAL_PROJECT_REFERENCE,112
62c24649,project_repository,prior_evaluation_or_development_reference,ARC2_NATIVE_TTT_AND_STRONG_VERIFIER_V1.json,configs/ARC2_NATIVE_TTT_AND_STRONG_VERIFIER_V1.json,NOT_ESTABLISHED_FROM_PATH,False,01215062a544a7275295ec4ab862d290c14f2a09:configs/ARC2_NATIVE_TTT_AND_STRONG_VERIFIER_V1.json,MEDIUM_TEXTUAL_PROJECT_REFERENCE,56
6350f1f4,project_repository,project_task_reference,llm_challenge_like_frozen_v1.json,configs/llm_challenge_like_frozen_v1.json,NOT_ESTABLISHED_FROM_PATH,True,01215062a544a7275295ec4ab862d290c14f2a09:configs/llm_challenge_like_frozen_v1.json,MEDIUM_TEXTUAL_PROJECT_REFERENCE,56
63613498,project_repository,project_task_reference,llm_full_1000_frozen_v1.json,configs/llm_full_1000_frozen_v1.json,NOT_ESTABLISHED_FROM_PATH,True,01215062a544a7275295ec4ab862d290c14f2a09:configs/llm_full_1000_frozen_v1.json,MEDIUM_TEXTUAL_PROJECT_REFERENCE,28
639f5a19,project_repository,project_task_reference,llm_full_1000_frozen_v1.json,configs/llm_full_1000_frozen_v1.json,NOT_ESTABLISHED_FROM_PATH,True,01215062a544a7275295ec4ab862d290c14f2a09:configs/llm_full_1000_frozen_v1.json,MEDIUM_TEXTUAL_PROJECT_REFERENCE,28
642248e4,project_repository,project_task_reference,llm_full_1000_frozen_v1.json,configs/llm_full_1000_frozen_v1.json,NOT_ESTABLISHED_FROM_PATH,True,01215062a544a7275295ec4ab862d290c14f2a09:configs/llm_full_1000_frozen_v1.json,MEDIUM_TEXTUAL_PROJECT_REFERENCE,28
642d658d,project_repository,project_task_reference,llm_full_1000_frozen_v1.json,configs/llm_full_1000_frozen_v1.json,NOT_ESTABLISHED_FROM_PATH,True,01215062a544a7275295ec4ab862d290c14f2a09:configs/llm_full_1000_frozen_v1.json,MEDIUM_TEXTUAL_PROJECT_REFERENCE,28
6430c8c4,project_repository,project_task_reference,llm_full_1000_frozen_v1.json,configs/llm_full_1000_frozen_v1.json,NOT_ESTABLISHED_FROM_PATH,True,01215062a544a7275295ec4ab862d290c14f2a09:configs/llm_full_1000_frozen_v1.json,MEDIUM_TEXTUAL_PROJECT_REFERENCE,28
6455b5f5,project_repository,project_task_reference,llm_challenge_like_frozen_v1.json,configs/llm_challenge_like_frozen_v1.json,NOT_ESTABLISHED_FROM_PATH,True,01215062a544a7275295ec4ab862d290c14f2a09:configs/llm_challenge_like_frozen_v1.json,MEDIUM_TEXTUAL_PROJECT_REFERENCE,56
64a7c07e,project_repository,project_task_reference,llm_challenge_like_frozen_v1.json,configs/llm_challenge_like_frozen_v1.json,NOT_ESTABLISHED_FROM_PATH,True,01215062a544a7275295ec4ab862d290c14f2a09:configs/llm_challenge_like_frozen_v1.json,MEDIUM_TEXTUAL_PROJECT_REFERENCE,56
64efde09,project_repository,prior_evaluation_or_development_reference,eval60_phase3_d48_aug8_r1024_archive_v1,artifacts/eval60_phase3_d48_aug8_r1024_archive_v1/manifests/SOURCE_FILE_MANIFEST.csv,NOT_ESTABLISHED_FROM_PATH,False,18215650ec259e5d43add943b7f1657ec45b09cc:artifacts/eval60_phase3_d48_aug8_r1024_archive_v1/manifests/SOURCE_FILE_MANIFEST.csv,MEDIUM_TEXTUAL_PROJECT_REFERENCE,13354
652646ff,project_repository,project_task_reference,llm_full_1000_frozen_v1.json,configs/llm_full_1000_frozen_v1.json,NOT_ESTABLISHED_FROM_PATH,True,01215062a544a7275295ec4ab862d290c14f2a09:configs/llm_full_1000_frozen_v1.json,MEDIUM_TEXTUAL_PROJECT_REFERENCE,28
65b59efc,project_repository,project_task_reference,nonblind_development_loo_transfer30_v1,analysis/nonblind_development_loo_transfer30_v1/frozen_run_20260927T112700Z/loo_surface.csv,NOT_ESTABLISHED_FROM_PATH,True,01215062a544a7275295ec4ab862d290c14f2a09:analysis/nonblind_development_loo_transfer30_v1/frozen_run_20260927T112700Z/loo_surface.csv,MEDIUM_TEXTUAL_PROJECT_REFERENCE,3088
662c240a,project_repository,project_task_reference,llm_full_1000_frozen_v1.json,configs/llm_full_1000_frozen_v1.json,NOT_ESTABLISHED_FROM_PATH,True,01215062a544a7275295ec4ab862d290c14f2a09:configs/llm_full_1000_frozen_v1.json,MEDIUM_TEXTUAL_PROJECT_REFERENCE,28
668eec9a,project_repository,project_task_reference,llm_full_1000_frozen_v1.json,configs/llm_full_1000_frozen_v1.json,NOT_ESTABLISHED_FROM_PATH,True,01215062a544a7275295ec4ab862d290c14f2a09:configs/llm_full_1000_frozen_v1.json,MEDIUM_TEXTUAL_PROJECT_REFERENCE,28
66ac4c3b,project_repository,project_task_reference,llm_full_1000_frozen_v1.json,configs/llm_full_1000_frozen_v1.json,NOT_ESTABLISHED_FROM_PATH,True,01215062a544a7275295ec4ab862d290c14f2a09:configs/llm_full_1000_frozen_v1.json,MEDIUM_TEXTUAL_PROJECT_REFERENCE,112
66e6c45b,project_repository,prior_evaluation_or_development_reference,grad_proposal_runtime_intervention,research/grad_proposal_runtime_intervention/preliminary_results/untouched60_manifest.json,NOT_ESTABLISHED_FROM_PATH,True,01215062a544a7275295ec4ab862d290c14f2a09:research/grad_proposal_runtime_intervention/preliminary_results/untouched60_manifest.json,MEDIUM_TEXTUAL_PROJECT_REFERENCE,81
66f2d22f,project_repository,project_task_reference,llm_full_1000_frozen_v1.json,configs/llm_full_1000_frozen_v1.json,NOT_ESTABLISHED_FROM_PATH,True,01215062a544a7275295ec4ab862d290c14f2a09:configs/llm_full_1000_frozen_v1.json,MEDIUM_TEXTUAL_PROJECT_REFERENCE,56
67385a82,project_repository,project_task_reference,llm_full_1000_frozen_v1.json,configs/llm_full_1000_frozen_v1.json,NOT_ESTABLISHED_FROM_PATH,True,01215062a544a7275295ec4ab862d290c14f2a09:configs/llm_full_1000_frozen_v1.json,MEDIUM_TEXTUAL_PROJECT_REFERENCE,28
673ef223,project_repository,prior_evaluation_or_development_reference,llm_program_synthesis_v2_pilot_50_qwen3_8b.json,configs/llm_program_synthesis_v2_pilot_50_qwen3_8b.json,NOT_ESTABLISHED_FROM_PATH,False,01215062a544a7275295ec4ab862d290c14f2a09:configs/llm_program_synthesis_v2_pilot_50_qwen3_8b.json,MEDIUM_TEXTUAL_PROJECT_REFERENCE,280
67636eac,project_repository,project_task_reference,llm_full_1000_frozen_v1.json,configs/llm_full_1000_frozen_v1.json,NOT_ESTABLISHED_FROM_PATH,True,01215062a544a7275295ec4ab862d290c14f2a09:configs/llm_full_1000_frozen_v1.json,MEDIUM_TEXTUAL_PROJECT_REFERENCE,28
6773b310,project_repository,project_task_reference,public_reference_ablation_partial_v32.md,reports/public_reference_ablation_partial_v32.md,NOT_ESTABLISHED_FROM_PATH,False,01215062a544a7275295ec4ab862d290c14f2a09:reports/public_reference_ablation_partial_v32.md,MEDIUM_TEXTUAL_PROJECT_REFERENCE,56
67a3c6ac,project_repository,project_task_reference,experiments.csv,experiments/experiments.csv,NOT_ESTABLISHED_FROM_PATH,False,01215062a544a7275295ec4ab862d290c14f2a09:experiments/experiments.csv,MEDIUM_TEXTUAL_PROJECT_REFERENCE,140
67a423a3,project_repository,prior_evaluation_or_development_reference,ARC2_NATIVE_TTT_AND_STRONG_VERIFIER_V1.json,configs/ARC2_NATIVE_TTT_AND_STRONG_VERIFIER_V1.json,NOT_ESTABLISHED_FROM_PATH,False,01215062a544a7275295ec4ab862d290c14f2a09:configs/ARC2_NATIVE_TTT_AND_STRONG_VERIFIER_V1.json,MEDIUM_TEXTUAL_PROJECT_REFERENCE,168
67c52801,project_repository,project_task_reference,llm_full_1000_frozen_v1.json,configs/llm_full_1000_frozen_v1.json,NOT_ESTABLISHED_FROM_PATH,True,01215062a544a7275295ec4ab862d290c14f2a09:configs/llm_full_1000_frozen_v1.json,MEDIUM_TEXTUAL_PROJECT_REFERENCE,28
67e490f4,project_repository,prior_evaluation_or_development_reference,eval60_phase3_d48_aug8_r1024_archive_v1,artifacts/eval60_phase3_d48_aug8_r1024_archive_v1/manifests/SOURCE_FILE_MANIFEST.csv,NOT_ESTABLISHED_FROM_PATH,False,18215650ec259e5d43add943b7f1657ec45b09cc:artifacts/eval60_phase3_d48_aug8_r1024_archive_v1/manifests/SOURCE_FILE_MANIFEST.csv,MEDIUM_TEXTUAL_PROJECT_REFERENCE,8309
67e8384a,project_repository,project_task_reference,llm_challenge_like_frozen_v1.json,configs/llm_challenge_like_frozen_v1.json,NOT_ESTABLISHED_FROM_PATH,True,01215062a544a7275295ec4ab862d290c14f2a09:configs/llm_challenge_like_frozen_v1.json,MEDIUM_TEXTUAL_PROJECT_REFERENCE,56
681b3aeb,project_repository,prior_evaluation_or_development_reference,llm_program_synthesis_v2_pilot_50_qwen3_8b.json,configs/llm_program_synthesis_v2_pilot_50_qwen3_8b.json,NOT_ESTABLISHED_FROM_PATH,False,01215062a544a7275295ec4ab862d290c14f2a09:configs/llm_program_synthesis_v2_pilot_50_qwen3_8b.json,MEDIUM_TEXTUAL_PROJECT_REFERENCE,280
6855a6e4,project_repository,project_task_reference,llm_program_synthesis_v2_failure_forensics.md,reports/llm_program_synthesis_v2_failure_forensics.md,NOT_ESTABLISHED_FROM_PATH,False,01215062a544a7275295ec4ab862d290c14f2a09:reports/llm_program_synthesis_v2_failure_forensics.md,MEDIUM_TEXTUAL_PROJECT_REFERENCE,448
689c358e,project_repository,project_task_reference,llm_full_1000_frozen_v1.json,configs/llm_full_1000_frozen_v1.json,NOT_ESTABLISHED_FROM_PATH,True,01215062a544a7275295ec4ab862d290c14f2a09:configs/llm_full_1000_frozen_v1.json,MEDIUM_TEXTUAL_PROJECT_REFERENCE,28
68b16354,project_repository,project_task_reference,experiments.csv,experiments/experiments.csv,NOT_ESTABLISHED_FROM_PATH,False,01215062a544a7275295ec4ab862d290c14f2a09:experiments/experiments.csv,MEDIUM_TEXTUAL_PROJECT_REFERENCE,140
68b67ca3,project_repository,project_task_reference,llm_full_1000_frozen_v1.json,configs/llm_full_1000_frozen_v1.json,NOT_ESTABLISHED_FROM_PATH,True,01215062a544a7275295ec4ab862d290c14f2a09:configs/llm_full_1000_frozen_v1.json,MEDIUM_TEXTUAL_PROJECT_REFERENCE,28
68bc2e87,project_repository,project_task_reference,llm_full_1000_frozen_v1.json,configs/llm_full_1000_frozen_v1.json,NOT_ESTABLISHED_FROM_PATH,True,01215062a544a7275295ec4ab862d290c14f2a09:configs/llm_full_1000_frozen_v1.json,MEDIUM_TEXTUAL_PROJECT_REFERENCE,28
692cd3b6,project_repository,project_task_reference,llm_full_1000_frozen_v1.json,configs/llm_full_1000_frozen_v1.json,NOT_ESTABLISHED_FROM_PATH,True,01215062a544a7275295ec4ab862d290c14f2a09:configs/llm_full_1000_frozen_v1.json,MEDIUM_TEXTUAL_PROJECT_REFERENCE,28
694f12f3,project_repository,project_task_reference,llm_full_1000_frozen_v1.json,configs/llm_full_1000_frozen_v1.json,NOT_ESTABLISHED_FROM_PATH,True,01215062a544a7275295ec4ab862d290c14f2a09:configs/llm_full_1000_frozen_v1.json,MEDIUM_TEXTUAL_PROJECT_REFERENCE,28
695367ec,project_repository,project_task_reference,llm_full_1000_frozen_v1.json,configs/llm_full_1000_frozen_v1.json,NOT_ESTABLISHED_FROM_PATH,True,01215062a544a7275295ec4ab862d290c14f2a09:configs/llm_full_1000_frozen_v1.json,MEDIUM_TEXTUAL_PROJECT_REFERENCE,28
696d4842,project_repository,project_task_reference,llm_full_1000_frozen_v1.json,configs/llm_full_1000_frozen_v1.json,NOT_ESTABLISHED_FROM_PATH,True,01215062a544a7275295ec4ab862d290c14f2a09:configs/llm_full_1000_frozen_v1.json,MEDIUM_TEXTUAL_PROJECT_REFERENCE,28
69889d6e,project_repository,project_task_reference,llm_full_1000_frozen_v1.json,configs/llm_full_1000_frozen_v1.json,NOT_ESTABLISHED_FROM_PATH,True,01215062a544a7275295ec4ab862d290c14f2a09:configs/llm_full_1000_frozen_v1.json,MEDIUM_TEXTUAL_PROJECT_REFERENCE,28
6a11f6da,project_repository,project_task_reference,llm_full_1000_frozen_v1.json,configs/llm_full_1000_frozen_v1.json,NOT_ESTABLISHED_FROM_PATH,True,01215062a544a7275295ec4ab862d290c14f2a09:configs/llm_full_1000_frozen_v1.json,MEDIUM_TEXTUAL_PROJECT_REFERENCE,28
6a1e5592,project_repository,project_task_reference,llm_full_1000_frozen_v1.json,configs/llm_full_1000_frozen_v1.json,NOT_ESTABLISHED_FROM_PATH,True,01215062a544a7275295ec4ab862d290c14f2a09:configs/llm_full_1000_frozen_v1.json,MEDIUM_TEXTUAL_PROJECT_REFERENCE,56
6a980be1,project_repository,project_task_reference,llm_challenge_like_frozen_v1.json,configs/llm_challenge_like_frozen_v1.json,NOT_ESTABLISHED_FROM_PATH,True,01215062a544a7275295ec4ab862d290c14f2a09:configs/llm_challenge_like_frozen_v1.json,MEDIUM_TEXTUAL_PROJECT_REFERENCE,56
6aa20dc0,project_repository,project_task_reference,llm_challenge_like_frozen_v1.json,configs/llm_challenge_like_frozen_v1.json,NOT_ESTABLISHED_FROM_PATH,True,01215062a544a7275295ec4ab862d290c14f2a09:configs/llm_challenge_like_frozen_v1.json,MEDIUM_TEXTUAL_PROJECT_REFERENCE,56
6ad5bdfd,project_repository,project_task_reference,llm_full_1000_frozen_v1.json,configs/llm_full_1000_frozen_v1.json,NOT_ESTABLISHED_FROM_PATH,True,01215062a544a7275295ec4ab862d290c14f2a09:configs/llm_full_1000_frozen_v1.json,MEDIUM_TEXTUAL_PROJECT_REFERENCE,140
6b9890af,project_repository,project_task_reference,llm_full_1000_frozen_v1.json,configs/llm_full_1000_frozen_v1.json,NOT_ESTABLISHED_FROM_PATH,True,01215062a544a7275295ec4ab862d290c14f2a09:configs/llm_full_1000_frozen_v1.json,MEDIUM_TEXTUAL_PROJECT_REFERENCE,56
6bcdb01e,project_repository,project_task_reference,llm_full_1000_frozen_v1.json,configs/llm_full_1000_frozen_v1.json,NOT_ESTABLISHED_FROM_PATH,True,01215062a544a7275295ec4ab862d290c14f2a09:configs/llm_full_1000_frozen_v1.json,MEDIUM_TEXTUAL_PROJECT_REFERENCE,56
6c434453,project_repository,project_task_reference,llm_challenge_like_frozen_v1.json,configs/llm_challenge_like_frozen_v1.json,NOT_ESTABLISHED_FROM_PATH,True,01215062a544a7275295ec4ab862d290c14f2a09:configs/llm_challenge_like_frozen_v1.json,MEDIUM_TEXTUAL_PROJECT_REFERENCE,56
6ca952ad,project_repository,project_task_reference,llm_full_1000_frozen_v1.json,configs/llm_full_1000_frozen_v1.json,NOT_ESTABLISHED_FROM_PATH,True,01215062a544a7275295ec4ab862d290c14f2a09:configs/llm_full_1000_frozen_v1.json,MEDIUM_TEXTUAL_PROJECT_REFERENCE,56
6cbe9eb8,project_repository,prior_evaluation_or_development_reference,ARC2_NATIVE_TTT_AND_STRONG_VERIFIER_V1.json,configs/ARC2_NATIVE_TTT_AND_STRONG_VERIFIER_V1.json,NOT_ESTABLISHED_FROM_PATH,False,01215062a544a7275295ec4ab862d290c14f2a09:configs/ARC2_NATIVE_TTT_AND_STRONG_VERIFIER_V1.json,MEDIUM_TEXTUAL_PROJECT_REFERENCE,308
6cdd2623,project_repository,project_task_reference,llm_full_1000_frozen_v1.json,configs/llm_full_1000_frozen_v1.json,NOT_ESTABLISHED_FROM_PATH,True,01215062a544a7275295ec4ab862d290c14f2a09:configs/llm_full_1000_frozen_v1.json,MEDIUM_TEXTUAL_PROJECT_REFERENCE,56
6cf79266,project_repository,project_task_reference,llm_challenge_like_frozen_v1.json,configs/llm_challenge_like_frozen_v1.json,NOT_ESTABLISHED_FROM_PATH,True,01215062a544a7275295ec4ab862d290c14f2a09:configs/llm_challenge_like_frozen_v1.json,MEDIUM_TEXTUAL_PROJECT_REFERENCE,56
6d0160f0,project_repository,project_task_reference,llm_full_1000_frozen_v1.json,configs/llm_full_1000_frozen_v1.json,NOT_ESTABLISHED_FROM_PATH,True,01215062a544a7275295ec4ab862d290c14f2a09:configs/llm_full_1000_frozen_v1.json,MEDIUM_TEXTUAL_PROJECT_REFERENCE,28
6d0aefbc,project_repository,project_task_reference,llm_full_1000_frozen_v1.json,configs/llm_full_1000_frozen_v1.json,NOT_ESTABLISHED_FROM_PATH,True,01215062a544a7275295ec4ab862d290c14f2a09:configs/llm_full_1000_frozen_v1.json,MEDIUM_TEXTUAL_PROJECT_REFERENCE,56
6d1d5c90,project_repository,project_task_reference,llm_full_1000_frozen_v1.json,configs/llm_full_1000_frozen_v1.json,NOT_ESTABLISHED_FROM_PATH,True,01215062a544a7275295ec4ab862d290c14f2a09:configs/llm_full_1000_frozen_v1.json,MEDIUM_TEXTUAL_PROJECT_REFERENCE,28
6d58a25d,project_repository,project_task_reference,build_dynamic_b_gpu_smoke_notebook.py,scripts/build_dynamic_b_gpu_smoke_notebook.py,NOT_ESTABLISHED_FROM_PATH,False,01215062a544a7275295ec4ab862d290c14f2a09:scripts/build_dynamic_b_gpu_smoke_notebook.py,MEDIUM_TEXTUAL_PROJECT_REFERENCE,140
6d75e8bb,project_repository,project_task_reference,llm_challenge_like_frozen_v1.json,configs/llm_challenge_like_frozen_v1.json,NOT_ESTABLISHED_FROM_PATH,True,01215062a544a7275295ec4ab862d290c14f2a09:configs/llm_challenge_like_frozen_v1.json,MEDIUM_TEXTUAL_PROJECT_REFERENCE,56
6df30ad6,project_repository,prior_evaluation_or_development_reference,grad_proposal_runtime_intervention,research/grad_proposal_runtime_intervention/preliminary_results/untouched60_manifest.json,NOT_ESTABLISHED_FROM_PATH,True,01215062a544a7275295ec4ab862d290c14f2a09:research/grad_proposal_runtime_intervention/preliminary_results/untouched60_manifest.json,MEDIUM_TEXTUAL_PROJECT_REFERENCE,81
6e02f1e3,project_repository,project_task_reference,llm_full_1000_frozen_v1.json,configs/llm_full_1000_frozen_v1.json,NOT_ESTABLISHED_FROM_PATH,True,01215062a544a7275295ec4ab862d290c14f2a09:configs/llm_full_1000_frozen_v1.json,MEDIUM_TEXTUAL_PROJECT_REFERENCE,28
6e19193c,project_repository,project_task_reference,llm_full_1000_frozen_v1.json,configs/llm_full_1000_frozen_v1.json,NOT_ESTABLISHED_FROM_PATH,True,01215062a544a7275295ec4ab862d290c14f2a09:configs/llm_full_1000_frozen_v1.json,MEDIUM_TEXTUAL_PROJECT_REFERENCE,112
6e453dd6,project_repository,project_task_reference,nonblind_development_loo_transfer30_v1,analysis/nonblind_development_loo_transfer30_v1/frozen_run_20260927T112700Z/loo_surface.csv,NOT_ESTABLISHED_FROM_PATH,True,01215062a544a7275295ec4ab862d290c14f2a09:analysis/nonblind_development_loo_transfer30_v1/frozen_run_20260927T112700Z/loo_surface.csv,MEDIUM_TEXTUAL_PROJECT_REFERENCE,2818
6e4f6532,project_repository,project_task_reference,nonblind_development_loo_transfer30_v1,analysis/nonblind_development_loo_transfer30_v1/frozen_run_20260927T112700Z/exposure_audit.json,NOT_ESTABLISHED_FROM_PATH,True,01215062a544a7275295ec4ab862d290c14f2a09:analysis/nonblind_development_loo_transfer30_v1/frozen_run_20260927T112700Z/exposure_audit.json,MEDIUM_TEXTUAL_PROJECT_REFERENCE,43
6e82a1ae,project_repository,project_task_reference,llm_challenge_like_frozen_v1.json,configs/llm_challenge_like_frozen_v1.json,NOT_ESTABLISHED_FROM_PATH,True,01215062a544a7275295ec4ab862d290c14f2a09:configs/llm_challenge_like_frozen_v1.json,MEDIUM_TEXTUAL_PROJECT_REFERENCE,56
6ea4a07e,project_repository,project_task_reference,llm_full_1000_frozen_v1.json,configs/llm_full_1000_frozen_v1.json,NOT_ESTABLISHED_FROM_PATH,True,01215062a544a7275295ec4ab862d290c14f2a09:configs/llm_full_1000_frozen_v1.json,MEDIUM_TEXTUAL_PROJECT_REFERENCE,56
6ecd11f4,project_repository,project_task_reference,llm_full_1000_frozen_v1.json,configs/llm_full_1000_frozen_v1.json,NOT_ESTABLISHED_FROM_PATH,True,01215062a544a7275295ec4ab862d290c14f2a09:configs/llm_full_1000_frozen_v1.json,MEDIUM_TEXTUAL_PROJECT_REFERENCE,56
6f473927,project_repository,project_task_reference,llm_full_1000_frozen_v1.json,configs/llm_full_1000_frozen_v1.json,NOT_ESTABLISHED_FROM_PATH,True,01215062a544a7275295ec4ab862d290c14f2a09:configs/llm_full_1000_frozen_v1.json,MEDIUM_TEXTUAL_PROJECT_REFERENCE,140
6f8cd79b,project_repository,project_task_reference,build_dynamic_b_gpu_smoke_notebook.py,scripts/build_dynamic_b_gpu_smoke_notebook.py,NOT_ESTABLISHED_FROM_PATH,False,01215062a544a7275295ec4ab862d290c14f2a09:scripts/build_dynamic_b_gpu_smoke_notebook.py,MEDIUM_TEXTUAL_PROJECT_REFERENCE,140
6fa7a44f,project_repository,prior_evaluation_or_development_reference,grad_proposal_runtime_intervention,research/grad_proposal_runtime_intervention/preliminary_results/untouched60_manifest.json,NOT_ESTABLISHED_FROM_PATH,True,01215062a544a7275295ec4ab862d290c14f2a09:research/grad_proposal_runtime_intervention/preliminary_results/untouched60_manifest.json,MEDIUM_TEXTUAL_PROJECT_REFERENCE,81
6ffbe589,project_repository,prior_evaluation_or_development_reference,eval60_phase3_d48_aug8_r1024_archive_v1,artifacts/eval60_phase3_d48_aug8_r1024_archive_v1/manifests/SOURCE_FILE_MANIFEST.csv,NOT_ESTABLISHED_FROM_PATH,False,18215650ec259e5d43add943b7f1657ec45b09cc:artifacts/eval60_phase3_d48_aug8_r1024_archive_v1/manifests/SOURCE_FILE_MANIFEST.csv,MEDIUM_TEXTUAL_PROJECT_REFERENCE,110595
6ffe8f07,project_repository,project_task_reference,llm_full_1000_frozen_v1.json,configs/llm_full_1000_frozen_v1.json,NOT_ESTABLISHED_FROM_PATH,True,01215062a544a7275295ec4ab862d290c14f2a09:configs/llm_full_1000_frozen_v1.json,MEDIUM_TEXTUAL_PROJECT_REFERENCE,56
7039b2d7,project_repository,project_task_reference,llm_full_1000_frozen_v1.json,configs/llm_full_1000_frozen_v1.json,NOT_ESTABLISHED_FROM_PATH,True,01215062a544a7275295ec4ab862d290c14f2a09:configs/llm_full_1000_frozen_v1.json,MEDIUM_TEXTUAL_PROJECT_REFERENCE,28
705a3229,project_repository,project_task_reference,llm_full_1000_frozen_v1.json,configs/llm_full_1000_frozen_v1.json,NOT_ESTABLISHED_FROM_PATH,True,01215062a544a7275295ec4ab862d290c14f2a09:configs/llm_full_1000_frozen_v1.json,MEDIUM_TEXTUAL_PROJECT_REFERENCE,56
712bf12e,project_repository,project_task_reference,llm_full_1000_frozen_v1.json,configs/llm_full_1000_frozen_v1.json,NOT_ESTABLISHED_FROM_PATH,True,01215062a544a7275295ec4ab862d290c14f2a09:configs/llm_full_1000_frozen_v1.json,MEDIUM_TEXTUAL_PROJECT_REFERENCE,56
71e489b6,project_repository,prior_evaluation_or_development_reference,adaptive_ttt_step1_depth_view_confidence_v1,artifacts/adaptive_ttt_step1_depth_view_confidence_v1/checkpoints/cells/71e489b6/depth-24-flip_lr.json,NOT_ESTABLISHED_FROM_PATH,False,01215062a544a7275295ec4ab862d290c14f2a09:artifacts/adaptive_ttt_step1_depth_view_confidence_v1/checkpoints/cells/71e489b6/depth-24-flip_lr.json,MEDIUM_TEXTUAL_PROJECT_REFERENCE,73887
72207abc,project_repository,project_task_reference,llm_full_1000_frozen_v1.json,configs/llm_full_1000_frozen_v1.json,NOT_ESTABLISHED_FROM_PATH,True,01215062a544a7275295ec4ab862d290c14f2a09:configs/llm_full_1000_frozen_v1.json,MEDIUM_TEXTUAL_PROJECT_REFERENCE,112
72322fa7,project_repository,project_task_reference,llm_full_1000_frozen_v1.json,configs/llm_full_1000_frozen_v1.json,NOT_ESTABLISHED_FROM_PATH,True,01215062a544a7275295ec4ab862d290c14f2a09:configs/llm_full_1000_frozen_v1.json,MEDIUM_TEXTUAL_PROJECT_REFERENCE,28
72a961c9,project_repository,project_task_reference,llm_full_1000_frozen_v1.json,configs/llm_full_1000_frozen_v1.json,NOT_ESTABLISHED_FROM_PATH,True,01215062a544a7275295ec4ab862d290c14f2a09:configs/llm_full_1000_frozen_v1.json,MEDIUM_TEXTUAL_PROJECT_REFERENCE,56
72ca375d,project_repository,project_task_reference,public_reference_ablation_partial_v32.md,reports/public_reference_ablation_partial_v32.md,NOT_ESTABLISHED_FROM_PATH,False,01215062a544a7275295ec4ab862d290c14f2a09:reports/public_reference_ablation_partial_v32.md,MEDIUM_TEXTUAL_PROJECT_REFERENCE,56
73182012,project_repository,prior_evaluation_or_development_reference,llm_program_synthesis_v2_pilot_50_qwen3_8b.json,configs/llm_program_synthesis_v2_pilot_50_qwen3_8b.json,NOT_ESTABLISHED_FROM_PATH,False,01215062a544a7275295ec4ab862d290c14f2a09:configs/llm_program_synthesis_v2_pilot_50_qwen3_8b.json,MEDIUM_TEXTUAL_PROJECT_REFERENCE,280
73c3b0d8,project_repository,project_task_reference,llm_full_1000_frozen_v1.json,configs/llm_full_1000_frozen_v1.json,NOT_ESTABLISHED_FROM_PATH,True,01215062a544a7275295ec4ab862d290c14f2a09:configs/llm_full_1000_frozen_v1.json,MEDIUM_TEXTUAL_PROJECT_REFERENCE,28
73ccf9c2,project_repository,project_task_reference,llm_challenge_like_frozen_v1.json,configs/llm_challenge_like_frozen_v1.json,NOT_ESTABLISHED_FROM_PATH,True,01215062a544a7275295ec4ab862d290c14f2a09:configs/llm_challenge_like_frozen_v1.json,MEDIUM_TEXTUAL_PROJECT_REFERENCE,56
7447852a,project_repository,prior_evaluation_or_development_reference,grad_proposal_runtime_intervention,research/grad_proposal_runtime_intervention/preliminary_results/untouched60_manifest.json,NOT_ESTABLISHED_FROM_PATH,True,01215062a544a7275295ec4ab862d290c14f2a09:research/grad_proposal_runtime_intervention/preliminary_results/untouched60_manifest.json,MEDIUM_TEXTUAL_PROJECT_REFERENCE,81
7468f01a,project_repository,project_task_reference,llm_full_1000_frozen_v1.json,configs/llm_full_1000_frozen_v1.json,NOT_ESTABLISHED_FROM_PATH,True,01215062a544a7275295ec4ab862d290c14f2a09:configs/llm_full_1000_frozen_v1.json,MEDIUM_TEXTUAL_PROJECT_REFERENCE,56
746b3537,project_repository,project_task_reference,llm_full_1000_frozen_v1.json,configs/llm_full_1000_frozen_v1.json,NOT_ESTABLISHED_FROM_PATH,True,01215062a544a7275295ec4ab862d290c14f2a09:configs/llm_full_1000_frozen_v1.json,MEDIUM_TEXTUAL_PROJECT_REFERENCE,112
7491f3cf,project_repository,prior_evaluation_or_development_reference,eval60_phase3_d48_aug8_r1024_archive_v1,artifacts/eval60_phase3_d48_aug8_r1024_archive_v1/manifests/SOURCE_FILE_MANIFEST.csv,NOT_ESTABLISHED_FROM_PATH,False,18215650ec259e5d43add943b7f1657ec45b09cc:artifacts/eval60_phase3_d48_aug8_r1024_archive_v1/manifests/SOURCE_FILE_MANIFEST.csv,MEDIUM_TEXTUAL_PROJECT_REFERENCE,18285
74dd1130,project_repository,project_task_reference,llm_challenge_like_frozen_v1.json,configs/llm_challenge_like_frozen_v1.json,NOT_ESTABLISHED_FROM_PATH,True,01215062a544a7275295ec4ab862d290c14f2a09:configs/llm_challenge_like_frozen_v1.json,MEDIUM_TEXTUAL_PROJECT_REFERENCE,168
753ea09b,project_repository,project_task_reference,llm_full_1000_frozen_v1.json,configs/llm_full_1000_frozen_v1.json,NOT_ESTABLISHED_FROM_PATH,True,01215062a544a7275295ec4ab862d290c14f2a09:configs/llm_full_1000_frozen_v1.json,MEDIUM_TEXTUAL_PROJECT_REFERENCE,56
758abdf0,project_repository,project_task_reference,llm_full_1000_frozen_v1.json,configs/llm_full_1000_frozen_v1.json,NOT_ESTABLISHED_FROM_PATH,True,01215062a544a7275295ec4ab862d290c14f2a09:configs/llm_full_1000_frozen_v1.json,MEDIUM_TEXTUAL_PROJECT_REFERENCE,28
759f3fd3,project_repository,project_task_reference,llm_full_1000_frozen_v1.json,configs/llm_full_1000_frozen_v1.json,NOT_ESTABLISHED_FROM_PATH,True,01215062a544a7275295ec4ab862d290c14f2a09:configs/llm_full_1000_frozen_v1.json,MEDIUM_TEXTUAL_PROJECT_REFERENCE,28
75b8110e,project_repository,project_task_reference,llm_challenge_like_frozen_v1.json,configs/llm_challenge_like_frozen_v1.json,NOT_ESTABLISHED_FROM_PATH,True,01215062a544a7275295ec4ab862d290c14f2a09:configs/llm_challenge_like_frozen_v1.json,MEDIUM_TEXTUAL_PROJECT_REFERENCE,56
760b3cac,project_repository,project_task_reference,llm_full_1000_frozen_v1.json,configs/llm_full_1000_frozen_v1.json,NOT_ESTABLISHED_FROM_PATH,True,01215062a544a7275295ec4ab862d290c14f2a09:configs/llm_full_1000_frozen_v1.json,MEDIUM_TEXTUAL_PROJECT_REFERENCE,28
762cd429,project_repository,project_task_reference,llm_challenge_like_frozen_v1.json,configs/llm_challenge_like_frozen_v1.json,NOT_ESTABLISHED_FROM_PATH,True,01215062a544a7275295ec4ab862d290c14f2a09:configs/llm_challenge_like_frozen_v1.json,MEDIUM_TEXTUAL_PROJECT_REFERENCE,56
7666fa5d,project_repository,project_task_reference,nonblind_development_loo_transfer30_v1,analysis/nonblind_development_loo_transfer30_v1/frozen_run_20260927T112700Z/exposure_audit.json,NOT_ESTABLISHED_FROM_PATH,True,01215062a544a7275295ec4ab862d290c14f2a09:analysis/nonblind_development_loo_transfer30_v1/frozen_run_20260927T112700Z/exposure_audit.json,MEDIUM_TEXTUAL_PROJECT_REFERENCE,43
770cc55f,project_repository,project_task_reference,llm_full_1000_frozen_v1.json,configs/llm_full_1000_frozen_v1.json,NOT_ESTABLISHED_FROM_PATH,True,01215062a544a7275295ec4ab862d290c14f2a09:configs/llm_full_1000_frozen_v1.json,MEDIUM_TEXTUAL_PROJECT_REFERENCE,28
776ffc46,project_repository,project_task_reference,llm_full_1000_frozen_v1.json,configs/llm_full_1000_frozen_v1.json,NOT_ESTABLISHED_FROM_PATH,True,01215062a544a7275295ec4ab862d290c14f2a09:configs/llm_full_1000_frozen_v1.json,MEDIUM_TEXTUAL_PROJECT_REFERENCE,56
77fdfe62,project_repository,project_task_reference,llm_full_1000_frozen_v1.json,configs/llm_full_1000_frozen_v1.json,NOT_ESTABLISHED_FROM_PATH,True,01215062a544a7275295ec4ab862d290c14f2a09:configs/llm_full_1000_frozen_v1.json,MEDIUM_TEXTUAL_PROJECT_REFERENCE,28
780d0b14,project_repository,project_task_reference,llm_full_1000_frozen_v1.json,configs/llm_full_1000_frozen_v1.json,NOT_ESTABLISHED_FROM_PATH,True,01215062a544a7275295ec4ab862d290c14f2a09:configs/llm_full_1000_frozen_v1.json,MEDIUM_TEXTUAL_PROJECT_REFERENCE,56
782b5218,project_repository,project_task_reference,llm_full_1000_frozen_v1.json,configs/llm_full_1000_frozen_v1.json,NOT_ESTABLISHED_FROM_PATH,True,01215062a544a7275295ec4ab862d290c14f2a09:configs/llm_full_1000_frozen_v1.json,MEDIUM_TEXTUAL_PROJECT_REFERENCE,28
78332cb0,project_repository,prior_evaluation_or_development_reference,eval60_phase3_r1024_exact_b_selector_v8,analysis/eval60_phase3_r1024_exact_b_selector_v8/SCORING_SHARDS/78332cb0_o0_d24.sha256.json,NOT_ESTABLISHED_FROM_PATH,False,18215650ec259e5d43add943b7f1657ec45b09cc:analysis/eval60_phase3_r1024_exact_b_selector_v8/SCORING_SHARDS/78332cb0_o0_d24.sha256.json,MEDIUM_TEXTUAL_PROJECT_REFERENCE,28695
7837ac64,project_repository,project_task_reference,llm_challenge_like_frozen_v1.json,configs/llm_challenge_like_frozen_v1.json,NOT_ESTABLISHED_FROM_PATH,True,01215062a544a7275295ec4ab862d290c14f2a09:configs/llm_challenge_like_frozen_v1.json,MEDIUM_TEXTUAL_PROJECT_REFERENCE,56
78e78cff,project_repository,prior_evaluation_or_development_reference,grad_proposal_runtime_intervention,research/grad_proposal_runtime_intervention/preliminary_results/untouched60_manifest.json,NOT_ESTABLISHED_FROM_PATH,True,01215062a544a7275295ec4ab862d290c14f2a09:research/grad_proposal_runtime_intervention/preliminary_results/untouched60_manifest.json,MEDIUM_TEXTUAL_PROJECT_REFERENCE,81
79369cc6,project_repository,project_task_reference,llm_challenge_like_frozen_v1.json,configs/llm_challenge_like_frozen_v1.json,NOT_ESTABLISHED_FROM_PATH,True,01215062a544a7275295ec4ab862d290c14f2a09:configs/llm_challenge_like_frozen_v1.json,MEDIUM_TEXTUAL_PROJECT_REFERENCE,56
794b24be,project_repository,prior_evaluation_or_development_reference,grad_proposal_runtime_intervention,research/grad_proposal_runtime_intervention/preliminary_results/untouched60_manifest.json,NOT_ESTABLISHED_FROM_PATH,True,01215062a544a7275295ec4ab862d290c14f2a09:research/grad_proposal_runtime_intervention/preliminary_results/untouched60_manifest.json,MEDIUM_TEXTUAL_PROJECT_REFERENCE,81
7953d61e,project_repository,project_task_reference,llm_full_1000_frozen_v1.json,configs/llm_full_1000_frozen_v1.json,NOT_ESTABLISHED_FROM_PATH,True,01215062a544a7275295ec4ab862d290c14f2a09:configs/llm_full_1000_frozen_v1.json,MEDIUM_TEXTUAL_PROJECT_REFERENCE,28
79cce52d,project_repository,project_task_reference,llm_full_1000_frozen_v1.json,configs/llm_full_1000_frozen_v1.json,NOT_ESTABLISHED_FROM_PATH,True,01215062a544a7275295ec4ab862d290c14f2a09:configs/llm_full_1000_frozen_v1.json,MEDIUM_TEXTUAL_PROJECT_REFERENCE,28
7acdf6d3,project_repository,project_task_reference,llm_challenge_like_frozen_v1.json,configs/llm_challenge_like_frozen_v1.json,NOT_ESTABLISHED_FROM_PATH,True,01215062a544a7275295ec4ab862d290c14f2a09:configs/llm_challenge_like_frozen_v1.json,MEDIUM_TEXTUAL_PROJECT_REFERENCE,56
7b0280bc,project_repository,prior_evaluation_or_development_reference,eval60_phase3_d48_aug8_r1024_archive_v1,artifacts/eval60_phase3_d48_aug8_r1024_archive_v1/manifests/SOURCE_FILE_MANIFEST.csv,NOT_ESTABLISHED_FROM_PATH,False,18215650ec259e5d43add943b7f1657ec45b09cc:artifacts/eval60_phase3_d48_aug8_r1024_archive_v1/manifests/SOURCE_FILE_MANIFEST.csv,MEDIUM_TEXTUAL_PROJECT_REFERENCE,9930
7b3084d4,project_repository,prior_evaluation_or_development_reference,ADAPTIVE_TTT_DECISION_LOG.md,governance/ADAPTIVE_TTT_DECISION_LOG.md,NOT_ESTABLISHED_FROM_PATH,False,01215062a544a7275295ec4ab862d290c14f2a09:governance/ADAPTIVE_TTT_DECISION_LOG.md,MEDIUM_TEXTUAL_PROJECT_REFERENCE,63442
7b5033c1,project_repository,project_task_reference,nonblind_development_loo_transfer30_v1,analysis/nonblind_development_loo_transfer30_v1/frozen_run_20260927T112700Z/exposure_audit.json,NOT_ESTABLISHED_FROM_PATH,True,01215062a544a7275295ec4ab862d290c14f2a09:analysis/nonblind_development_loo_transfer30_v1/frozen_run_20260927T112700Z/exposure_audit.json,MEDIUM_TEXTUAL_PROJECT_REFERENCE,43
7b6016b9,project_repository,project_task_reference,llm_full_1000_frozen_v1.json,configs/llm_full_1000_frozen_v1.json,NOT_ESTABLISHED_FROM_PATH,True,01215062a544a7275295ec4ab862d290c14f2a09:configs/llm_full_1000_frozen_v1.json,MEDIUM_TEXTUAL_PROJECT_REFERENCE,56
7b7f7511,project_repository,project_task_reference,llm_full_1000_frozen_v1.json,configs/llm_full_1000_frozen_v1.json,NOT_ESTABLISHED_FROM_PATH,True,01215062a544a7275295ec4ab862d290c14f2a09:configs/llm_full_1000_frozen_v1.json,MEDIUM_TEXTUAL_PROJECT_REFERENCE,56
7b80bb43,project_repository,project_task_reference,nonblind_development_loo_transfer30_v1,analysis/nonblind_development_loo_transfer30_v1/frozen_run_20260927T112700Z/exposure_audit.json,NOT_ESTABLISHED_FROM_PATH,True,01215062a544a7275295ec4ab862d290c14f2a09:analysis/nonblind_development_loo_transfer30_v1/frozen_run_20260927T112700Z/exposure_audit.json,MEDIUM_TEXTUAL_PROJECT_REFERENCE,43
7bb29440,project_repository,project_task_reference,llm_full_1000_frozen_v1.json,configs/llm_full_1000_frozen_v1.json,NOT_ESTABLISHED_FROM_PATH,True,01215062a544a7275295ec4ab862d290c14f2a09:configs/llm_full_1000_frozen_v1.json,MEDIUM_TEXTUAL_PROJECT_REFERENCE,56
7c008303,project_repository,project_task_reference,llm_full_1000_frozen_v1.json,configs/llm_full_1000_frozen_v1.json,NOT_ESTABLISHED_FROM_PATH,True,01215062a544a7275295ec4ab862d290c14f2a09:configs/llm_full_1000_frozen_v1.json,MEDIUM_TEXTUAL_PROJECT_REFERENCE,28
7c66cb00,project_repository,project_task_reference,nonblind_development_loo_transfer30_v1,analysis/nonblind_development_loo_transfer30_v1/frozen_run_20260927T112700Z/loo_surface.csv,NOT_ESTABLISHED_FROM_PATH,True,01215062a544a7275295ec4ab862d290c14f2a09:analysis/nonblind_development_loo_transfer30_v1/frozen_run_20260927T112700Z/loo_surface.csv,MEDIUM_TEXTUAL_PROJECT_REFERENCE,2578
7c8af763,project_repository,project_task_reference,llm_full_1000_frozen_v1.json,configs/llm_full_1000_frozen_v1.json,NOT_ESTABLISHED_FROM_PATH,True,01215062a544a7275295ec4ab862d290c14f2a09:configs/llm_full_1000_frozen_v1.json,MEDIUM_TEXTUAL_PROJECT_REFERENCE,56
7c9b52a0,project_repository,project_task_reference,llm_full_1000_frozen_v1.json,configs/llm_full_1000_frozen_v1.json,NOT_ESTABLISHED_FROM_PATH,True,01215062a544a7275295ec4ab862d290c14f2a09:configs/llm_full_1000_frozen_v1.json,MEDIUM_TEXTUAL_PROJECT_REFERENCE,28
7d18a6fb,project_repository,project_task_reference,llm_full_1000_frozen_v1.json,configs/llm_full_1000_frozen_v1.json,NOT_ESTABLISHED_FROM_PATH,True,01215062a544a7275295ec4ab862d290c14f2a09:configs/llm_full_1000_frozen_v1.json,MEDIUM_TEXTUAL_PROJECT_REFERENCE,56
7d1f7ee8,project_repository,project_task_reference,llm_full_1000_frozen_v1.json,configs/llm_full_1000_frozen_v1.json,NOT_ESTABLISHED_FROM_PATH,True,01215062a544a7275295ec4ab862d290c14f2a09:configs/llm_full_1000_frozen_v1.json,MEDIUM_TEXTUAL_PROJECT_REFERENCE,28
7d419a02,project_repository,project_task_reference,llm_full_1000_frozen_v1.json,configs/llm_full_1000_frozen_v1.json,NOT_ESTABLISHED_FROM_PATH,True,01215062a544a7275295ec4ab862d290c14f2a09:configs/llm_full_1000_frozen_v1.json,MEDIUM_TEXTUAL_PROJECT_REFERENCE,28
7d7772cc,project_repository,prior_evaluation_or_development_reference,grad_proposal_runtime_intervention,research/grad_proposal_runtime_intervention/preliminary_results/untouched60_manifest.json,NOT_ESTABLISHED_FROM_PATH,True,01215062a544a7275295ec4ab862d290c14f2a09:research/grad_proposal_runtime_intervention/preliminary_results/untouched60_manifest.json,MEDIUM_TEXTUAL_PROJECT_REFERENCE,81
7ddcd7ec,project_repository,project_task_reference,llm_full_1000_frozen_v1.json,configs/llm_full_1000_frozen_v1.json,NOT_ESTABLISHED_FROM_PATH,True,01215062a544a7275295ec4ab862d290c14f2a09:configs/llm_full_1000_frozen_v1.json,MEDIUM_TEXTUAL_PROJECT_REFERENCE,28
7df24a62,project_repository,project_task_reference,llm_full_1000_frozen_v1.json,configs/llm_full_1000_frozen_v1.json,NOT_ESTABLISHED_FROM_PATH,True,01215062a544a7275295ec4ab862d290c14f2a09:configs/llm_full_1000_frozen_v1.json,MEDIUM_TEXTUAL_PROJECT_REFERENCE,28
7e02026e,project_repository,project_task_reference,llm_full_1000_frozen_v1.json,configs/llm_full_1000_frozen_v1.json,NOT_ESTABLISHED_FROM_PATH,True,01215062a544a7275295ec4ab862d290c14f2a09:configs/llm_full_1000_frozen_v1.json,MEDIUM_TEXTUAL_PROJECT_REFERENCE,28
7e0986d6,project_repository,project_task_reference,llm_full_1000_frozen_v1.json,configs/llm_full_1000_frozen_v1.json,NOT_ESTABLISHED_FROM_PATH,True,01215062a544a7275295ec4ab862d290c14f2a09:configs/llm_full_1000_frozen_v1.json,MEDIUM_TEXTUAL_PROJECT_REFERENCE,28
7e2bad24,project_repository,project_task_reference,llm_full_1000_frozen_v1.json,configs/llm_full_1000_frozen_v1.json,NOT_ESTABLISHED_FROM_PATH,True,01215062a544a7275295ec4ab862d290c14f2a09:configs/llm_full_1000_frozen_v1.json,MEDIUM_TEXTUAL_PROJECT_REFERENCE,56
7e4d4f7c,project_repository,prior_evaluation_or_development_reference,grad_proposal_runtime_intervention,research/grad_proposal_runtime_intervention/preliminary_results/untouched60_manifest.json,NOT_ESTABLISHED_FROM_PATH,True,01215062a544a7275295ec4ab862d290c14f2a09:research/grad_proposal_runtime_intervention/preliminary_results/untouched60_manifest.json,MEDIUM_TEXTUAL_PROJECT_REFERENCE,81
7e576d6e,project_repository,project_task_reference,llm_challenge_like_frozen_v1.json,configs/llm_challenge_like_frozen_v1.json,NOT_ESTABLISHED_FROM_PATH,True,01215062a544a7275295ec4ab862d290c14f2a09:configs/llm_challenge_like_frozen_v1.json,MEDIUM_TEXTUAL_PROJECT_REFERENCE,56
7ec998c9,project_repository,prior_evaluation_or_development_reference,grad_proposal_runtime_intervention,research/grad_proposal_runtime_intervention/preliminary_results/untouched60_manifest.json,NOT_ESTABLISHED_FROM_PATH,True,01215062a544a7275295ec4ab862d290c14f2a09:research/grad_proposal_runtime_intervention/preliminary_results/untouched60_manifest.json,MEDIUM_TEXTUAL_PROJECT_REFERENCE,81
7ed72f31,project_repository,prior_evaluation_or_development_reference,eval60_phase3_d48_aug8_r1024_archive_v1,artifacts/eval60_phase3_d48_aug8_r1024_archive_v1/manifests/SOURCE_FILE_MANIFEST.csv,NOT_ESTABLISHED_FROM_PATH,False,18215650ec259e5d43add943b7f1657ec45b09cc:artifacts/eval60_phase3_d48_aug8_r1024_archive_v1/manifests/SOURCE_FILE_MANIFEST.csv,MEDIUM_TEXTUAL_PROJECT_REFERENCE,134149
7ee1c6ea,project_repository,project_task_reference,llm_full_1000_frozen_v1.json,configs/llm_full_1000_frozen_v1.json,NOT_ESTABLISHED_FROM_PATH,True,01215062a544a7275295ec4ab862d290c14f2a09:configs/llm_full_1000_frozen_v1.json,MEDIUM_TEXTUAL_PROJECT_REFERENCE,112
7f4411dc,project_repository,project_task_reference,llm_challenge_like_frozen_v1.json,configs/llm_challenge_like_frozen_v1.json,NOT_ESTABLISHED_FROM_PATH,True,01215062a544a7275295ec4ab862d290c14f2a09:configs/llm_challenge_like_frozen_v1.json,MEDIUM_TEXTUAL_PROJECT_REFERENCE,56
7fe24cdd,project_repository,project_task_reference,llm_full_1000_frozen_v1.json,configs/llm_full_1000_frozen_v1.json,NOT_ESTABLISHED_FROM_PATH,True,01215062a544a7275295ec4ab862d290c14f2a09:configs/llm_full_1000_frozen_v1.json,MEDIUM_TEXTUAL_PROJECT_REFERENCE,28
800d221b,project_repository,project_task_reference,nonblind_development_loo_transfer30_v1,analysis/nonblind_development_loo_transfer30_v1/frozen_run_20260927T112700Z/exposure_audit.json,NOT_ESTABLISHED_FROM_PATH,True,01215062a544a7275295ec4ab862d290c14f2a09:analysis/nonblind_development_loo_transfer30_v1/frozen_run_20260927T112700Z/exposure_audit.json,MEDIUM_TEXTUAL_PROJECT_REFERENCE,43
80214e03,project_repository,project_task_reference,llm_full_1000_frozen_v1.json,configs/llm_full_1000_frozen_v1.json,NOT_ESTABLISHED_FROM_PATH,True,01215062a544a7275295ec4ab862d290c14f2a09:configs/llm_full_1000_frozen_v1.json,MEDIUM_TEXTUAL_PROJECT_REFERENCE,56
80a900e0,project_repository,prior_evaluation_or_development_reference,search_order_frontier_telemetry_micro12_v1,analysis/search_order_frontier_telemetry_micro12_v1/gate2_generation_v8/PROVENANCE.json,NOT_ESTABLISHED_FROM_PATH,True,18215650ec259e5d43add943b7f1657ec45b09cc:analysis/search_order_frontier_telemetry_micro12_v1/gate2_generation_v8/PROVENANCE.json,MEDIUM_TEXTUAL_PROJECT_REFERENCE,118236
80af3007,project_repository,project_task_reference,llm_full_1000_frozen_v1.json,configs/llm_full_1000_frozen_v1.json,NOT_ESTABLISHED_FROM_PATH,True,01215062a544a7275295ec4ab862d290c14f2a09:configs/llm_full_1000_frozen_v1.json,MEDIUM_TEXTUAL_PROJECT_REFERENCE,28
810b9b61,project_repository,project_task_reference,llm_challenge_like_frozen_v1.json,configs/llm_challenge_like_frozen_v1.json,NOT_ESTABLISHED_FROM_PATH,True,01215062a544a7275295ec4ab862d290c14f2a09:configs/llm_challenge_like_frozen_v1.json,MEDIUM_TEXTUAL_PROJECT_REFERENCE,56
817e6c09,project_repository,project_task_reference,llm_full_1000_frozen_v1.json,configs/llm_full_1000_frozen_v1.json,NOT_ESTABLISHED_FROM_PATH,True,01215062a544a7275295ec4ab862d290c14f2a09:configs/llm_full_1000_frozen_v1.json,MEDIUM_TEXTUAL_PROJECT_REFERENCE,28
81c0276b,project_repository,project_task_reference,llm_full_1000_frozen_v1.json,configs/llm_full_1000_frozen_v1.json,NOT_ESTABLISHED_FROM_PATH,True,01215062a544a7275295ec4ab862d290c14f2a09:configs/llm_full_1000_frozen_v1.json,MEDIUM_TEXTUAL_PROJECT_REFERENCE,28
825aa9e9,project_repository,prior_evaluation_or_development_reference,llm_program_synthesis_v2_pilot_50_qwen3_8b.json,configs/llm_program_synthesis_v2_pilot_50_qwen3_8b.json,NOT_ESTABLISHED_FROM_PATH,False,01215062a544a7275295ec4ab862d290c14f2a09:configs/llm_program_synthesis_v2_pilot_50_qwen3_8b.json,MEDIUM_TEXTUAL_PROJECT_REFERENCE,336
82819916,project_repository,project_task_reference,llm_full_1000_frozen_v1.json,configs/llm_full_1000_frozen_v1.json,NOT_ESTABLISHED_FROM_PATH,True,01215062a544a7275295ec4ab862d290c14f2a09:configs/llm_full_1000_frozen_v1.json,MEDIUM_TEXTUAL_PROJECT_REFERENCE,28
83302e8f,project_repository,project_task_reference,llm_full_1000_frozen_v1.json,configs/llm_full_1000_frozen_v1.json,NOT_ESTABLISHED_FROM_PATH,True,01215062a544a7275295ec4ab862d290c14f2a09:configs/llm_full_1000_frozen_v1.json,MEDIUM_TEXTUAL_PROJECT_REFERENCE,56
833966f4,project_repository,project_task_reference,llm_full_1000_frozen_v1.json,configs/llm_full_1000_frozen_v1.json,NOT_ESTABLISHED_FROM_PATH,True,01215062a544a7275295ec4ab862d290c14f2a09:configs/llm_full_1000_frozen_v1.json,MEDIUM_TEXTUAL_PROJECT_REFERENCE,28
833dafe3,project_repository,prior_evaluation_or_development_reference,grad_proposal_runtime_intervention,research/grad_proposal_runtime_intervention/preliminary_results/untouched60_manifest.json,NOT_ESTABLISHED_FROM_PATH,True,01215062a544a7275295ec4ab862d290c14f2a09:research/grad_proposal_runtime_intervention/preliminary_results/untouched60_manifest.json,MEDIUM_TEXTUAL_PROJECT_REFERENCE,81
834ec97d,project_repository,project_task_reference,llm_full_1000_frozen_v1.json,configs/llm_full_1000_frozen_v1.json,NOT_ESTABLISHED_FROM_PATH,True,01215062a544a7275295ec4ab862d290c14f2a09:configs/llm_full_1000_frozen_v1.json,MEDIUM_TEXTUAL_PROJECT_REFERENCE,28
83b6b474,project_repository,project_task_reference,llm_full_1000_frozen_v1.json,configs/llm_full_1000_frozen_v1.json,NOT_ESTABLISHED_FROM_PATH,True,01215062a544a7275295ec4ab862d290c14f2a09:configs/llm_full_1000_frozen_v1.json,MEDIUM_TEXTUAL_PROJECT_REFERENCE,28
83eb0a57,project_repository,prior_evaluation_or_development_reference,llm_program_synthesis_v2_pilot_50_qwen3_8b.json,configs/llm_program_synthesis_v2_pilot_50_qwen3_8b.json,NOT_ESTABLISHED_FROM_PATH,False,01215062a544a7275295ec4ab862d290c14f2a09:configs/llm_program_synthesis_v2_pilot_50_qwen3_8b.json,MEDIUM_TEXTUAL_PROJECT_REFERENCE,336
8403a5d5,project_repository,project_task_reference,llm_full_1000_frozen_v1.json,configs/llm_full_1000_frozen_v1.json,NOT_ESTABLISHED_FROM_PATH,True,01215062a544a7275295ec4ab862d290c14f2a09:configs/llm_full_1000_frozen_v1.json,MEDIUM_TEXTUAL_PROJECT_REFERENCE,28
84551f4c,project_repository,prior_evaluation_or_development_reference,grad_proposal_runtime_intervention,research/grad_proposal_runtime_intervention/preliminary_results/untouched60_manifest.json,NOT_ESTABLISHED_FROM_PATH,True,01215062a544a7275295ec4ab862d290c14f2a09:research/grad_proposal_runtime_intervention/preliminary_results/untouched60_manifest.json,MEDIUM_TEXTUAL_PROJECT_REFERENCE,81
845d6e51,project_repository,project_task_reference,llm_program_synthesis_v2_failure_forensics.md,reports/llm_program_synthesis_v2_failure_forensics.md,NOT_ESTABLISHED_FROM_PATH,False,01215062a544a7275295ec4ab862d290c14f2a09:reports/llm_program_synthesis_v2_failure_forensics.md,MEDIUM_TEXTUAL_PROJECT_REFERENCE,336
846bdb03,project_repository,project_task_reference,llm_program_synthesis_v2_failure_forensics.md,reports/llm_program_synthesis_v2_failure_forensics.md,NOT_ESTABLISHED_FROM_PATH,False,01215062a544a7275295ec4ab862d290c14f2a09:reports/llm_program_synthesis_v2_failure_forensics.md,MEDIUM_TEXTUAL_PROJECT_REFERENCE,336
84ba50d3,project_repository,project_task_reference,llm_full_1000_frozen_v1.json,configs/llm_full_1000_frozen_v1.json,NOT_ESTABLISHED_FROM_PATH,True,01215062a544a7275295ec4ab862d290c14f2a09:configs/llm_full_1000_frozen_v1.json,MEDIUM_TEXTUAL_PROJECT_REFERENCE,28
84db8fc4,project_repository,project_task_reference,llm_challenge_like_frozen_v1.json,configs/llm_challenge_like_frozen_v1.json,NOT_ESTABLISHED_FROM_PATH,True,01215062a544a7275295ec4ab862d290c14f2a09:configs/llm_challenge_like_frozen_v1.json,MEDIUM_TEXTUAL_PROJECT_REFERENCE,56
84f2aca1,project_repository,project_task_reference,llm_challenge_like_frozen_v1.json,configs/llm_challenge_like_frozen_v1.json,NOT_ESTABLISHED_FROM_PATH,True,01215062a544a7275295ec4ab862d290c14f2a09:configs/llm_challenge_like_frozen_v1.json,MEDIUM_TEXTUAL_PROJECT_REFERENCE,56
855e0971,project_repository,project_task_reference,llm_full_1000_frozen_v1.json,configs/llm_full_1000_frozen_v1.json,NOT_ESTABLISHED_FROM_PATH,True,01215062a544a7275295ec4ab862d290c14f2a09:configs/llm_full_1000_frozen_v1.json,MEDIUM_TEXTUAL_PROJECT_REFERENCE,28
8597cfd7,project_repository,project_task_reference,llm_full_1000_frozen_v1.json,configs/llm_full_1000_frozen_v1.json,NOT_ESTABLISHED_FROM_PATH,True,01215062a544a7275295ec4ab862d290c14f2a09:configs/llm_full_1000_frozen_v1.json,MEDIUM_TEXTUAL_PROJECT_REFERENCE,28
85b81ff1,project_repository,project_task_reference,llm_full_1000_frozen_v1.json,configs/llm_full_1000_frozen_v1.json,NOT_ESTABLISHED_FROM_PATH,True,01215062a544a7275295ec4ab862d290c14f2a09:configs/llm_full_1000_frozen_v1.json,MEDIUM_TEXTUAL_PROJECT_REFERENCE,56
85c4e7cd,project_repository,project_task_reference,llm_challenge_like_frozen_v1.json,configs/llm_challenge_like_frozen_v1.json,NOT_ESTABLISHED_FROM_PATH,True,01215062a544a7275295ec4ab862d290c14f2a09:configs/llm_challenge_like_frozen_v1.json,MEDIUM_TEXTUAL_PROJECT_REFERENCE,56
85fa5666,project_repository,project_task_reference,llm_full_1000_frozen_v1.json,configs/llm_full_1000_frozen_v1.json,NOT_ESTABLISHED_FROM_PATH,True,01215062a544a7275295ec4ab862d290c14f2a09:configs/llm_full_1000_frozen_v1.json,MEDIUM_TEXTUAL_PROJECT_REFERENCE,56
8618d23e,project_repository,prior_evaluation_or_development_reference,grad_proposal_runtime_intervention,research/grad_proposal_runtime_intervention/preliminary_results/untouched60_manifest.json,NOT_ESTABLISHED_FROM_PATH,True,01215062a544a7275295ec4ab862d290c14f2a09:research/grad_proposal_runtime_intervention/preliminary_results/untouched60_manifest.json,MEDIUM_TEXTUAL_PROJECT_REFERENCE,81
868de0fa,project_repository,project_task_reference,llm_full_1000_frozen_v1.json,configs/llm_full_1000_frozen_v1.json,NOT_ESTABLISHED_FROM_PATH,True,01215062a544a7275295ec4ab862d290c14f2a09:configs/llm_full_1000_frozen_v1.json,MEDIUM_TEXTUAL_PROJECT_REFERENCE,28
8698868d,project_repository,project_task_reference,nonblind_development_loo_transfer30_v1,analysis/nonblind_development_loo_transfer30_v1/frozen_run_20260927T112700Z/exposure_audit.json,NOT_ESTABLISHED_FROM_PATH,True,01215062a544a7275295ec4ab862d290c14f2a09:analysis/nonblind_development_loo_transfer30_v1/frozen_run_20260927T112700Z/exposure_audit.json,MEDIUM_TEXTUAL_PROJECT_REFERENCE,43
8719f442,project_repository,prior_evaluation_or_development_reference,ARC2_NATIVE_TTT_AND_STRONG_VERIFIER_V1.json,configs/ARC2_NATIVE_TTT_AND_STRONG_VERIFIER_V1.json,NOT_ESTABLISHED_FROM_PATH,False,01215062a544a7275295ec4ab862d290c14f2a09:configs/ARC2_NATIVE_TTT_AND_STRONG_VERIFIER_V1.json,MEDIUM_TEXTUAL_PROJECT_REFERENCE,112
8731374e,project_repository,project_task_reference,llm_full_1000_frozen_v1.json,configs/llm_full_1000_frozen_v1.json,NOT_ESTABLISHED_FROM_PATH,True,01215062a544a7275295ec4ab862d290c14f2a09:configs/llm_full_1000_frozen_v1.json,MEDIUM_TEXTUAL_PROJECT_REFERENCE,56
878187ab,project_repository,project_task_reference,llm_full_1000_frozen_v1.json,configs/llm_full_1000_frozen_v1.json,NOT_ESTABLISHED_FROM_PATH,True,01215062a544a7275295ec4ab862d290c14f2a09:configs/llm_full_1000_frozen_v1.json,MEDIUM_TEXTUAL_PROJECT_REFERENCE,56
87ab05b8,project_repository,project_task_reference,llm_challenge_like_frozen_v1.json,configs/llm_challenge_like_frozen_v1.json,NOT_ESTABLISHED_FROM_PATH,True,01215062a544a7275295ec4ab862d290c14f2a09:configs/llm_challenge_like_frozen_v1.json,MEDIUM_TEXTUAL_PROJECT_REFERENCE,56
880c1354,project_repository,project_task_reference,llm_challenge_like_frozen_v1.json,configs/llm_challenge_like_frozen_v1.json,NOT_ESTABLISHED_FROM_PATH,True,01215062a544a7275295ec4ab862d290c14f2a09:configs/llm_challenge_like_frozen_v1.json,MEDIUM_TEXTUAL_PROJECT_REFERENCE,56
88207623,project_repository,project_task_reference,llm_challenge_like_frozen_v1.json,configs/llm_challenge_like_frozen_v1.json,NOT_ESTABLISHED_FROM_PATH,True,01215062a544a7275295ec4ab862d290c14f2a09:configs/llm_challenge_like_frozen_v1.json,MEDIUM_TEXTUAL_PROJECT_REFERENCE,56
8886d717,project_repository,project_task_reference,llm_full_1000_frozen_v1.json,configs/llm_full_1000_frozen_v1.json,NOT_ESTABLISHED_FROM_PATH,True,01215062a544a7275295ec4ab862d290c14f2a09:configs/llm_full_1000_frozen_v1.json,MEDIUM_TEXTUAL_PROJECT_REFERENCE,56
88a10436,project_repository,prior_evaluation_or_development_reference,ARC2_NATIVE_TTT_AND_STRONG_VERIFIER_V1.json,configs/ARC2_NATIVE_TTT_AND_STRONG_VERIFIER_V1.json,NOT_ESTABLISHED_FROM_PATH,False,01215062a544a7275295ec4ab862d290c14f2a09:configs/ARC2_NATIVE_TTT_AND_STRONG_VERIFIER_V1.json,MEDIUM_TEXTUAL_PROJECT_REFERENCE,168
88a62173,project_repository,project_task_reference,llm_full_1000_frozen_v1.json,configs/llm_full_1000_frozen_v1.json,NOT_ESTABLISHED_FROM_PATH,True,01215062a544a7275295ec4ab862d290c14f2a09:configs/llm_full_1000_frozen_v1.json,MEDIUM_TEXTUAL_PROJECT_REFERENCE,140
88bcf3b4,project_repository,prior_evaluation_or_development_reference,eval60_phase3_d48_aug8_r1024_archive_v1,artifacts/eval60_phase3_d48_aug8_r1024_archive_v1/manifests/SOURCE_FILE_MANIFEST.csv,NOT_ESTABLISHED_FROM_PATH,False,18215650ec259e5d43add943b7f1657ec45b09cc:artifacts/eval60_phase3_d48_aug8_r1024_archive_v1/manifests/SOURCE_FILE_MANIFEST.csv,MEDIUM_TEXTUAL_PROJECT_REFERENCE,128161
88e364bc,project_repository,project_task_reference,nonblind_development_loo_transfer30_v1,analysis/nonblind_development_loo_transfer30_v1/frozen_run_20260927T112700Z/loo_surface.csv,NOT_ESTABLISHED_FROM_PATH,True,01215062a544a7275295ec4ab862d290c14f2a09:analysis/nonblind_development_loo_transfer30_v1/frozen_run_20260927T112700Z/loo_surface.csv,MEDIUM_TEXTUAL_PROJECT_REFERENCE,3013
890034e9,project_repository,project_task_reference,llm_full_1000_frozen_v1.json,configs/llm_full_1000_frozen_v1.json,NOT_ESTABLISHED_FROM_PATH,True,01215062a544a7275295ec4ab862d290c14f2a09:configs/llm_full_1000_frozen_v1.json,MEDIUM_TEXTUAL_PROJECT_REFERENCE,28
891232d6,project_repository,prior_evaluation_or_development_reference,ARC2_NATIVE_TTT_AND_STRONG_VERIFIER_V1.json,configs/ARC2_NATIVE_TTT_AND_STRONG_VERIFIER_V1.json,NOT_ESTABLISHED_FROM_PATH,False,01215062a544a7275295ec4ab862d290c14f2a09:configs/ARC2_NATIVE_TTT_AND_STRONG_VERIFIER_V1.json,MEDIUM_TEXTUAL_PROJECT_REFERENCE,56
89565ca0,project_repository,project_task_reference,nonblind_development_loo_transfer30_v1,analysis/nonblind_development_loo_transfer30_v1/frozen_run_20260927T112700Z/loo_surface.csv,NOT_ESTABLISHED_FROM_PATH,True,01215062a544a7275295ec4ab862d290c14f2a09:analysis/nonblind_development_loo_transfer30_v1/frozen_run_20260927T112700Z/loo_surface.csv,MEDIUM_TEXTUAL_PROJECT_REFERENCE,22434
896d5239,project_repository,project_task_reference,llm_full_1000_frozen_v1.json,configs/llm_full_1000_frozen_v1.json,NOT_ESTABLISHED_FROM_PATH,True,01215062a544a7275295ec4ab862d290c14f2a09:configs/llm_full_1000_frozen_v1.json,MEDIUM_TEXTUAL_PROJECT_REFERENCE,112
898e7135,project_repository,prior_evaluation_or_development_reference,eval60_phase3_d48_aug8_r1024_archive_v1,artifacts/eval60_phase3_d48_aug8_r1024_archive_v1/manifests/SOURCE_FILE_MANIFEST.csv,NOT_ESTABLISHED_FROM_PATH,False,18215650ec259e5d43add943b7f1657ec45b09cc:artifacts/eval60_phase3_d48_aug8_r1024_archive_v1/manifests/SOURCE_FILE_MANIFEST.csv,MEDIUM_TEXTUAL_PROJECT_REFERENCE,119548
8a004b2b,project_repository,project_task_reference,llm_full_1000_frozen_v1.json,configs/llm_full_1000_frozen_v1.json,NOT_ESTABLISHED_FROM_PATH,True,01215062a544a7275295ec4ab862d290c14f2a09:configs/llm_full_1000_frozen_v1.json,MEDIUM_TEXTUAL_PROJECT_REFERENCE,28
8a371977,project_repository,project_task_reference,llm_full_1000_frozen_v1.json,configs/llm_full_1000_frozen_v1.json,NOT_ESTABLISHED_FROM_PATH,True,01215062a544a7275295ec4ab862d290c14f2a09:configs/llm_full_1000_frozen_v1.json,MEDIUM_TEXTUAL_PROJECT_REFERENCE,28
8a6d367c,project_repository,project_task_reference,llm_full_1000_frozen_v1.json,configs/llm_full_1000_frozen_v1.json,NOT_ESTABLISHED_FROM_PATH,True,01215062a544a7275295ec4ab862d290c14f2a09:configs/llm_full_1000_frozen_v1.json,MEDIUM_TEXTUAL_PROJECT_REFERENCE,28
8abad3cf,project_repository,project_task_reference,llm_full_1000_frozen_v1.json,configs/llm_full_1000_frozen_v1.json,NOT_ESTABLISHED_FROM_PATH,True,01215062a544a7275295ec4ab862d290c14f2a09:configs/llm_full_1000_frozen_v1.json,MEDIUM_TEXTUAL_PROJECT_REFERENCE,56
8b28cd80,project_repository,prior_evaluation_or_development_reference,llm_program_synthesis_v2_pilot_50_qwen3_8b.json,configs/llm_program_synthesis_v2_pilot_50_qwen3_8b.json,NOT_ESTABLISHED_FROM_PATH,False,01215062a544a7275295ec4ab862d290c14f2a09:configs/llm_program_synthesis_v2_pilot_50_qwen3_8b.json,MEDIUM_TEXTUAL_PROJECT_REFERENCE,280
8b7bacbf,project_repository,prior_evaluation_or_development_reference,eval60_phase3_d48_aug8_r1024_archive_v1,artifacts/eval60_phase3_d48_aug8_r1024_archive_v1/manifests/SOURCE_FILE_MANIFEST.csv,NOT_ESTABLISHED_FROM_PATH,False,18215650ec259e5d43add943b7f1657ec45b09cc:artifacts/eval60_phase3_d48_aug8_r1024_archive_v1/manifests/SOURCE_FILE_MANIFEST.csv,MEDIUM_TEXTUAL_PROJECT_REFERENCE,191833
8b9c3697,project_repository,project_task_reference,nonblind_development_loo_transfer30_v1,analysis/nonblind_development_loo_transfer30_v1/frozen_run_20260927T112700Z/loo_surface.csv,NOT_ESTABLISHED_FROM_PATH,True,01215062a544a7275295ec4ab862d290c14f2a09:analysis/nonblind_development_loo_transfer30_v1/frozen_run_20260927T112700Z/loo_surface.csv,MEDIUM_TEXTUAL_PROJECT_REFERENCE,2443
8ba14f53,project_repository,project_task_reference,llm_full_1000_frozen_v1.json,configs/llm_full_1000_frozen_v1.json,NOT_ESTABLISHED_FROM_PATH,True,01215062a544a7275295ec4ab862d290c14f2a09:configs/llm_full_1000_frozen_v1.json,MEDIUM_TEXTUAL_PROJECT_REFERENCE,28
8be77c9e,project_repository,project_task_reference,llm_full_1000_frozen_v1.json,configs/llm_full_1000_frozen_v1.json,NOT_ESTABLISHED_FROM_PATH,True,01215062a544a7275295ec4ab862d290c14f2a09:configs/llm_full_1000_frozen_v1.json,MEDIUM_TEXTUAL_PROJECT_REFERENCE,112
8cb8642d,project_repository,prior_evaluation_or_development_reference,llm_program_synthesis_v2_pilot_50_qwen3_8b.json,configs/llm_program_synthesis_v2_pilot_50_qwen3_8b.json,NOT_ESTABLISHED_FROM_PATH,False,01215062a544a7275295ec4ab862d290c14f2a09:configs/llm_program_synthesis_v2_pilot_50_qwen3_8b.json,MEDIUM_TEXTUAL_PROJECT_REFERENCE,280
8d5021e8,project_repository,project_task_reference,llm_full_1000_frozen_v1.json,configs/llm_full_1000_frozen_v1.json,NOT_ESTABLISHED_FROM_PATH,True,01215062a544a7275295ec4ab862d290c14f2a09:configs/llm_full_1000_frozen_v1.json,MEDIUM_TEXTUAL_PROJECT_REFERENCE,28
8d510a79,project_repository,project_task_reference,llm_full_1000_frozen_v1.json,configs/llm_full_1000_frozen_v1.json,NOT_ESTABLISHED_FROM_PATH,True,01215062a544a7275295ec4ab862d290c14f2a09:configs/llm_full_1000_frozen_v1.json,MEDIUM_TEXTUAL_PROJECT_REFERENCE,28
8dab14c2,project_repository,prior_evaluation_or_development_reference,grad_proposal_runtime_intervention,research/grad_proposal_runtime_intervention/preliminary_results/untouched60_manifest.json,NOT_ESTABLISHED_FROM_PATH,True,01215062a544a7275295ec4ab862d290c14f2a09:research/grad_proposal_runtime_intervention/preliminary_results/untouched60_manifest.json,MEDIUM_TEXTUAL_PROJECT_REFERENCE,81
8dae5dfc,project_repository,project_task_reference,build_dynamic_b_gpu_smoke_notebook.py,scripts/build_dynamic_b_gpu_smoke_notebook.py,NOT_ESTABLISHED_FROM_PATH,False,01215062a544a7275295ec4ab862d290c14f2a09:scripts/build_dynamic_b_gpu_smoke_notebook.py,MEDIUM_TEXTUAL_PROJECT_REFERENCE,140
8e1813be,project_repository,prior_evaluation_or_development_reference,grad_proposal_runtime_intervention,research/grad_proposal_runtime_intervention/preliminary_results/untouched60_manifest.json,NOT_ESTABLISHED_FROM_PATH,True,01215062a544a7275295ec4ab862d290c14f2a09:research/grad_proposal_runtime_intervention/preliminary_results/untouched60_manifest.json,MEDIUM_TEXTUAL_PROJECT_REFERENCE,81
8e2edd66,project_repository,project_task_reference,llm_challenge_like_frozen_v1.json,configs/llm_challenge_like_frozen_v1.json,NOT_ESTABLISHED_FROM_PATH,True,01215062a544a7275295ec4ab862d290c14f2a09:configs/llm_challenge_like_frozen_v1.json,MEDIUM_TEXTUAL_PROJECT_REFERENCE,56
8e301a54,project_repository,project_task_reference,llm_full_1000_frozen_v1.json,configs/llm_full_1000_frozen_v1.json,NOT_ESTABLISHED_FROM_PATH,True,01215062a544a7275295ec4ab862d290c14f2a09:configs/llm_full_1000_frozen_v1.json,MEDIUM_TEXTUAL_PROJECT_REFERENCE,112
8e5a5113,project_repository,prior_evaluation_or_development_reference,llm_program_synthesis_v2_pilot_50_qwen3_8b.json,configs/llm_program_synthesis_v2_pilot_50_qwen3_8b.json,NOT_ESTABLISHED_FROM_PATH,False,01215062a544a7275295ec4ab862d290c14f2a09:configs/llm_program_synthesis_v2_pilot_50_qwen3_8b.json,MEDIUM_TEXTUAL_PROJECT_REFERENCE,280
8e5c0c38,project_repository,prior_evaluation_or_development_reference,eval60_phase3_d48_aug8_r1024_archive_v1,artifacts/eval60_phase3_d48_aug8_r1024_archive_v1/manifests/SOURCE_FILE_MANIFEST.csv,NOT_ESTABLISHED_FROM_PATH,False,18215650ec259e5d43add943b7f1657ec45b09cc:artifacts/eval60_phase3_d48_aug8_r1024_archive_v1/manifests/SOURCE_FILE_MANIFEST.csv,MEDIUM_TEXTUAL_PROJECT_REFERENCE,31577
8eb1be9a,project_repository,project_task_reference,llm_full_1000_frozen_v1.json,configs/llm_full_1000_frozen_v1.json,NOT_ESTABLISHED_FROM_PATH,True,01215062a544a7275295ec4ab862d290c14f2a09:configs/llm_full_1000_frozen_v1.json,MEDIUM_TEXTUAL_PROJECT_REFERENCE,28
8ee62060,project_repository,project_task_reference,llm_challenge_like_frozen_v1.json,configs/llm_challenge_like_frozen_v1.json,NOT_ESTABLISHED_FROM_PATH,True,01215062a544a7275295ec4ab862d290c14f2a09:configs/llm_challenge_like_frozen_v1.json,MEDIUM_TEXTUAL_PROJECT_REFERENCE,56
8efcae92,project_repository,project_task_reference,llm_full_1000_frozen_v1.json,configs/llm_full_1000_frozen_v1.json,NOT_ESTABLISHED_FROM_PATH,True,01215062a544a7275295ec4ab862d290c14f2a09:configs/llm_full_1000_frozen_v1.json,MEDIUM_TEXTUAL_PROJECT_REFERENCE,28
8f215267,project_repository,project_task_reference,nonblind_development_loo_transfer30_v1,analysis/nonblind_development_loo_transfer30_v1/frozen_run_20260927T112700Z/loo_surface.csv,NOT_ESTABLISHED_FROM_PATH,True,01215062a544a7275295ec4ab862d290c14f2a09:analysis/nonblind_development_loo_transfer30_v1/frozen_run_20260927T112700Z/loo_surface.csv,MEDIUM_TEXTUAL_PROJECT_REFERENCE,2653
8f2ea7aa,project_repository,project_task_reference,llm_full_1000_frozen_v1.json,configs/llm_full_1000_frozen_v1.json,NOT_ESTABLISHED_FROM_PATH,True,01215062a544a7275295ec4ab862d290c14f2a09:configs/llm_full_1000_frozen_v1.json,MEDIUM_TEXTUAL_PROJECT_REFERENCE,28
8f3a5a89,project_repository,project_task_reference,nonblind_development_loo_transfer30_v1,analysis/nonblind_development_loo_transfer30_v1/frozen_run_20260927T112700Z/loo_surface.csv,NOT_ESTABLISHED_FROM_PATH,True,01215062a544a7275295ec4ab862d290c14f2a09:analysis/nonblind_development_loo_transfer30_v1/frozen_run_20260927T112700Z/loo_surface.csv,MEDIUM_TEXTUAL_PROJECT_REFERENCE,2728
8fbca751,project_repository,project_task_reference,llm_full_1000_frozen_v1.json,configs/llm_full_1000_frozen_v1.json,NOT_ESTABLISHED_FROM_PATH,True,01215062a544a7275295ec4ab862d290c14f2a09:configs/llm_full_1000_frozen_v1.json,MEDIUM_TEXTUAL_PROJECT_REFERENCE,112
8fff9e47,project_repository,prior_evaluation_or_development_reference,grad_proposal_runtime_intervention,research/grad_proposal_runtime_intervention/preliminary_results/untouched60_manifest.json,NOT_ESTABLISHED_FROM_PATH,True,01215062a544a7275295ec4ab862d290c14f2a09:research/grad_proposal_runtime_intervention/preliminary_results/untouched60_manifest.json,MEDIUM_TEXTUAL_PROJECT_REFERENCE,81
902510d5,project_repository,project_task_reference,llm_full_1000_frozen_v1.json,configs/llm_full_1000_frozen_v1.json,NOT_ESTABLISHED_FROM_PATH,True,01215062a544a7275295ec4ab862d290c14f2a09:configs/llm_full_1000_frozen_v1.json,MEDIUM_TEXTUAL_PROJECT_REFERENCE,28
90347967,project_repository,project_task_reference,llm_challenge_like_frozen_v1.json,configs/llm_challenge_like_frozen_v1.json,NOT_ESTABLISHED_FROM_PATH,True,01215062a544a7275295ec4ab862d290c14f2a09:configs/llm_challenge_like_frozen_v1.json,MEDIUM_TEXTUAL_PROJECT_REFERENCE,56
90c28cc7,project_repository,project_task_reference,llm_full_1000_frozen_v1.json,configs/llm_full_1000_frozen_v1.json,NOT_ESTABLISHED_FROM_PATH,True,01215062a544a7275295ec4ab862d290c14f2a09:configs/llm_full_1000_frozen_v1.json,MEDIUM_TEXTUAL_PROJECT_REFERENCE,28
90f3ed37,project_repository,project_task_reference,llm_full_1000_frozen_v1.json,configs/llm_full_1000_frozen_v1.json,NOT_ESTABLISHED_FROM_PATH,True,01215062a544a7275295ec4ab862d290c14f2a09:configs/llm_full_1000_frozen_v1.json,MEDIUM_TEXTUAL_PROJECT_REFERENCE,28
9110e3c5,project_repository,project_task_reference,llm_full_1000_frozen_v1.json,configs/llm_full_1000_frozen_v1.json,NOT_ESTABLISHED_FROM_PATH,True,01215062a544a7275295ec4ab862d290c14f2a09:configs/llm_full_1000_frozen_v1.json,MEDIUM_TEXTUAL_PROJECT_REFERENCE,28
913fb3ed,project_repository,project_task_reference,llm_full_1000_frozen_v1.json,configs/llm_full_1000_frozen_v1.json,NOT_ESTABLISHED_FROM_PATH,True,01215062a544a7275295ec4ab862d290c14f2a09:configs/llm_full_1000_frozen_v1.json,MEDIUM_TEXTUAL_PROJECT_REFERENCE,28
91413438,project_repository,prior_evaluation_or_development_reference,grad_proposal_runtime_intervention,research/grad_proposal_runtime_intervention/preliminary_results/untouched60_manifest.json,NOT_ESTABLISHED_FROM_PATH,True,01215062a544a7275295ec4ab862d290c14f2a09:research/grad_proposal_runtime_intervention/preliminary_results/untouched60_manifest.json,MEDIUM_TEXTUAL_PROJECT_REFERENCE,81
91714a58,project_repository,prior_evaluation_or_development_reference,grad_proposal_runtime_intervention,research/grad_proposal_runtime_intervention/preliminary_results/untouched60_manifest.json,NOT_ESTABLISHED_FROM_PATH,True,01215062a544a7275295ec4ab862d290c14f2a09:research/grad_proposal_runtime_intervention/preliminary_results/untouched60_manifest.json,MEDIUM_TEXTUAL_PROJECT_REFERENCE,81
9172f3a0,project_repository,project_task_reference,llm_full_1000_frozen_v1.json,configs/llm_full_1000_frozen_v1.json,NOT_ESTABLISHED_FROM_PATH,True,01215062a544a7275295ec4ab862d290c14f2a09:configs/llm_full_1000_frozen_v1.json,MEDIUM_TEXTUAL_PROJECT_REFERENCE,56
917bccba,project_repository,project_task_reference,llm_full_1000_frozen_v1.json,configs/llm_full_1000_frozen_v1.json,NOT_ESTABLISHED_FROM_PATH,True,01215062a544a7275295ec4ab862d290c14f2a09:configs/llm_full_1000_frozen_v1.json,MEDIUM_TEXTUAL_PROJECT_REFERENCE,56
928ad970,project_repository,project_task_reference,llm_challenge_like_frozen_v1.json,configs/llm_challenge_like_frozen_v1.json,NOT_ESTABLISHED_FROM_PATH,True,01215062a544a7275295ec4ab862d290c14f2a09:configs/llm_challenge_like_frozen_v1.json,MEDIUM_TEXTUAL_PROJECT_REFERENCE,56
92e50de0,project_repository,project_task_reference,llm_challenge_like_frozen_v1.json,configs/llm_challenge_like_frozen_v1.json,NOT_ESTABLISHED_FROM_PATH,True,01215062a544a7275295ec4ab862d290c14f2a09:configs/llm_challenge_like_frozen_v1.json,MEDIUM_TEXTUAL_PROJECT_REFERENCE,56
9344f635,project_repository,project_task_reference,llm_full_1000_frozen_v1.json,configs/llm_full_1000_frozen_v1.json,NOT_ESTABLISHED_FROM_PATH,True,01215062a544a7275295ec4ab862d290c14f2a09:configs/llm_full_1000_frozen_v1.json,MEDIUM_TEXTUAL_PROJECT_REFERENCE,28
9356391f,project_repository,project_task_reference,llm_challenge_like_frozen_v1.json,configs/llm_challenge_like_frozen_v1.json,NOT_ESTABLISHED_FROM_PATH,True,01215062a544a7275295ec4ab862d290c14f2a09:configs/llm_challenge_like_frozen_v1.json,MEDIUM_TEXTUAL_PROJECT_REFERENCE,112
9385bd28,project_repository,prior_evaluation_or_development_reference,eval60_phase3_d48_aug8_r1024_archive_v1,artifacts/eval60_phase3_d48_aug8_r1024_archive_v1/manifests/SOURCE_FILE_MANIFEST.csv,NOT_ESTABLISHED_FROM_PATH,False,18215650ec259e5d43add943b7f1657ec45b09cc:artifacts/eval60_phase3_d48_aug8_r1024_archive_v1/manifests/SOURCE_FILE_MANIFEST.csv,MEDIUM_TEXTUAL_PROJECT_REFERENCE,19143
93b4f4b3,project_repository,project_task_reference,llm_full_1000_frozen_v1.json,configs/llm_full_1000_frozen_v1.json,NOT_ESTABLISHED_FROM_PATH,True,01215062a544a7275295ec4ab862d290c14f2a09:configs/llm_full_1000_frozen_v1.json,MEDIUM_TEXTUAL_PROJECT_REFERENCE,28
93b581b8,project_repository,prior_evaluation_or_development_reference,llm_program_synthesis_v2_pilot_50_qwen3_8b.json,configs/llm_program_synthesis_v2_pilot_50_qwen3_8b.json,NOT_ESTABLISHED_FROM_PATH,False,01215062a544a7275295ec4ab862d290c14f2a09:configs/llm_program_synthesis_v2_pilot_50_qwen3_8b.json,MEDIUM_TEXTUAL_PROJECT_REFERENCE,280
93c31fbe,project_repository,prior_evaluation_or_development_reference,llm_program_synthesis_v2_pilot_50_qwen3_8b.json,configs/llm_program_synthesis_v2_pilot_50_qwen3_8b.json,NOT_ESTABLISHED_FROM_PATH,False,01215062a544a7275295ec4ab862d290c14f2a09:configs/llm_program_synthesis_v2_pilot_50_qwen3_8b.json,MEDIUM_TEXTUAL_PROJECT_REFERENCE,280
94133066,project_repository,prior_evaluation_or_development_reference,grad_proposal_runtime_intervention,research/grad_proposal_runtime_intervention/preliminary_results/untouched60_manifest.json,NOT_ESTABLISHED_FROM_PATH,True,01215062a544a7275295ec4ab862d290c14f2a09:research/grad_proposal_runtime_intervention/preliminary_results/untouched60_manifest.json,MEDIUM_TEXTUAL_PROJECT_REFERENCE,81
941d9a10,project_repository,project_task_reference,llm_full_1000_frozen_v1.json,configs/llm_full_1000_frozen_v1.json,NOT_ESTABLISHED_FROM_PATH,True,01215062a544a7275295ec4ab862d290c14f2a09:configs/llm_full_1000_frozen_v1.json,MEDIUM_TEXTUAL_PROJECT_REFERENCE,28
94414823,project_repository,project_task_reference,llm_full_1000_frozen_v1.json,configs/llm_full_1000_frozen_v1.json,NOT_ESTABLISHED_FROM_PATH,True,01215062a544a7275295ec4ab862d290c14f2a09:configs/llm_full_1000_frozen_v1.json,MEDIUM_TEXTUAL_PROJECT_REFERENCE,28
9473c6fb,project_repository,project_task_reference,llm_challenge_like_frozen_v1.json,configs/llm_challenge_like_frozen_v1.json,NOT_ESTABLISHED_FROM_PATH,True,01215062a544a7275295ec4ab862d290c14f2a09:configs/llm_challenge_like_frozen_v1.json,MEDIUM_TEXTUAL_PROJECT_REFERENCE,56
94be5b80,project_repository,project_task_reference,llm_full_1000_frozen_v1.json,configs/llm_full_1000_frozen_v1.json,NOT_ESTABLISHED_FROM_PATH,True,01215062a544a7275295ec4ab862d290c14f2a09:configs/llm_full_1000_frozen_v1.json,MEDIUM_TEXTUAL_PROJECT_REFERENCE,28
94f9d214,project_repository,project_task_reference,llm_full_1000_frozen_v1.json,configs/llm_full_1000_frozen_v1.json,NOT_ESTABLISHED_FROM_PATH,True,01215062a544a7275295ec4ab862d290c14f2a09:configs/llm_full_1000_frozen_v1.json,MEDIUM_TEXTUAL_PROJECT_REFERENCE,28
952a094c,project_repository,project_task_reference,llm_full_1000_frozen_v1.json,configs/llm_full_1000_frozen_v1.json,NOT_ESTABLISHED_FROM_PATH,True,01215062a544a7275295ec4ab862d290c14f2a09:configs/llm_full_1000_frozen_v1.json,MEDIUM_TEXTUAL_PROJECT_REFERENCE,56
9565186b,project_repository,project_task_reference,llm_full_1000_frozen_v1.json,configs/llm_full_1000_frozen_v1.json,NOT_ESTABLISHED_FROM_PATH,True,01215062a544a7275295ec4ab862d290c14f2a09:configs/llm_full_1000_frozen_v1.json,MEDIUM_TEXTUAL_PROJECT_REFERENCE,56
95755ff2,project_repository,project_task_reference,llm_full_1000_frozen_v1.json,configs/llm_full_1000_frozen_v1.json,NOT_ESTABLISHED_FROM_PATH,True,01215062a544a7275295ec4ab862d290c14f2a09:configs/llm_full_1000_frozen_v1.json,MEDIUM_TEXTUAL_PROJECT_REFERENCE,28
95990924,project_repository,project_task_reference,llm_full_1000_frozen_v1.json,configs/llm_full_1000_frozen_v1.json,NOT_ESTABLISHED_FROM_PATH,True,01215062a544a7275295ec4ab862d290c14f2a09:configs/llm_full_1000_frozen_v1.json,MEDIUM_TEXTUAL_PROJECT_REFERENCE,28
95a58926,project_repository,project_task_reference,llm_full_1000_frozen_v1.json,configs/llm_full_1000_frozen_v1.json,NOT_ESTABLISHED_FROM_PATH,True,01215062a544a7275295ec4ab862d290c14f2a09:configs/llm_full_1000_frozen_v1.json,MEDIUM_TEXTUAL_PROJECT_REFERENCE,28
963c33f8,project_repository,prior_evaluation_or_development_reference,grad_proposal_runtime_intervention,research/grad_proposal_runtime_intervention/preliminary_results/untouched60_manifest.json,NOT_ESTABLISHED_FROM_PATH,True,01215062a544a7275295ec4ab862d290c14f2a09:research/grad_proposal_runtime_intervention/preliminary_results/untouched60_manifest.json,MEDIUM_TEXTUAL_PROJECT_REFERENCE,81
963e52fc,project_repository,prior_evaluation_or_development_reference,grad_proposal_runtime_intervention,research/grad_proposal_runtime_intervention/preliminary_results/untouched60_manifest.json,NOT_ESTABLISHED_FROM_PATH,True,01215062a544a7275295ec4ab862d290c14f2a09:research/grad_proposal_runtime_intervention/preliminary_results/untouched60_manifest.json,MEDIUM_TEXTUAL_PROJECT_REFERENCE,81
963f59bc,project_repository,project_task_reference,llm_challenge_like_frozen_v1.json,configs/llm_challenge_like_frozen_v1.json,NOT_ESTABLISHED_FROM_PATH,True,01215062a544a7275295ec4ab862d290c14f2a09:configs/llm_challenge_like_frozen_v1.json,MEDIUM_TEXTUAL_PROJECT_REFERENCE,56
96a8c0cd,project_repository,project_task_reference,llm_full_1000_frozen_v1.json,configs/llm_full_1000_frozen_v1.json,NOT_ESTABLISHED_FROM_PATH,True,01215062a544a7275295ec4ab862d290c14f2a09:configs/llm_full_1000_frozen_v1.json,MEDIUM_TEXTUAL_PROJECT_REFERENCE,28
9720b24f,project_repository,project_task_reference,llm_full_1000_frozen_v1.json,configs/llm_full_1000_frozen_v1.json,NOT_ESTABLISHED_FROM_PATH,True,01215062a544a7275295ec4ab862d290c14f2a09:configs/llm_full_1000_frozen_v1.json,MEDIUM_TEXTUAL_PROJECT_REFERENCE,28
97239e3d,project_repository,project_task_reference,llm_full_1000_frozen_v1.json,configs/llm_full_1000_frozen_v1.json,NOT_ESTABLISHED_FROM_PATH,True,01215062a544a7275295ec4ab862d290c14f2a09:configs/llm_full_1000_frozen_v1.json,MEDIUM_TEXTUAL_PROJECT_REFERENCE,28
973e499e,project_repository,prior_evaluation_or_development_reference,ARC2_NATIVE_TTT_AND_STRONG_VERIFIER_V1.json,configs/ARC2_NATIVE_TTT_AND_STRONG_VERIFIER_V1.json,NOT_ESTABLISHED_FROM_PATH,False,01215062a544a7275295ec4ab862d290c14f2a09:configs/ARC2_NATIVE_TTT_AND_STRONG_VERIFIER_V1.json,MEDIUM_TEXTUAL_PROJECT_REFERENCE,84
9772c176,project_repository,project_task_reference,llm_full_1000_frozen_v1.json,configs/llm_full_1000_frozen_v1.json,NOT_ESTABLISHED_FROM_PATH,True,01215062a544a7275295ec4ab862d290c14f2a09:configs/llm_full_1000_frozen_v1.json,MEDIUM_TEXTUAL_PROJECT_REFERENCE,28
97999447,project_repository,project_task_reference,llm_full_1000_frozen_v1.json,configs/llm_full_1000_frozen_v1.json,NOT_ESTABLISHED_FROM_PATH,True,01215062a544a7275295ec4ab862d290c14f2a09:configs/llm_full_1000_frozen_v1.json,MEDIUM_TEXTUAL_PROJECT_REFERENCE,28
97a05b5b,project_repository,project_task_reference,llm_full_1000_frozen_v1.json,configs/llm_full_1000_frozen_v1.json,NOT_ESTABLISHED_FROM_PATH,True,01215062a544a7275295ec4ab862d290c14f2a09:configs/llm_full_1000_frozen_v1.json,MEDIUM_TEXTUAL_PROJECT_REFERENCE,112
97c75046,project_repository,project_task_reference,llm_full_1000_frozen_v1.json,configs/llm_full_1000_frozen_v1.json,NOT_ESTABLISHED_FROM_PATH,True,01215062a544a7275295ec4ab862d290c14f2a09:configs/llm_full_1000_frozen_v1.json,MEDIUM_TEXTUAL_PROJECT_REFERENCE,28
97d7923e,project_repository,project_task_reference,run_regret_fast_v1.py,scripts/run_regret_fast_v1.py,NOT_ESTABLISHED_FROM_PATH,False,18215650ec259e5d43add943b7f1657ec45b09cc:scripts/run_regret_fast_v1.py,MEDIUM_TEXTUAL_PROJECT_REFERENCE,31159
981571dc,project_repository,prior_evaluation_or_development_reference,ADAPTIVE_TTT_DECISION_LOG.md,governance/ADAPTIVE_TTT_DECISION_LOG.md,NOT_ESTABLISHED_FROM_PATH,False,01215062a544a7275295ec4ab862d290c14f2a09:governance/ADAPTIVE_TTT_DECISION_LOG.md,MEDIUM_TEXTUAL_PROJECT_REFERENCE,13912
981add89,project_repository,project_task_reference,llm_full_1000_frozen_v1.json,configs/llm_full_1000_frozen_v1.json,NOT_ESTABLISHED_FROM_PATH,True,01215062a544a7275295ec4ab862d290c14f2a09:configs/llm_full_1000_frozen_v1.json,MEDIUM_TEXTUAL_PROJECT_REFERENCE,28
9841fdad,project_repository,project_task_reference,llm_full_1000_frozen_v1.json,configs/llm_full_1000_frozen_v1.json,NOT_ESTABLISHED_FROM_PATH,True,01215062a544a7275295ec4ab862d290c14f2a09:configs/llm_full_1000_frozen_v1.json,MEDIUM_TEXTUAL_PROJECT_REFERENCE,28
984d8a3e,project_repository,project_task_reference,llm_full_1000_frozen_v1.json,configs/llm_full_1000_frozen_v1.json,NOT_ESTABLISHED_FROM_PATH,True,01215062a544a7275295ec4ab862d290c14f2a09:configs/llm_full_1000_frozen_v1.json,MEDIUM_TEXTUAL_PROJECT_REFERENCE,56
985ae207,project_repository,project_task_reference,llm_full_1000_frozen_v1.json,configs/llm_full_1000_frozen_v1.json,NOT_ESTABLISHED_FROM_PATH,True,01215062a544a7275295ec4ab862d290c14f2a09:configs/llm_full_1000_frozen_v1.json,MEDIUM_TEXTUAL_PROJECT_REFERENCE,140
98c475bf,project_repository,project_task_reference,llm_challenge_like_frozen_v1.json,configs/llm_challenge_like_frozen_v1.json,NOT_ESTABLISHED_FROM_PATH,True,01215062a544a7275295ec4ab862d290c14f2a09:configs/llm_challenge_like_frozen_v1.json,MEDIUM_TEXTUAL_PROJECT_REFERENCE,56
98cf29f8,project_repository,project_task_reference,llm_full_1000_frozen_v1.json,configs/llm_full_1000_frozen_v1.json,NOT_ESTABLISHED_FROM_PATH,True,01215062a544a7275295ec4ab862d290c14f2a09:configs/llm_full_1000_frozen_v1.json,MEDIUM_TEXTUAL_PROJECT_REFERENCE,28
992798f6,project_repository,project_task_reference,llm_challenge_like_frozen_v1.json,configs/llm_challenge_like_frozen_v1.json,NOT_ESTABLISHED_FROM_PATH,True,01215062a544a7275295ec4ab862d290c14f2a09:configs/llm_challenge_like_frozen_v1.json,MEDIUM_TEXTUAL_PROJECT_REFERENCE,56
99306f82,project_repository,project_task_reference,llm_full_1000_frozen_v1.json,configs/llm_full_1000_frozen_v1.json,NOT_ESTABLISHED_FROM_PATH,True,01215062a544a7275295ec4ab862d290c14f2a09:configs/llm_full_1000_frozen_v1.json,MEDIUM_TEXTUAL_PROJECT_REFERENCE,112
995c5fa3,project_repository,project_task_reference,llm_full_1000_frozen_v1.json,configs/llm_full_1000_frozen_v1.json,NOT_ESTABLISHED_FROM_PATH,True,01215062a544a7275295ec4ab862d290c14f2a09:configs/llm_full_1000_frozen_v1.json,MEDIUM_TEXTUAL_PROJECT_REFERENCE,28
9968a131,project_repository,project_task_reference,llm_full_1000_frozen_v1.json,configs/llm_full_1000_frozen_v1.json,NOT_ESTABLISHED_FROM_PATH,True,01215062a544a7275295ec4ab862d290c14f2a09:configs/llm_full_1000_frozen_v1.json,MEDIUM_TEXTUAL_PROJECT_REFERENCE,112
996ec1f3,project_repository,project_task_reference,build_dynamic_b_gpu_smoke_notebook.py,scripts/build_dynamic_b_gpu_smoke_notebook.py,NOT_ESTABLISHED_FROM_PATH,False,01215062a544a7275295ec4ab862d290c14f2a09:scripts/build_dynamic_b_gpu_smoke_notebook.py,MEDIUM_TEXTUAL_PROJECT_REFERENCE,165
99b1bc43,project_repository,project_task_reference,llm_full_1000_frozen_v1.json,configs/llm_full_1000_frozen_v1.json,NOT_ESTABLISHED_FROM_PATH,True,01215062a544a7275295ec4ab862d290c14f2a09:configs/llm_full_1000_frozen_v1.json,MEDIUM_TEXTUAL_PROJECT_REFERENCE,56
99caaf76,project_repository,project_task_reference,llm_full_1000_frozen_v1.json,configs/llm_full_1000_frozen_v1.json,NOT_ESTABLISHED_FROM_PATH,True,01215062a544a7275295ec4ab862d290c14f2a09:configs/llm_full_1000_frozen_v1.json,MEDIUM_TEXTUAL_PROJECT_REFERENCE,56
99fa7670,project_repository,project_task_reference,llm_full_1000_frozen_v1.json,configs/llm_full_1000_frozen_v1.json,NOT_ESTABLISHED_FROM_PATH,True,01215062a544a7275295ec4ab862d290c14f2a09:configs/llm_full_1000_frozen_v1.json,MEDIUM_TEXTUAL_PROJECT_REFERENCE,28
9a4bb226,project_repository,project_task_reference,llm_full_1000_frozen_v1.json,configs/llm_full_1000_frozen_v1.json,NOT_ESTABLISHED_FROM_PATH,True,01215062a544a7275295ec4ab862d290c14f2a09:configs/llm_full_1000_frozen_v1.json,MEDIUM_TEXTUAL_PROJECT_REFERENCE,28
9aaea919,project_repository,project_task_reference,nonblind_development_loo_transfer30_v1,analysis/nonblind_development_loo_transfer30_v1/frozen_run_20260927T112700Z/exposure_audit.json,NOT_ESTABLISHED_FROM_PATH,True,01215062a544a7275295ec4ab862d290c14f2a09:analysis/nonblind_development_loo_transfer30_v1/frozen_run_20260927T112700Z/exposure_audit.json,MEDIUM_TEXTUAL_PROJECT_REFERENCE,43
9aec4887,project_repository,project_task_reference,llm_full_1000_frozen_v1.json,configs/llm_full_1000_frozen_v1.json,NOT_ESTABLISHED_FROM_PATH,True,01215062a544a7275295ec4ab862d290c14f2a09:configs/llm_full_1000_frozen_v1.json,MEDIUM_TEXTUAL_PROJECT_REFERENCE,28
9af7a82c,project_repository,project_task_reference,llm_full_1000_frozen_v1.json,configs/llm_full_1000_frozen_v1.json,NOT_ESTABLISHED_FROM_PATH,True,01215062a544a7275295ec4ab862d290c14f2a09:configs/llm_full_1000_frozen_v1.json,MEDIUM_TEXTUAL_PROJECT_REFERENCE,56
9b2a60aa,project_repository,project_task_reference,llm_full_1000_frozen_v1.json,configs/llm_full_1000_frozen_v1.json,NOT_ESTABLISHED_FROM_PATH,True,01215062a544a7275295ec4ab862d290c14f2a09:configs/llm_full_1000_frozen_v1.json,MEDIUM_TEXTUAL_PROJECT_REFERENCE,28
9b30e358,project_repository,prior_evaluation_or_development_reference,grad_proposal_runtime_intervention,research/grad_proposal_runtime_intervention/preliminary_results/untouched60_manifest.json,NOT_ESTABLISHED_FROM_PATH,True,01215062a544a7275295ec4ab862d290c14f2a09:research/grad_proposal_runtime_intervention/preliminary_results/untouched60_manifest.json,MEDIUM_TEXTUAL_PROJECT_REFERENCE,81
9b365c51,project_repository,project_task_reference,llm_full_1000_frozen_v1.json,configs/llm_full_1000_frozen_v1.json,NOT_ESTABLISHED_FROM_PATH,True,01215062a544a7275295ec4ab862d290c14f2a09:configs/llm_full_1000_frozen_v1.json,MEDIUM_TEXTUAL_PROJECT_REFERENCE,28
9b4c17c4,project_repository,prior_evaluation_or_development_reference,llm_program_synthesis_v2_pilot_50_qwen3_8b.json,configs/llm_program_synthesis_v2_pilot_50_qwen3_8b.json,NOT_ESTABLISHED_FROM_PATH,False,01215062a544a7275295ec4ab862d290c14f2a09:configs/llm_program_synthesis_v2_pilot_50_qwen3_8b.json,MEDIUM_TEXTUAL_PROJECT_REFERENCE,336
9b5080bb,project_repository,project_task_reference,llm_full_1000_frozen_v1.json,configs/llm_full_1000_frozen_v1.json,NOT_ESTABLISHED_FROM_PATH,True,01215062a544a7275295ec4ab862d290c14f2a09:configs/llm_full_1000_frozen_v1.json,MEDIUM_TEXTUAL_PROJECT_REFERENCE,56
9ba4a9aa,project_repository,prior_evaluation_or_development_reference,grad_proposal_runtime_intervention,research/grad_proposal_runtime_intervention/preliminary_results/untouched60_manifest.json,NOT_ESTABLISHED_FROM_PATH,True,01215062a544a7275295ec4ab862d290c14f2a09:research/grad_proposal_runtime_intervention/preliminary_results/untouched60_manifest.json,MEDIUM_TEXTUAL_PROJECT_REFERENCE,81
9bbf930d,project_repository,prior_evaluation_or_development_reference,eval60_phase3_d48_aug8_r1024_archive_v1,artifacts/eval60_phase3_d48_aug8_r1024_archive_v1/manifests/SOURCE_FILE_MANIFEST.csv,NOT_ESTABLISHED_FROM_PATH,False,18215650ec259e5d43add943b7f1657ec45b09cc:artifacts/eval60_phase3_d48_aug8_r1024_archive_v1/manifests/SOURCE_FILE_MANIFEST.csv,MEDIUM_TEXTUAL_PROJECT_REFERENCE,8118
9bebae7a,project_repository,project_task_reference,llm_full_1000_frozen_v1.json,configs/llm_full_1000_frozen_v1.json,NOT_ESTABLISHED_FROM_PATH,True,01215062a544a7275295ec4ab862d290c14f2a09:configs/llm_full_1000_frozen_v1.json,MEDIUM_TEXTUAL_PROJECT_REFERENCE,28
9c1e755f,project_repository,project_task_reference,llm_full_1000_frozen_v1.json,configs/llm_full_1000_frozen_v1.json,NOT_ESTABLISHED_FROM_PATH,True,01215062a544a7275295ec4ab862d290c14f2a09:configs/llm_full_1000_frozen_v1.json,MEDIUM_TEXTUAL_PROJECT_REFERENCE,28
9c56f360,project_repository,prior_evaluation_or_development_reference,grad_proposal_runtime_intervention,research/grad_proposal_runtime_intervention/preliminary_results/untouched60_manifest.json,NOT_ESTABLISHED_FROM_PATH,True,01215062a544a7275295ec4ab862d290c14f2a09:research/grad_proposal_runtime_intervention/preliminary_results/untouched60_manifest.json,MEDIUM_TEXTUAL_PROJECT_REFERENCE,81
9caba7c3,project_repository,project_task_reference,llm_challenge_like_frozen_v1.json,configs/llm_challenge_like_frozen_v1.json,NOT_ESTABLISHED_FROM_PATH,True,01215062a544a7275295ec4ab862d290c14f2a09:configs/llm_challenge_like_frozen_v1.json,MEDIUM_TEXTUAL_PROJECT_REFERENCE,56
9caf5b84,project_repository,project_task_reference,llm_full_1000_frozen_v1.json,configs/llm_full_1000_frozen_v1.json,NOT_ESTABLISHED_FROM_PATH,True,01215062a544a7275295ec4ab862d290c14f2a09:configs/llm_full_1000_frozen_v1.json,MEDIUM_TEXTUAL_PROJECT_REFERENCE,56
9d9215db,project_repository,project_task_reference,llm_full_1000_frozen_v1.json,configs/llm_full_1000_frozen_v1.json,NOT_ESTABLISHED_FROM_PATH,True,01215062a544a7275295ec4ab862d290c14f2a09:configs/llm_full_1000_frozen_v1.json,MEDIUM_TEXTUAL_PROJECT_REFERENCE,56
9ddd00f0,project_repository,project_task_reference,llm_full_1000_frozen_v1.json,configs/llm_full_1000_frozen_v1.json,NOT_ESTABLISHED_FROM_PATH,True,01215062a544a7275295ec4ab862d290c14f2a09:configs/llm_full_1000_frozen_v1.json,MEDIUM_TEXTUAL_PROJECT_REFERENCE,28
9def23fe,project_repository,project_task_reference,llm_full_1000_frozen_v1.json,configs/llm_full_1000_frozen_v1.json,NOT_ESTABLISHED_FROM_PATH,True,01215062a544a7275295ec4ab862d290c14f2a09:configs/llm_full_1000_frozen_v1.json,MEDIUM_TEXTUAL_PROJECT_REFERENCE,28
9dfd6313,project_repository,project_task_reference,experiments.csv,experiments/experiments.csv,NOT_ESTABLISHED_FROM_PATH,False,01215062a544a7275295ec4ab862d290c14f2a09:experiments/experiments.csv,MEDIUM_TEXTUAL_PROJECT_REFERENCE,168
9edfc990,project_repository,project_task_reference,llm_full_1000_frozen_v1.json,configs/llm_full_1000_frozen_v1.json,NOT_ESTABLISHED_FROM_PATH,True,01215062a544a7275295ec4ab862d290c14f2a09:configs/llm_full_1000_frozen_v1.json,MEDIUM_TEXTUAL_PROJECT_REFERENCE,56
9f236235,project_repository,project_task_reference,public_reference_ablation_partial_v32.md,reports/public_reference_ablation_partial_v32.md,NOT_ESTABLISHED_FROM_PATH,False,01215062a544a7275295ec4ab862d290c14f2a09:reports/public_reference_ablation_partial_v32.md,MEDIUM_TEXTUAL_PROJECT_REFERENCE,56
9f27f097,project_repository,project_task_reference,llm_challenge_like_frozen_v1.json,configs/llm_challenge_like_frozen_v1.json,NOT_ESTABLISHED_FROM_PATH,True,01215062a544a7275295ec4ab862d290c14f2a09:configs/llm_challenge_like_frozen_v1.json,MEDIUM_TEXTUAL_PROJECT_REFERENCE,56
9f41bd9c,project_repository,project_task_reference,llm_challenge_like_frozen_v1.json,configs/llm_challenge_like_frozen_v1.json,NOT_ESTABLISHED_FROM_PATH,True,01215062a544a7275295ec4ab862d290c14f2a09:configs/llm_challenge_like_frozen_v1.json,MEDIUM_TEXTUAL_PROJECT_REFERENCE,56
9f5f939b,project_repository,project_task_reference,llm_full_1000_frozen_v1.json,configs/llm_full_1000_frozen_v1.json,NOT_ESTABLISHED_FROM_PATH,True,01215062a544a7275295ec4ab862d290c14f2a09:configs/llm_full_1000_frozen_v1.json,MEDIUM_TEXTUAL_PROJECT_REFERENCE,28
9f669b64,project_repository,prior_evaluation_or_development_reference,grad_proposal_runtime_intervention,research/grad_proposal_runtime_intervention/preliminary_results/untouched60_manifest.json,NOT_ESTABLISHED_FROM_PATH,True,01215062a544a7275295ec4ab862d290c14f2a09:research/grad_proposal_runtime_intervention/preliminary_results/untouched60_manifest.json,MEDIUM_TEXTUAL_PROJECT_REFERENCE,81
9f8de559,project_repository,prior_evaluation_or_development_reference,llm_program_synthesis_v2_pilot_50_qwen3_8b.json,configs/llm_program_synthesis_v2_pilot_50_qwen3_8b.json,NOT_ESTABLISHED_FROM_PATH,False,01215062a544a7275295ec4ab862d290c14f2a09:configs/llm_program_synthesis_v2_pilot_50_qwen3_8b.json,MEDIUM_TEXTUAL_PROJECT_REFERENCE,280
a04b2602,project_repository,project_task_reference,llm_challenge_like_frozen_v1.json,configs/llm_challenge_like_frozen_v1.json,NOT_ESTABLISHED_FROM_PATH,True,01215062a544a7275295ec4ab862d290c14f2a09:configs/llm_challenge_like_frozen_v1.json,MEDIUM_TEXTUAL_PROJECT_REFERENCE,56
a096bf4d,project_repository,project_task_reference,llm_full_1000_frozen_v1.json,configs/llm_full_1000_frozen_v1.json,NOT_ESTABLISHED_FROM_PATH,True,01215062a544a7275295ec4ab862d290c14f2a09:configs/llm_full_1000_frozen_v1.json,MEDIUM_TEXTUAL_PROJECT_REFERENCE,28
a09f6c25,project_repository,project_task_reference,llm_full_1000_frozen_v1.json,configs/llm_full_1000_frozen_v1.json,NOT_ESTABLISHED_FROM_PATH,True,01215062a544a7275295ec4ab862d290c14f2a09:configs/llm_full_1000_frozen_v1.json,MEDIUM_TEXTUAL_PROJECT_REFERENCE,28
a1570a43,project_repository,project_task_reference,llm_challenge_like_frozen_v1.json,configs/llm_challenge_like_frozen_v1.json,NOT_ESTABLISHED_FROM_PATH,True,01215062a544a7275295ec4ab862d290c14f2a09:configs/llm_challenge_like_frozen_v1.json,MEDIUM_TEXTUAL_PROJECT_REFERENCE,56
a1aa0c1e,project_repository,project_task_reference,llm_full_1000_frozen_v1.json,configs/llm_full_1000_frozen_v1.json,NOT_ESTABLISHED_FROM_PATH,True,01215062a544a7275295ec4ab862d290c14f2a09:configs/llm_full_1000_frozen_v1.json,MEDIUM_TEXTUAL_PROJECT_REFERENCE,28
a251c730,project_repository,project_task_reference,nonblind_development_loo_transfer30_v1,analysis/nonblind_development_loo_transfer30_v1/frozen_run_20260927T112700Z/exposure_audit.json,NOT_ESTABLISHED_FROM_PATH,True,01215062a544a7275295ec4ab862d290c14f2a09:analysis/nonblind_development_loo_transfer30_v1/frozen_run_20260927T112700Z/exposure_audit.json,MEDIUM_TEXTUAL_PROJECT_REFERENCE,43
a25697e4,project_repository,project_task_reference,nonblind_development_loo_transfer30_v1,analysis/nonblind_development_loo_transfer30_v1/frozen_run_20260927T112700Z/loo_surface.csv,NOT_ESTABLISHED_FROM_PATH,True,01215062a544a7275295ec4ab862d290c14f2a09:analysis/nonblind_development_loo_transfer30_v1/frozen_run_20260927T112700Z/loo_surface.csv,MEDIUM_TEXTUAL_PROJECT_REFERENCE,3013
a2d730bd,project_repository,project_task_reference,llm_full_1000_frozen_v1.json,configs/llm_full_1000_frozen_v1.json,NOT_ESTABLISHED_FROM_PATH,True,01215062a544a7275295ec4ab862d290c14f2a09:configs/llm_full_1000_frozen_v1.json,MEDIUM_TEXTUAL_PROJECT_REFERENCE,28
a2fd1cf0,project_repository,project_task_reference,llm_full_1000_frozen_v1.json,configs/llm_full_1000_frozen_v1.json,NOT_ESTABLISHED_FROM_PATH,True,01215062a544a7275295ec4ab862d290c14f2a09:configs/llm_full_1000_frozen_v1.json,MEDIUM_TEXTUAL_PROJECT_REFERENCE,28
a32d8b75,project_repository,prior_evaluation_or_development_reference,eval60_phase3_d48_aug8_r1024_archive_v1,artifacts/eval60_phase3_d48_aug8_r1024_archive_v1/manifests/SOURCE_FILE_MANIFEST.csv,NOT_ESTABLISHED_FROM_PATH,False,18215650ec259e5d43add943b7f1657ec45b09cc:artifacts/eval60_phase3_d48_aug8_r1024_archive_v1/manifests/SOURCE_FILE_MANIFEST.csv,MEDIUM_TEXTUAL_PROJECT_REFERENCE,83235
a3325580,project_repository,project_task_reference,llm_full_1000_frozen_v1.json,configs/llm_full_1000_frozen_v1.json,NOT_ESTABLISHED_FROM_PATH,True,01215062a544a7275295ec4ab862d290c14f2a09:configs/llm_full_1000_frozen_v1.json,MEDIUM_TEXTUAL_PROJECT_REFERENCE,28
a395ee82,project_repository,project_task_reference,nonblind_development_loo_transfer30_v1,analysis/nonblind_development_loo_transfer30_v1/frozen_run_20260927T112700Z/exposure_audit.json,NOT_ESTABLISHED_FROM_PATH,True,01215062a544a7275295ec4ab862d290c14f2a09:analysis/nonblind_development_loo_transfer30_v1/frozen_run_20260927T112700Z/exposure_audit.json,MEDIUM_TEXTUAL_PROJECT_REFERENCE,43
a3f84088,project_repository,project_task_reference,llm_full_1000_frozen_v1.json,configs/llm_full_1000_frozen_v1.json,NOT_ESTABLISHED_FROM_PATH,True,01215062a544a7275295ec4ab862d290c14f2a09:configs/llm_full_1000_frozen_v1.json,MEDIUM_TEXTUAL_PROJECT_REFERENCE,56
a406ac07,project_repository,project_task_reference,llm_full_1000_frozen_v1.json,configs/llm_full_1000_frozen_v1.json,NOT_ESTABLISHED_FROM_PATH,True,01215062a544a7275295ec4ab862d290c14f2a09:configs/llm_full_1000_frozen_v1.json,MEDIUM_TEXTUAL_PROJECT_REFERENCE,28
a416b8f3,project_repository,prior_evaluation_or_development_reference,llm_program_synthesis_v2_pilot_50_qwen3_8b.json,configs/llm_program_synthesis_v2_pilot_50_qwen3_8b.json,NOT_ESTABLISHED_FROM_PATH,False,01215062a544a7275295ec4ab862d290c14f2a09:configs/llm_program_synthesis_v2_pilot_50_qwen3_8b.json,MEDIUM_TEXTUAL_PROJECT_REFERENCE,280
a416fc5b,project_repository,project_task_reference,llm_full_1000_frozen_v1.json,configs/llm_full_1000_frozen_v1.json,NOT_ESTABLISHED_FROM_PATH,True,01215062a544a7275295ec4ab862d290c14f2a09:configs/llm_full_1000_frozen_v1.json,MEDIUM_TEXTUAL_PROJECT_REFERENCE,28
a47bf94d,project_repository,project_task_reference,nonblind_development_loo_transfer30_v1,analysis/nonblind_development_loo_transfer30_v1/frozen_run_20260927T112700Z/loo_surface.csv,NOT_ESTABLISHED_FROM_PATH,True,01215062a544a7275295ec4ab862d290c14f2a09:analysis/nonblind_development_loo_transfer30_v1/frozen_run_20260927T112700Z/loo_surface.csv,MEDIUM_TEXTUAL_PROJECT_REFERENCE,23589
a48eeaf7,project_repository,project_task_reference,llm_full_1000_frozen_v1.json,configs/llm_full_1000_frozen_v1.json,NOT_ESTABLISHED_FROM_PATH,True,01215062a544a7275295ec4ab862d290c14f2a09:configs/llm_full_1000_frozen_v1.json,MEDIUM_TEXTUAL_PROJECT_REFERENCE,112
a5313dff,project_repository,prior_evaluation_or_development_reference,llm_program_synthesis_v2_pilot_50_qwen3_8b.json,configs/llm_program_synthesis_v2_pilot_50_qwen3_8b.json,NOT_ESTABLISHED_FROM_PATH,False,01215062a544a7275295ec4ab862d290c14f2a09:configs/llm_program_synthesis_v2_pilot_50_qwen3_8b.json,MEDIUM_TEXTUAL_PROJECT_REFERENCE,588
a57f2f04,project_repository,prior_evaluation_or_development_reference,ARC2_NATIVE_RANKER_DIAGNOSIS_AND_REPAIR_V1.json,configs/ARC2_NATIVE_RANKER_DIAGNOSIS_AND_REPAIR_V1.json,NOT_ESTABLISHED_FROM_PATH,False,01215062a544a7275295ec4ab862d290c14f2a09:configs/ARC2_NATIVE_RANKER_DIAGNOSIS_AND_REPAIR_V1.json,MEDIUM_TEXTUAL_PROJECT_REFERENCE,84
a59b95c0,project_repository,project_task_reference,llm_full_1000_frozen_v1.json,configs/llm_full_1000_frozen_v1.json,NOT_ESTABLISHED_FROM_PATH,True,01215062a544a7275295ec4ab862d290c14f2a09:configs/llm_full_1000_frozen_v1.json,MEDIUM_TEXTUAL_PROJECT_REFERENCE,28
a5f85a15,project_repository,project_task_reference,llm_full_1000_frozen_v1.json,configs/llm_full_1000_frozen_v1.json,NOT_ESTABLISHED_FROM_PATH,True,01215062a544a7275295ec4ab862d290c14f2a09:configs/llm_full_1000_frozen_v1.json,MEDIUM_TEXTUAL_PROJECT_REFERENCE,28
a61ba2ce,project_repository,prior_evaluation_or_development_reference,grad_proposal_runtime_intervention,research/grad_proposal_runtime_intervention/preliminary_results/untouched60_manifest.json,NOT_ESTABLISHED_FROM_PATH,True,01215062a544a7275295ec4ab862d290c14f2a09:research/grad_proposal_runtime_intervention/preliminary_results/untouched60_manifest.json,MEDIUM_TEXTUAL_PROJECT_REFERENCE,81
a61f2674,project_repository,prior_evaluation_or_development_reference,grad_proposal_runtime_intervention,research/grad_proposal_runtime_intervention/preliminary_results/untouched60_manifest.json,NOT_ESTABLISHED_FROM_PATH,True,01215062a544a7275295ec4ab862d290c14f2a09:research/grad_proposal_runtime_intervention/preliminary_results/untouched60_manifest.json,MEDIUM_TEXTUAL_PROJECT_REFERENCE,81
a644e277,project_repository,project_task_reference,llm_full_1000_frozen_v1.json,configs/llm_full_1000_frozen_v1.json,NOT_ESTABLISHED_FROM_PATH,True,01215062a544a7275295ec4ab862d290c14f2a09:configs/llm_full_1000_frozen_v1.json,MEDIUM_TEXTUAL_PROJECT_REFERENCE,56
a64e4611,project_repository,prior_evaluation_or_development_reference,ARC2_NATIVE_TTT_AND_STRONG_VERIFIER_V1.json,configs/ARC2_NATIVE_TTT_AND_STRONG_VERIFIER_V1.json,NOT_ESTABLISHED_FROM_PATH,False,01215062a544a7275295ec4ab862d290c14f2a09:configs/ARC2_NATIVE_TTT_AND_STRONG_VERIFIER_V1.json,MEDIUM_TEXTUAL_PROJECT_REFERENCE,168
a65b410d,project_repository,prior_evaluation_or_development_reference,llm_program_synthesis_v2_pilot_50_qwen3_8b.json,configs/llm_program_synthesis_v2_pilot_50_qwen3_8b.json,NOT_ESTABLISHED_FROM_PATH,False,01215062a544a7275295ec4ab862d290c14f2a09:configs/llm_program_synthesis_v2_pilot_50_qwen3_8b.json,MEDIUM_TEXTUAL_PROJECT_REFERENCE,280
a680ac02,project_repository,project_task_reference,llm_full_1000_frozen_v1.json,configs/llm_full_1000_frozen_v1.json,NOT_ESTABLISHED_FROM_PATH,True,01215062a544a7275295ec4ab862d290c14f2a09:configs/llm_full_1000_frozen_v1.json,MEDIUM_TEXTUAL_PROJECT_REFERENCE,28
a68b268e,project_repository,prior_evaluation_or_development_reference,llm_program_synthesis_v2_pilot_50_qwen3_8b.json,configs/llm_program_synthesis_v2_pilot_50_qwen3_8b.json,NOT_ESTABLISHED_FROM_PATH,False,01215062a544a7275295ec4ab862d290c14f2a09:configs/llm_program_synthesis_v2_pilot_50_qwen3_8b.json,MEDIUM_TEXTUAL_PROJECT_REFERENCE,280
a6953f00,project_repository,project_task_reference,public_reference_ablation_partial_v32.md,reports/public_reference_ablation_partial_v32.md,NOT_ESTABLISHED_FROM_PATH,False,01215062a544a7275295ec4ab862d290c14f2a09:reports/public_reference_ablation_partial_v32.md,MEDIUM_TEXTUAL_PROJECT_REFERENCE,56
a699fb00,project_repository,project_task_reference,llm_full_1000_frozen_v1.json,configs/llm_full_1000_frozen_v1.json,NOT_ESTABLISHED_FROM_PATH,True,01215062a544a7275295ec4ab862d290c14f2a09:configs/llm_full_1000_frozen_v1.json,MEDIUM_TEXTUAL_PROJECT_REFERENCE,28
a6f40cea,project_repository,project_task_reference,nonblind_development_loo_transfer30_v1,analysis/nonblind_development_loo_transfer30_v1/frozen_run_20260927T112700Z/exposure_audit.json,NOT_ESTABLISHED_FROM_PATH,True,01215062a544a7275295ec4ab862d290c14f2a09:analysis/nonblind_development_loo_transfer30_v1/frozen_run_20260927T112700Z/exposure_audit.json,MEDIUM_TEXTUAL_PROJECT_REFERENCE,43
a740d043,project_repository,project_task_reference,llm_full_1000_frozen_v1.json,configs/llm_full_1000_frozen_v1.json,NOT_ESTABLISHED_FROM_PATH,True,01215062a544a7275295ec4ab862d290c14f2a09:configs/llm_full_1000_frozen_v1.json,MEDIUM_TEXTUAL_PROJECT_REFERENCE,56
a78176bb,project_repository,prior_evaluation_or_development_reference,ARC2_NATIVE_RANKER_DIAGNOSIS_AND_REPAIR_V1.json,configs/ARC2_NATIVE_RANKER_DIAGNOSIS_AND_REPAIR_V1.json,NOT_ESTABLISHED_FROM_PATH,False,01215062a544a7275295ec4ab862d290c14f2a09:configs/ARC2_NATIVE_RANKER_DIAGNOSIS_AND_REPAIR_V1.json,MEDIUM_TEXTUAL_PROJECT_REFERENCE,84
a79310a0,project_repository,project_task_reference,llm_full_1000_frozen_v1.json,configs/llm_full_1000_frozen_v1.json,NOT_ESTABLISHED_FROM_PATH,True,01215062a544a7275295ec4ab862d290c14f2a09:configs/llm_full_1000_frozen_v1.json,MEDIUM_TEXTUAL_PROJECT_REFERENCE,112
a834deea,project_repository,project_task_reference,llm_challenge_like_frozen_v1.json,configs/llm_challenge_like_frozen_v1.json,NOT_ESTABLISHED_FROM_PATH,True,01215062a544a7275295ec4ab862d290c14f2a09:configs/llm_challenge_like_frozen_v1.json,MEDIUM_TEXTUAL_PROJECT_REFERENCE,56
a85d4709,project_repository,prior_evaluation_or_development_reference,ARC2_NATIVE_RANKER_DIAGNOSIS_AND_REPAIR_V1.json,configs/ARC2_NATIVE_RANKER_DIAGNOSIS_AND_REPAIR_V1.json,NOT_ESTABLISHED_FROM_PATH,False,01215062a544a7275295ec4ab862d290c14f2a09:configs/ARC2_NATIVE_RANKER_DIAGNOSIS_AND_REPAIR_V1.json,MEDIUM_TEXTUAL_PROJECT_REFERENCE,84
a8610ef7,project_repository,project_task_reference,llm_full_1000_frozen_v1.json,configs/llm_full_1000_frozen_v1.json,NOT_ESTABLISHED_FROM_PATH,True,01215062a544a7275295ec4ab862d290c14f2a09:configs/llm_full_1000_frozen_v1.json,MEDIUM_TEXTUAL_PROJECT_REFERENCE,28
a87f7484,project_repository,prior_evaluation_or_development_reference,llm_program_synthesis_v2_pilot_50_qwen3_8b.json,configs/llm_program_synthesis_v2_pilot_50_qwen3_8b.json,NOT_ESTABLISHED_FROM_PATH,False,01215062a544a7275295ec4ab862d290c14f2a09:configs/llm_program_synthesis_v2_pilot_50_qwen3_8b.json,MEDIUM_TEXTUAL_PROJECT_REFERENCE,280
a8c38be5,project_repository,project_task_reference,llm_full_1000_frozen_v1.json,configs/llm_full_1000_frozen_v1.json,NOT_ESTABLISHED_FROM_PATH,True,01215062a544a7275295ec4ab862d290c14f2a09:configs/llm_full_1000_frozen_v1.json,MEDIUM_TEXTUAL_PROJECT_REFERENCE,28
a8d7556c,project_repository,project_task_reference,llm_challenge_like_frozen_v1.json,configs/llm_challenge_like_frozen_v1.json,NOT_ESTABLISHED_FROM_PATH,True,01215062a544a7275295ec4ab862d290c14f2a09:configs/llm_challenge_like_frozen_v1.json,MEDIUM_TEXTUAL_PROJECT_REFERENCE,56
a934301b,project_repository,project_task_reference,llm_challenge_like_frozen_v1.json,configs/llm_challenge_like_frozen_v1.json,NOT_ESTABLISHED_FROM_PATH,True,01215062a544a7275295ec4ab862d290c14f2a09:configs/llm_challenge_like_frozen_v1.json,MEDIUM_TEXTUAL_PROJECT_REFERENCE,56
a9f96cdd,project_repository,project_task_reference,llm_full_1000_frozen_v1.json,configs/llm_full_1000_frozen_v1.json,NOT_ESTABLISHED_FROM_PATH,True,01215062a544a7275295ec4ab862d290c14f2a09:configs/llm_full_1000_frozen_v1.json,MEDIUM_TEXTUAL_PROJECT_REFERENCE,28
aa18de87,project_repository,project_task_reference,llm_full_1000_frozen_v1.json,configs/llm_full_1000_frozen_v1.json,NOT_ESTABLISHED_FROM_PATH,True,01215062a544a7275295ec4ab862d290c14f2a09:configs/llm_full_1000_frozen_v1.json,MEDIUM_TEXTUAL_PROJECT_REFERENCE,56
aa300dc3,project_repository,project_task_reference,llm_full_1000_frozen_v1.json,configs/llm_full_1000_frozen_v1.json,NOT_ESTABLISHED_FROM_PATH,True,01215062a544a7275295ec4ab862d290c14f2a09:configs/llm_full_1000_frozen_v1.json,MEDIUM_TEXTUAL_PROJECT_REFERENCE,28
aa4ec2a5,project_repository,prior_evaluation_or_development_reference,eval60_phase3_d48_aug8_r1024_archive_v1,artifacts/eval60_phase3_d48_aug8_r1024_archive_v1/manifests/SOURCE_FILE_MANIFEST.csv,NOT_ESTABLISHED_FROM_PATH,False,18215650ec259e5d43add943b7f1657ec45b09cc:artifacts/eval60_phase3_d48_aug8_r1024_archive_v1/manifests/SOURCE_FILE_MANIFEST.csv,MEDIUM_TEXTUAL_PROJECT_REFERENCE,10916
aa62e3f4,project_repository,project_task_reference,llm_full_1000_frozen_v1.json,configs/llm_full_1000_frozen_v1.json,NOT_ESTABLISHED_FROM_PATH,True,01215062a544a7275295ec4ab862d290c14f2a09:configs/llm_full_1000_frozen_v1.json,MEDIUM_TEXTUAL_PROJECT_REFERENCE,112
aab50785,project_repository,project_task_reference,llm_full_1000_frozen_v1.json,configs/llm_full_1000_frozen_v1.json,NOT_ESTABLISHED_FROM_PATH,True,01215062a544a7275295ec4ab862d290c14f2a09:configs/llm_full_1000_frozen_v1.json,MEDIUM_TEXTUAL_PROJECT_REFERENCE,56
aabf363d,project_repository,project_task_reference,llm_full_1000_frozen_v1.json,configs/llm_full_1000_frozen_v1.json,NOT_ESTABLISHED_FROM_PATH,True,01215062a544a7275295ec4ab862d290c14f2a09:configs/llm_full_1000_frozen_v1.json,MEDIUM_TEXTUAL_PROJECT_REFERENCE,140
aaecdb9a,project_repository,project_task_reference,llm_full_1000_frozen_v1.json,configs/llm_full_1000_frozen_v1.json,NOT_ESTABLISHED_FROM_PATH,True,01215062a544a7275295ec4ab862d290c14f2a09:configs/llm_full_1000_frozen_v1.json,MEDIUM_TEXTUAL_PROJECT_REFERENCE,112
aaef0977,project_repository,project_task_reference,llm_full_1000_frozen_v1.json,configs/llm_full_1000_frozen_v1.json,NOT_ESTABLISHED_FROM_PATH,True,01215062a544a7275295ec4ab862d290c14f2a09:configs/llm_full_1000_frozen_v1.json,MEDIUM_TEXTUAL_PROJECT_REFERENCE,168
aba27056,project_repository,project_task_reference,llm_full_1000_frozen_v1.json,configs/llm_full_1000_frozen_v1.json,NOT_ESTABLISHED_FROM_PATH,True,01215062a544a7275295ec4ab862d290c14f2a09:configs/llm_full_1000_frozen_v1.json,MEDIUM_TEXTUAL_PROJECT_REFERENCE,56
abbfd121,project_repository,project_task_reference,llm_challenge_like_frozen_v1.json,configs/llm_challenge_like_frozen_v1.json,NOT_ESTABLISHED_FROM_PATH,True,01215062a544a7275295ec4ab862d290c14f2a09:configs/llm_challenge_like_frozen_v1.json,MEDIUM_TEXTUAL_PROJECT_REFERENCE,56
abc82100,project_repository,project_task_reference,nonblind_development_loo_transfer30_v1,analysis/nonblind_development_loo_transfer30_v1/frozen_run_20260927T112700Z/exposure_audit.json,NOT_ESTABLISHED_FROM_PATH,True,01215062a544a7275295ec4ab862d290c14f2a09:analysis/nonblind_development_loo_transfer30_v1/frozen_run_20260927T112700Z/exposure_audit.json,MEDIUM_TEXTUAL_PROJECT_REFERENCE,43
ac0a08a4,project_repository,project_task_reference,llm_full_1000_frozen_v1.json,configs/llm_full_1000_frozen_v1.json,NOT_ESTABLISHED_FROM_PATH,True,01215062a544a7275295ec4ab862d290c14f2a09:configs/llm_full_1000_frozen_v1.json,MEDIUM_TEXTUAL_PROJECT_REFERENCE,28
ac0c2ac3,project_repository,project_task_reference,llm_full_1000_frozen_v1.json,configs/llm_full_1000_frozen_v1.json,NOT_ESTABLISHED_FROM_PATH,True,01215062a544a7275295ec4ab862d290c14f2a09:configs/llm_full_1000_frozen_v1.json,MEDIUM_TEXTUAL_PROJECT_REFERENCE,28
ac0c5833,project_repository,project_task_reference,llm_challenge_like_frozen_v1.json,configs/llm_challenge_like_frozen_v1.json,NOT_ESTABLISHED_FROM_PATH,True,01215062a544a7275295ec4ab862d290c14f2a09:configs/llm_challenge_like_frozen_v1.json,MEDIUM_TEXTUAL_PROJECT_REFERENCE,56
ac2e8ecf,project_repository,project_task_reference,llm_full_1000_frozen_v1.json,configs/llm_full_1000_frozen_v1.json,NOT_ESTABLISHED_FROM_PATH,True,01215062a544a7275295ec4ab862d290c14f2a09:configs/llm_full_1000_frozen_v1.json,MEDIUM_TEXTUAL_PROJECT_REFERENCE,28
ac3e2b04,project_repository,project_task_reference,llm_full_1000_frozen_v1.json,configs/llm_full_1000_frozen_v1.json,NOT_ESTABLISHED_FROM_PATH,True,01215062a544a7275295ec4ab862d290c14f2a09:configs/llm_full_1000_frozen_v1.json,MEDIUM_TEXTUAL_PROJECT_REFERENCE,56
ac605cbb,project_repository,project_task_reference,llm_full_1000_frozen_v1.json,configs/llm_full_1000_frozen_v1.json,NOT_ESTABLISHED_FROM_PATH,True,01215062a544a7275295ec4ab862d290c14f2a09:configs/llm_full_1000_frozen_v1.json,MEDIUM_TEXTUAL_PROJECT_REFERENCE,28
ac6f9922,project_repository,project_task_reference,llm_full_1000_frozen_v1.json,configs/llm_full_1000_frozen_v1.json,NOT_ESTABLISHED_FROM_PATH,True,01215062a544a7275295ec4ab862d290c14f2a09:configs/llm_full_1000_frozen_v1.json,MEDIUM_TEXTUAL_PROJECT_REFERENCE,28
ad173014,project_repository,project_task_reference,llm_full_1000_frozen_v1.json,configs/llm_full_1000_frozen_v1.json,NOT_ESTABLISHED_FROM_PATH,True,01215062a544a7275295ec4ab862d290c14f2a09:configs/llm_full_1000_frozen_v1.json,MEDIUM_TEXTUAL_PROJECT_REFERENCE,84
ad38a9d0,project_repository,project_task_reference,llm_full_1000_frozen_v1.json,configs/llm_full_1000_frozen_v1.json,NOT_ESTABLISHED_FROM_PATH,True,01215062a544a7275295ec4ab862d290c14f2a09:configs/llm_full_1000_frozen_v1.json,MEDIUM_TEXTUAL_PROJECT_REFERENCE,56
ad3b40cf,project_repository,project_task_reference,llm_full_1000_frozen_v1.json,configs/llm_full_1000_frozen_v1.json,NOT_ESTABLISHED_FROM_PATH,True,01215062a544a7275295ec4ab862d290c14f2a09:configs/llm_full_1000_frozen_v1.json,MEDIUM_TEXTUAL_PROJECT_REFERENCE,56
ad7e01d0,project_repository,project_task_reference,llm_full_1000_frozen_v1.json,configs/llm_full_1000_frozen_v1.json,NOT_ESTABLISHED_FROM_PATH,True,01215062a544a7275295ec4ab862d290c14f2a09:configs/llm_full_1000_frozen_v1.json,MEDIUM_TEXTUAL_PROJECT_REFERENCE,56
ae3edfdc,project_repository,project_task_reference,llm_full_1000_frozen_v1.json,configs/llm_full_1000_frozen_v1.json,NOT_ESTABLISHED_FROM_PATH,True,01215062a544a7275295ec4ab862d290c14f2a09:configs/llm_full_1000_frozen_v1.json,MEDIUM_TEXTUAL_PROJECT_REFERENCE,56
ae4f1146,project_repository,project_task_reference,llm_full_1000_frozen_v1.json,configs/llm_full_1000_frozen_v1.json,NOT_ESTABLISHED_FROM_PATH,True,01215062a544a7275295ec4ab862d290c14f2a09:configs/llm_full_1000_frozen_v1.json,MEDIUM_TEXTUAL_PROJECT_REFERENCE,28
ae58858e,project_repository,project_task_reference,llm_challenge_like_frozen_v1.json,configs/llm_challenge_like_frozen_v1.json,NOT_ESTABLISHED_FROM_PATH,True,01215062a544a7275295ec4ab862d290c14f2a09:configs/llm_challenge_like_frozen_v1.json,MEDIUM_TEXTUAL_PROJECT_REFERENCE,56
aedd82e4,project_repository,project_task_reference,llm_full_1000_frozen_v1.json,configs/llm_full_1000_frozen_v1.json,NOT_ESTABLISHED_FROM_PATH,True,01215062a544a7275295ec4ab862d290c14f2a09:configs/llm_full_1000_frozen_v1.json,MEDIUM_TEXTUAL_PROJECT_REFERENCE,28
aee291af,project_repository,project_task_reference,llm_full_1000_frozen_v1.json,configs/llm_full_1000_frozen_v1.json,NOT_ESTABLISHED_FROM_PATH,True,01215062a544a7275295ec4ab862d290c14f2a09:configs/llm_full_1000_frozen_v1.json,MEDIUM_TEXTUAL_PROJECT_REFERENCE,28
af24b4cc,project_repository,project_task_reference,llm_full_1000_frozen_v1.json,configs/llm_full_1000_frozen_v1.json,NOT_ESTABLISHED_FROM_PATH,True,01215062a544a7275295ec4ab862d290c14f2a09:configs/llm_full_1000_frozen_v1.json,MEDIUM_TEXTUAL_PROJECT_REFERENCE,140
af726779,project_repository,project_task_reference,llm_challenge_like_frozen_v1.json,configs/llm_challenge_like_frozen_v1.json,NOT_ESTABLISHED_FROM_PATH,True,01215062a544a7275295ec4ab862d290c14f2a09:configs/llm_challenge_like_frozen_v1.json,MEDIUM_TEXTUAL_PROJECT_REFERENCE,56
af902bf9,project_repository,project_task_reference,llm_full_1000_frozen_v1.json,configs/llm_full_1000_frozen_v1.json,NOT_ESTABLISHED_FROM_PATH,True,01215062a544a7275295ec4ab862d290c14f2a09:configs/llm_full_1000_frozen_v1.json,MEDIUM_TEXTUAL_PROJECT_REFERENCE,56
afe3afe9,project_repository,project_task_reference,llm_full_1000_frozen_v1.json,configs/llm_full_1000_frozen_v1.json,NOT_ESTABLISHED_FROM_PATH,True,01215062a544a7275295ec4ab862d290c14f2a09:configs/llm_full_1000_frozen_v1.json,MEDIUM_TEXTUAL_PROJECT_REFERENCE,28
b0039139,project_repository,project_task_reference,nonblind_development_loo_transfer30_v1,analysis/nonblind_development_loo_transfer30_v1/frozen_run_20260927T112700Z/loo_surface.csv,NOT_ESTABLISHED_FROM_PATH,True,01215062a544a7275295ec4ab862d290c14f2a09:analysis/nonblind_development_loo_transfer30_v1/frozen_run_20260927T112700Z/loo_surface.csv,MEDIUM_TEXTUAL_PROJECT_REFERENCE,3658
b0722778,project_repository,project_task_reference,llm_full_1000_frozen_v1.json,configs/llm_full_1000_frozen_v1.json,NOT_ESTABLISHED_FROM_PATH,True,01215062a544a7275295ec4ab862d290c14f2a09:configs/llm_full_1000_frozen_v1.json,MEDIUM_TEXTUAL_PROJECT_REFERENCE,112
b0c4d837,project_repository,prior_evaluation_or_development_reference,grad_proposal_runtime_intervention,research/grad_proposal_runtime_intervention/preliminary_results/untouched60_manifest.json,NOT_ESTABLISHED_FROM_PATH,True,01215062a544a7275295ec4ab862d290c14f2a09:research/grad_proposal_runtime_intervention/preliminary_results/untouched60_manifest.json,MEDIUM_TEXTUAL_PROJECT_REFERENCE,81
b0f4d537,project_repository,project_task_reference,llm_full_1000_frozen_v1.json,configs/llm_full_1000_frozen_v1.json,NOT_ESTABLISHED_FROM_PATH,True,01215062a544a7275295ec4ab862d290c14f2a09:configs/llm_full_1000_frozen_v1.json,MEDIUM_TEXTUAL_PROJECT_REFERENCE,28
b10624e5,project_repository,project_task_reference,nonblind_development_loo_transfer30_v1,analysis/nonblind_development_loo_transfer30_v1/frozen_run_20260927T112700Z/exposure_audit.json,NOT_ESTABLISHED_FROM_PATH,True,01215062a544a7275295ec4ab862d290c14f2a09:analysis/nonblind_development_loo_transfer30_v1/frozen_run_20260927T112700Z/exposure_audit.json,MEDIUM_TEXTUAL_PROJECT_REFERENCE,43
b15fca0b,project_repository,project_task_reference,llm_challenge_like_frozen_v1.json,configs/llm_challenge_like_frozen_v1.json,NOT_ESTABLISHED_FROM_PATH,True,01215062a544a7275295ec4ab862d290c14f2a09:configs/llm_challenge_like_frozen_v1.json,MEDIUM_TEXTUAL_PROJECT_REFERENCE,56
b190f7f5,project_repository,project_task_reference,llm_full_1000_frozen_v1.json,configs/llm_full_1000_frozen_v1.json,NOT_ESTABLISHED_FROM_PATH,True,01215062a544a7275295ec4ab862d290c14f2a09:configs/llm_full_1000_frozen_v1.json,MEDIUM_TEXTUAL_PROJECT_REFERENCE,28
b1948b0a,project_repository,prior_evaluation_or_development_reference,ARC2_NATIVE_RANKER_DIAGNOSIS_AND_REPAIR_V1.json,configs/ARC2_NATIVE_RANKER_DIAGNOSIS_AND_REPAIR_V1.json,NOT_ESTABLISHED_FROM_PATH,False,01215062a544a7275295ec4ab862d290c14f2a09:configs/ARC2_NATIVE_RANKER_DIAGNOSIS_AND_REPAIR_V1.json,MEDIUM_TEXTUAL_PROJECT_REFERENCE,196
b1986d4b,project_repository,project_task_reference,llm_full_1000_frozen_v1.json,configs/llm_full_1000_frozen_v1.json,NOT_ESTABLISHED_FROM_PATH,True,01215062a544a7275295ec4ab862d290c14f2a09:configs/llm_full_1000_frozen_v1.json,MEDIUM_TEXTUAL_PROJECT_REFERENCE,28
b1fc8b8e,project_repository,project_task_reference,llm_full_1000_frozen_v1.json,configs/llm_full_1000_frozen_v1.json,NOT_ESTABLISHED_FROM_PATH,True,01215062a544a7275295ec4ab862d290c14f2a09:configs/llm_full_1000_frozen_v1.json,MEDIUM_TEXTUAL_PROJECT_REFERENCE,28
b20f7c8b,project_repository,project_task_reference,llm_full_1000_frozen_v1.json,configs/llm_full_1000_frozen_v1.json,NOT_ESTABLISHED_FROM_PATH,True,01215062a544a7275295ec4ab862d290c14f2a09:configs/llm_full_1000_frozen_v1.json,MEDIUM_TEXTUAL_PROJECT_REFERENCE,56
b230c067,project_repository,project_task_reference,llm_full_1000_frozen_v1.json,configs/llm_full_1000_frozen_v1.json,NOT_ESTABLISHED_FROM_PATH,True,01215062a544a7275295ec4ab862d290c14f2a09:configs/llm_full_1000_frozen_v1.json,MEDIUM_TEXTUAL_PROJECT_REFERENCE,28
b25e450b,project_repository,prior_evaluation_or_development_reference,llm_program_synthesis_v2_pilot_50_qwen3_8b.json,configs/llm_program_synthesis_v2_pilot_50_qwen3_8b.json,NOT_ESTABLISHED_FROM_PATH,False,01215062a544a7275295ec4ab862d290c14f2a09:configs/llm_program_synthesis_v2_pilot_50_qwen3_8b.json,MEDIUM_TEXTUAL_PROJECT_REFERENCE,280
b27ca6d3,project_repository,project_task_reference,llm_full_1000_frozen_v1.json,configs/llm_full_1000_frozen_v1.json,NOT_ESTABLISHED_FROM_PATH,True,01215062a544a7275295ec4ab862d290c14f2a09:configs/llm_full_1000_frozen_v1.json,MEDIUM_TEXTUAL_PROJECT_REFERENCE,56
b2862040,project_repository,project_task_reference,llm_full_1000_frozen_v1.json,configs/llm_full_1000_frozen_v1.json,NOT_ESTABLISHED_FROM_PATH,True,01215062a544a7275295ec4ab862d290c14f2a09:configs/llm_full_1000_frozen_v1.json,MEDIUM_TEXTUAL_PROJECT_REFERENCE,28
b2bc3ffd,project_repository,project_task_reference,llm_full_1000_frozen_v1.json,configs/llm_full_1000_frozen_v1.json,NOT_ESTABLISHED_FROM_PATH,True,01215062a544a7275295ec4ab862d290c14f2a09:configs/llm_full_1000_frozen_v1.json,MEDIUM_TEXTUAL_PROJECT_REFERENCE,28
b457fec5,project_repository,project_task_reference,llm_challenge_like_frozen_v1.json,configs/llm_challenge_like_frozen_v1.json,NOT_ESTABLISHED_FROM_PATH,True,01215062a544a7275295ec4ab862d290c14f2a09:configs/llm_challenge_like_frozen_v1.json,MEDIUM_TEXTUAL_PROJECT_REFERENCE,56
b4a43f3b,project_repository,project_task_reference,llm_full_1000_frozen_v1.json,configs/llm_full_1000_frozen_v1.json,NOT_ESTABLISHED_FROM_PATH,True,01215062a544a7275295ec4ab862d290c14f2a09:configs/llm_full_1000_frozen_v1.json,MEDIUM_TEXTUAL_PROJECT_REFERENCE,28
b527c5c6,project_repository,project_task_reference,llm_full_1000_frozen_v1.json,configs/llm_full_1000_frozen_v1.json,NOT_ESTABLISHED_FROM_PATH,True,01215062a544a7275295ec4ab862d290c14f2a09:configs/llm_full_1000_frozen_v1.json,MEDIUM_TEXTUAL_PROJECT_REFERENCE,28
b548a754,project_repository,project_task_reference,llm_full_1000_frozen_v1.json,configs/llm_full_1000_frozen_v1.json,NOT_ESTABLISHED_FROM_PATH,True,01215062a544a7275295ec4ab862d290c14f2a09:configs/llm_full_1000_frozen_v1.json,MEDIUM_TEXTUAL_PROJECT_REFERENCE,56
b5bb5719,project_repository,prior_evaluation_or_development_reference,ARC2_NATIVE_TTT_AND_STRONG_VERIFIER_V1.json,configs/ARC2_NATIVE_TTT_AND_STRONG_VERIFIER_V1.json,NOT_ESTABLISHED_FROM_PATH,False,01215062a544a7275295ec4ab862d290c14f2a09:configs/ARC2_NATIVE_TTT_AND_STRONG_VERIFIER_V1.json,MEDIUM_TEXTUAL_PROJECT_REFERENCE,84
b5ca7ac4,project_repository,prior_evaluation_or_development_reference,adaptive_ttt_step1_depth_view_confidence_v1,artifacts/adaptive_ttt_step1_depth_view_confidence_v1/checkpoints/cells/b5ca7ac4/depth-12-rot180.json,NOT_ESTABLISHED_FROM_PATH,False,01215062a544a7275295ec4ab862d290c14f2a09:artifacts/adaptive_ttt_step1_depth_view_confidence_v1/checkpoints/cells/b5ca7ac4/depth-12-rot180.json,MEDIUM_TEXTUAL_PROJECT_REFERENCE,19355
b60334d2,project_repository,project_task_reference,llm_full_1000_frozen_v1.json,configs/llm_full_1000_frozen_v1.json,NOT_ESTABLISHED_FROM_PATH,True,01215062a544a7275295ec4ab862d290c14f2a09:configs/llm_full_1000_frozen_v1.json,MEDIUM_TEXTUAL_PROJECT_REFERENCE,28
b6afb2da,project_repository,project_task_reference,llm_challenge_like_frozen_v1.json,configs/llm_challenge_like_frozen_v1.json,NOT_ESTABLISHED_FROM_PATH,True,01215062a544a7275295ec4ab862d290c14f2a09:configs/llm_challenge_like_frozen_v1.json,MEDIUM_TEXTUAL_PROJECT_REFERENCE,56
b6f77b65,project_repository,prior_evaluation_or_development_reference,eval60_phase3_d48_aug8_r1024_archive_v1,artifacts/eval60_phase3_d48_aug8_r1024_archive_v1/manifests/SOURCE_FILE_MANIFEST.csv,NOT_ESTABLISHED_FROM_PATH,False,18215650ec259e5d43add943b7f1657ec45b09cc:artifacts/eval60_phase3_d48_aug8_r1024_archive_v1/manifests/SOURCE_FILE_MANIFEST.csv,MEDIUM_TEXTUAL_PROJECT_REFERENCE,70052
b71a7747,project_repository,project_task_reference,public_reference_ablation_partial_v32.md,reports/public_reference_ablation_partial_v32.md,NOT_ESTABLISHED_FROM_PATH,False,01215062a544a7275295ec4ab862d290c14f2a09:reports/public_reference_ablation_partial_v32.md,MEDIUM_TEXTUAL_PROJECT_REFERENCE,56
b7249182,project_repository,project_task_reference,llm_full_1000_frozen_v1.json,configs/llm_full_1000_frozen_v1.json,NOT_ESTABLISHED_FROM_PATH,True,01215062a544a7275295ec4ab862d290c14f2a09:configs/llm_full_1000_frozen_v1.json,MEDIUM_TEXTUAL_PROJECT_REFERENCE,28
b7256dcd,project_repository,project_task_reference,llm_challenge_like_frozen_v1.json,configs/llm_challenge_like_frozen_v1.json,NOT_ESTABLISHED_FROM_PATH,True,01215062a544a7275295ec4ab862d290c14f2a09:configs/llm_challenge_like_frozen_v1.json,MEDIUM_TEXTUAL_PROJECT_REFERENCE,56
b745798f,project_repository,project_task_reference,llm_full_1000_frozen_v1.json,configs/llm_full_1000_frozen_v1.json,NOT_ESTABLISHED_FROM_PATH,True,01215062a544a7275295ec4ab862d290c14f2a09:configs/llm_full_1000_frozen_v1.json,MEDIUM_TEXTUAL_PROJECT_REFERENCE,28
b74ca5d1,project_repository,project_task_reference,llm_full_1000_frozen_v1.json,configs/llm_full_1000_frozen_v1.json,NOT_ESTABLISHED_FROM_PATH,True,01215062a544a7275295ec4ab862d290c14f2a09:configs/llm_full_1000_frozen_v1.json,MEDIUM_TEXTUAL_PROJECT_REFERENCE,28
b775ac94,project_repository,project_task_reference,llm_challenge_like_frozen_v1.json,configs/llm_challenge_like_frozen_v1.json,NOT_ESTABLISHED_FROM_PATH,True,01215062a544a7275295ec4ab862d290c14f2a09:configs/llm_challenge_like_frozen_v1.json,MEDIUM_TEXTUAL_PROJECT_REFERENCE,56
b782dc8a,project_repository,project_task_reference,llm_full_1000_frozen_v1.json,configs/llm_full_1000_frozen_v1.json,NOT_ESTABLISHED_FROM_PATH,True,01215062a544a7275295ec4ab862d290c14f2a09:configs/llm_full_1000_frozen_v1.json,MEDIUM_TEXTUAL_PROJECT_REFERENCE,28
b7955b3c,project_repository,project_task_reference,llm_full_1000_frozen_v1.json,configs/llm_full_1000_frozen_v1.json,NOT_ESTABLISHED_FROM_PATH,True,01215062a544a7275295ec4ab862d290c14f2a09:configs/llm_full_1000_frozen_v1.json,MEDIUM_TEXTUAL_PROJECT_REFERENCE,28
b7999b51,project_repository,project_task_reference,llm_full_1000_frozen_v1.json,configs/llm_full_1000_frozen_v1.json,NOT_ESTABLISHED_FROM_PATH,True,01215062a544a7275295ec4ab862d290c14f2a09:configs/llm_full_1000_frozen_v1.json,MEDIUM_TEXTUAL_PROJECT_REFERENCE,28
b7cb93ac,project_repository,project_task_reference,llm_full_1000_frozen_v1.json,configs/llm_full_1000_frozen_v1.json,NOT_ESTABLISHED_FROM_PATH,True,01215062a544a7275295ec4ab862d290c14f2a09:configs/llm_full_1000_frozen_v1.json,MEDIUM_TEXTUAL_PROJECT_REFERENCE,28
b7f8a4d8,project_repository,project_task_reference,llm_full_1000_frozen_v1.json,configs/llm_full_1000_frozen_v1.json,NOT_ESTABLISHED_FROM_PATH,True,01215062a544a7275295ec4ab862d290c14f2a09:configs/llm_full_1000_frozen_v1.json,MEDIUM_TEXTUAL_PROJECT_REFERENCE,56
b7fb29bc,project_repository,project_task_reference,llm_full_1000_frozen_v1.json,configs/llm_full_1000_frozen_v1.json,NOT_ESTABLISHED_FROM_PATH,True,01215062a544a7275295ec4ab862d290c14f2a09:configs/llm_full_1000_frozen_v1.json,MEDIUM_TEXTUAL_PROJECT_REFERENCE,28
b8825c91,project_repository,project_task_reference,llm_full_1000_frozen_v1.json,configs/llm_full_1000_frozen_v1.json,NOT_ESTABLISHED_FROM_PATH,True,01215062a544a7275295ec4ab862d290c14f2a09:configs/llm_full_1000_frozen_v1.json,MEDIUM_TEXTUAL_PROJECT_REFERENCE,28
b8cdaf2b,project_repository,project_task_reference,llm_full_1000_frozen_v1.json,configs/llm_full_1000_frozen_v1.json,NOT_ESTABLISHED_FROM_PATH,True,01215062a544a7275295ec4ab862d290c14f2a09:configs/llm_full_1000_frozen_v1.json,MEDIUM_TEXTUAL_PROJECT_REFERENCE,112
b91ae062,project_repository,project_task_reference,llm_full_1000_frozen_v1.json,configs/llm_full_1000_frozen_v1.json,NOT_ESTABLISHED_FROM_PATH,True,01215062a544a7275295ec4ab862d290c14f2a09:configs/llm_full_1000_frozen_v1.json,MEDIUM_TEXTUAL_PROJECT_REFERENCE,28
b942fd60,project_repository,project_task_reference,llm_full_1000_frozen_v1.json,configs/llm_full_1000_frozen_v1.json,NOT_ESTABLISHED_FROM_PATH,True,01215062a544a7275295ec4ab862d290c14f2a09:configs/llm_full_1000_frozen_v1.json,MEDIUM_TEXTUAL_PROJECT_REFERENCE,28
b94a9452,project_repository,project_task_reference,llm_challenge_like_frozen_v1.json,configs/llm_challenge_like_frozen_v1.json,NOT_ESTABLISHED_FROM_PATH,True,01215062a544a7275295ec4ab862d290c14f2a09:configs/llm_challenge_like_frozen_v1.json,MEDIUM_TEXTUAL_PROJECT_REFERENCE,56
b9630600,project_repository,prior_evaluation_or_development_reference,llm_program_synthesis_v2_pilot_50_qwen3_8b.json,configs/llm_program_synthesis_v2_pilot_50_qwen3_8b.json,NOT_ESTABLISHED_FROM_PATH,False,01215062a544a7275295ec4ab862d290c14f2a09:configs/llm_program_synthesis_v2_pilot_50_qwen3_8b.json,MEDIUM_TEXTUAL_PROJECT_REFERENCE,280
b99e7126,project_repository,prior_evaluation_or_development_reference,l4_dual_ttt_dfs1024_bench_v1,experiments/l4_dual_ttt_dfs1024_bench_v1/BENCHMARK_TASK_IDS.json,NOT_ESTABLISHED_FROM_PATH,False,4254d94eebbbbff1d7ca3924a20390d2dd2bfaeb:experiments/l4_dual_ttt_dfs1024_bench_v1/BENCHMARK_TASK_IDS.json,MEDIUM_TEXTUAL_PROJECT_REFERENCE,14497
b9b7f026,project_repository,project_task_reference,llm_full_1000_frozen_v1.json,configs/llm_full_1000_frozen_v1.json,NOT_ESTABLISHED_FROM_PATH,True,01215062a544a7275295ec4ab862d290c14f2a09:configs/llm_full_1000_frozen_v1.json,MEDIUM_TEXTUAL_PROJECT_REFERENCE,28
b9e38dc0,project_repository,project_task_reference,nonblind_development_loo_transfer30_v1,analysis/nonblind_development_loo_transfer30_v1/frozen_run_20260927T112700Z/exposure_audit.json,NOT_ESTABLISHED_FROM_PATH,True,01215062a544a7275295ec4ab862d290c14f2a09:analysis/nonblind_development_loo_transfer30_v1/frozen_run_20260927T112700Z/exposure_audit.json,MEDIUM_TEXTUAL_PROJECT_REFERENCE,121
ba1aa698,project_repository,project_task_reference,llm_full_1000_frozen_v1.json,configs/llm_full_1000_frozen_v1.json,NOT_ESTABLISHED_FROM_PATH,True,01215062a544a7275295ec4ab862d290c14f2a09:configs/llm_full_1000_frozen_v1.json,MEDIUM_TEXTUAL_PROJECT_REFERENCE,28
ba26e723,project_repository,project_task_reference,llm_challenge_like_frozen_v1.json,configs/llm_challenge_like_frozen_v1.json,NOT_ESTABLISHED_FROM_PATH,True,01215062a544a7275295ec4ab862d290c14f2a09:configs/llm_challenge_like_frozen_v1.json,MEDIUM_TEXTUAL_PROJECT_REFERENCE,56
ba97ae07,project_repository,project_task_reference,llm_full_1000_frozen_v1.json,configs/llm_full_1000_frozen_v1.json,NOT_ESTABLISHED_FROM_PATH,True,01215062a544a7275295ec4ab862d290c14f2a09:configs/llm_full_1000_frozen_v1.json,MEDIUM_TEXTUAL_PROJECT_REFERENCE,28
ba9d41b8,project_repository,project_task_reference,llm_full_1000_frozen_v1.json,configs/llm_full_1000_frozen_v1.json,NOT_ESTABLISHED_FROM_PATH,True,01215062a544a7275295ec4ab862d290c14f2a09:configs/llm_full_1000_frozen_v1.json,MEDIUM_TEXTUAL_PROJECT_REFERENCE,28
bae5c565,project_repository,project_task_reference,public_reference_ablation_partial_v32.md,reports/public_reference_ablation_partial_v32.md,NOT_ESTABLISHED_FROM_PATH,False,01215062a544a7275295ec4ab862d290c14f2a09:reports/public_reference_ablation_partial_v32.md,MEDIUM_TEXTUAL_PROJECT_REFERENCE,56
baf41dbf,project_repository,project_task_reference,llm_challenge_like_frozen_v1.json,configs/llm_challenge_like_frozen_v1.json,NOT_ESTABLISHED_FROM_PATH,True,01215062a544a7275295ec4ab862d290c14f2a09:configs/llm_challenge_like_frozen_v1.json,MEDIUM_TEXTUAL_PROJECT_REFERENCE,56
bb43febb,project_repository,project_task_reference,llm_full_1000_frozen_v1.json,configs/llm_full_1000_frozen_v1.json,NOT_ESTABLISHED_FROM_PATH,True,01215062a544a7275295ec4ab862d290c14f2a09:configs/llm_full_1000_frozen_v1.json,MEDIUM_TEXTUAL_PROJECT_REFERENCE,28
bb52a14b,project_repository,prior_evaluation_or_development_reference,grad_proposal_runtime_intervention,research/grad_proposal_runtime_intervention/preliminary_results/untouched60_manifest.json,NOT_ESTABLISHED_FROM_PATH,True,01215062a544a7275295ec4ab862d290c14f2a09:research/grad_proposal_runtime_intervention/preliminary_results/untouched60_manifest.json,MEDIUM_TEXTUAL_PROJECT_REFERENCE,81
bbb1b8b6,project_repository,project_task_reference,public_reference_ablation_partial_v32.md,reports/public_reference_ablation_partial_v32.md,NOT_ESTABLISHED_FROM_PATH,False,01215062a544a7275295ec4ab862d290c14f2a09:reports/public_reference_ablation_partial_v32.md,MEDIUM_TEXTUAL_PROJECT_REFERENCE,56
bbc9ae5d,project_repository,project_task_reference,llm_full_1000_frozen_v1.json,configs/llm_full_1000_frozen_v1.json,NOT_ESTABLISHED_FROM_PATH,True,01215062a544a7275295ec4ab862d290c14f2a09:configs/llm_full_1000_frozen_v1.json,MEDIUM_TEXTUAL_PROJECT_REFERENCE,28
bc1d5164,project_repository,prior_evaluation_or_development_reference,grad_proposal_runtime_intervention,research/grad_proposal_runtime_intervention/preliminary_results/untouched60_manifest.json,NOT_ESTABLISHED_FROM_PATH,True,01215062a544a7275295ec4ab862d290c14f2a09:research/grad_proposal_runtime_intervention/preliminary_results/untouched60_manifest.json,MEDIUM_TEXTUAL_PROJECT_REFERENCE,81
bc4146bd,project_repository,project_task_reference,llm_full_1000_frozen_v1.json,configs/llm_full_1000_frozen_v1.json,NOT_ESTABLISHED_FROM_PATH,True,01215062a544a7275295ec4ab862d290c14f2a09:configs/llm_full_1000_frozen_v1.json,MEDIUM_TEXTUAL_PROJECT_REFERENCE,56
bc93ec48,project_repository,project_task_reference,llm_full_1000_frozen_v1.json,configs/llm_full_1000_frozen_v1.json,NOT_ESTABLISHED_FROM_PATH,True,01215062a544a7275295ec4ab862d290c14f2a09:configs/llm_full_1000_frozen_v1.json,MEDIUM_TEXTUAL_PROJECT_REFERENCE,28
bcb3040b,project_repository,project_task_reference,llm_full_1000_frozen_v1.json,configs/llm_full_1000_frozen_v1.json,NOT_ESTABLISHED_FROM_PATH,True,01215062a544a7275295ec4ab862d290c14f2a09:configs/llm_full_1000_frozen_v1.json,MEDIUM_TEXTUAL_PROJECT_REFERENCE,140
bd14c3bf,project_repository,project_task_reference,llm_full_1000_frozen_v1.json,configs/llm_full_1000_frozen_v1.json,NOT_ESTABLISHED_FROM_PATH,True,01215062a544a7275295ec4ab862d290c14f2a09:configs/llm_full_1000_frozen_v1.json,MEDIUM_TEXTUAL_PROJECT_REFERENCE,112
bd283c4a,project_repository,project_task_reference,llm_full_1000_frozen_v1.json,configs/llm_full_1000_frozen_v1.json,NOT_ESTABLISHED_FROM_PATH,True,01215062a544a7275295ec4ab862d290c14f2a09:configs/llm_full_1000_frozen_v1.json,MEDIUM_TEXTUAL_PROJECT_REFERENCE,28
bd4472b8,project_repository,project_task_reference,llm_full_1000_frozen_v1.json,configs/llm_full_1000_frozen_v1.json,NOT_ESTABLISHED_FROM_PATH,True,01215062a544a7275295ec4ab862d290c14f2a09:configs/llm_full_1000_frozen_v1.json,MEDIUM_TEXTUAL_PROJECT_REFERENCE,28
bd5af378,project_repository,project_task_reference,llm_full_1000_frozen_v1.json,configs/llm_full_1000_frozen_v1.json,NOT_ESTABLISHED_FROM_PATH,True,01215062a544a7275295ec4ab862d290c14f2a09:configs/llm_full_1000_frozen_v1.json,MEDIUM_TEXTUAL_PROJECT_REFERENCE,56
bda2d7a6,project_repository,project_task_reference,llm_full_1000_frozen_v1.json,configs/llm_full_1000_frozen_v1.json,NOT_ESTABLISHED_FROM_PATH,True,01215062a544a7275295ec4ab862d290c14f2a09:configs/llm_full_1000_frozen_v1.json,MEDIUM_TEXTUAL_PROJECT_REFERENCE,28
bdad9b1f,project_repository,project_task_reference,llm_full_1000_frozen_v1.json,configs/llm_full_1000_frozen_v1.json,NOT_ESTABLISHED_FROM_PATH,True,01215062a544a7275295ec4ab862d290c14f2a09:configs/llm_full_1000_frozen_v1.json,MEDIUM_TEXTUAL_PROJECT_REFERENCE,28
be03b35f,project_repository,project_task_reference,llm_full_1000_frozen_v1.json,configs/llm_full_1000_frozen_v1.json,NOT_ESTABLISHED_FROM_PATH,True,01215062a544a7275295ec4ab862d290c14f2a09:configs/llm_full_1000_frozen_v1.json,MEDIUM_TEXTUAL_PROJECT_REFERENCE,112
be94b721,project_repository,project_task_reference,results,experiments/results/SOLVER_LIB_V1_OBJECT.json,NOT_ESTABLISHED_FROM_PATH,False,01215062a544a7275295ec4ab862d290c14f2a09:experiments/results/SOLVER_LIB_V1_OBJECT.json,MEDIUM_TEXTUAL_PROJECT_REFERENCE,420
beb8660c,project_repository,project_task_reference,llm_full_1000_frozen_v1.json,configs/llm_full_1000_frozen_v1.json,NOT_ESTABLISHED_FROM_PATH,True,01215062a544a7275295ec4ab862d290c14f2a09:configs/llm_full_1000_frozen_v1.json,MEDIUM_TEXTUAL_PROJECT_REFERENCE,28
bf32578f,project_repository,project_task_reference,llm_full_1000_frozen_v1.json,configs/llm_full_1000_frozen_v1.json,NOT_ESTABLISHED_FROM_PATH,True,01215062a544a7275295ec4ab862d290c14f2a09:configs/llm_full_1000_frozen_v1.json,MEDIUM_TEXTUAL_PROJECT_REFERENCE,28
bf45cf4b,project_repository,project_task_reference,nonblind_development_loo_transfer30_v1,analysis/nonblind_development_loo_transfer30_v1/frozen_run_20260927T112700Z/exposure_audit.json,NOT_ESTABLISHED_FROM_PATH,True,01215062a544a7275295ec4ab862d290c14f2a09:analysis/nonblind_development_loo_transfer30_v1/frozen_run_20260927T112700Z/exposure_audit.json,MEDIUM_TEXTUAL_PROJECT_REFERENCE,43
bf699163,project_repository,project_task_reference,llm_full_1000_frozen_v1.json,configs/llm_full_1000_frozen_v1.json,NOT_ESTABLISHED_FROM_PATH,True,01215062a544a7275295ec4ab862d290c14f2a09:configs/llm_full_1000_frozen_v1.json,MEDIUM_TEXTUAL_PROJECT_REFERENCE,28
bf89d739,project_repository,project_task_reference,llm_full_1000_frozen_v1.json,configs/llm_full_1000_frozen_v1.json,NOT_ESTABLISHED_FROM_PATH,True,01215062a544a7275295ec4ab862d290c14f2a09:configs/llm_full_1000_frozen_v1.json,MEDIUM_TEXTUAL_PROJECT_REFERENCE,28
c074846d,project_repository,project_task_reference,llm_full_1000_frozen_v1.json,configs/llm_full_1000_frozen_v1.json,NOT_ESTABLISHED_FROM_PATH,True,01215062a544a7275295ec4ab862d290c14f2a09:configs/llm_full_1000_frozen_v1.json,MEDIUM_TEXTUAL_PROJECT_REFERENCE,28
c0f76784,project_repository,project_task_reference,llm_full_1000_frozen_v1.json,configs/llm_full_1000_frozen_v1.json,NOT_ESTABLISHED_FROM_PATH,True,01215062a544a7275295ec4ab862d290c14f2a09:configs/llm_full_1000_frozen_v1.json,MEDIUM_TEXTUAL_PROJECT_REFERENCE,28
c1990cce,project_repository,project_task_reference,llm_full_1000_frozen_v1.json,configs/llm_full_1000_frozen_v1.json,NOT_ESTABLISHED_FROM_PATH,True,01215062a544a7275295ec4ab862d290c14f2a09:configs/llm_full_1000_frozen_v1.json,MEDIUM_TEXTUAL_PROJECT_REFERENCE,28
c1d99e64,project_repository,prior_evaluation_or_development_reference,llm_program_synthesis_v2_pilot_50_qwen3_8b.json,configs/llm_program_synthesis_v2_pilot_50_qwen3_8b.json,NOT_ESTABLISHED_FROM_PATH,False,01215062a544a7275295ec4ab862d290c14f2a09:configs/llm_program_synthesis_v2_pilot_50_qwen3_8b.json,MEDIUM_TEXTUAL_PROJECT_REFERENCE,280
c3202e5a,project_repository,project_task_reference,llm_full_1000_frozen_v1.json,configs/llm_full_1000_frozen_v1.json,NOT_ESTABLISHED_FROM_PATH,True,01215062a544a7275295ec4ab862d290c14f2a09:configs/llm_full_1000_frozen_v1.json,MEDIUM_TEXTUAL_PROJECT_REFERENCE,56
c35c1b4c,project_repository,project_task_reference,llm_full_1000_frozen_v1.json,configs/llm_full_1000_frozen_v1.json,NOT_ESTABLISHED_FROM_PATH,True,01215062a544a7275295ec4ab862d290c14f2a09:configs/llm_full_1000_frozen_v1.json,MEDIUM_TEXTUAL_PROJECT_REFERENCE,28
c3e719e8,project_repository,project_task_reference,llm_full_1000_frozen_v1.json,configs/llm_full_1000_frozen_v1.json,NOT_ESTABLISHED_FROM_PATH,True,01215062a544a7275295ec4ab862d290c14f2a09:configs/llm_full_1000_frozen_v1.json,MEDIUM_TEXTUAL_PROJECT_REFERENCE,28
c3fa4749,project_repository,project_task_reference,llm_full_1000_frozen_v1.json,configs/llm_full_1000_frozen_v1.json,NOT_ESTABLISHED_FROM_PATH,True,01215062a544a7275295ec4ab862d290c14f2a09:configs/llm_full_1000_frozen_v1.json,MEDIUM_TEXTUAL_PROJECT_REFERENCE,28
c444b776,project_repository,project_task_reference,llm_full_1000_frozen_v1.json,configs/llm_full_1000_frozen_v1.json,NOT_ESTABLISHED_FROM_PATH,True,01215062a544a7275295ec4ab862d290c14f2a09:configs/llm_full_1000_frozen_v1.json,MEDIUM_TEXTUAL_PROJECT_REFERENCE,28
c48954c1,project_repository,project_task_reference,llm_full_1000_frozen_v1.json,configs/llm_full_1000_frozen_v1.json,NOT_ESTABLISHED_FROM_PATH,True,01215062a544a7275295ec4ab862d290c14f2a09:configs/llm_full_1000_frozen_v1.json,MEDIUM_TEXTUAL_PROJECT_REFERENCE,56
c4d067a0,project_repository,prior_evaluation_or_development_reference,regret_budget_and_retrieval_v1,analysis/regret_budget_and_retrieval_v1/affine_retrieval_trace_summary.csv,NOT_ESTABLISHED_FROM_PATH,False,18215650ec259e5d43add943b7f1657ec45b09cc:analysis/regret_budget_and_retrieval_v1/affine_retrieval_trace_summary.csv,MEDIUM_TEXTUAL_PROJECT_REFERENCE,12574
c4d1a9ae,project_repository,project_task_reference,llm_challenge_like_frozen_v1.json,configs/llm_challenge_like_frozen_v1.json,NOT_ESTABLISHED_FROM_PATH,True,01215062a544a7275295ec4ab862d290c14f2a09:configs/llm_challenge_like_frozen_v1.json,MEDIUM_TEXTUAL_PROJECT_REFERENCE,56
c59eb873,project_repository,project_task_reference,llm_challenge_like_frozen_v1.json,configs/llm_challenge_like_frozen_v1.json,NOT_ESTABLISHED_FROM_PATH,True,01215062a544a7275295ec4ab862d290c14f2a09:configs/llm_challenge_like_frozen_v1.json,MEDIUM_TEXTUAL_PROJECT_REFERENCE,56
c6141b15,project_repository,project_task_reference,llm_full_1000_frozen_v1.json,configs/llm_full_1000_frozen_v1.json,NOT_ESTABLISHED_FROM_PATH,True,01215062a544a7275295ec4ab862d290c14f2a09:configs/llm_full_1000_frozen_v1.json,MEDIUM_TEXTUAL_PROJECT_REFERENCE,28
c61be7dc,project_repository,project_task_reference,llm_full_1000_frozen_v1.json,configs/llm_full_1000_frozen_v1.json,NOT_ESTABLISHED_FROM_PATH,True,01215062a544a7275295ec4ab862d290c14f2a09:configs/llm_full_1000_frozen_v1.json,MEDIUM_TEXTUAL_PROJECT_REFERENCE,56
c62e2108,project_repository,prior_evaluation_or_development_reference,llm_program_synthesis_v2_pilot_50_qwen3_8b.json,configs/llm_program_synthesis_v2_pilot_50_qwen3_8b.json,NOT_ESTABLISHED_FROM_PATH,False,01215062a544a7275295ec4ab862d290c14f2a09:configs/llm_program_synthesis_v2_pilot_50_qwen3_8b.json,MEDIUM_TEXTUAL_PROJECT_REFERENCE,280
c64f1187,project_repository,project_task_reference,llm_full_1000_frozen_v1.json,configs/llm_full_1000_frozen_v1.json,NOT_ESTABLISHED_FROM_PATH,True,01215062a544a7275295ec4ab862d290c14f2a09:configs/llm_full_1000_frozen_v1.json,MEDIUM_TEXTUAL_PROJECT_REFERENCE,28
c658a4bd,project_repository,project_task_reference,llm_full_1000_frozen_v1.json,configs/llm_full_1000_frozen_v1.json,NOT_ESTABLISHED_FROM_PATH,True,01215062a544a7275295ec4ab862d290c14f2a09:configs/llm_full_1000_frozen_v1.json,MEDIUM_TEXTUAL_PROJECT_REFERENCE,28
c6e1b8da,project_repository,project_task_reference,llm_full_1000_frozen_v1.json,configs/llm_full_1000_frozen_v1.json,NOT_ESTABLISHED_FROM_PATH,True,01215062a544a7275295ec4ab862d290c14f2a09:configs/llm_full_1000_frozen_v1.json,MEDIUM_TEXTUAL_PROJECT_REFERENCE,28
c7d4e6ad,project_repository,prior_evaluation_or_development_reference,llm_program_synthesis_v2_pilot_50_qwen3_8b.json,configs/llm_program_synthesis_v2_pilot_50_qwen3_8b.json,NOT_ESTABLISHED_FROM_PATH,False,01215062a544a7275295ec4ab862d290c14f2a09:configs/llm_program_synthesis_v2_pilot_50_qwen3_8b.json,MEDIUM_TEXTUAL_PROJECT_REFERENCE,280
c7f57c3e,project_repository,prior_evaluation_or_development_reference,eval60_phase3_d48_aug8_r1024_archive_v1,artifacts/eval60_phase3_d48_aug8_r1024_archive_v1/manifests/SOURCE_FILE_MANIFEST.csv,NOT_ESTABLISHED_FROM_PATH,False,18215650ec259e5d43add943b7f1657ec45b09cc:artifacts/eval60_phase3_d48_aug8_r1024_archive_v1/manifests/SOURCE_FILE_MANIFEST.csv,MEDIUM_TEXTUAL_PROJECT_REFERENCE,127382
c803e39c,project_repository,project_task_reference,llm_full_1000_frozen_v1.json,configs/llm_full_1000_frozen_v1.json,NOT_ESTABLISHED_FROM_PATH,True,01215062a544a7275295ec4ab862d290c14f2a09:configs/llm_full_1000_frozen_v1.json,MEDIUM_TEXTUAL_PROJECT_REFERENCE,28
c87289bb,project_repository,project_task_reference,llm_challenge_like_frozen_v1.json,configs/llm_challenge_like_frozen_v1.json,NOT_ESTABLISHED_FROM_PATH,True,01215062a544a7275295ec4ab862d290c14f2a09:configs/llm_challenge_like_frozen_v1.json,MEDIUM_TEXTUAL_PROJECT_REFERENCE,56
c8b7cc0f,project_repository,project_task_reference,llm_full_1000_frozen_v1.json,configs/llm_full_1000_frozen_v1.json,NOT_ESTABLISHED_FROM_PATH,True,01215062a544a7275295ec4ab862d290c14f2a09:configs/llm_full_1000_frozen_v1.json,MEDIUM_TEXTUAL_PROJECT_REFERENCE,56
c8cbb738,project_repository,project_task_reference,llm_full_1000_frozen_v1.json,configs/llm_full_1000_frozen_v1.json,NOT_ESTABLISHED_FROM_PATH,True,01215062a544a7275295ec4ab862d290c14f2a09:configs/llm_full_1000_frozen_v1.json,MEDIUM_TEXTUAL_PROJECT_REFERENCE,56
c8f0f002,project_repository,project_task_reference,build_dynamic_b_gpu_smoke_notebook.py,scripts/build_dynamic_b_gpu_smoke_notebook.py,NOT_ESTABLISHED_FROM_PATH,False,01215062a544a7275295ec4ab862d290c14f2a09:scripts/build_dynamic_b_gpu_smoke_notebook.py,MEDIUM_TEXTUAL_PROJECT_REFERENCE,308
c909285e,project_repository,project_task_reference,llm_challenge_like_frozen_v1.json,configs/llm_challenge_like_frozen_v1.json,NOT_ESTABLISHED_FROM_PATH,True,01215062a544a7275295ec4ab862d290c14f2a09:configs/llm_challenge_like_frozen_v1.json,MEDIUM_TEXTUAL_PROJECT_REFERENCE,56
c920a713,project_repository,project_task_reference,llm_full_1000_frozen_v1.json,configs/llm_full_1000_frozen_v1.json,NOT_ESTABLISHED_FROM_PATH,True,01215062a544a7275295ec4ab862d290c14f2a09:configs/llm_full_1000_frozen_v1.json,MEDIUM_TEXTUAL_PROJECT_REFERENCE,28
c92b942c,project_repository,project_task_reference,llm_full_1000_frozen_v1.json,configs/llm_full_1000_frozen_v1.json,NOT_ESTABLISHED_FROM_PATH,True,01215062a544a7275295ec4ab862d290c14f2a09:configs/llm_full_1000_frozen_v1.json,MEDIUM_TEXTUAL_PROJECT_REFERENCE,28
c9680e90,project_repository,project_task_reference,llm_full_1000_frozen_v1.json,configs/llm_full_1000_frozen_v1.json,NOT_ESTABLISHED_FROM_PATH,True,01215062a544a7275295ec4ab862d290c14f2a09:configs/llm_full_1000_frozen_v1.json,MEDIUM_TEXTUAL_PROJECT_REFERENCE,28
c97c0139,project_repository,project_task_reference,llm_full_1000_frozen_v1.json,configs/llm_full_1000_frozen_v1.json,NOT_ESTABLISHED_FROM_PATH,True,01215062a544a7275295ec4ab862d290c14f2a09:configs/llm_full_1000_frozen_v1.json,MEDIUM_TEXTUAL_PROJECT_REFERENCE,28
c9e6f938,project_repository,project_task_reference,llm_full_1000_frozen_v1.json,configs/llm_full_1000_frozen_v1.json,NOT_ESTABLISHED_FROM_PATH,True,01215062a544a7275295ec4ab862d290c14f2a09:configs/llm_full_1000_frozen_v1.json,MEDIUM_TEXTUAL_PROJECT_REFERENCE,28
c9f8e694,project_repository,project_task_reference,llm_challenge_like_frozen_v1.json,configs/llm_challenge_like_frozen_v1.json,NOT_ESTABLISHED_FROM_PATH,True,01215062a544a7275295ec4ab862d290c14f2a09:configs/llm_challenge_like_frozen_v1.json,MEDIUM_TEXTUAL_PROJECT_REFERENCE,56
ca8de6ea,project_repository,project_task_reference,llm_full_1000_frozen_v1.json,configs/llm_full_1000_frozen_v1.json,NOT_ESTABLISHED_FROM_PATH,True,01215062a544a7275295ec4ab862d290c14f2a09:configs/llm_full_1000_frozen_v1.json,MEDIUM_TEXTUAL_PROJECT_REFERENCE,28
caa06a1f,project_repository,project_task_reference,llm_full_1000_frozen_v1.json,configs/llm_full_1000_frozen_v1.json,NOT_ESTABLISHED_FROM_PATH,True,01215062a544a7275295ec4ab862d290c14f2a09:configs/llm_full_1000_frozen_v1.json,MEDIUM_TEXTUAL_PROJECT_REFERENCE,56
cad67732,project_repository,project_task_reference,llm_challenge_like_frozen_v1.json,configs/llm_challenge_like_frozen_v1.json,NOT_ESTABLISHED_FROM_PATH,True,01215062a544a7275295ec4ab862d290c14f2a09:configs/llm_challenge_like_frozen_v1.json,MEDIUM_TEXTUAL_PROJECT_REFERENCE,56
cb227835,project_repository,project_task_reference,llm_full_1000_frozen_v1.json,configs/llm_full_1000_frozen_v1.json,NOT_ESTABLISHED_FROM_PATH,True,01215062a544a7275295ec4ab862d290c14f2a09:configs/llm_full_1000_frozen_v1.json,MEDIUM_TEXTUAL_PROJECT_REFERENCE,56
cb2d8a2c,project_repository,prior_evaluation_or_development_reference,ttt24_aug8_r1024_reproducibility_l_single_v1,analysis/ttt24_aug8_r1024_reproducibility_l_single_v1/NUMERICAL_DRIFT_SUMMARY.csv,NOT_ESTABLISHED_FROM_PATH,False,18215650ec259e5d43add943b7f1657ec45b09cc:analysis/ttt24_aug8_r1024_reproducibility_l_single_v1/NUMERICAL_DRIFT_SUMMARY.csv,MEDIUM_TEXTUAL_PROJECT_REFERENCE,31054
cbded52d,project_repository,project_task_reference,llm_full_1000_frozen_v1.json,configs/llm_full_1000_frozen_v1.json,NOT_ESTABLISHED_FROM_PATH,True,01215062a544a7275295ec4ab862d290c14f2a09:configs/llm_full_1000_frozen_v1.json,MEDIUM_TEXTUAL_PROJECT_REFERENCE,28
cbebaa4b,project_repository,prior_evaluation_or_development_reference,eval60_phase3_d48_aug8_r1024_archive_v1,artifacts/eval60_phase3_d48_aug8_r1024_archive_v1/manifests/SOURCE_FILE_MANIFEST.csv,NOT_ESTABLISHED_FROM_PATH,False,18215650ec259e5d43add943b7f1657ec45b09cc:artifacts/eval60_phase3_d48_aug8_r1024_archive_v1/manifests/SOURCE_FILE_MANIFEST.csv,MEDIUM_TEXTUAL_PROJECT_REFERENCE,101930
cc9053aa,project_repository,project_task_reference,llm_full_1000_frozen_v1.json,configs/llm_full_1000_frozen_v1.json,NOT_ESTABLISHED_FROM_PATH,True,01215062a544a7275295ec4ab862d290c14f2a09:configs/llm_full_1000_frozen_v1.json,MEDIUM_TEXTUAL_PROJECT_REFERENCE,28
ccd554ac,project_repository,project_task_reference,llm_full_1000_frozen_v1.json,configs/llm_full_1000_frozen_v1.json,NOT_ESTABLISHED_FROM_PATH,True,01215062a544a7275295ec4ab862d290c14f2a09:configs/llm_full_1000_frozen_v1.json,MEDIUM_TEXTUAL_PROJECT_REFERENCE,28
cce03e0d,project_repository,project_task_reference,llm_full_1000_frozen_v1.json,configs/llm_full_1000_frozen_v1.json,NOT_ESTABLISHED_FROM_PATH,True,01215062a544a7275295ec4ab862d290c14f2a09:configs/llm_full_1000_frozen_v1.json,MEDIUM_TEXTUAL_PROJECT_REFERENCE,28
cd3c21df,project_repository,prior_evaluation_or_development_reference,run_local_dfs_ablation.py,scripts/run_local_dfs_ablation.py,NOT_ESTABLISHED_FROM_PATH,False,01215062a544a7275295ec4ab862d290c14f2a09:scripts/run_local_dfs_ablation.py,MEDIUM_TEXTUAL_PROJECT_REFERENCE,81
cdecee7f,project_repository,project_task_reference,llm_full_1000_frozen_v1.json,configs/llm_full_1000_frozen_v1.json,NOT_ESTABLISHED_FROM_PATH,True,01215062a544a7275295ec4ab862d290c14f2a09:configs/llm_full_1000_frozen_v1.json,MEDIUM_TEXTUAL_PROJECT_REFERENCE,28
ce039d91,project_repository,project_task_reference,llm_full_1000_frozen_v1.json,configs/llm_full_1000_frozen_v1.json,NOT_ESTABLISHED_FROM_PATH,True,01215062a544a7275295ec4ab862d290c14f2a09:configs/llm_full_1000_frozen_v1.json,MEDIUM_TEXTUAL_PROJECT_REFERENCE,28
ce22a75a,project_repository,prior_evaluation_or_development_reference,llm_program_synthesis_v2_pilot_50_qwen3_8b.json,configs/llm_program_synthesis_v2_pilot_50_qwen3_8b.json,NOT_ESTABLISHED_FROM_PATH,False,01215062a544a7275295ec4ab862d290c14f2a09:configs/llm_program_synthesis_v2_pilot_50_qwen3_8b.json,MEDIUM_TEXTUAL_PROJECT_REFERENCE,280
ce4f8723,project_repository,project_task_reference,llm_full_1000_frozen_v1.json,configs/llm_full_1000_frozen_v1.json,NOT_ESTABLISHED_FROM_PATH,True,01215062a544a7275295ec4ab862d290c14f2a09:configs/llm_full_1000_frozen_v1.json,MEDIUM_TEXTUAL_PROJECT_REFERENCE,28
ce602527,project_repository,prior_evaluation_or_development_reference,grad_proposal_runtime_intervention,research/grad_proposal_runtime_intervention/preliminary_results/untouched60_manifest.json,NOT_ESTABLISHED_FROM_PATH,True,01215062a544a7275295ec4ab862d290c14f2a09:research/grad_proposal_runtime_intervention/preliminary_results/untouched60_manifest.json,MEDIUM_TEXTUAL_PROJECT_REFERENCE,81
ce8d95cc,project_repository,project_task_reference,llm_full_1000_frozen_v1.json,configs/llm_full_1000_frozen_v1.json,NOT_ESTABLISHED_FROM_PATH,True,01215062a544a7275295ec4ab862d290c14f2a09:configs/llm_full_1000_frozen_v1.json,MEDIUM_TEXTUAL_PROJECT_REFERENCE,28
ce9e57f2,project_repository,project_task_reference,llm_challenge_like_frozen_v1.json,configs/llm_challenge_like_frozen_v1.json,NOT_ESTABLISHED_FROM_PATH,True,01215062a544a7275295ec4ab862d290c14f2a09:configs/llm_challenge_like_frozen_v1.json,MEDIUM_TEXTUAL_PROJECT_REFERENCE,56
cf133acc,project_repository,project_task_reference,llm_challenge_like_frozen_v1.json,configs/llm_challenge_like_frozen_v1.json,NOT_ESTABLISHED_FROM_PATH,True,01215062a544a7275295ec4ab862d290c14f2a09:configs/llm_challenge_like_frozen_v1.json,MEDIUM_TEXTUAL_PROJECT_REFERENCE,56
cf5fd0ad,project_repository,project_task_reference,llm_challenge_like_frozen_v1.json,configs/llm_challenge_like_frozen_v1.json,NOT_ESTABLISHED_FROM_PATH,True,01215062a544a7275295ec4ab862d290c14f2a09:configs/llm_challenge_like_frozen_v1.json,MEDIUM_TEXTUAL_PROJECT_REFERENCE,56
cf98881b,project_repository,project_task_reference,llm_full_1000_frozen_v1.json,configs/llm_full_1000_frozen_v1.json,NOT_ESTABLISHED_FROM_PATH,True,01215062a544a7275295ec4ab862d290c14f2a09:configs/llm_full_1000_frozen_v1.json,MEDIUM_TEXTUAL_PROJECT_REFERENCE,56
cfb2ce5a,project_repository,project_task_reference,llm_full_1000_frozen_v1.json,configs/llm_full_1000_frozen_v1.json,NOT_ESTABLISHED_FROM_PATH,True,01215062a544a7275295ec4ab862d290c14f2a09:configs/llm_full_1000_frozen_v1.json,MEDIUM_TEXTUAL_PROJECT_REFERENCE,56
d017b73f,project_repository,project_task_reference,llm_challenge_like_frozen_v1.json,configs/llm_challenge_like_frozen_v1.json,NOT_ESTABLISHED_FROM_PATH,True,01215062a544a7275295ec4ab862d290c14f2a09:configs/llm_challenge_like_frozen_v1.json,MEDIUM_TEXTUAL_PROJECT_REFERENCE,56
d037b0a7,project_repository,project_task_reference,llm_challenge_like_frozen_v1.json,configs/llm_challenge_like_frozen_v1.json,NOT_ESTABLISHED_FROM_PATH,True,01215062a544a7275295ec4ab862d290c14f2a09:configs/llm_challenge_like_frozen_v1.json,MEDIUM_TEXTUAL_PROJECT_REFERENCE,56
d06dbe63,project_repository,project_task_reference,llm_full_1000_frozen_v1.json,configs/llm_full_1000_frozen_v1.json,NOT_ESTABLISHED_FROM_PATH,True,01215062a544a7275295ec4ab862d290c14f2a09:configs/llm_full_1000_frozen_v1.json,MEDIUM_TEXTUAL_PROJECT_REFERENCE,28
d07ae81c,project_repository,prior_evaluation_or_development_reference,ARC2_NATIVE_RANKER_DIAGNOSIS_AND_REPAIR_V1.json,configs/ARC2_NATIVE_RANKER_DIAGNOSIS_AND_REPAIR_V1.json,NOT_ESTABLISHED_FROM_PATH,False,01215062a544a7275295ec4ab862d290c14f2a09:configs/ARC2_NATIVE_RANKER_DIAGNOSIS_AND_REPAIR_V1.json,MEDIUM_TEXTUAL_PROJECT_REFERENCE,168
d0f5fe59,project_repository,project_task_reference,llm_full_1000_frozen_v1.json,configs/llm_full_1000_frozen_v1.json,NOT_ESTABLISHED_FROM_PATH,True,01215062a544a7275295ec4ab862d290c14f2a09:configs/llm_full_1000_frozen_v1.json,MEDIUM_TEXTUAL_PROJECT_REFERENCE,56
d10ecb37,project_repository,project_task_reference,llm_full_1000_frozen_v1.json,configs/llm_full_1000_frozen_v1.json,NOT_ESTABLISHED_FROM_PATH,True,01215062a544a7275295ec4ab862d290c14f2a09:configs/llm_full_1000_frozen_v1.json,MEDIUM_TEXTUAL_PROJECT_REFERENCE,28
d13f3404,project_repository,project_task_reference,llm_full_1000_frozen_v1.json,configs/llm_full_1000_frozen_v1.json,NOT_ESTABLISHED_FROM_PATH,True,01215062a544a7275295ec4ab862d290c14f2a09:configs/llm_full_1000_frozen_v1.json,MEDIUM_TEXTUAL_PROJECT_REFERENCE,140
d19f7514,project_repository,project_task_reference,llm_full_1000_frozen_v1.json,configs/llm_full_1000_frozen_v1.json,NOT_ESTABLISHED_FROM_PATH,True,01215062a544a7275295ec4ab862d290c14f2a09:configs/llm_full_1000_frozen_v1.json,MEDIUM_TEXTUAL_PROJECT_REFERENCE,28
d22278a0,project_repository,project_task_reference,llm_full_1000_frozen_v1.json,configs/llm_full_1000_frozen_v1.json,NOT_ESTABLISHED_FROM_PATH,True,01215062a544a7275295ec4ab862d290c14f2a09:configs/llm_full_1000_frozen_v1.json,MEDIUM_TEXTUAL_PROJECT_REFERENCE,28
d23f8c26,project_repository,project_task_reference,llm_full_1000_frozen_v1.json,configs/llm_full_1000_frozen_v1.json,NOT_ESTABLISHED_FROM_PATH,True,01215062a544a7275295ec4ab862d290c14f2a09:configs/llm_full_1000_frozen_v1.json,MEDIUM_TEXTUAL_PROJECT_REFERENCE,28
d255d7a7,project_repository,project_task_reference,llm_full_1000_frozen_v1.json,configs/llm_full_1000_frozen_v1.json,NOT_ESTABLISHED_FROM_PATH,True,01215062a544a7275295ec4ab862d290c14f2a09:configs/llm_full_1000_frozen_v1.json,MEDIUM_TEXTUAL_PROJECT_REFERENCE,28
d282b262,project_repository,project_task_reference,llm_challenge_like_frozen_v1.json,configs/llm_challenge_like_frozen_v1.json,NOT_ESTABLISHED_FROM_PATH,True,01215062a544a7275295ec4ab862d290c14f2a09:configs/llm_challenge_like_frozen_v1.json,MEDIUM_TEXTUAL_PROJECT_REFERENCE,56
d2abd087,project_repository,project_task_reference,public_reference_ablation_partial_v32.md,reports/public_reference_ablation_partial_v32.md,NOT_ESTABLISHED_FROM_PATH,False,01215062a544a7275295ec4ab862d290c14f2a09:reports/public_reference_ablation_partial_v32.md,MEDIUM_TEXTUAL_PROJECT_REFERENCE,56
d2acf2cb,project_repository,project_task_reference,llm_full_1000_frozen_v1.json,configs/llm_full_1000_frozen_v1.json,NOT_ESTABLISHED_FROM_PATH,True,01215062a544a7275295ec4ab862d290c14f2a09:configs/llm_full_1000_frozen_v1.json,MEDIUM_TEXTUAL_PROJECT_REFERENCE,140
d304284e,project_repository,project_task_reference,llm_challenge_like_frozen_v1.json,configs/llm_challenge_like_frozen_v1.json,NOT_ESTABLISHED_FROM_PATH,True,01215062a544a7275295ec4ab862d290c14f2a09:configs/llm_challenge_like_frozen_v1.json,MEDIUM_TEXTUAL_PROJECT_REFERENCE,56
d35bdbdc,project_repository,project_task_reference,nonblind_development_loo_transfer30_v1,analysis/nonblind_development_loo_transfer30_v1/frozen_run_20260927T112700Z/exposure_audit.json,NOT_ESTABLISHED_FROM_PATH,True,01215062a544a7275295ec4ab862d290c14f2a09:analysis/nonblind_development_loo_transfer30_v1/frozen_run_20260927T112700Z/exposure_audit.json,MEDIUM_TEXTUAL_PROJECT_REFERENCE,121
d364b489,project_repository,project_task_reference,llm_full_1000_frozen_v1.json,configs/llm_full_1000_frozen_v1.json,NOT_ESTABLISHED_FROM_PATH,True,01215062a544a7275295ec4ab862d290c14f2a09:configs/llm_full_1000_frozen_v1.json,MEDIUM_TEXTUAL_PROJECT_REFERENCE,28
d37a1ef5,project_repository,project_task_reference,llm_full_1000_frozen_v1.json,configs/llm_full_1000_frozen_v1.json,NOT_ESTABLISHED_FROM_PATH,True,01215062a544a7275295ec4ab862d290c14f2a09:configs/llm_full_1000_frozen_v1.json,MEDIUM_TEXTUAL_PROJECT_REFERENCE,28
d406998b,project_repository,prior_evaluation_or_development_reference,ARC2_NATIVE_TTT_AND_STRONG_VERIFIER_V1.json,configs/ARC2_NATIVE_TTT_AND_STRONG_VERIFIER_V1.json,NOT_ESTABLISHED_FROM_PATH,False,01215062a544a7275295ec4ab862d290c14f2a09:configs/ARC2_NATIVE_TTT_AND_STRONG_VERIFIER_V1.json,MEDIUM_TEXTUAL_PROJECT_REFERENCE,196
d43fd935,project_repository,project_task_reference,llm_full_1000_frozen_v1.json,configs/llm_full_1000_frozen_v1.json,NOT_ESTABLISHED_FROM_PATH,True,01215062a544a7275295ec4ab862d290c14f2a09:configs/llm_full_1000_frozen_v1.json,MEDIUM_TEXTUAL_PROJECT_REFERENCE,28
d4469b4b,project_repository,project_task_reference,llm_challenge_like_frozen_v1.json,configs/llm_challenge_like_frozen_v1.json,NOT_ESTABLISHED_FROM_PATH,True,01215062a544a7275295ec4ab862d290c14f2a09:configs/llm_challenge_like_frozen_v1.json,MEDIUM_TEXTUAL_PROJECT_REFERENCE,56
d47aa2ff,project_repository,project_task_reference,llm_challenge_like_frozen_v1.json,configs/llm_challenge_like_frozen_v1.json,NOT_ESTABLISHED_FROM_PATH,True,01215062a544a7275295ec4ab862d290c14f2a09:configs/llm_challenge_like_frozen_v1.json,MEDIUM_TEXTUAL_PROJECT_REFERENCE,56
d492a647,project_repository,project_task_reference,llm_full_1000_frozen_v1.json,configs/llm_full_1000_frozen_v1.json,NOT_ESTABLISHED_FROM_PATH,True,01215062a544a7275295ec4ab862d290c14f2a09:configs/llm_full_1000_frozen_v1.json,MEDIUM_TEXTUAL_PROJECT_REFERENCE,28
d4a91cb9,project_repository,project_task_reference,llm_full_1000_frozen_v1.json,configs/llm_full_1000_frozen_v1.json,NOT_ESTABLISHED_FROM_PATH,True,01215062a544a7275295ec4ab862d290c14f2a09:configs/llm_full_1000_frozen_v1.json,MEDIUM_TEXTUAL_PROJECT_REFERENCE,28
d4b1c2b1,project_repository,project_task_reference,llm_full_1000_frozen_v1.json,configs/llm_full_1000_frozen_v1.json,NOT_ESTABLISHED_FROM_PATH,True,01215062a544a7275295ec4ab862d290c14f2a09:configs/llm_full_1000_frozen_v1.json,MEDIUM_TEXTUAL_PROJECT_REFERENCE,28
d4c90558,project_repository,prior_evaluation_or_development_reference,ARC2_NATIVE_TTT_AND_STRONG_VERIFIER_V1.json,configs/ARC2_NATIVE_TTT_AND_STRONG_VERIFIER_V1.json,NOT_ESTABLISHED_FROM_PATH,False,01215062a544a7275295ec4ab862d290c14f2a09:configs/ARC2_NATIVE_TTT_AND_STRONG_VERIFIER_V1.json,MEDIUM_TEXTUAL_PROJECT_REFERENCE,252
d4f3cd78,project_repository,project_task_reference,llm_full_1000_frozen_v1.json,configs/llm_full_1000_frozen_v1.json,NOT_ESTABLISHED_FROM_PATH,True,01215062a544a7275295ec4ab862d290c14f2a09:configs/llm_full_1000_frozen_v1.json,MEDIUM_TEXTUAL_PROJECT_REFERENCE,28
d511f180,project_repository,project_task_reference,experiments.csv,experiments/experiments.csv,NOT_ESTABLISHED_FROM_PATH,False,01215062a544a7275295ec4ab862d290c14f2a09:experiments/experiments.csv,MEDIUM_TEXTUAL_PROJECT_REFERENCE,168
d56f2372,project_repository,project_task_reference,llm_full_1000_frozen_v1.json,configs/llm_full_1000_frozen_v1.json,NOT_ESTABLISHED_FROM_PATH,True,01215062a544a7275295ec4ab862d290c14f2a09:configs/llm_full_1000_frozen_v1.json,MEDIUM_TEXTUAL_PROJECT_REFERENCE,28
d59b0160,project_repository,project_task_reference,run_regret_fast_v1.py,scripts/run_regret_fast_v1.py,NOT_ESTABLISHED_FROM_PATH,False,18215650ec259e5d43add943b7f1657ec45b09cc:scripts/run_regret_fast_v1.py,MEDIUM_TEXTUAL_PROJECT_REFERENCE,341008
d5c634a2,project_repository,prior_evaluation_or_development_reference,llm_program_synthesis_v2_pilot_50_qwen3_8b.json,configs/llm_program_synthesis_v2_pilot_50_qwen3_8b.json,NOT_ESTABLISHED_FROM_PATH,False,01215062a544a7275295ec4ab862d290c14f2a09:configs/llm_program_synthesis_v2_pilot_50_qwen3_8b.json,MEDIUM_TEXTUAL_PROJECT_REFERENCE,280
d5d6de2d,project_repository,prior_evaluation_or_development_reference,ARC2_NATIVE_TTT_AND_STRONG_VERIFIER_V1.json,configs/ARC2_NATIVE_TTT_AND_STRONG_VERIFIER_V1.json,NOT_ESTABLISHED_FROM_PATH,False,01215062a544a7275295ec4ab862d290c14f2a09:configs/ARC2_NATIVE_TTT_AND_STRONG_VERIFIER_V1.json,MEDIUM_TEXTUAL_PROJECT_REFERENCE,140
d631b094,project_repository,prior_evaluation_or_development_reference,llm_program_synthesis_v2_pilot_50_qwen3_8b.json,configs/llm_program_synthesis_v2_pilot_50_qwen3_8b.json,NOT_ESTABLISHED_FROM_PATH,False,01215062a544a7275295ec4ab862d290c14f2a09:configs/llm_program_synthesis_v2_pilot_50_qwen3_8b.json,MEDIUM_TEXTUAL_PROJECT_REFERENCE,280
d6542281,project_repository,project_task_reference,llm_full_1000_frozen_v1.json,configs/llm_full_1000_frozen_v1.json,NOT_ESTABLISHED_FROM_PATH,True,01215062a544a7275295ec4ab862d290c14f2a09:configs/llm_full_1000_frozen_v1.json,MEDIUM_TEXTUAL_PROJECT_REFERENCE,28
d687bc17,project_repository,prior_evaluation_or_development_reference,grad_proposal_runtime_intervention,research/grad_proposal_runtime_intervention/preliminary_results/untouched60_manifest.json,NOT_ESTABLISHED_FROM_PATH,True,01215062a544a7275295ec4ab862d290c14f2a09:research/grad_proposal_runtime_intervention/preliminary_results/untouched60_manifest.json,MEDIUM_TEXTUAL_PROJECT_REFERENCE,81
d6ad076f,project_repository,project_task_reference,llm_full_1000_frozen_v1.json,configs/llm_full_1000_frozen_v1.json,NOT_ESTABLISHED_FROM_PATH,True,01215062a544a7275295ec4ab862d290c14f2a09:configs/llm_full_1000_frozen_v1.json,MEDIUM_TEXTUAL_PROJECT_REFERENCE,28
d6e50e54,project_repository,project_task_reference,llm_challenge_like_frozen_v1.json,configs/llm_challenge_like_frozen_v1.json,NOT_ESTABLISHED_FROM_PATH,True,01215062a544a7275295ec4ab862d290c14f2a09:configs/llm_challenge_like_frozen_v1.json,MEDIUM_TEXTUAL_PROJECT_REFERENCE,56
d749d46f,project_repository,project_task_reference,llm_full_1000_frozen_v1.json,configs/llm_full_1000_frozen_v1.json,NOT_ESTABLISHED_FROM_PATH,True,01215062a544a7275295ec4ab862d290c14f2a09:configs/llm_full_1000_frozen_v1.json,MEDIUM_TEXTUAL_PROJECT_REFERENCE,28
d753a70b,project_repository,project_task_reference,llm_challenge_like_frozen_v1.json,configs/llm_challenge_like_frozen_v1.json,NOT_ESTABLISHED_FROM_PATH,True,01215062a544a7275295ec4ab862d290c14f2a09:configs/llm_challenge_like_frozen_v1.json,MEDIUM_TEXTUAL_PROJECT_REFERENCE,56
d89b689b,project_repository,project_task_reference,llm_challenge_like_frozen_v1.json,configs/llm_challenge_like_frozen_v1.json,NOT_ESTABLISHED_FROM_PATH,True,01215062a544a7275295ec4ab862d290c14f2a09:configs/llm_challenge_like_frozen_v1.json,MEDIUM_TEXTUAL_PROJECT_REFERENCE,56
d8c310e9,project_repository,project_task_reference,llm_full_1000_frozen_v1.json,configs/llm_full_1000_frozen_v1.json,NOT_ESTABLISHED_FROM_PATH,True,01215062a544a7275295ec4ab862d290c14f2a09:configs/llm_full_1000_frozen_v1.json,MEDIUM_TEXTUAL_PROJECT_REFERENCE,28
d8e07eb2,project_repository,project_task_reference,nonblind_development_loo_transfer30_v1,analysis/nonblind_development_loo_transfer30_v1/frozen_run_20260927T112700Z/exposure_audit.json,NOT_ESTABLISHED_FROM_PATH,True,01215062a544a7275295ec4ab862d290c14f2a09:analysis/nonblind_development_loo_transfer30_v1/frozen_run_20260927T112700Z/exposure_audit.json,MEDIUM_TEXTUAL_PROJECT_REFERENCE,43
d90796e8,project_repository,project_task_reference,llm_full_1000_frozen_v1.json,configs/llm_full_1000_frozen_v1.json,NOT_ESTABLISHED_FROM_PATH,True,01215062a544a7275295ec4ab862d290c14f2a09:configs/llm_full_1000_frozen_v1.json,MEDIUM_TEXTUAL_PROJECT_REFERENCE,28
d931c21c,project_repository,project_task_reference,llm_full_1000_frozen_v1.json,configs/llm_full_1000_frozen_v1.json,NOT_ESTABLISHED_FROM_PATH,True,01215062a544a7275295ec4ab862d290c14f2a09:configs/llm_full_1000_frozen_v1.json,MEDIUM_TEXTUAL_PROJECT_REFERENCE,56
d93c6891,project_repository,project_task_reference,llm_full_1000_frozen_v1.json,configs/llm_full_1000_frozen_v1.json,NOT_ESTABLISHED_FROM_PATH,True,01215062a544a7275295ec4ab862d290c14f2a09:configs/llm_full_1000_frozen_v1.json,MEDIUM_TEXTUAL_PROJECT_REFERENCE,28
d94c3b52,project_repository,prior_evaluation_or_development_reference,llm_program_synthesis_v2_pilot_50_qwen3_8b.json,configs/llm_program_synthesis_v2_pilot_50_qwen3_8b.json,NOT_ESTABLISHED_FROM_PATH,False,01215062a544a7275295ec4ab862d290c14f2a09:configs/llm_program_synthesis_v2_pilot_50_qwen3_8b.json,MEDIUM_TEXTUAL_PROJECT_REFERENCE,280
d968ffd4,project_repository,project_task_reference,llm_full_1000_frozen_v1.json,configs/llm_full_1000_frozen_v1.json,NOT_ESTABLISHED_FROM_PATH,True,01215062a544a7275295ec4ab862d290c14f2a09:configs/llm_full_1000_frozen_v1.json,MEDIUM_TEXTUAL_PROJECT_REFERENCE,28
d9f24cd1,project_repository,project_task_reference,llm_challenge_like_frozen_v1.json,configs/llm_challenge_like_frozen_v1.json,NOT_ESTABLISHED_FROM_PATH,True,01215062a544a7275295ec4ab862d290c14f2a09:configs/llm_challenge_like_frozen_v1.json,MEDIUM_TEXTUAL_PROJECT_REFERENCE,56
d9fac9be,project_repository,project_task_reference,llm_full_1000_frozen_v1.json,configs/llm_full_1000_frozen_v1.json,NOT_ESTABLISHED_FROM_PATH,True,01215062a544a7275295ec4ab862d290c14f2a09:configs/llm_full_1000_frozen_v1.json,MEDIUM_TEXTUAL_PROJECT_REFERENCE,56
da2b0fe3,project_repository,project_task_reference,llm_challenge_like_frozen_v1.json,configs/llm_challenge_like_frozen_v1.json,NOT_ESTABLISHED_FROM_PATH,True,01215062a544a7275295ec4ab862d290c14f2a09:configs/llm_challenge_like_frozen_v1.json,MEDIUM_TEXTUAL_PROJECT_REFERENCE,56
da515329,project_repository,project_task_reference,nonblind_development_loo_transfer30_v1,analysis/nonblind_development_loo_transfer30_v1/frozen_run_20260927T112700Z/loo_surface.csv,NOT_ESTABLISHED_FROM_PATH,True,01215062a544a7275295ec4ab862d290c14f2a09:analysis/nonblind_development_loo_transfer30_v1/frozen_run_20260927T112700Z/loo_surface.csv,MEDIUM_TEXTUAL_PROJECT_REFERENCE,2683
da6e95e5,project_repository,project_task_reference,llm_full_1000_frozen_v1.json,configs/llm_full_1000_frozen_v1.json,NOT_ESTABLISHED_FROM_PATH,True,01215062a544a7275295ec4ab862d290c14f2a09:configs/llm_full_1000_frozen_v1.json,MEDIUM_TEXTUAL_PROJECT_REFERENCE,28
dae9d2b5,project_repository,project_task_reference,llm_challenge_like_frozen_v1.json,configs/llm_challenge_like_frozen_v1.json,NOT_ESTABLISHED_FROM_PATH,True,01215062a544a7275295ec4ab862d290c14f2a09:configs/llm_challenge_like_frozen_v1.json,MEDIUM_TEXTUAL_PROJECT_REFERENCE,56
db0c5428,project_repository,prior_evaluation_or_development_reference,eval60_phase3_d48_aug8_r1024_archive_v1,artifacts/eval60_phase3_d48_aug8_r1024_archive_v1/manifests/SOURCE_FILE_MANIFEST.csv,NOT_ESTABLISHED_FROM_PATH,False,18215650ec259e5d43add943b7f1657ec45b09cc:artifacts/eval60_phase3_d48_aug8_r1024_archive_v1/manifests/SOURCE_FILE_MANIFEST.csv,MEDIUM_TEXTUAL_PROJECT_REFERENCE,11708
db118e2a,project_repository,project_task_reference,llm_full_1000_frozen_v1.json,configs/llm_full_1000_frozen_v1.json,NOT_ESTABLISHED_FROM_PATH,True,01215062a544a7275295ec4ab862d290c14f2a09:configs/llm_full_1000_frozen_v1.json,MEDIUM_TEXTUAL_PROJECT_REFERENCE,28
db3e9e38,project_repository,project_task_reference,llm_full_1000_frozen_v1.json,configs/llm_full_1000_frozen_v1.json,NOT_ESTABLISHED_FROM_PATH,True,01215062a544a7275295ec4ab862d290c14f2a09:configs/llm_full_1000_frozen_v1.json,MEDIUM_TEXTUAL_PROJECT_REFERENCE,28
db615bd4,project_repository,project_task_reference,llm_full_1000_frozen_v1.json,configs/llm_full_1000_frozen_v1.json,NOT_ESTABLISHED_FROM_PATH,True,01215062a544a7275295ec4ab862d290c14f2a09:configs/llm_full_1000_frozen_v1.json,MEDIUM_TEXTUAL_PROJECT_REFERENCE,28
db695cfb,project_repository,project_task_reference,nonblind_development_loo_transfer30_v1,analysis/nonblind_development_loo_transfer30_v1/frozen_run_20260927T112700Z/exposure_audit.json,NOT_ESTABLISHED_FROM_PATH,True,01215062a544a7275295ec4ab862d290c14f2a09:analysis/nonblind_development_loo_transfer30_v1/frozen_run_20260927T112700Z/exposure_audit.json,MEDIUM_TEXTUAL_PROJECT_REFERENCE,43
db7260a4,project_repository,project_task_reference,llm_full_1000_frozen_v1.json,configs/llm_full_1000_frozen_v1.json,NOT_ESTABLISHED_FROM_PATH,True,01215062a544a7275295ec4ab862d290c14f2a09:configs/llm_full_1000_frozen_v1.json,MEDIUM_TEXTUAL_PROJECT_REFERENCE,28
db93a21d,project_repository,project_task_reference,llm_full_1000_frozen_v1.json,configs/llm_full_1000_frozen_v1.json,NOT_ESTABLISHED_FROM_PATH,True,01215062a544a7275295ec4ab862d290c14f2a09:configs/llm_full_1000_frozen_v1.json,MEDIUM_TEXTUAL_PROJECT_REFERENCE,56
dbc1a6ce,project_repository,prior_evaluation_or_development_reference,ARC2_NATIVE_TTT_AND_STRONG_VERIFIER_V1.json,configs/ARC2_NATIVE_TTT_AND_STRONG_VERIFIER_V1.json,NOT_ESTABLISHED_FROM_PATH,False,01215062a544a7275295ec4ab862d290c14f2a09:configs/ARC2_NATIVE_TTT_AND_STRONG_VERIFIER_V1.json,MEDIUM_TEXTUAL_PROJECT_REFERENCE,56
dbff022c,project_repository,project_task_reference,nonblind_development_loo_transfer30_v1,analysis/nonblind_development_loo_transfer30_v1/frozen_run_20260927T112700Z/exposure_audit.json,NOT_ESTABLISHED_FROM_PATH,True,01215062a544a7275295ec4ab862d290c14f2a09:analysis/nonblind_development_loo_transfer30_v1/frozen_run_20260927T112700Z/exposure_audit.json,MEDIUM_TEXTUAL_PROJECT_REFERENCE,43
dc1df850,project_repository,project_task_reference,llm_full_1000_frozen_v1.json,configs/llm_full_1000_frozen_v1.json,NOT_ESTABLISHED_FROM_PATH,True,01215062a544a7275295ec4ab862d290c14f2a09:configs/llm_full_1000_frozen_v1.json,MEDIUM_TEXTUAL_PROJECT_REFERENCE,56
dc2aa30b,project_repository,project_task_reference,llm_full_1000_frozen_v1.json,configs/llm_full_1000_frozen_v1.json,NOT_ESTABLISHED_FROM_PATH,True,01215062a544a7275295ec4ab862d290c14f2a09:configs/llm_full_1000_frozen_v1.json,MEDIUM_TEXTUAL_PROJECT_REFERENCE,28
dc2e9a9d,project_repository,project_task_reference,public_reference_ablation_partial_v32.md,reports/public_reference_ablation_partial_v32.md,NOT_ESTABLISHED_FROM_PATH,False,01215062a544a7275295ec4ab862d290c14f2a09:reports/public_reference_ablation_partial_v32.md,MEDIUM_TEXTUAL_PROJECT_REFERENCE,56
dc433765,project_repository,project_task_reference,llm_full_1000_frozen_v1.json,configs/llm_full_1000_frozen_v1.json,NOT_ESTABLISHED_FROM_PATH,True,01215062a544a7275295ec4ab862d290c14f2a09:configs/llm_full_1000_frozen_v1.json,MEDIUM_TEXTUAL_PROJECT_REFERENCE,56
dc46ea44,project_repository,project_task_reference,llm_full_1000_frozen_v1.json,configs/llm_full_1000_frozen_v1.json,NOT_ESTABLISHED_FROM_PATH,True,01215062a544a7275295ec4ab862d290c14f2a09:configs/llm_full_1000_frozen_v1.json,MEDIUM_TEXTUAL_PROJECT_REFERENCE,28
dce56571,project_repository,project_task_reference,llm_full_1000_frozen_v1.json,configs/llm_full_1000_frozen_v1.json,NOT_ESTABLISHED_FROM_PATH,True,01215062a544a7275295ec4ab862d290c14f2a09:configs/llm_full_1000_frozen_v1.json,MEDIUM_TEXTUAL_PROJECT_REFERENCE,56
dd2401ed,project_repository,project_task_reference,llm_full_1000_frozen_v1.json,configs/llm_full_1000_frozen_v1.json,NOT_ESTABLISHED_FROM_PATH,True,01215062a544a7275295ec4ab862d290c14f2a09:configs/llm_full_1000_frozen_v1.json,MEDIUM_TEXTUAL_PROJECT_REFERENCE,28
dd6b8c4b,project_repository,prior_evaluation_or_development_reference,eval60_phase3_d48_aug8_r1024_archive_v1,artifacts/eval60_phase3_d48_aug8_r1024_archive_v1/manifests/SOURCE_FILE_MANIFEST.csv,NOT_ESTABLISHED_FROM_PATH,False,18215650ec259e5d43add943b7f1657ec45b09cc:artifacts/eval60_phase3_d48_aug8_r1024_archive_v1/manifests/SOURCE_FILE_MANIFEST.csv,MEDIUM_TEXTUAL_PROJECT_REFERENCE,126830
ddf7fa4f,project_repository,project_task_reference,llm_full_1000_frozen_v1.json,configs/llm_full_1000_frozen_v1.json,NOT_ESTABLISHED_FROM_PATH,True,01215062a544a7275295ec4ab862d290c14f2a09:configs/llm_full_1000_frozen_v1.json,MEDIUM_TEXTUAL_PROJECT_REFERENCE,28
de1cd16c,project_repository,project_task_reference,llm_full_1000_frozen_v1.json,configs/llm_full_1000_frozen_v1.json,NOT_ESTABLISHED_FROM_PATH,True,01215062a544a7275295ec4ab862d290c14f2a09:configs/llm_full_1000_frozen_v1.json,MEDIUM_TEXTUAL_PROJECT_REFERENCE,28
de493100,project_repository,project_task_reference,llm_full_1000_frozen_v1.json,configs/llm_full_1000_frozen_v1.json,NOT_ESTABLISHED_FROM_PATH,True,01215062a544a7275295ec4ab862d290c14f2a09:configs/llm_full_1000_frozen_v1.json,MEDIUM_TEXTUAL_PROJECT_REFERENCE,56
de809cff,project_repository,prior_evaluation_or_development_reference,l4_dual_ttt_dfs1024_bench_v1,experiments/l4_dual_ttt_dfs1024_bench_v1/BENCHMARK_TASK_IDS.json,NOT_ESTABLISHED_FROM_PATH,False,4254d94eebbbbff1d7ca3924a20390d2dd2bfaeb:experiments/l4_dual_ttt_dfs1024_bench_v1/BENCHMARK_TASK_IDS.json,MEDIUM_TEXTUAL_PROJECT_REFERENCE,9617
ded97339,project_repository,project_task_reference,llm_challenge_like_frozen_v1.json,configs/llm_challenge_like_frozen_v1.json,NOT_ESTABLISHED_FROM_PATH,True,01215062a544a7275295ec4ab862d290c14f2a09:configs/llm_challenge_like_frozen_v1.json,MEDIUM_TEXTUAL_PROJECT_REFERENCE,56
df8cc377,project_repository,project_task_reference,llm_full_1000_frozen_v1.json,configs/llm_full_1000_frozen_v1.json,NOT_ESTABLISHED_FROM_PATH,True,01215062a544a7275295ec4ab862d290c14f2a09:configs/llm_full_1000_frozen_v1.json,MEDIUM_TEXTUAL_PROJECT_REFERENCE,56
df978a02,project_repository,project_task_reference,llm_full_1000_frozen_v1.json,configs/llm_full_1000_frozen_v1.json,NOT_ESTABLISHED_FROM_PATH,True,01215062a544a7275295ec4ab862d290c14f2a09:configs/llm_full_1000_frozen_v1.json,MEDIUM_TEXTUAL_PROJECT_REFERENCE,28
df9fd884,project_repository,project_task_reference,llm_full_1000_frozen_v1.json,configs/llm_full_1000_frozen_v1.json,NOT_ESTABLISHED_FROM_PATH,True,01215062a544a7275295ec4ab862d290c14f2a09:configs/llm_full_1000_frozen_v1.json,MEDIUM_TEXTUAL_PROJECT_REFERENCE,56
dfadab01,project_repository,prior_evaluation_or_development_reference,adaptive_ttt_step1_depth_view_confidence_v1,artifacts/adaptive_ttt_step1_depth_view_confidence_v1/checkpoints/cells/dfadab01/depth-00-rot180.json,NOT_ESTABLISHED_FROM_PATH,False,01215062a544a7275295ec4ab862d290c14f2a09:artifacts/adaptive_ttt_step1_depth_view_confidence_v1/checkpoints/cells/dfadab01/depth-00-rot180.json,MEDIUM_TEXTUAL_PROJECT_REFERENCE,15280
e048c9ed,project_repository,project_task_reference,llm_full_1000_frozen_v1.json,configs/llm_full_1000_frozen_v1.json,NOT_ESTABLISHED_FROM_PATH,True,01215062a544a7275295ec4ab862d290c14f2a09:configs/llm_full_1000_frozen_v1.json,MEDIUM_TEXTUAL_PROJECT_REFERENCE,56
e0fb7511,project_repository,project_task_reference,llm_full_1000_frozen_v1.json,configs/llm_full_1000_frozen_v1.json,NOT_ESTABLISHED_FROM_PATH,True,01215062a544a7275295ec4ab862d290c14f2a09:configs/llm_full_1000_frozen_v1.json,MEDIUM_TEXTUAL_PROJECT_REFERENCE,28
e12f9a14,project_repository,project_task_reference,nonblind_development_loo_transfer30_v1,analysis/nonblind_development_loo_transfer30_v1/frozen_run_20260927T112700Z/loo_surface.csv,NOT_ESTABLISHED_FROM_PATH,True,01215062a544a7275295ec4ab862d290c14f2a09:analysis/nonblind_development_loo_transfer30_v1/frozen_run_20260927T112700Z/loo_surface.csv,MEDIUM_TEXTUAL_PROJECT_REFERENCE,3643
e133d23d,project_repository,project_task_reference,llm_full_1000_frozen_v1.json,configs/llm_full_1000_frozen_v1.json,NOT_ESTABLISHED_FROM_PATH,True,01215062a544a7275295ec4ab862d290c14f2a09:configs/llm_full_1000_frozen_v1.json,MEDIUM_TEXTUAL_PROJECT_REFERENCE,56
e179c5f4,project_repository,project_task_reference,llm_full_1000_frozen_v1.json,configs/llm_full_1000_frozen_v1.json,NOT_ESTABLISHED_FROM_PATH,True,01215062a544a7275295ec4ab862d290c14f2a09:configs/llm_full_1000_frozen_v1.json,MEDIUM_TEXTUAL_PROJECT_REFERENCE,56
e1baa8a4,project_repository,project_task_reference,llm_full_1000_frozen_v1.json,configs/llm_full_1000_frozen_v1.json,NOT_ESTABLISHED_FROM_PATH,True,01215062a544a7275295ec4ab862d290c14f2a09:configs/llm_full_1000_frozen_v1.json,MEDIUM_TEXTUAL_PROJECT_REFERENCE,56
e1d2900e,project_repository,project_task_reference,llm_challenge_like_frozen_v1.json,configs/llm_challenge_like_frozen_v1.json,NOT_ESTABLISHED_FROM_PATH,True,01215062a544a7275295ec4ab862d290c14f2a09:configs/llm_challenge_like_frozen_v1.json,MEDIUM_TEXTUAL_PROJECT_REFERENCE,56
e2092e0c,project_repository,project_task_reference,llm_challenge_like_frozen_v1.json,configs/llm_challenge_like_frozen_v1.json,NOT_ESTABLISHED_FROM_PATH,True,01215062a544a7275295ec4ab862d290c14f2a09:configs/llm_challenge_like_frozen_v1.json,MEDIUM_TEXTUAL_PROJECT_REFERENCE,56
e21a174a,project_repository,project_task_reference,llm_full_1000_frozen_v1.json,configs/llm_full_1000_frozen_v1.json,NOT_ESTABLISHED_FROM_PATH,True,01215062a544a7275295ec4ab862d290c14f2a09:configs/llm_full_1000_frozen_v1.json,MEDIUM_TEXTUAL_PROJECT_REFERENCE,28
e21d9049,project_repository,project_task_reference,llm_full_1000_frozen_v1.json,configs/llm_full_1000_frozen_v1.json,NOT_ESTABLISHED_FROM_PATH,True,01215062a544a7275295ec4ab862d290c14f2a09:configs/llm_full_1000_frozen_v1.json,MEDIUM_TEXTUAL_PROJECT_REFERENCE,28
e26a3af2,project_repository,project_task_reference,llm_full_1000_frozen_v1.json,configs/llm_full_1000_frozen_v1.json,NOT_ESTABLISHED_FROM_PATH,True,01215062a544a7275295ec4ab862d290c14f2a09:configs/llm_full_1000_frozen_v1.json,MEDIUM_TEXTUAL_PROJECT_REFERENCE,56
e345f17b,project_repository,project_task_reference,llm_full_1000_frozen_v1.json,configs/llm_full_1000_frozen_v1.json,NOT_ESTABLISHED_FROM_PATH,True,01215062a544a7275295ec4ab862d290c14f2a09:configs/llm_full_1000_frozen_v1.json,MEDIUM_TEXTUAL_PROJECT_REFERENCE,28
e3497940,project_repository,project_task_reference,llm_full_1000_frozen_v1.json,configs/llm_full_1000_frozen_v1.json,NOT_ESTABLISHED_FROM_PATH,True,01215062a544a7275295ec4ab862d290c14f2a09:configs/llm_full_1000_frozen_v1.json,MEDIUM_TEXTUAL_PROJECT_REFERENCE,56
e3721c99,project_repository,prior_evaluation_or_development_reference,eval60_phase3_d24_aug8_r1024_archive_v1,artifacts/eval60_phase3_d24_aug8_r1024_archive_v1/receipts/output_hashes/e3721c99_o1.json,NOT_ESTABLISHED_FROM_PATH,False,18215650ec259e5d43add943b7f1657ec45b09cc:artifacts/eval60_phase3_d24_aug8_r1024_archive_v1/receipts/output_hashes/e3721c99_o1.json,MEDIUM_TEXTUAL_PROJECT_REFERENCE,19850
e376de54,project_repository,prior_evaluation_or_development_reference,eval60_phase3_d48_aug8_r1024_archive_v1,artifacts/eval60_phase3_d48_aug8_r1024_archive_v1/manifests/SOURCE_FILE_MANIFEST.csv,NOT_ESTABLISHED_FROM_PATH,False,18215650ec259e5d43add943b7f1657ec45b09cc:artifacts/eval60_phase3_d48_aug8_r1024_archive_v1/manifests/SOURCE_FILE_MANIFEST.csv,MEDIUM_TEXTUAL_PROJECT_REFERENCE,7952
e39e9282,project_repository,project_task_reference,llm_full_1000_frozen_v1.json,configs/llm_full_1000_frozen_v1.json,NOT_ESTABLISHED_FROM_PATH,True,01215062a544a7275295ec4ab862d290c14f2a09:configs/llm_full_1000_frozen_v1.json,MEDIUM_TEXTUAL_PROJECT_REFERENCE,28
e3f79277,project_repository,project_task_reference,llm_challenge_like_frozen_v1.json,configs/llm_challenge_like_frozen_v1.json,NOT_ESTABLISHED_FROM_PATH,True,01215062a544a7275295ec4ab862d290c14f2a09:configs/llm_challenge_like_frozen_v1.json,MEDIUM_TEXTUAL_PROJECT_REFERENCE,56
e3fe1151,project_repository,project_task_reference,build_dynamic_b_gpu_smoke_notebook.py,scripts/build_dynamic_b_gpu_smoke_notebook.py,NOT_ESTABLISHED_FROM_PATH,False,01215062a544a7275295ec4ab862d290c14f2a09:scripts/build_dynamic_b_gpu_smoke_notebook.py,MEDIUM_TEXTUAL_PROJECT_REFERENCE,140
e4075551,project_repository,project_task_reference,llm_challenge_like_frozen_v1.json,configs/llm_challenge_like_frozen_v1.json,NOT_ESTABLISHED_FROM_PATH,True,01215062a544a7275295ec4ab862d290c14f2a09:configs/llm_challenge_like_frozen_v1.json,MEDIUM_TEXTUAL_PROJECT_REFERENCE,56
e40b9e2f,project_repository,project_task_reference,llm_challenge_like_frozen_v1.json,configs/llm_challenge_like_frozen_v1.json,NOT_ESTABLISHED_FROM_PATH,True,01215062a544a7275295ec4ab862d290c14f2a09:configs/llm_challenge_like_frozen_v1.json,MEDIUM_TEXTUAL_PROJECT_REFERENCE,56
e41c6fd3,project_repository,prior_evaluation_or_development_reference,ARC2_NATIVE_TTT_AND_STRONG_VERIFIER_V1.json,configs/ARC2_NATIVE_TTT_AND_STRONG_VERIFIER_V1.json,NOT_ESTABLISHED_FROM_PATH,False,01215062a544a7275295ec4ab862d290c14f2a09:configs/ARC2_NATIVE_TTT_AND_STRONG_VERIFIER_V1.json,MEDIUM_TEXTUAL_PROJECT_REFERENCE,140
e45ef808,project_repository,project_task_reference,llm_full_1000_frozen_v1.json,configs/llm_full_1000_frozen_v1.json,NOT_ESTABLISHED_FROM_PATH,True,01215062a544a7275295ec4ab862d290c14f2a09:configs/llm_full_1000_frozen_v1.json,MEDIUM_TEXTUAL_PROJECT_REFERENCE,28
e4888269,project_repository,prior_evaluation_or_development_reference,grad_proposal_runtime_intervention,research/grad_proposal_runtime_intervention/preliminary_results/untouched60_manifest.json,NOT_ESTABLISHED_FROM_PATH,True,01215062a544a7275295ec4ab862d290c14f2a09:research/grad_proposal_runtime_intervention/preliminary_results/untouched60_manifest.json,MEDIUM_TEXTUAL_PROJECT_REFERENCE,81
e48d4e1a,project_repository,project_task_reference,public_reference_ablation_partial_v32.md,reports/public_reference_ablation_partial_v32.md,NOT_ESTABLISHED_FROM_PATH,False,01215062a544a7275295ec4ab862d290c14f2a09:reports/public_reference_ablation_partial_v32.md,MEDIUM_TEXTUAL_PROJECT_REFERENCE,56
e4941b18,project_repository,project_task_reference,llm_full_1000_frozen_v1.json,configs/llm_full_1000_frozen_v1.json,NOT_ESTABLISHED_FROM_PATH,True,01215062a544a7275295ec4ab862d290c14f2a09:configs/llm_full_1000_frozen_v1.json,MEDIUM_TEXTUAL_PROJECT_REFERENCE,56
e5062a87,project_repository,project_task_reference,llm_full_1000_frozen_v1.json,configs/llm_full_1000_frozen_v1.json,NOT_ESTABLISHED_FROM_PATH,True,01215062a544a7275295ec4ab862d290c14f2a09:configs/llm_full_1000_frozen_v1.json,MEDIUM_TEXTUAL_PROJECT_REFERENCE,28
e509e548,project_repository,project_task_reference,llm_full_1000_frozen_v1.json,configs/llm_full_1000_frozen_v1.json,NOT_ESTABLISHED_FROM_PATH,True,01215062a544a7275295ec4ab862d290c14f2a09:configs/llm_full_1000_frozen_v1.json,MEDIUM_TEXTUAL_PROJECT_REFERENCE,56
e50d258f,project_repository,project_task_reference,llm_full_1000_frozen_v1.json,configs/llm_full_1000_frozen_v1.json,NOT_ESTABLISHED_FROM_PATH,True,01215062a544a7275295ec4ab862d290c14f2a09:configs/llm_full_1000_frozen_v1.json,MEDIUM_TEXTUAL_PROJECT_REFERENCE,84
e57337a4,project_repository,project_task_reference,llm_full_1000_frozen_v1.json,configs/llm_full_1000_frozen_v1.json,NOT_ESTABLISHED_FROM_PATH,True,01215062a544a7275295ec4ab862d290c14f2a09:configs/llm_full_1000_frozen_v1.json,MEDIUM_TEXTUAL_PROJECT_REFERENCE,112
e5790162,project_repository,project_task_reference,llm_full_1000_frozen_v1.json,configs/llm_full_1000_frozen_v1.json,NOT_ESTABLISHED_FROM_PATH,True,01215062a544a7275295ec4ab862d290c14f2a09:configs/llm_full_1000_frozen_v1.json,MEDIUM_TEXTUAL_PROJECT_REFERENCE,28
e5c44e8f,project_repository,project_task_reference,llm_challenge_like_frozen_v1.json,configs/llm_challenge_like_frozen_v1.json,NOT_ESTABLISHED_FROM_PATH,True,01215062a544a7275295ec4ab862d290c14f2a09:configs/llm_challenge_like_frozen_v1.json,MEDIUM_TEXTUAL_PROJECT_REFERENCE,56
e619ca6e,project_repository,project_task_reference,llm_full_1000_frozen_v1.json,configs/llm_full_1000_frozen_v1.json,NOT_ESTABLISHED_FROM_PATH,True,01215062a544a7275295ec4ab862d290c14f2a09:configs/llm_full_1000_frozen_v1.json,MEDIUM_TEXTUAL_PROJECT_REFERENCE,56
e633a9e5,project_repository,prior_evaluation_or_development_reference,grad_proposal_runtime_intervention,research/grad_proposal_runtime_intervention/preliminary_results/untouched60_manifest.json,NOT_ESTABLISHED_FROM_PATH,True,01215062a544a7275295ec4ab862d290c14f2a09:research/grad_proposal_runtime_intervention/preliminary_results/untouched60_manifest.json,MEDIUM_TEXTUAL_PROJECT_REFERENCE,81
e6721834,project_repository,project_task_reference,llm_full_1000_frozen_v1.json,configs/llm_full_1000_frozen_v1.json,NOT_ESTABLISHED_FROM_PATH,True,01215062a544a7275295ec4ab862d290c14f2a09:configs/llm_full_1000_frozen_v1.json,MEDIUM_TEXTUAL_PROJECT_REFERENCE,28
e681b708,project_repository,prior_evaluation_or_development_reference,llm_program_synthesis_v2_pilot_50_qwen3_8b.json,configs/llm_program_synthesis_v2_pilot_50_qwen3_8b.json,NOT_ESTABLISHED_FROM_PATH,False,01215062a544a7275295ec4ab862d290c14f2a09:configs/llm_program_synthesis_v2_pilot_50_qwen3_8b.json,MEDIUM_TEXTUAL_PROJECT_REFERENCE,280
e69241bd,project_repository,project_task_reference,public_reference_ablation_partial_v32.md,reports/public_reference_ablation_partial_v32.md,NOT_ESTABLISHED_FROM_PATH,False,01215062a544a7275295ec4ab862d290c14f2a09:reports/public_reference_ablation_partial_v32.md,MEDIUM_TEXTUAL_PROJECT_REFERENCE,56
e6de6e8f,project_repository,prior_evaluation_or_development_reference,grad_proposal_runtime_intervention,research/grad_proposal_runtime_intervention/preliminary_results/untouched60_manifest.json,NOT_ESTABLISHED_FROM_PATH,True,01215062a544a7275295ec4ab862d290c14f2a09:research/grad_proposal_runtime_intervention/preliminary_results/untouched60_manifest.json,MEDIUM_TEXTUAL_PROJECT_REFERENCE,81
e729b7be,project_repository,prior_evaluation_or_development_reference,llm_program_synthesis_v2_pilot_50_qwen3_8b.json,configs/llm_program_synthesis_v2_pilot_50_qwen3_8b.json,NOT_ESTABLISHED_FROM_PATH,False,01215062a544a7275295ec4ab862d290c14f2a09:configs/llm_program_synthesis_v2_pilot_50_qwen3_8b.json,MEDIUM_TEXTUAL_PROJECT_REFERENCE,336
e73095fd,project_repository,project_task_reference,llm_challenge_like_frozen_v1.json,configs/llm_challenge_like_frozen_v1.json,NOT_ESTABLISHED_FROM_PATH,True,01215062a544a7275295ec4ab862d290c14f2a09:configs/llm_challenge_like_frozen_v1.json,MEDIUM_TEXTUAL_PROJECT_REFERENCE,56
e734a0e8,project_repository,project_task_reference,llm_full_1000_frozen_v1.json,configs/llm_full_1000_frozen_v1.json,NOT_ESTABLISHED_FROM_PATH,True,01215062a544a7275295ec4ab862d290c14f2a09:configs/llm_full_1000_frozen_v1.json,MEDIUM_TEXTUAL_PROJECT_REFERENCE,56
e74e1818,project_repository,project_task_reference,llm_full_1000_frozen_v1.json,configs/llm_full_1000_frozen_v1.json,NOT_ESTABLISHED_FROM_PATH,True,01215062a544a7275295ec4ab862d290c14f2a09:configs/llm_full_1000_frozen_v1.json,MEDIUM_TEXTUAL_PROJECT_REFERENCE,28
e760a62e,project_repository,project_task_reference,llm_challenge_like_frozen_v1.json,configs/llm_challenge_like_frozen_v1.json,NOT_ESTABLISHED_FROM_PATH,True,01215062a544a7275295ec4ab862d290c14f2a09:configs/llm_challenge_like_frozen_v1.json,MEDIUM_TEXTUAL_PROJECT_REFERENCE,56
e7639916,project_repository,prior_evaluation_or_development_reference,llm_program_synthesis_v2_pilot_50_qwen3_8b.json,configs/llm_program_synthesis_v2_pilot_50_qwen3_8b.json,NOT_ESTABLISHED_FROM_PATH,False,01215062a544a7275295ec4ab862d290c14f2a09:configs/llm_program_synthesis_v2_pilot_50_qwen3_8b.json,MEDIUM_TEXTUAL_PROJECT_REFERENCE,364
e76a88a6,project_repository,project_task_reference,llm_full_1000_frozen_v1.json,configs/llm_full_1000_frozen_v1.json,NOT_ESTABLISHED_FROM_PATH,True,01215062a544a7275295ec4ab862d290c14f2a09:configs/llm_full_1000_frozen_v1.json,MEDIUM_TEXTUAL_PROJECT_REFERENCE,56
e78887d1,project_repository,prior_evaluation_or_development_reference,grad_proposal_runtime_intervention,research/grad_proposal_runtime_intervention/preliminary_results/untouched60_manifest.json,NOT_ESTABLISHED_FROM_PATH,True,01215062a544a7275295ec4ab862d290c14f2a09:research/grad_proposal_runtime_intervention/preliminary_results/untouched60_manifest.json,MEDIUM_TEXTUAL_PROJECT_REFERENCE,81
e7a25a18,project_repository,project_task_reference,llm_full_1000_frozen_v1.json,configs/llm_full_1000_frozen_v1.json,NOT_ESTABLISHED_FROM_PATH,True,01215062a544a7275295ec4ab862d290c14f2a09:configs/llm_full_1000_frozen_v1.json,MEDIUM_TEXTUAL_PROJECT_REFERENCE,56
e7b06bea,project_repository,project_task_reference,llm_full_1000_frozen_v1.json,configs/llm_full_1000_frozen_v1.json,NOT_ESTABLISHED_FROM_PATH,True,01215062a544a7275295ec4ab862d290c14f2a09:configs/llm_full_1000_frozen_v1.json,MEDIUM_TEXTUAL_PROJECT_REFERENCE,28
e7dd8335,project_repository,project_task_reference,llm_full_1000_frozen_v1.json,configs/llm_full_1000_frozen_v1.json,NOT_ESTABLISHED_FROM_PATH,True,01215062a544a7275295ec4ab862d290c14f2a09:configs/llm_full_1000_frozen_v1.json,MEDIUM_TEXTUAL_PROJECT_REFERENCE,112
e84fef15,project_repository,project_task_reference,llm_full_1000_frozen_v1.json,configs/llm_full_1000_frozen_v1.json,NOT_ESTABLISHED_FROM_PATH,True,01215062a544a7275295ec4ab862d290c14f2a09:configs/llm_full_1000_frozen_v1.json,MEDIUM_TEXTUAL_PROJECT_REFERENCE,28
e8593010,project_repository,project_task_reference,llm_challenge_like_frozen_v1.json,configs/llm_challenge_like_frozen_v1.json,NOT_ESTABLISHED_FROM_PATH,True,01215062a544a7275295ec4ab862d290c14f2a09:configs/llm_challenge_like_frozen_v1.json,MEDIUM_TEXTUAL_PROJECT_REFERENCE,56
e8686506,project_repository,project_task_reference,nonblind_development_loo_transfer30_v1,analysis/nonblind_development_loo_transfer30_v1/frozen_run_20260927T112700Z/exposure_audit.json,NOT_ESTABLISHED_FROM_PATH,True,01215062a544a7275295ec4ab862d290c14f2a09:analysis/nonblind_development_loo_transfer30_v1/frozen_run_20260927T112700Z/exposure_audit.json,MEDIUM_TEXTUAL_PROJECT_REFERENCE,43
e87109e9,project_repository,project_task_reference,nonblind_development_loo_transfer30_v1,analysis/nonblind_development_loo_transfer30_v1/frozen_run_20260927T112700Z/loo_surface.csv,NOT_ESTABLISHED_FROM_PATH,True,01215062a544a7275295ec4ab862d290c14f2a09:analysis/nonblind_development_loo_transfer30_v1/frozen_run_20260927T112700Z/loo_surface.csv,MEDIUM_TEXTUAL_PROJECT_REFERENCE,23382
e872b94a,project_repository,project_task_reference,llm_full_1000_frozen_v1.json,configs/llm_full_1000_frozen_v1.json,NOT_ESTABLISHED_FROM_PATH,True,01215062a544a7275295ec4ab862d290c14f2a09:configs/llm_full_1000_frozen_v1.json,MEDIUM_TEXTUAL_PROJECT_REFERENCE,28
e88171ec,project_repository,project_task_reference,llm_full_1000_frozen_v1.json,configs/llm_full_1000_frozen_v1.json,NOT_ESTABLISHED_FROM_PATH,True,01215062a544a7275295ec4ab862d290c14f2a09:configs/llm_full_1000_frozen_v1.json,MEDIUM_TEXTUAL_PROJECT_REFERENCE,28
e8dc4411,project_repository,project_task_reference,llm_full_1000_frozen_v1.json,configs/llm_full_1000_frozen_v1.json,NOT_ESTABLISHED_FROM_PATH,True,01215062a544a7275295ec4ab862d290c14f2a09:configs/llm_full_1000_frozen_v1.json,MEDIUM_TEXTUAL_PROJECT_REFERENCE,56
e9614598,project_repository,project_task_reference,llm_full_1000_frozen_v1.json,configs/llm_full_1000_frozen_v1.json,NOT_ESTABLISHED_FROM_PATH,True,01215062a544a7275295ec4ab862d290c14f2a09:configs/llm_full_1000_frozen_v1.json,MEDIUM_TEXTUAL_PROJECT_REFERENCE,56
e98196ab,project_repository,project_task_reference,llm_full_1000_frozen_v1.json,configs/llm_full_1000_frozen_v1.json,NOT_ESTABLISHED_FROM_PATH,True,01215062a544a7275295ec4ab862d290c14f2a09:configs/llm_full_1000_frozen_v1.json,MEDIUM_TEXTUAL_PROJECT_REFERENCE,28
e99362f0,project_repository,prior_evaluation_or_development_reference,llm_program_synthesis_v2_pilot_50_qwen3_8b.json,configs/llm_program_synthesis_v2_pilot_50_qwen3_8b.json,NOT_ESTABLISHED_FROM_PATH,False,01215062a544a7275295ec4ab862d290c14f2a09:configs/llm_program_synthesis_v2_pilot_50_qwen3_8b.json,MEDIUM_TEXTUAL_PROJECT_REFERENCE,280
e9ac8c9e,project_repository,project_task_reference,public_reference_ablation_partial_v32.md,reports/public_reference_ablation_partial_v32.md,NOT_ESTABLISHED_FROM_PATH,False,01215062a544a7275295ec4ab862d290c14f2a09:reports/public_reference_ablation_partial_v32.md,MEDIUM_TEXTUAL_PROJECT_REFERENCE,56
e9afcf9a,project_repository,project_task_reference,llm_full_1000_frozen_v1.json,configs/llm_full_1000_frozen_v1.json,NOT_ESTABLISHED_FROM_PATH,True,01215062a544a7275295ec4ab862d290c14f2a09:configs/llm_full_1000_frozen_v1.json,MEDIUM_TEXTUAL_PROJECT_REFERENCE,28
e9b4f6fc,project_repository,prior_evaluation_or_development_reference,ARC2_NATIVE_TTT_AND_STRONG_VERIFIER_V1.json,configs/ARC2_NATIVE_TTT_AND_STRONG_VERIFIER_V1.json,NOT_ESTABLISHED_FROM_PATH,False,01215062a544a7275295ec4ab862d290c14f2a09:configs/ARC2_NATIVE_TTT_AND_STRONG_VERIFIER_V1.json,MEDIUM_TEXTUAL_PROJECT_REFERENCE,84
e9bb6954,project_repository,project_task_reference,llm_full_1000_frozen_v1.json,configs/llm_full_1000_frozen_v1.json,NOT_ESTABLISHED_FROM_PATH,True,01215062a544a7275295ec4ab862d290c14f2a09:configs/llm_full_1000_frozen_v1.json,MEDIUM_TEXTUAL_PROJECT_REFERENCE,28
e9c9d9a1,project_repository,prior_evaluation_or_development_reference,grad_proposal_runtime_intervention,research/grad_proposal_runtime_intervention/preliminary_results/untouched60_manifest.json,NOT_ESTABLISHED_FROM_PATH,True,01215062a544a7275295ec4ab862d290c14f2a09:research/grad_proposal_runtime_intervention/preliminary_results/untouched60_manifest.json,MEDIUM_TEXTUAL_PROJECT_REFERENCE,81
e9fc42f2,project_repository,project_task_reference,llm_full_1000_frozen_v1.json,configs/llm_full_1000_frozen_v1.json,NOT_ESTABLISHED_FROM_PATH,True,01215062a544a7275295ec4ab862d290c14f2a09:configs/llm_full_1000_frozen_v1.json,MEDIUM_TEXTUAL_PROJECT_REFERENCE,56
ea32f347,project_repository,project_task_reference,llm_full_1000_frozen_v1.json,configs/llm_full_1000_frozen_v1.json,NOT_ESTABLISHED_FROM_PATH,True,01215062a544a7275295ec4ab862d290c14f2a09:configs/llm_full_1000_frozen_v1.json,MEDIUM_TEXTUAL_PROJECT_REFERENCE,56
ea786f4a,project_repository,project_task_reference,llm_full_1000_frozen_v1.json,configs/llm_full_1000_frozen_v1.json,NOT_ESTABLISHED_FROM_PATH,True,01215062a544a7275295ec4ab862d290c14f2a09:configs/llm_full_1000_frozen_v1.json,MEDIUM_TEXTUAL_PROJECT_REFERENCE,28
ea959feb,project_repository,project_task_reference,llm_full_1000_frozen_v1.json,configs/llm_full_1000_frozen_v1.json,NOT_ESTABLISHED_FROM_PATH,True,01215062a544a7275295ec4ab862d290c14f2a09:configs/llm_full_1000_frozen_v1.json,MEDIUM_TEXTUAL_PROJECT_REFERENCE,56
ea9794b1,project_repository,project_task_reference,llm_full_1000_frozen_v1.json,configs/llm_full_1000_frozen_v1.json,NOT_ESTABLISHED_FROM_PATH,True,01215062a544a7275295ec4ab862d290c14f2a09:configs/llm_full_1000_frozen_v1.json,MEDIUM_TEXTUAL_PROJECT_REFERENCE,56
eb281b96,project_repository,project_task_reference,llm_full_1000_frozen_v1.json,configs/llm_full_1000_frozen_v1.json,NOT_ESTABLISHED_FROM_PATH,True,01215062a544a7275295ec4ab862d290c14f2a09:configs/llm_full_1000_frozen_v1.json,MEDIUM_TEXTUAL_PROJECT_REFERENCE,56
eb5a1d5d,project_repository,project_task_reference,llm_full_1000_frozen_v1.json,configs/llm_full_1000_frozen_v1.json,NOT_ESTABLISHED_FROM_PATH,True,01215062a544a7275295ec4ab862d290c14f2a09:configs/llm_full_1000_frozen_v1.json,MEDIUM_TEXTUAL_PROJECT_REFERENCE,28
ec883f72,project_repository,project_task_reference,llm_full_1000_frozen_v1.json,configs/llm_full_1000_frozen_v1.json,NOT_ESTABLISHED_FROM_PATH,True,01215062a544a7275295ec4ab862d290c14f2a09:configs/llm_full_1000_frozen_v1.json,MEDIUM_TEXTUAL_PROJECT_REFERENCE,28
ecaa0ec1,project_repository,project_task_reference,llm_full_1000_frozen_v1.json,configs/llm_full_1000_frozen_v1.json,NOT_ESTABLISHED_FROM_PATH,True,01215062a544a7275295ec4ab862d290c14f2a09:configs/llm_full_1000_frozen_v1.json,MEDIUM_TEXTUAL_PROJECT_REFERENCE,28
ecb67b6d,project_repository,project_task_reference,llm_full_1000_frozen_v1.json,configs/llm_full_1000_frozen_v1.json,NOT_ESTABLISHED_FROM_PATH,True,01215062a544a7275295ec4ab862d290c14f2a09:configs/llm_full_1000_frozen_v1.json,MEDIUM_TEXTUAL_PROJECT_REFERENCE,56
ecdecbb3,project_repository,project_task_reference,llm_full_1000_frozen_v1.json,configs/llm_full_1000_frozen_v1.json,NOT_ESTABLISHED_FROM_PATH,True,01215062a544a7275295ec4ab862d290c14f2a09:configs/llm_full_1000_frozen_v1.json,MEDIUM_TEXTUAL_PROJECT_REFERENCE,28
ed36ccf7,project_repository,prior_evaluation_or_development_reference,grad_proposal_runtime_intervention,research/grad_proposal_runtime_intervention/preliminary_results/untouched60_manifest.json,NOT_ESTABLISHED_FROM_PATH,True,01215062a544a7275295ec4ab862d290c14f2a09:research/grad_proposal_runtime_intervention/preliminary_results/untouched60_manifest.json,MEDIUM_TEXTUAL_PROJECT_REFERENCE,193
ed74f2f2,project_repository,project_task_reference,llm_challenge_like_frozen_v1.json,configs/llm_challenge_like_frozen_v1.json,NOT_ESTABLISHED_FROM_PATH,True,01215062a544a7275295ec4ab862d290c14f2a09:configs/llm_challenge_like_frozen_v1.json,MEDIUM_TEXTUAL_PROJECT_REFERENCE,56
ed98d772,project_repository,project_task_reference,llm_full_1000_frozen_v1.json,configs/llm_full_1000_frozen_v1.json,NOT_ESTABLISHED_FROM_PATH,True,01215062a544a7275295ec4ab862d290c14f2a09:configs/llm_full_1000_frozen_v1.json,MEDIUM_TEXTUAL_PROJECT_REFERENCE,28
edb79dae,project_repository,prior_evaluation_or_development_reference,eval60_phase3_d48_aug8_r1024_archive_v1,artifacts/eval60_phase3_d48_aug8_r1024_archive_v1/manifests/SOURCE_FILE_MANIFEST.csv,NOT_ESTABLISHED_FROM_PATH,False,18215650ec259e5d43add943b7f1657ec45b09cc:artifacts/eval60_phase3_d48_aug8_r1024_archive_v1/manifests/SOURCE_FILE_MANIFEST.csv,MEDIUM_TEXTUAL_PROJECT_REFERENCE,7769
edcc2ff0,project_repository,project_task_reference,llm_full_1000_frozen_v1.json,configs/llm_full_1000_frozen_v1.json,NOT_ESTABLISHED_FROM_PATH,True,01215062a544a7275295ec4ab862d290c14f2a09:configs/llm_full_1000_frozen_v1.json,MEDIUM_TEXTUAL_PROJECT_REFERENCE,28
eee78d87,project_repository,project_task_reference,nonblind_development_loo_transfer30_v1,analysis/nonblind_development_loo_transfer30_v1/frozen_run_20260927T112700Z/exposure_audit.json,NOT_ESTABLISHED_FROM_PATH,True,01215062a544a7275295ec4ab862d290c14f2a09:analysis/nonblind_development_loo_transfer30_v1/frozen_run_20260927T112700Z/exposure_audit.json,MEDIUM_TEXTUAL_PROJECT_REFERENCE,43
ef135b50,project_repository,prior_evaluation_or_development_reference,grad_proposal_runtime_intervention,research/grad_proposal_runtime_intervention/preliminary_results/untouched60_manifest.json,NOT_ESTABLISHED_FROM_PATH,True,01215062a544a7275295ec4ab862d290c14f2a09:research/grad_proposal_runtime_intervention/preliminary_results/untouched60_manifest.json,MEDIUM_TEXTUAL_PROJECT_REFERENCE,81
ef26cbf6,project_repository,project_task_reference,llm_full_1000_frozen_v1.json,configs/llm_full_1000_frozen_v1.json,NOT_ESTABLISHED_FROM_PATH,True,01215062a544a7275295ec4ab862d290c14f2a09:configs/llm_full_1000_frozen_v1.json,MEDIUM_TEXTUAL_PROJECT_REFERENCE,28
f0100645,project_repository,project_task_reference,llm_full_1000_frozen_v1.json,configs/llm_full_1000_frozen_v1.json,NOT_ESTABLISHED_FROM_PATH,True,01215062a544a7275295ec4ab862d290c14f2a09:configs/llm_full_1000_frozen_v1.json,MEDIUM_TEXTUAL_PROJECT_REFERENCE,28
f0afb749,project_repository,project_task_reference,llm_full_1000_frozen_v1.json,configs/llm_full_1000_frozen_v1.json,NOT_ESTABLISHED_FROM_PATH,True,01215062a544a7275295ec4ab862d290c14f2a09:configs/llm_full_1000_frozen_v1.json,MEDIUM_TEXTUAL_PROJECT_REFERENCE,28
f0df5ff0,project_repository,project_task_reference,llm_full_1000_frozen_v1.json,configs/llm_full_1000_frozen_v1.json,NOT_ESTABLISHED_FROM_PATH,True,01215062a544a7275295ec4ab862d290c14f2a09:configs/llm_full_1000_frozen_v1.json,MEDIUM_TEXTUAL_PROJECT_REFERENCE,28
f0f8a26d,project_repository,project_task_reference,llm_challenge_like_frozen_v1.json,configs/llm_challenge_like_frozen_v1.json,NOT_ESTABLISHED_FROM_PATH,True,01215062a544a7275295ec4ab862d290c14f2a09:configs/llm_challenge_like_frozen_v1.json,MEDIUM_TEXTUAL_PROJECT_REFERENCE,56
f15e1fac,project_repository,project_task_reference,llm_full_1000_frozen_v1.json,configs/llm_full_1000_frozen_v1.json,NOT_ESTABLISHED_FROM_PATH,True,01215062a544a7275295ec4ab862d290c14f2a09:configs/llm_full_1000_frozen_v1.json,MEDIUM_TEXTUAL_PROJECT_REFERENCE,56
f18ec8cc,project_repository,project_task_reference,llm_full_1000_frozen_v1.json,configs/llm_full_1000_frozen_v1.json,NOT_ESTABLISHED_FROM_PATH,True,01215062a544a7275295ec4ab862d290c14f2a09:configs/llm_full_1000_frozen_v1.json,MEDIUM_TEXTUAL_PROJECT_REFERENCE,112
f1bcbc2c,project_repository,prior_evaluation_or_development_reference,llm_program_synthesis_v2_pilot_50_qwen3_8b.json,configs/llm_program_synthesis_v2_pilot_50_qwen3_8b.json,NOT_ESTABLISHED_FROM_PATH,False,01215062a544a7275295ec4ab862d290c14f2a09:configs/llm_program_synthesis_v2_pilot_50_qwen3_8b.json,MEDIUM_TEXTUAL_PROJECT_REFERENCE,336
f1cefba8,project_repository,project_task_reference,llm_full_1000_frozen_v1.json,configs/llm_full_1000_frozen_v1.json,NOT_ESTABLISHED_FROM_PATH,True,01215062a544a7275295ec4ab862d290c14f2a09:configs/llm_full_1000_frozen_v1.json,MEDIUM_TEXTUAL_PROJECT_REFERENCE,28
f21745ec,project_repository,project_task_reference,llm_full_1000_frozen_v1.json,configs/llm_full_1000_frozen_v1.json,NOT_ESTABLISHED_FROM_PATH,True,01215062a544a7275295ec4ab862d290c14f2a09:configs/llm_full_1000_frozen_v1.json,MEDIUM_TEXTUAL_PROJECT_REFERENCE,28
f25fbde4,project_repository,project_task_reference,llm_full_1000_frozen_v1.json,configs/llm_full_1000_frozen_v1.json,NOT_ESTABLISHED_FROM_PATH,True,01215062a544a7275295ec4ab862d290c14f2a09:configs/llm_full_1000_frozen_v1.json,MEDIUM_TEXTUAL_PROJECT_REFERENCE,28
f25ffba3,project_repository,prior_evaluation_or_development_reference,llm_program_synthesis_v2_pilot_50_qwen3_8b.json,configs/llm_program_synthesis_v2_pilot_50_qwen3_8b.json,NOT_ESTABLISHED_FROM_PATH,False,01215062a544a7275295ec4ab862d290c14f2a09:configs/llm_program_synthesis_v2_pilot_50_qwen3_8b.json,MEDIUM_TEXTUAL_PROJECT_REFERENCE,560
f2829549,project_repository,prior_evaluation_or_development_reference,llm_program_synthesis_v2_pilot_50_qwen3_8b.json,configs/llm_program_synthesis_v2_pilot_50_qwen3_8b.json,NOT_ESTABLISHED_FROM_PATH,False,01215062a544a7275295ec4ab862d290c14f2a09:configs/llm_program_synthesis_v2_pilot_50_qwen3_8b.json,MEDIUM_TEXTUAL_PROJECT_REFERENCE,280
f28a3cbb,project_repository,project_task_reference,llm_challenge_like_frozen_v1.json,configs/llm_challenge_like_frozen_v1.json,NOT_ESTABLISHED_FROM_PATH,True,01215062a544a7275295ec4ab862d290c14f2a09:configs/llm_challenge_like_frozen_v1.json,MEDIUM_TEXTUAL_PROJECT_REFERENCE,56
f341894c,project_repository,project_task_reference,llm_challenge_like_frozen_v1.json,configs/llm_challenge_like_frozen_v1.json,NOT_ESTABLISHED_FROM_PATH,True,01215062a544a7275295ec4ab862d290c14f2a09:configs/llm_challenge_like_frozen_v1.json,MEDIUM_TEXTUAL_PROJECT_REFERENCE,56
f35d900a,project_repository,prior_evaluation_or_development_reference,llm_program_synthesis_v2_pilot_50_qwen3_8b.json,configs/llm_program_synthesis_v2_pilot_50_qwen3_8b.json,NOT_ESTABLISHED_FROM_PATH,False,01215062a544a7275295ec4ab862d290c14f2a09:configs/llm_program_synthesis_v2_pilot_50_qwen3_8b.json,MEDIUM_TEXTUAL_PROJECT_REFERENCE,280
f3b10344,project_repository,project_task_reference,llm_challenge_like_frozen_v1.json,configs/llm_challenge_like_frozen_v1.json,NOT_ESTABLISHED_FROM_PATH,True,01215062a544a7275295ec4ab862d290c14f2a09:configs/llm_challenge_like_frozen_v1.json,MEDIUM_TEXTUAL_PROJECT_REFERENCE,56
f3cdc58f,project_repository,project_task_reference,llm_full_1000_frozen_v1.json,configs/llm_full_1000_frozen_v1.json,NOT_ESTABLISHED_FROM_PATH,True,01215062a544a7275295ec4ab862d290c14f2a09:configs/llm_full_1000_frozen_v1.json,MEDIUM_TEXTUAL_PROJECT_REFERENCE,28
f3e14006,project_repository,prior_evaluation_or_development_reference,llm_program_synthesis_v2_pilot_50_qwen3_8b.json,configs/llm_program_synthesis_v2_pilot_50_qwen3_8b.json,NOT_ESTABLISHED_FROM_PATH,False,01215062a544a7275295ec4ab862d290c14f2a09:configs/llm_program_synthesis_v2_pilot_50_qwen3_8b.json,MEDIUM_TEXTUAL_PROJECT_REFERENCE,280
f3e62deb,project_repository,project_task_reference,llm_full_1000_frozen_v1.json,configs/llm_full_1000_frozen_v1.json,NOT_ESTABLISHED_FROM_PATH,True,01215062a544a7275295ec4ab862d290c14f2a09:configs/llm_full_1000_frozen_v1.json,MEDIUM_TEXTUAL_PROJECT_REFERENCE,28
f45f5ca7,project_repository,project_task_reference,llm_full_1000_frozen_v1.json,configs/llm_full_1000_frozen_v1.json,NOT_ESTABLISHED_FROM_PATH,True,01215062a544a7275295ec4ab862d290c14f2a09:configs/llm_full_1000_frozen_v1.json,MEDIUM_TEXTUAL_PROJECT_REFERENCE,28
f560132c,project_repository,project_task_reference,nonblind_development_loo_transfer30_v1,analysis/nonblind_development_loo_transfer30_v1/frozen_run_20260927T112700Z/exposure_audit.json,NOT_ESTABLISHED_FROM_PATH,True,01215062a544a7275295ec4ab862d290c14f2a09:analysis/nonblind_development_loo_transfer30_v1/frozen_run_20260927T112700Z/exposure_audit.json,MEDIUM_TEXTUAL_PROJECT_REFERENCE,43
f5aa3634,project_repository,project_task_reference,llm_full_1000_frozen_v1.json,configs/llm_full_1000_frozen_v1.json,NOT_ESTABLISHED_FROM_PATH,True,01215062a544a7275295ec4ab862d290c14f2a09:configs/llm_full_1000_frozen_v1.json,MEDIUM_TEXTUAL_PROJECT_REFERENCE,56
f5b8619d,project_repository,project_task_reference,llm_full_1000_frozen_v1.json,configs/llm_full_1000_frozen_v1.json,NOT_ESTABLISHED_FROM_PATH,True,01215062a544a7275295ec4ab862d290c14f2a09:configs/llm_full_1000_frozen_v1.json,MEDIUM_TEXTUAL_PROJECT_REFERENCE,28
f5c89df1,project_repository,project_task_reference,llm_full_1000_frozen_v1.json,configs/llm_full_1000_frozen_v1.json,NOT_ESTABLISHED_FROM_PATH,True,01215062a544a7275295ec4ab862d290c14f2a09:configs/llm_full_1000_frozen_v1.json,MEDIUM_TEXTUAL_PROJECT_REFERENCE,56
f76d97a5,project_repository,prior_evaluation_or_development_reference,grad_proposal_runtime_intervention,research/grad_proposal_runtime_intervention/preliminary_results/untouched60_manifest.json,NOT_ESTABLISHED_FROM_PATH,True,01215062a544a7275295ec4ab862d290c14f2a09:research/grad_proposal_runtime_intervention/preliminary_results/untouched60_manifest.json,MEDIUM_TEXTUAL_PROJECT_REFERENCE,81
f823c43c,project_repository,project_task_reference,llm_full_1000_frozen_v1.json,configs/llm_full_1000_frozen_v1.json,NOT_ESTABLISHED_FROM_PATH,True,01215062a544a7275295ec4ab862d290c14f2a09:configs/llm_full_1000_frozen_v1.json,MEDIUM_TEXTUAL_PROJECT_REFERENCE,28
f83cb3f6,project_repository,project_task_reference,llm_full_1000_frozen_v1.json,configs/llm_full_1000_frozen_v1.json,NOT_ESTABLISHED_FROM_PATH,True,01215062a544a7275295ec4ab862d290c14f2a09:configs/llm_full_1000_frozen_v1.json,MEDIUM_TEXTUAL_PROJECT_REFERENCE,28
f8a8fe49,project_repository,project_task_reference,llm_full_1000_frozen_v1.json,configs/llm_full_1000_frozen_v1.json,NOT_ESTABLISHED_FROM_PATH,True,01215062a544a7275295ec4ab862d290c14f2a09:configs/llm_full_1000_frozen_v1.json,MEDIUM_TEXTUAL_PROJECT_REFERENCE,56
f8b3ba0a,project_repository,project_task_reference,build_dynamic_b_gpu_smoke_notebook.py,scripts/build_dynamic_b_gpu_smoke_notebook.py,NOT_ESTABLISHED_FROM_PATH,False,01215062a544a7275295ec4ab862d290c14f2a09:scripts/build_dynamic_b_gpu_smoke_notebook.py,MEDIUM_TEXTUAL_PROJECT_REFERENCE,140
f8be4b64,project_repository,project_task_reference,llm_full_1000_frozen_v1.json,configs/llm_full_1000_frozen_v1.json,NOT_ESTABLISHED_FROM_PATH,True,01215062a544a7275295ec4ab862d290c14f2a09:configs/llm_full_1000_frozen_v1.json,MEDIUM_TEXTUAL_PROJECT_REFERENCE,28
f8c80d96,project_repository,project_task_reference,llm_full_1000_frozen_v1.json,configs/llm_full_1000_frozen_v1.json,NOT_ESTABLISHED_FROM_PATH,True,01215062a544a7275295ec4ab862d290c14f2a09:configs/llm_full_1000_frozen_v1.json,MEDIUM_TEXTUAL_PROJECT_REFERENCE,28
f8cc533f,project_repository,project_task_reference,llm_full_1000_frozen_v1.json,configs/llm_full_1000_frozen_v1.json,NOT_ESTABLISHED_FROM_PATH,True,01215062a544a7275295ec4ab862d290c14f2a09:configs/llm_full_1000_frozen_v1.json,MEDIUM_TEXTUAL_PROJECT_REFERENCE,112
f8f52ecc,project_repository,project_task_reference,llm_full_1000_frozen_v1.json,configs/llm_full_1000_frozen_v1.json,NOT_ESTABLISHED_FROM_PATH,True,01215062a544a7275295ec4ab862d290c14f2a09:configs/llm_full_1000_frozen_v1.json,MEDIUM_TEXTUAL_PROJECT_REFERENCE,28
f8ff0b80,project_repository,project_task_reference,llm_full_1000_frozen_v1.json,configs/llm_full_1000_frozen_v1.json,NOT_ESTABLISHED_FROM_PATH,True,01215062a544a7275295ec4ab862d290c14f2a09:configs/llm_full_1000_frozen_v1.json,MEDIUM_TEXTUAL_PROJECT_REFERENCE,28
f9012d9b,project_repository,project_task_reference,llm_full_1000_frozen_v1.json,configs/llm_full_1000_frozen_v1.json,NOT_ESTABLISHED_FROM_PATH,True,01215062a544a7275295ec4ab862d290c14f2a09:configs/llm_full_1000_frozen_v1.json,MEDIUM_TEXTUAL_PROJECT_REFERENCE,28
f931b4a8,project_repository,prior_evaluation_or_development_reference,eval60_phase3_d48_aug8_r1024_archive_v1,artifacts/eval60_phase3_d48_aug8_r1024_archive_v1/manifests/SOURCE_FILE_MANIFEST.csv,NOT_ESTABLISHED_FROM_PATH,False,18215650ec259e5d43add943b7f1657ec45b09cc:artifacts/eval60_phase3_d48_aug8_r1024_archive_v1/manifests/SOURCE_FILE_MANIFEST.csv,MEDIUM_TEXTUAL_PROJECT_REFERENCE,20249
f9a67cb5,project_repository,project_task_reference,llm_challenge_like_frozen_v1.json,configs/llm_challenge_like_frozen_v1.json,NOT_ESTABLISHED_FROM_PATH,True,01215062a544a7275295ec4ab862d290c14f2a09:configs/llm_challenge_like_frozen_v1.json,MEDIUM_TEXTUAL_PROJECT_REFERENCE,56
f9d67f8b,project_repository,project_task_reference,llm_full_1000_frozen_v1.json,configs/llm_full_1000_frozen_v1.json,NOT_ESTABLISHED_FROM_PATH,True,01215062a544a7275295ec4ab862d290c14f2a09:configs/llm_full_1000_frozen_v1.json,MEDIUM_TEXTUAL_PROJECT_REFERENCE,56
faa9f03d,project_repository,project_task_reference,nonblind_development_loo_transfer30_v1,analysis/nonblind_development_loo_transfer30_v1/frozen_run_20260927T112700Z/loo_surface.csv,NOT_ESTABLISHED_FROM_PATH,True,01215062a544a7275295ec4ab862d290c14f2a09:analysis/nonblind_development_loo_transfer30_v1/frozen_run_20260927T112700Z/loo_surface.csv,MEDIUM_TEXTUAL_PROJECT_REFERENCE,2638
fafd9572,project_repository,project_task_reference,llm_full_1000_frozen_v1.json,configs/llm_full_1000_frozen_v1.json,NOT_ESTABLISHED_FROM_PATH,True,01215062a544a7275295ec4ab862d290c14f2a09:configs/llm_full_1000_frozen_v1.json,MEDIUM_TEXTUAL_PROJECT_REFERENCE,140
fafffa47,project_repository,project_task_reference,llm_full_1000_frozen_v1.json,configs/llm_full_1000_frozen_v1.json,NOT_ESTABLISHED_FROM_PATH,True,01215062a544a7275295ec4ab862d290c14f2a09:configs/llm_full_1000_frozen_v1.json,MEDIUM_TEXTUAL_PROJECT_REFERENCE,28
fb791726,project_repository,project_task_reference,llm_full_1000_frozen_v1.json,configs/llm_full_1000_frozen_v1.json,NOT_ESTABLISHED_FROM_PATH,True,01215062a544a7275295ec4ab862d290c14f2a09:configs/llm_full_1000_frozen_v1.json,MEDIUM_TEXTUAL_PROJECT_REFERENCE,56
fbf15a0b,project_repository,project_task_reference,llm_full_1000_frozen_v1.json,configs/llm_full_1000_frozen_v1.json,NOT_ESTABLISHED_FROM_PATH,True,01215062a544a7275295ec4ab862d290c14f2a09:configs/llm_full_1000_frozen_v1.json,MEDIUM_TEXTUAL_PROJECT_REFERENCE,28
fc10701f,project_repository,project_task_reference,llm_full_1000_frozen_v1.json,configs/llm_full_1000_frozen_v1.json,NOT_ESTABLISHED_FROM_PATH,True,01215062a544a7275295ec4ab862d290c14f2a09:configs/llm_full_1000_frozen_v1.json,MEDIUM_TEXTUAL_PROJECT_REFERENCE,28
fc4aaf52,project_repository,project_task_reference,llm_full_1000_frozen_v1.json,configs/llm_full_1000_frozen_v1.json,NOT_ESTABLISHED_FROM_PATH,True,01215062a544a7275295ec4ab862d290c14f2a09:configs/llm_full_1000_frozen_v1.json,MEDIUM_TEXTUAL_PROJECT_REFERENCE,28
fc754716,project_repository,project_task_reference,llm_full_1000_frozen_v1.json,configs/llm_full_1000_frozen_v1.json,NOT_ESTABLISHED_FROM_PATH,True,01215062a544a7275295ec4ab862d290c14f2a09:configs/llm_full_1000_frozen_v1.json,MEDIUM_TEXTUAL_PROJECT_REFERENCE,28
fc7cae8d,project_repository,project_task_reference,nonblind_development_loo_transfer30_v1,analysis/nonblind_development_loo_transfer30_v1/frozen_run_20260927T112700Z/loo_surface.csv,NOT_ESTABLISHED_FROM_PATH,True,01215062a544a7275295ec4ab862d290c14f2a09:analysis/nonblind_development_loo_transfer30_v1/frozen_run_20260927T112700Z/loo_surface.csv,MEDIUM_TEXTUAL_PROJECT_REFERENCE,23619
fcb5c309,project_repository,prior_evaluation_or_development_reference,ARC2_NATIVE_RANKER_DIAGNOSIS_AND_REPAIR_V1.json,configs/ARC2_NATIVE_RANKER_DIAGNOSIS_AND_REPAIR_V1.json,NOT_ESTABLISHED_FROM_PATH,False,01215062a544a7275295ec4ab862d290c14f2a09:configs/ARC2_NATIVE_RANKER_DIAGNOSIS_AND_REPAIR_V1.json,MEDIUM_TEXTUAL_PROJECT_REFERENCE,84
fcc82909,project_repository,project_task_reference,llm_full_1000_frozen_v1.json,configs/llm_full_1000_frozen_v1.json,NOT_ESTABLISHED_FROM_PATH,True,01215062a544a7275295ec4ab862d290c14f2a09:configs/llm_full_1000_frozen_v1.json,MEDIUM_TEXTUAL_PROJECT_REFERENCE,28
fd02da9e,project_repository,project_task_reference,llm_full_1000_frozen_v1.json,configs/llm_full_1000_frozen_v1.json,NOT_ESTABLISHED_FROM_PATH,True,01215062a544a7275295ec4ab862d290c14f2a09:configs/llm_full_1000_frozen_v1.json,MEDIUM_TEXTUAL_PROJECT_REFERENCE,28
fd096ab6,project_repository,project_task_reference,llm_full_1000_frozen_v1.json,configs/llm_full_1000_frozen_v1.json,NOT_ESTABLISHED_FROM_PATH,True,01215062a544a7275295ec4ab862d290c14f2a09:configs/llm_full_1000_frozen_v1.json,MEDIUM_TEXTUAL_PROJECT_REFERENCE,28
fd4b2b02,project_repository,project_task_reference,llm_full_1000_frozen_v1.json,configs/llm_full_1000_frozen_v1.json,NOT_ESTABLISHED_FROM_PATH,True,01215062a544a7275295ec4ab862d290c14f2a09:configs/llm_full_1000_frozen_v1.json,MEDIUM_TEXTUAL_PROJECT_REFERENCE,28
fe45cba4,project_repository,project_task_reference,llm_full_1000_frozen_v1.json,configs/llm_full_1000_frozen_v1.json,NOT_ESTABLISHED_FROM_PATH,True,01215062a544a7275295ec4ab862d290c14f2a09:configs/llm_full_1000_frozen_v1.json,MEDIUM_TEXTUAL_PROJECT_REFERENCE,56
fe9372f3,project_repository,project_task_reference,llm_challenge_like_frozen_v1.json,configs/llm_challenge_like_frozen_v1.json,NOT_ESTABLISHED_FROM_PATH,True,01215062a544a7275295ec4ab862d290c14f2a09:configs/llm_challenge_like_frozen_v1.json,MEDIUM_TEXTUAL_PROJECT_REFERENCE,56
fea12743,project_repository,project_task_reference,llm_full_1000_frozen_v1.json,configs/llm_full_1000_frozen_v1.json,NOT_ESTABLISHED_FROM_PATH,True,01215062a544a7275295ec4ab862d290c14f2a09:configs/llm_full_1000_frozen_v1.json,MEDIUM_TEXTUAL_PROJECT_REFERENCE,56
feca6190,project_repository,project_task_reference,public_reference_ablation_partial_v32.md,reports/public_reference_ablation_partial_v32.md,NOT_ESTABLISHED_FROM_PATH,False,01215062a544a7275295ec4ab862d290c14f2a09:reports/public_reference_ablation_partial_v32.md,MEDIUM_TEXTUAL_PROJECT_REFERENCE,56
ff2825db,project_repository,project_task_reference,llm_challenge_like_frozen_v1.json,configs/llm_challenge_like_frozen_v1.json,NOT_ESTABLISHED_FROM_PATH,True,01215062a544a7275295ec4ab862d290c14f2a09:configs/llm_challenge_like_frozen_v1.json,MEDIUM_TEXTUAL_PROJECT_REFERENCE,56
ff28f65a,project_repository,project_task_reference,llm_full_1000_frozen_v1.json,configs/llm_full_1000_frozen_v1.json,NOT_ESTABLISHED_FROM_PATH,True,01215062a544a7275295ec4ab862d290c14f2a09:configs/llm_full_1000_frozen_v1.json,MEDIUM_TEXTUAL_PROJECT_REFERENCE,56
ff72ca3e,project_repository,project_task_reference,llm_full_1000_frozen_v1.json,configs/llm_full_1000_frozen_v1.json,NOT_ESTABLISHED_FROM_PATH,True,01215062a544a7275295ec4ab862d290c14f2a09:configs/llm_full_1000_frozen_v1.json,MEDIUM_TEXTUAL_PROJECT_REFERENCE,28
ff805c23,project_repository,project_task_reference,llm_full_1000_frozen_v1.json,configs/llm_full_1000_frozen_v1.json,NOT_ESTABLISHED_FROM_PATH,True,01215062a544a7275295ec4ab862d290c14f2a09:configs/llm_full_1000_frozen_v1.json,MEDIUM_TEXTUAL_PROJECT_REFERENCE,28
