depth,fold_id,gen_view,nll_per_token,task_id,token_accuracy,token_count,ttt_loss
0,0,identity,0.03529547527432442,a25697e4,0.9850428104400635,468,
0,0,rot90,0.03742790222167969,a25697e4,0.9873684048652649,475,
0,0,rot180,0.03335825726389885,a25697e4,0.9914530515670776,468,
0,0,rot270,0.035109493881464005,a25697e4,0.9873684048652649,475,
0,0,flip_lr,0.03137507289648056,a25697e4,0.9914530515670776,468,
0,0,flip_ud,0.040320321917533875,a25697e4,0.9914530515670776,468,
0,0,transpose,0.037318889051675797,a25697e4,0.9894736409187317,475,
0,0,anti_transpose,0.02785683609545231,a25697e4,0.9915788769721985,475,
12,0,identity,0.05243990570306778,a25697e4,0.9829060435295105,468,0.019909264519810677
12,0,rot90,0.03809255361557007,a25697e4,0.9936841726303101,475,0.019909264519810677
12,0,rot180,0.03844170644879341,a25697e4,0.9914530515670776,468,0.019909264519810677
12,0,rot270,0.06162574887275696,a25697e4,0.9873684048652649,475,0.019909264519810677
12,0,flip_lr,0.04857558384537697,a25697e4,0.9871795177459717,468,0.019909264519810677
12,0,flip_ud,0.0637836828827858,a25697e4,0.9850428104400635,468,0.019909264519810677
12,0,transpose,0.046933114528656006,a25697e4,0.9873684048652649,475,0.019909264519810677
12,0,anti_transpose,0.03229472041130066,a25697e4,0.9894736409187317,475,0.019909264519810677
24,0,identity,0.057410553097724915,a25697e4,0.9850428104400635,468,0.010345367714762688
24,0,rot90,0.04881725832819939,a25697e4,0.9936841726303101,475,0.010345367714762688
24,0,rot180,0.05463677644729614,a25697e4,0.9893162846565247,468,0.010345367714762688
24,0,rot270,0.08247675001621246,a25697e4,0.9852631092071533,475,0.010345367714762688
24,0,flip_lr,0.04373741149902344,a25697e4,0.9871795177459717,468,0.010345367714762688
24,0,flip_ud,0.06926411390304565,a25697e4,0.9871795177459717,468,0.010345367714762688
24,0,transpose,0.0774177759885788,a25697e4,0.9831578731536865,475,0.010345367714762688
24,0,anti_transpose,0.038093701004981995,a25697e4,0.9852631092071533,475,0.010345367714762688
48,0,identity,0.053281646221876144,a25697e4,0.9829060435295105,468,0.012443063780665398
48,0,rot90,0.04814482852816582,a25697e4,0.9936841726303101,475,0.012443063780665398
48,0,rot180,0.0484837181866169,a25697e4,0.9914530515670776,468,0.012443063780665398
48,0,rot270,0.07529770582914352,a25697e4,0.9852631092071533,475,0.012443063780665398
48,0,flip_lr,0.04830543324351311,a25697e4,0.9893162846565247,468,0.012443063780665398
48,0,flip_ud,0.07110892236232758,a25697e4,0.9871795177459717,468,0.012443063780665398
48,0,transpose,0.060636963695287704,a25697e4,0.9894736409187317,475,0.012443063780665398
48,0,anti_transpose,0.03394153714179993,a25697e4,0.9915788769721985,475,0.012443063780665398
72,0,identity,0.0601721927523613,a25697e4,0.9850428104400635,468,0.0003119211469311267
72,0,rot90,0.044911082834005356,a25697e4,0.9915788769721985,475,0.0003119211469311267
72,0,rot180,0.04973175749182701,a25697e4,0.9935898184776306,468,0.0003119211469311267
72,0,rot270,0.07691436260938644,a25697e4,0.9873684048652649,475,0.0003119211469311267
72,0,flip_lr,0.052703164517879486,a25697e4,0.9893162846565247,468,0.0003119211469311267
72,0,flip_ud,0.06911718845367432,a25697e4,0.9893162846565247,468,0.0003119211469311267
72,0,transpose,0.06427435576915741,a25697e4,0.9894736409187317,475,0.0003119211469311267
72,0,anti_transpose,0.0393369160592556,a25697e4,0.9915788769721985,475,0.0003119211469311267
0,1,identity,0.0321686677634716,a25697e4,0.9871795177459717,468,
0,1,rot90,0.023489119485020638,a25697e4,0.9957894086837769,475,
0,1,rot180,0.03122946061193943,a25697e4,0.9871795177459717,468,
0,1,rot270,0.03364970535039902,a25697e4,0.9894736409187317,475,
0,1,flip_lr,0.032198287546634674,a25697e4,0.9935898184776306,468,
0,1,flip_ud,0.026065025478601456,a25697e4,0.9893162846565247,468,
0,1,transpose,0.026140127331018448,a25697e4,0.9915788769721985,475,
0,1,anti_transpose,0.02465061843395233,a25697e4,0.9936841726303101,475,
12,1,identity,0.026700710877776146,a25697e4,0.9935898184776306,468,0.025936204940080643
12,1,rot90,0.01930924691259861,a25697e4,0.9957894086837769,475,0.025936204940080643
12,1,rot180,0.03096446767449379,a25697e4,0.9893162846565247,468,0.025936204940080643
12,1,rot270,0.025334179401397705,a25697e4,0.9915788769721985,475,0.025936204940080643
12,1,flip_lr,0.029441002756357193,a25697e4,0.9957265257835388,468,0.025936204940080643
12,1,flip_ud,0.017667213454842567,a25697e4,0.9914530515670776,468,0.025936204940080643
12,1,transpose,0.018628375604748726,a25697e4,0.9936841726303101,475,0.025936204940080643
12,1,anti_transpose,0.01908406801521778,a25697e4,0.9957894086837769,475,0.025936204940080643
24,1,identity,0.025515321642160416,a25697e4,0.9935898184776306,468,0.016266483813524246
24,1,rot90,0.02323141135275364,a25697e4,0.9957894086837769,475,0.016266483813524246
24,1,rot180,0.03103027120232582,a25697e4,0.9914530515670776,468,0.016266483813524246
24,1,rot270,0.033383771777153015,a25697e4,0.9915788769721985,475,0.016266483813524246
24,1,flip_lr,0.02187022939324379,a25697e4,0.9978632926940918,468,0.016266483813524246
24,1,flip_ud,0.020371966063976288,a25697e4,0.9935898184776306,468,0.016266483813524246
24,1,transpose,0.023471659049391747,a25697e4,0.9915788769721985,475,0.016266483813524246
24,1,anti_transpose,0.02067241072654724,a25697e4,0.9957894086837769,475,0.016266483813524246
48,1,identity,0.0392245315015316,a25697e4,0.9957265257835388,468,0.0010294768726453185
48,1,rot90,0.025895429775118828,a25697e4,0.9957894086837769,475,0.0010294768726453185
48,1,rot180,0.025035938248038292,a25697e4,0.9935898184776306,468,0.0010294768726453185
48,1,rot270,0.03828471899032593,a25697e4,0.9915788769721985,475,0.0010294768726453185
48,1,flip_lr,0.020807603374123573,a25697e4,0.9978632926940918,468,0.0010294768726453185
48,1,flip_ud,0.01190042495727539,a25697e4,0.9935898184776306,468,0.0010294768726453185
48,1,transpose,0.02243438921868801,a25697e4,0.9915788769721985,475,0.0010294768726453185
48,1,anti_transpose,0.02263295277953148,a25697e4,0.9936841726303101,475,0.0010294768726453185
72,1,identity,0.04060221463441849,a25697e4,0.9935898184776306,468,8.696530130691826e-05
72,1,rot90,0.023617394268512726,a25697e4,0.9957894086837769,475,8.696530130691826e-05
72,1,rot180,0.03022621013224125,a25697e4,0.9914530515670776,468,8.696530130691826e-05
72,1,rot270,0.032359566539525986,a25697e4,0.9957894086837769,475,8.696530130691826e-05
72,1,flip_lr,0.025567149743437767,a25697e4,0.9957265257835388,468,8.696530130691826e-05
72,1,flip_ud,0.025500940158963203,a25697e4,0.9935898184776306,468,8.696530130691826e-05
72,1,transpose,0.018622905015945435,a25697e4,0.9936841726303101,475,8.696530130691826e-05
72,1,anti_transpose,0.028849229216575623,a25697e4,0.9936841726303101,475,8.696530130691826e-05
0,2,identity,0.0346066914498806,a25697e4,0.9935898184776306,468,
0,2,rot90,0.023495551198720932,a25697e4,0.9915788769721985,475,
0,2,rot180,0.016335565596818924,a25697e4,0.9935898184776306,468,
0,2,rot270,0.025507239624857903,a25697e4,0.9936841726303101,475,
0,2,flip_lr,0.028065873309969902,a25697e4,0.9935898184776306,468,
0,2,flip_ud,0.017754528671503067,a25697e4,0.9935898184776306,468,
0,2,transpose,0.031643640249967575,a25697e4,0.9936841726303101,475,
0,2,anti_transpose,0.01876792311668396,a25697e4,0.9936841726303101,475,
12,2,identity,0.03594651445746422,a25697e4,0.9893162846565247,468,0.03309469670057297
12,2,rot90,0.025363588705658913,a25697e4,0.9915788769721985,475,0.03309469670057297
12,2,rot180,0.018743060529232025,a25697e4,0.9914530515670776,468,0.03309469670057297
12,2,rot270,0.028140293434262276,a25697e4,0.9936841726303101,475,0.03309469670057297
12,2,flip_lr,0.0339619405567646,a25697e4,0.9914530515670776,468,0.03309469670057297
12,2,flip_ud,0.018967533484101295,a25697e4,0.9914530515670776,468,0.03309469670057297
12,2,transpose,0.02866343781352043,a25697e4,0.9936841726303101,475,0.03309469670057297
12,2,anti_transpose,0.024555407464504242,a25697e4,0.9936841726303101,475,0.03309469670057297
24,2,identity,0.04203592240810394,a25697e4,0.9914530515670776,468,0.008747645653784275
24,2,rot90,0.03065444342792034,a25697e4,0.9915788769721985,475,0.008747645653784275
24,2,rot180,0.03212650120258331,a25697e4,0.9850428104400635,468,0.008747645653784275
24,2,rot270,0.037789832800626755,a25697e4,0.9936841726303101,475,0.008747645653784275
24,2,flip_lr,0.03745038062334061,a25697e4,0.9893162846565247,468,0.008747645653784275
24,2,flip_ud,0.02318040281534195,a25697e4,0.9935898184776306,468,0.008747645653784275
24,2,transpose,0.03907357156276703,a25697e4,0.9915788769721985,475,0.008747645653784275
24,2,anti_transpose,0.03365495055913925,a25697e4,0.9873684048652649,475,0.008747645653784275
48,2,identity,0.054881226271390915,a25697e4,0.9871795177459717,468,0.0011072347406297922
48,2,rot90,0.041705284267663956,a25697e4,0.9915788769721985,475,0.0011072347406297922
48,2,rot180,0.03754698485136032,a25697e4,0.9871795177459717,468,0.0011072347406297922
48,2,rot270,0.045910611748695374,a25697e4,0.9936841726303101,475,0.0011072347406297922
48,2,flip_lr,0.04837539792060852,a25697e4,0.9893162846565247,468,0.0011072347406297922
48,2,flip_ud,0.03564427047967911,a25697e4,0.9893162846565247,468,0.0011072347406297922
48,2,transpose,0.045946989208459854,a25697e4,0.9915788769721985,475,0.0011072347406297922
48,2,anti_transpose,0.03671444579958916,a25697e4,0.9936841726303101,475,0.0011072347406297922
72,2,identity,0.058151863515377045,a25697e4,0.9871795177459717,468,0.0006478521390818059
72,2,rot90,0.05290590971708298,a25697e4,0.9915788769721985,475,0.0006478521390818059
72,2,rot180,0.054018136113882065,a25697e4,0.9893162846565247,468,0.0006478521390818059
72,2,rot270,0.04508879408240318,a25697e4,0.9936841726303101,475,0.0006478521390818059
72,2,flip_lr,0.05304243043065071,a25697e4,0.9893162846565247,468,0.0006478521390818059
72,2,flip_ud,0.04284796118736267,a25697e4,0.9893162846565247,468,0.0006478521390818059
72,2,transpose,0.04542887955904007,a25697e4,0.9915788769721985,475,0.0006478521390818059
72,2,anti_transpose,0.05274483934044838,a25697e4,0.9852631092071533,475,0.0006478521390818059
0,0,identity,0.006064699497073889,4c416de3,0.9935064911842346,462,
0,0,rot90,0.014543246477842331,4c416de3,0.9935064911842346,462,
0,0,rot180,0.025248408317565918,4c416de3,0.9935064911842346,462,
0,0,rot270,0.018568113446235657,4c416de3,0.9956709742546082,462,
0,0,flip_lr,0.008947900496423244,4c416de3,0.9956709742546082,462,
0,0,flip_ud,0.022853020578622818,4c416de3,0.9935064911842346,462,
0,0,transpose,0.021718518808484077,4c416de3,0.9956709742546082,462,
0,0,anti_transpose,0.020150018855929375,4c416de3,0.9935064911842346,462,
12,0,identity,0.005530486349016428,4c416de3,0.9956709742546082,462,0.007283937186002731
12,0,rot90,0.014080313965678215,4c416de3,0.9913420081138611,462,0.007283937186002731
12,0,rot180,0.027399340644478798,4c416de3,0.9913420081138611,462,0.007283937186002731
12,0,rot270,0.006351550575345755,4c416de3,0.9956709742546082,462,0.007283937186002731
12,0,flip_lr,0.008514120243489742,4c416de3,0.9978355169296265,462,0.007283937186002731
12,0,flip_ud,0.01620487868785858,4c416de3,0.9956709742546082,462,0.007283937186002731
12,0,transpose,0.012665961869060993,4c416de3,0.9956709742546082,462,0.007283937186002731
12,0,anti_transpose,0.013257109560072422,4c416de3,0.9935064911842346,462,0.007283937186002731
24,0,identity,0.008782678283751011,4c416de3,0.9956709742546082,462,4.4552543840836734e-05
24,0,rot90,0.009439080022275448,4c416de3,0.9956709742546082,462,4.4552543840836734e-05
24,0,rot180,0.037070583552122116,4c416de3,0.9956709742546082,462,4.4552543840836734e-05
24,0,rot270,0.008787225931882858,4c416de3,0.9978355169296265,462,4.4552543840836734e-05
24,0,flip_lr,0.003719947300851345,4c416de3,0.9978355169296265,462,4.4552543840836734e-05
24,0,flip_ud,0.01543071772903204,4c416de3,0.9935064911842346,462,4.4552543840836734e-05
24,0,transpose,0.014074428007006645,4c416de3,0.9935064911842346,462,4.4552543840836734e-05
24,0,anti_transpose,0.02221887931227684,4c416de3,0.9978355169296265,462,4.4552543840836734e-05
48,0,identity,0.015027029439806938,4c416de3,0.9935064911842346,462,4.424750557063817e-07
48,0,rot90,0.01336563378572464,4c416de3,0.9935064911842346,462,4.424750557063817e-07
48,0,rot180,0.04031640291213989,4c416de3,0.9956709742546082,462,4.424750557063817e-07
48,0,rot270,0.01273774728178978,4c416de3,0.9978355169296265,462,4.424750557063817e-07
48,0,flip_lr,0.0007516958867199719,4c416de3,1.0,462,4.424750557063817e-07
48,0,flip_ud,0.02234439179301262,4c416de3,0.9956709742546082,462,4.424750557063817e-07
48,0,transpose,0.024537352845072746,4c416de3,0.9935064911842346,462,4.424750557063817e-07
48,0,anti_transpose,0.026099126785993576,4c416de3,0.9978355169296265,462,4.424750557063817e-07
72,0,identity,0.02648046612739563,4c416de3,0.9956709742546082,462,4.691909271059558e-05
72,0,rot90,0.0068667191080749035,4c416de3,0.9978355169296265,462,4.691909271059558e-05
72,0,rot180,0.03756081685423851,4c416de3,0.9935064911842346,462,4.691909271059558e-05
72,0,rot270,0.017706183716654778,4c416de3,0.9956709742546082,462,4.691909271059558e-05
72,0,flip_lr,0.006400537211447954,4c416de3,0.9978355169296265,462,4.691909271059558e-05
72,0,flip_ud,0.02340349368751049,4c416de3,0.9956709742546082,462,4.691909271059558e-05
72,0,transpose,0.04201086610555649,4c416de3,0.9913420081138611,462,4.691909271059558e-05
72,0,anti_transpose,0.032301247119903564,4c416de3,0.9956709742546082,462,4.691909271059558e-05
0,1,identity,0.01473835576325655,4c416de3,0.9963768124580383,552,
0,1,rot90,0.012566608376801014,4c416de3,0.9945652484893799,552,
0,1,rot180,0.016750497743487358,4c416de3,0.9927536249160767,552,
0,1,rot270,0.010766965337097645,4c416de3,0.9945652484893799,552,
0,1,flip_lr,0.01754048652946949,4c416de3,0.9927536249160767,552,
0,1,flip_ud,0.020764868706464767,4c416de3,0.9927536249160767,552,
0,1,transpose,0.01838916540145874,4c416de3,0.9927536249160767,552,
0,1,anti_transpose,0.016595473513007164,4c416de3,0.9927536249160767,552,
12,1,identity,0.010024160146713257,4c416de3,0.9927536249160767,552,0.020810440182685852
12,1,rot90,0.00925388652831316,4c416de3,0.9963768124580383,552,0.020810440182685852
12,1,rot180,0.01563193090260029,4c416de3,0.9963768124580383,552,0.020810440182685852
12,1,rot270,0.006679996848106384,4c416de3,0.9981884360313416,552,0.020810440182685852
12,1,flip_lr,0.00663903309032321,4c416de3,0.9963768124580383,552,0.020810440182685852
12,1,flip_ud,0.01640714332461357,4c416de3,0.9945652484893799,552,0.020810440182685852
12,1,transpose,0.012550589628517628,4c416de3,0.9945652484893799,552,0.020810440182685852
12,1,anti_transpose,0.016039103269577026,4c416de3,0.9945652484893799,552,0.020810440182685852
24,1,identity,0.023856110870838165,4c416de3,0.9927536249160767,552,3.0124636396067217e-05
24,1,rot90,0.01838645152747631,4c416de3,0.9945652484893799,552,3.0124636396067217e-05
24,1,rot180,0.024088621139526367,4c416de3,0.9927536249160767,552,3.0124636396067217e-05
24,1,rot270,0.011659439653158188,4c416de3,0.9981884360313416,552,3.0124636396067217e-05
24,1,flip_lr,0.015020990744233131,4c416de3,0.9945652484893799,552,3.0124636396067217e-05
24,1,flip_ud,0.02546205185353756,4c416de3,0.9927536249160767,552,3.0124636396067217e-05
24,1,transpose,0.0199213195592165,4c416de3,0.9927536249160767,552,3.0124636396067217e-05
24,1,anti_transpose,0.026542797684669495,4c416de3,0.9927536249160767,552,3.0124636396067217e-05
48,1,identity,0.011838751845061779,4c416de3,0.9927536249160767,552,0.0007206147420220077
48,1,rot90,0.010313306003808975,4c416de3,0.9963768124580383,552,0.0007206147420220077
48,1,rot180,0.0081729581579566,4c416de3,0.9963768124580383,552,0.0007206147420220077
48,1,rot270,0.007153561804443598,4c416de3,0.9963768124580383,552,0.0007206147420220077
48,1,flip_lr,0.009471657685935497,4c416de3,0.9963768124580383,552,0.0007206147420220077
48,1,flip_ud,0.012423919513821602,4c416de3,0.9945652484893799,552,0.0007206147420220077
48,1,transpose,0.013821873813867569,4c416de3,0.9945652484893799,552,0.0007206147420220077
48,1,anti_transpose,0.010935920290648937,4c416de3,0.9945652484893799,552,0.0007206147420220077
72,1,identity,0.012528958730399609,4c416de3,0.9945652484893799,552,4.807970253750682e-05
72,1,rot90,0.01477350015193224,4c416de3,0.9945652484893799,552,4.807970253750682e-05
72,1,rot180,0.012698177248239517,4c416de3,0.9963768124580383,552,4.807970253750682e-05
72,1,rot270,0.011617816053330898,4c416de3,0.9945652484893799,552,4.807970253750682e-05
72,1,flip_lr,0.011040489189326763,4c416de3,0.9945652484893799,552,4.807970253750682e-05
72,1,flip_ud,0.018880201503634453,4c416de3,0.9945652484893799,552,4.807970253750682e-05
72,1,transpose,0.01801782287657261,4c416de3,0.9945652484893799,552,4.807970253750682e-05
72,1,anti_transpose,0.015932362526655197,4c416de3,0.9927536249160767,552,4.807970253750682e-05
0,2,identity,0.03182495757937431,4c416de3,0.9913420081138611,462,
0,2,rot90,0.031042685732245445,4c416de3,0.9913420081138611,462,
0,2,rot180,0.020351456478238106,4c416de3,0.9935064911842346,462,
0,2,rot270,0.012590033002197742,4c416de3,0.9935064911842346,462,
0,2,flip_lr,0.030417095869779587,4c416de3,0.9891774654388428,462,
0,2,flip_ud,0.013793793506920338,4c416de3,0.9956709742546082,462,
0,2,transpose,0.02132081799209118,4c416de3,0.9891774654388428,462,
0,2,anti_transpose,0.023375244811177254,4c416de3,0.9913420081138611,462,
12,2,identity,0.0253370963037014,4c416de3,0.9935064911842346,462,0.015776662155985832
12,2,rot90,0.02778891660273075,4c416de3,0.9935064911842346,462,0.015776662155985832
12,2,rot180,0.02092372439801693,4c416de3,0.9913420081138611,462,0.015776662155985832
12,2,rot270,0.009452472440898418,4c416de3,0.9978355169296265,462,0.015776662155985832
12,2,flip_lr,0.026735689491033554,4c416de3,0.9935064911842346,462,0.015776662155985832
12,2,flip_ud,0.013470805250108242,4c416de3,0.9956709742546082,462,0.015776662155985832
12,2,transpose,0.019407933577895164,4c416de3,0.9956709742546082,462,0.015776662155985832
12,2,anti_transpose,0.014738931320607662,4c416de3,0.9956709742546082,462,0.015776662155985832
24,2,identity,0.044854842126369476,4c416de3,0.9935064911842346,462,2.8933851353940554e-05
24,2,rot90,0.038203638046979904,4c416de3,0.9935064911842346,462,2.8933851353940554e-05
24,2,rot180,0.05069702863693237,4c416de3,0.9913420081138611,462,2.8933851353940554e-05
24,2,rot270,0.019251495599746704,4c416de3,0.9956709742546082,462,2.8933851353940554e-05
24,2,flip_lr,0.056627143174409866,4c416de3,0.9935064911842346,462,2.8933851353940554e-05
24,2,flip_ud,0.03748926520347595,4c416de3,0.9935064911842346,462,2.8933851353940554e-05
24,2,transpose,0.03740442544221878,4c416de3,0.9956709742546082,462,2.8933851353940554e-05
24,2,anti_transpose,0.030848780646920204,4c416de3,0.9891774654388428,462,2.8933851353940554e-05
48,2,identity,0.04749549180269241,4c416de3,0.9891774654388428,462,0.0013545408146455884
48,2,rot90,0.05646560341119766,4c416de3,0.9870129823684692,462,0.0013545408146455884
48,2,rot180,0.057624585926532745,4c416de3,0.9913420081138611,462,0.0013545408146455884
48,2,rot270,0.04567083716392517,4c416de3,0.9891774654388428,462,0.0013545408146455884
48,2,flip_lr,0.046925369650125504,4c416de3,0.9935064911842346,462,0.0013545408146455884
48,2,flip_ud,0.05308673530817032,4c416de3,0.9891774654388428,462,0.0013545408146455884
48,2,transpose,0.0373319610953331,4c416de3,0.9913420081138611,462,0.0013545408146455884
48,2,anti_transpose,0.04104094207286835,4c416de3,0.9848484992980957,462,0.0013545408146455884
72,2,identity,0.03167957067489624,4c416de3,0.9891774654388428,462,2.9825310775777325e-05
72,2,rot90,0.04220825806260109,4c416de3,0.9870129823684692,462,2.9825310775777325e-05
72,2,rot180,0.05053453892469406,4c416de3,0.9891774654388428,462,2.9825310775777325e-05
72,2,rot270,0.03276130184531212,4c416de3,0.9870129823684692,462,2.9825310775777325e-05
72,2,flip_lr,0.04123978316783905,4c416de3,0.9913420081138611,462,2.9825310775777325e-05
72,2,flip_ud,0.04962610453367233,4c416de3,0.9891774654388428,462,2.9825310775777325e-05
72,2,transpose,0.03017335571348667,4c416de3,0.9935064911842346,462,2.9825310775777325e-05
72,2,anti_transpose,0.030211137607693672,4c416de3,0.9891774654388428,462,2.9825310775777325e-05
0,0,identity,0.14099876582622528,21897d95,0.9656863212585449,204,
0,0,rot90,0.10040955990552902,21897d95,0.9759615659713745,208,
0,0,rot180,0.11216185986995697,21897d95,0.9754902124404907,204,
0,0,rot270,0.13060933351516724,21897d95,0.9663462042808533,208,
0,0,flip_lr,0.14802078902721405,21897d95,0.9656863212585449,204,
0,0,flip_ud,0.12054350227117538,21897d95,0.9656863212585449,204,
0,0,transpose,0.13881324231624603,21897d95,0.9567307829856873,208,
0,0,anti_transpose,0.11103200912475586,21897d95,0.9759615659713745,208,
12,0,identity,0.188810795545578,21897d95,0.9509804248809814,204,0.15072883665561676
12,0,rot90,0.16280525922775269,21897d95,0.9663462042808533,208,0.15072883665561676
12,0,rot180,0.14180946350097656,21897d95,0.9656863212585449,204,0.15072883665561676
12,0,rot270,0.153391033411026,21897d95,0.9759615659713745,208,0.15072883665561676
12,0,flip_lr,0.17590883374214172,21897d95,0.9558823704719543,204,0.15072883665561676
12,0,flip_ud,0.14661167562007904,21897d95,0.9705882668495178,204,0.15072883665561676
12,0,transpose,0.17337410151958466,21897d95,0.951923131942749,208,0.15072883665561676
12,0,anti_transpose,0.1363126039505005,21897d95,0.9615384936332703,208,0.15072883665561676
24,0,identity,0.25694790482521057,21897d95,0.9460784792900085,204,0.06893710047006607
24,0,rot90,0.24999025464057922,21897d95,0.9326923489570618,208,0.06893710047006607
24,0,rot180,0.18823014199733734,21897d95,0.9411765336990356,204,0.06893710047006607
24,0,rot270,0.19763877987861633,21897d95,0.9663462042808533,208,0.06893710047006607
24,0,flip_lr,0.192128524184227,21897d95,0.9656863212585449,204,0.06893710047006607
24,0,flip_ud,0.15797364711761475,21897d95,0.960784375667572,204,0.06893710047006607
24,0,transpose,0.28323492407798767,21897d95,0.9375000596046448,208,0.06893710047006607
24,0,anti_transpose,0.1904858499765396,21897d95,0.942307710647583,208,0.06893710047006607
48,0,identity,0.23096761107444763,21897d95,0.9558823704719543,204,0.022754700854420662
48,0,rot90,0.17574664950370789,21897d95,0.9615384936332703,208,0.022754700854420662
48,0,rot180,0.13269886374473572,21897d95,0.9705882668495178,204,0.022754700854420662
48,0,rot270,0.20255759358406067,21897d95,0.9663462042808533,208,0.022754700854420662
48,0,flip_lr,0.1573037952184677,21897d95,0.9656863212585449,204,0.022754700854420662
48,0,flip_ud,0.12284920364618301,21897d95,0.9803922176361084,204,0.022754700854420662
48,0,transpose,0.18915173411369324,21897d95,0.9567307829856873,208,0.022754700854420662
48,0,anti_transpose,0.09163403511047363,21897d95,0.9759615659713745,208,0.022754700854420662
72,0,identity,0.29712191224098206,21897d95,0.9460784792900085,204,0.022988375276327133
72,0,rot90,0.1969161033630371,21897d95,0.951923131942749,208,0.022988375276327133
72,0,rot180,0.12042596936225891,21897d95,0.9754902124404907,204,0.022988375276327133
72,0,rot270,0.22945253551006317,21897d95,0.9615384936332703,208,0.022988375276327133
72,0,flip_lr,0.22032909095287323,21897d95,0.9460784792900085,204,0.022988375276327133
72,0,flip_ud,0.15178696811199188,21897d95,0.9754902124404907,204,0.022988375276327133
72,0,transpose,0.23811718821525574,21897d95,0.9615384936332703,208,0.022988375276327133
72,0,anti_transpose,0.09531461447477341,21897d95,0.9663462042808533,208,0.022988375276327133
0,1,identity,0.14519113302230835,21897d95,0.9545454382896423,110,
0,1,rot90,0.15621532499790192,21897d95,0.9454545378684998,110,
0,1,rot180,0.20040194690227509,21897d95,0.9454545378684998,110,
0,1,rot270,0.13100525736808777,21897d95,0.9545454382896423,110,
0,1,flip_lr,0.1560889333486557,21897d95,0.9636363387107849,110,
0,1,flip_ud,0.17937889695167542,21897d95,0.9545454382896423,110,
0,1,transpose,0.12788674235343933,21897d95,0.9545454382896423,110,
0,1,anti_transpose,0.12421990185976028,21897d95,0.9545454382896423,110,
12,1,identity,0.11628783494234085,21897d95,0.9727272391319275,110,0.1196795105934143
12,1,rot90,0.11862483620643616,21897d95,0.9545454382896423,110,0.1196795105934143
12,1,rot180,0.2000660002231598,21897d95,0.9545454382896423,110,0.1196795105934143
12,1,rot270,0.12840987741947174,21897d95,0.9545454382896423,110,0.1196795105934143
12,1,flip_lr,0.13686898350715637,21897d95,0.9636363387107849,110,0.1196795105934143
12,1,flip_ud,0.13367487490177155,21897d95,0.9545454382896423,110,0.1196795105934143
12,1,transpose,0.10602369159460068,21897d95,0.9727272391319275,110,0.1196795105934143
12,1,anti_transpose,0.1061268001794815,21897d95,0.9636363387107849,110,0.1196795105934143
24,1,identity,0.1507204920053482,21897d95,0.9636363387107849,110,0.09651409834623337
24,1,rot90,0.12033837288618088,21897d95,0.9545454382896423,110,0.09651409834623337
24,1,rot180,0.20725083351135254,21897d95,0.9454545378684998,110,0.09651409834623337
24,1,rot270,0.14748619496822357,21897d95,0.9363635778427124,110,0.09651409834623337
24,1,flip_lr,0.1669771522283554,21897d95,0.9545454382896423,110,0.09651409834623337
24,1,flip_ud,0.16929805278778076,21897d95,0.9636363387107849,110,0.09651409834623337
24,1,transpose,0.084764264523983,21897d95,0.9818181395530701,110,0.09651409834623337
24,1,anti_transpose,0.116581991314888,21897d95,0.9545454382896423,110,0.09651409834623337
48,1,identity,0.1361992508172989,21897d95,0.9545454382896423,110,0.026613231748342514
48,1,rot90,0.12202467769384384,21897d95,0.9636363387107849,110,0.026613231748342514
48,1,rot180,0.2673766314983368,21897d95,0.9545454382896423,110,0.026613231748342514
48,1,rot270,0.19557064771652222,21897d95,0.9454545378684998,110,0.026613231748342514
48,1,flip_lr,0.15575797855854034,21897d95,0.9545454382896423,110,0.026613231748342514
48,1,flip_ud,0.17994248867034912,21897d95,0.9454545378684998,110,0.026613231748342514
48,1,transpose,0.08523250371217728,21897d95,0.9545454382896423,110,0.026613231748342514
48,1,anti_transpose,0.12496481835842133,21897d95,0.9727272391319275,110,0.026613231748342514
72,1,identity,0.2021900862455368,21897d95,0.9636363387107849,110,0.019416799768805504
72,1,rot90,0.18375706672668457,21897d95,0.9636363387107849,110,0.019416799768805504
72,1,rot180,0.2916528582572937,21897d95,0.9454545378684998,110,0.019416799768805504
72,1,rot270,0.17407667636871338,21897d95,0.9454545378684998,110,0.019416799768805504
72,1,flip_lr,0.2123623639345169,21897d95,0.9545454382896423,110,0.019416799768805504
72,1,flip_ud,0.19270659983158112,21897d95,0.9545454382896423,110,0.019416799768805504
72,1,transpose,0.11543242633342743,21897d95,0.9636363387107849,110,0.019416799768805504
72,1,anti_transpose,0.19558343291282654,21897d95,0.9636363387107849,110,0.019416799768805504
0,2,identity,0.2623957395553589,21897d95,0.9333333373069763,135,
0,2,rot90,0.25080153346061707,21897d95,0.9357143044471741,140,
0,2,rot180,0.3063479959964752,21897d95,0.9333333373069763,135,
0,2,rot270,0.28448325395584106,21897d95,0.9428571462631226,140,
0,2,flip_lr,0.23752865195274353,21897d95,0.9111111164093018,135,
0,2,flip_ud,0.32882893085479736,21897d95,0.940740704536438,135,
0,2,transpose,0.2592908442020416,21897d95,0.9285714626312256,140,
0,2,anti_transpose,0.2789077162742615,21897d95,0.9357143044471741,140,
12,2,identity,0.28755924105644226,21897d95,0.9333333373069763,135,0.08803890645503998
12,2,rot90,0.2533309757709503,21897d95,0.9142857193946838,140,0.08803890645503998
12,2,rot180,0.33372628688812256,21897d95,0.9185184836387634,135,0.08803890645503998
12,2,rot270,0.23480284214019775,21897d95,0.949999988079071,140,0.08803890645503998
12,2,flip_lr,0.24572160840034485,21897d95,0.9185184836387634,135,0.08803890645503998
12,2,flip_ud,0.3002503514289856,21897d95,0.9333333373069763,135,0.08803890645503998
12,2,transpose,0.21775420010089874,21897d95,0.9428571462631226,140,0.08803890645503998
12,2,anti_transpose,0.2676990330219269,21897d95,0.9285714626312256,140,0.08803890645503998
24,2,identity,0.23470883071422577,21897d95,0.9333333373069763,135,0.07385417073965073
24,2,rot90,0.23305784165859222,21897d95,0.9214285612106323,140,0.07385417073965073
24,2,rot180,0.32825541496276855,21897d95,0.9333333373069763,135,0.07385417073965073
24,2,rot270,0.1999749392271042,21897d95,0.949999988079071,140,0.07385417073965073
24,2,flip_lr,0.24111053347587585,21897d95,0.9259259104728699,135,0.07385417073965073
24,2,flip_ud,0.31479915976524353,21897d95,0.940740704536438,135,0.07385417073965073
24,2,transpose,0.2750612497329712,21897d95,0.9285714626312256,140,0.07385417073965073
24,2,anti_transpose,0.2637844979763031,21897d95,0.9357143044471741,140,0.07385417073965073
48,2,identity,0.31867676973342896,21897d95,0.9259259104728699,135,0.015345249325037003
48,2,rot90,0.249741792678833,21897d95,0.9357143044471741,140,0.015345249325037003
48,2,rot180,0.3763825595378876,21897d95,0.9259259104728699,135,0.015345249325037003
48,2,rot270,0.22569634020328522,21897d95,0.949999988079071,140,0.015345249325037003
48,2,flip_lr,0.25347700715065,21897d95,0.940740704536438,135,0.015345249325037003
48,2,flip_ud,0.36250677704811096,21897d95,0.9259259104728699,135,0.015345249325037003
48,2,transpose,0.2780616581439972,21897d95,0.9428571462631226,140,0.015345249325037003
48,2,anti_transpose,0.38379621505737305,21897d95,0.9214285612106323,140,0.015345249325037003
72,2,identity,0.3218168020248413,21897d95,0.9259259104728699,135,0.009455950930714607
72,2,rot90,0.20881979167461395,21897d95,0.9357143044471741,140,0.009455950930714607
72,2,rot180,0.34801730513572693,21897d95,0.9259259104728699,135,0.009455950930714607
72,2,rot270,0.2509138286113739,21897d95,0.9357143044471741,140,0.009455950930714607
72,2,flip_lr,0.2783872187137604,21897d95,0.9259259104728699,135,0.009455950930714607
72,2,flip_ud,0.37846460938453674,21897d95,0.9259259104728699,135,0.009455950930714607
72,2,transpose,0.29308652877807617,21897d95,0.9285714626312256,140,0.009455950930714607
72,2,anti_transpose,0.3879123032093048,21897d95,0.9214285612106323,140,0.009455950930714607
0,3,identity,0.05305897444486618,21897d95,0.9909090399742126,110,
0,3,rot90,0.07197154313325882,21897d95,0.9636363387107849,110,
0,3,rot180,0.08448169380426407,21897d95,0.9636363387107849,110,
0,3,rot270,0.09329356253147125,21897d95,0.9636363387107849,110,
0,3,flip_lr,0.06364665180444717,21897d95,0.9727272391319275,110,
0,3,flip_ud,0.0832119882106781,21897d95,0.9636363387107849,110,
0,3,transpose,0.08874974399805069,21897d95,0.9636363387107849,110,
0,3,anti_transpose,0.07369459420442581,21897d95,0.9818181395530701,110,
12,3,identity,0.039566267281770706,21897d95,0.9818181395530701,110,0.14144496619701385
12,3,rot90,0.051814183592796326,21897d95,0.9909090399742126,110,0.14144496619701385
12,3,rot180,0.05170715972781181,21897d95,0.9818181395530701,110,0.14144496619701385
12,3,rot270,0.06584156304597855,21897d95,0.9727272391319275,110,0.14144496619701385
12,3,flip_lr,0.047964807599782944,21897d95,0.9727272391319275,110,0.14144496619701385
12,3,flip_ud,0.04826943203806877,21897d95,0.9909090399742126,110,0.14144496619701385
12,3,transpose,0.06042560189962387,21897d95,0.9727272391319275,110,0.14144496619701385
12,3,anti_transpose,0.05795133486390114,21897d95,0.9818181395530701,110,0.14144496619701385
24,3,identity,0.0312839038670063,21897d95,0.9909090399742126,110,0.10629957169294357
24,3,rot90,0.0477067269384861,21897d95,0.9909090399742126,110,0.10629957169294357
24,3,rot180,0.023874247446656227,21897d95,0.9999999403953552,110,0.10629957169294357
24,3,rot270,0.05099377781152725,21897d95,0.9818181395530701,110,0.10629957169294357
24,3,flip_lr,0.033038463443517685,21897d95,0.9909090399742126,110,0.10629957169294357
24,3,flip_ud,0.02213761955499649,21897d95,0.9999999403953552,110,0.10629957169294357
24,3,transpose,0.05156191065907478,21897d95,0.9727272391319275,110,0.10629957169294357
24,3,anti_transpose,0.04797240346670151,21897d95,0.9727272391319275,110,0.10629957169294357
48,3,identity,0.042067863047122955,21897d95,0.9909090399742126,110,0.053391870111227036
48,3,rot90,0.040583912283182144,21897d95,0.9636363387107849,110,0.053391870111227036
48,3,rot180,0.03600012883543968,21897d95,0.9727272391319275,110,0.053391870111227036
48,3,rot270,0.0661771297454834,21897d95,0.9727272391319275,110,0.053391870111227036
48,3,flip_lr,0.025907790288329124,21897d95,0.9818181395530701,110,0.053391870111227036
48,3,flip_ud,0.0237580593675375,21897d95,0.9818181395530701,110,0.053391870111227036
48,3,transpose,0.08111630380153656,21897d95,0.9727272391319275,110,0.053391870111227036
48,3,anti_transpose,0.06003899872303009,21897d95,0.9727272391319275,110,0.053391870111227036
72,3,identity,0.09778480231761932,21897d95,0.9818181395530701,110,0.017246680334210396
72,3,rot90,0.07558128982782364,21897d95,0.9727272391319275,110,0.017246680334210396
72,3,rot180,0.09303683042526245,21897d95,0.9727272391319275,110,0.017246680334210396
72,3,rot270,0.11076970398426056,21897d95,0.9727272391319275,110,0.017246680334210396
72,3,flip_lr,0.06820879876613617,21897d95,0.9727272391319275,110,0.017246680334210396
72,3,flip_ud,0.05678246170282364,21897d95,0.9727272391319275,110,0.017246680334210396
72,3,transpose,0.13343043625354767,21897d95,0.9727272391319275,110,0.017246680334210396
72,3,anti_transpose,0.09242942929267883,21897d95,0.9636363387107849,110,0.017246680334210396
0,0,identity,0.08399011194705963,3dc255db,0.9807692170143127,156,
0,0,rot90,0.08693193644285202,3dc255db,0.9679487347602844,156,
0,0,rot180,0.14571106433868408,3dc255db,0.9743589758872986,156,
0,0,rot270,0.09084003418684006,3dc255db,0.9935897588729858,156,
0,0,flip_lr,0.07468564808368683,3dc255db,0.9807692170143127,156,
0,0,flip_ud,0.10114651173353195,3dc255db,0.9743589758872986,156,
0,0,transpose,0.07791160047054291,3dc255db,0.9871795177459717,156,
0,0,anti_transpose,0.0869821086525917,3dc255db,0.9871795177459717,156,
12,0,identity,0.06953353434801102,3dc255db,0.9679487347602844,156,0.01041560061275959
12,0,rot90,0.08192775398492813,3dc255db,0.9743589758872986,156,0.01041560061275959
12,0,rot180,0.08967592567205429,3dc255db,0.9807692170143127,156,0.01041560061275959
12,0,rot270,0.05690369755029678,3dc255db,0.9871795177459717,156,0.01041560061275959
12,0,flip_lr,0.056985318660736084,3dc255db,0.9871795177459717,156,0.01041560061275959
12,0,flip_ud,0.08691497147083282,3dc255db,0.9807692170143127,156,0.01041560061275959
12,0,transpose,0.05013076588511467,3dc255db,0.9871795177459717,156,0.01041560061275959
12,0,anti_transpose,0.04234306514263153,3dc255db,0.9871795177459717,156,0.01041560061275959
24,0,identity,0.07951197028160095,3dc255db,0.9743589758872986,156,0.0005388761637732387
24,0,rot90,0.11169789731502533,3dc255db,0.9679487347602844,156,0.0005388761637732387
24,0,rot180,0.14135125279426575,3dc255db,0.9743589758872986,156,0.0005388761637732387
24,0,rot270,0.06804545968770981,3dc255db,0.9807692170143127,156,0.0005388761637732387
24,0,flip_lr,0.08540062606334686,3dc255db,0.9871795177459717,156,0.0005388761637732387
24,0,flip_ud,0.12167675048112869,3dc255db,0.9743589758872986,156,0.0005388761637732387
24,0,transpose,0.0588955394923687,3dc255db,0.9807692170143127,156,0.0005388761637732387
24,0,anti_transpose,0.09338688850402832,3dc255db,0.9743589758872986,156,0.0005388761637732387
48,0,identity,0.10203935205936432,3dc255db,0.9679487347602844,156,0.0009250210714526474
48,0,rot90,0.15087400376796722,3dc255db,0.9743589758872986,156,0.0009250210714526474
48,0,rot180,0.16325627267360687,3dc255db,0.9679487347602844,156,0.0009250210714526474
48,0,rot270,0.07297065854072571,3dc255db,0.9871795177459717,156,0.0009250210714526474
48,0,flip_lr,0.10743255913257599,3dc255db,0.9871795177459717,156,0.0009250210714526474
48,0,flip_ud,0.1333474963903427,3dc255db,0.9743589758872986,156,0.0009250210714526474
48,0,transpose,0.11608633399009705,3dc255db,0.9807692170143127,156,0.0009250210714526474
48,0,anti_transpose,0.1281909942626953,3dc255db,0.9807692170143127,156,0.0009250210714526474
72,0,identity,0.10548790544271469,3dc255db,0.9679487347602844,156,5.050888648838736e-05
72,0,rot90,0.13316567242145538,3dc255db,0.9743589758872986,156,5.050888648838736e-05
72,0,rot180,0.1529756486415863,3dc255db,0.9679487347602844,156,5.050888648838736e-05
72,0,rot270,0.05702069401741028,3dc255db,0.9871795177459717,156,5.050888648838736e-05
72,0,flip_lr,0.10560388118028641,3dc255db,0.9871795177459717,156,5.050888648838736e-05
72,0,flip_ud,0.14423498511314392,3dc255db,0.9743589758872986,156,5.050888648838736e-05
72,0,transpose,0.08414008468389511,3dc255db,0.9807692170143127,156,5.050888648838736e-05
72,0,anti_transpose,0.09815943241119385,3dc255db,0.9807692170143127,156,5.050888648838736e-05
0,1,identity,0.05458386242389679,3dc255db,0.9818181395530701,110,
0,1,rot90,0.06876420229673386,3dc255db,0.9818181395530701,110,
0,1,rot180,0.05401696264743805,3dc255db,0.9727272391319275,110,
0,1,rot270,0.027742920443415642,3dc255db,0.9909090399742126,110,
0,1,flip_lr,0.058713167905807495,3dc255db,0.9818181395530701,110,
0,1,flip_ud,0.055376626551151276,3dc255db,0.9818181395530701,110,
0,1,transpose,0.07805601507425308,3dc255db,0.9727272391319275,110,
0,1,anti_transpose,0.01629932038486004,3dc255db,0.9909090399742126,110,
12,1,identity,0.03959621489048004,3dc255db,0.9818181395530701,110,0.036297138780355453
12,1,rot90,0.03191661462187767,3dc255db,0.9818181395530701,110,0.036297138780355453
12,1,rot180,0.036974746733903885,3dc255db,0.9818181395530701,110,0.036297138780355453
12,1,rot270,0.01570536382496357,3dc255db,0.9818181395530701,110,0.036297138780355453
12,1,flip_lr,0.020861510187387466,3dc255db,0.9909090399742126,110,0.036297138780355453
12,1,flip_ud,0.046702854335308075,3dc255db,0.9909090399742126,110,0.036297138780355453
12,1,transpose,0.04406537115573883,3dc255db,0.9818181395530701,110,0.036297138780355453
12,1,anti_transpose,0.02169843204319477,3dc255db,0.9818181395530701,110,0.036297138780355453
24,1,identity,0.05849641561508179,3dc255db,0.9727272391319275,110,0.0035877227783203125
24,1,rot90,0.06965679675340652,3dc255db,0.9818181395530701,110,0.0035877227783203125
24,1,rot180,0.09739070385694504,3dc255db,0.9818181395530701,110,0.0035877227783203125
24,1,rot270,0.030677475035190582,3dc255db,0.9909090399742126,110,0.0035877227783203125
24,1,flip_lr,0.02297491766512394,3dc255db,0.9818181395530701,110,0.0035877227783203125
24,1,flip_ud,0.08127913624048233,3dc255db,0.9727272391319275,110,0.0035877227783203125
24,1,transpose,0.05834261327981949,3dc255db,0.9727272391319275,110,0.0035877227783203125
24,1,anti_transpose,0.06880224496126175,3dc255db,0.9818181395530701,110,0.0035877227783203125
48,1,identity,0.05944488197565079,3dc255db,0.9818181395530701,110,0.0005084061995148659
48,1,rot90,0.05681156739592552,3dc255db,0.9818181395530701,110,0.0005084061995148659
48,1,rot180,0.10204430669546127,3dc255db,0.9818181395530701,110,0.0005084061995148659
48,1,rot270,0.0385933481156826,3dc255db,0.9818181395530701,110,0.0005084061995148659
48,1,flip_lr,0.05151518061757088,3dc255db,0.9818181395530701,110,0.0005084061995148659
48,1,flip_ud,0.05906597152352333,3dc255db,0.9818181395530701,110,0.0005084061995148659
48,1,transpose,0.032163556665182114,3dc255db,0.9818181395530701,110,0.0005084061995148659
48,1,anti_transpose,0.05639181658625603,3dc255db,0.9818181395530701,110,0.0005084061995148659
72,1,identity,0.09936272352933884,3dc255db,0.9818181395530701,110,2.1274272512528114e-05
72,1,rot90,0.09188485890626907,3dc255db,0.9818181395530701,110,2.1274272512528114e-05
72,1,rot180,0.13270717859268188,3dc255db,0.9818181395530701,110,2.1274272512528114e-05
72,1,rot270,0.0492808073759079,3dc255db,0.9818181395530701,110,2.1274272512528114e-05
72,1,flip_lr,0.08773775398731232,3dc255db,0.9818181395530701,110,2.1274272512528114e-05
72,1,flip_ud,0.07744448632001877,3dc255db,0.9909090399742126,110,2.1274272512528114e-05
72,1,transpose,0.07427624613046646,3dc255db,0.9818181395530701,110,2.1274272512528114e-05
72,1,anti_transpose,0.0622083805501461,3dc255db,0.9727272391319275,110,2.1274272512528114e-05
0,2,identity,0.04175877571105957,3dc255db,0.9935897588729858,156,
0,2,rot90,0.04157619550824165,3dc255db,0.9871795177459717,156,
0,2,rot180,0.0216194000095129,3dc255db,0.9935897588729858,156,
0,2,rot270,0.004531456157565117,3dc255db,1.0,156,
0,2,flip_lr,0.02386152371764183,3dc255db,0.9935897588729858,156,
0,2,flip_ud,0.024277878925204277,3dc255db,0.9871795177459717,156,
0,2,transpose,0.04678162559866905,3dc255db,0.9935897588729858,156,
0,2,anti_transpose,0.013613734394311905,3dc255db,0.9935897588729858,156,
12,2,identity,0.029065437614917755,3dc255db,0.9935897588729858,156,0.046927861869335175
12,2,rot90,0.01733224280178547,3dc255db,0.9935897588729858,156,0.046927861869335175
12,2,rot180,0.0166506078094244,3dc255db,1.0,156,0.046927861869335175
12,2,rot270,0.002364247338846326,3dc255db,1.0,156,0.046927861869335175
12,2,flip_lr,0.006729715038090944,3dc255db,1.0,156,0.046927861869335175
12,2,flip_ud,0.010834415443241596,3dc255db,1.0,156,0.046927861869335175
12,2,transpose,0.02607124298810959,3dc255db,0.9935897588729858,156,0.046927861869335175
12,2,anti_transpose,0.00507150636985898,3dc255db,1.0,156,0.046927861869335175
24,2,identity,0.025961212813854218,3dc255db,0.9935897588729858,156,0.010804283432662487
24,2,rot90,0.02006831392645836,3dc255db,0.9935897588729858,156,0.010804283432662487
24,2,rot180,0.005107208155095577,3dc255db,1.0,156,0.010804283432662487
24,2,rot270,0.006354365963488817,3dc255db,0.9935897588729858,156,0.010804283432662487
24,2,flip_lr,0.009552753530442715,3dc255db,0.9935897588729858,156,0.010804283432662487
24,2,flip_ud,0.004495596047490835,3dc255db,1.0,156,0.010804283432662487
24,2,transpose,0.025852130725979805,3dc255db,0.9935897588729858,156,0.010804283432662487
24,2,anti_transpose,0.020041972398757935,3dc255db,0.9935897588729858,156,0.010804283432662487
48,2,identity,0.03218407556414604,3dc255db,0.9935897588729858,156,0.00024299335200339556
48,2,rot90,0.013950235210359097,3dc255db,0.9935897588729858,156,0.00024299335200339556
48,2,rot180,0.00716259703040123,3dc255db,1.0,156,0.00024299335200339556
48,2,rot270,0.010964284650981426,3dc255db,0.9935897588729858,156,0.00024299335200339556
48,2,flip_lr,0.017443258315324783,3dc255db,0.9935897588729858,156,0.00024299335200339556
48,2,flip_ud,0.005866594612598419,3dc255db,1.0,156,0.00024299335200339556
48,2,transpose,0.01956048794090748,3dc255db,0.9935897588729858,156,0.00024299335200339556
48,2,anti_transpose,0.02306653931736946,3dc255db,0.9935897588729858,156,0.00024299335200339556
72,2,identity,0.025630420073866844,3dc255db,0.9935897588729858,156,0.0026255156844854355
72,2,rot90,0.023281998932361603,3dc255db,0.9935897588729858,156,0.0026255156844854355
72,2,rot180,0.0041547250002622604,3dc255db,1.0,156,0.0026255156844854355
72,2,rot270,0.0009002508013509214,3dc255db,1.0,156,0.0026255156844854355
72,2,flip_lr,0.014452124014496803,3dc255db,0.9935897588729858,156,0.0026255156844854355
72,2,flip_ud,0.0017179105198010802,3dc255db,1.0,156,0.0026255156844854355
72,2,transpose,0.03211896866559982,3dc255db,0.9935897588729858,156,0.0026255156844854355
72,2,anti_transpose,0.006443460937589407,3dc255db,0.9935897588729858,156,0.0026255156844854355
0,0,identity,0.5189955234527588,20a9e565,0.8571428656578064,21,
0,0,rot90,0.35545697808265686,20a9e565,0.875,24,
0,0,rot180,0.5301560163497925,20a9e565,0.761904776096344,21,
0,0,rot270,0.4998663663864136,20a9e565,0.8333333730697632,24,
0,0,flip_lr,0.5418195128440857,20a9e565,0.761904776096344,21,
0,0,flip_ud,0.5293681025505066,20a9e565,0.761904776096344,21,
0,0,transpose,0.583142876625061,20a9e565,0.8333333730697632,24,
0,0,anti_transpose,0.4195399284362793,20a9e565,0.875,24,
12,0,identity,0.716659426689148,20a9e565,0.6666666865348816,21,0.08153631538152695
12,0,rot90,0.3352557122707367,20a9e565,0.875,24,0.08153631538152695
12,0,rot180,0.7749181389808655,20a9e565,0.761904776096344,21,0.08153631538152695
12,0,rot270,0.38202688097953796,20a9e565,0.875,24,0.08153631538152695
12,0,flip_lr,0.7049736976623535,20a9e565,0.7142857313156128,21,0.08153631538152695
12,0,flip_ud,0.6564452052116394,20a9e565,0.7142857313156128,21,0.08153631538152695
12,0,transpose,0.5530402660369873,20a9e565,0.875,24,0.08153631538152695
12,0,anti_transpose,0.3933088779449463,20a9e565,0.875,24,0.08153631538152695
24,0,identity,0.9711735844612122,20a9e565,0.6666666865348816,21,0.03715474531054497
24,0,rot90,0.3664683401584625,20a9e565,0.875,24,0.03715474531054497
24,0,rot180,0.7280747294425964,20a9e565,0.8095238208770752,21,0.03715474531054497
24,0,rot270,0.6625240445137024,20a9e565,0.8333333730697632,24,0.03715474531054497
24,0,flip_lr,0.8079991936683655,20a9e565,0.761904776096344,21,0.03715474531054497
24,0,flip_ud,0.8743774890899658,20a9e565,0.7142857313156128,21,0.03715474531054497
24,0,transpose,0.7118640542030334,20a9e565,0.875,24,0.03715474531054497
24,0,anti_transpose,0.4540199041366577,20a9e565,0.8333333730697632,24,0.03715474531054497
48,0,identity,0.8594334125518799,20a9e565,0.7142857313156128,21,0.00967349112033844
48,0,rot90,0.33728837966918945,20a9e565,0.8333333730697632,24,0.00967349112033844
48,0,rot180,0.7883695960044861,20a9e565,0.7142857313156128,21,0.00967349112033844
48,0,rot270,0.5835263133049011,20a9e565,0.8333333730697632,24,0.00967349112033844
48,0,flip_lr,0.5967574119567871,20a9e565,0.8095238208770752,21,0.00967349112033844
48,0,flip_ud,0.7957388758659363,20a9e565,0.7142857313156128,21,0.00967349112033844
48,0,transpose,0.5986103415489197,20a9e565,0.875,24,0.00967349112033844
48,0,anti_transpose,0.42173078656196594,20a9e565,0.8333333730697632,24,0.00967349112033844
72,0,identity,0.8900425434112549,20a9e565,0.7142857313156128,21,0.0077449847012758255
72,0,rot90,0.3570321798324585,20a9e565,0.8333333730697632,24,0.0077449847012758255
72,0,rot180,0.7631762623786926,20a9e565,0.7142857313156128,21,0.0077449847012758255
72,0,rot270,0.5584246516227722,20a9e565,0.875,24,0.0077449847012758255
72,0,flip_lr,0.6066842079162598,20a9e565,0.8095238208770752,21,0.0077449847012758255
72,0,flip_ud,0.8443776369094849,20a9e565,0.7142857313156128,21,0.0077449847012758255
72,0,transpose,0.6399856209754944,20a9e565,0.875,24,0.0077449847012758255
72,0,anti_transpose,0.5004784464836121,20a9e565,0.8333333730697632,24,0.0077449847012758255
0,1,identity,0.3448459208011627,20a9e565,0.9047619104385376,42,
0,1,rot90,0.7985913157463074,20a9e565,0.7333333492279053,30,
0,1,rot180,0.3742293417453766,20a9e565,0.9047619104385376,42,
0,1,rot270,0.6687676906585693,20a9e565,0.8000000715255737,30,
0,1,flip_lr,0.38370853662490845,20a9e565,0.9047619104385376,42,
0,1,flip_ud,0.25915077328681946,20a9e565,0.9285714626312256,42,
0,1,transpose,0.8744001984596252,20a9e565,0.6666666865348816,30,
0,1,anti_transpose,0.7933890223503113,20a9e565,0.7000000476837158,30,
12,1,identity,0.5384936332702637,20a9e565,0.8571428656578064,42,0.0816803053021431
12,1,rot90,1.1480883359909058,20a9e565,0.7000000476837158,30,0.0816803053021431
12,1,rot180,0.4625377655029297,20a9e565,0.9047619104385376,42,0.0816803053021431
12,1,rot270,0.7854512333869934,20a9e565,0.7666667103767395,30,0.0816803053021431
12,1,flip_lr,0.6245964765548706,20a9e565,0.8333333730697632,42,0.0816803053021431
12,1,flip_ud,0.49463534355163574,20a9e565,0.8571428656578064,42,0.0816803053021431
12,1,transpose,0.9862841367721558,20a9e565,0.7000000476837158,30,0.0816803053021431
12,1,anti_transpose,0.9991174340248108,20a9e565,0.7333333492279053,30,0.0816803053021431
24,1,identity,0.9490728974342346,20a9e565,0.8571428656578064,42,0.0026243249885737896
24,1,rot90,1.961076021194458,20a9e565,0.6000000238418579,30,0.0026243249885737896
24,1,rot180,0.6328293085098267,20a9e565,0.8809524178504944,42,0.0026243249885737896
24,1,rot270,1.405169129371643,20a9e565,0.7000000476837158,30,0.0026243249885737896
24,1,flip_lr,1.1173858642578125,20a9e565,0.8095238208770752,42,0.0026243249885737896
24,1,flip_ud,0.8154776692390442,20a9e565,0.8333333730697632,42,0.0026243249885737896
24,1,transpose,1.5904451608657837,20a9e565,0.6333333849906921,30,0.0026243249885737896
24,1,anti_transpose,1.6018084287643433,20a9e565,0.6000000238418579,30,0.0026243249885737896
48,1,identity,0.6785053014755249,20a9e565,0.8095238208770752,42,0.06287263333797455
48,1,rot90,1.3787262439727783,20a9e565,0.6333333849906921,30,0.06287263333797455
48,1,rot180,0.3603937029838562,20a9e565,0.9523809552192688,42,0.06287263333797455
48,1,rot270,1.2054541110992432,20a9e565,0.7333333492279053,30,0.06287263333797455
48,1,flip_lr,0.5812140107154846,20a9e565,0.8095238208770752,42,0.06287263333797455
48,1,flip_ud,0.5368725657463074,20a9e565,0.8809524178504944,42,0.06287263333797455
48,1,transpose,1.5024203062057495,20a9e565,0.6000000238418579,30,0.06287263333797455
48,1,anti_transpose,1.2816427946090698,20a9e565,0.6333333849906921,30,0.06287263333797455
72,1,identity,0.5949366688728333,20a9e565,0.8333333730697632,42,0.007862619124352932
72,1,rot90,1.2670527696609497,20a9e565,0.6333333849906921,30,0.007862619124352932
72,1,rot180,0.30851876735687256,20a9e565,0.9523809552192688,42,0.007862619124352932
72,1,rot270,1.1340850591659546,20a9e565,0.7333333492279053,30,0.007862619124352932
72,1,flip_lr,0.4831017851829529,20a9e565,0.8333333730697632,42,0.007862619124352932
72,1,flip_ud,0.4666920304298401,20a9e565,0.8809524178504944,42,0.007862619124352932
72,1,transpose,1.474266767501831,20a9e565,0.6666666865348816,30,0.007862619124352932
72,1,anti_transpose,1.141656517982483,20a9e565,0.6666666865348816,30,0.007862619124352932
0,2,identity,0.11832871288061142,20a9e565,0.9558823704719543,68,
0,2,rot90,0.15427224338054657,20a9e565,0.9259259104728699,54,
0,2,rot180,0.10981178283691406,20a9e565,0.9411764740943909,68,
0,2,rot270,0.1264585256576538,20a9e565,0.9629629850387573,54,
0,2,flip_lr,0.10537608712911606,20a9e565,0.9558823704719543,68,
0,2,flip_ud,0.13125813007354736,20a9e565,0.9411764740943909,68,
0,2,transpose,0.1469515562057495,20a9e565,0.9259259104728699,54,
0,2,anti_transpose,0.11972017586231232,20a9e565,0.944444477558136,54,
12,2,identity,0.1107434630393982,20a9e565,0.9558823704719543,68,0.20895712077617645
12,2,rot90,0.20477630198001862,20a9e565,0.9074074029922485,54,0.20895712077617645
12,2,rot180,0.09569834172725677,20a9e565,0.9705882668495178,68,0.20895712077617645
12,2,rot270,0.19208239018917084,20a9e565,0.9074074029922485,54,0.20895712077617645
12,2,flip_lr,0.09835323691368103,20a9e565,0.9558823704719543,68,0.20895712077617645
12,2,flip_ud,0.11339627951383591,20a9e565,0.9411764740943909,68,0.20895712077617645
12,2,transpose,0.21457035839557648,20a9e565,0.9259259104728699,54,0.20895712077617645
12,2,anti_transpose,0.1724647879600525,20a9e565,0.944444477558136,54,0.20895712077617645
24,2,identity,0.09066273272037506,20a9e565,0.9411764740943909,68,0.07056065648794174
24,2,rot90,0.191256582736969,20a9e565,0.944444477558136,54,0.07056065648794174
24,2,rot180,0.11884379386901855,20a9e565,0.9411764740943909,68,0.07056065648794174
24,2,rot270,0.20123103260993958,20a9e565,0.9259259104728699,54,0.07056065648794174
24,2,flip_lr,0.09583470970392227,20a9e565,0.9558823704719543,68,0.07056065648794174
24,2,flip_ud,0.12896226346492767,20a9e565,0.9411764740943909,68,0.07056065648794174
24,2,transpose,0.23518000543117523,20a9e565,0.9074074029922485,54,0.07056065648794174
24,2,anti_transpose,0.21870170533657074,20a9e565,0.944444477558136,54,0.07056065648794174
48,2,identity,0.14144393801689148,20a9e565,0.9705882668495178,68,0.019372813403606415
48,2,rot90,0.28080490231513977,20a9e565,0.8888888955116272,54,0.019372813403606415
48,2,rot180,0.1502556949853897,20a9e565,0.9705882668495178,68,0.019372813403606415
48,2,rot270,0.3411794900894165,20a9e565,0.8888888955116272,54,0.019372813403606415
48,2,flip_lr,0.12750767171382904,20a9e565,0.9705882668495178,68,0.019372813403606415
48,2,flip_ud,0.19228218495845795,20a9e565,0.9411764740943909,68,0.019372813403606415
48,2,transpose,0.3154544532299042,20a9e565,0.8888888955116272,54,0.019372813403606415
48,2,anti_transpose,0.2760745584964752,20a9e565,0.9074074029922485,54,0.019372813403606415
72,2,identity,0.26017314195632935,20a9e565,0.9411764740943909,68,0.014410858042538166
72,2,rot90,0.23548737168312073,20a9e565,0.8888888955116272,54,0.014410858042538166
72,2,rot180,0.2318597137928009,20a9e565,0.9558823704719543,68,0.014410858042538166
72,2,rot270,0.278690367937088,20a9e565,0.8888888955116272,54,0.014410858042538166
72,2,flip_lr,0.20313052833080292,20a9e565,0.9411764740943909,68,0.014410858042538166
72,2,flip_ud,0.29856985807418823,20a9e565,0.9264705777168274,68,0.014410858042538166
72,2,transpose,0.30248400568962097,20a9e565,0.8703703880310059,54,0.014410858042538166
72,2,anti_transpose,0.2847787141799927,20a9e565,0.9259259104728699,54,0.014410858042538166
0,0,identity,0.06083938479423523,da515329,0.9743589758872986,156,
0,0,rot90,0.06422401964664459,da515329,0.9679487347602844,156,
0,0,rot180,0.055807169526815414,da515329,0.9743589758872986,156,
0,0,rot270,0.06163410097360611,da515329,0.9807692170143127,156,
0,0,flip_lr,0.05260729789733887,da515329,0.9743589758872986,156,
0,0,flip_ud,0.04011239856481552,da515329,0.9807692170143127,156,
0,0,transpose,0.05254560336470604,da515329,0.9743589758872986,156,
0,0,anti_transpose,0.04627010226249695,da515329,0.9743589758872986,156,
12,0,identity,0.05724090337753296,da515329,0.9679487347602844,156,0.031000496819615364
12,0,rot90,0.044101763516664505,da515329,0.9743589758872986,156,0.031000496819615364
12,0,rot180,0.03151490539312363,da515329,0.9871795177459717,156,0.031000496819615364
12,0,rot270,0.05869258940219879,da515329,0.9871795177459717,156,0.031000496819615364
12,0,flip_lr,0.05779409408569336,da515329,0.9743589758872986,156,0.031000496819615364
12,0,flip_ud,0.023792849853634834,da515329,0.9871795177459717,156,0.031000496819615364
12,0,transpose,0.059667084366083145,da515329,0.9743589758872986,156,0.031000496819615364
12,0,anti_transpose,0.055524274706840515,da515329,0.9743589758872986,156,0.031000496819615364
24,0,identity,0.032013677060604095,da515329,0.9743589758872986,156,0.016839150339365005
24,0,rot90,0.032713957130908966,da515329,0.9807692170143127,156,0.016839150339365005
24,0,rot180,0.029000377282500267,da515329,0.9871795177459717,156,0.016839150339365005
24,0,rot270,0.06400890648365021,da515329,0.9807692170143127,156,0.016839150339365005
24,0,flip_lr,0.06739584356546402,da515329,0.9871795177459717,156,0.016839150339365005
24,0,flip_ud,0.0367310494184494,da515329,0.9807692170143127,156,0.016839150339365005
24,0,transpose,0.07876300066709518,da515329,0.9743589758872986,156,0.016839150339365005
24,0,anti_transpose,0.03817055746912956,da515329,0.9807692170143127,156,0.016839150339365005
48,0,identity,0.0675988718867302,da515329,0.9935897588729858,156,0.00016318581765517592
48,0,rot90,0.09782475978136063,da515329,0.9871795177459717,156,0.00016318581765517592
48,0,rot180,0.07635752856731415,da515329,0.9807692170143127,156,0.00016318581765517592
48,0,rot270,0.1267520934343338,da515329,0.9871795177459717,156,0.00016318581765517592
48,0,flip_lr,0.0974942073225975,da515329,0.9871795177459717,156,0.00016318581765517592
48,0,flip_ud,0.08157666772603989,da515329,0.9743589758872986,156,0.00016318581765517592
48,0,transpose,0.13874225318431854,da515329,0.9807692170143127,156,0.00016318581765517592
48,0,anti_transpose,0.06332297623157501,da515329,0.9871795177459717,156,0.00016318581765517592
72,0,identity,0.039447106420993805,da515329,0.9807692170143127,156,0.003067206358537078
72,0,rot90,0.03248056024312973,da515329,0.9871795177459717,156,0.003067206358537078
72,0,rot180,0.050457440316677094,da515329,0.9871795177459717,156,0.003067206358537078
72,0,rot270,0.07051902264356613,da515329,0.9871795177459717,156,0.003067206358537078
72,0,flip_lr,0.055938463658094406,da515329,0.9871795177459717,156,0.003067206358537078
72,0,flip_ud,0.05615964159369469,da515329,0.9743589758872986,156,0.003067206358537078
72,0,transpose,0.09727054089307785,da515329,0.9807692170143127,156,0.003067206358537078
72,0,anti_transpose,0.06504948437213898,da515329,0.9807692170143127,156,0.003067206358537078
0,1,identity,0.062026992440223694,da515329,0.9762846231460571,506,
0,1,rot90,0.05983229726552963,da515329,0.9841897487640381,506,
0,1,rot180,0.05375838652253151,da515329,0.9861660599708557,506,
0,1,rot270,0.046337783336639404,da515329,0.9802371859550476,506,
0,1,flip_lr,0.06533316522836685,da515329,0.9762846231460571,506,
0,1,flip_ud,0.07305881381034851,da515329,0.9762846231460571,506,
0,1,transpose,0.06808030605316162,da515329,0.9841897487640381,506,
0,1,anti_transpose,0.06953579187393188,da515329,0.9762846231460571,506,
12,1,identity,0.06902448832988739,da515329,0.9782609343528748,506,0.027286680415272713
12,1,rot90,0.06456372886896133,da515329,0.9822134971618652,506,0.027286680415272713
12,1,rot180,0.06764798611402512,da515329,0.9782609343528748,506,0.027286680415272713
12,1,rot270,0.04486226290464401,da515329,0.9861660599708557,506,0.027286680415272713
12,1,flip_lr,0.06968815624713898,da515329,0.9822134971618652,506,0.027286680415272713
12,1,flip_ud,0.0793161541223526,da515329,0.9802371859550476,506,0.027286680415272713
12,1,transpose,0.06590267270803452,da515329,0.9762846231460571,506,0.027286680415272713
12,1,anti_transpose,0.08710280805826187,da515329,0.9762846231460571,506,0.027286680415272713
24,1,identity,0.09006752073764801,da515329,0.9822134971618652,506,0.005116400308907032
24,1,rot90,0.08357329666614532,da515329,0.9822134971618652,506,0.005116400308907032
24,1,rot180,0.09271331876516342,da515329,0.9802371859550476,506,0.005116400308907032
24,1,rot270,0.07545920461416245,da515329,0.9841897487640381,506,0.005116400308907032
24,1,flip_lr,0.09245121479034424,da515329,0.9802371859550476,506,0.005116400308907032
24,1,flip_ud,0.09387952834367752,da515329,0.9822134971618652,506,0.005116400308907032
24,1,transpose,0.0818813145160675,da515329,0.9743083119392395,506,0.005116400308907032
24,1,anti_transpose,0.1058797612786293,da515329,0.9782609343528748,506,0.005116400308907032
48,1,identity,0.08304794877767563,da515329,0.9822134971618652,506,0.007597789634019136
48,1,rot90,0.07348477840423584,da515329,0.9782609343528748,506,0.007597789634019136
48,1,rot180,0.07465584576129913,da515329,0.9822134971618652,506,0.007597789634019136
48,1,rot270,0.06708747148513794,da515329,0.9841897487640381,506,0.007597789634019136
48,1,flip_lr,0.06707742810249329,da515329,0.9841897487640381,506,0.007597789634019136
48,1,flip_ud,0.08066535741090775,da515329,0.9822134971618652,506,0.007597789634019136
48,1,transpose,0.06664332002401352,da515329,0.9802371859550476,506,0.007597789634019136
48,1,anti_transpose,0.09520578384399414,da515329,0.9762846231460571,506,0.007597789634019136
72,1,identity,0.07178010791540146,da515329,0.9802371859550476,506,0.001800180645659566
72,1,rot90,0.0745360255241394,da515329,0.9822134971618652,506,0.001800180645659566
72,1,rot180,0.0713784247636795,da515329,0.9822134971618652,506,0.001800180645659566
72,1,rot270,0.056911762803792953,da515329,0.9802371859550476,506,0.001800180645659566
72,1,flip_lr,0.06222439557313919,da515329,0.9822134971618652,506,0.001800180645659566
72,1,flip_ud,0.0747804120182991,da515329,0.9841897487640381,506,0.001800180645659566
72,1,transpose,0.06038103997707367,da515329,0.9822134971618652,506,0.001800180645659566
72,1,anti_transpose,0.08399857580661774,da515329,0.9782609343528748,506,0.001800180645659566
0,2,identity,0.0241177249699831,da515329,0.9852941036224365,272,
0,2,rot90,0.024668430909514427,da515329,0.9926470518112183,272,
0,2,rot180,0.018921419978141785,da515329,0.9926470518112183,272,
0,2,rot270,0.027204714715480804,da515329,0.9852941036224365,272,
0,2,flip_lr,0.02761026658117771,da515329,0.9889705777168274,272,
0,2,flip_ud,0.014004504308104515,da515329,0.9963235259056091,272,
0,2,transpose,0.024883467704057693,da515329,0.9889705777168274,272,
0,2,anti_transpose,0.029407326132059097,da515329,0.9889705777168274,272,
12,2,identity,0.02612987719476223,da515329,0.9852941036224365,272,0.03427719324827194
12,2,rot90,0.03280939906835556,da515329,0.9852941036224365,272,0.03427719324827194
12,2,rot180,0.018240911886096,da515329,0.9926470518112183,272,0.03427719324827194
12,2,rot270,0.025407247245311737,da515329,0.9926470518112183,272,0.03427719324827194
12,2,flip_lr,0.03019312582910061,da515329,0.9816176295280457,272,0.03427719324827194
12,2,flip_ud,0.013577098026871681,da515329,0.9963235259056091,272,0.03427719324827194
12,2,transpose,0.017955880612134933,da515329,0.9963235259056091,272,0.03427719324827194
12,2,anti_transpose,0.030013196170330048,da515329,0.9889705777168274,272,0.03427719324827194
24,2,identity,0.03086773492395878,da515329,0.9889705777168274,272,0.013180048204958439
24,2,rot90,0.029275977984070778,da515329,0.9816176295280457,272,0.013180048204958439
24,2,rot180,0.01661144755780697,da515329,0.9889705777168274,272,0.013180048204958439
24,2,rot270,0.015025756321847439,da515329,0.9963235259056091,272,0.013180048204958439
24,2,flip_lr,0.027963561937212944,da515329,0.9816176295280457,272,0.013180048204958439
24,2,flip_ud,0.028140520676970482,da515329,0.9889705777168274,272,0.013180048204958439
24,2,transpose,0.013621111400425434,da515329,0.9926470518112183,272,0.013180048204958439
24,2,anti_transpose,0.03705109655857086,da515329,0.9816176295280457,272,0.013180048204958439
48,2,identity,0.019001422449946404,da515329,0.9926470518112183,272,0.002841276815161109
48,2,rot90,0.018218673765659332,da515329,0.9889705777168274,272,0.002841276815161109
48,2,rot180,0.03242620453238487,da515329,0.9926470518112183,272,0.002841276815161109
48,2,rot270,0.013109864667057991,da515329,0.9963235259056091,272,0.002841276815161109
48,2,flip_lr,0.039377689361572266,da515329,0.9742646813392639,272,0.002841276815161109
48,2,flip_ud,0.03410493955016136,da515329,0.9852941036224365,272,0.002841276815161109
48,2,transpose,0.021743210032582283,da515329,0.9889705777168274,272,0.002841276815161109
48,2,anti_transpose,0.03315962478518486,da515329,0.9889705777168274,272,0.002841276815161109
72,2,identity,0.01347634382545948,da515329,0.9926470518112183,272,0.007649528328329325
72,2,rot90,0.018923019990324974,da515329,0.9926470518112183,272,0.007649528328329325
72,2,rot180,0.008051353506743908,da515329,1.0,272,0.007649528328329325
72,2,rot270,0.013793973252177238,da515329,0.9926470518112183,272,0.007649528328329325
72,2,flip_lr,0.008488843217492104,da515329,0.9963235259056091,272,0.007649528328329325
72,2,flip_ud,0.012085676193237305,da515329,0.9963235259056091,272,0.007649528328329325
72,2,transpose,0.01558660063892603,da515329,0.9963235259056091,272,0.007649528328329325
72,2,anti_transpose,0.015270163305103779,da515329,0.9926470518112183,272,0.007649528328329325
0,0,identity,0.3549114763736725,291dc1e1,0.8690476417541504,84,
0,0,rot90,0.49707984924316406,291dc1e1,0.8589743971824646,78,
0,0,rot180,0.24485066533088684,291dc1e1,0.9166666865348816,84,
0,0,rot270,0.37678685784339905,291dc1e1,0.8589743971824646,78,
0,0,flip_lr,0.37023794651031494,291dc1e1,0.9047619104385376,84,
0,0,flip_ud,0.44804272055625916,291dc1e1,0.8809524178504944,84,
0,0,transpose,0.3535018563270569,291dc1e1,0.884615421295166,78,
0,0,anti_transpose,0.27810007333755493,291dc1e1,0.8974359035491943,78,
12,0,identity,0.41610944271087646,291dc1e1,0.9047619104385376,84,0.09114399552345276
12,0,rot90,0.5433459281921387,291dc1e1,0.8461538553237915,78,0.09114399552345276
12,0,rot180,0.30657055974006653,291dc1e1,0.8690476417541504,84,0.09114399552345276
12,0,rot270,0.49344009160995483,291dc1e1,0.8717948794364929,78,0.09114399552345276
12,0,flip_lr,0.37206441164016724,291dc1e1,0.8809524178504944,84,0.09114399552345276
12,0,flip_ud,0.5901617407798767,291dc1e1,0.8333333730697632,84,0.09114399552345276
12,0,transpose,0.3599163889884949,291dc1e1,0.8974359035491943,78,0.09114399552345276
12,0,anti_transpose,0.3153991997241974,291dc1e1,0.8974359035491943,78,0.09114399552345276
24,0,identity,0.5168906450271606,291dc1e1,0.8690476417541504,84,0.05112812668085098
24,0,rot90,0.5310524106025696,291dc1e1,0.8461538553237915,78,0.05112812668085098
24,0,rot180,0.3807671070098877,291dc1e1,0.8809524178504944,84,0.05112812668085098
24,0,rot270,0.5314602255821228,291dc1e1,0.8717948794364929,78,0.05112812668085098
24,0,flip_lr,0.4476909637451172,291dc1e1,0.8928571343421936,84,0.05112812668085098
24,0,flip_ud,0.6831220984458923,291dc1e1,0.8214285969734192,84,0.05112812668085098
24,0,transpose,0.3800417482852936,291dc1e1,0.884615421295166,78,0.05112812668085098
24,0,anti_transpose,0.2984880805015564,291dc1e1,0.9230769276618958,78,0.05112812668085098
48,0,identity,0.4025872051715851,291dc1e1,0.8928571343421936,84,0.025309577584266663
48,0,rot90,0.5733927488327026,291dc1e1,0.8717948794364929,78,0.025309577584266663
48,0,rot180,0.29016754031181335,291dc1e1,0.9047619104385376,84,0.025309577584266663
48,0,rot270,0.5059300065040588,291dc1e1,0.8461538553237915,78,0.025309577584266663
48,0,flip_lr,0.48226016759872437,291dc1e1,0.8452380895614624,84,0.025309577584266663
48,0,flip_ud,0.5845730900764465,291dc1e1,0.8214285969734192,84,0.025309577584266663
48,0,transpose,0.4719485342502594,291dc1e1,0.884615421295166,78,0.025309577584266663
48,0,anti_transpose,0.35638031363487244,291dc1e1,0.9102564454078674,78,0.025309577584266663
72,0,identity,0.46636050939559937,291dc1e1,0.9047619104385376,84,0.0009484869078733027
72,0,rot90,0.6377564072608948,291dc1e1,0.8333333730697632,78,0.0009484869078733027
72,0,rot180,0.32451847195625305,291dc1e1,0.9047619104385376,84,0.0009484869078733027
72,0,rot270,0.5600718855857849,291dc1e1,0.8589743971824646,78,0.0009484869078733027
72,0,flip_lr,0.44222530722618103,291dc1e1,0.8928571343421936,84,0.0009484869078733027
72,0,flip_ud,0.592628002166748,291dc1e1,0.8571428656578064,84,0.0009484869078733027
72,0,transpose,0.5039591789245605,291dc1e1,0.884615421295166,78,0.0009484869078733027
72,0,anti_transpose,0.3773703873157501,291dc1e1,0.9230769276618958,78,0.0009484869078733027
0,1,identity,0.07765940576791763,291dc1e1,1.0,40,
0,1,rot90,0.2178330272436142,291dc1e1,0.9166666865348816,36,
0,1,rot180,0.08796685934066772,291dc1e1,0.949999988079071,40,
0,1,rot270,0.18700866401195526,291dc1e1,0.9166666865348816,36,
0,1,flip_lr,0.09865748882293701,291dc1e1,0.9750000238418579,40,
0,1,flip_ud,0.07670746743679047,291dc1e1,1.0,40,
0,1,transpose,0.19247576594352722,291dc1e1,0.8888888955116272,36,
0,1,anti_transpose,0.20323726534843445,291dc1e1,0.9166666865348816,36,
12,1,identity,0.031289469450712204,291dc1e1,1.0,40,0.15642978250980377
12,1,rot90,0.15060210227966309,291dc1e1,0.944444477558136,36,0.15642978250980377
12,1,rot180,0.049174219369888306,291dc1e1,0.9750000238418579,40,0.15642978250980377
12,1,rot270,0.24263827502727509,291dc1e1,0.8888888955116272,36,0.15642978250980377
12,1,flip_lr,0.10025830566883087,291dc1e1,0.949999988079071,40,0.15642978250980377
12,1,flip_ud,0.06304626166820526,291dc1e1,0.9750000238418579,40,0.15642978250980377
12,1,transpose,0.1330714374780655,291dc1e1,0.944444477558136,36,0.15642978250980377
12,1,anti_transpose,0.24786649644374847,291dc1e1,0.9166666865348816,36,0.15642978250980377
24,1,identity,0.03782401606440544,291dc1e1,1.0,40,0.09466660767793655
24,1,rot90,0.144896000623703,291dc1e1,0.9166666865348816,36,0.09466660767793655
24,1,rot180,0.04957391694188118,291dc1e1,0.9750000238418579,40,0.09466660767793655
24,1,rot270,0.22961600124835968,291dc1e1,0.9166666865348816,36,0.09466660767793655
24,1,flip_lr,0.19235840439796448,291dc1e1,0.949999988079071,40,0.09466660767793655
24,1,flip_ud,0.06029931455850601,291dc1e1,0.9750000238418579,40,0.09466660767793655
24,1,transpose,0.12244030833244324,291dc1e1,0.944444477558136,36,0.09466660767793655
24,1,anti_transpose,0.26692137122154236,291dc1e1,0.8888888955116272,36,0.09466660767793655
48,1,identity,0.25273311138153076,291dc1e1,0.949999988079071,40,0.02436349354684353
48,1,rot90,0.15821927785873413,291dc1e1,0.9166666865348816,36,0.02436349354684353
48,1,rot180,0.07885949313640594,291dc1e1,0.9750000238418579,40,0.02436349354684353
48,1,rot270,0.2450205534696579,291dc1e1,0.9166666865348816,36,0.02436349354684353
48,1,flip_lr,0.48033300042152405,291dc1e1,0.925000011920929,40,0.02436349354684353
48,1,flip_ud,0.15409085154533386,291dc1e1,0.949999988079071,40,0.02436349354684353
48,1,transpose,0.1039179190993309,291dc1e1,0.944444477558136,36,0.02436349354684353
48,1,anti_transpose,0.23146221041679382,291dc1e1,0.9166666865348816,36,0.02436349354684353
72,1,identity,0.25545305013656616,291dc1e1,0.949999988079071,40,0.0032537137158215046
72,1,rot90,0.23890277743339539,291dc1e1,0.8888888955116272,36,0.0032537137158215046
72,1,rot180,0.1515088677406311,291dc1e1,0.9750000238418579,40,0.0032537137158215046
72,1,rot270,0.34888142347335815,291dc1e1,0.9166666865348816,36,0.0032537137158215046
72,1,flip_lr,0.4758452773094177,291dc1e1,0.949999988079071,40,0.0032537137158215046
72,1,flip_ud,0.17552344501018524,291dc1e1,0.9750000238418579,40,0.0032537137158215046
72,1,transpose,0.1669238656759262,291dc1e1,0.944444477558136,36,0.0032537137158215046
72,1,anti_transpose,0.3480001986026764,291dc1e1,0.9166666865348816,36,0.0032537137158215046
0,2,identity,0.11645476520061493,291dc1e1,0.9523810148239136,126,
0,2,rot90,0.14109650254249573,291dc1e1,0.9416667222976685,120,
0,2,rot180,0.09558941423892975,291dc1e1,0.968254029750824,126,
0,2,rot270,0.1559002548456192,291dc1e1,0.9416667222976685,120,
0,2,flip_lr,0.09550416469573975,291dc1e1,0.968254029750824,126,
0,2,flip_ud,0.08623054623603821,291dc1e1,0.9603174924850464,126,
0,2,transpose,0.10583648085594177,291dc1e1,0.9583333730697632,120,
0,2,anti_transpose,0.15017695724964142,291dc1e1,0.9333333969116211,120,
12,2,identity,0.10680316388607025,291dc1e1,0.968254029750824,126,0.17264828085899353
12,2,rot90,0.1250763088464737,291dc1e1,0.9416667222976685,120,0.17264828085899353
12,2,rot180,0.1179419457912445,291dc1e1,0.9603174924850464,126,0.17264828085899353
12,2,rot270,0.11899065971374512,291dc1e1,0.9583333730697632,120,0.17264828085899353
12,2,flip_lr,0.09039194136857986,291dc1e1,0.9603174924850464,126,0.17264828085899353
12,2,flip_ud,0.12953567504882812,291dc1e1,0.9603174924850464,126,0.17264828085899353
12,2,transpose,0.10976196825504303,291dc1e1,0.9416667222976685,120,0.17264828085899353
12,2,anti_transpose,0.11744340509176254,291dc1e1,0.9500000476837158,120,0.17264828085899353
24,2,identity,0.11684846132993698,291dc1e1,0.968254029750824,126,0.08264916390180588
24,2,rot90,0.18946729600429535,291dc1e1,0.9416667222976685,120,0.08264916390180588
24,2,rot180,0.187984898686409,291dc1e1,0.944444477558136,126,0.08264916390180588
24,2,rot270,0.19202563166618347,291dc1e1,0.9333333969116211,120,0.08264916390180588
24,2,flip_lr,0.1043611690402031,291dc1e1,0.9603174924850464,126,0.08264916390180588
24,2,flip_ud,0.15580859780311584,291dc1e1,0.968254029750824,126,0.08264916390180588
24,2,transpose,0.16957002878189087,291dc1e1,0.9416667222976685,120,0.08264916390180588
24,2,anti_transpose,0.24809817969799042,291dc1e1,0.9416667222976685,120,0.08264916390180588
48,2,identity,0.14489823579788208,291dc1e1,0.968254029750824,126,0.020348917692899704
48,2,rot90,0.2456604689359665,291dc1e1,0.9250000715255737,120,0.020348917692899704
48,2,rot180,0.19626741111278534,291dc1e1,0.944444477558136,126,0.020348917692899704
48,2,rot270,0.22847558557987213,291dc1e1,0.9250000715255737,120,0.020348917692899704
48,2,flip_lr,0.14490334689617157,291dc1e1,0.968254029750824,126,0.020348917692899704
48,2,flip_ud,0.19927629828453064,291dc1e1,0.9523810148239136,126,0.020348917692899704
48,2,transpose,0.15209978818893433,291dc1e1,0.9500000476837158,120,0.020348917692899704
48,2,anti_transpose,0.19142302870750427,291dc1e1,0.9333333969116211,120,0.020348917692899704
72,2,identity,0.15942156314849854,291dc1e1,0.968254029750824,126,0.007290401961654425
72,2,rot90,0.25025296211242676,291dc1e1,0.9250000715255737,120,0.007290401961654425
72,2,rot180,0.23206007480621338,291dc1e1,0.9523810148239136,126,0.007290401961654425
72,2,rot270,0.2682171165943146,291dc1e1,0.9083333611488342,120,0.007290401961654425
72,2,flip_lr,0.18317487835884094,291dc1e1,0.968254029750824,126,0.007290401961654425
72,2,flip_ud,0.20293021202087402,291dc1e1,0.9603174924850464,126,0.007290401961654425
72,2,transpose,0.2163122147321701,291dc1e1,0.9250000715255737,120,0.007290401961654425
72,2,anti_transpose,0.28192493319511414,291dc1e1,0.9000000357627869,120,0.007290401961654425
0,3,identity,0.133447527885437,291dc1e1,0.9591836333274841,98,
0,3,rot90,0.2487461268901825,291dc1e1,0.8888888955116272,90,
0,3,rot180,0.15750530362129211,291dc1e1,0.9489795565605164,98,
0,3,rot270,0.1995067149400711,291dc1e1,0.9222222566604614,90,
0,3,flip_lr,0.13739526271820068,291dc1e1,0.9591836333274841,98,
0,3,flip_ud,0.14978814125061035,291dc1e1,0.9591836333274841,98,
0,3,transpose,0.2283042073249817,291dc1e1,0.9333333373069763,90,
0,3,anti_transpose,0.23349612951278687,291dc1e1,0.9333333373069763,90,
12,3,identity,0.15386731922626495,291dc1e1,0.918367326259613,98,0.13873609900474548
12,3,rot90,0.27147504687309265,291dc1e1,0.9111111164093018,90,0.13873609900474548
12,3,rot180,0.11013557761907578,291dc1e1,0.9795918464660645,98,0.13873609900474548
12,3,rot270,0.1931399703025818,291dc1e1,0.9666666984558105,90,0.13873609900474548
12,3,flip_lr,0.17453676462173462,291dc1e1,0.9285714030265808,98,0.13873609900474548
12,3,flip_ud,0.09503477811813354,291dc1e1,0.9693877100944519,98,0.13873609900474548
12,3,transpose,0.2498934417963028,291dc1e1,0.9222222566604614,90,0.13873609900474548
12,3,anti_transpose,0.2162068635225296,291dc1e1,0.944444477558136,90,0.13873609900474548
24,3,identity,0.21629150211811066,291dc1e1,0.9489795565605164,98,0.08084037899971008
24,3,rot90,0.3504648506641388,291dc1e1,0.9000000357627869,90,0.08084037899971008
24,3,rot180,0.1839824616909027,291dc1e1,0.9489795565605164,98,0.08084037899971008
24,3,rot270,0.2367682307958603,291dc1e1,0.944444477558136,90,0.08084037899971008
24,3,flip_lr,0.2982771396636963,291dc1e1,0.9387754797935486,98,0.08084037899971008
24,3,flip_ud,0.13541516661643982,291dc1e1,0.9591836333274841,98,0.08084037899971008
24,3,transpose,0.3152085244655609,291dc1e1,0.944444477558136,90,0.08084037899971008
24,3,anti_transpose,0.2749907076358795,291dc1e1,0.9222222566604614,90,0.08084037899971008
48,3,identity,0.2316635698080063,291dc1e1,0.9387754797935486,98,0.053567931056022644
48,3,rot90,0.3675934970378876,291dc1e1,0.9222222566604614,90,0.053567931056022644
48,3,rot180,0.2420271635055542,291dc1e1,0.9591836333274841,98,0.053567931056022644
48,3,rot270,0.3261716067790985,291dc1e1,0.9222222566604614,90,0.053567931056022644
48,3,flip_lr,0.28373321890830994,291dc1e1,0.9285714030265808,98,0.053567931056022644
48,3,flip_ud,0.26217636466026306,291dc1e1,0.9591836333274841,98,0.053567931056022644
48,3,transpose,0.4724127948284149,291dc1e1,0.9333333373069763,90,0.053567931056022644
48,3,anti_transpose,0.32154616713523865,291dc1e1,0.9111111164093018,90,0.053567931056022644
72,3,identity,0.2554999887943268,291dc1e1,0.9387754797935486,98,0.011784042231738567
72,3,rot90,0.364553838968277,291dc1e1,0.9222222566604614,90,0.011784042231738567
72,3,rot180,0.3368822932243347,291dc1e1,0.9591836333274841,98,0.011784042231738567
72,3,rot270,0.28289133310317993,291dc1e1,0.944444477558136,90,0.011784042231738567
72,3,flip_lr,0.15133780241012573,291dc1e1,0.9591836333274841,98,0.011784042231738567
72,3,flip_ud,0.22121217846870422,291dc1e1,0.9489795565605164,98,0.011784042231738567
72,3,transpose,0.4574294090270996,291dc1e1,0.9222222566604614,90,0.011784042231738567
72,3,anti_transpose,0.2884845435619354,291dc1e1,0.9222222566604614,90,0.011784042231738567
0,0,identity,0.02811247482895851,e87109e9,0.9873684048652649,475,
0,0,rot90,0.024019714444875717,e87109e9,0.9916667342185974,480,
0,0,rot180,0.021777283400297165,e87109e9,0.9915788769721985,475,
0,0,rot270,0.02100994996726513,e87109e9,0.9895833730697632,480,
0,0,flip_lr,0.02391738072037697,e87109e9,0.9915788769721985,475,
0,0,flip_ud,0.017832322046160698,e87109e9,0.9915788769721985,475,
0,0,transpose,0.02473222091794014,e87109e9,0.9916667342185974,480,
0,0,anti_transpose,0.020972300320863724,e87109e9,0.9895833730697632,480,
12,0,identity,0.023994358256459236,e87109e9,0.9894736409187317,475,0.02978556416928768
12,0,rot90,0.0193447507917881,e87109e9,0.9916667342185974,480,0.02978556416928768
12,0,rot180,0.024700136855244637,e87109e9,0.9915788769721985,475,0.02978556416928768
12,0,rot270,0.014392735436558723,e87109e9,0.9958333969116211,480,0.02978556416928768
12,0,flip_lr,0.025077655911445618,e87109e9,0.9915788769721985,475,0.02978556416928768
12,0,flip_ud,0.01644498109817505,e87109e9,0.9936841726303101,475,0.02978556416928768
12,0,transpose,0.016854019835591316,e87109e9,0.9937500357627869,480,0.02978556416928768
12,0,anti_transpose,0.014462802559137344,e87109e9,0.9937500357627869,480,0.02978556416928768
24,0,identity,0.020628752186894417,e87109e9,0.9915788769721985,475,0.02298758551478386
24,0,rot90,0.01984216831624508,e87109e9,0.9916667342185974,480,0.02298758551478386
24,0,rot180,0.014362352900207043,e87109e9,0.9957894086837769,475,0.02298758551478386
24,0,rot270,0.012565367855131626,e87109e9,0.9916667342185974,480,0.02298758551478386
24,0,flip_lr,0.011501206085085869,e87109e9,0.9957894086837769,475,0.02298758551478386
24,0,flip_ud,0.016313131898641586,e87109e9,0.9936841726303101,475,0.02298758551478386
24,0,transpose,0.0095488540828228,e87109e9,0.9937500357627869,480,0.02298758551478386
24,0,anti_transpose,0.018962791189551353,e87109e9,0.9937500357627869,480,0.02298758551478386
48,0,identity,0.02442396804690361,e87109e9,0.9915788769721985,475,0.0010481703793630004
48,0,rot90,0.026775063946843147,e87109e9,0.9895833730697632,480,0.0010481703793630004
48,0,rot180,0.027371706441044807,e87109e9,0.9957894086837769,475,0.0010481703793630004
48,0,rot270,0.00955815427005291,e87109e9,0.9958333969116211,480,0.0010481703793630004
48,0,flip_lr,0.026256978511810303,e87109e9,0.9915788769721985,475,0.0010481703793630004
48,0,flip_ud,0.024145442992448807,e87109e9,0.9957894086837769,475,0.0010481703793630004
48,0,transpose,0.016091221943497658,e87109e9,0.9916667342185974,480,0.0010481703793630004
48,0,anti_transpose,0.01899884268641472,e87109e9,0.9958333969116211,480,0.0010481703793630004
72,0,identity,0.027566445991396904,e87109e9,0.9936841726303101,475,0.012589741498231888
72,0,rot90,0.02758457511663437,e87109e9,0.9895833730697632,480,0.012589741498231888
72,0,rot180,0.03521303832530975,e87109e9,0.9936841726303101,475,0.012589741498231888
72,0,rot270,0.016764478757977486,e87109e9,0.9958333969116211,480,0.012589741498231888
72,0,flip_lr,0.03537548705935478,e87109e9,0.9894736409187317,475,0.012589741498231888
72,0,flip_ud,0.031653981655836105,e87109e9,0.9957894086837769,475,0.012589741498231888
72,0,transpose,0.024933088570833206,e87109e9,0.9937500357627869,480,0.012589741498231888
72,0,anti_transpose,0.014652762562036514,e87109e9,0.9958333969116211,480,0.012589741498231888
0,1,identity,0.03517600893974304,e87109e9,0.9873684048652649,475,
0,1,rot90,0.021324891597032547,e87109e9,0.9916667342185974,480,
0,1,rot180,0.019616279751062393,e87109e9,0.9915788769721985,475,
0,1,rot270,0.032632555812597275,e87109e9,0.9875000715255737,480,
0,1,flip_lr,0.026635216549038887,e87109e9,0.9915788769721985,475,
0,1,flip_ud,0.03037782572209835,e87109e9,0.9915788769721985,475,
0,1,transpose,0.0341716967523098,e87109e9,0.9875000715255737,480,
0,1,anti_transpose,0.023973053321242332,e87109e9,0.9875000715255737,480,
12,1,identity,0.039167698472738266,e87109e9,0.9852631092071533,475,0.026547987014055252
12,1,rot90,0.023632964119315147,e87109e9,0.9937500357627869,480,0.026547987014055252
12,1,rot180,0.01843978464603424,e87109e9,0.9957894086837769,475,0.026547987014055252
12,1,rot270,0.027274934574961662,e87109e9,0.9916667342185974,480,0.026547987014055252
12,1,flip_lr,0.03207792714238167,e87109e9,0.9894736409187317,475,0.026547987014055252
12,1,flip_ud,0.02722943015396595,e87109e9,0.9957894086837769,475,0.026547987014055252
12,1,transpose,0.023026667535305023,e87109e9,0.9895833730697632,480,0.026547987014055252
12,1,anti_transpose,0.02848929911851883,e87109e9,0.9916667342185974,480,0.026547987014055252
24,1,identity,0.03795795515179634,e87109e9,0.9873684048652649,475,0.01087405625730753
24,1,rot90,0.02323802374303341,e87109e9,0.9916667342185974,480,0.01087405625730753
24,1,rot180,0.008728554472327232,e87109e9,0.9936841726303101,475,0.01087405625730753
24,1,rot270,0.012457716278731823,e87109e9,0.9958333969116211,480,0.01087405625730753
24,1,flip_lr,0.019098609685897827,e87109e9,0.9936841726303101,475,0.01087405625730753
24,1,flip_ud,0.017535433173179626,e87109e9,0.9957894086837769,475,0.01087405625730753
24,1,transpose,0.021103383973240852,e87109e9,0.9958333969116211,480,0.01087405625730753
24,1,anti_transpose,0.026902714744210243,e87109e9,0.9937500357627869,480,0.01087405625730753
48,1,identity,0.03844568878412247,e87109e9,0.9936841726303101,475,0.0026042794343084097
48,1,rot90,0.023594582453370094,e87109e9,0.9937500357627869,480,0.0026042794343084097
48,1,rot180,0.017224028706550598,e87109e9,0.9936841726303101,475,0.0026042794343084097
48,1,rot270,0.01980060152709484,e87109e9,0.9958333969116211,480,0.0026042794343084097
48,1,flip_lr,0.0232529416680336,e87109e9,0.9936841726303101,475,0.0026042794343084097
48,1,flip_ud,0.03044680878520012,e87109e9,0.9957894086837769,475,0.0026042794343084097
48,1,transpose,0.020903455093503,e87109e9,0.9958333969116211,480,0.0026042794343084097
48,1,anti_transpose,0.03816131502389908,e87109e9,0.9937500357627869,480,0.0026042794343084097
72,1,identity,0.03203878179192543,e87109e9,0.9915788769721985,475,0.003647939534857869
72,1,rot90,0.029424792155623436,e87109e9,0.9916667342185974,480,0.003647939534857869
72,1,rot180,0.025399282574653625,e87109e9,0.9915788769721985,475,0.003647939534857869
72,1,rot270,0.0048722196370363235,e87109e9,0.9958333969116211,480,0.003647939534857869
72,1,flip_lr,0.028663530945777893,e87109e9,0.9936841726303101,475,0.003647939534857869
72,1,flip_ud,0.020169919356703758,e87109e9,0.9957894086837769,475,0.003647939534857869
72,1,transpose,0.02679300494492054,e87109e9,0.9937500357627869,480,0.003647939534857869
72,1,anti_transpose,0.02896648272871971,e87109e9,0.9916667342185974,480,0.003647939534857869
0,2,identity,0.040722355246543884,e87109e9,0.9831578731536865,475,
0,2,rot90,0.05824945867061615,e87109e9,0.98333340883255,480,
0,2,rot180,0.04141305387020111,e87109e9,0.9873684048652649,475,
0,2,rot270,0.03593103215098381,e87109e9,0.9875000715255737,480,
0,2,flip_lr,0.046166375279426575,e87109e9,0.9852631092071533,475,
0,2,flip_ud,0.034927934408187866,e87109e9,0.9852631092071533,475,
0,2,transpose,0.039806414395570755,e87109e9,0.98333340883255,480,
0,2,anti_transpose,0.048197973519563675,e87109e9,0.98333340883255,480,
12,2,identity,0.03867653012275696,e87109e9,0.9831578731536865,475,0.027649201452732086
12,2,rot90,0.05033150687813759,e87109e9,0.9812500476837158,480,0.027649201452732086
12,2,rot180,0.04071883484721184,e87109e9,0.9852631092071533,475,0.027649201452732086
12,2,rot270,0.028663937002420425,e87109e9,0.9895833730697632,480,0.027649201452732086
12,2,flip_lr,0.046334631741046906,e87109e9,0.9831578731536865,475,0.027649201452732086
12,2,flip_ud,0.024526551365852356,e87109e9,0.9936841726303101,475,0.027649201452732086
12,2,transpose,0.0369906909763813,e87109e9,0.9812500476837158,480,0.027649201452732086
12,2,anti_transpose,0.03046322427690029,e87109e9,0.98333340883255,480,0.027649201452732086
24,2,identity,0.04870816692709923,e87109e9,0.9852631092071533,475,0.01305409986525774
24,2,rot90,0.05559614673256874,e87109e9,0.9895833730697632,480,0.01305409986525774
24,2,rot180,0.041890691965818405,e87109e9,0.9852631092071533,475,0.01305409986525774
24,2,rot270,0.029395172372460365,e87109e9,0.9916667342185974,480,0.01305409986525774
24,2,flip_lr,0.04093480110168457,e87109e9,0.9894736409187317,475,0.01305409986525774
24,2,flip_ud,0.02634797990322113,e87109e9,0.9936841726303101,475,0.01305409986525774
24,2,transpose,0.05484463647007942,e87109e9,0.9854167103767395,480,0.01305409986525774
24,2,anti_transpose,0.04995332285761833,e87109e9,0.9875000715255737,480,0.01305409986525774
48,2,identity,0.04612616449594498,e87109e9,0.9894736409187317,475,0.0013359052827581763
48,2,rot90,0.056609731167554855,e87109e9,0.9854167103767395,480,0.0013359052827581763
48,2,rot180,0.042590685188770294,e87109e9,0.9873684048652649,475,0.0013359052827581763
48,2,rot270,0.029767721891403198,e87109e9,0.9958333969116211,480,0.0013359052827581763
48,2,flip_lr,0.036629680544137955,e87109e9,0.9894736409187317,475,0.0013359052827581763
48,2,flip_ud,0.02497442625463009,e87109e9,0.9915788769721985,475,0.0013359052827581763
48,2,transpose,0.05238354578614235,e87109e9,0.9854167103767395,480,0.0013359052827581763
48,2,anti_transpose,0.04907675087451935,e87109e9,0.9875000715255737,480,0.0013359052827581763
72,2,identity,0.061530500650405884,e87109e9,0.9894736409187317,475,0.0006460846052505076
72,2,rot90,0.0666327178478241,e87109e9,0.9875000715255737,480,0.0006460846052505076
72,2,rot180,0.03583622723817825,e87109e9,0.9894736409187317,475,0.0006460846052505076
72,2,rot270,0.040498655289411545,e87109e9,0.9937500357627869,480,0.0006460846052505076
72,2,flip_lr,0.030828407034277916,e87109e9,0.9873684048652649,475,0.0006460846052505076
72,2,flip_ud,0.03714129328727722,e87109e9,0.9894736409187317,475,0.0006460846052505076
72,2,transpose,0.0642336830496788,e87109e9,0.9875000715255737,480,0.0006460846052505076
72,2,anti_transpose,0.04725099354982376,e87109e9,0.9916667342185974,480,0.0006460846052505076
0,0,identity,0.047100730240345,195c6913,0.9904762506484985,420,
0,0,rot90,0.055272020399570465,195c6913,0.9833333492279053,420,
0,0,rot180,0.04685687646269798,195c6913,0.9833333492279053,420,
0,0,rot270,0.013883119449019432,195c6913,0.9928571581840515,420,
0,0,flip_lr,0.061666879802942276,195c6913,0.9761905074119568,420,
0,0,flip_ud,0.017191428691148758,195c6913,0.9952381253242493,420,
0,0,transpose,0.03613918274641037,195c6913,0.9880952835083008,420,
0,0,anti_transpose,0.05079282075166702,195c6913,0.9833333492279053,420,
12,0,identity,0.04666437953710556,195c6913,0.985714316368103,420,0.0400366373360157
12,0,rot90,0.04341680556535721,195c6913,0.9880952835083008,420,0.0400366373360157
12,0,rot180,0.03578746318817139,195c6913,0.9880952835083008,420,0.0400366373360157
12,0,rot270,0.013858180493116379,195c6913,0.9928571581840515,420,0.0400366373360157
12,0,flip_lr,0.05454731360077858,195c6913,0.9833333492279053,420,0.0400366373360157
12,0,flip_ud,0.020506834611296654,195c6913,0.9928571581840515,420,0.0400366373360157
12,0,transpose,0.030025532469153404,195c6913,0.9880952835083008,420,0.0400366373360157
12,0,anti_transpose,0.04722738638520241,195c6913,0.9833333492279053,420,0.0400366373360157
24,0,identity,0.04592805728316307,195c6913,0.9904762506484985,420,0.014323032461106777
24,0,rot90,0.036420341581106186,195c6913,0.985714316368103,420,0.014323032461106777
24,0,rot180,0.037687450647354126,195c6913,0.9833333492279053,420,0.014323032461106777
24,0,rot270,0.019030770286917686,195c6913,0.9952381253242493,420,0.014323032461106777
24,0,flip_lr,0.056403759866952896,195c6913,0.9833333492279053,420,0.014323032461106777
24,0,flip_ud,0.029629532247781754,195c6913,0.9904762506484985,420,0.014323032461106777
24,0,transpose,0.0345785953104496,195c6913,0.985714316368103,420,0.014323032461106777
24,0,anti_transpose,0.02699611522257328,195c6913,0.9904762506484985,420,0.014323032461106777
48,0,identity,0.0766356885433197,195c6913,0.9904762506484985,420,0.007510663475841284
48,0,rot90,0.03599632903933525,195c6913,0.9928571581840515,420,0.007510663475841284
48,0,rot180,0.05850142613053322,195c6913,0.9785714745521545,420,0.007510663475841284
48,0,rot270,0.03265581279993057,195c6913,0.9952381253242493,420,0.007510663475841284
48,0,flip_lr,0.06679840385913849,195c6913,0.9880952835083008,420,0.007510663475841284
48,0,flip_ud,0.03653378412127495,195c6913,0.9952381253242493,420,0.007510663475841284
48,0,transpose,0.0669638141989708,195c6913,0.985714316368103,420,0.007510663475841284
48,0,anti_transpose,0.05963481590151787,195c6913,0.9880952835083008,420,0.007510663475841284
72,0,identity,0.0818810760974884,195c6913,0.9904762506484985,420,0.0006495281122624874
72,0,rot90,0.04010939970612526,195c6913,0.9904762506484985,420,0.0006495281122624874
72,0,rot180,0.06624188274145126,195c6913,0.9833333492279053,420,0.0006495281122624874
72,0,rot270,0.02203277498483658,195c6913,0.9952381253242493,420,0.0006495281122624874
72,0,flip_lr,0.06830837577581406,195c6913,0.9880952835083008,420,0.0006495281122624874
72,0,flip_ud,0.03151920065283775,195c6913,0.9928571581840515,420,0.0006495281122624874
72,0,transpose,0.06645078957080841,195c6913,0.9880952835083008,420,0.0006495281122624874
72,0,anti_transpose,0.06520859152078629,195c6913,0.9880952835083008,420,0.0006495281122624874
0,1,identity,0.0390336737036705,195c6913,0.992307722568512,650,
0,1,rot90,0.036881521344184875,195c6913,0.992307722568512,650,
0,1,rot180,0.036524806171655655,195c6913,0.989230751991272,650,
0,1,rot270,0.014177445322275162,195c6913,0.9969230890274048,650,
0,1,flip_lr,0.05053696781396866,195c6913,0.989230751991272,650,
0,1,flip_ud,0.02046928182244301,195c6913,0.9938461780548096,650,
0,1,transpose,0.03162379190325737,195c6913,0.992307722568512,650,
0,1,anti_transpose,0.03497643023729324,195c6913,0.989230751991272,650,
12,1,identity,0.041596170514822006,195c6913,0.9876922965049744,650,0.040521979331970215
12,1,rot90,0.034057386219501495,195c6913,0.992307722568512,650,0.040521979331970215
12,1,rot180,0.039485856890678406,195c6913,0.992307722568512,650,0.040521979331970215
12,1,rot270,0.021407999098300934,195c6913,0.9969230890274048,650,0.040521979331970215
12,1,flip_lr,0.04945657402276993,195c6913,0.9907692074775696,650,0.040521979331970215
12,1,flip_ud,0.022827627137303352,195c6913,0.992307722568512,650,0.040521979331970215
12,1,transpose,0.03530653938651085,195c6913,0.9907692074775696,650,0.040521979331970215
12,1,anti_transpose,0.03144237399101257,195c6913,0.9907692074775696,650,0.040521979331970215
24,1,identity,0.03765862435102463,195c6913,0.9907692074775696,650,0.030876390635967255
24,1,rot90,0.04068519175052643,195c6913,0.9876922965049744,650,0.030876390635967255
24,1,rot180,0.053107183426618576,195c6913,0.992307722568512,650,0.030876390635967255
24,1,rot270,0.024224789813160896,195c6913,0.9969230890274048,650,0.030876390635967255
24,1,flip_lr,0.06550640612840652,195c6913,0.9907692074775696,650,0.030876390635967255
24,1,flip_ud,0.016519632190465927,195c6913,0.9938461780548096,650,0.030876390635967255
24,1,transpose,0.017729269340634346,195c6913,0.9938461780548096,650,0.030876390635967255
24,1,anti_transpose,0.04289751872420311,195c6913,0.989230751991272,650,0.030876390635967255
48,1,identity,0.05035728961229324,195c6913,0.992307722568512,650,0.005481719970703125
48,1,rot90,0.05845890939235687,195c6913,0.9861538410186768,650,0.005481719970703125
48,1,rot180,0.06719038635492325,195c6913,0.9907692074775696,650,0.005481719970703125
48,1,rot270,0.044749196618795395,195c6913,0.9953846335411072,650,0.005481719970703125
48,1,flip_lr,0.07288248836994171,195c6913,0.9907692074775696,650,0.005481719970703125
48,1,flip_ud,0.04609015956521034,195c6913,0.9938461780548096,650,0.005481719970703125
48,1,transpose,0.040498822927474976,195c6913,0.9907692074775696,650,0.005481719970703125
48,1,anti_transpose,0.03959457948803902,195c6913,0.992307722568512,650,0.005481719970703125
72,1,identity,0.036341674625873566,195c6913,0.9938461780548096,650,0.005083605647087097
72,1,rot90,0.06344287097454071,195c6913,0.9876922965049744,650,0.005083605647087097
72,1,rot180,0.05510978773236275,195c6913,0.9907692074775696,650,0.005083605647087097
72,1,rot270,0.03236762434244156,195c6913,0.9953846335411072,650,0.005083605647087097
72,1,flip_lr,0.05912148207426071,195c6913,0.9907692074775696,650,0.005083605647087097
72,1,flip_ud,0.04678158089518547,195c6913,0.992307722568512,650,0.005083605647087097
72,1,transpose,0.046764522790908813,195c6913,0.992307722568512,650,0.005083605647087097
72,1,anti_transpose,0.044088687747716904,195c6913,0.989230751991272,650,0.005083605647087097
0,2,identity,0.0487087145447731,195c6913,0.9907692074775696,650,
0,2,rot90,0.07063405215740204,195c6913,0.9769230484962463,650,
0,2,rot180,0.059528544545173645,195c6913,0.9815384745597839,650,
0,2,rot270,0.03098488785326481,195c6913,0.9846153855323792,650,
0,2,flip_lr,0.08394894003868103,195c6913,0.9769230484962463,650,
0,2,flip_ud,0.020344750955700874,195c6913,0.9938461780548096,650,
0,2,transpose,0.059286169707775116,195c6913,0.9830769300460815,650,
0,2,anti_transpose,0.06856267154216766,195c6913,0.9815384745597839,650,
12,2,identity,0.04061669856309891,195c6913,0.9876922965049744,650,0.04342348873615265
12,2,rot90,0.08030276000499725,195c6913,0.9753845930099487,650,0.04342348873615265
12,2,rot180,0.06172160059213638,195c6913,0.9846153855323792,650,0.04342348873615265
12,2,rot270,0.02826787531375885,195c6913,0.9876922965049744,650,0.04342348873615265
12,2,flip_lr,0.07867235690355301,195c6913,0.9800000190734863,650,0.04342348873615265
12,2,flip_ud,0.02623848244547844,195c6913,0.992307722568512,650,0.04342348873615265
12,2,transpose,0.047866933047771454,195c6913,0.9861538410186768,650,0.04342348873615265
12,2,anti_transpose,0.06965349614620209,195c6913,0.9846153855323792,650,0.04342348873615265
24,2,identity,0.049344904720783234,195c6913,0.9876922965049744,650,0.027447285130620003
24,2,rot90,0.06988299638032913,195c6913,0.9769230484962463,650,0.027447285130620003
24,2,rot180,0.06184876710176468,195c6913,0.9846153855323792,650,0.027447285130620003
24,2,rot270,0.014567369595170021,195c6913,0.9938461780548096,650,0.027447285130620003
24,2,flip_lr,0.06835135817527771,195c6913,0.9815384745597839,650,0.027447285130620003
24,2,flip_ud,0.020887130871415138,195c6913,0.992307722568512,650,0.027447285130620003
24,2,transpose,0.05689798295497894,195c6913,0.989230751991272,650,0.027447285130620003
24,2,anti_transpose,0.0678708553314209,195c6913,0.9861538410186768,650,0.027447285130620003
48,2,identity,0.05987956002354622,195c6913,0.9938461780548096,650,0.003969613928347826
48,2,rot90,0.07607828080654144,195c6913,0.9861538410186768,650,0.003969613928347826
48,2,rot180,0.09128333628177643,195c6913,0.9876922965049744,650,0.003969613928347826
48,2,rot270,0.020263776183128357,195c6913,0.9938461780548096,650,0.003969613928347826
48,2,flip_lr,0.08900834619998932,195c6913,0.9815384745597839,650,0.003969613928347826
48,2,flip_ud,0.0356498584151268,195c6913,0.9938461780548096,650,0.003969613928347826
48,2,transpose,0.07506662607192993,195c6913,0.9876922965049744,650,0.003969613928347826
48,2,anti_transpose,0.07983767241239548,195c6913,0.9846153855323792,650,0.003969613928347826
72,2,identity,0.05172406882047653,195c6913,0.9938461780548096,650,0.004654044285416603
72,2,rot90,0.06584995239973068,195c6913,0.989230751991272,650,0.004654044285416603
72,2,rot180,0.09774283319711685,195c6913,0.9861538410186768,650,0.004654044285416603
72,2,rot270,0.024987341836094856,195c6913,0.9969230890274048,650,0.004654044285416603
72,2,flip_lr,0.08564905822277069,195c6913,0.9815384745597839,650,0.004654044285416603
72,2,flip_ud,0.025310087949037552,195c6913,0.9953846335411072,650,0.004654044285416603
72,2,transpose,0.08658478409051895,195c6913,0.989230751991272,650,0.004654044285416603
72,2,anti_transpose,0.0855233445763588,195c6913,0.9876922965049744,650,0.004654044285416603
0,0,identity,0.06911401450634003,65b59efc,0.9888889193534851,90,
0,0,rot90,0.1277187168598175,65b59efc,0.9333333373069763,90,
0,0,rot180,0.10716857761144638,65b59efc,0.944444477558136,90,
0,0,rot270,0.1296478509902954,65b59efc,0.9222222566604614,90,
0,0,flip_lr,0.11034396290779114,65b59efc,0.9666666984558105,90,
0,0,flip_ud,0.06570536643266678,65b59efc,0.9888889193534851,90,
0,0,transpose,0.11470535397529602,65b59efc,0.9666666984558105,90,
0,0,anti_transpose,0.09345970302820206,65b59efc,0.9555555582046509,90,
12,0,identity,0.05818113684654236,65b59efc,0.9777777791023254,90,0.036341674625873566
12,0,rot90,0.07334103435277939,65b59efc,0.9777777791023254,90,0.036341674625873566
12,0,rot180,0.09117943793535233,65b59efc,0.9666666984558105,90,0.036341674625873566
12,0,rot270,0.04443907365202904,65b59efc,0.9666666984558105,90,0.036341674625873566
12,0,flip_lr,0.07861966639757156,65b59efc,0.9777777791023254,90,0.036341674625873566
12,0,flip_ud,0.03065706603229046,65b59efc,0.9888889193534851,90,0.036341674625873566
12,0,transpose,0.06280402094125748,65b59efc,0.9666666984558105,90,0.036341674625873566
12,0,anti_transpose,0.03721797093749046,65b59efc,0.9777777791023254,90,0.036341674625873566
24,0,identity,0.0406782403588295,65b59efc,0.9777777791023254,90,0.013087769970297813
24,0,rot90,0.0769464299082756,65b59efc,0.9666666984558105,90,0.013087769970297813
24,0,rot180,0.04401370882987976,65b59efc,0.9666666984558105,90,0.013087769970297813
24,0,rot270,0.12718601524829865,65b59efc,0.9666666984558105,90,0.013087769970297813
24,0,flip_lr,0.09039858728647232,65b59efc,0.9666666984558105,90,0.013087769970297813
24,0,flip_ud,0.03809957578778267,65b59efc,0.9777777791023254,90,0.013087769970297813
24,0,transpose,0.0707743912935257,65b59efc,0.9777777791023254,90,0.013087769970297813
24,0,anti_transpose,0.04267232120037079,65b59efc,0.9777777791023254,90,0.013087769970297813
48,0,identity,0.01699184440076351,65b59efc,1.0,90,0.0023487552534788847
48,0,rot90,0.03297674283385277,65b59efc,0.9888889193534851,90,0.0023487552534788847
48,0,rot180,0.022286677733063698,65b59efc,0.9777777791023254,90,0.0023487552534788847
48,0,rot270,0.006736303213983774,65b59efc,1.0,90,0.0023487552534788847
48,0,flip_lr,0.041348088532686234,65b59efc,0.9777777791023254,90,0.0023487552534788847
48,0,flip_ud,0.05185061693191528,65b59efc,0.9777777791023254,90,0.0023487552534788847
48,0,transpose,0.005966225638985634,65b59efc,1.0,90,0.0023487552534788847
48,0,anti_transpose,0.03410414978861809,65b59efc,0.9888889193534851,90,0.0023487552534788847
72,0,identity,0.015133782289922237,65b59efc,1.0,90,0.005300065036863089
72,0,rot90,0.019764870405197144,65b59efc,1.0,90,0.005300065036863089
72,0,rot180,0.026446035131812096,65b59efc,0.9777777791023254,90,0.005300065036863089
72,0,rot270,0.007631554268300533,65b59efc,1.0,90,0.005300065036863089
72,0,flip_lr,0.04681898280978203,65b59efc,0.9888889193534851,90,0.005300065036863089
72,0,flip_ud,0.06350485235452652,65b59efc,0.9666666984558105,90,0.005300065036863089
72,0,transpose,0.003984597511589527,65b59efc,1.0,90,0.005300065036863089
72,0,anti_transpose,0.027307119220495224,65b59efc,0.9888889193534851,90,0.005300065036863089
0,1,identity,0.13652604818344116,65b59efc,0.9555555582046509,90,
0,1,rot90,0.15990419685840607,65b59efc,0.9333333373069763,90,
0,1,rot180,0.14891064167022705,65b59efc,0.9333333373069763,90,
0,1,rot270,0.1906895786523819,65b59efc,0.944444477558136,90,
0,1,flip_lr,0.12269416451454163,65b59efc,0.944444477558136,90,
0,1,flip_ud,0.15522503852844238,65b59efc,0.9555555582046509,90,
0,1,transpose,0.17035992443561554,65b59efc,0.944444477558136,90,
0,1,anti_transpose,0.12426427006721497,65b59efc,0.9555555582046509,90,
12,1,identity,0.10796543955802917,65b59efc,0.9555555582046509,90,0.036965351551771164
12,1,rot90,0.050663504749536514,65b59efc,0.9777777791023254,90,0.036965351551771164
12,1,rot180,0.1015038788318634,65b59efc,0.9555555582046509,90,0.036965351551771164
12,1,rot270,0.11199013143777847,65b59efc,0.9555555582046509,90,0.036965351551771164
12,1,flip_lr,0.08256048709154129,65b59efc,0.9666666984558105,90,0.036965351551771164
12,1,flip_ud,0.16487763822078705,65b59efc,0.9555555582046509,90,0.036965351551771164
12,1,transpose,0.14987978339195251,65b59efc,0.9555555582046509,90,0.036965351551771164
12,1,anti_transpose,0.09868338704109192,65b59efc,0.944444477558136,90,0.036965351551771164
24,1,identity,0.23035791516304016,65b59efc,0.9666666984558105,90,0.008825458586215973
24,1,rot90,0.16548308730125427,65b59efc,0.9777777791023254,90,0.008825458586215973
24,1,rot180,0.24689148366451263,65b59efc,0.9555555582046509,90,0.008825458586215973
24,1,rot270,0.19279645383358002,65b59efc,0.9666666984558105,90,0.008825458586215973
24,1,flip_lr,0.15790320932865143,65b59efc,0.9666666984558105,90,0.008825458586215973
24,1,flip_ud,0.24493679404258728,65b59efc,0.9555555582046509,90,0.008825458586215973
24,1,transpose,0.15094922482967377,65b59efc,0.9666666984558105,90,0.008825458586215973
24,1,anti_transpose,0.2053363174200058,65b59efc,0.9666666984558105,90,0.008825458586215973
48,1,identity,0.20361463725566864,65b59efc,0.9666666984558105,90,0.0023052976466715336
48,1,rot90,0.09174932539463043,65b59efc,0.9777777791023254,90,0.0023052976466715336
48,1,rot180,0.27711936831474304,65b59efc,0.9555555582046509,90,0.0023052976466715336
48,1,rot270,0.26658308506011963,65b59efc,0.9555555582046509,90,0.0023052976466715336
48,1,flip_lr,0.08385507762432098,65b59efc,0.9777777791023254,90,0.0023052976466715336
48,1,flip_ud,0.2953675091266632,65b59efc,0.9555555582046509,90,0.0023052976466715336
48,1,transpose,0.17378929257392883,65b59efc,0.9666666984558105,90,0.0023052976466715336
48,1,anti_transpose,0.23072031140327454,65b59efc,0.9666666984558105,90,0.0023052976466715336
72,1,identity,0.20790421962738037,65b59efc,0.9666666984558105,90,0.002877478487789631
72,1,rot90,0.08787316828966141,65b59efc,0.9777777791023254,90,0.002877478487789631
72,1,rot180,0.2843092679977417,65b59efc,0.944444477558136,90,0.002877478487789631
72,1,rot270,0.28649473190307617,65b59efc,0.944444477558136,90,0.002877478487789631
72,1,flip_lr,0.11400377750396729,65b59efc,0.9777777791023254,90,0.002877478487789631
72,1,flip_ud,0.30296003818511963,65b59efc,0.944444477558136,90,0.002877478487789631
72,1,transpose,0.16418448090553284,65b59efc,0.9666666984558105,90,0.002877478487789631
72,1,anti_transpose,0.2412320077419281,65b59efc,0.9666666984558105,90,0.002877478487789631
0,2,identity,0.02395518682897091,65b59efc,0.9876922965049744,650,
0,2,rot90,0.027914434671401978,65b59efc,0.9876922965049744,650,
0,2,rot180,0.030131066218018532,65b59efc,0.989230751991272,650,
0,2,rot270,0.041022930294275284,65b59efc,0.9815384745597839,650,
0,2,flip_lr,0.03430316224694252,65b59efc,0.989230751991272,650,
0,2,flip_ud,0.03845931217074394,65b59efc,0.9830769300460815,650,
0,2,transpose,0.030649593099951744,65b59efc,0.992307722568512,650,
0,2,anti_transpose,0.025324653834104538,65b59efc,0.9907692074775696,650,
12,2,identity,0.015496231615543365,65b59efc,0.9938461780548096,650,0.14902783930301666
12,2,rot90,0.009946362115442753,65b59efc,0.9953846335411072,650,0.14902783930301666
12,2,rot180,0.014120874926447868,65b59efc,0.9938461780548096,650,0.14902783930301666
12,2,rot270,0.01273867953568697,65b59efc,0.9953846335411072,650,0.14902783930301666
12,2,flip_lr,0.011498525738716125,65b59efc,0.9938461780548096,650,0.14902783930301666
12,2,flip_ud,0.013627513311803341,65b59efc,0.9938461780548096,650,0.14902783930301666
12,2,transpose,0.010430709458887577,65b59efc,0.9953846335411072,650,0.14902783930301666
12,2,anti_transpose,0.0167103074491024,65b59efc,0.992307722568512,650,0.14902783930301666
24,2,identity,0.015061799436807632,65b59efc,0.9953846335411072,650,0.04376409202814102
24,2,rot90,0.009002942591905594,65b59efc,0.9984615445137024,650,0.04376409202814102
24,2,rot180,0.010032888501882553,65b59efc,0.9969230890274048,650,0.04376409202814102
24,2,rot270,0.007778587285429239,65b59efc,0.9969230890274048,650,0.04376409202814102
24,2,flip_lr,0.007511611562222242,65b59efc,0.9969230890274048,650,0.04376409202814102
24,2,flip_ud,0.007237594109028578,65b59efc,0.9969230890274048,650,0.04376409202814102
24,2,transpose,0.008537977933883667,65b59efc,0.9953846335411072,650,0.04376409202814102
24,2,anti_transpose,0.012267841957509518,65b59efc,0.9938461780548096,650,0.04376409202814102
48,2,identity,0.009344873018562794,65b59efc,0.9953846335411072,650,0.00972171314060688
48,2,rot90,0.008976839482784271,65b59efc,0.9969230890274048,650,0.00972171314060688
48,2,rot180,0.008408255875110626,65b59efc,0.9969230890274048,650,0.00972171314060688
48,2,rot270,0.010274538770318031,65b59efc,0.9969230890274048,650,0.00972171314060688
48,2,flip_lr,0.010648190975189209,65b59efc,0.9938461780548096,650,0.00972171314060688
48,2,flip_ud,0.010824210941791534,65b59efc,0.9953846335411072,650,0.00972171314060688
48,2,transpose,0.011871911585330963,65b59efc,0.9969230890274048,650,0.00972171314060688
48,2,anti_transpose,0.018368851393461227,65b59efc,0.9938461780548096,650,0.00972171314060688
72,2,identity,0.006531383842229843,65b59efc,0.9969230890274048,650,0.02192774787545204
72,2,rot90,0.004289682488888502,65b59efc,0.9969230890274048,650,0.02192774787545204
72,2,rot180,0.00894031673669815,65b59efc,0.9969230890274048,650,0.02192774787545204
72,2,rot270,0.008280881680548191,65b59efc,0.9969230890274048,650,0.02192774787545204
72,2,flip_lr,0.004677544813603163,65b59efc,0.9984615445137024,650,0.02192774787545204
72,2,flip_ud,0.0068156118504703045,65b59efc,0.9969230890274048,650,0.02192774787545204
72,2,transpose,0.008873490616679192,65b59efc,0.9969230890274048,650,0.02192774787545204
72,2,anti_transpose,0.005463927984237671,65b59efc,0.9969230890274048,650,0.02192774787545204
0,0,identity,0.050093043595552444,409aa875,0.9889705777168274,272,
0,0,rot90,0.057241637259721756,409aa875,0.9926470518112183,272,
0,0,rot180,0.05664067342877388,409aa875,0.9889705777168274,272,
0,0,rot270,0.06624520570039749,409aa875,0.9889705777168274,272,
0,0,flip_lr,0.05124454200267792,409aa875,0.9889705777168274,272,
0,0,flip_ud,0.050247758626937866,409aa875,0.9926470518112183,272,
0,0,transpose,0.06026631221175194,409aa875,0.9889705777168274,272,
0,0,anti_transpose,0.06626985967159271,409aa875,0.9889705777168274,272,
12,0,identity,0.03476588800549507,409aa875,0.9889705777168274,272,0.07535342872142792
12,0,rot90,0.04519369825720787,409aa875,0.9889705777168274,272,0.07535342872142792
12,0,rot180,0.036441620439291,409aa875,0.9889705777168274,272,0.07535342872142792
12,0,rot270,0.045304037630558014,409aa875,0.9889705777168274,272,0.07535342872142792
12,0,flip_lr,0.03248095139861107,409aa875,0.9889705777168274,272,0.07535342872142792
12,0,flip_ud,0.03629874438047409,409aa875,0.9926470518112183,272,0.07535342872142792
12,0,transpose,0.04285053908824921,409aa875,0.9889705777168274,272,0.07535342872142792
12,0,anti_transpose,0.047280002385377884,409aa875,0.9889705777168274,272,0.07535342872142792
24,0,identity,0.04558247700333595,409aa875,0.9926470518112183,272,0.015089758671820164
24,0,rot90,0.06781291216611862,409aa875,0.9889705777168274,272,0.015089758671820164
24,0,rot180,0.05431119352579117,409aa875,0.9926470518112183,272,0.015089758671820164
24,0,rot270,0.06148579716682434,409aa875,0.9889705777168274,272,0.015089758671820164
24,0,flip_lr,0.048564471304416656,409aa875,0.9889705777168274,272,0.015089758671820164
24,0,flip_ud,0.048051510006189346,409aa875,0.9926470518112183,272,0.015089758671820164
24,0,transpose,0.0504130981862545,409aa875,0.9889705777168274,272,0.015089758671820164
24,0,anti_transpose,0.073942631483078,409aa875,0.9889705777168274,272,0.015089758671820164
48,0,identity,0.06250212341547012,409aa875,0.9926470518112183,272,0.005255573894828558
48,0,rot90,0.07911322265863419,409aa875,0.9926470518112183,272,0.005255573894828558
48,0,rot180,0.05615614354610443,409aa875,0.9926470518112183,272,0.005255573894828558
48,0,rot270,0.06516678631305695,409aa875,0.9889705777168274,272,0.005255573894828558
48,0,flip_lr,0.07108315825462341,409aa875,0.9889705777168274,272,0.005255573894828558
48,0,flip_ud,0.052252572029829025,409aa875,0.9963235259056091,272,0.005255573894828558
48,0,transpose,0.055771615356206894,409aa875,0.9889705777168274,272,0.005255573894828558
48,0,anti_transpose,0.07393885403871536,409aa875,0.9926470518112183,272,0.005255573894828558
72,0,identity,0.061936475336551666,409aa875,0.9926470518112183,272,0.004031735938042402
72,0,rot90,0.07574135065078735,409aa875,0.9926470518112183,272,0.004031735938042402
72,0,rot180,0.05563950538635254,409aa875,0.9926470518112183,272,0.004031735938042402
72,0,rot270,0.07204095274209976,409aa875,0.9889705777168274,272,0.004031735938042402
72,0,flip_lr,0.06924278289079666,409aa875,0.9889705777168274,272,0.004031735938042402
72,0,flip_ud,0.05233847349882126,409aa875,0.9963235259056091,272,0.004031735938042402
72,0,transpose,0.06316041946411133,409aa875,0.9889705777168274,272,0.004031735938042402
72,0,anti_transpose,0.07675444334745407,409aa875,0.9926470518112183,272,0.004031735938042402
0,1,identity,0.0766308382153511,409aa875,0.9779411554336548,272,
0,1,rot90,0.07941383123397827,409aa875,0.9779411554336548,272,
0,1,rot180,0.09181354939937592,409aa875,0.9742646813392639,272,
0,1,rot270,0.10554394870996475,409aa875,0.9742646813392639,272,
0,1,flip_lr,0.07185470312833786,409aa875,0.9816176295280457,272,
0,1,flip_ud,0.09107651561498642,409aa875,0.9779411554336548,272,
0,1,transpose,0.0956588089466095,409aa875,0.9779411554336548,272,
0,1,anti_transpose,0.0883411094546318,409aa875,0.9779411554336548,272,
12,1,identity,0.07702106237411499,409aa875,0.9742646813392639,272,0.052089568227529526
12,1,rot90,0.0904359221458435,409aa875,0.9779411554336548,272,0.052089568227529526
12,1,rot180,0.12366196513175964,409aa875,0.9742646813392639,272,0.052089568227529526
12,1,rot270,0.12771359086036682,409aa875,0.9705882668495178,272,0.052089568227529526
12,1,flip_lr,0.08260135352611542,409aa875,0.9816176295280457,272,0.052089568227529526
12,1,flip_ud,0.09435227513313293,409aa875,0.9779411554336548,272,0.052089568227529526
12,1,transpose,0.10730493068695068,409aa875,0.9779411554336548,272,0.052089568227529526
12,1,anti_transpose,0.10966113209724426,409aa875,0.9779411554336548,272,0.052089568227529526
24,1,identity,0.08239778131246567,409aa875,0.9852941036224365,272,0.018535209819674492
24,1,rot90,0.1649017184972763,409aa875,0.9779411554336548,272,0.018535209819674492
24,1,rot180,0.15540434420108795,409aa875,0.9779411554336548,272,0.018535209819674492
24,1,rot270,0.17128095030784607,409aa875,0.9742646813392639,272,0.018535209819674492
24,1,flip_lr,0.1408029943704605,409aa875,0.9779411554336548,272,0.018535209819674492
24,1,flip_ud,0.14120447635650635,409aa875,0.9779411554336548,272,0.018535209819674492
24,1,transpose,0.16176283359527588,409aa875,0.9742646813392639,272,0.018535209819674492
24,1,anti_transpose,0.16647517681121826,409aa875,0.9779411554336548,272,0.018535209819674492
48,1,identity,0.08004042506217957,409aa875,0.9779411554336548,272,0.010847160592675209
48,1,rot90,0.1166219413280487,409aa875,0.9816176295280457,272,0.010847160592675209
48,1,rot180,0.14018872380256653,409aa875,0.9779411554336548,272,0.010847160592675209
48,1,rot270,0.16418495774269104,409aa875,0.9742646813392639,272,0.010847160592675209
48,1,flip_lr,0.09005221724510193,409aa875,0.9779411554336548,272,0.010847160592675209
48,1,flip_ud,0.1377502679824829,409aa875,0.9742646813392639,272,0.010847160592675209
48,1,transpose,0.1076117530465126,409aa875,0.9742646813392639,272,0.010847160592675209
48,1,anti_transpose,0.1290518194437027,409aa875,0.9816176295280457,272,0.010847160592675209
72,1,identity,0.09233119338750839,409aa875,0.9779411554336548,272,0.006517005153000355
72,1,rot90,0.11169282346963882,409aa875,0.9816176295280457,272,0.006517005153000355
72,1,rot180,0.13460275530815125,409aa875,0.9779411554336548,272,0.006517005153000355
72,1,rot270,0.16049742698669434,409aa875,0.9705882668495178,272,0.006517005153000355
72,1,flip_lr,0.09153067320585251,409aa875,0.9779411554336548,272,0.006517005153000355
72,1,flip_ud,0.12034918367862701,409aa875,0.9742646813392639,272,0.006517005153000355
72,1,transpose,0.09901922196149826,409aa875,0.9742646813392639,272,0.006517005153000355
72,1,anti_transpose,0.12782913446426392,409aa875,0.9816176295280457,272,0.006517005153000355
0,2,identity,0.1121978759765625,409aa875,0.9705882668495178,272,
0,2,rot90,0.119487464427948,409aa875,0.966911792755127,272,
0,2,rot180,0.11570986360311508,409aa875,0.9705882668495178,272,
0,2,rot270,0.11497565358877182,409aa875,0.9705882668495178,272,
0,2,flip_lr,0.10301146656274796,409aa875,0.966911792755127,272,
0,2,flip_ud,0.11254888027906418,409aa875,0.9705882668495178,272,
0,2,transpose,0.11711397022008896,409aa875,0.9779411554336548,272,
0,2,anti_transpose,0.12055231630802155,409aa875,0.9705882668495178,272,
12,2,identity,0.12400806695222855,409aa875,0.9742646813392639,272,0.04919357970356941
12,2,rot90,0.14285948872566223,409aa875,0.9705882668495178,272,0.04919357970356941
12,2,rot180,0.15472529828548431,409aa875,0.9632353186607361,272,0.04919357970356941
12,2,rot270,0.11804461479187012,409aa875,0.9742646813392639,272,0.04919357970356941
12,2,flip_lr,0.12931227684020996,409aa875,0.966911792755127,272,0.04919357970356941
12,2,flip_ud,0.13329604268074036,409aa875,0.9705882668495178,272,0.04919357970356941
12,2,transpose,0.1278303861618042,409aa875,0.9742646813392639,272,0.04919357970356941
12,2,anti_transpose,0.12814810872077942,409aa875,0.966911792755127,272,0.04919357970356941
24,2,identity,0.1698741912841797,409aa875,0.9742646813392639,272,0.016936223953962326
24,2,rot90,0.23152297735214233,409aa875,0.9632353186607361,272,0.016936223953962326
24,2,rot180,0.21477290987968445,409aa875,0.966911792755127,272,0.016936223953962326
24,2,rot270,0.1722051352262497,409aa875,0.9705882668495178,272,0.016936223953962326
24,2,flip_lr,0.17932650446891785,409aa875,0.966911792755127,272,0.016936223953962326
24,2,flip_ud,0.18895137310028076,409aa875,0.9742646813392639,272,0.016936223953962326
24,2,transpose,0.160207599401474,409aa875,0.9779411554336548,272,0.016936223953962326
24,2,anti_transpose,0.20035898685455322,409aa875,0.9742646813392639,272,0.016936223953962326
48,2,identity,0.13723112642765045,409aa875,0.9779411554336548,272,0.017398886382579803
48,2,rot90,0.18003615736961365,409aa875,0.9705882668495178,272,0.017398886382579803
48,2,rot180,0.18639329075813293,409aa875,0.9742646813392639,272,0.017398886382579803
48,2,rot270,0.16537998616695404,409aa875,0.9705882668495178,272,0.017398886382579803
48,2,flip_lr,0.15126188099384308,409aa875,0.9705882668495178,272,0.017398886382579803
48,2,flip_ud,0.15803420543670654,409aa875,0.9779411554336548,272,0.017398886382579803
48,2,transpose,0.14506389200687408,409aa875,0.9779411554336548,272,0.017398886382579803
48,2,anti_transpose,0.18922115862369537,409aa875,0.9705882668495178,272,0.017398886382579803
72,2,identity,0.1335216611623764,409aa875,0.9779411554336548,272,0.0064148372039198875
72,2,rot90,0.14877445995807648,409aa875,0.9705882668495178,272,0.0064148372039198875
72,2,rot180,0.15322180092334747,409aa875,0.9705882668495178,272,0.0064148372039198875
72,2,rot270,0.14337801933288574,409aa875,0.9742646813392639,272,0.0064148372039198875
72,2,flip_lr,0.13527911901474,409aa875,0.9705882668495178,272,0.0064148372039198875
72,2,flip_ud,0.14443343877792358,409aa875,0.9742646813392639,272,0.0064148372039198875
72,2,transpose,0.1283065527677536,409aa875,0.9816176295280457,272,0.0064148372039198875
72,2,anti_transpose,0.1494821012020111,409aa875,0.9779411554336548,272,0.0064148372039198875
0,0,identity,0.03086903505027294,88e364bc,0.9928571581840515,420,
0,0,rot90,0.044458698481321335,88e364bc,0.9833333492279053,420,
0,0,rot180,0.05252061039209366,88e364bc,0.9880952835083008,420,
0,0,rot270,0.03641900420188904,88e364bc,0.9928571581840515,420,
0,0,flip_lr,0.03130623325705528,88e364bc,0.9928571581840515,420,
0,0,flip_ud,0.03097035549581051,88e364bc,0.9928571581840515,420,
0,0,transpose,0.04483432322740555,88e364bc,0.9880952835083008,420,
0,0,anti_transpose,0.0246256235986948,88e364bc,0.9904762506484985,420,
12,0,identity,0.014186952263116837,88e364bc,0.9952381253242493,420,0.015431522391736507
12,0,rot90,0.030244899913668633,88e364bc,0.9880952835083008,420,0.015431522391736507
12,0,rot180,0.04326565936207771,88e364bc,0.9904762506484985,420,0.015431522391736507
12,0,rot270,0.031208187341690063,88e364bc,0.9880952835083008,420,0.015431522391736507
12,0,flip_lr,0.02925223484635353,88e364bc,0.9880952835083008,420,0.015431522391736507
12,0,flip_ud,0.041117340326309204,88e364bc,0.9880952835083008,420,0.015431522391736507
12,0,transpose,0.028137292712926865,88e364bc,0.9904762506484985,420,0.015431522391736507
12,0,anti_transpose,0.035205814987421036,88e364bc,0.985714316368103,420,0.015431522391736507
24,0,identity,0.00882965698838234,88e364bc,0.997619092464447,420,0.01199011504650116
24,0,rot90,0.04605334252119064,88e364bc,0.9833333492279053,420,0.01199011504650116
24,0,rot180,0.030634401366114616,88e364bc,0.9880952835083008,420,0.01199011504650116
24,0,rot270,0.049512386322021484,88e364bc,0.985714316368103,420,0.01199011504650116
24,0,flip_lr,0.03729882091283798,88e364bc,0.9904762506484985,420,0.01199011504650116
24,0,flip_ud,0.03340229019522667,88e364bc,0.9904762506484985,420,0.01199011504650116
24,0,transpose,0.04805723950266838,88e364bc,0.985714316368103,420,0.01199011504650116
24,0,anti_transpose,0.04587961733341217,88e364bc,0.9904762506484985,420,0.01199011504650116
48,0,identity,0.016818758100271225,88e364bc,0.9904762506484985,420,0.015038412995636463
48,0,rot90,0.03286338970065117,88e364bc,0.9904762506484985,420,0.015038412995636463
48,0,rot180,0.030367465689778328,88e364bc,0.9952381253242493,420,0.015038412995636463
48,0,rot270,0.04092352092266083,88e364bc,0.9904762506484985,420,0.015038412995636463
48,0,flip_lr,0.039311300963163376,88e364bc,0.9904762506484985,420,0.015038412995636463
48,0,flip_ud,0.03707674518227577,88e364bc,0.9904762506484985,420,0.015038412995636463
48,0,transpose,0.03402065113186836,88e364bc,0.9928571581840515,420,0.015038412995636463
48,0,anti_transpose,0.03183526173233986,88e364bc,0.9952381253242493,420,0.015038412995636463
72,0,identity,0.009441382251679897,88e364bc,0.9952381253242493,420,0.0017770504346117377
72,0,rot90,0.039134323596954346,88e364bc,0.985714316368103,420,0.0017770504346117377
72,0,rot180,0.0326496846973896,88e364bc,0.9904762506484985,420,0.0017770504346117377
72,0,rot270,0.04563348367810249,88e364bc,0.9904762506484985,420,0.0017770504346117377
72,0,flip_lr,0.04134319722652435,88e364bc,0.9928571581840515,420,0.0017770504346117377
72,0,flip_ud,0.04178988188505173,88e364bc,0.9904762506484985,420,0.0017770504346117377
72,0,transpose,0.03826609626412392,88e364bc,0.9928571581840515,420,0.0017770504346117377
72,0,anti_transpose,0.04759196192026138,88e364bc,0.9928571581840515,420,0.0017770504346117377
0,1,identity,0.026870179921388626,88e364bc,0.9952381253242493,420,
0,1,rot90,0.030094975605607033,88e364bc,0.9952381253242493,420,
0,1,rot180,0.021185360848903656,88e364bc,0.9952381253242493,420,
0,1,rot270,0.021174687892198563,88e364bc,0.9928571581840515,420,
0,1,flip_lr,0.03204827383160591,88e364bc,0.9952381253242493,420,
0,1,flip_ud,0.020139027386903763,88e364bc,0.9952381253242493,420,
0,1,transpose,0.022017376497387886,88e364bc,0.9952381253242493,420,
0,1,anti_transpose,0.02259455807507038,88e364bc,0.9952381253242493,420,
12,1,identity,0.041024576872587204,88e364bc,0.9928571581840515,420,0.018034135922789574
12,1,rot90,0.024082669988274574,88e364bc,0.9952381253242493,420,0.018034135922789574
12,1,rot180,0.03457382693886757,88e364bc,0.9928571581840515,420,0.018034135922789574
12,1,rot270,0.03134377673268318,88e364bc,0.9904762506484985,420,0.018034135922789574
12,1,flip_lr,0.03482900187373161,88e364bc,0.9928571581840515,420,0.018034135922789574
12,1,flip_ud,0.02739037573337555,88e364bc,0.9952381253242493,420,0.018034135922789574
12,1,transpose,0.02531362883746624,88e364bc,0.9928571581840515,420,0.018034135922789574
12,1,anti_transpose,0.02272845432162285,88e364bc,0.9952381253242493,420,0.018034135922789574
24,1,identity,0.03921826556324959,88e364bc,0.9928571581840515,420,0.0045709372498095036
24,1,rot90,0.023534325882792473,88e364bc,0.9952381253242493,420,0.0045709372498095036
24,1,rot180,0.04018736630678177,88e364bc,0.9928571581840515,420,0.0045709372498095036
24,1,rot270,0.045962195843458176,88e364bc,0.9880952835083008,420,0.0045709372498095036
24,1,flip_lr,0.03970736637711525,88e364bc,0.9904762506484985,420,0.0045709372498095036
24,1,flip_ud,0.03143550455570221,88e364bc,0.9928571581840515,420,0.0045709372498095036
24,1,transpose,0.030687302350997925,88e364bc,0.9928571581840515,420,0.0045709372498095036
24,1,anti_transpose,0.02942611090838909,88e364bc,0.9952381253242493,420,0.0045709372498095036
48,1,identity,0.053864896297454834,88e364bc,0.9904762506484985,420,0.0002702493220567703
48,1,rot90,0.03120189905166626,88e364bc,0.9952381253242493,420,0.0002702493220567703
48,1,rot180,0.04893604293465614,88e364bc,0.9904762506484985,420,0.0002702493220567703
48,1,rot270,0.048585034906864166,88e364bc,0.9904762506484985,420,0.0002702493220567703
48,1,flip_lr,0.04902416467666626,88e364bc,0.9928571581840515,420,0.0002702493220567703
48,1,flip_ud,0.04046128690242767,88e364bc,0.9928571581840515,420,0.0002702493220567703
48,1,transpose,0.03143144026398659,88e364bc,0.9928571581840515,420,0.0002702493220567703
48,1,anti_transpose,0.041817955672740936,88e364bc,0.9952381253242493,420,0.0002702493220567703
72,1,identity,0.051529839634895325,88e364bc,0.9880952835083008,420,2.403166945441626e-05
72,1,rot90,0.02521481364965439,88e364bc,0.9952381253242493,420,2.403166945441626e-05
72,1,rot180,0.04229041561484337,88e364bc,0.9928571581840515,420,2.403166945441626e-05
72,1,rot270,0.046103160828351974,88e364bc,0.9904762506484985,420,2.403166945441626e-05
72,1,flip_lr,0.04466814175248146,88e364bc,0.9904762506484985,420,2.403166945441626e-05
72,1,flip_ud,0.03656113147735596,88e364bc,0.9928571581840515,420,2.403166945441626e-05
72,1,transpose,0.027198323979973793,88e364bc,0.9952381253242493,420,2.403166945441626e-05
72,1,anti_transpose,0.03565303981304169,88e364bc,0.9952381253242493,420,2.403166945441626e-05
0,2,identity,0.021302590146660805,88e364bc,0.9952381253242493,420,
0,2,rot90,0.016118749976158142,88e364bc,0.9928571581840515,420,
0,2,rot180,0.027165088802576065,88e364bc,0.9928571581840515,420,
0,2,rot270,0.02785600908100605,88e364bc,0.9928571581840515,420,
0,2,flip_lr,0.007143756374716759,88e364bc,0.997619092464447,420,
0,2,flip_ud,0.028866518288850784,88e364bc,0.9928571581840515,420,
0,2,transpose,0.021948833018541336,88e364bc,0.9928571581840515,420,
0,2,anti_transpose,0.032621484249830246,88e364bc,0.9904762506484985,420,
12,2,identity,0.0244065560400486,88e364bc,0.9928571581840515,420,0.02527492679655552
12,2,rot90,0.025332245975732803,88e364bc,0.9928571581840515,420,0.02527492679655552
12,2,rot180,0.005824527703225613,88e364bc,0.997619092464447,420,0.02527492679655552
12,2,rot270,0.015186420641839504,88e364bc,0.9952381253242493,420,0.02527492679655552
12,2,flip_lr,0.022880397737026215,88e364bc,0.997619092464447,420,0.02527492679655552
12,2,flip_ud,0.007970486767590046,88e364bc,0.9952381253242493,420,0.02527492679655552
12,2,transpose,0.010555146262049675,88e364bc,0.997619092464447,420,0.02527492679655552
12,2,anti_transpose,0.02145189419388771,88e364bc,0.9904762506484985,420,0.02527492679655552
24,2,identity,0.035932689905166626,88e364bc,0.9880952835083008,420,0.004172713961452246
24,2,rot90,0.02235807478427887,88e364bc,0.9928571581840515,420,0.004172713961452246
24,2,rot180,0.016069037839770317,88e364bc,0.9952381253242493,420,0.004172713961452246
24,2,rot270,0.020424410700798035,88e364bc,0.9928571581840515,420,0.004172713961452246
24,2,flip_lr,0.02996029704809189,88e364bc,0.9952381253242493,420,0.004172713961452246
24,2,flip_ud,0.008385691791772842,88e364bc,0.9928571581840515,420,0.004172713961452246
24,2,transpose,0.015100785531103611,88e364bc,0.9928571581840515,420,0.004172713961452246
24,2,anti_transpose,0.025029825046658516,88e364bc,0.985714316368103,420,0.004172713961452246
48,2,identity,0.005091491155326366,88e364bc,0.997619092464447,420,1.1196313607797492e-05
48,2,rot90,0.017018171027302742,88e364bc,0.997619092464447,420,1.1196313607797492e-05
48,2,rot180,0.028859006240963936,88e364bc,0.9952381253242493,420,1.1196313607797492e-05
48,2,rot270,0.012744097039103508,88e364bc,0.997619092464447,420,1.1196313607797492e-05
48,2,flip_lr,0.003787982277572155,88e364bc,0.997619092464447,420,1.1196313607797492e-05
48,2,flip_ud,0.025138303637504578,88e364bc,0.9928571581840515,420,1.1196313607797492e-05
48,2,transpose,0.018370801582932472,88e364bc,0.997619092464447,420,1.1196313607797492e-05
48,2,anti_transpose,0.019962897524237633,88e364bc,0.997619092464447,420,1.1196313607797492e-05
72,2,identity,0.03868420794606209,88e364bc,0.9880952835083008,420,5.946449164184742e-05
72,2,rot90,0.018487662076950073,88e364bc,0.997619092464447,420,5.946449164184742e-05
72,2,rot180,0.02564542181789875,88e364bc,0.9952381253242493,420,5.946449164184742e-05
72,2,rot270,0.010298673994839191,88e364bc,0.997619092464447,420,5.946449164184742e-05
72,2,flip_lr,0.018424829468131065,88e364bc,0.9952381253242493,420,5.946449164184742e-05
72,2,flip_ud,0.014457015320658684,88e364bc,0.9952381253242493,420,5.946449164184742e-05
72,2,transpose,0.015108974650502205,88e364bc,0.997619092464447,420,5.946449164184742e-05
72,2,anti_transpose,0.0069982390850782394,88e364bc,0.9952381253242493,420,5.946449164184742e-05
0,0,identity,0.04516059160232544,8f3a5a89,0.9889705777168274,272,
0,0,rot90,0.0517469197511673,8f3a5a89,0.9889705777168274,272,
0,0,rot180,0.046267107129096985,8f3a5a89,0.9889705777168274,272,
0,0,rot270,0.05138613283634186,8f3a5a89,0.9926470518112183,272,
0,0,flip_lr,0.0482436902821064,8f3a5a89,0.9852941036224365,272,
0,0,flip_ud,0.048093318939208984,8f3a5a89,0.9889705777168274,272,
0,0,transpose,0.05258224532008171,8f3a5a89,0.9926470518112183,272,
0,0,anti_transpose,0.05274397134780884,8f3a5a89,0.9852941036224365,272,
12,0,identity,0.06720151752233505,8f3a5a89,0.9852941036224365,272,0.02249455265700817
12,0,rot90,0.06465664505958557,8f3a5a89,0.9816176295280457,272,0.02249455265700817
12,0,rot180,0.05447542294859886,8f3a5a89,0.9889705777168274,272,0.02249455265700817
12,0,rot270,0.06603247672319412,8f3a5a89,0.9926470518112183,272,0.02249455265700817
12,0,flip_lr,0.05903109535574913,8f3a5a89,0.9816176295280457,272,0.02249455265700817
12,0,flip_ud,0.06141120567917824,8f3a5a89,0.9852941036224365,272,0.02249455265700817
12,0,transpose,0.06565983593463898,8f3a5a89,0.9926470518112183,272,0.02249455265700817
12,0,anti_transpose,0.06793998181819916,8f3a5a89,0.9852941036224365,272,0.02249455265700817
24,0,identity,0.09143508225679398,8f3a5a89,0.9852941036224365,272,0.0034551448188722134
24,0,rot90,0.11673027276992798,8f3a5a89,0.9816176295280457,272,0.0034551448188722134
24,0,rot180,0.07240527868270874,8f3a5a89,0.9889705777168274,272,0.0034551448188722134
24,0,rot270,0.09802597761154175,8f3a5a89,0.9926470518112183,272,0.0034551448188722134
24,0,flip_lr,0.09672515839338303,8f3a5a89,0.9816176295280457,272,0.0034551448188722134
24,0,flip_ud,0.09677763283252716,8f3a5a89,0.9852941036224365,272,0.0034551448188722134
24,0,transpose,0.08868653327226639,8f3a5a89,0.9889705777168274,272,0.0034551448188722134
24,0,anti_transpose,0.09255313873291016,8f3a5a89,0.9852941036224365,272,0.0034551448188722134
48,0,identity,0.06725594401359558,8f3a5a89,0.9816176295280457,272,0.004869850818067789
48,0,rot90,0.08162415027618408,8f3a5a89,0.9816176295280457,272,0.004869850818067789
48,0,rot180,0.06559751182794571,8f3a5a89,0.9816176295280457,272,0.004869850818067789
48,0,rot270,0.07315167039632797,8f3a5a89,0.9852941036224365,272,0.004869850818067789
48,0,flip_lr,0.07652867585420609,8f3a5a89,0.9816176295280457,272,0.004869850818067789
48,0,flip_ud,0.065162792801857,8f3a5a89,0.9852941036224365,272,0.004869850818067789
48,0,transpose,0.06632458418607712,8f3a5a89,0.9852941036224365,272,0.004869850818067789
48,0,anti_transpose,0.07815849035978317,8f3a5a89,0.9852941036224365,272,0.004869850818067789
72,0,identity,0.10846731811761856,8f3a5a89,0.9705882668495178,272,0.005752203520387411
72,0,rot90,0.11172208935022354,8f3a5a89,0.9816176295280457,272,0.005752203520387411
72,0,rot180,0.08770165592432022,8f3a5a89,0.9742646813392639,272,0.005752203520387411
72,0,rot270,0.12041034549474716,8f3a5a89,0.9742646813392639,272,0.005752203520387411
72,0,flip_lr,0.12159138917922974,8f3a5a89,0.9742646813392639,272,0.005752203520387411
72,0,flip_ud,0.1029556393623352,8f3a5a89,0.9816176295280457,272,0.005752203520387411
72,0,transpose,0.12233289331197739,8f3a5a89,0.9742646813392639,272,0.005752203520387411
72,0,anti_transpose,0.09804382175207138,8f3a5a89,0.9852941036224365,272,0.005752203520387411
0,1,identity,0.031031453981995583,8f3a5a89,0.9909090399742126,110,
0,1,rot90,0.026149390265345573,8f3a5a89,0.9909090399742126,110,
0,1,rot180,0.028454266488552094,8f3a5a89,0.9818181395530701,110,
0,1,rot270,0.019854901358485222,8f3a5a89,0.9999999403953552,110,
0,1,flip_lr,0.05422911047935486,8f3a5a89,0.9727272391319275,110,
0,1,flip_ud,0.017899351194500923,8f3a5a89,0.9999999403953552,110,
0,1,transpose,0.020492713898420334,8f3a5a89,0.9999999403953552,110,
0,1,anti_transpose,0.023014849051833153,8f3a5a89,0.9999999403953552,110,
12,1,identity,0.013947929255664349,8f3a5a89,0.9999999403953552,110,0.022291501984000206
12,1,rot90,0.015167904086411,8f3a5a89,0.9999999403953552,110,0.022291501984000206
12,1,rot180,0.010158571414649487,8f3a5a89,0.9999999403953552,110,0.022291501984000206
12,1,rot270,0.008517889305949211,8f3a5a89,0.9999999403953552,110,0.022291501984000206
12,1,flip_lr,0.028186585754156113,8f3a5a89,0.9818181395530701,110,0.022291501984000206
12,1,flip_ud,0.004889448639005423,8f3a5a89,0.9999999403953552,110,0.022291501984000206
12,1,transpose,0.00861442182213068,8f3a5a89,0.9999999403953552,110,0.022291501984000206
12,1,anti_transpose,0.006867010612040758,8f3a5a89,0.9999999403953552,110,0.022291501984000206
24,1,identity,0.0681765079498291,8f3a5a89,0.9909090399742126,110,0.002684357576072216
24,1,rot90,0.017765166237950325,8f3a5a89,0.9909090399742126,110,0.002684357576072216
24,1,rot180,0.007971061393618584,8f3a5a89,0.9999999403953552,110,0.002684357576072216
24,1,rot270,0.0017361881909891963,8f3a5a89,0.9999999403953552,110,0.002684357576072216
24,1,flip_lr,0.06524652987718582,8f3a5a89,0.9818181395530701,110,0.002684357576072216
24,1,flip_ud,0.005116870626807213,8f3a5a89,0.9999999403953552,110,0.002684357576072216
24,1,transpose,0.01081645954400301,8f3a5a89,0.9999999403953552,110,0.002684357576072216
24,1,anti_transpose,0.006688120309263468,8f3a5a89,0.9999999403953552,110,0.002684357576072216
48,1,identity,0.11288382112979889,8f3a5a89,0.9727272391319275,110,0.001891403109766543
48,1,rot90,0.06794718652963638,8f3a5a89,0.9909090399742126,110,0.001891403109766543
48,1,rot180,0.01020447164773941,8f3a5a89,0.9909090399742126,110,0.001891403109766543
48,1,rot270,0.0011723072966560721,8f3a5a89,0.9999999403953552,110,0.001891403109766543
48,1,flip_lr,0.08717697113752365,8f3a5a89,0.9818181395530701,110,0.001891403109766543
48,1,flip_ud,0.005235673394054174,8f3a5a89,0.9999999403953552,110,0.001891403109766543
48,1,transpose,0.016675973311066628,8f3a5a89,0.9909090399742126,110,0.001891403109766543
48,1,anti_transpose,0.04235018417239189,8f3a5a89,0.9909090399742126,110,0.001891403109766543
72,1,identity,0.12189806252717972,8f3a5a89,0.9818181395530701,110,0.0035601970739662647
72,1,rot90,0.07573435455560684,8f3a5a89,0.9909090399742126,110,0.0035601970739662647
72,1,rot180,0.015575154684484005,8f3a5a89,0.9909090399742126,110,0.0035601970739662647
72,1,rot270,0.0004641498380806297,8f3a5a89,0.9999999403953552,110,0.0035601970739662647
72,1,flip_lr,0.1277618259191513,8f3a5a89,0.9818181395530701,110,0.0035601970739662647
72,1,flip_ud,0.005646510981023312,8f3a5a89,0.9999999403953552,110,0.0035601970739662647
72,1,transpose,0.016473688185214996,8f3a5a89,0.9909090399742126,110,0.0035601970739662647
72,1,anti_transpose,0.05927522853016853,8f3a5a89,0.9909090399742126,110,0.0035601970739662647
0,2,identity,0.020393965765833855,8f3a5a89,0.9952381253242493,420,
0,2,rot90,0.025074690580368042,8f3a5a89,0.9928571581840515,420,
0,2,rot180,0.020391950383782387,8f3a5a89,0.9952381253242493,420,
0,2,rot270,0.01659916155040264,8f3a5a89,0.9952381253242493,420,
0,2,flip_lr,0.018847184255719185,8f3a5a89,0.9904762506484985,420,
0,2,flip_ud,0.01145293191075325,8f3a5a89,0.997619092464447,420,
0,2,transpose,0.01634310744702816,8f3a5a89,0.9952381253242493,420,
0,2,anti_transpose,0.017361605539917946,8f3a5a89,0.9952381253242493,420,
12,2,identity,0.023933812975883484,8f3a5a89,0.9952381253242493,420,0.04078231006860733
12,2,rot90,0.023572897538542747,8f3a5a89,0.9928571581840515,420,0.04078231006860733
12,2,rot180,0.024091236293315887,8f3a5a89,0.9928571581840515,420,0.04078231006860733
12,2,rot270,0.02254689298570156,8f3a5a89,0.9952381253242493,420,0.04078231006860733
12,2,flip_lr,0.026232212781906128,8f3a5a89,0.9952381253242493,420,0.04078231006860733
12,2,flip_ud,0.01732754521071911,8f3a5a89,0.9952381253242493,420,0.04078231006860733
12,2,transpose,0.024540692567825317,8f3a5a89,0.9952381253242493,420,0.04078231006860733
12,2,anti_transpose,0.025622354820370674,8f3a5a89,0.9904762506484985,420,0.04078231006860733
24,2,identity,0.03399938344955444,8f3a5a89,0.9952381253242493,420,0.006484565790742636
24,2,rot90,0.03927440196275711,8f3a5a89,0.9928571581840515,420,0.006484565790742636
24,2,rot180,0.037183329463005066,8f3a5a89,0.9928571581840515,420,0.006484565790742636
24,2,rot270,0.04150797054171562,8f3a5a89,0.9952381253242493,420,0.006484565790742636
24,2,flip_lr,0.03501952067017555,8f3a5a89,0.9952381253242493,420,0.006484565790742636
24,2,flip_ud,0.03213322535157204,8f3a5a89,0.9928571581840515,420,0.006484565790742636
24,2,transpose,0.04243339225649834,8f3a5a89,0.9952381253242493,420,0.006484565790742636
24,2,anti_transpose,0.043910253793001175,8f3a5a89,0.9928571581840515,420,0.006484565790742636
48,2,identity,0.0289005134254694,8f3a5a89,0.9952381253242493,420,0.010961562395095825
48,2,rot90,0.03646354749798775,8f3a5a89,0.9904762506484985,420,0.010961562395095825
48,2,rot180,0.03551318123936653,8f3a5a89,0.9928571581840515,420,0.010961562395095825
48,2,rot270,0.036793552339076996,8f3a5a89,0.9952381253242493,420,0.010961562395095825
48,2,flip_lr,0.036193955689668655,8f3a5a89,0.9928571581840515,420,0.010961562395095825
48,2,flip_ud,0.02832748182117939,8f3a5a89,0.9952381253242493,420,0.010961562395095825
48,2,transpose,0.03741373494267464,8f3a5a89,0.9952381253242493,420,0.010961562395095825
48,2,anti_transpose,0.040351033210754395,8f3a5a89,0.9904762506484985,420,0.010961562395095825
72,2,identity,0.022042475640773773,8f3a5a89,0.9952381253242493,420,0.004663357511162758
72,2,rot90,0.03412323445081711,8f3a5a89,0.9904762506484985,420,0.004663357511162758
72,2,rot180,0.03063863515853882,8f3a5a89,0.9928571581840515,420,0.004663357511162758
72,2,rot270,0.03209754079580307,8f3a5a89,0.9952381253242493,420,0.004663357511162758
72,2,flip_lr,0.028811734169721603,8f3a5a89,0.9928571581840515,420,0.004663357511162758
72,2,flip_ud,0.024304162710905075,8f3a5a89,0.9952381253242493,420,0.004663357511162758
72,2,transpose,0.0316021554172039,8f3a5a89,0.9952381253242493,420,0.004663357511162758
72,2,anti_transpose,0.04180720075964928,8f3a5a89,0.9904762506484985,420,0.004663357511162758
0,0,identity,0.039084840565919876,fc7cae8d,0.9886363744735718,176,
0,0,rot90,0.02458653412759304,fc7cae8d,0.9944444894790649,180,
0,0,rot180,0.048249825835227966,fc7cae8d,0.9829545617103577,176,
0,0,rot270,0.04235879331827164,fc7cae8d,0.9888889193534851,180,
0,0,flip_lr,0.05344834178686142,fc7cae8d,0.9886363744735718,176,
0,0,flip_ud,0.012001538649201393,fc7cae8d,0.9943181872367859,176,
0,0,transpose,0.039117541164159775,fc7cae8d,0.9777777791023254,180,
0,0,anti_transpose,0.0624108649790287,fc7cae8d,0.9888889193534851,180,
12,0,identity,0.08627218008041382,fc7cae8d,0.9659091234207153,176,0.06447730213403702
12,0,rot90,0.01941695623099804,fc7cae8d,0.9833333492279053,180,0.06447730213403702
12,0,rot180,0.01454791147261858,fc7cae8d,0.9943181872367859,176,0.06447730213403702
12,0,rot270,0.03878352418541908,fc7cae8d,0.9888889193534851,180,0.06447730213403702
12,0,flip_lr,0.07024495303630829,fc7cae8d,0.9772727489471436,176,0.06447730213403702
12,0,flip_ud,0.012458926998078823,fc7cae8d,0.9943181872367859,176,0.06447730213403702
12,0,transpose,0.05237805098295212,fc7cae8d,0.9777777791023254,180,0.06447730213403702
12,0,anti_transpose,0.06293807178735733,fc7cae8d,0.9888889193534851,180,0.06447730213403702
24,0,identity,0.07578089833259583,fc7cae8d,0.9772727489471436,176,0.08378802239894867
24,0,rot90,0.06378141045570374,fc7cae8d,0.9777777791023254,180,0.08378802239894867
24,0,rot180,0.08768028765916824,fc7cae8d,0.9715909361839294,176,0.08378802239894867
24,0,rot270,0.08073980361223221,fc7cae8d,0.9666666984558105,180,0.08378802239894867
24,0,flip_lr,0.11829634010791779,fc7cae8d,0.9659091234207153,176,0.08378802239894867
24,0,flip_ud,0.053330615162849426,fc7cae8d,0.9829545617103577,176,0.08378802239894867
24,0,transpose,0.1324533075094223,fc7cae8d,0.9611111283302307,180,0.08378802239894867
24,0,anti_transpose,0.13452374935150146,fc7cae8d,0.9722222685813904,180,0.08378802239894867
48,0,identity,0.10347989201545715,fc7cae8d,0.9772727489471436,176,0.0007889461703598499
48,0,rot90,0.05699262022972107,fc7cae8d,0.9888889193534851,180,0.0007889461703598499
48,0,rot180,0.08421369642019272,fc7cae8d,0.9829545617103577,176,0.0007889461703598499
48,0,rot270,0.10187636315822601,fc7cae8d,0.9722222685813904,180,0.0007889461703598499
48,0,flip_lr,0.11659833788871765,fc7cae8d,0.9659091234207153,176,0.0007889461703598499
48,0,flip_ud,0.06566420197486877,fc7cae8d,0.9772727489471436,176,0.0007889461703598499
48,0,transpose,0.1452380120754242,fc7cae8d,0.9611111283302307,180,0.0007889461703598499
48,0,anti_transpose,0.14190015196800232,fc7cae8d,0.9777777791023254,180,0.0007889461703598499
72,0,identity,0.11986768245697021,fc7cae8d,0.9715909361839294,176,0.0035618068650364876
72,0,rot90,0.05744243040680885,fc7cae8d,0.9944444894790649,180,0.0035618068650364876
72,0,rot180,0.10407209396362305,fc7cae8d,0.9772727489471436,176,0.0035618068650364876
72,0,rot270,0.06375414878129959,fc7cae8d,0.9777777791023254,180,0.0035618068650364876
72,0,flip_lr,0.12237871438264847,fc7cae8d,0.9715909361839294,176,0.0035618068650364876
72,0,flip_ud,0.06398193538188934,fc7cae8d,0.9829545617103577,176,0.0035618068650364876
72,0,transpose,0.13672640919685364,fc7cae8d,0.9666666984558105,180,0.0035618068650364876
72,0,anti_transpose,0.15825466811656952,fc7cae8d,0.9777777791023254,180,0.0035618068650364876
0,1,identity,0.04778331518173218,fc7cae8d,0.9818181395530701,110,
0,1,rot90,0.037633106112480164,fc7cae8d,0.9909090399742126,110,
0,1,rot180,0.06985072046518326,fc7cae8d,0.9727272391319275,110,
0,1,rot270,0.06337850540876389,fc7cae8d,0.9727272391319275,110,
0,1,flip_lr,0.06977424770593643,fc7cae8d,0.9818181395530701,110,
0,1,flip_ud,0.09659050405025482,fc7cae8d,0.9818181395530701,110,
0,1,transpose,0.041889458894729614,fc7cae8d,0.9818181395530701,110,
0,1,anti_transpose,0.06949037313461304,fc7cae8d,0.9727272391319275,110,
12,1,identity,0.0033475407399237156,fc7cae8d,0.9999999403953552,110,0.03651944175362587
12,1,rot90,0.018583189696073532,fc7cae8d,0.9909090399742126,110,0.03651944175362587
12,1,rot180,0.009155215695500374,fc7cae8d,0.9999999403953552,110,0.03651944175362587
12,1,rot270,0.007935975678265095,fc7cae8d,0.9999999403953552,110,0.03651944175362587
12,1,flip_lr,0.019821731373667717,fc7cae8d,0.9999999403953552,110,0.03651944175362587
12,1,flip_ud,0.03362865373492241,fc7cae8d,0.9909090399742126,110,0.03651944175362587
12,1,transpose,0.01907312497496605,fc7cae8d,0.9909090399742126,110,0.03651944175362587
12,1,anti_transpose,0.032525040209293365,fc7cae8d,0.9909090399742126,110,0.03651944175362587
24,1,identity,0.00034193266765214503,fc7cae8d,0.9999999403953552,110,0.08085945248603821
24,1,rot90,0.005836302414536476,fc7cae8d,0.9999999403953552,110,0.08085945248603821
24,1,rot180,0.0005060050752945244,fc7cae8d,0.9999999403953552,110,0.08085945248603821
24,1,rot270,0.0005240808241069317,fc7cae8d,0.9999999403953552,110,0.08085945248603821
24,1,flip_lr,0.1575266420841217,fc7cae8d,0.9636363387107849,110,0.08085945248603821
24,1,flip_ud,0.09155187010765076,fc7cae8d,0.9727272391319275,110,0.08085945248603821
24,1,transpose,0.08426468819379807,fc7cae8d,0.9909090399742126,110,0.08085945248603821
24,1,anti_transpose,0.06767255067825317,fc7cae8d,0.9727272391319275,110,0.08085945248603821
48,1,identity,0.04031970351934433,fc7cae8d,0.9909090399742126,110,0.0030486732721328735
48,1,rot90,0.08000326156616211,fc7cae8d,0.9727272391319275,110,0.0030486732721328735
48,1,rot180,0.035142868757247925,fc7cae8d,0.9909090399742126,110,0.0030486732721328735
48,1,rot270,0.018408220261335373,fc7cae8d,0.9909090399742126,110,0.0030486732721328735
48,1,flip_lr,0.054905228316783905,fc7cae8d,0.9909090399742126,110,0.0030486732721328735
48,1,flip_ud,0.092849962413311,fc7cae8d,0.9727272391319275,110,0.0030486732721328735
48,1,transpose,0.01386173814535141,fc7cae8d,0.9909090399742126,110,0.0030486732721328735
48,1,anti_transpose,0.07794757932424545,fc7cae8d,0.9818181395530701,110,0.0030486732721328735
72,1,identity,0.03475795313715935,fc7cae8d,0.9909090399742126,110,0.002868266776204109
72,1,rot90,0.09251183271408081,fc7cae8d,0.9818181395530701,110,0.002868266776204109
72,1,rot180,0.0333116315305233,fc7cae8d,0.9909090399742126,110,0.002868266776204109
72,1,rot270,0.011063640005886555,fc7cae8d,0.9909090399742126,110,0.002868266776204109
72,1,flip_lr,0.10761702805757523,fc7cae8d,0.9636363387107849,110,0.002868266776204109
72,1,flip_ud,0.1329181045293808,fc7cae8d,0.9636363387107849,110,0.002868266776204109
72,1,transpose,0.07432963699102402,fc7cae8d,0.9909090399742126,110,0.002868266776204109
72,1,anti_transpose,0.08115293085575104,fc7cae8d,0.9727272391319275,110,0.002868266776204109
0,2,identity,0.07943467795848846,fc7cae8d,1.0,30,
0,2,rot90,0.2777293622493744,fc7cae8d,0.8666667342185974,30,
0,2,rot180,0.33229967951774597,fc7cae8d,0.9333333969116211,30,
0,2,rot270,0.2529520094394684,fc7cae8d,0.9000000357627869,30,
0,2,flip_lr,0.18896716833114624,fc7cae8d,0.9333333969116211,30,
0,2,flip_ud,0.209187313914299,fc7cae8d,0.9333333969116211,30,
0,2,transpose,0.18800947070121765,fc7cae8d,0.9333333969116211,30,
0,2,anti_transpose,0.21619513630867004,fc7cae8d,0.9333333969116211,30,
12,2,identity,0.01852484792470932,fc7cae8d,1.0,30,0.02494834177196026
12,2,rot90,0.3378303647041321,fc7cae8d,0.9333333969116211,30,0.02494834177196026
12,2,rot180,0.11547163873910904,fc7cae8d,0.9333333969116211,30,0.02494834177196026
12,2,rot270,0.15291091799736023,fc7cae8d,0.9000000357627869,30,0.02494834177196026
12,2,flip_lr,0.22128722071647644,fc7cae8d,0.9333333969116211,30,0.02494834177196026
12,2,flip_ud,0.02446983940899372,fc7cae8d,1.0,30,0.02494834177196026
12,2,transpose,0.06849898397922516,fc7cae8d,0.9666666984558105,30,0.02494834177196026
12,2,anti_transpose,0.06076850742101669,fc7cae8d,0.9666666984558105,30,0.02494834177196026
24,2,identity,0.037873975932598114,fc7cae8d,0.9666666984558105,30,0.03492288663983345
24,2,rot90,0.4092615842819214,fc7cae8d,0.8666667342185974,30,0.03492288663983345
24,2,rot180,0.1238698959350586,fc7cae8d,0.9333333969116211,30,0.03492288663983345
24,2,rot270,0.035559333860874176,fc7cae8d,1.0,30,0.03492288663983345
24,2,flip_lr,0.28909388184547424,fc7cae8d,0.9000000357627869,30,0.03492288663983345
24,2,flip_ud,0.021482467651367188,fc7cae8d,1.0,30,0.03492288663983345
24,2,transpose,0.04923949018120766,fc7cae8d,0.9666666984558105,30,0.03492288663983345
24,2,anti_transpose,0.15252338349819183,fc7cae8d,0.9666666984558105,30,0.03492288663983345
48,2,identity,0.04214147478342056,fc7cae8d,0.9666666984558105,30,0.000884309527464211
48,2,rot90,0.24062205851078033,fc7cae8d,0.9333333969116211,30,0.000884309527464211
48,2,rot180,0.056508373469114304,fc7cae8d,1.0,30,0.000884309527464211
48,2,rot270,0.039066363126039505,fc7cae8d,1.0,30,0.000884309527464211
48,2,flip_lr,0.138672336935997,fc7cae8d,0.9333333969116211,30,0.000884309527464211
48,2,flip_ud,0.032029684633016586,fc7cae8d,1.0,30,0.000884309527464211
48,2,transpose,0.025257496163249016,fc7cae8d,1.0,30,0.000884309527464211
48,2,anti_transpose,0.05870480835437775,fc7cae8d,0.9666666984558105,30,0.000884309527464211
72,2,identity,0.054432544857263565,fc7cae8d,0.9666666984558105,30,0.00036971436929889023
72,2,rot90,0.2883414030075073,fc7cae8d,0.9000000357627869,30,0.00036971436929889023
72,2,rot180,0.04082731902599335,fc7cae8d,1.0,30,0.00036971436929889023
72,2,rot270,0.030269892886281013,fc7cae8d,1.0,30,0.00036971436929889023
72,2,flip_lr,0.1473059058189392,fc7cae8d,0.9333333969116211,30,0.00036971436929889023
72,2,flip_ud,0.013964325189590454,fc7cae8d,1.0,30,0.00036971436929889023
72,2,transpose,0.020462241023778915,fc7cae8d,1.0,30,0.00036971436929889023
72,2,anti_transpose,0.05253537744283676,fc7cae8d,0.9666666984558105,30,0.00036971436929889023
0,0,identity,0.010412373580038548,a47bf94d,0.9960474967956543,506,
0,0,rot90,0.010211428627371788,a47bf94d,0.9960474967956543,506,
0,0,rot180,0.01719294674694538,a47bf94d,0.9940711855888367,506,
0,0,rot270,0.01253915298730135,a47bf94d,0.9960474967956543,506,
0,0,flip_lr,0.016066038981080055,a47bf94d,0.9960474967956543,506,
0,0,flip_ud,0.014825049787759781,a47bf94d,0.9960474967956543,506,
0,0,transpose,0.007424072828143835,a47bf94d,0.9960474967956543,506,
0,0,anti_transpose,0.01464908942580223,a47bf94d,0.9960474967956543,506,
12,0,identity,0.007983289659023285,a47bf94d,0.9960474967956543,506,0.025305436924099922
12,0,rot90,0.0074165938422083855,a47bf94d,1.0,506,0.025305436924099922
12,0,rot180,0.015357181429862976,a47bf94d,0.9940711855888367,506,0.025305436924099922
12,0,rot270,0.011001307517290115,a47bf94d,0.9960474967956543,506,0.025305436924099922
12,0,flip_lr,0.0132403913885355,a47bf94d,0.9940711855888367,506,0.025305436924099922
12,0,flip_ud,0.013004741631448269,a47bf94d,0.9940711855888367,506,0.025305436924099922
12,0,transpose,0.006177342496812344,a47bf94d,0.9980237483978271,506,0.025305436924099922
12,0,anti_transpose,0.017845608294010162,a47bf94d,0.9940711855888367,506,0.025305436924099922
24,0,identity,0.006091931369155645,a47bf94d,0.9960474967956543,506,0.010805496945977211
24,0,rot90,0.006187500432133675,a47bf94d,0.9980237483978271,506,0.010805496945977211
24,0,rot180,0.020955152809619904,a47bf94d,0.9960474967956543,506,0.010805496945977211
24,0,rot270,0.011991958133876324,a47bf94d,0.9960474967956543,506,0.010805496945977211
24,0,flip_lr,0.010026288218796253,a47bf94d,0.9940711855888367,506,0.010805496945977211
24,0,flip_ud,0.011004537343978882,a47bf94d,0.9960474967956543,506,0.010805496945977211
24,0,transpose,0.005310773849487305,a47bf94d,0.9980237483978271,506,0.010805496945977211
24,0,anti_transpose,0.01757151260972023,a47bf94d,0.9940711855888367,506,0.010805496945977211
48,0,identity,0.012720801867544651,a47bf94d,0.9940711855888367,506,0.003350976388901472
48,0,rot90,0.006030999589711428,a47bf94d,0.9980237483978271,506,0.003350976388901472
48,0,rot180,0.01117735356092453,a47bf94d,0.9980237483978271,506,0.003350976388901472
48,0,rot270,0.02509753592312336,a47bf94d,0.9960474967956543,506,0.003350976388901472
48,0,flip_lr,0.008172503672540188,a47bf94d,0.9960474967956543,506,0.003350976388901472
48,0,flip_ud,0.009480527602136135,a47bf94d,0.9960474967956543,506,0.003350976388901472
48,0,transpose,0.004691131412982941,a47bf94d,0.9980237483978271,506,0.003350976388901472
48,0,anti_transpose,0.026699170470237732,a47bf94d,0.9960474967956543,506,0.003350976388901472
72,0,identity,0.007627192884683609,a47bf94d,0.9940711855888367,506,0.004880627151578665
72,0,rot90,0.005546380300074816,a47bf94d,0.9980237483978271,506,0.004880627151578665
72,0,rot180,0.014794761314988136,a47bf94d,0.9980237483978271,506,0.004880627151578665
72,0,rot270,0.02064412459731102,a47bf94d,0.9940711855888367,506,0.004880627151578665
72,0,flip_lr,0.008370443247258663,a47bf94d,0.9960474967956543,506,0.004880627151578665
72,0,flip_ud,0.005569529719650745,a47bf94d,0.9960474967956543,506,0.004880627151578665
72,0,transpose,0.0029182552825659513,a47bf94d,0.9980237483978271,506,0.004880627151578665
72,0,anti_transpose,0.016846230253577232,a47bf94d,0.9960474967956543,506,0.004880627151578665
0,1,identity,0.011630709283053875,a47bf94d,0.9954233169555664,437,
0,1,rot90,0.011711489409208298,a47bf94d,0.9954544901847839,440,
0,1,rot180,0.017486995086073875,a47bf94d,0.9931349754333496,437,
0,1,rot270,0.019725648686289787,a47bf94d,0.9954544901847839,440,
0,1,flip_lr,0.01323255430907011,a47bf94d,0.9931349754333496,437,
0,1,flip_ud,0.013502637855708599,a47bf94d,0.9931349754333496,437,
0,1,transpose,0.011931313201785088,a47bf94d,0.9977272152900696,440,
0,1,anti_transpose,0.02003900334239006,a47bf94d,0.9954544901847839,440,
12,1,identity,0.013198754750192165,a47bf94d,0.9954233169555664,437,0.01393214799463749
12,1,rot90,0.015492819249629974,a47bf94d,0.9954544901847839,440,0.01393214799463749
12,1,rot180,0.02881215512752533,a47bf94d,0.9931349754333496,437,0.01393214799463749
12,1,rot270,0.02746449038386345,a47bf94d,0.9977272152900696,440,0.01393214799463749
12,1,flip_lr,0.01825753226876259,a47bf94d,0.9931349754333496,437,0.01393214799463749
12,1,flip_ud,0.021814774721860886,a47bf94d,0.9954233169555664,437,0.01393214799463749
12,1,transpose,0.010753431357443333,a47bf94d,0.9954544901847839,440,0.01393214799463749
12,1,anti_transpose,0.025503989309072495,a47bf94d,0.9954544901847839,440,0.01393214799463749
24,1,identity,0.013927054591476917,a47bf94d,0.9954233169555664,437,0.006771361455321312
24,1,rot90,0.02370459958910942,a47bf94d,0.9931817650794983,440,0.006771361455321312
24,1,rot180,0.04502173885703087,a47bf94d,0.9954233169555664,437,0.006771361455321312
24,1,rot270,0.026912376284599304,a47bf94d,0.9954544901847839,440,0.006771361455321312
24,1,flip_lr,0.020677044987678528,a47bf94d,0.9954233169555664,437,0.006771361455321312
24,1,flip_ud,0.03400333970785141,a47bf94d,0.9954233169555664,437,0.006771361455321312
24,1,transpose,0.026170557364821434,a47bf94d,0.9931817650794983,440,0.006771361455321312
24,1,anti_transpose,0.026136212050914764,a47bf94d,0.9954544901847839,440,0.006771361455321312
48,1,identity,0.01591128297150135,a47bf94d,0.9977115988731384,437,0.0004792776016984135
48,1,rot90,0.027184637263417244,a47bf94d,0.9931817650794983,440,0.0004792776016984135
48,1,rot180,0.05209088698029518,a47bf94d,0.9931349754333496,437,0.0004792776016984135
48,1,rot270,0.03411383554339409,a47bf94d,0.9954544901847839,440,0.0004792776016984135
48,1,flip_lr,0.030162518844008446,a47bf94d,0.9931349754333496,437,0.0004792776016984135
48,1,flip_ud,0.04278239235281944,a47bf94d,0.9954233169555664,437,0.0004792776016984135
48,1,transpose,0.028389591723680496,a47bf94d,0.9931817650794983,440,0.0004792776016984135
48,1,anti_transpose,0.02980731800198555,a47bf94d,0.9954544901847839,440,0.0004792776016984135
72,1,identity,0.025484273210167885,a47bf94d,0.9954233169555664,437,0.0002234427083749324
72,1,rot90,0.038400016725063324,a47bf94d,0.9931817650794983,440,0.0002234427083749324
72,1,rot180,0.06539687514305115,a47bf94d,0.9931349754333496,437,0.0002234427083749324
72,1,rot270,0.04588349908590317,a47bf94d,0.9931817650794983,440,0.0002234427083749324
72,1,flip_lr,0.053974490612745285,a47bf94d,0.9931349754333496,437,0.0002234427083749324
72,1,flip_ud,0.0518120601773262,a47bf94d,0.9954233169555664,437,0.0002234427083749324
72,1,transpose,0.04012051224708557,a47bf94d,0.9931817650794983,440,0.0002234427083749324
72,1,anti_transpose,0.037055570632219315,a47bf94d,0.9954544901847839,440,0.0002234427083749324
0,2,identity,0.020593799650669098,a47bf94d,0.9940711855888367,506,
0,2,rot90,0.014523947611451149,a47bf94d,0.9960474967956543,506,
0,2,rot180,0.025447160005569458,a47bf94d,0.9940711855888367,506,
0,2,rot270,0.014694162644445896,a47bf94d,0.9940711855888367,506,
0,2,flip_lr,0.017143219709396362,a47bf94d,0.9940711855888367,506,
0,2,flip_ud,0.02477448433637619,a47bf94d,0.992094874382019,506,
0,2,transpose,0.01683170348405838,a47bf94d,0.9940711855888367,506,
0,2,anti_transpose,0.01529389712959528,a47bf94d,0.9940711855888367,506,
12,2,identity,0.013332067988812923,a47bf94d,0.9960474967956543,506,0.015297404490411282
12,2,rot90,0.014803726226091385,a47bf94d,0.9960474967956543,506,0.015297404490411282
12,2,rot180,0.016105690971016884,a47bf94d,0.9940711855888367,506,0.015297404490411282
12,2,rot270,0.01840304210782051,a47bf94d,0.992094874382019,506,0.015297404490411282
12,2,flip_lr,0.011526214890182018,a47bf94d,0.9960474967956543,506,0.015297404490411282
12,2,flip_ud,0.018650399520993233,a47bf94d,0.9940711855888367,506,0.015297404490411282
12,2,transpose,0.01805487833917141,a47bf94d,0.992094874382019,506,0.015297404490411282
12,2,anti_transpose,0.016754835844039917,a47bf94d,0.9960474967956543,506,0.015297404490411282
24,2,identity,0.018914785236120224,a47bf94d,0.9940711855888367,506,0.0031468032393604517
24,2,rot90,0.03330554440617561,a47bf94d,0.9960474967956543,506,0.0031468032393604517
24,2,rot180,0.015335052274167538,a47bf94d,0.992094874382019,506,0.0031468032393604517
24,2,rot270,0.020405659452080727,a47bf94d,0.9940711855888367,506,0.0031468032393604517
24,2,flip_lr,0.021261949092149734,a47bf94d,0.9940711855888367,506,0.0031468032393604517
24,2,flip_ud,0.032842230051755905,a47bf94d,0.9901186227798462,506,0.0031468032393604517
24,2,transpose,0.04327080026268959,a47bf94d,0.9940711855888367,506,0.0031468032393604517
24,2,anti_transpose,0.05276356264948845,a47bf94d,0.9940711855888367,506,0.0031468032393604517
48,2,identity,0.021372944116592407,a47bf94d,0.9960474967956543,506,0.0019223409472033381
48,2,rot90,0.024061055853962898,a47bf94d,0.9960474967956543,506,0.0019223409472033381
48,2,rot180,0.025034938007593155,a47bf94d,0.9940711855888367,506,0.0019223409472033381
48,2,rot270,0.02615305222570896,a47bf94d,0.992094874382019,506,0.0019223409472033381
48,2,flip_lr,0.028981009498238564,a47bf94d,0.992094874382019,506,0.0019223409472033381
48,2,flip_ud,0.025685228407382965,a47bf94d,0.9901186227798462,506,0.0019223409472033381
48,2,transpose,0.023509010672569275,a47bf94d,0.9940711855888367,506,0.0019223409472033381
48,2,anti_transpose,0.03637763857841492,a47bf94d,0.992094874382019,506,0.0019223409472033381
72,2,identity,0.03019670583307743,a47bf94d,0.9940711855888367,506,0.0021944274194538593
72,2,rot90,0.024133512750267982,a47bf94d,0.9960474967956543,506,0.0021944274194538593
72,2,rot180,0.026427380740642548,a47bf94d,0.9960474967956543,506,0.0021944274194538593
72,2,rot270,0.03362910449504852,a47bf94d,0.9940711855888367,506,0.0021944274194538593
72,2,flip_lr,0.03352633863687515,a47bf94d,0.992094874382019,506,0.0021944274194538593
72,2,flip_ud,0.024907415732741356,a47bf94d,0.992094874382019,506,0.0021944274194538593
72,2,transpose,0.028073253110051155,a47bf94d,0.9940711855888367,506,0.0021944274194538593
72,2,anti_transpose,0.04074205085635185,a47bf94d,0.9940711855888367,506,0.0021944274194538593
0,0,identity,0.011696035042405128,6e453dd6,0.9963235259056091,272,
0,0,rot90,0.003156689228489995,6e453dd6,1.0,272,
0,0,rot180,0.0045035830698907375,6e453dd6,1.0,272,
0,0,rot270,0.012383944354951382,6e453dd6,0.9963235259056091,272,
0,0,flip_lr,0.006481547374278307,6e453dd6,1.0,272,
0,0,flip_ud,0.0057187206111848354,6e453dd6,1.0,272,
0,0,transpose,0.025310346856713295,6e453dd6,0.9926470518112183,272,
0,0,anti_transpose,0.0033175095450133085,6e453dd6,1.0,272,
12,0,identity,0.0012449522037059069,6e453dd6,1.0,272,0.019940780475735664
12,0,rot90,0.0011008488945662975,6e453dd6,1.0,272,0.019940780475735664
12,0,rot180,0.0026475393678992987,6e453dd6,1.0,272,0.019940780475735664
12,0,rot270,0.019237391650676727,6e453dd6,0.9852941036224365,272,0.019940780475735664
12,0,flip_lr,0.0020561248529702425,6e453dd6,1.0,272,0.019940780475735664
12,0,flip_ud,0.0017620346043258905,6e453dd6,1.0,272,0.019940780475735664
12,0,transpose,0.009044434875249863,6e453dd6,1.0,272,0.019940780475735664
12,0,anti_transpose,0.0006551023689098656,6e453dd6,1.0,272,0.019940780475735664
24,0,identity,0.0006580062326975167,6e453dd6,1.0,272,0.02928571030497551
24,0,rot90,0.0002045280853053555,6e453dd6,1.0,272,0.02928571030497551
24,0,rot180,0.0001281943405047059,6e453dd6,1.0,272,0.02928571030497551
24,0,rot270,0.025194494053721428,6e453dd6,0.9852941036224365,272,0.02928571030497551
24,0,flip_lr,0.0008343592053279281,6e453dd6,1.0,272,0.02928571030497551
24,0,flip_ud,0.001997038722038269,6e453dd6,1.0,272,0.02928571030497551
24,0,transpose,0.008053557947278023,6e453dd6,0.9926470518112183,272,0.02928571030497551
24,0,anti_transpose,0.00012088286166545004,6e453dd6,1.0,272,0.02928571030497551
48,0,identity,0.00041155394865199924,6e453dd6,1.0,272,0.007172295358031988
48,0,rot90,0.0002648448571562767,6e453dd6,1.0,272,0.007172295358031988
48,0,rot180,3.336578083690256e-05,6e453dd6,1.0,272,0.007172295358031988
48,0,rot270,0.007899545133113861,6e453dd6,0.9963235259056091,272,0.007172295358031988
48,0,flip_lr,0.0026891431771218777,6e453dd6,1.0,272,0.007172295358031988
48,0,flip_ud,0.00116308918222785,6e453dd6,1.0,272,0.007172295358031988
48,0,transpose,0.009943499229848385,6e453dd6,1.0,272,0.007172295358031988
48,0,anti_transpose,0.0003468968498054892,6e453dd6,1.0,272,0.007172295358031988
72,0,identity,0.00041683955350890756,6e453dd6,1.0,272,0.0025658076629042625
72,0,rot90,0.0003596530295908451,6e453dd6,1.0,272,0.0025658076629042625
72,0,rot180,2.539582783356309e-05,6e453dd6,1.0,272,0.0025658076629042625
72,0,rot270,0.01678444631397724,6e453dd6,0.9889705777168274,272,0.0025658076629042625
72,0,flip_lr,0.005438527557998896,6e453dd6,0.9963235259056091,272,0.0025658076629042625
72,0,flip_ud,0.0012950872769579291,6e453dd6,1.0,272,0.0025658076629042625
72,0,transpose,0.02483646757900715,6e453dd6,0.9889705777168274,272,0.0025658076629042625
72,0,anti_transpose,0.0005153656238690019,6e453dd6,1.0,272,0.0025658076629042625
0,1,identity,0.01573249325156212,6e453dd6,0.9943181872367859,176,
0,1,rot90,0.01653251424431801,6e453dd6,0.9941176772117615,170,
0,1,rot180,0.002947562839835882,6e453dd6,1.0,176,
0,1,rot270,0.011444118805229664,6e453dd6,0.9941176772117615,170,
0,1,flip_lr,0.012455496937036514,6e453dd6,0.9943181872367859,176,
0,1,flip_ud,0.0027840151451528072,6e453dd6,1.0,176,
0,1,transpose,0.03022221475839615,6e453dd6,0.9941176772117615,170,
0,1,anti_transpose,0.0031687417067587376,6e453dd6,1.0,170,
12,1,identity,0.03182296082377434,6e453dd6,0.9943181872367859,176,0.03590795397758484
12,1,rot90,0.010195892304182053,6e453dd6,0.9941176772117615,170,0.03590795397758484
12,1,rot180,0.0018882829463109374,6e453dd6,1.0,176,0.03590795397758484
12,1,rot270,0.0009975298307836056,6e453dd6,1.0,170,0.03590795397758484
12,1,flip_lr,0.011959889903664589,6e453dd6,0.9943181872367859,176,0.03590795397758484
12,1,flip_ud,0.00417174119502306,6e453dd6,0.9943181872367859,176,0.03590795397758484
12,1,transpose,0.003668159246444702,6e453dd6,1.0,170,0.03590795397758484
12,1,anti_transpose,0.01541196834295988,6e453dd6,0.9941176772117615,170,0.03590795397758484
24,1,identity,0.05122934281826019,6e453dd6,0.9943181872367859,176,0.005287899170070887
24,1,rot90,0.005734127946197987,6e453dd6,0.9941176772117615,170,0.005287899170070887
24,1,rot180,0.0027146555949002504,6e453dd6,1.0,176,0.005287899170070887
24,1,rot270,0.004229441750794649,6e453dd6,0.9941176772117615,170,0.005287899170070887
24,1,flip_lr,0.006383292376995087,6e453dd6,0.9943181872367859,176,0.005287899170070887
24,1,flip_ud,0.0012261811643838882,6e453dd6,1.0,176,0.005287899170070887
24,1,transpose,1.7705186110106297e-05,6e453dd6,1.0,170,0.005287899170070887
24,1,anti_transpose,0.012601524591445923,6e453dd6,0.9941176772117615,170,0.005287899170070887
48,1,identity,0.023182349279522896,6e453dd6,0.9886363744735718,176,0.006409613881260157
48,1,rot90,0.010476251132786274,6e453dd6,0.9941176772117615,170,0.006409613881260157
48,1,rot180,0.00034367741318419576,6e453dd6,1.0,176,0.006409613881260157
48,1,rot270,0.0041443356312811375,6e453dd6,1.0,170,0.006409613881260157
48,1,flip_lr,0.023480528965592384,6e453dd6,0.9943181872367859,176,0.006409613881260157
48,1,flip_ud,4.442477074917406e-05,6e453dd6,1.0,176,0.006409613881260157
48,1,transpose,0.006976530887186527,6e453dd6,0.9941176772117615,170,0.006409613881260157
48,1,anti_transpose,0.0029592744540423155,6e453dd6,1.0,170,0.006409613881260157
72,1,identity,0.031507253646850586,6e453dd6,0.9943181872367859,176,0.0012555005960166454
72,1,rot90,0.010160844773054123,6e453dd6,0.9941176772117615,170,0.0012555005960166454
72,1,rot180,0.000124577505630441,6e453dd6,1.0,176,0.0012555005960166454
72,1,rot270,0.005628437735140324,6e453dd6,1.0,170,0.0012555005960166454
72,1,flip_lr,0.028696982190012932,6e453dd6,0.9943181872367859,176,0.0012555005960166454
72,1,flip_ud,7.460977485607145e-06,6e453dd6,1.0,176,0.0012555005960166454
72,1,transpose,0.0074228025041520596,6e453dd6,1.0,170,0.0012555005960166454
72,1,anti_transpose,0.005819444078952074,6e453dd6,0.9941176772117615,170,0.0012555005960166454
0,2,identity,0.0031845460180193186,6e453dd6,0.9999999403953552,220,
0,2,rot90,0.0002680338511709124,6e453dd6,1.0,210,
0,2,rot180,0.0008177086710929871,6e453dd6,0.9999999403953552,220,
0,2,rot270,0.015365751460194588,6e453dd6,0.9952381253242493,210,
0,2,flip_lr,0.0023167249746620655,6e453dd6,0.9999999403953552,220,
0,2,flip_ud,0.001252792659215629,6e453dd6,0.9999999403953552,220,
0,2,transpose,0.015441488474607468,6e453dd6,0.9952381253242493,210,
0,2,anti_transpose,0.0002577807754278183,6e453dd6,1.0,210,
12,2,identity,1.7319262042292394e-05,6e453dd6,0.9999999403953552,220,0.04192696139216423
12,2,rot90,8.922875713324174e-05,6e453dd6,1.0,210,0.04192696139216423
12,2,rot180,4.46842113888124e-06,6e453dd6,0.9999999403953552,220,0.04192696139216423
12,2,rot270,0.0001497361226938665,6e453dd6,1.0,210,0.04192696139216423
12,2,flip_lr,0.00038373685674741864,6e453dd6,0.9999999403953552,220,0.04192696139216423
12,2,flip_ud,8.137400072882883e-06,6e453dd6,0.9999999403953552,220,0.04192696139216423
12,2,transpose,0.00016281228454317898,6e453dd6,1.0,210,0.04192696139216423
12,2,anti_transpose,0.00023411431175190955,6e453dd6,1.0,210,0.04192696139216423
24,2,identity,4.555545274342876e-06,6e453dd6,0.9999999403953552,220,0.031357865780591965
24,2,rot90,6.6416409936209675e-06,6e453dd6,1.0,210,0.031357865780591965
24,2,rot180,9.032305570144672e-07,6e453dd6,0.9999999403953552,220,0.031357865780591965
24,2,rot270,0.03582843020558357,6e453dd6,0.9952381253242493,210,0.031357865780591965
24,2,flip_lr,5.667658115271479e-06,6e453dd6,0.9999999403953552,220,0.031357865780591965
24,2,flip_ud,3.1659126307204133e-06,6e453dd6,0.9999999403953552,220,0.031357865780591965
24,2,transpose,0.01258725393563509,6e453dd6,0.9952381253242493,210,0.031357865780591965
24,2,anti_transpose,3.7915410757705104e-06,6e453dd6,1.0,210,0.031357865780591965
48,2,identity,0.00015392008936032653,6e453dd6,0.9999999403953552,220,0.0074072652496397495
48,2,rot90,0.0034731081686913967,6e453dd6,1.0,210,0.0074072652496397495
48,2,rot180,0.00016141575179062784,6e453dd6,0.9999999403953552,220,0.0074072652496397495
48,2,rot270,0.007055787835270166,6e453dd6,0.9952381253242493,210,0.0074072652496397495
48,2,flip_lr,0.000429759849794209,6e453dd6,0.9999999403953552,220,0.0074072652496397495
48,2,flip_ud,0.00025941123021766543,6e453dd6,0.9999999403953552,220,0.0074072652496397495
48,2,transpose,0.012522541917860508,6e453dd6,0.9952381253242493,210,0.0074072652496397495
48,2,anti_transpose,0.001960485242307186,6e453dd6,1.0,210,0.0074072652496397495
72,2,identity,1.3818034858559258e-05,6e453dd6,0.9999999403953552,220,0.0022512078285217285
72,2,rot90,0.00024303302052430809,6e453dd6,1.0,210,0.0022512078285217285
72,2,rot180,1.7815042156144045e-05,6e453dd6,0.9999999403953552,220,0.0022512078285217285
72,2,rot270,0.004071860108524561,6e453dd6,1.0,210,0.0022512078285217285
72,2,flip_lr,3.953980194637552e-05,6e453dd6,0.9999999403953552,220,0.0022512078285217285
72,2,flip_ud,9.89549243968213e-06,6e453dd6,0.9999999403953552,220,0.0022512078285217285
72,2,transpose,0.011013652198016644,6e453dd6,0.9904762506484985,210,0.0022512078285217285
72,2,anti_transpose,0.0006798043032176793,6e453dd6,1.0,210,0.0022512078285217285
0,0,identity,0.07866271585226059,5545f144,0.9666666984558105,90,
0,0,rot90,0.07202709466218948,5545f144,0.9772727489471436,88,
0,0,rot180,0.08715777099132538,5545f144,0.9555555582046509,90,
0,0,rot270,0.029612373560667038,5545f144,0.9886363744735718,88,
0,0,flip_lr,0.08781663328409195,5545f144,0.9666666984558105,90,
0,0,flip_ud,0.09205078333616257,5545f144,0.9777777791023254,90,
0,0,transpose,0.10592424869537354,5545f144,0.9772727489471436,88,
0,0,anti_transpose,0.06683604419231415,5545f144,0.9772727489471436,88,
12,0,identity,0.06746209412813187,5545f144,0.9666666984558105,90,0.06367389857769012
12,0,rot90,0.04048944264650345,5545f144,0.9772727489471436,88,0.06367389857769012
12,0,rot180,0.029457680881023407,5545f144,1.0,90,0.06367389857769012
12,0,rot270,0.021244142204523087,5545f144,0.9886363744735718,88,0.06367389857769012
12,0,flip_lr,0.05534662678837776,5545f144,0.9777777791023254,90,0.06367389857769012
12,0,flip_ud,0.0675906389951706,5545f144,0.9777777791023254,90,0.06367389857769012
12,0,transpose,0.07855573296546936,5545f144,0.9772727489471436,88,0.06367389857769012
12,0,anti_transpose,0.0400523878633976,5545f144,0.9886363744735718,88,0.06367389857769012
24,0,identity,0.023912422358989716,5545f144,0.9888889193534851,90,0.004595018923282623
24,0,rot90,0.054651204496622086,5545f144,0.9772727489471436,88,0.004595018923282623
24,0,rot180,0.0749567374587059,5545f144,0.9666666984558105,90,0.004595018923282623
24,0,rot270,0.01863914541900158,5545f144,0.9886363744735718,88,0.004595018923282623
24,0,flip_lr,0.05418156459927559,5545f144,0.9777777791023254,90,0.004595018923282623
24,0,flip_ud,0.11579661816358566,5545f144,0.9555555582046509,90,0.004595018923282623
24,0,transpose,0.03995132818818092,5545f144,0.9772727489471436,88,0.004595018923282623
24,0,anti_transpose,0.09421411156654358,5545f144,0.9659091234207153,88,0.004595018923282623
48,0,identity,0.03142552450299263,5545f144,0.9777777791023254,90,0.0001838792086346075
48,0,rot90,0.06603696197271347,5545f144,0.9772727489471436,88,0.0001838792086346075
48,0,rot180,0.08564997464418411,5545f144,0.9888889193534851,90,0.0001838792086346075
48,0,rot270,0.011693897657096386,5545f144,0.9886363744735718,88,0.0001838792086346075
48,0,flip_lr,0.06983945518732071,5545f144,0.9777777791023254,90,0.0001838792086346075
48,0,flip_ud,0.09751209616661072,5545f144,0.9777777791023254,90,0.0001838792086346075
48,0,transpose,0.0565183162689209,5545f144,0.9772727489471436,88,0.0001838792086346075
48,0,anti_transpose,0.05473635345697403,5545f144,0.9886363744735718,88,0.0001838792086346075
72,0,identity,0.060864534229040146,5545f144,0.9777777791023254,90,2.1520650989259593e-05
72,0,rot90,0.03573327139019966,5545f144,0.9886363744735718,88,2.1520650989259593e-05
72,0,rot180,0.11010614037513733,5545f144,0.9888889193534851,90,2.1520650989259593e-05
72,0,rot270,0.011080693453550339,5545f144,0.9886363744735718,88,2.1520650989259593e-05
72,0,flip_lr,0.08234245330095291,5545f144,0.9777777791023254,90,2.1520650989259593e-05
72,0,flip_ud,0.1190604716539383,5545f144,0.9777777791023254,90,2.1520650989259593e-05
72,0,transpose,0.10622592270374298,5545f144,0.9772727489471436,88,2.1520650989259593e-05
72,0,anti_transpose,0.020217886194586754,5545f144,0.9886363744735718,88,2.1520650989259593e-05
0,1,identity,0.08897621184587479,5545f144,0.9464285969734192,56,
0,1,rot90,0.06697065383195877,5545f144,0.9814814925193787,54,
0,1,rot180,0.1351080685853958,5545f144,0.9464285969734192,56,
0,1,rot270,0.08399424701929092,5545f144,0.9814814925193787,54,
0,1,flip_lr,0.12160827219486237,5545f144,0.9464285969734192,56,
0,1,flip_ud,0.10143353790044785,5545f144,0.9642857313156128,56,
0,1,transpose,0.10832443088293076,5545f144,0.944444477558136,54,
0,1,anti_transpose,0.06853839010000229,5545f144,0.9629629850387573,54,
12,1,identity,0.10177693516016006,5545f144,0.9821429252624512,56,0.07298438251018524
12,1,rot90,0.0599825456738472,5545f144,0.9629629850387573,54,0.07298438251018524
12,1,rot180,0.12637315690517426,5545f144,0.9642857313156128,56,0.07298438251018524
12,1,rot270,0.050956182181835175,5545f144,0.9814814925193787,54,0.07298438251018524
12,1,flip_lr,0.08352774381637573,5545f144,0.9821429252624512,56,0.07298438251018524
12,1,flip_ud,0.12631845474243164,5545f144,0.9642857313156128,56,0.07298438251018524
12,1,transpose,0.11137854307889938,5545f144,0.9814814925193787,54,0.07298438251018524
12,1,anti_transpose,0.09491603821516037,5545f144,0.9629629850387573,54,0.07298438251018524
24,1,identity,0.02516338787972927,5545f144,0.9821429252624512,56,0.017576389014720917
24,1,rot90,0.09273838251829147,5545f144,0.9814814925193787,54,0.017576389014720917
24,1,rot180,0.19260834157466888,5545f144,0.9642857313156128,56,0.017576389014720917
24,1,rot270,0.13209384679794312,5545f144,0.9814814925193787,54,0.017576389014720917
24,1,flip_lr,0.0644807294011116,5545f144,0.9642857313156128,56,0.017576389014720917
24,1,flip_ud,0.22627493739128113,5545f144,0.9464285969734192,56,0.017576389014720917
24,1,transpose,0.09064192324876785,5545f144,0.9814814925193787,54,0.017576389014720917
24,1,anti_transpose,0.18143479526042938,5545f144,0.9814814925193787,54,0.017576389014720917
48,1,identity,0.053557805716991425,5545f144,0.9642857313156128,56,0.002053129021078348
48,1,rot90,0.10269797593355179,5545f144,0.9814814925193787,54,0.002053129021078348
48,1,rot180,0.18839584290981293,5545f144,0.9642857313156128,56,0.002053129021078348
48,1,rot270,0.15745627880096436,5545f144,0.9629629850387573,54,0.002053129021078348
48,1,flip_lr,0.0704774335026741,5545f144,0.9642857313156128,56,0.002053129021078348
48,1,flip_ud,0.22160294651985168,5545f144,0.9821429252624512,56,0.002053129021078348
48,1,transpose,0.08331244438886642,5545f144,0.9629629850387573,54,0.002053129021078348
48,1,anti_transpose,0.1584119200706482,5545f144,0.9814814925193787,54,0.002053129021078348
72,1,identity,0.06241409853100777,5545f144,0.9642857313156128,56,0.00017834485333878547
72,1,rot90,0.08273669332265854,5545f144,0.9814814925193787,54,0.00017834485333878547
72,1,rot180,0.16092760860919952,5545f144,0.9821429252624512,56,0.00017834485333878547
72,1,rot270,0.15465183556079865,5545f144,0.9814814925193787,54,0.00017834485333878547
72,1,flip_lr,0.016485139727592468,5545f144,0.9821429252624512,56,0.00017834485333878547
72,1,flip_ud,0.20602509379386902,5545f144,0.9821429252624512,56,0.00017834485333878547
72,1,transpose,0.0236139427870512,5545f144,1.0,54,0.00017834485333878547
72,1,anti_transpose,0.1587071418762207,5545f144,0.9814814925193787,54,0.00017834485333878547
0,2,identity,0.06185780465602875,5545f144,0.9807692170143127,156,
0,2,rot90,0.08967544138431549,5545f144,0.9615384936332703,156,
0,2,rot180,0.08311009407043457,5545f144,0.9807692170143127,156,
0,2,rot270,0.09720101207494736,5545f144,0.9807692170143127,156,
0,2,flip_lr,0.0560554675757885,5545f144,0.9743589758872986,156,
0,2,flip_ud,0.08346381783485413,5545f144,0.9807692170143127,156,
0,2,transpose,0.09778240323066711,5545f144,0.9743589758872986,156,
0,2,anti_transpose,0.07401297986507416,5545f144,0.9743589758872986,156,
12,2,identity,0.05208901688456535,5545f144,0.9807692170143127,156,0.08436903357505798
12,2,rot90,0.07017561793327332,5545f144,0.9807692170143127,156,0.08436903357505798
12,2,rot180,0.06126577407121658,5545f144,0.9743589758872986,156,0.08436903357505798
12,2,rot270,0.08338500559329987,5545f144,0.9871795177459717,156,0.08436903357505798
12,2,flip_lr,0.03577212616801262,5545f144,0.9935897588729858,156,0.08436903357505798
12,2,flip_ud,0.06646997481584549,5545f144,0.9871795177459717,156,0.08436903357505798
12,2,transpose,0.08977033197879791,5545f144,0.9807692170143127,156,0.08436903357505798
12,2,anti_transpose,0.062052126973867416,5545f144,0.9871795177459717,156,0.08436903357505798
24,2,identity,0.062152910977602005,5545f144,0.9807692170143127,156,0.016589386388659477
24,2,rot90,0.09178279340267181,5545f144,0.9743589758872986,156,0.016589386388659477
24,2,rot180,0.0683317556977272,5545f144,0.9807692170143127,156,0.016589386388659477
24,2,rot270,0.10371877998113632,5545f144,0.9807692170143127,156,0.016589386388659477
24,2,flip_lr,0.03953799977898598,5545f144,0.9807692170143127,156,0.016589386388659477
24,2,flip_ud,0.11604277044534683,5545f144,0.9743589758872986,156,0.016589386388659477
24,2,transpose,0.09902966022491455,5545f144,0.9807692170143127,156,0.016589386388659477
24,2,anti_transpose,0.07805728912353516,5545f144,0.9743589758872986,156,0.016589386388659477
48,2,identity,0.07335855066776276,5545f144,0.9807692170143127,156,0.000502207491081208
48,2,rot90,0.09264133870601654,5545f144,0.9743589758872986,156,0.000502207491081208
48,2,rot180,0.06276294589042664,5545f144,0.9871795177459717,156,0.000502207491081208
48,2,rot270,0.09902730584144592,5545f144,0.9807692170143127,156,0.000502207491081208
48,2,flip_lr,0.05431199073791504,5545f144,0.9871795177459717,156,0.000502207491081208
48,2,flip_ud,0.1274651437997818,5545f144,0.9615384936332703,156,0.000502207491081208
48,2,transpose,0.10224898159503937,5545f144,0.9743589758872986,156,0.000502207491081208
48,2,anti_transpose,0.08085896074771881,5545f144,0.9615384936332703,156,0.000502207491081208
72,2,identity,0.08520621806383133,5545f144,0.9807692170143127,156,6.398763071047142e-05
72,2,rot90,0.10199186205863953,5545f144,0.9679487347602844,156,6.398763071047142e-05
72,2,rot180,0.06828553974628448,5545f144,0.9871795177459717,156,6.398763071047142e-05
72,2,rot270,0.12311891466379166,5545f144,0.9743589758872986,156,6.398763071047142e-05
72,2,flip_lr,0.06266468018293381,5545f144,0.9871795177459717,156,6.398763071047142e-05
72,2,flip_ud,0.1327977478504181,5545f144,0.9679487347602844,156,6.398763071047142e-05
72,2,transpose,0.11782999336719513,5545f144,0.9743589758872986,156,6.398763071047142e-05
72,2,anti_transpose,0.08609525114297867,5545f144,0.9743589758872986,156,6.398763071047142e-05
0,0,identity,0.12161201238632202,e12f9a14,0.9633333683013916,600,
0,0,rot90,0.1321967989206314,e12f9a14,0.9666666984558105,600,
0,0,rot180,0.11593294888734818,e12f9a14,0.96833336353302,600,
0,0,rot270,0.11911969631910324,e12f9a14,0.9666666984558105,600,
0,0,flip_lr,0.13189786672592163,e12f9a14,0.9650000333786011,600,
0,0,flip_ud,0.11015656590461731,e12f9a14,0.9616667032241821,600,
0,0,transpose,0.1279117614030838,e12f9a14,0.9650000333786011,600,
0,0,anti_transpose,0.11677738279104233,e12f9a14,0.9700000286102295,600,
12,0,identity,0.10996818542480469,e12f9a14,0.9666666984558105,600,0.03352311998605728
12,0,rot90,0.12288855016231537,e12f9a14,0.9633333683013916,600,0.03352311998605728
12,0,rot180,0.11283566802740097,e12f9a14,0.9666666984558105,600,0.03352311998605728
12,0,rot270,0.1113186627626419,e12f9a14,0.9700000286102295,600,0.03352311998605728
12,0,flip_lr,0.12516604363918304,e12f9a14,0.9600000381469727,600,0.03352311998605728
12,0,flip_ud,0.1056680828332901,e12f9a14,0.971666693687439,600,0.03352311998605728
12,0,transpose,0.11688962578773499,e12f9a14,0.9666666984558105,600,0.03352311998605728
12,0,anti_transpose,0.11065700650215149,e12f9a14,0.96833336353302,600,0.03352311998605728
24,0,identity,0.10283534228801727,e12f9a14,0.9750000238418579,600,0.015868518501520157
24,0,rot90,0.12511859834194183,e12f9a14,0.9633333683013916,600,0.015868518501520157
24,0,rot180,0.11973024904727936,e12f9a14,0.9666666984558105,600,0.015868518501520157
24,0,rot270,0.11374445259571075,e12f9a14,0.9733333587646484,600,0.015868518501520157
24,0,flip_lr,0.12312918156385422,e12f9a14,0.9633333683013916,600,0.015868518501520157
24,0,flip_ud,0.10415354371070862,e12f9a14,0.971666693687439,600,0.015868518501520157
24,0,transpose,0.12188149988651276,e12f9a14,0.9650000333786011,600,0.015868518501520157
24,0,anti_transpose,0.11819072812795639,e12f9a14,0.9633333683013916,600,0.015868518501520157
48,0,identity,0.10444044321775436,e12f9a14,0.9733333587646484,600,0.0010836991714313626
48,0,rot90,0.13143272697925568,e12f9a14,0.971666693687439,600,0.0010836991714313626
48,0,rot180,0.13696110248565674,e12f9a14,0.9666666984558105,600,0.0010836991714313626
48,0,rot270,0.12007860839366913,e12f9a14,0.9750000238418579,600,0.0010836991714313626
48,0,flip_lr,0.13460344076156616,e12f9a14,0.9633333683013916,600,0.0010836991714313626
48,0,flip_ud,0.12610319256782532,e12f9a14,0.9666666984558105,600,0.0010836991714313626
48,0,transpose,0.12105270475149155,e12f9a14,0.9733333587646484,600,0.0010836991714313626
48,0,anti_transpose,0.11747703701257706,e12f9a14,0.9666666984558105,600,0.0010836991714313626
72,0,identity,0.1045040413737297,e12f9a14,0.971666693687439,600,5.45980547030922e-05
72,0,rot90,0.14280211925506592,e12f9a14,0.9733333587646484,600,5.45980547030922e-05
72,0,rot180,0.1460924595594406,e12f9a14,0.9650000333786011,600,5.45980547030922e-05
72,0,rot270,0.13237899541854858,e12f9a14,0.971666693687439,600,5.45980547030922e-05
72,0,flip_lr,0.14377248287200928,e12f9a14,0.9650000333786011,600,5.45980547030922e-05
72,0,flip_ud,0.13001833856105804,e12f9a14,0.9650000333786011,600,5.45980547030922e-05
72,0,transpose,0.13389666378498077,e12f9a14,0.9733333587646484,600,5.45980547030922e-05
72,0,anti_transpose,0.1271582692861557,e12f9a14,0.9666666984558105,600,5.45980547030922e-05
0,1,identity,0.0049334075301885605,e12f9a14,1.0,72,
0,1,rot90,0.004530880134552717,e12f9a14,1.0,72,
0,1,rot180,0.04737665876746178,e12f9a14,0.9722222089767456,72,
0,1,rot270,0.002201677532866597,e12f9a14,1.0,72,
0,1,flip_lr,0.007199466228485107,e12f9a14,1.0,72,
0,1,flip_ud,0.009208444505929947,e12f9a14,1.0,72,
0,1,transpose,0.007358522154390812,e12f9a14,1.0,72,
0,1,anti_transpose,0.028377197682857513,e12f9a14,0.9861111044883728,72,
12,1,identity,0.002466992475092411,e12f9a14,1.0,72,0.04789024591445923
12,1,rot90,0.0035069079603999853,e12f9a14,1.0,72,0.04789024591445923
12,1,rot180,0.016177412122488022,e12f9a14,1.0,72,0.04789024591445923
12,1,rot270,0.0004180400865152478,e12f9a14,1.0,72,0.04789024591445923
12,1,flip_lr,0.003954855725169182,e12f9a14,1.0,72,0.04789024591445923
12,1,flip_ud,0.009686978533864021,e12f9a14,1.0,72,0.04789024591445923
12,1,transpose,0.001309963408857584,e12f9a14,1.0,72,0.04789024591445923
12,1,anti_transpose,0.01129284780472517,e12f9a14,1.0,72,0.04789024591445923
24,1,identity,0.002030532341450453,e12f9a14,1.0,72,0.02201838232576847
24,1,rot90,0.003997955471277237,e12f9a14,1.0,72,0.02201838232576847
24,1,rot180,0.005386869423091412,e12f9a14,1.0,72,0.02201838232576847
24,1,rot270,0.00010512654989724979,e12f9a14,1.0,72,0.02201838232576847
24,1,flip_lr,0.0037406969349831343,e12f9a14,1.0,72,0.02201838232576847
24,1,flip_ud,0.014827415347099304,e12f9a14,0.9861111044883728,72,0.02201838232576847
24,1,transpose,5.2520616009132937e-05,e12f9a14,1.0,72,0.02201838232576847
24,1,anti_transpose,0.025227569043636322,e12f9a14,0.9861111044883728,72,0.02201838232576847
48,1,identity,0.04906352609395981,e12f9a14,0.9861111044883728,72,0.008043017238378525
48,1,rot90,0.009699941612780094,e12f9a14,0.9861111044883728,72,0.008043017238378525
48,1,rot180,0.006366134155541658,e12f9a14,1.0,72,0.008043017238378525
48,1,rot270,1.553931724629365e-05,e12f9a14,1.0,72,0.008043017238378525
48,1,flip_lr,0.0001854543952504173,e12f9a14,1.0,72,0.008043017238378525
48,1,flip_ud,0.06964906305074692,e12f9a14,0.9861111044883728,72,0.008043017238378525
48,1,transpose,2.2715514660376357e-06,e12f9a14,1.0,72,0.008043017238378525
48,1,anti_transpose,0.0018046312034130096,e12f9a14,1.0,72,0.008043017238378525
72,1,identity,0.020005879923701286,e12f9a14,0.9861111044883728,72,0.002167193219065666
72,1,rot90,0.003057957161217928,e12f9a14,1.0,72,0.002167193219065666
72,1,rot180,0.14932379126548767,e12f9a14,0.9722222089767456,72,0.002167193219065666
72,1,rot270,2.930551943336468e-07,e12f9a14,1.0,72,0.002167193219065666
72,1,flip_lr,0.009662271477282047,e12f9a14,1.0,72,0.002167193219065666
72,1,flip_ud,0.09726428985595703,e12f9a14,0.9861111044883728,72,0.002167193219065666
72,1,transpose,7.878934411564842e-06,e12f9a14,1.0,72,0.002167193219065666
72,1,anti_transpose,0.03585541248321533,e12f9a14,0.9861111044883728,72,0.002167193219065666
0,2,identity,0.05396058037877083,e12f9a14,0.9880952835083008,420,
0,2,rot90,0.046562355011701584,e12f9a14,0.9904762506484985,420,
0,2,rot180,0.050308700650930405,e12f9a14,0.985714316368103,420,
0,2,rot270,0.05418381839990616,e12f9a14,0.9809524416923523,420,
0,2,flip_lr,0.056035976856946945,e12f9a14,0.9904762506484985,420,
0,2,flip_ud,0.03601503744721413,e12f9a14,0.9880952835083008,420,
0,2,transpose,0.05818521976470947,e12f9a14,0.9880952835083008,420,
0,2,anti_transpose,0.05984668806195259,e12f9a14,0.9809524416923523,420,
12,2,identity,0.0445384718477726,e12f9a14,0.9880952835083008,420,0.048862870782613754
12,2,rot90,0.03651963174343109,e12f9a14,0.9904762506484985,420,0.048862870782613754
12,2,rot180,0.03850987181067467,e12f9a14,0.9904762506484985,420,0.048862870782613754
12,2,rot270,0.03259454667568207,e12f9a14,0.9952381253242493,420,0.048862870782613754
12,2,flip_lr,0.04779227450489998,e12f9a14,0.9928571581840515,420,0.048862870782613754
12,2,flip_ud,0.02236255444586277,e12f9a14,0.9928571581840515,420,0.048862870782613754
12,2,transpose,0.045189376920461655,e12f9a14,0.9928571581840515,420,0.048862870782613754
12,2,anti_transpose,0.04029465466737747,e12f9a14,0.9904762506484985,420,0.048862870782613754
24,2,identity,0.046380333602428436,e12f9a14,0.9928571581840515,420,0.02097802609205246
24,2,rot90,0.03428316488862038,e12f9a14,0.9928571581840515,420,0.02097802609205246
24,2,rot180,0.025615425780415535,e12f9a14,0.9880952835083008,420,0.02097802609205246
24,2,rot270,0.05669480189681053,e12f9a14,0.9904762506484985,420,0.02097802609205246
24,2,flip_lr,0.046551503241062164,e12f9a14,0.9928571581840515,420,0.02097802609205246
24,2,flip_ud,0.013257140293717384,e12f9a14,0.997619092464447,420,0.02097802609205246
24,2,transpose,0.05054102838039398,e12f9a14,0.9928571581840515,420,0.02097802609205246
24,2,anti_transpose,0.02069055661559105,e12f9a14,0.9952381253242493,420,0.02097802609205246
48,2,identity,0.04463263973593712,e12f9a14,0.9928571581840515,420,0.021751755848526955
48,2,rot90,0.04717675969004631,e12f9a14,0.9928571581840515,420,0.021751755848526955
48,2,rot180,0.03931988403201103,e12f9a14,0.9928571581840515,420,0.021751755848526955
48,2,rot270,0.060001764446496964,e12f9a14,0.9928571581840515,420,0.021751755848526955
48,2,flip_lr,0.05853645130991936,e12f9a14,0.9928571581840515,420,0.021751755848526955
48,2,flip_ud,0.019114045426249504,e12f9a14,0.9928571581840515,420,0.021751755848526955
48,2,transpose,0.04610472172498703,e12f9a14,0.9928571581840515,420,0.021751755848526955
48,2,anti_transpose,0.05158489942550659,e12f9a14,0.9809524416923523,420,0.021751755848526955
72,2,identity,0.04899723082780838,e12f9a14,0.9928571581840515,420,0.0019349452340975404
72,2,rot90,0.054713357239961624,e12f9a14,0.9880952835083008,420,0.0019349452340975404
72,2,rot180,0.05026355758309364,e12f9a14,0.9880952835083008,420,0.0019349452340975404
72,2,rot270,0.06822682172060013,e12f9a14,0.9928571581840515,420,0.0019349452340975404
72,2,flip_lr,0.06015860661864281,e12f9a14,0.9928571581840515,420,0.0019349452340975404
72,2,flip_ud,0.017831536009907722,e12f9a14,0.9952381253242493,420,0.0019349452340975404
72,2,transpose,0.06001490727066994,e12f9a14,0.9928571581840515,420,0.0019349452340975404
72,2,anti_transpose,0.05021468549966812,e12f9a14,0.9809524416923523,420,0.0019349452340975404
0,3,identity,0.02707929164171219,e12f9a14,0.9935897588729858,156,
0,3,rot90,0.008234565146267414,e12f9a14,1.0,156,
0,3,rot180,0.020336121320724487,e12f9a14,0.9935897588729858,156,
0,3,rot270,0.004965949337929487,e12f9a14,1.0,156,
0,3,flip_lr,0.010687154717743397,e12f9a14,0.9935897588729858,156,
0,3,flip_ud,0.005763382650911808,e12f9a14,1.0,156,
0,3,transpose,0.004804213531315327,e12f9a14,1.0,156,
0,3,anti_transpose,0.016005322337150574,e12f9a14,0.9935897588729858,156,
12,3,identity,0.033955276012420654,e12f9a14,0.9935897588729858,156,0.052019357681274414
12,3,rot90,0.007742521818727255,e12f9a14,1.0,156,0.052019357681274414
12,3,rot180,0.012423772364854813,e12f9a14,0.9935897588729858,156,0.052019357681274414
12,3,rot270,0.0028162726666778326,e12f9a14,1.0,156,0.052019357681274414
12,3,flip_lr,0.006753962952643633,e12f9a14,1.0,156,0.052019357681274414
12,3,flip_ud,0.0033492802176624537,e12f9a14,1.0,156,0.052019357681274414
12,3,transpose,0.0032247279305011034,e12f9a14,1.0,156,0.052019357681274414
12,3,anti_transpose,0.0237945094704628,e12f9a14,0.9935897588729858,156,0.052019357681274414
24,3,identity,0.04514950513839722,e12f9a14,0.9935897588729858,156,0.02946808934211731
24,3,rot90,0.024608690291643143,e12f9a14,0.9935897588729858,156,0.02946808934211731
24,3,rot180,0.007965028285980225,e12f9a14,1.0,156,0.02946808934211731
24,3,rot270,0.0042012035846710205,e12f9a14,1.0,156,0.02946808934211731
24,3,flip_lr,0.015240583568811417,e12f9a14,0.9935897588729858,156,0.02946808934211731
24,3,flip_ud,0.012203835882246494,e12f9a14,0.9935897588729858,156,0.02946808934211731
24,3,transpose,0.0007740096771158278,e12f9a14,1.0,156,0.02946808934211731
24,3,anti_transpose,0.038814350962638855,e12f9a14,0.9935897588729858,156,0.02946808934211731
48,3,identity,0.03849421441555023,e12f9a14,0.9935897588729858,156,0.00971043761819601
48,3,rot90,0.0005848685977980494,e12f9a14,1.0,156,0.00971043761819601
48,3,rot180,0.017730101943016052,e12f9a14,0.9935897588729858,156,0.00971043761819601
48,3,rot270,0.0024386185687035322,e12f9a14,1.0,156,0.00971043761819601
48,3,flip_lr,0.0029386612586677074,e12f9a14,1.0,156,0.00971043761819601
48,3,flip_ud,0.0032070577144622803,e12f9a14,1.0,156,0.00971043761819601
48,3,transpose,0.002141568809747696,e12f9a14,1.0,156,0.00971043761819601
48,3,anti_transpose,0.015584612265229225,e12f9a14,0.9935897588729858,156,0.00971043761819601
72,3,identity,0.04812013357877731,e12f9a14,0.9935897588729858,156,0.0015470444923266768
72,3,rot90,0.001440127263776958,e12f9a14,1.0,156,0.0015470444923266768
72,3,rot180,0.005218858364969492,e12f9a14,1.0,156,0.0015470444923266768
72,3,rot270,0.0023458811920136213,e12f9a14,1.0,156,0.0015470444923266768
72,3,flip_lr,0.017094243317842484,e12f9a14,0.9935897588729858,156,0.0015470444923266768
72,3,flip_ud,0.005909927189350128,e12f9a14,1.0,156,0.0015470444923266768
72,3,transpose,0.00012991706898901612,e12f9a14,1.0,156,0.0015470444923266768
72,3,anti_transpose,0.0008159602875821292,e12f9a14,1.0,156,0.0015470444923266768
0,0,identity,0.01779387705028057,8f215267,0.9945652484893799,552,
0,0,rot90,0.010946732945740223,8f215267,0.9945652484893799,552,
0,0,rot180,0.012274069711565971,8f215267,0.9927536249160767,552,
0,0,rot270,0.01598491333425045,8f215267,0.9945652484893799,552,
0,0,flip_lr,0.011444373056292534,8f215267,0.9945652484893799,552,
0,0,flip_ud,0.018008457496762276,8f215267,0.9945652484893799,552,
0,0,transpose,0.01571010984480381,8f215267,0.9945652484893799,552,
0,0,anti_transpose,0.011605830863118172,8f215267,0.9945652484893799,552,
12,0,identity,0.020566070452332497,8f215267,0.9945652484893799,552,0.013814783655107021
12,0,rot90,0.010655397549271584,8f215267,0.9945652484893799,552,0.013814783655107021
12,0,rot180,0.014810639433562756,8f215267,0.9945652484893799,552,0.013814783655107021
12,0,rot270,0.01574794016778469,8f215267,0.9963768124580383,552,0.013814783655107021
12,0,flip_lr,0.018962590023875237,8f215267,0.9927536249160767,552,0.013814783655107021
12,0,flip_ud,0.012454098090529442,8f215267,0.9945652484893799,552,0.013814783655107021
12,0,transpose,0.013665944337844849,8f215267,0.9963768124580383,552,0.013814783655107021
12,0,anti_transpose,0.016425374895334244,8f215267,0.9909420609474182,552,0.013814783655107021
24,0,identity,0.021773185580968857,8f215267,0.9945652484893799,552,0.0055189188569784164
24,0,rot90,0.01548108458518982,8f215267,0.9909420609474182,552,0.0055189188569784164
24,0,rot180,0.016704080626368523,8f215267,0.9945652484893799,552,0.0055189188569784164
24,0,rot270,0.016102923080325127,8f215267,0.9963768124580383,552,0.0055189188569784164
24,0,flip_lr,0.019811440259218216,8f215267,0.9927536249160767,552,0.0055189188569784164
24,0,flip_ud,0.020784348249435425,8f215267,0.9945652484893799,552,0.0055189188569784164
24,0,transpose,0.019481467083096504,8f215267,0.9963768124580383,552,0.0055189188569784164
24,0,anti_transpose,0.01627115160226822,8f215267,0.9909420609474182,552,0.0055189188569784164
48,0,identity,0.02236776612699032,8f215267,0.9945652484893799,552,0.0044667101465165615
48,0,rot90,0.014592449180781841,8f215267,0.9963768124580383,552,0.0044667101465165615
48,0,rot180,0.013531127944588661,8f215267,0.9945652484893799,552,0.0044667101465165615
48,0,rot270,0.017710166051983833,8f215267,0.9945652484893799,552,0.0044667101465165615
48,0,flip_lr,0.022569477558135986,8f215267,0.9945652484893799,552,0.0044667101465165615
48,0,flip_ud,0.022598445415496826,8f215267,0.9945652484893799,552,0.0044667101465165615
48,0,transpose,0.021125594154000282,8f215267,0.9945652484893799,552,0.0044667101465165615
48,0,anti_transpose,0.01135571114718914,8f215267,0.9963768124580383,552,0.0044667101465165615
72,0,identity,0.026782214641571045,8f215267,0.9945652484893799,552,0.002867067465558648
72,0,rot90,0.024471677839756012,8f215267,0.9945652484893799,552,0.002867067465558648
72,0,rot180,0.01665005087852478,8f215267,0.9945652484893799,552,0.002867067465558648
72,0,rot270,0.025267450138926506,8f215267,0.9945652484893799,552,0.002867067465558648
72,0,flip_lr,0.020444069057703018,8f215267,0.9927536249160767,552,0.002867067465558648
72,0,flip_ud,0.02695397660136223,8f215267,0.9945652484893799,552,0.002867067465558648
72,0,transpose,0.026312345638871193,8f215267,0.9927536249160767,552,0.002867067465558648
72,0,anti_transpose,0.02377365343272686,8f215267,0.9945652484893799,552,0.002867067465558648
0,1,identity,0.01555664837360382,8f215267,0.9927536249160767,552,
0,1,rot90,0.008700084872543812,8f215267,0.9963768124580383,552,
0,1,rot180,0.013370946049690247,8f215267,0.9945652484893799,552,
0,1,rot270,0.01627330109477043,8f215267,0.9927536249160767,552,
0,1,flip_lr,0.010320903733372688,8f215267,0.9945652484893799,552,
0,1,flip_ud,0.015027692541480064,8f215267,0.9945652484893799,552,
0,1,transpose,0.01452760398387909,8f215267,0.9945652484893799,552,
0,1,anti_transpose,0.007846154272556305,8f215267,0.9945652484893799,552,
12,1,identity,0.015151727013289928,8f215267,0.9981884360313416,552,0.014231916517019272
12,1,rot90,0.0072027770802378654,8f215267,0.9963768124580383,552,0.014231916517019272
12,1,rot180,0.008942168205976486,8f215267,0.9981884360313416,552,0.014231916517019272
12,1,rot270,0.011100450530648232,8f215267,0.9945652484893799,552,0.014231916517019272
12,1,flip_lr,0.008526509627699852,8f215267,0.9945652484893799,552,0.014231916517019272
12,1,flip_ud,0.01731814071536064,8f215267,0.9963768124580383,552,0.014231916517019272
12,1,transpose,0.008752682246267796,8f215267,0.9963768124580383,552,0.014231916517019272
12,1,anti_transpose,0.009198324754834175,8f215267,0.9963768124580383,552,0.014231916517019272
24,1,identity,0.029243165627121925,8f215267,0.9873188734054565,552,0.004074855707585812
24,1,rot90,0.0169561505317688,8f215267,0.9945652484893799,552,0.004074855707585812
24,1,rot180,0.015558507293462753,8f215267,0.9945652484893799,552,0.004074855707585812
24,1,rot270,0.01905100978910923,8f215267,0.989130437374115,552,0.004074855707585812
24,1,flip_lr,0.013975514099001884,8f215267,0.9945652484893799,552,0.004074855707585812
24,1,flip_ud,0.023167883977293968,8f215267,0.9909420609474182,552,0.004074855707585812
24,1,transpose,0.024756232276558876,8f215267,0.9909420609474182,552,0.004074855707585812
24,1,anti_transpose,0.015264743007719517,8f215267,0.9945652484893799,552,0.004074855707585812
48,1,identity,0.022546198219060898,8f215267,0.9927536249160767,552,0.0009970450773835182
48,1,rot90,0.016956154257059097,8f215267,0.9963768124580383,552,0.0009970450773835182
48,1,rot180,0.011915072798728943,8f215267,0.9963768124580383,552,0.0009970450773835182
48,1,rot270,0.010658174753189087,8f215267,0.9945652484893799,552,0.0009970450773835182
48,1,flip_lr,0.014832615852355957,8f215267,0.9945652484893799,552,0.0009970450773835182
48,1,flip_ud,0.019056539982557297,8f215267,0.9927536249160767,552,0.0009970450773835182
48,1,transpose,0.0142703577876091,8f215267,0.9945652484893799,552,0.0009970450773835182
48,1,anti_transpose,0.02140158601105213,8f215267,0.9945652484893799,552,0.0009970450773835182
72,1,identity,0.026697460561990738,8f215267,0.9963768124580383,552,0.00040274113416671753
72,1,rot90,0.026381148025393486,8f215267,0.9945652484893799,552,0.00040274113416671753
72,1,rot180,0.012367243878543377,8f215267,0.9945652484893799,552,0.00040274113416671753
72,1,rot270,0.016270944848656654,8f215267,0.9963768124580383,552,0.00040274113416671753
72,1,flip_lr,0.016175242140889168,8f215267,0.9945652484893799,552,0.00040274113416671753
72,1,flip_ud,0.02193710021674633,8f215267,0.9963768124580383,552,0.00040274113416671753
72,1,transpose,0.020385295152664185,8f215267,0.9963768124580383,552,0.00040274113416671753
72,1,anti_transpose,0.028735527768731117,8f215267,0.9945652484893799,552,0.00040274113416671753
0,2,identity,0.011267020367085934,8f215267,0.9958333969116211,480,
0,2,rot90,0.01219750102609396,8f215267,0.9917184710502625,483,
0,2,rot180,0.01160593144595623,8f215267,0.9937500357627869,480,
0,2,rot270,0.015780214220285416,8f215267,0.9937888383865356,483,
0,2,flip_lr,0.009264769963920116,8f215267,0.9958333969116211,480,
0,2,flip_ud,0.01165028940886259,8f215267,0.9958333969116211,480,
0,2,transpose,0.015986358746886253,8f215267,0.9937888383865356,483,
0,2,anti_transpose,0.012916692532598972,8f215267,0.9958592057228088,483,
12,2,identity,0.01785368286073208,8f215267,0.9979166984558105,480,0.01732870750129223
12,2,rot90,0.02113797888159752,8f215267,0.9937888383865356,483,0.01732870750129223
12,2,rot180,0.017002331092953682,8f215267,0.9937500357627869,480,0.01732870750129223
12,2,rot270,0.021413704380393028,8f215267,0.9937888383865356,483,0.01732870750129223
12,2,flip_lr,0.015338223427534103,8f215267,0.9937500357627869,480,0.01732870750129223
12,2,flip_ud,0.015469524078071117,8f215267,0.9979166984558105,480,0.01732870750129223
12,2,transpose,0.0226827934384346,8f215267,0.9937888383865356,483,0.01732870750129223
12,2,anti_transpose,0.017113525420427322,8f215267,0.9937888383865356,483,0.01732870750129223
24,2,identity,0.0314905121922493,8f215267,0.9895833730697632,480,0.009401264600455761
24,2,rot90,0.029424889013171196,8f215267,0.9937888383865356,483,0.009401264600455761
24,2,rot180,0.01843211241066456,8f215267,0.9958333969116211,480,0.009401264600455761
24,2,rot270,0.043461836874485016,8f215267,0.9875776767730713,483,0.009401264600455761
24,2,flip_lr,0.020237328484654427,8f215267,0.9937500357627869,480,0.009401264600455761
24,2,flip_ud,0.026252269744873047,8f215267,0.9895833730697632,480,0.009401264600455761
24,2,transpose,0.05003541707992554,8f215267,0.9834368824958801,483,0.009401264600455761
24,2,anti_transpose,0.02612280659377575,8f215267,0.9937888383865356,483,0.009401264600455761
48,2,identity,0.017587920650839806,8f215267,0.9937500357627869,480,0.004390094894915819
48,2,rot90,0.024361176416277885,8f215267,0.9937888383865356,483,0.004390094894915819
48,2,rot180,0.020760854706168175,8f215267,0.9979166984558105,480,0.004390094894915819
48,2,rot270,0.029901370406150818,8f215267,0.9896480441093445,483,0.004390094894915819
48,2,flip_lr,0.018461082130670547,8f215267,0.9979166984558105,480,0.004390094894915819
48,2,flip_ud,0.019522573798894882,8f215267,0.9937500357627869,480,0.004390094894915819
48,2,transpose,0.02751069702208042,8f215267,0.9937888383865356,483,0.004390094894915819
48,2,anti_transpose,0.021335015073418617,8f215267,0.9958592057228088,483,0.004390094894915819
72,2,identity,0.0216588843613863,8f215267,0.9979166984558105,480,0.0031262696720659733
72,2,rot90,0.026605404913425446,8f215267,0.9937888383865356,483,0.0031262696720659733
72,2,rot180,0.027449460700154305,8f215267,0.9937500357627869,480,0.0031262696720659733
72,2,rot270,0.03386504948139191,8f215267,0.9937888383865356,483,0.0031262696720659733
72,2,flip_lr,0.025597061961889267,8f215267,0.9958333969116211,480,0.0031262696720659733
72,2,flip_ud,0.025402631610631943,8f215267,0.9958333969116211,480,0.0031262696720659733
72,2,transpose,0.033728212118148804,8f215267,0.9917184710502625,483,0.0031262696720659733
72,2,anti_transpose,0.02652410790324211,8f215267,0.9958592057228088,483,0.0031262696720659733
0,0,identity,0.19918076694011688,136b0064,0.9250000715255737,120,
0,0,rot90,0.2946541905403137,136b0064,0.910714328289032,112,
0,0,rot180,0.23300398886203766,136b0064,0.9250000715255737,120,
0,0,rot270,0.22929802536964417,136b0064,0.9285714626312256,112,
0,0,flip_lr,0.22214588522911072,136b0064,0.9250000715255737,120,
0,0,flip_ud,0.22733882069587708,136b0064,0.9333333969116211,120,
0,0,transpose,0.2411109358072281,136b0064,0.9017857313156128,112,
0,0,anti_transpose,0.29428616166114807,136b0064,0.9196429252624512,112,
12,0,identity,0.24097737669944763,136b0064,0.9416667222976685,120,0.29067885875701904
12,0,rot90,0.32866647839546204,136b0064,0.9196429252624512,112,0.29067885875701904
12,0,rot180,0.18317769467830658,136b0064,0.9500000476837158,120,0.29067885875701904
12,0,rot270,0.2741182744503021,136b0064,0.9196429252624512,112,0.29067885875701904
12,0,flip_lr,0.22098508477210999,136b0064,0.9333333969116211,120,0.29067885875701904
12,0,flip_ud,0.23608000576496124,136b0064,0.9500000476837158,120,0.29067885875701904
12,0,transpose,0.2625499367713928,136b0064,0.9196429252624512,112,0.29067885875701904
12,0,anti_transpose,0.3030988276004791,136b0064,0.9196429252624512,112,0.29067885875701904
24,0,identity,0.30149605870246887,136b0064,0.9416667222976685,120,0.12540309131145477
24,0,rot90,0.36273193359375,136b0064,0.8839285969734192,112,0.12540309131145477
24,0,rot180,0.2571593225002289,136b0064,0.9416667222976685,120,0.12540309131145477
24,0,rot270,0.34635788202285767,136b0064,0.910714328289032,112,0.12540309131145477
24,0,flip_lr,0.22891683876514435,136b0064,0.9416667222976685,120,0.12540309131145477
24,0,flip_ud,0.28949111700057983,136b0064,0.9333333969116211,120,0.12540309131145477
24,0,transpose,0.29489532113075256,136b0064,0.9196429252624512,112,0.12540309131145477
24,0,anti_transpose,0.4175204932689667,136b0064,0.9017857313156128,112,0.12540309131145477
48,0,identity,0.3884841799736023,136b0064,0.9333333969116211,120,0.0007119178771972656
48,0,rot90,0.39810916781425476,136b0064,0.9017857313156128,112,0.0007119178771972656
48,0,rot180,0.2975398898124695,136b0064,0.9500000476837158,120,0.0007119178771972656
48,0,rot270,0.33437004685401917,136b0064,0.910714328289032,112,0.0007119178771972656
48,0,flip_lr,0.22484810650348663,136b0064,0.9583333730697632,120,0.0007119178771972656
48,0,flip_ud,0.296231746673584,136b0064,0.9500000476837158,120,0.0007119178771972656
48,0,transpose,0.32726362347602844,136b0064,0.9285714626312256,112,0.0007119178771972656
48,0,anti_transpose,0.3940132260322571,136b0064,0.9464285969734192,112,0.0007119178771972656
72,0,identity,0.39483964443206787,136b0064,0.9333333969116211,120,0.004323270637542009
72,0,rot90,0.439496785402298,136b0064,0.8839285969734192,112,0.004323270637542009
72,0,rot180,0.3150056004524231,136b0064,0.9250000715255737,120,0.004323270637542009
72,0,rot270,0.33941125869750977,136b0064,0.9196429252624512,112,0.004323270637542009
72,0,flip_lr,0.24925120174884796,136b0064,0.9333333969116211,120,0.004323270637542009
72,0,flip_ud,0.33622366189956665,136b0064,0.9416667222976685,120,0.004323270637542009
72,0,transpose,0.3210863173007965,136b0064,0.9375000596046448,112,0.004323270637542009
72,0,anti_transpose,0.44342464208602905,136b0064,0.910714328289032,112,0.004323270637542009
0,1,identity,0.29268360137939453,136b0064,0.8928571939468384,56,
0,1,rot90,0.20045801997184753,136b0064,0.9285714626312256,56,
0,1,rot180,0.31016668677330017,136b0064,0.8928571939468384,56,
0,1,rot270,0.35264328122138977,136b0064,0.8750000596046448,56,
0,1,flip_lr,0.18954183161258698,136b0064,0.9285714626312256,56,
0,1,flip_ud,0.322489470243454,136b0064,0.8750000596046448,56,
0,1,transpose,0.31265291571617126,136b0064,0.8928571939468384,56,
0,1,anti_transpose,0.23788775503635406,136b0064,0.8928571939468384,56,
12,1,identity,0.32400792837142944,136b0064,0.8928571939468384,56,0.28272682428359985
12,1,rot90,0.09738408029079437,136b0064,0.9642857313156128,56,0.28272682428359985
12,1,rot180,0.24789969623088837,136b0064,0.910714328289032,56,0.28272682428359985
12,1,rot270,0.40770116448402405,136b0064,0.8750000596046448,56,0.28272682428359985
12,1,flip_lr,0.13910391926765442,136b0064,0.9642857313156128,56,0.28272682428359985
12,1,flip_ud,0.3249625563621521,136b0064,0.8928571939468384,56,0.28272682428359985
12,1,transpose,0.3049953281879425,136b0064,0.910714328289032,56,0.28272682428359985
12,1,anti_transpose,0.17404280602931976,136b0064,0.9285714626312256,56,0.28272682428359985
24,1,identity,0.3202548921108246,136b0064,0.910714328289032,56,0.14764830470085144
24,1,rot90,0.25076261162757874,136b0064,0.9464285969734192,56,0.14764830470085144
24,1,rot180,0.33239808678627014,136b0064,0.910714328289032,56,0.14764830470085144
24,1,rot270,0.5206083655357361,136b0064,0.8392857313156128,56,0.14764830470085144
24,1,flip_lr,0.21934190392494202,136b0064,0.9464285969734192,56,0.14764830470085144
24,1,flip_ud,0.33882609009742737,136b0064,0.8928571939468384,56,0.14764830470085144
24,1,transpose,0.35003501176834106,136b0064,0.9642857313156128,56,0.14764830470085144
24,1,anti_transpose,0.3161931037902832,136b0064,0.9285714626312256,56,0.14764830470085144
48,1,identity,0.38190537691116333,136b0064,0.8928571939468384,56,0.017795709893107414
48,1,rot90,0.34036001563072205,136b0064,0.9464285969734192,56,0.017795709893107414
48,1,rot180,0.5708340406417847,136b0064,0.8928571939468384,56,0.017795709893107414
48,1,rot270,0.39348676800727844,136b0064,0.8750000596046448,56,0.017795709893107414
48,1,flip_lr,0.33994489908218384,136b0064,0.9464285969734192,56,0.017795709893107414
48,1,flip_ud,0.2989939749240875,136b0064,0.9464285969734192,56,0.017795709893107414
48,1,transpose,0.38622674345970154,136b0064,0.9464285969734192,56,0.017795709893107414
48,1,anti_transpose,0.4163886606693268,136b0064,0.9285714626312256,56,0.017795709893107414
72,1,identity,0.351177453994751,136b0064,0.910714328289032,56,0.0022054819855839014
72,1,rot90,0.34804555773735046,136b0064,0.9464285969734192,56,0.0022054819855839014
72,1,rot180,0.6063079237937927,136b0064,0.8928571939468384,56,0.0022054819855839014
72,1,rot270,0.442512184381485,136b0064,0.8750000596046448,56,0.0022054819855839014
72,1,flip_lr,0.3796066343784332,136b0064,0.9285714626312256,56,0.0022054819855839014
72,1,flip_ud,0.36472317576408386,136b0064,0.9285714626312256,56,0.0022054819855839014
72,1,transpose,0.3876813054084778,136b0064,0.9464285969734192,56,0.0022054819855839014
72,1,anti_transpose,0.5038076043128967,136b0064,0.9285714626312256,56,0.0022054819855839014
0,2,identity,0.1734333336353302,136b0064,0.9431818723678589,88,
0,2,rot90,0.21481864154338837,136b0064,0.9166666865348816,84,
0,2,rot180,0.17972306907176971,136b0064,0.9204545617103577,88,
0,2,rot270,0.21080262959003448,136b0064,0.9404761791229248,84,
0,2,flip_lr,0.12733526527881622,136b0064,0.9659091234207153,88,
0,2,flip_ud,0.1940242350101471,136b0064,0.9318181872367859,88,
0,2,transpose,0.19923098385334015,136b0064,0.9285714626312256,84,
0,2,anti_transpose,0.21180537343025208,136b0064,0.9404761791229248,84,
12,2,identity,0.14294996857643127,136b0064,0.9659091234207153,88,0.3452085256576538
12,2,rot90,0.23235777020454407,136b0064,0.9285714626312256,84,0.3452085256576538
12,2,rot180,0.16431885957717896,136b0064,0.9431818723678589,88,0.3452085256576538
12,2,rot270,0.20159167051315308,136b0064,0.9523809552192688,84,0.3452085256576538
12,2,flip_lr,0.13947296142578125,136b0064,0.9545454978942871,88,0.3452085256576538
12,2,flip_ud,0.17102107405662537,136b0064,0.9545454978942871,88,0.3452085256576538
12,2,transpose,0.18664756417274475,136b0064,0.9404761791229248,84,0.3452085256576538
12,2,anti_transpose,0.20022925734519958,136b0064,0.9523809552192688,84,0.3452085256576538
24,2,identity,0.09515035897493362,136b0064,0.9431818723678589,88,0.20025402307510376
24,2,rot90,0.15436233580112457,136b0064,0.9166666865348816,84,0.20025402307510376
24,2,rot180,0.15123331546783447,136b0064,0.9431818723678589,88,0.20025402307510376
24,2,rot270,0.19165298342704773,136b0064,0.9523809552192688,84,0.20025402307510376
24,2,flip_lr,0.0743894875049591,136b0064,0.9772727489471436,88,0.20025402307510376
24,2,flip_ud,0.1481473445892334,136b0064,0.9431818723678589,88,0.20025402307510376
24,2,transpose,0.17949646711349487,136b0064,0.9166666865348816,84,0.20025402307510376
24,2,anti_transpose,0.16727995872497559,136b0064,0.9285714626312256,84,0.20025402307510376
48,2,identity,0.23632432520389557,136b0064,0.9659091234207153,88,0.03616682067513466
48,2,rot90,0.17671704292297363,136b0064,0.9404761791229248,84,0.03616682067513466
48,2,rot180,0.21171687543392181,136b0064,0.9431818723678589,88,0.03616682067513466
48,2,rot270,0.22745510935783386,136b0064,0.9523809552192688,84,0.03616682067513466
48,2,flip_lr,0.11415965855121613,136b0064,0.9886363744735718,88,0.03616682067513466
48,2,flip_ud,0.16372260451316833,136b0064,0.9545454978942871,88,0.03616682067513466
48,2,transpose,0.1340438574552536,136b0064,0.9404761791229248,84,0.03616682067513466
48,2,anti_transpose,0.20725104212760925,136b0064,0.9523809552192688,84,0.03616682067513466
72,2,identity,0.23552833497524261,136b0064,0.9659091234207153,88,0.032691217958927155
72,2,rot90,0.2628147602081299,136b0064,0.9285714626312256,84,0.032691217958927155
72,2,rot180,0.2813900113105774,136b0064,0.9318181872367859,88,0.032691217958927155
72,2,rot270,0.2516794204711914,136b0064,0.9523809552192688,84,0.032691217958927155
72,2,flip_lr,0.158510223031044,136b0064,0.9659091234207153,88,0.032691217958927155
72,2,flip_ud,0.2224874496459961,136b0064,0.9545454978942871,88,0.032691217958927155
72,2,transpose,0.180660679936409,136b0064,0.9523809552192688,84,0.032691217958927155
72,2,anti_transpose,0.2614068388938904,136b0064,0.9404761791229248,84,0.032691217958927155
0,0,identity,0.030400877818465233,8b9c3697,0.988558292388916,437,
0,0,rot90,0.023741090670228004,8b9c3697,0.9931817650794983,440,
0,0,rot180,0.017387477681040764,8b9c3697,0.9954233169555664,437,
0,0,rot270,0.02058735117316246,8b9c3697,0.9909090399742126,440,
0,0,flip_lr,0.041166555136442184,8b9c3697,0.988558292388916,437,
0,0,flip_ud,0.021516472101211548,8b9c3697,0.9931349754333496,437,
0,0,transpose,0.023998286575078964,8b9c3697,0.9909090399742126,440,
0,0,anti_transpose,0.00846271775662899,8b9c3697,0.9977272152900696,440,
12,0,identity,0.017421891912817955,8b9c3697,0.9977115988731384,437,0.016862081363797188
12,0,rot90,0.01411829236894846,8b9c3697,0.9909090399742126,440,0.016862081363797188
12,0,rot180,0.015031940303742886,8b9c3697,0.9954233169555664,437,0.016862081363797188
12,0,rot270,0.010482474230229855,8b9c3697,0.9977272152900696,440,0.016862081363797188
12,0,flip_lr,0.04717506095767021,8b9c3697,0.9862699508666992,437,0.016862081363797188
12,0,flip_ud,0.008739449083805084,8b9c3697,0.9977115988731384,437,0.016862081363797188
12,0,transpose,0.019064169377088547,8b9c3697,0.9977272152900696,440,0.016862081363797188
12,0,anti_transpose,0.003656432032585144,8b9c3697,0.9999999403953552,440,0.016862081363797188
24,0,identity,0.01284326147288084,8b9c3697,0.9977115988731384,437,0.0003496783319860697
24,0,rot90,0.01813412643969059,8b9c3697,0.9977272152900696,440,0.0003496783319860697
24,0,rot180,0.004681459628045559,8b9c3697,0.9977115988731384,437,0.0003496783319860697
24,0,rot270,0.009233563207089901,8b9c3697,0.9977272152900696,440,0.0003496783319860697
24,0,flip_lr,0.027390995994210243,8b9c3697,0.9954233169555664,437,0.0003496783319860697
24,0,flip_ud,0.0004910536808893085,8b9c3697,0.9999999403953552,437,0.0003496783319860697
24,0,transpose,0.02175069972872734,8b9c3697,0.9977272152900696,440,0.0003496783319860697
24,0,anti_transpose,0.007917213253676891,8b9c3697,0.9977272152900696,440,0.0003496783319860697
48,0,identity,0.02408132143318653,8b9c3697,0.9977115988731384,437,0.0010018313769251108
48,0,rot90,0.04454835131764412,8b9c3697,0.9954544901847839,440,0.0010018313769251108
48,0,rot180,0.004984785337001085,8b9c3697,0.9977115988731384,437,0.0010018313769251108
48,0,rot270,0.031138064339756966,8b9c3697,0.9954544901847839,440,0.0010018313769251108
48,0,flip_lr,0.04328186810016632,8b9c3697,0.9954233169555664,437,0.0010018313769251108
48,0,flip_ud,0.002341650426387787,8b9c3697,0.9977115988731384,437,0.0010018313769251108
48,0,transpose,0.047149740159511566,8b9c3697,0.9977272152900696,440,0.0010018313769251108
48,0,anti_transpose,0.022133126854896545,8b9c3697,0.9931817650794983,440,0.0010018313769251108
72,0,identity,0.02058051899075508,8b9c3697,0.9954233169555664,437,0.004107739310711622
72,0,rot90,0.039806388318538666,8b9c3697,0.9977272152900696,440,0.004107739310711622
72,0,rot180,0.009340407326817513,8b9c3697,0.9977115988731384,437,0.004107739310711622
72,0,rot270,0.03603997826576233,8b9c3697,0.9977272152900696,440,0.004107739310711622
72,0,flip_lr,0.0672953724861145,8b9c3697,0.9931349754333496,437,0.004107739310711622
72,0,flip_ud,0.0013739385176450014,8b9c3697,0.9999999403953552,437,0.004107739310711622
72,0,transpose,0.04180179536342621,8b9c3697,0.9977272152900696,440,0.004107739310711622
72,0,anti_transpose,0.020185936242341995,8b9c3697,0.9977272152900696,440,0.004107739310711622
0,1,identity,0.02338184230029583,8b9c3697,0.9954233169555664,437,
0,1,rot90,0.012404532171785831,8b9c3697,0.9954544901847839,440,
0,1,rot180,0.014380978420376778,8b9c3697,0.9954233169555664,437,
0,1,rot270,0.004187229089438915,8b9c3697,0.9999999403953552,440,
0,1,flip_lr,0.019639410078525543,8b9c3697,0.9954233169555664,437,
0,1,flip_ud,0.010534185916185379,8b9c3697,0.9977115988731384,437,
0,1,transpose,0.015536138787865639,8b9c3697,0.9977272152900696,440,
0,1,anti_transpose,0.009184885770082474,8b9c3697,0.9954544901847839,440,
12,1,identity,0.018262239173054695,8b9c3697,0.9954233169555664,437,0.032752424478530884
12,1,rot90,0.015179428271949291,8b9c3697,0.9977272152900696,440,0.032752424478530884
12,1,rot180,0.003930215258151293,8b9c3697,0.9999999403953552,437,0.032752424478530884
12,1,rot270,0.0017546070739626884,8b9c3697,0.9999999403953552,440,0.032752424478530884
12,1,flip_lr,0.02005714550614357,8b9c3697,0.9977115988731384,437,0.032752424478530884
12,1,flip_ud,0.0011564482701942325,8b9c3697,0.9999999403953552,437,0.032752424478530884
12,1,transpose,0.020105203613638878,8b9c3697,0.9977272152900696,440,0.032752424478530884
12,1,anti_transpose,0.0031363500747829676,8b9c3697,0.9977272152900696,440,0.032752424478530884
24,1,identity,0.015294197015464306,8b9c3697,0.9954233169555664,437,0.00393139012157917
24,1,rot90,0.022127697244286537,8b9c3697,0.9977272152900696,440,0.00393139012157917
24,1,rot180,0.0010534926550462842,8b9c3697,0.9999999403953552,437,0.00393139012157917
24,1,rot270,0.012718059122562408,8b9c3697,0.9931817650794983,440,0.00393139012157917
24,1,flip_lr,0.020359067246317863,8b9c3697,0.9977115988731384,437,0.00393139012157917
24,1,flip_ud,0.0004780689487233758,8b9c3697,0.9999999403953552,437,0.00393139012157917
24,1,transpose,0.020497359335422516,8b9c3697,0.9977272152900696,440,0.00393139012157917
24,1,anti_transpose,0.0035244280006736517,8b9c3697,0.9999999403953552,440,0.00393139012157917
48,1,identity,0.024596326053142548,8b9c3697,0.9954233169555664,437,0.001602604635991156
48,1,rot90,0.006958606652915478,8b9c3697,0.9977272152900696,440,0.001602604635991156
48,1,rot180,0.0006831001956015825,8b9c3697,0.9999999403953552,437,0.001602604635991156
48,1,rot270,2.810241994666285e-06,8b9c3697,0.9999999403953552,440,0.001602604635991156
48,1,flip_lr,0.042583342641592026,8b9c3697,0.9954233169555664,437,0.001602604635991156
48,1,flip_ud,0.005951055325567722,8b9c3697,0.9977115988731384,437,0.001602604635991156
48,1,transpose,2.9782200726913288e-05,8b9c3697,0.9999999403953552,440,0.001602604635991156
48,1,anti_transpose,6.848620614618994e-06,8b9c3697,0.9999999403953552,440,0.001602604635991156
72,1,identity,0.0018065200420096517,8b9c3697,0.9999999403953552,437,0.0001399255561409518
72,1,rot90,0.0029932057950645685,8b9c3697,0.9977272152900696,440,0.0001399255561409518
72,1,rot180,0.0011952946661040187,8b9c3697,0.9999999403953552,437,0.0001399255561409518
72,1,rot270,1.903327301988611e-06,8b9c3697,0.9999999403953552,440,0.0001399255561409518
72,1,flip_lr,0.0059886230155825615,8b9c3697,0.9977115988731384,437,0.0001399255561409518
72,1,flip_ud,0.010446765460073948,8b9c3697,0.9977115988731384,437,0.0001399255561409518
72,1,transpose,2.0794298052351223e-06,8b9c3697,0.9999999403953552,440,0.0001399255561409518
72,1,anti_transpose,2.1385354557423852e-05,8b9c3697,0.9999999403953552,440,0.0001399255561409518
0,2,identity,0.008440660312771797,8b9c3697,0.9977115988731384,437,
0,2,rot90,0.007000671699643135,8b9c3697,0.9977272152900696,440,
0,2,rot180,0.018403571099042892,8b9c3697,0.9931349754333496,437,
0,2,rot270,0.012488022446632385,8b9c3697,0.9931817650794983,440,
0,2,flip_lr,0.006523124873638153,8b9c3697,0.9999999403953552,437,
0,2,flip_ud,0.02220303565263748,8b9c3697,0.9931349754333496,437,
0,2,transpose,0.006195484194904566,8b9c3697,0.9977272152900696,440,
0,2,anti_transpose,0.01473765168339014,8b9c3697,0.9954544901847839,440,
12,2,identity,0.0059856995940208435,8b9c3697,0.9977115988731384,437,0.020493771880865097
12,2,rot90,0.005598873365670443,8b9c3697,0.9977272152900696,440,0.020493771880865097
12,2,rot180,0.006824678275734186,8b9c3697,0.9977115988731384,437,0.020493771880865097
12,2,rot270,0.01386465784162283,8b9c3697,0.9954544901847839,440,0.020493771880865097
12,2,flip_lr,0.006869800388813019,8b9c3697,0.9977115988731384,437,0.020493771880865097
12,2,flip_ud,0.014977730810642242,8b9c3697,0.9977115988731384,437,0.020493771880865097
12,2,transpose,0.002132884692400694,8b9c3697,0.9999999403953552,440,0.020493771880865097
12,2,anti_transpose,0.00873677246272564,8b9c3697,0.9954544901847839,440,0.020493771880865097
24,2,identity,0.003121422603726387,8b9c3697,0.9977115988731384,437,0.0016173336189240217
24,2,rot90,0.009136369451880455,8b9c3697,0.9977272152900696,440,0.0016173336189240217
24,2,rot180,0.013734512962400913,8b9c3697,0.9977115988731384,437,0.0016173336189240217
24,2,rot270,0.008892110548913479,8b9c3697,0.9977272152900696,440,0.0016173336189240217
24,2,flip_lr,0.016489582136273384,8b9c3697,0.9977115988731384,437,0.0016173336189240217
24,2,flip_ud,0.013892746530473232,8b9c3697,0.9977115988731384,437,0.0016173336189240217
24,2,transpose,0.0007495951722376049,8b9c3697,0.9999999403953552,440,0.0016173336189240217
24,2,anti_transpose,0.0026306891813874245,8b9c3697,0.9999999403953552,440,0.0016173336189240217
48,2,identity,0.00817424338310957,8b9c3697,0.9977115988731384,437,0.0020904813427478075
48,2,rot90,0.005686039105057716,8b9c3697,0.9977272152900696,440,0.0020904813427478075
48,2,rot180,0.008953578770160675,8b9c3697,0.9977115988731384,437,0.0020904813427478075
48,2,rot270,0.009207502007484436,8b9c3697,0.9977272152900696,440,0.0020904813427478075
48,2,flip_lr,0.018490610644221306,8b9c3697,0.9977115988731384,437,0.0020904813427478075
48,2,flip_ud,0.013065663166344166,8b9c3697,0.9977115988731384,437,0.0020904813427478075
48,2,transpose,0.0007377464207820594,8b9c3697,0.9999999403953552,440,0.0020904813427478075
48,2,anti_transpose,0.0044617061503231525,8b9c3697,0.9954544901847839,440,0.0020904813427478075
72,2,identity,2.7997568395221606e-05,8b9c3697,0.9999999403953552,437,0.0005763024091720581
72,2,rot90,0.015995942056179047,8b9c3697,0.9977272152900696,440,0.0005763024091720581
72,2,rot180,0.016292447224259377,8b9c3697,0.9954233169555664,437,0.0005763024091720581
72,2,rot270,0.004048519302159548,8b9c3697,0.9977272152900696,440,0.0005763024091720581
72,2,flip_lr,0.0012424259912222624,8b9c3697,0.9999999403953552,437,0.0005763024091720581
72,2,flip_ud,0.0017226614290848374,8b9c3697,0.9999999403953552,437,0.0005763024091720581
72,2,transpose,0.00012538702867459506,8b9c3697,0.9999999403953552,440,0.0005763024091720581
72,2,anti_transpose,0.000650870380923152,8b9c3697,0.9999999403953552,440,0.0005763024091720581
0,0,identity,0.3751480281352997,b0039139,0.8666667342185974,15,
0,0,rot90,0.3520885407924652,b0039139,0.9166666865348816,12,
0,0,rot180,0.2466232031583786,b0039139,0.9333333969116211,15,
0,0,rot270,0.9319022297859192,b0039139,0.75,12,
0,0,flip_lr,0.49482136964797974,b0039139,0.7333333492279053,15,
0,0,flip_ud,0.2105526179075241,b0039139,0.8666667342185974,15,
0,0,transpose,0.7066776752471924,b0039139,0.75,12,
0,0,anti_transpose,0.6367185115814209,b0039139,0.75,12,
12,0,identity,0.17686229944229126,b0039139,0.9333333969116211,15,0.10017671436071396
12,0,rot90,0.39039671421051025,b0039139,0.8333333730697632,12,0.10017671436071396
12,0,rot180,0.3359788656234741,b0039139,0.8666667342185974,15,0.10017671436071396
12,0,rot270,0.14899171888828278,b0039139,0.9166666865348816,12,0.10017671436071396
12,0,flip_lr,0.24790792167186737,b0039139,0.9333333969116211,15,0.10017671436071396
12,0,flip_ud,0.037656817585229874,b0039139,1.0,15,0.10017671436071396
12,0,transpose,0.3166545033454895,b0039139,0.8333333730697632,12,0.10017671436071396
12,0,anti_transpose,0.6076698303222656,b0039139,0.75,12,0.10017671436071396
24,0,identity,0.24276676774024963,b0039139,0.9333333969116211,15,0.012740661390125751
24,0,rot90,0.2817542552947998,b0039139,0.8333333730697632,12,0.012740661390125751
24,0,rot180,0.21087172627449036,b0039139,0.9333333969116211,15,0.012740661390125751
24,0,rot270,0.0895640030503273,b0039139,1.0,12,0.012740661390125751
24,0,flip_lr,0.15256929397583008,b0039139,1.0,15,0.012740661390125751
24,0,flip_ud,0.00574367493391037,b0039139,1.0,15,0.012740661390125751
24,0,transpose,0.5902325510978699,b0039139,0.9166666865348816,12,0.012740661390125751
24,0,anti_transpose,0.03765399381518364,b0039139,1.0,12,0.012740661390125751
48,0,identity,0.23825550079345703,b0039139,0.9333333969116211,15,0.0012122844345867634
48,0,rot90,0.09143846482038498,b0039139,1.0,12,0.0012122844345867634
48,0,rot180,0.5524342656135559,b0039139,0.9333333969116211,15,0.0012122844345867634
48,0,rot270,0.6216959357261658,b0039139,0.8333333730697632,12,0.0012122844345867634
48,0,flip_lr,0.2670862078666687,b0039139,0.9333333969116211,15,0.0012122844345867634
48,0,flip_ud,0.20974098145961761,b0039139,0.9333333969116211,15,0.0012122844345867634
48,0,transpose,0.6026220321655273,b0039139,0.9166666865348816,12,0.0012122844345867634
48,0,anti_transpose,0.18914036452770233,b0039139,0.9166666865348816,12,0.0012122844345867634
72,0,identity,0.4640480875968933,b0039139,0.8666667342185974,15,0.00027867022436112165
72,0,rot90,0.007662609219551086,b0039139,1.0,12,0.00027867022436112165
72,0,rot180,0.7614675760269165,b0039139,0.9333333969116211,15,0.00027867022436112165
72,0,rot270,0.27188411355018616,b0039139,0.8333333730697632,12,0.00027867022436112165
72,0,flip_lr,0.4001109302043915,b0039139,0.8666667342185974,15,0.00027867022436112165
72,0,flip_ud,0.3767875134944916,b0039139,0.9333333969116211,15,0.00027867022436112165
72,0,transpose,0.3053867816925049,b0039139,0.9166666865348816,12,0.00027867022436112165
72,0,anti_transpose,0.016906259581446648,b0039139,1.0,12,0.00027867022436112165
0,1,identity,0.03946712985634804,b0039139,1.0,36,
0,1,rot90,0.03712203726172447,b0039139,1.0,44,
0,1,rot180,0.06159701570868492,b0039139,0.9722222089767456,36,
0,1,rot270,0.02944050543010235,b0039139,1.0,44,
0,1,flip_lr,0.028166797012090683,b0039139,1.0,36,
0,1,flip_ud,0.07316716760396957,b0039139,0.944444477558136,36,
0,1,transpose,0.02391989715397358,b0039139,1.0,44,
0,1,anti_transpose,0.03552770987153053,b0039139,1.0,44,
12,1,identity,0.03927065432071686,b0039139,0.9722222089767456,36,0.15088734030723572
12,1,rot90,0.006583467125892639,b0039139,1.0,44,0.15088734030723572
12,1,rot180,0.018668601289391518,b0039139,1.0,36,0.15088734030723572
12,1,rot270,0.0050554824993014336,b0039139,1.0,44,0.15088734030723572
12,1,flip_lr,0.023799896240234375,b0039139,0.9722222089767456,36,0.15088734030723572
12,1,flip_ud,0.030957762151956558,b0039139,1.0,36,0.15088734030723572
12,1,transpose,0.0032610297203063965,b0039139,1.0,44,0.15088734030723572
12,1,anti_transpose,0.009004228748381138,b0039139,1.0,44,0.15088734030723572
24,1,identity,0.004371501039713621,b0039139,1.0,36,0.06207050383090973
24,1,rot90,0.0032113217748701572,b0039139,1.0,44,0.06207050383090973
24,1,rot180,0.05962550640106201,b0039139,0.9722222089767456,36,0.06207050383090973
24,1,rot270,0.003011735389009118,b0039139,1.0,44,0.06207050383090973
24,1,flip_lr,0.016724074259400368,b0039139,1.0,36,0.06207050383090973
24,1,flip_ud,0.004421981517225504,b0039139,1.0,36,0.06207050383090973
24,1,transpose,0.0029746161308139563,b0039139,1.0,44,0.06207050383090973
24,1,anti_transpose,0.002444318262860179,b0039139,1.0,44,0.06207050383090973
48,1,identity,0.030702808871865273,b0039139,0.9722222089767456,36,0.005248300731182098
48,1,rot90,0.010655881837010384,b0039139,1.0,44,0.005248300731182098
48,1,rot180,0.10038530826568604,b0039139,0.9722222089767456,36,0.005248300731182098
48,1,rot270,0.038848161697387695,b0039139,0.9772727489471436,44,0.005248300731182098
48,1,flip_lr,0.05603545904159546,b0039139,0.9722222089767456,36,0.005248300731182098
48,1,flip_ud,0.0647692158818245,b0039139,0.9722222089767456,36,0.005248300731182098
48,1,transpose,0.06153855472803116,b0039139,0.9772727489471436,44,0.005248300731182098
48,1,anti_transpose,0.0075799147598445415,b0039139,1.0,44,0.005248300731182098
72,1,identity,0.03699902817606926,b0039139,0.9722222089767456,36,0.00026498091756366193
72,1,rot90,0.10294394940137863,b0039139,0.9772727489471436,44,0.00026498091756366193
72,1,rot180,0.13992522656917572,b0039139,0.9722222089767456,36,0.00026498091756366193
72,1,rot270,0.07504894584417343,b0039139,0.9772727489471436,44,0.00026498091756366193
72,1,flip_lr,0.08688690513372421,b0039139,0.9722222089767456,36,0.00026498091756366193
72,1,flip_ud,0.07299815863370895,b0039139,0.9722222089767456,36,0.00026498091756366193
72,1,transpose,0.07701481133699417,b0039139,0.9772727489471436,44,0.00026498091756366193
72,1,anti_transpose,0.08048026263713837,b0039139,0.9772727489471436,44,0.00026498091756366193
0,2,identity,0.09835830330848694,b0039139,0.9375,64,
0,2,rot90,0.07304918020963669,b0039139,0.9600000381469727,75,
0,2,rot180,0.09110890328884125,b0039139,0.984375,64,
0,2,rot270,0.0536273829638958,b0039139,0.9866666793823242,75,
0,2,flip_lr,0.08818438649177551,b0039139,0.953125,64,
0,2,flip_ud,0.11041595786809921,b0039139,0.96875,64,
0,2,transpose,0.0402190275490284,b0039139,0.9866666793823242,75,
0,2,anti_transpose,0.061207715421915054,b0039139,0.9733333587646484,75,
12,2,identity,0.06397726386785507,b0039139,0.96875,64,0.13634257018566132
12,2,rot90,0.14420296251773834,b0039139,0.9733333587646484,75,0.13634257018566132
12,2,rot180,0.10100366920232773,b0039139,0.96875,64,0.13634257018566132
12,2,rot270,0.09074530750513077,b0039139,0.9866666793823242,75,0.13634257018566132
12,2,flip_lr,0.12018123269081116,b0039139,0.953125,64,0.13634257018566132
12,2,flip_ud,0.11239940673112869,b0039139,0.984375,64,0.13634257018566132
12,2,transpose,0.09060646593570709,b0039139,0.9866666793823242,75,0.13634257018566132
12,2,anti_transpose,0.12292259186506271,b0039139,0.9733333587646484,75,0.13634257018566132
24,2,identity,0.06861349940299988,b0039139,0.953125,64,0.060268402099609375
24,2,rot90,0.08117207884788513,b0039139,0.9866666793823242,75,0.060268402099609375
24,2,rot180,0.1044323667883873,b0039139,0.984375,64,0.060268402099609375
24,2,rot270,0.05581207200884819,b0039139,0.9866666793823242,75,0.060268402099609375
24,2,flip_lr,0.1072029396891594,b0039139,0.96875,64,0.060268402099609375
24,2,flip_ud,0.11195889115333557,b0039139,0.96875,64,0.060268402099609375
24,2,transpose,0.05190816521644592,b0039139,0.9866666793823242,75,0.060268402099609375
24,2,anti_transpose,0.07539341598749161,b0039139,0.9866666793823242,75,0.060268402099609375
48,2,identity,0.08732582628726959,b0039139,0.953125,64,0.042719028890132904
48,2,rot90,0.1408875733613968,b0039139,0.9733333587646484,75,0.042719028890132904
48,2,rot180,0.1563800871372223,b0039139,0.96875,64,0.042719028890132904
48,2,rot270,0.0855054035782814,b0039139,0.9866666793823242,75,0.042719028890132904
48,2,flip_lr,0.14883379638195038,b0039139,0.96875,64,0.042719028890132904
48,2,flip_ud,0.1325307935476303,b0039139,0.96875,64,0.042719028890132904
48,2,transpose,0.08334475010633469,b0039139,0.9866666793823242,75,0.042719028890132904
48,2,anti_transpose,0.12946119904518127,b0039139,0.9733333587646484,75,0.042719028890132904
72,2,identity,0.09042849391698837,b0039139,0.96875,64,0.0018497295677661896
72,2,rot90,0.11701594293117523,b0039139,0.9733333587646484,75,0.0018497295677661896
72,2,rot180,0.14280124008655548,b0039139,0.96875,64,0.0018497295677661896
72,2,rot270,0.1254638433456421,b0039139,0.9600000381469727,75,0.0018497295677661896
72,2,flip_lr,0.13133344054222107,b0039139,0.96875,64,0.0018497295677661896
72,2,flip_ud,0.12579043209552765,b0039139,0.96875,64,0.0018497295677661896
72,2,transpose,0.1072617843747139,b0039139,0.9733333587646484,75,0.0018497295677661896
72,2,anti_transpose,0.13709361851215363,b0039139,0.9733333587646484,75,0.0018497295677661896
0,3,identity,0.20726832747459412,b0039139,0.9375,16,
0,3,rot90,0.10317329317331314,b0039139,0.9523809552192688,21,
0,3,rot180,0.1554313600063324,b0039139,0.9375,16,
0,3,rot270,0.13605134189128876,b0039139,0.9523809552192688,21,
0,3,flip_lr,0.24328795075416565,b0039139,0.9375,16,
0,3,flip_ud,0.12926650047302246,b0039139,0.875,16,
0,3,transpose,0.11962064355611801,b0039139,0.9523809552192688,21,
0,3,anti_transpose,0.10948345810174942,b0039139,0.9523809552192688,21,
12,3,identity,0.1915341317653656,b0039139,0.9375,16,0.06039860099554062
12,3,rot90,0.12188054621219635,b0039139,0.9523809552192688,21,0.06039860099554062
12,3,rot180,0.040234796702861786,b0039139,1.0,16,0.06039860099554062
12,3,rot270,0.07880383729934692,b0039139,0.9523809552192688,21,0.06039860099554062
12,3,flip_lr,0.18090176582336426,b0039139,0.9375,16,0.06039860099554062
12,3,flip_ud,0.04148215427994728,b0039139,1.0,16,0.06039860099554062
12,3,transpose,0.023463865742087364,b0039139,1.0,21,0.06039860099554062
12,3,anti_transpose,0.1297280639410019,b0039139,0.9523809552192688,21,0.06039860099554062
24,3,identity,0.4424915909767151,b0039139,0.9375,16,0.09011505544185638
24,3,rot90,0.058776531368494034,b0039139,0.9523809552192688,21,0.09011505544185638
24,3,rot180,0.22084671258926392,b0039139,0.9375,16,0.09011505544185638
24,3,rot270,0.1231459528207779,b0039139,0.9523809552192688,21,0.09011505544185638
24,3,flip_lr,0.3765484690666199,b0039139,0.9375,16,0.09011505544185638
24,3,flip_ud,0.16163721680641174,b0039139,0.9375,16,0.09011505544185638
24,3,transpose,0.09341207891702652,b0039139,0.9523809552192688,21,0.09011505544185638
24,3,anti_transpose,0.055013805627822876,b0039139,0.9523809552192688,21,0.09011505544185638
48,3,identity,0.7831116914749146,b0039139,0.9375,16,0.002213055267930031
48,3,rot90,0.1680910438299179,b0039139,0.9523809552192688,21,0.002213055267930031
48,3,rot180,0.5316203832626343,b0039139,0.9375,16,0.002213055267930031
48,3,rot270,0.23841680586338043,b0039139,0.9523809552192688,21,0.002213055267930031
48,3,flip_lr,0.7190066576004028,b0039139,0.9375,16,0.002213055267930031
48,3,flip_ud,0.4377257227897644,b0039139,0.9375,16,0.002213055267930031
48,3,transpose,0.23841817677021027,b0039139,0.9523809552192688,21,0.002213055267930031
48,3,anti_transpose,0.13390454649925232,b0039139,0.9523809552192688,21,0.002213055267930031
72,3,identity,0.8761352300643921,b0039139,0.9375,16,5.8281941164750606e-05
72,3,rot90,0.07152062654495239,b0039139,0.9523809552192688,21,5.8281941164750606e-05
72,3,rot180,0.656380832195282,b0039139,0.9375,16,5.8281941164750606e-05
72,3,rot270,0.2030564248561859,b0039139,0.9523809552192688,21,5.8281941164750606e-05
72,3,flip_lr,0.8750572204589844,b0039139,0.9375,16,5.8281941164750606e-05
72,3,flip_ud,0.6251183748245239,b0039139,0.9375,16,5.8281941164750606e-05
72,3,transpose,0.21482165157794952,b0039139,0.9523809552192688,21,5.8281941164750606e-05
72,3,anti_transpose,0.06253641843795776,b0039139,0.9523809552192688,21,5.8281941164750606e-05
0,0,identity,0.033393338322639465,581f7754,0.9876543283462524,162,
0,0,rot90,0.0473112128674984,581f7754,0.9802631735801697,152,
0,0,rot180,0.031622592359781265,581f7754,0.9876543283462524,162,
0,0,rot270,0.04809903725981712,581f7754,0.9868420958518982,152,
0,0,flip_lr,0.054877687245607376,581f7754,0.9814814925193787,162,
0,0,flip_ud,0.03205510228872299,581f7754,0.9938271641731262,162,
0,0,transpose,0.04125204309821129,581f7754,0.9868420958518982,152,
0,0,anti_transpose,0.04540809243917465,581f7754,0.9802631735801697,152,
12,0,identity,0.044227469712495804,581f7754,0.9814814925193787,162,0.05377156287431717
12,0,rot90,0.030749330297112465,581f7754,0.9868420958518982,152,0.05377156287431717
12,0,rot180,0.03164106607437134,581f7754,0.9814814925193787,162,0.05377156287431717
12,0,rot270,0.07694517821073532,581f7754,0.9736841917037964,152,0.05377156287431717
12,0,flip_lr,0.04330859333276749,581f7754,0.9814814925193787,162,0.05377156287431717
12,0,flip_ud,0.03837444633245468,581f7754,0.9876543283462524,162,0.05377156287431717
12,0,transpose,0.07717248797416687,581f7754,0.9868420958518982,152,0.05377156287431717
12,0,anti_transpose,0.03445332124829292,581f7754,0.9868420958518982,152,0.05377156287431717
24,0,identity,0.03881869837641716,581f7754,0.9814814925193787,162,0.027405446395277977
24,0,rot90,0.06771749258041382,581f7754,0.9802631735801697,152,0.027405446395277977
24,0,rot180,0.08627845346927643,581f7754,0.9814814925193787,162,0.027405446395277977
24,0,rot270,0.06396320462226868,581f7754,0.9802631735801697,152,0.027405446395277977
24,0,flip_lr,0.06807385385036469,581f7754,0.9814814925193787,162,0.027405446395277977
24,0,flip_ud,0.0626072958111763,581f7754,0.9876543283462524,162,0.027405446395277977
24,0,transpose,0.07412587851285934,581f7754,0.9671052694320679,152,0.027405446395277977
24,0,anti_transpose,0.06728730350732803,581f7754,0.9868420958518982,152,0.027405446395277977
48,0,identity,0.06526052951812744,581f7754,0.9753086566925049,162,0.016020821407437325
48,0,rot90,0.03904649615287781,581f7754,0.9868420958518982,152,0.016020821407437325
48,0,rot180,0.03519173711538315,581f7754,0.9814814925193787,162,0.016020821407437325
48,0,rot270,0.04772629961371422,581f7754,0.9868420958518982,152,0.016020821407437325
48,0,flip_lr,0.09050583839416504,581f7754,0.9814814925193787,162,0.016020821407437325
48,0,flip_ud,0.04558300971984863,581f7754,0.9876543283462524,162,0.016020821407437325
48,0,transpose,0.04334794357419014,581f7754,0.9802631735801697,152,0.016020821407437325
48,0,anti_transpose,0.05111231654882431,581f7754,0.9868420958518982,152,0.016020821407437325
72,0,identity,0.07984615117311478,581f7754,0.9814814925193787,162,0.0001845320366555825
72,0,rot90,0.04304206371307373,581f7754,0.9868420958518982,152,0.0001845320366555825
72,0,rot180,0.021852079778909683,581f7754,0.9938271641731262,162,0.0001845320366555825
72,0,rot270,0.07298864424228668,581f7754,0.9736841917037964,152,0.0001845320366555825
72,0,flip_lr,0.08291246742010117,581f7754,0.9814814925193787,162,0.0001845320366555825
72,0,flip_ud,0.0642399936914444,581f7754,0.9876543283462524,162,0.0001845320366555825
72,0,transpose,0.04644595459103584,581f7754,0.9868420958518982,152,0.0001845320366555825
72,0,anti_transpose,0.047477494925260544,581f7754,0.9934210777282715,152,0.0001845320366555825
0,1,identity,0.09300558269023895,581f7754,0.9727272391319275,220,
0,1,rot90,0.08376317471265793,581f7754,0.9783549904823303,231,
0,1,rot180,0.12016811966896057,581f7754,0.9636363387107849,220,
0,1,rot270,0.10911091417074203,581f7754,0.9826839566230774,231,
0,1,flip_lr,0.11276828497648239,581f7754,0.9681817889213562,220,
0,1,flip_ud,0.11532965302467346,581f7754,0.9818181395530701,220,
0,1,transpose,0.10412783920764923,581f7754,0.9696969985961914,231,
0,1,anti_transpose,0.09117066860198975,581f7754,0.9783549904823303,231,
12,1,identity,0.10939202457666397,581f7754,0.9727272391319275,220,0.025257442146539688
12,1,rot90,0.10524282604455948,581f7754,0.9610389471054077,231,0.025257442146539688
12,1,rot180,0.13595695793628693,581f7754,0.949999988079071,220,0.025257442146539688
12,1,rot270,0.10342562943696976,581f7754,0.9826839566230774,231,0.025257442146539688
12,1,flip_lr,0.11552067846059799,581f7754,0.9772726893424988,220,0.025257442146539688
12,1,flip_ud,0.11230013519525528,581f7754,0.9818181395530701,220,0.025257442146539688
12,1,transpose,0.11247825622558594,581f7754,0.9783549904823303,231,0.025257442146539688
12,1,anti_transpose,0.09413588792085648,581f7754,0.9696969985961914,231,0.025257442146539688
24,1,identity,0.12680360674858093,581f7754,0.9818181395530701,220,0.009797709994018078
24,1,rot90,0.13445986807346344,581f7754,0.9696969985961914,231,0.009797709994018078
24,1,rot180,0.18267661333084106,581f7754,0.9590908885002136,220,0.009797709994018078
24,1,rot270,0.15179787576198578,581f7754,0.9826839566230774,231,0.009797709994018078
24,1,flip_lr,0.13911673426628113,581f7754,0.9772726893424988,220,0.009797709994018078
24,1,flip_ud,0.14624133706092834,581f7754,0.9818181395530701,220,0.009797709994018078
24,1,transpose,0.1433122754096985,581f7754,0.9826839566230774,231,0.009797709994018078
24,1,anti_transpose,0.14334799349308014,581f7754,0.9740259647369385,231,0.009797709994018078
48,1,identity,0.11855500191450119,581f7754,0.9772726893424988,220,0.0009498238214291632
48,1,rot90,0.12983661890029907,581f7754,0.9653679728507996,231,0.0009498238214291632
48,1,rot180,0.19497203826904297,581f7754,0.9636363387107849,220,0.0009498238214291632
48,1,rot270,0.13806195557117462,581f7754,0.9870129823684692,231,0.0009498238214291632
48,1,flip_lr,0.1353684961795807,581f7754,0.9818181395530701,220,0.0009498238214291632
48,1,flip_ud,0.13910305500030518,581f7754,0.9863635897636414,220,0.0009498238214291632
48,1,transpose,0.13425850868225098,581f7754,0.9740259647369385,231,0.0009498238214291632
48,1,anti_transpose,0.1389123946428299,581f7754,0.9740259647369385,231,0.0009498238214291632
72,1,identity,0.13796094059944153,581f7754,0.9818181395530701,220,1.9968954802607186e-05
72,1,rot90,0.1474114954471588,581f7754,0.9696969985961914,231,1.9968954802607186e-05
72,1,rot180,0.22458289563655853,581f7754,0.9636363387107849,220,1.9968954802607186e-05
72,1,rot270,0.15280017256736755,581f7754,0.9870129823684692,231,1.9968954802607186e-05
72,1,flip_lr,0.16248197853565216,581f7754,0.9772726893424988,220,1.9968954802607186e-05
72,1,flip_ud,0.15295183658599854,581f7754,0.9818181395530701,220,1.9968954802607186e-05
72,1,transpose,0.1596171110868454,581f7754,0.9826839566230774,231,1.9968954802607186e-05
72,1,anti_transpose,0.17081713676452637,581f7754,0.9740259647369385,231,1.9968954802607186e-05
0,2,identity,0.04655134305357933,581f7754,0.9886363744735718,264,
0,2,rot90,0.027721626684069633,581f7754,0.992094874382019,253,
0,2,rot180,0.034833066165447235,581f7754,0.9886363744735718,264,
0,2,rot270,0.05304838716983795,581f7754,0.9841897487640381,253,
0,2,flip_lr,0.04106062278151512,581f7754,0.9886363744735718,264,
0,2,flip_ud,0.04363466426730156,581f7754,0.9886363744735718,264,
0,2,transpose,0.04415354132652283,581f7754,0.9881423115730286,253,
0,2,anti_transpose,0.03583047538995743,581f7754,0.9881423115730286,253,
12,2,identity,0.04346771538257599,581f7754,0.9886363744735718,264,0.0551009438931942
12,2,rot90,0.03549857437610626,581f7754,0.992094874382019,253,0.0551009438931942
12,2,rot180,0.03370670974254608,581f7754,0.9886363744735718,264,0.0551009438931942
12,2,rot270,0.04392726719379425,581f7754,0.9841897487640381,253,0.0551009438931942
12,2,flip_lr,0.035424523055553436,581f7754,0.9886363744735718,264,0.0551009438931942
12,2,flip_ud,0.03973067179322243,581f7754,0.9848484992980957,264,0.0551009438931942
12,2,transpose,0.036471445113420486,581f7754,0.9881423115730286,253,0.0551009438931942
12,2,anti_transpose,0.031189557164907455,581f7754,0.9881423115730286,253,0.0551009438931942
24,2,identity,0.05042038485407829,581f7754,0.9886363744735718,264,0.02928411215543747
24,2,rot90,0.026828814297914505,581f7754,0.9960474967956543,253,0.02928411215543747
24,2,rot180,0.04230684041976929,581f7754,0.9886363744735718,264,0.02928411215543747
24,2,rot270,0.0446767620742321,581f7754,0.9881423115730286,253,0.02928411215543747
24,2,flip_lr,0.04786660522222519,581f7754,0.9848484992980957,264,0.02928411215543747
24,2,flip_ud,0.0505978986620903,581f7754,0.9886363744735718,264,0.02928411215543747
24,2,transpose,0.03842626139521599,581f7754,0.9881423115730286,253,0.02928411215543747
24,2,anti_transpose,0.02377621829509735,581f7754,0.992094874382019,253,0.02928411215543747
48,2,identity,0.06873665004968643,581f7754,0.9886363744735718,264,0.0002609172952361405
48,2,rot90,0.03107468970119953,581f7754,0.992094874382019,253,0.0002609172952361405
48,2,rot180,0.05564837157726288,581f7754,0.9848484992980957,264,0.0002609172952361405
48,2,rot270,0.05055026710033417,581f7754,0.9881423115730286,253,0.0002609172952361405
48,2,flip_lr,0.08403608947992325,581f7754,0.9848484992980957,264,0.0002609172952361405
48,2,flip_ud,0.0599127821624279,581f7754,0.9886363744735718,264,0.0002609172952361405
48,2,transpose,0.0455765463411808,581f7754,0.9841897487640381,253,0.0002609172952361405
48,2,anti_transpose,0.022149046882987022,581f7754,0.9960474967956543,253,0.0002609172952361405
72,2,identity,0.07264042645692825,581f7754,0.9886363744735718,264,6.181407661642879e-05
72,2,rot90,0.04259314015507698,581f7754,0.992094874382019,253,6.181407661642879e-05
72,2,rot180,0.06999485194683075,581f7754,0.9848484992980957,264,6.181407661642879e-05
72,2,rot270,0.055046893656253815,581f7754,0.9881423115730286,253,6.181407661642879e-05
72,2,flip_lr,0.09598271548748016,581f7754,0.9810606241226196,264,6.181407661642879e-05
72,2,flip_ud,0.07632815837860107,581f7754,0.9886363744735718,264,6.181407661642879e-05
72,2,transpose,0.05106820911169052,581f7754,0.9881423115730286,253,6.181407661642879e-05
72,2,anti_transpose,0.030717555433511734,581f7754,0.9960474967956543,253,6.181407661642879e-05
0,0,identity,0.02477850764989853,7c66cb00,0.9933333396911621,750,
0,0,rot90,0.011424005962908268,7c66cb00,0.9959677457809448,744,
0,0,rot180,0.015151428058743477,7c66cb00,0.9959999918937683,750,
0,0,rot270,0.017511101439595222,7c66cb00,0.9919354915618896,744,
0,0,flip_lr,0.022896267473697662,7c66cb00,0.9933333396911621,750,
0,0,flip_ud,0.017008990049362183,7c66cb00,0.9946666359901428,750,
0,0,transpose,0.018083903938531876,7c66cb00,0.9946236610412598,744,
0,0,anti_transpose,0.010504533536732197,7c66cb00,0.9973118305206299,744,
12,0,identity,0.02508063241839409,7c66cb00,0.9879999756813049,750,0.009833134710788727
12,0,rot90,0.009014644660055637,7c66cb00,0.9946236610412598,744,0.009833134710788727
12,0,rot180,0.005836002994328737,7c66cb00,0.9973333477973938,750,0.009833134710788727
12,0,rot270,0.014101342298090458,7c66cb00,0.9946236610412598,744,0.009833134710788727
12,0,flip_lr,0.019898727536201477,7c66cb00,0.9933333396911621,750,0.009833134710788727
12,0,flip_ud,0.007830369286239147,7c66cb00,0.9973333477973938,750,0.009833134710788727
12,0,transpose,0.014340592548251152,7c66cb00,0.9905914068222046,744,0.009833134710788727
12,0,anti_transpose,0.009994782507419586,7c66cb00,0.9973118305206299,744,0.009833134710788727
24,0,identity,0.01981751248240471,7c66cb00,0.9919999837875366,750,0.013800689950585365
24,0,rot90,0.008068496361374855,7c66cb00,0.9973118305206299,744,0.013800689950585365
24,0,rot180,0.00047078492934815586,7c66cb00,1.0,750,0.013800689950585365
24,0,rot270,0.0023223692551255226,7c66cb00,0.9986559152603149,744,0.013800689950585365
24,0,flip_lr,0.024607347324490547,7c66cb00,0.9919999837875366,750,0.013800689950585365
24,0,flip_ud,0.0041172136552631855,7c66cb00,0.9986666440963745,750,0.013800689950585365
24,0,transpose,0.017657892778515816,7c66cb00,0.9932795763015747,744,0.013800689950585365
24,0,anti_transpose,0.0025612167082726955,7c66cb00,0.9986559152603149,744,0.013800689950585365
48,0,identity,0.021690668538212776,7c66cb00,0.9893333315849304,750,0.0048616076819598675
48,0,rot90,0.020732128992676735,7c66cb00,0.9919354915618896,744,0.0048616076819598675
48,0,rot180,0.0010061656357720494,7c66cb00,1.0,750,0.0048616076819598675
48,0,rot270,0.015083981677889824,7c66cb00,0.9959677457809448,744,0.0048616076819598675
48,0,flip_lr,0.018249886110424995,7c66cb00,0.9946666359901428,750,0.0048616076819598675
48,0,flip_ud,0.0059349993243813515,7c66cb00,0.9973333477973938,750,0.0048616076819598675
48,0,transpose,0.017089419066905975,7c66cb00,0.9892473220825195,744,0.0048616076819598675
48,0,anti_transpose,0.006871889345347881,7c66cb00,0.9973118305206299,744,0.0048616076819598675
72,0,identity,0.018021665513515472,7c66cb00,0.9919999837875366,750,0.0007801520987413824
72,0,rot90,0.012268468737602234,7c66cb00,0.9946236610412598,744,0.0007801520987413824
72,0,rot180,0.004356320947408676,7c66cb00,0.9986666440963745,750,0.0007801520987413824
72,0,rot270,0.008845056407153606,7c66cb00,0.9973118305206299,744,0.0007801520987413824
72,0,flip_lr,0.013579956255853176,7c66cb00,0.9959999918937683,750,0.0007801520987413824
72,0,flip_ud,0.009831016883254051,7c66cb00,0.9973333477973938,750,0.0007801520987413824
72,0,transpose,0.012485535815358162,7c66cb00,0.9919354915618896,744,0.0007801520987413824
72,0,anti_transpose,0.004866770002990961,7c66cb00,0.9973118305206299,744,0.0007801520987413824
0,1,identity,0.019476789981126785,7c66cb00,0.9906666278839111,750,
0,1,rot90,0.02021208219230175,7c66cb00,0.9932795763015747,744,
0,1,rot180,0.012827309779822826,7c66cb00,0.9946666359901428,750,
0,1,rot270,0.007506034802645445,7c66cb00,0.9973118305206299,744,
0,1,flip_lr,0.019702961668372154,7c66cb00,0.9906666278839111,750,
0,1,flip_ud,0.01069512777030468,7c66cb00,0.9959999918937683,750,
0,1,transpose,0.017183786258101463,7c66cb00,0.9946236610412598,744,
0,1,anti_transpose,0.006025352980941534,7c66cb00,0.9973118305206299,744,
12,1,identity,0.01594538800418377,7c66cb00,0.9959999918937683,750,0.010560027323663235
12,1,rot90,0.005257646087557077,7c66cb00,0.9973118305206299,744,0.010560027323663235
12,1,rot180,0.003175298450514674,7c66cb00,0.9986666440963745,750,0.010560027323663235
12,1,rot270,0.00235166703350842,7c66cb00,0.9986559152603149,744,0.010560027323663235
12,1,flip_lr,0.01964179426431656,7c66cb00,0.9959999918937683,750,0.010560027323663235
12,1,flip_ud,0.003473275573924184,7c66cb00,0.9973333477973938,750,0.010560027323663235
12,1,transpose,0.005248625297099352,7c66cb00,0.9986559152603149,744,0.010560027323663235
12,1,anti_transpose,0.0020343265496194363,7c66cb00,0.9986559152603149,744,0.010560027323663235
24,1,identity,0.019277693703770638,7c66cb00,0.9959999918937683,750,0.004065732471644878
24,1,rot90,0.015511025674641132,7c66cb00,0.9973118305206299,744,0.004065732471644878
24,1,rot180,0.000494348059874028,7c66cb00,1.0,750,0.004065732471644878
24,1,rot270,0.00023184012388810515,7c66cb00,1.0,744,0.004065732471644878
24,1,flip_lr,0.02178153768181801,7c66cb00,0.9959999918937683,750,0.004065732471644878
24,1,flip_ud,0.0003029210784006864,7c66cb00,1.0,750,0.004065732471644878
24,1,transpose,0.010242580436170101,7c66cb00,0.9986559152603149,744,0.004065732471644878
24,1,anti_transpose,2.612293064885307e-05,7c66cb00,1.0,744,0.004065732471644878
48,1,identity,0.010661919601261616,7c66cb00,0.9959999918937683,750,0.005125942640006542
48,1,rot90,0.0056763142347335815,7c66cb00,0.9946236610412598,744,0.005125942640006542
48,1,rot180,0.0002923393331002444,7c66cb00,1.0,750,0.005125942640006542
48,1,rot270,0.0009755268692970276,7c66cb00,1.0,744,0.005125942640006542
48,1,flip_lr,0.009976113215088844,7c66cb00,0.9959999918937683,750,0.005125942640006542
48,1,flip_ud,0.0004581261018756777,7c66cb00,1.0,750,0.005125942640006542
48,1,transpose,0.007296212483197451,7c66cb00,0.9986559152603149,744,0.005125942640006542
48,1,anti_transpose,2.0129467884544283e-05,7c66cb00,1.0,744,0.005125942640006542
72,1,identity,0.010234905406832695,7c66cb00,0.9959999918937683,750,0.0005098333931528032
72,1,rot90,0.006079857237637043,7c66cb00,0.9973118305206299,744,0.0005098333931528032
72,1,rot180,0.00017475654021836817,7c66cb00,1.0,750,0.0005098333931528032
72,1,rot270,0.00042404577834531665,7c66cb00,1.0,744,0.0005098333931528032
72,1,flip_lr,0.009764461778104305,7c66cb00,0.9959999918937683,750,0.0005098333931528032
72,1,flip_ud,5.5525120842503384e-05,7c66cb00,1.0,750,0.0005098333931528032
72,1,transpose,0.011333752423524857,7c66cb00,0.9986559152603149,744,0.0005098333931528032
72,1,anti_transpose,2.4253929495898774e-06,7c66cb00,1.0,744,0.0005098333931528032
0,2,identity,0.014450052753090858,7c66cb00,0.9973333477973938,750,
0,2,rot90,0.010016407817602158,7c66cb00,0.9959677457809448,744,
0,2,rot180,0.00755878072232008,7c66cb00,0.9973333477973938,750,
0,2,rot270,0.008701642043888569,7c66cb00,0.9973118305206299,744,
0,2,flip_lr,0.013422878459095955,7c66cb00,0.9973333477973938,750,
0,2,flip_ud,0.006563444156199694,7c66cb00,0.9959999918937683,750,
0,2,transpose,0.007167575880885124,7c66cb00,0.9986559152603149,744,
0,2,anti_transpose,0.005324964411556721,7c66cb00,0.9986559152603149,744,
12,2,identity,0.006948022171854973,7c66cb00,0.9973333477973938,750,0.011984202079474926
12,2,rot90,0.006165893282741308,7c66cb00,0.9986559152603149,744,0.011984202079474926
12,2,rot180,0.002766431774944067,7c66cb00,1.0,750,0.011984202079474926
12,2,rot270,0.004321024753153324,7c66cb00,0.9986559152603149,744,0.011984202079474926
12,2,flip_lr,0.010518667288124561,7c66cb00,0.9946666359901428,750,0.011984202079474926
12,2,flip_ud,0.0031709964387118816,7c66cb00,0.9986666440963745,750,0.011984202079474926
12,2,transpose,0.00421391986310482,7c66cb00,0.9986559152603149,744,0.011984202079474926
12,2,anti_transpose,0.0036786827258765697,7c66cb00,0.9973118305206299,744,0.011984202079474926
24,2,identity,0.004075523000210524,7c66cb00,0.9986666440963745,750,0.007645388133823872
24,2,rot90,0.0078524025157094,7c66cb00,0.9973118305206299,744,0.007645388133823872
24,2,rot180,0.0011992453364655375,7c66cb00,0.9986666440963745,750,0.007645388133823872
24,2,rot270,0.0021886767353862524,7c66cb00,0.9986559152603149,744,0.007645388133823872
24,2,flip_lr,0.006921932101249695,7c66cb00,0.9973333477973938,750,0.007645388133823872
24,2,flip_ud,0.00185457116458565,7c66cb00,0.9986666440963745,750,0.007645388133823872
24,2,transpose,0.00047166371950879693,7c66cb00,1.0,744,0.007645388133823872
24,2,anti_transpose,0.005742853507399559,7c66cb00,0.9986559152603149,744,0.007645388133823872
48,2,identity,0.0037169118877500296,7c66cb00,0.9986666440963745,750,0.0035486030392348766
48,2,rot90,0.00605564471334219,7c66cb00,0.9986559152603149,744,0.0035486030392348766
48,2,rot180,0.0009215857135131955,7c66cb00,1.0,750,0.0035486030392348766
48,2,rot270,0.0028209807351231575,7c66cb00,0.9986559152603149,744,0.0035486030392348766
48,2,flip_lr,0.004710264969617128,7c66cb00,0.9973333477973938,750,0.0035486030392348766
48,2,flip_ud,0.002451512962579727,7c66cb00,0.9986666440963745,750,0.0035486030392348766
48,2,transpose,0.0007008178508840501,7c66cb00,1.0,744,0.0035486030392348766
48,2,anti_transpose,0.003833778202533722,7c66cb00,0.9986559152603149,744,0.0035486030392348766
72,2,identity,0.004356713965535164,7c66cb00,0.9959999918937683,750,0.0016649470198899508
72,2,rot90,0.007425544783473015,7c66cb00,0.9986559152603149,744,0.0016649470198899508
72,2,rot180,0.0007025482482276857,7c66cb00,1.0,750,0.0016649470198899508
72,2,rot270,0.0036899300757795572,7c66cb00,0.9986559152603149,744,0.0016649470198899508
72,2,flip_lr,0.006182958371937275,7c66cb00,0.9973333477973938,750,0.0016649470198899508
72,2,flip_ud,0.0016144330147653818,7c66cb00,0.9986666440963745,750,0.0016649470198899508
72,2,transpose,0.0005422766553238034,7c66cb00,1.0,744,0.0016649470198899508
72,2,anti_transpose,0.0038486304692924023,7c66cb00,0.9986559152603149,744,0.0016649470198899508
0,0,identity,0.01041176076978445,5961cc34,0.9951923489570618,208,
0,0,rot90,0.001660215319134295,5961cc34,1.0,210,
0,0,rot180,0.0023327432572841644,5961cc34,1.0,208,
0,0,rot270,0.006739288102835417,5961cc34,0.9952381253242493,210,
0,0,flip_lr,0.004895628429949284,5961cc34,0.9951923489570618,208,
0,0,flip_ud,0.0023339122999459505,5961cc34,1.0,208,
0,0,transpose,0.006444755010306835,5961cc34,0.9952381253242493,210,
0,0,anti_transpose,0.0008426756830886006,5961cc34,1.0,210,
12,0,identity,0.017157217487692833,5961cc34,0.9951923489570618,208,0.005084683187305927
12,0,rot90,0.0003045258345082402,5961cc34,1.0,210,0.005084683187305927
12,0,rot180,0.0010479037882760167,5961cc34,1.0,208,0.005084683187305927
12,0,rot270,0.00876583717763424,5961cc34,0.9952381253242493,210,0.005084683187305927
12,0,flip_lr,0.004934959579259157,5961cc34,0.9951923489570618,208,0.005084683187305927
12,0,flip_ud,0.0023926568683236837,5961cc34,1.0,208,0.005084683187305927
12,0,transpose,0.006193377077579498,5961cc34,0.9952381253242493,210,0.005084683187305927
12,0,anti_transpose,0.0003419275162741542,5961cc34,1.0,210,0.005084683187305927
24,0,identity,0.008274071849882603,5961cc34,0.9951923489570618,208,0.004633952863514423
24,0,rot90,0.001337081310339272,5961cc34,1.0,210,0.004633952863514423
24,0,rot180,0.0009444769821129739,5961cc34,1.0,208,0.004633952863514423
24,0,rot270,0.020205624401569366,5961cc34,0.9904762506484985,210,0.004633952863514423
24,0,flip_lr,0.0004371027462184429,5961cc34,1.0,208,0.004633952863514423
24,0,flip_ud,0.0016043868381530046,5961cc34,1.0,208,0.004633952863514423
24,0,transpose,0.022643866017460823,5961cc34,0.9904762506484985,210,0.004633952863514423
24,0,anti_transpose,0.0015939433360472322,5961cc34,1.0,210,0.004633952863514423
48,0,identity,0.008211302570998669,5961cc34,0.9951923489570618,208,0.0005924196448177099
48,0,rot90,0.0023145994637161493,5961cc34,1.0,210,0.0005924196448177099
48,0,rot180,0.001526109641417861,5961cc34,1.0,208,0.0005924196448177099
48,0,rot270,0.01568439044058323,5961cc34,0.9952381253242493,210,0.0005924196448177099
48,0,flip_lr,0.010410045273602009,5961cc34,0.9951923489570618,208,0.0005924196448177099
48,0,flip_ud,0.0010048283729702234,5961cc34,1.0,208,0.0005924196448177099
48,0,transpose,0.0068640862591564655,5961cc34,0.9952381253242493,210,0.0005924196448177099
48,0,anti_transpose,0.0033640835899859667,5961cc34,0.9952381253242493,210,0.0005924196448177099
72,0,identity,0.033675938844680786,5961cc34,0.9951923489570618,208,9.158893226413056e-05
72,0,rot90,0.03096168115735054,5961cc34,0.9952381253242493,210,9.158893226413056e-05
72,0,rot180,0.03365858644247055,5961cc34,0.9951923489570618,208,9.158893226413056e-05
72,0,rot270,0.04347529634833336,5961cc34,0.9952381253242493,210,9.158893226413056e-05
72,0,flip_lr,0.033697936683893204,5961cc34,0.9951923489570618,208,9.158893226413056e-05
72,0,flip_ud,0.03366003930568695,5961cc34,0.9951923489570618,208,9.158893226413056e-05
72,0,transpose,0.028671344742178917,5961cc34,0.9952381253242493,210,9.158893226413056e-05
72,0,anti_transpose,0.03810625895857811,5961cc34,0.9952381253242493,210,9.158893226413056e-05
0,1,identity,0.012832428328692913,5961cc34,0.9983277320861816,598,
0,1,rot90,0.01279190368950367,5961cc34,0.9950000047683716,600,
0,1,rot180,0.012395567260682583,5961cc34,0.9966555237770081,598,
0,1,rot270,0.004243324510753155,5961cc34,0.9983333349227905,600,
0,1,flip_lr,0.014276882633566856,5961cc34,0.9949832558631897,598,
0,1,flip_ud,0.012337608262896538,5961cc34,0.9983277320861816,598,
0,1,transpose,0.0038574894424527884,5961cc34,0.9983333349227905,600,
0,1,anti_transpose,0.015457396395504475,5961cc34,0.9933333396911621,600,
12,1,identity,0.013509141281247139,5961cc34,0.9966555237770081,598,0.0040345084853470325
12,1,rot90,0.009321198798716068,5961cc34,0.9950000047683716,600,0.0040345084853470325
12,1,rot180,0.015317460522055626,5961cc34,0.9966555237770081,598,0.0040345084853470325
12,1,rot270,0.0038405852392315865,5961cc34,0.9983333349227905,600,0.0040345084853470325
12,1,flip_lr,0.015141048468649387,5961cc34,0.9966555237770081,598,0.0040345084853470325
12,1,flip_ud,0.013650191016495228,5961cc34,0.9983277320861816,598,0.0040345084853470325
12,1,transpose,0.002062104642391205,5961cc34,1.0,600,0.0040345084853470325
12,1,anti_transpose,0.011302833445370197,5961cc34,0.9933333396911621,600,0.0040345084853470325
24,1,identity,0.034650273621082306,5961cc34,0.9949832558631897,598,0.002228090073913336
24,1,rot90,0.0278994869440794,5961cc34,0.996666669845581,600,0.002228090073913336
24,1,rot180,0.042665354907512665,5961cc34,0.9966555237770081,598,0.002228090073913336
24,1,rot270,0.0067779612727463245,5961cc34,0.9983333349227905,600,0.002228090073913336
24,1,flip_lr,0.03639461100101471,5961cc34,0.9966555237770081,598,0.002228090073913336
24,1,flip_ud,0.030068276450037956,5961cc34,0.9983277320861816,598,0.002228090073913336
24,1,transpose,0.0017052630428224802,5961cc34,0.9983333349227905,600,0.002228090073913336
24,1,anti_transpose,0.02671709470450878,5961cc34,0.9950000047683716,600,0.002228090073913336
48,1,identity,0.018389249220490456,5961cc34,0.9983277320861816,598,0.00036217659362591803
48,1,rot90,0.017895948141813278,5961cc34,0.9950000047683716,600,0.00036217659362591803
48,1,rot180,0.026280835270881653,5961cc34,0.9949832558631897,598,0.00036217659362591803
48,1,rot270,0.009487991221249104,5961cc34,0.9983333349227905,600,0.00036217659362591803
48,1,flip_lr,0.034273359924554825,5961cc34,0.9933110475540161,598,0.00036217659362591803
48,1,flip_ud,0.010054624639451504,5961cc34,0.9983277320861816,598,0.00036217659362591803
48,1,transpose,0.012299815192818642,5961cc34,0.996666669845581,600,0.00036217659362591803
48,1,anti_transpose,0.018297089263796806,5961cc34,0.996666669845581,600,0.00036217659362591803
72,1,identity,0.01760660670697689,5961cc34,0.9966555237770081,598,5.24128699908033e-05
72,1,rot90,0.016706861555576324,5961cc34,0.996666669845581,600,5.24128699908033e-05
72,1,rot180,0.025268716737627983,5961cc34,0.9966555237770081,598,5.24128699908033e-05
72,1,rot270,0.013734493404626846,5961cc34,0.9983333349227905,600,5.24128699908033e-05
72,1,flip_lr,0.022262895479798317,5961cc34,0.9949832558631897,598,5.24128699908033e-05
72,1,flip_ud,0.010893098078668118,5961cc34,0.9983277320861816,598,5.24128699908033e-05
72,1,transpose,0.009843703359365463,5961cc34,0.9983333349227905,600,5.24128699908033e-05
72,1,anti_transpose,0.018678806722164154,5961cc34,0.9983333349227905,600,5.24128699908033e-05
0,2,identity,0.004615399055182934,5961cc34,0.9981096386909485,529,
0,2,rot90,0.006819404661655426,5961cc34,0.9962121248245239,528,
0,2,rot180,0.003949430771172047,5961cc34,0.9981096386909485,529,
0,2,rot270,0.004121383186429739,5961cc34,0.998106062412262,528,
0,2,flip_lr,0.006438545882701874,5961cc34,0.9981096386909485,529,
0,2,flip_ud,0.004977702163159847,5961cc34,0.996219277381897,529,
0,2,transpose,0.0027284901589155197,5961cc34,1.0,528,
0,2,anti_transpose,0.006050630006939173,5961cc34,0.998106062412262,528,
12,2,identity,0.004444421734660864,5961cc34,0.9981096386909485,529,0.008165360428392887
12,2,rot90,0.007738451007753611,5961cc34,0.998106062412262,528,0.008165360428392887
12,2,rot180,0.004036770202219486,5961cc34,0.9981096386909485,529,0.008165360428392887
12,2,rot270,0.00694910017773509,5961cc34,0.998106062412262,528,0.008165360428392887
12,2,flip_lr,0.0013485993258655071,5961cc34,1.0,529,0.008165360428392887
12,2,flip_ud,0.00422185193747282,5961cc34,0.9981096386909485,529,0.008165360428392887
12,2,transpose,0.00027237297035753727,5961cc34,1.0,528,0.008165360428392887
12,2,anti_transpose,0.008290923200547695,5961cc34,0.9962121248245239,528,0.008165360428392887
24,2,identity,0.004113749135285616,5961cc34,0.9981096386909485,529,0.003508661175146699
24,2,rot90,0.018008258193731308,5961cc34,0.998106062412262,528,0.003508661175146699
24,2,rot180,0.016071289777755737,5961cc34,0.9981096386909485,529,0.003508661175146699
24,2,rot270,0.020851153880357742,5961cc34,0.9962121248245239,528,0.003508661175146699
24,2,flip_lr,0.015525471419095993,5961cc34,0.9981096386909485,529,0.003508661175146699
24,2,flip_ud,0.005773572251200676,5961cc34,0.9981096386909485,529,0.003508661175146699
24,2,transpose,0.0045032799243927,5961cc34,0.998106062412262,528,0.003508661175146699
24,2,anti_transpose,0.02085776813328266,5961cc34,0.9962121248245239,528,0.003508661175146699
48,2,identity,0.00024272166774608195,5961cc34,1.0,529,0.002040571765974164
48,2,rot90,0.0010579579975456,5961cc34,1.0,528,0.002040571765974164
48,2,rot180,0.0003823777078650892,5961cc34,1.0,529,0.002040571765974164
48,2,rot270,0.0013534316094592214,5961cc34,1.0,528,0.002040571765974164
48,2,flip_lr,0.009846741333603859,5961cc34,0.9981096386909485,529,0.002040571765974164
48,2,flip_ud,0.0013146036071702838,5961cc34,1.0,529,0.002040571765974164
48,2,transpose,0.0002656390133779496,5961cc34,1.0,528,0.002040571765974164
48,2,anti_transpose,0.004093277268111706,5961cc34,0.998106062412262,528,0.002040571765974164
72,2,identity,9.451834921492264e-05,5961cc34,1.0,529,4.2449402826605365e-05
72,2,rot90,0.008583004586398602,5961cc34,0.998106062412262,528,4.2449402826605365e-05
72,2,rot180,9.656460861151572e-06,5961cc34,1.0,529,4.2449402826605365e-05
72,2,rot270,0.008552316576242447,5961cc34,0.998106062412262,528,4.2449402826605365e-05
72,2,flip_lr,2.795984983094968e-06,5961cc34,1.0,529,4.2449402826605365e-05
72,2,flip_ud,0.012890558689832687,5961cc34,0.996219277381897,529,4.2449402826605365e-05
72,2,transpose,0.0002472304040566087,5961cc34,1.0,528,4.2449402826605365e-05
72,2,anti_transpose,0.01554376631975174,5961cc34,0.998106062412262,528,4.2449402826605365e-05
0,3,identity,0.001869354397058487,5961cc34,1.0,529,
0,3,rot90,0.006193258333951235,5961cc34,0.998106062412262,528,
0,3,rot180,0.0014214918483048677,5961cc34,1.0,529,
0,3,rot270,0.0019344985485076904,5961cc34,1.0,528,
0,3,flip_lr,0.0018617217428982258,5961cc34,1.0,529,
0,3,flip_ud,0.0007011097623035312,5961cc34,1.0,529,
0,3,transpose,0.0020073018968105316,5961cc34,1.0,528,
0,3,anti_transpose,0.00570584274828434,5961cc34,0.998106062412262,528,
12,3,identity,0.00040706503205001354,5961cc34,1.0,529,0.007129576522856951
12,3,rot90,0.0030958508141338825,5961cc34,0.998106062412262,528,0.007129576522856951
12,3,rot180,0.0007934868917800486,5961cc34,1.0,529,0.007129576522856951
12,3,rot270,0.0007026770035736263,5961cc34,1.0,528,0.007129576522856951
12,3,flip_lr,0.0017612369265407324,5961cc34,1.0,529,0.007129576522856951
12,3,flip_ud,0.00019288973999209702,5961cc34,1.0,529,0.007129576522856951
12,3,transpose,0.00012848619371652603,5961cc34,1.0,528,0.007129576522856951
12,3,anti_transpose,0.005144486203789711,5961cc34,0.998106062412262,528,0.007129576522856951
24,3,identity,0.00024468134506605566,5961cc34,1.0,529,0.003407999873161316
24,3,rot90,0.01992758922278881,5961cc34,0.998106062412262,528,0.003407999873161316
24,3,rot180,0.0013131352607160807,5961cc34,1.0,529,0.003407999873161316
24,3,rot270,0.0009037313866429031,5961cc34,1.0,528,0.003407999873161316
24,3,flip_lr,0.004614538047462702,5961cc34,0.9981096386909485,529,0.003407999873161316
24,3,flip_ud,5.798064194095787e-06,5961cc34,1.0,529,0.003407999873161316
24,3,transpose,9.467807103646919e-05,5961cc34,1.0,528,0.003407999873161316
24,3,anti_transpose,0.024652697145938873,5961cc34,0.998106062412262,528,0.003407999873161316
48,3,identity,1.817707197915297e-05,5961cc34,1.0,529,0.0008020710083656013
48,3,rot90,0.017093775793910027,5961cc34,0.9962121248245239,528,0.0008020710083656013
48,3,rot180,0.0004736070695798844,5961cc34,1.0,529,0.0008020710083656013
48,3,rot270,4.942865780321881e-05,5961cc34,1.0,528,0.0008020710083656013
48,3,flip_lr,0.0006053526885807514,5961cc34,1.0,529,0.0008020710083656013
48,3,flip_ud,5.760498243034817e-05,5961cc34,1.0,529,0.0008020710083656013
48,3,transpose,0.00017017425852827728,5961cc34,1.0,528,0.0008020710083656013
48,3,anti_transpose,0.013392265886068344,5961cc34,0.9962121248245239,528,0.0008020710083656013
72,3,identity,9.504377521807328e-05,5961cc34,1.0,529,3.4170003345934674e-05
72,3,rot90,0.029738087207078934,5961cc34,0.9962121248245239,528,3.4170003345934674e-05
72,3,rot180,0.0028639889787882566,5961cc34,0.9981096386909485,529,3.4170003345934674e-05
72,3,rot270,0.00025351904332637787,5961cc34,1.0,528,3.4170003345934674e-05
72,3,flip_lr,0.0011844213586300611,5961cc34,1.0,529,3.4170003345934674e-05
72,3,flip_ud,0.00024034838133957237,5961cc34,1.0,529,3.4170003345934674e-05
72,3,transpose,0.0002593433018773794,5961cc34,1.0,528,3.4170003345934674e-05
72,3,anti_transpose,0.026757536455988884,5961cc34,0.9962121248245239,528,3.4170003345934674e-05
0,0,identity,0.021861353889107704,faa9f03d,0.9935897588729858,156,
0,0,rot90,0.044662751257419586,faa9f03d,0.9807692170143127,156,
0,0,rot180,0.02762247994542122,faa9f03d,0.9807692170143127,156,
0,0,rot270,0.015378274954855442,faa9f03d,1.0,156,
0,0,flip_lr,0.0503317192196846,faa9f03d,0.9935897588729858,156,
0,0,flip_ud,0.03190924972295761,faa9f03d,0.9807692170143127,156,
0,0,transpose,0.01980137825012207,faa9f03d,0.9935897588729858,156,
0,0,anti_transpose,0.0119231678545475,faa9f03d,0.9935897588729858,156,
12,0,identity,0.03850575536489487,faa9f03d,0.9935897588729858,156,0.03825775906443596
12,0,rot90,0.03487338498234749,faa9f03d,0.9871795177459717,156,0.03825775906443596
12,0,rot180,0.029935069382190704,faa9f03d,0.9871795177459717,156,0.03825775906443596
12,0,rot270,0.020962676033377647,faa9f03d,1.0,156,0.03825775906443596
12,0,flip_lr,0.05094621330499649,faa9f03d,0.9871795177459717,156,0.03825775906443596
12,0,flip_ud,0.03705092519521713,faa9f03d,0.9807692170143127,156,0.03825775906443596
12,0,transpose,0.025495804846286774,faa9f03d,0.9935897588729858,156,0.03825775906443596
12,0,anti_transpose,0.014993172138929367,faa9f03d,0.9935897588729858,156,0.03825775906443596
24,0,identity,0.03644442930817604,faa9f03d,0.9871795177459717,156,0.005110227037221193
24,0,rot90,0.057432498782873154,faa9f03d,0.9807692170143127,156,0.005110227037221193
24,0,rot180,0.04213786497712135,faa9f03d,0.9871795177459717,156,0.005110227037221193
24,0,rot270,0.01787078194320202,faa9f03d,0.9935897588729858,156,0.005110227037221193
24,0,flip_lr,0.0917573869228363,faa9f03d,0.9807692170143127,156,0.005110227037221193
24,0,flip_ud,0.04211766645312309,faa9f03d,0.9935897588729858,156,0.005110227037221193
24,0,transpose,0.025716744363307953,faa9f03d,0.9935897588729858,156,0.005110227037221193
24,0,anti_transpose,0.02969840168952942,faa9f03d,0.9807692170143127,156,0.005110227037221193
48,0,identity,0.03473907336592674,faa9f03d,0.9935897588729858,156,6.827330071246251e-05
48,0,rot90,0.05943601578474045,faa9f03d,0.9807692170143127,156,6.827330071246251e-05
48,0,rot180,0.044240787625312805,faa9f03d,0.9871795177459717,156,6.827330071246251e-05
48,0,rot270,0.027310365810990334,faa9f03d,0.9935897588729858,156,6.827330071246251e-05
48,0,flip_lr,0.11317678540945053,faa9f03d,0.9871795177459717,156,6.827330071246251e-05
48,0,flip_ud,0.07117059826850891,faa9f03d,0.9807692170143127,156,6.827330071246251e-05
48,0,transpose,0.03519756719470024,faa9f03d,0.9935897588729858,156,6.827330071246251e-05
48,0,anti_transpose,0.051018793135881424,faa9f03d,0.9871795177459717,156,6.827330071246251e-05
72,0,identity,0.03306160122156143,faa9f03d,0.9935897588729858,156,0.0006154622533358634
72,0,rot90,0.05261402949690819,faa9f03d,0.9679487347602844,156,0.0006154622533358634
72,0,rot180,0.014268570579588413,faa9f03d,0.9935897588729858,156,0.0006154622533358634
72,0,rot270,0.02181720733642578,faa9f03d,0.9935897588729858,156,0.0006154622533358634
72,0,flip_lr,0.08747516572475433,faa9f03d,0.9871795177459717,156,0.0006154622533358634
72,0,flip_ud,0.04300945997238159,faa9f03d,0.9807692170143127,156,0.0006154622533358634
72,0,transpose,0.03130500391125679,faa9f03d,0.9935897588729858,156,0.0006154622533358634
72,0,anti_transpose,0.041287705302238464,faa9f03d,0.9871795177459717,156,0.0006154622533358634
0,1,identity,0.11802856624126434,faa9f03d,0.9743589758872986,156,
0,1,rot90,0.1354447603225708,faa9f03d,0.9743589758872986,156,
0,1,rot180,0.13125966489315033,faa9f03d,0.9679487347602844,156,
0,1,rot270,0.13322336971759796,faa9f03d,0.9358974695205688,156,
0,1,flip_lr,0.1469222754240036,faa9f03d,0.9743589758872986,156,
0,1,flip_ud,0.11633087694644928,faa9f03d,0.9615384936332703,156,
0,1,transpose,0.10522348433732986,faa9f03d,0.9551281929016113,156,
0,1,anti_transpose,0.13071976602077484,faa9f03d,0.9551281929016113,156,
12,1,identity,0.11822900921106339,faa9f03d,0.9679487347602844,156,0.027677658945322037
12,1,rot90,0.13068440556526184,faa9f03d,0.9679487347602844,156,0.027677658945322037
12,1,rot180,0.11743495613336563,faa9f03d,0.9743589758872986,156,0.027677658945322037
12,1,rot270,0.10882646590471268,faa9f03d,0.9551281929016113,156,0.027677658945322037
12,1,flip_lr,0.14914003014564514,faa9f03d,0.9679487347602844,156,0.027677658945322037
12,1,flip_ud,0.13255256414413452,faa9f03d,0.9679487347602844,156,0.027677658945322037
12,1,transpose,0.0980662927031517,faa9f03d,0.9615384936332703,156,0.027677658945322037
12,1,anti_transpose,0.12685588002204895,faa9f03d,0.9615384936332703,156,0.027677658945322037
24,1,identity,0.14639189839363098,faa9f03d,0.9679487347602844,156,0.0011012982577085495
24,1,rot90,0.13442327082157135,faa9f03d,0.9615384936332703,156,0.0011012982577085495
24,1,rot180,0.11604423820972443,faa9f03d,0.9807692170143127,156,0.0011012982577085495
24,1,rot270,0.10646673291921616,faa9f03d,0.9743589758872986,156,0.0011012982577085495
24,1,flip_lr,0.13129128515720367,faa9f03d,0.9615384936332703,156,0.0011012982577085495
24,1,flip_ud,0.16181546449661255,faa9f03d,0.9679487347602844,156,0.0011012982577085495
24,1,transpose,0.12518811225891113,faa9f03d,0.9743589758872986,156,0.0011012982577085495
24,1,anti_transpose,0.09897751361131668,faa9f03d,0.9615384936332703,156,0.0011012982577085495
48,1,identity,0.18202964961528778,faa9f03d,0.9679487347602844,156,5.4432795877801254e-05
48,1,rot90,0.16507025063037872,faa9f03d,0.9551281929016113,156,5.4432795877801254e-05
48,1,rot180,0.14168716967105865,faa9f03d,0.9743589758872986,156,5.4432795877801254e-05
48,1,rot270,0.10755295306444168,faa9f03d,0.9807692170143127,156,5.4432795877801254e-05
48,1,flip_lr,0.17656898498535156,faa9f03d,0.9615384936332703,156,5.4432795877801254e-05
48,1,flip_ud,0.1864536553621292,faa9f03d,0.9679487347602844,156,5.4432795877801254e-05
48,1,transpose,0.12854501605033875,faa9f03d,0.9743589758872986,156,5.4432795877801254e-05
48,1,anti_transpose,0.13250358402729034,faa9f03d,0.9679487347602844,156,5.4432795877801254e-05
72,1,identity,0.18521809577941895,faa9f03d,0.9679487347602844,156,0.00010089384886668995
72,1,rot90,0.1816292554140091,faa9f03d,0.9551281929016113,156,0.00010089384886668995
72,1,rot180,0.16662418842315674,faa9f03d,0.9679487347602844,156,0.00010089384886668995
72,1,rot270,0.12559917569160461,faa9f03d,0.9807692170143127,156,0.00010089384886668995
72,1,flip_lr,0.1802104115486145,faa9f03d,0.9615384936332703,156,0.00010089384886668995
72,1,flip_ud,0.21256566047668457,faa9f03d,0.9615384936332703,156,0.00010089384886668995
72,1,transpose,0.14349719882011414,faa9f03d,0.9743589758872986,156,0.00010089384886668995
72,1,anti_transpose,0.1536889523267746,faa9f03d,0.9679487347602844,156,0.00010089384886668995
0,2,identity,0.10633436590433121,faa9f03d,0.9679487347602844,156,
0,2,rot90,0.10149358212947845,faa9f03d,0.9551281929016113,156,
0,2,rot180,0.06511886417865753,faa9f03d,0.9807692170143127,156,
0,2,rot270,0.0857459232211113,faa9f03d,0.9807692170143127,156,
0,2,flip_lr,0.08453653752803802,faa9f03d,0.9871795177459717,156,
0,2,flip_ud,0.05436215177178383,faa9f03d,0.9871795177459717,156,
0,2,transpose,0.08957582712173462,faa9f03d,0.9743589758872986,156,
0,2,anti_transpose,0.0948016494512558,faa9f03d,0.9807692170143127,156,
12,2,identity,0.09641999751329422,faa9f03d,0.9743589758872986,156,0.039553239941596985
12,2,rot90,0.08194635063409805,faa9f03d,0.9679487347602844,156,0.039553239941596985
12,2,rot180,0.09309729188680649,faa9f03d,0.9743589758872986,156,0.039553239941596985
12,2,rot270,0.07879576086997986,faa9f03d,0.9871795177459717,156,0.039553239941596985
12,2,flip_lr,0.09418679773807526,faa9f03d,0.9743589758872986,156,0.039553239941596985
12,2,flip_ud,0.06115909293293953,faa9f03d,0.9807692170143127,156,0.039553239941596985
12,2,transpose,0.06224115192890167,faa9f03d,0.9871795177459717,156,0.039553239941596985
12,2,anti_transpose,0.07277891039848328,faa9f03d,0.9807692170143127,156,0.039553239941596985
24,2,identity,0.12681593000888824,faa9f03d,0.9743589758872986,156,0.008489596657454967
24,2,rot90,0.13800735771656036,faa9f03d,0.9743589758872986,156,0.008489596657454967
24,2,rot180,0.11776859313249588,faa9f03d,0.9743589758872986,156,0.008489596657454967
24,2,rot270,0.0694107860326767,faa9f03d,0.9871795177459717,156,0.008489596657454967
24,2,flip_lr,0.14934679865837097,faa9f03d,0.9615384936332703,156,0.008489596657454967
24,2,flip_ud,0.09110333770513535,faa9f03d,0.9871795177459717,156,0.008489596657454967
24,2,transpose,0.11588191986083984,faa9f03d,0.9871795177459717,156,0.008489596657454967
24,2,anti_transpose,0.10492508113384247,faa9f03d,0.9807692170143127,156,0.008489596657454967
48,2,identity,0.12942712008953094,faa9f03d,0.9871795177459717,156,9.348453750135377e-05
48,2,rot90,0.1352079063653946,faa9f03d,0.9743589758872986,156,9.348453750135377e-05
48,2,rot180,0.08219143003225327,faa9f03d,0.9807692170143127,156,9.348453750135377e-05
48,2,rot270,0.09099423885345459,faa9f03d,0.9871795177459717,156,9.348453750135377e-05
48,2,flip_lr,0.12374952435493469,faa9f03d,0.9743589758872986,156,9.348453750135377e-05
48,2,flip_ud,0.06563691794872284,faa9f03d,0.9935897588729858,156,9.348453750135377e-05
48,2,transpose,0.13823111355304718,faa9f03d,0.9807692170143127,156,9.348453750135377e-05
48,2,anti_transpose,0.12247686088085175,faa9f03d,0.9743589758872986,156,9.348453750135377e-05
72,2,identity,0.1229584664106369,faa9f03d,0.9871795177459717,156,3.369649130036123e-05
72,2,rot90,0.1451728343963623,faa9f03d,0.9743589758872986,156,3.369649130036123e-05
72,2,rot180,0.08527379482984543,faa9f03d,0.9807692170143127,156,3.369649130036123e-05
72,2,rot270,0.10024447739124298,faa9f03d,0.9871795177459717,156,3.369649130036123e-05
72,2,flip_lr,0.11691731959581375,faa9f03d,0.9743589758872986,156,3.369649130036123e-05
72,2,flip_ud,0.07795275002717972,faa9f03d,0.9935897588729858,156,3.369649130036123e-05
72,2,transpose,0.14884056150913239,faa9f03d,0.9871795177459717,156,3.369649130036123e-05
72,2,anti_transpose,0.11635282635688782,faa9f03d,0.9743589758872986,156,3.369649130036123e-05
0,0,identity,0.09243247658014297,35ab12c3,0.973809540271759,420,
0,0,rot90,0.11289087682962418,35ab12c3,0.9642857313156128,420,
0,0,rot180,0.09371817111968994,35ab12c3,0.9690476655960083,420,
0,0,rot270,0.08813800662755966,35ab12c3,0.971428632736206,420,
0,0,flip_lr,0.10533423721790314,35ab12c3,0.9571428894996643,420,
0,0,flip_ud,0.08394262939691544,35ab12c3,0.971428632736206,420,
0,0,transpose,0.08291767537593842,35ab12c3,0.9761905074119568,420,
0,0,anti_transpose,0.11688664555549622,35ab12c3,0.9595238566398621,420,
12,0,identity,0.11071071028709412,35ab12c3,0.973809540271759,420,0.0550900436937809
12,0,rot90,0.1141054704785347,35ab12c3,0.9619048237800598,420,0.0550900436937809
12,0,rot180,0.11599954962730408,35ab12c3,0.9690476655960083,420,0.0550900436937809
12,0,rot270,0.11036492884159088,35ab12c3,0.9666666984558105,420,0.0550900436937809
12,0,flip_lr,0.11479329317808151,35ab12c3,0.9666666984558105,420,0.0550900436937809
12,0,flip_ud,0.08383017778396606,35ab12c3,0.973809540271759,420,0.0550900436937809
12,0,transpose,0.10516532510519028,35ab12c3,0.9642857313156128,420,0.0550900436937809
12,0,anti_transpose,0.12417576462030411,35ab12c3,0.9642857313156128,420,0.0550900436937809
24,0,identity,0.16705521941184998,35ab12c3,0.9642857313156128,420,0.0171172097325325
24,0,rot90,0.16421133279800415,35ab12c3,0.9547619223594666,420,0.0171172097325325
24,0,rot180,0.15049369633197784,35ab12c3,0.9690476655960083,420,0.0171172097325325
24,0,rot270,0.14791379868984222,35ab12c3,0.9619048237800598,420,0.0171172097325325
24,0,flip_lr,0.17357178032398224,35ab12c3,0.9642857313156128,420,0.0171172097325325
24,0,flip_ud,0.11802012473344803,35ab12c3,0.9809524416923523,420,0.0171172097325325
24,0,transpose,0.1751134991645813,35ab12c3,0.9547619223594666,420,0.0171172097325325
24,0,anti_transpose,0.1673843264579773,35ab12c3,0.9619048237800598,420,0.0171172097325325
48,0,identity,0.14438995718955994,35ab12c3,0.971428632736206,420,0.0015776841901242733
48,0,rot90,0.14722831547260284,35ab12c3,0.9571428894996643,420,0.0015776841901242733
48,0,rot180,0.11076406389474869,35ab12c3,0.9619048237800598,420,0.0015776841901242733
48,0,rot270,0.1266184002161026,35ab12c3,0.9619048237800598,420,0.0015776841901242733
48,0,flip_lr,0.15423031151294708,35ab12c3,0.9619048237800598,420,0.0015776841901242733
48,0,flip_ud,0.1139206811785698,35ab12c3,0.9690476655960083,420,0.0015776841901242733
48,0,transpose,0.15169167518615723,35ab12c3,0.9595238566398621,420,0.0015776841901242733
48,0,anti_transpose,0.12943090498447418,35ab12c3,0.9666666984558105,420,0.0015776841901242733
72,0,identity,0.15695787966251373,35ab12c3,0.9642857313156128,420,0.0015347461448982358
72,0,rot90,0.16169528663158417,35ab12c3,0.9619048237800598,420,0.0015347461448982358
72,0,rot180,0.12366311252117157,35ab12c3,0.9666666984558105,420,0.0015347461448982358
72,0,rot270,0.14921313524246216,35ab12c3,0.9666666984558105,420,0.0015347461448982358
72,0,flip_lr,0.15879207849502563,35ab12c3,0.9571428894996643,420,0.0015347461448982358
72,0,flip_ud,0.13661238551139832,35ab12c3,0.9666666984558105,420,0.0015347461448982358
72,0,transpose,0.16391412913799286,35ab12c3,0.9619048237800598,420,0.0015347461448982358
72,0,anti_transpose,0.14269082248210907,35ab12c3,0.9642857313156128,420,0.0015347461448982358
0,1,identity,0.05936283990740776,35ab12c3,0.9766082167625427,342,
0,1,rot90,0.06648815423250198,35ab12c3,0.9736841917037964,342,
0,1,rot180,0.07184746861457825,35ab12c3,0.9766082167625427,342,
0,1,rot270,0.06823939830064774,35ab12c3,0.9766082167625427,342,
0,1,flip_lr,0.06681381165981293,35ab12c3,0.9795321822166443,342,
0,1,flip_ud,0.060656096786260605,35ab12c3,0.9824561476707458,342,
0,1,transpose,0.07467202097177505,35ab12c3,0.9707602262496948,342,
0,1,anti_transpose,0.06882652640342712,35ab12c3,0.9795321822166443,342,
12,1,identity,0.07079477608203888,35ab12c3,0.9824561476707458,342,0.05508788302540779
12,1,rot90,0.06451896578073502,35ab12c3,0.9766082167625427,342,0.05508788302540779
12,1,rot180,0.07043035328388214,35ab12c3,0.9824561476707458,342,0.05508788302540779
12,1,rot270,0.08412864059209824,35ab12c3,0.9766082167625427,342,0.05508788302540779
12,1,flip_lr,0.0714237242937088,35ab12c3,0.9795321822166443,342,0.05508788302540779
12,1,flip_ud,0.05103082209825516,35ab12c3,0.9853801131248474,342,0.05508788302540779
12,1,transpose,0.08272271603345871,35ab12c3,0.9766082167625427,342,0.05508788302540779
12,1,anti_transpose,0.05389472842216492,35ab12c3,0.9766082167625427,342,0.05508788302540779
24,1,identity,0.10291185230016708,35ab12c3,0.9795321822166443,342,0.019665878266096115
24,1,rot90,0.09962207823991776,35ab12c3,0.9707602262496948,342,0.019665878266096115
24,1,rot180,0.09179604053497314,35ab12c3,0.9795321822166443,342,0.019665878266096115
24,1,rot270,0.09319164603948593,35ab12c3,0.9766082167625427,342,0.019665878266096115
24,1,flip_lr,0.10811282694339752,35ab12c3,0.9766082167625427,342,0.019665878266096115
24,1,flip_ud,0.058807048946619034,35ab12c3,0.9795321822166443,342,0.019665878266096115
24,1,transpose,0.09789270907640457,35ab12c3,0.9736841917037964,342,0.019665878266096115
24,1,anti_transpose,0.0782894641160965,35ab12c3,0.9766082167625427,342,0.019665878266096115
48,1,identity,0.12056746333837509,35ab12c3,0.9766082167625427,342,4.483723023440689e-05
48,1,rot90,0.1123242974281311,35ab12c3,0.9766082167625427,342,4.483723023440689e-05
48,1,rot180,0.09127864241600037,35ab12c3,0.9853801131248474,342,4.483723023440689e-05
48,1,rot270,0.12786173820495605,35ab12c3,0.9766082167625427,342,4.483723023440689e-05
48,1,flip_lr,0.11859281361103058,35ab12c3,0.9853801131248474,342,4.483723023440689e-05
48,1,flip_ud,0.07443664968013763,35ab12c3,0.9853801131248474,342,4.483723023440689e-05
48,1,transpose,0.12215053290128708,35ab12c3,0.9736841917037964,342,4.483723023440689e-05
48,1,anti_transpose,0.08615365624427795,35ab12c3,0.9766082167625427,342,4.483723023440689e-05
72,1,identity,0.1330908238887787,35ab12c3,0.9736841917037964,342,0.00033879789407365024
72,1,rot90,0.10926929116249084,35ab12c3,0.9795321822166443,342,0.00033879789407365024
72,1,rot180,0.10620328038930893,35ab12c3,0.9824561476707458,342,0.00033879789407365024
72,1,rot270,0.14493703842163086,35ab12c3,0.9766082167625427,342,0.00033879789407365024
72,1,flip_lr,0.12445483356714249,35ab12c3,0.9824561476707458,342,0.00033879789407365024
72,1,flip_ud,0.08426140993833542,35ab12c3,0.9766082167625427,342,0.00033879789407365024
72,1,transpose,0.13231466710567474,35ab12c3,0.9766082167625427,342,0.00033879789407365024
72,1,anti_transpose,0.10375231504440308,35ab12c3,0.9736841917037964,342,0.00033879789407365024
0,2,identity,0.043876539915800095,35ab12c3,0.98333340883255,240,
0,2,rot90,0.09696223586797714,35ab12c3,0.9750000238418579,240,
0,2,rot180,0.09977725148200989,35ab12c3,0.9750000238418579,240,
0,2,rot270,0.06276313960552216,35ab12c3,0.98333340883255,240,
0,2,flip_lr,0.07911026477813721,35ab12c3,0.9750000238418579,240,
0,2,flip_ud,0.07962293177843094,35ab12c3,0.9791667461395264,240,
0,2,transpose,0.04915392026305199,35ab12c3,0.98333340883255,240,
0,2,anti_transpose,0.10384567081928253,35ab12c3,0.9708333611488342,240,
12,2,identity,0.07159474492073059,35ab12c3,0.9791667461395264,240,0.05629816651344299
12,2,rot90,0.10641457140445709,35ab12c3,0.9708333611488342,240,0.05629816651344299
12,2,rot180,0.09300875663757324,35ab12c3,0.9750000238418579,240,0.05629816651344299
12,2,rot270,0.06854075938463211,35ab12c3,0.98333340883255,240,0.05629816651344299
12,2,flip_lr,0.09641540795564651,35ab12c3,0.9666666984558105,240,0.05629816651344299
12,2,flip_ud,0.1045612096786499,35ab12c3,0.9666666984558105,240,0.05629816651344299
12,2,transpose,0.06565927714109421,35ab12c3,0.98333340883255,240,0.05629816651344299
12,2,anti_transpose,0.08961064368486404,35ab12c3,0.9750000238418579,240,0.05629816651344299
24,2,identity,0.11417681723833084,35ab12c3,0.9708333611488342,240,0.022928360849618912
24,2,rot90,0.1153407096862793,35ab12c3,0.9583333730697632,240,0.022928360849618912
24,2,rot180,0.10924487560987473,35ab12c3,0.9666666984558105,240,0.022928360849618912
24,2,rot270,0.09500856697559357,35ab12c3,0.9541667103767395,240,0.022928360849618912
24,2,flip_lr,0.1222778931260109,35ab12c3,0.9541667103767395,240,0.022928360849618912
24,2,flip_ud,0.14052657783031464,35ab12c3,0.9625000357627869,240,0.022928360849618912
24,2,transpose,0.08657459169626236,35ab12c3,0.9708333611488342,240,0.022928360849618912
24,2,anti_transpose,0.10309337079524994,35ab12c3,0.9666666984558105,240,0.022928360849618912
48,2,identity,0.12929107248783112,35ab12c3,0.9708333611488342,240,0.0002461810945533216
48,2,rot90,0.14045028388500214,35ab12c3,0.9625000357627869,240,0.0002461810945533216
48,2,rot180,0.13241156935691833,35ab12c3,0.9666666984558105,240,0.0002461810945533216
48,2,rot270,0.11758909374475479,35ab12c3,0.9583333730697632,240,0.0002461810945533216
48,2,flip_lr,0.14578406512737274,35ab12c3,0.9458333849906921,240,0.0002461810945533216
48,2,flip_ud,0.14676526188850403,35ab12c3,0.9708333611488342,240,0.0002461810945533216
48,2,transpose,0.10213606804609299,35ab12c3,0.9666666984558105,240,0.0002461810945533216
48,2,anti_transpose,0.10961423069238663,35ab12c3,0.9750000238418579,240,0.0002461810945533216
72,2,identity,0.12572498619556427,35ab12c3,0.9666666984558105,240,0.00012588112440425903
72,2,rot90,0.14991448819637299,35ab12c3,0.9541667103767395,240,0.00012588112440425903
72,2,rot180,0.12273796647787094,35ab12c3,0.9750000238418579,240,0.00012588112440425903
72,2,rot270,0.1244613379240036,35ab12c3,0.9541667103767395,240,0.00012588112440425903
72,2,flip_lr,0.11555098742246628,35ab12c3,0.9625000357627869,240,0.00012588112440425903
72,2,flip_ud,0.12261691689491272,35ab12c3,0.9750000238418579,240,0.00012588112440425903
72,2,transpose,0.09669039398431778,35ab12c3,0.9666666984558105,240,0.00012588112440425903
72,2,anti_transpose,0.11135571449995041,35ab12c3,0.9708333611488342,240,0.00012588112440425903
0,0,identity,0.43667837977409363,89565ca0,0.8000000715255737,15,
0,0,rot90,0.3534831404685974,89565ca0,0.875,16,
0,0,rot180,0.3007226586341858,89565ca0,0.8000000715255737,15,
0,0,rot270,0.2275177538394928,89565ca0,0.875,16,
0,0,flip_lr,0.5507643222808838,89565ca0,0.8000000715255737,15,
0,0,flip_ud,0.3430207073688507,89565ca0,0.8666667342185974,15,
0,0,transpose,0.3899284601211548,89565ca0,0.8125,16,
0,0,anti_transpose,0.33083248138427734,89565ca0,0.875,16,
12,0,identity,0.4675876498222351,89565ca0,0.8000000715255737,15,0.30976030230522156
12,0,rot90,0.3342137336730957,89565ca0,0.875,16,0.30976030230522156
12,0,rot180,0.2975457012653351,89565ca0,0.9333333969116211,15,0.30976030230522156
12,0,rot270,0.18477657437324524,89565ca0,0.875,16,0.30976030230522156
12,0,flip_lr,0.6464293003082275,89565ca0,0.8666667342185974,15,0.30976030230522156
12,0,flip_ud,0.3185901641845703,89565ca0,0.8666667342185974,15,0.30976030230522156
12,0,transpose,0.3158932626247406,89565ca0,0.875,16,0.30976030230522156
12,0,anti_transpose,0.3815871477127075,89565ca0,0.875,16,0.30976030230522156
24,0,identity,0.2979179620742798,89565ca0,0.9333333969116211,15,0.3265404999256134
24,0,rot90,0.5923473834991455,89565ca0,0.875,16,0.3265404999256134
24,0,rot180,0.5122449994087219,89565ca0,0.8666667342185974,15,0.3265404999256134
24,0,rot270,0.23553034663200378,89565ca0,0.875,16,0.3265404999256134
24,0,flip_lr,0.44029000401496887,89565ca0,0.8666667342185974,15,0.3265404999256134
24,0,flip_ud,0.5231145620346069,89565ca0,0.8666667342185974,15,0.3265404999256134
24,0,transpose,0.5516539812088013,89565ca0,0.75,16,0.3265404999256134
24,0,anti_transpose,0.6713193655014038,89565ca0,0.875,16,0.3265404999256134
48,0,identity,0.6082099080085754,89565ca0,0.8000000715255737,15,0.10227731615304947
48,0,rot90,0.5370919704437256,89565ca0,0.875,16,0.10227731615304947
48,0,rot180,0.6290318965911865,89565ca0,0.8666667342185974,15,0.10227731615304947
48,0,rot270,0.515412449836731,89565ca0,0.8125,16,0.10227731615304947
48,0,flip_lr,0.8241053819656372,89565ca0,0.8000000715255737,15,0.10227731615304947
48,0,flip_ud,0.5873600840568542,89565ca0,0.8666667342185974,15,0.10227731615304947
48,0,transpose,0.6935855150222778,89565ca0,0.8125,16,0.10227731615304947
48,0,anti_transpose,0.5301699638366699,89565ca0,0.875,16,0.10227731615304947
72,0,identity,0.6075439453125,89565ca0,0.8666667342185974,15,0.042925022542476654
72,0,rot90,0.5913033485412598,89565ca0,0.875,16,0.042925022542476654
72,0,rot180,0.6911495327949524,89565ca0,0.8666667342185974,15,0.042925022542476654
72,0,rot270,0.626537561416626,89565ca0,0.8125,16,0.042925022542476654
72,0,flip_lr,0.949869692325592,89565ca0,0.8666667342185974,15,0.042925022542476654
72,0,flip_ud,0.5433091521263123,89565ca0,0.9333333969116211,15,0.042925022542476654
72,0,transpose,0.7895572185516357,89565ca0,0.8125,16,0.042925022542476654
72,0,anti_transpose,0.6762730479240417,89565ca0,0.875,16,0.042925022542476654
0,1,identity,0.2817830741405487,89565ca0,0.8799999952316284,25,
0,1,rot90,0.3071281611919403,89565ca0,0.9166666865348816,24,
0,1,rot180,0.21546757221221924,89565ca0,0.8799999952316284,25,
0,1,rot270,0.27579787373542786,89565ca0,0.875,24,
0,1,flip_lr,0.3111220896244049,89565ca0,0.9199999570846558,25,
0,1,flip_ud,0.27084681391716003,89565ca0,0.8399999737739563,25,
0,1,transpose,0.28039488196372986,89565ca0,0.7916666865348816,24,
0,1,anti_transpose,0.4345555007457733,89565ca0,0.875,24,
12,1,identity,0.2257683128118515,89565ca0,0.9599999785423279,25,0.3001406788825989
12,1,rot90,0.46567443013191223,89565ca0,0.9166666865348816,24,0.3001406788825989
12,1,rot180,0.31617918610572815,89565ca0,0.9599999785423279,25,0.3001406788825989
12,1,rot270,0.45104333758354187,89565ca0,0.9166666865348816,24,0.3001406788825989
12,1,flip_lr,0.6035391092300415,89565ca0,0.9199999570846558,25,0.3001406788825989
12,1,flip_ud,0.450393944978714,89565ca0,0.9199999570846558,25,0.3001406788825989
12,1,transpose,0.364090234041214,89565ca0,0.7916666865348816,24,0.3001406788825989
12,1,anti_transpose,0.7698178887367249,89565ca0,0.875,24,0.3001406788825989
24,1,identity,0.5874295234680176,89565ca0,0.9199999570846558,25,0.13571849465370178
24,1,rot90,0.9116320013999939,89565ca0,0.7916666865348816,24,0.13571849465370178
24,1,rot180,0.9323864579200745,89565ca0,0.8799999952316284,25,0.13571849465370178
24,1,rot270,0.5562391877174377,89565ca0,0.9166666865348816,24,0.13571849465370178
24,1,flip_lr,0.9226114153862,89565ca0,0.8799999952316284,25,0.13571849465370178
24,1,flip_ud,0.9759759306907654,89565ca0,0.7999999523162842,25,0.13571849465370178
24,1,transpose,0.49885717034339905,89565ca0,0.875,24,0.13571849465370178
24,1,anti_transpose,1.3833264112472534,89565ca0,0.7916666865348816,24,0.13571849465370178
48,1,identity,0.5339596271514893,89565ca0,0.9199999570846558,25,0.060326796025037766
48,1,rot90,0.4038906395435333,89565ca0,0.8333333730697632,24,0.060326796025037766
48,1,rot180,0.36320728063583374,89565ca0,0.9199999570846558,25,0.060326796025037766
48,1,rot270,0.5218642950057983,89565ca0,0.9166666865348816,24,0.060326796025037766
48,1,flip_lr,0.4874839782714844,89565ca0,0.8799999952316284,25,0.060326796025037766
48,1,flip_ud,0.45996907353401184,89565ca0,0.8399999737739563,25,0.060326796025037766
48,1,transpose,0.4712171256542206,89565ca0,0.9166666865348816,24,0.060326796025037766
48,1,anti_transpose,0.7476279139518738,89565ca0,0.875,24,0.060326796025037766
72,1,identity,0.5479787588119507,89565ca0,0.9199999570846558,25,0.02796316146850586
72,1,rot90,0.5522610545158386,89565ca0,0.8333333730697632,24,0.02796316146850586
72,1,rot180,0.5261760354042053,89565ca0,0.9199999570846558,25,0.02796316146850586
72,1,rot270,0.7176211476325989,89565ca0,0.9166666865348816,24,0.02796316146850586
72,1,flip_lr,0.7564370632171631,89565ca0,0.9199999570846558,25,0.02796316146850586
72,1,flip_ud,0.5877220034599304,89565ca0,0.9199999570846558,25,0.02796316146850586
72,1,transpose,0.8198406100273132,89565ca0,0.875,24,0.02796316146850586
72,1,anti_transpose,1.0354632139205933,89565ca0,0.875,24,0.02796316146850586
0,2,identity,0.263541579246521,89565ca0,0.949999988079071,20,
0,2,rot90,0.1532640904188156,89565ca0,1.0,20,
0,2,rot180,0.12323355674743652,89565ca0,0.949999988079071,20,
0,2,rot270,0.10517601668834686,89565ca0,1.0,20,
0,2,flip_lr,0.17146724462509155,89565ca0,0.949999988079071,20,
0,2,flip_ud,0.1459577977657318,89565ca0,1.0,20,
0,2,transpose,0.1286565661430359,89565ca0,1.0,20,
0,2,anti_transpose,0.22884336113929749,89565ca0,0.9000000357627869,20,
12,2,identity,0.41953879594802856,89565ca0,0.949999988079071,20,0.42289191484451294
12,2,rot90,0.11496307700872421,89565ca0,0.949999988079071,20,0.42289191484451294
12,2,rot180,0.20643553137779236,89565ca0,0.9000000357627869,20,0.42289191484451294
12,2,rot270,0.23429274559020996,89565ca0,0.949999988079071,20,0.42289191484451294
12,2,flip_lr,0.15592947602272034,89565ca0,0.949999988079071,20,0.42289191484451294
12,2,flip_ud,0.321097731590271,89565ca0,0.9000000357627869,20,0.42289191484451294
12,2,transpose,0.04589902237057686,89565ca0,1.0,20,0.42289191484451294
12,2,anti_transpose,0.248518705368042,89565ca0,0.949999988079071,20,0.42289191484451294
24,2,identity,0.34750112891197205,89565ca0,0.949999988079071,20,0.1975855976343155
24,2,rot90,0.05681387707591057,89565ca0,1.0,20,0.1975855976343155
24,2,rot180,0.07166190445423126,89565ca0,1.0,20,0.1975855976343155
24,2,rot270,0.003536670235916972,89565ca0,1.0,20,0.1975855976343155
24,2,flip_lr,0.04851875454187393,89565ca0,1.0,20,0.1975855976343155
24,2,flip_ud,0.013881370425224304,89565ca0,1.0,20,0.1975855976343155
24,2,transpose,0.1252416968345642,89565ca0,0.949999988079071,20,0.1975855976343155
24,2,anti_transpose,0.016359418630599976,89565ca0,1.0,20,0.1975855976343155
48,2,identity,0.013837707228958607,89565ca0,1.0,20,0.06720734387636185
48,2,rot90,0.004910808056592941,89565ca0,1.0,20,0.06720734387636185
48,2,rot180,0.009260651655495167,89565ca0,1.0,20,0.06720734387636185
48,2,rot270,0.005408488214015961,89565ca0,1.0,20,0.06720734387636185
48,2,flip_lr,0.011537084355950356,89565ca0,1.0,20,0.06720734387636185
48,2,flip_ud,0.0012482887832447886,89565ca0,1.0,20,0.06720734387636185
48,2,transpose,0.0036521446891129017,89565ca0,1.0,20,0.06720734387636185
48,2,anti_transpose,0.009123234078288078,89565ca0,1.0,20,0.06720734387636185
72,2,identity,0.051743991672992706,89565ca0,0.949999988079071,20,0.16758981347084045
72,2,rot90,0.010563992895185947,89565ca0,1.0,20,0.16758981347084045
72,2,rot180,0.0015349183231592178,89565ca0,1.0,20,0.16758981347084045
72,2,rot270,0.000645341060589999,89565ca0,1.0,20,0.16758981347084045
72,2,flip_lr,0.003984085284173489,89565ca0,1.0,20,0.16758981347084045
72,2,flip_ud,0.000974151014816016,89565ca0,1.0,20,0.16758981347084045
72,2,transpose,0.0006984822684898973,89565ca0,1.0,20,0.16758981347084045
72,2,anti_transpose,0.004583309404551983,89565ca0,1.0,20,0.16758981347084045
0,0,identity,0.3079894185066223,269e22fb,0.8547619581222534,420,
0,0,rot90,0.3407198190689087,269e22fb,0.8500000238418579,420,
0,0,rot180,0.32466793060302734,269e22fb,0.8428571820259094,420,
0,0,rot270,0.33606648445129395,269e22fb,0.8476190567016602,420,
0,0,flip_lr,0.3301815986633301,269e22fb,0.8238095641136169,420,
0,0,flip_ud,0.3118478059768677,269e22fb,0.8500000238418579,420,
0,0,transpose,0.2971300184726715,269e22fb,0.8714286088943481,420,
0,0,anti_transpose,0.33800700306892395,269e22fb,0.8428571820259094,420,
12,0,identity,0.20748411118984222,269e22fb,0.9261904954910278,420,0.2011912316083908
12,0,rot90,0.285982221364975,269e22fb,0.8857142925262451,420,0.2011912316083908
12,0,rot180,0.20047572255134583,269e22fb,0.9190476536750793,420,0.2011912316083908
12,0,rot270,0.2496318519115448,269e22fb,0.8976190686225891,420,0.2011912316083908
12,0,flip_lr,0.203346386551857,269e22fb,0.9404762387275696,420,0.2011912316083908
12,0,flip_ud,0.21227769553661346,269e22fb,0.9119048118591309,420,0.2011912316083908
12,0,transpose,0.22766073048114777,269e22fb,0.9238095879554749,420,0.2011912316083908
12,0,anti_transpose,0.2826509475708008,269e22fb,0.9000000357627869,420,0.2011912316083908
24,0,identity,0.07475956529378891,269e22fb,0.9761905074119568,420,0.11059273034334183
24,0,rot90,0.055660560727119446,269e22fb,0.9785714745521545,420,0.11059273034334183
24,0,rot180,0.08716650307178497,269e22fb,0.9642857313156128,420,0.11059273034334183
24,0,rot270,0.11637504398822784,269e22fb,0.9619048237800598,420,0.11059273034334183
24,0,flip_lr,0.06706149876117706,269e22fb,0.9761905074119568,420,0.11059273034334183
24,0,flip_ud,0.13626496493816376,269e22fb,0.9547619223594666,420,0.11059273034334183
24,0,transpose,0.10595499724149704,269e22fb,0.9666666984558105,420,0.11059273034334183
24,0,anti_transpose,0.10206446051597595,269e22fb,0.9690476655960083,420,0.11059273034334183
48,0,identity,0.049737975001335144,269e22fb,0.985714316368103,420,0.037591464817523956
48,0,rot90,0.0059404997155070305,269e22fb,0.997619092464447,420,0.037591464817523956
48,0,rot180,0.07684426754713058,269e22fb,0.9809524416923523,420,0.037591464817523956
48,0,rot270,0.07366233319044113,269e22fb,0.9809524416923523,420,0.037591464817523956
48,0,flip_lr,0.027972862124443054,269e22fb,0.985714316368103,420,0.037591464817523956
48,0,flip_ud,0.06907685101032257,269e22fb,0.9761905074119568,420,0.037591464817523956
48,0,transpose,0.05927131325006485,269e22fb,0.9833333492279053,420,0.037591464817523956
48,0,anti_transpose,0.07345659285783768,269e22fb,0.9785714745521545,420,0.037591464817523956
72,0,identity,0.02838977240025997,269e22fb,0.9880952835083008,420,0.010731584392488003
72,0,rot90,0.01924953982234001,269e22fb,0.9952381253242493,420,0.010731584392488003
72,0,rot180,0.05645694583654404,269e22fb,0.9833333492279053,420,0.010731584392488003
72,0,rot270,0.041284263134002686,269e22fb,0.985714316368103,420,0.010731584392488003
72,0,flip_lr,0.031299762427806854,269e22fb,0.985714316368103,420,0.010731584392488003
72,0,flip_ud,0.044029466807842255,269e22fb,0.9928571581840515,420,0.010731584392488003
72,0,transpose,0.040741272270679474,269e22fb,0.9809524416923523,420,0.010731584392488003
72,0,anti_transpose,0.057142384350299835,269e22fb,0.9809524416923523,420,0.010731584392488003
0,1,identity,0.25801461935043335,269e22fb,0.8833333849906921,420,
0,1,rot90,0.25698912143707275,269e22fb,0.8785714507102966,420,
0,1,rot180,0.2682670056819916,269e22fb,0.8928571939468384,420,
0,1,rot270,0.23008954524993896,269e22fb,0.9071428775787354,420,
0,1,flip_lr,0.2675115466117859,269e22fb,0.8761904835700989,420,
0,1,flip_ud,0.26718029379844666,269e22fb,0.8976190686225891,420,
0,1,transpose,0.24391420185565948,269e22fb,0.8952381014823914,420,
0,1,anti_transpose,0.2705051600933075,269e22fb,0.8809524178504944,420,
12,1,identity,0.19365188479423523,269e22fb,0.9238095879554749,420,0.21708349883556366
12,1,rot90,0.16450515389442444,269e22fb,0.9380952715873718,420,0.21708349883556366
12,1,rot180,0.2090323567390442,269e22fb,0.9261904954910278,420,0.21708349883556366
12,1,rot270,0.11507410556077957,269e22fb,0.9500000476837158,420,0.21708349883556366
12,1,flip_lr,0.18280254304409027,269e22fb,0.9238095879554749,420,0.21708349883556366
12,1,flip_ud,0.18335753679275513,269e22fb,0.9190476536750793,420,0.21708349883556366
12,1,transpose,0.11460564285516739,269e22fb,0.9595238566398621,420,0.21708349883556366
12,1,anti_transpose,0.14589756727218628,269e22fb,0.9547619223594666,420,0.21708349883556366
24,1,identity,0.05053798854351044,269e22fb,0.9833333492279053,420,0.10482648760080338
24,1,rot90,0.08151283860206604,269e22fb,0.9690476655960083,420,0.10482648760080338
24,1,rot180,0.05235833302140236,269e22fb,0.985714316368103,420,0.10482648760080338
24,1,rot270,0.0683102086186409,269e22fb,0.9666666984558105,420,0.10482648760080338
24,1,flip_lr,0.05344302952289581,269e22fb,0.9833333492279053,420,0.10482648760080338
24,1,flip_ud,0.053819142282009125,269e22fb,0.9785714745521545,420,0.10482648760080338
24,1,transpose,0.059667833149433136,269e22fb,0.973809540271759,420,0.10482648760080338
24,1,anti_transpose,0.05130475386977196,269e22fb,0.9809524416923523,420,0.10482648760080338
48,1,identity,0.03675545006990433,269e22fb,0.9928571581840515,420,0.04222409427165985
48,1,rot90,0.0415026880800724,269e22fb,0.9809524416923523,420,0.04222409427165985
48,1,rot180,0.019482377916574478,269e22fb,0.9904762506484985,420,0.04222409427165985
48,1,rot270,0.016335057094693184,269e22fb,0.997619092464447,420,0.04222409427165985
48,1,flip_lr,0.03639000654220581,269e22fb,0.9880952835083008,420,0.04222409427165985
48,1,flip_ud,0.011843030340969563,269e22fb,0.9928571581840515,420,0.04222409427165985
48,1,transpose,0.03817222639918327,269e22fb,0.9833333492279053,420,0.04222409427165985
48,1,anti_transpose,0.06385248154401779,269e22fb,0.973809540271759,420,0.04222409427165985
72,1,identity,0.04465765133500099,269e22fb,0.9904762506484985,420,0.014071958139538765
72,1,rot90,0.0334501639008522,269e22fb,0.985714316368103,420,0.014071958139538765
72,1,rot180,0.027610212564468384,269e22fb,0.9904762506484985,420,0.014071958139538765
72,1,rot270,0.03865994140505791,269e22fb,0.9785714745521545,420,0.014071958139538765
72,1,flip_lr,0.04777176305651665,269e22fb,0.985714316368103,420,0.014071958139538765
72,1,flip_ud,0.015278246253728867,269e22fb,0.9904762506484985,420,0.014071958139538765
72,1,transpose,0.026333587244153023,269e22fb,0.985714316368103,420,0.014071958139538765
72,1,anti_transpose,0.028544697910547256,269e22fb,0.9880952835083008,420,0.014071958139538765
0,2,identity,0.13323064148426056,269e22fb,0.9500000476837158,420,
0,2,rot90,0.12906408309936523,269e22fb,0.9404762387275696,420,
0,2,rot180,0.13162295520305634,269e22fb,0.9428572058677673,420,
0,2,rot270,0.15577183663845062,269e22fb,0.9309524297714233,420,
0,2,flip_lr,0.14572538435459137,269e22fb,0.9452381134033203,420,
0,2,flip_ud,0.1281289905309677,269e22fb,0.9500000476837158,420,
0,2,transpose,0.09915205091238022,269e22fb,0.9571428894996643,420,
0,2,anti_transpose,0.148810014128685,269e22fb,0.9309524297714233,420,
12,2,identity,0.07813029736280441,269e22fb,0.971428632736206,420,0.24655388295650482
12,2,rot90,0.060193054378032684,269e22fb,0.9833333492279053,420,0.24655388295650482
12,2,rot180,0.044698406010866165,269e22fb,0.9880952835083008,420,0.24655388295650482
12,2,rot270,0.05953487753868103,269e22fb,0.9833333492279053,420,0.24655388295650482
12,2,flip_lr,0.0558735616505146,269e22fb,0.985714316368103,420,0.24655388295650482
12,2,flip_ud,0.0507533885538578,269e22fb,0.985714316368103,420,0.24655388295650482
12,2,transpose,0.041000597178936005,269e22fb,0.9880952835083008,420,0.24655388295650482
12,2,anti_transpose,0.07775034010410309,269e22fb,0.973809540271759,420,0.24655388295650482
24,2,identity,0.03382337465882301,269e22fb,0.9928571581840515,420,0.08242800086736679
24,2,rot90,0.07405352592468262,269e22fb,0.9761905074119568,420,0.08242800086736679
24,2,rot180,0.027547776699066162,269e22fb,0.9928571581840515,420,0.08242800086736679
24,2,rot270,0.050783708691596985,269e22fb,0.9904762506484985,420,0.08242800086736679
24,2,flip_lr,0.039291732013225555,269e22fb,0.9904762506484985,420,0.08242800086736679
24,2,flip_ud,0.054464519023895264,269e22fb,0.9880952835083008,420,0.08242800086736679
24,2,transpose,0.04246147722005844,269e22fb,0.9880952835083008,420,0.08242800086736679
24,2,anti_transpose,0.07634679973125458,269e22fb,0.9785714745521545,420,0.08242800086736679
48,2,identity,0.04796725511550903,269e22fb,0.9833333492279053,420,0.04803411662578583
48,2,rot90,0.0637601837515831,269e22fb,0.9785714745521545,420,0.04803411662578583
48,2,rot180,0.03494781628251076,269e22fb,0.9904762506484985,420,0.04803411662578583
48,2,rot270,0.06405452638864517,269e22fb,0.9785714745521545,420,0.04803411662578583
48,2,flip_lr,0.057913050055503845,269e22fb,0.9809524416923523,420,0.04803411662578583
48,2,flip_ud,0.07031220942735672,269e22fb,0.9833333492279053,420,0.04803411662578583
48,2,transpose,0.046277113258838654,269e22fb,0.985714316368103,420,0.04803411662578583
48,2,anti_transpose,0.08540907502174377,269e22fb,0.9785714745521545,420,0.04803411662578583
72,2,identity,0.03557281196117401,269e22fb,0.9904762506484985,420,0.022326841950416565
72,2,rot90,0.057194724678993225,269e22fb,0.9833333492279053,420,0.022326841950416565
72,2,rot180,0.029093243181705475,269e22fb,0.9928571581840515,420,0.022326841950416565
72,2,rot270,0.0445106215775013,269e22fb,0.9904762506484985,420,0.022326841950416565
72,2,flip_lr,0.04829816520214081,269e22fb,0.985714316368103,420,0.022326841950416565
72,2,flip_ud,0.044060755521059036,269e22fb,0.985714316368103,420,0.022326841950416565
72,2,transpose,0.041411690413951874,269e22fb,0.9880952835083008,420,0.022326841950416565
72,2,anti_transpose,0.0760154277086258,269e22fb,0.9785714745521545,420,0.022326841950416565
0,3,identity,0.23971274495124817,269e22fb,0.8976190686225891,420,
0,3,rot90,0.2521480619907379,269e22fb,0.8976190686225891,420,
0,3,rot180,0.23496311902999878,269e22fb,0.8952381014823914,420,
0,3,rot270,0.25396353006362915,269e22fb,0.8928571939468384,420,
0,3,flip_lr,0.26935189962387085,269e22fb,0.8928571939468384,420,
0,3,flip_ud,0.24351143836975098,269e22fb,0.8928571939468384,420,
0,3,transpose,0.21635866165161133,269e22fb,0.9000000357627869,420,
0,3,anti_transpose,0.2542503774166107,269e22fb,0.8857142925262451,420,
12,3,identity,0.1748749166727066,269e22fb,0.9309524297714233,420,0.23478056490421295
12,3,rot90,0.18642309308052063,269e22fb,0.9357143044471741,420,0.23478056490421295
12,3,rot180,0.19691616296768188,269e22fb,0.9166666865348816,420,0.23478056490421295
12,3,rot270,0.17543931305408478,269e22fb,0.9452381134033203,420,0.23478056490421295
12,3,flip_lr,0.23819926381111145,269e22fb,0.9214286208152771,420,0.23478056490421295
12,3,flip_ud,0.19428764283657074,269e22fb,0.9142857789993286,420,0.23478056490421295
12,3,transpose,0.16703622043132782,269e22fb,0.9357143044471741,420,0.23478056490421295
12,3,anti_transpose,0.1865941435098648,269e22fb,0.9190476536750793,420,0.23478056490421295
24,3,identity,0.07786340266466141,269e22fb,0.9690476655960083,420,0.12953145802021027
24,3,rot90,0.09201987087726593,269e22fb,0.971428632736206,420,0.12953145802021027
24,3,rot180,0.12805141508579254,269e22fb,0.9476190805435181,420,0.12953145802021027
24,3,rot270,0.11033762246370316,269e22fb,0.9619048237800598,420,0.12953145802021027
24,3,flip_lr,0.1424751728773117,269e22fb,0.9261904954910278,420,0.12953145802021027
24,3,flip_ud,0.10883078724145889,269e22fb,0.9476190805435181,420,0.12953145802021027
24,3,transpose,0.06618060916662216,269e22fb,0.9761905074119568,420,0.12953145802021027
24,3,anti_transpose,0.08342047035694122,269e22fb,0.9666666984558105,420,0.12953145802021027
48,3,identity,0.03238328546285629,269e22fb,0.9928571581840515,420,0.039297204464673996
48,3,rot90,0.06481179594993591,269e22fb,0.9785714745521545,420,0.039297204464673996
48,3,rot180,0.0711871013045311,269e22fb,0.9666666984558105,420,0.039297204464673996
48,3,rot270,0.07001756876707077,269e22fb,0.9690476655960083,420,0.039297204464673996
48,3,flip_lr,0.10944390296936035,269e22fb,0.9642857313156128,420,0.039297204464673996
48,3,flip_ud,0.07858788967132568,269e22fb,0.9761905074119568,420,0.039297204464673996
48,3,transpose,0.03445986285805702,269e22fb,0.9928571581840515,420,0.039297204464673996
48,3,anti_transpose,0.04570132493972778,269e22fb,0.985714316368103,420,0.039297204464673996
72,3,identity,0.0312662310898304,269e22fb,0.9928571581840515,420,0.015004238113760948
72,3,rot90,0.04827691987156868,269e22fb,0.9785714745521545,420,0.015004238113760948
72,3,rot180,0.05492306500673294,269e22fb,0.9785714745521545,420,0.015004238113760948
72,3,rot270,0.06192385405302048,269e22fb,0.973809540271759,420,0.015004238113760948
72,3,flip_lr,0.10668591409921646,269e22fb,0.9642857313156128,420,0.015004238113760948
72,3,flip_ud,0.07434079796075821,269e22fb,0.971428632736206,420,0.015004238113760948
72,3,transpose,0.04320962727069855,269e22fb,0.9761905074119568,420,0.015004238113760948
72,3,anti_transpose,0.039455313235521317,269e22fb,0.985714316368103,420,0.015004238113760948
0,4,identity,0.19572922587394714,269e22fb,0.9238095879554749,420,
0,4,rot90,0.21448639035224915,269e22fb,0.9119048118591309,420,
0,4,rot180,0.18419359624385834,269e22fb,0.9285714626312256,420,
0,4,rot270,0.20287610590457916,269e22fb,0.9261904954910278,420,
0,4,flip_lr,0.1919524371623993,269e22fb,0.9190476536750793,420,
0,4,flip_ud,0.1822773516178131,269e22fb,0.9428572058677673,420,
0,4,transpose,0.19371333718299866,269e22fb,0.9119048118591309,420,
0,4,anti_transpose,0.2153601199388504,269e22fb,0.9071428775787354,420,
12,4,identity,0.13257132470607758,269e22fb,0.9476190805435181,420,0.26687806844711304
12,4,rot90,0.0934496745467186,269e22fb,0.971428632736206,420,0.26687806844711304
12,4,rot180,0.08839550614356995,269e22fb,0.9642857313156128,420,0.26687806844711304
12,4,rot270,0.08772779256105423,269e22fb,0.9761905074119568,420,0.26687806844711304
12,4,flip_lr,0.06880338490009308,269e22fb,0.9785714745521545,420,0.26687806844711304
12,4,flip_ud,0.10037197172641754,269e22fb,0.9642857313156128,420,0.26687806844711304
12,4,transpose,0.09120096266269684,269e22fb,0.9690476655960083,420,0.26687806844711304
12,4,anti_transpose,0.07867218554019928,269e22fb,0.973809540271759,420,0.26687806844711304
24,4,identity,0.015564496628940105,269e22fb,0.9928571581840515,420,0.09876186400651932
24,4,rot90,0.031545672565698624,269e22fb,0.9833333492279053,420,0.09876186400651932
24,4,rot180,0.010447598993778229,269e22fb,0.9952381253242493,420,0.09876186400651932
24,4,rot270,0.04760699346661568,269e22fb,0.9809524416923523,420,0.09876186400651932
24,4,flip_lr,0.01914757862687111,269e22fb,0.9904762506484985,420,0.09876186400651932
24,4,flip_ud,0.03155567869544029,269e22fb,0.9880952835083008,420,0.09876186400651932
24,4,transpose,0.033775512129068375,269e22fb,0.985714316368103,420,0.09876186400651932
24,4,anti_transpose,0.024273153394460678,269e22fb,0.9833333492279053,420,0.09876186400651932
48,4,identity,0.025587091222405434,269e22fb,0.9880952835083008,420,0.03655918687582016
48,4,rot90,0.028270184993743896,269e22fb,0.9928571581840515,420,0.03655918687582016
48,4,rot180,0.023643773049116135,269e22fb,0.9928571581840515,420,0.03655918687582016
48,4,rot270,0.03680168837308884,269e22fb,0.9880952835083008,420,0.03655918687582016
48,4,flip_lr,0.02276124805212021,269e22fb,0.9952381253242493,420,0.03655918687582016
48,4,flip_ud,0.04049992188811302,269e22fb,0.9880952835083008,420,0.03655918687582016
48,4,transpose,0.02860015258193016,269e22fb,0.9880952835083008,420,0.03655918687582016
48,4,anti_transpose,0.02128097042441368,269e22fb,0.985714316368103,420,0.03655918687582016
72,4,identity,0.031374916434288025,269e22fb,0.9904762506484985,420,0.0062010339461266994
72,4,rot90,0.01848812773823738,269e22fb,0.9904762506484985,420,0.0062010339461266994
72,4,rot180,0.022200467064976692,269e22fb,0.9928571581840515,420,0.0062010339461266994
72,4,rot270,0.028418859466910362,269e22fb,0.9952381253242493,420,0.0062010339461266994
72,4,flip_lr,0.021799758076667786,269e22fb,0.9904762506484985,420,0.0062010339461266994
72,4,flip_ud,0.01754658669233322,269e22fb,0.9928571581840515,420,0.0062010339461266994
72,4,transpose,0.033221036195755005,269e22fb,0.985714316368103,420,0.0062010339461266994
72,4,anti_transpose,0.016197504475712776,269e22fb,0.9904762506484985,420,0.0062010339461266994
0,0,identity,0.10317669063806534,28a6681f,0.9727272391319275,110,
0,0,rot90,0.045250412076711655,28a6681f,0.9818181395530701,110,
0,0,rot180,0.1052948608994484,28a6681f,0.9727272391319275,110,
0,0,rot270,0.03653430938720703,28a6681f,0.9818181395530701,110,
0,0,flip_lr,0.07694902271032333,28a6681f,0.9727272391319275,110,
0,0,flip_ud,0.08308355510234833,28a6681f,0.9636363387107849,110,
0,0,transpose,0.07398209720849991,28a6681f,0.9818181395530701,110,
0,0,anti_transpose,0.028074052184820175,28a6681f,0.9909090399742126,110,
12,0,identity,0.10091570019721985,28a6681f,0.9727272391319275,110,0.041520845144987106
12,0,rot90,0.0379580482840538,28a6681f,0.9818181395530701,110,0.041520845144987106
12,0,rot180,0.09398385882377625,28a6681f,0.9818181395530701,110,0.041520845144987106
12,0,rot270,0.03133270516991615,28a6681f,0.9909090399742126,110,0.041520845144987106
12,0,flip_lr,0.08703586459159851,28a6681f,0.9727272391319275,110,0.041520845144987106
12,0,flip_ud,0.09414803236722946,28a6681f,0.9727272391319275,110,0.041520845144987106
12,0,transpose,0.04571444168686867,28a6681f,0.9727272391319275,110,0.041520845144987106
12,0,anti_transpose,0.03772689774632454,28a6681f,0.9909090399742126,110,0.041520845144987106
24,0,identity,0.18584191799163818,28a6681f,0.9727272391319275,110,0.0013250871561467648
24,0,rot90,0.05436139181256294,28a6681f,0.9818181395530701,110,0.0013250871561467648
24,0,rot180,0.14637000858783722,28a6681f,0.9818181395530701,110,0.0013250871561467648
24,0,rot270,0.013013673014938831,28a6681f,0.9909090399742126,110,0.0013250871561467648
24,0,flip_lr,0.16629916429519653,28a6681f,0.9818181395530701,110,0.0013250871561467648
24,0,flip_ud,0.19050320982933044,28a6681f,0.9727272391319275,110,0.0013250871561467648
24,0,transpose,0.09693477302789688,28a6681f,0.9727272391319275,110,0.0013250871561467648
24,0,anti_transpose,0.052420660853385925,28a6681f,0.9818181395530701,110,0.0013250871561467648
48,0,identity,0.1902347058057785,28a6681f,0.9727272391319275,110,0.004326005466282368
48,0,rot90,0.10081211477518082,28a6681f,0.9727272391319275,110,0.004326005466282368
48,0,rot180,0.17331339418888092,28a6681f,0.9818181395530701,110,0.004326005466282368
48,0,rot270,0.043627191334962845,28a6681f,0.9818181395530701,110,0.004326005466282368
48,0,flip_lr,0.20871548354625702,28a6681f,0.9727272391319275,110,0.004326005466282368
48,0,flip_ud,0.16859059035778046,28a6681f,0.9636363387107849,110,0.004326005466282368
48,0,transpose,0.13574175536632538,28a6681f,0.9636363387107849,110,0.004326005466282368
48,0,anti_transpose,0.0869501605629921,28a6681f,0.9818181395530701,110,0.004326005466282368
72,0,identity,0.19567835330963135,28a6681f,0.9727272391319275,110,9.807239985093474e-05
72,0,rot90,0.11718828976154327,28a6681f,0.9727272391319275,110,9.807239985093474e-05
72,0,rot180,0.18710578978061676,28a6681f,0.9818181395530701,110,9.807239985093474e-05
72,0,rot270,0.07318536937236786,28a6681f,0.9818181395530701,110,9.807239985093474e-05
72,0,flip_lr,0.23313193023204803,28a6681f,0.9727272391319275,110,9.807239985093474e-05
72,0,flip_ud,0.18862995505332947,28a6681f,0.9636363387107849,110,9.807239985093474e-05
72,0,transpose,0.1537487506866455,28a6681f,0.9727272391319275,110,9.807239985093474e-05
72,0,anti_transpose,0.09754864126443863,28a6681f,0.9909090399742126,110,9.807239985093474e-05
0,1,identity,0.1071196123957634,28a6681f,0.9636363387107849,110,
0,1,rot90,0.09157127141952515,28a6681f,0.9727272391319275,110,
0,1,rot180,0.07714984565973282,28a6681f,0.9818181395530701,110,
0,1,rot270,0.1351442188024521,28a6681f,0.9454545378684998,110,
0,1,flip_lr,0.10188677161931992,28a6681f,0.9727272391319275,110,
0,1,flip_ud,0.03880685195326805,28a6681f,0.9909090399742126,110,
0,1,transpose,0.12331731617450714,28a6681f,0.9545454382896423,110,
0,1,anti_transpose,0.12142029404640198,28a6681f,0.9454545378684998,110,
12,1,identity,0.13524582982063293,28a6681f,0.9727272391319275,110,0.05452239140868187
12,1,rot90,0.09862882643938065,28a6681f,0.9727272391319275,110,0.05452239140868187
12,1,rot180,0.07123135030269623,28a6681f,0.9727272391319275,110,0.05452239140868187
12,1,rot270,0.1095312088727951,28a6681f,0.9636363387107849,110,0.05452239140868187
12,1,flip_lr,0.11942803114652634,28a6681f,0.9727272391319275,110,0.05452239140868187
12,1,flip_ud,0.06225201115012169,28a6681f,0.9636363387107849,110,0.05452239140868187
12,1,transpose,0.09452378004789352,28a6681f,0.9636363387107849,110,0.05452239140868187
12,1,anti_transpose,0.09360393136739731,28a6681f,0.9727272391319275,110,0.05452239140868187
24,1,identity,0.2115718424320221,28a6681f,0.9636363387107849,110,0.0004731265071313828
24,1,rot90,0.09666622430086136,28a6681f,0.9727272391319275,110,0.0004731265071313828
24,1,rot180,0.09586317837238312,28a6681f,0.9727272391319275,110,0.0004731265071313828
24,1,rot270,0.14974626898765564,28a6681f,0.9636363387107849,110,0.0004731265071313828
24,1,flip_lr,0.1655595600605011,28a6681f,0.9636363387107849,110,0.0004731265071313828
24,1,flip_ud,0.07023870944976807,28a6681f,0.9636363387107849,110,0.0004731265071313828
24,1,transpose,0.1398935765028,28a6681f,0.9454545378684998,110,0.0004731265071313828
24,1,anti_transpose,0.12892326712608337,28a6681f,0.9636363387107849,110,0.0004731265071313828
48,1,identity,0.2689351439476013,28a6681f,0.9545454382896423,110,0.0004265525203663856
48,1,rot90,0.10053280740976334,28a6681f,0.9727272391319275,110,0.0004265525203663856
48,1,rot180,0.12120603770017624,28a6681f,0.9818181395530701,110,0.0004265525203663856
48,1,rot270,0.19288669526576996,28a6681f,0.9363635778427124,110,0.0004265525203663856
48,1,flip_lr,0.22368153929710388,28a6681f,0.9545454382896423,110,0.0004265525203663856
48,1,flip_ud,0.07644587755203247,28a6681f,0.9545454382896423,110,0.0004265525203663856
48,1,transpose,0.1829918920993805,28a6681f,0.9545454382896423,110,0.0004265525203663856
48,1,anti_transpose,0.1620023548603058,28a6681f,0.9727272391319275,110,0.0004265525203663856
72,1,identity,0.2916107177734375,28a6681f,0.9545454382896423,110,7.2826037467166316e-06
72,1,rot90,0.12701983749866486,28a6681f,0.9636363387107849,110,7.2826037467166316e-06
72,1,rot180,0.11790015548467636,28a6681f,0.9818181395530701,110,7.2826037467166316e-06
72,1,rot270,0.19627811014652252,28a6681f,0.9363635778427124,110,7.2826037467166316e-06
72,1,flip_lr,0.26224300265312195,28a6681f,0.9545454382896423,110,7.2826037467166316e-06
72,1,flip_ud,0.07811155915260315,28a6681f,0.9545454382896423,110,7.2826037467166316e-06
72,1,transpose,0.19298528134822845,28a6681f,0.9636363387107849,110,7.2826037467166316e-06
72,1,anti_transpose,0.18291707336902618,28a6681f,0.9727272391319275,110,7.2826037467166316e-06
0,2,identity,0.12850813567638397,28a6681f,0.9636363387107849,110,
0,2,rot90,0.14396290481090546,28a6681f,0.9727272391319275,110,
0,2,rot180,0.1519191563129425,28a6681f,0.9545454382896423,110,
0,2,rot270,0.17815564572811127,28a6681f,0.9636363387107849,110,
0,2,flip_lr,0.09005924314260483,28a6681f,0.9727272391319275,110,
0,2,flip_ud,0.1255447119474411,28a6681f,0.9545454382896423,110,
0,2,transpose,0.16671042144298553,28a6681f,0.9636363387107849,110,
0,2,anti_transpose,0.14984945952892303,28a6681f,0.9545454382896423,110,
12,2,identity,0.12860862910747528,28a6681f,0.9545454382896423,110,0.04604072496294975
12,2,rot90,0.15506623685359955,28a6681f,0.9727272391319275,110,0.04604072496294975
12,2,rot180,0.09741180390119553,28a6681f,0.9636363387107849,110,0.04604072496294975
12,2,rot270,0.1511952131986618,28a6681f,0.9636363387107849,110,0.04604072496294975
12,2,flip_lr,0.09420385956764221,28a6681f,0.9727272391319275,110,0.04604072496294975
12,2,flip_ud,0.08931387960910797,28a6681f,0.9727272391319275,110,0.04604072496294975
12,2,transpose,0.12226735800504684,28a6681f,0.9636363387107849,110,0.04604072496294975
12,2,anti_transpose,0.1346156746149063,28a6681f,0.9636363387107849,110,0.04604072496294975
24,2,identity,0.27471354603767395,28a6681f,0.9545454382896423,110,0.0009233648306690156
24,2,rot90,0.2519500255584717,28a6681f,0.9636363387107849,110,0.0009233648306690156
24,2,rot180,0.11022339016199112,28a6681f,0.9818181395530701,110,0.0009233648306690156
24,2,rot270,0.2039506435394287,28a6681f,0.9545454382896423,110,0.0009233648306690156
24,2,flip_lr,0.20822946727275848,28a6681f,0.9818181395530701,110,0.0009233648306690156
24,2,flip_ud,0.13405989110469818,28a6681f,0.9727272391319275,110,0.0009233648306690156
24,2,transpose,0.23296019434928894,28a6681f,0.9636363387107849,110,0.0009233648306690156
24,2,anti_transpose,0.19523751735687256,28a6681f,0.9636363387107849,110,0.0009233648306690156
48,2,identity,0.4296081066131592,28a6681f,0.9545454382896423,110,7.074529548845021e-06
48,2,rot90,0.3322926461696625,28a6681f,0.9727272391319275,110,7.074529548845021e-06
48,2,rot180,0.17642763257026672,28a6681f,0.9727272391319275,110,7.074529548845021e-06
48,2,rot270,0.37863457202911377,28a6681f,0.9636363387107849,110,7.074529548845021e-06
48,2,flip_lr,0.3105960488319397,28a6681f,0.9727272391319275,110,7.074529548845021e-06
48,2,flip_ud,0.2684536576271057,28a6681f,0.9636363387107849,110,7.074529548845021e-06
48,2,transpose,0.4231776297092438,28a6681f,0.9636363387107849,110,7.074529548845021e-06
48,2,anti_transpose,0.2866564393043518,28a6681f,0.9727272391319275,110,7.074529548845021e-06
72,2,identity,0.3706895709037781,28a6681f,0.9636363387107849,110,0.00037540087942034006
72,2,rot90,0.2734885513782501,28a6681f,0.9727272391319275,110,0.00037540087942034006
72,2,rot180,0.14318345487117767,28a6681f,0.9636363387107849,110,0.00037540087942034006
72,2,rot270,0.279386430978775,28a6681f,0.9636363387107849,110,0.00037540087942034006
72,2,flip_lr,0.27636292576789856,28a6681f,0.9727272391319275,110,0.00037540087942034006
72,2,flip_ud,0.2532067596912384,28a6681f,0.9636363387107849,110,0.00037540087942034006
72,2,transpose,0.34296730160713196,28a6681f,0.9636363387107849,110,0.00037540087942034006
72,2,anti_transpose,0.2959783971309662,28a6681f,0.9727272391319275,110,0.00037540087942034006
