task_id,output_index,output_id,depth,view,cell_key,checkpoint_path_or_id,checkpoint_sha256,v5_config_sha256,status,execution_origin,runtime_seconds,termination_reason,candidate_count,complete_candidate_count,nodes_expanded,batch_forward_passes,tokens_advanced,probability_pruned,frontier_floor_activation_count,timed_out,oom_observed,gold_hit_any_candidate,gold_hit_candidate_count,best_gold_candidate_nll,best_candidate_nll,source_artifact_path,source_artifact_sha256,record_link_status,provenance_status
0934a4d8,0,0934a4d8:o0,12,identity,0934a4d8:o0:d12:identity,f774449a47ba679a8f5be6752b3378319b21cdfde2acfafef10bcc29f61a9745,f774449a47ba679a8f5be6752b3378319b21cdfde2acfafef10bcc29f61a9745,e5beec92c9992930f4d6b468db1806ee2f3b9224e13179af7d4e8bb5897148e0,AMBIGUOUS,HEAVY_REPAIR,4.685455717146397,,2,,66,67,66,,33,,,,,,,,,NO_MATCHING_ARTIFACT,AMBIGUOUS
0934a4d8,0,0934a4d8:o0,12,flip_ud,0934a4d8:o0:d12:flip_ud,f774449a47ba679a8f5be6752b3378319b21cdfde2acfafef10bcc29f61a9745,f774449a47ba679a8f5be6752b3378319b21cdfde2acfafef10bcc29f61a9745,e5beec92c9992930f4d6b468db1806ee2f3b9224e13179af7d4e8bb5897148e0,AMBIGUOUS,FAST_PASS,6.84360820800066,,3,,101,102,101,,75,,,,,,,,,NO_MATCHING_ARTIFACT,AMBIGUOUS
0934a4d8,0,0934a4d8:o0,12,transpose,0934a4d8:o0:d12:transpose,f774449a47ba679a8f5be6752b3378319b21cdfde2acfafef10bcc29f61a9745,f774449a47ba679a8f5be6752b3378319b21cdfde2acfafef10bcc29f61a9745,e5beec92c9992930f4d6b468db1806ee2f3b9224e13179af7d4e8bb5897148e0,AMBIGUOUS,FAST_PASS,4.054343640804291,,2,,58,59,58,,0,,,,,,,,,NO_MATCHING_ARTIFACT,AMBIGUOUS
0934a4d8,0,0934a4d8:o0,12,anti_transpose,0934a4d8:o0:d12:anti_transpose,f774449a47ba679a8f5be6752b3378319b21cdfde2acfafef10bcc29f61a9745,f774449a47ba679a8f5be6752b3378319b21cdfde2acfafef10bcc29f61a9745,e5beec92c9992930f4d6b468db1806ee2f3b9224e13179af7d4e8bb5897148e0,AMBIGUOUS,FAST_PASS,3.2104997746646404,,2,,43,44,43,,18,,,,,,,,,NO_MATCHING_ARTIFACT,AMBIGUOUS
0934a4d8,0,0934a4d8:o0,24,identity,0934a4d8:o0:d24:identity,ac456f66e63eeef61e928a9ab53b34cb2da4f1c83e53817c476e2cf4806272a2,ac456f66e63eeef61e928a9ab53b34cb2da4f1c83e53817c476e2cf4806272a2,e5beec92c9992930f4d6b468db1806ee2f3b9224e13179af7d4e8bb5897148e0,AMBIGUOUS,FAST_PASS,5.158066703006625,,2,,70,71,70,,35,,,,,,,,,NO_MATCHING_ARTIFACT,AMBIGUOUS
0934a4d8,0,0934a4d8:o0,24,flip_ud,0934a4d8:o0:d24:flip_ud,ac456f66e63eeef61e928a9ab53b34cb2da4f1c83e53817c476e2cf4806272a2,ac456f66e63eeef61e928a9ab53b34cb2da4f1c83e53817c476e2cf4806272a2,e5beec92c9992930f4d6b468db1806ee2f3b9224e13179af7d4e8bb5897148e0,AMBIGUOUS,HEAVY_REPAIR,4.682764066383243,,2,,68,69,68,,32,,,,,,,,,NO_MATCHING_ARTIFACT,AMBIGUOUS
0934a4d8,0,0934a4d8:o0,24,transpose,0934a4d8:o0:d24:transpose,ac456f66e63eeef61e928a9ab53b34cb2da4f1c83e53817c476e2cf4806272a2,ac456f66e63eeef61e928a9ab53b34cb2da4f1c83e53817c476e2cf4806272a2,e5beec92c9992930f4d6b468db1806ee2f3b9224e13179af7d4e8bb5897148e0,AMBIGUOUS,FAST_PASS,2.4318715166300535,,1,,29,30,29,,0,,,,,,,,,NO_MATCHING_ARTIFACT,AMBIGUOUS
0934a4d8,0,0934a4d8:o0,24,anti_transpose,0934a4d8:o0:d24:anti_transpose,ac456f66e63eeef61e928a9ab53b34cb2da4f1c83e53817c476e2cf4806272a2,ac456f66e63eeef61e928a9ab53b34cb2da4f1c83e53817c476e2cf4806272a2,e5beec92c9992930f4d6b468db1806ee2f3b9224e13179af7d4e8bb5897148e0,AMBIGUOUS,FAST_PASS,3.227341704070568,,2,,43,44,43,,13,,,,,,,,,NO_MATCHING_ARTIFACT,AMBIGUOUS
0934a4d8,0,0934a4d8:o0,48,identity,0934a4d8:o0:d48:identity,8d621d7764f9e6b3bba5b04b80bb86bd345a61697eaee5aea25198a2cbdeecef,8d621d7764f9e6b3bba5b04b80bb86bd345a61697eaee5aea25198a2cbdeecef,e5beec92c9992930f4d6b468db1806ee2f3b9224e13179af7d4e8bb5897148e0,AMBIGUOUS,FAST_PASS,3.0720452703535557,,1,,35,36,35,,0,,,,,,,,,NO_MATCHING_ARTIFACT,AMBIGUOUS
0934a4d8,0,0934a4d8:o0,48,flip_ud,0934a4d8:o0:d48:flip_ud,8d621d7764f9e6b3bba5b04b80bb86bd345a61697eaee5aea25198a2cbdeecef,8d621d7764f9e6b3bba5b04b80bb86bd345a61697eaee5aea25198a2cbdeecef,e5beec92c9992930f4d6b468db1806ee2f3b9224e13179af7d4e8bb5897148e0,AMBIGUOUS,HEAVY_REPAIR,3.6325826812535524,,2,,50,51,50,,27,,,,,,,,,NO_MATCHING_ARTIFACT,AMBIGUOUS
0934a4d8,0,0934a4d8:o0,48,transpose,0934a4d8:o0:d48:transpose,8d621d7764f9e6b3bba5b04b80bb86bd345a61697eaee5aea25198a2cbdeecef,8d621d7764f9e6b3bba5b04b80bb86bd345a61697eaee5aea25198a2cbdeecef,e5beec92c9992930f4d6b468db1806ee2f3b9224e13179af7d4e8bb5897148e0,AMBIGUOUS,FAST_PASS,3.9525231793522835,,2,,56,57,56,,28,,,,,,,,,NO_MATCHING_ARTIFACT,AMBIGUOUS
0934a4d8,0,0934a4d8:o0,48,anti_transpose,0934a4d8:o0:d48:anti_transpose,8d621d7764f9e6b3bba5b04b80bb86bd345a61697eaee5aea25198a2cbdeecef,8d621d7764f9e6b3bba5b04b80bb86bd345a61697eaee5aea25198a2cbdeecef,e5beec92c9992930f4d6b468db1806ee2f3b9224e13179af7d4e8bb5897148e0,AMBIGUOUS,FAST_PASS,2.3979791197925806,,1,,29,30,29,,0,,,,,,,,,NO_MATCHING_ARTIFACT,AMBIGUOUS
13e47133,0,13e47133:o0,12,identity,13e47133:o0:d12:identity,ee8429e0e34eb00ea75fd0519ce39cf732c89e0c747a131a1b4816199c74baff,ee8429e0e34eb00ea75fd0519ce39cf732c89e0c747a131a1b4816199c74baff,e5beec92c9992930f4d6b468db1806ee2f3b9224e13179af7d4e8bb5897148e0,AMBIGUOUS,EXISTING_LABEL_UNSPECIFIED,56.651102824136615,,1,,929,930,929,,565,,,,,,,,,NO_MATCHING_ARTIFACT,AMBIGUOUS
13e47133,0,13e47133:o0,12,flip_ud,13e47133:o0:d12:flip_ud,ee8429e0e34eb00ea75fd0519ce39cf732c89e0c747a131a1b4816199c74baff,ee8429e0e34eb00ea75fd0519ce39cf732c89e0c747a131a1b4816199c74baff,e5beec92c9992930f4d6b468db1806ee2f3b9224e13179af7d4e8bb5897148e0,AMBIGUOUS,EXISTING_LABEL_UNSPECIFIED,160.08414050005376,,3,,2760,2761,2760,,2380,,,,,,,,,NO_MATCHING_ARTIFACT,AMBIGUOUS
13e47133,0,13e47133:o0,12,transpose,13e47133:o0:d12:transpose,ee8429e0e34eb00ea75fd0519ce39cf732c89e0c747a131a1b4816199c74baff,ee8429e0e34eb00ea75fd0519ce39cf732c89e0c747a131a1b4816199c74baff,e5beec92c9992930f4d6b468db1806ee2f3b9224e13179af7d4e8bb5897148e0,AMBIGUOUS,EXISTING_LABEL_UNSPECIFIED,97.90528610907495,,2,,1667,1668,1667,,1108,,,,,,,,,NO_MATCHING_ARTIFACT,AMBIGUOUS
13e47133,0,13e47133:o0,12,anti_transpose,13e47133:o0:d12:anti_transpose,ee8429e0e34eb00ea75fd0519ce39cf732c89e0c747a131a1b4816199c74baff,ee8429e0e34eb00ea75fd0519ce39cf732c89e0c747a131a1b4816199c74baff,e5beec92c9992930f4d6b468db1806ee2f3b9224e13179af7d4e8bb5897148e0,AMBIGUOUS,EXISTING_LABEL_UNSPECIFIED,55.39923810400069,,1,,929,930,929,,930,,,,,,,,,NO_MATCHING_ARTIFACT,AMBIGUOUS
13e47133,0,13e47133:o0,24,identity,13e47133:o0:d24:identity,e36cce0ed9731be780c48c576be801e7f1faacad868fcb21551b40f5a801eddd,e36cce0ed9731be780c48c576be801e7f1faacad868fcb21551b40f5a801eddd,e5beec92c9992930f4d6b468db1806ee2f3b9224e13179af7d4e8bb5897148e0,AMBIGUOUS,EXISTING_LABEL_UNSPECIFIED,90.18259907327592,,2,,1497,1498,1497,,808,,,,,,,,,NO_MATCHING_ARTIFACT,AMBIGUOUS
13e47133,0,13e47133:o0,24,flip_ud,13e47133:o0:d24:flip_ud,e36cce0ed9731be780c48c576be801e7f1faacad868fcb21551b40f5a801eddd,e36cce0ed9731be780c48c576be801e7f1faacad868fcb21551b40f5a801eddd,e5beec92c9992930f4d6b468db1806ee2f3b9224e13179af7d4e8bb5897148e0,AMBIGUOUS,EXISTING_LABEL_UNSPECIFIED,158.44861385039985,,3,,2715,2716,2715,,906,,,,,,,,,NO_MATCHING_ARTIFACT,AMBIGUOUS
13e47133,0,13e47133:o0,24,transpose,13e47133:o0:d24:transpose,e36cce0ed9731be780c48c576be801e7f1faacad868fcb21551b40f5a801eddd,e36cce0ed9731be780c48c576be801e7f1faacad868fcb21551b40f5a801eddd,e5beec92c9992930f4d6b468db1806ee2f3b9224e13179af7d4e8bb5897148e0,AMBIGUOUS,EXISTING_LABEL_UNSPECIFIED,99.39347028918564,,2,,1679,1680,1679,,1408,,,,,,,,,NO_MATCHING_ARTIFACT,AMBIGUOUS
13e47133,0,13e47133:o0,24,anti_transpose,13e47133:o0:d24:anti_transpose,e36cce0ed9731be780c48c576be801e7f1faacad868fcb21551b40f5a801eddd,e36cce0ed9731be780c48c576be801e7f1faacad868fcb21551b40f5a801eddd,e5beec92c9992930f4d6b468db1806ee2f3b9224e13179af7d4e8bb5897148e0,AMBIGUOUS,EXISTING_LABEL_UNSPECIFIED,112.75674786418676,,2,,1858,1859,1858,,1551,,,,,,,,,NO_MATCHING_ARTIFACT,AMBIGUOUS
13e47133,0,13e47133:o0,48,identity,13e47133:o0:d48:identity,a52e18a0d57732ff54bd72649177b34e56201516dc7649d007a8d93ec51120a9,a52e18a0d57732ff54bd72649177b34e56201516dc7649d007a8d93ec51120a9,e5beec92c9992930f4d6b468db1806ee2f3b9224e13179af7d4e8bb5897148e0,AMBIGUOUS,EXISTING_LABEL_UNSPECIFIED,148.99180160090327,,3,,2564,2565,2564,,2052,,,,,,,,,NO_MATCHING_ARTIFACT,AMBIGUOUS
13e47133,0,13e47133:o0,48,flip_ud,13e47133:o0:d48:flip_ud,a52e18a0d57732ff54bd72649177b34e56201516dc7649d007a8d93ec51120a9,a52e18a0d57732ff54bd72649177b34e56201516dc7649d007a8d93ec51120a9,e5beec92c9992930f4d6b468db1806ee2f3b9224e13179af7d4e8bb5897148e0,AMBIGUOUS,EXISTING_LABEL_UNSPECIFIED,142.79341752640903,,3,,2445,2446,2445,,2217,,,,,,,,,NO_MATCHING_ARTIFACT,AMBIGUOUS
13e47133,0,13e47133:o0,48,transpose,13e47133:o0:d48:transpose,a52e18a0d57732ff54bd72649177b34e56201516dc7649d007a8d93ec51120a9,a52e18a0d57732ff54bd72649177b34e56201516dc7649d007a8d93ec51120a9,e5beec92c9992930f4d6b468db1806ee2f3b9224e13179af7d4e8bb5897148e0,AMBIGUOUS,EXISTING_LABEL_UNSPECIFIED,96.23777794279158,,2,,1634,1635,1634,,1374,,,,,,,,,NO_MATCHING_ARTIFACT,AMBIGUOUS
13e47133,0,13e47133:o0,48,anti_transpose,13e47133:o0:d48:anti_transpose,a52e18a0d57732ff54bd72649177b34e56201516dc7649d007a8d93ec51120a9,a52e18a0d57732ff54bd72649177b34e56201516dc7649d007a8d93ec51120a9,e5beec92c9992930f4d6b468db1806ee2f3b9224e13179af7d4e8bb5897148e0,AMBIGUOUS,EXISTING_LABEL_UNSPECIFIED,105.96304097399116,,2,,1762,1763,1762,,1554,,,,,,,,,NO_MATCHING_ARTIFACT,AMBIGUOUS
13e47133,1,13e47133:o1,12,identity,13e47133:o1:d12:identity,ee8429e0e34eb00ea75fd0519ce39cf732c89e0c747a131a1b4816199c74baff,ee8429e0e34eb00ea75fd0519ce39cf732c89e0c747a131a1b4816199c74baff,e5beec92c9992930f4d6b468db1806ee2f3b9224e13179af7d4e8bb5897148e0,AMBIGUOUS,EXISTING_LABEL_UNSPECIFIED,162.84148775972426,,3,,2779,2780,2779,,2702,,,,,,,,,NO_MATCHING_ARTIFACT,AMBIGUOUS
13e47133,1,13e47133:o1,12,flip_ud,13e47133:o1:d12:flip_ud,ee8429e0e34eb00ea75fd0519ce39cf732c89e0c747a131a1b4816199c74baff,ee8429e0e34eb00ea75fd0519ce39cf732c89e0c747a131a1b4816199c74baff,e5beec92c9992930f4d6b468db1806ee2f3b9224e13179af7d4e8bb5897148e0,AMBIGUOUS,EXISTING_LABEL_UNSPECIFIED,111.49094143882394,,2,,1850,1851,1850,,1596,,,,,,,,,NO_MATCHING_ARTIFACT,AMBIGUOUS
13e47133,1,13e47133:o1,12,transpose,13e47133:o1:d12:transpose,ee8429e0e34eb00ea75fd0519ce39cf732c89e0c747a131a1b4816199c74baff,ee8429e0e34eb00ea75fd0519ce39cf732c89e0c747a131a1b4816199c74baff,e5beec92c9992930f4d6b468db1806ee2f3b9224e13179af7d4e8bb5897148e0,AMBIGUOUS,EXISTING_LABEL_UNSPECIFIED,103.25082940980792,,2,,1762,1763,1762,,1332,,,,,,,,,NO_MATCHING_ARTIFACT,AMBIGUOUS
13e47133,1,13e47133:o1,12,anti_transpose,13e47133:o1:d12:anti_transpose,ee8429e0e34eb00ea75fd0519ce39cf732c89e0c747a131a1b4816199c74baff,ee8429e0e34eb00ea75fd0519ce39cf732c89e0c747a131a1b4816199c74baff,e5beec92c9992930f4d6b468db1806ee2f3b9224e13179af7d4e8bb5897148e0,AMBIGUOUS,EXISTING_LABEL_UNSPECIFIED,160.76118204928935,,3,,2773,2774,2773,,2296,,,,,,,,,NO_MATCHING_ARTIFACT,AMBIGUOUS
13e47133,1,13e47133:o1,24,identity,13e47133:o1:d24:identity,e36cce0ed9731be780c48c576be801e7f1faacad868fcb21551b40f5a801eddd,e36cce0ed9731be780c48c576be801e7f1faacad868fcb21551b40f5a801eddd,e5beec92c9992930f4d6b468db1806ee2f3b9224e13179af7d4e8bb5897148e0,AMBIGUOUS,EXISTING_LABEL_UNSPECIFIED,107.5249934438616,,2,,1850,1851,1850,,1277,,,,,,,,,NO_MATCHING_ARTIFACT,AMBIGUOUS
13e47133,1,13e47133:o1,24,flip_ud,13e47133:o1:d24:flip_ud,e36cce0ed9731be780c48c576be801e7f1faacad868fcb21551b40f5a801eddd,e36cce0ed9731be780c48c576be801e7f1faacad868fcb21551b40f5a801eddd,e5beec92c9992930f4d6b468db1806ee2f3b9224e13179af7d4e8bb5897148e0,AMBIGUOUS,EXISTING_LABEL_UNSPECIFIED,148.4664377309382,,3,,2523,2524,2523,,2125,,,,,,,,,NO_MATCHING_ARTIFACT,AMBIGUOUS
13e47133,1,13e47133:o1,24,transpose,13e47133:o1:d24:transpose,e36cce0ed9731be780c48c576be801e7f1faacad868fcb21551b40f5a801eddd,e36cce0ed9731be780c48c576be801e7f1faacad868fcb21551b40f5a801eddd,e5beec92c9992930f4d6b468db1806ee2f3b9224e13179af7d4e8bb5897148e0,AMBIGUOUS,EXISTING_LABEL_UNSPECIFIED,94.35306388139725,,2,,1610,1611,1610,,1276,,,,,,,,,NO_MATCHING_ARTIFACT,AMBIGUOUS
13e47133,1,13e47133:o1,24,anti_transpose,13e47133:o1:d24:anti_transpose,e36cce0ed9731be780c48c576be801e7f1faacad868fcb21551b40f5a801eddd,e36cce0ed9731be780c48c576be801e7f1faacad868fcb21551b40f5a801eddd,e5beec92c9992930f4d6b468db1806ee2f3b9224e13179af7d4e8bb5897148e0,AMBIGUOUS,EXISTING_LABEL_UNSPECIFIED,109.1997424326837,,2,,1819,1820,1819,,1198,,,,,,,,,NO_MATCHING_ARTIFACT,AMBIGUOUS
13e47133,1,13e47133:o1,48,identity,13e47133:o1:d48:identity,a52e18a0d57732ff54bd72649177b34e56201516dc7649d007a8d93ec51120a9,a52e18a0d57732ff54bd72649177b34e56201516dc7649d007a8d93ec51120a9,e5beec92c9992930f4d6b468db1806ee2f3b9224e13179af7d4e8bb5897148e0,AMBIGUOUS,EXISTING_LABEL_UNSPECIFIED,129.9057355094701,,3,,2204,2205,2204,,1652,,,,,,,,,NO_MATCHING_ARTIFACT,AMBIGUOUS
13e47133,1,13e47133:o1,48,flip_ud,13e47133:o1:d48:flip_ud,a52e18a0d57732ff54bd72649177b34e56201516dc7649d007a8d93ec51120a9,a52e18a0d57732ff54bd72649177b34e56201516dc7649d007a8d93ec51120a9,e5beec92c9992930f4d6b468db1806ee2f3b9224e13179af7d4e8bb5897148e0,AMBIGUOUS,EXISTING_LABEL_UNSPECIFIED,107.8379856646061,,2,,1858,1859,1858,,1225,,,,,,,,,NO_MATCHING_ARTIFACT,AMBIGUOUS
13e47133,1,13e47133:o1,48,transpose,13e47133:o1:d48:transpose,a52e18a0d57732ff54bd72649177b34e56201516dc7649d007a8d93ec51120a9,a52e18a0d57732ff54bd72649177b34e56201516dc7649d007a8d93ec51120a9,e5beec92c9992930f4d6b468db1806ee2f3b9224e13179af7d4e8bb5897148e0,AMBIGUOUS,EXISTING_LABEL_UNSPECIFIED,89.6053801253438,,2,,1529,1530,1529,,924,,,,,,,,,NO_MATCHING_ARTIFACT,AMBIGUOUS
13e47133,1,13e47133:o1,48,anti_transpose,13e47133:o1:d48:anti_transpose,a52e18a0d57732ff54bd72649177b34e56201516dc7649d007a8d93ec51120a9,a52e18a0d57732ff54bd72649177b34e56201516dc7649d007a8d93ec51120a9,e5beec92c9992930f4d6b468db1806ee2f3b9224e13179af7d4e8bb5897148e0,AMBIGUOUS,EXISTING_LABEL_UNSPECIFIED,163.67756407149136,,3,,2716,2717,2716,,2267,,,,,,,,,NO_MATCHING_ARTIFACT,AMBIGUOUS
142ca369,0,142ca369:o0,12,identity,142ca369:o0:d12:identity,948324b048fca2ef569dc86198242b5ef9f41dcf96d3058384afb30417fa6113,948324b048fca2ef569dc86198242b5ef9f41dcf96d3058384afb30417fa6113,e5beec92c9992930f4d6b468db1806ee2f3b9224e13179af7d4e8bb5897148e0,AMBIGUOUS,FAST_PASS,37.991320092231035,,2,,642,643,642,,547,,,,,,,,,NO_MATCHING_ARTIFACT,AMBIGUOUS
142ca369,0,142ca369:o0,12,flip_ud,142ca369:o0:d12:flip_ud,948324b048fca2ef569dc86198242b5ef9f41dcf96d3058384afb30417fa6113,948324b048fca2ef569dc86198242b5ef9f41dcf96d3058384afb30417fa6113,e5beec92c9992930f4d6b468db1806ee2f3b9224e13179af7d4e8bb5897148e0,AMBIGUOUS,FAST_PASS,20.743924506008625,,1,,341,342,341,,112,,,,,,,,,NO_MATCHING_ARTIFACT,AMBIGUOUS
142ca369,0,142ca369:o0,12,transpose,142ca369:o0:d12:transpose,948324b048fca2ef569dc86198242b5ef9f41dcf96d3058384afb30417fa6113,948324b048fca2ef569dc86198242b5ef9f41dcf96d3058384afb30417fa6113,e5beec92c9992930f4d6b468db1806ee2f3b9224e13179af7d4e8bb5897148e0,AMBIGUOUS,HEAVY_REPAIR,39.8953548874706,,2,,673,674,673,,550,,,,,,,,,NO_MATCHING_ARTIFACT,AMBIGUOUS
142ca369,0,142ca369:o0,12,anti_transpose,142ca369:o0:d12:anti_transpose,948324b048fca2ef569dc86198242b5ef9f41dcf96d3058384afb30417fa6113,948324b048fca2ef569dc86198242b5ef9f41dcf96d3058384afb30417fa6113,e5beec92c9992930f4d6b468db1806ee2f3b9224e13179af7d4e8bb5897148e0,AMBIGUOUS,FAST_PASS,37.512405721470714,,2,,633,634,633,,522,,,,,,,,,NO_MATCHING_ARTIFACT,AMBIGUOUS
142ca369,0,142ca369:o0,24,identity,142ca369:o0:d24:identity,feb8534fc366d7c880e4b4d7bcd26caa6af3989c1588e20a7987e629524b7544,feb8534fc366d7c880e4b4d7bcd26caa6af3989c1588e20a7987e629524b7544,e5beec92c9992930f4d6b468db1806ee2f3b9224e13179af7d4e8bb5897148e0,AMBIGUOUS,FAST_PASS,38.38210790976882,,2,,642,643,642,,448,,,,,,,,,NO_MATCHING_ARTIFACT,AMBIGUOUS
142ca369,0,142ca369:o0,24,flip_ud,142ca369:o0:d24:flip_ud,feb8534fc366d7c880e4b4d7bcd26caa6af3989c1588e20a7987e629524b7544,feb8534fc366d7c880e4b4d7bcd26caa6af3989c1588e20a7987e629524b7544,e5beec92c9992930f4d6b468db1806ee2f3b9224e13179af7d4e8bb5897148e0,AMBIGUOUS,FAST_PASS,20.14528758265078,,1,,341,342,341,,328,,,,,,,,,NO_MATCHING_ARTIFACT,AMBIGUOUS
142ca369,0,142ca369:o0,24,transpose,142ca369:o0:d24:transpose,feb8534fc366d7c880e4b4d7bcd26caa6af3989c1588e20a7987e629524b7544,feb8534fc366d7c880e4b4d7bcd26caa6af3989c1588e20a7987e629524b7544,e5beec92c9992930f4d6b468db1806ee2f3b9224e13179af7d4e8bb5897148e0,AMBIGUOUS,HEAVY_REPAIR,20.622021401301026,,1,,341,342,341,,0,,,,,,,,,NO_MATCHING_ARTIFACT,AMBIGUOUS
142ca369,0,142ca369:o0,24,anti_transpose,142ca369:o0:d24:anti_transpose,feb8534fc366d7c880e4b4d7bcd26caa6af3989c1588e20a7987e629524b7544,feb8534fc366d7c880e4b4d7bcd26caa6af3989c1588e20a7987e629524b7544,e5beec92c9992930f4d6b468db1806ee2f3b9224e13179af7d4e8bb5897148e0,AMBIGUOUS,FAST_PASS,20.102131739258766,,1,,341,342,341,,0,,,,,,,,,NO_MATCHING_ARTIFACT,AMBIGUOUS
142ca369,0,142ca369:o0,48,identity,142ca369:o0:d48:identity,9f676a525440e6b2a4ddb1d1efa97e4a270873925f58dc5dd99a2c65dc37bdeb,9f676a525440e6b2a4ddb1d1efa97e4a270873925f58dc5dd99a2c65dc37bdeb,e5beec92c9992930f4d6b468db1806ee2f3b9224e13179af7d4e8bb5897148e0,AMBIGUOUS,FAST_PASS,38.20039943791926,,2,,640,641,640,,293,,,,,,,,,NO_MATCHING_ARTIFACT,AMBIGUOUS
142ca369,0,142ca369:o0,48,flip_ud,142ca369:o0:d48:flip_ud,9f676a525440e6b2a4ddb1d1efa97e4a270873925f58dc5dd99a2c65dc37bdeb,9f676a525440e6b2a4ddb1d1efa97e4a270873925f58dc5dd99a2c65dc37bdeb,e5beec92c9992930f4d6b468db1806ee2f3b9224e13179af7d4e8bb5897148e0,AMBIGUOUS,FAST_PASS,20.39652812667191,,1,,341,342,341,,0,,,,,,,,,NO_MATCHING_ARTIFACT,AMBIGUOUS
142ca369,0,142ca369:o0,48,transpose,142ca369:o0:d48:transpose,9f676a525440e6b2a4ddb1d1efa97e4a270873925f58dc5dd99a2c65dc37bdeb,9f676a525440e6b2a4ddb1d1efa97e4a270873925f58dc5dd99a2c65dc37bdeb,e5beec92c9992930f4d6b468db1806ee2f3b9224e13179af7d4e8bb5897148e0,AMBIGUOUS,HEAVY_REPAIR,38.095270812511444,,2,,642,643,642,,262,,,,,,,,,NO_MATCHING_ARTIFACT,AMBIGUOUS
142ca369,0,142ca369:o0,48,anti_transpose,142ca369:o0:d48:anti_transpose,9f676a525440e6b2a4ddb1d1efa97e4a270873925f58dc5dd99a2c65dc37bdeb,9f676a525440e6b2a4ddb1d1efa97e4a270873925f58dc5dd99a2c65dc37bdeb,e5beec92c9992930f4d6b468db1806ee2f3b9224e13179af7d4e8bb5897148e0,AMBIGUOUS,FAST_PASS,20.064800078049302,,1,,341,342,341,,0,,,,,,,,,NO_MATCHING_ARTIFACT,AMBIGUOUS
142ca369,1,142ca369:o1,12,identity,142ca369:o1:d12:identity,948324b048fca2ef569dc86198242b5ef9f41dcf96d3058384afb30417fa6113,948324b048fca2ef569dc86198242b5ef9f41dcf96d3058384afb30417fa6113,e5beec92c9992930f4d6b468db1806ee2f3b9224e13179af7d4e8bb5897148e0,AMBIGUOUS,HEAVY_REPAIR,23.622440611943603,,1,,399,400,399,,0,,,,,,,,,NO_MATCHING_ARTIFACT,AMBIGUOUS
142ca369,1,142ca369:o1,12,flip_ud,142ca369:o1:d12:flip_ud,948324b048fca2ef569dc86198242b5ef9f41dcf96d3058384afb30417fa6113,948324b048fca2ef569dc86198242b5ef9f41dcf96d3058384afb30417fa6113,e5beec92c9992930f4d6b468db1806ee2f3b9224e13179af7d4e8bb5897148e0,AMBIGUOUS,FAST_PASS,46.4538584407419,,2,,795,796,795,,422,,,,,,,,,NO_MATCHING_ARTIFACT,AMBIGUOUS
142ca369,1,142ca369:o1,12,transpose,142ca369:o1:d12:transpose,948324b048fca2ef569dc86198242b5ef9f41dcf96d3058384afb30417fa6113,948324b048fca2ef569dc86198242b5ef9f41dcf96d3058384afb30417fa6113,e5beec92c9992930f4d6b468db1806ee2f3b9224e13179af7d4e8bb5897148e0,AMBIGUOUS,FAST_PASS,23.70886431261897,,1,,398,399,398,,0,,,,,,,,,NO_MATCHING_ARTIFACT,AMBIGUOUS
142ca369,1,142ca369:o1,12,anti_transpose,142ca369:o1:d12:anti_transpose,948324b048fca2ef569dc86198242b5ef9f41dcf96d3058384afb30417fa6113,948324b048fca2ef569dc86198242b5ef9f41dcf96d3058384afb30417fa6113,e5beec92c9992930f4d6b468db1806ee2f3b9224e13179af7d4e8bb5897148e0,AMBIGUOUS,HEAVY_REPAIR,23.560901699587703,,1,,398,399,398,,0,,,,,,,,,NO_MATCHING_ARTIFACT,AMBIGUOUS
142ca369,1,142ca369:o1,24,identity,142ca369:o1:d24:identity,feb8534fc366d7c880e4b4d7bcd26caa6af3989c1588e20a7987e629524b7544,feb8534fc366d7c880e4b4d7bcd26caa6af3989c1588e20a7987e629524b7544,e5beec92c9992930f4d6b468db1806ee2f3b9224e13179af7d4e8bb5897148e0,AMBIGUOUS,HEAVY_REPAIR,31.28381168283522,,2,,531,532,531,,0,,,,,,,,,NO_MATCHING_ARTIFACT,AMBIGUOUS
142ca369,1,142ca369:o1,24,flip_ud,142ca369:o1:d24:flip_ud,feb8534fc366d7c880e4b4d7bcd26caa6af3989c1588e20a7987e629524b7544,feb8534fc366d7c880e4b4d7bcd26caa6af3989c1588e20a7987e629524b7544,e5beec92c9992930f4d6b468db1806ee2f3b9224e13179af7d4e8bb5897148e0,AMBIGUOUS,FAST_PASS,23.824737828224897,,1,,399,400,399,,0,,,,,,,,,NO_MATCHING_ARTIFACT,AMBIGUOUS
142ca369,1,142ca369:o1,24,transpose,142ca369:o1:d24:transpose,feb8534fc366d7c880e4b4d7bcd26caa6af3989c1588e20a7987e629524b7544,feb8534fc366d7c880e4b4d7bcd26caa6af3989c1588e20a7987e629524b7544,e5beec92c9992930f4d6b468db1806ee2f3b9224e13179af7d4e8bb5897148e0,AMBIGUOUS,FAST_PASS,31.106979373842478,,2,,533,534,533,,0,,,,,,,,,NO_MATCHING_ARTIFACT,AMBIGUOUS
142ca369,1,142ca369:o1,24,anti_transpose,142ca369:o1:d24:anti_transpose,feb8534fc366d7c880e4b4d7bcd26caa6af3989c1588e20a7987e629524b7544,feb8534fc366d7c880e4b4d7bcd26caa6af3989c1588e20a7987e629524b7544,e5beec92c9992930f4d6b468db1806ee2f3b9224e13179af7d4e8bb5897148e0,AMBIGUOUS,HEAVY_REPAIR,23.544562621042132,,1,,398,399,398,,0,,,,,,,,,NO_MATCHING_ARTIFACT,AMBIGUOUS
142ca369,1,142ca369:o1,48,identity,142ca369:o1:d48:identity,9f676a525440e6b2a4ddb1d1efa97e4a270873925f58dc5dd99a2c65dc37bdeb,9f676a525440e6b2a4ddb1d1efa97e4a270873925f58dc5dd99a2c65dc37bdeb,e5beec92c9992930f4d6b468db1806ee2f3b9224e13179af7d4e8bb5897148e0,AMBIGUOUS,HEAVY_REPAIR,36.85272694379091,,2,,626,627,626,,0,,,,,,,,,NO_MATCHING_ARTIFACT,AMBIGUOUS
142ca369,1,142ca369:o1,48,flip_ud,142ca369:o1:d48:flip_ud,9f676a525440e6b2a4ddb1d1efa97e4a270873925f58dc5dd99a2c65dc37bdeb,9f676a525440e6b2a4ddb1d1efa97e4a270873925f58dc5dd99a2c65dc37bdeb,e5beec92c9992930f4d6b468db1806ee2f3b9224e13179af7d4e8bb5897148e0,AMBIGUOUS,FAST_PASS,23.733856469392776,,1,,399,400,399,,0,,,,,,,,,NO_MATCHING_ARTIFACT,AMBIGUOUS
142ca369,1,142ca369:o1,48,transpose,142ca369:o1:d48:transpose,9f676a525440e6b2a4ddb1d1efa97e4a270873925f58dc5dd99a2c65dc37bdeb,9f676a525440e6b2a4ddb1d1efa97e4a270873925f58dc5dd99a2c65dc37bdeb,e5beec92c9992930f4d6b468db1806ee2f3b9224e13179af7d4e8bb5897148e0,AMBIGUOUS,FAST_PASS,31.082782777026296,,2,,533,534,533,,0,,,,,,,,,NO_MATCHING_ARTIFACT,AMBIGUOUS
142ca369,1,142ca369:o1,48,anti_transpose,142ca369:o1:d48:anti_transpose,9f676a525440e6b2a4ddb1d1efa97e4a270873925f58dc5dd99a2c65dc37bdeb,9f676a525440e6b2a4ddb1d1efa97e4a270873925f58dc5dd99a2c65dc37bdeb,e5beec92c9992930f4d6b468db1806ee2f3b9224e13179af7d4e8bb5897148e0,AMBIGUOUS,HEAVY_REPAIR,23.85745640657842,,1,,398,399,398,,0,,,,,,,,,NO_MATCHING_ARTIFACT,AMBIGUOUS
16b78196,0,16b78196:o0,12,identity,16b78196:o0:d12:identity,2732da5758b19390d851871795ee91388a4593f7ff917693e56f3103f612095b,2732da5758b19390d851871795ee91388a4593f7ff917693e56f3103f612095b,e5beec92c9992930f4d6b468db1806ee2f3b9224e13179af7d4e8bb5897148e0,AMBIGUOUS,EXISTING_LABEL_UNSPECIFIED,27.608531730249524,,1,,929,930,929,,0,,,,,,,,,NO_MATCHING_ARTIFACT,AMBIGUOUS
16b78196,0,16b78196:o0,12,flip_ud,16b78196:o0:d12:flip_ud,2732da5758b19390d851871795ee91388a4593f7ff917693e56f3103f612095b,2732da5758b19390d851871795ee91388a4593f7ff917693e56f3103f612095b,e5beec92c9992930f4d6b468db1806ee2f3b9224e13179af7d4e8bb5897148e0,AMBIGUOUS,EXISTING_LABEL_UNSPECIFIED,27.608531730249524,,1,,929,930,929,,108,,,,,,,,,NO_MATCHING_ARTIFACT,AMBIGUOUS
16b78196,0,16b78196:o0,12,transpose,16b78196:o0:d12:transpose,2732da5758b19390d851871795ee91388a4593f7ff917693e56f3103f612095b,2732da5758b19390d851871795ee91388a4593f7ff917693e56f3103f612095b,e5beec92c9992930f4d6b468db1806ee2f3b9224e13179af7d4e8bb5897148e0,AMBIGUOUS,EXISTING_LABEL_UNSPECIFIED,27.649869199842215,,1,,929,930,929,,424,,,,,,,,,NO_MATCHING_ARTIFACT,AMBIGUOUS
16b78196,0,16b78196:o0,12,anti_transpose,16b78196:o0:d12:anti_transpose,2732da5758b19390d851871795ee91388a4593f7ff917693e56f3103f612095b,2732da5758b19390d851871795ee91388a4593f7ff917693e56f3103f612095b,e5beec92c9992930f4d6b468db1806ee2f3b9224e13179af7d4e8bb5897148e0,AMBIGUOUS,EXISTING_LABEL_UNSPECIFIED,27.649869199842215,,1,,929,930,929,,115,,,,,,,,,NO_MATCHING_ARTIFACT,AMBIGUOUS
16b78196,0,16b78196:o0,24,identity,16b78196:o0:d24:identity,b060191a5c122f04b72aa05ce25e70937ed9b26ca782353ba6d97e2fa5d8cc06,b060191a5c122f04b72aa05ce25e70937ed9b26ca782353ba6d97e2fa5d8cc06,e5beec92c9992930f4d6b468db1806ee2f3b9224e13179af7d4e8bb5897148e0,AMBIGUOUS,EXISTING_LABEL_UNSPECIFIED,27.544567079283297,,1,,929,930,929,,260,,,,,,,,,NO_MATCHING_ARTIFACT,AMBIGUOUS
16b78196,0,16b78196:o0,24,flip_ud,16b78196:o0:d24:flip_ud,b060191a5c122f04b72aa05ce25e70937ed9b26ca782353ba6d97e2fa5d8cc06,b060191a5c122f04b72aa05ce25e70937ed9b26ca782353ba6d97e2fa5d8cc06,e5beec92c9992930f4d6b468db1806ee2f3b9224e13179af7d4e8bb5897148e0,AMBIGUOUS,EXISTING_LABEL_UNSPECIFIED,27.544567079283297,,1,,929,930,929,,288,,,,,,,,,NO_MATCHING_ARTIFACT,AMBIGUOUS
16b78196,0,16b78196:o0,24,transpose,16b78196:o0:d24:transpose,b060191a5c122f04b72aa05ce25e70937ed9b26ca782353ba6d97e2fa5d8cc06,b060191a5c122f04b72aa05ce25e70937ed9b26ca782353ba6d97e2fa5d8cc06,e5beec92c9992930f4d6b468db1806ee2f3b9224e13179af7d4e8bb5897148e0,AMBIGUOUS,EXISTING_LABEL_UNSPECIFIED,27.45309845544398,,1,,929,930,929,,664,,,,,,,,,NO_MATCHING_ARTIFACT,AMBIGUOUS
16b78196,0,16b78196:o0,24,anti_transpose,16b78196:o0:d24:anti_transpose,b060191a5c122f04b72aa05ce25e70937ed9b26ca782353ba6d97e2fa5d8cc06,b060191a5c122f04b72aa05ce25e70937ed9b26ca782353ba6d97e2fa5d8cc06,e5beec92c9992930f4d6b468db1806ee2f3b9224e13179af7d4e8bb5897148e0,AMBIGUOUS,EXISTING_LABEL_UNSPECIFIED,27.45309845544398,,1,,929,930,929,,295,,,,,,,,,NO_MATCHING_ARTIFACT,AMBIGUOUS
16b78196,0,16b78196:o0,48,identity,16b78196:o0:d48:identity,2f860718125d73beda30a430eef286ca3bb525b214f2bbfe064041db23009e4a,2f860718125d73beda30a430eef286ca3bb525b214f2bbfe064041db23009e4a,e5beec92c9992930f4d6b468db1806ee2f3b9224e13179af7d4e8bb5897148e0,AMBIGUOUS,EXISTING_LABEL_UNSPECIFIED,73.40293273329735,,4,,2534,2536,2534,,1690,,,,,,,,,NO_MATCHING_ARTIFACT,AMBIGUOUS
16b78196,0,16b78196:o0,48,flip_ud,16b78196:o0:d48:flip_ud,2f860718125d73beda30a430eef286ca3bb525b214f2bbfe064041db23009e4a,2f860718125d73beda30a430eef286ca3bb525b214f2bbfe064041db23009e4a,e5beec92c9992930f4d6b468db1806ee2f3b9224e13179af7d4e8bb5897148e0,AMBIGUOUS,EXISTING_LABEL_UNSPECIFIED,73.40293273329735,,4,,2533,2536,2533,,1523,,,,,,,,,NO_MATCHING_ARTIFACT,AMBIGUOUS
16b78196,0,16b78196:o0,48,transpose,16b78196:o0:d48:transpose,2f860718125d73beda30a430eef286ca3bb525b214f2bbfe064041db23009e4a,2f860718125d73beda30a430eef286ca3bb525b214f2bbfe064041db23009e4a,e5beec92c9992930f4d6b468db1806ee2f3b9224e13179af7d4e8bb5897148e0,AMBIGUOUS,EXISTING_LABEL_UNSPECIFIED,27.104465153999627,,1,,929,930,929,,447,,,,,,,,,NO_MATCHING_ARTIFACT,AMBIGUOUS
16b78196,0,16b78196:o0,48,anti_transpose,16b78196:o0:d48:anti_transpose,2f860718125d73beda30a430eef286ca3bb525b214f2bbfe064041db23009e4a,2f860718125d73beda30a430eef286ca3bb525b214f2bbfe064041db23009e4a,e5beec92c9992930f4d6b468db1806ee2f3b9224e13179af7d4e8bb5897148e0,AMBIGUOUS,EXISTING_LABEL_UNSPECIFIED,27.104465153999627,,1,,929,930,929,,295,,,,,,,,,NO_MATCHING_ARTIFACT,AMBIGUOUS
16de56c4,0,16de56c4:o0,12,identity,16de56c4:o0:d12:identity,0672adc5dee92b469ce425bd0ec3e2492f3292cf83f69f98cbcc7e5c37ab6234,0672adc5dee92b469ce425bd0ec3e2492f3292cf83f69f98cbcc7e5c37ab6234,e5beec92c9992930f4d6b468db1806ee2f3b9224e13179af7d4e8bb5897148e0,AMBIGUOUS,FAST_PASS,21.67105625383556,,2,,361,362,361,,296,,,,,,,,,NO_MATCHING_ARTIFACT,AMBIGUOUS
16de56c4,0,16de56c4:o0,12,flip_ud,16de56c4:o0:d12:flip_ud,0672adc5dee92b469ce425bd0ec3e2492f3292cf83f69f98cbcc7e5c37ab6234,0672adc5dee92b469ce425bd0ec3e2492f3292cf83f69f98cbcc7e5c37ab6234,e5beec92c9992930f4d6b468db1806ee2f3b9224e13179af7d4e8bb5897148e0,AMBIGUOUS,FAST_PASS,23.83196860924363,,2,,385,386,385,,297,,,,,,,,,NO_MATCHING_ARTIFACT,AMBIGUOUS
16de56c4,0,16de56c4:o0,12,transpose,16de56c4:o0:d12:transpose,0672adc5dee92b469ce425bd0ec3e2492f3292cf83f69f98cbcc7e5c37ab6234,0672adc5dee92b469ce425bd0ec3e2492f3292cf83f69f98cbcc7e5c37ab6234,e5beec92c9992930f4d6b468db1806ee2f3b9224e13179af7d4e8bb5897148e0,AMBIGUOUS,FAST_PASS,24.568291403353214,,2,,416,417,416,,397,,,,,,,,,NO_MATCHING_ARTIFACT,AMBIGUOUS
16de56c4,0,16de56c4:o0,12,anti_transpose,16de56c4:o0:d12:anti_transpose,0672adc5dee92b469ce425bd0ec3e2492f3292cf83f69f98cbcc7e5c37ab6234,0672adc5dee92b469ce425bd0ec3e2492f3292cf83f69f98cbcc7e5c37ab6234,e5beec92c9992930f4d6b468db1806ee2f3b9224e13179af7d4e8bb5897148e0,AMBIGUOUS,FAST_PASS,12.841620285063982,,1,,209,210,209,,170,,,,,,,,,NO_MATCHING_ARTIFACT,AMBIGUOUS
16de56c4,0,16de56c4:o0,24,identity,16de56c4:o0:d24:identity,ba9d832f85970b1b05037941199701905066b0193595a358ea4b4e9943c1c6c0,ba9d832f85970b1b05037941199701905066b0193595a358ea4b4e9943c1c6c0,e5beec92c9992930f4d6b468db1806ee2f3b9224e13179af7d4e8bb5897148e0,AMBIGUOUS,FAST_PASS,31.848469026386738,,3,,524,525,524,,478,,,,,,,,,NO_MATCHING_ARTIFACT,AMBIGUOUS
16de56c4,0,16de56c4:o0,24,flip_ud,16de56c4:o0:d24:flip_ud,ba9d832f85970b1b05037941199701905066b0193595a358ea4b4e9943c1c6c0,ba9d832f85970b1b05037941199701905066b0193595a358ea4b4e9943c1c6c0,e5beec92c9992930f4d6b468db1806ee2f3b9224e13179af7d4e8bb5897148e0,AMBIGUOUS,FAST_PASS,22.65066140331328,,2,,385,386,385,,268,,,,,,,,,NO_MATCHING_ARTIFACT,AMBIGUOUS
16de56c4,0,16de56c4:o0,24,transpose,16de56c4:o0:d24:transpose,ba9d832f85970b1b05037941199701905066b0193595a358ea4b4e9943c1c6c0,ba9d832f85970b1b05037941199701905066b0193595a358ea4b4e9943c1c6c0,e5beec92c9992930f4d6b468db1806ee2f3b9224e13179af7d4e8bb5897148e0,AMBIGUOUS,FAST_PASS,24.916968438774347,,2,,410,411,410,,373,,,,,,,,,NO_MATCHING_ARTIFACT,AMBIGUOUS
16de56c4,0,16de56c4:o0,24,anti_transpose,16de56c4:o0:d24:anti_transpose,ba9d832f85970b1b05037941199701905066b0193595a358ea4b4e9943c1c6c0,ba9d832f85970b1b05037941199701905066b0193595a358ea4b4e9943c1c6c0,e5beec92c9992930f4d6b468db1806ee2f3b9224e13179af7d4e8bb5897148e0,AMBIGUOUS,FAST_PASS,24.88884164392948,,2,,415,416,415,,380,,,,,,,,,NO_MATCHING_ARTIFACT,AMBIGUOUS
16de56c4,0,16de56c4:o0,48,identity,16de56c4:o0:d48:identity,d52ace97298f7264dd2a2b7110f19c1866f9fee6fef1522b340fdd6b3c91d98c,d52ace97298f7264dd2a2b7110f19c1866f9fee6fef1522b340fdd6b3c91d98c,e5beec92c9992930f4d6b468db1806ee2f3b9224e13179af7d4e8bb5897148e0,AMBIGUOUS,FAST_PASS,20.456952406093478,,2,,344,345,344,,183,,,,,,,,,NO_MATCHING_ARTIFACT,AMBIGUOUS
16de56c4,0,16de56c4:o0,48,flip_ud,16de56c4:o0:d48:flip_ud,d52ace97298f7264dd2a2b7110f19c1866f9fee6fef1522b340fdd6b3c91d98c,d52ace97298f7264dd2a2b7110f19c1866f9fee6fef1522b340fdd6b3c91d98c,e5beec92c9992930f4d6b468db1806ee2f3b9224e13179af7d4e8bb5897148e0,AMBIGUOUS,FAST_PASS,23.48028222285211,,2,,388,389,388,,214,,,,,,,,,NO_MATCHING_ARTIFACT,AMBIGUOUS
16de56c4,0,16de56c4:o0,48,transpose,16de56c4:o0:d48:transpose,d52ace97298f7264dd2a2b7110f19c1866f9fee6fef1522b340fdd6b3c91d98c,d52ace97298f7264dd2a2b7110f19c1866f9fee6fef1522b340fdd6b3c91d98c,e5beec92c9992930f4d6b468db1806ee2f3b9224e13179af7d4e8bb5897148e0,AMBIGUOUS,FAST_PASS,12.918733863160014,,1,,209,210,209,,39,,,,,,,,,NO_MATCHING_ARTIFACT,AMBIGUOUS
16de56c4,0,16de56c4:o0,48,anti_transpose,16de56c4:o0:d48:anti_transpose,d52ace97298f7264dd2a2b7110f19c1866f9fee6fef1522b340fdd6b3c91d98c,d52ace97298f7264dd2a2b7110f19c1866f9fee6fef1522b340fdd6b3c91d98c,e5beec92c9992930f4d6b468db1806ee2f3b9224e13179af7d4e8bb5897148e0,AMBIGUOUS,FAST_PASS,33.331135891377926,,3,,551,552,551,,365,,,,,,,,,NO_MATCHING_ARTIFACT,AMBIGUOUS
16de56c4,1,16de56c4:o1,12,identity,16de56c4:o1:d12:identity,0672adc5dee92b469ce425bd0ec3e2492f3292cf83f69f98cbcc7e5c37ab6234,0672adc5dee92b469ce425bd0ec3e2492f3292cf83f69f98cbcc7e5c37ab6234,e5beec92c9992930f4d6b468db1806ee2f3b9224e13179af7d4e8bb5897148e0,AMBIGUOUS,FAST_PASS,37.176082883030176,,3,,586,587,586,,576,,,,,,,,,NO_MATCHING_ARTIFACT,AMBIGUOUS
16de56c4,1,16de56c4:o1,12,flip_ud,16de56c4:o1:d12:flip_ud,0672adc5dee92b469ce425bd0ec3e2492f3292cf83f69f98cbcc7e5c37ab6234,0672adc5dee92b469ce425bd0ec3e2492f3292cf83f69f98cbcc7e5c37ab6234,e5beec92c9992930f4d6b468db1806ee2f3b9224e13179af7d4e8bb5897148e0,AMBIGUOUS,FAST_PASS,23.260430332273245,,2,,393,394,393,,381,,,,,,,,,NO_MATCHING_ARTIFACT,AMBIGUOUS
16de56c4,1,16de56c4:o1,12,transpose,16de56c4:o1:d12:transpose,0672adc5dee92b469ce425bd0ec3e2492f3292cf83f69f98cbcc7e5c37ab6234,0672adc5dee92b469ce425bd0ec3e2492f3292cf83f69f98cbcc7e5c37ab6234,e5beec92c9992930f4d6b468db1806ee2f3b9224e13179af7d4e8bb5897148e0,AMBIGUOUS,FAST_PASS,23.75216342508793,,2,,408,409,408,,388,,,,,,,,,NO_MATCHING_ARTIFACT,AMBIGUOUS
16de56c4,1,16de56c4:o1,12,anti_transpose,16de56c4:o1:d12:anti_transpose,0672adc5dee92b469ce425bd0ec3e2492f3292cf83f69f98cbcc7e5c37ab6234,0672adc5dee92b469ce425bd0ec3e2492f3292cf83f69f98cbcc7e5c37ab6234,e5beec92c9992930f4d6b468db1806ee2f3b9224e13179af7d4e8bb5897148e0,AMBIGUOUS,FAST_PASS,20.87941436842084,,2,,344,345,344,,235,,,,,,,,,NO_MATCHING_ARTIFACT,AMBIGUOUS
16de56c4,1,16de56c4:o1,24,identity,16de56c4:o1:d24:identity,ba9d832f85970b1b05037941199701905066b0193595a358ea4b4e9943c1c6c0,ba9d832f85970b1b05037941199701905066b0193595a358ea4b4e9943c1c6c0,e5beec92c9992930f4d6b468db1806ee2f3b9224e13179af7d4e8bb5897148e0,AMBIGUOUS,FAST_PASS,23.7517983391881,,2,,387,388,387,,364,,,,,,,,,NO_MATCHING_ARTIFACT,AMBIGUOUS
16de56c4,1,16de56c4:o1,24,flip_ud,16de56c4:o1:d24:flip_ud,ba9d832f85970b1b05037941199701905066b0193595a358ea4b4e9943c1c6c0,ba9d832f85970b1b05037941199701905066b0193595a358ea4b4e9943c1c6c0,e5beec92c9992930f4d6b468db1806ee2f3b9224e13179af7d4e8bb5897148e0,AMBIGUOUS,FAST_PASS,12.297417089343071,,1,,197,198,197,,175,,,,,,,,,NO_MATCHING_ARTIFACT,AMBIGUOUS
16de56c4,1,16de56c4:o1,24,transpose,16de56c4:o1:d24:transpose,ba9d832f85970b1b05037941199701905066b0193595a358ea4b4e9943c1c6c0,ba9d832f85970b1b05037941199701905066b0193595a358ea4b4e9943c1c6c0,e5beec92c9992930f4d6b468db1806ee2f3b9224e13179af7d4e8bb5897148e0,AMBIGUOUS,FAST_PASS,24.214843194931746,,2,,408,409,408,,315,,,,,,,,,NO_MATCHING_ARTIFACT,AMBIGUOUS
16de56c4,1,16de56c4:o1,24,anti_transpose,16de56c4:o1:d24:anti_transpose,ba9d832f85970b1b05037941199701905066b0193595a358ea4b4e9943c1c6c0,ba9d832f85970b1b05037941199701905066b0193595a358ea4b4e9943c1c6c0,e5beec92c9992930f4d6b468db1806ee2f3b9224e13179af7d4e8bb5897148e0,AMBIGUOUS,FAST_PASS,22.356480157002807,,2,,368,369,368,,190,,,,,,,,,NO_MATCHING_ARTIFACT,AMBIGUOUS
16de56c4,1,16de56c4:o1,48,identity,16de56c4:o1:d48:identity,d52ace97298f7264dd2a2b7110f19c1866f9fee6fef1522b340fdd6b3c91d98c,d52ace97298f7264dd2a2b7110f19c1866f9fee6fef1522b340fdd6b3c91d98c,e5beec92c9992930f4d6b468db1806ee2f3b9224e13179af7d4e8bb5897148e0,AMBIGUOUS,FAST_PASS,22.900677867233753,,2,,390,391,390,,43,,,,,,,,,NO_MATCHING_ARTIFACT,AMBIGUOUS
16de56c4,1,16de56c4:o1,48,flip_ud,16de56c4:o1:d48:flip_ud,d52ace97298f7264dd2a2b7110f19c1866f9fee6fef1522b340fdd6b3c91d98c,d52ace97298f7264dd2a2b7110f19c1866f9fee6fef1522b340fdd6b3c91d98c,e5beec92c9992930f4d6b468db1806ee2f3b9224e13179af7d4e8bb5897148e0,AMBIGUOUS,FAST_PASS,22.804611494764686,,2,,381,382,381,,288,,,,,,,,,NO_MATCHING_ARTIFACT,AMBIGUOUS
16de56c4,1,16de56c4:o1,48,transpose,16de56c4:o1:d48:transpose,d52ace97298f7264dd2a2b7110f19c1866f9fee6fef1522b340fdd6b3c91d98c,d52ace97298f7264dd2a2b7110f19c1866f9fee6fef1522b340fdd6b3c91d98c,e5beec92c9992930f4d6b468db1806ee2f3b9224e13179af7d4e8bb5897148e0,AMBIGUOUS,FAST_PASS,20.287869164720178,,2,,342,343,342,,76,,,,,,,,,NO_MATCHING_ARTIFACT,AMBIGUOUS
16de56c4,1,16de56c4:o1,48,anti_transpose,16de56c4:o1:d48:anti_transpose,d52ace97298f7264dd2a2b7110f19c1866f9fee6fef1522b340fdd6b3c91d98c,d52ace97298f7264dd2a2b7110f19c1866f9fee6fef1522b340fdd6b3c91d98c,e5beec92c9992930f4d6b468db1806ee2f3b9224e13179af7d4e8bb5897148e0,AMBIGUOUS,FAST_PASS,29.910670682787895,,3,,507,508,507,,234,,,,,,,,,NO_MATCHING_ARTIFACT,AMBIGUOUS
1818057f,0,1818057f:o0,12,identity,1818057f:o0:d12:identity,22584b9ae3107f41a13b84e3befd6f43cd4779d7eba64b60e8b196a2fe975a9d,22584b9ae3107f41a13b84e3befd6f43cd4779d7eba64b60e8b196a2fe975a9d,e5beec92c9992930f4d6b468db1806ee2f3b9224e13179af7d4e8bb5897148e0,AMBIGUOUS,FAST_PASS,30.173241345211864,,1,,505,506,505,,0,,,,,,,,,NO_MATCHING_ARTIFACT,AMBIGUOUS
1818057f,0,1818057f:o0,24,identity,1818057f:o0:d24:identity,81d8a1f34e5a81a437e709e3cc66a9de5a049c27a2ab25fbf46756ec60bb288f,81d8a1f34e5a81a437e709e3cc66a9de5a049c27a2ab25fbf46756ec60bb288f,e5beec92c9992930f4d6b468db1806ee2f3b9224e13179af7d4e8bb5897148e0,AMBIGUOUS,FAST_PASS,29.66367395594716,,1,,505,506,505,,0,,,,,,,,,NO_MATCHING_ARTIFACT,AMBIGUOUS
247ef758,0,247ef758:o0,12,identity,247ef758:o0:d12:identity,208cb87cbd1c4a6332ab67812cdbeac93a8d209dbbfdda6965fec8cda027b73b,208cb87cbd1c4a6332ab67812cdbeac93a8d209dbbfdda6965fec8cda027b73b,e5beec92c9992930f4d6b468db1806ee2f3b9224e13179af7d4e8bb5897148e0,AMBIGUOUS,EXISTING_LABEL_UNSPECIFIED,43.740212401375175,,3,,804,806,804,,645,,,,,,,,,NO_MATCHING_ARTIFACT,AMBIGUOUS
247ef758,0,247ef758:o0,12,flip_ud,247ef758:o0:d12:flip_ud,208cb87cbd1c4a6332ab67812cdbeac93a8d209dbbfdda6965fec8cda027b73b,208cb87cbd1c4a6332ab67812cdbeac93a8d209dbbfdda6965fec8cda027b73b,e5beec92c9992930f4d6b468db1806ee2f3b9224e13179af7d4e8bb5897148e0,AMBIGUOUS,EXISTING_LABEL_UNSPECIFIED,43.740212401375175,,3,,804,806,804,,631,,,,,,,,,NO_MATCHING_ARTIFACT,AMBIGUOUS
247ef758,0,247ef758:o0,12,transpose,247ef758:o0:d12:transpose,208cb87cbd1c4a6332ab67812cdbeac93a8d209dbbfdda6965fec8cda027b73b,208cb87cbd1c4a6332ab67812cdbeac93a8d209dbbfdda6965fec8cda027b73b,e5beec92c9992930f4d6b468db1806ee2f3b9224e13179af7d4e8bb5897148e0,AMBIGUOUS,EXISTING_LABEL_UNSPECIFIED,75.18923687841743,,4,,1223,1225,1223,,921,,,,,,,,,NO_MATCHING_ARTIFACT,AMBIGUOUS
247ef758,0,247ef758:o0,12,anti_transpose,247ef758:o0:d12:anti_transpose,208cb87cbd1c4a6332ab67812cdbeac93a8d209dbbfdda6965fec8cda027b73b,208cb87cbd1c4a6332ab67812cdbeac93a8d209dbbfdda6965fec8cda027b73b,e5beec92c9992930f4d6b468db1806ee2f3b9224e13179af7d4e8bb5897148e0,AMBIGUOUS,EXISTING_LABEL_UNSPECIFIED,75.18923687841743,,4,,1222,1225,1222,,1012,,,,,,,,,NO_MATCHING_ARTIFACT,AMBIGUOUS
247ef758,0,247ef758:o0,24,identity,247ef758:o0:d24:identity,61805b6a139817651e9d15e27d3ecf5c577420d1e0c9ab3c317316943521f612,61805b6a139817651e9d15e27d3ecf5c577420d1e0c9ab3c317316943521f612,e5beec92c9992930f4d6b468db1806ee2f3b9224e13179af7d4e8bb5897148e0,AMBIGUOUS,EXISTING_LABEL_UNSPECIFIED,40.3906256807968,,3,,737,739,737,,410,,,,,,,,,NO_MATCHING_ARTIFACT,AMBIGUOUS
247ef758,0,247ef758:o0,24,flip_ud,247ef758:o0:d24:flip_ud,61805b6a139817651e9d15e27d3ecf5c577420d1e0c9ab3c317316943521f612,61805b6a139817651e9d15e27d3ecf5c577420d1e0c9ab3c317316943521f612,e5beec92c9992930f4d6b468db1806ee2f3b9224e13179af7d4e8bb5897148e0,AMBIGUOUS,EXISTING_LABEL_UNSPECIFIED,40.3906256807968,,3,,737,739,737,,342,,,,,,,,,NO_MATCHING_ARTIFACT,AMBIGUOUS
247ef758,0,247ef758:o0,24,transpose,247ef758:o0:d24:transpose,61805b6a139817651e9d15e27d3ecf5c577420d1e0c9ab3c317316943521f612,61805b6a139817651e9d15e27d3ecf5c577420d1e0c9ab3c317316943521f612,e5beec92c9992930f4d6b468db1806ee2f3b9224e13179af7d4e8bb5897148e0,AMBIGUOUS,EXISTING_LABEL_UNSPECIFIED,38.042296725325286,,2,,621,623,621,,303,,,,,,,,,NO_MATCHING_ARTIFACT,AMBIGUOUS
247ef758,0,247ef758:o0,24,anti_transpose,247ef758:o0:d24:anti_transpose,61805b6a139817651e9d15e27d3ecf5c577420d1e0c9ab3c317316943521f612,61805b6a139817651e9d15e27d3ecf5c577420d1e0c9ab3c317316943521f612,e5beec92c9992930f4d6b468db1806ee2f3b9224e13179af7d4e8bb5897148e0,AMBIGUOUS,EXISTING_LABEL_UNSPECIFIED,38.042296725325286,,2,,622,623,622,,326,,,,,,,,,NO_MATCHING_ARTIFACT,AMBIGUOUS
247ef758,0,247ef758:o0,48,identity,247ef758:o0:d48:identity,d3d826c8de70c3286b74f261d89d36edf5eef651202854906d5818e08f064e40,d3d826c8de70c3286b74f261d89d36edf5eef651202854906d5818e08f064e40,e5beec92c9992930f4d6b468db1806ee2f3b9224e13179af7d4e8bb5897148e0,AMBIGUOUS,EXISTING_LABEL_UNSPECIFIED,52.61035346146673,,3,,917,919,917,,470,,,,,,,,,NO_MATCHING_ARTIFACT,AMBIGUOUS
247ef758,0,247ef758:o0,48,flip_ud,247ef758:o0:d48:flip_ud,d3d826c8de70c3286b74f261d89d36edf5eef651202854906d5818e08f064e40,d3d826c8de70c3286b74f261d89d36edf5eef651202854906d5818e08f064e40,e5beec92c9992930f4d6b468db1806ee2f3b9224e13179af7d4e8bb5897148e0,AMBIGUOUS,EXISTING_LABEL_UNSPECIFIED,52.61035346146673,,3,,917,919,917,,520,,,,,,,,,NO_MATCHING_ARTIFACT,AMBIGUOUS
247ef758,0,247ef758:o0,48,transpose,247ef758:o0:d48:transpose,d3d826c8de70c3286b74f261d89d36edf5eef651202854906d5818e08f064e40,d3d826c8de70c3286b74f261d89d36edf5eef651202854906d5818e08f064e40,e5beec92c9992930f4d6b468db1806ee2f3b9224e13179af7d4e8bb5897148e0,AMBIGUOUS,EXISTING_LABEL_UNSPECIFIED,20.30393970385194,,2,,405,406,405,,56,,,,,,,,,NO_MATCHING_ARTIFACT,AMBIGUOUS
247ef758,0,247ef758:o0,48,anti_transpose,247ef758:o0:d48:anti_transpose,d3d826c8de70c3286b74f261d89d36edf5eef651202854906d5818e08f064e40,d3d826c8de70c3286b74f261d89d36edf5eef651202854906d5818e08f064e40,e5beec92c9992930f4d6b468db1806ee2f3b9224e13179af7d4e8bb5897148e0,AMBIGUOUS,EXISTING_LABEL_UNSPECIFIED,20.30393970385194,,2,,404,406,404,,267,,,,,,,,,NO_MATCHING_ARTIFACT,AMBIGUOUS
247ef758,1,247ef758:o1,12,identity,247ef758:o1:d12:identity,208cb87cbd1c4a6332ab67812cdbeac93a8d209dbbfdda6965fec8cda027b73b,208cb87cbd1c4a6332ab67812cdbeac93a8d209dbbfdda6965fec8cda027b73b,e5beec92c9992930f4d6b468db1806ee2f3b9224e13179af7d4e8bb5897148e0,AMBIGUOUS,EXISTING_LABEL_UNSPECIFIED,47.593516590073705,,4,,754,756,754,,651,,,,,,,,,NO_MATCHING_ARTIFACT,AMBIGUOUS
247ef758,1,247ef758:o1,12,flip_ud,247ef758:o1:d12:flip_ud,208cb87cbd1c4a6332ab67812cdbeac93a8d209dbbfdda6965fec8cda027b73b,208cb87cbd1c4a6332ab67812cdbeac93a8d209dbbfdda6965fec8cda027b73b,e5beec92c9992930f4d6b468db1806ee2f3b9224e13179af7d4e8bb5897148e0,AMBIGUOUS,EXISTING_LABEL_UNSPECIFIED,47.593516590073705,,4,,753,756,753,,593,,,,,,,,,NO_MATCHING_ARTIFACT,AMBIGUOUS
247ef758,1,247ef758:o1,12,transpose,247ef758:o1:d12:transpose,208cb87cbd1c4a6332ab67812cdbeac93a8d209dbbfdda6965fec8cda027b73b,208cb87cbd1c4a6332ab67812cdbeac93a8d209dbbfdda6965fec8cda027b73b,e5beec92c9992930f4d6b468db1806ee2f3b9224e13179af7d4e8bb5897148e0,AMBIGUOUS,EXISTING_LABEL_UNSPECIFIED,37.09198053833097,,3,,669,671,669,,445,,,,,,,,,NO_MATCHING_ARTIFACT,AMBIGUOUS
247ef758,1,247ef758:o1,12,anti_transpose,247ef758:o1:d12:anti_transpose,208cb87cbd1c4a6332ab67812cdbeac93a8d209dbbfdda6965fec8cda027b73b,208cb87cbd1c4a6332ab67812cdbeac93a8d209dbbfdda6965fec8cda027b73b,e5beec92c9992930f4d6b468db1806ee2f3b9224e13179af7d4e8bb5897148e0,AMBIGUOUS,EXISTING_LABEL_UNSPECIFIED,37.09198053833097,,3,,669,671,669,,608,,,,,,,,,NO_MATCHING_ARTIFACT,AMBIGUOUS
247ef758,1,247ef758:o1,24,identity,247ef758:o1:d24:identity,61805b6a139817651e9d15e27d3ecf5c577420d1e0c9ab3c317316943521f612,61805b6a139817651e9d15e27d3ecf5c577420d1e0c9ab3c317316943521f612,e5beec92c9992930f4d6b468db1806ee2f3b9224e13179af7d4e8bb5897148e0,AMBIGUOUS,EXISTING_LABEL_UNSPECIFIED,32.69387010205537,,3,,599,601,599,,398,,,,,,,,,NO_MATCHING_ARTIFACT,AMBIGUOUS
247ef758,1,247ef758:o1,24,flip_ud,247ef758:o1:d24:flip_ud,61805b6a139817651e9d15e27d3ecf5c577420d1e0c9ab3c317316943521f612,61805b6a139817651e9d15e27d3ecf5c577420d1e0c9ab3c317316943521f612,e5beec92c9992930f4d6b468db1806ee2f3b9224e13179af7d4e8bb5897148e0,AMBIGUOUS,EXISTING_LABEL_UNSPECIFIED,32.69387010205537,,3,,599,601,599,,424,,,,,,,,,NO_MATCHING_ARTIFACT,AMBIGUOUS
247ef758,1,247ef758:o1,24,transpose,247ef758:o1:d24:transpose,61805b6a139817651e9d15e27d3ecf5c577420d1e0c9ab3c317316943521f612,61805b6a139817651e9d15e27d3ecf5c577420d1e0c9ab3c317316943521f612,e5beec92c9992930f4d6b468db1806ee2f3b9224e13179af7d4e8bb5897148e0,AMBIGUOUS,EXISTING_LABEL_UNSPECIFIED,44.30040777102113,,4,,719,722,719,,447,,,,,,,,,NO_MATCHING_ARTIFACT,AMBIGUOUS
247ef758,1,247ef758:o1,24,anti_transpose,247ef758:o1:d24:anti_transpose,61805b6a139817651e9d15e27d3ecf5c577420d1e0c9ab3c317316943521f612,61805b6a139817651e9d15e27d3ecf5c577420d1e0c9ab3c317316943521f612,e5beec92c9992930f4d6b468db1806ee2f3b9224e13179af7d4e8bb5897148e0,AMBIGUOUS,EXISTING_LABEL_UNSPECIFIED,44.30040777102113,,4,,720,722,720,,651,,,,,,,,,NO_MATCHING_ARTIFACT,AMBIGUOUS
247ef758,1,247ef758:o1,48,identity,247ef758:o1:d48:identity,d3d826c8de70c3286b74f261d89d36edf5eef651202854906d5818e08f064e40,d3d826c8de70c3286b74f261d89d36edf5eef651202854906d5818e08f064e40,e5beec92c9992930f4d6b468db1806ee2f3b9224e13179af7d4e8bb5897148e0,AMBIGUOUS,EXISTING_LABEL_UNSPECIFIED,38.65635528974235,,3,,600,602,600,,437,,,,,,,,,NO_MATCHING_ARTIFACT,AMBIGUOUS
247ef758,1,247ef758:o1,48,flip_ud,247ef758:o1:d48:flip_ud,d3d826c8de70c3286b74f261d89d36edf5eef651202854906d5818e08f064e40,d3d826c8de70c3286b74f261d89d36edf5eef651202854906d5818e08f064e40,e5beec92c9992930f4d6b468db1806ee2f3b9224e13179af7d4e8bb5897148e0,AMBIGUOUS,EXISTING_LABEL_UNSPECIFIED,38.65635528974235,,3,,600,602,600,,475,,,,,,,,,NO_MATCHING_ARTIFACT,AMBIGUOUS
247ef758,1,247ef758:o1,48,transpose,247ef758:o1:d48:transpose,d3d826c8de70c3286b74f261d89d36edf5eef651202854906d5818e08f064e40,d3d826c8de70c3286b74f261d89d36edf5eef651202854906d5818e08f064e40,e5beec92c9992930f4d6b468db1806ee2f3b9224e13179af7d4e8bb5897148e0,AMBIGUOUS,EXISTING_LABEL_UNSPECIFIED,25.728423985652626,,2,,424,426,424,,238,,,,,,,,,NO_MATCHING_ARTIFACT,AMBIGUOUS
247ef758,1,247ef758:o1,48,anti_transpose,247ef758:o1:d48:anti_transpose,d3d826c8de70c3286b74f261d89d36edf5eef651202854906d5818e08f064e40,d3d826c8de70c3286b74f261d89d36edf5eef651202854906d5818e08f064e40,e5beec92c9992930f4d6b468db1806ee2f3b9224e13179af7d4e8bb5897148e0,AMBIGUOUS,EXISTING_LABEL_UNSPECIFIED,25.728423985652626,,2,,425,426,425,,338,,,,,,,,,NO_MATCHING_ARTIFACT,AMBIGUOUS
2b83f449,0,2b83f449:o0,12,identity,2b83f449:o0:d12:identity,b0a7a1898be8c6836e44ae4468cb0a0af6522b975974fc8bd33e365e3fca42a5,b0a7a1898be8c6836e44ae4468cb0a0af6522b975974fc8bd33e365e3fca42a5,e5beec92c9992930f4d6b468db1806ee2f3b9224e13179af7d4e8bb5897148e0,AMBIGUOUS,EXISTING_LABEL_UNSPECIFIED,121.07477157842368,,6,,1921,1925,1921,,1805,,,,,,,,,NO_MATCHING_ARTIFACT,AMBIGUOUS
2b83f449,0,2b83f449:o0,12,flip_ud,2b83f449:o0:d12:flip_ud,b0a7a1898be8c6836e44ae4468cb0a0af6522b975974fc8bd33e365e3fca42a5,b0a7a1898be8c6836e44ae4468cb0a0af6522b975974fc8bd33e365e3fca42a5,e5beec92c9992930f4d6b468db1806ee2f3b9224e13179af7d4e8bb5897148e0,AMBIGUOUS,EXISTING_LABEL_UNSPECIFIED,121.07477157842368,,6,,1922,1925,1922,,1896,,,,,,,,,NO_MATCHING_ARTIFACT,AMBIGUOUS
2b83f449,0,2b83f449:o0,12,transpose,2b83f449:o0:d12:transpose,b0a7a1898be8c6836e44ae4468cb0a0af6522b975974fc8bd33e365e3fca42a5,b0a7a1898be8c6836e44ae4468cb0a0af6522b975974fc8bd33e365e3fca42a5,e5beec92c9992930f4d6b468db1806ee2f3b9224e13179af7d4e8bb5897148e0,AMBIGUOUS,EXISTING_LABEL_UNSPECIFIED,55.7632977264002,,3,,1013,1014,1013,,1002,,,,,,,,,NO_MATCHING_ARTIFACT,AMBIGUOUS
2b83f449,0,2b83f449:o0,12,anti_transpose,2b83f449:o0:d12:anti_transpose,b0a7a1898be8c6836e44ae4468cb0a0af6522b975974fc8bd33e365e3fca42a5,b0a7a1898be8c6836e44ae4468cb0a0af6522b975974fc8bd33e365e3fca42a5,e5beec92c9992930f4d6b468db1806ee2f3b9224e13179af7d4e8bb5897148e0,AMBIGUOUS,EXISTING_LABEL_UNSPECIFIED,55.7632977264002,,3,,1012,1014,1012,,1003,,,,,,,,,NO_MATCHING_ARTIFACT,AMBIGUOUS
2b83f449,0,2b83f449:o0,24,identity,2b83f449:o0:d24:identity,a19d02583d1d31184e4e8358ef935f98b48a96647b6c4e542adab4d46c58a479,a19d02583d1d31184e4e8358ef935f98b48a96647b6c4e542adab4d46c58a479,e5beec92c9992930f4d6b468db1806ee2f3b9224e13179af7d4e8bb5897148e0,AMBIGUOUS,EXISTING_LABEL_UNSPECIFIED,56.88555091060698,,3,,914,916,914,,808,,,,,,,,,NO_MATCHING_ARTIFACT,AMBIGUOUS
2b83f449,0,2b83f449:o0,24,flip_ud,2b83f449:o0:d24:flip_ud,a19d02583d1d31184e4e8358ef935f98b48a96647b6c4e542adab4d46c58a479,a19d02583d1d31184e4e8358ef935f98b48a96647b6c4e542adab4d46c58a479,e5beec92c9992930f4d6b468db1806ee2f3b9224e13179af7d4e8bb5897148e0,AMBIGUOUS,EXISTING_LABEL_UNSPECIFIED,56.88555091060698,,3,,914,916,914,,757,,,,,,,,,NO_MATCHING_ARTIFACT,AMBIGUOUS
2b83f449,0,2b83f449:o0,24,transpose,2b83f449:o0:d24:transpose,a19d02583d1d31184e4e8358ef935f98b48a96647b6c4e542adab4d46c58a479,a19d02583d1d31184e4e8358ef935f98b48a96647b6c4e542adab4d46c58a479,e5beec92c9992930f4d6b468db1806ee2f3b9224e13179af7d4e8bb5897148e0,AMBIGUOUS,EXISTING_LABEL_UNSPECIFIED,61.320987563580275,,3,,1004,1006,1004,,983,,,,,,,,,NO_MATCHING_ARTIFACT,AMBIGUOUS
2b83f449,0,2b83f449:o0,24,anti_transpose,2b83f449:o0:d24:anti_transpose,a19d02583d1d31184e4e8358ef935f98b48a96647b6c4e542adab4d46c58a479,a19d02583d1d31184e4e8358ef935f98b48a96647b6c4e542adab4d46c58a479,e5beec92c9992930f4d6b468db1806ee2f3b9224e13179af7d4e8bb5897148e0,AMBIGUOUS,EXISTING_LABEL_UNSPECIFIED,61.320987563580275,,3,,1004,1006,1004,,883,,,,,,,,,NO_MATCHING_ARTIFACT,AMBIGUOUS
2b83f449,0,2b83f449:o0,48,identity,2b83f449:o0:d48:identity,be3e04eaaa888dc3fc74411645643bf4d7a80ce2584bb79f1fdeb2030bcac872,be3e04eaaa888dc3fc74411645643bf4d7a80ce2584bb79f1fdeb2030bcac872,e5beec92c9992930f4d6b468db1806ee2f3b9224e13179af7d4e8bb5897148e0,AMBIGUOUS,EXISTING_LABEL_UNSPECIFIED,55.754857945255935,,4,,909,911,909,,390,,,,,,,,,NO_MATCHING_ARTIFACT,AMBIGUOUS
2b83f449,0,2b83f449:o0,48,flip_ud,2b83f449:o0:d48:flip_ud,be3e04eaaa888dc3fc74411645643bf4d7a80ce2584bb79f1fdeb2030bcac872,be3e04eaaa888dc3fc74411645643bf4d7a80ce2584bb79f1fdeb2030bcac872,e5beec92c9992930f4d6b468db1806ee2f3b9224e13179af7d4e8bb5897148e0,AMBIGUOUS,EXISTING_LABEL_UNSPECIFIED,55.754857945255935,,4,,908,911,908,,486,,,,,,,,,NO_MATCHING_ARTIFACT,AMBIGUOUS
2b83f449,0,2b83f449:o0,48,transpose,2b83f449:o0:d48:transpose,be3e04eaaa888dc3fc74411645643bf4d7a80ce2584bb79f1fdeb2030bcac872,be3e04eaaa888dc3fc74411645643bf4d7a80ce2584bb79f1fdeb2030bcac872,e5beec92c9992930f4d6b468db1806ee2f3b9224e13179af7d4e8bb5897148e0,AMBIGUOUS,EXISTING_LABEL_UNSPECIFIED,54.28163845650852,,5,,1340,1344,1340,,731,,,,,,,,,NO_MATCHING_ARTIFACT,AMBIGUOUS
2b83f449,0,2b83f449:o0,48,anti_transpose,2b83f449:o0:d48:anti_transpose,be3e04eaaa888dc3fc74411645643bf4d7a80ce2584bb79f1fdeb2030bcac872,be3e04eaaa888dc3fc74411645643bf4d7a80ce2584bb79f1fdeb2030bcac872,e5beec92c9992930f4d6b468db1806ee2f3b9224e13179af7d4e8bb5897148e0,AMBIGUOUS,EXISTING_LABEL_UNSPECIFIED,54.28163845650852,,5,,1342,1344,1342,,627,,,,,,,,,NO_MATCHING_ARTIFACT,AMBIGUOUS
2d0172a1,0,2d0172a1:o0,12,identity,2d0172a1:o0:d12:identity,662a135e7a3eb9d64be98524a4c89ddcd15bd6e0c2fcc2b2e498c21d4a5c268e,662a135e7a3eb9d64be98524a4c89ddcd15bd6e0c2fcc2b2e498c21d4a5c268e,e5beec92c9992930f4d6b468db1806ee2f3b9224e13179af7d4e8bb5897148e0,AMBIGUOUS,EXISTING_LABEL_UNSPECIFIED,70.16106013767421,,16,,1077,1093,1077,,1078,,,,,,,,,NO_MATCHING_ARTIFACT,AMBIGUOUS
2d0172a1,0,2d0172a1:o0,12,flip_ud,2d0172a1:o0:d12:flip_ud,662a135e7a3eb9d64be98524a4c89ddcd15bd6e0c2fcc2b2e498c21d4a5c268e,662a135e7a3eb9d64be98524a4c89ddcd15bd6e0c2fcc2b2e498c21d4a5c268e,e5beec92c9992930f4d6b468db1806ee2f3b9224e13179af7d4e8bb5897148e0,AMBIGUOUS,EXISTING_LABEL_UNSPECIFIED,70.16106013767421,,5,,1089,1093,1089,,1057,,,,,,,,,NO_MATCHING_ARTIFACT,AMBIGUOUS
2d0172a1,0,2d0172a1:o0,12,transpose,2d0172a1:o0:d12:transpose,662a135e7a3eb9d64be98524a4c89ddcd15bd6e0c2fcc2b2e498c21d4a5c268e,662a135e7a3eb9d64be98524a4c89ddcd15bd6e0c2fcc2b2e498c21d4a5c268e,e5beec92c9992930f4d6b468db1806ee2f3b9224e13179af7d4e8bb5897148e0,AMBIGUOUS,EXISTING_LABEL_UNSPECIFIED,69.36099492385983,,8,,1082,1089,1082,,1046,,,,,,,,,NO_MATCHING_ARTIFACT,AMBIGUOUS
2d0172a1,0,2d0172a1:o0,12,anti_transpose,2d0172a1:o0:d12:anti_transpose,662a135e7a3eb9d64be98524a4c89ddcd15bd6e0c2fcc2b2e498c21d4a5c268e,662a135e7a3eb9d64be98524a4c89ddcd15bd6e0c2fcc2b2e498c21d4a5c268e,e5beec92c9992930f4d6b468db1806ee2f3b9224e13179af7d4e8bb5897148e0,AMBIGUOUS,EXISTING_LABEL_UNSPECIFIED,69.36099492385983,,7,,1083,1089,1083,,1045,,,,,,,,,NO_MATCHING_ARTIFACT,AMBIGUOUS
2d0172a1,0,2d0172a1:o0,24,identity,2d0172a1:o0:d24:identity,0e0b4249e1c60ba1bcbf88ced086422adbd8f779ddeff0188a8ede029daca613,0e0b4249e1c60ba1bcbf88ced086422adbd8f779ddeff0188a8ede029daca613,e5beec92c9992930f4d6b468db1806ee2f3b9224e13179af7d4e8bb5897148e0,AMBIGUOUS,EXISTING_LABEL_UNSPECIFIED,13.765874900855124,,2,,215,216,215,,78,,,,,,,,,NO_MATCHING_ARTIFACT,AMBIGUOUS
2d0172a1,0,2d0172a1:o0,24,flip_ud,2d0172a1:o0:d24:flip_ud,0e0b4249e1c60ba1bcbf88ced086422adbd8f779ddeff0188a8ede029daca613,0e0b4249e1c60ba1bcbf88ced086422adbd8f779ddeff0188a8ede029daca613,e5beec92c9992930f4d6b468db1806ee2f3b9224e13179af7d4e8bb5897148e0,AMBIGUOUS,EXISTING_LABEL_UNSPECIFIED,13.765874900855124,,2,,214,216,214,,90,,,,,,,,,NO_MATCHING_ARTIFACT,AMBIGUOUS
2d0172a1,0,2d0172a1:o0,24,transpose,2d0172a1:o0:d24:transpose,0e0b4249e1c60ba1bcbf88ced086422adbd8f779ddeff0188a8ede029daca613,0e0b4249e1c60ba1bcbf88ced086422adbd8f779ddeff0188a8ede029daca613,e5beec92c9992930f4d6b468db1806ee2f3b9224e13179af7d4e8bb5897148e0,AMBIGUOUS,EXISTING_LABEL_UNSPECIFIED,19.955390037037432,,3,,313,314,313,,161,,,,,,,,,NO_MATCHING_ARTIFACT,AMBIGUOUS
2d0172a1,0,2d0172a1:o0,24,anti_transpose,2d0172a1:o0:d24:anti_transpose,0e0b4249e1c60ba1bcbf88ced086422adbd8f779ddeff0188a8ede029daca613,0e0b4249e1c60ba1bcbf88ced086422adbd8f779ddeff0188a8ede029daca613,e5beec92c9992930f4d6b468db1806ee2f3b9224e13179af7d4e8bb5897148e0,AMBIGUOUS,EXISTING_LABEL_UNSPECIFIED,19.955390037037432,,5,,310,314,310,,144,,,,,,,,,NO_MATCHING_ARTIFACT,AMBIGUOUS
2d0172a1,0,2d0172a1:o0,48,identity,2d0172a1:o0:d48:identity,0d1789e01569d9c9196bfd49129b58c03386feec5b666db9b81ef21d262ffcc8,0d1789e01569d9c9196bfd49129b58c03386feec5b666db9b81ef21d262ffcc8,e5beec92c9992930f4d6b468db1806ee2f3b9224e13179af7d4e8bb5897148e0,AMBIGUOUS,EXISTING_LABEL_UNSPECIFIED,13.85098993126303,,2,,221,222,221,,89,,,,,,,,,NO_MATCHING_ARTIFACT,AMBIGUOUS
2d0172a1,0,2d0172a1:o0,48,flip_ud,2d0172a1:o0:d48:flip_ud,0d1789e01569d9c9196bfd49129b58c03386feec5b666db9b81ef21d262ffcc8,0d1789e01569d9c9196bfd49129b58c03386feec5b666db9b81ef21d262ffcc8,e5beec92c9992930f4d6b468db1806ee2f3b9224e13179af7d4e8bb5897148e0,AMBIGUOUS,EXISTING_LABEL_UNSPECIFIED,13.85098993126303,,2,,221,222,221,,0,,,,,,,,,NO_MATCHING_ARTIFACT,AMBIGUOUS
2d0172a1,0,2d0172a1:o0,48,transpose,2d0172a1:o0:d48:transpose,0d1789e01569d9c9196bfd49129b58c03386feec5b666db9b81ef21d262ffcc8,0d1789e01569d9c9196bfd49129b58c03386feec5b666db9b81ef21d262ffcc8,e5beec92c9992930f4d6b468db1806ee2f3b9224e13179af7d4e8bb5897148e0,AMBIGUOUS,EXISTING_LABEL_UNSPECIFIED,15.010127217508852,,2,,231,232,231,,57,,,,,,,,,NO_MATCHING_ARTIFACT,AMBIGUOUS
2d0172a1,0,2d0172a1:o0,48,anti_transpose,2d0172a1:o0:d48:anti_transpose,0d1789e01569d9c9196bfd49129b58c03386feec5b666db9b81ef21d262ffcc8,0d1789e01569d9c9196bfd49129b58c03386feec5b666db9b81ef21d262ffcc8,e5beec92c9992930f4d6b468db1806ee2f3b9224e13179af7d4e8bb5897148e0,AMBIGUOUS,EXISTING_LABEL_UNSPECIFIED,15.010127217508852,,2,,230,232,230,,122,,,,,,,,,NO_MATCHING_ARTIFACT,AMBIGUOUS
2d0172a1,1,2d0172a1:o1,12,identity,2d0172a1:o1:d12:identity,662a135e7a3eb9d64be98524a4c89ddcd15bd6e0c2fcc2b2e498c21d4a5c268e,662a135e7a3eb9d64be98524a4c89ddcd15bd6e0c2fcc2b2e498c21d4a5c268e,e5beec92c9992930f4d6b468db1806ee2f3b9224e13179af7d4e8bb5897148e0,AMBIGUOUS,EXISTING_LABEL_UNSPECIFIED,198.27042167261243,,20,,3664,3682,3664,,3653,,,,,,,,,NO_MATCHING_ARTIFACT,AMBIGUOUS
2d0172a1,1,2d0172a1:o1,12,flip_ud,2d0172a1:o1:d12:flip_ud,662a135e7a3eb9d64be98524a4c89ddcd15bd6e0c2fcc2b2e498c21d4a5c268e,662a135e7a3eb9d64be98524a4c89ddcd15bd6e0c2fcc2b2e498c21d4a5c268e,e5beec92c9992930f4d6b468db1806ee2f3b9224e13179af7d4e8bb5897148e0,AMBIGUOUS,EXISTING_LABEL_UNSPECIFIED,198.27042167261243,,26,,3657,3682,3657,,3665,,,,,,,,,NO_MATCHING_ARTIFACT,AMBIGUOUS
2d0172a1,1,2d0172a1:o1,12,transpose,2d0172a1:o1:d12:transpose,662a135e7a3eb9d64be98524a4c89ddcd15bd6e0c2fcc2b2e498c21d4a5c268e,662a135e7a3eb9d64be98524a4c89ddcd15bd6e0c2fcc2b2e498c21d4a5c268e,e5beec92c9992930f4d6b468db1806ee2f3b9224e13179af7d4e8bb5897148e0,AMBIGUOUS,EXISTING_LABEL_UNSPECIFIED,127.22350119240582,,15,,2765,2780,2765,,2767,,,,,,,,,NO_MATCHING_ARTIFACT,AMBIGUOUS
2d0172a1,1,2d0172a1:o1,12,anti_transpose,2d0172a1:o1:d12:anti_transpose,662a135e7a3eb9d64be98524a4c89ddcd15bd6e0c2fcc2b2e498c21d4a5c268e,662a135e7a3eb9d64be98524a4c89ddcd15bd6e0c2fcc2b2e498c21d4a5c268e,e5beec92c9992930f4d6b468db1806ee2f3b9224e13179af7d4e8bb5897148e0,AMBIGUOUS,EXISTING_LABEL_UNSPECIFIED,127.22350119240582,,13,,2769,2780,2769,,2748,,,,,,,,,NO_MATCHING_ARTIFACT,AMBIGUOUS
2d0172a1,1,2d0172a1:o1,24,identity,2d0172a1:o1:d24:identity,0e0b4249e1c60ba1bcbf88ced086422adbd8f779ddeff0188a8ede029daca613,0e0b4249e1c60ba1bcbf88ced086422adbd8f779ddeff0188a8ede029daca613,e5beec92c9992930f4d6b468db1806ee2f3b9224e13179af7d4e8bb5897148e0,AMBIGUOUS,EXISTING_LABEL_UNSPECIFIED,107.1201611654833,,8,,1843,1850,1843,,1498,,,,,,,,,NO_MATCHING_ARTIFACT,AMBIGUOUS
2d0172a1,1,2d0172a1:o1,24,flip_ud,2d0172a1:o1:d24:flip_ud,0e0b4249e1c60ba1bcbf88ced086422adbd8f779ddeff0188a8ede029daca613,0e0b4249e1c60ba1bcbf88ced086422adbd8f779ddeff0188a8ede029daca613,e5beec92c9992930f4d6b468db1806ee2f3b9224e13179af7d4e8bb5897148e0,AMBIGUOUS,EXISTING_LABEL_UNSPECIFIED,107.1201611654833,,6,,1845,1850,1845,,1629,,,,,,,,,NO_MATCHING_ARTIFACT,AMBIGUOUS
2d0172a1,1,2d0172a1:o1,24,transpose,2d0172a1:o1:d24:transpose,0e0b4249e1c60ba1bcbf88ced086422adbd8f779ddeff0188a8ede029daca613,0e0b4249e1c60ba1bcbf88ced086422adbd8f779ddeff0188a8ede029daca613,e5beec92c9992930f4d6b468db1806ee2f3b9224e13179af7d4e8bb5897148e0,AMBIGUOUS,EXISTING_LABEL_UNSPECIFIED,110.58529903367162,,17,,2122,2138,2122,,1946,,,,,,,,,NO_MATCHING_ARTIFACT,AMBIGUOUS
2d0172a1,1,2d0172a1:o1,24,anti_transpose,2d0172a1:o1:d24:anti_transpose,0e0b4249e1c60ba1bcbf88ced086422adbd8f779ddeff0188a8ede029daca613,0e0b4249e1c60ba1bcbf88ced086422adbd8f779ddeff0188a8ede029daca613,e5beec92c9992930f4d6b468db1806ee2f3b9224e13179af7d4e8bb5897148e0,AMBIGUOUS,EXISTING_LABEL_UNSPECIFIED,110.58529903367162,,22,,2118,2138,2118,,2088,,,,,,,,,NO_MATCHING_ARTIFACT,AMBIGUOUS
2d0172a1,1,2d0172a1:o1,48,identity,2d0172a1:o1:d48:identity,0d1789e01569d9c9196bfd49129b58c03386feec5b666db9b81ef21d262ffcc8,0d1789e01569d9c9196bfd49129b58c03386feec5b666db9b81ef21d262ffcc8,e5beec92c9992930f4d6b468db1806ee2f3b9224e13179af7d4e8bb5897148e0,AMBIGUOUS,EXISTING_LABEL_UNSPECIFIED,11.596030607819557,,2,,178,180,178,,12,,,,,,,,,NO_MATCHING_ARTIFACT,AMBIGUOUS
2d0172a1,1,2d0172a1:o1,48,flip_ud,2d0172a1:o1:d48:flip_ud,0d1789e01569d9c9196bfd49129b58c03386feec5b666db9b81ef21d262ffcc8,0d1789e01569d9c9196bfd49129b58c03386feec5b666db9b81ef21d262ffcc8,e5beec92c9992930f4d6b468db1806ee2f3b9224e13179af7d4e8bb5897148e0,AMBIGUOUS,EXISTING_LABEL_UNSPECIFIED,11.596030607819557,,1,,179,180,179,,0,,,,,,,,,NO_MATCHING_ARTIFACT,AMBIGUOUS
2d0172a1,1,2d0172a1:o1,48,transpose,2d0172a1:o1:d48:transpose,0d1789e01569d9c9196bfd49129b58c03386feec5b666db9b81ef21d262ffcc8,0d1789e01569d9c9196bfd49129b58c03386feec5b666db9b81ef21d262ffcc8,e5beec92c9992930f4d6b468db1806ee2f3b9224e13179af7d4e8bb5897148e0,AMBIGUOUS,EXISTING_LABEL_UNSPECIFIED,117.9137748843059,,11,,1950,1960,1950,,1816,,,,,,,,,NO_MATCHING_ARTIFACT,AMBIGUOUS
2d0172a1,1,2d0172a1:o1,48,anti_transpose,2d0172a1:o1:d48:anti_transpose,0d1789e01569d9c9196bfd49129b58c03386feec5b666db9b81ef21d262ffcc8,0d1789e01569d9c9196bfd49129b58c03386feec5b666db9b81ef21d262ffcc8,e5beec92c9992930f4d6b468db1806ee2f3b9224e13179af7d4e8bb5897148e0,AMBIGUOUS,EXISTING_LABEL_UNSPECIFIED,117.9137748843059,,11,,1950,1960,1950,,1783,,,,,,,,,NO_MATCHING_ARTIFACT,AMBIGUOUS
31f7f899,0,31f7f899:o0,12,identity,31f7f899:o0:d12:identity,a3c30fc334240a386e9d1b84c46daef1cd4869fc0421b320476b80dbe6353721,a3c30fc334240a386e9d1b84c46daef1cd4869fc0421b320476b80dbe6353721,e5beec92c9992930f4d6b468db1806ee2f3b9224e13179af7d4e8bb5897148e0,AMBIGUOUS,FAST_PASS,21.369622066617012,,2,,360,361,360,,0,,,,,,,,,NO_MATCHING_ARTIFACT,AMBIGUOUS
31f7f899,0,31f7f899:o0,48,identity,31f7f899:o0:d48:identity,2bbe43ddf78c43c6aaa15fbd77422dbb1ed693c435fc63c25855db13824053ce,2bbe43ddf78c43c6aaa15fbd77422dbb1ed693c435fc63c25855db13824053ce,e5beec92c9992930f4d6b468db1806ee2f3b9224e13179af7d4e8bb5897148e0,AMBIGUOUS,FAST_PASS,30.395323680713773,,2,,513,514,513,,263,,,,,,,,,NO_MATCHING_ARTIFACT,AMBIGUOUS
36a08778,0,36a08778:o0,12,identity,36a08778:o0:d12:identity,c5a35501048a769404230b526a82972ed0b88bf09d1f3f753d628c9c66108f5e,c5a35501048a769404230b526a82972ed0b88bf09d1f3f753d628c9c66108f5e,e5beec92c9992930f4d6b468db1806ee2f3b9224e13179af7d4e8bb5897148e0,AMBIGUOUS,EXISTING_LABEL_UNSPECIFIED,31.56394002120942,,2,,539,541,539,,269,,,,,,,,,NO_MATCHING_ARTIFACT,AMBIGUOUS
36a08778,0,36a08778:o0,12,flip_ud,36a08778:o0:d12:flip_ud,c5a35501048a769404230b526a82972ed0b88bf09d1f3f753d628c9c66108f5e,c5a35501048a769404230b526a82972ed0b88bf09d1f3f753d628c9c66108f5e,e5beec92c9992930f4d6b468db1806ee2f3b9224e13179af7d4e8bb5897148e0,AMBIGUOUS,EXISTING_LABEL_UNSPECIFIED,31.56394002120942,,2,,540,541,540,,269,,,,,,,,,NO_MATCHING_ARTIFACT,AMBIGUOUS
36a08778,0,36a08778:o0,12,transpose,36a08778:o0:d12:transpose,c5a35501048a769404230b526a82972ed0b88bf09d1f3f753d628c9c66108f5e,c5a35501048a769404230b526a82972ed0b88bf09d1f3f753d628c9c66108f5e,e5beec92c9992930f4d6b468db1806ee2f3b9224e13179af7d4e8bb5897148e0,AMBIGUOUS,EXISTING_LABEL_UNSPECIFIED,42.301278055645525,,3,,665,667,665,,127,,,,,,,,,NO_MATCHING_ARTIFACT,AMBIGUOUS
36a08778,0,36a08778:o0,12,anti_transpose,36a08778:o0:d12:anti_transpose,c5a35501048a769404230b526a82972ed0b88bf09d1f3f753d628c9c66108f5e,c5a35501048a769404230b526a82972ed0b88bf09d1f3f753d628c9c66108f5e,e5beec92c9992930f4d6b468db1806ee2f3b9224e13179af7d4e8bb5897148e0,AMBIGUOUS,EXISTING_LABEL_UNSPECIFIED,42.301278055645525,,3,,665,667,665,,394,,,,,,,,,NO_MATCHING_ARTIFACT,AMBIGUOUS
36a08778,0,36a08778:o0,24,identity,36a08778:o0:d24:identity,1b38bb917aac268035f15dac621b1c957b44561b60dce10c8d6a59546d0b24c5,1b38bb917aac268035f15dac621b1c957b44561b60dce10c8d6a59546d0b24c5,e5beec92c9992930f4d6b468db1806ee2f3b9224e13179af7d4e8bb5897148e0,AMBIGUOUS,EXISTING_LABEL_UNSPECIFIED,24.917549150064588,,2,,539,541,539,,269,,,,,,,,,NO_MATCHING_ARTIFACT,AMBIGUOUS
36a08778,0,36a08778:o0,24,flip_ud,36a08778:o0:d24:flip_ud,1b38bb917aac268035f15dac621b1c957b44561b60dce10c8d6a59546d0b24c5,1b38bb917aac268035f15dac621b1c957b44561b60dce10c8d6a59546d0b24c5,e5beec92c9992930f4d6b468db1806ee2f3b9224e13179af7d4e8bb5897148e0,AMBIGUOUS,EXISTING_LABEL_UNSPECIFIED,24.917549150064588,,2,,540,541,540,,0,,,,,,,,,NO_MATCHING_ARTIFACT,AMBIGUOUS
36a08778,0,36a08778:o0,24,transpose,36a08778:o0:d24:transpose,1b38bb917aac268035f15dac621b1c957b44561b60dce10c8d6a59546d0b24c5,1b38bb917aac268035f15dac621b1c957b44561b60dce10c8d6a59546d0b24c5,e5beec92c9992930f4d6b468db1806ee2f3b9224e13179af7d4e8bb5897148e0,AMBIGUOUS,EXISTING_LABEL_UNSPECIFIED,11.773885391652584,,1,,271,272,271,,0,,,,,,,,,NO_MATCHING_ARTIFACT,AMBIGUOUS
36a08778,0,36a08778:o0,24,anti_transpose,36a08778:o0:d24:anti_transpose,1b38bb917aac268035f15dac621b1c957b44561b60dce10c8d6a59546d0b24c5,1b38bb917aac268035f15dac621b1c957b44561b60dce10c8d6a59546d0b24c5,e5beec92c9992930f4d6b468db1806ee2f3b9224e13179af7d4e8bb5897148e0,AMBIGUOUS,EXISTING_LABEL_UNSPECIFIED,11.773885391652584,,1,,271,272,271,,0,,,,,,,,,NO_MATCHING_ARTIFACT,AMBIGUOUS
36a08778,0,36a08778:o0,48,identity,36a08778:o0:d48:identity,975ec13c8013a26cb54e881974cb127d2e87dd67bbd2bb3be9a72a37d5dc9d6b,975ec13c8013a26cb54e881974cb127d2e87dd67bbd2bb3be9a72a37d5dc9d6b,e5beec92c9992930f4d6b468db1806ee2f3b9224e13179af7d4e8bb5897148e0,AMBIGUOUS,EXISTING_LABEL_UNSPECIFIED,16.237529755569994,,1,,271,272,271,,0,,,,,,,,,NO_MATCHING_ARTIFACT,AMBIGUOUS
36a08778,0,36a08778:o0,48,flip_ud,36a08778:o0:d48:flip_ud,975ec13c8013a26cb54e881974cb127d2e87dd67bbd2bb3be9a72a37d5dc9d6b,975ec13c8013a26cb54e881974cb127d2e87dd67bbd2bb3be9a72a37d5dc9d6b,e5beec92c9992930f4d6b468db1806ee2f3b9224e13179af7d4e8bb5897148e0,AMBIGUOUS,EXISTING_LABEL_UNSPECIFIED,16.237529755569994,,1,,271,272,271,,0,,,,,,,,,NO_MATCHING_ARTIFACT,AMBIGUOUS
36a08778,0,36a08778:o0,48,transpose,36a08778:o0:d48:transpose,975ec13c8013a26cb54e881974cb127d2e87dd67bbd2bb3be9a72a37d5dc9d6b,975ec13c8013a26cb54e881974cb127d2e87dd67bbd2bb3be9a72a37d5dc9d6b,e5beec92c9992930f4d6b468db1806ee2f3b9224e13179af7d4e8bb5897148e0,AMBIGUOUS,EXISTING_LABEL_UNSPECIFIED,20.100260876119137,,2,,332,334,332,,62,,,,,,,,,NO_MATCHING_ARTIFACT,AMBIGUOUS
36a08778,0,36a08778:o0,48,anti_transpose,36a08778:o0:d48:anti_transpose,975ec13c8013a26cb54e881974cb127d2e87dd67bbd2bb3be9a72a37d5dc9d6b,975ec13c8013a26cb54e881974cb127d2e87dd67bbd2bb3be9a72a37d5dc9d6b,e5beec92c9992930f4d6b468db1806ee2f3b9224e13179af7d4e8bb5897148e0,AMBIGUOUS,EXISTING_LABEL_UNSPECIFIED,20.100260876119137,,2,,333,334,333,,0,,,,,,,,,NO_MATCHING_ARTIFACT,AMBIGUOUS
36a08778,1,36a08778:o1,12,identity,36a08778:o1:d12:identity,c5a35501048a769404230b526a82972ed0b88bf09d1f3f753d628c9c66108f5e,c5a35501048a769404230b526a82972ed0b88bf09d1f3f753d628c9c66108f5e,e5beec92c9992930f4d6b468db1806ee2f3b9224e13179af7d4e8bb5897148e0,AMBIGUOUS,EXISTING_LABEL_UNSPECIFIED,183.64268526621163,,4,,3171,3174,3171,,1848,,,,,,,,,NO_MATCHING_ARTIFACT,AMBIGUOUS
36a08778,1,36a08778:o1,12,flip_ud,36a08778:o1:d12:flip_ud,c5a35501048a769404230b526a82972ed0b88bf09d1f3f753d628c9c66108f5e,c5a35501048a769404230b526a82972ed0b88bf09d1f3f753d628c9c66108f5e,e5beec92c9992930f4d6b468db1806ee2f3b9224e13179af7d4e8bb5897148e0,AMBIGUOUS,EXISTING_LABEL_UNSPECIFIED,183.64268526621163,,4,,3172,3174,3172,,3129,,,,,,,,,NO_MATCHING_ARTIFACT,AMBIGUOUS
36a08778,1,36a08778:o1,12,transpose,36a08778:o1:d12:transpose,c5a35501048a769404230b526a82972ed0b88bf09d1f3f753d628c9c66108f5e,c5a35501048a769404230b526a82972ed0b88bf09d1f3f753d628c9c66108f5e,e5beec92c9992930f4d6b468db1806ee2f3b9224e13179af7d4e8bb5897148e0,AMBIGUOUS,EXISTING_LABEL_UNSPECIFIED,133.72624975442886,,3,,2434,2436,2434,,1566,,,,,,,,,NO_MATCHING_ARTIFACT,AMBIGUOUS
36a08778,1,36a08778:o1,12,anti_transpose,36a08778:o1:d12:anti_transpose,c5a35501048a769404230b526a82972ed0b88bf09d1f3f753d628c9c66108f5e,c5a35501048a769404230b526a82972ed0b88bf09d1f3f753d628c9c66108f5e,e5beec92c9992930f4d6b468db1806ee2f3b9224e13179af7d4e8bb5897148e0,AMBIGUOUS,EXISTING_LABEL_UNSPECIFIED,133.72624975442886,,3,,2434,2436,2434,,1339,,,,,,,,,NO_MATCHING_ARTIFACT,AMBIGUOUS
36a08778,1,36a08778:o1,24,identity,36a08778:o1:d24:identity,1b38bb917aac268035f15dac621b1c957b44561b60dce10c8d6a59546d0b24c5,1b38bb917aac268035f15dac621b1c957b44561b60dce10c8d6a59546d0b24c5,e5beec92c9992930f4d6b468db1806ee2f3b9224e13179af7d4e8bb5897148e0,AMBIGUOUS,EXISTING_LABEL_UNSPECIFIED,168.51142556779087,,4,,3171,3174,3171,,1848,,,,,,,,,NO_MATCHING_ARTIFACT,AMBIGUOUS
36a08778,1,36a08778:o1,24,flip_ud,36a08778:o1:d24:flip_ud,1b38bb917aac268035f15dac621b1c957b44561b60dce10c8d6a59546d0b24c5,1b38bb917aac268035f15dac621b1c957b44561b60dce10c8d6a59546d0b24c5,e5beec92c9992930f4d6b468db1806ee2f3b9224e13179af7d4e8bb5897148e0,AMBIGUOUS,EXISTING_LABEL_UNSPECIFIED,168.51142556779087,,4,,3172,3174,3172,,3135,,,,,,,,,NO_MATCHING_ARTIFACT,AMBIGUOUS
36a08778,1,36a08778:o1,24,transpose,36a08778:o1:d24:transpose,1b38bb917aac268035f15dac621b1c957b44561b60dce10c8d6a59546d0b24c5,1b38bb917aac268035f15dac621b1c957b44561b60dce10c8d6a59546d0b24c5,e5beec92c9992930f4d6b468db1806ee2f3b9224e13179af7d4e8bb5897148e0,AMBIGUOUS,EXISTING_LABEL_UNSPECIFIED,50.27957191038877,,1,,929,930,929,,0,,,,,,,,,NO_MATCHING_ARTIFACT,AMBIGUOUS
36a08778,1,36a08778:o1,24,anti_transpose,36a08778:o1:d24:anti_transpose,1b38bb917aac268035f15dac621b1c957b44561b60dce10c8d6a59546d0b24c5,1b38bb917aac268035f15dac621b1c957b44561b60dce10c8d6a59546d0b24c5,e5beec92c9992930f4d6b468db1806ee2f3b9224e13179af7d4e8bb5897148e0,AMBIGUOUS,EXISTING_LABEL_UNSPECIFIED,50.27957191038877,,1,,929,930,929,,0,,,,,,,,,NO_MATCHING_ARTIFACT,AMBIGUOUS
36a08778,1,36a08778:o1,48,identity,36a08778:o1:d48:identity,975ec13c8013a26cb54e881974cb127d2e87dd67bbd2bb3be9a72a37d5dc9d6b,975ec13c8013a26cb54e881974cb127d2e87dd67bbd2bb3be9a72a37d5dc9d6b,e5beec92c9992930f4d6b468db1806ee2f3b9224e13179af7d4e8bb5897148e0,AMBIGUOUS,EXISTING_LABEL_UNSPECIFIED,127.41867425758392,,3,,2252,2254,2252,,928,,,,,,,,,NO_MATCHING_ARTIFACT,AMBIGUOUS
36a08778,1,36a08778:o1,48,flip_ud,36a08778:o1:d48:flip_ud,975ec13c8013a26cb54e881974cb127d2e87dd67bbd2bb3be9a72a37d5dc9d6b,975ec13c8013a26cb54e881974cb127d2e87dd67bbd2bb3be9a72a37d5dc9d6b,e5beec92c9992930f4d6b468db1806ee2f3b9224e13179af7d4e8bb5897148e0,AMBIGUOUS,EXISTING_LABEL_UNSPECIFIED,127.41867425758392,,3,,2252,2254,2252,,2212,,,,,,,,,NO_MATCHING_ARTIFACT,AMBIGUOUS
36a08778,1,36a08778:o1,48,transpose,36a08778:o1:d48:transpose,975ec13c8013a26cb54e881974cb127d2e87dd67bbd2bb3be9a72a37d5dc9d6b,975ec13c8013a26cb54e881974cb127d2e87dd67bbd2bb3be9a72a37d5dc9d6b,e5beec92c9992930f4d6b468db1806ee2f3b9224e13179af7d4e8bb5897148e0,AMBIGUOUS,EXISTING_LABEL_UNSPECIFIED,129.10500989481807,,3,,2285,2286,2285,,480,,,,,,,,,NO_MATCHING_ARTIFACT,AMBIGUOUS
36a08778,1,36a08778:o1,48,anti_transpose,36a08778:o1:d48:anti_transpose,975ec13c8013a26cb54e881974cb127d2e87dd67bbd2bb3be9a72a37d5dc9d6b,975ec13c8013a26cb54e881974cb127d2e87dd67bbd2bb3be9a72a37d5dc9d6b,e5beec92c9992930f4d6b468db1806ee2f3b9224e13179af7d4e8bb5897148e0,AMBIGUOUS,EXISTING_LABEL_UNSPECIFIED,129.10500989481807,,3,,2283,2286,2283,,1356,,,,,,,,,NO_MATCHING_ARTIFACT,AMBIGUOUS
446ef5d2,0,446ef5d2:o0,12,identity,446ef5d2:o0:d12:identity,f5ccd7be7641425a56972860867e0af5d88faf5770b3976f31598f914bb7ffea,f5ccd7be7641425a56972860867e0af5d88faf5770b3976f31598f914bb7ffea,e5beec92c9992930f4d6b468db1806ee2f3b9224e13179af7d4e8bb5897148e0,AMBIGUOUS,FAST_PASS,40.80430901609361,,1,,701,702,701,,267,,,,,,,,,NO_MATCHING_ARTIFACT,AMBIGUOUS
4a21e3da,0,4a21e3da:o0,12,identity,4a21e3da:o0:d12:identity,c7d95bcdac0136b72a43dd3e9d9ea3d8c8a50ca3e5f296727880bb9722d3e04b,c7d95bcdac0136b72a43dd3e9d9ea3d8c8a50ca3e5f296727880bb9722d3e04b,e5beec92c9992930f4d6b468db1806ee2f3b9224e13179af7d4e8bb5897148e0,AMBIGUOUS,EXISTING_LABEL_UNSPECIFIED,50.17019863706082,,2,,921,922,921,,870,,,,,,,,,NO_MATCHING_ARTIFACT,AMBIGUOUS
4a21e3da,0,4a21e3da:o0,12,flip_ud,4a21e3da:o0:d12:flip_ud,c7d95bcdac0136b72a43dd3e9d9ea3d8c8a50ca3e5f296727880bb9722d3e04b,c7d95bcdac0136b72a43dd3e9d9ea3d8c8a50ca3e5f296727880bb9722d3e04b,e5beec92c9992930f4d6b468db1806ee2f3b9224e13179af7d4e8bb5897148e0,AMBIGUOUS,EXISTING_LABEL_UNSPECIFIED,50.17019863706082,,2,,921,922,921,,870,,,,,,,,,NO_MATCHING_ARTIFACT,AMBIGUOUS
4a21e3da,0,4a21e3da:o0,12,transpose,4a21e3da:o0:d12:transpose,c7d95bcdac0136b72a43dd3e9d9ea3d8c8a50ca3e5f296727880bb9722d3e04b,c7d95bcdac0136b72a43dd3e9d9ea3d8c8a50ca3e5f296727880bb9722d3e04b,e5beec92c9992930f4d6b468db1806ee2f3b9224e13179af7d4e8bb5897148e0,AMBIGUOUS,EXISTING_LABEL_UNSPECIFIED,73.56048429943621,,3,,1379,1381,1379,,1350,,,,,,,,,NO_MATCHING_ARTIFACT,AMBIGUOUS
4a21e3da,0,4a21e3da:o0,12,anti_transpose,4a21e3da:o0:d12:anti_transpose,c7d95bcdac0136b72a43dd3e9d9ea3d8c8a50ca3e5f296727880bb9722d3e04b,c7d95bcdac0136b72a43dd3e9d9ea3d8c8a50ca3e5f296727880bb9722d3e04b,e5beec92c9992930f4d6b468db1806ee2f3b9224e13179af7d4e8bb5897148e0,AMBIGUOUS,EXISTING_LABEL_UNSPECIFIED,73.56048429943621,,3,,1379,1381,1379,,1353,,,,,,,,,NO_MATCHING_ARTIFACT,AMBIGUOUS
4a21e3da,0,4a21e3da:o0,24,identity,4a21e3da:o0:d24:identity,7dc0550895068fb5c61e8840a83ed6c379c55d9142cec7a2cf6f465b99a0b8cd,7dc0550895068fb5c61e8840a83ed6c379c55d9142cec7a2cf6f465b99a0b8cd,e5beec92c9992930f4d6b468db1806ee2f3b9224e13179af7d4e8bb5897148e0,AMBIGUOUS,EXISTING_LABEL_UNSPECIFIED,55.054121411405504,,2,,918,919,918,,895,,,,,,,,,NO_MATCHING_ARTIFACT,AMBIGUOUS
4a21e3da,0,4a21e3da:o0,24,flip_ud,4a21e3da:o0:d24:flip_ud,7dc0550895068fb5c61e8840a83ed6c379c55d9142cec7a2cf6f465b99a0b8cd,7dc0550895068fb5c61e8840a83ed6c379c55d9142cec7a2cf6f465b99a0b8cd,e5beec92c9992930f4d6b468db1806ee2f3b9224e13179af7d4e8bb5897148e0,AMBIGUOUS,EXISTING_LABEL_UNSPECIFIED,55.054121411405504,,2,,917,919,917,,457,,,,,,,,,NO_MATCHING_ARTIFACT,AMBIGUOUS
4a21e3da,0,4a21e3da:o0,24,transpose,4a21e3da:o0:d24:transpose,7dc0550895068fb5c61e8840a83ed6c379c55d9142cec7a2cf6f465b99a0b8cd,7dc0550895068fb5c61e8840a83ed6c379c55d9142cec7a2cf6f465b99a0b8cd,e5beec92c9992930f4d6b468db1806ee2f3b9224e13179af7d4e8bb5897148e0,AMBIGUOUS,EXISTING_LABEL_UNSPECIFIED,75.58753470052034,,3,,1363,1364,1363,,1104,,,,,,,,,NO_MATCHING_ARTIFACT,AMBIGUOUS
4a21e3da,0,4a21e3da:o0,24,anti_transpose,4a21e3da:o0:d24:anti_transpose,7dc0550895068fb5c61e8840a83ed6c379c55d9142cec7a2cf6f465b99a0b8cd,7dc0550895068fb5c61e8840a83ed6c379c55d9142cec7a2cf6f465b99a0b8cd,e5beec92c9992930f4d6b468db1806ee2f3b9224e13179af7d4e8bb5897148e0,AMBIGUOUS,EXISTING_LABEL_UNSPECIFIED,75.58753470052034,,3,,1361,1364,1361,,1034,,,,,,,,,NO_MATCHING_ARTIFACT,AMBIGUOUS
4a21e3da,0,4a21e3da:o0,48,identity,4a21e3da:o0:d48:identity,e2465a0ae88dff230d1178d90a5692d12b8c3445eba53c6a662734213698236b,e2465a0ae88dff230d1178d90a5692d12b8c3445eba53c6a662734213698236b,e5beec92c9992930f4d6b468db1806ee2f3b9224e13179af7d4e8bb5897148e0,AMBIGUOUS,EXISTING_LABEL_UNSPECIFIED,134.54896081984043,,5,,2252,2254,2252,,2151,,,,,,,,,NO_MATCHING_ARTIFACT,AMBIGUOUS
4a21e3da,0,4a21e3da:o0,48,flip_ud,4a21e3da:o0:d48:flip_ud,e2465a0ae88dff230d1178d90a5692d12b8c3445eba53c6a662734213698236b,e2465a0ae88dff230d1178d90a5692d12b8c3445eba53c6a662734213698236b,e5beec92c9992930f4d6b468db1806ee2f3b9224e13179af7d4e8bb5897148e0,AMBIGUOUS,EXISTING_LABEL_UNSPECIFIED,134.54896081984043,,5,,2251,2254,2251,,1438,,,,,,,,,NO_MATCHING_ARTIFACT,AMBIGUOUS
4a21e3da,0,4a21e3da:o0,48,transpose,4a21e3da:o0:d48:transpose,e2465a0ae88dff230d1178d90a5692d12b8c3445eba53c6a662734213698236b,e2465a0ae88dff230d1178d90a5692d12b8c3445eba53c6a662734213698236b,e5beec92c9992930f4d6b468db1806ee2f3b9224e13179af7d4e8bb5897148e0,AMBIGUOUS,EXISTING_LABEL_UNSPECIFIED,97.69167481828481,,4,,1807,1809,1807,,1042,,,,,,,,,NO_MATCHING_ARTIFACT,AMBIGUOUS
4a21e3da,0,4a21e3da:o0,48,anti_transpose,4a21e3da:o0:d48:anti_transpose,e2465a0ae88dff230d1178d90a5692d12b8c3445eba53c6a662734213698236b,e2465a0ae88dff230d1178d90a5692d12b8c3445eba53c6a662734213698236b,e5beec92c9992930f4d6b468db1806ee2f3b9224e13179af7d4e8bb5897148e0,AMBIGUOUS,EXISTING_LABEL_UNSPECIFIED,97.69167481828481,,4,,1806,1809,1806,,1464,,,,,,,,,NO_MATCHING_ARTIFACT,AMBIGUOUS
4a21e3da,1,4a21e3da:o1,12,identity,4a21e3da:o1:d12:identity,c7d95bcdac0136b72a43dd3e9d9ea3d8c8a50ca3e5f296727880bb9722d3e04b,c7d95bcdac0136b72a43dd3e9d9ea3d8c8a50ca3e5f296727880bb9722d3e04b,e5beec92c9992930f4d6b468db1806ee2f3b9224e13179af7d4e8bb5897148e0,AMBIGUOUS,EXISTING_LABEL_UNSPECIFIED,70.95098445564508,,3,,1242,1244,1242,,824,,,,,,,,,NO_MATCHING_ARTIFACT,AMBIGUOUS
4a21e3da,1,4a21e3da:o1,12,flip_ud,4a21e3da:o1:d12:flip_ud,c7d95bcdac0136b72a43dd3e9d9ea3d8c8a50ca3e5f296727880bb9722d3e04b,c7d95bcdac0136b72a43dd3e9d9ea3d8c8a50ca3e5f296727880bb9722d3e04b,e5beec92c9992930f4d6b468db1806ee2f3b9224e13179af7d4e8bb5897148e0,AMBIGUOUS,EXISTING_LABEL_UNSPECIFIED,70.95098445564508,,3,,1242,1244,1242,,808,,,,,,,,,NO_MATCHING_ARTIFACT,AMBIGUOUS
4a21e3da,1,4a21e3da:o1,12,transpose,4a21e3da:o1:d12:transpose,c7d95bcdac0136b72a43dd3e9d9ea3d8c8a50ca3e5f296727880bb9722d3e04b,c7d95bcdac0136b72a43dd3e9d9ea3d8c8a50ca3e5f296727880bb9722d3e04b,e5beec92c9992930f4d6b468db1806ee2f3b9224e13179af7d4e8bb5897148e0,AMBIGUOUS,EXISTING_LABEL_UNSPECIFIED,47.98347202222794,,2,,837,839,837,,523,,,,,,,,,NO_MATCHING_ARTIFACT,AMBIGUOUS
4a21e3da,1,4a21e3da:o1,12,anti_transpose,4a21e3da:o1:d12:anti_transpose,c7d95bcdac0136b72a43dd3e9d9ea3d8c8a50ca3e5f296727880bb9722d3e04b,c7d95bcdac0136b72a43dd3e9d9ea3d8c8a50ca3e5f296727880bb9722d3e04b,e5beec92c9992930f4d6b468db1806ee2f3b9224e13179af7d4e8bb5897148e0,AMBIGUOUS,EXISTING_LABEL_UNSPECIFIED,47.98347202222794,,2,,838,839,838,,487,,,,,,,,,NO_MATCHING_ARTIFACT,AMBIGUOUS
4a21e3da,1,4a21e3da:o1,24,identity,4a21e3da:o1:d24:identity,7dc0550895068fb5c61e8840a83ed6c379c55d9142cec7a2cf6f465b99a0b8cd,7dc0550895068fb5c61e8840a83ed6c379c55d9142cec7a2cf6f465b99a0b8cd,e5beec92c9992930f4d6b468db1806ee2f3b9224e13179af7d4e8bb5897148e0,AMBIGUOUS,EXISTING_LABEL_UNSPECIFIED,34.925638273358345,,2,,598,600,598,,585,,,,,,,,,NO_MATCHING_ARTIFACT,AMBIGUOUS
4a21e3da,1,4a21e3da:o1,24,flip_ud,4a21e3da:o1:d24:flip_ud,7dc0550895068fb5c61e8840a83ed6c379c55d9142cec7a2cf6f465b99a0b8cd,7dc0550895068fb5c61e8840a83ed6c379c55d9142cec7a2cf6f465b99a0b8cd,e5beec92c9992930f4d6b468db1806ee2f3b9224e13179af7d4e8bb5897148e0,AMBIGUOUS,EXISTING_LABEL_UNSPECIFIED,34.925638273358345,,2,,599,600,599,,0,,,,,,,,,NO_MATCHING_ARTIFACT,AMBIGUOUS
4a21e3da,1,4a21e3da:o1,24,transpose,4a21e3da:o1:d24:transpose,7dc0550895068fb5c61e8840a83ed6c379c55d9142cec7a2cf6f465b99a0b8cd,7dc0550895068fb5c61e8840a83ed6c379c55d9142cec7a2cf6f465b99a0b8cd,e5beec92c9992930f4d6b468db1806ee2f3b9224e13179af7d4e8bb5897148e0,AMBIGUOUS,EXISTING_LABEL_UNSPECIFIED,35.09181707445532,,3,,580,582,580,,58,,,,,,,,,NO_MATCHING_ARTIFACT,AMBIGUOUS
4a21e3da,1,4a21e3da:o1,24,anti_transpose,4a21e3da:o1:d24:anti_transpose,7dc0550895068fb5c61e8840a83ed6c379c55d9142cec7a2cf6f465b99a0b8cd,7dc0550895068fb5c61e8840a83ed6c379c55d9142cec7a2cf6f465b99a0b8cd,e5beec92c9992930f4d6b468db1806ee2f3b9224e13179af7d4e8bb5897148e0,AMBIGUOUS,EXISTING_LABEL_UNSPECIFIED,35.09181707445532,,3,,580,582,580,,142,,,,,,,,,NO_MATCHING_ARTIFACT,AMBIGUOUS
4a21e3da,1,4a21e3da:o1,48,identity,4a21e3da:o1:d48:identity,e2465a0ae88dff230d1178d90a5692d12b8c3445eba53c6a662734213698236b,e2465a0ae88dff230d1178d90a5692d12b8c3445eba53c6a662734213698236b,e5beec92c9992930f4d6b468db1806ee2f3b9224e13179af7d4e8bb5897148e0,AMBIGUOUS,EXISTING_LABEL_UNSPECIFIED,60.99255833402276,,3,,1004,1006,1004,,712,,,,,,,,,NO_MATCHING_ARTIFACT,AMBIGUOUS
4a21e3da,1,4a21e3da:o1,48,flip_ud,4a21e3da:o1:d48:flip_ud,e2465a0ae88dff230d1178d90a5692d12b8c3445eba53c6a662734213698236b,e2465a0ae88dff230d1178d90a5692d12b8c3445eba53c6a662734213698236b,e5beec92c9992930f4d6b468db1806ee2f3b9224e13179af7d4e8bb5897148e0,AMBIGUOUS,EXISTING_LABEL_UNSPECIFIED,60.99255833402276,,3,,1004,1006,1004,,406,,,,,,,,,NO_MATCHING_ARTIFACT,AMBIGUOUS
4a21e3da,1,4a21e3da:o1,48,transpose,4a21e3da:o1:d48:transpose,e2465a0ae88dff230d1178d90a5692d12b8c3445eba53c6a662734213698236b,e2465a0ae88dff230d1178d90a5692d12b8c3445eba53c6a662734213698236b,e5beec92c9992930f4d6b468db1806ee2f3b9224e13179af7d4e8bb5897148e0,AMBIGUOUS,EXISTING_LABEL_UNSPECIFIED,30.511759638786316,,2,,544,545,544,,113,,,,,,,,,NO_MATCHING_ARTIFACT,AMBIGUOUS
4a21e3da,1,4a21e3da:o1,48,anti_transpose,4a21e3da:o1:d48:anti_transpose,e2465a0ae88dff230d1178d90a5692d12b8c3445eba53c6a662734213698236b,e2465a0ae88dff230d1178d90a5692d12b8c3445eba53c6a662734213698236b,e5beec92c9992930f4d6b468db1806ee2f3b9224e13179af7d4e8bb5897148e0,AMBIGUOUS,EXISTING_LABEL_UNSPECIFIED,30.511759638786316,,2,,544,545,544,,243,,,,,,,,,NO_MATCHING_ARTIFACT,AMBIGUOUS
4c3d4a41,0,4c3d4a41:o0,12,identity,4c3d4a41:o0:d12:identity,02331bfdfba397a6d569475f9231992a67040510cae38bc0385c3fc9cd663a76,02331bfdfba397a6d569475f9231992a67040510cae38bc0385c3fc9cd663a76,e5beec92c9992930f4d6b468db1806ee2f3b9224e13179af7d4e8bb5897148e0,AMBIGUOUS,EXISTING_LABEL_UNSPECIFIED,19.29605260398239,,2,,302,303,302,,134,,,,,,,,,NO_MATCHING_ARTIFACT,AMBIGUOUS
4c3d4a41,0,4c3d4a41:o0,12,flip_ud,4c3d4a41:o0:d12:flip_ud,02331bfdfba397a6d569475f9231992a67040510cae38bc0385c3fc9cd663a76,02331bfdfba397a6d569475f9231992a67040510cae38bc0385c3fc9cd663a76,e5beec92c9992930f4d6b468db1806ee2f3b9224e13179af7d4e8bb5897148e0,AMBIGUOUS,EXISTING_LABEL_UNSPECIFIED,19.29605260398239,,2,,301,303,301,,135,,,,,,,,,NO_MATCHING_ARTIFACT,AMBIGUOUS
4c3d4a41,0,4c3d4a41:o0,12,transpose,4c3d4a41:o0:d12:transpose,02331bfdfba397a6d569475f9231992a67040510cae38bc0385c3fc9cd663a76,02331bfdfba397a6d569475f9231992a67040510cae38bc0385c3fc9cd663a76,e5beec92c9992930f4d6b468db1806ee2f3b9224e13179af7d4e8bb5897148e0,AMBIGUOUS,EXISTING_LABEL_UNSPECIFIED,11.809926530346274,,1,,179,180,179,,0,,,,,,,,,NO_MATCHING_ARTIFACT,AMBIGUOUS
4c3d4a41,0,4c3d4a41:o0,12,anti_transpose,4c3d4a41:o0:d12:anti_transpose,02331bfdfba397a6d569475f9231992a67040510cae38bc0385c3fc9cd663a76,02331bfdfba397a6d569475f9231992a67040510cae38bc0385c3fc9cd663a76,e5beec92c9992930f4d6b468db1806ee2f3b9224e13179af7d4e8bb5897148e0,AMBIGUOUS,EXISTING_LABEL_UNSPECIFIED,11.809926530346274,,1,,179,180,179,,0,,,,,,,,,NO_MATCHING_ARTIFACT,AMBIGUOUS
4c3d4a41,1,4c3d4a41:o1,12,identity,4c3d4a41:o1:d12:identity,02331bfdfba397a6d569475f9231992a67040510cae38bc0385c3fc9cd663a76,02331bfdfba397a6d569475f9231992a67040510cae38bc0385c3fc9cd663a76,e5beec92c9992930f4d6b468db1806ee2f3b9224e13179af7d4e8bb5897148e0,AMBIGUOUS,EXISTING_LABEL_UNSPECIFIED,12.485320169478655,,2,,190,192,190,,24,,,,,,,,,NO_MATCHING_ARTIFACT,AMBIGUOUS
4c3d4a41,1,4c3d4a41:o1,12,flip_ud,4c3d4a41:o1:d12:flip_ud,02331bfdfba397a6d569475f9231992a67040510cae38bc0385c3fc9cd663a76,02331bfdfba397a6d569475f9231992a67040510cae38bc0385c3fc9cd663a76,e5beec92c9992930f4d6b468db1806ee2f3b9224e13179af7d4e8bb5897148e0,AMBIGUOUS,EXISTING_LABEL_UNSPECIFIED,12.485320169478655,,2,,191,192,191,,0,,,,,,,,,NO_MATCHING_ARTIFACT,AMBIGUOUS
4c3d4a41,1,4c3d4a41:o1,12,transpose,4c3d4a41:o1:d12:transpose,02331bfdfba397a6d569475f9231992a67040510cae38bc0385c3fc9cd663a76,02331bfdfba397a6d569475f9231992a67040510cae38bc0385c3fc9cd663a76,e5beec92c9992930f4d6b468db1806ee2f3b9224e13179af7d4e8bb5897148e0,AMBIGUOUS,EXISTING_LABEL_UNSPECIFIED,12.094967951998115,,1,,179,180,179,,0,,,,,,,,,NO_MATCHING_ARTIFACT,AMBIGUOUS
4c3d4a41,1,4c3d4a41:o1,12,anti_transpose,4c3d4a41:o1:d12:anti_transpose,02331bfdfba397a6d569475f9231992a67040510cae38bc0385c3fc9cd663a76,02331bfdfba397a6d569475f9231992a67040510cae38bc0385c3fc9cd663a76,e5beec92c9992930f4d6b468db1806ee2f3b9224e13179af7d4e8bb5897148e0,AMBIGUOUS,EXISTING_LABEL_UNSPECIFIED,12.094967951998115,,1,,179,180,179,,0,,,,,,,,,NO_MATCHING_ARTIFACT,AMBIGUOUS
53fb4810,0,53fb4810:o0,48,flip_ud,53fb4810:o0:d48:flip_ud,89bd775e4f6e810b4cf3f37b534c6c1682ae2847f5e36c96f183d10f2d1f0928,89bd775e4f6e810b4cf3f37b534c6c1682ae2847f5e36c96f183d10f2d1f0928,e5beec92c9992930f4d6b468db1806ee2f3b9224e13179af7d4e8bb5897148e0,AMBIGUOUS,FAST_PASS,28.499640556052327,,1,,474,475,474,,0,,,,,,,,,NO_MATCHING_ARTIFACT,AMBIGUOUS
6ffbe589,0,6ffbe589:o0,12,identity,6ffbe589:o0:d12:identity,9e5c7cb1de0a8d093856226a1b4ca2aa96abd6405f7326083635a70cd93bf4c8,9e5c7cb1de0a8d093856226a1b4ca2aa96abd6405f7326083635a70cd93bf4c8,e5beec92c9992930f4d6b468db1806ee2f3b9224e13179af7d4e8bb5897148e0,AMBIGUOUS,EXISTING_LABEL_UNSPECIFIED,162.5951097216457,,16,,2772,2787,2772,,2782,,,,,,,,,NO_MATCHING_ARTIFACT,AMBIGUOUS
6ffbe589,0,6ffbe589:o0,12,flip_ud,6ffbe589:o0:d12:flip_ud,9e5c7cb1de0a8d093856226a1b4ca2aa96abd6405f7326083635a70cd93bf4c8,9e5c7cb1de0a8d093856226a1b4ca2aa96abd6405f7326083635a70cd93bf4c8,e5beec92c9992930f4d6b468db1806ee2f3b9224e13179af7d4e8bb5897148e0,AMBIGUOUS,EXISTING_LABEL_UNSPECIFIED,162.5951097216457,,13,,2775,2787,2775,,2784,,,,,,,,,NO_MATCHING_ARTIFACT,AMBIGUOUS
6ffbe589,0,6ffbe589:o0,12,transpose,6ffbe589:o0:d12:transpose,9e5c7cb1de0a8d093856226a1b4ca2aa96abd6405f7326083635a70cd93bf4c8,9e5c7cb1de0a8d093856226a1b4ca2aa96abd6405f7326083635a70cd93bf4c8,e5beec92c9992930f4d6b468db1806ee2f3b9224e13179af7d4e8bb5897148e0,AMBIGUOUS,EXISTING_LABEL_UNSPECIFIED,70.91638889722526,,6,,1107,1112,1107,,1107,,,,,,,,,NO_MATCHING_ARTIFACT,AMBIGUOUS
6ffbe589,0,6ffbe589:o0,12,anti_transpose,6ffbe589:o0:d12:anti_transpose,9e5c7cb1de0a8d093856226a1b4ca2aa96abd6405f7326083635a70cd93bf4c8,9e5c7cb1de0a8d093856226a1b4ca2aa96abd6405f7326083635a70cd93bf4c8,e5beec92c9992930f4d6b468db1806ee2f3b9224e13179af7d4e8bb5897148e0,AMBIGUOUS,EXISTING_LABEL_UNSPECIFIED,70.91638889722526,,9,,1103,1112,1103,,1107,,,,,,,,,NO_MATCHING_ARTIFACT,AMBIGUOUS
6ffbe589,0,6ffbe589:o0,24,identity,6ffbe589:o0:d24:identity,e0e3e33cf1e1b7da9b6dff9315acb330f5e345443eecb6c37450bc04470836fc,e0e3e33cf1e1b7da9b6dff9315acb330f5e345443eecb6c37450bc04470836fc,e5beec92c9992930f4d6b468db1806ee2f3b9224e13179af7d4e8bb5897148e0,AMBIGUOUS,EXISTING_LABEL_UNSPECIFIED,102.96701414324343,,10,,1850,1860,1850,,1852,,,,,,,,,NO_MATCHING_ARTIFACT,AMBIGUOUS
6ffbe589,0,6ffbe589:o0,24,flip_ud,6ffbe589:o0:d24:flip_ud,e0e3e33cf1e1b7da9b6dff9315acb330f5e345443eecb6c37450bc04470836fc,e0e3e33cf1e1b7da9b6dff9315acb330f5e345443eecb6c37450bc04470836fc,e5beec92c9992930f4d6b468db1806ee2f3b9224e13179af7d4e8bb5897148e0,AMBIGUOUS,EXISTING_LABEL_UNSPECIFIED,102.96701414324343,,11,,1850,1860,1850,,1852,,,,,,,,,NO_MATCHING_ARTIFACT,AMBIGUOUS
6ffbe589,0,6ffbe589:o0,24,transpose,6ffbe589:o0:d24:transpose,e0e3e33cf1e1b7da9b6dff9315acb330f5e345443eecb6c37450bc04470836fc,e0e3e33cf1e1b7da9b6dff9315acb330f5e345443eecb6c37450bc04470836fc,e5beec92c9992930f4d6b468db1806ee2f3b9224e13179af7d4e8bb5897148e0,AMBIGUOUS,EXISTING_LABEL_UNSPECIFIED,69.54332790430635,,4,,1106,1109,1106,,1086,,,,,,,,,NO_MATCHING_ARTIFACT,AMBIGUOUS
6ffbe589,0,6ffbe589:o0,24,anti_transpose,6ffbe589:o0:d24:anti_transpose,e0e3e33cf1e1b7da9b6dff9315acb330f5e345443eecb6c37450bc04470836fc,e0e3e33cf1e1b7da9b6dff9315acb330f5e345443eecb6c37450bc04470836fc,e5beec92c9992930f4d6b468db1806ee2f3b9224e13179af7d4e8bb5897148e0,AMBIGUOUS,EXISTING_LABEL_UNSPECIFIED,69.54332790430635,,16,,1093,1109,1093,,1101,,,,,,,,,NO_MATCHING_ARTIFACT,AMBIGUOUS
7b3084d4,0,7b3084d4:o0,12,identity,7b3084d4:o0:d12:identity,ca483bc9644bf843f97a653d62ed5f424601bd98610a6a5cf009aaf867971899,ca483bc9644bf843f97a653d62ed5f424601bd98610a6a5cf009aaf867971899,e5beec92c9992930f4d6b468db1806ee2f3b9224e13179af7d4e8bb5897148e0,AMBIGUOUS,EXISTING_LABEL_UNSPECIFIED,71.46433435659856,,5,,1135,1140,1135,,1088,,,,,,,,,NO_MATCHING_ARTIFACT,AMBIGUOUS
7b3084d4,0,7b3084d4:o0,12,flip_ud,7b3084d4:o0:d12:flip_ud,ca483bc9644bf843f97a653d62ed5f424601bd98610a6a5cf009aaf867971899,ca483bc9644bf843f97a653d62ed5f424601bd98610a6a5cf009aaf867971899,e5beec92c9992930f4d6b468db1806ee2f3b9224e13179af7d4e8bb5897148e0,AMBIGUOUS,EXISTING_LABEL_UNSPECIFIED,71.46433435659856,,5,,1136,1140,1136,,1030,,,,,,,,,NO_MATCHING_ARTIFACT,AMBIGUOUS
7b3084d4,0,7b3084d4:o0,12,transpose,7b3084d4:o0:d12:transpose,ca483bc9644bf843f97a653d62ed5f424601bd98610a6a5cf009aaf867971899,ca483bc9644bf843f97a653d62ed5f424601bd98610a6a5cf009aaf867971899,e5beec92c9992930f4d6b468db1806ee2f3b9224e13179af7d4e8bb5897148e0,AMBIGUOUS,EXISTING_LABEL_UNSPECIFIED,70.40849105920643,,6,,1128,1133,1128,,1079,,,,,,,,,NO_MATCHING_ARTIFACT,AMBIGUOUS
7b3084d4,0,7b3084d4:o0,12,anti_transpose,7b3084d4:o0:d12:anti_transpose,ca483bc9644bf843f97a653d62ed5f424601bd98610a6a5cf009aaf867971899,ca483bc9644bf843f97a653d62ed5f424601bd98610a6a5cf009aaf867971899,e5beec92c9992930f4d6b468db1806ee2f3b9224e13179af7d4e8bb5897148e0,AMBIGUOUS,EXISTING_LABEL_UNSPECIFIED,70.40849105920643,,11,,1122,1133,1122,,1021,,,,,,,,,NO_MATCHING_ARTIFACT,AMBIGUOUS
7b3084d4,0,7b3084d4:o0,24,identity,7b3084d4:o0:d24:identity,1e9ef17823530e49b58b23a1adc1cf86df3dfc184c69993156dc92f3c74cc11d,1e9ef17823530e49b58b23a1adc1cf86df3dfc184c69993156dc92f3c74cc11d,e5beec92c9992930f4d6b468db1806ee2f3b9224e13179af7d4e8bb5897148e0,AMBIGUOUS,EXISTING_LABEL_UNSPECIFIED,78.60493439529091,,6,,1343,1348,1343,,1298,,,,,,,,,NO_MATCHING_ARTIFACT,AMBIGUOUS
7b3084d4,0,7b3084d4:o0,24,flip_ud,7b3084d4:o0:d24:flip_ud,1e9ef17823530e49b58b23a1adc1cf86df3dfc184c69993156dc92f3c74cc11d,1e9ef17823530e49b58b23a1adc1cf86df3dfc184c69993156dc92f3c74cc11d,e5beec92c9992930f4d6b468db1806ee2f3b9224e13179af7d4e8bb5897148e0,AMBIGUOUS,EXISTING_LABEL_UNSPECIFIED,78.60493439529091,,8,,1341,1348,1341,,1086,,,,,,,,,NO_MATCHING_ARTIFACT,AMBIGUOUS
7b3084d4,0,7b3084d4:o0,24,transpose,7b3084d4:o0:d24:transpose,1e9ef17823530e49b58b23a1adc1cf86df3dfc184c69993156dc92f3c74cc11d,1e9ef17823530e49b58b23a1adc1cf86df3dfc184c69993156dc92f3c74cc11d,e5beec92c9992930f4d6b468db1806ee2f3b9224e13179af7d4e8bb5897148e0,AMBIGUOUS,EXISTING_LABEL_UNSPECIFIED,65.5771966651082,,5,,1083,1088,1083,,1030,,,,,,,,,NO_MATCHING_ARTIFACT,AMBIGUOUS
7b3084d4,0,7b3084d4:o0,24,anti_transpose,7b3084d4:o0:d24:anti_transpose,1e9ef17823530e49b58b23a1adc1cf86df3dfc184c69993156dc92f3c74cc11d,1e9ef17823530e49b58b23a1adc1cf86df3dfc184c69993156dc92f3c74cc11d,e5beec92c9992930f4d6b468db1806ee2f3b9224e13179af7d4e8bb5897148e0,AMBIGUOUS,EXISTING_LABEL_UNSPECIFIED,65.5771966651082,,6,,1083,1088,1083,,915,,,,,,,,,NO_MATCHING_ARTIFACT,AMBIGUOUS
7b3084d4,0,7b3084d4:o0,48,identity,7b3084d4:o0:d48:identity,ddeb94d1d2e63954a1f318d8974832550ad97a1c5146a894afc8506737f07209,ddeb94d1d2e63954a1f318d8974832550ad97a1c5146a894afc8506737f07209,e5beec92c9992930f4d6b468db1806ee2f3b9224e13179af7d4e8bb5897148e0,AMBIGUOUS,EXISTING_LABEL_UNSPECIFIED,47.31310292053968,,4,,789,791,789,,451,,,,,,,,,NO_MATCHING_ARTIFACT,AMBIGUOUS
7b3084d4,0,7b3084d4:o0,48,flip_ud,7b3084d4:o0:d48:flip_ud,ddeb94d1d2e63954a1f318d8974832550ad97a1c5146a894afc8506737f07209,ddeb94d1d2e63954a1f318d8974832550ad97a1c5146a894afc8506737f07209,e5beec92c9992930f4d6b468db1806ee2f3b9224e13179af7d4e8bb5897148e0,AMBIGUOUS,EXISTING_LABEL_UNSPECIFIED,47.31310292053968,,8,,784,791,784,,576,,,,,,,,,NO_MATCHING_ARTIFACT,AMBIGUOUS
7b3084d4,0,7b3084d4:o0,48,transpose,7b3084d4:o0:d48:transpose,ddeb94d1d2e63954a1f318d8974832550ad97a1c5146a894afc8506737f07209,ddeb94d1d2e63954a1f318d8974832550ad97a1c5146a894afc8506737f07209,e5beec92c9992930f4d6b468db1806ee2f3b9224e13179af7d4e8bb5897148e0,AMBIGUOUS,EXISTING_LABEL_UNSPECIFIED,13.006871732883155,,1,,209,210,209,,0,,,,,,,,,NO_MATCHING_ARTIFACT,AMBIGUOUS
7b3084d4,0,7b3084d4:o0,48,anti_transpose,7b3084d4:o0:d48:anti_transpose,ddeb94d1d2e63954a1f318d8974832550ad97a1c5146a894afc8506737f07209,ddeb94d1d2e63954a1f318d8974832550ad97a1c5146a894afc8506737f07209,e5beec92c9992930f4d6b468db1806ee2f3b9224e13179af7d4e8bb5897148e0,AMBIGUOUS,EXISTING_LABEL_UNSPECIFIED,13.006871732883155,,1,,209,210,209,,48,,,,,,,,,NO_MATCHING_ARTIFACT,AMBIGUOUS
7ed72f31,0,7ed72f31:o0,12,identity,7ed72f31:o0:d12:identity,5da720f0adbd28681f8e5a8d7184ab628c9efa748811df7e4c0d105f863ba703,5da720f0adbd28681f8e5a8d7184ab628c9efa748811df7e4c0d105f863ba703,e5beec92c9992930f4d6b468db1806ee2f3b9224e13179af7d4e8bb5897148e0,AMBIGUOUS,EXISTING_LABEL_UNSPECIFIED,50.245968201197684,,3,,843,845,843,,498,,,,,,,,,NO_MATCHING_ARTIFACT,AMBIGUOUS
7ed72f31,0,7ed72f31:o0,12,flip_ud,7ed72f31:o0:d12:flip_ud,5da720f0adbd28681f8e5a8d7184ab628c9efa748811df7e4c0d105f863ba703,5da720f0adbd28681f8e5a8d7184ab628c9efa748811df7e4c0d105f863ba703,e5beec92c9992930f4d6b468db1806ee2f3b9224e13179af7d4e8bb5897148e0,AMBIGUOUS,EXISTING_LABEL_UNSPECIFIED,50.245968201197684,,3,,843,845,843,,596,,,,,,,,,NO_MATCHING_ARTIFACT,AMBIGUOUS
7ed72f31,0,7ed72f31:o0,12,transpose,7ed72f31:o0:d12:transpose,5da720f0adbd28681f8e5a8d7184ab628c9efa748811df7e4c0d105f863ba703,5da720f0adbd28681f8e5a8d7184ab628c9efa748811df7e4c0d105f863ba703,e5beec92c9992930f4d6b468db1806ee2f3b9224e13179af7d4e8bb5897148e0,AMBIGUOUS,EXISTING_LABEL_UNSPECIFIED,49.395181574858725,,3,,872,874,872,,702,,,,,,,,,NO_MATCHING_ARTIFACT,AMBIGUOUS
7ed72f31,0,7ed72f31:o0,12,anti_transpose,7ed72f31:o0:d12:anti_transpose,5da720f0adbd28681f8e5a8d7184ab628c9efa748811df7e4c0d105f863ba703,5da720f0adbd28681f8e5a8d7184ab628c9efa748811df7e4c0d105f863ba703,e5beec92c9992930f4d6b468db1806ee2f3b9224e13179af7d4e8bb5897148e0,AMBIGUOUS,EXISTING_LABEL_UNSPECIFIED,49.395181574858725,,3,,872,874,872,,458,,,,,,,,,NO_MATCHING_ARTIFACT,AMBIGUOUS
7ed72f31,0,7ed72f31:o0,24,identity,7ed72f31:o0:d24:identity,7f7956fde3958832a41a63fdbc260f39707fd8d4aaa2a18347a0d24383cc7474,7f7956fde3958832a41a63fdbc260f39707fd8d4aaa2a18347a0d24383cc7474,e5beec92c9992930f4d6b468db1806ee2f3b9224e13179af7d4e8bb5897148e0,AMBIGUOUS,EXISTING_LABEL_UNSPECIFIED,47.646077297627926,,4,,776,779,776,,421,,,,,,,,,NO_MATCHING_ARTIFACT,AMBIGUOUS
7ed72f31,0,7ed72f31:o0,24,flip_ud,7ed72f31:o0:d24:flip_ud,7f7956fde3958832a41a63fdbc260f39707fd8d4aaa2a18347a0d24383cc7474,7f7956fde3958832a41a63fdbc260f39707fd8d4aaa2a18347a0d24383cc7474,e5beec92c9992930f4d6b468db1806ee2f3b9224e13179af7d4e8bb5897148e0,AMBIGUOUS,EXISTING_LABEL_UNSPECIFIED,47.646077297627926,,4,,777,779,777,,351,,,,,,,,,NO_MATCHING_ARTIFACT,AMBIGUOUS
7ed72f31,0,7ed72f31:o0,24,transpose,7ed72f31:o0:d24:transpose,7f7956fde3958832a41a63fdbc260f39707fd8d4aaa2a18347a0d24383cc7474,7f7956fde3958832a41a63fdbc260f39707fd8d4aaa2a18347a0d24383cc7474,e5beec92c9992930f4d6b468db1806ee2f3b9224e13179af7d4e8bb5897148e0,AMBIGUOUS,EXISTING_LABEL_UNSPECIFIED,33.38794176094234,,2,,602,603,602,,185,,,,,,,,,NO_MATCHING_ARTIFACT,AMBIGUOUS
7ed72f31,0,7ed72f31:o0,24,anti_transpose,7ed72f31:o0:d24:anti_transpose,7f7956fde3958832a41a63fdbc260f39707fd8d4aaa2a18347a0d24383cc7474,7f7956fde3958832a41a63fdbc260f39707fd8d4aaa2a18347a0d24383cc7474,e5beec92c9992930f4d6b468db1806ee2f3b9224e13179af7d4e8bb5897148e0,AMBIGUOUS,EXISTING_LABEL_UNSPECIFIED,33.38794176094234,,2,,601,603,601,,261,,,,,,,,,NO_MATCHING_ARTIFACT,AMBIGUOUS
7ed72f31,1,7ed72f31:o1,12,identity,7ed72f31:o1:d12:identity,5da720f0adbd28681f8e5a8d7184ab628c9efa748811df7e4c0d105f863ba703,5da720f0adbd28681f8e5a8d7184ab628c9efa748811df7e4c0d105f863ba703,e5beec92c9992930f4d6b468db1806ee2f3b9224e13179af7d4e8bb5897148e0,AMBIGUOUS,EXISTING_LABEL_UNSPECIFIED,89.0670757824555,,2,,1607,1609,1607,,1279,,,,,,,,,NO_MATCHING_ARTIFACT,AMBIGUOUS
7ed72f31,1,7ed72f31:o1,12,flip_ud,7ed72f31:o1:d12:flip_ud,5da720f0adbd28681f8e5a8d7184ab628c9efa748811df7e4c0d105f863ba703,5da720f0adbd28681f8e5a8d7184ab628c9efa748811df7e4c0d105f863ba703,e5beec92c9992930f4d6b468db1806ee2f3b9224e13179af7d4e8bb5897148e0,AMBIGUOUS,EXISTING_LABEL_UNSPECIFIED,89.0670757824555,,2,,1608,1609,1608,,1375,,,,,,,,,NO_MATCHING_ARTIFACT,AMBIGUOUS
7ed72f31,1,7ed72f31:o1,12,transpose,7ed72f31:o1:d12:transpose,5da720f0adbd28681f8e5a8d7184ab628c9efa748811df7e4c0d105f863ba703,5da720f0adbd28681f8e5a8d7184ab628c9efa748811df7e4c0d105f863ba703,e5beec92c9992930f4d6b468db1806ee2f3b9224e13179af7d4e8bb5897148e0,AMBIGUOUS,EXISTING_LABEL_UNSPECIFIED,44.82467596326023,,1,,811,812,811,,257,,,,,,,,,NO_MATCHING_ARTIFACT,AMBIGUOUS
7ed72f31,1,7ed72f31:o1,12,anti_transpose,7ed72f31:o1:d12:anti_transpose,5da720f0adbd28681f8e5a8d7184ab628c9efa748811df7e4c0d105f863ba703,5da720f0adbd28681f8e5a8d7184ab628c9efa748811df7e4c0d105f863ba703,e5beec92c9992930f4d6b468db1806ee2f3b9224e13179af7d4e8bb5897148e0,AMBIGUOUS,EXISTING_LABEL_UNSPECIFIED,44.82467596326023,,1,,811,812,811,,557,,,,,,,,,NO_MATCHING_ARTIFACT,AMBIGUOUS
7ed72f31,1,7ed72f31:o1,24,identity,7ed72f31:o1:d24:identity,7f7956fde3958832a41a63fdbc260f39707fd8d4aaa2a18347a0d24383cc7474,7f7956fde3958832a41a63fdbc260f39707fd8d4aaa2a18347a0d24383cc7474,e5beec92c9992930f4d6b468db1806ee2f3b9224e13179af7d4e8bb5897148e0,AMBIGUOUS,EXISTING_LABEL_UNSPECIFIED,95.47556168586016,,2,,1607,1609,1607,,797,,,,,,,,,NO_MATCHING_ARTIFACT,AMBIGUOUS
7ed72f31,1,7ed72f31:o1,24,flip_ud,7ed72f31:o1:d24:flip_ud,7f7956fde3958832a41a63fdbc260f39707fd8d4aaa2a18347a0d24383cc7474,7f7956fde3958832a41a63fdbc260f39707fd8d4aaa2a18347a0d24383cc7474,e5beec92c9992930f4d6b468db1806ee2f3b9224e13179af7d4e8bb5897148e0,AMBIGUOUS,EXISTING_LABEL_UNSPECIFIED,95.47556168586016,,2,,1608,1609,1608,,1220,,,,,,,,,NO_MATCHING_ARTIFACT,AMBIGUOUS
7ed72f31,1,7ed72f31:o1,24,transpose,7ed72f31:o1:d24:transpose,7f7956fde3958832a41a63fdbc260f39707fd8d4aaa2a18347a0d24383cc7474,7f7956fde3958832a41a63fdbc260f39707fd8d4aaa2a18347a0d24383cc7474,e5beec92c9992930f4d6b468db1806ee2f3b9224e13179af7d4e8bb5897148e0,AMBIGUOUS,EXISTING_LABEL_UNSPECIFIED,106.53627342171967,,3,,1744,1746,1744,,947,,,,,,,,,NO_MATCHING_ARTIFACT,AMBIGUOUS
7ed72f31,1,7ed72f31:o1,24,anti_transpose,7ed72f31:o1:d24:anti_transpose,7f7956fde3958832a41a63fdbc260f39707fd8d4aaa2a18347a0d24383cc7474,7f7956fde3958832a41a63fdbc260f39707fd8d4aaa2a18347a0d24383cc7474,e5beec92c9992930f4d6b468db1806ee2f3b9224e13179af7d4e8bb5897148e0,AMBIGUOUS,EXISTING_LABEL_UNSPECIFIED,106.53627342171967,,3,,1744,1746,1744,,378,,,,,,,,,NO_MATCHING_ARTIFACT,AMBIGUOUS
cb2d8a2c,0,cb2d8a2c:o0,12,flip_ud,cb2d8a2c:o0:d12:flip_ud,25f6618087ae60293fc1b49e6ad992f385abb8ca48f9d1e62666f8d939f8d470,25f6618087ae60293fc1b49e6ad992f385abb8ca48f9d1e62666f8d939f8d470,e5beec92c9992930f4d6b468db1806ee2f3b9224e13179af7d4e8bb5897148e0,AMBIGUOUS,FAST_PASS,41.14637893438339,,2,,713,714,713,,637,,,,,,,,,NO_MATCHING_ARTIFACT,AMBIGUOUS
e376de54,0,e376de54:o0,12,identity,e376de54:o0:d12:identity,e00bbb25e2195b3248e07793371a9dddc29c27ff0b9191768015b8fa44272eb4,e00bbb25e2195b3248e07793371a9dddc29c27ff0b9191768015b8fa44272eb4,e5beec92c9992930f4d6b468db1806ee2f3b9224e13179af7d4e8bb5897148e0,AMBIGUOUS,EXISTING_LABEL_UNSPECIFIED,42.70018065068871,,3,,759,761,759,,519,,,,,,,,,NO_MATCHING_ARTIFACT,AMBIGUOUS
e376de54,0,e376de54:o0,12,flip_ud,e376de54:o0:d12:flip_ud,e00bbb25e2195b3248e07793371a9dddc29c27ff0b9191768015b8fa44272eb4,e00bbb25e2195b3248e07793371a9dddc29c27ff0b9191768015b8fa44272eb4,e5beec92c9992930f4d6b468db1806ee2f3b9224e13179af7d4e8bb5897148e0,AMBIGUOUS,EXISTING_LABEL_UNSPECIFIED,42.70018065068871,,3,,759,761,759,,620,,,,,,,,,NO_MATCHING_ARTIFACT,AMBIGUOUS
e376de54,0,e376de54:o0,12,transpose,e376de54:o0:d12:transpose,e00bbb25e2195b3248e07793371a9dddc29c27ff0b9191768015b8fa44272eb4,e00bbb25e2195b3248e07793371a9dddc29c27ff0b9191768015b8fa44272eb4,e5beec92c9992930f4d6b468db1806ee2f3b9224e13179af7d4e8bb5897148e0,AMBIGUOUS,EXISTING_LABEL_UNSPECIFIED,57.69895753171295,,4,,929,932,929,,650,,,,,,,,,NO_MATCHING_ARTIFACT,AMBIGUOUS
e376de54,0,e376de54:o0,12,anti_transpose,e376de54:o0:d12:anti_transpose,e00bbb25e2195b3248e07793371a9dddc29c27ff0b9191768015b8fa44272eb4,e00bbb25e2195b3248e07793371a9dddc29c27ff0b9191768015b8fa44272eb4,e5beec92c9992930f4d6b468db1806ee2f3b9224e13179af7d4e8bb5897148e0,AMBIGUOUS,EXISTING_LABEL_UNSPECIFIED,57.69895753171295,,4,,930,932,930,,765,,,,,,,,,NO_MATCHING_ARTIFACT,AMBIGUOUS
e376de54,0,e376de54:o0,24,identity,e376de54:o0:d24:identity,0be1e7b2a36e74dce803ab228fd34ae864e5eb0d7fcaf692e3f220ee1d98c079,0be1e7b2a36e74dce803ab228fd34ae864e5eb0d7fcaf692e3f220ee1d98c079,e5beec92c9992930f4d6b468db1806ee2f3b9224e13179af7d4e8bb5897148e0,AMBIGUOUS,EXISTING_LABEL_UNSPECIFIED,34.657123079523444,,3,,567,569,567,,165,,,,,,,,,NO_MATCHING_ARTIFACT,AMBIGUOUS
e376de54,0,e376de54:o0,24,flip_ud,e376de54:o0:d24:flip_ud,0be1e7b2a36e74dce803ab228fd34ae864e5eb0d7fcaf692e3f220ee1d98c079,0be1e7b2a36e74dce803ab228fd34ae864e5eb0d7fcaf692e3f220ee1d98c079,e5beec92c9992930f4d6b468db1806ee2f3b9224e13179af7d4e8bb5897148e0,AMBIGUOUS,EXISTING_LABEL_UNSPECIFIED,34.657123079523444,,3,,567,569,567,,394,,,,,,,,,NO_MATCHING_ARTIFACT,AMBIGUOUS
e376de54,0,e376de54:o0,24,transpose,e376de54:o0:d24:transpose,0be1e7b2a36e74dce803ab228fd34ae864e5eb0d7fcaf692e3f220ee1d98c079,0be1e7b2a36e74dce803ab228fd34ae864e5eb0d7fcaf692e3f220ee1d98c079,e5beec92c9992930f4d6b468db1806ee2f3b9224e13179af7d4e8bb5897148e0,AMBIGUOUS,EXISTING_LABEL_UNSPECIFIED,27.23695298563689,,2,,448,450,448,,178,,,,,,,,,NO_MATCHING_ARTIFACT,AMBIGUOUS
e376de54,0,e376de54:o0,24,anti_transpose,e376de54:o0:d24:anti_transpose,0be1e7b2a36e74dce803ab228fd34ae864e5eb0d7fcaf692e3f220ee1d98c079,0be1e7b2a36e74dce803ab228fd34ae864e5eb0d7fcaf692e3f220ee1d98c079,e5beec92c9992930f4d6b468db1806ee2f3b9224e13179af7d4e8bb5897148e0,AMBIGUOUS,EXISTING_LABEL_UNSPECIFIED,27.23695298563689,,2,,449,450,449,,161,,,,,,,,,NO_MATCHING_ARTIFACT,AMBIGUOUS
e376de54,0,e376de54:o0,48,identity,e376de54:o0:d48:identity,018600cdb2e56a5ff743951fdc491b156135a555059470d75a12ace42a45b45f,018600cdb2e56a5ff743951fdc491b156135a555059470d75a12ace42a45b45f,e5beec92c9992930f4d6b468db1806ee2f3b9224e13179af7d4e8bb5897148e0,AMBIGUOUS,EXISTING_LABEL_UNSPECIFIED,13.562411459162831,,1,,271,272,271,,0,,,,,,,,,NO_MATCHING_ARTIFACT,AMBIGUOUS
e376de54,0,e376de54:o0,48,flip_ud,e376de54:o0:d48:flip_ud,018600cdb2e56a5ff743951fdc491b156135a555059470d75a12ace42a45b45f,018600cdb2e56a5ff743951fdc491b156135a555059470d75a12ace42a45b45f,e5beec92c9992930f4d6b468db1806ee2f3b9224e13179af7d4e8bb5897148e0,AMBIGUOUS,EXISTING_LABEL_UNSPECIFIED,13.562411459162831,,1,,271,272,271,,0,,,,,,,,,NO_MATCHING_ARTIFACT,AMBIGUOUS
e376de54,0,e376de54:o0,48,transpose,e376de54:o0:d48:transpose,018600cdb2e56a5ff743951fdc491b156135a555059470d75a12ace42a45b45f,018600cdb2e56a5ff743951fdc491b156135a555059470d75a12ace42a45b45f,e5beec92c9992930f4d6b468db1806ee2f3b9224e13179af7d4e8bb5897148e0,AMBIGUOUS,EXISTING_LABEL_UNSPECIFIED,30.57939252629876,,2,,488,490,488,,218,,,,,,,,,NO_MATCHING_ARTIFACT,AMBIGUOUS
e376de54,0,e376de54:o0,48,anti_transpose,e376de54:o0:d48:anti_transpose,018600cdb2e56a5ff743951fdc491b156135a555059470d75a12ace42a45b45f,018600cdb2e56a5ff743951fdc491b156135a555059470d75a12ace42a45b45f,e5beec92c9992930f4d6b468db1806ee2f3b9224e13179af7d4e8bb5897148e0,AMBIGUOUS,EXISTING_LABEL_UNSPECIFIED,30.57939252629876,,2,,489,490,489,,276,,,,,,,,,NO_MATCHING_ARTIFACT,AMBIGUOUS
f931b4a8,0,f931b4a8:o0,12,identity,f931b4a8:o0:d12:identity,47fb1a35ab62f9126ab1689f90c344afc3e5cc0886a391b59e7d729f4969ff09,47fb1a35ab62f9126ab1689f90c344afc3e5cc0886a391b59e7d729f4969ff09,e5beec92c9992930f4d6b468db1806ee2f3b9224e13179af7d4e8bb5897148e0,AMBIGUOUS,EXISTING_LABEL_UNSPECIFIED,198.4111970551312,,21,,3697,3717,3697,,3699,,,,,,,,,NO_MATCHING_ARTIFACT,AMBIGUOUS
f931b4a8,0,f931b4a8:o0,12,flip_ud,f931b4a8:o0:d12:flip_ud,47fb1a35ab62f9126ab1689f90c344afc3e5cc0886a391b59e7d729f4969ff09,47fb1a35ab62f9126ab1689f90c344afc3e5cc0886a391b59e7d729f4969ff09,e5beec92c9992930f4d6b468db1806ee2f3b9224e13179af7d4e8bb5897148e0,AMBIGUOUS,EXISTING_LABEL_UNSPECIFIED,198.4111970551312,,11,,3708,3717,3708,,3715,,,,,,,,,NO_MATCHING_ARTIFACT,AMBIGUOUS
f931b4a8,0,f931b4a8:o0,12,transpose,f931b4a8:o0:d12:transpose,47fb1a35ab62f9126ab1689f90c344afc3e5cc0886a391b59e7d729f4969ff09,47fb1a35ab62f9126ab1689f90c344afc3e5cc0886a391b59e7d729f4969ff09,e5beec92c9992930f4d6b468db1806ee2f3b9224e13179af7d4e8bb5897148e0,AMBIGUOUS,EXISTING_LABEL_UNSPECIFIED,97.02384446468204,,4,,1857,1860,1857,,1855,,,,,,,,,NO_MATCHING_ARTIFACT,AMBIGUOUS
f931b4a8,0,f931b4a8:o0,12,anti_transpose,f931b4a8:o0:d12:anti_transpose,47fb1a35ab62f9126ab1689f90c344afc3e5cc0886a391b59e7d729f4969ff09,47fb1a35ab62f9126ab1689f90c344afc3e5cc0886a391b59e7d729f4969ff09,e5beec92c9992930f4d6b468db1806ee2f3b9224e13179af7d4e8bb5897148e0,AMBIGUOUS,EXISTING_LABEL_UNSPECIFIED,97.02384446468204,,10,,1850,1860,1850,,1858,,,,,,,,,NO_MATCHING_ARTIFACT,AMBIGUOUS
f931b4a8,0,f931b4a8:o0,24,identity,f931b4a8:o0:d24:identity,66a6640a611ef60b483149ad1578a7083365afb03f2ae2f2b766d2ec0baa0134,66a6640a611ef60b483149ad1578a7083365afb03f2ae2f2b766d2ec0baa0134,e5beec92c9992930f4d6b468db1806ee2f3b9224e13179af7d4e8bb5897148e0,AMBIGUOUS,EXISTING_LABEL_UNSPECIFIED,56.35892449505627,,9,,942,950,942,,946,,,,,,,,,NO_MATCHING_ARTIFACT,AMBIGUOUS
f931b4a8,0,f931b4a8:o0,24,flip_ud,f931b4a8:o0:d24:flip_ud,66a6640a611ef60b483149ad1578a7083365afb03f2ae2f2b766d2ec0baa0134,66a6640a611ef60b483149ad1578a7083365afb03f2ae2f2b766d2ec0baa0134,e5beec92c9992930f4d6b468db1806ee2f3b9224e13179af7d4e8bb5897148e0,AMBIGUOUS,EXISTING_LABEL_UNSPECIFIED,56.35892449505627,,10,,941,950,941,,947,,,,,,,,,NO_MATCHING_ARTIFACT,AMBIGUOUS
f931b4a8,0,f931b4a8:o0,24,transpose,f931b4a8:o0:d24:transpose,66a6640a611ef60b483149ad1578a7083365afb03f2ae2f2b766d2ec0baa0134,66a6640a611ef60b483149ad1578a7083365afb03f2ae2f2b766d2ec0baa0134,e5beec92c9992930f4d6b468db1806ee2f3b9224e13179af7d4e8bb5897148e0,AMBIGUOUS,EXISTING_LABEL_UNSPECIFIED,109.73349984176457,,23,,1905,1927,1905,,1911,,,,,,,,,NO_MATCHING_ARTIFACT,AMBIGUOUS
f931b4a8,0,f931b4a8:o0,24,anti_transpose,f931b4a8:o0:d24:anti_transpose,66a6640a611ef60b483149ad1578a7083365afb03f2ae2f2b766d2ec0baa0134,66a6640a611ef60b483149ad1578a7083365afb03f2ae2f2b766d2ec0baa0134,e5beec92c9992930f4d6b468db1806ee2f3b9224e13179af7d4e8bb5897148e0,AMBIGUOUS,EXISTING_LABEL_UNSPECIFIED,109.73349984176457,,14,,1914,1927,1914,,1924,,,,,,,,,NO_MATCHING_ARTIFACT,AMBIGUOUS
f931b4a8,0,f931b4a8:o0,48,identity,f931b4a8:o0:d48:identity,603da7a217a345b798032bad575216e4a551f72a645b73926e1df8d6fdccc09c,603da7a217a345b798032bad575216e4a551f72a645b73926e1df8d6fdccc09c,e5beec92c9992930f4d6b468db1806ee2f3b9224e13179af7d4e8bb5897148e0,AMBIGUOUS,EXISTING_LABEL_UNSPECIFIED,167.31879572104663,,19,,2773,2790,2773,,2774,,,,,,,,,NO_MATCHING_ARTIFACT,AMBIGUOUS
f931b4a8,0,f931b4a8:o0,48,flip_ud,f931b4a8:o0:d48:flip_ud,603da7a217a345b798032bad575216e4a551f72a645b73926e1df8d6fdccc09c,603da7a217a345b798032bad575216e4a551f72a645b73926e1df8d6fdccc09c,e5beec92c9992930f4d6b468db1806ee2f3b9224e13179af7d4e8bb5897148e0,AMBIGUOUS,EXISTING_LABEL_UNSPECIFIED,167.31879572104663,,17,,2774,2790,2774,,2721,,,,,,,,,NO_MATCHING_ARTIFACT,AMBIGUOUS
f931b4a8,0,f931b4a8:o0,48,transpose,f931b4a8:o0:d48:transpose,603da7a217a345b798032bad575216e4a551f72a645b73926e1df8d6fdccc09c,603da7a217a345b798032bad575216e4a551f72a645b73926e1df8d6fdccc09c,e5beec92c9992930f4d6b468db1806ee2f3b9224e13179af7d4e8bb5897148e0,AMBIGUOUS,EXISTING_LABEL_UNSPECIFIED,210.02760543767363,,22,,3696,3717,3696,,3693,,,,,,,,,NO_MATCHING_ARTIFACT,AMBIGUOUS
f931b4a8,0,f931b4a8:o0,48,anti_transpose,f931b4a8:o0:d48:anti_transpose,603da7a217a345b798032bad575216e4a551f72a645b73926e1df8d6fdccc09c,603da7a217a345b798032bad575216e4a551f72a645b73926e1df8d6fdccc09c,e5beec92c9992930f4d6b468db1806ee2f3b9224e13179af7d4e8bb5897148e0,AMBIGUOUS,EXISTING_LABEL_UNSPECIFIED,210.02760543767363,,26,,3693,3717,3693,,3714,,,,,,,,,NO_MATCHING_ARTIFACT,AMBIGUOUS
f931b4a8,1,f931b4a8:o1,12,identity,f931b4a8:o1:d12:identity,47fb1a35ab62f9126ab1689f90c344afc3e5cc0886a391b59e7d729f4969ff09,47fb1a35ab62f9126ab1689f90c344afc3e5cc0886a391b59e7d729f4969ff09,e5beec92c9992930f4d6b468db1806ee2f3b9224e13179af7d4e8bb5897148e0,AMBIGUOUS,EXISTING_LABEL_UNSPECIFIED,213.90570244472474,,14,,3706,3719,3706,,3703,,,,,,,,,NO_MATCHING_ARTIFACT,AMBIGUOUS
f931b4a8,1,f931b4a8:o1,12,flip_ud,f931b4a8:o1:d12:flip_ud,47fb1a35ab62f9126ab1689f90c344afc3e5cc0886a391b59e7d729f4969ff09,47fb1a35ab62f9126ab1689f90c344afc3e5cc0886a391b59e7d729f4969ff09,e5beec92c9992930f4d6b468db1806ee2f3b9224e13179af7d4e8bb5897148e0,AMBIGUOUS,EXISTING_LABEL_UNSPECIFIED,213.90570244472474,,16,,3705,3719,3705,,3717,,,,,,,,,NO_MATCHING_ARTIFACT,AMBIGUOUS
f931b4a8,1,f931b4a8:o1,12,transpose,f931b4a8:o1:d12:transpose,47fb1a35ab62f9126ab1689f90c344afc3e5cc0886a391b59e7d729f4969ff09,47fb1a35ab62f9126ab1689f90c344afc3e5cc0886a391b59e7d729f4969ff09,e5beec92c9992930f4d6b468db1806ee2f3b9224e13179af7d4e8bb5897148e0,AMBIGUOUS,EXISTING_LABEL_UNSPECIFIED,210.05028302315623,,15,,3702,3715,3702,,3708,,,,,,,,,NO_MATCHING_ARTIFACT,AMBIGUOUS
f931b4a8,1,f931b4a8:o1,12,anti_transpose,f931b4a8:o1:d12:anti_transpose,47fb1a35ab62f9126ab1689f90c344afc3e5cc0886a391b59e7d729f4969ff09,47fb1a35ab62f9126ab1689f90c344afc3e5cc0886a391b59e7d729f4969ff09,e5beec92c9992930f4d6b468db1806ee2f3b9224e13179af7d4e8bb5897148e0,AMBIGUOUS,EXISTING_LABEL_UNSPECIFIED,210.05028302315623,,21,,3695,3715,3695,,3709,,,,,,,,,NO_MATCHING_ARTIFACT,AMBIGUOUS
f931b4a8,1,f931b4a8:o1,24,identity,f931b4a8:o1:d24:identity,66a6640a611ef60b483149ad1578a7083365afb03f2ae2f2b766d2ec0baa0134,66a6640a611ef60b483149ad1578a7083365afb03f2ae2f2b766d2ec0baa0134,e5beec92c9992930f4d6b468db1806ee2f3b9224e13179af7d4e8bb5897148e0,AMBIGUOUS,EXISTING_LABEL_UNSPECIFIED,1.394636733457446,,3,,13,15,13,,7,,,,,,,,,NO_MATCHING_ARTIFACT,AMBIGUOUS
f931b4a8,1,f931b4a8:o1,24,flip_ud,f931b4a8:o1:d24:flip_ud,66a6640a611ef60b483149ad1578a7083365afb03f2ae2f2b766d2ec0baa0134,66a6640a611ef60b483149ad1578a7083365afb03f2ae2f2b766d2ec0baa0134,e5beec92c9992930f4d6b468db1806ee2f3b9224e13179af7d4e8bb5897148e0,AMBIGUOUS,EXISTING_LABEL_UNSPECIFIED,1.394636733457446,,3,,14,15,14,,13,,,,,,,,,NO_MATCHING_ARTIFACT,AMBIGUOUS
f931b4a8,1,f931b4a8:o1,24,transpose,f931b4a8:o1:d24:transpose,66a6640a611ef60b483149ad1578a7083365afb03f2ae2f2b766d2ec0baa0134,66a6640a611ef60b483149ad1578a7083365afb03f2ae2f2b766d2ec0baa0134,e5beec92c9992930f4d6b468db1806ee2f3b9224e13179af7d4e8bb5897148e0,AMBIGUOUS,EXISTING_LABEL_UNSPECIFIED,0.669891893863678,,1,,5,6,5,,0,,,,,,,,,NO_MATCHING_ARTIFACT,AMBIGUOUS
f931b4a8,1,f931b4a8:o1,24,anti_transpose,f931b4a8:o1:d24:anti_transpose,66a6640a611ef60b483149ad1578a7083365afb03f2ae2f2b766d2ec0baa0134,66a6640a611ef60b483149ad1578a7083365afb03f2ae2f2b766d2ec0baa0134,e5beec92c9992930f4d6b468db1806ee2f3b9224e13179af7d4e8bb5897148e0,AMBIGUOUS,EXISTING_LABEL_UNSPECIFIED,0.669891893863678,,1,,5,6,5,,0,,,,,,,,,NO_MATCHING_ARTIFACT,AMBIGUOUS
f931b4a8,1,f931b4a8:o1,48,identity,f931b4a8:o1:d48:identity,603da7a217a345b798032bad575216e4a551f72a645b73926e1df8d6fdccc09c,603da7a217a345b798032bad575216e4a551f72a645b73926e1df8d6fdccc09c,e5beec92c9992930f4d6b468db1806ee2f3b9224e13179af7d4e8bb5897148e0,AMBIGUOUS,EXISTING_LABEL_UNSPECIFIED,0.5341437980532646,,1,,5,6,5,,0,,,,,,,,,NO_MATCHING_ARTIFACT,AMBIGUOUS
f931b4a8,1,f931b4a8:o1,48,flip_ud,f931b4a8:o1:d48:flip_ud,603da7a217a345b798032bad575216e4a551f72a645b73926e1df8d6fdccc09c,603da7a217a345b798032bad575216e4a551f72a645b73926e1df8d6fdccc09c,e5beec92c9992930f4d6b468db1806ee2f3b9224e13179af7d4e8bb5897148e0,AMBIGUOUS,EXISTING_LABEL_UNSPECIFIED,0.5341437980532646,,1,,5,6,5,,0,,,,,,,,,NO_MATCHING_ARTIFACT,AMBIGUOUS
f931b4a8,1,f931b4a8:o1,48,transpose,f931b4a8:o1:d48:transpose,603da7a217a345b798032bad575216e4a551f72a645b73926e1df8d6fdccc09c,603da7a217a345b798032bad575216e4a551f72a645b73926e1df8d6fdccc09c,e5beec92c9992930f4d6b468db1806ee2f3b9224e13179af7d4e8bb5897148e0,AMBIGUOUS,EXISTING_LABEL_UNSPECIFIED,0.559588317759335,,1,,5,6,5,,0,,,,,,,,,NO_MATCHING_ARTIFACT,AMBIGUOUS
f931b4a8,1,f931b4a8:o1,48,anti_transpose,f931b4a8:o1:d48:anti_transpose,603da7a217a345b798032bad575216e4a551f72a645b73926e1df8d6fdccc09c,603da7a217a345b798032bad575216e4a551f72a645b73926e1df8d6fdccc09c,e5beec92c9992930f4d6b468db1806ee2f3b9224e13179af7d4e8bb5897148e0,AMBIGUOUS,EXISTING_LABEL_UNSPECIFIED,0.559588317759335,,1,,5,6,5,,0,,,,,,,,,NO_MATCHING_ARTIFACT,AMBIGUOUS
