artifact_path,artifact_sha256,artifact_size_bytes,task_id,output_index,depth,view,checkpoint_sha256,v5_config_sha256,execution_engine,execution_origin,worker_id,worker_pid,candidate_count,complete_candidate_count,nodes_expanded,model_forwards,tokens_advanced,frontier_floor_activation_count,runtime_seconds,termination_reason,start_timestamp,finish_timestamp,task_depth_block,shard_id,embedded_cell_key,source_record_index,file_mtime_ns,candidate_set_sha256,scientific_record_sha256
/workspace/arc2/active_runs/eval60_v5_vs_greedy_4worker_v1/raw/task_depth/0934a4d8/d012.parquet,ea74048d83afa9d230ad7bf4785466c5848c1f2959f0856b91ae8af2c61f9508,135094,0934a4d8,0,12,identity,f774449a47ba679a8f5be6752b3378319b21cdfde2acfafef10bcc29f61a9745,e5beec92c9992930f4d6b468db1806ee2f3b9224e13179af7d4e8bb5897148e0,INDEPENDENT_SINGLE_PER_GPU_REPAIR,HEAVY_REPAIR,heavy0_serial,,2,2,66,67,66,33,4.685455717146397,search_exhausted,,,0934a4d8,d012,0934a4d8:o0:d012:identity,0,1790611273794553610,b96005dc5965c9da39c2e15b0882f140e07fc7118394057f4e7f91f8b787d35b,1e35430dfcca02ae2b8c82a0966467d61e40298c6451bd65e37821c2a9c01148
/workspace/arc2/active_runs/eval60_v5_vs_greedy_4worker_v1/raw/task_depth/0934a4d8/d012.parquet,ea74048d83afa9d230ad7bf4785466c5848c1f2959f0856b91ae8af2c61f9508,135094,0934a4d8,0,12,flip_ud,f774449a47ba679a8f5be6752b3378319b21cdfde2acfafef10bcc29f61a9745,e5beec92c9992930f4d6b468db1806ee2f3b9224e13179af7d4e8bb5897148e0,INDEPENDENT_FAST_2_PER_GPU,FAST_PASS,fast3,,3,3,101,102,101,75,6.84360820800066,search_exhausted,,,0934a4d8,d012,0934a4d8:o0:d012:flip_ud,1,1790611273794553610,2ecd84ef3cf451c94cf7f4df324cf7d2240f9e4d302e723d05ec2a3eb9c80673,cf46a51d7a57738853bad37980c9d5908a2cdab47103eb6c9132fb151548cc5e
/workspace/arc2/active_runs/eval60_v5_vs_greedy_4worker_v1/raw/task_depth/0934a4d8/d012.parquet,ea74048d83afa9d230ad7bf4785466c5848c1f2959f0856b91ae8af2c61f9508,135094,0934a4d8,0,12,transpose,f774449a47ba679a8f5be6752b3378319b21cdfde2acfafef10bcc29f61a9745,e5beec92c9992930f4d6b468db1806ee2f3b9224e13179af7d4e8bb5897148e0,INDEPENDENT_FAST_2_PER_GPU,FAST_PASS,fast3,,2,2,58,59,58,0,4.054343640804291,search_exhausted,,,0934a4d8,d012,0934a4d8:o0:d012:transpose,2,1790611273794553610,e6a9b6bd0098f9be60a356df0c862a1a05101d94fd35d5d00d11359d43b124cd,24b0fffc1cb3358c2a6164c8d7ce156a94d34d4aa56061f068384a92a50c392c
/workspace/arc2/active_runs/eval60_v5_vs_greedy_4worker_v1/raw/task_depth/0934a4d8/d012.parquet,ea74048d83afa9d230ad7bf4785466c5848c1f2959f0856b91ae8af2c61f9508,135094,0934a4d8,0,12,anti_transpose,f774449a47ba679a8f5be6752b3378319b21cdfde2acfafef10bcc29f61a9745,e5beec92c9992930f4d6b468db1806ee2f3b9224e13179af7d4e8bb5897148e0,INDEPENDENT_FAST_2_PER_GPU,FAST_PASS,fast3,,2,2,43,44,43,18,3.2104997746646404,search_exhausted,,,0934a4d8,d012,0934a4d8:o0:d012:anti_transpose,3,1790611273794553610,929accd7fbc98ab99d3f038811e782199af2efd3acc2b13464c0e0560ade947d,8bbe7a559ad37d1d90b75e2aa2b61fdbe96e23b2979241caeaea83e61c0329f2
/workspace/arc2/active_runs/eval60_v5_vs_greedy_4worker_v1/raw/task_depth/0934a4d8/d024.parquet,fbceef613f51f9a1f59432b0a0e106df82c57cc0c940042fa9576a47f70f0757,111658,0934a4d8,0,24,identity,ac456f66e63eeef61e928a9ab53b34cb2da4f1c83e53817c476e2cf4806272a2,e5beec92c9992930f4d6b468db1806ee2f3b9224e13179af7d4e8bb5897148e0,INDEPENDENT_FAST_2_PER_GPU,FAST_PASS,fast3,,2,2,70,71,70,35,5.158066703006625,search_exhausted,,,0934a4d8,d024,0934a4d8:o0:d024:identity,0,1790611274445111084,e5b5d83ace3e75e0665acc7d409d722e8658f358926e0968dfb618e72d212526,241122bdcb2a75fe3e7fe3ac1b94a8da4e06972d492146563a8f5fd42d7ed1a4
/workspace/arc2/active_runs/eval60_v5_vs_greedy_4worker_v1/raw/task_depth/0934a4d8/d024.parquet,fbceef613f51f9a1f59432b0a0e106df82c57cc0c940042fa9576a47f70f0757,111658,0934a4d8,0,24,flip_ud,ac456f66e63eeef61e928a9ab53b34cb2da4f1c83e53817c476e2cf4806272a2,e5beec92c9992930f4d6b468db1806ee2f3b9224e13179af7d4e8bb5897148e0,INDEPENDENT_SINGLE_PER_GPU_REPAIR,HEAVY_REPAIR,heavy0_serial,,2,2,68,69,68,32,4.682764066383243,search_exhausted,,,0934a4d8,d024,0934a4d8:o0:d024:flip_ud,1,1790611274445111084,ef70fe83400a9d910ba5088750fc86a34c49044fb575b11bac2fd5a835e42f59,b85ed74d8f8bbca7244608089f30a2f3150d51b1f1a0f8b80bca12a557caaf6a
/workspace/arc2/active_runs/eval60_v5_vs_greedy_4worker_v1/raw/task_depth/0934a4d8/d024.parquet,fbceef613f51f9a1f59432b0a0e106df82c57cc0c940042fa9576a47f70f0757,111658,0934a4d8,0,24,transpose,ac456f66e63eeef61e928a9ab53b34cb2da4f1c83e53817c476e2cf4806272a2,e5beec92c9992930f4d6b468db1806ee2f3b9224e13179af7d4e8bb5897148e0,INDEPENDENT_FAST_2_PER_GPU,FAST_PASS,fast3,,1,1,29,30,29,0,2.4318715166300535,search_exhausted,,,0934a4d8,d024,0934a4d8:o0:d024:transpose,2,1790611274445111084,99d11005675d4dd992411ab6b1fb0f53213f3e291ade8e93837fcdd32686eb4a,1dcc9e9bf93b13727af7a23a20002538c844447b2eb406145eadaa228f304aa0
/workspace/arc2/active_runs/eval60_v5_vs_greedy_4worker_v1/raw/task_depth/0934a4d8/d024.parquet,fbceef613f51f9a1f59432b0a0e106df82c57cc0c940042fa9576a47f70f0757,111658,0934a4d8,0,24,anti_transpose,ac456f66e63eeef61e928a9ab53b34cb2da4f1c83e53817c476e2cf4806272a2,e5beec92c9992930f4d6b468db1806ee2f3b9224e13179af7d4e8bb5897148e0,INDEPENDENT_FAST_2_PER_GPU,FAST_PASS,fast3,,2,2,43,44,43,13,3.227341704070568,search_exhausted,,,0934a4d8,d024,0934a4d8:o0:d024:anti_transpose,3,1790611274445111084,28e3a0ca2f0d36820de3eac9cf60c5c407094dfafd26106c553af82ee1386c53,169c918779eb876c299ae0bb274bdf2d051534c78f8433709f078a3a39fc1e3e
/workspace/arc2/active_runs/eval60_v5_vs_greedy_4worker_v1/raw/task_depth/0934a4d8/d048.parquet,6177dcebb626d03788d17e5829a6eac005b8a6b65914821185abc5b0ce73e098,96529,0934a4d8,0,48,identity,8d621d7764f9e6b3bba5b04b80bb86bd345a61697eaee5aea25198a2cbdeecef,e5beec92c9992930f4d6b468db1806ee2f3b9224e13179af7d4e8bb5897148e0,INDEPENDENT_FAST_2_PER_GPU,FAST_PASS,fast3,,1,1,35,36,35,0,3.0720452703535557,search_exhausted,,,0934a4d8,d048,0934a4d8:o0:d048:identity,0,1790611274834004986,8d6169d212cc7c9b91bc5daca12b17afe0aa85f58e1226e1a846a8f993726b31,5848dd710eb7595d3e940e426332042139f961242e26e4d55bda7942d2635f58
/workspace/arc2/active_runs/eval60_v5_vs_greedy_4worker_v1/raw/task_depth/0934a4d8/d048.parquet,6177dcebb626d03788d17e5829a6eac005b8a6b65914821185abc5b0ce73e098,96529,0934a4d8,0,48,flip_ud,8d621d7764f9e6b3bba5b04b80bb86bd345a61697eaee5aea25198a2cbdeecef,e5beec92c9992930f4d6b468db1806ee2f3b9224e13179af7d4e8bb5897148e0,INDEPENDENT_SINGLE_PER_GPU_REPAIR,HEAVY_REPAIR,heavy0_serial,,2,2,50,51,50,27,3.6325826812535524,search_exhausted,,,0934a4d8,d048,0934a4d8:o0:d048:flip_ud,1,1790611274834004986,6355fc9cbbd0d6212bade16b6683c2a62c795d7e6f22031775690d55b6ff9a1c,5cb0eafa24c39b507c6aca942cbcf29bd19bda3b8704321c1bef2a02ae663fe3
/workspace/arc2/active_runs/eval60_v5_vs_greedy_4worker_v1/raw/task_depth/0934a4d8/d048.parquet,6177dcebb626d03788d17e5829a6eac005b8a6b65914821185abc5b0ce73e098,96529,0934a4d8,0,48,transpose,8d621d7764f9e6b3bba5b04b80bb86bd345a61697eaee5aea25198a2cbdeecef,e5beec92c9992930f4d6b468db1806ee2f3b9224e13179af7d4e8bb5897148e0,INDEPENDENT_FAST_2_PER_GPU,FAST_PASS,fast3,,2,2,56,57,56,28,3.9525231793522835,search_exhausted,,,0934a4d8,d048,0934a4d8:o0:d048:transpose,2,1790611274834004986,0d2fc171f6c50c3caa68d2e1b2c0fa6e5bd8490f5b24107c2b04fe512c4d1ac5,cac9cf5f1404cc450a21c5e000da0c2a96063f376eafe35989953558dff21b34
/workspace/arc2/active_runs/eval60_v5_vs_greedy_4worker_v1/raw/task_depth/0934a4d8/d048.parquet,6177dcebb626d03788d17e5829a6eac005b8a6b65914821185abc5b0ce73e098,96529,0934a4d8,0,48,anti_transpose,8d621d7764f9e6b3bba5b04b80bb86bd345a61697eaee5aea25198a2cbdeecef,e5beec92c9992930f4d6b468db1806ee2f3b9224e13179af7d4e8bb5897148e0,INDEPENDENT_FAST_2_PER_GPU,FAST_PASS,fast3,,1,1,29,30,29,0,2.3979791197925806,search_exhausted,,,0934a4d8,d048,0934a4d8:o0:d048:anti_transpose,3,1790611274834004986,033bba87f175a6b0fd03977bde0c2969479a4b35d2a328d18e2f4a7d4139f03b,95293f63155a74970a44e27d66e8236334911e78d3050e53b784e2d18949881a
/workspace/arc2/active_runs/eval60_v5_vs_greedy_4worker_v1/raw/task_depth/13e47133/d012.parquet,459aa74abb8ca06e8b0a29d95336c42e80c77394f5a4fe7fca7eb9738976167c,5083097,13e47133,0,12,identity,ee8429e0e34eb00ea75fd0519ce39cf732c89e0c747a131a1b4816199c74baff,e5beec92c9992930f4d6b468db1806ee2f3b9224e13179af7d4e8bb5897148e0,INDEPENDENT_FAST_2_PER_GPU,FAST_PASS,fast3,,1,1,929,930,929,565,56.651102824136615,search_exhausted,,,13e47133,d012,13e47133:o0:d012:identity,0,1790611280495935580,e82b40794a09fd57c9b82e1b1356d9c8608394ef084ed0a56f33b9b414dbc423,55118917411f183a31d17f0bef32916d514ea5234b7f4ec9791359621587a1b3
/workspace/arc2/active_runs/eval60_v5_vs_greedy_4worker_v1/raw/task_depth/13e47133/d012.parquet,459aa74abb8ca06e8b0a29d95336c42e80c77394f5a4fe7fca7eb9738976167c,5083097,13e47133,0,12,flip_ud,ee8429e0e34eb00ea75fd0519ce39cf732c89e0c747a131a1b4816199c74baff,e5beec92c9992930f4d6b468db1806ee2f3b9224e13179af7d4e8bb5897148e0,INDEPENDENT_FAST_2_PER_GPU,FAST_PASS,fast0,,3,3,2760,2761,2760,2380,160.08414050005376,search_exhausted,,,13e47133,d012,13e47133:o0:d012:flip_ud,1,1790611280495935580,f6d02392f919379cbd8bd31c8461e0d8d2d64d6e1dced6a525776dcdb1a09dd3,6eb872a7d4f5c1f55fce647304e70b402957dfb320f9d98ae3d037a2f8f41796
/workspace/arc2/active_runs/eval60_v5_vs_greedy_4worker_v1/raw/task_depth/13e47133/d012.parquet,459aa74abb8ca06e8b0a29d95336c42e80c77394f5a4fe7fca7eb9738976167c,5083097,13e47133,0,12,transpose,ee8429e0e34eb00ea75fd0519ce39cf732c89e0c747a131a1b4816199c74baff,e5beec92c9992930f4d6b468db1806ee2f3b9224e13179af7d4e8bb5897148e0,INDEPENDENT_FAST_2_PER_GPU,FAST_PASS,fast1,,2,2,1667,1668,1667,1108,97.90528610907495,search_exhausted,,,13e47133,d012,13e47133:o0:d012:transpose,2,1790611280495935580,a66036ffd163b43ab3a0beffb5ab005c33eaac8091cc837b31f170c33de2c3da,ff23ebc3172a473ca5666333a4becf3cf1ab27d3dccf911d424787675b6e1234
/workspace/arc2/active_runs/eval60_v5_vs_greedy_4worker_v1/raw/task_depth/13e47133/d012.parquet,459aa74abb8ca06e8b0a29d95336c42e80c77394f5a4fe7fca7eb9738976167c,5083097,13e47133,0,12,anti_transpose,ee8429e0e34eb00ea75fd0519ce39cf732c89e0c747a131a1b4816199c74baff,e5beec92c9992930f4d6b468db1806ee2f3b9224e13179af7d4e8bb5897148e0,INDEPENDENT_FAST_2_PER_GPU,FAST_PASS,fast2,,1,1,929,930,929,930,55.39923810400069,search_exhausted,,,13e47133,d012,13e47133:o0:d012:anti_transpose,3,1790611280495935580,e2b3687ae1002366fb4cf2365e14fabf6f723378d6cbbd017b8da5de05c3d001,f2dafbf7f26d73bf96dbdc88318f852e4d605110c99d2777d5ce91fda4930df4
/workspace/arc2/active_runs/eval60_v5_vs_greedy_4worker_v1/raw/task_depth/13e47133/d012.parquet,459aa74abb8ca06e8b0a29d95336c42e80c77394f5a4fe7fca7eb9738976167c,5083097,13e47133,1,12,identity,ee8429e0e34eb00ea75fd0519ce39cf732c89e0c747a131a1b4816199c74baff,e5beec92c9992930f4d6b468db1806ee2f3b9224e13179af7d4e8bb5897148e0,INDEPENDENT_FAST_2_PER_GPU,FAST_PASS,fast2,,3,3,2779,2780,2779,2702,162.84148775972426,search_exhausted,,,13e47133,d012,13e47133:o1:d012:identity,4,1790611280495935580,f185e53f4cfcbe6eb13721cbb8c42efd0e56db03a4599128ba0e7f245f934b7a,313f66b05cd200a3578b974a19806c00553feb145233e6b713e16fbd78c153de
/workspace/arc2/active_runs/eval60_v5_vs_greedy_4worker_v1/raw/task_depth/13e47133/d012.parquet,459aa74abb8ca06e8b0a29d95336c42e80c77394f5a4fe7fca7eb9738976167c,5083097,13e47133,1,12,flip_ud,ee8429e0e34eb00ea75fd0519ce39cf732c89e0c747a131a1b4816199c74baff,e5beec92c9992930f4d6b468db1806ee2f3b9224e13179af7d4e8bb5897148e0,INDEPENDENT_FAST_2_PER_GPU,FAST_PASS,fast3,,2,2,1850,1851,1850,1596,111.49094143882394,search_exhausted,,,13e47133,d012,13e47133:o1:d012:flip_ud,5,1790611280495935580,7dccea68c39d2480d91641da723060fde06cc07ab4210fca14a928c72bc0bff4,92cf8791e5ac8b0b36a2bb7b83031c0892bb62b1f5330c16108fd78f15fd96c1
/workspace/arc2/active_runs/eval60_v5_vs_greedy_4worker_v1/raw/task_depth/13e47133/d012.parquet,459aa74abb8ca06e8b0a29d95336c42e80c77394f5a4fe7fca7eb9738976167c,5083097,13e47133,1,12,transpose,ee8429e0e34eb00ea75fd0519ce39cf732c89e0c747a131a1b4816199c74baff,e5beec92c9992930f4d6b468db1806ee2f3b9224e13179af7d4e8bb5897148e0,INDEPENDENT_FAST_2_PER_GPU,FAST_PASS,fast1,,2,2,1762,1763,1762,1332,103.25082940980792,search_exhausted,,,13e47133,d012,13e47133:o1:d012:transpose,6,1790611280495935580,f2496ad3a801d7b916fe4fcc829d99a1a6e7d3eb1a9d4233379d0474e3ca05d8,9b84e0d25332534c022efe9a0fc205c8a21f368701d833f94f809d61fce5b4d3
/workspace/arc2/active_runs/eval60_v5_vs_greedy_4worker_v1/raw/task_depth/13e47133/d012.parquet,459aa74abb8ca06e8b0a29d95336c42e80c77394f5a4fe7fca7eb9738976167c,5083097,13e47133,1,12,anti_transpose,ee8429e0e34eb00ea75fd0519ce39cf732c89e0c747a131a1b4816199c74baff,e5beec92c9992930f4d6b468db1806ee2f3b9224e13179af7d4e8bb5897148e0,INDEPENDENT_FAST_2_PER_GPU,FAST_PASS,fast0,,3,3,2773,2774,2773,2296,160.76118204928935,search_exhausted,,,13e47133,d012,13e47133:o1:d012:anti_transpose,7,1790611280495935580,a284f9bc8c18a3eacde6f451ba1409f26aaab79ead699ce3f53b2fd6efa26056,ca05089dc03930185cdc512992a6b58564d3cfbd52558500af89558dd03e59ce
/workspace/arc2/active_runs/eval60_v5_vs_greedy_4worker_v1/raw/task_depth/13e47133/d024.parquet,d09a9a073c89b1243068aaa01cdff807de6b8e77c7d30db70f32adf82b6a7faa,4327448,13e47133,0,24,identity,e36cce0ed9731be780c48c576be801e7f1faacad868fcb21551b40f5a801eddd,e5beec92c9992930f4d6b468db1806ee2f3b9224e13179af7d4e8bb5897148e0,INDEPENDENT_FAST_2_PER_GPU,FAST_PASS,fast3,,2,2,1497,1498,1497,808,90.18259907327592,search_exhausted,,,13e47133,d024,13e47133:o0:d024:identity,0,1790611285546585362,fdd1bbbc7084270250e9dab3e9746dfc7bec69718c413466520c0bb5f6211f47,350d4b22ff52f299976ed5890303e4e4a132e3da07c4b6ecce4f14405e1b673d
/workspace/arc2/active_runs/eval60_v5_vs_greedy_4worker_v1/raw/task_depth/13e47133/d024.parquet,d09a9a073c89b1243068aaa01cdff807de6b8e77c7d30db70f32adf82b6a7faa,4327448,13e47133,0,24,flip_ud,e36cce0ed9731be780c48c576be801e7f1faacad868fcb21551b40f5a801eddd,e5beec92c9992930f4d6b468db1806ee2f3b9224e13179af7d4e8bb5897148e0,INDEPENDENT_FAST_2_PER_GPU,FAST_PASS,fast1,,3,3,2715,2716,2715,906,158.44861385039985,search_exhausted,,,13e47133,d024,13e47133:o0:d024:flip_ud,1,1790611285546585362,3ae09bd3ec4d31944ee6a60d3d7fdd867b3454fd3c8f5c7168b34ace577ac9ec,fefc22eb7a3d70600fe8fe182b48cb2d4bf24391684a3af2f7e8880db914322a
/workspace/arc2/active_runs/eval60_v5_vs_greedy_4worker_v1/raw/task_depth/13e47133/d024.parquet,d09a9a073c89b1243068aaa01cdff807de6b8e77c7d30db70f32adf82b6a7faa,4327448,13e47133,0,24,transpose,e36cce0ed9731be780c48c576be801e7f1faacad868fcb21551b40f5a801eddd,e5beec92c9992930f4d6b468db1806ee2f3b9224e13179af7d4e8bb5897148e0,INDEPENDENT_FAST_2_PER_GPU,FAST_PASS,fast2,,2,2,1679,1680,1679,1408,99.39347028918564,search_exhausted,,,13e47133,d024,13e47133:o0:d024:transpose,2,1790611285546585362,b6c8f82b38f8a3800072185b15e1f48c8660b8c8aaf4245c9dd0a64722c5f30c,f095d0c826f076c23e174948a83979dccf32eb00781060b5abb817c88c9df3cd
/workspace/arc2/active_runs/eval60_v5_vs_greedy_4worker_v1/raw/task_depth/13e47133/d024.parquet,d09a9a073c89b1243068aaa01cdff807de6b8e77c7d30db70f32adf82b6a7faa,4327448,13e47133,0,24,anti_transpose,e36cce0ed9731be780c48c576be801e7f1faacad868fcb21551b40f5a801eddd,e5beec92c9992930f4d6b468db1806ee2f3b9224e13179af7d4e8bb5897148e0,INDEPENDENT_FAST_2_PER_GPU,FAST_PASS,fast3,,2,2,1858,1859,1858,1551,112.75674786418676,search_exhausted,,,13e47133,d024,13e47133:o0:d024:anti_transpose,3,1790611285546585362,13621f8ba1dc42c72a117b9e18c934a05b61ec7689d208ca78401b270330fe85,0313c6272506201daa5720fbfa8dfe16b9d5b78c75461e5d3825954e381221f7
/workspace/arc2/active_runs/eval60_v5_vs_greedy_4worker_v1/raw/task_depth/13e47133/d024.parquet,d09a9a073c89b1243068aaa01cdff807de6b8e77c7d30db70f32adf82b6a7faa,4327448,13e47133,1,24,identity,e36cce0ed9731be780c48c576be801e7f1faacad868fcb21551b40f5a801eddd,e5beec92c9992930f4d6b468db1806ee2f3b9224e13179af7d4e8bb5897148e0,INDEPENDENT_FAST_2_PER_GPU,FAST_PASS,fast0,,2,2,1850,1851,1850,1277,107.5249934438616,search_exhausted,,,13e47133,d024,13e47133:o1:d024:identity,4,1790611285546585362,6fb84979a236548e02b1a901a73e1878f6bee28dfbb881d6ef2b7eabf3723bd7,6f5b6408b37a4bbfd201e4b9bf8d993a9155868e5e6238e73db921fa11794911
/workspace/arc2/active_runs/eval60_v5_vs_greedy_4worker_v1/raw/task_depth/13e47133/d024.parquet,d09a9a073c89b1243068aaa01cdff807de6b8e77c7d30db70f32adf82b6a7faa,4327448,13e47133,1,24,flip_ud,e36cce0ed9731be780c48c576be801e7f1faacad868fcb21551b40f5a801eddd,e5beec92c9992930f4d6b468db1806ee2f3b9224e13179af7d4e8bb5897148e0,INDEPENDENT_FAST_2_PER_GPU,FAST_PASS,fast2,,3,3,2523,2524,2523,2125,148.4664377309382,search_exhausted,,,13e47133,d024,13e47133:o1:d024:flip_ud,5,1790611285546585362,582008d9d4b9a08573a95429808c563493c7a9d444a4fe59a1f3cdd2fbb7943a,cfeaec9ef9f41ce1417e1e1a19725d5bf2785cb5bfd83110aac47dd474359557
/workspace/arc2/active_runs/eval60_v5_vs_greedy_4worker_v1/raw/task_depth/13e47133/d024.parquet,d09a9a073c89b1243068aaa01cdff807de6b8e77c7d30db70f32adf82b6a7faa,4327448,13e47133,1,24,transpose,e36cce0ed9731be780c48c576be801e7f1faacad868fcb21551b40f5a801eddd,e5beec92c9992930f4d6b468db1806ee2f3b9224e13179af7d4e8bb5897148e0,INDEPENDENT_FAST_2_PER_GPU,FAST_PASS,fast1,,2,2,1610,1611,1610,1276,94.35306388139725,search_exhausted,,,13e47133,d024,13e47133:o1:d024:transpose,6,1790611285546585362,efb98c894ee3596686c6be84a4d75eddbb020ffb5aacca4ad9bb5f4d781c40cf,e412aeef347ad9fe5258b4b65d6c9244b0116e4c39b0d00fbc078b084e4ec8a2
/workspace/arc2/active_runs/eval60_v5_vs_greedy_4worker_v1/raw/task_depth/13e47133/d024.parquet,d09a9a073c89b1243068aaa01cdff807de6b8e77c7d30db70f32adf82b6a7faa,4327448,13e47133,1,24,anti_transpose,e36cce0ed9731be780c48c576be801e7f1faacad868fcb21551b40f5a801eddd,e5beec92c9992930f4d6b468db1806ee2f3b9224e13179af7d4e8bb5897148e0,INDEPENDENT_FAST_2_PER_GPU,FAST_PASS,fast3,,2,2,1819,1820,1819,1198,109.1997424326837,search_exhausted,,,13e47133,d024,13e47133:o1:d024:anti_transpose,7,1790611285546585362,15289e2baafc6d2a4da0ae8bc409f50781dbcff48296f7f6dd0ad8c80b87e857,0f5c6ad2ada0a7bc8c48d13a9abec22e7761aea5f6ffb1b38b77f571378e6f7c
/workspace/arc2/active_runs/eval60_v5_vs_greedy_4worker_v1/raw/task_depth/13e47133/d048.parquet,398e5076b371c97c535e973f75742bf173765496d999a24fa2eb8d45c99b4407,5008435,13e47133,0,48,identity,a52e18a0d57732ff54bd72649177b34e56201516dc7649d007a8d93ec51120a9,e5beec92c9992930f4d6b468db1806ee2f3b9224e13179af7d4e8bb5897148e0,INDEPENDENT_FAST_2_PER_GPU,FAST_PASS,fast0,,3,3,2564,2565,2564,2052,148.99180160090327,search_exhausted,,,13e47133,d048,13e47133:o0:d048:identity,0,1790611290679155523,b4e4242f9461c20d5f9bb7de318d9961db7e712abc3edc4e47ec75860916ec6a,c3f27d0cde9bb4aa33622ae1f4c0f9829cdfea53bdbbc47bcceb00a4c6700f22
/workspace/arc2/active_runs/eval60_v5_vs_greedy_4worker_v1/raw/task_depth/13e47133/d048.parquet,398e5076b371c97c535e973f75742bf173765496d999a24fa2eb8d45c99b4407,5008435,13e47133,0,48,flip_ud,a52e18a0d57732ff54bd72649177b34e56201516dc7649d007a8d93ec51120a9,e5beec92c9992930f4d6b468db1806ee2f3b9224e13179af7d4e8bb5897148e0,INDEPENDENT_FAST_2_PER_GPU,FAST_PASS,fast1,,3,3,2445,2446,2445,2217,142.79341752640903,search_exhausted,,,13e47133,d048,13e47133:o0:d048:flip_ud,1,1790611290679155523,2794a22b60eb84201b5028d0063d34693c166d1f997dc31c932a1a2d3b5b22e8,53ae5da71eb7c2f9e0a611249ca2602af0b53c396afc77f1a60acd8077d99780
/workspace/arc2/active_runs/eval60_v5_vs_greedy_4worker_v1/raw/task_depth/13e47133/d048.parquet,398e5076b371c97c535e973f75742bf173765496d999a24fa2eb8d45c99b4407,5008435,13e47133,0,48,transpose,a52e18a0d57732ff54bd72649177b34e56201516dc7649d007a8d93ec51120a9,e5beec92c9992930f4d6b468db1806ee2f3b9224e13179af7d4e8bb5897148e0,INDEPENDENT_FAST_2_PER_GPU,FAST_PASS,fast2,,2,2,1634,1635,1634,1374,96.23777794279158,search_exhausted,,,13e47133,d048,13e47133:o0:d048:transpose,2,1790611290679155523,42f1825c92d983fe2b65182fcd8f348d771fa7eb9da1563d34cfdd4cb61f6617,e3a69b7017e11ffec33f4d68bbcf3f0996a106eb30aba14906804c864ef217ac
/workspace/arc2/active_runs/eval60_v5_vs_greedy_4worker_v1/raw/task_depth/13e47133/d048.parquet,398e5076b371c97c535e973f75742bf173765496d999a24fa2eb8d45c99b4407,5008435,13e47133,0,48,anti_transpose,a52e18a0d57732ff54bd72649177b34e56201516dc7649d007a8d93ec51120a9,e5beec92c9992930f4d6b468db1806ee2f3b9224e13179af7d4e8bb5897148e0,INDEPENDENT_FAST_2_PER_GPU,FAST_PASS,fast3,,2,2,1762,1763,1762,1554,105.96304097399116,search_exhausted,,,13e47133,d048,13e47133:o0:d048:anti_transpose,3,1790611290679155523,54a088939823018245a818c3939cfa48e5215e0adc6eb50e43b00c0ad23736ad,02a6aa62489df6e1cdc316c6ce74395df8667ee2743e994286a4284d11a031d1
/workspace/arc2/active_runs/eval60_v5_vs_greedy_4worker_v1/raw/task_depth/13e47133/d048.parquet,398e5076b371c97c535e973f75742bf173765496d999a24fa2eb8d45c99b4407,5008435,13e47133,1,48,identity,a52e18a0d57732ff54bd72649177b34e56201516dc7649d007a8d93ec51120a9,e5beec92c9992930f4d6b468db1806ee2f3b9224e13179af7d4e8bb5897148e0,INDEPENDENT_FAST_2_PER_GPU,FAST_PASS,fast2,,3,3,2204,2205,2204,1652,129.9057355094701,search_exhausted,,,13e47133,d048,13e47133:o1:d048:identity,4,1790611290679155523,1888023342b96c6eb9dca8dac98b350a2706066b59762333104f61d64db8417e,285a533c571a19dbae7439063733f2d551ca9197bd61e1ba9efb369d0fa546f4
/workspace/arc2/active_runs/eval60_v5_vs_greedy_4worker_v1/raw/task_depth/13e47133/d048.parquet,398e5076b371c97c535e973f75742bf173765496d999a24fa2eb8d45c99b4407,5008435,13e47133,1,48,flip_ud,a52e18a0d57732ff54bd72649177b34e56201516dc7649d007a8d93ec51120a9,e5beec92c9992930f4d6b468db1806ee2f3b9224e13179af7d4e8bb5897148e0,INDEPENDENT_FAST_2_PER_GPU,FAST_PASS,fast1,,2,2,1858,1859,1858,1225,107.8379856646061,search_exhausted,,,13e47133,d048,13e47133:o1:d048:flip_ud,5,1790611290679155523,6c3d702c2a2829d423576c65bad70c10581633ec23dbcc11af7b0bd52a59c582,9f33be55e2b2e93ceeb0211552a4aae2cbacf21269b2384d87afead1d6fab381
/workspace/arc2/active_runs/eval60_v5_vs_greedy_4worker_v1/raw/task_depth/13e47133/d048.parquet,398e5076b371c97c535e973f75742bf173765496d999a24fa2eb8d45c99b4407,5008435,13e47133,1,48,transpose,a52e18a0d57732ff54bd72649177b34e56201516dc7649d007a8d93ec51120a9,e5beec92c9992930f4d6b468db1806ee2f3b9224e13179af7d4e8bb5897148e0,INDEPENDENT_FAST_2_PER_GPU,FAST_PASS,fast0,,2,2,1529,1530,1529,924,89.6053801253438,search_exhausted,,,13e47133,d048,13e47133:o1:d048:transpose,6,1790611290679155523,37a88d03c272b001adffef3661d0633a64cd03e6641549e5b41038ed6229d037,19365305192db4abe014886d22a072be6156bc0d0215bcd41261bbb32855cd14
/workspace/arc2/active_runs/eval60_v5_vs_greedy_4worker_v1/raw/task_depth/13e47133/d048.parquet,398e5076b371c97c535e973f75742bf173765496d999a24fa2eb8d45c99b4407,5008435,13e47133,1,48,anti_transpose,a52e18a0d57732ff54bd72649177b34e56201516dc7649d007a8d93ec51120a9,e5beec92c9992930f4d6b468db1806ee2f3b9224e13179af7d4e8bb5897148e0,INDEPENDENT_FAST_2_PER_GPU,FAST_PASS,fast3,,3,3,2716,2717,2716,2267,163.67756407149136,search_exhausted,,,13e47133,d048,13e47133:o1:d048:anti_transpose,7,1790611290679155523,dc9fc965c58574cfe1971156dcc0d85810bcdd8c8fec07ec85a4245e8dd22986,dfd9770881d0ae6c797f0ec4929cc7544ba4bfeb04c5e5d012abad5cc189c5bc
/workspace/arc2/active_runs/eval60_v5_vs_greedy_4worker_v1/raw/task_depth/142ca369/d012.parquet,f0a2c081f15f5b65cf40f5fefa81b967357cb6db63aca10dc23e699b689f11f7,1374174,142ca369,0,12,identity,948324b048fca2ef569dc86198242b5ef9f41dcf96d3058384afb30417fa6113,e5beec92c9992930f4d6b468db1806ee2f3b9224e13179af7d4e8bb5897148e0,INDEPENDENT_FAST_2_PER_GPU,FAST_PASS,fast3,,2,2,642,643,642,547,37.991320092231035,search_exhausted,,,142ca369,d012,142ca369:o0:d012:identity,0,1790611292617850992,4e1f2cb3a34744a61977cdb6525a458e31a21ee24631af8bc555a93535fd1004,fe84e0fd52b2823ac2df670a973c6e82ad4f7566cdbb06ea508beab087f7b1b3
/workspace/arc2/active_runs/eval60_v5_vs_greedy_4worker_v1/raw/task_depth/142ca369/d012.parquet,f0a2c081f15f5b65cf40f5fefa81b967357cb6db63aca10dc23e699b689f11f7,1374174,142ca369,0,12,flip_ud,948324b048fca2ef569dc86198242b5ef9f41dcf96d3058384afb30417fa6113,e5beec92c9992930f4d6b468db1806ee2f3b9224e13179af7d4e8bb5897148e0,INDEPENDENT_FAST_2_PER_GPU,FAST_PASS,fast0,,1,1,341,342,341,112,20.743924506008625,search_exhausted,,,142ca369,d012,142ca369:o0:d012:flip_ud,1,1790611292617850992,698f5fd1843af685b72cf3450b7e83ce6a78dfefe485b84f8b4181c6e6eaedc9,df553db2732cb793504e96a55bb408ec37f5dd50707b3cd8b120b57ce0f20b4d
/workspace/arc2/active_runs/eval60_v5_vs_greedy_4worker_v1/raw/task_depth/142ca369/d012.parquet,f0a2c081f15f5b65cf40f5fefa81b967357cb6db63aca10dc23e699b689f11f7,1374174,142ca369,0,12,transpose,948324b048fca2ef569dc86198242b5ef9f41dcf96d3058384afb30417fa6113,e5beec92c9992930f4d6b468db1806ee2f3b9224e13179af7d4e8bb5897148e0,INDEPENDENT_SINGLE_PER_GPU_REPAIR,HEAVY_REPAIR,heavy0_serial,,2,2,673,674,673,550,39.8953548874706,search_exhausted,,,142ca369,d012,142ca369:o0:d012:transpose,2,1790611292617850992,8a9fa0d7b2307c4d819c3d6ad4bdb0f440016323783bb2d8fe5c74e1252f1e42,a11ee29e4ceacec21a37edff478dbe8af78b4f1284b92c33a1faff6545fa651a
/workspace/arc2/active_runs/eval60_v5_vs_greedy_4worker_v1/raw/task_depth/142ca369/d012.parquet,f0a2c081f15f5b65cf40f5fefa81b967357cb6db63aca10dc23e699b689f11f7,1374174,142ca369,0,12,anti_transpose,948324b048fca2ef569dc86198242b5ef9f41dcf96d3058384afb30417fa6113,e5beec92c9992930f4d6b468db1806ee2f3b9224e13179af7d4e8bb5897148e0,INDEPENDENT_FAST_2_PER_GPU,FAST_PASS,fast0,,2,2,633,634,633,522,37.512405721470714,search_exhausted,,,142ca369,d012,142ca369:o0:d012:anti_transpose,3,1790611292617850992,94eb81f0dbb5aac81c5d71053aeaad1e0bbc8659163861f8f63b835a8e77d638,a6be746d96352cc8c9673be5781e2a984d6946773487a75b0ec5c3fb775740ae
/workspace/arc2/active_runs/eval60_v5_vs_greedy_4worker_v1/raw/task_depth/142ca369/d012.parquet,f0a2c081f15f5b65cf40f5fefa81b967357cb6db63aca10dc23e699b689f11f7,1374174,142ca369,1,12,identity,948324b048fca2ef569dc86198242b5ef9f41dcf96d3058384afb30417fa6113,e5beec92c9992930f4d6b468db1806ee2f3b9224e13179af7d4e8bb5897148e0,INDEPENDENT_SINGLE_PER_GPU_REPAIR,HEAVY_REPAIR,heavy0_serial,,1,1,399,400,399,0,23.622440611943603,search_exhausted,,,142ca369,d012,142ca369:o1:d012:identity,4,1790611292617850992,e84dc238863ad50f0f89eeef6db882a1f06453fd29edb797002f43467eaa7458,0456863e547a460ba8a7e70a34bf8952c52f8ffeeff07407a3860a703aed9549
/workspace/arc2/active_runs/eval60_v5_vs_greedy_4worker_v1/raw/task_depth/142ca369/d012.parquet,f0a2c081f15f5b65cf40f5fefa81b967357cb6db63aca10dc23e699b689f11f7,1374174,142ca369,1,12,flip_ud,948324b048fca2ef569dc86198242b5ef9f41dcf96d3058384afb30417fa6113,e5beec92c9992930f4d6b468db1806ee2f3b9224e13179af7d4e8bb5897148e0,INDEPENDENT_FAST_2_PER_GPU,FAST_PASS,fast3,,2,2,795,796,795,422,46.4538584407419,search_exhausted,,,142ca369,d012,142ca369:o1:d012:flip_ud,5,1790611292617850992,4e8b8f5121d5c7751e5413347ac4ea2d776e1f930b10288dcd39e80f376b2ffe,d5724f21f6561682caec4d3d9773101c9df58dfc786ddc11e397b1bde15fee63
/workspace/arc2/active_runs/eval60_v5_vs_greedy_4worker_v1/raw/task_depth/142ca369/d012.parquet,f0a2c081f15f5b65cf40f5fefa81b967357cb6db63aca10dc23e699b689f11f7,1374174,142ca369,1,12,transpose,948324b048fca2ef569dc86198242b5ef9f41dcf96d3058384afb30417fa6113,e5beec92c9992930f4d6b468db1806ee2f3b9224e13179af7d4e8bb5897148e0,INDEPENDENT_FAST_2_PER_GPU,FAST_PASS,fast0,,1,1,398,399,398,0,23.70886431261897,search_exhausted,,,142ca369,d012,142ca369:o1:d012:transpose,6,1790611292617850992,193b605e99b912ec8af4d8cc2260cb214d8b69f94bfb8144592cbf27b7e9b2d6,2e40bccd82c26ecb097b7bae89b9b19eafacc2836e790999c9deca05845e90d8
/workspace/arc2/active_runs/eval60_v5_vs_greedy_4worker_v1/raw/task_depth/142ca369/d012.parquet,f0a2c081f15f5b65cf40f5fefa81b967357cb6db63aca10dc23e699b689f11f7,1374174,142ca369,1,12,anti_transpose,948324b048fca2ef569dc86198242b5ef9f41dcf96d3058384afb30417fa6113,e5beec92c9992930f4d6b468db1806ee2f3b9224e13179af7d4e8bb5897148e0,INDEPENDENT_SINGLE_PER_GPU_REPAIR,HEAVY_REPAIR,heavy0_serial,,1,1,398,399,398,0,23.560901699587703,search_exhausted,,,142ca369,d012,142ca369:o1:d012:anti_transpose,7,1790611292617850992,ff8e98eebaa866e27a9658036a4deed4fc8c1f6f8e93c3b1625bd18c0a1b61d2,89b82e725dac55c2c99407a64cf58cb3fa86539b01efe292177b8ba0b597b4b4
/workspace/arc2/active_runs/eval60_v5_vs_greedy_4worker_v1/raw/task_depth/142ca369/d024.parquet,1ccd13c6020d6195ca6b36f28ba585a06174c83ea1632a7ee2741c87cb460973,949329,142ca369,0,24,identity,feb8534fc366d7c880e4b4d7bcd26caa6af3989c1588e20a7987e629524b7544,e5beec92c9992930f4d6b468db1806ee2f3b9224e13179af7d4e8bb5897148e0,INDEPENDENT_FAST_2_PER_GPU,FAST_PASS,fast0,,2,2,642,643,642,448,38.38210790976882,search_exhausted,,,142ca369,d024,142ca369:o0:d024:identity,0,1790611294169464231,6edf4a2730ac76d621d779fe147580197d8e49b914d71bec82989964adbbfead,f49a1220271668118ad5851dbf55874c794fa3da84249e84a71088c3d8171d62
/workspace/arc2/active_runs/eval60_v5_vs_greedy_4worker_v1/raw/task_depth/142ca369/d024.parquet,1ccd13c6020d6195ca6b36f28ba585a06174c83ea1632a7ee2741c87cb460973,949329,142ca369,0,24,flip_ud,feb8534fc366d7c880e4b4d7bcd26caa6af3989c1588e20a7987e629524b7544,e5beec92c9992930f4d6b468db1806ee2f3b9224e13179af7d4e8bb5897148e0,INDEPENDENT_FAST_2_PER_GPU,FAST_PASS,fast3,,1,1,341,342,341,328,20.14528758265078,search_exhausted,,,142ca369,d024,142ca369:o0:d024:flip_ud,1,1790611294169464231,969fa1b8584abad51f4614aff89ef9a3ca760ec8b037d3314d8e8b1dee5782a8,eb92947fc256234e10fe32ca0d296847b8a8056f3d6dfaed59b4139752bf4500
/workspace/arc2/active_runs/eval60_v5_vs_greedy_4worker_v1/raw/task_depth/142ca369/d024.parquet,1ccd13c6020d6195ca6b36f28ba585a06174c83ea1632a7ee2741c87cb460973,949329,142ca369,0,24,transpose,feb8534fc366d7c880e4b4d7bcd26caa6af3989c1588e20a7987e629524b7544,e5beec92c9992930f4d6b468db1806ee2f3b9224e13179af7d4e8bb5897148e0,INDEPENDENT_SINGLE_PER_GPU_REPAIR,HEAVY_REPAIR,heavy0_serial,,1,1,341,342,341,0,20.622021401301026,search_exhausted,,,142ca369,d024,142ca369:o0:d024:transpose,2,1790611294169464231,467d002315ba9f7d0e77481e9545c53efb7273a60e0160e63065c7d4a2a35f39,71d8c8002984a771a25fd59908afe03415f32607e8620edeecdd601fc5818783
/workspace/arc2/active_runs/eval60_v5_vs_greedy_4worker_v1/raw/task_depth/142ca369/d024.parquet,1ccd13c6020d6195ca6b36f28ba585a06174c83ea1632a7ee2741c87cb460973,949329,142ca369,0,24,anti_transpose,feb8534fc366d7c880e4b4d7bcd26caa6af3989c1588e20a7987e629524b7544,e5beec92c9992930f4d6b468db1806ee2f3b9224e13179af7d4e8bb5897148e0,INDEPENDENT_FAST_2_PER_GPU,FAST_PASS,fast3,,1,1,341,342,341,0,20.102131739258766,search_exhausted,,,142ca369,d024,142ca369:o0:d024:anti_transpose,3,1790611294169464231,522aa876950cdd3e386b3b1aae731d068a69610223d191ab554ac3880c9daee9,c3a81e3b5616221af2686c1a76d52ec516904261608bf399e54659615c8df9a2
/workspace/arc2/active_runs/eval60_v5_vs_greedy_4worker_v1/raw/task_depth/142ca369/d024.parquet,1ccd13c6020d6195ca6b36f28ba585a06174c83ea1632a7ee2741c87cb460973,949329,142ca369,1,24,identity,feb8534fc366d7c880e4b4d7bcd26caa6af3989c1588e20a7987e629524b7544,e5beec92c9992930f4d6b468db1806ee2f3b9224e13179af7d4e8bb5897148e0,INDEPENDENT_SINGLE_PER_GPU_REPAIR,HEAVY_REPAIR,heavy0_serial,,2,2,531,532,531,0,31.28381168283522,search_exhausted,,,142ca369,d024,142ca369:o1:d024:identity,4,1790611294169464231,85d35e1f09d7485601f92590b90d33a1da785eae432ee49b38492b3e25978311,bd9f516935c1c4e83bf8e8211da90686a9423fbe9b91aa70a39930db9bacb59e
/workspace/arc2/active_runs/eval60_v5_vs_greedy_4worker_v1/raw/task_depth/142ca369/d024.parquet,1ccd13c6020d6195ca6b36f28ba585a06174c83ea1632a7ee2741c87cb460973,949329,142ca369,1,24,flip_ud,feb8534fc366d7c880e4b4d7bcd26caa6af3989c1588e20a7987e629524b7544,e5beec92c9992930f4d6b468db1806ee2f3b9224e13179af7d4e8bb5897148e0,INDEPENDENT_FAST_2_PER_GPU,FAST_PASS,fast0,,1,1,399,400,399,0,23.824737828224897,search_exhausted,,,142ca369,d024,142ca369:o1:d024:flip_ud,5,1790611294169464231,7a920f2c585b63d1b59ae323406f8d26667b4f790a4eb891ee9f047d26a0782a,79b686830a4ff22694f553b7e061ddcf0e7bfc7070d8b0aa686ea02e110975d5
/workspace/arc2/active_runs/eval60_v5_vs_greedy_4worker_v1/raw/task_depth/142ca369/d024.parquet,1ccd13c6020d6195ca6b36f28ba585a06174c83ea1632a7ee2741c87cb460973,949329,142ca369,1,24,transpose,feb8534fc366d7c880e4b4d7bcd26caa6af3989c1588e20a7987e629524b7544,e5beec92c9992930f4d6b468db1806ee2f3b9224e13179af7d4e8bb5897148e0,INDEPENDENT_FAST_2_PER_GPU,FAST_PASS,fast3,,2,2,533,534,533,0,31.106979373842478,search_exhausted,,,142ca369,d024,142ca369:o1:d024:transpose,6,1790611294169464231,d324ba5eb9f938b03e7ef130d423a680715e382de27087ee1d5779e2a8bb26ab,edfde5e731bbb8c5e1820ef1de26ec93b2d2ce8eae3946fa0b95d547541f8992
/workspace/arc2/active_runs/eval60_v5_vs_greedy_4worker_v1/raw/task_depth/142ca369/d024.parquet,1ccd13c6020d6195ca6b36f28ba585a06174c83ea1632a7ee2741c87cb460973,949329,142ca369,1,24,anti_transpose,feb8534fc366d7c880e4b4d7bcd26caa6af3989c1588e20a7987e629524b7544,e5beec92c9992930f4d6b468db1806ee2f3b9224e13179af7d4e8bb5897148e0,INDEPENDENT_SINGLE_PER_GPU_REPAIR,HEAVY_REPAIR,heavy0_serial,,1,1,398,399,398,0,23.544562621042132,search_exhausted,,,142ca369,d024,142ca369:o1:d024:anti_transpose,7,1790611294169464231,581f7c7a219341bf9815496b8b55e3992a217eae062ee4f05df3f7004df7b60e,981f25b0cd1aa880e61bd00335decd5117877ba453108025fef69edba0503ae6
/workspace/arc2/active_runs/eval60_v5_vs_greedy_4worker_v1/raw/task_depth/142ca369/d048.parquet,114a45ed388051244e378263fcc433be2cd3614d339a0d73f97c832f5fd2ce28,986333,142ca369,0,48,identity,9f676a525440e6b2a4ddb1d1efa97e4a270873925f58dc5dd99a2c65dc37bdeb,e5beec92c9992930f4d6b468db1806ee2f3b9224e13179af7d4e8bb5897148e0,INDEPENDENT_FAST_2_PER_GPU,FAST_PASS,fast0,,2,2,640,641,640,293,38.20039943791926,search_exhausted,,,142ca369,d048,142ca369:o0:d048:identity,0,1790611295816783684,582319b7091db574a49e0a3d3652891d72bdadb4b014939f8a4db76ca8985143,8c3c6bfb0f05705ac81688695129af7326a5ed418fe49d30ca2e355cf66f078e
/workspace/arc2/active_runs/eval60_v5_vs_greedy_4worker_v1/raw/task_depth/142ca369/d048.parquet,114a45ed388051244e378263fcc433be2cd3614d339a0d73f97c832f5fd2ce28,986333,142ca369,0,48,flip_ud,9f676a525440e6b2a4ddb1d1efa97e4a270873925f58dc5dd99a2c65dc37bdeb,e5beec92c9992930f4d6b468db1806ee2f3b9224e13179af7d4e8bb5897148e0,INDEPENDENT_FAST_2_PER_GPU,FAST_PASS,fast3,,1,1,341,342,341,0,20.39652812667191,search_exhausted,,,142ca369,d048,142ca369:o0:d048:flip_ud,1,1790611295816783684,cb35f4d0f10870c18280a5f1b60fa20ab9295b2eba8497591599ef07361353f0,126e26d174e1655159634c82e71fce9831b3f1608882261bece47f70a0c93a85
/workspace/arc2/active_runs/eval60_v5_vs_greedy_4worker_v1/raw/task_depth/142ca369/d048.parquet,114a45ed388051244e378263fcc433be2cd3614d339a0d73f97c832f5fd2ce28,986333,142ca369,0,48,transpose,9f676a525440e6b2a4ddb1d1efa97e4a270873925f58dc5dd99a2c65dc37bdeb,e5beec92c9992930f4d6b468db1806ee2f3b9224e13179af7d4e8bb5897148e0,INDEPENDENT_SINGLE_PER_GPU_REPAIR,HEAVY_REPAIR,heavy0_serial,,2,2,642,643,642,262,38.095270812511444,search_exhausted,,,142ca369,d048,142ca369:o0:d048:transpose,2,1790611295816783684,a6fda5b08c56c2d9a28dcfd42bf5391217cb40a7ec679e1af525780fbde04023,3f975b7196a104c75c82b7380c0dbe77d73f4e2194d513043c219165f70924fc
/workspace/arc2/active_runs/eval60_v5_vs_greedy_4worker_v1/raw/task_depth/142ca369/d048.parquet,114a45ed388051244e378263fcc433be2cd3614d339a0d73f97c832f5fd2ce28,986333,142ca369,0,48,anti_transpose,9f676a525440e6b2a4ddb1d1efa97e4a270873925f58dc5dd99a2c65dc37bdeb,e5beec92c9992930f4d6b468db1806ee2f3b9224e13179af7d4e8bb5897148e0,INDEPENDENT_FAST_2_PER_GPU,FAST_PASS,fast3,,1,1,341,342,341,0,20.064800078049302,search_exhausted,,,142ca369,d048,142ca369:o0:d048:anti_transpose,3,1790611295816783684,6ae5c4fd9cc5d6f2749d280fadafe57b9beb16dac4cac7dfa7db270e1e8fb176,e06985a828d1953e0a178dae71713e94b41b445230653444a5e75ab3f35c00b8
/workspace/arc2/active_runs/eval60_v5_vs_greedy_4worker_v1/raw/task_depth/142ca369/d048.parquet,114a45ed388051244e378263fcc433be2cd3614d339a0d73f97c832f5fd2ce28,986333,142ca369,1,48,identity,9f676a525440e6b2a4ddb1d1efa97e4a270873925f58dc5dd99a2c65dc37bdeb,e5beec92c9992930f4d6b468db1806ee2f3b9224e13179af7d4e8bb5897148e0,INDEPENDENT_SINGLE_PER_GPU_REPAIR,HEAVY_REPAIR,heavy0_serial,,2,2,626,627,626,0,36.85272694379091,search_exhausted,,,142ca369,d048,142ca369:o1:d048:identity,4,1790611295816783684,f1c33ed13c4f0a652d8eae255111846df8b43930ca4c67601ed0c38d8a65c4a9,619a71089fbda76631f4b7ed664169edbbe6bda64215cd537242310e5139b9a9
/workspace/arc2/active_runs/eval60_v5_vs_greedy_4worker_v1/raw/task_depth/142ca369/d048.parquet,114a45ed388051244e378263fcc433be2cd3614d339a0d73f97c832f5fd2ce28,986333,142ca369,1,48,flip_ud,9f676a525440e6b2a4ddb1d1efa97e4a270873925f58dc5dd99a2c65dc37bdeb,e5beec92c9992930f4d6b468db1806ee2f3b9224e13179af7d4e8bb5897148e0,INDEPENDENT_FAST_2_PER_GPU,FAST_PASS,fast0,,1,1,399,400,399,0,23.733856469392776,search_exhausted,,,142ca369,d048,142ca369:o1:d048:flip_ud,5,1790611295816783684,3f6ba3801a7d6096064b6e6e35936a14d73454c69c8bfb58256753ad1bdf01b5,ae70046a683ab4b3f509887195cda909b8a90c3cc760e55e3a794f53dc77aed4
/workspace/arc2/active_runs/eval60_v5_vs_greedy_4worker_v1/raw/task_depth/142ca369/d048.parquet,114a45ed388051244e378263fcc433be2cd3614d339a0d73f97c832f5fd2ce28,986333,142ca369,1,48,transpose,9f676a525440e6b2a4ddb1d1efa97e4a270873925f58dc5dd99a2c65dc37bdeb,e5beec92c9992930f4d6b468db1806ee2f3b9224e13179af7d4e8bb5897148e0,INDEPENDENT_FAST_2_PER_GPU,FAST_PASS,fast3,,2,2,533,534,533,0,31.082782777026296,search_exhausted,,,142ca369,d048,142ca369:o1:d048:transpose,6,1790611295816783684,c87c2fd35bd30fd3c1c4504bf258653871b483a6476eabe002c8c24a5bdab7be,ec9b11176753d577feaaeeb98b9e462de8f48cf3cbc6c79fe202c4488bc82e9f
/workspace/arc2/active_runs/eval60_v5_vs_greedy_4worker_v1/raw/task_depth/142ca369/d048.parquet,114a45ed388051244e378263fcc433be2cd3614d339a0d73f97c832f5fd2ce28,986333,142ca369,1,48,anti_transpose,9f676a525440e6b2a4ddb1d1efa97e4a270873925f58dc5dd99a2c65dc37bdeb,e5beec92c9992930f4d6b468db1806ee2f3b9224e13179af7d4e8bb5897148e0,INDEPENDENT_SINGLE_PER_GPU_REPAIR,HEAVY_REPAIR,heavy0_serial,,1,1,398,399,398,0,23.85745640657842,search_exhausted,,,142ca369,d048,142ca369:o1:d048:anti_transpose,7,1790611295816783684,9624686098a48b6e19ad18c2cea2c3d6b5f5269e37d2ed259f07deef1c9e43b2,8aa2a29ddc902b2925f81ddb318ad849b48e144ff31a35d74795a6d227d24e3b
/workspace/arc2/active_runs/eval60_v5_vs_greedy_4worker_v1/raw/task_depth/16b78196/d012.parquet,9e8b2fcd083987b9cbe1b8ecc461ef72bae5e25b3cd8fb841ae1d5f6c3ad0d9e,1143432,16b78196,0,12,identity,2732da5758b19390d851871795ee91388a4593f7ff917693e56f3103f612095b,e5beec92c9992930f4d6b468db1806ee2f3b9224e13179af7d4e8bb5897148e0,,UNKNOWN,fast0,,1,1,929,930,929,0,27.608531730249524,search_exhausted,,,16b78196,d012,16b78196:o0:d012:identity,0,1790611297539862497,71b7c16f8c346f7ac8bf0e5d201af3cab05d7e1d9dc2c1f5a9560b7a964b8a7b,51f1a252df3f146d6f9ec7321b26f778ca901f72783608dad27ebfa1d5a40f08
/workspace/arc2/active_runs/eval60_v5_vs_greedy_4worker_v1/raw/task_depth/16b78196/d012.parquet,9e8b2fcd083987b9cbe1b8ecc461ef72bae5e25b3cd8fb841ae1d5f6c3ad0d9e,1143432,16b78196,0,12,flip_ud,2732da5758b19390d851871795ee91388a4593f7ff917693e56f3103f612095b,e5beec92c9992930f4d6b468db1806ee2f3b9224e13179af7d4e8bb5897148e0,,UNKNOWN,fast0,,1,1,929,930,929,108,27.608531730249524,search_exhausted,,,16b78196,d012,16b78196:o0:d012:flip_ud,1,1790611297539862497,791b23233403534599e262855acf456a53226c55de916842ea6e3031a6f408fc,6a948ab646dedf3a9ad78e56054a13f06b790c9d65726230c600c1b82a2ecd37
/workspace/arc2/active_runs/eval60_v5_vs_greedy_4worker_v1/raw/task_depth/16b78196/d012.parquet,9e8b2fcd083987b9cbe1b8ecc461ef72bae5e25b3cd8fb841ae1d5f6c3ad0d9e,1143432,16b78196,0,12,transpose,2732da5758b19390d851871795ee91388a4593f7ff917693e56f3103f612095b,e5beec92c9992930f4d6b468db1806ee2f3b9224e13179af7d4e8bb5897148e0,,UNKNOWN,fast2,,1,1,929,930,929,424,27.649869199842215,search_exhausted,,,16b78196,d012,16b78196:o0:d012:transpose,2,1790611297539862497,b354f5594a7be7d4bdacc7efc597cbc98bc970a76af7be948947321f9f7d9ba2,df9e842484d127e854c64883809c2369ee2e1239ed5f9bf839984eb5e6a36185
/workspace/arc2/active_runs/eval60_v5_vs_greedy_4worker_v1/raw/task_depth/16b78196/d012.parquet,9e8b2fcd083987b9cbe1b8ecc461ef72bae5e25b3cd8fb841ae1d5f6c3ad0d9e,1143432,16b78196,0,12,anti_transpose,2732da5758b19390d851871795ee91388a4593f7ff917693e56f3103f612095b,e5beec92c9992930f4d6b468db1806ee2f3b9224e13179af7d4e8bb5897148e0,,UNKNOWN,fast2,,1,1,929,930,929,115,27.649869199842215,search_exhausted,,,16b78196,d012,16b78196:o0:d012:anti_transpose,3,1790611297539862497,d186e1c0a1f027c8bc49d669e823e1fa454b45174606c923884839f1e8627efb,61d1caa97b97f47fe06d314ce429bfa5b71d4ab030cfddbba0dfa48c3f0e6c38
/workspace/arc2/active_runs/eval60_v5_vs_greedy_4worker_v1/raw/task_depth/16b78196/d024.parquet,d70901a9c30022260cb64b28afa5f4a06bbd7c5f11765296d129ca2d4d5c9a28,1159968,16b78196,0,24,identity,b060191a5c122f04b72aa05ce25e70937ed9b26ca782353ba6d97e2fa5d8cc06,e5beec92c9992930f4d6b468db1806ee2f3b9224e13179af7d4e8bb5897148e0,,UNKNOWN,fast0,,1,1,929,930,929,260,27.544567079283297,search_exhausted,,,16b78196,d024,16b78196:o0:d024:identity,0,1790611298677839218,df646b9c564d5de94bc1c2dd6ca3d85c157538782d3c591df5a63a5ba0b6f071,c1578c404aa73700c273c9d9cc9b52db79672a8ad8479d580f50d863ed294563
/workspace/arc2/active_runs/eval60_v5_vs_greedy_4worker_v1/raw/task_depth/16b78196/d024.parquet,d70901a9c30022260cb64b28afa5f4a06bbd7c5f11765296d129ca2d4d5c9a28,1159968,16b78196,0,24,flip_ud,b060191a5c122f04b72aa05ce25e70937ed9b26ca782353ba6d97e2fa5d8cc06,e5beec92c9992930f4d6b468db1806ee2f3b9224e13179af7d4e8bb5897148e0,,UNKNOWN,fast0,,1,1,929,930,929,288,27.544567079283297,search_exhausted,,,16b78196,d024,16b78196:o0:d024:flip_ud,1,1790611298677839218,277748e3b067bd925f7c0dbc6ba4e79fa5feec7c3fc7be6943b5cc0b98b0c308,0f187c09757771d19b361b9bf1dc9a4995b9818519fdf779c1c34ace6290c2f3
/workspace/arc2/active_runs/eval60_v5_vs_greedy_4worker_v1/raw/task_depth/16b78196/d024.parquet,d70901a9c30022260cb64b28afa5f4a06bbd7c5f11765296d129ca2d4d5c9a28,1159968,16b78196,0,24,transpose,b060191a5c122f04b72aa05ce25e70937ed9b26ca782353ba6d97e2fa5d8cc06,e5beec92c9992930f4d6b468db1806ee2f3b9224e13179af7d4e8bb5897148e0,,UNKNOWN,fast2,,1,1,929,930,929,664,27.45309845544398,search_exhausted,,,16b78196,d024,16b78196:o0:d024:transpose,2,1790611298677839218,2c4cb600bac01fc4f35df48f18803ca0545ca6c89abf58409d9d656e260bbbba,8e952ec9de38082bee3d331512358b8d4c0c9c5815de69697c945bf0c9b483fc
/workspace/arc2/active_runs/eval60_v5_vs_greedy_4worker_v1/raw/task_depth/16b78196/d024.parquet,d70901a9c30022260cb64b28afa5f4a06bbd7c5f11765296d129ca2d4d5c9a28,1159968,16b78196,0,24,anti_transpose,b060191a5c122f04b72aa05ce25e70937ed9b26ca782353ba6d97e2fa5d8cc06,e5beec92c9992930f4d6b468db1806ee2f3b9224e13179af7d4e8bb5897148e0,,UNKNOWN,fast2,,1,1,929,930,929,295,27.45309845544398,search_exhausted,,,16b78196,d024,16b78196:o0:d024:anti_transpose,3,1790611298677839218,0357640bbb0a7b1806cc4acb51c4dd45be6f057e2a9eea2d44a9179c5433b931,8470a6d0e056efa555ab6741bd03de4f4af317af1fe2beaf3687a3e634c960ac
/workspace/arc2/active_runs/eval60_v5_vs_greedy_4worker_v1/raw/task_depth/16b78196/d048.parquet,03b9a122ed0b25f12f710b24e031d7d9316fd20846ef1d1a1d0d48d5c83784e7,2071716,16b78196,0,48,identity,2f860718125d73beda30a430eef286ca3bb525b214f2bbfe064041db23009e4a,e5beec92c9992930f4d6b468db1806ee2f3b9224e13179af7d4e8bb5897148e0,,UNKNOWN,fast2,,4,4,2534,2536,2534,1690,73.40293273329735,search_exhausted,,,16b78196,d048,16b78196:o0:d048:identity,0,1790611300653828789,82d0b5656cd35f7f479e38358fe2df52cd598d9e7bc2faf4a096ae233b480b81,861f5748feda47450118952006563a7274b0dd7c68f862d88a84a74012407988
/workspace/arc2/active_runs/eval60_v5_vs_greedy_4worker_v1/raw/task_depth/16b78196/d048.parquet,03b9a122ed0b25f12f710b24e031d7d9316fd20846ef1d1a1d0d48d5c83784e7,2071716,16b78196,0,48,flip_ud,2f860718125d73beda30a430eef286ca3bb525b214f2bbfe064041db23009e4a,e5beec92c9992930f4d6b468db1806ee2f3b9224e13179af7d4e8bb5897148e0,,UNKNOWN,fast2,,4,4,2533,2536,2533,1523,73.40293273329735,search_exhausted,,,16b78196,d048,16b78196:o0:d048:flip_ud,1,1790611300653828789,05c5f28d1eabe79ae0748f2f4bcee90826c16405ceccd59309a7fd4e795f6643,838c9f69ae7a500b74d9f74731eb33bb19d04e6627729dbf7c5eb65f4bfcc6d0
/workspace/arc2/active_runs/eval60_v5_vs_greedy_4worker_v1/raw/task_depth/16b78196/d048.parquet,03b9a122ed0b25f12f710b24e031d7d9316fd20846ef1d1a1d0d48d5c83784e7,2071716,16b78196,0,48,transpose,2f860718125d73beda30a430eef286ca3bb525b214f2bbfe064041db23009e4a,e5beec92c9992930f4d6b468db1806ee2f3b9224e13179af7d4e8bb5897148e0,,UNKNOWN,fast0,,1,1,929,930,929,447,27.104465153999627,search_exhausted,,,16b78196,d048,16b78196:o0:d048:transpose,2,1790611300653828789,45447882e52e76e93e2c4a75bb1ab41174bc29e02d49d7aae1faecb81e9734b2,7b42bc0d486a897f296c29049b6e14f08232f09b7a3df9c2bd3199a1a94a4ebe
/workspace/arc2/active_runs/eval60_v5_vs_greedy_4worker_v1/raw/task_depth/16b78196/d048.parquet,03b9a122ed0b25f12f710b24e031d7d9316fd20846ef1d1a1d0d48d5c83784e7,2071716,16b78196,0,48,anti_transpose,2f860718125d73beda30a430eef286ca3bb525b214f2bbfe064041db23009e4a,e5beec92c9992930f4d6b468db1806ee2f3b9224e13179af7d4e8bb5897148e0,,UNKNOWN,fast0,,1,1,929,930,929,295,27.104465153999627,search_exhausted,,,16b78196,d048,16b78196:o0:d048:anti_transpose,3,1790611300653828789,ee7f8af8be902af60738f16d69b4fffacc41a982c421bca6bd9791d9e058b37e,b2b4bd8fe7cf13155b14a6672e62c2ddb97fb7585250f2f844c29169668bb79a
/workspace/arc2/active_runs/eval60_v5_vs_greedy_4worker_v1/raw/task_depth/16de56c4/d012.parquet,57a9fe0d5b2a1271b00be33ddb53b20d43889be44083130fe1b3c17b9f605309,1129097,16de56c4,0,12,identity,0672adc5dee92b469ce425bd0ec3e2492f3292cf83f69f98cbcc7e5c37ab6234,e5beec92c9992930f4d6b468db1806ee2f3b9224e13179af7d4e8bb5897148e0,INDEPENDENT_FAST_2_PER_GPU,FAST_PASS,fast2,,2,2,361,362,361,296,21.67105625383556,search_exhausted,,,16de56c4,d012,16de56c4:o0:d012:identity,0,1790611302241425522,c00e85be412e64c964bc5aede0843334e9b7c0ba254a8f20638d5b81513a2956,440a5581b521ff935d5f65f891eeea667cdb94b9f130dcebb7237e6bbea2a3bd
/workspace/arc2/active_runs/eval60_v5_vs_greedy_4worker_v1/raw/task_depth/16de56c4/d012.parquet,57a9fe0d5b2a1271b00be33ddb53b20d43889be44083130fe1b3c17b9f605309,1129097,16de56c4,0,12,flip_ud,0672adc5dee92b469ce425bd0ec3e2492f3292cf83f69f98cbcc7e5c37ab6234,e5beec92c9992930f4d6b468db1806ee2f3b9224e13179af7d4e8bb5897148e0,INDEPENDENT_FAST_2_PER_GPU,FAST_PASS,fast0,,2,2,385,386,385,297,23.83196860924363,search_exhausted,,,16de56c4,d012,16de56c4:o0:d012:flip_ud,1,1790611302241425522,99a15fa258a0716e31b0b6bcba91d4734522f6e41918b83f9c74ce5e153d655c,a06ea733ba6787640a90e83ebc461dc4f036709a88c7f54c67c20834d5ff7667
/workspace/arc2/active_runs/eval60_v5_vs_greedy_4worker_v1/raw/task_depth/16de56c4/d012.parquet,57a9fe0d5b2a1271b00be33ddb53b20d43889be44083130fe1b3c17b9f605309,1129097,16de56c4,0,12,transpose,0672adc5dee92b469ce425bd0ec3e2492f3292cf83f69f98cbcc7e5c37ab6234,e5beec92c9992930f4d6b468db1806ee2f3b9224e13179af7d4e8bb5897148e0,INDEPENDENT_FAST_2_PER_GPU,FAST_PASS,fast2,,2,2,416,417,416,397,24.568291403353214,search_exhausted,,,16de56c4,d012,16de56c4:o0:d012:transpose,2,1790611302241425522,da202ed91aaca6be1d335531afb9b52c235e0e89f3043b00fb97aa2dca359a42,9f679ecbe60ef369b8e938ba064ae0e2effd0c4f1aa59a0f5c224e569d214f66
/workspace/arc2/active_runs/eval60_v5_vs_greedy_4worker_v1/raw/task_depth/16de56c4/d012.parquet,57a9fe0d5b2a1271b00be33ddb53b20d43889be44083130fe1b3c17b9f605309,1129097,16de56c4,0,12,anti_transpose,0672adc5dee92b469ce425bd0ec3e2492f3292cf83f69f98cbcc7e5c37ab6234,e5beec92c9992930f4d6b468db1806ee2f3b9224e13179af7d4e8bb5897148e0,INDEPENDENT_FAST_2_PER_GPU,FAST_PASS,fast3,,1,1,209,210,209,170,12.841620285063982,search_exhausted,,,16de56c4,d012,16de56c4:o0:d012:anti_transpose,3,1790611302241425522,23c14b05c10f0c5ac78838a56c4f8eaee248c916e969ca2ddc1087e6b6fc8708,0493bb3f82855f48dc49cef214bb00fd519ab742e4ccc681faed4daeaeedd7e2
/workspace/arc2/active_runs/eval60_v5_vs_greedy_4worker_v1/raw/task_depth/16de56c4/d012.parquet,57a9fe0d5b2a1271b00be33ddb53b20d43889be44083130fe1b3c17b9f605309,1129097,16de56c4,1,12,identity,0672adc5dee92b469ce425bd0ec3e2492f3292cf83f69f98cbcc7e5c37ab6234,e5beec92c9992930f4d6b468db1806ee2f3b9224e13179af7d4e8bb5897148e0,INDEPENDENT_FAST_2_PER_GPU,FAST_PASS,fast0,,3,3,586,587,586,576,37.176082883030176,search_exhausted,,,16de56c4,d012,16de56c4:o1:d012:identity,4,1790611302241425522,391f13f4eed313ff2a475673097f2210564f4c44c811fcf0fb8d936fcd397ac4,5fcd1239629823fb6f4dc35824394e652eb9fb00d2300a60bc4e41abd750dbb9
/workspace/arc2/active_runs/eval60_v5_vs_greedy_4worker_v1/raw/task_depth/16de56c4/d012.parquet,57a9fe0d5b2a1271b00be33ddb53b20d43889be44083130fe1b3c17b9f605309,1129097,16de56c4,1,12,flip_ud,0672adc5dee92b469ce425bd0ec3e2492f3292cf83f69f98cbcc7e5c37ab6234,e5beec92c9992930f4d6b468db1806ee2f3b9224e13179af7d4e8bb5897148e0,INDEPENDENT_FAST_2_PER_GPU,FAST_PASS,fast3,,2,2,393,394,393,381,23.260430332273245,search_exhausted,,,16de56c4,d012,16de56c4:o1:d012:flip_ud,5,1790611302241425522,3c891575b903f0620d915dfedc7dc7a7c207d979d022299337de9d4d4daa9f39,c84821622d1618ac00bb2dc21b26ab0f3e7a2ad94ab5b27a77a87f3c7dff1b30
/workspace/arc2/active_runs/eval60_v5_vs_greedy_4worker_v1/raw/task_depth/16de56c4/d012.parquet,57a9fe0d5b2a1271b00be33ddb53b20d43889be44083130fe1b3c17b9f605309,1129097,16de56c4,1,12,transpose,0672adc5dee92b469ce425bd0ec3e2492f3292cf83f69f98cbcc7e5c37ab6234,e5beec92c9992930f4d6b468db1806ee2f3b9224e13179af7d4e8bb5897148e0,INDEPENDENT_FAST_2_PER_GPU,FAST_PASS,fast2,,2,2,408,409,408,388,23.75216342508793,search_exhausted,,,16de56c4,d012,16de56c4:o1:d012:transpose,6,1790611302241425522,138c7670f5df2128cd77fd958444fba0961cf83a323729b49cb83173630267a2,6bdcf450b3b6a642cae77e630d3d1aea020e7c8109f8156795f31a0024a67f26
/workspace/arc2/active_runs/eval60_v5_vs_greedy_4worker_v1/raw/task_depth/16de56c4/d012.parquet,57a9fe0d5b2a1271b00be33ddb53b20d43889be44083130fe1b3c17b9f605309,1129097,16de56c4,1,12,anti_transpose,0672adc5dee92b469ce425bd0ec3e2492f3292cf83f69f98cbcc7e5c37ab6234,e5beec92c9992930f4d6b468db1806ee2f3b9224e13179af7d4e8bb5897148e0,INDEPENDENT_FAST_2_PER_GPU,FAST_PASS,fast0,,2,2,344,345,344,235,20.87941436842084,search_exhausted,,,16de56c4,d012,16de56c4:o1:d012:anti_transpose,7,1790611302241425522,e58a2b3a237e5e2549bf0f76392970d26e4f964d69c99a727dffe2ae9b18ece7,fec7872e3c17194483916d977badcfa91cee975dbd6288a08bb1c7e48d4ef232
/workspace/arc2/active_runs/eval60_v5_vs_greedy_4worker_v1/raw/task_depth/16de56c4/d024.parquet,35a3b0a8ade4ff6980892f0a04974181a9adcb0d45ee4164b6429e99823f37ae,1058797,16de56c4,0,24,identity,ba9d832f85970b1b05037941199701905066b0193595a358ea4b4e9943c1c6c0,e5beec92c9992930f4d6b468db1806ee2f3b9224e13179af7d4e8bb5897148e0,INDEPENDENT_FAST_2_PER_GPU,FAST_PASS,fast3,,3,3,524,525,524,478,31.848469026386738,search_exhausted,,,16de56c4,d024,16de56c4:o0:d024:identity,0,1790611305762198339,08552ca7fabbc10a969de71f7f1f230ee7b9b16ec8aa96952f1baf4418365092,2dfe49877fd123b908c6348ccd477ae1eb874bb220a8db745083b7490d229470
/workspace/arc2/active_runs/eval60_v5_vs_greedy_4worker_v1/raw/task_depth/16de56c4/d024.parquet,35a3b0a8ade4ff6980892f0a04974181a9adcb0d45ee4164b6429e99823f37ae,1058797,16de56c4,0,24,flip_ud,ba9d832f85970b1b05037941199701905066b0193595a358ea4b4e9943c1c6c0,e5beec92c9992930f4d6b468db1806ee2f3b9224e13179af7d4e8bb5897148e0,INDEPENDENT_FAST_2_PER_GPU,FAST_PASS,fast2,,2,2,385,386,385,268,22.65066140331328,search_exhausted,,,16de56c4,d024,16de56c4:o0:d024:flip_ud,1,1790611305762198339,28b22ea202f7e2d3a81d93f87725d2baea405006f74e06bec870219beec7f2d4,ccee2f419a1cc945eaf29c61f91fe1e225f4b91808c253363e619f6772b713c5
/workspace/arc2/active_runs/eval60_v5_vs_greedy_4worker_v1/raw/task_depth/16de56c4/d024.parquet,35a3b0a8ade4ff6980892f0a04974181a9adcb0d45ee4164b6429e99823f37ae,1058797,16de56c4,0,24,transpose,ba9d832f85970b1b05037941199701905066b0193595a358ea4b4e9943c1c6c0,e5beec92c9992930f4d6b468db1806ee2f3b9224e13179af7d4e8bb5897148e0,INDEPENDENT_FAST_2_PER_GPU,FAST_PASS,fast0,,2,2,410,411,410,373,24.916968438774347,search_exhausted,,,16de56c4,d024,16de56c4:o0:d024:transpose,2,1790611305762198339,8ca1409fa626a4f316b1afedc88575479b51815a4cda9a3291933e339605aac0,0bd139b833fdc8e88e2de7bcc399fbc2de32429c1276ce2db22c40e18abe52f5
/workspace/arc2/active_runs/eval60_v5_vs_greedy_4worker_v1/raw/task_depth/16de56c4/d024.parquet,35a3b0a8ade4ff6980892f0a04974181a9adcb0d45ee4164b6429e99823f37ae,1058797,16de56c4,0,24,anti_transpose,ba9d832f85970b1b05037941199701905066b0193595a358ea4b4e9943c1c6c0,e5beec92c9992930f4d6b468db1806ee2f3b9224e13179af7d4e8bb5897148e0,INDEPENDENT_FAST_2_PER_GPU,FAST_PASS,fast2,,2,2,415,416,415,380,24.88884164392948,search_exhausted,,,16de56c4,d024,16de56c4:o0:d024:anti_transpose,3,1790611305762198339,332b4f9375260ee55dc29f6903fe390ded23c5475b1d5af7115a1c4358afe479,e04f7afc048a43be0e2468b846918617fe810f3b77a8190b8c88eb258b87fa2e
/workspace/arc2/active_runs/eval60_v5_vs_greedy_4worker_v1/raw/task_depth/16de56c4/d024.parquet,35a3b0a8ade4ff6980892f0a04974181a9adcb0d45ee4164b6429e99823f37ae,1058797,16de56c4,1,24,identity,ba9d832f85970b1b05037941199701905066b0193595a358ea4b4e9943c1c6c0,e5beec92c9992930f4d6b468db1806ee2f3b9224e13179af7d4e8bb5897148e0,INDEPENDENT_FAST_2_PER_GPU,FAST_PASS,fast0,,2,2,387,388,387,364,23.7517983391881,search_exhausted,,,16de56c4,d024,16de56c4:o1:d024:identity,4,1790611305762198339,a5f29e0ed70b1a4915963a8094d5f19e03cc52d0a46cc8367b412653f5a25b2d,b07625d72936e400c2d4b17c215f20c1ffdc45c0185f250a91b47397dd86c1bc
/workspace/arc2/active_runs/eval60_v5_vs_greedy_4worker_v1/raw/task_depth/16de56c4/d024.parquet,35a3b0a8ade4ff6980892f0a04974181a9adcb0d45ee4164b6429e99823f37ae,1058797,16de56c4,1,24,flip_ud,ba9d832f85970b1b05037941199701905066b0193595a358ea4b4e9943c1c6c0,e5beec92c9992930f4d6b468db1806ee2f3b9224e13179af7d4e8bb5897148e0,INDEPENDENT_FAST_2_PER_GPU,FAST_PASS,fast3,,1,1,197,198,197,175,12.297417089343071,search_exhausted,,,16de56c4,d024,16de56c4:o1:d024:flip_ud,5,1790611305762198339,393c62c453562d31611404a2aa2b5dabc790edd58aa262f5a729615736e05208,5dbbd48228dda05089192bce9c2777b18558603f4f26aaf9a63a31c9979a4b67
/workspace/arc2/active_runs/eval60_v5_vs_greedy_4worker_v1/raw/task_depth/16de56c4/d024.parquet,35a3b0a8ade4ff6980892f0a04974181a9adcb0d45ee4164b6429e99823f37ae,1058797,16de56c4,1,24,transpose,ba9d832f85970b1b05037941199701905066b0193595a358ea4b4e9943c1c6c0,e5beec92c9992930f4d6b468db1806ee2f3b9224e13179af7d4e8bb5897148e0,INDEPENDENT_FAST_2_PER_GPU,FAST_PASS,fast3,,2,2,408,409,408,315,24.214843194931746,search_exhausted,,,16de56c4,d024,16de56c4:o1:d024:transpose,6,1790611305762198339,a0b668816c320b0659655f9c27cd0c624a4853381cc926661f22cd919132456b,ed7d9c254574b80a85f624ee6d0aae3b957557596c1bca1fc2a8fd7fe995b752
/workspace/arc2/active_runs/eval60_v5_vs_greedy_4worker_v1/raw/task_depth/16de56c4/d024.parquet,35a3b0a8ade4ff6980892f0a04974181a9adcb0d45ee4164b6429e99823f37ae,1058797,16de56c4,1,24,anti_transpose,ba9d832f85970b1b05037941199701905066b0193595a358ea4b4e9943c1c6c0,e5beec92c9992930f4d6b468db1806ee2f3b9224e13179af7d4e8bb5897148e0,INDEPENDENT_FAST_2_PER_GPU,FAST_PASS,fast0,,2,2,368,369,368,190,22.356480157002807,search_exhausted,,,16de56c4,d024,16de56c4:o1:d024:anti_transpose,7,1790611305762198339,859bb840fe7b469edac12a9ba5390d4c74bef34448e94f101d6625fb0e1b6242,6767b6ffdf3dcf6d4ea7328d161ab5a89075e793c3e3643c76f82e724da76439
/workspace/arc2/active_runs/eval60_v5_vs_greedy_4worker_v1/raw/task_depth/16de56c4/d048.parquet,08084082adeaf859725a0c92f9c5f49ceb627fe37a2eb960768fff4f1576a5dd,949142,16de56c4,0,48,identity,d52ace97298f7264dd2a2b7110f19c1866f9fee6fef1522b340fdd6b3c91d98c,e5beec92c9992930f4d6b468db1806ee2f3b9224e13179af7d4e8bb5897148e0,INDEPENDENT_FAST_2_PER_GPU,FAST_PASS,fast2,,2,2,344,345,344,183,20.456952406093478,search_exhausted,,,16de56c4,d048,16de56c4:o0:d048:identity,0,1790611307755616387,93f75c07f9568d1fe853b645d45700d31baa7a306500677957be6d33053f0d54,10faf63531f34a084623678bb6a4c65506f68393976151e9cbeefa4511b7b261
/workspace/arc2/active_runs/eval60_v5_vs_greedy_4worker_v1/raw/task_depth/16de56c4/d048.parquet,08084082adeaf859725a0c92f9c5f49ceb627fe37a2eb960768fff4f1576a5dd,949142,16de56c4,0,48,flip_ud,d52ace97298f7264dd2a2b7110f19c1866f9fee6fef1522b340fdd6b3c91d98c,e5beec92c9992930f4d6b468db1806ee2f3b9224e13179af7d4e8bb5897148e0,INDEPENDENT_FAST_2_PER_GPU,FAST_PASS,fast3,,2,2,388,389,388,214,23.48028222285211,search_exhausted,,,16de56c4,d048,16de56c4:o0:d048:flip_ud,1,1790611307755616387,02f34924a16e4257216b6f11ae8e61993c558b096179f91acd342882266d0c69,90531a78be5818ad0014989146d6e9b676e26470f71ec535c307014809472c88
/workspace/arc2/active_runs/eval60_v5_vs_greedy_4worker_v1/raw/task_depth/16de56c4/d048.parquet,08084082adeaf859725a0c92f9c5f49ceb627fe37a2eb960768fff4f1576a5dd,949142,16de56c4,0,48,transpose,d52ace97298f7264dd2a2b7110f19c1866f9fee6fef1522b340fdd6b3c91d98c,e5beec92c9992930f4d6b468db1806ee2f3b9224e13179af7d4e8bb5897148e0,INDEPENDENT_FAST_2_PER_GPU,FAST_PASS,fast0,,1,1,209,210,209,39,12.918733863160014,search_exhausted,,,16de56c4,d048,16de56c4:o0:d048:transpose,2,1790611307755616387,5fe47a0a9bc942e813d2c0c4b6447f39a1b7bbd61397f30538afc91266b437dd,147615beb3bdbc7a53d071ff64f3dadbb6b2befe64b9061a97b41335b6279f5c
/workspace/arc2/active_runs/eval60_v5_vs_greedy_4worker_v1/raw/task_depth/16de56c4/d048.parquet,08084082adeaf859725a0c92f9c5f49ceb627fe37a2eb960768fff4f1576a5dd,949142,16de56c4,0,48,anti_transpose,d52ace97298f7264dd2a2b7110f19c1866f9fee6fef1522b340fdd6b3c91d98c,e5beec92c9992930f4d6b468db1806ee2f3b9224e13179af7d4e8bb5897148e0,INDEPENDENT_FAST_2_PER_GPU,FAST_PASS,fast0,,3,3,551,552,551,365,33.331135891377926,search_exhausted,,,16de56c4,d048,16de56c4:o0:d048:anti_transpose,3,1790611307755616387,88448c2d877c88c9846ef3c4811cacf3efe305a95a0434bcd289d5d83fcae670,1dc8e0e7ada9df350af499fdb4e9fb01f884291eae34fef9f87c778afb3fd6c0
/workspace/arc2/active_runs/eval60_v5_vs_greedy_4worker_v1/raw/task_depth/16de56c4/d048.parquet,08084082adeaf859725a0c92f9c5f49ceb627fe37a2eb960768fff4f1576a5dd,949142,16de56c4,1,48,identity,d52ace97298f7264dd2a2b7110f19c1866f9fee6fef1522b340fdd6b3c91d98c,e5beec92c9992930f4d6b468db1806ee2f3b9224e13179af7d4e8bb5897148e0,INDEPENDENT_FAST_2_PER_GPU,FAST_PASS,fast2,,2,2,390,391,390,43,22.900677867233753,search_exhausted,,,16de56c4,d048,16de56c4:o1:d048:identity,4,1790611307755616387,1d6fe8f6f9f6e894f0080900e8f9745dce8be1e2b90c8859af8634228c5262de,d34a2566cf20712cd4499acb96e6c3a5a30676b031cfc0a2179a8a7212d7caa6
/workspace/arc2/active_runs/eval60_v5_vs_greedy_4worker_v1/raw/task_depth/16de56c4/d048.parquet,08084082adeaf859725a0c92f9c5f49ceb627fe37a2eb960768fff4f1576a5dd,949142,16de56c4,1,48,flip_ud,d52ace97298f7264dd2a2b7110f19c1866f9fee6fef1522b340fdd6b3c91d98c,e5beec92c9992930f4d6b468db1806ee2f3b9224e13179af7d4e8bb5897148e0,INDEPENDENT_FAST_2_PER_GPU,FAST_PASS,fast3,,2,2,381,382,381,288,22.804611494764686,search_exhausted,,,16de56c4,d048,16de56c4:o1:d048:flip_ud,5,1790611307755616387,6eb7072a3d7962c61ec65decdd0dc13391d54b83bc7d87766caf52f8501b63a5,cf61c8e87f08b50701ffd2ffa2ddd5105de882cfaa4870dcdde46a8de57cbf6a
/workspace/arc2/active_runs/eval60_v5_vs_greedy_4worker_v1/raw/task_depth/16de56c4/d048.parquet,08084082adeaf859725a0c92f9c5f49ceb627fe37a2eb960768fff4f1576a5dd,949142,16de56c4,1,48,transpose,d52ace97298f7264dd2a2b7110f19c1866f9fee6fef1522b340fdd6b3c91d98c,e5beec92c9992930f4d6b468db1806ee2f3b9224e13179af7d4e8bb5897148e0,INDEPENDENT_FAST_2_PER_GPU,FAST_PASS,fast2,,2,2,342,343,342,76,20.287869164720178,search_exhausted,,,16de56c4,d048,16de56c4:o1:d048:transpose,6,1790611307755616387,fdde615712e164e165f392830972acfaf53afe1a33dff5fa52ac35d55af60182,78b006ccee42fa0852acfe97861f08bcb4150cbd454bcb5cf47daa1fdc40054f
/workspace/arc2/active_runs/eval60_v5_vs_greedy_4worker_v1/raw/task_depth/16de56c4/d048.parquet,08084082adeaf859725a0c92f9c5f49ceb627fe37a2eb960768fff4f1576a5dd,949142,16de56c4,1,48,anti_transpose,d52ace97298f7264dd2a2b7110f19c1866f9fee6fef1522b340fdd6b3c91d98c,e5beec92c9992930f4d6b468db1806ee2f3b9224e13179af7d4e8bb5897148e0,INDEPENDENT_FAST_2_PER_GPU,FAST_PASS,fast3,,3,3,507,508,507,234,29.910670682787895,search_exhausted,,,16de56c4,d048,16de56c4:o1:d048:anti_transpose,7,1790611307755616387,9b4542cdac7db0e9f596cd04717c99d5e4b96d9cddc951d92dfeb7e0b100bca6,99905e63a7da726d60c71d4514ba6073590e1f90c041315b70d0dc7bc0e02d4b
/workspace/arc2/active_runs/eval60_v5_vs_greedy_4worker_v1/raw/task_depth/247ef758/d012.parquet,4b37d803e971ab6f70ae565ac250cbb4395831fd732e2f11c678b05eec9df477,2355737,247ef758,0,12,identity,208cb87cbd1c4a6332ab67812cdbeac93a8d209dbbfdda6965fec8cda027b73b,e5beec92c9992930f4d6b468db1806ee2f3b9224e13179af7d4e8bb5897148e0,,UNKNOWN,worker_1,,3,3,804,806,804,645,43.740212401375175,search_exhausted,,,247ef758,d012,247ef758:o0:d012:identity,0,1790574909450290623,e34400fec70f40e77bda79541db0c446cfadedb8344f77e1d3a734ce14ef96a2,cf0a0214118925d755da5dc0a943ca8035d9889816634d1104a372161e998c78
/workspace/arc2/active_runs/eval60_v5_vs_greedy_4worker_v1/raw/task_depth/247ef758/d012.parquet,4b37d803e971ab6f70ae565ac250cbb4395831fd732e2f11c678b05eec9df477,2355737,247ef758,0,12,flip_ud,208cb87cbd1c4a6332ab67812cdbeac93a8d209dbbfdda6965fec8cda027b73b,e5beec92c9992930f4d6b468db1806ee2f3b9224e13179af7d4e8bb5897148e0,,UNKNOWN,worker_1,,3,3,804,806,804,631,43.740212401375175,search_exhausted,,,247ef758,d012,247ef758:o0:d012:flip_ud,1,1790574909450290623,929b4a8589ea41d32a9fd332c220bc6d510277341a9c857013931177a7eec588,5dcabf051d9dbc430b45a5f927a31878213848bd46f8c025e37f922ee86f52b9
/workspace/arc2/active_runs/eval60_v5_vs_greedy_4worker_v1/raw/task_depth/247ef758/d012.parquet,4b37d803e971ab6f70ae565ac250cbb4395831fd732e2f11c678b05eec9df477,2355737,247ef758,0,12,transpose,208cb87cbd1c4a6332ab67812cdbeac93a8d209dbbfdda6965fec8cda027b73b,e5beec92c9992930f4d6b468db1806ee2f3b9224e13179af7d4e8bb5897148e0,,UNKNOWN,worker_1,,4,4,1223,1225,1223,921,75.18923687841743,search_exhausted,,,247ef758,d012,247ef758:o0:d012:transpose,2,1790574909450290623,bfd92caae4dd666c58497e8f813eec029c521ba44e24938396a80fce70f97a41,6cff67812debad599268b847a07165802dc45a9b8b5ca5d45411cf58b01265a9
/workspace/arc2/active_runs/eval60_v5_vs_greedy_4worker_v1/raw/task_depth/247ef758/d012.parquet,4b37d803e971ab6f70ae565ac250cbb4395831fd732e2f11c678b05eec9df477,2355737,247ef758,0,12,anti_transpose,208cb87cbd1c4a6332ab67812cdbeac93a8d209dbbfdda6965fec8cda027b73b,e5beec92c9992930f4d6b468db1806ee2f3b9224e13179af7d4e8bb5897148e0,,UNKNOWN,worker_1,,4,4,1222,1225,1222,1012,75.18923687841743,search_exhausted,,,247ef758,d012,247ef758:o0:d012:anti_transpose,3,1790574909450290623,38dd884b99cd4cb1f21f7433ea4418c709e8504e906b73852cb1e0029d5c50dc,e0a2390fae5f9a0603ed16f0d392d7549f60fa861b4abb140f07514eae29b97c
/workspace/arc2/active_runs/eval60_v5_vs_greedy_4worker_v1/raw/task_depth/247ef758/d012.parquet,4b37d803e971ab6f70ae565ac250cbb4395831fd732e2f11c678b05eec9df477,2355737,247ef758,1,12,identity,208cb87cbd1c4a6332ab67812cdbeac93a8d209dbbfdda6965fec8cda027b73b,e5beec92c9992930f4d6b468db1806ee2f3b9224e13179af7d4e8bb5897148e0,,UNKNOWN,worker_1,,4,4,754,756,754,651,47.593516590073705,search_exhausted,,,247ef758,d012,247ef758:o1:d012:identity,4,1790574909450290623,56502759505406258b5e23a85e8852d92867a67af35199e1d91cbb7e297c0a90,b0d8bae33a02dec4b7d7a7bf093d6c09745b426e92d5ee7c28b972a2c7b41714
/workspace/arc2/active_runs/eval60_v5_vs_greedy_4worker_v1/raw/task_depth/247ef758/d012.parquet,4b37d803e971ab6f70ae565ac250cbb4395831fd732e2f11c678b05eec9df477,2355737,247ef758,1,12,flip_ud,208cb87cbd1c4a6332ab67812cdbeac93a8d209dbbfdda6965fec8cda027b73b,e5beec92c9992930f4d6b468db1806ee2f3b9224e13179af7d4e8bb5897148e0,,UNKNOWN,worker_1,,4,4,753,756,753,593,47.593516590073705,search_exhausted,,,247ef758,d012,247ef758:o1:d012:flip_ud,5,1790574909450290623,d32739cd9214243d8bd156ae2acf92f8328357b4bac186b8d5f98c974a59bd53,6a89c13e3f04e263660beb30c9ee51047b327ad43366a3691a520c85f4eff571
/workspace/arc2/active_runs/eval60_v5_vs_greedy_4worker_v1/raw/task_depth/247ef758/d012.parquet,4b37d803e971ab6f70ae565ac250cbb4395831fd732e2f11c678b05eec9df477,2355737,247ef758,1,12,transpose,208cb87cbd1c4a6332ab67812cdbeac93a8d209dbbfdda6965fec8cda027b73b,e5beec92c9992930f4d6b468db1806ee2f3b9224e13179af7d4e8bb5897148e0,,UNKNOWN,worker_1,,3,3,669,671,669,445,37.09198053833097,search_exhausted,,,247ef758,d012,247ef758:o1:d012:transpose,6,1790574909450290623,bf5d00ebba0574822acf7dd082bff470af6f411d7a6292178d97d6f262799caf,9a6cce537a5fe2e3d4df5ae2a626d2f7d36681c852aca92c7dd307183dfd0317
/workspace/arc2/active_runs/eval60_v5_vs_greedy_4worker_v1/raw/task_depth/247ef758/d012.parquet,4b37d803e971ab6f70ae565ac250cbb4395831fd732e2f11c678b05eec9df477,2355737,247ef758,1,12,anti_transpose,208cb87cbd1c4a6332ab67812cdbeac93a8d209dbbfdda6965fec8cda027b73b,e5beec92c9992930f4d6b468db1806ee2f3b9224e13179af7d4e8bb5897148e0,,UNKNOWN,worker_1,,3,3,669,671,669,608,37.09198053833097,search_exhausted,,,247ef758,d012,247ef758:o1:d012:anti_transpose,7,1790574909450290623,b546bf017f8d084c473efa2f153872d33a09b89c6104ad365c61686ee427f89d,238f7c2dd7e687eb64e78c5cade31281366de63bb36d3d5fbc3c262aa14a5feb
/workspace/arc2/active_runs/eval60_v5_vs_greedy_4worker_v1/raw/task_depth/247ef758/d024.parquet,ce2ed1aede2d8ec35e8c1c3d9876ebfda846e9f350f5a070e3ccf3f78deb5585,1629006,247ef758,0,24,identity,61805b6a139817651e9d15e27d3ecf5c577420d1e0c9ab3c317316943521f612,e5beec92c9992930f4d6b468db1806ee2f3b9224e13179af7d4e8bb5897148e0,,UNKNOWN,worker_1,,3,3,737,739,737,410,40.3906256807968,search_exhausted,,,247ef758,d024,247ef758:o0:d024:identity,0,1790575252824669465,360d65bb85b7e25d61af84bb2cb39bbe0cd9933b3f457e89beeb34d640eab370,99a2931c7869cad817fb8215deb02d6fe5550e593574d9c74a60e607172d8478
/workspace/arc2/active_runs/eval60_v5_vs_greedy_4worker_v1/raw/task_depth/247ef758/d024.parquet,ce2ed1aede2d8ec35e8c1c3d9876ebfda846e9f350f5a070e3ccf3f78deb5585,1629006,247ef758,0,24,flip_ud,61805b6a139817651e9d15e27d3ecf5c577420d1e0c9ab3c317316943521f612,e5beec92c9992930f4d6b468db1806ee2f3b9224e13179af7d4e8bb5897148e0,,UNKNOWN,worker_1,,3,3,737,739,737,342,40.3906256807968,search_exhausted,,,247ef758,d024,247ef758:o0:d024:flip_ud,1,1790575252824669465,b648bda263a8340dfa559e1d867702f92e7a3b3f308f3b0df6114345d83add68,26253815c5d14c466869e8323d5a3d4c052b5805a93a54b43e70de304aee26ba
/workspace/arc2/active_runs/eval60_v5_vs_greedy_4worker_v1/raw/task_depth/247ef758/d024.parquet,ce2ed1aede2d8ec35e8c1c3d9876ebfda846e9f350f5a070e3ccf3f78deb5585,1629006,247ef758,0,24,transpose,61805b6a139817651e9d15e27d3ecf5c577420d1e0c9ab3c317316943521f612,e5beec92c9992930f4d6b468db1806ee2f3b9224e13179af7d4e8bb5897148e0,,UNKNOWN,worker_1,,2,2,621,623,621,303,38.042296725325286,search_exhausted,,,247ef758,d024,247ef758:o0:d024:transpose,2,1790575252824669465,af5cf03de2685e55490d3cb34fa1b8884b992bcee5434c2c516a8c4c8e134a06,960f48d88e7c3fe776470fdc27eb80f26c07598e548c3b940093c09b6f175634
/workspace/arc2/active_runs/eval60_v5_vs_greedy_4worker_v1/raw/task_depth/247ef758/d024.parquet,ce2ed1aede2d8ec35e8c1c3d9876ebfda846e9f350f5a070e3ccf3f78deb5585,1629006,247ef758,0,24,anti_transpose,61805b6a139817651e9d15e27d3ecf5c577420d1e0c9ab3c317316943521f612,e5beec92c9992930f4d6b468db1806ee2f3b9224e13179af7d4e8bb5897148e0,,UNKNOWN,worker_1,,2,2,622,623,622,326,38.042296725325286,search_exhausted,,,247ef758,d024,247ef758:o0:d024:anti_transpose,3,1790575252824669465,0574411bade4eb548cde66abb85446bc75786112f32eedca8cbba17a37ad7612,f4309fa901a3db809d27e8f9ba4ab62ba8b431dcdda01e4db6755ae05ca8d528
/workspace/arc2/active_runs/eval60_v5_vs_greedy_4worker_v1/raw/task_depth/247ef758/d024.parquet,ce2ed1aede2d8ec35e8c1c3d9876ebfda846e9f350f5a070e3ccf3f78deb5585,1629006,247ef758,1,24,identity,61805b6a139817651e9d15e27d3ecf5c577420d1e0c9ab3c317316943521f612,e5beec92c9992930f4d6b468db1806ee2f3b9224e13179af7d4e8bb5897148e0,,UNKNOWN,worker_1,,3,3,599,601,599,398,32.69387010205537,search_exhausted,,,247ef758,d024,247ef758:o1:d024:identity,4,1790575252824669465,d4d1477bf2da8a41bcefc2a73db3b171b409ba61cdc59054d56e0e9050df7164,d4b89443f32a428e17e42f25259bd54a8e82874cf146ea23ec1b38f7e8b2dda0
/workspace/arc2/active_runs/eval60_v5_vs_greedy_4worker_v1/raw/task_depth/247ef758/d024.parquet,ce2ed1aede2d8ec35e8c1c3d9876ebfda846e9f350f5a070e3ccf3f78deb5585,1629006,247ef758,1,24,flip_ud,61805b6a139817651e9d15e27d3ecf5c577420d1e0c9ab3c317316943521f612,e5beec92c9992930f4d6b468db1806ee2f3b9224e13179af7d4e8bb5897148e0,,UNKNOWN,worker_1,,3,3,599,601,599,424,32.69387010205537,search_exhausted,,,247ef758,d024,247ef758:o1:d024:flip_ud,5,1790575252824669465,1e7ab6730f119963f104e778d6bc955e912149d6239a16af2c2fea94f88b7ad0,59d76f898aa4b8782b2b6a84ec9dd709936b7e432b7092780e4c9b0ba92bb754
/workspace/arc2/active_runs/eval60_v5_vs_greedy_4worker_v1/raw/task_depth/247ef758/d024.parquet,ce2ed1aede2d8ec35e8c1c3d9876ebfda846e9f350f5a070e3ccf3f78deb5585,1629006,247ef758,1,24,transpose,61805b6a139817651e9d15e27d3ecf5c577420d1e0c9ab3c317316943521f612,e5beec92c9992930f4d6b468db1806ee2f3b9224e13179af7d4e8bb5897148e0,,UNKNOWN,worker_1,,4,4,719,722,719,447,44.30040777102113,search_exhausted,,,247ef758,d024,247ef758:o1:d024:transpose,6,1790575252824669465,1f390f4e2a86f1981a8d86d9ed708329b94bdfeb47ccd58247a2547a90c185fa,09bcdb532e19cfb4974e16025d058d6b83a2cf13e89a80b3db35a9771d1c9e0a
/workspace/arc2/active_runs/eval60_v5_vs_greedy_4worker_v1/raw/task_depth/247ef758/d024.parquet,ce2ed1aede2d8ec35e8c1c3d9876ebfda846e9f350f5a070e3ccf3f78deb5585,1629006,247ef758,1,24,anti_transpose,61805b6a139817651e9d15e27d3ecf5c577420d1e0c9ab3c317316943521f612,e5beec92c9992930f4d6b468db1806ee2f3b9224e13179af7d4e8bb5897148e0,,UNKNOWN,worker_1,,4,4,720,722,720,651,44.30040777102113,search_exhausted,,,247ef758,d024,247ef758:o1:d024:anti_transpose,7,1790575252824669465,bfa807efbe91e2f173b175e0ea079e0c32e56f580075eb7145b8dc877bc68a51,c02c199be0d90ef81f98aa118062c52dbcd818aa8923235ccda0e849909a8076
/workspace/arc2/active_runs/eval60_v5_vs_greedy_4worker_v1/raw/task_depth/247ef758/d048.parquet,0aff019da14adad190b47a97d768e80fa148afc066c3b866c6806da81f7c8c74,1523657,247ef758,0,48,identity,d3d826c8de70c3286b74f261d89d36edf5eef651202854906d5818e08f064e40,e5beec92c9992930f4d6b468db1806ee2f3b9224e13179af7d4e8bb5897148e0,,UNKNOWN,worker_1,,3,3,917,919,917,470,52.61035346146673,search_exhausted,,,247ef758,d048,247ef758:o0:d048:identity,0,1790575558273156125,8602a7a805860de22d918c72a7084045e18cb5ac51aebf7eed257133838b5e8f,182256221c4e4e4a0c065c829a3a6727ffeb85d500219794a8405a5f259de81e
/workspace/arc2/active_runs/eval60_v5_vs_greedy_4worker_v1/raw/task_depth/247ef758/d048.parquet,0aff019da14adad190b47a97d768e80fa148afc066c3b866c6806da81f7c8c74,1523657,247ef758,0,48,flip_ud,d3d826c8de70c3286b74f261d89d36edf5eef651202854906d5818e08f064e40,e5beec92c9992930f4d6b468db1806ee2f3b9224e13179af7d4e8bb5897148e0,,UNKNOWN,worker_1,,3,3,917,919,917,520,52.61035346146673,search_exhausted,,,247ef758,d048,247ef758:o0:d048:flip_ud,1,1790575558273156125,49bfa0d9f8826163d4ebe999aaebcaa5e8fac4848301cc0da92da8839bb32c57,783e62386aed2f88340bdc03a748cdff37f68fd27755c3cc97fa666901d4b83c
/workspace/arc2/active_runs/eval60_v5_vs_greedy_4worker_v1/raw/task_depth/247ef758/d048.parquet,0aff019da14adad190b47a97d768e80fa148afc066c3b866c6806da81f7c8c74,1523657,247ef758,0,48,transpose,d3d826c8de70c3286b74f261d89d36edf5eef651202854906d5818e08f064e40,e5beec92c9992930f4d6b468db1806ee2f3b9224e13179af7d4e8bb5897148e0,,UNKNOWN,worker_1,,2,2,405,406,405,56,20.30393970385194,search_exhausted,,,247ef758,d048,247ef758:o0:d048:transpose,2,1790575558273156125,751e1c307bcacba73dba86c4d4b22acfb15333df22b6d8419d9258ef4b49ab66,9346f2e120aedf6ffa00ccfb7f849cbe586bb4c4dcd12a4dfb8e4182182cc813
/workspace/arc2/active_runs/eval60_v5_vs_greedy_4worker_v1/raw/task_depth/247ef758/d048.parquet,0aff019da14adad190b47a97d768e80fa148afc066c3b866c6806da81f7c8c74,1523657,247ef758,0,48,anti_transpose,d3d826c8de70c3286b74f261d89d36edf5eef651202854906d5818e08f064e40,e5beec92c9992930f4d6b468db1806ee2f3b9224e13179af7d4e8bb5897148e0,,UNKNOWN,worker_1,,2,2,404,406,404,267,20.30393970385194,search_exhausted,,,247ef758,d048,247ef758:o0:d048:anti_transpose,3,1790575558273156125,ad1adbda6ba8c0b3ba2310a30dc9a2f8f5e50130511b602fdc55a91f59eebd32,acf5f9a3a3bf7c60a931e27021fc07d4225176e3bd18ec5a976d893458d1e88b
/workspace/arc2/active_runs/eval60_v5_vs_greedy_4worker_v1/raw/task_depth/247ef758/d048.parquet,0aff019da14adad190b47a97d768e80fa148afc066c3b866c6806da81f7c8c74,1523657,247ef758,1,48,identity,d3d826c8de70c3286b74f261d89d36edf5eef651202854906d5818e08f064e40,e5beec92c9992930f4d6b468db1806ee2f3b9224e13179af7d4e8bb5897148e0,,UNKNOWN,worker_1,,3,3,600,602,600,437,38.65635528974235,search_exhausted,,,247ef758,d048,247ef758:o1:d048:identity,4,1790575558273156125,dfc7a2f696193f103cc16a01aa13946131c5ccf7bfb35229eca116a70e846738,ea60844c76f9cbdb8620c6baa1801048491ceca558f66f3ac48d5d0aa0684a19
/workspace/arc2/active_runs/eval60_v5_vs_greedy_4worker_v1/raw/task_depth/247ef758/d048.parquet,0aff019da14adad190b47a97d768e80fa148afc066c3b866c6806da81f7c8c74,1523657,247ef758,1,48,flip_ud,d3d826c8de70c3286b74f261d89d36edf5eef651202854906d5818e08f064e40,e5beec92c9992930f4d6b468db1806ee2f3b9224e13179af7d4e8bb5897148e0,,UNKNOWN,worker_1,,3,3,600,602,600,475,38.65635528974235,search_exhausted,,,247ef758,d048,247ef758:o1:d048:flip_ud,5,1790575558273156125,7f23774bc4ecbf41e903a0960c632ad052347fbb82d9a3caedb75a7ca7b57b85,300ffbdac27c9da538eb8c4cac2f33db916838d78dfa09507d842a0b483fb405
/workspace/arc2/active_runs/eval60_v5_vs_greedy_4worker_v1/raw/task_depth/247ef758/d048.parquet,0aff019da14adad190b47a97d768e80fa148afc066c3b866c6806da81f7c8c74,1523657,247ef758,1,48,transpose,d3d826c8de70c3286b74f261d89d36edf5eef651202854906d5818e08f064e40,e5beec92c9992930f4d6b468db1806ee2f3b9224e13179af7d4e8bb5897148e0,,UNKNOWN,worker_1,,2,2,424,426,424,238,25.728423985652626,search_exhausted,,,247ef758,d048,247ef758:o1:d048:transpose,6,1790575558273156125,4508ecfff104c884df015962061c76d047ecb5f1abfb08409ebee2299052a68b,45e21367b007094b339837f158f4bdcbe55c2fcd37094889623c80c0540a1f28
/workspace/arc2/active_runs/eval60_v5_vs_greedy_4worker_v1/raw/task_depth/247ef758/d048.parquet,0aff019da14adad190b47a97d768e80fa148afc066c3b866c6806da81f7c8c74,1523657,247ef758,1,48,anti_transpose,d3d826c8de70c3286b74f261d89d36edf5eef651202854906d5818e08f064e40,e5beec92c9992930f4d6b468db1806ee2f3b9224e13179af7d4e8bb5897148e0,,UNKNOWN,worker_1,,2,2,425,426,425,338,25.728423985652626,search_exhausted,,,247ef758,d048,247ef758:o1:d048:anti_transpose,7,1790575558273156125,645c1aea58f8f293f5608553c6c46a513e124bbc9928e1aa671b6cdaa7cd2183,1822b746e4ce2aad7a3049271f64e9af62fc89fb2f079a222d1c2d611d444360
/workspace/arc2/active_runs/eval60_v5_vs_greedy_4worker_v1/raw/task_depth/2b83f449/d012.parquet,24d75be8521bba820daa65b8a49bbf9f968d7f649ee5712505919925b80b2311,1937852,2b83f449,0,12,identity,b0a7a1898be8c6836e44ae4468cb0a0af6522b975974fc8bd33e365e3fca42a5,e5beec92c9992930f4d6b468db1806ee2f3b9224e13179af7d4e8bb5897148e0,,UNKNOWN,worker_1,,6,6,1921,1925,1921,1805,121.07477157842368,search_exhausted,,,2b83f449,d012,2b83f449:o0:d012:identity,0,1790573384339300889,43b3d36c2cd03923f5b7aa33108a832b78238d937d66b355d9e92b0fe43df292,edd9bb34a12a32f0b98c6eb8dd6e0aff58e66adbb8b87944ff2a5b214a4ac2fa
/workspace/arc2/active_runs/eval60_v5_vs_greedy_4worker_v1/raw/task_depth/2b83f449/d012.parquet,24d75be8521bba820daa65b8a49bbf9f968d7f649ee5712505919925b80b2311,1937852,2b83f449,0,12,flip_ud,b0a7a1898be8c6836e44ae4468cb0a0af6522b975974fc8bd33e365e3fca42a5,e5beec92c9992930f4d6b468db1806ee2f3b9224e13179af7d4e8bb5897148e0,,UNKNOWN,worker_1,,6,6,1922,1925,1922,1896,121.07477157842368,search_exhausted,,,2b83f449,d012,2b83f449:o0:d012:flip_ud,1,1790573384339300889,ba2ca4107751eec350f529d0e806bc99448a3e0a393c541364c557774164f0fc,996d52b138ddceef332d570609771532f41da8ccac03bdaa47797831613c069b
/workspace/arc2/active_runs/eval60_v5_vs_greedy_4worker_v1/raw/task_depth/2b83f449/d012.parquet,24d75be8521bba820daa65b8a49bbf9f968d7f649ee5712505919925b80b2311,1937852,2b83f449,0,12,transpose,b0a7a1898be8c6836e44ae4468cb0a0af6522b975974fc8bd33e365e3fca42a5,e5beec92c9992930f4d6b468db1806ee2f3b9224e13179af7d4e8bb5897148e0,,UNKNOWN,worker_1,,3,3,1013,1014,1013,1002,55.7632977264002,search_exhausted,,,2b83f449,d012,2b83f449:o0:d012:transpose,2,1790573384339300889,2fbc58e12c7d0cabe9f577435d562820d14d770a7e241999cf1da3b9a834a238,6d6d253c4e4505be7e42820652262bc062f6e8da88627a90f885bab6a74ae16f
/workspace/arc2/active_runs/eval60_v5_vs_greedy_4worker_v1/raw/task_depth/2b83f449/d012.parquet,24d75be8521bba820daa65b8a49bbf9f968d7f649ee5712505919925b80b2311,1937852,2b83f449,0,12,anti_transpose,b0a7a1898be8c6836e44ae4468cb0a0af6522b975974fc8bd33e365e3fca42a5,e5beec92c9992930f4d6b468db1806ee2f3b9224e13179af7d4e8bb5897148e0,,UNKNOWN,worker_1,,3,3,1012,1014,1012,1003,55.7632977264002,search_exhausted,,,2b83f449,d012,2b83f449:o0:d012:anti_transpose,3,1790573384339300889,20addd5ce3ea4d02c17dab067808a0578212558f8d1131f6443d3a3bf698c4c0,ac9f40a02f00f3905da051a5b6c58f4c08bcd8eb6b3af62e23b29b01ef635cf7
/workspace/arc2/active_runs/eval60_v5_vs_greedy_4worker_v1/raw/task_depth/2b83f449/d024.parquet,e74439902135b45e0a4e34b51938718dd5cc027f467c97483fb86655ac3b2f85,1201633,2b83f449,0,24,identity,a19d02583d1d31184e4e8358ef935f98b48a96647b6c4e542adab4d46c58a479,e5beec92c9992930f4d6b468db1806ee2f3b9224e13179af7d4e8bb5897148e0,,UNKNOWN,worker_1,,3,3,914,916,914,808,56.88555091060698,search_exhausted,,,2b83f449,d024,2b83f449:o0:d024:identity,0,1790573651989271905,0184d79bc47fcb4ec1e9fc65feb0b950859fa1e6a7645056bf8b2ea57f893c3a,bfc0d2fbeddd65f6936e780154e4362720106f2bef778a593e140f45dcc2f5a8
/workspace/arc2/active_runs/eval60_v5_vs_greedy_4worker_v1/raw/task_depth/2b83f449/d024.parquet,e74439902135b45e0a4e34b51938718dd5cc027f467c97483fb86655ac3b2f85,1201633,2b83f449,0,24,flip_ud,a19d02583d1d31184e4e8358ef935f98b48a96647b6c4e542adab4d46c58a479,e5beec92c9992930f4d6b468db1806ee2f3b9224e13179af7d4e8bb5897148e0,,UNKNOWN,worker_1,,3,3,914,916,914,757,56.88555091060698,search_exhausted,,,2b83f449,d024,2b83f449:o0:d024:flip_ud,1,1790573651989271905,d8ea6cfc8d83c251c5f4e9b6870c9fb7c3693a0b4855bc8bd901eab7ab4bfe71,283072c1f6eb2f2c9fe30d3979dcb422c3609994cd0e0c1489eee18d376fbe41
/workspace/arc2/active_runs/eval60_v5_vs_greedy_4worker_v1/raw/task_depth/2b83f449/d024.parquet,e74439902135b45e0a4e34b51938718dd5cc027f467c97483fb86655ac3b2f85,1201633,2b83f449,0,24,transpose,a19d02583d1d31184e4e8358ef935f98b48a96647b6c4e542adab4d46c58a479,e5beec92c9992930f4d6b468db1806ee2f3b9224e13179af7d4e8bb5897148e0,,UNKNOWN,worker_1,,3,3,1004,1006,1004,983,61.320987563580275,search_exhausted,,,2b83f449,d024,2b83f449:o0:d024:transpose,2,1790573651989271905,decea3453abf6ec5bc505de6aeb4053d318ad42db703b8be459c0b541a521e95,f742470cd176f665103b1029853ac55837074d1136fe163b58fecdcbe2ff9a5e
/workspace/arc2/active_runs/eval60_v5_vs_greedy_4worker_v1/raw/task_depth/2b83f449/d024.parquet,e74439902135b45e0a4e34b51938718dd5cc027f467c97483fb86655ac3b2f85,1201633,2b83f449,0,24,anti_transpose,a19d02583d1d31184e4e8358ef935f98b48a96647b6c4e542adab4d46c58a479,e5beec92c9992930f4d6b468db1806ee2f3b9224e13179af7d4e8bb5897148e0,,UNKNOWN,worker_1,,3,3,1004,1006,1004,883,61.320987563580275,search_exhausted,,,2b83f449,d024,2b83f449:o0:d024:anti_transpose,3,1790573651989271905,fc82049a0f3c693e98095a76c9fb65e833002f3f5538c52a57496ad8ba3cc58e,068fb5c107abfc20003445aa74b2d3e35fd20dbe3df9e115b7c35f593512ba31
/workspace/arc2/active_runs/eval60_v5_vs_greedy_4worker_v1/raw/task_depth/2b83f449/d048.parquet,e8a9dd872ad0a5c8621b3db9b1aa2626d2be5c32c50d5ff5677eca8c8a2b91ac,1182965,2b83f449,0,48,identity,be3e04eaaa888dc3fc74411645643bf4d7a80ce2584bb79f1fdeb2030bcac872,e5beec92c9992930f4d6b468db1806ee2f3b9224e13179af7d4e8bb5897148e0,,UNKNOWN,worker_1,,4,4,909,911,909,390,55.754857945255935,search_exhausted,,,2b83f449,d048,2b83f449:o0:d048:identity,0,1790573903223072389,9a375fdbe66e79567e7ea98654dd292046b65a210a1fc4dbcbc305fde8e44c32,d51ed8ee88b01a988979f8642eeba127b77839a1f46476cf1a7ca2378a2ce9e8
/workspace/arc2/active_runs/eval60_v5_vs_greedy_4worker_v1/raw/task_depth/2b83f449/d048.parquet,e8a9dd872ad0a5c8621b3db9b1aa2626d2be5c32c50d5ff5677eca8c8a2b91ac,1182965,2b83f449,0,48,flip_ud,be3e04eaaa888dc3fc74411645643bf4d7a80ce2584bb79f1fdeb2030bcac872,e5beec92c9992930f4d6b468db1806ee2f3b9224e13179af7d4e8bb5897148e0,,UNKNOWN,worker_1,,4,4,908,911,908,486,55.754857945255935,search_exhausted,,,2b83f449,d048,2b83f449:o0:d048:flip_ud,1,1790573903223072389,707d7a4d7f5d987f8beaa79cfa2eb1c6646d7ece2aa79428904770f827913feb,c225fbf3a114cfb36dd2f94f92c7b9b35c32024db12ade2f6aee9b8694740286
/workspace/arc2/active_runs/eval60_v5_vs_greedy_4worker_v1/raw/task_depth/2b83f449/d048.parquet,e8a9dd872ad0a5c8621b3db9b1aa2626d2be5c32c50d5ff5677eca8c8a2b91ac,1182965,2b83f449,0,48,transpose,be3e04eaaa888dc3fc74411645643bf4d7a80ce2584bb79f1fdeb2030bcac872,e5beec92c9992930f4d6b468db1806ee2f3b9224e13179af7d4e8bb5897148e0,,UNKNOWN,worker_1,,5,5,1340,1344,1340,731,54.28163845650852,search_exhausted,,,2b83f449,d048,2b83f449:o0:d048:transpose,2,1790573903223072389,bb54cdf5bccef293dab391c54aa6ac6b6c0f713d6dea18f79b808842948f6b28,732d682cc9f1ff61a15a5af1316e775dd4d70a7cde3f2211e73c936703dc6498
/workspace/arc2/active_runs/eval60_v5_vs_greedy_4worker_v1/raw/task_depth/2b83f449/d048.parquet,e8a9dd872ad0a5c8621b3db9b1aa2626d2be5c32c50d5ff5677eca8c8a2b91ac,1182965,2b83f449,0,48,anti_transpose,be3e04eaaa888dc3fc74411645643bf4d7a80ce2584bb79f1fdeb2030bcac872,e5beec92c9992930f4d6b468db1806ee2f3b9224e13179af7d4e8bb5897148e0,,UNKNOWN,worker_1,,5,5,1342,1344,1342,627,54.28163845650852,search_exhausted,,,2b83f449,d048,2b83f449:o0:d048:anti_transpose,3,1790573903223072389,bf8288ef877a8d66eabae0a273cff78921ed3aff7b34e747f8ed21d3df2fb7ca,417c45deefe6174da4f1ca984e320e534ddf944447509d55797bcbcea226f741
/workspace/arc2/active_runs/eval60_v5_vs_greedy_4worker_v1/raw/task_depth/2d0172a1/d012.parquet,94e645c65e5ceaea33db3b17123193af4d46474ce92d7e43f9d981ed0a05afe4,5043013,2d0172a1,0,12,identity,662a135e7a3eb9d64be98524a4c89ddcd15bd6e0c2fcc2b2e498c21d4a5c268e,e5beec92c9992930f4d6b468db1806ee2f3b9224e13179af7d4e8bb5897148e0,,UNKNOWN,worker_0,,16,16,1077,1093,1077,1078,70.16106013767421,search_exhausted,,,2d0172a1,d012,2d0172a1:o0:d012:identity,0,1790573979413245753,ccd4506a71d0409839c9259811c9226cb7b6e6bb340d95fda5deaadd6c77b005,b6987bae563fd54bd9b9b787a92f5b1dae6d5128e4b14145e3f366b30eee96b9
/workspace/arc2/active_runs/eval60_v5_vs_greedy_4worker_v1/raw/task_depth/2d0172a1/d012.parquet,94e645c65e5ceaea33db3b17123193af4d46474ce92d7e43f9d981ed0a05afe4,5043013,2d0172a1,0,12,flip_ud,662a135e7a3eb9d64be98524a4c89ddcd15bd6e0c2fcc2b2e498c21d4a5c268e,e5beec92c9992930f4d6b468db1806ee2f3b9224e13179af7d4e8bb5897148e0,,UNKNOWN,worker_0,,5,5,1089,1093,1089,1057,70.16106013767421,search_exhausted,,,2d0172a1,d012,2d0172a1:o0:d012:flip_ud,1,1790573979413245753,b873b5f046ee681ab4a56f5e861eec044286f5bc9dd65728da9b6b723d3055f2,143ef05aa8d0fba1eb61e6c97c448d33300ac55f535ffbdbd94c0e535bbf9932
/workspace/arc2/active_runs/eval60_v5_vs_greedy_4worker_v1/raw/task_depth/2d0172a1/d012.parquet,94e645c65e5ceaea33db3b17123193af4d46474ce92d7e43f9d981ed0a05afe4,5043013,2d0172a1,0,12,transpose,662a135e7a3eb9d64be98524a4c89ddcd15bd6e0c2fcc2b2e498c21d4a5c268e,e5beec92c9992930f4d6b468db1806ee2f3b9224e13179af7d4e8bb5897148e0,,UNKNOWN,worker_0,,8,8,1082,1089,1082,1046,69.36099492385983,search_exhausted,,,2d0172a1,d012,2d0172a1:o0:d012:transpose,2,1790573979413245753,5f345cecd6ffbc16fa2a468834bf92bd5cb832d229d5201f26f62089f574ee6f,e063900702b960e460df264f3361cb4ff2c0c2d5f05347f21bcbbd3b7a015584
/workspace/arc2/active_runs/eval60_v5_vs_greedy_4worker_v1/raw/task_depth/2d0172a1/d012.parquet,94e645c65e5ceaea33db3b17123193af4d46474ce92d7e43f9d981ed0a05afe4,5043013,2d0172a1,0,12,anti_transpose,662a135e7a3eb9d64be98524a4c89ddcd15bd6e0c2fcc2b2e498c21d4a5c268e,e5beec92c9992930f4d6b468db1806ee2f3b9224e13179af7d4e8bb5897148e0,,UNKNOWN,worker_0,,7,7,1083,1089,1083,1045,69.36099492385983,search_exhausted,,,2d0172a1,d012,2d0172a1:o0:d012:anti_transpose,3,1790573979413245753,b1cd927e5ac8f37e1bc15bdb5204b2972f48b578a27c82f076b49cd968532596,2b29663987d82d1486abea4977c5c5efc4b796b5db3ad84432815fead2cad523
/workspace/arc2/active_runs/eval60_v5_vs_greedy_4worker_v1/raw/task_depth/2d0172a1/d012.parquet,94e645c65e5ceaea33db3b17123193af4d46474ce92d7e43f9d981ed0a05afe4,5043013,2d0172a1,1,12,identity,662a135e7a3eb9d64be98524a4c89ddcd15bd6e0c2fcc2b2e498c21d4a5c268e,e5beec92c9992930f4d6b468db1806ee2f3b9224e13179af7d4e8bb5897148e0,,UNKNOWN,worker_0,,20,20,3664,3682,3664,3653,198.27042167261243,search_exhausted,,,2d0172a1,d012,2d0172a1:o1:d012:identity,4,1790573979413245753,4085176e3cd687eaccfcf71ead912ce3d3f17105454538724b3b5acda45a5771,201567d0e74fe0849b0d4297f4d030812bd83419752da26b14f46583ade3b09d
/workspace/arc2/active_runs/eval60_v5_vs_greedy_4worker_v1/raw/task_depth/2d0172a1/d012.parquet,94e645c65e5ceaea33db3b17123193af4d46474ce92d7e43f9d981ed0a05afe4,5043013,2d0172a1,1,12,flip_ud,662a135e7a3eb9d64be98524a4c89ddcd15bd6e0c2fcc2b2e498c21d4a5c268e,e5beec92c9992930f4d6b468db1806ee2f3b9224e13179af7d4e8bb5897148e0,,UNKNOWN,worker_0,,26,26,3657,3682,3657,3665,198.27042167261243,search_exhausted,,,2d0172a1,d012,2d0172a1:o1:d012:flip_ud,5,1790573979413245753,bbbd817b972d957b2dd60a4149218ec936052d0cce7473548956bc08fef98727,10cc49b478622aab66f18db46a6a02556a8d0e1f04de7b66ef5f5caed0aa2bad
/workspace/arc2/active_runs/eval60_v5_vs_greedy_4worker_v1/raw/task_depth/2d0172a1/d012.parquet,94e645c65e5ceaea33db3b17123193af4d46474ce92d7e43f9d981ed0a05afe4,5043013,2d0172a1,1,12,transpose,662a135e7a3eb9d64be98524a4c89ddcd15bd6e0c2fcc2b2e498c21d4a5c268e,e5beec92c9992930f4d6b468db1806ee2f3b9224e13179af7d4e8bb5897148e0,,UNKNOWN,worker_0,,15,15,2765,2780,2765,2767,127.22350119240582,search_exhausted,,,2d0172a1,d012,2d0172a1:o1:d012:transpose,6,1790573979413245753,faa7d408fd73598d8d536a8e00fa01e48df3e08648555434fe11d888a6306f4e,b1456d8b35e4fa1d6497cc0ec174709e795d634f0488b4d53d44b10c39f3ba50
/workspace/arc2/active_runs/eval60_v5_vs_greedy_4worker_v1/raw/task_depth/2d0172a1/d012.parquet,94e645c65e5ceaea33db3b17123193af4d46474ce92d7e43f9d981ed0a05afe4,5043013,2d0172a1,1,12,anti_transpose,662a135e7a3eb9d64be98524a4c89ddcd15bd6e0c2fcc2b2e498c21d4a5c268e,e5beec92c9992930f4d6b468db1806ee2f3b9224e13179af7d4e8bb5897148e0,,UNKNOWN,worker_0,,13,13,2769,2780,2769,2748,127.22350119240582,search_exhausted,,,2d0172a1,d012,2d0172a1:o1:d012:anti_transpose,7,1790573979413245753,daf9d3749130016c6e6afdf3aea543bc039ccd9f1bd0b176e61088ffbeef6f34,fd5a3de94e3828d9e8921197df89453d1cb5fe1ae166985e1fb51d02b34a16ad
/workspace/arc2/active_runs/eval60_v5_vs_greedy_4worker_v1/raw/task_depth/2d0172a1/d024.parquet,a83023b7bd2da295e09cb8640aad9ee58a9dee89f98d75f941510b856a7f802b,2470111,2d0172a1,0,24,identity,0e0b4249e1c60ba1bcbf88ced086422adbd8f779ddeff0188a8ede029daca613,e5beec92c9992930f4d6b468db1806ee2f3b9224e13179af7d4e8bb5897148e0,,UNKNOWN,worker_0,,2,2,215,216,215,78,13.765874900855124,search_exhausted,,,2d0172a1,d024,2d0172a1:o0:d024:identity,0,1790574521280860209,dd45ccb6a2037e49be3e6db726375139a117074d985ec5b10f5662a4d33a33b2,f04b79f10bb81fba04804e7bf9043e08bb3022e4b1de6cfe1b9ea2008110c5ba
/workspace/arc2/active_runs/eval60_v5_vs_greedy_4worker_v1/raw/task_depth/2d0172a1/d024.parquet,a83023b7bd2da295e09cb8640aad9ee58a9dee89f98d75f941510b856a7f802b,2470111,2d0172a1,0,24,flip_ud,0e0b4249e1c60ba1bcbf88ced086422adbd8f779ddeff0188a8ede029daca613,e5beec92c9992930f4d6b468db1806ee2f3b9224e13179af7d4e8bb5897148e0,,UNKNOWN,worker_0,,2,2,214,216,214,90,13.765874900855124,search_exhausted,,,2d0172a1,d024,2d0172a1:o0:d024:flip_ud,1,1790574521280860209,e6f3acd2a8a6454614c6f04f43d81407fe0d93347b6039793fe401b193bd1961,b015e9532229af6531f4ec32fbaab859f8cd264cadc860ba052b727e6fe406f5
/workspace/arc2/active_runs/eval60_v5_vs_greedy_4worker_v1/raw/task_depth/2d0172a1/d024.parquet,a83023b7bd2da295e09cb8640aad9ee58a9dee89f98d75f941510b856a7f802b,2470111,2d0172a1,0,24,transpose,0e0b4249e1c60ba1bcbf88ced086422adbd8f779ddeff0188a8ede029daca613,e5beec92c9992930f4d6b468db1806ee2f3b9224e13179af7d4e8bb5897148e0,,UNKNOWN,worker_0,,3,3,313,314,313,161,19.955390037037432,search_exhausted,,,2d0172a1,d024,2d0172a1:o0:d024:transpose,2,1790574521280860209,5dbc1e9f0912b4223bb1b32fbfca40c752d3d5e1d8fc125e36126629a0f82b3a,dcea4620cacf58e6baa08525977bd64cc37b259df41b3cd1376a0ad0b02ca6f2
/workspace/arc2/active_runs/eval60_v5_vs_greedy_4worker_v1/raw/task_depth/2d0172a1/d024.parquet,a83023b7bd2da295e09cb8640aad9ee58a9dee89f98d75f941510b856a7f802b,2470111,2d0172a1,0,24,anti_transpose,0e0b4249e1c60ba1bcbf88ced086422adbd8f779ddeff0188a8ede029daca613,e5beec92c9992930f4d6b468db1806ee2f3b9224e13179af7d4e8bb5897148e0,,UNKNOWN,worker_0,,5,5,310,314,310,144,19.955390037037432,search_exhausted,,,2d0172a1,d024,2d0172a1:o0:d024:anti_transpose,3,1790574521280860209,208018ad9365755816dfa8e6f65b67c7a68767e6520c8ae9f07759105b63eacb,1c03911eb57ee64a056ad23d655c36cafb6fdf77ad566544619dd8acca0f566d
/workspace/arc2/active_runs/eval60_v5_vs_greedy_4worker_v1/raw/task_depth/2d0172a1/d024.parquet,a83023b7bd2da295e09cb8640aad9ee58a9dee89f98d75f941510b856a7f802b,2470111,2d0172a1,1,24,identity,0e0b4249e1c60ba1bcbf88ced086422adbd8f779ddeff0188a8ede029daca613,e5beec92c9992930f4d6b468db1806ee2f3b9224e13179af7d4e8bb5897148e0,,UNKNOWN,worker_0,,8,8,1843,1850,1843,1498,107.1201611654833,search_exhausted,,,2d0172a1,d024,2d0172a1:o1:d024:identity,4,1790574521280860209,49d1b61f6c343f4dbd84e13146a2af8cef284e68acb3d6948e785d35d9744302,b4c378cedcd09be43a0f0157519c2415ec153818404ad931f368ce120dd9a2a8
/workspace/arc2/active_runs/eval60_v5_vs_greedy_4worker_v1/raw/task_depth/2d0172a1/d024.parquet,a83023b7bd2da295e09cb8640aad9ee58a9dee89f98d75f941510b856a7f802b,2470111,2d0172a1,1,24,flip_ud,0e0b4249e1c60ba1bcbf88ced086422adbd8f779ddeff0188a8ede029daca613,e5beec92c9992930f4d6b468db1806ee2f3b9224e13179af7d4e8bb5897148e0,,UNKNOWN,worker_0,,6,6,1845,1850,1845,1629,107.1201611654833,search_exhausted,,,2d0172a1,d024,2d0172a1:o1:d024:flip_ud,5,1790574521280860209,5c549428e339dc6399223c6d2dd6dcdfc5233668f016618c42b3a851688d8b05,bfc91366dd567d49d2aa76a4bb585fb4f30a1f0cb0b054045903a1070dcfd3c6
/workspace/arc2/active_runs/eval60_v5_vs_greedy_4worker_v1/raw/task_depth/2d0172a1/d024.parquet,a83023b7bd2da295e09cb8640aad9ee58a9dee89f98d75f941510b856a7f802b,2470111,2d0172a1,1,24,transpose,0e0b4249e1c60ba1bcbf88ced086422adbd8f779ddeff0188a8ede029daca613,e5beec92c9992930f4d6b468db1806ee2f3b9224e13179af7d4e8bb5897148e0,,UNKNOWN,worker_0,,17,17,2122,2138,2122,1946,110.58529903367162,search_exhausted,,,2d0172a1,d024,2d0172a1:o1:d024:transpose,6,1790574521280860209,c009011daea85994fca08b710b64d424f844f6f1bb22bba3f0ce0c8978537922,cdbd4feffe70bfc69bf42622f701d30247cf479297940292f773524debc1efe2
/workspace/arc2/active_runs/eval60_v5_vs_greedy_4worker_v1/raw/task_depth/2d0172a1/d024.parquet,a83023b7bd2da295e09cb8640aad9ee58a9dee89f98d75f941510b856a7f802b,2470111,2d0172a1,1,24,anti_transpose,0e0b4249e1c60ba1bcbf88ced086422adbd8f779ddeff0188a8ede029daca613,e5beec92c9992930f4d6b468db1806ee2f3b9224e13179af7d4e8bb5897148e0,,UNKNOWN,worker_0,,22,22,2118,2138,2118,2088,110.58529903367162,search_exhausted,,,2d0172a1,d024,2d0172a1:o1:d024:anti_transpose,7,1790574521280860209,6348d06ec8dbd04bcc6fb73852ad9ec76ac2bc33c3a9d2c16f1b534c07262dbf,b820908152b1df8ceae59252e9701e624c79e48cc1e75c49be75015049af30e0
/workspace/arc2/active_runs/eval60_v5_vs_greedy_4worker_v1/raw/task_depth/2d0172a1/d048.parquet,9580ef25a314f941dafd6b46ddf4f519a5f5fa4109112e5b10fc347e4672f476,1429181,2d0172a1,0,48,identity,0d1789e01569d9c9196bfd49129b58c03386feec5b666db9b81ef21d262ffcc8,e5beec92c9992930f4d6b468db1806ee2f3b9224e13179af7d4e8bb5897148e0,,UNKNOWN,worker_0,,2,2,221,222,221,89,13.85098993126303,search_exhausted,,,2d0172a1,d048,2d0172a1:o0:d048:identity,0,1790574868931901017,447791e83edc8b6959c9b03ee7d59cbb19c0f8f08ef7fc378d1feb78ea817137,193fbc840dfac1adda86643b5df908de527b061ac5793263ec790342db450ab5
/workspace/arc2/active_runs/eval60_v5_vs_greedy_4worker_v1/raw/task_depth/2d0172a1/d048.parquet,9580ef25a314f941dafd6b46ddf4f519a5f5fa4109112e5b10fc347e4672f476,1429181,2d0172a1,0,48,flip_ud,0d1789e01569d9c9196bfd49129b58c03386feec5b666db9b81ef21d262ffcc8,e5beec92c9992930f4d6b468db1806ee2f3b9224e13179af7d4e8bb5897148e0,,UNKNOWN,worker_0,,2,2,221,222,221,0,13.85098993126303,search_exhausted,,,2d0172a1,d048,2d0172a1:o0:d048:flip_ud,1,1790574868931901017,da55852a2dae940207f66bdf20fab29e1b9160216656accda16caf175b7f813b,40f088e5825e9670be505be2655d380bdc3bd63deb796863d4ba2fb6b1825c4d
/workspace/arc2/active_runs/eval60_v5_vs_greedy_4worker_v1/raw/task_depth/2d0172a1/d048.parquet,9580ef25a314f941dafd6b46ddf4f519a5f5fa4109112e5b10fc347e4672f476,1429181,2d0172a1,0,48,transpose,0d1789e01569d9c9196bfd49129b58c03386feec5b666db9b81ef21d262ffcc8,e5beec92c9992930f4d6b468db1806ee2f3b9224e13179af7d4e8bb5897148e0,,UNKNOWN,worker_0,,2,2,231,232,231,57,15.010127217508852,search_exhausted,,,2d0172a1,d048,2d0172a1:o0:d048:transpose,2,1790574868931901017,e7e0dd3b35f8f5f2a0bbaa819f2c3b4000e14f18c8cf0e405bab3c28b8a60aea,7f372c94b379b0122d2827b475d304085f24efc6519ae0f9e26bd468ea4377e5
/workspace/arc2/active_runs/eval60_v5_vs_greedy_4worker_v1/raw/task_depth/2d0172a1/d048.parquet,9580ef25a314f941dafd6b46ddf4f519a5f5fa4109112e5b10fc347e4672f476,1429181,2d0172a1,0,48,anti_transpose,0d1789e01569d9c9196bfd49129b58c03386feec5b666db9b81ef21d262ffcc8,e5beec92c9992930f4d6b468db1806ee2f3b9224e13179af7d4e8bb5897148e0,,UNKNOWN,worker_0,,2,2,230,232,230,122,15.010127217508852,search_exhausted,,,2d0172a1,d048,2d0172a1:o0:d048:anti_transpose,3,1790574868931901017,65aa56a31b78707a74a8e1269c72aedacfbe4ec0e2aa1727c197ba6539462d03,772ea27670deac6a03e97b47652844efb94f4ed6c029debb6780528374fbbb48
/workspace/arc2/active_runs/eval60_v5_vs_greedy_4worker_v1/raw/task_depth/2d0172a1/d048.parquet,9580ef25a314f941dafd6b46ddf4f519a5f5fa4109112e5b10fc347e4672f476,1429181,2d0172a1,1,48,identity,0d1789e01569d9c9196bfd49129b58c03386feec5b666db9b81ef21d262ffcc8,e5beec92c9992930f4d6b468db1806ee2f3b9224e13179af7d4e8bb5897148e0,,UNKNOWN,worker_0,,2,2,178,180,178,12,11.596030607819557,search_exhausted,,,2d0172a1,d048,2d0172a1:o1:d048:identity,4,1790574868931901017,9ee76aefce8229124d68613b08d199bfb0c6b4b2d68b5a561cb3d531a281dacf,1c681d047b562146f63b2b101fae38d797f905c46b7db6aa3fb9ec49f81b1520
/workspace/arc2/active_runs/eval60_v5_vs_greedy_4worker_v1/raw/task_depth/2d0172a1/d048.parquet,9580ef25a314f941dafd6b46ddf4f519a5f5fa4109112e5b10fc347e4672f476,1429181,2d0172a1,1,48,flip_ud,0d1789e01569d9c9196bfd49129b58c03386feec5b666db9b81ef21d262ffcc8,e5beec92c9992930f4d6b468db1806ee2f3b9224e13179af7d4e8bb5897148e0,,UNKNOWN,worker_0,,1,1,179,180,179,0,11.596030607819557,search_exhausted,,,2d0172a1,d048,2d0172a1:o1:d048:flip_ud,5,1790574868931901017,76380cdfddb07c892ef013d9bf20270f47f95f8bd9efe1b6c1b212425e8755a1,2dc55a688c1683e5a0417cda63dcfa5f21412fcbf836e69937caf556b58b717c
/workspace/arc2/active_runs/eval60_v5_vs_greedy_4worker_v1/raw/task_depth/2d0172a1/d048.parquet,9580ef25a314f941dafd6b46ddf4f519a5f5fa4109112e5b10fc347e4672f476,1429181,2d0172a1,1,48,transpose,0d1789e01569d9c9196bfd49129b58c03386feec5b666db9b81ef21d262ffcc8,e5beec92c9992930f4d6b468db1806ee2f3b9224e13179af7d4e8bb5897148e0,,UNKNOWN,worker_0,,11,11,1950,1960,1950,1816,117.9137748843059,search_exhausted,,,2d0172a1,d048,2d0172a1:o1:d048:transpose,6,1790574868931901017,1c52b5e3867b3b05a200440135fe068d45fa39929e5cac176dcd716eabd6d218,fcfd2c02349488a9452dc78f3de9551b93613adec76326b953556040fea3b7e1
/workspace/arc2/active_runs/eval60_v5_vs_greedy_4worker_v1/raw/task_depth/2d0172a1/d048.parquet,9580ef25a314f941dafd6b46ddf4f519a5f5fa4109112e5b10fc347e4672f476,1429181,2d0172a1,1,48,anti_transpose,0d1789e01569d9c9196bfd49129b58c03386feec5b666db9b81ef21d262ffcc8,e5beec92c9992930f4d6b468db1806ee2f3b9224e13179af7d4e8bb5897148e0,,UNKNOWN,worker_0,,11,11,1950,1960,1950,1783,117.9137748843059,search_exhausted,,,2d0172a1,d048,2d0172a1:o1:d048:anti_transpose,7,1790574868931901017,a8fa5e0a3a47ad1c1ad0edef37bab23a5d6aa4524148e388687621789edba332,477a142b45e4d5c9c5170bd0200ee541477e0e8a49173b3935a65103572a9171
/workspace/arc2/active_runs/eval60_v5_vs_greedy_4worker_v1/raw/task_depth/36a08778/d012.parquet,9395312bc8ed5da807f33845027be00a5f6f30cda060500e9f9b339e11d8eaff,3764978,36a08778,0,12,identity,c5a35501048a769404230b526a82972ed0b88bf09d1f3f753d628c9c66108f5e,e5beec92c9992930f4d6b468db1806ee2f3b9224e13179af7d4e8bb5897148e0,,UNKNOWN,worker_2,,2,2,539,541,539,269,31.56394002120942,search_exhausted,,,36a08778,d012,36a08778:o0:d012:identity,0,1790573816979530663,65075f7ee43f73446f0457722f2f95f0f78991e4b15396cd0f599236fcff26db,4e781589a98a42db94dfbb3b7c25f4252c5c49700ad4955da250380789465011
/workspace/arc2/active_runs/eval60_v5_vs_greedy_4worker_v1/raw/task_depth/36a08778/d012.parquet,9395312bc8ed5da807f33845027be00a5f6f30cda060500e9f9b339e11d8eaff,3764978,36a08778,0,12,flip_ud,c5a35501048a769404230b526a82972ed0b88bf09d1f3f753d628c9c66108f5e,e5beec92c9992930f4d6b468db1806ee2f3b9224e13179af7d4e8bb5897148e0,,UNKNOWN,worker_2,,2,2,540,541,540,269,31.56394002120942,search_exhausted,,,36a08778,d012,36a08778:o0:d012:flip_ud,1,1790573816979530663,9891f7c862884b65f2ef9bfbb022ea64dd9547dcdb38a0146149eeb85852b02e,19988d93f31726a6f68dd79a3d6ed0dc9ef536e098e584300995299e16252fc5
/workspace/arc2/active_runs/eval60_v5_vs_greedy_4worker_v1/raw/task_depth/36a08778/d012.parquet,9395312bc8ed5da807f33845027be00a5f6f30cda060500e9f9b339e11d8eaff,3764978,36a08778,0,12,transpose,c5a35501048a769404230b526a82972ed0b88bf09d1f3f753d628c9c66108f5e,e5beec92c9992930f4d6b468db1806ee2f3b9224e13179af7d4e8bb5897148e0,,UNKNOWN,worker_2,,3,3,665,667,665,127,42.301278055645525,search_exhausted,,,36a08778,d012,36a08778:o0:d012:transpose,2,1790573816979530663,39a1f705510115861ad6c3b6f238bb67fc63a18566c02bfd61769205fb4942e6,f3bec01ea018fa34d5d803f291924af8866ab51d79e0ecef9ceed018ac38c927
/workspace/arc2/active_runs/eval60_v5_vs_greedy_4worker_v1/raw/task_depth/36a08778/d012.parquet,9395312bc8ed5da807f33845027be00a5f6f30cda060500e9f9b339e11d8eaff,3764978,36a08778,0,12,anti_transpose,c5a35501048a769404230b526a82972ed0b88bf09d1f3f753d628c9c66108f5e,e5beec92c9992930f4d6b468db1806ee2f3b9224e13179af7d4e8bb5897148e0,,UNKNOWN,worker_2,,3,3,665,667,665,394,42.301278055645525,search_exhausted,,,36a08778,d012,36a08778:o0:d012:anti_transpose,3,1790573816979530663,7775b391f4fc83a32a941ead06c9c11c32050b6e2da34d2c83dcd64faf8ababb,a7525459a867b3ee544ab778f458eed2f73c0cb80b15880cbb2621d379f885c5
/workspace/arc2/active_runs/eval60_v5_vs_greedy_4worker_v1/raw/task_depth/36a08778/d012.parquet,9395312bc8ed5da807f33845027be00a5f6f30cda060500e9f9b339e11d8eaff,3764978,36a08778,1,12,identity,c5a35501048a769404230b526a82972ed0b88bf09d1f3f753d628c9c66108f5e,e5beec92c9992930f4d6b468db1806ee2f3b9224e13179af7d4e8bb5897148e0,,UNKNOWN,worker_2,,4,4,3171,3174,3171,1848,183.64268526621163,search_exhausted,,,36a08778,d012,36a08778:o1:d012:identity,4,1790573816979530663,b746f8822fb78b7907b54284f3194150da29e35781a08fc9aa179c6bee771523,1795deb38a7e8953259daaa78217200f3ac5def180f383ffdc0428c8bb5f6710
/workspace/arc2/active_runs/eval60_v5_vs_greedy_4worker_v1/raw/task_depth/36a08778/d012.parquet,9395312bc8ed5da807f33845027be00a5f6f30cda060500e9f9b339e11d8eaff,3764978,36a08778,1,12,flip_ud,c5a35501048a769404230b526a82972ed0b88bf09d1f3f753d628c9c66108f5e,e5beec92c9992930f4d6b468db1806ee2f3b9224e13179af7d4e8bb5897148e0,,UNKNOWN,worker_2,,4,4,3172,3174,3172,3129,183.64268526621163,search_exhausted,,,36a08778,d012,36a08778:o1:d012:flip_ud,5,1790573816979530663,f058ec3a61cc90464e5665014061a68c8ba33bc74d9cf0254ac76d13638dd0ab,c09b01d6cef74704da22cd2ae1600503d421074f680b201a6c6544b27b97b7e3
/workspace/arc2/active_runs/eval60_v5_vs_greedy_4worker_v1/raw/task_depth/36a08778/d012.parquet,9395312bc8ed5da807f33845027be00a5f6f30cda060500e9f9b339e11d8eaff,3764978,36a08778,1,12,transpose,c5a35501048a769404230b526a82972ed0b88bf09d1f3f753d628c9c66108f5e,e5beec92c9992930f4d6b468db1806ee2f3b9224e13179af7d4e8bb5897148e0,,UNKNOWN,worker_2,,3,3,2434,2436,2434,1566,133.72624975442886,search_exhausted,,,36a08778,d012,36a08778:o1:d012:transpose,6,1790573816979530663,a9f3d9e0a74a3d74eb9f8acc4060d8c4b846e1bceb801d5c62421fe3d9c127c6,5a96625c45c831f642f5d1840c957f4833ef172dd97a12c87e78be8f5ed18fcc
/workspace/arc2/active_runs/eval60_v5_vs_greedy_4worker_v1/raw/task_depth/36a08778/d012.parquet,9395312bc8ed5da807f33845027be00a5f6f30cda060500e9f9b339e11d8eaff,3764978,36a08778,1,12,anti_transpose,c5a35501048a769404230b526a82972ed0b88bf09d1f3f753d628c9c66108f5e,e5beec92c9992930f4d6b468db1806ee2f3b9224e13179af7d4e8bb5897148e0,,UNKNOWN,worker_2,,3,3,2434,2436,2434,1339,133.72624975442886,search_exhausted,,,36a08778,d012,36a08778:o1:d012:anti_transpose,7,1790573816979530663,8395f0b67381500b21f273dcaf6e7410622fb6ec814dbc6df08acdafc53d4040,57c4bcd556f0615b268bfc85671cad00d2048c7dc91445923fb6b1cfa5eafc1f
/workspace/arc2/active_runs/eval60_v5_vs_greedy_4worker_v1/raw/task_depth/36a08778/d024.parquet,431b47b88b7e849e35a21287cfca14fee71940a136b9f888527f1e5e19613802,2350916,36a08778,0,24,identity,1b38bb917aac268035f15dac621b1c957b44561b60dce10c8d6a59546d0b24c5,e5beec92c9992930f4d6b468db1806ee2f3b9224e13179af7d4e8bb5897148e0,,UNKNOWN,worker_2,,2,2,539,541,539,269,24.917549150064588,search_exhausted,,,36a08778,d024,36a08778:o0:d024:identity,0,1790574369358853699,a081cc522982b2bb0e60230608d5b884e47a76ba10f55ef5606aeed6b284d4af,112da7041d26b502afa1d0208bd29aa3037104475041077b98ea6a5e1cc915c7
/workspace/arc2/active_runs/eval60_v5_vs_greedy_4worker_v1/raw/task_depth/36a08778/d024.parquet,431b47b88b7e849e35a21287cfca14fee71940a136b9f888527f1e5e19613802,2350916,36a08778,0,24,flip_ud,1b38bb917aac268035f15dac621b1c957b44561b60dce10c8d6a59546d0b24c5,e5beec92c9992930f4d6b468db1806ee2f3b9224e13179af7d4e8bb5897148e0,,UNKNOWN,worker_2,,2,2,540,541,540,0,24.917549150064588,search_exhausted,,,36a08778,d024,36a08778:o0:d024:flip_ud,1,1790574369358853699,19d7845c965d0b2e4e423810f787fd43da4bc5ae1a8734a7f310e14568da0c82,0cbe06f8570e411c09e6537482eb0a22928468d2031dd7c30ac3fffecee85641
/workspace/arc2/active_runs/eval60_v5_vs_greedy_4worker_v1/raw/task_depth/36a08778/d024.parquet,431b47b88b7e849e35a21287cfca14fee71940a136b9f888527f1e5e19613802,2350916,36a08778,0,24,transpose,1b38bb917aac268035f15dac621b1c957b44561b60dce10c8d6a59546d0b24c5,e5beec92c9992930f4d6b468db1806ee2f3b9224e13179af7d4e8bb5897148e0,,UNKNOWN,worker_2,,1,1,271,272,271,0,11.773885391652584,search_exhausted,,,36a08778,d024,36a08778:o0:d024:transpose,2,1790574369358853699,95caed14315bfd29603bea064bc6f1646f43b452ebd86730d680e6d2a59fa6a0,310818c8e6050b86e829d30bea62b9a93330783beb0fbc469e0c48b43ce3fc9d
/workspace/arc2/active_runs/eval60_v5_vs_greedy_4worker_v1/raw/task_depth/36a08778/d024.parquet,431b47b88b7e849e35a21287cfca14fee71940a136b9f888527f1e5e19613802,2350916,36a08778,0,24,anti_transpose,1b38bb917aac268035f15dac621b1c957b44561b60dce10c8d6a59546d0b24c5,e5beec92c9992930f4d6b468db1806ee2f3b9224e13179af7d4e8bb5897148e0,,UNKNOWN,worker_2,,1,1,271,272,271,0,11.773885391652584,search_exhausted,,,36a08778,d024,36a08778:o0:d024:anti_transpose,3,1790574369358853699,97cfe7866ea2882822b47f911d3de5adb3588e97f9333481c8318243101e87c9,a1eed8888e28017b2bbf5bf2562995523d571f74dca6e76a1e89ac495ab00e59
/workspace/arc2/active_runs/eval60_v5_vs_greedy_4worker_v1/raw/task_depth/36a08778/d024.parquet,431b47b88b7e849e35a21287cfca14fee71940a136b9f888527f1e5e19613802,2350916,36a08778,1,24,identity,1b38bb917aac268035f15dac621b1c957b44561b60dce10c8d6a59546d0b24c5,e5beec92c9992930f4d6b468db1806ee2f3b9224e13179af7d4e8bb5897148e0,,UNKNOWN,worker_2,,4,4,3171,3174,3171,1848,168.51142556779087,search_exhausted,,,36a08778,d024,36a08778:o1:d024:identity,4,1790574369358853699,98452b000fcd56703b0863ff4d31decbb892d6ca43cb697da1639e371956cc55,fb1839ae402b5d5cf8ed6af9194550a404f410e6560ce77a5eb4d6b0f45d5194
/workspace/arc2/active_runs/eval60_v5_vs_greedy_4worker_v1/raw/task_depth/36a08778/d024.parquet,431b47b88b7e849e35a21287cfca14fee71940a136b9f888527f1e5e19613802,2350916,36a08778,1,24,flip_ud,1b38bb917aac268035f15dac621b1c957b44561b60dce10c8d6a59546d0b24c5,e5beec92c9992930f4d6b468db1806ee2f3b9224e13179af7d4e8bb5897148e0,,UNKNOWN,worker_2,,4,4,3172,3174,3172,3135,168.51142556779087,search_exhausted,,,36a08778,d024,36a08778:o1:d024:flip_ud,5,1790574369358853699,bb5c1b28d3b44583c52b4678af70e3cd65921119d0c6293be27e3e20e1c36e0f,806d04df41a9996c60bd7ccdb4e7156e866f32608b07560a8a96a61eec571ffe
/workspace/arc2/active_runs/eval60_v5_vs_greedy_4worker_v1/raw/task_depth/36a08778/d024.parquet,431b47b88b7e849e35a21287cfca14fee71940a136b9f888527f1e5e19613802,2350916,36a08778,1,24,transpose,1b38bb917aac268035f15dac621b1c957b44561b60dce10c8d6a59546d0b24c5,e5beec92c9992930f4d6b468db1806ee2f3b9224e13179af7d4e8bb5897148e0,,UNKNOWN,worker_2,,1,1,929,930,929,0,50.27957191038877,search_exhausted,,,36a08778,d024,36a08778:o1:d024:transpose,6,1790574369358853699,90cd6ba1c6d09febca175fde4f62f867f45ceb3a44f4b434fde2a1eca2a2685a,cb345ff3dca07ae9e950fa17a785eae3b3b9ccf8f2275b04f42529dcc5b74356
/workspace/arc2/active_runs/eval60_v5_vs_greedy_4worker_v1/raw/task_depth/36a08778/d024.parquet,431b47b88b7e849e35a21287cfca14fee71940a136b9f888527f1e5e19613802,2350916,36a08778,1,24,anti_transpose,1b38bb917aac268035f15dac621b1c957b44561b60dce10c8d6a59546d0b24c5,e5beec92c9992930f4d6b468db1806ee2f3b9224e13179af7d4e8bb5897148e0,,UNKNOWN,worker_2,,1,1,929,930,929,0,50.27957191038877,search_exhausted,,,36a08778,d024,36a08778:o1:d024:anti_transpose,7,1790574369358853699,b47f83e7c1edceba7aa30fe033ae208bdc8b92a5325caca52a129d1d2c8de0d4,025d79740cac7f27625522e4f997bb0b9d1f819f0c08cc8fb44eb6264647fb36
/workspace/arc2/active_runs/eval60_v5_vs_greedy_4worker_v1/raw/task_depth/36a08778/d048.parquet,6e0deb48744f00b2b0c3576c2663830fa19245090bdc1bfa2e07e441fd7c4ea7,2483956,36a08778,0,48,identity,975ec13c8013a26cb54e881974cb127d2e87dd67bbd2bb3be9a72a37d5dc9d6b,e5beec92c9992930f4d6b468db1806ee2f3b9224e13179af7d4e8bb5897148e0,,UNKNOWN,worker_2,,1,1,271,272,271,0,16.237529755569994,search_exhausted,,,36a08778,d048,36a08778:o0:d048:identity,0,1790574993579387963,6a15e5f9e52ec80d14072ca1423e5644dce79815b84753b9880b637c07af89b5,51c893ad74fbabe32ddd86f2e386f4e243ebb817bad54748866a757840596a8a
/workspace/arc2/active_runs/eval60_v5_vs_greedy_4worker_v1/raw/task_depth/36a08778/d048.parquet,6e0deb48744f00b2b0c3576c2663830fa19245090bdc1bfa2e07e441fd7c4ea7,2483956,36a08778,0,48,flip_ud,975ec13c8013a26cb54e881974cb127d2e87dd67bbd2bb3be9a72a37d5dc9d6b,e5beec92c9992930f4d6b468db1806ee2f3b9224e13179af7d4e8bb5897148e0,,UNKNOWN,worker_2,,1,1,271,272,271,0,16.237529755569994,search_exhausted,,,36a08778,d048,36a08778:o0:d048:flip_ud,1,1790574993579387963,625c254b9fd4b4d9989d7f0988e14d7b206d8709df7fb84d89cae7474f90740e,30dcc21e151f9ac8181f4c2f9f36dd049ca27cb6972261d48cee5a9dbffd0e9d
/workspace/arc2/active_runs/eval60_v5_vs_greedy_4worker_v1/raw/task_depth/36a08778/d048.parquet,6e0deb48744f00b2b0c3576c2663830fa19245090bdc1bfa2e07e441fd7c4ea7,2483956,36a08778,0,48,transpose,975ec13c8013a26cb54e881974cb127d2e87dd67bbd2bb3be9a72a37d5dc9d6b,e5beec92c9992930f4d6b468db1806ee2f3b9224e13179af7d4e8bb5897148e0,,UNKNOWN,worker_2,,2,2,332,334,332,62,20.100260876119137,search_exhausted,,,36a08778,d048,36a08778:o0:d048:transpose,2,1790574993579387963,5f3683174806a542b0a7fafc9769efa527611cd96699dd040891a950f3ae42f8,16b0eb3998d9e8c2aa4fc2dff327ca345cd9431761f40c38480aa21453d4f74c
/workspace/arc2/active_runs/eval60_v5_vs_greedy_4worker_v1/raw/task_depth/36a08778/d048.parquet,6e0deb48744f00b2b0c3576c2663830fa19245090bdc1bfa2e07e441fd7c4ea7,2483956,36a08778,0,48,anti_transpose,975ec13c8013a26cb54e881974cb127d2e87dd67bbd2bb3be9a72a37d5dc9d6b,e5beec92c9992930f4d6b468db1806ee2f3b9224e13179af7d4e8bb5897148e0,,UNKNOWN,worker_2,,2,2,333,334,333,0,20.100260876119137,search_exhausted,,,36a08778,d048,36a08778:o0:d048:anti_transpose,3,1790574993579387963,1135fdcf393f9f10e1427cdf0aba1535ac4861f68bfb3cd63bc03e1d4751b0c2,ff48f5a0aab051717f71051e627104786892f35cd13c44f9921ded99244eacbc
/workspace/arc2/active_runs/eval60_v5_vs_greedy_4worker_v1/raw/task_depth/36a08778/d048.parquet,6e0deb48744f00b2b0c3576c2663830fa19245090bdc1bfa2e07e441fd7c4ea7,2483956,36a08778,1,48,identity,975ec13c8013a26cb54e881974cb127d2e87dd67bbd2bb3be9a72a37d5dc9d6b,e5beec92c9992930f4d6b468db1806ee2f3b9224e13179af7d4e8bb5897148e0,,UNKNOWN,worker_2,,3,3,2252,2254,2252,928,127.41867425758392,search_exhausted,,,36a08778,d048,36a08778:o1:d048:identity,4,1790574993579387963,23c10ee92f2d18009cf6da101699429596d278b9980f5ebd3c76b90e321890dd,71cc66988385e6bea724409ad40a43edb72ca058441ce42badcfddfeb65077d1
/workspace/arc2/active_runs/eval60_v5_vs_greedy_4worker_v1/raw/task_depth/36a08778/d048.parquet,6e0deb48744f00b2b0c3576c2663830fa19245090bdc1bfa2e07e441fd7c4ea7,2483956,36a08778,1,48,flip_ud,975ec13c8013a26cb54e881974cb127d2e87dd67bbd2bb3be9a72a37d5dc9d6b,e5beec92c9992930f4d6b468db1806ee2f3b9224e13179af7d4e8bb5897148e0,,UNKNOWN,worker_2,,3,3,2252,2254,2252,2212,127.41867425758392,search_exhausted,,,36a08778,d048,36a08778:o1:d048:flip_ud,5,1790574993579387963,e862477e3c06ab1aa080687d28cfd52458ef9952f276ae92357abb2e74818175,5b5eb398bb185da96dc3f449531eb8cf9f6dd963f8e79dcd53b904211be9d8ef
/workspace/arc2/active_runs/eval60_v5_vs_greedy_4worker_v1/raw/task_depth/36a08778/d048.parquet,6e0deb48744f00b2b0c3576c2663830fa19245090bdc1bfa2e07e441fd7c4ea7,2483956,36a08778,1,48,transpose,975ec13c8013a26cb54e881974cb127d2e87dd67bbd2bb3be9a72a37d5dc9d6b,e5beec92c9992930f4d6b468db1806ee2f3b9224e13179af7d4e8bb5897148e0,,UNKNOWN,worker_2,,3,3,2285,2286,2285,480,129.10500989481807,search_exhausted,,,36a08778,d048,36a08778:o1:d048:transpose,6,1790574993579387963,1424bb60f03516b69e777ff2c3a7a4636ff42bebe41b3659e11990bb0bccb1df,9e8e265c31a86a2894817b59c08163838749f228df96d90df95dec6af7556cfc
/workspace/arc2/active_runs/eval60_v5_vs_greedy_4worker_v1/raw/task_depth/36a08778/d048.parquet,6e0deb48744f00b2b0c3576c2663830fa19245090bdc1bfa2e07e441fd7c4ea7,2483956,36a08778,1,48,anti_transpose,975ec13c8013a26cb54e881974cb127d2e87dd67bbd2bb3be9a72a37d5dc9d6b,e5beec92c9992930f4d6b468db1806ee2f3b9224e13179af7d4e8bb5897148e0,,UNKNOWN,worker_2,,3,3,2283,2286,2283,1356,129.10500989481807,search_exhausted,,,36a08778,d048,36a08778:o1:d048:anti_transpose,7,1790574993579387963,199e339cecd9d1dd5845879023c19f68ee6b22c16f86effee9b166ee0a845f02,17a2bc8e509d4fad45ad04a09356956d07a43e11644ca0cb72a0767130ea01d5
/workspace/arc2/active_runs/eval60_v5_vs_greedy_4worker_v1/raw/task_depth/4a21e3da/d012.parquet,331934b01f309c3d3b5a6b4e2eb023663c3256f0c7196a9a79a97b489fb40641,2847895,4a21e3da,0,12,identity,c7d95bcdac0136b72a43dd3e9d9ea3d8c8a50ca3e5f296727880bb9722d3e04b,e5beec92c9992930f4d6b468db1806ee2f3b9224e13179af7d4e8bb5897148e0,,UNKNOWN,worker_0,,2,2,921,922,921,870,50.17019863706082,search_exhausted,,,4a21e3da,d012,4a21e3da:o0:d012:identity,0,1790575384870098713,ba844963502c0c58552145798334e46738f6e278c4c4470680c1380ac5033d9c,b10768e775a3acc9ffbfed2b627811887bc87332b1f82eb79212e16d28977916
/workspace/arc2/active_runs/eval60_v5_vs_greedy_4worker_v1/raw/task_depth/4a21e3da/d012.parquet,331934b01f309c3d3b5a6b4e2eb023663c3256f0c7196a9a79a97b489fb40641,2847895,4a21e3da,0,12,flip_ud,c7d95bcdac0136b72a43dd3e9d9ea3d8c8a50ca3e5f296727880bb9722d3e04b,e5beec92c9992930f4d6b468db1806ee2f3b9224e13179af7d4e8bb5897148e0,,UNKNOWN,worker_0,,2,2,921,922,921,870,50.17019863706082,search_exhausted,,,4a21e3da,d012,4a21e3da:o0:d012:flip_ud,1,1790575384870098713,c8a12816b9abad21f1390feeb51050eb0cffb491d8282a1afae37f7cee54203e,3cfba8beaf4ba00c389163ad5404cd1605e913ff0cbb731ef6b91f549a36cdcb
/workspace/arc2/active_runs/eval60_v5_vs_greedy_4worker_v1/raw/task_depth/4a21e3da/d012.parquet,331934b01f309c3d3b5a6b4e2eb023663c3256f0c7196a9a79a97b489fb40641,2847895,4a21e3da,0,12,transpose,c7d95bcdac0136b72a43dd3e9d9ea3d8c8a50ca3e5f296727880bb9722d3e04b,e5beec92c9992930f4d6b468db1806ee2f3b9224e13179af7d4e8bb5897148e0,,UNKNOWN,worker_0,,3,3,1379,1381,1379,1350,73.56048429943621,search_exhausted,,,4a21e3da,d012,4a21e3da:o0:d012:transpose,2,1790575384870098713,50c34adf25680a0615b2d4247fb1f9a98ac72af5d05b992e0854342d58097f52,d8dcb3fdc918ab2b2fdbbb5a151b3dbc18ee611940288e34ffca19e8e519efe4
/workspace/arc2/active_runs/eval60_v5_vs_greedy_4worker_v1/raw/task_depth/4a21e3da/d012.parquet,331934b01f309c3d3b5a6b4e2eb023663c3256f0c7196a9a79a97b489fb40641,2847895,4a21e3da,0,12,anti_transpose,c7d95bcdac0136b72a43dd3e9d9ea3d8c8a50ca3e5f296727880bb9722d3e04b,e5beec92c9992930f4d6b468db1806ee2f3b9224e13179af7d4e8bb5897148e0,,UNKNOWN,worker_0,,3,3,1379,1381,1379,1353,73.56048429943621,search_exhausted,,,4a21e3da,d012,4a21e3da:o0:d012:anti_transpose,3,1790575384870098713,1b47327633daf22b7f16458a8532041bdc16554d9549800f1e28298c924a7c3b,65e59027ca719380420496539ac8b1b4fac736faabc5143542f21d662d52080d
/workspace/arc2/active_runs/eval60_v5_vs_greedy_4worker_v1/raw/task_depth/4a21e3da/d012.parquet,331934b01f309c3d3b5a6b4e2eb023663c3256f0c7196a9a79a97b489fb40641,2847895,4a21e3da,1,12,identity,c7d95bcdac0136b72a43dd3e9d9ea3d8c8a50ca3e5f296727880bb9722d3e04b,e5beec92c9992930f4d6b468db1806ee2f3b9224e13179af7d4e8bb5897148e0,,UNKNOWN,worker_0,,3,3,1242,1244,1242,824,70.95098445564508,search_exhausted,,,4a21e3da,d012,4a21e3da:o1:d012:identity,4,1790575384870098713,3b9b7031d948f81ba7eff27aa0000f53d90bbc0c353ceffb03d9cfa954e8dfc7,9f81140f85fafe96e288acf47af7befc5cdd7254592111e836b3821333404fa2
/workspace/arc2/active_runs/eval60_v5_vs_greedy_4worker_v1/raw/task_depth/4a21e3da/d012.parquet,331934b01f309c3d3b5a6b4e2eb023663c3256f0c7196a9a79a97b489fb40641,2847895,4a21e3da,1,12,flip_ud,c7d95bcdac0136b72a43dd3e9d9ea3d8c8a50ca3e5f296727880bb9722d3e04b,e5beec92c9992930f4d6b468db1806ee2f3b9224e13179af7d4e8bb5897148e0,,UNKNOWN,worker_0,,3,3,1242,1244,1242,808,70.95098445564508,search_exhausted,,,4a21e3da,d012,4a21e3da:o1:d012:flip_ud,5,1790575384870098713,d701294d7b4f4202d5d187bcd6848b12b8c6749b80f53e5252ed3ac451a1679b,0d71d85eec527ebe56c4ca3f26412557ad3f82ef3655d178b19f95ae7c4a758b
/workspace/arc2/active_runs/eval60_v5_vs_greedy_4worker_v1/raw/task_depth/4a21e3da/d012.parquet,331934b01f309c3d3b5a6b4e2eb023663c3256f0c7196a9a79a97b489fb40641,2847895,4a21e3da,1,12,transpose,c7d95bcdac0136b72a43dd3e9d9ea3d8c8a50ca3e5f296727880bb9722d3e04b,e5beec92c9992930f4d6b468db1806ee2f3b9224e13179af7d4e8bb5897148e0,,UNKNOWN,worker_0,,2,2,837,839,837,523,47.98347202222794,search_exhausted,,,4a21e3da,d012,4a21e3da:o1:d012:transpose,6,1790575384870098713,c60eac25505f724ea75ca2b091d7cca01fd80dd967d74819cdeceffe179f2d30,b8ac12db8211a175a8e33ae048ac07517d851156af535fc69be1ecded8882d57
/workspace/arc2/active_runs/eval60_v5_vs_greedy_4worker_v1/raw/task_depth/4a21e3da/d012.parquet,331934b01f309c3d3b5a6b4e2eb023663c3256f0c7196a9a79a97b489fb40641,2847895,4a21e3da,1,12,anti_transpose,c7d95bcdac0136b72a43dd3e9d9ea3d8c8a50ca3e5f296727880bb9722d3e04b,e5beec92c9992930f4d6b468db1806ee2f3b9224e13179af7d4e8bb5897148e0,,UNKNOWN,worker_0,,2,2,838,839,838,487,47.98347202222794,search_exhausted,,,4a21e3da,d012,4a21e3da:o1:d012:anti_transpose,7,1790575384870098713,ccc827e5838281d779c00f4996d7700ed5a7f2417a6eb2b4b3d56ca6f8a416c1,1537f3497478318bd5e01304ae9238cafbc07e3f27f8a48ead85b87754308b48
/workspace/arc2/active_runs/eval60_v5_vs_greedy_4worker_v1/raw/task_depth/4a21e3da/d024.parquet,58ddfd2ac3da5d829b665e5100272275bfc770f0dceb6062711bc6eed823824a,1913442,4a21e3da,0,24,identity,7dc0550895068fb5c61e8840a83ed6c379c55d9142cec7a2cf6f465b99a0b8cd,e5beec92c9992930f4d6b468db1806ee2f3b9224e13179af7d4e8bb5897148e0,,UNKNOWN,worker_0,,2,2,918,919,918,895,55.054121411405504,search_exhausted,,,4a21e3da,d024,4a21e3da:o0:d024:identity,0,1790575815248307264,d65063ecabd4a237384742be67c0f34ce8a9dcd6dad6d4d84ac4797b57442a6e,8fbe5d6766ad7e3a8329376f3ee8e191d02649ca92898b442242227e63234905
/workspace/arc2/active_runs/eval60_v5_vs_greedy_4worker_v1/raw/task_depth/4a21e3da/d024.parquet,58ddfd2ac3da5d829b665e5100272275bfc770f0dceb6062711bc6eed823824a,1913442,4a21e3da,0,24,flip_ud,7dc0550895068fb5c61e8840a83ed6c379c55d9142cec7a2cf6f465b99a0b8cd,e5beec92c9992930f4d6b468db1806ee2f3b9224e13179af7d4e8bb5897148e0,,UNKNOWN,worker_0,,2,2,917,919,917,457,55.054121411405504,search_exhausted,,,4a21e3da,d024,4a21e3da:o0:d024:flip_ud,1,1790575815248307264,985d988d838ad046d0144d1c83299d1f9a89a9f5b3dc2b2b8901e3a773652f1d,88c81881a3b1670f74704f8fea246e3fa85b21f3b51e47abf2c55f1373efc266
/workspace/arc2/active_runs/eval60_v5_vs_greedy_4worker_v1/raw/task_depth/4a21e3da/d024.parquet,58ddfd2ac3da5d829b665e5100272275bfc770f0dceb6062711bc6eed823824a,1913442,4a21e3da,0,24,transpose,7dc0550895068fb5c61e8840a83ed6c379c55d9142cec7a2cf6f465b99a0b8cd,e5beec92c9992930f4d6b468db1806ee2f3b9224e13179af7d4e8bb5897148e0,,UNKNOWN,worker_0,,3,3,1363,1364,1363,1104,75.58753470052034,search_exhausted,,,4a21e3da,d024,4a21e3da:o0:d024:transpose,2,1790575815248307264,d1b3aa2540bd4f3d52dca6041af6a90b7d28e64460a581062310f06fe5a19088,18a59e7da55ed499ceabc9de9cc7851522b8b74b56d455412cd4fdb935b79350
/workspace/arc2/active_runs/eval60_v5_vs_greedy_4worker_v1/raw/task_depth/4a21e3da/d024.parquet,58ddfd2ac3da5d829b665e5100272275bfc770f0dceb6062711bc6eed823824a,1913442,4a21e3da,0,24,anti_transpose,7dc0550895068fb5c61e8840a83ed6c379c55d9142cec7a2cf6f465b99a0b8cd,e5beec92c9992930f4d6b468db1806ee2f3b9224e13179af7d4e8bb5897148e0,,UNKNOWN,worker_0,,3,3,1361,1364,1361,1034,75.58753470052034,search_exhausted,,,4a21e3da,d024,4a21e3da:o0:d024:anti_transpose,3,1790575815248307264,05644c07ab549141b6921ab7c30ecdc8c904d6418b8584d42a9f41b60c34a43b,c27bcf654bf88ab1754ff42341238785d8cf0c849ef627b4f936295fef1f5c3d
/workspace/arc2/active_runs/eval60_v5_vs_greedy_4worker_v1/raw/task_depth/4a21e3da/d024.parquet,58ddfd2ac3da5d829b665e5100272275bfc770f0dceb6062711bc6eed823824a,1913442,4a21e3da,1,24,identity,7dc0550895068fb5c61e8840a83ed6c379c55d9142cec7a2cf6f465b99a0b8cd,e5beec92c9992930f4d6b468db1806ee2f3b9224e13179af7d4e8bb5897148e0,,UNKNOWN,worker_0,,2,2,598,600,598,585,34.925638273358345,search_exhausted,,,4a21e3da,d024,4a21e3da:o1:d024:identity,4,1790575815248307264,b047b7531a07860aac11cc0dd3b4b13454b841e29c68a72edddc367ffc9aa3d6,2999766f6bbd316a8fb24c4c326ac5c9ed873b0449569f47cc75ee5432813361
/workspace/arc2/active_runs/eval60_v5_vs_greedy_4worker_v1/raw/task_depth/4a21e3da/d024.parquet,58ddfd2ac3da5d829b665e5100272275bfc770f0dceb6062711bc6eed823824a,1913442,4a21e3da,1,24,flip_ud,7dc0550895068fb5c61e8840a83ed6c379c55d9142cec7a2cf6f465b99a0b8cd,e5beec92c9992930f4d6b468db1806ee2f3b9224e13179af7d4e8bb5897148e0,,UNKNOWN,worker_0,,2,2,599,600,599,0,34.925638273358345,search_exhausted,,,4a21e3da,d024,4a21e3da:o1:d024:flip_ud,5,1790575815248307264,c9ac43d8498981dcf374a88dfdecb8df84d1c2bbe8c3e7b32f9c8a29fcb91e9d,5434bd69f95f829523ac1c21c0625d8fa61ac81be1a246e49e0f34a7ec6cbc3f
/workspace/arc2/active_runs/eval60_v5_vs_greedy_4worker_v1/raw/task_depth/4a21e3da/d024.parquet,58ddfd2ac3da5d829b665e5100272275bfc770f0dceb6062711bc6eed823824a,1913442,4a21e3da,1,24,transpose,7dc0550895068fb5c61e8840a83ed6c379c55d9142cec7a2cf6f465b99a0b8cd,e5beec92c9992930f4d6b468db1806ee2f3b9224e13179af7d4e8bb5897148e0,,UNKNOWN,worker_0,,3,3,580,582,580,58,35.09181707445532,search_exhausted,,,4a21e3da,d024,4a21e3da:o1:d024:transpose,6,1790575815248307264,c971ac32481d7103790b6351de56d8a56f0568dfb130cba4780bc55abbce243b,83a85f59f07084335e68522917225370b926fab2d708b6f540647023f90fcd55
/workspace/arc2/active_runs/eval60_v5_vs_greedy_4worker_v1/raw/task_depth/4a21e3da/d024.parquet,58ddfd2ac3da5d829b665e5100272275bfc770f0dceb6062711bc6eed823824a,1913442,4a21e3da,1,24,anti_transpose,7dc0550895068fb5c61e8840a83ed6c379c55d9142cec7a2cf6f465b99a0b8cd,e5beec92c9992930f4d6b468db1806ee2f3b9224e13179af7d4e8bb5897148e0,,UNKNOWN,worker_0,,3,3,580,582,580,142,35.09181707445532,search_exhausted,,,4a21e3da,d024,4a21e3da:o1:d024:anti_transpose,7,1790575815248307264,6d53a643dfa6639b40e91f4114e4fc3ba01f5674e5b7453392143212577d7c49,00697dcf88560362ae41020efa6daef2f74fe92afbbedafe0df64c7248ae81d5
/workspace/arc2/active_runs/eval60_v5_vs_greedy_4worker_v1/raw/task_depth/4a21e3da/d048.parquet,5b540d54a45f4663520c5e5e8331e005f3cf2875b839fcc98ef685ead6c7c93e,3206820,4a21e3da,0,48,identity,e2465a0ae88dff230d1178d90a5692d12b8c3445eba53c6a662734213698236b,e5beec92c9992930f4d6b468db1806ee2f3b9224e13179af7d4e8bb5897148e0,,UNKNOWN,worker_0,,5,5,2252,2254,2252,2151,134.54896081984043,search_exhausted,,,4a21e3da,d048,4a21e3da:o0:d048:identity,0,1790576493258310828,c405ac282ced57a6193f209593a37c909557665bebcb39fecb774f2029af8bcd,12577f04f94678c8057873ee1cac91b7ea5fe87e6400f205b981d6fd29fc216d
/workspace/arc2/active_runs/eval60_v5_vs_greedy_4worker_v1/raw/task_depth/4a21e3da/d048.parquet,5b540d54a45f4663520c5e5e8331e005f3cf2875b839fcc98ef685ead6c7c93e,3206820,4a21e3da,0,48,flip_ud,e2465a0ae88dff230d1178d90a5692d12b8c3445eba53c6a662734213698236b,e5beec92c9992930f4d6b468db1806ee2f3b9224e13179af7d4e8bb5897148e0,,UNKNOWN,worker_0,,5,5,2251,2254,2251,1438,134.54896081984043,search_exhausted,,,4a21e3da,d048,4a21e3da:o0:d048:flip_ud,1,1790576493258310828,d29448db5b1b330d4db53df24287a0184f0fcb0c6071cd8a526cb515c07edb1a,f30aeba43646cf7eceb02e1caeefc24fb8c02f608399366b6c95336571c63350
/workspace/arc2/active_runs/eval60_v5_vs_greedy_4worker_v1/raw/task_depth/4a21e3da/d048.parquet,5b540d54a45f4663520c5e5e8331e005f3cf2875b839fcc98ef685ead6c7c93e,3206820,4a21e3da,0,48,transpose,e2465a0ae88dff230d1178d90a5692d12b8c3445eba53c6a662734213698236b,e5beec92c9992930f4d6b468db1806ee2f3b9224e13179af7d4e8bb5897148e0,,UNKNOWN,worker_0,,4,4,1807,1809,1807,1042,97.69167481828481,search_exhausted,,,4a21e3da,d048,4a21e3da:o0:d048:transpose,2,1790576493258310828,ebc585b7de478329c7117089fe74d3ec0c0aa9af3bce7331ea62713c87342117,ffc5378402939babc0224b0abbf5753ad92c5e5bbf81a8671d48e1425ef5d52b
/workspace/arc2/active_runs/eval60_v5_vs_greedy_4worker_v1/raw/task_depth/4a21e3da/d048.parquet,5b540d54a45f4663520c5e5e8331e005f3cf2875b839fcc98ef685ead6c7c93e,3206820,4a21e3da,0,48,anti_transpose,e2465a0ae88dff230d1178d90a5692d12b8c3445eba53c6a662734213698236b,e5beec92c9992930f4d6b468db1806ee2f3b9224e13179af7d4e8bb5897148e0,,UNKNOWN,worker_0,,4,4,1806,1809,1806,1464,97.69167481828481,search_exhausted,,,4a21e3da,d048,4a21e3da:o0:d048:anti_transpose,3,1790576493258310828,5c5e095c657db183f851fd6054f3ae63ca2c4be273b8e8e0ffa9e21dba34f3b0,303fa237ce324ae4ebb7953ad70e676a590ad851659227bc648d2bb824872b47
/workspace/arc2/active_runs/eval60_v5_vs_greedy_4worker_v1/raw/task_depth/4a21e3da/d048.parquet,5b540d54a45f4663520c5e5e8331e005f3cf2875b839fcc98ef685ead6c7c93e,3206820,4a21e3da,1,48,identity,e2465a0ae88dff230d1178d90a5692d12b8c3445eba53c6a662734213698236b,e5beec92c9992930f4d6b468db1806ee2f3b9224e13179af7d4e8bb5897148e0,,UNKNOWN,worker_0,,3,3,1004,1006,1004,712,60.99255833402276,search_exhausted,,,4a21e3da,d048,4a21e3da:o1:d048:identity,4,1790576493258310828,3f66058f6b5c102301d56d8cf2a1c4654fad5daed857075345cd042ccb37fea6,7a6a217eedd66d206ccfefd4f3a9bb08f6c3f15713f9167311ff78fc0e7338bd
/workspace/arc2/active_runs/eval60_v5_vs_greedy_4worker_v1/raw/task_depth/4a21e3da/d048.parquet,5b540d54a45f4663520c5e5e8331e005f3cf2875b839fcc98ef685ead6c7c93e,3206820,4a21e3da,1,48,flip_ud,e2465a0ae88dff230d1178d90a5692d12b8c3445eba53c6a662734213698236b,e5beec92c9992930f4d6b468db1806ee2f3b9224e13179af7d4e8bb5897148e0,,UNKNOWN,worker_0,,3,3,1004,1006,1004,406,60.99255833402276,search_exhausted,,,4a21e3da,d048,4a21e3da:o1:d048:flip_ud,5,1790576493258310828,b570e62fe65d2dcaf50e3c0b447fb5db83bdf2ea2972a31f7a77a22fb38c5dec,4e7c70672fa6d8f45167904731ec106c3826900f1c1ea542248cad768e28dea3
/workspace/arc2/active_runs/eval60_v5_vs_greedy_4worker_v1/raw/task_depth/4a21e3da/d048.parquet,5b540d54a45f4663520c5e5e8331e005f3cf2875b839fcc98ef685ead6c7c93e,3206820,4a21e3da,1,48,transpose,e2465a0ae88dff230d1178d90a5692d12b8c3445eba53c6a662734213698236b,e5beec92c9992930f4d6b468db1806ee2f3b9224e13179af7d4e8bb5897148e0,,UNKNOWN,worker_0,,2,2,544,545,544,113,30.511759638786316,search_exhausted,,,4a21e3da,d048,4a21e3da:o1:d048:transpose,6,1790576493258310828,c33bd21d70180521eac86bc1c7d905e660933a74b0c7f3d52da4602ffa5ae5ce,c9fb59a10a29ca8a9d5a26e84f09c5fa08d666bb0470b692afc14528e793344e
/workspace/arc2/active_runs/eval60_v5_vs_greedy_4worker_v1/raw/task_depth/4a21e3da/d048.parquet,5b540d54a45f4663520c5e5e8331e005f3cf2875b839fcc98ef685ead6c7c93e,3206820,4a21e3da,1,48,anti_transpose,e2465a0ae88dff230d1178d90a5692d12b8c3445eba53c6a662734213698236b,e5beec92c9992930f4d6b468db1806ee2f3b9224e13179af7d4e8bb5897148e0,,UNKNOWN,worker_0,,2,2,544,545,544,243,30.511759638786316,search_exhausted,,,4a21e3da,d048,4a21e3da:o1:d048:anti_transpose,7,1790576493258310828,5a2ec8999e90c0df8d43c6856b45bf56ce76e713db6bd90feee3490ec4261d6f,b13cda444d6d92cb1c481cbcbb07f03a045503083ec3c590945b1b898665560f
/workspace/arc2/active_runs/eval60_v5_vs_greedy_4worker_v1/raw/task_depth/4c3d4a41/d012.parquet,46f9776bd5a95406ca9ae4a30bd147f0c94daac9f40705ddf08ee8ef9c516b1b,528371,4c3d4a41,0,12,identity,02331bfdfba397a6d569475f9231992a67040510cae38bc0385c3fc9cd663a76,e5beec92c9992930f4d6b468db1806ee2f3b9224e13179af7d4e8bb5897148e0,,UNKNOWN,worker_3,,2,2,302,303,302,134,19.29605260398239,search_exhausted,,,4c3d4a41,d012,4c3d4a41:o0:d012:identity,0,1790576685521804505,0202d8fd514304b1484e997ad3b2b22fb729920bd2e53c920e7f8c6089358078,3af4ae3b87bb23cfec71af4c0797d7d02e3c88179519195bdb38473443d87c05
/workspace/arc2/active_runs/eval60_v5_vs_greedy_4worker_v1/raw/task_depth/4c3d4a41/d012.parquet,46f9776bd5a95406ca9ae4a30bd147f0c94daac9f40705ddf08ee8ef9c516b1b,528371,4c3d4a41,0,12,flip_ud,02331bfdfba397a6d569475f9231992a67040510cae38bc0385c3fc9cd663a76,e5beec92c9992930f4d6b468db1806ee2f3b9224e13179af7d4e8bb5897148e0,,UNKNOWN,worker_3,,2,2,301,303,301,135,19.29605260398239,search_exhausted,,,4c3d4a41,d012,4c3d4a41:o0:d012:flip_ud,1,1790576685521804505,a1b559fb94e91e67db3ce2e4a6f9cb56adc1d8593307cae50959f85d30e75cab,c0ddc0f2f03731df895407d45dd5c51f2f98194ac283d5351f9986228038a4ac
/workspace/arc2/active_runs/eval60_v5_vs_greedy_4worker_v1/raw/task_depth/4c3d4a41/d012.parquet,46f9776bd5a95406ca9ae4a30bd147f0c94daac9f40705ddf08ee8ef9c516b1b,528371,4c3d4a41,0,12,transpose,02331bfdfba397a6d569475f9231992a67040510cae38bc0385c3fc9cd663a76,e5beec92c9992930f4d6b468db1806ee2f3b9224e13179af7d4e8bb5897148e0,,UNKNOWN,worker_3,,1,1,179,180,179,0,11.809926530346274,search_exhausted,,,4c3d4a41,d012,4c3d4a41:o0:d012:transpose,2,1790576685521804505,f2d471a0acbe2e87c3d92463fbb02da617098c5c108db779bbcad0e702f1d841,512cd66ecd7c5f5935c75dcc49d2b0c94c1e9ad39c8af779ec2cbc2a33db2143
/workspace/arc2/active_runs/eval60_v5_vs_greedy_4worker_v1/raw/task_depth/4c3d4a41/d012.parquet,46f9776bd5a95406ca9ae4a30bd147f0c94daac9f40705ddf08ee8ef9c516b1b,528371,4c3d4a41,0,12,anti_transpose,02331bfdfba397a6d569475f9231992a67040510cae38bc0385c3fc9cd663a76,e5beec92c9992930f4d6b468db1806ee2f3b9224e13179af7d4e8bb5897148e0,,UNKNOWN,worker_3,,1,1,179,180,179,0,11.809926530346274,search_exhausted,,,4c3d4a41,d012,4c3d4a41:o0:d012:anti_transpose,3,1790576685521804505,0e21545f565392297bb76ed11610b8140c90df78dd0ed7e2d186344e98079ed1,cf6dfed6a7a3fbc718febd2e9583b781ebcf557394a68fe33e267d0ca9d245df
/workspace/arc2/active_runs/eval60_v5_vs_greedy_4worker_v1/raw/task_depth/4c3d4a41/d012.parquet,46f9776bd5a95406ca9ae4a30bd147f0c94daac9f40705ddf08ee8ef9c516b1b,528371,4c3d4a41,1,12,identity,02331bfdfba397a6d569475f9231992a67040510cae38bc0385c3fc9cd663a76,e5beec92c9992930f4d6b468db1806ee2f3b9224e13179af7d4e8bb5897148e0,,UNKNOWN,worker_3,,2,2,190,192,190,24,12.485320169478655,search_exhausted,,,4c3d4a41,d012,4c3d4a41:o1:d012:identity,4,1790576685521804505,1318abafb2e87546a4e60871300306bd09b417afad243db858ca9d105f5c8cb8,a64e8d49eca58530a29cbf266d90cd821f74ea2c219077385f60d0db2f52476f
/workspace/arc2/active_runs/eval60_v5_vs_greedy_4worker_v1/raw/task_depth/4c3d4a41/d012.parquet,46f9776bd5a95406ca9ae4a30bd147f0c94daac9f40705ddf08ee8ef9c516b1b,528371,4c3d4a41,1,12,flip_ud,02331bfdfba397a6d569475f9231992a67040510cae38bc0385c3fc9cd663a76,e5beec92c9992930f4d6b468db1806ee2f3b9224e13179af7d4e8bb5897148e0,,UNKNOWN,worker_3,,2,2,191,192,191,0,12.485320169478655,search_exhausted,,,4c3d4a41,d012,4c3d4a41:o1:d012:flip_ud,5,1790576685521804505,cccff9b2f6e0fae7640bc42588697674f7ce93a7270fdfaac6d7ee22d9b3a9c1,3ac9f0840bb83759e89800c8d681ce4b16e37826f6a1bd50a3187dbda711b20b
/workspace/arc2/active_runs/eval60_v5_vs_greedy_4worker_v1/raw/task_depth/4c3d4a41/d012.parquet,46f9776bd5a95406ca9ae4a30bd147f0c94daac9f40705ddf08ee8ef9c516b1b,528371,4c3d4a41,1,12,transpose,02331bfdfba397a6d569475f9231992a67040510cae38bc0385c3fc9cd663a76,e5beec92c9992930f4d6b468db1806ee2f3b9224e13179af7d4e8bb5897148e0,,UNKNOWN,worker_3,,1,1,179,180,179,0,12.094967951998115,search_exhausted,,,4c3d4a41,d012,4c3d4a41:o1:d012:transpose,6,1790576685521804505,836a3a9ed3831ff03350aa7b48d0eacd68d98d79d66436eb0d455453f0e6bda2,e646876c5d46705e3c8f5265f2eb40803b12f9df3d38a3c9219b83339e9d9974
/workspace/arc2/active_runs/eval60_v5_vs_greedy_4worker_v1/raw/task_depth/4c3d4a41/d012.parquet,46f9776bd5a95406ca9ae4a30bd147f0c94daac9f40705ddf08ee8ef9c516b1b,528371,4c3d4a41,1,12,anti_transpose,02331bfdfba397a6d569475f9231992a67040510cae38bc0385c3fc9cd663a76,e5beec92c9992930f4d6b468db1806ee2f3b9224e13179af7d4e8bb5897148e0,,UNKNOWN,worker_3,,1,1,179,180,179,0,12.094967951998115,search_exhausted,,,4c3d4a41,d012,4c3d4a41:o1:d012:anti_transpose,7,1790576685521804505,29ae5b73386cca313cd264bc684266bb0636d652c58162bac39e51b0cb1fdadb,a88ffefa9199b8e98906f224af2cf00fb175d2ac8c72d7b68f9014a54260f788
/workspace/arc2/active_runs/eval60_v5_vs_greedy_4worker_v1/raw/task_depth/6ffbe589/d012.parquet,99402a4a0d4413d4688c25900e6aa86386d72c288d3678ed2d7bf12137fec0dc,2182550,6ffbe589,0,12,identity,9e5c7cb1de0a8d093856226a1b4ca2aa96abd6405f7326083635a70cd93bf4c8,e5beec92c9992930f4d6b468db1806ee2f3b9224e13179af7d4e8bb5897148e0,,UNKNOWN,worker_1,,16,16,2772,2787,2772,2782,162.5951097216457,search_exhausted,,,6ffbe589,d012,6ffbe589:o0:d012:identity,0,1790576055372691867,0bc5d980e8a8dd1b17fa80b824669903961f146f8df5ebda0ca2c53e1793ea6e,9433640ea40034cb78090de9824c91aada0d5f0683369ce3e823bcc05847f53d
/workspace/arc2/active_runs/eval60_v5_vs_greedy_4worker_v1/raw/task_depth/6ffbe589/d012.parquet,99402a4a0d4413d4688c25900e6aa86386d72c288d3678ed2d7bf12137fec0dc,2182550,6ffbe589,0,12,flip_ud,9e5c7cb1de0a8d093856226a1b4ca2aa96abd6405f7326083635a70cd93bf4c8,e5beec92c9992930f4d6b468db1806ee2f3b9224e13179af7d4e8bb5897148e0,,UNKNOWN,worker_1,,13,13,2775,2787,2775,2784,162.5951097216457,search_exhausted,,,6ffbe589,d012,6ffbe589:o0:d012:flip_ud,1,1790576055372691867,eee95d51d177c19b9fbf7c78896ec6919bacc455a71f1007def5058bb8b46225,aa378712eae62c2312bcac3daf326570c8f2e29208cba90eaf314968678f5e41
/workspace/arc2/active_runs/eval60_v5_vs_greedy_4worker_v1/raw/task_depth/6ffbe589/d012.parquet,99402a4a0d4413d4688c25900e6aa86386d72c288d3678ed2d7bf12137fec0dc,2182550,6ffbe589,0,12,transpose,9e5c7cb1de0a8d093856226a1b4ca2aa96abd6405f7326083635a70cd93bf4c8,e5beec92c9992930f4d6b468db1806ee2f3b9224e13179af7d4e8bb5897148e0,,UNKNOWN,worker_1,,6,6,1107,1112,1107,1107,70.91638889722526,search_exhausted,,,6ffbe589,d012,6ffbe589:o0:d012:transpose,2,1790576055372691867,fc094a953c6d72b85291073b605f813371f0c615615529e2c30e5361bde5befa,6a5c6cc668935102c68e3072da69d01e01ad2ef4696c31255a8a485c859e0a4d
/workspace/arc2/active_runs/eval60_v5_vs_greedy_4worker_v1/raw/task_depth/6ffbe589/d012.parquet,99402a4a0d4413d4688c25900e6aa86386d72c288d3678ed2d7bf12137fec0dc,2182550,6ffbe589,0,12,anti_transpose,9e5c7cb1de0a8d093856226a1b4ca2aa96abd6405f7326083635a70cd93bf4c8,e5beec92c9992930f4d6b468db1806ee2f3b9224e13179af7d4e8bb5897148e0,,UNKNOWN,worker_1,,9,9,1103,1112,1103,1107,70.91638889722526,search_exhausted,,,6ffbe589,d012,6ffbe589:o0:d012:anti_transpose,3,1790576055372691867,8913ac6020c8401aaf4c6d9b5ab985ac91f382c3fc5723c39fbc94f6b4340599,bc9eade8dfe5d97a129962992ebabdb81fadec2da5d7cdd5b1af9ab1f847c184
/workspace/arc2/active_runs/eval60_v5_vs_greedy_4worker_v1/raw/task_depth/6ffbe589/d024.parquet,d1665a789d4959aad7c481e113c1d49127370de0cfc82401d3ddc95dd5fa5fb9,1651957,6ffbe589,0,24,identity,e0e3e33cf1e1b7da9b6dff9315acb330f5e345443eecb6c37450bc04470836fc,e5beec92c9992930f4d6b468db1806ee2f3b9224e13179af7d4e8bb5897148e0,,UNKNOWN,worker_1,,10,10,1850,1860,1850,1852,102.96701414324343,search_exhausted,,,6ffbe589,d024,6ffbe589:o0:d024:identity,0,1790576425015701356,a2a24b8a528104915ab403560afac436214069e8b255f65ffbbb9b0751de4d98,c083a18a0a6850ea10fb39a4314e74af453e26a78800943835bec29848199df1
/workspace/arc2/active_runs/eval60_v5_vs_greedy_4worker_v1/raw/task_depth/6ffbe589/d024.parquet,d1665a789d4959aad7c481e113c1d49127370de0cfc82401d3ddc95dd5fa5fb9,1651957,6ffbe589,0,24,flip_ud,e0e3e33cf1e1b7da9b6dff9315acb330f5e345443eecb6c37450bc04470836fc,e5beec92c9992930f4d6b468db1806ee2f3b9224e13179af7d4e8bb5897148e0,,UNKNOWN,worker_1,,11,11,1850,1860,1850,1852,102.96701414324343,search_exhausted,,,6ffbe589,d024,6ffbe589:o0:d024:flip_ud,1,1790576425015701356,f4060f645d38a64088eff1187cf825f4cdf5efb26393f10260feec5c786464bc,e80a879a1870620ae236e2d1460c03fbb964e06b0173263847596a81c6d696a6
/workspace/arc2/active_runs/eval60_v5_vs_greedy_4worker_v1/raw/task_depth/6ffbe589/d024.parquet,d1665a789d4959aad7c481e113c1d49127370de0cfc82401d3ddc95dd5fa5fb9,1651957,6ffbe589,0,24,transpose,e0e3e33cf1e1b7da9b6dff9315acb330f5e345443eecb6c37450bc04470836fc,e5beec92c9992930f4d6b468db1806ee2f3b9224e13179af7d4e8bb5897148e0,,UNKNOWN,worker_1,,4,4,1106,1109,1106,1086,69.54332790430635,search_exhausted,,,6ffbe589,d024,6ffbe589:o0:d024:transpose,2,1790576425015701356,1f9af9b165f08e548980980770d038ec797215bb0e2e1a155c3f99bd87cdae2c,74a923c5fd9a2ff442bf19f63a0ca2e17155327acc0d9e15824454a4e90f826a
/workspace/arc2/active_runs/eval60_v5_vs_greedy_4worker_v1/raw/task_depth/6ffbe589/d024.parquet,d1665a789d4959aad7c481e113c1d49127370de0cfc82401d3ddc95dd5fa5fb9,1651957,6ffbe589,0,24,anti_transpose,e0e3e33cf1e1b7da9b6dff9315acb330f5e345443eecb6c37450bc04470836fc,e5beec92c9992930f4d6b468db1806ee2f3b9224e13179af7d4e8bb5897148e0,,UNKNOWN,worker_1,,16,16,1093,1109,1093,1101,69.54332790430635,search_exhausted,,,6ffbe589,d024,6ffbe589:o0:d024:anti_transpose,3,1790576425015701356,d76773bd8e6367a0914b41b49532bd8d5f437f3f4d4b8a6a398b95174f7198cb,b0a23612cfc2745f957af15dec86617921539675ec4a9f1decf42a7c9e521485
/workspace/arc2/active_runs/eval60_v5_vs_greedy_4worker_v1/raw/task_depth/7b3084d4/d012.parquet,ca467d5fe263df67c7405511d95873caa10202cad455af84c27c33186b07e1b2,1411944,7b3084d4,0,12,identity,ca483bc9644bf843f97a653d62ed5f424601bd98610a6a5cf009aaf867971899,e5beec92c9992930f4d6b468db1806ee2f3b9224e13179af7d4e8bb5897148e0,,UNKNOWN,worker_3,,5,5,1135,1140,1135,1088,71.46433435659856,search_exhausted,,,7b3084d4,d012,7b3084d4:o0:d012:identity,0,1790573311937025008,599b0e8a0d9cb3193f57cc2b763ab35eb52c6a52cc775c42f82163b4f73a01c4,c315c1c5e4f2419777556347476cf5c3ebb3bab1b1ea16487083e0cfdcc2c5f7
/workspace/arc2/active_runs/eval60_v5_vs_greedy_4worker_v1/raw/task_depth/7b3084d4/d012.parquet,ca467d5fe263df67c7405511d95873caa10202cad455af84c27c33186b07e1b2,1411944,7b3084d4,0,12,flip_ud,ca483bc9644bf843f97a653d62ed5f424601bd98610a6a5cf009aaf867971899,e5beec92c9992930f4d6b468db1806ee2f3b9224e13179af7d4e8bb5897148e0,,UNKNOWN,worker_3,,5,5,1136,1140,1136,1030,71.46433435659856,search_exhausted,,,7b3084d4,d012,7b3084d4:o0:d012:flip_ud,1,1790573311937025008,0c7246a5ca47e4c5a12de2fc0dd3948f2882e3f6131f48e760a5e01b59b32414,322284f22d55be6198e2478559415d477d26937359e9a8134bd2b0538a836a5c
/workspace/arc2/active_runs/eval60_v5_vs_greedy_4worker_v1/raw/task_depth/7b3084d4/d012.parquet,ca467d5fe263df67c7405511d95873caa10202cad455af84c27c33186b07e1b2,1411944,7b3084d4,0,12,transpose,ca483bc9644bf843f97a653d62ed5f424601bd98610a6a5cf009aaf867971899,e5beec92c9992930f4d6b468db1806ee2f3b9224e13179af7d4e8bb5897148e0,,UNKNOWN,worker_3,,6,6,1128,1133,1128,1079,70.40849105920643,search_exhausted,,,7b3084d4,d012,7b3084d4:o0:d012:transpose,2,1790573311937025008,810ccfc255d6b142fd469682759793420ca5fdb1a95ee85aa62c8a682621ccc2,271fc306c496ff0499a1ea14296fc908960eaf658a142afb3cdcdd4cbb507527
/workspace/arc2/active_runs/eval60_v5_vs_greedy_4worker_v1/raw/task_depth/7b3084d4/d012.parquet,ca467d5fe263df67c7405511d95873caa10202cad455af84c27c33186b07e1b2,1411944,7b3084d4,0,12,anti_transpose,ca483bc9644bf843f97a653d62ed5f424601bd98610a6a5cf009aaf867971899,e5beec92c9992930f4d6b468db1806ee2f3b9224e13179af7d4e8bb5897148e0,,UNKNOWN,worker_3,,11,11,1122,1133,1122,1021,70.40849105920643,search_exhausted,,,7b3084d4,d012,7b3084d4:o0:d012:anti_transpose,3,1790573311937025008,4b25e29c0b2070777103e49e8d5245e25c6c79443fd0297ea69b9450a16afad9,c9336f6d94d029784f06208047043481d4573b879b3791c53a752b1114c689ba
/workspace/arc2/active_runs/eval60_v5_vs_greedy_4worker_v1/raw/task_depth/7b3084d4/d024.parquet,ec46f6eacd556463af72b66f074b6cece32778b6b2e96c2318a973062451fdaf,1458391,7b3084d4,0,24,identity,1e9ef17823530e49b58b23a1adc1cf86df3dfc184c69993156dc92f3c74cc11d,e5beec92c9992930f4d6b468db1806ee2f3b9224e13179af7d4e8bb5897148e0,,UNKNOWN,worker_3,,6,6,1343,1348,1343,1298,78.60493439529091,search_exhausted,,,7b3084d4,d024,7b3084d4:o0:d024:identity,0,1790573646260646729,1a6b7610225139bf6383c81ee91d901c819d72485f1186b2a5fd13f7ddda255e,cc6a60cade5fc82dcaa789d36ad019bcb8cf902b1338ab4973c7011dd005d180
/workspace/arc2/active_runs/eval60_v5_vs_greedy_4worker_v1/raw/task_depth/7b3084d4/d024.parquet,ec46f6eacd556463af72b66f074b6cece32778b6b2e96c2318a973062451fdaf,1458391,7b3084d4,0,24,flip_ud,1e9ef17823530e49b58b23a1adc1cf86df3dfc184c69993156dc92f3c74cc11d,e5beec92c9992930f4d6b468db1806ee2f3b9224e13179af7d4e8bb5897148e0,,UNKNOWN,worker_3,,8,8,1341,1348,1341,1086,78.60493439529091,search_exhausted,,,7b3084d4,d024,7b3084d4:o0:d024:flip_ud,1,1790573646260646729,ac180d9216e34c28d3ac96b510faf65da6f5a451e2ae7414103d02d6f89528dc,8abb9e26d0ec8e3e1157a06a7ce73cefccb203d67d600bd5d80ef22cc420fbeb
/workspace/arc2/active_runs/eval60_v5_vs_greedy_4worker_v1/raw/task_depth/7b3084d4/d024.parquet,ec46f6eacd556463af72b66f074b6cece32778b6b2e96c2318a973062451fdaf,1458391,7b3084d4,0,24,transpose,1e9ef17823530e49b58b23a1adc1cf86df3dfc184c69993156dc92f3c74cc11d,e5beec92c9992930f4d6b468db1806ee2f3b9224e13179af7d4e8bb5897148e0,,UNKNOWN,worker_3,,5,5,1083,1088,1083,1030,65.5771966651082,search_exhausted,,,7b3084d4,d024,7b3084d4:o0:d024:transpose,2,1790573646260646729,34054ab0d9b3c4d2a6e917c9334fa9585e681a8dc3574d128e86f58a6a33f8dc,7f6e74fc95f677ee3bede6ef754714694f9accbce857597ac0496b4960eb8479
/workspace/arc2/active_runs/eval60_v5_vs_greedy_4worker_v1/raw/task_depth/7b3084d4/d024.parquet,ec46f6eacd556463af72b66f074b6cece32778b6b2e96c2318a973062451fdaf,1458391,7b3084d4,0,24,anti_transpose,1e9ef17823530e49b58b23a1adc1cf86df3dfc184c69993156dc92f3c74cc11d,e5beec92c9992930f4d6b468db1806ee2f3b9224e13179af7d4e8bb5897148e0,,UNKNOWN,worker_3,,6,6,1083,1088,1083,915,65.5771966651082,search_exhausted,,,7b3084d4,d024,7b3084d4:o0:d024:anti_transpose,3,1790573646260646729,6d7edeb06a3bac961fe3a8e2dec48410959c15d87f7951a695b4a137ea483943,bbea6c08a6aa9cd608d78fc6c22ec509cb6b5b00f10cfcab2a05d62157dc73c5
/workspace/arc2/active_runs/eval60_v5_vs_greedy_4worker_v1/raw/task_depth/7b3084d4/d048.parquet,2ecb162f253eed8aac12fdd1de3bd221d9708c2f4775659e18756ee210143cac,600207,7b3084d4,0,48,identity,ddeb94d1d2e63954a1f318d8974832550ad97a1c5146a894afc8506737f07209,e5beec92c9992930f4d6b468db1806ee2f3b9224e13179af7d4e8bb5897148e0,,UNKNOWN,worker_3,,4,4,789,791,789,451,47.31310292053968,search_exhausted,,,7b3084d4,d048,7b3084d4:o0:d048:identity,0,1790573798067482566,16e296ec8d88adac6f04e8ddf9a81949ebf89105f2115545ef1f6a4d5005eab9,18638070dc51e9ffb85ee7f64db9e4c36171fb66113986d43033cafa6c83db83
/workspace/arc2/active_runs/eval60_v5_vs_greedy_4worker_v1/raw/task_depth/7b3084d4/d048.parquet,2ecb162f253eed8aac12fdd1de3bd221d9708c2f4775659e18756ee210143cac,600207,7b3084d4,0,48,flip_ud,ddeb94d1d2e63954a1f318d8974832550ad97a1c5146a894afc8506737f07209,e5beec92c9992930f4d6b468db1806ee2f3b9224e13179af7d4e8bb5897148e0,,UNKNOWN,worker_3,,8,8,784,791,784,576,47.31310292053968,search_exhausted,,,7b3084d4,d048,7b3084d4:o0:d048:flip_ud,1,1790573798067482566,effb4ca60322ff90818e8b450f556ed50774bc2592d1e8423d6614d012ec003a,42a6503252d25f7660173a4e497f9c4a928b339b0b6df188d5b1dc86d19d7e47
/workspace/arc2/active_runs/eval60_v5_vs_greedy_4worker_v1/raw/task_depth/7b3084d4/d048.parquet,2ecb162f253eed8aac12fdd1de3bd221d9708c2f4775659e18756ee210143cac,600207,7b3084d4,0,48,transpose,ddeb94d1d2e63954a1f318d8974832550ad97a1c5146a894afc8506737f07209,e5beec92c9992930f4d6b468db1806ee2f3b9224e13179af7d4e8bb5897148e0,,UNKNOWN,worker_3,,1,1,209,210,209,0,13.006871732883155,search_exhausted,,,7b3084d4,d048,7b3084d4:o0:d048:transpose,2,1790573798067482566,b3f8c6d755de71aaab1a0b9e4a7c1343983ce0c470cfbfa744f0a8ea5458d272,e86d5b13f5337dbd844f552738b9d3c385681f295eb67b6b37f02ffe7ce147ee
/workspace/arc2/active_runs/eval60_v5_vs_greedy_4worker_v1/raw/task_depth/7b3084d4/d048.parquet,2ecb162f253eed8aac12fdd1de3bd221d9708c2f4775659e18756ee210143cac,600207,7b3084d4,0,48,anti_transpose,ddeb94d1d2e63954a1f318d8974832550ad97a1c5146a894afc8506737f07209,e5beec92c9992930f4d6b468db1806ee2f3b9224e13179af7d4e8bb5897148e0,,UNKNOWN,worker_3,,1,1,209,210,209,48,13.006871732883155,search_exhausted,,,7b3084d4,d048,7b3084d4:o0:d048:anti_transpose,3,1790573798067482566,47e7581c11dfc3c30256d00b990d616a0f0caad912b393334964261ff6632a0a,fa590ab5532fe83ed422b37570aee3c6257ad06146f85bca766668093068395f
/workspace/arc2/active_runs/eval60_v5_vs_greedy_4worker_v1/raw/task_depth/7ed72f31/d012.parquet,7ef20dfcfdb4aa4cebfa1e6f38b1fb239a26221460be3a6f0482b26ec1889586,2728788,7ed72f31,0,12,identity,5da720f0adbd28681f8e5a8d7184ab628c9efa748811df7e4c0d105f863ba703,e5beec92c9992930f4d6b468db1806ee2f3b9224e13179af7d4e8bb5897148e0,,UNKNOWN,worker_2,,3,3,843,845,843,498,50.245968201197684,search_exhausted,,,7ed72f31,d012,7ed72f31:o0:d012:identity,0,1790575595529642304,58c433a42f6508af86bacec7e0027fa1c01eebde7302d369d5816f487de00520,2efe9622c3a8e2103e1bff8b8edbc919b4ae45406adeed3fcbdaeb5ec916b7f6
/workspace/arc2/active_runs/eval60_v5_vs_greedy_4worker_v1/raw/task_depth/7ed72f31/d012.parquet,7ef20dfcfdb4aa4cebfa1e6f38b1fb239a26221460be3a6f0482b26ec1889586,2728788,7ed72f31,0,12,flip_ud,5da720f0adbd28681f8e5a8d7184ab628c9efa748811df7e4c0d105f863ba703,e5beec92c9992930f4d6b468db1806ee2f3b9224e13179af7d4e8bb5897148e0,,UNKNOWN,worker_2,,3,3,843,845,843,596,50.245968201197684,search_exhausted,,,7ed72f31,d012,7ed72f31:o0:d012:flip_ud,1,1790575595529642304,bda9cabcca55450622cbca95f4cdadec61fb144d510b5a01c62eeb092d700caa,af6f9f2a7bd4b26008adb0f1c5a552bf2d2e3453baab8ebfbb4078373b40093d
/workspace/arc2/active_runs/eval60_v5_vs_greedy_4worker_v1/raw/task_depth/7ed72f31/d012.parquet,7ef20dfcfdb4aa4cebfa1e6f38b1fb239a26221460be3a6f0482b26ec1889586,2728788,7ed72f31,0,12,transpose,5da720f0adbd28681f8e5a8d7184ab628c9efa748811df7e4c0d105f863ba703,e5beec92c9992930f4d6b468db1806ee2f3b9224e13179af7d4e8bb5897148e0,,UNKNOWN,worker_2,,3,3,872,874,872,702,49.395181574858725,search_exhausted,,,7ed72f31,d012,7ed72f31:o0:d012:transpose,2,1790575595529642304,27fe0a747ce4e1ac65e80eae0911768879b442daf502918464e120bd14a61340,a7ae0141aaf5b7f48a56ef51cfbaa9f87a0632c611d73f377ed51d05c49360f9
/workspace/arc2/active_runs/eval60_v5_vs_greedy_4worker_v1/raw/task_depth/7ed72f31/d012.parquet,7ef20dfcfdb4aa4cebfa1e6f38b1fb239a26221460be3a6f0482b26ec1889586,2728788,7ed72f31,0,12,anti_transpose,5da720f0adbd28681f8e5a8d7184ab628c9efa748811df7e4c0d105f863ba703,e5beec92c9992930f4d6b468db1806ee2f3b9224e13179af7d4e8bb5897148e0,,UNKNOWN,worker_2,,3,3,872,874,872,458,49.395181574858725,search_exhausted,,,7ed72f31,d012,7ed72f31:o0:d012:anti_transpose,3,1790575595529642304,c36619aa94d7006d9ef7a3234bb4f944b38c16a11bfdee02024f7846ccee0fe7,4571fbe62f1d78f42790f5dca5385ef93adc861f07e3f22bc1cd94a27a23690e
/workspace/arc2/active_runs/eval60_v5_vs_greedy_4worker_v1/raw/task_depth/7ed72f31/d012.parquet,7ef20dfcfdb4aa4cebfa1e6f38b1fb239a26221460be3a6f0482b26ec1889586,2728788,7ed72f31,1,12,identity,5da720f0adbd28681f8e5a8d7184ab628c9efa748811df7e4c0d105f863ba703,e5beec92c9992930f4d6b468db1806ee2f3b9224e13179af7d4e8bb5897148e0,,UNKNOWN,worker_2,,2,2,1607,1609,1607,1279,89.0670757824555,search_exhausted,,,7ed72f31,d012,7ed72f31:o1:d012:identity,4,1790575595529642304,fb88e9832b61192f960c054193528fc4c8eb5a4b45c96ddcfd4398bfcd1d1c4f,f535eb395c655cbcff4ffaad0cfe93ea6514a85cb1f9aa19fa14e8a7e2b85bf9
/workspace/arc2/active_runs/eval60_v5_vs_greedy_4worker_v1/raw/task_depth/7ed72f31/d012.parquet,7ef20dfcfdb4aa4cebfa1e6f38b1fb239a26221460be3a6f0482b26ec1889586,2728788,7ed72f31,1,12,flip_ud,5da720f0adbd28681f8e5a8d7184ab628c9efa748811df7e4c0d105f863ba703,e5beec92c9992930f4d6b468db1806ee2f3b9224e13179af7d4e8bb5897148e0,,UNKNOWN,worker_2,,2,2,1608,1609,1608,1375,89.0670757824555,search_exhausted,,,7ed72f31,d012,7ed72f31:o1:d012:flip_ud,5,1790575595529642304,0de6519262c2c8137639669a25a645aec3bf1c769e1646b3ea639d5cbf726d59,fdda9b3c852e1236196151bf8c35835fe0fb89a40ae7602283aee33469ed259d
/workspace/arc2/active_runs/eval60_v5_vs_greedy_4worker_v1/raw/task_depth/7ed72f31/d012.parquet,7ef20dfcfdb4aa4cebfa1e6f38b1fb239a26221460be3a6f0482b26ec1889586,2728788,7ed72f31,1,12,transpose,5da720f0adbd28681f8e5a8d7184ab628c9efa748811df7e4c0d105f863ba703,e5beec92c9992930f4d6b468db1806ee2f3b9224e13179af7d4e8bb5897148e0,,UNKNOWN,worker_2,,1,1,811,812,811,257,44.82467596326023,search_exhausted,,,7ed72f31,d012,7ed72f31:o1:d012:transpose,6,1790575595529642304,ca04c00c88d77b885ea712a0623050462da2395907a8f81c6954a9cda70af0f1,b637bbfefa53d0bfa6f615b89a5ec4aea33d6a48938e41c105501edae293c3a3
/workspace/arc2/active_runs/eval60_v5_vs_greedy_4worker_v1/raw/task_depth/7ed72f31/d012.parquet,7ef20dfcfdb4aa4cebfa1e6f38b1fb239a26221460be3a6f0482b26ec1889586,2728788,7ed72f31,1,12,anti_transpose,5da720f0adbd28681f8e5a8d7184ab628c9efa748811df7e4c0d105f863ba703,e5beec92c9992930f4d6b468db1806ee2f3b9224e13179af7d4e8bb5897148e0,,UNKNOWN,worker_2,,1,1,811,812,811,557,44.82467596326023,search_exhausted,,,7ed72f31,d012,7ed72f31:o1:d012:anti_transpose,7,1790575595529642304,595813a9a1d006aabd184632f3e183603e97898aec98eb45cc94b7daafe463c0,768f5e6b84f6c881ec316e03639216a01c184a1fbc8fdc7d49b76b9a7310c273
/workspace/arc2/active_runs/eval60_v5_vs_greedy_4worker_v1/raw/task_depth/7ed72f31/d024.parquet,77b168bf09053fbe4f5721b1151425c4652b27477388cb6a8c2218320a44889a,2802884,7ed72f31,0,24,identity,7f7956fde3958832a41a63fdbc260f39707fd8d4aaa2a18347a0d24383cc7474,e5beec92c9992930f4d6b468db1806ee2f3b9224e13179af7d4e8bb5897148e0,,UNKNOWN,worker_2,,4,4,776,779,776,421,47.646077297627926,search_exhausted,,,7ed72f31,d024,7ed72f31:o0:d024:identity,0,1790576192467245129,9250e57248b7a0e9b7f393b17cb6a7a719e373fe572725ee9f8b66e76f552e03,53296a0099443f4fe100e5d6a89204517cdd9d27f40a61440b07d362c18a6420
/workspace/arc2/active_runs/eval60_v5_vs_greedy_4worker_v1/raw/task_depth/7ed72f31/d024.parquet,77b168bf09053fbe4f5721b1151425c4652b27477388cb6a8c2218320a44889a,2802884,7ed72f31,0,24,flip_ud,7f7956fde3958832a41a63fdbc260f39707fd8d4aaa2a18347a0d24383cc7474,e5beec92c9992930f4d6b468db1806ee2f3b9224e13179af7d4e8bb5897148e0,,UNKNOWN,worker_2,,4,4,777,779,777,351,47.646077297627926,search_exhausted,,,7ed72f31,d024,7ed72f31:o0:d024:flip_ud,1,1790576192467245129,906045db09c6bc7a1ef730360c6c7c1bc68498926ababe1a14e4a980e2628f35,45ecd0835b097cefdf953fad80ec48ba0d9cf913d76a3905017a5dfe082c42ba
/workspace/arc2/active_runs/eval60_v5_vs_greedy_4worker_v1/raw/task_depth/7ed72f31/d024.parquet,77b168bf09053fbe4f5721b1151425c4652b27477388cb6a8c2218320a44889a,2802884,7ed72f31,0,24,transpose,7f7956fde3958832a41a63fdbc260f39707fd8d4aaa2a18347a0d24383cc7474,e5beec92c9992930f4d6b468db1806ee2f3b9224e13179af7d4e8bb5897148e0,,UNKNOWN,worker_2,,2,2,602,603,602,185,33.38794176094234,search_exhausted,,,7ed72f31,d024,7ed72f31:o0:d024:transpose,2,1790576192467245129,e3aba6a9f3fa898deb45e86ba2353e9b3a7bb2335bed94b62d1bfec92e63209d,1f9de7c38ef37186d3f6fb672f2c5214a06f455b2c9b9d1e5121f66e19fa084a
/workspace/arc2/active_runs/eval60_v5_vs_greedy_4worker_v1/raw/task_depth/7ed72f31/d024.parquet,77b168bf09053fbe4f5721b1151425c4652b27477388cb6a8c2218320a44889a,2802884,7ed72f31,0,24,anti_transpose,7f7956fde3958832a41a63fdbc260f39707fd8d4aaa2a18347a0d24383cc7474,e5beec92c9992930f4d6b468db1806ee2f3b9224e13179af7d4e8bb5897148e0,,UNKNOWN,worker_2,,2,2,601,603,601,261,33.38794176094234,search_exhausted,,,7ed72f31,d024,7ed72f31:o0:d024:anti_transpose,3,1790576192467245129,a727c3313457bcd400ebb77cb9ef170af292f7611e6ee6f32cc8adf36aa0eb20,4b5b7da41f4d17af2fe6fe54e21bd7f90e11988d6ad5b8f00925b8377af84978
/workspace/arc2/active_runs/eval60_v5_vs_greedy_4worker_v1/raw/task_depth/7ed72f31/d024.parquet,77b168bf09053fbe4f5721b1151425c4652b27477388cb6a8c2218320a44889a,2802884,7ed72f31,1,24,identity,7f7956fde3958832a41a63fdbc260f39707fd8d4aaa2a18347a0d24383cc7474,e5beec92c9992930f4d6b468db1806ee2f3b9224e13179af7d4e8bb5897148e0,,UNKNOWN,worker_2,,2,2,1607,1609,1607,797,95.47556168586016,search_exhausted,,,7ed72f31,d024,7ed72f31:o1:d024:identity,4,1790576192467245129,ba5e29585b71045a22a806a77cf1177747f279d6448787dd06021ce08c04e90e,338c560b3800889805b940673ce0c90b09b6d08e2748af308750ceb3c9339f12
/workspace/arc2/active_runs/eval60_v5_vs_greedy_4worker_v1/raw/task_depth/7ed72f31/d024.parquet,77b168bf09053fbe4f5721b1151425c4652b27477388cb6a8c2218320a44889a,2802884,7ed72f31,1,24,flip_ud,7f7956fde3958832a41a63fdbc260f39707fd8d4aaa2a18347a0d24383cc7474,e5beec92c9992930f4d6b468db1806ee2f3b9224e13179af7d4e8bb5897148e0,,UNKNOWN,worker_2,,2,2,1608,1609,1608,1220,95.47556168586016,search_exhausted,,,7ed72f31,d024,7ed72f31:o1:d024:flip_ud,5,1790576192467245129,f84509775e246f2d350e4eaccd722a854e14ab6dd5286a8644e9085d9361927d,687158ebfe7bfbf5f4b35fa033189ce4e8f17e19c97e062d63d4fa26a056a26f
/workspace/arc2/active_runs/eval60_v5_vs_greedy_4worker_v1/raw/task_depth/7ed72f31/d024.parquet,77b168bf09053fbe4f5721b1151425c4652b27477388cb6a8c2218320a44889a,2802884,7ed72f31,1,24,transpose,7f7956fde3958832a41a63fdbc260f39707fd8d4aaa2a18347a0d24383cc7474,e5beec92c9992930f4d6b468db1806ee2f3b9224e13179af7d4e8bb5897148e0,,UNKNOWN,worker_2,,3,3,1744,1746,1744,947,106.53627342171967,search_exhausted,,,7ed72f31,d024,7ed72f31:o1:d024:transpose,6,1790576192467245129,7a47423c2f1c57226a2722b3185461146c598770d5cc2b56821fc489e959e121,af89f819dd4c857628bef1f4b82b871b09b7fa1913494f564712e428987d45d3
/workspace/arc2/active_runs/eval60_v5_vs_greedy_4worker_v1/raw/task_depth/7ed72f31/d024.parquet,77b168bf09053fbe4f5721b1151425c4652b27477388cb6a8c2218320a44889a,2802884,7ed72f31,1,24,anti_transpose,7f7956fde3958832a41a63fdbc260f39707fd8d4aaa2a18347a0d24383cc7474,e5beec92c9992930f4d6b468db1806ee2f3b9224e13179af7d4e8bb5897148e0,,UNKNOWN,worker_2,,3,3,1744,1746,1744,378,106.53627342171967,search_exhausted,,,7ed72f31,d024,7ed72f31:o1:d024:anti_transpose,7,1790576192467245129,86e398b998994a0d9556556a11865ac7b797c7506399f30c90b07d542925221f,a09a6394f841bbd9990a9151ca08d812e547c72efbdca7c82631c6a046b76f1f
/workspace/arc2/active_runs/eval60_v5_vs_greedy_4worker_v1/raw/task_depth/e376de54/d012.parquet,ac10154217655bf43c9e00e3631c14e9ec8fc96b4b66d6fd4b8ec2d68e40ab02,1092372,e376de54,0,12,identity,e00bbb25e2195b3248e07793371a9dddc29c27ff0b9191768015b8fa44272eb4,e5beec92c9992930f4d6b468db1806ee2f3b9224e13179af7d4e8bb5897148e0,,UNKNOWN,worker_1,,3,3,759,761,759,519,42.70018065068871,search_exhausted,,,e376de54,d012,e376de54:o0:d012:identity,0,1790574188254811851,4da5aaef91f0714038e711a76b23f1a9d2f28bdf4b470af243fca86040fb37de,0c916ee9cf92c07ba1a019ae69375655864647c1e207dfb929a00126ceea65e7
/workspace/arc2/active_runs/eval60_v5_vs_greedy_4worker_v1/raw/task_depth/e376de54/d012.parquet,ac10154217655bf43c9e00e3631c14e9ec8fc96b4b66d6fd4b8ec2d68e40ab02,1092372,e376de54,0,12,flip_ud,e00bbb25e2195b3248e07793371a9dddc29c27ff0b9191768015b8fa44272eb4,e5beec92c9992930f4d6b468db1806ee2f3b9224e13179af7d4e8bb5897148e0,,UNKNOWN,worker_1,,3,3,759,761,759,620,42.70018065068871,search_exhausted,,,e376de54,d012,e376de54:o0:d012:flip_ud,1,1790574188254811851,39fe49e3fe228c056c46973bd73eb6cc2e9f46da511a87d20a36348dd5e9e793,11e8faec31ca7fcfda8aba7a096ed1a63b562844670827078ce2bf38285075d0
/workspace/arc2/active_runs/eval60_v5_vs_greedy_4worker_v1/raw/task_depth/e376de54/d012.parquet,ac10154217655bf43c9e00e3631c14e9ec8fc96b4b66d6fd4b8ec2d68e40ab02,1092372,e376de54,0,12,transpose,e00bbb25e2195b3248e07793371a9dddc29c27ff0b9191768015b8fa44272eb4,e5beec92c9992930f4d6b468db1806ee2f3b9224e13179af7d4e8bb5897148e0,,UNKNOWN,worker_1,,4,4,929,932,929,650,57.69895753171295,search_exhausted,,,e376de54,d012,e376de54:o0:d012:transpose,2,1790574188254811851,78c4b31eaff8f2c8c9beb01303fc9bf47ceea1ab67d4158270e63f1707a2f6c6,0aca554b0ca1763242da07b8b08fad462c53eb43712c1a80a5fea0dfc1630619
/workspace/arc2/active_runs/eval60_v5_vs_greedy_4worker_v1/raw/task_depth/e376de54/d012.parquet,ac10154217655bf43c9e00e3631c14e9ec8fc96b4b66d6fd4b8ec2d68e40ab02,1092372,e376de54,0,12,anti_transpose,e00bbb25e2195b3248e07793371a9dddc29c27ff0b9191768015b8fa44272eb4,e5beec92c9992930f4d6b468db1806ee2f3b9224e13179af7d4e8bb5897148e0,,UNKNOWN,worker_1,,4,4,930,932,930,765,57.69895753171295,search_exhausted,,,e376de54,d012,e376de54:o0:d012:anti_transpose,3,1790574188254811851,4d52c2ed9175c526372064caf63d8d56c56884b318b20524cb04d437c5fd0cad,c4db881e0d708d645146b040388cc2a87f2c8c70d9dd52ef5e9a1d6aea7131d8
/workspace/arc2/active_runs/eval60_v5_vs_greedy_4worker_v1/raw/task_depth/e376de54/d024.parquet,b1cccec81c8f74bab6bda63c051241d561b79888377f79780878ff28a539acff,565638,e376de54,0,24,identity,0be1e7b2a36e74dce803ab228fd34ae864e5eb0d7fcaf692e3f220ee1d98c079,e5beec92c9992930f4d6b468db1806ee2f3b9224e13179af7d4e8bb5897148e0,,UNKNOWN,worker_1,,3,3,567,569,567,165,34.657123079523444,search_exhausted,,,e376de54,d024,e376de54:o0:d024:identity,0,1790574336585663373,9c2c7545efe21103de308cd5e9ce20e58b038fde72a54d3f18a5054bab740325,786cd03979bdf9b8e3e0f3cadd01e9fc0aaaad26accf8a66159db7e7a38f1128
/workspace/arc2/active_runs/eval60_v5_vs_greedy_4worker_v1/raw/task_depth/e376de54/d024.parquet,b1cccec81c8f74bab6bda63c051241d561b79888377f79780878ff28a539acff,565638,e376de54,0,24,flip_ud,0be1e7b2a36e74dce803ab228fd34ae864e5eb0d7fcaf692e3f220ee1d98c079,e5beec92c9992930f4d6b468db1806ee2f3b9224e13179af7d4e8bb5897148e0,,UNKNOWN,worker_1,,3,3,567,569,567,394,34.657123079523444,search_exhausted,,,e376de54,d024,e376de54:o0:d024:flip_ud,1,1790574336585663373,2e7b698b68cca81d8a5a7e35538a6c38539d5a10aa4f8038d20c5bbac623d27c,8c999ca9489d82c8c3383630fd941a994874527e6a2169092ea3691275c5bbee
/workspace/arc2/active_runs/eval60_v5_vs_greedy_4worker_v1/raw/task_depth/e376de54/d024.parquet,b1cccec81c8f74bab6bda63c051241d561b79888377f79780878ff28a539acff,565638,e376de54,0,24,transpose,0be1e7b2a36e74dce803ab228fd34ae864e5eb0d7fcaf692e3f220ee1d98c079,e5beec92c9992930f4d6b468db1806ee2f3b9224e13179af7d4e8bb5897148e0,,UNKNOWN,worker_1,,2,2,448,450,448,178,27.23695298563689,search_exhausted,,,e376de54,d024,e376de54:o0:d024:transpose,2,1790574336585663373,1906340fe51102fb5730acf23b1d21251331136a85efa659a32beae726c96b37,0c87d90aa95141ec904df3d2f404b9fd8a5ae2f8bf5de97c618465debd06ae37
/workspace/arc2/active_runs/eval60_v5_vs_greedy_4worker_v1/raw/task_depth/e376de54/d024.parquet,b1cccec81c8f74bab6bda63c051241d561b79888377f79780878ff28a539acff,565638,e376de54,0,24,anti_transpose,0be1e7b2a36e74dce803ab228fd34ae864e5eb0d7fcaf692e3f220ee1d98c079,e5beec92c9992930f4d6b468db1806ee2f3b9224e13179af7d4e8bb5897148e0,,UNKNOWN,worker_1,,2,2,449,450,449,161,27.23695298563689,search_exhausted,,,e376de54,d024,e376de54:o0:d024:anti_transpose,3,1790574336585663373,4e700e135ed95763e57e7494059bf3bb3456de61a56f0aaf341a0e6e2f267b90,525130f65b3bad4a290098e3508c0544b6f05a9e6c57c6319d179aae21df97c8
/workspace/arc2/active_runs/eval60_v5_vs_greedy_4worker_v1/raw/task_depth/e376de54/d048.parquet,d768617fb65f815773b209a33b28af0126e41e383496ad8fe51be39864df9419,425020,e376de54,0,48,identity,018600cdb2e56a5ff743951fdc491b156135a555059470d75a12ace42a45b45f,e5beec92c9992930f4d6b468db1806ee2f3b9224e13179af7d4e8bb5897148e0,,UNKNOWN,worker_1,,1,1,271,272,271,0,13.562411459162831,search_exhausted,,,e376de54,d048,e376de54:o0:d048:identity,0,1790574465928884089,dc44347e6f361b4f8818e0c606bab2468ff04e4a80168dcb307a59588a7f85a3,e272b0c0b5fe469b9655b5360947168ce764740f0561364804a515145794f31f
/workspace/arc2/active_runs/eval60_v5_vs_greedy_4worker_v1/raw/task_depth/e376de54/d048.parquet,d768617fb65f815773b209a33b28af0126e41e383496ad8fe51be39864df9419,425020,e376de54,0,48,flip_ud,018600cdb2e56a5ff743951fdc491b156135a555059470d75a12ace42a45b45f,e5beec92c9992930f4d6b468db1806ee2f3b9224e13179af7d4e8bb5897148e0,,UNKNOWN,worker_1,,1,1,271,272,271,0,13.562411459162831,search_exhausted,,,e376de54,d048,e376de54:o0:d048:flip_ud,1,1790574465928884089,381dba7b23103c63443268219c3cf15d2fdcac68376efa9e2cdaaa4e36ffddb9,1653bd1e91894d6888506ae99b7ee69049f852f53f7e6e44899ef57fba426ef1
/workspace/arc2/active_runs/eval60_v5_vs_greedy_4worker_v1/raw/task_depth/e376de54/d048.parquet,d768617fb65f815773b209a33b28af0126e41e383496ad8fe51be39864df9419,425020,e376de54,0,48,transpose,018600cdb2e56a5ff743951fdc491b156135a555059470d75a12ace42a45b45f,e5beec92c9992930f4d6b468db1806ee2f3b9224e13179af7d4e8bb5897148e0,,UNKNOWN,worker_1,,2,2,488,490,488,218,30.57939252629876,search_exhausted,,,e376de54,d048,e376de54:o0:d048:transpose,2,1790574465928884089,f1ce8110f580ba61dece013d106fc3cb3b940bfa48077df955d2219f64dad69d,084515d2ea22f376e6539916ec68177434c4ab09c83ac1ff56f9feff15aba9f0
/workspace/arc2/active_runs/eval60_v5_vs_greedy_4worker_v1/raw/task_depth/e376de54/d048.parquet,d768617fb65f815773b209a33b28af0126e41e383496ad8fe51be39864df9419,425020,e376de54,0,48,anti_transpose,018600cdb2e56a5ff743951fdc491b156135a555059470d75a12ace42a45b45f,e5beec92c9992930f4d6b468db1806ee2f3b9224e13179af7d4e8bb5897148e0,,UNKNOWN,worker_1,,2,2,489,490,489,276,30.57939252629876,search_exhausted,,,e376de54,d048,e376de54:o0:d048:anti_transpose,3,1790574465928884089,7c15e7f1e72ca35095e87d6ed384cc0be577af1ec257319fe66b431761574c7a,e5ef1a48f3f53b24909ffb13c5d4e2780dcd4b03d0e112b1b3baad0062e952e4
/workspace/arc2/active_runs/eval60_v5_vs_greedy_4worker_v1/raw/task_depth/f931b4a8/d012.parquet,c33caf36b43cb411df8edba07aaf0054a4434bce7092da389c847d0f92806c26,7883826,f931b4a8,0,12,identity,47fb1a35ab62f9126ab1689f90c344afc3e5cc0886a391b59e7d729f4969ff09,e5beec92c9992930f4d6b468db1806ee2f3b9224e13179af7d4e8bb5897148e0,,UNKNOWN,worker_3,,21,21,3697,3717,3697,3699,198.4111970551312,search_exhausted,,,f931b4a8,d012,f931b4a8:o0:d012:identity,0,1790575365000000000,68323687aaba722e71fa89bfb4885b0aa22d20bdea6f25826e7bfd3545aae3b8,f219c7dd3e0c530638e0da962319c11c06ce12bf3b253b3bca652b854a01adb1
/workspace/arc2/active_runs/eval60_v5_vs_greedy_4worker_v1/raw/task_depth/f931b4a8/d012.parquet,c33caf36b43cb411df8edba07aaf0054a4434bce7092da389c847d0f92806c26,7883826,f931b4a8,0,12,flip_ud,47fb1a35ab62f9126ab1689f90c344afc3e5cc0886a391b59e7d729f4969ff09,e5beec92c9992930f4d6b468db1806ee2f3b9224e13179af7d4e8bb5897148e0,,UNKNOWN,worker_3,,11,11,3708,3717,3708,3715,198.4111970551312,search_exhausted,,,f931b4a8,d012,f931b4a8:o0:d012:flip_ud,1,1790575365000000000,d963b00ba19efcf2bb766d5828dff3a9d279e4e9a9337dc44e9dfa8e8096b68b,e392fd242872874f4bb651b72ac49fe302f8af3c75e4de9de82079b628a830f9
/workspace/arc2/active_runs/eval60_v5_vs_greedy_4worker_v1/raw/task_depth/f931b4a8/d012.parquet,c33caf36b43cb411df8edba07aaf0054a4434bce7092da389c847d0f92806c26,7883826,f931b4a8,0,12,transpose,47fb1a35ab62f9126ab1689f90c344afc3e5cc0886a391b59e7d729f4969ff09,e5beec92c9992930f4d6b468db1806ee2f3b9224e13179af7d4e8bb5897148e0,,UNKNOWN,worker_3,,4,4,1857,1860,1857,1855,97.02384446468204,search_exhausted,,,f931b4a8,d012,f931b4a8:o0:d012:transpose,2,1790575365000000000,ff0414b8b668b7633105bc6a170f05251232d456b2709defba2ba6c3cfd15894,05b4d398c4d75663e9c2ac679c5e038b4838b07af3bee122f0d6ae2e66c259e2
/workspace/arc2/active_runs/eval60_v5_vs_greedy_4worker_v1/raw/task_depth/f931b4a8/d012.parquet,c33caf36b43cb411df8edba07aaf0054a4434bce7092da389c847d0f92806c26,7883826,f931b4a8,0,12,anti_transpose,47fb1a35ab62f9126ab1689f90c344afc3e5cc0886a391b59e7d729f4969ff09,e5beec92c9992930f4d6b468db1806ee2f3b9224e13179af7d4e8bb5897148e0,,UNKNOWN,worker_3,,10,10,1850,1860,1850,1858,97.02384446468204,search_exhausted,,,f931b4a8,d012,f931b4a8:o0:d012:anti_transpose,3,1790575365000000000,9a753e6394dd6ad9e88ee13b41fd58aa9b72d49a51c96ac6d7ae5831ecdc3e60,a5a8d03c21b85c6e95e91aab1922407150bad4cc93f46a9a8acf709cbb69afcb
/workspace/arc2/active_runs/eval60_v5_vs_greedy_4worker_v1/raw/task_depth/f931b4a8/d012.parquet,c33caf36b43cb411df8edba07aaf0054a4434bce7092da389c847d0f92806c26,7883826,f931b4a8,1,12,identity,47fb1a35ab62f9126ab1689f90c344afc3e5cc0886a391b59e7d729f4969ff09,e5beec92c9992930f4d6b468db1806ee2f3b9224e13179af7d4e8bb5897148e0,,UNKNOWN,worker_3,,14,14,3706,3719,3706,3703,213.90570244472474,search_exhausted,,,f931b4a8,d012,f931b4a8:o1:d012:identity,4,1790575365000000000,843c90372bec2a4ea1d3da07ea7fe4d4aefd3f234bd8dddb816cfd9d9a94e308,842b27340f29fcf8b327ce643cccf7d76fadea9e6fad7d13e273de67553b2ddc
/workspace/arc2/active_runs/eval60_v5_vs_greedy_4worker_v1/raw/task_depth/f931b4a8/d012.parquet,c33caf36b43cb411df8edba07aaf0054a4434bce7092da389c847d0f92806c26,7883826,f931b4a8,1,12,flip_ud,47fb1a35ab62f9126ab1689f90c344afc3e5cc0886a391b59e7d729f4969ff09,e5beec92c9992930f4d6b468db1806ee2f3b9224e13179af7d4e8bb5897148e0,,UNKNOWN,worker_3,,16,16,3705,3719,3705,3717,213.90570244472474,search_exhausted,,,f931b4a8,d012,f931b4a8:o1:d012:flip_ud,5,1790575365000000000,d0b752118a4e5a1c0bb5f927f44f92c63d2148b9876f4ecf2f5c0cd2e8266568,e092f053000367a5d98195505e247ff6ba80fc7188bfc17deb6f7cff146ff99e
/workspace/arc2/active_runs/eval60_v5_vs_greedy_4worker_v1/raw/task_depth/f931b4a8/d012.parquet,c33caf36b43cb411df8edba07aaf0054a4434bce7092da389c847d0f92806c26,7883826,f931b4a8,1,12,transpose,47fb1a35ab62f9126ab1689f90c344afc3e5cc0886a391b59e7d729f4969ff09,e5beec92c9992930f4d6b468db1806ee2f3b9224e13179af7d4e8bb5897148e0,,UNKNOWN,worker_3,,15,15,3702,3715,3702,3708,210.05028302315623,search_exhausted,,,f931b4a8,d012,f931b4a8:o1:d012:transpose,6,1790575365000000000,138345371fc33c65d41f85e1115e8d7633f15c75d7288d2faaa9bdb24134acc5,f1aa6f6287aebd542431637b4adbce03d2703d89d70d31f86d7920c4941f1a2a
/workspace/arc2/active_runs/eval60_v5_vs_greedy_4worker_v1/raw/task_depth/f931b4a8/d012.parquet,c33caf36b43cb411df8edba07aaf0054a4434bce7092da389c847d0f92806c26,7883826,f931b4a8,1,12,anti_transpose,47fb1a35ab62f9126ab1689f90c344afc3e5cc0886a391b59e7d729f4969ff09,e5beec92c9992930f4d6b468db1806ee2f3b9224e13179af7d4e8bb5897148e0,,UNKNOWN,worker_3,,21,21,3695,3715,3695,3709,210.05028302315623,search_exhausted,,,f931b4a8,d012,f931b4a8:o1:d012:anti_transpose,7,1790575365000000000,887aed4a4bfaab3d7d05ef158d44c2faefed1433386c7186c6c6761992558017,d1b68173301042d22aa14af8f69408489a4d55160f43641852d92a66dfaf2aa3
/workspace/arc2/active_runs/eval60_v5_vs_greedy_4worker_v1/raw/task_depth/f931b4a8/d024.parquet,c56825868bc77b04090b1d0f9dec291eb48f5fdb2233f5b196488de291e6040e,1835002,f931b4a8,0,24,identity,66a6640a611ef60b483149ad1578a7083365afb03f2ae2f2b766d2ec0baa0134,e5beec92c9992930f4d6b468db1806ee2f3b9224e13179af7d4e8bb5897148e0,,UNKNOWN,worker_3,,9,9,942,950,942,946,56.35892449505627,search_exhausted,,,f931b4a8,d024,f931b4a8:o0:d024:identity,0,1790575731245422085,eeb48cc3b056660f6a594a13671a08a90e3490a3588045d21a1ad5bb9664f4fc,c3d27f85b7e3c2249ed81f47eb0bd55e9aef5f99b7fb3c63d8d235d60ac152e4
/workspace/arc2/active_runs/eval60_v5_vs_greedy_4worker_v1/raw/task_depth/f931b4a8/d024.parquet,c56825868bc77b04090b1d0f9dec291eb48f5fdb2233f5b196488de291e6040e,1835002,f931b4a8,0,24,flip_ud,66a6640a611ef60b483149ad1578a7083365afb03f2ae2f2b766d2ec0baa0134,e5beec92c9992930f4d6b468db1806ee2f3b9224e13179af7d4e8bb5897148e0,,UNKNOWN,worker_3,,10,10,941,950,941,947,56.35892449505627,search_exhausted,,,f931b4a8,d024,f931b4a8:o0:d024:flip_ud,1,1790575731245422085,ad883fd7b1ec91c5aedf09f6f995d8f3dc45f13f76a41209e386c73a44a4f440,6adf912d2ece4cafee4974f8594b4af351297ed6ff98bf59fb203b349e86681f
/workspace/arc2/active_runs/eval60_v5_vs_greedy_4worker_v1/raw/task_depth/f931b4a8/d024.parquet,c56825868bc77b04090b1d0f9dec291eb48f5fdb2233f5b196488de291e6040e,1835002,f931b4a8,0,24,transpose,66a6640a611ef60b483149ad1578a7083365afb03f2ae2f2b766d2ec0baa0134,e5beec92c9992930f4d6b468db1806ee2f3b9224e13179af7d4e8bb5897148e0,,UNKNOWN,worker_3,,23,23,1905,1927,1905,1911,109.73349984176457,search_exhausted,,,f931b4a8,d024,f931b4a8:o0:d024:transpose,2,1790575731245422085,52c5616c5dc6e1c96ebbfe1db0eb18254ff149b6c3f492903123bef5ea757549,c326755db7a6ee0d20ba8d6ac0cafee8af9829d503ecea8653268704e8e2c99f
/workspace/arc2/active_runs/eval60_v5_vs_greedy_4worker_v1/raw/task_depth/f931b4a8/d024.parquet,c56825868bc77b04090b1d0f9dec291eb48f5fdb2233f5b196488de291e6040e,1835002,f931b4a8,0,24,anti_transpose,66a6640a611ef60b483149ad1578a7083365afb03f2ae2f2b766d2ec0baa0134,e5beec92c9992930f4d6b468db1806ee2f3b9224e13179af7d4e8bb5897148e0,,UNKNOWN,worker_3,,14,14,1914,1927,1914,1924,109.73349984176457,search_exhausted,,,f931b4a8,d024,f931b4a8:o0:d024:anti_transpose,3,1790575731245422085,e2aa861756ffb62f7b15fde2d2966e67e40780e7e3e343af97e5ebc706d2cb81,50054ea68931d23a0de0bba75672161802d364031f9478d0e248066957a58c3c
/workspace/arc2/active_runs/eval60_v5_vs_greedy_4worker_v1/raw/task_depth/f931b4a8/d024.parquet,c56825868bc77b04090b1d0f9dec291eb48f5fdb2233f5b196488de291e6040e,1835002,f931b4a8,1,24,identity,66a6640a611ef60b483149ad1578a7083365afb03f2ae2f2b766d2ec0baa0134,e5beec92c9992930f4d6b468db1806ee2f3b9224e13179af7d4e8bb5897148e0,,UNKNOWN,worker_3,,3,3,13,15,13,7,1.394636733457446,search_exhausted,,,f931b4a8,d024,f931b4a8:o1:d024:identity,4,1790575731245422085,4c52b6e0ed0dc40e38e5b83134c5ddcd8231bd216e421d38240f7660149ec53e,7d6193875757a78c6f82be5498ce14d20130dd01dbe3f0d84c5a00383e2c31f0
/workspace/arc2/active_runs/eval60_v5_vs_greedy_4worker_v1/raw/task_depth/f931b4a8/d024.parquet,c56825868bc77b04090b1d0f9dec291eb48f5fdb2233f5b196488de291e6040e,1835002,f931b4a8,1,24,flip_ud,66a6640a611ef60b483149ad1578a7083365afb03f2ae2f2b766d2ec0baa0134,e5beec92c9992930f4d6b468db1806ee2f3b9224e13179af7d4e8bb5897148e0,,UNKNOWN,worker_3,,3,3,14,15,14,13,1.394636733457446,search_exhausted,,,f931b4a8,d024,f931b4a8:o1:d024:flip_ud,5,1790575731245422085,13ae24247d795cbb3860ef06366a67bc586ffaaed381aa39766705e71998f8e5,cdb1dbfa710cf50b1a94ab0c76e73a5750c11b44781c698df827e9602b877a34
/workspace/arc2/active_runs/eval60_v5_vs_greedy_4worker_v1/raw/task_depth/f931b4a8/d024.parquet,c56825868bc77b04090b1d0f9dec291eb48f5fdb2233f5b196488de291e6040e,1835002,f931b4a8,1,24,transpose,66a6640a611ef60b483149ad1578a7083365afb03f2ae2f2b766d2ec0baa0134,e5beec92c9992930f4d6b468db1806ee2f3b9224e13179af7d4e8bb5897148e0,,UNKNOWN,worker_3,,1,1,5,6,5,0,0.669891893863678,search_exhausted,,,f931b4a8,d024,f931b4a8:o1:d024:transpose,6,1790575731245422085,558dfef95c087ac1fd543c8184496234e7fea3aac7d31a2eaab6b1a151fdf2e1,51cdba9010cfb03028e9499927dee152258b054a32c530cd56700f653b59e65c
/workspace/arc2/active_runs/eval60_v5_vs_greedy_4worker_v1/raw/task_depth/f931b4a8/d024.parquet,c56825868bc77b04090b1d0f9dec291eb48f5fdb2233f5b196488de291e6040e,1835002,f931b4a8,1,24,anti_transpose,66a6640a611ef60b483149ad1578a7083365afb03f2ae2f2b766d2ec0baa0134,e5beec92c9992930f4d6b468db1806ee2f3b9224e13179af7d4e8bb5897148e0,,UNKNOWN,worker_3,,1,1,5,6,5,0,0.669891893863678,search_exhausted,,,f931b4a8,d024,f931b4a8:o1:d024:anti_transpose,7,1790575731245422085,6978cc26e125d45397963b52a59e38f304f47c8477b5c7280f7f01e196f3689c,ff629be8887a73ff5ee6848a225553aebbad00f9f79e117b90cca55887bfd76e
/workspace/arc2/active_runs/eval60_v5_vs_greedy_4worker_v1/raw/task_depth/f931b4a8/d048.parquet,ae4c6d6a430ee217c5b58b795e77b1d91b25e634cc8e193589246989e3dcdbe1,3811303,f931b4a8,0,48,identity,603da7a217a345b798032bad575216e4a551f72a645b73926e1df8d6fdccc09c,e5beec92c9992930f4d6b468db1806ee2f3b9224e13179af7d4e8bb5897148e0,,UNKNOWN,worker_3,,19,19,2773,2790,2773,2774,167.31879572104663,search_exhausted,,,f931b4a8,d048,f931b4a8:o0:d048:identity,0,1790576514345109044,ead0b75556cdb4a981768a19f52fc0703a23d19705dbc0dd0ab9700b6f8d0024,e0736edc24ebfce122dfa40d6d7768077036280ea4d762e865ab991ca8f355fe
/workspace/arc2/active_runs/eval60_v5_vs_greedy_4worker_v1/raw/task_depth/f931b4a8/d048.parquet,ae4c6d6a430ee217c5b58b795e77b1d91b25e634cc8e193589246989e3dcdbe1,3811303,f931b4a8,0,48,flip_ud,603da7a217a345b798032bad575216e4a551f72a645b73926e1df8d6fdccc09c,e5beec92c9992930f4d6b468db1806ee2f3b9224e13179af7d4e8bb5897148e0,,UNKNOWN,worker_3,,17,17,2774,2790,2774,2721,167.31879572104663,search_exhausted,,,f931b4a8,d048,f931b4a8:o0:d048:flip_ud,1,1790576514345109044,2633ed16e8968015426db730c0a84d7093ada10a907601679562b642a675cbc6,2ddbb670dae0ac920cfd3d3d47d39424b488dfe0d9eef58ed1043ad7afb04dfe
/workspace/arc2/active_runs/eval60_v5_vs_greedy_4worker_v1/raw/task_depth/f931b4a8/d048.parquet,ae4c6d6a430ee217c5b58b795e77b1d91b25e634cc8e193589246989e3dcdbe1,3811303,f931b4a8,0,48,transpose,603da7a217a345b798032bad575216e4a551f72a645b73926e1df8d6fdccc09c,e5beec92c9992930f4d6b468db1806ee2f3b9224e13179af7d4e8bb5897148e0,,UNKNOWN,worker_3,,22,22,3696,3717,3696,3693,210.02760543767363,search_exhausted,,,f931b4a8,d048,f931b4a8:o0:d048:transpose,2,1790576514345109044,efdb818c159f87f236ef72f5dc2c3124d9d63d0ce83a46692eda3fbffa516d18,63992614fbc081979ac5fc78a48b9920880963327aec279e9eb44006e6b83f22
/workspace/arc2/active_runs/eval60_v5_vs_greedy_4worker_v1/raw/task_depth/f931b4a8/d048.parquet,ae4c6d6a430ee217c5b58b795e77b1d91b25e634cc8e193589246989e3dcdbe1,3811303,f931b4a8,0,48,anti_transpose,603da7a217a345b798032bad575216e4a551f72a645b73926e1df8d6fdccc09c,e5beec92c9992930f4d6b468db1806ee2f3b9224e13179af7d4e8bb5897148e0,,UNKNOWN,worker_3,,26,26,3693,3717,3693,3714,210.02760543767363,search_exhausted,,,f931b4a8,d048,f931b4a8:o0:d048:anti_transpose,3,1790576514345109044,a475abade3414677c3667fc97cb4a44782c977afe1236894817aad387fff85c7,1613ed9f87046c0f02123b0566ac09c3600c28a19e7525c800a72850c50b4084
/workspace/arc2/active_runs/eval60_v5_vs_greedy_4worker_v1/raw/task_depth/f931b4a8/d048.parquet,ae4c6d6a430ee217c5b58b795e77b1d91b25e634cc8e193589246989e3dcdbe1,3811303,f931b4a8,1,48,identity,603da7a217a345b798032bad575216e4a551f72a645b73926e1df8d6fdccc09c,e5beec92c9992930f4d6b468db1806ee2f3b9224e13179af7d4e8bb5897148e0,,UNKNOWN,worker_3,,1,1,5,6,5,0,0.5341437980532646,search_exhausted,,,f931b4a8,d048,f931b4a8:o1:d048:identity,4,1790576514345109044,79acfa3c8d05aa195fbe3d10938574085218127b0fa6a4b7eaa7e531ac5b5d95,cca4a3faf76fe976309406b4353dc4ae87ce87c9f585b749b13443885f625062
/workspace/arc2/active_runs/eval60_v5_vs_greedy_4worker_v1/raw/task_depth/f931b4a8/d048.parquet,ae4c6d6a430ee217c5b58b795e77b1d91b25e634cc8e193589246989e3dcdbe1,3811303,f931b4a8,1,48,flip_ud,603da7a217a345b798032bad575216e4a551f72a645b73926e1df8d6fdccc09c,e5beec92c9992930f4d6b468db1806ee2f3b9224e13179af7d4e8bb5897148e0,,UNKNOWN,worker_3,,1,1,5,6,5,0,0.5341437980532646,search_exhausted,,,f931b4a8,d048,f931b4a8:o1:d048:flip_ud,5,1790576514345109044,d8bbc035d91ec6d5fe8e51b46b40f8498c12b31232841e961b374cef60f3c74c,4b2950a8b95a9d760485f88d49cb73b70614fb44dfbfdd6778c6113a4cf1f147
/workspace/arc2/active_runs/eval60_v5_vs_greedy_4worker_v1/raw/task_depth/f931b4a8/d048.parquet,ae4c6d6a430ee217c5b58b795e77b1d91b25e634cc8e193589246989e3dcdbe1,3811303,f931b4a8,1,48,transpose,603da7a217a345b798032bad575216e4a551f72a645b73926e1df8d6fdccc09c,e5beec92c9992930f4d6b468db1806ee2f3b9224e13179af7d4e8bb5897148e0,,UNKNOWN,worker_3,,1,1,5,6,5,0,0.559588317759335,search_exhausted,,,f931b4a8,d048,f931b4a8:o1:d048:transpose,6,1790576514345109044,a06c3b493caac8da80236d5b5f07f8f539bd1626c44c424acd6fde3cb93c9dd9,59a6fda31457ba536d21a892a56c07249ed1a6516393590871ee61d9799082d2
/workspace/arc2/active_runs/eval60_v5_vs_greedy_4worker_v1/raw/task_depth/f931b4a8/d048.parquet,ae4c6d6a430ee217c5b58b795e77b1d91b25e634cc8e193589246989e3dcdbe1,3811303,f931b4a8,1,48,anti_transpose,603da7a217a345b798032bad575216e4a551f72a645b73926e1df8d6fdccc09c,e5beec92c9992930f4d6b468db1806ee2f3b9224e13179af7d4e8bb5897148e0,,UNKNOWN,worker_3,,1,1,5,6,5,0,0.559588317759335,search_exhausted,,,f931b4a8,d048,f931b4a8:o1:d048:anti_transpose,7,1790576514345109044,440d34be9ac6dccef39df6e69a36b28152be41166f8128e4e4a8ba6f96234f63,742829a3ff4faa10b5121a0d950520e99ac938b67b4ef2521dc851f7c804bd0b
/workspace/arc2/active_runs/eval60_v5_vs_greedy_4worker_v1/tmp/1818057f/d012/o00_g0.json,d6a51266625a0ec970dc987b09b70c8bf985955f4b7486eb1c17bfc534647470,3255525,1818057f,0,12,flip_ud,22584b9ae3107f41a13b84e3befd6f43cd4779d7eba64b60e8b196a2fe975a9d,e5beec92c9992930f4d6b468db1806ee2f3b9224e13179af7d4e8bb5897148e0,INDEPENDENT_FAST_2_PER_GPU,FAST_PASS,fast3,,1,1,505,506,505,0,29.809015506878495,search_exhausted,,,,o00_g0,1818057f:o0:d012:flip_ud,0,1790593486906296059,214a5f3cf837c071ae3027f4c55805b8b5b83d4288110bcd90d8975041badb46,c9aaba99d2565c3a95bb711f3a8f753d4c400d0e093b75e511dd11f7f3c141a7
/workspace/arc2/active_runs/eval60_v5_vs_greedy_4worker_v1/tmp/1818057f/d012/o00_g1.json,7a4c1a6b46bbd2cb9955009bb2d68d777be4f470ee7ecb09e7a3bb685e197f4d,6543966,1818057f,0,12,transpose,22584b9ae3107f41a13b84e3befd6f43cd4779d7eba64b60e8b196a2fe975a9d,e5beec92c9992930f4d6b468db1806ee2f3b9224e13179af7d4e8bb5897148e0,INDEPENDENT_FAST_2_PER_GPU,FAST_PASS,fast3,,1,1,505,506,505,0,30.086730625480413,search_exhausted,,,,o00_g1,1818057f:o0:d012:transpose,0,1790593487000000000,402504ffe0effe5bb26c665d3b85d9046481dc189ed9f5ffdb8cb3900eaf829d,6a511ec5820b0e7b077977050aef10220abdae0f5c026ab20be0ae55c717490e
/workspace/arc2/active_runs/eval60_v5_vs_greedy_4worker_v1/tmp/1818057f/d012/o00_g1.json,7a4c1a6b46bbd2cb9955009bb2d68d777be4f470ee7ecb09e7a3bb685e197f4d,6543966,1818057f,0,12,anti_transpose,22584b9ae3107f41a13b84e3befd6f43cd4779d7eba64b60e8b196a2fe975a9d,e5beec92c9992930f4d6b468db1806ee2f3b9224e13179af7d4e8bb5897148e0,INDEPENDENT_FAST_2_PER_GPU,FAST_PASS,fast2,,1,1,505,506,505,0,29.985055966302752,search_exhausted,,,,o00_g1,1818057f:o0:d012:anti_transpose,1,1790593487000000000,1f4918ddf9852589516bea0c6c8b5da203f0d23caf525b6e4dbfc153b0f8a6e7,4eab4702656af446341df7c9a51f99758ba3df925e87fe6cf5d7ce63de95a536
/workspace/arc2/active_runs/eval60_v5_vs_greedy_4worker_v1/tmp/1818057f/d024/o00_g0.json,ad86d0470aae74b6de8047fb2335d4445eeafc64694b686640bab2471cab0b15,3154364,1818057f,0,24,flip_ud,81d8a1f34e5a81a437e709e3cc66a9de5a049c27a2ab25fbf46756ec60bb288f,e5beec92c9992930f4d6b468db1806ee2f3b9224e13179af7d4e8bb5897148e0,INDEPENDENT_FAST_2_PER_GPU,FAST_PASS,fast3,,1,1,505,506,505,0,29.904461979866028,search_exhausted,,,,o00_g0,1818057f:o0:d024:flip_ud,0,1790593539838666357,3d54ee6d041c09ebcbdd488de849c81fdc5d1bfd498ca38060fc797b2aa42946,2538850b236f6c1f5d4c2404da6bb18461e90b4f4c514e97b91d441083cd9558
/workspace/arc2/active_runs/eval60_v5_vs_greedy_4worker_v1/tmp/1818057f/d024/o00_g1.json,a843bac0032d4cec5f4d41bd9da390f419a554398a29990b8941baa5bd494087,6890419,1818057f,0,24,transpose,81d8a1f34e5a81a437e709e3cc66a9de5a049c27a2ab25fbf46756ec60bb288f,e5beec92c9992930f4d6b468db1806ee2f3b9224e13179af7d4e8bb5897148e0,INDEPENDENT_FAST_2_PER_GPU,FAST_PASS,fast2,,1,1,505,506,505,0,30.017850548028946,search_exhausted,,,,o00_g1,1818057f:o0:d024:transpose,0,1790593574000000000,73286aebb8f1f48710d54e92a0a2538d6221518472af77bc975909fddd94037b,1f267dba11df8a8ec54dcd1223088cb78302cedeea2149a8f640ed20d91c452a
/workspace/arc2/active_runs/eval60_v5_vs_greedy_4worker_v1/tmp/1818057f/d024/o00_g1.json,a843bac0032d4cec5f4d41bd9da390f419a554398a29990b8941baa5bd494087,6890419,1818057f,0,24,anti_transpose,81d8a1f34e5a81a437e709e3cc66a9de5a049c27a2ab25fbf46756ec60bb288f,e5beec92c9992930f4d6b468db1806ee2f3b9224e13179af7d4e8bb5897148e0,INDEPENDENT_FAST_2_PER_GPU,FAST_PASS,fast0,,2,2,582,583,582,73,33.32229612953961,search_exhausted,,,,o00_g1,1818057f:o0:d024:anti_transpose,1,1790593574000000000,d299e5c85757582b5e4a585f4e9b061b7a64879002668c3d4ade6b7c2aa5ed8f,b727365d2d0411631607932010c26a22da26c128a95c598121a9aa20fdfdc23b
/workspace/arc2/active_runs/eval60_v5_vs_greedy_4worker_v1/tmp/1818057f/d048/o00_g0.json,e38ed51702f9faeb108eccfc4be48cc80aeeefd5f9c4bac7795560c74c1b6672,6273330,1818057f,0,48,identity,b5a97f2948f70d2f447289dbc1521791eab6eb64fd024954fbab0eb59ac6805f,e5beec92c9992930f4d6b468db1806ee2f3b9224e13179af7d4e8bb5897148e0,INDEPENDENT_FAST_2_PER_GPU,FAST_PASS,fast2,,1,1,505,506,505,0,29.982287991791964,search_exhausted,,,,o00_g0,1818057f:o0:d048:identity,0,1790593610132348351,8128d18b720267761ffce7df6820d518d8bab374ce95d0191e39a27d8dcabf12,5f693b5b0da8d8c5205400c43ed2709cb0b0c277e90e2a81388c00b6bbfc1de5
/workspace/arc2/active_runs/eval60_v5_vs_greedy_4worker_v1/tmp/1818057f/d048/o00_g0.json,e38ed51702f9faeb108eccfc4be48cc80aeeefd5f9c4bac7795560c74c1b6672,6273330,1818057f,0,48,flip_ud,b5a97f2948f70d2f447289dbc1521791eab6eb64fd024954fbab0eb59ac6805f,e5beec92c9992930f4d6b468db1806ee2f3b9224e13179af7d4e8bb5897148e0,INDEPENDENT_FAST_2_PER_GPU,FAST_PASS,fast3,,1,1,505,506,505,0,31.086849020794034,search_exhausted,,,,o00_g0,1818057f:o0:d048:flip_ud,1,1790593610132348351,ab3c32a3db68944a232518b5197879f04648aecea8e0b63b3c9eae3290f336fb,37a714a947c0afc75f521732653246a5d33ec95df9e92a2a422e76cff82c51f4
/workspace/arc2/active_runs/eval60_v5_vs_greedy_4worker_v1/tmp/1818057f/d048/o00_g1.json,8620fb3330cfd5103535892ae88689b9014a4941070d7235c2585506671f8a76,6322570,1818057f,0,48,transpose,b5a97f2948f70d2f447289dbc1521791eab6eb64fd024954fbab0eb59ac6805f,e5beec92c9992930f4d6b468db1806ee2f3b9224e13179af7d4e8bb5897148e0,INDEPENDENT_FAST_2_PER_GPU,FAST_PASS,fast0,,1,1,505,506,505,0,29.253804691135883,search_exhausted,,,,o00_g1,1818057f:o0:d048:transpose,0,1790593640000000000,7cf36e1a74dc78b5aecfb7d353f0927af3ff95f1dedea9b67a7c62634631f332,c784e3adfccb8990c2b1e43bf002672f761b4c7194898a5bf756d8554e94eeb4
/workspace/arc2/active_runs/eval60_v5_vs_greedy_4worker_v1/tmp/1818057f/d048/o00_g1.json,8620fb3330cfd5103535892ae88689b9014a4941070d7235c2585506671f8a76,6322570,1818057f,0,48,anti_transpose,b5a97f2948f70d2f447289dbc1521791eab6eb64fd024954fbab0eb59ac6805f,e5beec92c9992930f4d6b468db1806ee2f3b9224e13179af7d4e8bb5897148e0,INDEPENDENT_FAST_2_PER_GPU,FAST_PASS,fast2,,1,1,505,506,505,0,29.677279425784945,search_exhausted,,,,o00_g1,1818057f:o0:d048:anti_transpose,1,1790593640000000000,86b4787a892fcb4246f3e3a8de56e0bec2e971a9470dd15fa61f1c2b8ba79322,867f735982aff9991aa9dea52879ebbdaefdb54509aaa3d3ff543f0b39c1d17a
/workspace/arc2/active_runs/eval60_v5_vs_greedy_4worker_v1/tmp/20270e3b/d012/o00_g0.json,e4377ea9f750e6327f45079c4d030d3e8b0a043095bc2f09af15a2b7941757e8,949346,20270e3b,0,12,identity,106901bf62048616f44377ce8077c1f0fc4206e0091d21079d87b16b65adb0d6,e5beec92c9992930f4d6b468db1806ee2f3b9224e13179af7d4e8bb5897148e0,INDEPENDENT_FAST_2_PER_GPU,FAST_PASS,fast3,,1,1,54,55,54,0,3.4154434017837048,search_exhausted,,,,o00_g0,20270e3b:o0:d012:identity,0,1790595443487467378,aedcbc16ef0f627653a9d64cf328faee58412be308d50054bd4dd4a07d51b5a0,d3310c599c59e01170deb0149b845f297c73eab16ca2045b39b2d601dc4ddccb
/workspace/arc2/active_runs/eval60_v5_vs_greedy_4worker_v1/tmp/20270e3b/d012/o00_g0.json,e4377ea9f750e6327f45079c4d030d3e8b0a043095bc2f09af15a2b7941757e8,949346,20270e3b,0,12,flip_ud,106901bf62048616f44377ce8077c1f0fc4206e0091d21079d87b16b65adb0d6,e5beec92c9992930f4d6b468db1806ee2f3b9224e13179af7d4e8bb5897148e0,INDEPENDENT_FAST_2_PER_GPU,FAST_PASS,fast0,,1,1,87,88,87,40,5.099652357399464,search_exhausted,,,,o00_g0,20270e3b:o0:d012:flip_ud,1,1790595443487467378,c66550ad02a2172e7acb614ec06df64979e5888c15212a55bedf185e066ec0cf,740f19f6b7638d9035b015bd279d526c02f2b674fb2d40ea839e29f5f42c26fa
/workspace/arc2/active_runs/eval60_v5_vs_greedy_4worker_v1/tmp/20270e3b/d012/o00_g1.json,218e58320041e3b7eac141d84fdc07af656442f4687a7ad2d26e27c86e1260d0,3245848,20270e3b,0,12,transpose,106901bf62048616f44377ce8077c1f0fc4206e0091d21079d87b16b65adb0d6,e5beec92c9992930f4d6b468db1806ee2f3b9224e13179af7d4e8bb5897148e0,INDEPENDENT_FAST_2_PER_GPU,FAST_PASS,fast2,,2,2,326,327,326,251,20.15980431996286,search_exhausted,,,,o00_g1,20270e3b:o0:d012:transpose,0,1790595460916302167,a2aed0240b2a8380dc47667f500e9b536696664f60054a14ac427787fc5bf0ea,60e6999f7018c073b2690e6a999776e34e54ba4ec5c76c960fd70256111787b4
/workspace/arc2/active_runs/eval60_v5_vs_greedy_4worker_v1/tmp/20270e3b/d012/o00_g1.json,218e58320041e3b7eac141d84fdc07af656442f4687a7ad2d26e27c86e1260d0,3245848,20270e3b,0,12,anti_transpose,106901bf62048616f44377ce8077c1f0fc4206e0091d21079d87b16b65adb0d6,e5beec92c9992930f4d6b468db1806ee2f3b9224e13179af7d4e8bb5897148e0,INDEPENDENT_FAST_2_PER_GPU,FAST_PASS,fast3,,2,2,144,145,144,25,8.835112113505602,search_exhausted,,,,o00_g1,20270e3b:o0:d012:anti_transpose,1,1790595460916302167,f4acc638f5bbb4265019202d9858fb623a4216bda9de13db4e84c33c130f904a,2ea2c580b63ecca39efc662b8a2cdfb92e292e8aecba2814ea1fcc31594e624b
/workspace/arc2/active_runs/eval60_v5_vs_greedy_4worker_v1/tmp/20270e3b/d012/o01_g0.json,06b0e51bf70558c34a45579949ff7875349a767ecff17c8e2b9e91a897ede56a,1005694,20270e3b,1,12,identity,106901bf62048616f44377ce8077c1f0fc4206e0091d21079d87b16b65adb0d6,e5beec92c9992930f4d6b468db1806ee2f3b9224e13179af7d4e8bb5897148e0,INDEPENDENT_FAST_2_PER_GPU,FAST_PASS,fast0,,2,2,105,106,105,18,6.0520018339157104,search_exhausted,,,,o01_g0,20270e3b:o1:d012:identity,0,1790595452414745655,5b086a2e92474daf0d9a1d5595fdb07e7d08dff1cee6893368a635a27fdf2698,ba468f8b2db23fed66d5fa2d302d33e2047bce7b21505741ed2f64cd05eba907
/workspace/arc2/active_runs/eval60_v5_vs_greedy_4worker_v1/tmp/20270e3b/d012/o01_g0.json,06b0e51bf70558c34a45579949ff7875349a767ecff17c8e2b9e91a897ede56a,1005694,20270e3b,1,12,flip_ud,106901bf62048616f44377ce8077c1f0fc4206e0091d21079d87b16b65adb0d6,e5beec92c9992930f4d6b468db1806ee2f3b9224e13179af7d4e8bb5897148e0,INDEPENDENT_FAST_2_PER_GPU,FAST_PASS,fast0,,1,1,47,48,47,0,2.777985129505396,search_exhausted,,,,o01_g0,20270e3b:o1:d012:flip_ud,1,1790595452414745655,1fdc915d7146299d468c074a7f3f284c08571f97ee5ccc17f285fc787c375afb,84500d738f4cc36e194edf0b32288d51d7c3bc0d195d18d4f65de6ff2943447e
/workspace/arc2/active_runs/eval60_v5_vs_greedy_4worker_v1/tmp/20270e3b/d012/o01_g1.json,63dc96cc2ac98040eede49313d488eabab8764cadec33ebd6e418ca2da6e55a0,2113175,20270e3b,1,12,transpose,106901bf62048616f44377ce8077c1f0fc4206e0091d21079d87b16b65adb0d6,e5beec92c9992930f4d6b468db1806ee2f3b9224e13179af7d4e8bb5897148e0,INDEPENDENT_FAST_2_PER_GPU,FAST_PASS,fast3,,2,2,184,185,184,120,11.214450737461448,search_exhausted,,,,o01_g1,20270e3b:o1:d012:transpose,0,1790595461970755346,39f7ecb39b21fa562b8efddf95f848ef683ec374fa1a4ff9c0685b1c5fcfa3de,085c2721ce8d9fc027237058a762cbe6926ab004cf00ff8733e936ba7424d220
/workspace/arc2/active_runs/eval60_v5_vs_greedy_4worker_v1/tmp/20270e3b/d012/o01_g1.json,63dc96cc2ac98040eede49313d488eabab8764cadec33ebd6e418ca2da6e55a0,2113175,20270e3b,1,12,anti_transpose,106901bf62048616f44377ce8077c1f0fc4206e0091d21079d87b16b65adb0d6,e5beec92c9992930f4d6b468db1806ee2f3b9224e13179af7d4e8bb5897148e0,INDEPENDENT_FAST_2_PER_GPU,FAST_PASS,fast0,,2,2,119,120,119,74,6.858991671353579,search_exhausted,,,,o01_g1,20270e3b:o1:d012:anti_transpose,1,1790595461970755346,4efd60aff424705d0767bccef06efd0f46c99be733e879651e843d2f9c106f6c,c92edadcf769f0f5e665d794df661d0fbc4faff5e69bd3f21c9d01cb95aaf6e8
/workspace/arc2/active_runs/eval60_v5_vs_greedy_4worker_v1/tmp/20270e3b/d024/o00_g0.json,808f8374803ffeb8f90ed7b630ca84f83c4a76cba63eee536c5e024622cdd6ec,883618,20270e3b,0,24,identity,017e8725b13d6df7689124d442aa42fb35e29de5b6a914cbf3c49090087037a0,e5beec92c9992930f4d6b468db1806ee2f3b9224e13179af7d4e8bb5897148e0,INDEPENDENT_FAST_2_PER_GPU,FAST_PASS,fast0,,2,2,92,93,92,1,5.34113316051662,search_exhausted,,,,o00_g0,20270e3b:o0:d024:identity,0,1790595495428615066,fc24226e257528b7782e48abe85a92fb6ddb7fa007b905a1c606cddb9269abb7,93876644984ac78e2c23237d9a6d035145026be1ffce09a9509d5208fc1baadd
/workspace/arc2/active_runs/eval60_v5_vs_greedy_4worker_v1/tmp/20270e3b/d024/o00_g0.json,808f8374803ffeb8f90ed7b630ca84f83c4a76cba63eee536c5e024622cdd6ec,883618,20270e3b,0,24,flip_ud,017e8725b13d6df7689124d442aa42fb35e29de5b6a914cbf3c49090087037a0,e5beec92c9992930f4d6b468db1806ee2f3b9224e13179af7d4e8bb5897148e0,INDEPENDENT_FAST_2_PER_GPU,FAST_PASS,fast2,,1,1,43,44,43,0,2.793501168489456,search_exhausted,,,,o00_g0,20270e3b:o0:d024:flip_ud,1,1790595495428615066,caf382604c474796c2c1e6238fa32de0c72e20d1f4e0eb86468b79948048673c,bb13b5a48af104bb54db7f02adb0c0b80a176cff1aae27deb631d6390a203708
/workspace/arc2/active_runs/eval60_v5_vs_greedy_4worker_v1/tmp/20270e3b/d024/o00_g1.json,27cf5fcf9b6b41feb05ab46067668222b5d91dc5ad217ab54a40643caf2ed1d0,2018534,20270e3b,0,24,transpose,017e8725b13d6df7689124d442aa42fb35e29de5b6a914cbf3c49090087037a0,e5beec92c9992930f4d6b468db1806ee2f3b9224e13179af7d4e8bb5897148e0,INDEPENDENT_FAST_2_PER_GPU,FAST_PASS,fast3,,2,2,164,165,164,91,10.149315578863025,search_exhausted,,,,o00_g1,20270e3b:o0:d024:transpose,0,1790595501196169084,4592e20b034bb0eb1b91ee3388a41a1f563777dc46d632762345da485b4b10e5,7c67e53ce8c2e4d5df40597ce9ed6f160eb062dde870d373401cba9bd571a36e
/workspace/arc2/active_runs/eval60_v5_vs_greedy_4worker_v1/tmp/20270e3b/d024/o00_g1.json,27cf5fcf9b6b41feb05ab46067668222b5d91dc5ad217ab54a40643caf2ed1d0,2018534,20270e3b,0,24,anti_transpose,017e8725b13d6df7689124d442aa42fb35e29de5b6a914cbf3c49090087037a0,e5beec92c9992930f4d6b468db1806ee2f3b9224e13179af7d4e8bb5897148e0,INDEPENDENT_FAST_2_PER_GPU,FAST_PASS,fast2,,2,2,135,136,135,8,8.248463548719883,search_exhausted,,,,o00_g1,20270e3b:o0:d024:anti_transpose,1,1790595501196169084,37e2ce6c69a9aaff185ef2c1ccdaede77e2cc3ca72843392295cc1859d254cf1,b4cdae2efc837be3988f0dfaa7dc9d93e6f10228937abf56aa8bbb0a30f529ac
/workspace/arc2/active_runs/eval60_v5_vs_greedy_4worker_v1/tmp/20270e3b/d024/o01_g0.json,ec7319f4bdb258eab347b795f1f1cb329c71ba87d6fd378d6d15707738f65278,618471,20270e3b,1,24,identity,017e8725b13d6df7689124d442aa42fb35e29de5b6a914cbf3c49090087037a0,e5beec92c9992930f4d6b468db1806ee2f3b9224e13179af7d4e8bb5897148e0,INDEPENDENT_FAST_2_PER_GPU,FAST_PASS,fast0,,1,1,47,48,47,0,2.7797056064009666,search_exhausted,,,,o01_g0,20270e3b:o1:d024:identity,0,1790595501055058716,784494cb79daa4bcdbb11939c76471fe89ef13430d3c8180456abba148109e26,dbbf49ad0de9e4f7d6fca8ded4f05e142a8c11f7a7ced378aa5a7e468b2b21e5
/workspace/arc2/active_runs/eval60_v5_vs_greedy_4worker_v1/tmp/20270e3b/d024/o01_g0.json,ec7319f4bdb258eab347b795f1f1cb329c71ba87d6fd378d6d15707738f65278,618471,20270e3b,1,24,flip_ud,017e8725b13d6df7689124d442aa42fb35e29de5b6a914cbf3c49090087037a0,e5beec92c9992930f4d6b468db1806ee2f3b9224e13179af7d4e8bb5897148e0,INDEPENDENT_FAST_2_PER_GPU,FAST_PASS,fast0,,1,1,47,48,47,0,2.7716916520148516,search_exhausted,,,,o01_g0,20270e3b:o1:d024:flip_ud,1,1790595501055058716,0776fc016121dbdd14543943892441b896e0bdf938fd0d21abb4b993adef2d63,91430dde26f0bcdf45c2c023dad4fa3f733d7077c50ec130697d7d293dd83b4a
/workspace/arc2/active_runs/eval60_v5_vs_greedy_4worker_v1/tmp/20270e3b/d024/o01_g1.json,7ce5d229499df99f541f95038cfb266feae1fb7c703b201be72c74ab67b1023a,1596663,20270e3b,1,24,transpose,017e8725b13d6df7689124d442aa42fb35e29de5b6a914cbf3c49090087037a0,e5beec92c9992930f4d6b468db1806ee2f3b9224e13179af7d4e8bb5897148e0,INDEPENDENT_FAST_2_PER_GPU,FAST_PASS,fast3,,2,2,127,128,127,0,7.781638514250517,search_exhausted,,,,o01_g1,20270e3b:o1:d024:transpose,0,1790595508131334937,1d361d80eaf4f34fcecce8d24f4ba0fab876dd09f63d00d21e043eeca648e3b5,fc578862fbf4c2b4a60c51e52d4a4eeea57c8ea211e380e6fad150d2a3a8ddfd
/workspace/arc2/active_runs/eval60_v5_vs_greedy_4worker_v1/tmp/20270e3b/d024/o01_g1.json,7ce5d229499df99f541f95038cfb266feae1fb7c703b201be72c74ab67b1023a,1596663,20270e3b,1,24,anti_transpose,017e8725b13d6df7689124d442aa42fb35e29de5b6a914cbf3c49090087037a0,e5beec92c9992930f4d6b468db1806ee2f3b9224e13179af7d4e8bb5897148e0,INDEPENDENT_FAST_2_PER_GPU,FAST_PASS,fast0,,2,2,111,112,111,66,6.394059251993895,search_exhausted,,,,o01_g1,20270e3b:o1:d024:anti_transpose,1,1790595508131334937,8ec83a84dbf1848e9f2dce05217cd0424368618c0511a1c103f8282b414676a7,90e55126593ce316d1c6006d491db6c90d40031fcc308cb10f8505a6cc257ed0
/workspace/arc2/active_runs/eval60_v5_vs_greedy_4worker_v1/tmp/20270e3b/d048/o00_g0.json,e5bddb411f7e3456a071d9ef31ff619446062b9fd84ab0be0fda368f4df509a4,2327494,20270e3b,0,48,identity,711de72bbb0f613f3db5f9b3d28158a1465cc82122828a3207691251beb7506a,e5beec92c9992930f4d6b468db1806ee2f3b9224e13179af7d4e8bb5897148e0,INDEPENDENT_FAST_2_PER_GPU,FAST_PASS,fast2,,2,2,55,56,55,0,3.5017328951507807,search_exhausted,,,,o00_g0,20270e3b:o0:d048:identity,0,1790595549002081911,ec8065532d35fb8af5bbe5e23f228953014ae9375bf43a7923654050168c96a3,a6f5e7c490be35ff74a1628ae52bb6571c2673122a8fabb1df02ceebcd87098c
/workspace/arc2/active_runs/eval60_v5_vs_greedy_4worker_v1/tmp/20270e3b/d048/o00_g0.json,e5bddb411f7e3456a071d9ef31ff619446062b9fd84ab0be0fda368f4df509a4,2327494,20270e3b,0,48,flip_ud,711de72bbb0f613f3db5f9b3d28158a1465cc82122828a3207691251beb7506a,e5beec92c9992930f4d6b468db1806ee2f3b9224e13179af7d4e8bb5897148e0,INDEPENDENT_FAST_2_PER_GPU,FAST_PASS,fast0,,3,3,282,283,282,202,16.414854053407907,search_exhausted,,,,o00_g0,20270e3b:o0:d048:flip_ud,1,1790595549002081911,f0cbff3efcfe92d71e73be2f8e827eecc577b5a57e32778be943816209df391b,1613a055350e4954e74305d15380ace7aac9323ac03b5fd55cb4ea7d35bd0c2f
/workspace/arc2/active_runs/eval60_v5_vs_greedy_4worker_v1/tmp/20270e3b/d048/o00_g1.json,27bcf11d0563d9f16a686cd3f1990879f6c6ca83e246b70729d3d03aa53e3161,2514338,20270e3b,0,48,transpose,711de72bbb0f613f3db5f9b3d28158a1465cc82122828a3207691251beb7506a,e5beec92c9992930f4d6b468db1806ee2f3b9224e13179af7d4e8bb5897148e0,INDEPENDENT_FAST_2_PER_GPU,FAST_PASS,fast3,,1,1,119,120,119,0,7.46785250492394,search_exhausted,,,,o00_g1,20270e3b:o0:d048:transpose,0,1790595551628042706,63b4c74f4ec3cf3fae5a70b0c475a3e9d316e3dcf99060f8d0533920fb72d1a8,f4be19d4db9dff7f2a96c0c62e0042129d9583e0becfe043ef6ba41af16ce2d7
/workspace/arc2/active_runs/eval60_v5_vs_greedy_4worker_v1/tmp/20270e3b/d048/o00_g1.json,27bcf11d0563d9f16a686cd3f1990879f6c6ca83e246b70729d3d03aa53e3161,2514338,20270e3b,0,48,anti_transpose,711de72bbb0f613f3db5f9b3d28158a1465cc82122828a3207691251beb7506a,e5beec92c9992930f4d6b468db1806ee2f3b9224e13179af7d4e8bb5897148e0,INDEPENDENT_FAST_2_PER_GPU,FAST_PASS,fast2,,3,3,247,248,247,167,14.696119042113423,search_exhausted,,,,o00_g1,20270e3b:o0:d048:anti_transpose,1,1790595551628042706,0bde6db00e4bc2d35b08a3d5d62c9c3faac0f9c83291594236222e95b33738c5,65a70a79bf51641cd21c166be28d52d636dc4d4a5eb8de1801457d18440ecbb9
/workspace/arc2/active_runs/eval60_v5_vs_greedy_4worker_v1/tmp/20270e3b/d048/o01_g0.json,11a1aa145805237afa261d55640b9ecbea79d88533ae50c9deb2ba9c56f11f7a,1063816,20270e3b,1,48,identity,711de72bbb0f613f3db5f9b3d28158a1465cc82122828a3207691251beb7506a,e5beec92c9992930f4d6b468db1806ee2f3b9224e13179af7d4e8bb5897148e0,INDEPENDENT_FAST_2_PER_GPU,FAST_PASS,fast3,,1,1,47,48,47,0,3.1021241676062346,search_exhausted,,,,o01_g0,20270e3b:o1:d048:identity,0,1790595550030859259,32a2bb8240259869a4adf2a832133459cb638c855f7b707bc0e294182fcbf32f,5681f7139fcf46a1d9039ae5c9c11ecb99cdf75deaa8c780cd5802dd83a512e2
/workspace/arc2/active_runs/eval60_v5_vs_greedy_4worker_v1/tmp/20270e3b/d048/o01_g0.json,11a1aa145805237afa261d55640b9ecbea79d88533ae50c9deb2ba9c56f11f7a,1063816,20270e3b,1,48,flip_ud,711de72bbb0f613f3db5f9b3d28158a1465cc82122828a3207691251beb7506a,e5beec92c9992930f4d6b468db1806ee2f3b9224e13179af7d4e8bb5897148e0,INDEPENDENT_FAST_2_PER_GPU,FAST_PASS,fast3,,2,2,110,111,110,59,6.801817089319229,search_exhausted,,,,o01_g0,20270e3b:o1:d048:flip_ud,1,1790595550030859259,905df4e27d6839b748095d5af5adc232ae06d17ea144e66a1c7044b7b3881200,1dd76d3a64c772f2115e35af8fbb165d545d8d438473413029ae3452a72dbb19
/workspace/arc2/active_runs/eval60_v5_vs_greedy_4worker_v1/tmp/20270e3b/d048/o01_g1.json,39003f2535da1518547452946278b891e2531a06eaf9a36918dc4f147be96b9b,778548,20270e3b,1,48,transpose,711de72bbb0f613f3db5f9b3d28158a1465cc82122828a3207691251beb7506a,e5beec92c9992930f4d6b468db1806ee2f3b9224e13179af7d4e8bb5897148e0,INDEPENDENT_FAST_2_PER_GPU,FAST_PASS,fast0,,1,1,59,60,59,0,3.4658173713833094,search_exhausted,,,,o01_g1,20270e3b:o1:d048:transpose,0,1790595553786270955,0b9cba3ba7cba24e8e13fc2298c6b63aeea06d2f9db9e4e0ac208a44a96d89cf,05cbaa4a3cee45c519ab535e81705e5bb35b5842ce2d0389094dab5ea195cfe0
/workspace/arc2/active_runs/eval60_v5_vs_greedy_4worker_v1/tmp/20270e3b/d048/o01_g1.json,39003f2535da1518547452946278b891e2531a06eaf9a36918dc4f147be96b9b,778548,20270e3b,1,48,anti_transpose,711de72bbb0f613f3db5f9b3d28158a1465cc82122828a3207691251beb7506a,e5beec92c9992930f4d6b468db1806ee2f3b9224e13179af7d4e8bb5897148e0,INDEPENDENT_FAST_2_PER_GPU,FAST_PASS,fast3,,1,1,59,60,59,0,3.7055215630680323,search_exhausted,,,,o01_g1,20270e3b:o1:d048:anti_transpose,1,1790595553786270955,b8173a1ffa9d5fc8f0cd1111bac137fa403558916566b708adc6cf739354de4b,b59d0d16b5eb35579dc94ec243735113bfd164f2987f04d8d4298e98e030586c
/workspace/arc2/active_runs/eval60_v5_vs_greedy_4worker_v1/tmp/2c181942/d012/o00_g0.json,47f259e257aa79e117f00f8024f52ae038c95576dbba175c8a6709349294b113,8895989,2c181942,0,12,identity,05c32e17c9ff9a0e768d586533bc613cab5a0da80cc930323478fa290240a28b,e5beec92c9992930f4d6b468db1806ee2f3b9224e13179af7d4e8bb5897148e0,INDEPENDENT_FAST_2_PER_GPU,FAST_PASS,fast3,,1,1,647,648,647,369,39.88827418722212,search_exhausted,,,,o00_g0,2c181942:o0:d012:identity,0,1790595922000000000,0ecfa9acb3ce0f3f6ef02b61bcab227bfb7983c49f3f1ef1e1f36b4a3ec584e7,c60ac799a65483a7f6483e3a70095cc9f7adfdd7f0874a7c51acfd99e7dd7809
/workspace/arc2/active_runs/eval60_v5_vs_greedy_4worker_v1/tmp/2c181942/d012/o00_g0.json,47f259e257aa79e117f00f8024f52ae038c95576dbba175c8a6709349294b113,8895989,2c181942,0,12,flip_ud,05c32e17c9ff9a0e768d586533bc613cab5a0da80cc930323478fa290240a28b,e5beec92c9992930f4d6b468db1806ee2f3b9224e13179af7d4e8bb5897148e0,INDEPENDENT_FAST_2_PER_GPU,FAST_PASS,fast0,,1,1,647,648,647,446,37.5017406642437,search_exhausted,,,,o00_g0,2c181942:o0:d012:flip_ud,1,1790595922000000000,67194bcac255caadf8ee64527b9c524c8b1159b77c2e8b4ec24bb93a766dd982,e1fa3aea0c043f8f02e1888fc5768997b158a90ace8b6e645318a179385dc16d
/workspace/arc2/active_runs/eval60_v5_vs_greedy_4worker_v1/tmp/2c181942/d012/o00_g1.json,7c0b995132f9cf69ab13fb3cc55ce69d5d4f4514d851a5de2e4098ec8d64dc3e,15385793,2c181942,0,12,transpose,05c32e17c9ff9a0e768d586533bc613cab5a0da80cc930323478fa290240a28b,e5beec92c9992930f4d6b468db1806ee2f3b9224e13179af7d4e8bb5897148e0,INDEPENDENT_SINGLE_PER_GPU_REPAIR,HEAVY_REPAIR,heavy0_serial,,2,2,1063,1064,1063,632,64.58410381898284,search_exhausted,,,,o00_g1,2c181942:o0:d012:transpose,0,1790609863000000000,cc505e75114cf68052e3108e36aebeac9f161da0aea0119dfaa097493b102dff,2fdfe489f887ca11c4ff25256ac79693b6a12785268eb56390459abefe5a5812
/workspace/arc2/active_runs/eval60_v5_vs_greedy_4worker_v1/tmp/2c181942/d012/o00_g1.json,7c0b995132f9cf69ab13fb3cc55ce69d5d4f4514d851a5de2e4098ec8d64dc3e,15385793,2c181942,0,12,anti_transpose,05c32e17c9ff9a0e768d586533bc613cab5a0da80cc930323478fa290240a28b,e5beec92c9992930f4d6b468db1806ee2f3b9224e13179af7d4e8bb5897148e0,INDEPENDENT_SINGLE_PER_GPU_REPAIR,HEAVY_REPAIR,heavy0_serial,,2,2,1138,1139,1138,906,69.67786049470305,search_exhausted,,,,o00_g1,2c181942:o0:d012:anti_transpose,1,1790609863000000000,10fef1d5ded1548e16a8195e0f278b689b30f939afd4a63dc96fbd9a1598b0af,321e6ede6986f90d9a78840eebc90b5ce1fa55b34247263abe37044e71fbb534
/workspace/arc2/active_runs/eval60_v5_vs_greedy_4worker_v1/tmp/2c181942/d024/o00_g0.json,ec597ee8491360e6bbae856c1639b0a49065127a0b9c02457d2e54e46a20068c,14700097,2c181942,0,24,identity,630caea9afa077bc443018dcb50aa3bbd429ef2ddc85401c44c348b403fe767c,e5beec92c9992930f4d6b468db1806ee2f3b9224e13179af7d4e8bb5897148e0,INDEPENDENT_FAST_2_PER_GPU,FAST_PASS,fast0,,2,2,1089,1090,1089,731,63.127111757174134,search_exhausted,,,,o00_g0,2c181942:o0:d024:identity,0,1790596010000000000,49c1e5d66b1e6b644e618ff47aaad4a5baddc421be2757b3e3ce095f1e203b59,041f0e5d1cb663c2395787e5c32b59782bb08f6ca5ccf54f3ee6dfb0fe032be6
/workspace/arc2/active_runs/eval60_v5_vs_greedy_4worker_v1/tmp/2c181942/d024/o00_g0.json,ec597ee8491360e6bbae856c1639b0a49065127a0b9c02457d2e54e46a20068c,14700097,2c181942,0,24,flip_ud,630caea9afa077bc443018dcb50aa3bbd429ef2ddc85401c44c348b403fe767c,e5beec92c9992930f4d6b468db1806ee2f3b9224e13179af7d4e8bb5897148e0,INDEPENDENT_FAST_2_PER_GPU,FAST_PASS,fast3,,2,2,1092,1093,1092,787,66.6956134904176,search_exhausted,,,,o00_g0,2c181942:o0:d024:flip_ud,1,1790596010000000000,89358bbe17328cca04248891a67b4e384f88a59eea9fca2caf75c156079a3278,0be5f79c8e99435f1c05bbcd860e80cd6b6f21bf7f8feaacb57938d5890a48d5
/workspace/arc2/active_runs/eval60_v5_vs_greedy_4worker_v1/tmp/2c181942/d024/o00_g1.json,7d17191f260e99bdeb75942447578ef4adaf668cd6b6c7aad0ab8550fdb56df3,12037475,2c181942,0,24,transpose,630caea9afa077bc443018dcb50aa3bbd429ef2ddc85401c44c348b403fe767c,e5beec92c9992930f4d6b468db1806ee2f3b9224e13179af7d4e8bb5897148e0,INDEPENDENT_SINGLE_PER_GPU_REPAIR,HEAVY_REPAIR,heavy0_serial,,1,1,649,650,649,215,38.93094608001411,search_exhausted,,,,o00_g1,2c181942:o0:d024:transpose,0,1790610005000000000,d650b0549e69c6955224fcc159ac5ae9024b3df06dd5fbecb3bf59654efeee5c,e0212cfafd72814ec1112fcd7b8daea52404a730f7a1dfe9d973ea59071af375
/workspace/arc2/active_runs/eval60_v5_vs_greedy_4worker_v1/tmp/2c181942/d024/o00_g1.json,7d17191f260e99bdeb75942447578ef4adaf668cd6b6c7aad0ab8550fdb56df3,12037475,2c181942,0,24,anti_transpose,630caea9afa077bc443018dcb50aa3bbd429ef2ddc85401c44c348b403fe767c,e5beec92c9992930f4d6b468db1806ee2f3b9224e13179af7d4e8bb5897148e0,INDEPENDENT_SINGLE_PER_GPU_REPAIR,HEAVY_REPAIR,heavy0_serial,,2,2,1138,1139,1138,834,67.73453537561,search_exhausted,,,,o00_g1,2c181942:o0:d024:anti_transpose,1,1790610005000000000,9f5724c4df3fedfb50dbbf8bc59175c953763cc3261dcc91474ad68a5b82551c,82e06982e23fa91d9383ed1112d48818bd218c0d133a3a5ff46ecbc25df8d22c
/workspace/arc2/active_runs/eval60_v5_vs_greedy_4worker_v1/tmp/2c181942/d048/o00_g0.json,a6a761564aa2c365dafbd147e65f989f4f764075a16ea6c1b1d1475becc56429,14538380,2c181942,0,48,identity,1136415c8d90f1de8813597da9379402363df4150c68b756d241a3b601de6198,e5beec92c9992930f4d6b468db1806ee2f3b9224e13179af7d4e8bb5897148e0,INDEPENDENT_SINGLE_PER_GPU_REPAIR,HEAVY_REPAIR,heavy0_serial,,3,3,1261,1262,1261,359,77.15079505555332,search_exhausted,,,,o00_g0,2c181942:o0:d048:identity,0,1790610110000000000,e5dce32ea02bfe03356e24f02dddd73817aef5d54a080d810053272627484cc7,4c74c5ef258e6b983e4a4cc7e34abbb27208833518aaef397129138550adb487
/workspace/arc2/active_runs/eval60_v5_vs_greedy_4worker_v1/tmp/2c181942/d048/o00_g0.json,a6a761564aa2c365dafbd147e65f989f4f764075a16ea6c1b1d1475becc56429,14538380,2c181942,0,48,flip_ud,1136415c8d90f1de8813597da9379402363df4150c68b756d241a3b601de6198,e5beec92c9992930f4d6b468db1806ee2f3b9224e13179af7d4e8bb5897148e0,INDEPENDENT_FAST_2_PER_GPU,FAST_PASS,fast0,,2,2,1014,1015,1014,304,58.43440067768097,search_exhausted,,,,o00_g0,2c181942:o0:d048:flip_ud,1,1790610110000000000,1de8688abb5eabec3365a6b482cc12e878b571ea8900b9373ac5874cd4d181ef,072bb9268ba127ffe6c55bf89579ff288deb10aa07e3147b816f17c57468b2ea
/workspace/arc2/active_runs/eval60_v5_vs_greedy_4worker_v1/tmp/2c181942/d048/o00_g1.json,3eae6faf29c75cdb8bcfeedaef65b4fbcc2b63a09b0276178d49ab8317655256,16778865,2c181942,0,48,transpose,1136415c8d90f1de8813597da9379402363df4150c68b756d241a3b601de6198,e5beec92c9992930f4d6b468db1806ee2f3b9224e13179af7d4e8bb5897148e0,INDEPENDENT_FAST_2_PER_GPU,FAST_PASS,fast3,,2,2,1038,1039,1038,647,63.37680686824024,search_exhausted,,,,o00_g1,2c181942:o0:d048:transpose,0,1790610202000000000,6a5399387fc32d97a10509006bf0fb3c294bde67d8050aa27fe7d3d8cf5656f7,d11eabf69e2f0aff5ff2aa2743026c463541823659a7399394e678a9689a7058
/workspace/arc2/active_runs/eval60_v5_vs_greedy_4worker_v1/tmp/2c181942/d048/o00_g1.json,3eae6faf29c75cdb8bcfeedaef65b4fbcc2b63a09b0276178d49ab8317655256,16778865,2c181942,0,48,anti_transpose,1136415c8d90f1de8813597da9379402363df4150c68b756d241a3b601de6198,e5beec92c9992930f4d6b468db1806ee2f3b9224e13179af7d4e8bb5897148e0,INDEPENDENT_SINGLE_PER_GPU_REPAIR,HEAVY_REPAIR,heavy0_serial,,3,3,1522,1523,1522,384,90.50678856112063,search_exhausted,,,,o00_g1,2c181942:o0:d048:anti_transpose,1,1790610202000000000,4b0f933dda53154794e52deecf7c78dab971a2df336cfe52ebaeb45463a47b2c,ad88b2d4a40c4a6cd271cca2260702f57608503e595387e525ef9321133e238c
/workspace/arc2/active_runs/eval60_v5_vs_greedy_4worker_v1/tmp/31f7f899/d012/o00_g0.json,185f6d825216d674e31c2142a984ae85878751946232c6f31e439202830b92bc,2266278,31f7f899,0,12,flip_ud,a3c30fc334240a386e9d1b84c46daef1cd4869fc0421b320476b80dbe6353721,e5beec92c9992930f4d6b468db1806ee2f3b9224e13179af7d4e8bb5897148e0,INDEPENDENT_FAST_2_PER_GPU,FAST_PASS,fast3,,2,2,360,361,360,0,21.336437048390508,search_exhausted,,,,o00_g0,31f7f899:o0:d012:flip_ud,0,1790593083000000000,362b54730c4b037bfa3a8ddeed7a57d213a9368bc7b1ea91e09a6f07a31672d2,978d298f9023c6e2999efebe814f8f275b758831fd42442b362fc722380d945e
/workspace/arc2/active_runs/eval60_v5_vs_greedy_4worker_v1/tmp/31f7f899/d012/o00_g1.json,97a82cedc0a7816f0c69e32d484fe660639ece7ae79feabc39eaf1fbb4705725,5123419,31f7f899,0,12,transpose,a3c30fc334240a386e9d1b84c46daef1cd4869fc0421b320476b80dbe6353721,e5beec92c9992930f4d6b468db1806ee2f3b9224e13179af7d4e8bb5897148e0,INDEPENDENT_FAST_2_PER_GPU,FAST_PASS,fast2,,1,1,305,306,305,0,18.597775403410196,search_exhausted,,,,o00_g1,31f7f899:o0:d012:transpose,0,1790593110979805999,3552aa340615effd6e730486d729e7645fdec3d1e127f2258b908c1b7ef0d778,9ef531757f972599025070fe66b1e0d6064a63f40a4cf65c28db44fb800798f7
/workspace/arc2/active_runs/eval60_v5_vs_greedy_4worker_v1/tmp/31f7f899/d012/o00_g1.json,97a82cedc0a7816f0c69e32d484fe660639ece7ae79feabc39eaf1fbb4705725,5123419,31f7f899,0,12,anti_transpose,a3c30fc334240a386e9d1b84c46daef1cd4869fc0421b320476b80dbe6353721,e5beec92c9992930f4d6b468db1806ee2f3b9224e13179af7d4e8bb5897148e0,INDEPENDENT_FAST_2_PER_GPU,FAST_PASS,fast3,,2,2,479,480,479,174,27.973495926707983,search_exhausted,,,,o00_g1,31f7f899:o0:d012:anti_transpose,1,1790593110979805999,8a5582ae71a50e7148e76f2630f61a4a9d7ed5a2e63103a7251e83fbc3bae21b,1744d177e0ab8b6fba88443241c982324a25b4ba78767df847e6e7492832a0a8
/workspace/arc2/active_runs/eval60_v5_vs_greedy_4worker_v1/tmp/31f7f899/d024/o00_g0.json,2c3f263dfac2e9a00ad10f262e9826cb2ec97fd4da7d1e2231fb9128576fc86d,5771058,31f7f899,0,24,identity,dbc2b8ea6c808e70c101bf838a60da03110e685d395a8816c1407ba609987bfb,e5beec92c9992930f4d6b468db1806ee2f3b9224e13179af7d4e8bb5897148e0,INDEPENDENT_FAST_2_PER_GPU,FAST_PASS,fast0,,2,2,360,361,360,0,21.308784706518054,search_exhausted,,,,o00_g0,31f7f899:o0:d024:identity,0,1790593138000000000,24269b13af8cd8d991f37231c482326acc2b2d4c3fcb67d279f367f84cb912f6,1f13129a5a2111806b8e1cd41123b912cd002789f36f7c62d83bebbe957bbdd0
/workspace/arc2/active_runs/eval60_v5_vs_greedy_4worker_v1/tmp/31f7f899/d024/o00_g0.json,2c3f263dfac2e9a00ad10f262e9826cb2ec97fd4da7d1e2231fb9128576fc86d,5771058,31f7f899,0,24,flip_ud,dbc2b8ea6c808e70c101bf838a60da03110e685d395a8816c1407ba609987bfb,e5beec92c9992930f4d6b468db1806ee2f3b9224e13179af7d4e8bb5897148e0,INDEPENDENT_FAST_2_PER_GPU,FAST_PASS,fast2,,2,2,531,532,531,198,30.96142171137035,search_exhausted,,,,o00_g0,31f7f899:o0:d024:flip_ud,1,1790593138000000000,79ca1f209082994345ddb2bfea6e36e4b07d3586398121abb1accceef6fa0083,a3f04c4c2b29e9e2f97374efc2f659cb0a840c3e5b79f2db24a454f47601d03d
/workspace/arc2/active_runs/eval60_v5_vs_greedy_4worker_v1/tmp/31f7f899/d024/o00_g1.json,4c8635e2da678b4f3c592242fb12d4743563a67d17a4dec1c5d42dbf3b6816ff,5754614,31f7f899,0,24,transpose,dbc2b8ea6c808e70c101bf838a60da03110e685d395a8816c1407ba609987bfb,e5beec92c9992930f4d6b468db1806ee2f3b9224e13179af7d4e8bb5897148e0,INDEPENDENT_FAST_2_PER_GPU,FAST_PASS,fast3,,2,2,603,604,603,0,35.29555021598935,search_exhausted,,,,o00_g1,31f7f899:o0:d024:transpose,0,1790593149000000000,6a2c8f92b8bcabb9b4567f015be0c188b7bafab3d8b2de2e75a85b701e2ec827,9de6663a338827bf2b81e3fe97c17d3ae6fa6990c010f37ad277e29a08cb4a7f
/workspace/arc2/active_runs/eval60_v5_vs_greedy_4worker_v1/tmp/31f7f899/d024/o00_g1.json,4c8635e2da678b4f3c592242fb12d4743563a67d17a4dec1c5d42dbf3b6816ff,5754614,31f7f899,0,24,anti_transpose,dbc2b8ea6c808e70c101bf838a60da03110e685d395a8816c1407ba609987bfb,e5beec92c9992930f4d6b468db1806ee2f3b9224e13179af7d4e8bb5897148e0,INDEPENDENT_FAST_2_PER_GPU,FAST_PASS,fast0,,1,1,305,306,305,0,18.810155613347888,search_exhausted,,,,o00_g1,31f7f899:o0:d024:anti_transpose,1,1790593149000000000,22c15584a75329bb06d568cb8877377a6f36d6fd2398b8c0239735aff143308a,194c05a573bfde3e6dcc4aebabeaf1e2f884308d697a9d6937c26e722455f69c
/workspace/arc2/active_runs/eval60_v5_vs_greedy_4worker_v1/tmp/31f7f899/d048/o00_g0.json,be54397edc046f4a07e3860f3d6e889f9a64d2bcb4d130a72cc1c71d55a190f5,3366622,31f7f899,0,48,flip_ud,2bbe43ddf78c43c6aaa15fbd77422dbb1ed693c435fc63c25855db13824053ce,e5beec92c9992930f4d6b468db1806ee2f3b9224e13179af7d4e8bb5897148e0,INDEPENDENT_FAST_2_PER_GPU,FAST_PASS,fast0,,2,2,513,514,513,191,30.427077004685998,search_exhausted,,,,o00_g0,31f7f899:o0:d048:flip_ud,0,1790593188608477881,bcd93a8ec420fe93e6a42a1da12481a3f0eccda35f3d7c8a49b16718e80af9cf,0c2a97512465b2a67e4ad572a7a1b2016e011ca174443ea8772f62e8955b40a5
/workspace/arc2/active_runs/eval60_v5_vs_greedy_4worker_v1/tmp/31f7f899/d048/o00_g1.json,ecd9fb862b12a8effe31d71fd80f39ea1167f3d4b7d92674ff44963b28287edf,3925688,31f7f899,0,48,transpose,2bbe43ddf78c43c6aaa15fbd77422dbb1ed693c435fc63c25855db13824053ce,e5beec92c9992930f4d6b468db1806ee2f3b9224e13179af7d4e8bb5897148e0,INDEPENDENT_FAST_2_PER_GPU,FAST_PASS,fast3,,1,1,305,306,305,0,18.055358555167913,search_exhausted,,,,o00_g1,31f7f899:o0:d048:transpose,0,1790593194290874168,292c43156ea948a6ab386114cac844e7041a704d3e88846f1ce3783c2a25b815,c951bb4c0581a4d994159e0809daba5ed6607d655c20d5e7011bf28431f04a6f
/workspace/arc2/active_runs/eval60_v5_vs_greedy_4worker_v1/tmp/31f7f899/d048/o00_g1.json,ecd9fb862b12a8effe31d71fd80f39ea1167f3d4b7d92674ff44963b28287edf,3925688,31f7f899,0,48,anti_transpose,2bbe43ddf78c43c6aaa15fbd77422dbb1ed693c435fc63c25855db13824053ce,e5beec92c9992930f4d6b468db1806ee2f3b9224e13179af7d4e8bb5897148e0,INDEPENDENT_FAST_2_PER_GPU,FAST_PASS,fast3,,1,1,305,306,305,10,17.951144026592374,search_exhausted,,,,o00_g1,31f7f899:o0:d048:anti_transpose,1,1790593194290874168,63a8199e0a3ea978d37ae8a6d4fceca6d2cb9c401b5a90bafdb7ad99cd2d53e1,3223c4fea2b02307d4995be49589e956eecb4dfc3c60852f6a275575de11bb9f
/workspace/arc2/active_runs/eval60_v5_vs_greedy_4worker_v1/tmp/332f06d7/d012/o00_g0.json,38a032dba22b12263d0076b1ad4ad82c8a13198b60bb37489244cf04be3889f8,5582570,332f06d7,0,12,identity,c74f288ae38bb4a202788636c02c444c945a3eb5fba3c7c6941f8dbda9a8df34,e5beec92c9992930f4d6b468db1806ee2f3b9224e13179af7d4e8bb5897148e0,INDEPENDENT_FAST_2_PER_GPU,FAST_PASS,fast1,,1,1,419,420,419,114,25.273841267451644,search_exhausted,,,,o00_g0,332f06d7:o0:d012:identity,0,1790585241000000000,9a188fcbdbdcc81b8fba51c843149d547051dac3b8d6e41b16b65075a320d099,c4f16b88c92a29c61d0ca702a9bd60dbcb140a7644612df1a5ee1b95d3403f76
/workspace/arc2/active_runs/eval60_v5_vs_greedy_4worker_v1/tmp/332f06d7/d012/o00_g0.json,38a032dba22b12263d0076b1ad4ad82c8a13198b60bb37489244cf04be3889f8,5582570,332f06d7,0,12,flip_ud,c74f288ae38bb4a202788636c02c444c945a3eb5fba3c7c6941f8dbda9a8df34,e5beec92c9992930f4d6b468db1806ee2f3b9224e13179af7d4e8bb5897148e0,INDEPENDENT_FAST_2_PER_GPU,FAST_PASS,fast3,,1,1,419,420,419,104,25.09234363771975,search_exhausted,,,,o00_g0,332f06d7:o0:d012:flip_ud,1,1790585241000000000,6f5c636c1f7a941e573c2b015d6435964cc92b8c6ed37e01b74c58110d84f44d,09d27d24237074ab2424eee804b5f277d88af9e921dc5b3e2574267c94d22497
/workspace/arc2/active_runs/eval60_v5_vs_greedy_4worker_v1/tmp/332f06d7/d012/o00_g1.json,ce1fe010211c137ccab4a400c15de219d41e6ee3f001e06a03dcef98167a7d46,8456850,332f06d7,0,12,transpose,c74f288ae38bb4a202788636c02c444c945a3eb5fba3c7c6941f8dbda9a8df34,e5beec92c9992930f4d6b468db1806ee2f3b9224e13179af7d4e8bb5897148e0,INDEPENDENT_FAST_2_PER_GPU,FAST_PASS,fast2,,1,1,419,420,419,122,24.878247844055295,search_exhausted,,,,o00_g1,332f06d7:o0:d012:transpose,0,1790585269000000000,ee3e1b76bca4845fce8e40fb549c0fafe55a1c8f221380e75e0a53c0c378bbbf,b7050d1243f6695c907dfefc60e8f5b27ba4cc562d97aa562b54b1a5cc860b47
/workspace/arc2/active_runs/eval60_v5_vs_greedy_4worker_v1/tmp/332f06d7/d012/o00_g1.json,ce1fe010211c137ccab4a400c15de219d41e6ee3f001e06a03dcef98167a7d46,8456850,332f06d7,0,12,anti_transpose,c74f288ae38bb4a202788636c02c444c945a3eb5fba3c7c6941f8dbda9a8df34,e5beec92c9992930f4d6b468db1806ee2f3b9224e13179af7d4e8bb5897148e0,INDEPENDENT_FAST_2_PER_GPU,FAST_PASS,fast1,,2,2,836,837,836,242,49.168404115363955,search_exhausted,,,,o00_g1,332f06d7:o0:d012:anti_transpose,1,1790585269000000000,ded0bc6dee60654504ec207a40183fb9ce5c0f2ada9aa420790538c39f4f8016,7ea0ef481718442806059ac1c53005c7ff94bc5959a25b842f0d4d906ab7e900
/workspace/arc2/active_runs/eval60_v5_vs_greedy_4worker_v1/tmp/332f06d7/d024/o00_g0.json,af218d85afc81a44a2c5167a0b5c55295be745d3bec89f4119f769a6ff315023,6606317,332f06d7,0,24,identity,bea56d70b252732b229aaff9f1ca08b1f02208e8e04795b0341b1f3fb516f03c,e5beec92c9992930f4d6b468db1806ee2f3b9224e13179af7d4e8bb5897148e0,INDEPENDENT_FAST_2_PER_GPU,FAST_PASS,fast0,,1,1,419,420,419,184,24.71640970557928,search_exhausted,,,,o00_g0,332f06d7:o0:d024:identity,0,1790585290000000000,eab9e67d2921da748953b510057d49d5b415dd0921dc484789419c37fc892c8f,cca26960b5f82fe1e9f3edbd08534ceba3da8343d762d344f7086ad530ca44c6
/workspace/arc2/active_runs/eval60_v5_vs_greedy_4worker_v1/tmp/332f06d7/d024/o00_g0.json,af218d85afc81a44a2c5167a0b5c55295be745d3bec89f4119f769a6ff315023,6606317,332f06d7,0,24,flip_ud,bea56d70b252732b229aaff9f1ca08b1f02208e8e04795b0341b1f3fb516f03c,e5beec92c9992930f4d6b468db1806ee2f3b9224e13179af7d4e8bb5897148e0,INDEPENDENT_FAST_2_PER_GPU,FAST_PASS,fast3,,2,2,570,571,570,149,33.65667301416397,search_exhausted,,,,o00_g0,332f06d7:o0:d024:flip_ud,1,1790585290000000000,6a3984c22622d0bd28898bf108e45025a392442caef0fa0db35258c85839417b,bfe673e3e27280cc45b18736cea69027f4f81dd208b44df6ed49ce58a52078e1
/workspace/arc2/active_runs/eval60_v5_vs_greedy_4worker_v1/tmp/332f06d7/d024/o00_g1.json,2c5135a4838b8acc2d5e5b1f23289636a96b3be69401957253534e2726eebe91,5525352,332f06d7,0,24,transpose,bea56d70b252732b229aaff9f1ca08b1f02208e8e04795b0341b1f3fb516f03c,e5beec92c9992930f4d6b468db1806ee2f3b9224e13179af7d4e8bb5897148e0,INDEPENDENT_FAST_2_PER_GPU,FAST_PASS,fast2,,1,1,419,420,419,0,24.891073590144515,search_exhausted,,,,o00_g1,332f06d7:o0:d024:transpose,0,1790585298000000000,75002a348961de17d1e28636e6f1f26281704219b74f2bed15af9410242ad8ea,7ba19c0935265a8be90f8124ecadfb2d8621372df3ff24c2b89850c4a9633380
/workspace/arc2/active_runs/eval60_v5_vs_greedy_4worker_v1/tmp/332f06d7/d024/o00_g1.json,2c5135a4838b8acc2d5e5b1f23289636a96b3be69401957253534e2726eebe91,5525352,332f06d7,0,24,anti_transpose,bea56d70b252732b229aaff9f1ca08b1f02208e8e04795b0341b1f3fb516f03c,e5beec92c9992930f4d6b468db1806ee2f3b9224e13179af7d4e8bb5897148e0,INDEPENDENT_FAST_2_PER_GPU,FAST_PASS,fast1,,1,1,419,420,419,100,24.667266281321645,search_exhausted,,,,o00_g1,332f06d7:o0:d024:anti_transpose,1,1790585298000000000,a35a0509bd556818a313a40aedfc0c20c092bd91b53d5cb2b53c18d9fa7a6977,c9fe4bf394f0e914ff86cbb5b899a8e49485dd7022d4bbf72156de045bd2327a
/workspace/arc2/active_runs/eval60_v5_vs_greedy_4worker_v1/tmp/332f06d7/d048/o00_g0.json,85d3cadbce898e71cda80ef022a6a09208261e29efd3911d104fcd2536a872d0,8807798,332f06d7,0,48,identity,3a1996cc893b25f2243075ffb2e6f04cf24fd09c8d8d491725a19103ae2f0ee2,e5beec92c9992930f4d6b468db1806ee2f3b9224e13179af7d4e8bb5897148e0,INDEPENDENT_FAST_2_PER_GPU,FAST_PASS,fast0,,2,2,606,607,606,0,35.85392185859382,search_exhausted,,,,o00_g0,332f06d7:o0:d048:identity,0,1790585347000000000,e936d146eb58610fe2d21cd39af709d22bc6af25be73f6ec10bc6de23e263551,f2535263c29b0fa2a71c0b6b02ff8b7d3e644b92a0ed20041c7d533492e7d5db
/workspace/arc2/active_runs/eval60_v5_vs_greedy_4worker_v1/tmp/332f06d7/d048/o00_g0.json,85d3cadbce898e71cda80ef022a6a09208261e29efd3911d104fcd2536a872d0,8807798,332f06d7,0,48,flip_ud,3a1996cc893b25f2243075ffb2e6f04cf24fd09c8d8d491725a19103ae2f0ee2,e5beec92c9992930f4d6b468db1806ee2f3b9224e13179af7d4e8bb5897148e0,INDEPENDENT_FAST_2_PER_GPU,FAST_PASS,fast2,,2,2,780,781,780,0,45.713400065898895,search_exhausted,,,,o00_g0,332f06d7:o0:d048:flip_ud,1,1790585347000000000,cd6b9e447405843cbd85eeccd0c60362009852a5a500019925c380958c5b9a9d,129c16a1a5a2e4e234bb14946088fb3fe07010437aa523dc55e9431ca3d5db86
/workspace/arc2/active_runs/eval60_v5_vs_greedy_4worker_v1/tmp/332f06d7/d048/o00_g1.json,3f962e8f0593e546c83283e3d9f18f4832b7c7ace0a9123137068639e4dc3208,5385085,332f06d7,0,48,transpose,3a1996cc893b25f2243075ffb2e6f04cf24fd09c8d8d491725a19103ae2f0ee2,e5beec92c9992930f4d6b468db1806ee2f3b9224e13179af7d4e8bb5897148e0,INDEPENDENT_FAST_2_PER_GPU,FAST_PASS,fast0,,1,1,419,420,419,0,24.366703141480684,search_exhausted,,,,o00_g1,332f06d7:o0:d048:transpose,0,1790588529000000000,44f5bd76dc7e30d5c7790b9f6f343445da63fa446457e814715de210db4071bf,8d944fed1c7206c42efde2235fa00fbe5678222867ccfb3aa28a5b81eabbcd2d
/workspace/arc2/active_runs/eval60_v5_vs_greedy_4worker_v1/tmp/332f06d7/d048/o00_g1.json,3f962e8f0593e546c83283e3d9f18f4832b7c7ace0a9123137068639e4dc3208,5385085,332f06d7,0,48,anti_transpose,3a1996cc893b25f2243075ffb2e6f04cf24fd09c8d8d491725a19103ae2f0ee2,e5beec92c9992930f4d6b468db1806ee2f3b9224e13179af7d4e8bb5897148e0,INDEPENDENT_FAST_2_PER_GPU,FAST_PASS,fast0,,1,1,419,420,419,0,25.171733347699046,search_exhausted,,,,o00_g1,332f06d7:o0:d048:anti_transpose,1,1790588529000000000,c3db122a1c12a50bc2e56f2a431449a926a44cec0ff4e03472f56da06d6338b3,d0cf373f773ea31665f81758c07b707546222ad5e58adab768ae06921eda9c82
/workspace/arc2/active_runs/eval60_v5_vs_greedy_4worker_v1/tmp/3a25b0d8/d012/o00_g0.json,4c25de2fcf766b7ceec9713e86e9e26483db51fa90dd0aafaf8be7a6ad4a534b,7028467,3a25b0d8,0,12,identity,e452764e1c924a24af06c59bb051e20a13f81e714528e6ac0542243805d7c89b,e5beec92c9992930f4d6b468db1806ee2f3b9224e13179af7d4e8bb5897148e0,INDEPENDENT_SINGLE_PER_GPU_REPAIR,HEAVY_REPAIR,heavy0_serial,,2,2,497,498,497,453,29.462391512468457,search_exhausted,,,,o00_g0,3a25b0d8:o0:d012:identity,0,1790609540000000000,cb115903c1015fe821bcb571815d8efe87baf100c20d8e8606810fb8bb4f37ea,74f82bdad6fcfa32d33130830897a596c59637deefd12c6a7b9fed9c8295d0ef
/workspace/arc2/active_runs/eval60_v5_vs_greedy_4worker_v1/tmp/3a25b0d8/d012/o00_g0.json,4c25de2fcf766b7ceec9713e86e9e26483db51fa90dd0aafaf8be7a6ad4a534b,7028467,3a25b0d8,0,12,flip_ud,e452764e1c924a24af06c59bb051e20a13f81e714528e6ac0542243805d7c89b,e5beec92c9992930f4d6b468db1806ee2f3b9224e13179af7d4e8bb5897148e0,INDEPENDENT_FAST_2_PER_GPU,FAST_PASS,fast0,,2,2,501,502,501,459,29.16799462772906,search_exhausted,,,,o00_g0,3a25b0d8:o0:d012:flip_ud,1,1790609540000000000,e1a6b6d6314713c545b56c870a8ed060ba76b87f062118708faf0624058c2c72,8f65bbe8ba80d521c9fcbb22da24ba1f0b28be40edeb03462a417491bb398f21
/workspace/arc2/active_runs/eval60_v5_vs_greedy_4worker_v1/tmp/3a25b0d8/d012/o00_g1.json,d06797d510b39250417da9692edf748628096e74689cef9361c124294286d7e2,6683557,3a25b0d8,0,12,transpose,e452764e1c924a24af06c59bb051e20a13f81e714528e6ac0542243805d7c89b,e5beec92c9992930f4d6b468db1806ee2f3b9224e13179af7d4e8bb5897148e0,INDEPENDENT_FAST_2_PER_GPU,FAST_PASS,fast3,,2,2,471,472,471,200,29.11889413371682,search_exhausted,,,,o00_g1,3a25b0d8:o0:d012:transpose,0,1790609573000000000,3fd81910708748f7518da4a8d9749dee2f5617a76c1793a9b3a2dea0dd396ee5,ddeb61f48689109750c7be061483b1774b3a843492f791346e40ef33a6688d45
/workspace/arc2/active_runs/eval60_v5_vs_greedy_4worker_v1/tmp/3a25b0d8/d012/o00_g1.json,d06797d510b39250417da9692edf748628096e74689cef9361c124294286d7e2,6683557,3a25b0d8,0,12,anti_transpose,e452764e1c924a24af06c59bb051e20a13f81e714528e6ac0542243805d7c89b,e5beec92c9992930f4d6b468db1806ee2f3b9224e13179af7d4e8bb5897148e0,INDEPENDENT_SINGLE_PER_GPU_REPAIR,HEAVY_REPAIR,heavy0_serial,,3,3,540,541,540,101,31.87778739631176,search_exhausted,,,,o00_g1,3a25b0d8:o0:d012:anti_transpose,1,1790609573000000000,831eb991fbf9df32a877e1d19c25ab2680ffb901e0b8aa0ce8fcb3b2e2a9edac,4aaf2c3b44bb3130d61841a780f96e6f9412214156482d1f3637399a8287a5ca
/workspace/arc2/active_runs/eval60_v5_vs_greedy_4worker_v1/tmp/3a25b0d8/d012/o01_g0.json,b0e58995e0f2c2e1c1d8cd4598f4687cacb748fdf6db0bae77a3dd37a82a8300,2607042,3a25b0d8,1,12,identity,e452764e1c924a24af06c59bb051e20a13f81e714528e6ac0542243805d7c89b,e5beec92c9992930f4d6b468db1806ee2f3b9224e13179af7d4e8bb5897148e0,INDEPENDENT_FAST_2_PER_GPU,FAST_PASS,fast3,,2,2,236,237,236,66,14.424617806449533,search_exhausted,,,,o01_g0,3a25b0d8:o1:d012:identity,0,1790595624604065050,a3a55e2ea3a3a12cfd382ad4a6d1422eaaa16ac8874100e73cae6b19969e5cc1,4d37fc537dfe8536519be756b77fc8dde5961a7a8b5a7684c5ea3e04b482412f
/workspace/arc2/active_runs/eval60_v5_vs_greedy_4worker_v1/tmp/3a25b0d8/d012/o01_g0.json,b0e58995e0f2c2e1c1d8cd4598f4687cacb748fdf6db0bae77a3dd37a82a8300,2607042,3a25b0d8,1,12,flip_ud,e452764e1c924a24af06c59bb051e20a13f81e714528e6ac0542243805d7c89b,e5beec92c9992930f4d6b468db1806ee2f3b9224e13179af7d4e8bb5897148e0,INDEPENDENT_FAST_2_PER_GPU,FAST_PASS,fast0,,1,1,167,168,167,0,9.86765094846487,search_exhausted,,,,o01_g0,3a25b0d8:o1:d012:flip_ud,1,1790595624604065050,8585261f207c1af8dc7d76f0b2a173caf5d897351ec38bb4dcb987019bc73d16,eb3bb2aa7f32255ddc3b82adcae124504dc94cafb245db5caa470a9630e0ab1e
/workspace/arc2/active_runs/eval60_v5_vs_greedy_4worker_v1/tmp/3a25b0d8/d012/o01_g1.json,e22b0cbeed80fd061f51e6b3273515c05eae21e411493a55108ba50ce90454d5,2103954,3a25b0d8,1,12,transpose,e452764e1c924a24af06c59bb051e20a13f81e714528e6ac0542243805d7c89b,e5beec92c9992930f4d6b468db1806ee2f3b9224e13179af7d4e8bb5897148e0,INDEPENDENT_FAST_2_PER_GPU,FAST_PASS,fast0,,1,1,164,165,164,0,9.721678841859102,search_exhausted,,,,o01_g1,3a25b0d8:o1:d012:transpose,0,1790595634757591853,ded512d9c05adcccb7f4507403904d7a24f126d22c467c4582fd8eb220578289,f47bdd1d543936399d6cf619fc046670ca24014a821eed60067e42403463536d
/workspace/arc2/active_runs/eval60_v5_vs_greedy_4worker_v1/tmp/3a25b0d8/d012/o01_g1.json,e22b0cbeed80fd061f51e6b3273515c05eae21e411493a55108ba50ce90454d5,2103954,3a25b0d8,1,12,anti_transpose,e452764e1c924a24af06c59bb051e20a13f81e714528e6ac0542243805d7c89b,e5beec92c9992930f4d6b468db1806ee2f3b9224e13179af7d4e8bb5897148e0,INDEPENDENT_FAST_2_PER_GPU,FAST_PASS,fast3,,1,1,164,165,164,0,10.067517045885324,search_exhausted,,,,o01_g1,3a25b0d8:o1:d012:anti_transpose,1,1790595634757591853,e22bd39671e5051a10586c3a5fb5b46e2c639bba1b268a80c2287114f0dda457,23e0871fe257683d5e4ff133d901c81da0335fdfd1f95e42f96580303e5cbab1
/workspace/arc2/active_runs/eval60_v5_vs_greedy_4worker_v1/tmp/3a25b0d8/d024/o00_g0.json,3c1958fd17d4de6b5fa54f8ac984ea2de2e17d776e03c4409f883ba18e1ed4a7,6455561,3a25b0d8,0,24,identity,2c1884ceb786d54ec3dc8c596ff95122f73fc76b76d3c0f19279c95a1b6734c1,e5beec92c9992930f4d6b468db1806ee2f3b9224e13179af7d4e8bb5897148e0,INDEPENDENT_FAST_2_PER_GPU,FAST_PASS,fast0,,3,3,726,727,726,230,42.11040259338915,search_exhausted,,,,o00_g0,3a25b0d8:o0:d024:identity,0,1790595708000000000,6f27b0e116b85a30d417d75a14f50a52a7b495634a61f5c6c0dddb8d8841438e,9f0d22973158563cad8603d365e97eeb3309fad9379d13f88707797a7c9956e4
/workspace/arc2/active_runs/eval60_v5_vs_greedy_4worker_v1/tmp/3a25b0d8/d024/o00_g0.json,3c1958fd17d4de6b5fa54f8ac984ea2de2e17d776e03c4409f883ba18e1ed4a7,6455561,3a25b0d8,0,24,flip_ud,2c1884ceb786d54ec3dc8c596ff95122f73fc76b76d3c0f19279c95a1b6734c1,e5beec92c9992930f4d6b468db1806ee2f3b9224e13179af7d4e8bb5897148e0,INDEPENDENT_FAST_2_PER_GPU,FAST_PASS,fast3,,1,1,269,270,269,0,16.510876208543777,search_exhausted,,,,o00_g0,3a25b0d8:o0:d024:flip_ud,1,1790595708000000000,601240ddf4a2f19f7c173a3cb8edebcbf357f743d6603395b1ca0409b39c4940,2c74a6719bab733a3bd7b53154c8b4ce78cf95776d8c4fd7417d9de549b4ad5b
/workspace/arc2/active_runs/eval60_v5_vs_greedy_4worker_v1/tmp/3a25b0d8/d024/o00_g1.json,adcb03d5883fe775605c0d13787681a980f8fa3d7f36d8f1a7878552957c625b,6020238,3a25b0d8,0,24,transpose,2c1884ceb786d54ec3dc8c596ff95122f73fc76b76d3c0f19279c95a1b6734c1,e5beec92c9992930f4d6b468db1806ee2f3b9224e13179af7d4e8bb5897148e0,INDEPENDENT_SINGLE_PER_GPU_REPAIR,HEAVY_REPAIR,heavy0_serial,,2,2,471,472,471,203,28.14227976463735,search_exhausted,,,,o00_g1,3a25b0d8:o0:d024:transpose,0,1790609619000000000,808164b0e5d7c7a432a340ee646edc3068e3400ddf012e41b63a5b7323cb8e7f,0aeecd41c7e32aa3bd53fe453909cd051102d3b9eac071be30aba5e42aba8d72
/workspace/arc2/active_runs/eval60_v5_vs_greedy_4worker_v1/tmp/3a25b0d8/d024/o00_g1.json,adcb03d5883fe775605c0d13787681a980f8fa3d7f36d8f1a7878552957c625b,6020238,3a25b0d8,0,24,anti_transpose,2c1884ceb786d54ec3dc8c596ff95122f73fc76b76d3c0f19279c95a1b6734c1,e5beec92c9992930f4d6b468db1806ee2f3b9224e13179af7d4e8bb5897148e0,INDEPENDENT_FAST_2_PER_GPU,FAST_PASS,fast3,,2,2,444,445,444,101,26.939733307808638,search_exhausted,,,,o00_g1,3a25b0d8:o0:d024:anti_transpose,1,1790609619000000000,f4de141324ff0c2d14f50286bd010da056871aced60fbbc1e3d816405cd290f6,8f74d3e2e53566c8aa12b957650efb63a63733bbc1817ab765e5ea36f658cb8d
/workspace/arc2/active_runs/eval60_v5_vs_greedy_4worker_v1/tmp/3a25b0d8/d024/o01_g0.json,be25c493df748eeab2f73807367b0188339aabd71580c26dda6235ca999374a6,4137497,3a25b0d8,1,24,identity,2c1884ceb786d54ec3dc8c596ff95122f73fc76b76d3c0f19279c95a1b6734c1,e5beec92c9992930f4d6b468db1806ee2f3b9224e13179af7d4e8bb5897148e0,INDEPENDENT_SINGLE_PER_GPU_REPAIR,HEAVY_REPAIR,heavy0_serial,,2,2,319,320,319,127,19.11600112915039,search_exhausted,,,,o01_g0,3a25b0d8:o1:d024:identity,0,1790609638972704673,b0171e8c3df9d4c2f86f3522ee363eddf1c43af5c63784db7eb1590da4188ca1,419f348f3448ae2af6b7017004074295bc89a8219a36ae9e0151051567f61a31
/workspace/arc2/active_runs/eval60_v5_vs_greedy_4worker_v1/tmp/3a25b0d8/d024/o01_g0.json,be25c493df748eeab2f73807367b0188339aabd71580c26dda6235ca999374a6,4137497,3a25b0d8,1,24,flip_ud,2c1884ceb786d54ec3dc8c596ff95122f73fc76b76d3c0f19279c95a1b6734c1,e5beec92c9992930f4d6b468db1806ee2f3b9224e13179af7d4e8bb5897148e0,INDEPENDENT_FAST_2_PER_GPU,FAST_PASS,fast0,,2,2,319,320,319,21,18.579910706728697,search_exhausted,,,,o01_g0,3a25b0d8:o1:d024:flip_ud,1,1790609638972704673,8660bb4a0b91dda257b37f07885cfaabe23584a2725d75c0d8a8d7ba11721b9d,28732e5e793d449fc9d9523c52208f011001e405417d3ac14a28192229b52990
/workspace/arc2/active_runs/eval60_v5_vs_greedy_4worker_v1/tmp/3a25b0d8/d024/o01_g1.json,1efb7586c604ad865237452bbe986bc4dc9545f08c38c2b7f46dca226119e57a,2076390,3a25b0d8,1,24,transpose,2c1884ceb786d54ec3dc8c596ff95122f73fc76b76d3c0f19279c95a1b6734c1,e5beec92c9992930f4d6b468db1806ee2f3b9224e13179af7d4e8bb5897148e0,INDEPENDENT_FAST_2_PER_GPU,FAST_PASS,fast3,,1,1,164,165,164,0,10.408519076183438,search_exhausted,,,,o01_g1,3a25b0d8:o1:d024:transpose,0,1790595729989982416,ff4001a3ec05d7ba91c3033b6cbcc5b4acc72b72e4f0c3d59734d69df6e834b4,59bf3cd3bf1dc11ad239fc855a6efbb33b6b6f43a4876270301dc8c36262b8a2
/workspace/arc2/active_runs/eval60_v5_vs_greedy_4worker_v1/tmp/3a25b0d8/d024/o01_g1.json,1efb7586c604ad865237452bbe986bc4dc9545f08c38c2b7f46dca226119e57a,2076390,3a25b0d8,1,24,anti_transpose,2c1884ceb786d54ec3dc8c596ff95122f73fc76b76d3c0f19279c95a1b6734c1,e5beec92c9992930f4d6b468db1806ee2f3b9224e13179af7d4e8bb5897148e0,INDEPENDENT_FAST_2_PER_GPU,FAST_PASS,fast3,,1,1,164,165,164,0,10.072913598269224,search_exhausted,,,,o01_g1,3a25b0d8:o1:d024:anti_transpose,1,1790595729989982416,04d290c1af0d18fd16420dba1eb4064e8611925d3e61937ec03653436120cd89,76a700c4678fb66fe7f9e20a4f77bfe659221561c6fc4f5e864d5f396e102563
/workspace/arc2/active_runs/eval60_v5_vs_greedy_4worker_v1/tmp/3a25b0d8/d048/o00_g0.json,dfa18796b4435eba4b6ad404598972769b45c10553a41f6cdf2e15041ee61275,5284933,3a25b0d8,0,48,identity,2d762d8200db44f4277710a7f414c8d413a1c1a7a227f947763d33da09653cc5,e5beec92c9992930f4d6b468db1806ee2f3b9224e13179af7d4e8bb5897148e0,INDEPENDENT_SINGLE_PER_GPU_REPAIR,HEAVY_REPAIR,heavy0_serial,,1,1,251,252,251,0,15.031294384971261,search_exhausted,,,,o00_g0,3a25b0d8:o0:d048:identity,0,1790609674000000000,1315f744f940912a70ba2564fabfbc65e72989aaed531b173249ee33564c18e3,d2ce83d403d9e3a42cc540ecd731f19ddfa22be79d16090ce3b387896ead13d3
/workspace/arc2/active_runs/eval60_v5_vs_greedy_4worker_v1/tmp/3a25b0d8/d048/o00_g0.json,dfa18796b4435eba4b6ad404598972769b45c10553a41f6cdf2e15041ee61275,5284933,3a25b0d8,0,48,flip_ud,2d762d8200db44f4277710a7f414c8d413a1c1a7a227f947763d33da09653cc5,e5beec92c9992930f4d6b468db1806ee2f3b9224e13179af7d4e8bb5897148e0,INDEPENDENT_FAST_2_PER_GPU,FAST_PASS,fast0,,3,3,585,586,585,123,33.56733007542789,search_exhausted,,,,o00_g0,3a25b0d8:o0:d048:flip_ud,1,1790609674000000000,28b5035680757c061c7aa8a92cab4ac4f23bdab8608716fcbec299a36dcede37,6cfa1696d7b017eb37dae4894579192fd8fea07b4e3508ffc982b1f5f1c6aca2
/workspace/arc2/active_runs/eval60_v5_vs_greedy_4worker_v1/tmp/3a25b0d8/d048/o00_g1.json,e44727d8a56115cf946b3b5106717af8199ee902ae49cf6e468c363c5417aeb7,4336985,3a25b0d8,0,48,transpose,2d762d8200db44f4277710a7f414c8d413a1c1a7a227f947763d33da09653cc5,e5beec92c9992930f4d6b468db1806ee2f3b9224e13179af7d4e8bb5897148e0,INDEPENDENT_FAST_2_PER_GPU,FAST_PASS,fast3,,2,2,448,449,448,0,27.15608799085021,search_exhausted,,,,o00_g1,3a25b0d8:o0:d048:transpose,0,1790595796471056352,889204739c347e4ddf04a1a57be668b931e8bf5498e996bcac6f18e0fb10cee6,075ad0cffeab69e4b8fe46e6819de0e825d8c96242981a83e4b2557bc4ec6687
/workspace/arc2/active_runs/eval60_v5_vs_greedy_4worker_v1/tmp/3a25b0d8/d048/o00_g1.json,e44727d8a56115cf946b3b5106717af8199ee902ae49cf6e468c363c5417aeb7,4336985,3a25b0d8,0,48,anti_transpose,2d762d8200db44f4277710a7f414c8d413a1c1a7a227f947763d33da09653cc5,e5beec92c9992930f4d6b468db1806ee2f3b9224e13179af7d4e8bb5897148e0,INDEPENDENT_FAST_2_PER_GPU,FAST_PASS,fast3,,1,1,246,247,246,0,15.075704261660576,search_exhausted,,,,o00_g1,3a25b0d8:o0:d048:anti_transpose,1,1790595796471056352,2e4b757da86b43fcecf6e7189647d1bc272271cd44e70690c957e1cf6c108fc7,fa5bf2a0c23a25829bb35f9e61e4f30d0bf77cac85e55d53839e37da9d39374c
/workspace/arc2/active_runs/eval60_v5_vs_greedy_4worker_v1/tmp/3a25b0d8/d048/o01_g0.json,f8d168d412416ee8ad395b4d7af9247d089027d972343cc9d29ff54d15fe20e7,2074769,3a25b0d8,1,48,identity,2d762d8200db44f4277710a7f414c8d413a1c1a7a227f947763d33da09653cc5,e5beec92c9992930f4d6b468db1806ee2f3b9224e13179af7d4e8bb5897148e0,INDEPENDENT_SINGLE_PER_GPU_REPAIR,HEAVY_REPAIR,heavy0_serial,,1,1,167,168,167,0,10.077322801575065,search_exhausted,,,,o01_g0,3a25b0d8:o1:d048:identity,0,1790609683552982388,de922aad0904bcdfe0eae1dcde37ea83a928feb395974dc86d4f15ecd31074d4,77cbe589f66da88204e0e0161021235c33f4576c93d248aa9ce827b248b5b9dd
/workspace/arc2/active_runs/eval60_v5_vs_greedy_4worker_v1/tmp/3a25b0d8/d048/o01_g0.json,f8d168d412416ee8ad395b4d7af9247d089027d972343cc9d29ff54d15fe20e7,2074769,3a25b0d8,1,48,flip_ud,2d762d8200db44f4277710a7f414c8d413a1c1a7a227f947763d33da09653cc5,e5beec92c9992930f4d6b468db1806ee2f3b9224e13179af7d4e8bb5897148e0,INDEPENDENT_FAST_2_PER_GPU,FAST_PASS,fast0,,1,1,167,168,167,0,10.164725873619318,search_exhausted,,,,o01_g0,3a25b0d8:o1:d048:flip_ud,1,1790609683552982388,ed8896921a4de2859cb4310887bb952635eac0e9def0e47fdfe6537c3d575746,965637a0a5ec5f90eeef139996df9df93f7df757b5150321d1800bb1d004a89a
/workspace/arc2/active_runs/eval60_v5_vs_greedy_4worker_v1/tmp/3a25b0d8/d048/o01_g1.json,067c666b4c64fd6fa8c436289ca56fc9251b85767a1c461110632807664f5b4b,2053745,3a25b0d8,1,48,transpose,2d762d8200db44f4277710a7f414c8d413a1c1a7a227f947763d33da09653cc5,e5beec92c9992930f4d6b468db1806ee2f3b9224e13179af7d4e8bb5897148e0,INDEPENDENT_FAST_2_PER_GPU,FAST_PASS,fast3,,1,1,164,165,164,0,10.045979114249349,search_exhausted,,,,o01_g1,3a25b0d8:o1:d048:transpose,0,1790595807567877727,8633bd027bbcc8266035ba0953f5b9f6b522f58a9ebab6eaa0d5dbc5b267da7a,d6db940277d1ab3592b63f3c86f2f905a2510915acc49dfee3dc374ad7541251
/workspace/arc2/active_runs/eval60_v5_vs_greedy_4worker_v1/tmp/3a25b0d8/d048/o01_g1.json,067c666b4c64fd6fa8c436289ca56fc9251b85767a1c461110632807664f5b4b,2053745,3a25b0d8,1,48,anti_transpose,2d762d8200db44f4277710a7f414c8d413a1c1a7a227f947763d33da09653cc5,e5beec92c9992930f4d6b468db1806ee2f3b9224e13179af7d4e8bb5897148e0,INDEPENDENT_FAST_2_PER_GPU,FAST_PASS,fast0,,1,1,164,165,164,0,9.628927521407604,search_exhausted,,,,o01_g1,3a25b0d8:o1:d048:anti_transpose,1,1790595807567877727,a70267c67b0800b91fe845e4ae09b6533c64adf750cd647be482d16a46b11103,db4473dcadfae990b12189afc82f1ef6c9c722690ecbf027b0d2ba9cfc4c1eed
/workspace/arc2/active_runs/eval60_v5_vs_greedy_4worker_v1/tmp/446ef5d2/d012/o00_g0.json,c64a3fdfa576e323cbf289994399aa4678ef7193ba9e99f930fe3acc06e2db9e,4788915,446ef5d2,0,12,flip_ud,f5ccd7be7641425a56972860867e0af5d88faf5770b3976f31598f914bb7ffea,e5beec92c9992930f4d6b468db1806ee2f3b9224e13179af7d4e8bb5897148e0,INDEPENDENT_FAST_2_PER_GPU,FAST_PASS,fast0,,1,1,701,702,701,400,41.4331891797483,search_exhausted,,,,o00_g0,446ef5d2:o0:d012:flip_ud,0,1790592514305274648,93923fd3992a2a677dbdc5e75ededb2b54ddbc74b9212ec6e3f3c6f548dafa71,68fbc3e953eb7d993f03226da2bc5ce9d452bb74f9a5ec46c6b9ad4bddf86ff5
/workspace/arc2/active_runs/eval60_v5_vs_greedy_4worker_v1/tmp/446ef5d2/d012/o00_g1.json,e6ea9a7a672870c3c2ee2ac6f71ae4d0dc4874ff2b09b8b5abce88d7f51bcf92,9703256,446ef5d2,0,12,transpose,f5ccd7be7641425a56972860867e0af5d88faf5770b3976f31598f914bb7ffea,e5beec92c9992930f4d6b468db1806ee2f3b9224e13179af7d4e8bb5897148e0,INDEPENDENT_FAST_2_PER_GPU,FAST_PASS,fast0,,1,1,701,702,701,399,41.28891145065427,search_exhausted,,,,o00_g1,446ef5d2:o0:d012:transpose,0,1790592514000000000,d64d0a9f4a0e567fd81b1c35ef99367043e1df16de43ffad210ac4375df6b9c6,46751380378145319a24d13cf7f1b1bf642698d6c0fa51a46b04294b0f259ded
/workspace/arc2/active_runs/eval60_v5_vs_greedy_4worker_v1/tmp/446ef5d2/d012/o00_g1.json,e6ea9a7a672870c3c2ee2ac6f71ae4d0dc4874ff2b09b8b5abce88d7f51bcf92,9703256,446ef5d2,0,12,anti_transpose,f5ccd7be7641425a56972860867e0af5d88faf5770b3976f31598f914bb7ffea,e5beec92c9992930f4d6b468db1806ee2f3b9224e13179af7d4e8bb5897148e0,INDEPENDENT_FAST_2_PER_GPU,FAST_PASS,fast3,,1,1,701,702,701,423,40.86889938823879,search_exhausted,,,,o00_g1,446ef5d2:o0:d012:anti_transpose,1,1790592514000000000,1bf1afd52dcf93ef479c9430f0b3a4070019fc933c689d94df0bfb5074332e0d,922ee849d10ee7c4d12e63f1a72f510388e53c198b9009873d5ee59764c44628
/workspace/arc2/active_runs/eval60_v5_vs_greedy_4worker_v1/tmp/446ef5d2/d012/o01_g0.json,04f05936a28ca2120d67c61f8cb77a733ca3682fdea7acd6b3956c369e4f6f38,5771494,446ef5d2,1,12,identity,f5ccd7be7641425a56972860867e0af5d88faf5770b3976f31598f914bb7ffea,e5beec92c9992930f4d6b468db1806ee2f3b9224e13179af7d4e8bb5897148e0,INDEPENDENT_FAST_2_PER_GPU,FAST_PASS,fast2,,1,1,419,420,419,270,25.143452437594533,search_exhausted,,,,o01_g0,446ef5d2:o1:d012:identity,0,1790592539000000000,2b9378b6d149694120d1e5e81d0ffdbd8a87a5610885066a6820d0b50b949a96,5146a3fe47cdb48de264d8bd0f857ece82656627ad69e1b2de94cb0cc929aec2
/workspace/arc2/active_runs/eval60_v5_vs_greedy_4worker_v1/tmp/446ef5d2/d012/o01_g0.json,04f05936a28ca2120d67c61f8cb77a733ca3682fdea7acd6b3956c369e4f6f38,5771494,446ef5d2,1,12,flip_ud,f5ccd7be7641425a56972860867e0af5d88faf5770b3976f31598f914bb7ffea,e5beec92c9992930f4d6b468db1806ee2f3b9224e13179af7d4e8bb5897148e0,INDEPENDENT_FAST_2_PER_GPU,FAST_PASS,fast3,,1,1,419,420,419,250,24.561281168833375,search_exhausted,,,,o01_g0,446ef5d2:o1:d012:flip_ud,1,1790592539000000000,82f982e789b972e118cc6f287db9b825844751e392c63235d309a80006c6647f,25dd39654d7ff799680d59277cbd971617946f049f4a2b42645ad262bcf9e81e
/workspace/arc2/active_runs/eval60_v5_vs_greedy_4worker_v1/tmp/446ef5d2/d012/o01_g1.json,407ed3c568b8d36d288f49d9ff5f7bda28494af99ac8f3a4944c6c178ea51e6d,7906602,446ef5d2,1,12,transpose,f5ccd7be7641425a56972860867e0af5d88faf5770b3976f31598f914bb7ffea,e5beec92c9992930f4d6b468db1806ee2f3b9224e13179af7d4e8bb5897148e0,INDEPENDENT_FAST_2_PER_GPU,FAST_PASS,fast0,,1,1,419,420,419,267,24.726855415850878,search_exhausted,,,,o01_g1,446ef5d2:o1:d012:transpose,0,1790592568000000000,0065b327ced0b8b255ddc353839d1742ccd3c478fb4cc8ce13a52132fa5e7023,4ab515d2a35326ec9771632acb4bdc7d2270c0226541bd59bccbd28ffcf0d2fa
/workspace/arc2/active_runs/eval60_v5_vs_greedy_4worker_v1/tmp/446ef5d2/d012/o01_g1.json,407ed3c568b8d36d288f49d9ff5f7bda28494af99ac8f3a4944c6c178ea51e6d,7906602,446ef5d2,1,12,anti_transpose,f5ccd7be7641425a56972860867e0af5d88faf5770b3976f31598f914bb7ffea,e5beec92c9992930f4d6b468db1806ee2f3b9224e13179af7d4e8bb5897148e0,INDEPENDENT_FAST_2_PER_GPU,FAST_PASS,fast2,,2,2,708,709,708,559,40.692889953032136,search_exhausted,,,,o01_g1,446ef5d2:o1:d012:anti_transpose,1,1790592568000000000,0a478d781e4c9d9bdb64aee065643a8a6702ece6325f6d1cbf3c5cc1b00ef080,54325308180c4e93cf3505b374127da20e2ddba7f7872ec3f167c0e590f4cda3
/workspace/arc2/active_runs/eval60_v5_vs_greedy_4worker_v1/tmp/446ef5d2/d024/o00_g0.json,07a446de602af9b42bd517080fc4b1ba79811a5fd0c87c573e75ab3017fda2e8,9531834,446ef5d2,0,24,identity,2dba44e925e3c2bcad2149864e5d42c01d891f9f9e1e2dd579193d6422261004,e5beec92c9992930f4d6b468db1806ee2f3b9224e13179af7d4e8bb5897148e0,INDEPENDENT_FAST_2_PER_GPU,FAST_PASS,fast3,,1,1,701,702,701,372,41.566406631842256,search_exhausted,,,,o00_g0,446ef5d2:o0:d024:identity,0,1790592609577301832,3160a6f350f39972ac49f7786a9d8f9e65c968744461425c8cffe3a750433b36,7d8b836dc17f5c688410ee2822ac5e2293fffaea338b297a49c6b556f5ee30dd
/workspace/arc2/active_runs/eval60_v5_vs_greedy_4worker_v1/tmp/446ef5d2/d024/o00_g0.json,07a446de602af9b42bd517080fc4b1ba79811a5fd0c87c573e75ab3017fda2e8,9531834,446ef5d2,0,24,flip_ud,2dba44e925e3c2bcad2149864e5d42c01d891f9f9e1e2dd579193d6422261004,e5beec92c9992930f4d6b468db1806ee2f3b9224e13179af7d4e8bb5897148e0,INDEPENDENT_FAST_2_PER_GPU,FAST_PASS,fast0,,1,1,701,702,701,391,42.71149138174951,search_exhausted,,,,o00_g0,446ef5d2:o0:d024:flip_ud,1,1790592609577301832,0987261b5bab461531415228cdfafd08dfea93575289ab0af7f3a62cb5053332,0d8451ed595e0cc526cdf27a587d5b4ae9bf1aa81fb5116bb340172206e4f5c7
/workspace/arc2/active_runs/eval60_v5_vs_greedy_4worker_v1/tmp/446ef5d2/d024/o00_g1.json,00a942556a34187aae4c52311e37c5dcfaaecaf7dd14a301b2047ef7bf0a2de4,9657960,446ef5d2,0,24,transpose,2dba44e925e3c2bcad2149864e5d42c01d891f9f9e1e2dd579193d6422261004,e5beec92c9992930f4d6b468db1806ee2f3b9224e13179af7d4e8bb5897148e0,INDEPENDENT_FAST_2_PER_GPU,FAST_PASS,fast2,,1,1,701,702,701,423,41.24417060241103,search_exhausted,,,,o00_g1,446ef5d2:o0:d024:transpose,0,1790592650000000000,6c96db17cd545d83999271c498d27232873e064c70339b9992efc57abb1eb86f,c8a3d556960679a600489ac4f19cfcb025a76c68572d14c992178d5171af5710
/workspace/arc2/active_runs/eval60_v5_vs_greedy_4worker_v1/tmp/446ef5d2/d024/o00_g1.json,00a942556a34187aae4c52311e37c5dcfaaecaf7dd14a301b2047ef7bf0a2de4,9657960,446ef5d2,0,24,anti_transpose,2dba44e925e3c2bcad2149864e5d42c01d891f9f9e1e2dd579193d6422261004,e5beec92c9992930f4d6b468db1806ee2f3b9224e13179af7d4e8bb5897148e0,INDEPENDENT_FAST_2_PER_GPU,FAST_PASS,fast3,,1,1,701,702,701,397,40.96419049985707,search_exhausted,,,,o00_g1,446ef5d2:o0:d024:anti_transpose,1,1790592650000000000,1d40e98f1d47a922f4e081c3f268c021e0f67038ac2ce4c95963800d3e352a83,02319c16b36a1ca390887178340d06dcb4f871a82f741622541e20334a344f67
/workspace/arc2/active_runs/eval60_v5_vs_greedy_4worker_v1/tmp/446ef5d2/d024/o01_g0.json,8fed8b366ce38e837f2ce78626e563a116fd8de22f07883442e594e7ef9e2bda,5796462,446ef5d2,1,24,identity,2dba44e925e3c2bcad2149864e5d42c01d891f9f9e1e2dd579193d6422261004,e5beec92c9992930f4d6b468db1806ee2f3b9224e13179af7d4e8bb5897148e0,INDEPENDENT_FAST_2_PER_GPU,FAST_PASS,fast0,,1,1,419,420,419,287,24.950340127572417,search_exhausted,,,,o01_g0,446ef5d2:o1:d024:identity,0,1790592636000000000,c7d95246a850acd522de4ed1295f648245ab88c5b91773f5a9c7e41e68e2ed3b,73045e6ee8333ad404873a14d6439bff0aa3402e6b54f3c1f7c6b564af429e75
/workspace/arc2/active_runs/eval60_v5_vs_greedy_4worker_v1/tmp/446ef5d2/d024/o01_g0.json,8fed8b366ce38e837f2ce78626e563a116fd8de22f07883442e594e7ef9e2bda,5796462,446ef5d2,1,24,flip_ud,2dba44e925e3c2bcad2149864e5d42c01d891f9f9e1e2dd579193d6422261004,e5beec92c9992930f4d6b468db1806ee2f3b9224e13179af7d4e8bb5897148e0,INDEPENDENT_FAST_2_PER_GPU,FAST_PASS,fast2,,1,1,419,420,419,308,24.405527215451002,search_exhausted,,,,o01_g0,446ef5d2:o1:d024:flip_ud,1,1790592636000000000,619221eab1ef42858fdcaada094a6756fdbd9f9ebe22a4854d0d9f439aec80bd,8caa1c17b0f5c490026405ac8cb671fc7ccaab2ee3eadff318392eb769a261b0
/workspace/arc2/active_runs/eval60_v5_vs_greedy_4worker_v1/tmp/446ef5d2/d024/o01_g1.json,e24abff7bf927bb978ec51d81eec7bfc22be257ec57669aafb2db9e1ac07ec9a,5755492,446ef5d2,1,24,transpose,2dba44e925e3c2bcad2149864e5d42c01d891f9f9e1e2dd579193d6422261004,e5beec92c9992930f4d6b468db1806ee2f3b9224e13179af7d4e8bb5897148e0,INDEPENDENT_FAST_2_PER_GPU,FAST_PASS,fast0,,1,1,419,420,419,259,24.691672110930085,search_exhausted,,,,o01_g1,446ef5d2:o1:d024:transpose,0,1790592661000000000,0c07ba5b9e2300337e9c091a1ceb0f725965e815b90bd9d674a1728060546655,8bf3b7bbdb7d4379572224dcef795f9bbf1531d5f5143793f2d12142a763ddc8
/workspace/arc2/active_runs/eval60_v5_vs_greedy_4worker_v1/tmp/446ef5d2/d024/o01_g1.json,e24abff7bf927bb978ec51d81eec7bfc22be257ec57669aafb2db9e1ac07ec9a,5755492,446ef5d2,1,24,anti_transpose,2dba44e925e3c2bcad2149864e5d42c01d891f9f9e1e2dd579193d6422261004,e5beec92c9992930f4d6b468db1806ee2f3b9224e13179af7d4e8bb5897148e0,INDEPENDENT_FAST_2_PER_GPU,FAST_PASS,fast2,,1,1,419,420,419,267,24.780052537098527,search_exhausted,,,,o01_g1,446ef5d2:o1:d024:anti_transpose,1,1790592661000000000,a5745017398b6121f1bf3856ede13953f2eb8b62c6a37ea30209a7effe06b603,4f55021992e3b85427e43ee8c73e741e6d4ffb9531696a00b551219b5a2cfe9c
/workspace/arc2/active_runs/eval60_v5_vs_greedy_4worker_v1/tmp/446ef5d2/d048/o00_g0.json,6474d9b706b115e5e04eb065007a8283d21fad90dd14d75a0fe69309180b8c8c,9174554,446ef5d2,0,48,identity,059e4138f236d3c8bd4849adef5abb58bc006d6d041137326da0ead0753b7c49,e5beec92c9992930f4d6b468db1806ee2f3b9224e13179af7d4e8bb5897148e0,INDEPENDENT_FAST_2_PER_GPU,FAST_PASS,fast3,,1,1,701,702,701,180,41.3701878413558,search_exhausted,,,,o00_g0,446ef5d2:o0:d048:identity,0,1790592710951261514,458a2f989fcbc2a1376b45a0987e44c35899219ece4147ce26479becd98396bb,56059b7c8b6f7baa4c8ef2440815c5430c98e49382d659593d8465b22af17b69
/workspace/arc2/active_runs/eval60_v5_vs_greedy_4worker_v1/tmp/446ef5d2/d048/o00_g0.json,6474d9b706b115e5e04eb065007a8283d21fad90dd14d75a0fe69309180b8c8c,9174554,446ef5d2,0,48,flip_ud,059e4138f236d3c8bd4849adef5abb58bc006d6d041137326da0ead0753b7c49,e5beec92c9992930f4d6b468db1806ee2f3b9224e13179af7d4e8bb5897148e0,INDEPENDENT_FAST_2_PER_GPU,FAST_PASS,fast0,,1,1,701,702,701,181,42.192065907642245,search_exhausted,,,,o00_g0,446ef5d2:o0:d048:flip_ud,1,1790592710951261514,b92a1c17624f748b8d9882ef89d531c3dcabbadc8eeaf8ea5d1a8545e6f35eb4,233dc26c9eeb86e61fa56e5dc9ccd0c32031c91b98eb86f768c555279a580182
/workspace/arc2/active_runs/eval60_v5_vs_greedy_4worker_v1/tmp/446ef5d2/d048/o00_g1.json,f0135b30ae6e4601193360e6b6dc3049b85233139d4100b2b70867c392bd0ea7,9437967,446ef5d2,0,48,transpose,059e4138f236d3c8bd4849adef5abb58bc006d6d041137326da0ead0753b7c49,e5beec92c9992930f4d6b468db1806ee2f3b9224e13179af7d4e8bb5897148e0,INDEPENDENT_FAST_2_PER_GPU,FAST_PASS,fast2,,1,1,701,702,701,342,40.818318985402584,search_exhausted,,,,o00_g1,446ef5d2:o0:d048:transpose,0,1790592751000000000,95437472d8e82db913e92a13d1c1cbf32f1a0fca980e7dca37ca79fa96b9a2c2,2125b80a8a8565e554e309ff8834ec33246fcc2131b38159efd05701bd63531f
/workspace/arc2/active_runs/eval60_v5_vs_greedy_4worker_v1/tmp/446ef5d2/d048/o00_g1.json,f0135b30ae6e4601193360e6b6dc3049b85233139d4100b2b70867c392bd0ea7,9437967,446ef5d2,0,48,anti_transpose,059e4138f236d3c8bd4849adef5abb58bc006d6d041137326da0ead0753b7c49,e5beec92c9992930f4d6b468db1806ee2f3b9224e13179af7d4e8bb5897148e0,INDEPENDENT_FAST_2_PER_GPU,FAST_PASS,fast3,,1,1,701,702,701,267,40.91449295170605,search_exhausted,,,,o00_g1,446ef5d2:o0:d048:anti_transpose,1,1790592751000000000,8ec88a5f016aed5ac410102bbf8f8c8d70e4e1a1e5cdeb3258bca8f3fd08c842,2c3a94d02cba6936a88287d1eef04bcbad141113f965be62eb303897e25cb3d1
/workspace/arc2/active_runs/eval60_v5_vs_greedy_4worker_v1/tmp/446ef5d2/d048/o01_g0.json,cba42022626f3f3488f979938f8de279e92198774dcbf947377a422e82c95cf8,5714848,446ef5d2,1,48,identity,059e4138f236d3c8bd4849adef5abb58bc006d6d041137326da0ead0753b7c49,e5beec92c9992930f4d6b468db1806ee2f3b9224e13179af7d4e8bb5897148e0,INDEPENDENT_FAST_2_PER_GPU,FAST_PASS,fast2,,1,1,419,420,419,267,24.844666078686714,search_exhausted,,,,o01_g0,446ef5d2:o1:d048:identity,0,1790592737000000000,660e7e9d80ff8f3b84f80fb0f448cb22268c8bb6fc5c32a6f132ee6a5e6f81ad,61e7801e10082573f631a8d17a635a63b8a62b695535c26a9d445cc2d54a4152
/workspace/arc2/active_runs/eval60_v5_vs_greedy_4worker_v1/tmp/446ef5d2/d048/o01_g0.json,cba42022626f3f3488f979938f8de279e92198774dcbf947377a422e82c95cf8,5714848,446ef5d2,1,48,flip_ud,059e4138f236d3c8bd4849adef5abb58bc006d6d041137326da0ead0753b7c49,e5beec92c9992930f4d6b468db1806ee2f3b9224e13179af7d4e8bb5897148e0,INDEPENDENT_FAST_2_PER_GPU,FAST_PASS,fast0,,1,1,419,420,419,266,25.602032063528895,search_exhausted,,,,o01_g0,446ef5d2:o1:d048:flip_ud,1,1790592737000000000,a60a732a471c4cc11ed262e7970897f413840cd8588cada84247546aa083a46a,2a6740007cbaae52b83a5bf36e3fe61c25bb3b880ad4508f01a75256b868c743
/workspace/arc2/active_runs/eval60_v5_vs_greedy_4worker_v1/tmp/446ef5d2/d048/o01_g1.json,a9441911715d3f00416d03983b5dea26fbc40a59608b363a9d4b26360609a7b3,7397297,446ef5d2,1,48,transpose,059e4138f236d3c8bd4849adef5abb58bc006d6d041137326da0ead0753b7c49,e5beec92c9992930f4d6b468db1806ee2f3b9224e13179af7d4e8bb5897148e0,INDEPENDENT_FAST_2_PER_GPU,FAST_PASS,fast2,,2,2,684,685,684,302,39.780294466763735,search_exhausted,,,,o01_g1,446ef5d2:o1:d048:transpose,0,1790592776000000000,ec4627f7913ec03af54ddf2fcb3ff4b46e04cafc53543e780225c7801e8d04e9,7aec9a4e2d1df42dafeca8bab505dbc861a37f4df6036f95bdc7399704799577
/workspace/arc2/active_runs/eval60_v5_vs_greedy_4worker_v1/tmp/446ef5d2/d048/o01_g1.json,a9441911715d3f00416d03983b5dea26fbc40a59608b363a9d4b26360609a7b3,7397297,446ef5d2,1,48,anti_transpose,059e4138f236d3c8bd4849adef5abb58bc006d6d041137326da0ead0753b7c49,e5beec92c9992930f4d6b468db1806ee2f3b9224e13179af7d4e8bb5897148e0,INDEPENDENT_FAST_2_PER_GPU,FAST_PASS,fast0,,1,1,419,420,419,224,25.20948215201497,search_exhausted,,,,o01_g1,446ef5d2:o1:d048:anti_transpose,1,1790592776000000000,defca5322dd2f43da4bf01bb896ba6c3ffc02e0b0019acf79311e352571cc51a,b2d95221001ad532a7510c72ed9331323481dd7c3b9dded58b0781dd80f366f8
/workspace/arc2/active_runs/eval60_v5_vs_greedy_4worker_v1/tmp/45a5af55/d012/o00_g0.json,ebbe096531dfa277e7ad0dafaa26dd79f41faa70c2d2a1ad80a4dfb3b066ceda,8606250,45a5af55,0,12,identity,5ed1045c4cfd4f69e73403f1a146fe3afc28d5f83276f63092ae6039c616a205,e5beec92c9992930f4d6b468db1806ee2f3b9224e13179af7d4e8bb5897148e0,INDEPENDENT_FAST_2_PER_GPU,FAST_PASS,fast0,,1,1,701,702,701,0,41.10373746231198,search_exhausted,,,,o00_g0,45a5af55:o0:d012:identity,0,1790584213321432323,65aed7d358107cb47d4e61d0ea4ae752e0726addec315c3c58bbbd228fe4bf61,e1bae5cb63c27f4b1072f2054092ecaba3100f10799eec4b6a680e59f89cc288
/workspace/arc2/active_runs/eval60_v5_vs_greedy_4worker_v1/tmp/45a5af55/d012/o00_g0.json,ebbe096531dfa277e7ad0dafaa26dd79f41faa70c2d2a1ad80a4dfb3b066ceda,8606250,45a5af55,0,12,flip_ud,5ed1045c4cfd4f69e73403f1a146fe3afc28d5f83276f63092ae6039c616a205,e5beec92c9992930f4d6b468db1806ee2f3b9224e13179af7d4e8bb5897148e0,INDEPENDENT_FAST_2_PER_GPU,FAST_PASS,fast3,,1,1,701,702,701,0,42.401479948312044,search_exhausted,,,,o00_g0,45a5af55:o0:d012:flip_ud,1,1790584213321432323,18b25f627e4cd369490abcf7973b39488b5e3dbe10da225420d2cfaca2a8aa9c,09e24bf293c36470a936e193ed4db3ead8e576fc4358c5c909cf6d0bf73f26d8
/workspace/arc2/active_runs/eval60_v5_vs_greedy_4worker_v1/tmp/45a5af55/d012/o00_g1.json,5a4306536b53e741db77203ddcd5cd3e2dd59ceb47ab88b4a058376287647a82,8684631,45a5af55,0,12,transpose,5ed1045c4cfd4f69e73403f1a146fe3afc28d5f83276f63092ae6039c616a205,e5beec92c9992930f4d6b468db1806ee2f3b9224e13179af7d4e8bb5897148e0,INDEPENDENT_FAST_2_PER_GPU,FAST_PASS,fast2,,1,1,701,702,701,0,42.018129309639335,search_exhausted,,,,o00_g1,45a5af55:o0:d012:transpose,0,1790584273000000000,c3149e54be0772e00dadda395aa371bc32fa73578462b280b90346bb2905e4da,7843f4639f469eb681a1af06e6a7a71cda8c0af3fd1d5b2c941c0c28a1eeec15
/workspace/arc2/active_runs/eval60_v5_vs_greedy_4worker_v1/tmp/45a5af55/d012/o00_g1.json,5a4306536b53e741db77203ddcd5cd3e2dd59ceb47ab88b4a058376287647a82,8684631,45a5af55,0,12,anti_transpose,5ed1045c4cfd4f69e73403f1a146fe3afc28d5f83276f63092ae6039c616a205,e5beec92c9992930f4d6b468db1806ee2f3b9224e13179af7d4e8bb5897148e0,INDEPENDENT_FAST_2_PER_GPU,FAST_PASS,fast1,,1,1,701,702,701,0,40.63041864335537,search_exhausted,,,,o00_g1,45a5af55:o0:d012:anti_transpose,1,1790584273000000000,691dda2035802b94f57877fd449b7fe0c074d5f0da0758d01015ab6ad54071b1,2dadee4bba2795c007ca221474b5429be3a985ea7c3d6d62d024567ee82511a7
/workspace/arc2/active_runs/eval60_v5_vs_greedy_4worker_v1/tmp/45a5af55/d024/o00_g0.json,f50677cb203eb372d6dae6ce59f1914741e15323f9e204fc695aa89ff6dd7460,6226202,45a5af55,0,24,identity,1b4c6ed7fdec5d764779f148a380e055ff06c290bf989299076f21b17480b13b,e5beec92c9992930f4d6b468db1806ee2f3b9224e13179af7d4e8bb5897148e0,INDEPENDENT_FAST_2_PER_GPU,FAST_PASS,fast0,,1,1,505,506,505,0,30.7433540802449,search_exhausted,,,,o00_g0,45a5af55:o0:d024:identity,0,1790584269515470346,463dea8783f5b4a462dbff814e28e1be4431458b2f54c3b76c58118ed6b510e5,bb913f7d64dc0aa805f40135b7553f398d919ca6c1655292cab531fb8ec10446
/workspace/arc2/active_runs/eval60_v5_vs_greedy_4worker_v1/tmp/45a5af55/d024/o00_g0.json,f50677cb203eb372d6dae6ce59f1914741e15323f9e204fc695aa89ff6dd7460,6226202,45a5af55,0,24,flip_ud,1b4c6ed7fdec5d764779f148a380e055ff06c290bf989299076f21b17480b13b,e5beec92c9992930f4d6b468db1806ee2f3b9224e13179af7d4e8bb5897148e0,INDEPENDENT_FAST_2_PER_GPU,FAST_PASS,fast3,,1,1,505,506,505,0,30.38671136647463,search_exhausted,,,,o00_g0,45a5af55:o0:d024:flip_ud,1,1790584269515470346,3b6186d38d88d71350cc1c0e2957a42e09fdf69ec173216ce6b8461734206ad9,d2c4a44ba38f0e46c4f1da13ffcd49b580ae97aa43b70b7b2783a8ff5c218d9a
/workspace/arc2/active_runs/eval60_v5_vs_greedy_4worker_v1/tmp/45a5af55/d024/o00_g1.json,1b64d2996e75a9826333aad3090f3017d223ec8a565072554e87491cdae37135,8692537,45a5af55,0,24,transpose,1b4c6ed7fdec5d764779f148a380e055ff06c290bf989299076f21b17480b13b,e5beec92c9992930f4d6b468db1806ee2f3b9224e13179af7d4e8bb5897148e0,INDEPENDENT_FAST_2_PER_GPU,FAST_PASS,fast2,,1,1,701,702,701,0,41.40810618363321,search_exhausted,,,,o00_g1,45a5af55:o0:d024:transpose,0,1790584313000000000,8333f7b0ff41aa31f4a6dfa82aefc2fefff115b095165c8640a90a060dfa079b,d7713187e966eeb703224bbbba0c7560f22315f8e501d4289928bd804b422afc
/workspace/arc2/active_runs/eval60_v5_vs_greedy_4worker_v1/tmp/45a5af55/d024/o00_g1.json,1b64d2996e75a9826333aad3090f3017d223ec8a565072554e87491cdae37135,8692537,45a5af55,0,24,anti_transpose,1b4c6ed7fdec5d764779f148a380e055ff06c290bf989299076f21b17480b13b,e5beec92c9992930f4d6b468db1806ee2f3b9224e13179af7d4e8bb5897148e0,INDEPENDENT_FAST_2_PER_GPU,FAST_PASS,fast3,,1,1,701,702,701,0,42.49974770843983,search_exhausted,,,,o00_g1,45a5af55:o0:d024:anti_transpose,1,1790584313000000000,df66040d4756096271192ceb3d8f70aa802d0586fcdc6ec2416cde4cf0b3a18e,92e74c7fb92ce33f945a66dc491733d7956c247a4ec78463519d0c939eb2d4d6
/workspace/arc2/active_runs/eval60_v5_vs_greedy_4worker_v1/tmp/45a5af55/d048/o00_g0.json,e9201626a18f540cc2815d72b2ff1438897c5673c93588dd384e71aa45f8c4a0,6224971,45a5af55,0,48,identity,7e5b9c0694cc6b89feb57f1e421a5dc503011c739bf5dc8654f7c1c190c16179,e5beec92c9992930f4d6b468db1806ee2f3b9224e13179af7d4e8bb5897148e0,INDEPENDENT_FAST_2_PER_GPU,FAST_PASS,fast0,,1,1,505,506,505,0,29.79774366877973,search_exhausted,,,,o00_g0,45a5af55:o0:d048:identity,0,1790584352858150270,1e277425e560cb816b6cc7325cbcf23dfba870443bad6be1996bf0bf96cb49db,af0a86173502c192bd31d7da83b660687c3e8134e0013f05dab850012cd74ec3
/workspace/arc2/active_runs/eval60_v5_vs_greedy_4worker_v1/tmp/45a5af55/d048/o00_g0.json,e9201626a18f540cc2815d72b2ff1438897c5673c93588dd384e71aa45f8c4a0,6224971,45a5af55,0,48,flip_ud,7e5b9c0694cc6b89feb57f1e421a5dc503011c739bf5dc8654f7c1c190c16179,e5beec92c9992930f4d6b468db1806ee2f3b9224e13179af7d4e8bb5897148e0,INDEPENDENT_FAST_2_PER_GPU,FAST_PASS,fast0,,1,1,505,506,505,0,29.477133955806494,search_exhausted,,,,o00_g0,45a5af55:o0:d048:flip_ud,1,1790584352858150270,cce0592384238a75d1860d44497daef1478b69924134300ce123414c495fc7e1,6c7b0e236be6392f16b91949c417e504ec0901a09cdfc091bde390bc89cb8e4d
/workspace/arc2/active_runs/eval60_v5_vs_greedy_4worker_v1/tmp/45a5af55/d048/o00_g1.json,6d52975c75807f8aea2861830a0832fc52a5d1a65ee396a53a09b33e336f8994,8688233,45a5af55,0,48,transpose,7e5b9c0694cc6b89feb57f1e421a5dc503011c739bf5dc8654f7c1c190c16179,e5beec92c9992930f4d6b468db1806ee2f3b9224e13179af7d4e8bb5897148e0,INDEPENDENT_FAST_2_PER_GPU,FAST_PASS,fast2,,1,1,701,702,701,0,41.644541416317225,search_exhausted,,,,o00_g1,45a5af55:o0:d048:transpose,0,1790584358000000000,f927f4e47e19804a847ed0fd8028b450bc70459f0f29a2f1b12f0357db999ec6,8afb3756c7bccea21c64ba53db9c7a364f71a7f7cac22b1aac73e78bfc1f63b4
/workspace/arc2/active_runs/eval60_v5_vs_greedy_4worker_v1/tmp/45a5af55/d048/o00_g1.json,6d52975c75807f8aea2861830a0832fc52a5d1a65ee396a53a09b33e336f8994,8688233,45a5af55,0,48,anti_transpose,7e5b9c0694cc6b89feb57f1e421a5dc503011c739bf5dc8654f7c1c190c16179,e5beec92c9992930f4d6b468db1806ee2f3b9224e13179af7d4e8bb5897148e0,INDEPENDENT_FAST_2_PER_GPU,FAST_PASS,fast3,,1,1,701,702,701,0,41.982534335926175,search_exhausted,,,,o00_g1,45a5af55:o0:d048:anti_transpose,1,1790584358000000000,a66e116f11dd124136b2fa982ff01d8908c7cb35f38679aefb5a4a1db20641a6,5a27eb738895b582370de5ec5204d334bc5cc44eb456376361292a6679df8209
/workspace/arc2/active_runs/eval60_v5_vs_greedy_4worker_v1/tmp/4c3d4a41/d024/o00_g0.json,2cf51b8967d0e9a7bca0cb9fe4284ba67d5e79f947ed71bac580bc9ec2816359,3097052,4c3d4a41,0,24,identity,69652d32a10febfa447ee9755acaab8e210feedc813ecceff9663d5432e0460d,e5beec92c9992930f4d6b468db1806ee2f3b9224e13179af7d4e8bb5897148e0,,UNKNOWN,fast2,,2,2,281,282,281,0,8.127164642326534,search_exhausted,,,,o00_g0,4c3d4a41:o0:d024:identity,0,1790579896473248391,54f12310e6879ba0dce32c923648964d43cc850cc9d40a252b81d8369e1cef7f,698d9c6230004357ee052968f7fdeb18f12fb79c33e322118d5caa6edd54b4a9
/workspace/arc2/active_runs/eval60_v5_vs_greedy_4worker_v1/tmp/4c3d4a41/d024/o00_g0.json,2cf51b8967d0e9a7bca0cb9fe4284ba67d5e79f947ed71bac580bc9ec2816359,3097052,4c3d4a41,0,24,flip_ud,69652d32a10febfa447ee9755acaab8e210feedc813ecceff9663d5432e0460d,e5beec92c9992930f4d6b468db1806ee2f3b9224e13179af7d4e8bb5897148e0,,UNKNOWN,fast2,,2,2,280,282,280,114,8.127164642326534,search_exhausted,,,,o00_g0,4c3d4a41:o0:d024:flip_ud,1,1790579896473248391,b0d581c4829413f37cc5596e3d030c7d6315cfa3fe50e7f7c29d73122733c6c9,943d6ed1a0e3d06a6de92ad01cd75856cfe0d732eca6a4c6edb45d48cc20b2a4
/workspace/arc2/active_runs/eval60_v5_vs_greedy_4worker_v1/tmp/4c3d4a41/d024/o00_g1.json,815cd5d3a318b13875a34f14c4c66b2bf95d60068fcf4d53e29cd9a993c0b4d9,1904260,4c3d4a41,0,24,transpose,69652d32a10febfa447ee9755acaab8e210feedc813ecceff9663d5432e0460d,e5beec92c9992930f4d6b468db1806ee2f3b9224e13179af7d4e8bb5897148e0,,UNKNOWN,fast0,,1,1,179,180,179,0,5.1860461961477995,search_exhausted,,,,o00_g1,4c3d4a41:o0:d024:transpose,0,1790579890536392335,1c6dd84a9a3cb91651a0e007bd7bcbcc99f9ab84c44f224fa79029c8f87f827e,ae150d05d09a415b0c77220d944ff22496fe1c0bf662d9624f114be0168cec9f
/workspace/arc2/active_runs/eval60_v5_vs_greedy_4worker_v1/tmp/4c3d4a41/d024/o00_g1.json,815cd5d3a318b13875a34f14c4c66b2bf95d60068fcf4d53e29cd9a993c0b4d9,1904260,4c3d4a41,0,24,anti_transpose,69652d32a10febfa447ee9755acaab8e210feedc813ecceff9663d5432e0460d,e5beec92c9992930f4d6b468db1806ee2f3b9224e13179af7d4e8bb5897148e0,,UNKNOWN,fast0,,1,1,179,180,179,0,5.1860461961477995,search_exhausted,,,,o00_g1,4c3d4a41:o0:d024:anti_transpose,1,1790579890536392335,ae690743bf60219fb9534534a9bcec5778e9c5b83c7d3a8d2cb29dcccb2ac127,4bb6cb1ae1a0b44c63662a138c7cb2442bd0f607bb0387a0d800c70c60f1ba6f
/workspace/arc2/active_runs/eval60_v5_vs_greedy_4worker_v1/tmp/4c3d4a41/d024/o01_g0.json,0083d70d648b618de7bbce01b013cf4b35eb52464a83b7aadbaa0672eb0a9fc9,2055458,4c3d4a41,1,24,identity,69652d32a10febfa447ee9755acaab8e210feedc813ecceff9663d5432e0460d,e5beec92c9992930f4d6b468db1806ee2f3b9224e13179af7d4e8bb5897148e0,INDEPENDENT_FAST_2_PER_GPU,FAST_PASS,fast3,,1,1,167,168,167,0,11.139258336275816,search_exhausted,,,,o01_g0,4c3d4a41:o1:d024:identity,0,1790588354559202134,922d8e4f2f283bba68343f5dbfbf4567dee65f0a42eab74164b91d197524fd59,4706303ab29d72acb2c57b25f9c794a0b98dd40eb71c05fadeb9ca585da1fccc
/workspace/arc2/active_runs/eval60_v5_vs_greedy_4worker_v1/tmp/4c3d4a41/d024/o01_g0.json,0083d70d648b618de7bbce01b013cf4b35eb52464a83b7aadbaa0672eb0a9fc9,2055458,4c3d4a41,1,24,flip_ud,69652d32a10febfa447ee9755acaab8e210feedc813ecceff9663d5432e0460d,e5beec92c9992930f4d6b468db1806ee2f3b9224e13179af7d4e8bb5897148e0,INDEPENDENT_FAST_2_PER_GPU,FAST_PASS,fast1,,1,1,167,168,167,0,10.86299286969006,search_exhausted,,,,o01_g0,4c3d4a41:o1:d024:flip_ud,1,1790588354559202134,c90d7ec01d54f213c3b05a8985c85c51185354fe1699582cb8df78f819bf1cb8,bbee51e955b0a679ec6af74eb4916096cfc561be3919cfecf6371a5a83eacc12
/workspace/arc2/active_runs/eval60_v5_vs_greedy_4worker_v1/tmp/4c3d4a41/d024/o01_g1.json,78f499d70f3ab567e8c7225818036373a6263b5d1f9a249749bfdff0d87758aa,2213483,4c3d4a41,1,24,transpose,69652d32a10febfa447ee9755acaab8e210feedc813ecceff9663d5432e0460d,e5beec92c9992930f4d6b468db1806ee2f3b9224e13179af7d4e8bb5897148e0,INDEPENDENT_FAST_2_PER_GPU,FAST_PASS,fast1,,1,1,179,180,179,0,10.541367743164301,search_exhausted,,,,o01_g1,4c3d4a41:o1:d024:transpose,0,1790588354479104206,50e058f4fa7bf4b6f816c3b738bd84d25ae03e9d2f1e5c0fc711d63d4bcec951,aab8da12ca450e0b79c6b2f0c17551057b494072f0646c15bb961c7c02aaa917
/workspace/arc2/active_runs/eval60_v5_vs_greedy_4worker_v1/tmp/4c3d4a41/d024/o01_g1.json,78f499d70f3ab567e8c7225818036373a6263b5d1f9a249749bfdff0d87758aa,2213483,4c3d4a41,1,24,anti_transpose,69652d32a10febfa447ee9755acaab8e210feedc813ecceff9663d5432e0460d,e5beec92c9992930f4d6b468db1806ee2f3b9224e13179af7d4e8bb5897148e0,INDEPENDENT_FAST_2_PER_GPU,FAST_PASS,fast3,,1,1,179,180,179,0,10.735127346590161,search_exhausted,,,,o01_g1,4c3d4a41:o1:d024:anti_transpose,1,1790588354479104206,d35ff1efa05d07487686ee45c7e916f63674af4df612cb52d39817cffb0e83e3,f1d81d6b953c6bb3266a110eb416af5ba1e90b877f52350973ab2086a606728d
/workspace/arc2/active_runs/eval60_v5_vs_greedy_4worker_v1/tmp/4c3d4a41/d048/o00_g0.json,4138444164810588ff59789289d6decab4258b016cc8aca6111c90ff84e94668,2072455,4c3d4a41,0,48,identity,1b53dce7723a300a96b655207f3e8d3d581ff8b86a628a71b41ba5ae1dd0425a,e5beec92c9992930f4d6b468db1806ee2f3b9224e13179af7d4e8bb5897148e0,INDEPENDENT_FAST_2_PER_GPU,FAST_PASS,fast2,,1,1,167,168,167,0,9.928306352347136,search_exhausted,,,,o00_g0,4c3d4a41:o0:d048:identity,0,1790583072434392670,f928511345ec62821e6fe4ac7ab8ffa4746311b2fd717f302729fc196e787274,3159c35bceebad400b31e05557b9900a20c0c11f516acb70f10199c91dd7ed76
/workspace/arc2/active_runs/eval60_v5_vs_greedy_4worker_v1/tmp/4c3d4a41/d048/o00_g0.json,4138444164810588ff59789289d6decab4258b016cc8aca6111c90ff84e94668,2072455,4c3d4a41,0,48,flip_ud,1b53dce7723a300a96b655207f3e8d3d581ff8b86a628a71b41ba5ae1dd0425a,e5beec92c9992930f4d6b468db1806ee2f3b9224e13179af7d4e8bb5897148e0,INDEPENDENT_FAST_2_PER_GPU,FAST_PASS,fast3,,1,1,167,168,167,0,10.164838837459683,search_exhausted,,,,o00_g0,4c3d4a41:o0:d048:flip_ud,1,1790583072434392670,eb7630235d5f582a58ff6a98f803652f1a4fac1fcf4b8fd406a94d1b57dd8709,bd0ea52d928c417af3e0d9a7c8bc8e4d878433aa1f642c53091d5de063a80fa7
/workspace/arc2/active_runs/eval60_v5_vs_greedy_4worker_v1/tmp/4c3d4a41/d048/o00_g1.json,ae7ab5fcef207f9e23c3e0d93ab6a92b65b7b6c5773ae14e71811d506363aa9f,2588842,4c3d4a41,0,48,transpose,1b53dce7723a300a96b655207f3e8d3d581ff8b86a628a71b41ba5ae1dd0425a,e5beec92c9992930f4d6b468db1806ee2f3b9224e13179af7d4e8bb5897148e0,INDEPENDENT_FAST_2_PER_GPU,FAST_PASS,fast1,,2,2,238,239,238,0,13.858384352177382,search_exhausted,,,,o00_g1,4c3d4a41:o0:d048:transpose,0,1790583085034414249,d5ea41311d545fcf3888090377e5ece889dcb57b355216aad37e72f19cbef368,0ab9366d31a93f9f3a48652638577f9d2df6791beebe983a5733f4efe485a1ea
/workspace/arc2/active_runs/eval60_v5_vs_greedy_4worker_v1/tmp/4c3d4a41/d048/o00_g1.json,ae7ab5fcef207f9e23c3e0d93ab6a92b65b7b6c5773ae14e71811d506363aa9f,2588842,4c3d4a41,0,48,anti_transpose,1b53dce7723a300a96b655207f3e8d3d581ff8b86a628a71b41ba5ae1dd0425a,e5beec92c9992930f4d6b468db1806ee2f3b9224e13179af7d4e8bb5897148e0,INDEPENDENT_FAST_2_PER_GPU,FAST_PASS,fast0,,1,1,179,180,179,0,11.162322897464037,search_exhausted,,,,o00_g1,4c3d4a41:o0:d048:anti_transpose,1,1790583085034414249,03825f8678f5390ec6bd65e2c2a10311239d6f851c7b53df4ba533974f02746d,f6f3b7fac24d6e7dff80bfd5db006205b7398fffb3345dcb70f5ee7b75cf17ae
/workspace/arc2/active_runs/eval60_v5_vs_greedy_4worker_v1/tmp/4c3d4a41/d048/o01_g0.json,a04570d16dbe0abf779f6bbc5c0326189863ac80c8f9287f6e590c75ac574b5e,2077108,4c3d4a41,1,48,identity,1b53dce7723a300a96b655207f3e8d3d581ff8b86a628a71b41ba5ae1dd0425a,e5beec92c9992930f4d6b468db1806ee2f3b9224e13179af7d4e8bb5897148e0,INDEPENDENT_FAST_2_PER_GPU,FAST_PASS,fast2,,1,1,167,168,167,0,9.808952398598194,search_exhausted,,,,o01_g0,4c3d4a41:o1:d048:identity,0,1790583082976038589,743c6b472dc61deb3f75f40e2ff027e11dbc0255ab90691613862a09a76854d9,1359b69253839351edbbe52e5e2409ac6db4e63a01e2b09d9bc657e0acb27de9
/workspace/arc2/active_runs/eval60_v5_vs_greedy_4worker_v1/tmp/4c3d4a41/d048/o01_g0.json,a04570d16dbe0abf779f6bbc5c0326189863ac80c8f9287f6e590c75ac574b5e,2077108,4c3d4a41,1,48,flip_ud,1b53dce7723a300a96b655207f3e8d3d581ff8b86a628a71b41ba5ae1dd0425a,e5beec92c9992930f4d6b468db1806ee2f3b9224e13179af7d4e8bb5897148e0,INDEPENDENT_FAST_2_PER_GPU,FAST_PASS,fast3,,1,1,167,168,167,0,10.06784937158227,search_exhausted,,,,o01_g0,4c3d4a41:o1:d048:flip_ud,1,1790583082976038589,628babc91eaa84c0d35fa5824cd42749993e58063bf9cf4519e89d7b06a10376,8993dea047baf8de7c09cfd0ec1bad350b4b80a078b23d4c0dff254b6afc3d00
/workspace/arc2/active_runs/eval60_v5_vs_greedy_4worker_v1/tmp/4c3d4a41/d048/o01_g1.json,2fba2cb811ca660d8aeb4e89ae9f193e671cd02dab85453b75139948329e077b,2364225,4c3d4a41,1,48,transpose,1b53dce7723a300a96b655207f3e8d3d581ff8b86a628a71b41ba5ae1dd0425a,e5beec92c9992930f4d6b468db1806ee2f3b9224e13179af7d4e8bb5897148e0,INDEPENDENT_FAST_2_PER_GPU,FAST_PASS,fast1,,2,2,202,203,202,0,11.7820592392236,search_exhausted,,,,o01_g1,4c3d4a41:o1:d048:transpose,0,1790583093369565387,e3d3e1c960ab8c202770ac825ee420c7c91fa0e59a3e51fdf18876b8b165cacf,ba8eb9bc9a986c27864f16f49c7f4733ddeeb7f17ae68dbea300890a19797446
/workspace/arc2/active_runs/eval60_v5_vs_greedy_4worker_v1/tmp/4c3d4a41/d048/o01_g1.json,2fba2cb811ca660d8aeb4e89ae9f193e671cd02dab85453b75139948329e077b,2364225,4c3d4a41,1,48,anti_transpose,1b53dce7723a300a96b655207f3e8d3d581ff8b86a628a71b41ba5ae1dd0425a,e5beec92c9992930f4d6b468db1806ee2f3b9224e13179af7d4e8bb5897148e0,INDEPENDENT_FAST_2_PER_GPU,FAST_PASS,fast2,,1,1,179,180,179,0,10.44662694260478,search_exhausted,,,,o01_g1,4c3d4a41:o1:d048:anti_transpose,1,1790583093369565387,96fac8b867c3b15dbc8706e73929569c6949d890c4b1e3ddaf431d1611a2d870,544389bf2882e3f8aaaaa2a1f891521bf8790af1138047cd638471a59146361a
/workspace/arc2/active_runs/eval60_v5_vs_greedy_4worker_v1/tmp/4e34c42c/d012/o00_g0.json,b28d038e74ea5912fe7160c83064ea31496b7ea84925a650c1d8d942f17d7ec6,20003858,4e34c42c,0,12,identity,eb4b86cb8cbcdca780cf3bd4c5efd8a837bd4ed5a23b575dac77a0bb3e7d03e5,e5beec92c9992930f4d6b468db1806ee2f3b9224e13179af7d4e8bb5897148e0,INDEPENDENT_SINGLE_PER_GPU_REPAIR,HEAVY_REPAIR,heavy0_serial,,2,2,1858,1859,1858,1845,109.63815300911665,search_exhausted,,,,o00_g0,4e34c42c:o0:d012:identity,0,1790603040000000000,a41635976554423a0218c879e366d1466af93270c2a18ccdaa82389bd830ad19,2ccd672949de1987f571d7213b0d27bb80659f9aab8ca102a2e7fb3abaecb807
/workspace/arc2/active_runs/eval60_v5_vs_greedy_4worker_v1/tmp/4e34c42c/d012/o00_g0.json,b28d038e74ea5912fe7160c83064ea31496b7ea84925a650c1d8d942f17d7ec6,20003858,4e34c42c,0,12,flip_ud,eb4b86cb8cbcdca780cf3bd4c5efd8a837bd4ed5a23b575dac77a0bb3e7d03e5,e5beec92c9992930f4d6b468db1806ee2f3b9224e13179af7d4e8bb5897148e0,INDEPENDENT_FAST_2_PER_GPU,FAST_PASS,fast0,,1,1,929,930,929,915,55.01633512042463,search_exhausted,,,,o00_g0,4e34c42c:o0:d012:flip_ud,1,1790603040000000000,2a646516bc9d702726e3e8673532681e02f92096b981dd45c1307b4444bcbdb6,7c195697475885685955e186d73245732bbdba2acfde9b841d775f0d01b3dee5
/workspace/arc2/active_runs/eval60_v5_vs_greedy_4worker_v1/tmp/4e34c42c/d012/o00_g1.json,4ec366cc990d7fe83bbf2a0750c73f61e55ed38f08546a405f837c78942f451e,13417229,4e34c42c,0,12,transpose,eb4b86cb8cbcdca780cf3bd4c5efd8a837bd4ed5a23b575dac77a0bb3e7d03e5,e5beec92c9992930f4d6b468db1806ee2f3b9224e13179af7d4e8bb5897148e0,INDEPENDENT_FAST_2_PER_GPU,FAST_PASS,fast3,,1,1,929,930,929,913,54.83088559098542,search_exhausted,,,,o00_g1,4e34c42c:o0:d012:transpose,0,1790603095000000000,35bdee44324ace568e01d68512d339b5f141c3679903ca6549db944b317bee9b,fa69c4bbf37b7116ef5f0f4c3aaeec5d76622b6ce677525f45945b5002dd42ca
/workspace/arc2/active_runs/eval60_v5_vs_greedy_4worker_v1/tmp/4e34c42c/d012/o00_g1.json,4ec366cc990d7fe83bbf2a0750c73f61e55ed38f08546a405f837c78942f451e,13417229,4e34c42c,0,12,anti_transpose,eb4b86cb8cbcdca780cf3bd4c5efd8a837bd4ed5a23b575dac77a0bb3e7d03e5,e5beec92c9992930f4d6b468db1806ee2f3b9224e13179af7d4e8bb5897148e0,INDEPENDENT_SINGLE_PER_GPU_REPAIR,HEAVY_REPAIR,heavy0_serial,,1,1,929,930,929,917,54.69987184368074,search_exhausted,,,,o00_g1,4e34c42c:o0:d012:anti_transpose,1,1790603095000000000,2b82b9013512db2837cb212d336d989d376357e1469a1d00eed02b44105c6b5e,74fa4b3991205a0b9174d3c8b8d71bd04ef58161917a461902c90af1caec8fc0
/workspace/arc2/active_runs/eval60_v5_vs_greedy_4worker_v1/tmp/4e34c42c/d012/o01_g0.json,33f564ea6a5dec6c366851a7427b34a00098c2c95692deeac7553debeb95f25f,15123926,4e34c42c,1,12,identity,eb4b86cb8cbcdca780cf3bd4c5efd8a837bd4ed5a23b575dac77a0bb3e7d03e5,e5beec92c9992930f4d6b468db1806ee2f3b9224e13179af7d4e8bb5897148e0,INDEPENDENT_FAST_2_PER_GPU,FAST_PASS,fast3,,2,2,1858,1859,1858,1823,108.20061462558806,search_exhausted,,,,o01_g0,4e34c42c:o1:d012:identity,0,1790591510000000000,14f8a1500ed457bfdca3838326353bd2bc82981fd1676b15e6705dc57db61dd9,0e7161e8dd65fb405c95cfdee7eee88698da44d66034db14f9fe43cf51a43ffa
/workspace/arc2/active_runs/eval60_v5_vs_greedy_4worker_v1/tmp/4e34c42c/d012/o01_g0.json,33f564ea6a5dec6c366851a7427b34a00098c2c95692deeac7553debeb95f25f,15123926,4e34c42c,1,12,flip_ud,eb4b86cb8cbcdca780cf3bd4c5efd8a837bd4ed5a23b575dac77a0bb3e7d03e5,e5beec92c9992930f4d6b468db1806ee2f3b9224e13179af7d4e8bb5897148e0,INDEPENDENT_FAST_2_PER_GPU,FAST_PASS,fast0,,1,1,251,252,251,236,15.034303724765778,search_exhausted,,,,o01_g0,4e34c42c:o1:d012:flip_ud,1,1790591510000000000,a9f3c3dcdcacf43f4dbb53ea1871d1a69b202247384922b531202ddd7042c27a,810b543a60e1b48079b3915d0b96b133aa239417458872e2410b054ea601e03d
/workspace/arc2/active_runs/eval60_v5_vs_greedy_4worker_v1/tmp/4e34c42c/d012/o01_g1.json,73fad12d24f53bf87fb3507cf187c3bb49830ee38ff38af15e669f6e5ee6a68e,33592781,4e34c42c,1,12,transpose,eb4b86cb8cbcdca780cf3bd4c5efd8a837bd4ed5a23b575dac77a0bb3e7d03e5,e5beec92c9992930f4d6b468db1806ee2f3b9224e13179af7d4e8bb5897148e0,INDEPENDENT_SINGLE_PER_GPU_REPAIR,HEAVY_REPAIR,heavy0_serial,,3,3,2787,2788,2787,2776,163.4068921841681,search_exhausted,,,,o01_g1,4e34c42c:o1:d012:transpose,0,1790603262000000000,646a9f4f5d5ac0df5a3b39403ec29ff700745c828ab0c49201b47fabf208575d,4b6e4eefefa0df4b99aad56b97ee8903a95066e4d0f1dae2bb3cd545414f8aa2
/workspace/arc2/active_runs/eval60_v5_vs_greedy_4worker_v1/tmp/4e34c42c/d012/o01_g1.json,73fad12d24f53bf87fb3507cf187c3bb49830ee38ff38af15e669f6e5ee6a68e,33592781,4e34c42c,1,12,anti_transpose,eb4b86cb8cbcdca780cf3bd4c5efd8a837bd4ed5a23b575dac77a0bb3e7d03e5,e5beec92c9992930f4d6b468db1806ee2f3b9224e13179af7d4e8bb5897148e0,INDEPENDENT_FAST_2_PER_GPU,FAST_PASS,fast0,,2,2,1858,1859,1858,1848,109.79845230095088,search_exhausted,,,,o01_g1,4e34c42c:o1:d012:anti_transpose,1,1790603262000000000,17a42be66b6622ed354a21ae84130995fd9da549560511c9c051c79846ac2431,3a60a5276391405ad12cd57083d6115bd993b98e1b635f3fe767f5322be1b59d
/workspace/arc2/active_runs/eval60_v5_vs_greedy_4worker_v1/tmp/4e34c42c/d024/o00_g0.json,300fc5582b2a2733e5b8615c96abc86c7dd2d6160b6ba67d9cfb5ec1bc9f80e4,26571531,4e34c42c,0,24,identity,424bf0c9b8605147bbc83d2c9b130dbc6c933ca77806a9d073ccc539fbc87aa9,e5beec92c9992930f4d6b468db1806ee2f3b9224e13179af7d4e8bb5897148e0,INDEPENDENT_SINGLE_PER_GPU_REPAIR,HEAVY_REPAIR,heavy0_serial,,2,2,1846,1847,1846,1830,108.61818338371813,search_exhausted,,,,o00_g0,4e34c42c:o0:d024:identity,0,1790603503000000000,dca565417a36ed035a19157f7873d6ff0b5afdedc60ee989599979f576f4aef5,9a5ca0ad66263dd6743a38ffd43c4747649decff50e6c9309c097c9c81c3b1e1
/workspace/arc2/active_runs/eval60_v5_vs_greedy_4worker_v1/tmp/4e34c42c/d024/o00_g0.json,300fc5582b2a2733e5b8615c96abc86c7dd2d6160b6ba67d9cfb5ec1bc9f80e4,26571531,4e34c42c,0,24,flip_ud,424bf0c9b8605147bbc83d2c9b130dbc6c933ca77806a9d073ccc539fbc87aa9,e5beec92c9992930f4d6b468db1806ee2f3b9224e13179af7d4e8bb5897148e0,INDEPENDENT_SINGLE_PER_GPU_REPAIR,HEAVY_REPAIR,heavy0_serial,,2,2,1858,1859,1858,1842,109.33174917660654,search_exhausted,,,,o00_g0,4e34c42c:o0:d024:flip_ud,1,1790603503000000000,6cd4b7ce6dd2dc03984a0ddc6df3369b329d96a7ae5f96449a8796dc3cda4646,1387fa8b6b513b418c863a77b71aa5b7ba4592adfb8b35df5a2f0a0c973f9aac
/workspace/arc2/active_runs/eval60_v5_vs_greedy_4worker_v1/tmp/4e34c42c/d024/o00_g1.json,a0877c4704dc9b4468c53fb814b9d235c5ac48d9d54e37a766ecdd42d7e8a85d,26518872,4e34c42c,0,24,transpose,424bf0c9b8605147bbc83d2c9b130dbc6c933ca77806a9d073ccc539fbc87aa9,e5beec92c9992930f4d6b468db1806ee2f3b9224e13179af7d4e8bb5897148e0,INDEPENDENT_FAST_2_PER_GPU,FAST_PASS,fast3,,1,1,869,870,869,858,51.264097502455115,search_exhausted,,,,o00_g1,4e34c42c:o0:d024:transpose,0,1790603668000000000,8c6cce4deb040f03c86835170c04fd4a710addf8eae4831225dda2745fd757e7,2ea9e28dca1cd97388f678cb9b3a7a6f1688cd79d887160617f700c2086165cd
/workspace/arc2/active_runs/eval60_v5_vs_greedy_4worker_v1/tmp/4e34c42c/d024/o00_g1.json,a0877c4704dc9b4468c53fb814b9d235c5ac48d9d54e37a766ecdd42d7e8a85d,26518872,4e34c42c,0,24,anti_transpose,424bf0c9b8605147bbc83d2c9b130dbc6c933ca77806a9d073ccc539fbc87aa9,e5beec92c9992930f4d6b468db1806ee2f3b9224e13179af7d4e8bb5897148e0,INDEPENDENT_SINGLE_PER_GPU_REPAIR,HEAVY_REPAIR,heavy0_serial,,3,3,2788,2789,2788,2778,164.23774941265583,search_exhausted,,,,o00_g1,4e34c42c:o0:d024:anti_transpose,1,1790603668000000000,e6c9346e7db164444a2e6da49ab0f0dbeb55311611edaa9d61f9e085d5b72f5a,fdb246b8f0efffb454de937e91fac68ffe03f978e7c8f22aca00a2f2cc4eda5c
/workspace/arc2/active_runs/eval60_v5_vs_greedy_4worker_v1/tmp/4e34c42c/d024/o01_g0.json,a4217013899128b98a2ebf41e4c7f0519e6f246db5ebd376f41125652998610a,15954385,4e34c42c,1,24,identity,424bf0c9b8605147bbc83d2c9b130dbc6c933ca77806a9d073ccc539fbc87aa9,e5beec92c9992930f4d6b468db1806ee2f3b9224e13179af7d4e8bb5897148e0,INDEPENDENT_FAST_2_PER_GPU,FAST_PASS,fast0,,2,2,1858,1859,1858,1840,111.1026820987463,search_exhausted,,,,o01_g0,4e34c42c:o1:d024:identity,0,1790591642000000000,7d62e42c2520f5096494ae1226fd1b6b824081fdb43d063e4a6d28f46334d2f1,dcdf5dc37ca1eb9c4f917f5f6adc1b12fc307b77995d33407604d11ba6bca146
/workspace/arc2/active_runs/eval60_v5_vs_greedy_4worker_v1/tmp/4e34c42c/d024/o01_g0.json,a4217013899128b98a2ebf41e4c7f0519e6f246db5ebd376f41125652998610a,15954385,4e34c42c,1,24,flip_ud,424bf0c9b8605147bbc83d2c9b130dbc6c933ca77806a9d073ccc539fbc87aa9,e5beec92c9992930f4d6b468db1806ee2f3b9224e13179af7d4e8bb5897148e0,INDEPENDENT_FAST_2_PER_GPU,FAST_PASS,fast2,,2,2,369,370,369,357,22.596557408571243,search_exhausted,,,,o01_g0,4e34c42c:o1:d024:flip_ud,1,1790591642000000000,08836994f70f8cf64a678b348c990c162c6e8d02e3217e4c61b58cf999d7d011,8239d15c9232859fee8d4dacff47a20c1480f6cb9bd76959a317e342dd123d05
/workspace/arc2/active_runs/eval60_v5_vs_greedy_4worker_v1/tmp/4e34c42c/d024/o01_g1.json,b8898d4b6a4cc16a07aea3992c206d3771b072f217e34c3466ccc84d7f4469bd,18529772,4e34c42c,1,24,transpose,424bf0c9b8605147bbc83d2c9b130dbc6c933ca77806a9d073ccc539fbc87aa9,e5beec92c9992930f4d6b468db1806ee2f3b9224e13179af7d4e8bb5897148e0,INDEPENDENT_FAST_2_PER_GPU,FAST_PASS,fast3,,2,2,1280,1281,1280,1268,75.8721961826086,search_exhausted,,,,o01_g1,4e34c42c:o1:d024:transpose,0,1790603746000000000,c4835ff4916ca4349f1c2de16b352982965f2ccd9db6a21dcacc9b16cc6009d4,68e4cf0fdceee06462dfd06ddfe612d876ca9f8947a6ae48543e216c75e05a83
/workspace/arc2/active_runs/eval60_v5_vs_greedy_4worker_v1/tmp/4e34c42c/d024/o01_g1.json,b8898d4b6a4cc16a07aea3992c206d3771b072f217e34c3466ccc84d7f4469bd,18529772,4e34c42c,1,24,anti_transpose,424bf0c9b8605147bbc83d2c9b130dbc6c933ca77806a9d073ccc539fbc87aa9,e5beec92c9992930f4d6b468db1806ee2f3b9224e13179af7d4e8bb5897148e0,INDEPENDENT_SINGLE_PER_GPU_REPAIR,HEAVY_REPAIR,heavy0_serial,,2,2,1288,1289,1288,1278,75.89773899130523,search_exhausted,,,,o01_g1,4e34c42c:o1:d024:anti_transpose,1,1790603746000000000,1cbc0435f95e8664d7a4eb01392facfbd5e2876e47b3b4ae8c013ae7f6462b5a,67f8e5ee2f5413f67c04c04e73149b0d6c18ed314c1077d4db1b77751a80fe12
/workspace/arc2/active_runs/eval60_v5_vs_greedy_4worker_v1/tmp/4e34c42c/d048/o00_g0.json,91cb8d2b5779b12177835eb1aa6eac1b54a616fe120a6fb5291b1a560e369ffc,21837492,4e34c42c,0,48,identity,b09855ad735d6dae3d057d5b17d0868280049b21b9b2a54b6dd0416b766c2cac,e5beec92c9992930f4d6b468db1806ee2f3b9224e13179af7d4e8bb5897148e0,INDEPENDENT_SINGLE_PER_GPU_REPAIR,HEAVY_REPAIR,heavy0_serial,,2,2,1612,1613,1612,1600,94.94749340415001,search_exhausted,,,,o00_g0,4e34c42c:o0:d048:identity,0,1790603858000000000,64aa8ca8210380935b962eb0a24ee003d1087f3d9187ad945bbbe3417d0eac6b,ec98748bb4a0e6aea77851a54196a6d03484c344f8c2db2bcdf03f0d8177818f
/workspace/arc2/active_runs/eval60_v5_vs_greedy_4worker_v1/tmp/4e34c42c/d048/o00_g0.json,91cb8d2b5779b12177835eb1aa6eac1b54a616fe120a6fb5291b1a560e369ffc,21837492,4e34c42c,0,48,flip_ud,b09855ad735d6dae3d057d5b17d0868280049b21b9b2a54b6dd0416b766c2cac,e5beec92c9992930f4d6b468db1806ee2f3b9224e13179af7d4e8bb5897148e0,INDEPENDENT_FAST_2_PER_GPU,FAST_PASS,fast0,,2,2,1437,1438,1437,1407,85.13964847289026,search_exhausted,,,,o00_g0,4e34c42c:o0:d048:flip_ud,1,1790603858000000000,97942650a8eb1cff53c748c714e77ed71dc3cfb60ade9de63a6a6bc02ec5b7e9,399454e76ff8fc4537488aa73fb6ca196b522170b5f1631a0de6f6cb6cc13b72
/workspace/arc2/active_runs/eval60_v5_vs_greedy_4worker_v1/tmp/4e34c42c/d048/o00_g1.json,585c59af80f5cfc743aafe78d7f956e356097b1dcf9997f5d01e7a20834b3b8a,27861020,4e34c42c,0,48,transpose,b09855ad735d6dae3d057d5b17d0868280049b21b9b2a54b6dd0416b766c2cac,e5beec92c9992930f4d6b468db1806ee2f3b9224e13179af7d4e8bb5897148e0,INDEPENDENT_FAST_2_PER_GPU,FAST_PASS,fast3,,3,3,2183,2184,2183,2164,127.62812590971589,search_exhausted,,,,o00_g1,4e34c42c:o0:d048:transpose,0,1790603959000000000,0d5b4ac3376f2ccb3cd08b17461cd2da809f918ef20eb52539d66b05b38b750c,fad08b94ab68e5857f588625d760ba9ba503a29c8236b815b1ed4553a7fdd8cf
/workspace/arc2/active_runs/eval60_v5_vs_greedy_4worker_v1/tmp/4e34c42c/d048/o00_g1.json,585c59af80f5cfc743aafe78d7f956e356097b1dcf9997f5d01e7a20834b3b8a,27861020,4e34c42c,0,48,anti_transpose,b09855ad735d6dae3d057d5b17d0868280049b21b9b2a54b6dd0416b766c2cac,e5beec92c9992930f4d6b468db1806ee2f3b9224e13179af7d4e8bb5897148e0,INDEPENDENT_SINGLE_PER_GPU_REPAIR,HEAVY_REPAIR,heavy0_serial,,2,2,1673,1674,1673,1662,98.54934024438262,search_exhausted,,,,o00_g1,4e34c42c:o0:d048:anti_transpose,1,1790603959000000000,131fa9f674e4da66bed9712816fcd9187b4455806e31014090015430d69b428e,db2f65cca60094fcca49ab8d63098c965a7fb78f2c489464d0325793c75d6132
/workspace/arc2/active_runs/eval60_v5_vs_greedy_4worker_v1/tmp/4e34c42c/d048/o01_g0.json,7435ea83f33524bec1d6bd068601daba0b440eed4311a3e1a73a1c75640780df,14594871,4e34c42c,1,48,identity,b09855ad735d6dae3d057d5b17d0868280049b21b9b2a54b6dd0416b766c2cac,e5beec92c9992930f4d6b468db1806ee2f3b9224e13179af7d4e8bb5897148e0,INDEPENDENT_SINGLE_PER_GPU_REPAIR,HEAVY_REPAIR,heavy0_serial,,2,2,1113,1114,1113,1056,66.03024955838919,search_exhausted,,,,o01_g0,4e34c42c:o1:d048:identity,0,1790604084000000000,3361044d531f9334ea5eab20f76ff0170968d3a8d1993d6c91c9a31a5d7bc961,aa84cd0562ea9bc2b7a1d4c436035088d820e5e9d557b30d28e85ab176ec9aa8
/workspace/arc2/active_runs/eval60_v5_vs_greedy_4worker_v1/tmp/4e34c42c/d048/o01_g0.json,7435ea83f33524bec1d6bd068601daba0b440eed4311a3e1a73a1c75640780df,14594871,4e34c42c,1,48,flip_ud,b09855ad735d6dae3d057d5b17d0868280049b21b9b2a54b6dd0416b766c2cac,e5beec92c9992930f4d6b468db1806ee2f3b9224e13179af7d4e8bb5897148e0,INDEPENDENT_SINGLE_PER_GPU_REPAIR,HEAVY_REPAIR,heavy0_serial,,1,1,929,930,929,911,54.88192478381097,search_exhausted,,,,o01_g0,4e34c42c:o1:d048:flip_ud,1,1790604084000000000,13d634a802827200ee8139a3a95682e946cab4f2673fda6959eacaba1d3735c2,4d3c6983d58ed1c9fb2579329eea14e889ae61b813630ebd501c8b931ae7f242
/workspace/arc2/active_runs/eval60_v5_vs_greedy_4worker_v1/tmp/4e34c42c/d048/o01_g1.json,d15f20afb63996b1184bd9563cb4684574acaea6e6b9f0fdf0fe205b4872446c,20214276,4e34c42c,1,48,transpose,b09855ad735d6dae3d057d5b17d0868280049b21b9b2a54b6dd0416b766c2cac,e5beec92c9992930f4d6b468db1806ee2f3b9224e13179af7d4e8bb5897148e0,INDEPENDENT_FAST_2_PER_GPU,FAST_PASS,fast0,,3,3,867,868,867,835,51.37122507765889,search_exhausted,,,,o01_g1,4e34c42c:o1:d048:transpose,0,1790591905000000000,8654b5ce566a13c05c843937385a51a2612fbab72dc316e257301b929fe3053a,958f128d2105f5e04a20796b79e98edf1faf0fb420e0882a69c87ab0414c9233
/workspace/arc2/active_runs/eval60_v5_vs_greedy_4worker_v1/tmp/4e34c42c/d048/o01_g1.json,d15f20afb63996b1184bd9563cb4684574acaea6e6b9f0fdf0fe205b4872446c,20214276,4e34c42c,1,48,anti_transpose,b09855ad735d6dae3d057d5b17d0868280049b21b9b2a54b6dd0416b766c2cac,e5beec92c9992930f4d6b468db1806ee2f3b9224e13179af7d4e8bb5897148e0,INDEPENDENT_FAST_2_PER_GPU,FAST_PASS,fast3,,3,3,1937,1938,1937,1873,111.79553087055683,search_exhausted,,,,o01_g1,4e34c42c:o1:d048:anti_transpose,1,1790591905000000000,43db10c2a912cd22a07fab5c05b31e3aebd62aa22852f90735e8f5379848aa15,862e893de782910d3b7aa35a163c8d56a8f016e6e4983f433e0903060514872b
/workspace/arc2/active_runs/eval60_v5_vs_greedy_4worker_v1/tmp/53fb4810/d012/o00_g0.json,030d4567b9fd0f8ac8fc72b6cb92888d5d2462f07797333ed4666fead85eb5f0,8679876,53fb4810,0,12,identity,3173f01300cbefe929e034bb97dd30672822e3e55ec82cd8ee9ec6a0dac10c97,e5beec92c9992930f4d6b468db1806ee2f3b9224e13179af7d4e8bb5897148e0,INDEPENDENT_FAST_2_PER_GPU,FAST_PASS,fast2,,2,2,920,921,920,0,54.84824095852673,search_exhausted,,,,o00_g0,53fb4810:o0:d012:identity,0,1790590205000000000,ce565d8cc9fba900a1d5416030c094561eb19ad80c42f4f61871dd4214b583db,dddafc823937cb72bdad59801730de3c75091825c04cf1f65a3b0454fea0f1be
/workspace/arc2/active_runs/eval60_v5_vs_greedy_4worker_v1/tmp/53fb4810/d012/o00_g0.json,030d4567b9fd0f8ac8fc72b6cb92888d5d2462f07797333ed4666fead85eb5f0,8679876,53fb4810,0,12,flip_ud,3173f01300cbefe929e034bb97dd30672822e3e55ec82cd8ee9ec6a0dac10c97,e5beec92c9992930f4d6b468db1806ee2f3b9224e13179af7d4e8bb5897148e0,INDEPENDENT_FAST_2_PER_GPU,FAST_PASS,fast3,,1,1,474,475,474,0,28.70472751930356,search_exhausted,,,,o00_g0,53fb4810:o0:d012:flip_ud,1,1790590205000000000,d5abc31e98ca35d5fc479b95ba7950ec1f67bb98f11a0755fe994b2411b92624,1cc2f6e65e8f6ba8ad75c92e484b01c61c6b160f2233060510e7c4eb44a9d764
/workspace/arc2/active_runs/eval60_v5_vs_greedy_4worker_v1/tmp/53fb4810/d012/o00_g1.json,ec55e5f47dea8b7a82161f3632cf129ececeb873d66fef69dc937f7fbf54b705,7335830,53fb4810,0,12,transpose,3173f01300cbefe929e034bb97dd30672822e3e55ec82cd8ee9ec6a0dac10c97,e5beec92c9992930f4d6b468db1806ee2f3b9224e13179af7d4e8bb5897148e0,INDEPENDENT_FAST_2_PER_GPU,FAST_PASS,fast0,,2,2,700,701,700,0,41.56052547879517,search_exhausted,,,,o00_g1,53fb4810:o0:d012:transpose,0,1790590210000000000,f6a7dcb84c432a24968377029aa01d815872a6206a15a6a6a825e44bbeecb1d4,6e4e46437d9cfc0a6d54d7fed3a37024c769274190ef62940d451399f41c01af
/workspace/arc2/active_runs/eval60_v5_vs_greedy_4worker_v1/tmp/53fb4810/d012/o00_g1.json,ec55e5f47dea8b7a82161f3632cf129ececeb873d66fef69dc937f7fbf54b705,7335830,53fb4810,0,12,anti_transpose,3173f01300cbefe929e034bb97dd30672822e3e55ec82cd8ee9ec6a0dac10c97,e5beec92c9992930f4d6b468db1806ee2f3b9224e13179af7d4e8bb5897148e0,INDEPENDENT_FAST_2_PER_GPU,FAST_PASS,fast3,,1,1,467,468,467,0,27.719604037702084,search_exhausted,,,,o00_g1,53fb4810:o0:d012:anti_transpose,1,1790590210000000000,fdfda9e7e9386a9701abdba88791da8e029b730789e5487e96b52f656132b475,c2b6b2385d7f17985b39dbec29c3083761c642d90cd46b2da7dbbd2be93f9148
/workspace/arc2/active_runs/eval60_v5_vs_greedy_4worker_v1/tmp/53fb4810/d024/o00_g0.json,1ed16638f92a4afb643c7ea771f40739cc35d8fb4111a0eeccf02fd02956a9c4,5830584,53fb4810,0,24,identity,443a90643fc44538eda0e744ff80294f74099ed02cb1a8f5de2bdcb2ec16bf48,e5beec92c9992930f4d6b468db1806ee2f3b9224e13179af7d4e8bb5897148e0,INDEPENDENT_FAST_2_PER_GPU,FAST_PASS,fast0,,1,1,474,475,474,0,28.758289547637105,search_exhausted,,,,o00_g0,53fb4810:o0:d024:identity,0,1790601738000000000,1727dbb02b159fb72f878f9be05adb121f0ccc8dd5acda65030dcc72b20dce60,24c3de99be5eafa61c33de8dfd5b16d5180e85f9f06493b64f62398b12440581
/workspace/arc2/active_runs/eval60_v5_vs_greedy_4worker_v1/tmp/53fb4810/d024/o00_g0.json,1ed16638f92a4afb643c7ea771f40739cc35d8fb4111a0eeccf02fd02956a9c4,5830584,53fb4810,0,24,flip_ud,443a90643fc44538eda0e744ff80294f74099ed02cb1a8f5de2bdcb2ec16bf48,e5beec92c9992930f4d6b468db1806ee2f3b9224e13179af7d4e8bb5897148e0,INDEPENDENT_SINGLE_PER_GPU_REPAIR,HEAVY_REPAIR,heavy0_serial,,1,1,474,475,474,0,27.829632563516498,search_exhausted,,,,o00_g0,53fb4810:o0:d024:flip_ud,1,1790601738000000000,a7a3f1b27928e07e637d197984961e21700f0caab2425190b466714a4a20e504,c1dd21fdffd8fc94c1d812bffe0804d47376def94e37a8e19a91c57ebb3d5666
/workspace/arc2/active_runs/eval60_v5_vs_greedy_4worker_v1/tmp/53fb4810/d024/o00_g1.json,5e73eaaf511548e2f89925223b8ef39deacb96bbaa15d63ffc12df8b510316b1,10357145,53fb4810,0,24,transpose,443a90643fc44538eda0e744ff80294f74099ed02cb1a8f5de2bdcb2ec16bf48,e5beec92c9992930f4d6b468db1806ee2f3b9224e13179af7d4e8bb5897148e0,INDEPENDENT_FAST_2_PER_GPU,FAST_PASS,fast3,,3,3,779,780,779,80,46.9832036588341,search_exhausted,,,,o00_g1,53fb4810:o0:d024:transpose,0,1790590295000000000,f3bda31bed17a89bf025121cceb642b8aa13ba4c05d9fe3366530d2afe1b625f,9c5a64f7d7f151bea6bd6d25faca53013a2d3350d0fbee250d70f90f2e046792
/workspace/arc2/active_runs/eval60_v5_vs_greedy_4worker_v1/tmp/53fb4810/d024/o00_g1.json,5e73eaaf511548e2f89925223b8ef39deacb96bbaa15d63ffc12df8b510316b1,10357145,53fb4810,0,24,anti_transpose,443a90643fc44538eda0e744ff80294f74099ed02cb1a8f5de2bdcb2ec16bf48,e5beec92c9992930f4d6b468db1806ee2f3b9224e13179af7d4e8bb5897148e0,INDEPENDENT_FAST_2_PER_GPU,FAST_PASS,fast2,,2,2,882,883,882,0,52.82402351871133,search_exhausted,,,,o00_g1,53fb4810:o0:d024:anti_transpose,1,1790590295000000000,249f9044e351ee1e66616c13f34b90ea66cf104e386ee0ff6ff628d44c6d6013,bad4eda09194000385e76972d1df7b24292ef85072c51e08ed1c911612c94e2c
/workspace/arc2/active_runs/eval60_v5_vs_greedy_4worker_v1/tmp/53fb4810/d048/o00_g0.json,68e4a3cf02826159279eab009612c3a7d64ab07121ffdb929748f35dca4fc341,2950790,53fb4810,0,48,identity,89bd775e4f6e810b4cf3f37b534c6c1682ae2847f5e36c96f183d10f2d1f0928,e5beec92c9992930f4d6b468db1806ee2f3b9224e13179af7d4e8bb5897148e0,INDEPENDENT_FAST_2_PER_GPU,FAST_PASS,fast0,,1,1,474,475,474,0,28.446259329095483,search_exhausted,,,,o00_g0,53fb4810:o0:d048:identity,0,1790590291000000000,0d856c1c0ed871355fd202dba8232934e826ae81a7fc02cf9c5950ab76e022cc,ec9e6d8c7cd4f5637196317772e3c794ef371876740b5e3c27fc0d0df229d39f
/workspace/arc2/active_runs/eval60_v5_vs_greedy_4worker_v1/tmp/53fb4810/d048/o00_g1.json,36e2dbf4dcce32c0bab7a1ed9046cccfe4e96b881b443c9260dc4c0e724b473d,8409483,53fb4810,0,48,transpose,89bd775e4f6e810b4cf3f37b534c6c1682ae2847f5e36c96f183d10f2d1f0928,e5beec92c9992930f4d6b468db1806ee2f3b9224e13179af7d4e8bb5897148e0,INDEPENDENT_FAST_2_PER_GPU,FAST_PASS,fast0,,1,1,467,468,467,0,28.018702978268266,search_exhausted,,,,o00_g1,53fb4810:o0:d048:transpose,0,1790590344000000000,62ff5e423961326d2dabd47a54215c4f76ac5926dde6b58d36ba438e0bfa570d,86522d9109b762ac102d70e46c6b0a0cf7fe217667d60671f6086d08de43c6af
/workspace/arc2/active_runs/eval60_v5_vs_greedy_4worker_v1/tmp/53fb4810/d048/o00_g1.json,36e2dbf4dcce32c0bab7a1ed9046cccfe4e96b881b443c9260dc4c0e724b473d,8409483,53fb4810,0,48,anti_transpose,89bd775e4f6e810b4cf3f37b534c6c1682ae2847f5e36c96f183d10f2d1f0928,e5beec92c9992930f4d6b468db1806ee2f3b9224e13179af7d4e8bb5897148e0,INDEPENDENT_FAST_2_PER_GPU,FAST_PASS,fast3,,2,2,882,883,882,0,52.59245226345956,search_exhausted,,,,o00_g1,53fb4810:o0:d048:anti_transpose,1,1790590344000000000,ce28dde43ed300f740a1500d408d7dcfdd3eb97b37e74e4738b1681e5f55d93c,10df3108fe0bbb320a0755c8beb66be2b45fbd7a81dd6f1f3c276a10d66f40f1
/workspace/arc2/active_runs/eval60_v5_vs_greedy_4worker_v1/tmp/58490d8a/d012/o00_g0.json,09ad798e1c73d8bffe87b2bdfa708b3a2ddc6bbdae9945807e1c32f5a657ca6c,2045292,58490d8a,0,12,identity,435af7121a4ff843ee79e29fdaa4862d995004fc48897a2192fb96d2007e41e9,e5beec92c9992930f4d6b468db1806ee2f3b9224e13179af7d4e8bb5897148e0,INDEPENDENT_FAST_2_PER_GPU,FAST_PASS,fast0,,2,2,123,124,123,0,7.346196509897709,search_exhausted,,,,o00_g0,58490d8a:o0:d012:identity,0,1790609409800519526,a399224530d394f470786fa5850ca58edbc5b4af9ffa05481cee2cbe57e4ebc4,8c57258c69ed4d85e64052dc38370590c22a653550707b3f87e45bdd578fe2a0
/workspace/arc2/active_runs/eval60_v5_vs_greedy_4worker_v1/tmp/58490d8a/d012/o00_g0.json,09ad798e1c73d8bffe87b2bdfa708b3a2ddc6bbdae9945807e1c32f5a657ca6c,2045292,58490d8a,0,12,flip_ud,435af7121a4ff843ee79e29fdaa4862d995004fc48897a2192fb96d2007e41e9,e5beec92c9992930f4d6b468db1806ee2f3b9224e13179af7d4e8bb5897148e0,INDEPENDENT_SINGLE_PER_GPU_REPAIR,HEAVY_REPAIR,heavy0_serial,,2,2,195,196,195,45,11.868435794487596,search_exhausted,,,,o00_g0,58490d8a:o0:d012:flip_ud,1,1790609409800519526,4e28e5d5f1352de2092a6236bb5c521556d96beec2b5a7a3148eb76292e7df54,ca46ab990289d934c257ac2d7ecf58d191df3abb81986542ea1c7c7a5c05ec76
/workspace/arc2/active_runs/eval60_v5_vs_greedy_4worker_v1/tmp/58490d8a/d012/o00_g1.json,ce398d32757453289cb070bd569ce432bcb487e3d6e39ef1a990780c36ff9a77,2865009,58490d8a,0,12,transpose,435af7121a4ff843ee79e29fdaa4862d995004fc48897a2192fb96d2007e41e9,e5beec92c9992930f4d6b468db1806ee2f3b9224e13179af7d4e8bb5897148e0,INDEPENDENT_FAST_2_PER_GPU,FAST_PASS,fast0,,1,1,109,110,109,0,6.5112562999129295,search_exhausted,,,,o00_g1,58490d8a:o0:d012:transpose,0,1790595368796703709,46b70552ff9e56e97a8db3e23cf32eae6b73abb3ade2a282ca3a4591063d7a87,978b63af4f2d4de69a223c64b99ee948af1d7bb2feb1bfc06c669b561898c095
/workspace/arc2/active_runs/eval60_v5_vs_greedy_4worker_v1/tmp/58490d8a/d012/o00_g1.json,ce398d32757453289cb070bd569ce432bcb487e3d6e39ef1a990780c36ff9a77,2865009,58490d8a,0,12,anti_transpose,435af7121a4ff843ee79e29fdaa4862d995004fc48897a2192fb96d2007e41e9,e5beec92c9992930f4d6b468db1806ee2f3b9224e13179af7d4e8bb5897148e0,INDEPENDENT_FAST_2_PER_GPU,FAST_PASS,fast0,,3,3,309,310,309,245,17.895879296585917,search_exhausted,,,,o00_g1,58490d8a:o0:d012:anti_transpose,1,1790595368796703709,cd39e826687df8b8ed51d9887ccd9387968c971de2cacb63acbc3936bea7d8a1,a87d76509ff506daf65cc196d7f98b20b85b7da528d51dcc95bcb504f10175aa
/workspace/arc2/active_runs/eval60_v5_vs_greedy_4worker_v1/tmp/58490d8a/d024/o00_g0.json,71205756412714f396c78d840f61698050a9bd0c85550fed6e74f258d04d89ab,2058188,58490d8a,0,24,identity,32356c70b961a12287634f2a899e5463ddb802ca78255845d13ee07595f2f5a8,e5beec92c9992930f4d6b468db1806ee2f3b9224e13179af7d4e8bb5897148e0,INDEPENDENT_FAST_2_PER_GPU,FAST_PASS,fast3,,2,2,147,148,147,0,9.706601174548268,search_exhausted,,,,o00_g0,58490d8a:o0:d024:identity,0,1790609454292602403,493e56fa6f4ae8620e2716d13a1e0b8a0f9937ecda574c033802e3f9dccaaa23,534eb8af83cef03ba68fa1f007ae7925976ed039673784c0ff66dd532d95fb92
/workspace/arc2/active_runs/eval60_v5_vs_greedy_4worker_v1/tmp/58490d8a/d024/o00_g0.json,71205756412714f396c78d840f61698050a9bd0c85550fed6e74f258d04d89ab,2058188,58490d8a,0,24,flip_ud,32356c70b961a12287634f2a899e5463ddb802ca78255845d13ee07595f2f5a8,e5beec92c9992930f4d6b468db1806ee2f3b9224e13179af7d4e8bb5897148e0,INDEPENDENT_SINGLE_PER_GPU_REPAIR,HEAVY_REPAIR,heavy0_serial,,2,2,173,174,173,21,10.538581332191825,search_exhausted,,,,o00_g0,58490d8a:o0:d024:flip_ud,1,1790609454292602403,2a0c54ffd9e31602284bc533f9963086c8d5c066468fa297b85d16b8cb19fce9,667de8fab0e2a3fcde61f13eb7612488507c3e63916d4540b8c5d68d0431e201
/workspace/arc2/active_runs/eval60_v5_vs_greedy_4worker_v1/tmp/58490d8a/d024/o00_g1.json,fbc3e6b89a202007ca1a7d7ebd2be387f9bba736498cd5ddc752d42f9531c4fd,2521669,58490d8a,0,24,transpose,32356c70b961a12287634f2a899e5463ddb802ca78255845d13ee07595f2f5a8,e5beec92c9992930f4d6b468db1806ee2f3b9224e13179af7d4e8bb5897148e0,INDEPENDENT_FAST_2_PER_GPU,FAST_PASS,fast0,,2,2,167,168,167,13,9.817341992631555,search_exhausted,,,,o00_g1,58490d8a:o0:d024:transpose,0,1790595403764817895,ef81373b1926f33b47d415acdbe448dd6ac046d12149e26ea78581cae7197081,1c9316e276c5f1b080f59a2089f49fb595eaadad9828a6ad445df8a5ad200ef4
/workspace/arc2/active_runs/eval60_v5_vs_greedy_4worker_v1/tmp/58490d8a/d024/o00_g1.json,fbc3e6b89a202007ca1a7d7ebd2be387f9bba736498cd5ddc752d42f9531c4fd,2521669,58490d8a,0,24,anti_transpose,32356c70b961a12287634f2a899e5463ddb802ca78255845d13ee07595f2f5a8,e5beec92c9992930f4d6b468db1806ee2f3b9224e13179af7d4e8bb5897148e0,INDEPENDENT_FAST_2_PER_GPU,FAST_PASS,fast3,,2,2,207,208,207,134,12.742675796151161,search_exhausted,,,,o00_g1,58490d8a:o0:d024:anti_transpose,1,1790595403764817895,3da746e008ef46716d2d75f759dcd382447e2a09e3a96c34986258b0e392afe1,e3c9f3aca742836e67029d64c7fa618ff8fdf2b0090fb54a4b8c195c794ad99a
/workspace/arc2/active_runs/eval60_v5_vs_greedy_4worker_v1/tmp/58490d8a/d048/o00_g0.json,4c4c6b96781badb21aca16e3f9024531c2ab3e632571f686746d5ae78237c886,1951284,58490d8a,0,48,identity,e81ee5e7432363f8881b5ab1f330fd38adea80373f6501d2b06487b6240ebfa2,e5beec92c9992930f4d6b468db1806ee2f3b9224e13179af7d4e8bb5897148e0,INDEPENDENT_FAST_2_PER_GPU,FAST_PASS,fast0,,1,1,107,108,107,0,6.426870632916689,search_exhausted,,,,o00_g0,58490d8a:o0:d048:identity,0,1790595422767904406,d3a5b5bbd7514b9b3ae7fc73cd292fb9c2a88f58c3e280ca2e666e714e225960,2676e79231bd6ec45d86d5e4459652d6184d62649943db275d4de967d159b44b
/workspace/arc2/active_runs/eval60_v5_vs_greedy_4worker_v1/tmp/58490d8a/d048/o00_g0.json,4c4c6b96781badb21aca16e3f9024531c2ab3e632571f686746d5ae78237c886,1951284,58490d8a,0,48,flip_ud,e81ee5e7432363f8881b5ab1f330fd38adea80373f6501d2b06487b6240ebfa2,e5beec92c9992930f4d6b468db1806ee2f3b9224e13179af7d4e8bb5897148e0,INDEPENDENT_FAST_2_PER_GPU,FAST_PASS,fast3,,2,2,193,194,193,62,11.967683784663677,search_exhausted,,,,o00_g0,58490d8a:o0:d048:flip_ud,1,1790595422767904406,469cd7ce17d3d296042820059fb25915a02191008f4c1455f6750a42912cd6e9,fb198014560712a4101e86155571f8559319980c5584441ea84a5402cf613f0b
/workspace/arc2/active_runs/eval60_v5_vs_greedy_4worker_v1/tmp/58490d8a/d048/o00_g1.json,0109c04b251f6cb60878331df8c6b4d86225c4c45a6cb3a89b8123242afb11fd,3012506,58490d8a,0,48,transpose,e81ee5e7432363f8881b5ab1f330fd38adea80373f6501d2b06487b6240ebfa2,e5beec92c9992930f4d6b468db1806ee2f3b9224e13179af7d4e8bb5897148e0,INDEPENDENT_SINGLE_PER_GPU_REPAIR,HEAVY_REPAIR,heavy0_serial,,2,2,167,168,167,13,11.226574305444956,search_exhausted,,,,o00_g1,58490d8a:o0:d048:transpose,0,1790609491463758027,db16a387e42f2fa3006a1771169eefce2c901de89f52f43830faa0343771ecb8,978e822f6d00c42946c0fbff0a606d942493e80bab6ce3b5841a10680c5e107e
/workspace/arc2/active_runs/eval60_v5_vs_greedy_4worker_v1/tmp/58490d8a/d048/o00_g1.json,0109c04b251f6cb60878331df8c6b4d86225c4c45a6cb3a89b8123242afb11fd,3012506,58490d8a,0,48,anti_transpose,e81ee5e7432363f8881b5ab1f330fd38adea80373f6501d2b06487b6240ebfa2,e5beec92c9992930f4d6b468db1806ee2f3b9224e13179af7d4e8bb5897148e0,INDEPENDENT_FAST_2_PER_GPU,FAST_PASS,fast0,,3,3,285,286,285,114,16.63585769198835,search_exhausted,,,,o00_g1,58490d8a:o0:d048:anti_transpose,1,1790609491463758027,d6c9ec65711ab2ee9f7ac8f1c8b87bc8f8918eff21eb1da8390ddc15595f41b3,f75e94de35ddf0d2d0e4163dc16deb2bc7ed9b78c0c34a02b0b6059ebce17372
/workspace/arc2/active_runs/eval60_v5_vs_greedy_4worker_v1/tmp/5dbc8537/d012/o00_g0.json,911cbb6c2b288b5e613e32cb38ffeed3893ced66ca7c39f2587bd1b56a41e4ef,5499194,5dbc8537,0,12,identity,c275fc2fe176e50f89cf7fc30738a1b50f6e27c9fd97735e89a5523208424eec,e5beec92c9992930f4d6b468db1806ee2f3b9224e13179af7d4e8bb5897148e0,INDEPENDENT_FAST_2_PER_GPU,FAST_PASS,fast2,,2,2,518,519,518,484,30.47428321093321,search_exhausted,,,,o00_g0,5dbc8537:o0:d012:identity,0,1790593247000000000,c198f22c1897d4a4ae646548234e6d972a4974936682800cab2279d39e70dce6,418a42dc74c11ee386685aac77972e5f8f0c3a30e6ce3a3434e369992b44b227
/workspace/arc2/active_runs/eval60_v5_vs_greedy_4worker_v1/tmp/5dbc8537/d012/o00_g0.json,911cbb6c2b288b5e613e32cb38ffeed3893ced66ca7c39f2587bd1b56a41e4ef,5499194,5dbc8537,0,12,flip_ud,c275fc2fe176e50f89cf7fc30738a1b50f6e27c9fd97735e89a5523208424eec,e5beec92c9992930f4d6b468db1806ee2f3b9224e13179af7d4e8bb5897148e0,INDEPENDENT_FAST_2_PER_GPU,FAST_PASS,fast0,,1,1,259,260,259,205,15.40664011798799,search_exhausted,,,,o00_g0,5dbc8537:o0:d012:flip_ud,1,1790593247000000000,f56a65cd5d3ab7fd79782772a0ce0d2415cb492a69475512daeed3434ab7b702,e3f598ec4ba0f1fff19dccb116a2b5721cfbc25b95d7817ea7b95bb2f5d39f21
/workspace/arc2/active_runs/eval60_v5_vs_greedy_4worker_v1/tmp/5dbc8537/d012/o00_g1.json,60da26680054b077f2bf5c06d2f24e6e71e13de28b35e534d17d73a03d267e29,5820781,5dbc8537,0,12,transpose,c275fc2fe176e50f89cf7fc30738a1b50f6e27c9fd97735e89a5523208424eec,e5beec92c9992930f4d6b468db1806ee2f3b9224e13179af7d4e8bb5897148e0,INDEPENDENT_FAST_2_PER_GPU,FAST_PASS,fast3,,2,2,546,547,546,482,32.61572600528598,search_exhausted,,,,o00_g1,5dbc8537:o0:d012:transpose,0,1790593251000000000,47cd3f8457645143b217d2e978543c0addd98f23305ce2939deb073b2d7b3d58,5b1c5f98255cfe13af92acee73290566976e2e837db1bb1e6e3ddf421c4d2958
/workspace/arc2/active_runs/eval60_v5_vs_greedy_4worker_v1/tmp/5dbc8537/d012/o00_g1.json,60da26680054b077f2bf5c06d2f24e6e71e13de28b35e534d17d73a03d267e29,5820781,5dbc8537,0,12,anti_transpose,c275fc2fe176e50f89cf7fc30738a1b50f6e27c9fd97735e89a5523208424eec,e5beec92c9992930f4d6b468db1806ee2f3b9224e13179af7d4e8bb5897148e0,INDEPENDENT_FAST_2_PER_GPU,FAST_PASS,fast0,,1,1,274,275,274,256,16.407526141032577,search_exhausted,,,,o00_g1,5dbc8537:o0:d012:anti_transpose,1,1790593251000000000,dcb5df3fe303571423de86336c7ccf4e19167f662eb3612e826a81142ede9102,cf6c5e18d191bd2a54e4b74d9295091b952fced53954233296aa27cd1bf23f11
/workspace/arc2/active_runs/eval60_v5_vs_greedy_4worker_v1/tmp/5dbc8537/d012/o01_g0.json,6ebbbcd30996a6ac78a389c94dee3ccc1a24108e910fe107cef8626064b11809,5891431,5dbc8537,1,12,identity,c275fc2fe176e50f89cf7fc30738a1b50f6e27c9fd97735e89a5523208424eec,e5beec92c9992930f4d6b468db1806ee2f3b9224e13179af7d4e8bb5897148e0,INDEPENDENT_FAST_2_PER_GPU,FAST_PASS,fast2,,3,3,495,496,495,404,28.86934456974268,search_exhausted,,,,o01_g0,5dbc8537:o1:d012:identity,0,1790593277000000000,4437630e287b3131416b3ef103b38506016e4ce7eedce27bf6f852ee996f6c14,46218fda8e0c25e949f411155987c74be6f7bb9956c0ddf9d7d2f52ea6c5d13e
/workspace/arc2/active_runs/eval60_v5_vs_greedy_4worker_v1/tmp/5dbc8537/d012/o01_g0.json,6ebbbcd30996a6ac78a389c94dee3ccc1a24108e910fe107cef8626064b11809,5891431,5dbc8537,1,12,flip_ud,c275fc2fe176e50f89cf7fc30738a1b50f6e27c9fd97735e89a5523208424eec,e5beec92c9992930f4d6b468db1806ee2f3b9224e13179af7d4e8bb5897148e0,INDEPENDENT_FAST_2_PER_GPU,FAST_PASS,fast3,,2,2,356,357,356,309,21.320325300097466,search_exhausted,,,,o01_g0,5dbc8537:o1:d012:flip_ud,1,1790593277000000000,8ea8c12ae0b4fc9be2c8297f137833bf4faa614c5f102206f698723bb681d527,ba7c32432d4442a95427a3161089c113aaa117409f4b90d8428845cbe39332a9
/workspace/arc2/active_runs/eval60_v5_vs_greedy_4worker_v1/tmp/5dbc8537/d012/o01_g1.json,f7956ba3b28029069c171c9e6d6fa4a8ebdb4b0763fefb22edf17fb70215463a,3376954,5dbc8537,1,12,transpose,c275fc2fe176e50f89cf7fc30738a1b50f6e27c9fd97735e89a5523208424eec,e5beec92c9992930f4d6b468db1806ee2f3b9224e13179af7d4e8bb5897148e0,INDEPENDENT_FAST_2_PER_GPU,FAST_PASS,fast0,,2,2,313,314,313,279,18.854912811890244,search_exhausted,,,,o01_g1,5dbc8537:o1:d012:transpose,0,1790593279275144310,0a4be458cd0004901b3dfedd64fac9b35ef8959ac2d6c067bbfab3ebc74b1272,6dca4bfeaff23255fc2172ab72eb311343d835dcdbf03fd670d852b1a8d4c266
/workspace/arc2/active_runs/eval60_v5_vs_greedy_4worker_v1/tmp/5dbc8537/d012/o01_g1.json,f7956ba3b28029069c171c9e6d6fa4a8ebdb4b0763fefb22edf17fb70215463a,3376954,5dbc8537,1,12,anti_transpose,c275fc2fe176e50f89cf7fc30738a1b50f6e27c9fd97735e89a5523208424eec,e5beec92c9992930f4d6b468db1806ee2f3b9224e13179af7d4e8bb5897148e0,INDEPENDENT_FAST_2_PER_GPU,FAST_PASS,fast0,,1,1,167,168,167,113,10.15628027357161,search_exhausted,,,,o01_g1,5dbc8537:o1:d012:anti_transpose,1,1790593279275144310,7838372a591ba095a0ee98d6c8780a54e72b545a30f6defca2283be15e0cd7b5,d259c25a6711b9ae7d9d6db213a70b4b8f7290387b32b36a0f088cb6aa5d8866
/workspace/arc2/active_runs/eval60_v5_vs_greedy_4worker_v1/tmp/5dbc8537/d024/o00_g0.json,2b802cf78ff3b56ff3f3cc27b3b3bf9a5b1e657da1631e69ba7be00bca8b85ee,5173643,5dbc8537,0,24,identity,8ad2b16120f9818869a6d2ef4d60c08a25a761a0c32f2ef9598ebee77c4eeef9,e5beec92c9992930f4d6b468db1806ee2f3b9224e13179af7d4e8bb5897148e0,INDEPENDENT_FAST_2_PER_GPU,FAST_PASS,fast3,,1,1,259,260,259,221,15.555083716288209,search_exhausted,,,,o00_g0,5dbc8537:o0:d024:identity,0,1790593321696499096,830e26856ec69d1157a262a94fcc6f113e2efe9cf487b4dac3ab99627f6bba11,00e4f990a0b5b10a95bc7e6a8f390b2b3b78d6129d2b8713fbf91cfc4a90abde
/workspace/arc2/active_runs/eval60_v5_vs_greedy_4worker_v1/tmp/5dbc8537/d024/o00_g0.json,2b802cf78ff3b56ff3f3cc27b3b3bf9a5b1e657da1631e69ba7be00bca8b85ee,5173643,5dbc8537,0,24,flip_ud,8ad2b16120f9818869a6d2ef4d60c08a25a761a0c32f2ef9598ebee77c4eeef9,e5beec92c9992930f4d6b468db1806ee2f3b9224e13179af7d4e8bb5897148e0,INDEPENDENT_FAST_2_PER_GPU,FAST_PASS,fast2,,2,2,492,493,492,399,29.14635333418846,search_exhausted,,,,o00_g0,5dbc8537:o0:d024:flip_ud,1,1790593321696499096,7bed4a7d948d2a6515ddfe748d181fede637363d54ad1f89ab9c543a905d4620,b643d2872784680e0815fbfc09e2513b87307ca5f9b32d77640cf82b27e18dce
/workspace/arc2/active_runs/eval60_v5_vs_greedy_4worker_v1/tmp/5dbc8537/d024/o00_g1.json,11628d0904e3d3c4c8edce7971ce01f6975d10b9a55e5d9dcb14c796fe5b076d,6925996,5dbc8537,0,24,transpose,8ad2b16120f9818869a6d2ef4d60c08a25a761a0c32f2ef9598ebee77c4eeef9,e5beec92c9992930f4d6b468db1806ee2f3b9224e13179af7d4e8bb5897148e0,INDEPENDENT_FAST_2_PER_GPU,FAST_PASS,fast0,,2,2,470,471,470,159,27.761027935892344,search_exhausted,,,,o00_g1,5dbc8537:o0:d024:transpose,0,1790593341000000000,9c049cfb614db3540dc0ee54e8dc812a18c8cbbdb1a130290a257603db70b059,d94a036e07e834716f2cd7afaa0cb9aa01eb5e784a44b5d1e35bfdf6efc49647
/workspace/arc2/active_runs/eval60_v5_vs_greedy_4worker_v1/tmp/5dbc8537/d024/o00_g1.json,11628d0904e3d3c4c8edce7971ce01f6975d10b9a55e5d9dcb14c796fe5b076d,6925996,5dbc8537,0,24,anti_transpose,8ad2b16120f9818869a6d2ef4d60c08a25a761a0c32f2ef9598ebee77c4eeef9,e5beec92c9992930f4d6b468db1806ee2f3b9224e13179af7d4e8bb5897148e0,INDEPENDENT_FAST_2_PER_GPU,FAST_PASS,fast3,,2,2,546,547,546,503,31.991835046559572,search_exhausted,,,,o00_g1,5dbc8537:o0:d024:anti_transpose,1,1790593341000000000,946a466487acc2472197dcb1597589e460cff7853265a63fd240fc3096745834,0442b44719cef2badd357bbf69a3761d2b83de8205d8d938e4c0c7e155ed8768
/workspace/arc2/active_runs/eval60_v5_vs_greedy_4worker_v1/tmp/5dbc8537/d024/o01_g0.json,efb19f1305d566eceb574acdfbad2761187773518c784d7179309270d5b2ab99,4863622,5dbc8537,1,24,identity,8ad2b16120f9818869a6d2ef4d60c08a25a761a0c32f2ef9598ebee77c4eeef9,e5beec92c9992930f4d6b468db1806ee2f3b9224e13179af7d4e8bb5897148e0,INDEPENDENT_FAST_2_PER_GPU,FAST_PASS,fast0,,2,2,357,358,357,276,21.046914977952838,search_exhausted,,,,o01_g0,5dbc8537:o1:d024:identity,0,1790593342882860585,149eeadcbcf4e1bc19ac7999ede698b7238795bf6ca431fb89a4d6b01bca32b4,04fbdc9a082ea4c9c0ccb32207d780f6ae13a67b00b5dbb19ca985724eba45eb
/workspace/arc2/active_runs/eval60_v5_vs_greedy_4worker_v1/tmp/5dbc8537/d024/o01_g0.json,efb19f1305d566eceb574acdfbad2761187773518c784d7179309270d5b2ab99,4863622,5dbc8537,1,24,flip_ud,8ad2b16120f9818869a6d2ef4d60c08a25a761a0c32f2ef9598ebee77c4eeef9,e5beec92c9992930f4d6b468db1806ee2f3b9224e13179af7d4e8bb5897148e0,INDEPENDENT_FAST_2_PER_GPU,FAST_PASS,fast2,,2,2,356,357,356,315,21.017838528379798,search_exhausted,,,,o01_g0,5dbc8537:o1:d024:flip_ud,1,1790593342882860585,ab26a20cfd3ebda48e3f62a63ee6122fdabb3c0f5b2b7b9b8536d944e5a64a56,6e7cdf300fff143cf2a1822ccea162a9f498251e6780a1e81e9bd984d8bdfc4d
/workspace/arc2/active_runs/eval60_v5_vs_greedy_4worker_v1/tmp/5dbc8537/d024/o01_g1.json,ad9c6628636508e75fd5700a7c712d77f0b71603a0ec577810f69eb2d118b6ad,4031374,5dbc8537,1,24,transpose,8ad2b16120f9818869a6d2ef4d60c08a25a761a0c32f2ef9598ebee77c4eeef9,e5beec92c9992930f4d6b468db1806ee2f3b9224e13179af7d4e8bb5897148e0,INDEPENDENT_FAST_2_PER_GPU,FAST_PASS,fast3,,2,2,313,314,313,232,18.74520207196474,search_exhausted,,,,o01_g1,5dbc8537:o1:d024:transpose,0,1790593359875570854,406b9ab7e11db392c353340610405ecca0094bf2c9cf3e5d3e1bf5e4536b82ba,6f24c0750ecbbb9e4d8dce3c893aef6ee0a175eea6176490ac1305993b50c57e
/workspace/arc2/active_runs/eval60_v5_vs_greedy_4worker_v1/tmp/5dbc8537/d024/o01_g1.json,ad9c6628636508e75fd5700a7c712d77f0b71603a0ec577810f69eb2d118b6ad,4031374,5dbc8537,1,24,anti_transpose,8ad2b16120f9818869a6d2ef4d60c08a25a761a0c32f2ef9598ebee77c4eeef9,e5beec92c9992930f4d6b468db1806ee2f3b9224e13179af7d4e8bb5897148e0,INDEPENDENT_FAST_2_PER_GPU,FAST_PASS,fast0,,2,2,276,277,276,203,16.70283007249236,search_exhausted,,,,o01_g1,5dbc8537:o1:d024:anti_transpose,1,1790593359875570854,a6f69e4d837bd1d852330cc8ac5e32de922e2b9ea6542d0d91f5b59d10065479,6f0d6d040b7361e6e686e705d146a6e0b88d526b7b8d1f1ebda5302d3a446f90
/workspace/arc2/active_runs/eval60_v5_vs_greedy_4worker_v1/tmp/5dbc8537/d048/o00_g0.json,7714e9c6560ed6d441f56ef24555c4f37df38ab4281a5ab8da3388c6dbe7dc62,5181987,5dbc8537,0,48,identity,e848873041b5254ec44e068427e50bb5d07b3f131cae0191daaff88d01c91c52,e5beec92c9992930f4d6b468db1806ee2f3b9224e13179af7d4e8bb5897148e0,INDEPENDENT_FAST_2_PER_GPU,FAST_PASS,fast2,,2,2,489,490,489,424,28.543951341882348,search_exhausted,,,,o00_g0,5dbc8537:o0:d048:identity,0,1790593387616257052,77f33f19fa371808556983c02bc76455eeec02675fa03cb936d661d444058acc,8a0130407040afc343d7cd35dd897fed35d35dc5e295e5c341cccf344e73f0b5
/workspace/arc2/active_runs/eval60_v5_vs_greedy_4worker_v1/tmp/5dbc8537/d048/o00_g0.json,7714e9c6560ed6d441f56ef24555c4f37df38ab4281a5ab8da3388c6dbe7dc62,5181987,5dbc8537,0,48,flip_ud,e848873041b5254ec44e068427e50bb5d07b3f131cae0191daaff88d01c91c52,e5beec92c9992930f4d6b468db1806ee2f3b9224e13179af7d4e8bb5897148e0,INDEPENDENT_FAST_2_PER_GPU,FAST_PASS,fast0,,1,1,259,260,259,197,15.396220227703452,search_exhausted,,,,o00_g0,5dbc8537:o0:d048:flip_ud,1,1790593387616257052,e4520f1d15685a18c4e4bc415448353194f3aa354bbc0a3a2e627510060b104b,6d6918bbfc6458516d3ea62563e1996899bb035584437a92af58eca57bc9d0cc
/workspace/arc2/active_runs/eval60_v5_vs_greedy_4worker_v1/tmp/5dbc8537/d048/o00_g1.json,6b950e0c4e5c559d74f8c81467c0e07f6c73b1222255db9929c55075e104766b,7704346,5dbc8537,0,48,transpose,e848873041b5254ec44e068427e50bb5d07b3f131cae0191daaff88d01c91c52,e5beec92c9992930f4d6b468db1806ee2f3b9224e13179af7d4e8bb5897148e0,INDEPENDENT_FAST_2_PER_GPU,FAST_PASS,fast3,,2,2,546,547,546,512,31.99744434095919,search_exhausted,,,,o00_g1,5dbc8537:o0:d048:transpose,0,1790593410000000000,80ce86d91c0115663e30b528df681e2f857f2b4decfb0aa52a7d0b4b6435e8f2,5847c3074a3eb3cf84c276568c5644056b3aee07ac1caafcad7551b571875d66
/workspace/arc2/active_runs/eval60_v5_vs_greedy_4worker_v1/tmp/5dbc8537/d048/o00_g1.json,6b950e0c4e5c559d74f8c81467c0e07f6c73b1222255db9929c55075e104766b,7704346,5dbc8537,0,48,anti_transpose,e848873041b5254ec44e068427e50bb5d07b3f131cae0191daaff88d01c91c52,e5beec92c9992930f4d6b468db1806ee2f3b9224e13179af7d4e8bb5897148e0,INDEPENDENT_FAST_2_PER_GPU,FAST_PASS,fast0,,2,2,546,547,546,502,32.20857645198703,search_exhausted,,,,o00_g1,5dbc8537:o0:d048:anti_transpose,1,1790593410000000000,28cdc869e8c47fa284a16c2161a2a16892403e31eb8a66e44e67298b633e8727,eeb21b61c84c43e52cf39dc6bf093d96b4cb16f3b159456fe7bf0ad3a766836b
/workspace/arc2/active_runs/eval60_v5_vs_greedy_4worker_v1/tmp/5dbc8537/d048/o01_g0.json,8d82e790f9a049d7cf7bf3d5c336375a295f657b8e72958135d84804b8a8e885,2357698,5dbc8537,1,48,identity,e848873041b5254ec44e068427e50bb5d07b3f131cae0191daaff88d01c91c52,e5beec92c9992930f4d6b468db1806ee2f3b9224e13179af7d4e8bb5897148e0,INDEPENDENT_FAST_2_PER_GPU,FAST_PASS,fast2,,1,1,179,180,179,62,10.713097251951694,search_exhausted,,,,o01_g0,5dbc8537:o1:d048:identity,0,1790593405069735263,f8666cbb33d9d183c42341a2b03898206f807091be505393c24cfb8f9e649711,dd51f852086e491528d278fdc45473bc1cf002d84cb7e0512c5e41babbf693d4
/workspace/arc2/active_runs/eval60_v5_vs_greedy_4worker_v1/tmp/5dbc8537/d048/o01_g0.json,8d82e790f9a049d7cf7bf3d5c336375a295f657b8e72958135d84804b8a8e885,2357698,5dbc8537,1,48,flip_ud,e848873041b5254ec44e068427e50bb5d07b3f131cae0191daaff88d01c91c52,e5beec92c9992930f4d6b468db1806ee2f3b9224e13179af7d4e8bb5897148e0,INDEPENDENT_FAST_2_PER_GPU,FAST_PASS,fast3,,1,1,179,180,179,89,10.781488424167037,search_exhausted,,,,o01_g0,5dbc8537:o1:d048:flip_ud,1,1790593405069735263,3044cd768972a9cf36f252d9457644b2c2c0ca08d2faca5dccca9178e4ffb8f9,293a0fe8bbb992acc4986817edc47e911f0a2dcf2138443dbe6a083b32de652e
/workspace/arc2/active_runs/eval60_v5_vs_greedy_4worker_v1/tmp/5dbc8537/d048/o01_g1.json,c1726cbac2c60d9592b794760b2b08090585f56d8f96cfe93c0edf95c712bf5f,3192221,5dbc8537,1,48,transpose,e848873041b5254ec44e068427e50bb5d07b3f131cae0191daaff88d01c91c52,e5beec92c9992930f4d6b468db1806ee2f3b9224e13179af7d4e8bb5897148e0,INDEPENDENT_FAST_2_PER_GPU,FAST_PASS,fast2,,1,1,167,168,167,81,10.338888747617602,search_exhausted,,,,o01_g1,5dbc8537:o1:d048:transpose,0,1790593422785224586,c223ebeafd3d8c72867c9d092097351c79cb9f8e12cdcdd3a0c7d156894b927d,8de2b20329d910ef919f4a87608cdcb44de05bd3bfb1373026344e73eb0ef2c9
/workspace/arc2/active_runs/eval60_v5_vs_greedy_4worker_v1/tmp/5dbc8537/d048/o01_g1.json,c1726cbac2c60d9592b794760b2b08090585f56d8f96cfe93c0edf95c712bf5f,3192221,5dbc8537,1,48,anti_transpose,e848873041b5254ec44e068427e50bb5d07b3f131cae0191daaff88d01c91c52,e5beec92c9992930f4d6b468db1806ee2f3b9224e13179af7d4e8bb5897148e0,INDEPENDENT_FAST_2_PER_GPU,FAST_PASS,fast3,,2,2,299,300,299,223,17.610698778182268,search_exhausted,,,,o01_g1,5dbc8537:o1:d048:anti_transpose,1,1790593422785224586,2fa64e6477232daa6c73ba2c8ab2b6ef7990c3b53d985d2d1008b5d88f1dc7de,237341885f360e750c28790337f524f358dcc06fe65a68a3606006546881fff5
/workspace/arc2/active_runs/eval60_v5_vs_greedy_4worker_v1/tmp/62593bfd/d012/o00_g0.json,841080bbdd1cc8fc45b653953c9a3727983cc234a0f8a73c8b328343e3f1b32f,16343920,62593bfd,0,12,identity,861e62ac46aa3ee5782235624f63f933483af8d91984210e47cb18930ea41f3d,e5beec92c9992930f4d6b468db1806ee2f3b9224e13179af7d4e8bb5897148e0,INDEPENDENT_SINGLE_PER_GPU_REPAIR,HEAVY_REPAIR,heavy0_serial,,2,2,1280,1281,1280,0,76.16326687298715,search_exhausted,,,,o00_g0,62593bfd:o0:d012:identity,0,1790597587000000000,63ff8955892c7a970a57575697116d6f4ef1d9746658381a2a238f84fb535093,53587bbc86bc8fe7a93c4b3a7c0cc03e5f700ba287f5082dfb2d8928bbde5b99
/workspace/arc2/active_runs/eval60_v5_vs_greedy_4worker_v1/tmp/62593bfd/d012/o00_g0.json,841080bbdd1cc8fc45b653953c9a3727983cc234a0f8a73c8b328343e3f1b32f,16343920,62593bfd,0,12,flip_ud,861e62ac46aa3ee5782235624f63f933483af8d91984210e47cb18930ea41f3d,e5beec92c9992930f4d6b468db1806ee2f3b9224e13179af7d4e8bb5897148e0,INDEPENDENT_SINGLE_PER_GPU_REPAIR,HEAVY_REPAIR,heavy0_serial,,2,2,1285,1286,1285,631,76.39687502756715,search_exhausted,,,,o00_g0,62593bfd:o0:d012:flip_ud,1,1790597587000000000,6a0c4d7f3647c94401f4cf5cc2364b401260c8e8afb72f7cf36762b7db8c5801,93c19c9e2d892c0934378928f4d163272072ab3c9286d277965078a7790cd603
/workspace/arc2/active_runs/eval60_v5_vs_greedy_4worker_v1/tmp/62593bfd/d012/o00_g1.json,c5d7f1679d2e6b93613cb0a6d88ecab5b7fe6dacfe74059bf5df5b0deadf3de4,16722411,62593bfd,0,12,transpose,861e62ac46aa3ee5782235624f63f933483af8d91984210e47cb18930ea41f3d,e5beec92c9992930f4d6b468db1806ee2f3b9224e13179af7d4e8bb5897148e0,INDEPENDENT_SINGLE_PER_GPU_REPAIR,HEAVY_REPAIR,heavy0_serial,,2,2,1218,1219,1218,728,73.46940015628934,search_exhausted,,,,o00_g1,62593bfd:o0:d012:transpose,0,1790597741000000000,efaff43453f823469a6e72e2ac6d477e19fb9e359afd3c9e26a2293b9ded5e5f,6ea1c3cc7d6e1f935c4fe09a56755facf913af4d75d31040c3187eab758cfd57
/workspace/arc2/active_runs/eval60_v5_vs_greedy_4worker_v1/tmp/62593bfd/d012/o00_g1.json,c5d7f1679d2e6b93613cb0a6d88ecab5b7fe6dacfe74059bf5df5b0deadf3de4,16722411,62593bfd,0,12,anti_transpose,861e62ac46aa3ee5782235624f63f933483af8d91984210e47cb18930ea41f3d,e5beec92c9992930f4d6b468db1806ee2f3b9224e13179af7d4e8bb5897148e0,INDEPENDENT_SINGLE_PER_GPU_REPAIR,HEAVY_REPAIR,heavy0_serial,,2,2,1272,1273,1272,788,75.90435346215963,search_exhausted,,,,o00_g1,62593bfd:o0:d012:anti_transpose,1,1790597741000000000,43f0188f6e1c8d8cd070564891c9d7bb2853ffdcc6de552ee7129764dbdf9aaf,4e8b7e1cf3965f88236f78e4edf2087e8c882b61577724504f16a91acc112e23
/workspace/arc2/active_runs/eval60_v5_vs_greedy_4worker_v1/tmp/62593bfd/d012/o01_g0.json,8d033d4d67a19e1c1090a79f7ddec07af02f5475038ca14ce2fb96977bdfad62,18369224,62593bfd,1,12,identity,861e62ac46aa3ee5782235624f63f933483af8d91984210e47cb18930ea41f3d,e5beec92c9992930f4d6b468db1806ee2f3b9224e13179af7d4e8bb5897148e0,INDEPENDENT_FAST_2_PER_GPU,FAST_PASS,fast3,,2,2,1094,1095,1094,529,64.99046969600022,search_exhausted,,,,o01_g0,62593bfd:o1:d012:identity,0,1790597842000000000,fc9010af3b7f33d1d7d709b78362170158fd30b315b01cc967015c22a22efd5a,7626e5a5a3e6f77a378532dfb3eba0a49c46b30c7da7ebf06f288eabfc87d709
/workspace/arc2/active_runs/eval60_v5_vs_greedy_4worker_v1/tmp/62593bfd/d012/o01_g0.json,8d033d4d67a19e1c1090a79f7ddec07af02f5475038ca14ce2fb96977bdfad62,18369224,62593bfd,1,12,flip_ud,861e62ac46aa3ee5782235624f63f933483af8d91984210e47cb18930ea41f3d,e5beec92c9992930f4d6b468db1806ee2f3b9224e13179af7d4e8bb5897148e0,INDEPENDENT_SINGLE_PER_GPU_REPAIR,HEAVY_REPAIR,heavy0_serial,,3,3,1643,1644,1643,1596,98.01696189679205,search_exhausted,,,,o01_g0,62593bfd:o1:d012:flip_ud,1,1790597842000000000,b760ad98b6cdd661ec3f0b91c4142380a7c86642a4405b764b1bff74b3d4ba11,3d6576593c30e4dc333d3e1e11fc3231ce637ca56ce5d9db4103f4374f89ae83
/workspace/arc2/active_runs/eval60_v5_vs_greedy_4worker_v1/tmp/62593bfd/d012/o01_g1.json,2906b30f04d57cfef73f07d9f38081fd70ab1060d8445a9aae8c8fdfd2952540,24283392,62593bfd,1,12,transpose,861e62ac46aa3ee5782235624f63f933483af8d91984210e47cb18930ea41f3d,e5beec92c9992930f4d6b468db1806ee2f3b9224e13179af7d4e8bb5897148e0,INDEPENDENT_SINGLE_PER_GPU_REPAIR,HEAVY_REPAIR,heavy0_serial,,3,3,1575,1576,1575,1020,95.69892213493586,search_exhausted,,,,o01_g1,62593bfd:o1:d012:transpose,0,1790598062000000000,29d6e0cd846647956ed317e183822beca5d28019ca7a11b064aa8e4958995249,0303ce7d40c7a71c31059ac496fbbea8974f95dcc6e6c24ef356b92aaf9c838e
/workspace/arc2/active_runs/eval60_v5_vs_greedy_4worker_v1/tmp/62593bfd/d012/o01_g1.json,2906b30f04d57cfef73f07d9f38081fd70ab1060d8445a9aae8c8fdfd2952540,24283392,62593bfd,1,12,anti_transpose,861e62ac46aa3ee5782235624f63f933483af8d91984210e47cb18930ea41f3d,e5beec92c9992930f4d6b468db1806ee2f3b9224e13179af7d4e8bb5897148e0,INDEPENDENT_SINGLE_PER_GPU_REPAIR,HEAVY_REPAIR,heavy0_serial,,4,4,2028,2029,2028,1558,121.73408396542072,search_exhausted,,,,o01_g1,62593bfd:o1:d012:anti_transpose,1,1790598062000000000,52e3c537cb9a871c11bedbd523b3d5612e09495426e2ca76a31c28371711689e,7b1f95775bc846d3f99b62fdb615b0342bf4aae3b88fcbd59893d5cd89a090e2
/workspace/arc2/active_runs/eval60_v5_vs_greedy_4worker_v1/tmp/62593bfd/d024/o00_g0.json,81c1acc5c4a16fd5db3c587edaee41b2cb3534aaac1df4a30c15f5bfe9ad01e8,11982656,62593bfd,0,24,identity,9f71e62198645cce5f8e86a0571ecb1fbf3445be9f9bfd0b20b108100290efa0,e5beec92c9992930f4d6b468db1806ee2f3b9224e13179af7d4e8bb5897148e0,INDEPENDENT_SINGLE_PER_GPU_REPAIR,HEAVY_REPAIR,heavy0_serial,,1,1,649,650,649,0,38.99897985719144,search_exhausted,,,,o00_g0,62593bfd:o0:d024:identity,0,1790598119000000000,eab67d2d626fd920136154248f4e96144c5a207dc0396112e8620a75abe81b47,6d8bfd589d44af41321a98e0b9f682b923e2363f196ae4b3140e0b9bc840813c
/workspace/arc2/active_runs/eval60_v5_vs_greedy_4worker_v1/tmp/62593bfd/d024/o00_g0.json,81c1acc5c4a16fd5db3c587edaee41b2cb3534aaac1df4a30c15f5bfe9ad01e8,11982656,62593bfd,0,24,flip_ud,9f71e62198645cce5f8e86a0571ecb1fbf3445be9f9bfd0b20b108100290efa0,e5beec92c9992930f4d6b468db1806ee2f3b9224e13179af7d4e8bb5897148e0,INDEPENDENT_FAST_2_PER_GPU,FAST_PASS,fast0,,2,2,1285,1286,1285,0,77.53446489013731,search_exhausted,,,,o00_g0,62593bfd:o0:d024:flip_ud,1,1790598119000000000,7a8b0e7ef85c6b4c8da8b5cb4706282a6067666d57c66d508c8dbef17adcf40e,1042d2d3e5fea5968343ac2f3dd610c3e375439839d2fb657dfae91bfcd84069
/workspace/arc2/active_runs/eval60_v5_vs_greedy_4worker_v1/tmp/62593bfd/d024/o00_g1.json,f9a8272487cbb2f5fdeed7fd495b894273f193f2c16b541dc0b08798b435b98f,21361624,62593bfd,0,24,transpose,9f71e62198645cce5f8e86a0571ecb1fbf3445be9f9bfd0b20b108100290efa0,e5beec92c9992930f4d6b468db1806ee2f3b9224e13179af7d4e8bb5897148e0,,UNKNOWN,fast0,,3,3,1820,1822,1820,1149,52.64520128443837,search_exhausted,,,,o00_g1,62593bfd:o0:d024:transpose,0,1790578068000000000,8566709a6ecfe5f6c6b2ab7a77f468256c3020a21cc9cffa3144bb1b27748fda,1375972c34e0bb60e491bd0cb472014342cd90fa4d059c47ae3f149ce7179080
/workspace/arc2/active_runs/eval60_v5_vs_greedy_4worker_v1/tmp/62593bfd/d024/o00_g1.json,f9a8272487cbb2f5fdeed7fd495b894273f193f2c16b541dc0b08798b435b98f,21361624,62593bfd,0,24,anti_transpose,9f71e62198645cce5f8e86a0571ecb1fbf3445be9f9bfd0b20b108100290efa0,e5beec92c9992930f4d6b468db1806ee2f3b9224e13179af7d4e8bb5897148e0,,UNKNOWN,fast0,,3,3,1820,1822,1820,963,52.64520128443837,search_exhausted,,,,o00_g1,62593bfd:o0:d024:anti_transpose,1,1790578068000000000,953b36f780f4126cf4e7be00294a472fdccb82a0286fd533b84c9eb17226888b,7f0f9163569b57d0a1e6ba2d7ccb6597b8c407a2dca475a097f6163492f75c4a
/workspace/arc2/active_runs/eval60_v5_vs_greedy_4worker_v1/tmp/62593bfd/d024/o01_g0.json,a08573bf1ab850ea97a397fa802019e1ed6272d8dc8545e8bcbad87146e81c33,19375644,62593bfd,1,24,identity,9f71e62198645cce5f8e86a0571ecb1fbf3445be9f9bfd0b20b108100290efa0,e5beec92c9992930f4d6b468db1806ee2f3b9224e13179af7d4e8bb5897148e0,,UNKNOWN,fast2,,3,3,1642,1644,1642,1078,47.62913342565298,search_exhausted,,,,o01_g0,62593bfd:o1:d024:identity,0,1790578180000000000,bf7305f0a8a70d4436f9e19766c51a8f482a71b10f3aef41f8285e8107794d3a,d0842bb603999543f2ae68b1cffda390a2c47ea6f72603ceda5002c481ad5b7b
/workspace/arc2/active_runs/eval60_v5_vs_greedy_4worker_v1/tmp/62593bfd/d024/o01_g0.json,a08573bf1ab850ea97a397fa802019e1ed6272d8dc8545e8bcbad87146e81c33,19375644,62593bfd,1,24,flip_ud,9f71e62198645cce5f8e86a0571ecb1fbf3445be9f9bfd0b20b108100290efa0,e5beec92c9992930f4d6b468db1806ee2f3b9224e13179af7d4e8bb5897148e0,,UNKNOWN,fast2,,3,3,1643,1644,1643,1603,47.62913342565298,search_exhausted,,,,o01_g0,62593bfd:o1:d024:flip_ud,1,1790578180000000000,d331817d11d8e3a4b1deb9bd2d0973eb54b4ac227fcfea22e5ba8df2f581ae74,a53e5e00eaf549b8da270093acb4ce6348975507e55cc6266b9706c88cf3478a
/workspace/arc2/active_runs/eval60_v5_vs_greedy_4worker_v1/tmp/62593bfd/d024/o01_g1.json,fd6ac01d84fb58ce21caaab7ca51598c7cb7d928e452ea7bb953368ae35b6e69,24793854,62593bfd,1,24,transpose,9f71e62198645cce5f8e86a0571ecb1fbf3445be9f9bfd0b20b108100290efa0,e5beec92c9992930f4d6b468db1806ee2f3b9224e13179af7d4e8bb5897148e0,,UNKNOWN,fast0,,4,4,2076,2079,2076,1501,59.70646485313773,search_exhausted,,,,o01_g1,62593bfd:o1:d024:transpose,0,1790578189000000000,55262eb81b94def61c5bddeff6a5588d6f94f6b5cf5b89ea74694b4c35cbe85f,c5ccd07f7c37d1bec18d08cfb546da71e77afffa4289b774ba8f9741fb44dc4f
/workspace/arc2/active_runs/eval60_v5_vs_greedy_4worker_v1/tmp/62593bfd/d024/o01_g1.json,fd6ac01d84fb58ce21caaab7ca51598c7cb7d928e452ea7bb953368ae35b6e69,24793854,62593bfd,1,24,anti_transpose,9f71e62198645cce5f8e86a0571ecb1fbf3445be9f9bfd0b20b108100290efa0,e5beec92c9992930f4d6b468db1806ee2f3b9224e13179af7d4e8bb5897148e0,,UNKNOWN,fast0,,4,4,2077,2079,2077,1763,59.70646485313773,search_exhausted,,,,o01_g1,62593bfd:o1:d024:anti_transpose,1,1790578189000000000,786ac55083e9ae3e82a465d1b7de3ad75ce9a7ac5f49cadefadbfd37fb7b5c7e,72c9c47aca568920276472c11355039424598a0f5da5743c2b877adaa2da8a9e
/workspace/arc2/active_runs/eval60_v5_vs_greedy_4worker_v1/tmp/62593bfd/d048/o00_g0.json,9f4ac41cdb994ddbd921f29eb091923528134ff031e99a3fe002f160648abb75,11997388,62593bfd,0,48,identity,0062ca10b8e3e4676677798a0087c6bb3360904ab7816794b0646c8c1f65bdcb,e5beec92c9992930f4d6b468db1806ee2f3b9224e13179af7d4e8bb5897148e0,INDEPENDENT_SINGLE_PER_GPU_REPAIR,HEAVY_REPAIR,heavy0_serial,,2,2,1280,1281,1280,86,76.6169158667326,search_exhausted,,,,o00_g0,62593bfd:o0:d048:identity,0,1790598212000000000,f7cb4ae22ecd8aa5037d20eb47c8479f59ac0291a036aa49135f392e082052d2,97a2ca5b63521187cbea734f0246515dbbf9a86f2c8d47fcda792b06501eb2df
/workspace/arc2/active_runs/eval60_v5_vs_greedy_4worker_v1/tmp/62593bfd/d048/o00_g0.json,9f4ac41cdb994ddbd921f29eb091923528134ff031e99a3fe002f160648abb75,11997388,62593bfd,0,48,flip_ud,0062ca10b8e3e4676677798a0087c6bb3360904ab7816794b0646c8c1f65bdcb,e5beec92c9992930f4d6b468db1806ee2f3b9224e13179af7d4e8bb5897148e0,INDEPENDENT_FAST_2_PER_GPU,FAST_PASS,fast3,,1,1,649,650,649,0,39.49155233800411,search_exhausted,,,,o00_g0,62593bfd:o0:d048:flip_ud,1,1790598212000000000,c229feedaae1fb3cb81855343a94b92a4942ac5207467cd879205c8f08ca2a68,5263024e3cd638768067062db427dcd7cc87d6636cf8d5d6ab21b3df6f52dec4
/workspace/arc2/active_runs/eval60_v5_vs_greedy_4worker_v1/tmp/62593bfd/d048/o00_g1.json,57b12ad1788c9a6ba13db7e96e4c79636f2c4d14d3efc68d89ca6d025d3eff10,13856438,62593bfd,0,48,transpose,0062ca10b8e3e4676677798a0087c6bb3360904ab7816794b0646c8c1f65bdcb,e5beec92c9992930f4d6b468db1806ee2f3b9224e13179af7d4e8bb5897148e0,,UNKNOWN,fast2,,2,2,1218,1219,1218,499,36.06553223822266,search_exhausted,,,,o00_g1,62593bfd:o0:d048:transpose,0,1790578062000000000,fdbce7e7b64482fd07827cfbe6cc294fcb550353f96b0eda6ab8f6f2f209a92f,ab252ee887b59ea26de3fa568ff533cff3b2531c0a90e919ed6404807fd5f176
/workspace/arc2/active_runs/eval60_v5_vs_greedy_4worker_v1/tmp/62593bfd/d048/o00_g1.json,57b12ad1788c9a6ba13db7e96e4c79636f2c4d14d3efc68d89ca6d025d3eff10,13856438,62593bfd,0,48,anti_transpose,0062ca10b8e3e4676677798a0087c6bb3360904ab7816794b0646c8c1f65bdcb,e5beec92c9992930f4d6b468db1806ee2f3b9224e13179af7d4e8bb5897148e0,,UNKNOWN,fast2,,2,2,1217,1219,1217,569,36.06553223822266,search_exhausted,,,,o00_g1,62593bfd:o0:d048:anti_transpose,1,1790578062000000000,df38cc620e0b970eff638d88ea8b66e66074f0d5a918438935ce5a1dfce8c295,f2846c30016e646b515d7da3636ed24ca39663b68012b4f7de86f5067cbefafc
/workspace/arc2/active_runs/eval60_v5_vs_greedy_4worker_v1/tmp/62593bfd/d048/o01_g0.json,6ed4a8030aeb2d14e6f6885ba6f866bae234bd13fa387d4fd7a4d27d80877437,10050339,62593bfd,1,48,identity,0062ca10b8e3e4676677798a0087c6bb3360904ab7816794b0646c8c1f65bdcb,e5beec92c9992930f4d6b468db1806ee2f3b9224e13179af7d4e8bb5897148e0,INDEPENDENT_SINGLE_PER_GPU_REPAIR,HEAVY_REPAIR,heavy0_serial,,2,2,1078,1079,1078,0,64.21150872297585,search_exhausted,,,,o01_g0,62593bfd:o1:d048:identity,0,1790598312000000000,1c51015be1c6150fef8b4b262689a639bb16777525a8c58925ef989807a5fbd9,ea9c09f41f1061087415da0e8615fcd2d3defc56fc256a5a117cbae23b3fb39e
/workspace/arc2/active_runs/eval60_v5_vs_greedy_4worker_v1/tmp/62593bfd/d048/o01_g0.json,6ed4a8030aeb2d14e6f6885ba6f866bae234bd13fa387d4fd7a4d27d80877437,10050339,62593bfd,1,48,flip_ud,0062ca10b8e3e4676677798a0087c6bb3360904ab7816794b0646c8c1f65bdcb,e5beec92c9992930f4d6b468db1806ee2f3b9224e13179af7d4e8bb5897148e0,INDEPENDENT_SINGLE_PER_GPU_REPAIR,HEAVY_REPAIR,heavy0_serial,,1,1,550,551,550,0,32.96299308538437,search_exhausted,,,,o01_g0,62593bfd:o1:d048:flip_ud,1,1790598312000000000,6262b391a7f8720b60f9eddb0d61714108dad83806b669a87dff79d93f7f703f,3965c71ab4931e7d49304517baf897724910cd70acfafff07c59d87d7261b8eb
/workspace/arc2/active_runs/eval60_v5_vs_greedy_4worker_v1/tmp/62593bfd/d048/o01_g1.json,4c2c05142ff216335e046f91e0c31a879838b0e15fb2a00675716b4bd0e8020b,16650778,62593bfd,1,48,transpose,0062ca10b8e3e4676677798a0087c6bb3360904ab7816794b0646c8c1f65bdcb,e5beec92c9992930f4d6b468db1806ee2f3b9224e13179af7d4e8bb5897148e0,INDEPENDENT_SINGLE_PER_GPU_REPAIR,HEAVY_REPAIR,heavy0_serial,,2,2,1037,1038,1037,184,61.76140989176929,search_exhausted,,,,o01_g1,62593bfd:o1:d048:transpose,0,1790598380000000000,5c99ac860dc6e4ec435f0740b60546c6934fa24d92116c1a036e6d0e1ceb946e,aae03b4ebb7f8e475cc109698cd2913fd42231b1ab2cae19961991003347d608
/workspace/arc2/active_runs/eval60_v5_vs_greedy_4worker_v1/tmp/62593bfd/d048/o01_g1.json,4c2c05142ff216335e046f91e0c31a879838b0e15fb2a00675716b4bd0e8020b,16650778,62593bfd,1,48,anti_transpose,0062ca10b8e3e4676677798a0087c6bb3360904ab7816794b0646c8c1f65bdcb,e5beec92c9992930f4d6b468db1806ee2f3b9224e13179af7d4e8bb5897148e0,INDEPENDENT_FAST_2_PER_GPU,FAST_PASS,fast3,,3,3,1505,1506,1505,966,89.55548722669482,search_exhausted,,,,o01_g1,62593bfd:o1:d048:anti_transpose,1,1790598380000000000,ecbd4c24019ca964286d6b4cfc974775cde5010738b5a158f5f99fe88e0a406b,ad4b2721695b560c52f4852cd42effc29e26c5146372ff585f3d30291ae9641a
/workspace/arc2/active_runs/eval60_v5_vs_greedy_4worker_v1/tmp/64efde09/d012/o00_g0.json,f9302fd11a204e12e95f67320c4367d256d878af4dfe9473637256fd948c281f,18059921,64efde09,0,12,identity,6bd126b15c2ac197ed9f1bc389c6d46a6a63aab3e6cb245f6b126cf5749ee2e2,e5beec92c9992930f4d6b468db1806ee2f3b9224e13179af7d4e8bb5897148e0,INDEPENDENT_FAST_2_PER_GPU,FAST_PASS,fast0,,2,2,1715,1716,1715,1511,102.8233318515122,search_exhausted,,,,o00_g0,64efde09:o0:d012:identity,0,1790587799000000000,51723268b7b106826da037df01e4600db439c3dfcaef26df852bde68a93547bb,64c4a41f8472c9c6cfe5ba4d4109e2e5be12f25d7842a4f45e20401615674763
/workspace/arc2/active_runs/eval60_v5_vs_greedy_4worker_v1/tmp/64efde09/d012/o00_g0.json,f9302fd11a204e12e95f67320c4367d256d878af4dfe9473637256fd948c281f,18059921,64efde09,0,12,flip_ud,6bd126b15c2ac197ed9f1bc389c6d46a6a63aab3e6cb245f6b126cf5749ee2e2,e5beec92c9992930f4d6b468db1806ee2f3b9224e13179af7d4e8bb5897148e0,INDEPENDENT_FAST_2_PER_GPU,FAST_PASS,fast1,,1,1,869,870,869,840,53.440519047901034,search_exhausted,,,,o00_g0,64efde09:o0:d012:flip_ud,1,1790587799000000000,9b4108e11973f10eee3dc2d08801c9ccf99ee44f1ddb15b3d01985572288c5b5,eae0deeef4509db1c7ec09d7bccfae5b7f5ed07e5530dc1d5e82e46998f15e2f
/workspace/arc2/active_runs/eval60_v5_vs_greedy_4worker_v1/tmp/64efde09/d012/o00_g1.json,a6975834fc9bea81b5e35c9589a98b7231e2cc59201500706053a0ed62fb8c0b,21729502,64efde09,0,12,transpose,6bd126b15c2ac197ed9f1bc389c6d46a6a63aab3e6cb245f6b126cf5749ee2e2,e5beec92c9992930f4d6b468db1806ee2f3b9224e13179af7d4e8bb5897148e0,,UNKNOWN,fast2,,2,2,1736,1737,1736,1731,51.06112514063716,search_exhausted,,,,o00_g1,64efde09:o0:d012:transpose,0,1790577613000000000,2ea8aa1ed0ff68f5980423dde3fcfbc3428c058fc7c95e7ed23416a411870a44,f4c88b82b4fd421df9134af0ca424a0e7085c8428ed97689d80b8e913a4927f8
/workspace/arc2/active_runs/eval60_v5_vs_greedy_4worker_v1/tmp/64efde09/d012/o00_g1.json,a6975834fc9bea81b5e35c9589a98b7231e2cc59201500706053a0ed62fb8c0b,21729502,64efde09,0,12,anti_transpose,6bd126b15c2ac197ed9f1bc389c6d46a6a63aab3e6cb245f6b126cf5749ee2e2,e5beec92c9992930f4d6b468db1806ee2f3b9224e13179af7d4e8bb5897148e0,,UNKNOWN,fast2,,2,2,1736,1737,1736,1723,51.06112514063716,search_exhausted,,,,o00_g1,64efde09:o0:d012:anti_transpose,1,1790577613000000000,91026be43dba7567401f6b9d62f23e1ba023bdf53ef5edf26d2c236557345371,728199e09ac67e10e0553a5fd499734ee4f33bb059453377e76d7d8e4bb4bde5
/workspace/arc2/active_runs/eval60_v5_vs_greedy_4worker_v1/tmp/64efde09/d024/o00_g0.json,1ca1b3a60ed03da9f762563a7c553707483635b2ae8682cb54f95d8dae4f9cbe,23085023,64efde09,0,24,identity,df725c7005673a98c35c5715cc7488def52cbb5f4c30a03fc22ee3980d53aef8,e5beec92c9992930f4d6b468db1806ee2f3b9224e13179af7d4e8bb5897148e0,INDEPENDENT_FAST_2_PER_GPU,FAST_PASS,fast3,,2,2,1719,1720,1719,849,105.60879311524332,search_exhausted,,,,o00_g0,64efde09:o0:d024:identity,0,1790587811638845571,9230744184d3d4bc878e0d2700e77824493486ea9960a66367281a8522d8b81a,0dcf8f13027499b29319a247acb23f41f469877a4fb6e440f1e8fd63f954e699
/workspace/arc2/active_runs/eval60_v5_vs_greedy_4worker_v1/tmp/64efde09/d024/o00_g0.json,1ca1b3a60ed03da9f762563a7c553707483635b2ae8682cb54f95d8dae4f9cbe,23085023,64efde09,0,24,flip_ud,df725c7005673a98c35c5715cc7488def52cbb5f4c30a03fc22ee3980d53aef8,e5beec92c9992930f4d6b468db1806ee2f3b9224e13179af7d4e8bb5897148e0,INDEPENDENT_FAST_2_PER_GPU,FAST_PASS,fast2,,2,2,1719,1720,1719,1696,104.54833059199154,search_exhausted,,,,o00_g0,64efde09:o0:d024:flip_ud,1,1790587811638845571,7cd4df38abd4d228fc3117c7c57cd27d6a2ba23c77ad8babb980ddce9ba860e8,7437727bb81ed3cf47d2b53cf8b79318b730ae8eb6aaade249b67f02a0883d62
/workspace/arc2/active_runs/eval60_v5_vs_greedy_4worker_v1/tmp/64efde09/d024/o00_g1.json,a735d52414aebe05bde759fedff179ce16d2cfd4495ea3cd95af9046b35a592d,29728470,64efde09,0,24,transpose,df725c7005673a98c35c5715cc7488def52cbb5f4c30a03fc22ee3980d53aef8,e5beec92c9992930f4d6b468db1806ee2f3b9224e13179af7d4e8bb5897148e0,INDEPENDENT_FAST_2_PER_GPU,FAST_PASS,fast1,,2,2,1736,1737,1736,1048,105.12358008511364,search_exhausted,,,,o00_g1,64efde09:o0:d024:transpose,0,1790587968000000000,c6bbd6ae331864b7935fd3ea214f48350ce6cb370d454d74e897ed52b5aa6079,15f24b12e1fc3a31911bbacc88389724da86d1b61afa83df046ed210e8c424f7
/workspace/arc2/active_runs/eval60_v5_vs_greedy_4worker_v1/tmp/64efde09/d024/o00_g1.json,a735d52414aebe05bde759fedff179ce16d2cfd4495ea3cd95af9046b35a592d,29728470,64efde09,0,24,anti_transpose,df725c7005673a98c35c5715cc7488def52cbb5f4c30a03fc22ee3980d53aef8,e5beec92c9992930f4d6b468db1806ee2f3b9224e13179af7d4e8bb5897148e0,INDEPENDENT_FAST_2_PER_GPU,FAST_PASS,fast0,,3,3,2603,2604,2603,2591,157.0794334486127,search_exhausted,,,,o00_g1,64efde09:o0:d024:anti_transpose,1,1790587968000000000,c8e84b31f99afe11d406005bdf16503ad7015a69c6ae5af1b47ef8e0f9ed7a44,f47aa97e7e41f36a542f86327de38bf1d57259fefa165079aba443a1a8c9fd07
/workspace/arc2/active_runs/eval60_v5_vs_greedy_4worker_v1/tmp/64efde09/d048/o00_g0.json,c1f13b19e99a0bd449e91fdf718d01e82ca57ac3e31a0f32ddfaaadb7f4cab65,22161584,64efde09,0,48,identity,ad653401ae7a020459344aae9740d570008c03085bcdc2c5846bbd2e8d34c36b,e5beec92c9992930f4d6b468db1806ee2f3b9224e13179af7d4e8bb5897148e0,INDEPENDENT_FAST_2_PER_GPU,FAST_PASS,fast2,,2,2,1678,1679,1678,879,102.33363418839872,search_exhausted,,,,o00_g0,64efde09:o0:d048:identity,0,1790587936000000000,f2b568bf975bf07bb22bd7e6e57d118cfbb8553376b3e69422284bd02d0d0fd6,15e7c09dd14f1ebade81b6babeed97d073f67c6ee24ca1535e6a5276911a7d08
/workspace/arc2/active_runs/eval60_v5_vs_greedy_4worker_v1/tmp/64efde09/d048/o00_g0.json,c1f13b19e99a0bd449e91fdf718d01e82ca57ac3e31a0f32ddfaaadb7f4cab65,22161584,64efde09,0,48,flip_ud,ad653401ae7a020459344aae9740d570008c03085bcdc2c5846bbd2e8d34c36b,e5beec92c9992930f4d6b468db1806ee2f3b9224e13179af7d4e8bb5897148e0,INDEPENDENT_FAST_2_PER_GPU,FAST_PASS,fast3,,2,2,1713,1714,1713,840,104.52391110360622,search_exhausted,,,,o00_g0,64efde09:o0:d048:flip_ud,1,1790587936000000000,74b7f4d3dff8870f8406c0abf89ca4e92217b0e2e4a3a587525b619dddd03747,0c78fde6b8e2cb6480eab36f907a182224b17616ee7d6ad69234df315b7126e1
/workspace/arc2/active_runs/eval60_v5_vs_greedy_4worker_v1/tmp/64efde09/d048/o00_g1.json,586755981f3437bed2532dc5adda2038b2069ff05658ae07e7bfa9a956e2c9ac,41269097,64efde09,0,48,transpose,ad653401ae7a020459344aae9740d570008c03085bcdc2c5846bbd2e8d34c36b,e5beec92c9992930f4d6b468db1806ee2f3b9224e13179af7d4e8bb5897148e0,,UNKNOWN,fast0,,4,4,3450,3453,3450,2583,99.01704802550375,search_exhausted,,,,o00_g1,64efde09:o0:d048:transpose,0,1790577941000000000,0e9dae916d056b5348c2e8bef66f80e70f7d314c867b44586902f2f1bf66cf20,d26e5b5038a4eda74e2b50f374e271113ef7ddcf6d1527963407a1addfd18876
/workspace/arc2/active_runs/eval60_v5_vs_greedy_4worker_v1/tmp/64efde09/d048/o00_g1.json,586755981f3437bed2532dc5adda2038b2069ff05658ae07e7bfa9a956e2c9ac,41269097,64efde09,0,48,anti_transpose,ad653401ae7a020459344aae9740d570008c03085bcdc2c5846bbd2e8d34c36b,e5beec92c9992930f4d6b468db1806ee2f3b9224e13179af7d4e8bb5897148e0,,UNKNOWN,fast0,,4,4,3451,3453,3451,3310,99.01704802550375,search_exhausted,,,,o00_g1,64efde09:o0:d048:anti_transpose,1,1790577941000000000,496a5a0fd5e9f8f6fdc39fa0a03cf301d70e72742f9ac169d19e1738eff05ef2,aa7927fbf1777169d48e7a66a2779d75c1baf2a6dc958b2008519815204a6af6
/workspace/arc2/active_runs/eval60_v5_vs_greedy_4worker_v1/tmp/67e490f4/d012/o00_g0.json,65e19b7c4362e79737d3b3459a709a88328775da7e26ca789264d5da85cbcc43,7857241,67e490f4,0,12,identity,c6ced99e3b0c75c60d1fa2d23d1a84d099fd0879915fca72b927c154ec4650e0,e5beec92c9992930f4d6b468db1806ee2f3b9224e13179af7d4e8bb5897148e0,INDEPENDENT_FAST_2_PER_GPU,FAST_PASS,fast0,,3,3,579,580,579,501,34.50977389700711,search_exhausted,,,,o00_g0,67e490f4:o0:d012:identity,0,1790604137000000000,3fadfedf872402fbdb3bc3ddcb5f31b921bb7f0f991f3fb2e722e1f179f0b637,6e5b3e09668c4b9f861283c4b20f89351581fa91583b14eb450e353a51ccead6
/workspace/arc2/active_runs/eval60_v5_vs_greedy_4worker_v1/tmp/67e490f4/d012/o00_g0.json,65e19b7c4362e79737d3b3459a709a88328775da7e26ca789264d5da85cbcc43,7857241,67e490f4,0,12,flip_ud,c6ced99e3b0c75c60d1fa2d23d1a84d099fd0879915fca72b927c154ec4650e0,e5beec92c9992930f4d6b468db1806ee2f3b9224e13179af7d4e8bb5897148e0,INDEPENDENT_SINGLE_PER_GPU_REPAIR,HEAVY_REPAIR,heavy0_serial,,3,3,579,580,579,530,34.31850403174758,search_exhausted,,,,o00_g0,67e490f4:o0:d012:flip_ud,1,1790604137000000000,41118498f8a104c96d39b68672fcf0e6a88f31a735d9a6d9479252e610d0f82f,f8bfb9e76552920af3448cd2c5614d958f9bd81cb20603d15a57c6d76153e718
/workspace/arc2/active_runs/eval60_v5_vs_greedy_4worker_v1/tmp/67e490f4/d012/o00_g1.json,6f29762bd38f1b17c231424dc379ec24316c1adb18b7b23346e627f0395ecc62,5361080,67e490f4,0,12,transpose,c6ced99e3b0c75c60d1fa2d23d1a84d099fd0879915fca72b927c154ec4650e0,e5beec92c9992930f4d6b468db1806ee2f3b9224e13179af7d4e8bb5897148e0,INDEPENDENT_SINGLE_PER_GPU_REPAIR,HEAVY_REPAIR,heavy0_serial,,2,2,363,364,363,0,21.95797478593886,search_exhausted,,,,o00_g1,67e490f4:o0:d012:transpose,0,1790604160000000000,156aa135efeea3b4d3465ce91115048ab6eb34d1f9827bfdaa40137e0e7ae677,82097217162e4dd0b49f52774ae4e5765157b9eb4a50b19f28cb47cb42680a91
/workspace/arc2/active_runs/eval60_v5_vs_greedy_4worker_v1/tmp/67e490f4/d012/o00_g1.json,6f29762bd38f1b17c231424dc379ec24316c1adb18b7b23346e627f0395ecc62,5361080,67e490f4,0,12,anti_transpose,c6ced99e3b0c75c60d1fa2d23d1a84d099fd0879915fca72b927c154ec4650e0,e5beec92c9992930f4d6b468db1806ee2f3b9224e13179af7d4e8bb5897148e0,INDEPENDENT_FAST_2_PER_GPU,FAST_PASS,fast0,,2,2,469,470,469,268,28.038747990503907,search_exhausted,,,,o00_g1,67e490f4:o0:d012:anti_transpose,1,1790604160000000000,8daf5a35339e2cfd32298acb74729705ecd53ad4fc08ca7c32c9196aa8760a31,df3a42c92d96474f13ca44004e7f94723fc626d606dfa0db19efc55243afdf92
/workspace/arc2/active_runs/eval60_v5_vs_greedy_4worker_v1/tmp/67e490f4/d024/o00_g0.json,04133e8aefe9d16c22615e9363f6e52bedd4a8c49c4c1a71a8ddbe695adf6f30,6527936,67e490f4,0,24,identity,2ca0011864f1269f4a815db0b3bcea212ff13deb152f76a2a0e12cc993caa621,e5beec92c9992930f4d6b468db1806ee2f3b9224e13179af7d4e8bb5897148e0,INDEPENDENT_SINGLE_PER_GPU_REPAIR,HEAVY_REPAIR,heavy0_serial,,2,2,400,401,400,302,23.739589907228947,search_exhausted,,,,o00_g0,67e490f4:o0:d024:identity,0,1790604204000000000,14e2441151c2de9a447bcbeb67ae032592caec91bc17749d3ef318d2fc416c66,164e63af1e0eaf9ea9c501538b4f8ef31e661410562991436958a399c5653443
/workspace/arc2/active_runs/eval60_v5_vs_greedy_4worker_v1/tmp/67e490f4/d024/o00_g0.json,04133e8aefe9d16c22615e9363f6e52bedd4a8c49c4c1a71a8ddbe695adf6f30,6527936,67e490f4,0,24,flip_ud,2ca0011864f1269f4a815db0b3bcea212ff13deb152f76a2a0e12cc993caa621,e5beec92c9992930f4d6b468db1806ee2f3b9224e13179af7d4e8bb5897148e0,INDEPENDENT_FAST_2_PER_GPU,FAST_PASS,fast0,,3,3,575,576,575,476,34.5626544393599,search_exhausted,,,,o00_g0,67e490f4:o0:d024:flip_ud,1,1790604204000000000,8bb18b9c7a656de9080a935f344594f30e803414aebd1d5d1d998d1ab94210fe,b2d2801acddcc55e202e973f5b7450cb5ce544b5ae99ae66669a9748bc23166f
/workspace/arc2/active_runs/eval60_v5_vs_greedy_4worker_v1/tmp/67e490f4/d024/o00_g1.json,1d8756418ace7afe3306937e6c7ed475716516b656254aed1c64ab81bdd378d0,3832395,67e490f4,0,24,transpose,2ca0011864f1269f4a815db0b3bcea212ff13deb152f76a2a0e12cc993caa621,e5beec92c9992930f4d6b468db1806ee2f3b9224e13179af7d4e8bb5897148e0,INDEPENDENT_FAST_2_PER_GPU,FAST_PASS,fast3,,2,2,373,374,373,47,21.945790607482195,search_exhausted,,,,o00_g1,67e490f4:o0:d024:transpose,0,1790604218406779522,8aa8ac07f322aa1fa731902f988f246db94d39bd8190769930786f4ae024629b,fbd8c709d1ffc45d87cd387296d5fe083759ed573909291258cd7aaed27be080
/workspace/arc2/active_runs/eval60_v5_vs_greedy_4worker_v1/tmp/67e490f4/d024/o00_g1.json,1d8756418ace7afe3306937e6c7ed475716516b656254aed1c64ab81bdd378d0,3832395,67e490f4,0,24,anti_transpose,2ca0011864f1269f4a815db0b3bcea212ff13deb152f76a2a0e12cc993caa621,e5beec92c9992930f4d6b468db1806ee2f3b9224e13179af7d4e8bb5897148e0,INDEPENDENT_SINGLE_PER_GPU_REPAIR,HEAVY_REPAIR,heavy0_serial,,1,1,239,240,239,0,14.378579005599022,search_exhausted,,,,o00_g1,67e490f4:o0:d024:anti_transpose,1,1790604218406779522,82572636db26c49e58261870f7e9cbc1902093f6b1c2fe138042ee3d29f7f9b6,ee297111c7234ed3ec82309020e8dc600f9be86525679528f5b452b191dcead3
/workspace/arc2/active_runs/eval60_v5_vs_greedy_4worker_v1/tmp/67e490f4/d048/o00_g0.json,a6b6fa17a88b8740d4062f85a218fafcad33ed68248b61bda7a35f5c86908673,5278027,67e490f4,0,48,identity,5c6ada7ae1248542cb4995c07d359c9c6b299385e11b911a466d6eef7a0498c5,e5beec92c9992930f4d6b468db1806ee2f3b9224e13179af7d4e8bb5897148e0,INDEPENDENT_FAST_2_PER_GPU,FAST_PASS,fast0,,2,2,360,361,360,346,21.573414478451014,search_exhausted,,,,o00_g0,67e490f4:o0:d048:identity,0,1790591971000000000,45a14616acf66bccb10cc091fac60bd3f15afb037102f54c5e1ca3fce0e49cf2,0c2ecb05d0e9086fa5230806aafa6374ecb3d20623362f777662e63aa4d38f84
/workspace/arc2/active_runs/eval60_v5_vs_greedy_4worker_v1/tmp/67e490f4/d048/o00_g0.json,a6b6fa17a88b8740d4062f85a218fafcad33ed68248b61bda7a35f5c86908673,5278027,67e490f4,0,48,flip_ud,5c6ada7ae1248542cb4995c07d359c9c6b299385e11b911a466d6eef7a0498c5,e5beec92c9992930f4d6b468db1806ee2f3b9224e13179af7d4e8bb5897148e0,INDEPENDENT_FAST_2_PER_GPU,FAST_PASS,fast3,,2,2,400,401,400,352,23.78386743925512,search_exhausted,,,,o00_g0,67e490f4:o0:d048:flip_ud,1,1790591971000000000,40df7a43026a7dea90e157f4cf763829b40e877adc30999aef9d7e071d55ee60,82f3bfd6b0951f8dbb0cb1fcb1cffb7edfadb196d607d7c7e804b53568c2b954
/workspace/arc2/active_runs/eval60_v5_vs_greedy_4worker_v1/tmp/67e490f4/d048/o00_g1.json,bd923ea8729f7de8fbc692e79d2df680adebac0fee2fa13fcab331517b87c1e5,6308027,67e490f4,0,48,transpose,5c6ada7ae1248542cb4995c07d359c9c6b299385e11b911a466d6eef7a0498c5,e5beec92c9992930f4d6b468db1806ee2f3b9224e13179af7d4e8bb5897148e0,INDEPENDENT_SINGLE_PER_GPU_REPAIR,HEAVY_REPAIR,heavy0_serial,,2,2,461,462,461,326,27.74559814669192,search_exhausted,,,,o00_g1,67e490f4:o0:d048:transpose,0,1790604261000000000,9d8ae9d5bf130da93bfeb03a7e9d40c81123740c82dcf9e47978d55b9f33ad8b,3ffd50de9410047119fd600a1971330b195d5e6a51c03125c08b4698694045d7
/workspace/arc2/active_runs/eval60_v5_vs_greedy_4worker_v1/tmp/67e490f4/d048/o00_g1.json,bd923ea8729f7de8fbc692e79d2df680adebac0fee2fa13fcab331517b87c1e5,6308027,67e490f4,0,48,anti_transpose,5c6ada7ae1248542cb4995c07d359c9c6b299385e11b911a466d6eef7a0498c5,e5beec92c9992930f4d6b468db1806ee2f3b9224e13179af7d4e8bb5897148e0,INDEPENDENT_FAST_2_PER_GPU,FAST_PASS,fast0,,2,2,469,470,469,302,27.82449427060783,search_exhausted,,,,o00_g1,67e490f4:o0:d048:anti_transpose,1,1790604261000000000,818be9106148110943501ffd12d3448155963ada007c84e2e719040ee2c045c5,9ff0c3bad7380035d6d520be03613760230a9aff4cf935d7d1636cd1c8e736fc
/workspace/arc2/active_runs/eval60_v5_vs_greedy_4worker_v1/tmp/6ffbe589/d048/o00_g0.json,cfaefd740a4e31e5b5879e92bc9ea0fc511bca2a354fa74c1cf9efb5f07a33c9,13050399,6ffbe589,0,48,identity,d1bc65fd9ca15367aab5adcff12c3079de1b5b4b9253253e1f4bec689a39b276,e5beec92c9992930f4d6b468db1806ee2f3b9224e13179af7d4e8bb5897148e0,,UNKNOWN,worker_1,,11,11,1027,1037,1027,1003,52.23660219181329,search_exhausted,,,,o00_g0,6ffbe589:o0:d048:identity,0,1790576551000000000,0e67b9cf3145a4731390497b49479c08d38f3cb3a00b4dbc91ef4d453c49311e,399a477b69d72d23ad7d345674ccb088d40d39a7f18b1dc367baf179b6de22a0
/workspace/arc2/active_runs/eval60_v5_vs_greedy_4worker_v1/tmp/6ffbe589/d048/o00_g0.json,cfaefd740a4e31e5b5879e92bc9ea0fc511bca2a354fa74c1cf9efb5f07a33c9,13050399,6ffbe589,0,48,flip_ud,d1bc65fd9ca15367aab5adcff12c3079de1b5b4b9253253e1f4bec689a39b276,e5beec92c9992930f4d6b468db1806ee2f3b9224e13179af7d4e8bb5897148e0,,UNKNOWN,worker_1,,7,7,1030,1037,1030,1025,52.23660219181329,search_exhausted,,,,o00_g0,6ffbe589:o0:d048:flip_ud,1,1790576551000000000,52697fdc306f1994a4b2506a92a6de09898862636e79b0aaa96d2763400b3e99,d7fbd21cb7e62f9ec441118ea53e74fa0b3830f5ca0cbe0dade0093a0f4ffaf5
/workspace/arc2/active_runs/eval60_v5_vs_greedy_4worker_v1/tmp/6ffbe589/d048/o00_g1.json,f0a0e5c2fb42660755784d2ce18c9c02ff18d658e42044f893517ce5d94acdf8,35117472,6ffbe589,0,48,transpose,d1bc65fd9ca15367aab5adcff12c3079de1b5b4b9253253e1f4bec689a39b276,e5beec92c9992930f4d6b468db1806ee2f3b9224e13179af7d4e8bb5897148e0,,UNKNOWN,fast2,,10,10,2771,2780,2771,2732,79.85383138339967,search_exhausted,,,,o00_g1,6ffbe589:o0:d048:transpose,0,1790578932000000000,4e22f5cbcb0cbd1ad3e5193806c4900f6de5e50f9b7f4a46fbe7b2cbff250545,b11cac421f40cade9cba7e2fe324f23b1c3ff7728eef984622b29301e48047be
/workspace/arc2/active_runs/eval60_v5_vs_greedy_4worker_v1/tmp/6ffbe589/d048/o00_g1.json,f0a0e5c2fb42660755784d2ce18c9c02ff18d658e42044f893517ce5d94acdf8,35117472,6ffbe589,0,48,anti_transpose,d1bc65fd9ca15367aab5adcff12c3079de1b5b4b9253253e1f4bec689a39b276,e5beec92c9992930f4d6b468db1806ee2f3b9224e13179af7d4e8bb5897148e0,,UNKNOWN,fast2,,24,24,2757,2780,2757,2769,79.85383138339967,search_exhausted,,,,o00_g1,6ffbe589:o0:d048:anti_transpose,1,1790578932000000000,c079e6936cf282e1ed05588de96940d2139c6395619e1f06a3d81796329fac11,f3a7edc05a23b539a9165bff440b45c53a51f05a7a8f138ea039c38faa08c5dd
/workspace/arc2/active_runs/eval60_v5_vs_greedy_4worker_v1/tmp/71e489b6/d012/o00_g0.json,91c86192f0ab910d5cd8ee529a587ffdfd8db3030aba2a66fcdf4b4165219f6e,4886776,71e489b6,0,12,identity,e45d7b6b8577d8c87238c4ad5c90f14e4687e0c280882fc62dca0b584d2bea31,e5beec92c9992930f4d6b468db1806ee2f3b9224e13179af7d4e8bb5897148e0,INDEPENDENT_FAST_2_PER_GPU,FAST_PASS,fast3,,1,1,271,272,271,0,15.920635620132089,search_exhausted,,,,o00_g0,71e489b6:o0:d012:identity,0,1790592195174791496,37d42a5e6b38397d111026455793ac0e20eccf8ce8b0fdfc740ec9637b74923a,1799e1103ead62aefda67363be0814e97681c55212f2accfb01f4cc97778cb56
/workspace/arc2/active_runs/eval60_v5_vs_greedy_4worker_v1/tmp/71e489b6/d012/o00_g0.json,91c86192f0ab910d5cd8ee529a587ffdfd8db3030aba2a66fcdf4b4165219f6e,4886776,71e489b6,0,12,flip_ud,e45d7b6b8577d8c87238c4ad5c90f14e4687e0c280882fc62dca0b584d2bea31,e5beec92c9992930f4d6b468db1806ee2f3b9224e13179af7d4e8bb5897148e0,INDEPENDENT_FAST_2_PER_GPU,FAST_PASS,fast0,,2,2,486,487,486,0,29.29052035138011,search_exhausted,,,,o00_g0,71e489b6:o0:d012:flip_ud,1,1790592195174791496,2a95d3b1301402265197992d21e0dcb84bd31f0ff83d85fee6e99d2994cd8861,d58afbd6f8090088454264c11854f95c7c3095b8861324fe0374fcd3697ae4f6
/workspace/arc2/active_runs/eval60_v5_vs_greedy_4worker_v1/tmp/71e489b6/d012/o00_g1.json,63e5c31073c39bf3b79aefd8c5a0edb70478c7611e2e03ffd68ad9cb0d323033,3517738,71e489b6,0,12,transpose,e45d7b6b8577d8c87238c4ad5c90f14e4687e0c280882fc62dca0b584d2bea31,e5beec92c9992930f4d6b468db1806ee2f3b9224e13179af7d4e8bb5897148e0,INDEPENDENT_FAST_2_PER_GPU,FAST_PASS,fast3,,1,1,271,272,271,0,15.778654864057899,search_exhausted,,,,o00_g1,71e489b6:o0:d012:transpose,0,1790592211509373975,f6e0f82b96797acb8ff4e192a55a4bbf4258868031947e04a730e24d18a0d115,56e925b64d274db0ded92caa59f0beaa3b626e58e7af1f00f7bd6390267ec13c
/workspace/arc2/active_runs/eval60_v5_vs_greedy_4worker_v1/tmp/71e489b6/d012/o00_g1.json,63e5c31073c39bf3b79aefd8c5a0edb70478c7611e2e03ffd68ad9cb0d323033,3517738,71e489b6,0,12,anti_transpose,e45d7b6b8577d8c87238c4ad5c90f14e4687e0c280882fc62dca0b584d2bea31,e5beec92c9992930f4d6b468db1806ee2f3b9224e13179af7d4e8bb5897148e0,INDEPENDENT_FAST_2_PER_GPU,FAST_PASS,fast0,,1,1,271,272,271,0,16.203716464340687,search_exhausted,,,,o00_g1,71e489b6:o0:d012:anti_transpose,1,1790592211509373975,13bf219fc882291fe8a7c2eb67383433e950d359781b11f4add92652162295d0,5bbdde9310068103214224e037f987cf1f703bfbfdc6027d05cbac0599d3aa9d
/workspace/arc2/active_runs/eval60_v5_vs_greedy_4worker_v1/tmp/71e489b6/d012/o01_g0.json,915a6ee46528323ec0acb24e6b2e62cb9e94d7c13ae44e35e35f9e7710bc093e,4641367,71e489b6,1,12,identity,e45d7b6b8577d8c87238c4ad5c90f14e4687e0c280882fc62dca0b584d2bea31,e5beec92c9992930f4d6b468db1806ee2f3b9224e13179af7d4e8bb5897148e0,INDEPENDENT_SINGLE_PER_GPU_REPAIR,HEAVY_REPAIR,heavy0_serial,,1,1,359,360,359,0,21.281313475221395,search_exhausted,,,,o01_g0,71e489b6:o1:d012:identity,0,1790604704798053492,0c32f735252f5d14857c3fd4f7a356e224a0f6dc879a7c2aadae26781dcef57f,6687465555f1c630db0efe64da3c20c502e68b86f1c23f39b1c5d15ba88e86b8
/workspace/arc2/active_runs/eval60_v5_vs_greedy_4worker_v1/tmp/71e489b6/d012/o01_g0.json,915a6ee46528323ec0acb24e6b2e62cb9e94d7c13ae44e35e35f9e7710bc093e,4641367,71e489b6,1,12,flip_ud,e45d7b6b8577d8c87238c4ad5c90f14e4687e0c280882fc62dca0b584d2bea31,e5beec92c9992930f4d6b468db1806ee2f3b9224e13179af7d4e8bb5897148e0,INDEPENDENT_FAST_2_PER_GPU,FAST_PASS,fast3,,1,1,359,360,359,0,20.931648874655366,search_exhausted,,,,o01_g0,71e489b6:o1:d012:flip_ud,1,1790604704798053492,c74bb44e34205cc37d30c2df577944bd7cb637d82a1f05f89a3fcef5f99b655d,921502c1f1b19fb9cccb074d0b976eb0f872a1078ba69b0b7dbbe14064dfa511
/workspace/arc2/active_runs/eval60_v5_vs_greedy_4worker_v1/tmp/71e489b6/d012/o01_g1.json,ba22cc53aa2b91300ad76dd1866b361a381b4e1b18b2c830fc765f285aa090b7,4673675,71e489b6,1,12,transpose,e45d7b6b8577d8c87238c4ad5c90f14e4687e0c280882fc62dca0b584d2bea31,e5beec92c9992930f4d6b468db1806ee2f3b9224e13179af7d4e8bb5897148e0,INDEPENDENT_FAST_2_PER_GPU,FAST_PASS,fast0,,1,1,360,361,360,0,21.32460092753172,search_exhausted,,,,o01_g1,71e489b6:o1:d012:transpose,0,1790592239764437321,38eb9299eaf15e35d97c79dc9055758c0fa09923b15ea77886a0cb18a559de34,71871912a5cd682e36157e5f76e07b97a47ca8e8be356f682c393349242bfd99
/workspace/arc2/active_runs/eval60_v5_vs_greedy_4worker_v1/tmp/71e489b6/d012/o01_g1.json,ba22cc53aa2b91300ad76dd1866b361a381b4e1b18b2c830fc765f285aa090b7,4673675,71e489b6,1,12,anti_transpose,e45d7b6b8577d8c87238c4ad5c90f14e4687e0c280882fc62dca0b584d2bea31,e5beec92c9992930f4d6b468db1806ee2f3b9224e13179af7d4e8bb5897148e0,INDEPENDENT_FAST_2_PER_GPU,FAST_PASS,fast3,,1,1,360,361,360,0,20.93984691798687,search_exhausted,,,,o01_g1,71e489b6:o1:d012:anti_transpose,1,1790592239764437321,ded63f34165862513e52cb63360ec3170a6fdadfcdb1f1e5fc584223e3713c65,d77d8a15d24d0f29156528b1f3b01cb5ba7349076b41e272a8f93fb15a9cc03d
/workspace/arc2/active_runs/eval60_v5_vs_greedy_4worker_v1/tmp/71e489b6/d024/o00_g0.json,ec37afb381efa9ca687acacd95e2c1804ef0e5335294c1738c5702d557b906ae,5887930,71e489b6,0,24,identity,ea6d2789afba9b5ae9ea47d40278a06ea9bb0f149c93e37e1cacfc2535344e3d,e5beec92c9992930f4d6b468db1806ee2f3b9224e13179af7d4e8bb5897148e0,INDEPENDENT_FAST_2_PER_GPU,FAST_PASS,fast0,,1,1,271,272,271,0,16.07407016120851,search_exhausted,,,,o00_g0,71e489b6:o0:d024:identity,0,1790604775000000000,ab2280f3e584c12e6fddb2dcdd1b29badb538abe6f94df5abd3413c057f5fb63,5d88eecdfe31b64913a4765ae8fe3cce4271b025f11f1a987c9a7da6419054ea
/workspace/arc2/active_runs/eval60_v5_vs_greedy_4worker_v1/tmp/71e489b6/d024/o00_g0.json,ec37afb381efa9ca687acacd95e2c1804ef0e5335294c1738c5702d557b906ae,5887930,71e489b6,0,24,flip_ud,ea6d2789afba9b5ae9ea47d40278a06ea9bb0f149c93e37e1cacfc2535344e3d,e5beec92c9992930f4d6b468db1806ee2f3b9224e13179af7d4e8bb5897148e0,INDEPENDENT_SINGLE_PER_GPU_REPAIR,HEAVY_REPAIR,heavy0_serial,,3,3,683,684,683,0,40.17871988192201,search_exhausted,,,,o00_g0,71e489b6:o0:d024:flip_ud,1,1790604775000000000,4939a23f271678990e720c3fabb05ef1ebedd8f1477686870b3e5a476e5b3669,097067bda2aec73f56cab25d830b62163d26723dad19aba9109a9d86837abd93
/workspace/arc2/active_runs/eval60_v5_vs_greedy_4worker_v1/tmp/71e489b6/d024/o00_g1.json,4adcd12d2e782228f05262d320b1e73cda3064bfb6783ff0c6167e8f3d5a0eef,3384736,71e489b6,0,24,transpose,ea6d2789afba9b5ae9ea47d40278a06ea9bb0f149c93e37e1cacfc2535344e3d,e5beec92c9992930f4d6b468db1806ee2f3b9224e13179af7d4e8bb5897148e0,INDEPENDENT_FAST_2_PER_GPU,FAST_PASS,fast3,,1,1,271,272,271,0,16.31052261777222,search_exhausted,,,,o00_g1,71e489b6:o0:d024:transpose,0,1790592292029396718,d05873f9718956f1ff51f4afcc2bfa3c820d27d772a8b12a6e4ca7e950c16c0f,3c0ca76586d96687c32f166da0007178301545601b5af0b04c17e3be112363e4
/workspace/arc2/active_runs/eval60_v5_vs_greedy_4worker_v1/tmp/71e489b6/d024/o00_g1.json,4adcd12d2e782228f05262d320b1e73cda3064bfb6783ff0c6167e8f3d5a0eef,3384736,71e489b6,0,24,anti_transpose,ea6d2789afba9b5ae9ea47d40278a06ea9bb0f149c93e37e1cacfc2535344e3d,e5beec92c9992930f4d6b468db1806ee2f3b9224e13179af7d4e8bb5897148e0,INDEPENDENT_FAST_2_PER_GPU,FAST_PASS,fast0,,1,1,271,272,271,0,16.126564137637615,search_exhausted,,,,o00_g1,71e489b6:o0:d024:anti_transpose,1,1790592292029396718,39c5f7e834d6e07ce0a58fa33d037eede01f63057b79df20dfe02a0aad6cf60d,484944983064fccd1a8eeee4b462aee683591e0db5187675ef0226aaad608f44
/workspace/arc2/active_runs/eval60_v5_vs_greedy_4worker_v1/tmp/71e489b6/d024/o01_g0.json,d9942697f48cec557b502ad2b4788279fd6433417c84f4bcc8de2cdf5f387e9e,5184023,71e489b6,1,24,identity,ea6d2789afba9b5ae9ea47d40278a06ea9bb0f149c93e37e1cacfc2535344e3d,e5beec92c9992930f4d6b468db1806ee2f3b9224e13179af7d4e8bb5897148e0,INDEPENDENT_FAST_2_PER_GPU,FAST_PASS,fast3,,2,2,477,478,477,0,27.71206145733595,search_exhausted,,,,o01_g0,71e489b6:o1:d024:identity,0,1790604797073864667,cd79eecfdeb24a135bc2875e16890f952f92a0a179ad909703dd51a745eda64f,91d59eece3347b86677b8b2504db3bd1983d78aaa796911f9cd3419b5e672581
/workspace/arc2/active_runs/eval60_v5_vs_greedy_4worker_v1/tmp/71e489b6/d024/o01_g0.json,d9942697f48cec557b502ad2b4788279fd6433417c84f4bcc8de2cdf5f387e9e,5184023,71e489b6,1,24,flip_ud,ea6d2789afba9b5ae9ea47d40278a06ea9bb0f149c93e37e1cacfc2535344e3d,e5beec92c9992930f4d6b468db1806ee2f3b9224e13179af7d4e8bb5897148e0,INDEPENDENT_SINGLE_PER_GPU_REPAIR,HEAVY_REPAIR,heavy0_serial,,1,1,359,360,359,0,21.604048676788807,search_exhausted,,,,o01_g0,71e489b6:o1:d024:flip_ud,1,1790604797073864667,984ecdfa3b48eff2fbeaf1f45a24f5b9ee82df1f375a786a589933f97c9d0039,93068546e71de069e00d515a8caed931b0ab017128d3ca7d7337143e69c7239d
/workspace/arc2/active_runs/eval60_v5_vs_greedy_4worker_v1/tmp/71e489b6/d024/o01_g1.json,375852e67dcb98007217b2944fde578d991790a4ba030a0f78b00f73402057b6,4486067,71e489b6,1,24,transpose,ea6d2789afba9b5ae9ea47d40278a06ea9bb0f149c93e37e1cacfc2535344e3d,e5beec92c9992930f4d6b468db1806ee2f3b9224e13179af7d4e8bb5897148e0,INDEPENDENT_FAST_2_PER_GPU,FAST_PASS,fast0,,1,1,360,361,360,0,21.624978663399816,search_exhausted,,,,o01_g1,71e489b6:o1:d024:transpose,0,1790592324860394793,24a73000a356c66344a6967cc2baea664908cf389680aed56702fbdaf80dafc5,7fa9abbb411e0ec0ad26209f48b5f3861ca556f61fb415dfa04ad587a1757e77
/workspace/arc2/active_runs/eval60_v5_vs_greedy_4worker_v1/tmp/71e489b6/d024/o01_g1.json,375852e67dcb98007217b2944fde578d991790a4ba030a0f78b00f73402057b6,4486067,71e489b6,1,24,anti_transpose,ea6d2789afba9b5ae9ea47d40278a06ea9bb0f149c93e37e1cacfc2535344e3d,e5beec92c9992930f4d6b468db1806ee2f3b9224e13179af7d4e8bb5897148e0,INDEPENDENT_FAST_2_PER_GPU,FAST_PASS,fast3,,1,1,360,361,360,0,20.958014650270343,search_exhausted,,,,o01_g1,71e489b6:o1:d024:anti_transpose,1,1790592324860394793,4bc7758e0a4f8d9246e0f89c6f033162359bb699f6455ce926c0039300d35630,badc4aeac0fc7294fc8fb543511dd72882cec7b2c456cacb196aebcb8feb97f4
/workspace/arc2/active_runs/eval60_v5_vs_greedy_4worker_v1/tmp/71e489b6/d048/o00_g0.json,685da7ac3b5819dcdb76c0810cc2f0ab4beb9383757a946372ee0836bab88048,3360358,71e489b6,0,48,identity,e903aa6c4b2b204702562e5fd55196a3e443f4973568b2c2e9dd1cb7c41ebc3e,e5beec92c9992930f4d6b468db1806ee2f3b9224e13179af7d4e8bb5897148e0,INDEPENDENT_FAST_2_PER_GPU,FAST_PASS,fast0,,1,1,271,272,271,0,16.291437163949013,search_exhausted,,,,o00_g0,71e489b6:o0:d048:identity,0,1790604877783511454,4c47ee201bd966a4cfd4376411344748bb7b63ce1e55d06c3eb423e30152e62b,c39451b8e5a19c875a3161bad64e5a1ef9ce5900eba45a9f80b59a38abc51423
/workspace/arc2/active_runs/eval60_v5_vs_greedy_4worker_v1/tmp/71e489b6/d048/o00_g0.json,685da7ac3b5819dcdb76c0810cc2f0ab4beb9383757a946372ee0836bab88048,3360358,71e489b6,0,48,flip_ud,e903aa6c4b2b204702562e5fd55196a3e443f4973568b2c2e9dd1cb7c41ebc3e,e5beec92c9992930f4d6b468db1806ee2f3b9224e13179af7d4e8bb5897148e0,INDEPENDENT_SINGLE_PER_GPU_REPAIR,HEAVY_REPAIR,heavy0_serial,,1,1,271,272,271,0,16.092151407152414,search_exhausted,,,,o00_g0,71e489b6:o0:d048:flip_ud,1,1790604877783511454,7378febbe1f18de302391b7d11bcfd641ab86a3e478a1075035a6509a6116203,8c44012054bff17fb4483c3ad04b3c5d38098460b2f202be61fe84fb97432347
/workspace/arc2/active_runs/eval60_v5_vs_greedy_4worker_v1/tmp/71e489b6/d048/o00_g1.json,c0a10b2b19874922b13044facb95fc96b1fb3ebb97c65cd2317418bd35ee9259,3385975,71e489b6,0,48,transpose,e903aa6c4b2b204702562e5fd55196a3e443f4973568b2c2e9dd1cb7c41ebc3e,e5beec92c9992930f4d6b468db1806ee2f3b9224e13179af7d4e8bb5897148e0,INDEPENDENT_FAST_2_PER_GPU,FAST_PASS,fast3,,1,1,271,272,271,0,15.862679848447442,search_exhausted,,,,o00_g1,71e489b6:o0:d048:transpose,0,1790592386652168796,ed60382ac166e2f3497197ac3658165d937763c50c4e8eee721bf80fb9c6bd1f,85f7d54d416c36542630b1b2e9836aada4ce06cabb8b328eb467256a6656da85
/workspace/arc2/active_runs/eval60_v5_vs_greedy_4worker_v1/tmp/71e489b6/d048/o00_g1.json,c0a10b2b19874922b13044facb95fc96b1fb3ebb97c65cd2317418bd35ee9259,3385975,71e489b6,0,48,anti_transpose,e903aa6c4b2b204702562e5fd55196a3e443f4973568b2c2e9dd1cb7c41ebc3e,e5beec92c9992930f4d6b468db1806ee2f3b9224e13179af7d4e8bb5897148e0,INDEPENDENT_FAST_2_PER_GPU,FAST_PASS,fast3,,1,1,271,272,271,0,16.354632668197155,search_exhausted,,,,o00_g1,71e489b6:o0:d048:anti_transpose,1,1790592386652168796,edbbea0aac3a81fc838258d94237d6d79638e201999436d1fa1143cc7c4cd9ff,409748fd757f6896fe33aad907a26d66fbe4697b90da0831280850b7b2ede83b
/workspace/arc2/active_runs/eval60_v5_vs_greedy_4worker_v1/tmp/71e489b6/d048/o01_g0.json,4c7bd8c752cc50e945a66b26da7bf957a78148c0bc6f40bad2450b7d880450bc,5037925,71e489b6,1,48,identity,e903aa6c4b2b204702562e5fd55196a3e443f4973568b2c2e9dd1cb7c41ebc3e,e5beec92c9992930f4d6b468db1806ee2f3b9224e13179af7d4e8bb5897148e0,INDEPENDENT_FAST_2_PER_GPU,FAST_PASS,fast0,,2,2,454,455,454,0,26.94788201712072,search_exhausted,,,,o01_g0,71e489b6:o1:d048:identity,0,1790604899661342414,fe9d64d7cfc3ad559530cd338263f96efeb208b2a4d8c7f4e5f2883fd49ecf7b,6da56a7aea6227573f7eace9b343455a022819a102066e1ab55dd8b5f8729e33
/workspace/arc2/active_runs/eval60_v5_vs_greedy_4worker_v1/tmp/71e489b6/d048/o01_g0.json,4c7bd8c752cc50e945a66b26da7bf957a78148c0bc6f40bad2450b7d880450bc,5037925,71e489b6,1,48,flip_ud,e903aa6c4b2b204702562e5fd55196a3e443f4973568b2c2e9dd1cb7c41ebc3e,e5beec92c9992930f4d6b468db1806ee2f3b9224e13179af7d4e8bb5897148e0,INDEPENDENT_SINGLE_PER_GPU_REPAIR,HEAVY_REPAIR,heavy0_serial,,1,1,359,360,359,0,21.187146827578545,search_exhausted,,,,o01_g0,71e489b6:o1:d048:flip_ud,1,1790604899661342414,ad267e92910a69c94c75b4d05ee5598a0d923a51c01018b3b69d434d9039d606,5e0c44fafd75b0618e4451fc5419e17b562156b382bd4360c702627055e253ad
/workspace/arc2/active_runs/eval60_v5_vs_greedy_4worker_v1/tmp/71e489b6/d048/o01_g1.json,fab71ad14e21ae5e0eec1eefb94965975f3123e0d9742a585cf7613e0d70a531,4476147,71e489b6,1,48,transpose,e903aa6c4b2b204702562e5fd55196a3e443f4973568b2c2e9dd1cb7c41ebc3e,e5beec92c9992930f4d6b468db1806ee2f3b9224e13179af7d4e8bb5897148e0,INDEPENDENT_FAST_2_PER_GPU,FAST_PASS,fast3,,1,1,360,361,360,0,21.015524240210652,search_exhausted,,,,o01_g1,71e489b6:o1:d048:transpose,0,1790592419492092296,ff2a4d6ffefb061917257ec66fc2a8a0ba33d4e0eb793f8da0363336fd11d4da,e08a201e402fac56af5f1c64b91a1cd0771af18eacff0f1fb943a704e746cefe
/workspace/arc2/active_runs/eval60_v5_vs_greedy_4worker_v1/tmp/71e489b6/d048/o01_g1.json,fab71ad14e21ae5e0eec1eefb94965975f3123e0d9742a585cf7613e0d70a531,4476147,71e489b6,1,48,anti_transpose,e903aa6c4b2b204702562e5fd55196a3e443f4973568b2c2e9dd1cb7c41ebc3e,e5beec92c9992930f4d6b468db1806ee2f3b9224e13179af7d4e8bb5897148e0,INDEPENDENT_FAST_2_PER_GPU,FAST_PASS,fast0,,1,1,360,361,360,0,21.750895557925105,search_exhausted,,,,o01_g1,71e489b6:o1:d048:anti_transpose,1,1790592419492092296,e73ffacc282e54abbc917aaab7ce0b58cda9cc11ecfa8a4f7f3da1586ec21d1e,d26984a36eec049bc285b446624b322eac99864881259ff5e7c088042ae25afe
/workspace/arc2/active_runs/eval60_v5_vs_greedy_4worker_v1/tmp/7491f3cf/d012/o00_g0.json,f6ca8dfa0ec4ee09c571c44e30343fd9fc540cb8f6e2f977c22c24ea2c3539d1,3081715,7491f3cf,0,12,identity,b3f77306dacc964aad4dc509d0d17be8bac0e2b80f05013f423565082185dae7,e5beec92c9992930f4d6b468db1806ee2f3b9224e13179af7d4e8bb5897148e0,INDEPENDENT_FAST_2_PER_GPU,FAST_PASS,fast3,,2,2,314,315,314,0,18.898180035874248,search_exhausted,,,,o00_g0,7491f3cf:o0:d012:identity,0,1790584955087424062,851745036192b2414b82cdc41d608144ffeb62d37664d0d430f1b4723b1290de,1ead187db8f9b39ce09a605c45d148687612da7ecbd3fb4f6144031c4ad7c631
/workspace/arc2/active_runs/eval60_v5_vs_greedy_4worker_v1/tmp/7491f3cf/d012/o00_g0.json,f6ca8dfa0ec4ee09c571c44e30343fd9fc540cb8f6e2f977c22c24ea2c3539d1,3081715,7491f3cf,0,12,flip_ud,b3f77306dacc964aad4dc509d0d17be8bac0e2b80f05013f423565082185dae7,e5beec92c9992930f4d6b468db1806ee2f3b9224e13179af7d4e8bb5897148e0,INDEPENDENT_FAST_2_PER_GPU,FAST_PASS,fast2,,1,1,181,182,181,0,11.089786054566503,search_exhausted,,,,o00_g0,7491f3cf:o0:d012:flip_ud,1,1790584955087424062,4c6a1713b25564f1c5037ca08c3bb7611839e329ff3c367720328eee48440cd9,5b0cbe75cb89bac61700b6934716cfe7a30386183104c25371169b56f12600c2
/workspace/arc2/active_runs/eval60_v5_vs_greedy_4worker_v1/tmp/7491f3cf/d012/o00_g1.json,ebe4d6253e2d512b3292901708c341f78abe3bf68c17000365c26bba6bc74db8,3951420,7491f3cf,0,12,transpose,b3f77306dacc964aad4dc509d0d17be8bac0e2b80f05013f423565082185dae7,e5beec92c9992930f4d6b468db1806ee2f3b9224e13179af7d4e8bb5897148e0,INDEPENDENT_FAST_2_PER_GPU,FAST_PASS,fast0,,1,1,199,200,199,23,12.13872536830604,search_exhausted,,,,o00_g1,7491f3cf:o0:d012:transpose,0,1790584959448395051,f672a27f24436829986c1a0e8935bcd94c7e9fb4023bf8de37bff6943a2ac2b5,54b6d34b70330819090d6785acc3014219cb721f91025a2bfd17996759737be6
/workspace/arc2/active_runs/eval60_v5_vs_greedy_4worker_v1/tmp/7491f3cf/d012/o00_g1.json,ebe4d6253e2d512b3292901708c341f78abe3bf68c17000365c26bba6bc74db8,3951420,7491f3cf,0,12,anti_transpose,b3f77306dacc964aad4dc509d0d17be8bac0e2b80f05013f423565082185dae7,e5beec92c9992930f4d6b468db1806ee2f3b9224e13179af7d4e8bb5897148e0,INDEPENDENT_FAST_2_PER_GPU,FAST_PASS,fast1,,2,2,389,390,389,327,23.26529891975224,search_exhausted,,,,o00_g1,7491f3cf:o0:d012:anti_transpose,1,1790584959448395051,15fc139461c8348856e774c89ee56e0bfaad405853c44c0e2ca2ac3a33aef5b2,99281e80a5c968b0c0e7b38972ee38de498ac676a038ab5018c804ae7054da59
/workspace/arc2/active_runs/eval60_v5_vs_greedy_4worker_v1/tmp/7491f3cf/d024/o00_g0.json,4cc280fadcbdc073323c4fe344e8d54efee111285b4daa048ea8ad217511473d,4661801,7491f3cf,0,24,identity,ba2ace1ca4a3b7cb02001751ba5c75a56740195e0488c62d384b757946f3f6ae,e5beec92c9992930f4d6b468db1806ee2f3b9224e13179af7d4e8bb5897148e0,INDEPENDENT_FAST_2_PER_GPU,FAST_PASS,fast2,,2,2,314,315,314,56,18.69754894450307,search_exhausted,,,,o00_g0,7491f3cf:o0:d024:identity,0,1790584992935339858,903b33b2014761e6dcb9042a0509fc179ee115d26a93d9182df96a03443a4157,f34728477d7c6248504650cc1cf88737378f971596d23a31e2ad5072bd042791
/workspace/arc2/active_runs/eval60_v5_vs_greedy_4worker_v1/tmp/7491f3cf/d024/o00_g0.json,4cc280fadcbdc073323c4fe344e8d54efee111285b4daa048ea8ad217511473d,4661801,7491f3cf,0,24,flip_ud,ba2ace1ca4a3b7cb02001751ba5c75a56740195e0488c62d384b757946f3f6ae,e5beec92c9992930f4d6b468db1806ee2f3b9224e13179af7d4e8bb5897148e0,INDEPENDENT_FAST_2_PER_GPU,FAST_PASS,fast0,,3,3,421,422,421,112,25.474150812253356,search_exhausted,,,,o00_g0,7491f3cf:o0:d024:flip_ud,1,1790584992935339858,9e97d151ed58a00c8c5f3e50a9e5a058ee5b6859ecc9875ef1c573e0338abcf9,f511aabcb9a263b6da2af534ff38e3e5029e6dcfb89abdee5903a8eb97f21e43
/workspace/arc2/active_runs/eval60_v5_vs_greedy_4worker_v1/tmp/7491f3cf/d024/o00_g1.json,84c5e58bffb9e9f823307ae3f588a381bcd9e3f51ebd9712bdfe1796ce7fde19,3764377,7491f3cf,0,24,transpose,ba2ace1ca4a3b7cb02001751ba5c75a56740195e0488c62d384b757946f3f6ae,e5beec92c9992930f4d6b468db1806ee2f3b9224e13179af7d4e8bb5897148e0,INDEPENDENT_FAST_2_PER_GPU,FAST_PASS,fast3,,1,1,199,200,199,0,12.424067974090576,search_exhausted,,,,o00_g1,7491f3cf:o0:d024:transpose,0,1790584990821833769,bbcc77bb84fcd5c8aede6892b31f27771bd659dc309ebf27f66c35caa30304fb,ac914e48eb2acfce3757dd522a44f19d45f55947c6994e5c3ab39d5815efefb5
/workspace/arc2/active_runs/eval60_v5_vs_greedy_4worker_v1/tmp/7491f3cf/d024/o00_g1.json,84c5e58bffb9e9f823307ae3f588a381bcd9e3f51ebd9712bdfe1796ce7fde19,3764377,7491f3cf,0,24,anti_transpose,ba2ace1ca4a3b7cb02001751ba5c75a56740195e0488c62d384b757946f3f6ae,e5beec92c9992930f4d6b468db1806ee2f3b9224e13179af7d4e8bb5897148e0,INDEPENDENT_FAST_2_PER_GPU,FAST_PASS,fast1,,2,2,381,382,381,172,23.383549984544516,search_exhausted,,,,o00_g1,7491f3cf:o0:d024:anti_transpose,1,1790584990821833769,0f588a0f5991feea6756734aa06f9a805b47509eda1dc1b3be5718af6bda4448,796c2ae753b861abdaade7270e6c71108fb3c9e954b29e1aaf5097997e8f37fb
/workspace/arc2/active_runs/eval60_v5_vs_greedy_4worker_v1/tmp/7491f3cf/d048/o00_g0.json,589f4f73c2433bc20bd7ce957bb476d2ba97297efd67a73068e1ecf175a4e8c5,2227339,7491f3cf,0,48,identity,3d313f59ee79b28a111b32b081e71c4878137a7845568cdf5adac0381f785c00,e5beec92c9992930f4d6b468db1806ee2f3b9224e13179af7d4e8bb5897148e0,INDEPENDENT_FAST_2_PER_GPU,FAST_PASS,fast0,,1,1,181,182,181,0,10.620545081794262,search_exhausted,,,,o00_g0,7491f3cf:o0:d048:identity,0,1790598888481271718,bdc9b7e195551bf35f6dd7c247499ee9bdc2ea8c8e39f262fd66e1b44c48a3c7,2d4e9153e9b06c1f5314cdbc250d2a6aeb4dfba5b3502ba5af5268168e65eddf
/workspace/arc2/active_runs/eval60_v5_vs_greedy_4worker_v1/tmp/7491f3cf/d048/o00_g0.json,589f4f73c2433bc20bd7ce957bb476d2ba97297efd67a73068e1ecf175a4e8c5,2227339,7491f3cf,0,48,flip_ud,3d313f59ee79b28a111b32b081e71c4878137a7845568cdf5adac0381f785c00,e5beec92c9992930f4d6b468db1806ee2f3b9224e13179af7d4e8bb5897148e0,INDEPENDENT_SINGLE_PER_GPU_REPAIR,HEAVY_REPAIR,heavy0_serial,,1,1,181,182,181,0,11.010485520586371,search_exhausted,,,,o00_g0,7491f3cf:o0:d048:flip_ud,1,1790598888481271718,a673ff5a7dcc3e259ebf7d2412837576c4df10057d0ce439227b7468355edd48,b82e3902f56f668a861c8b4ca09b7e639d6c19ea7d568fbafd8ad503f24055eb
/workspace/arc2/active_runs/eval60_v5_vs_greedy_4worker_v1/tmp/7491f3cf/d048/o00_g1.json,e37d175dce1f26329649d4058dc72434b7eff0e088e57a62787e15a0b591f01d,3701413,7491f3cf,0,48,transpose,3d313f59ee79b28a111b32b081e71c4878137a7845568cdf5adac0381f785c00,e5beec92c9992930f4d6b468db1806ee2f3b9224e13179af7d4e8bb5897148e0,INDEPENDENT_FAST_2_PER_GPU,FAST_PASS,fast1,,1,1,199,200,199,0,12.138741886243224,search_exhausted,,,,o00_g1,7491f3cf:o0:d048:transpose,0,1790585025374443961,79d3991d71f861025094134ab900f4671291a35a8c9a9c587a6ff3d35f0e8894,d9760b396a29aae8482dc6f6b047f4d47148bdd02467be76a11330493019a4f1
/workspace/arc2/active_runs/eval60_v5_vs_greedy_4worker_v1/tmp/7491f3cf/d048/o00_g1.json,e37d175dce1f26329649d4058dc72434b7eff0e088e57a62787e15a0b591f01d,3701413,7491f3cf,0,48,anti_transpose,3d313f59ee79b28a111b32b081e71c4878137a7845568cdf5adac0381f785c00,e5beec92c9992930f4d6b468db1806ee2f3b9224e13179af7d4e8bb5897148e0,INDEPENDENT_FAST_2_PER_GPU,FAST_PASS,fast0,,2,2,381,382,381,164,22.429034465923905,search_exhausted,,,,o00_g1,7491f3cf:o0:d048:anti_transpose,1,1790585025374443961,4badedf506e7f61346723f0b1823f170966ba6ee4a122cf4da079dbc7de88baa,b9732ca8eebd75d3f944aafe104f01b46b37918f8ddb837f6902320a9f95382a
/workspace/arc2/active_runs/eval60_v5_vs_greedy_4worker_v1/tmp/78332cb0/d012/o00_g0.json,ec42fd67ce02efb7fa9811404f0449cc307ea1105fdd5c1c92874e629d766fc5,5104006,78332cb0,0,12,identity,9d6a7fb7693fc32eab6d6b79d53003492dd03a9c362bddfea7e61432e4e7c388,e5beec92c9992930f4d6b468db1806ee2f3b9224e13179af7d4e8bb5897148e0,INDEPENDENT_FAST_2_PER_GPU,FAST_PASS,fast1,,2,2,299,300,299,260,18.209816001355648,search_exhausted,,,,o00_g0,78332cb0:o0:d012:identity,0,1790584402404175888,644da810c543311b470fa83247bd08326d26ab77adbac73171c3d48d08b6562a,cf6bd095364bed27c3d15d714ef64ae9d784e3726e5ca01f54c810b6444e12ae
/workspace/arc2/active_runs/eval60_v5_vs_greedy_4worker_v1/tmp/78332cb0/d012/o00_g0.json,ec42fd67ce02efb7fa9811404f0449cc307ea1105fdd5c1c92874e629d766fc5,5104006,78332cb0,0,12,flip_ud,9d6a7fb7693fc32eab6d6b79d53003492dd03a9c362bddfea7e61432e4e7c388,e5beec92c9992930f4d6b468db1806ee2f3b9224e13179af7d4e8bb5897148e0,INDEPENDENT_FAST_2_PER_GPU,FAST_PASS,fast2,,3,3,431,432,431,395,25.445056971162558,search_exhausted,,,,o00_g0,78332cb0:o0:d012:flip_ud,1,1790584402404175888,8f7a60fa19f233c922177ae98d41ad7141f5a2c9656bae25fd11acf1d4d02fb8,05a24e088c28201850daae96ad31c82eecbb09a1b09195d9b6e134b5b42d9158
/workspace/arc2/active_runs/eval60_v5_vs_greedy_4worker_v1/tmp/78332cb0/d012/o00_g1.json,6ad526532440a11866bded65931e8227e1d5110bcba0f10156997834c4a7a377,4195260,78332cb0,0,12,transpose,9d6a7fb7693fc32eab6d6b79d53003492dd03a9c362bddfea7e61432e4e7c388,e5beec92c9992930f4d6b468db1806ee2f3b9224e13179af7d4e8bb5897148e0,INDEPENDENT_FAST_2_PER_GPU,FAST_PASS,fast0,,2,2,259,260,259,84,15.073043359443545,search_exhausted,,,,o00_g1,78332cb0:o0:d012:transpose,0,1790584398656782570,a3e57f9742430eaedce9a9528e2dd6b8d0e2a6785c11132b304f0171aefc0a16,d18b3b7f5d8927bf4aa4d64c9ebd3c0d63b3ed9a3dc0dae22a9cd56a071a2aa0
/workspace/arc2/active_runs/eval60_v5_vs_greedy_4worker_v1/tmp/78332cb0/d012/o00_g1.json,6ad526532440a11866bded65931e8227e1d5110bcba0f10156997834c4a7a377,4195260,78332cb0,0,12,anti_transpose,9d6a7fb7693fc32eab6d6b79d53003492dd03a9c362bddfea7e61432e4e7c388,e5beec92c9992930f4d6b468db1806ee2f3b9224e13179af7d4e8bb5897148e0,INDEPENDENT_FAST_2_PER_GPU,FAST_PASS,fast3,,3,3,362,363,362,215,21.685935277491808,search_exhausted,,,,o00_g1,78332cb0:o0:d012:anti_transpose,1,1790584398656782570,7080a711982a1da5c6e66e9d7f32296b73f514304c82d5312ce5e355ef91497d,0c90fae546a75096c1d20895b3174d9d818dff1f1eceb25ca0461855fee79196
/workspace/arc2/active_runs/eval60_v5_vs_greedy_4worker_v1/tmp/78332cb0/d012/o01_g0.json,de5c79d9670638d6e9633f583b94636ec07a0bf2473434ad8beb8ee1fee4294e,2858782,78332cb0,1,12,identity,9d6a7fb7693fc32eab6d6b79d53003492dd03a9c362bddfea7e61432e4e7c388,e5beec92c9992930f4d6b468db1806ee2f3b9224e13179af7d4e8bb5897148e0,INDEPENDENT_FAST_2_PER_GPU,FAST_PASS,fast0,,2,2,290,291,290,276,16.867855343967676,search_exhausted,,,,o01_g0,78332cb0:o1:d012:identity,0,1790584410891267921,492ca0489f1de49d625ab64dde6c071f03067f48b7271b6e2e142fb6640cb44a,89a6462c6444a08c07a7a386e405aaea64ccfc21b899ca36ea5f5b0d5defe716
/workspace/arc2/active_runs/eval60_v5_vs_greedy_4worker_v1/tmp/78332cb0/d012/o01_g0.json,de5c79d9670638d6e9633f583b94636ec07a0bf2473434ad8beb8ee1fee4294e,2858782,78332cb0,1,12,flip_ud,9d6a7fb7693fc32eab6d6b79d53003492dd03a9c362bddfea7e61432e4e7c388,e5beec92c9992930f4d6b468db1806ee2f3b9224e13179af7d4e8bb5897148e0,INDEPENDENT_FAST_2_PER_GPU,FAST_PASS,fast1,,1,1,119,120,119,101,7.079952394589782,search_exhausted,,,,o01_g0,78332cb0:o1:d012:flip_ud,1,1790584410891267921,7712e69b49a36e3381d0e5de53d01341837ee683f7943b5d25a79080b08a7845,3bb7d1aaf1ae4681c17cff879609029d3c8df3ff5b671693431fbfdf0ed15ac9
/workspace/arc2/active_runs/eval60_v5_vs_greedy_4worker_v1/tmp/78332cb0/d012/o01_g1.json,1e806ba36d14b6d6cc26d9754f16cfc3cd9b8d24054f4589ff1603185b3662e3,2582466,78332cb0,1,12,transpose,9d6a7fb7693fc32eab6d6b79d53003492dd03a9c362bddfea7e61432e4e7c388,e5beec92c9992930f4d6b468db1806ee2f3b9224e13179af7d4e8bb5897148e0,INDEPENDENT_FAST_2_PER_GPU,FAST_PASS,fast3,,2,2,267,268,267,21,16.362200651317835,search_exhausted,,,,o01_g1,78332cb0:o1:d012:transpose,0,1790584415603045332,6d31eea4617af4cf5930a945c516dd77e3a5b9914ac1d424f4862650860a48a7,039847fbedeb7ed8c5054d6bc35658174b1c4535a69e644b1cab8fbd2b21a210
/workspace/arc2/active_runs/eval60_v5_vs_greedy_4worker_v1/tmp/78332cb0/d012/o01_g1.json,1e806ba36d14b6d6cc26d9754f16cfc3cd9b8d24054f4589ff1603185b3662e3,2582466,78332cb0,1,12,anti_transpose,9d6a7fb7693fc32eab6d6b79d53003492dd03a9c362bddfea7e61432e4e7c388,e5beec92c9992930f4d6b468db1806ee2f3b9224e13179af7d4e8bb5897148e0,INDEPENDENT_FAST_2_PER_GPU,FAST_PASS,fast2,,1,1,137,138,137,0,8.18858185224235,search_exhausted,,,,o01_g1,78332cb0:o1:d012:anti_transpose,1,1790584415603045332,67727699dfd7ae9ca7582fce2eef7b94ab5ffd6e6c0126a9ecd5ca58bebbc336,b228e191e8c8fb570953bc4c941cacdf93232f2176b10571e8dcad2342bf3b7a
/workspace/arc2/active_runs/eval60_v5_vs_greedy_4worker_v1/tmp/78332cb0/d024/o00_g0.json,a95ee49bf65aedd301441f9c72131b0f6ce0cef2beed44566d17c60b6446283b,2735909,78332cb0,0,24,identity,716d440d98bb96135c4332bb28e88bca1f66a361928805f26b609a8d913f65ba,e5beec92c9992930f4d6b468db1806ee2f3b9224e13179af7d4e8bb5897148e0,INDEPENDENT_FAST_2_PER_GPU,FAST_PASS,fast1,,2,2,212,213,212,0,12.535146886482835,search_exhausted,,,,o00_g0,78332cb0:o0:d024:identity,0,1790588397441183070,a09169cc3fd044878b2396a6602cda3dc1302d7cdf3fb309c3000b8e93aeb08e,8cb718842b4be6f9dbee0a64196f51d2808faa4e44743f773b7f4d82bd37a62e
/workspace/arc2/active_runs/eval60_v5_vs_greedy_4worker_v1/tmp/78332cb0/d024/o00_g0.json,a95ee49bf65aedd301441f9c72131b0f6ce0cef2beed44566d17c60b6446283b,2735909,78332cb0,0,24,flip_ud,716d440d98bb96135c4332bb28e88bca1f66a361928805f26b609a8d913f65ba,e5beec92c9992930f4d6b468db1806ee2f3b9224e13179af7d4e8bb5897148e0,INDEPENDENT_FAST_2_PER_GPU,FAST_PASS,fast1,,2,2,212,213,212,84,12.498679472133517,search_exhausted,,,,o00_g0,78332cb0:o0:d024:flip_ud,1,1790588397441183070,9c355da34fc7b51e186c3452b745bbb12c314116583077e010900265063eb496,948bd5473f96be8d8615efd32d1db0c7fabb11f49a12d9ff734e3cb23dec4143
/workspace/arc2/active_runs/eval60_v5_vs_greedy_4worker_v1/tmp/78332cb0/d024/o00_g1.json,f444c8a558cd0b48e87336c1d65e7e1974509e12e7977a8af155a8fb545e196d,1740132,78332cb0,0,24,transpose,716d440d98bb96135c4332bb28e88bca1f66a361928805f26b609a8d913f65ba,e5beec92c9992930f4d6b468db1806ee2f3b9224e13179af7d4e8bb5897148e0,INDEPENDENT_FAST_2_PER_GPU,FAST_PASS,fast2,,1,1,137,138,137,0,8.26456038840115,search_exhausted,,,,o00_g1,78332cb0:o0:d024:transpose,0,1790584434371361174,8ca455b6e0cca19a35373c81a961845e7e0a03ca2016a8160abc70f72ff722e6,4c152ce6b0b1fe12bdeab32e43f0f65326d1d62185dabf27d3a65d2b9b3b444e
/workspace/arc2/active_runs/eval60_v5_vs_greedy_4worker_v1/tmp/78332cb0/d024/o00_g1.json,f444c8a558cd0b48e87336c1d65e7e1974509e12e7977a8af155a8fb545e196d,1740132,78332cb0,0,24,anti_transpose,716d440d98bb96135c4332bb28e88bca1f66a361928805f26b609a8d913f65ba,e5beec92c9992930f4d6b468db1806ee2f3b9224e13179af7d4e8bb5897148e0,INDEPENDENT_FAST_2_PER_GPU,FAST_PASS,fast3,,1,1,137,138,137,0,8.401863964274526,search_exhausted,,,,o00_g1,78332cb0:o0:d024:anti_transpose,1,1790584434371361174,6350e091a3ef7bbd291ee93727088761dbc11c00f9b2c42a97577408817cff57,6523e75776a745027bfad05ba6a2d3965e8f9fbebddbfb114535620be28f78a1
/workspace/arc2/active_runs/eval60_v5_vs_greedy_4worker_v1/tmp/78332cb0/d024/o01_g0.json,bd6013c6989eba26bac4386e17b837da33a67a10c24d435adf15e0c808f31283,2391011,78332cb0,1,24,identity,716d440d98bb96135c4332bb28e88bca1f66a361928805f26b609a8d913f65ba,e5beec92c9992930f4d6b468db1806ee2f3b9224e13179af7d4e8bb5897148e0,INDEPENDENT_FAST_2_PER_GPU,FAST_PASS,fast2,,2,2,237,238,237,64,13.902830163016915,search_exhausted,,,,o01_g0,78332cb0:o1:d024:identity,0,1790584448828393457,9d43cd75781df35aa286701d83242b4b2b42d6b2fd1db4cdee35cfaaafe9908f,c656c24685a4ee2db45d60e23ca7786502c003629a770bf91b9202e42bc7b261
/workspace/arc2/active_runs/eval60_v5_vs_greedy_4worker_v1/tmp/78332cb0/d024/o01_g0.json,bd6013c6989eba26bac4386e17b837da33a67a10c24d435adf15e0c808f31283,2391011,78332cb0,1,24,flip_ud,716d440d98bb96135c4332bb28e88bca1f66a361928805f26b609a8d913f65ba,e5beec92c9992930f4d6b468db1806ee2f3b9224e13179af7d4e8bb5897148e0,INDEPENDENT_FAST_2_PER_GPU,FAST_PASS,fast3,,1,1,137,138,137,0,8.37607274390757,search_exhausted,,,,o01_g0,78332cb0:o1:d024:flip_ud,1,1790584448828393457,c0c2f2a3ab9a08297eb89861cb1865fe8eda33b212b012f8a9d1db8c329a7ff3,41a0c8c5c4320b7219d23d408af20b958b4c6ec9e26cd94d098ac9954520339f
/workspace/arc2/active_runs/eval60_v5_vs_greedy_4worker_v1/tmp/78332cb0/d024/o01_g1.json,0d04d2d0c1ca67400aa305e9020304dc0406735e88e16cf4bf120687a0fe3da3,4412914,78332cb0,1,24,transpose,716d440d98bb96135c4332bb28e88bca1f66a361928805f26b609a8d913f65ba,e5beec92c9992930f4d6b468db1806ee2f3b9224e13179af7d4e8bb5897148e0,INDEPENDENT_FAST_2_PER_GPU,FAST_PASS,fast0,,2,2,281,282,281,118,16.338792011141777,search_exhausted,,,,o01_g1,78332cb0:o1:d024:transpose,0,1790584461347426129,338826f0e540beb933e579b1268280b05c832f8d77439f2d2086279b75cc7645,2475af2f0add347b13475beefb3aa0e516494467e1e116d1c432c0d50dc22c05
/workspace/arc2/active_runs/eval60_v5_vs_greedy_4worker_v1/tmp/78332cb0/d024/o01_g1.json,0d04d2d0c1ca67400aa305e9020304dc0406735e88e16cf4bf120687a0fe3da3,4412914,78332cb0,1,24,anti_transpose,716d440d98bb96135c4332bb28e88bca1f66a361928805f26b609a8d913f65ba,e5beec92c9992930f4d6b468db1806ee2f3b9224e13179af7d4e8bb5897148e0,INDEPENDENT_FAST_2_PER_GPU,FAST_PASS,fast1,,3,3,377,378,377,211,21.873718697577715,search_exhausted,,,,o01_g1,78332cb0:o1:d024:anti_transpose,1,1790584461347426129,3ee06f2ad78c65846d5adbad8d0fa19df981df2c90928094ecb3548ddf11d573,60480958f16b1c0eeed23deb12713ef37953e569d10d7ea3ac9cdb4b93b2d0c9
/workspace/arc2/active_runs/eval60_v5_vs_greedy_4worker_v1/tmp/78332cb0/d048/o00_g0.json,3cd32cbf4afb77d519c7a8be600552b02208b3f999aa7ea173f7660ae9808e70,1988469,78332cb0,0,48,identity,67903d1c90e12f008684e94a34ac139d0f7442b4d5a1d2739d71ec0c6b95f190,e5beec92c9992930f4d6b468db1806ee2f3b9224e13179af7d4e8bb5897148e0,INDEPENDENT_FAST_2_PER_GPU,FAST_PASS,fast3,,2,2,202,203,202,0,12.218886464834213,search_exhausted,,,,o00_g0,78332cb0:o0:d048:identity,0,1790584473926964166,8ed0035e0226bf7f0fdd71586ce966619d08ab6032eb3cbf57a68e6a1564e69b,6867f78cc12d20ed84e93b56fca694f6821110ade5204484b03d99cfa631ccd6
/workspace/arc2/active_runs/eval60_v5_vs_greedy_4worker_v1/tmp/78332cb0/d048/o00_g0.json,3cd32cbf4afb77d519c7a8be600552b02208b3f999aa7ea173f7660ae9808e70,1988469,78332cb0,0,48,flip_ud,67903d1c90e12f008684e94a34ac139d0f7442b4d5a1d2739d71ec0c6b95f190,e5beec92c9992930f4d6b468db1806ee2f3b9224e13179af7d4e8bb5897148e0,INDEPENDENT_FAST_2_PER_GPU,FAST_PASS,fast2,,1,1,119,120,119,0,7.33806699514389,search_exhausted,,,,o00_g0,78332cb0:o0:d048:flip_ud,1,1790584473926964166,9af50b7aa79f48bab86da0b9b240060d539ad765be51f6b15056dfbccde8f92a,bd4e64f96872a67349d4ae078fa7d62ccf8ee549c0bc63bc5588408fd50c0439
/workspace/arc2/active_runs/eval60_v5_vs_greedy_4worker_v1/tmp/78332cb0/d048/o00_g1.json,0828a07b96fc5cc2a3f765a2dddf28bf48b79ce6659fa16347b858df4eb4a120,1717413,78332cb0,0,48,transpose,67903d1c90e12f008684e94a34ac139d0f7442b4d5a1d2739d71ec0c6b95f190,e5beec92c9992930f4d6b468db1806ee2f3b9224e13179af7d4e8bb5897148e0,INDEPENDENT_FAST_2_PER_GPU,FAST_PASS,fast0,,1,1,137,138,137,0,8.020613215863705,search_exhausted,,,,o00_g1,78332cb0:o0:d048:transpose,0,1790584472328589773,8b5dae6c284a7fd5e0dac5ff76d201245964375352102607554df7f24383831f,62852b0fad3de1f5e9c6d31becc73390f99b78fc4ea1b8af65338c49a3837f2f
/workspace/arc2/active_runs/eval60_v5_vs_greedy_4worker_v1/tmp/78332cb0/d048/o00_g1.json,0828a07b96fc5cc2a3f765a2dddf28bf48b79ce6659fa16347b858df4eb4a120,1717413,78332cb0,0,48,anti_transpose,67903d1c90e12f008684e94a34ac139d0f7442b4d5a1d2739d71ec0c6b95f190,e5beec92c9992930f4d6b468db1806ee2f3b9224e13179af7d4e8bb5897148e0,INDEPENDENT_FAST_2_PER_GPU,FAST_PASS,fast1,,1,1,137,138,137,0,8.119645351544023,search_exhausted,,,,o00_g1,78332cb0:o0:d048:anti_transpose,1,1790584472328589773,059fff7811d545d0f5e16bca99f34f48d833a03234ade564674ea5342fd0da3c,551e06e83127bd28ef01e7cf5f8b22c87e2e6bb0bd2f1bd1fa1ef2baef1a2eb7
/workspace/arc2/active_runs/eval60_v5_vs_greedy_4worker_v1/tmp/78332cb0/d048/o01_g0.json,88a8f2fc50f13e75c8d29b7a9a985c1f10fe5c4827fe3feebb75f85e0e88b7ef,2379668,78332cb0,1,48,identity,67903d1c90e12f008684e94a34ac139d0f7442b4d5a1d2739d71ec0c6b95f190,e5beec92c9992930f4d6b468db1806ee2f3b9224e13179af7d4e8bb5897148e0,INDEPENDENT_FAST_2_PER_GPU,FAST_PASS,fast0,,2,2,237,238,237,100,13.897980134934187,search_exhausted,,,,o01_g0,78332cb0:o1:d048:identity,0,1790584484032869341,f0c4db84c250aa492d64e4ae54c39f971b4b5bab66edd250a818b1211ffc7d13,774f1400517efd7242c6d9f0ff63d5e7e5d337b802739604ab2809f783b4e484
/workspace/arc2/active_runs/eval60_v5_vs_greedy_4worker_v1/tmp/78332cb0/d048/o01_g0.json,88a8f2fc50f13e75c8d29b7a9a985c1f10fe5c4827fe3feebb75f85e0e88b7ef,2379668,78332cb0,1,48,flip_ud,67903d1c90e12f008684e94a34ac139d0f7442b4d5a1d2739d71ec0c6b95f190,e5beec92c9992930f4d6b468db1806ee2f3b9224e13179af7d4e8bb5897148e0,INDEPENDENT_FAST_2_PER_GPU,FAST_PASS,fast2,,1,1,137,138,137,0,8.23026811890304,search_exhausted,,,,o01_g0,78332cb0:o1:d048:flip_ud,1,1790584484032869341,53681482d3cf50963c3b91ad861c88a702781d91eaa89832033585e9356472dc,4c63615413ab82327a396912feb344b8b1a5fd310349466ec0277dc3752bef23
/workspace/arc2/active_runs/eval60_v5_vs_greedy_4worker_v1/tmp/78332cb0/d048/o01_g1.json,1652b885d7a03012bfe8c40c77989fdd5241ba197f650beee6dd0282d8b455e7,1713073,78332cb0,1,48,transpose,67903d1c90e12f008684e94a34ac139d0f7442b4d5a1d2739d71ec0c6b95f190,e5beec92c9992930f4d6b468db1806ee2f3b9224e13179af7d4e8bb5897148e0,INDEPENDENT_FAST_2_PER_GPU,FAST_PASS,fast1,,1,1,137,138,137,0,8.147866679355502,search_exhausted,,,,o01_g1,78332cb0:o1:d048:transpose,0,1790584482701660370,7647d2fa79965e6265be69841fa8a9b1e8a82da132ecec94741a96b897a3bab3,c4cbab9d210f3608bd327b1daae5cab6e2ee172f2123903dfb21fc4e4c30727b
/workspace/arc2/active_runs/eval60_v5_vs_greedy_4worker_v1/tmp/78332cb0/d048/o01_g1.json,1652b885d7a03012bfe8c40c77989fdd5241ba197f650beee6dd0282d8b455e7,1713073,78332cb0,1,48,anti_transpose,67903d1c90e12f008684e94a34ac139d0f7442b4d5a1d2739d71ec0c6b95f190,e5beec92c9992930f4d6b468db1806ee2f3b9224e13179af7d4e8bb5897148e0,INDEPENDENT_FAST_2_PER_GPU,FAST_PASS,fast3,,1,1,137,138,137,0,8.288467139005661,search_exhausted,,,,o01_g1,78332cb0:o1:d048:anti_transpose,1,1790584482701660370,9e4b65175c09ded1f4d7655fc5f194bccc3981ffd47e0b94b318766026274edc,33a43c197ad3ffe244f329a6d1da3ca66dd668ce1c4adabd64e560a28e7476ec
/workspace/arc2/active_runs/eval60_v5_vs_greedy_4worker_v1/tmp/7b0280bc/d012/o00_g0.json,de8b5016c51fd523560279da2c8ba24d8407778f1d82e606c7f92d38aa784ee1,21986762,7b0280bc,0,12,identity,8da5edf305ecbcd13166483399ce631671106fa58589366006c6e46639d113cb,e5beec92c9992930f4d6b468db1806ee2f3b9224e13179af7d4e8bb5897148e0,INDEPENDENT_SINGLE_PER_GPU_REPAIR,HEAVY_REPAIR,heavy0_serial,,2,2,1510,1511,1510,893,89.20169468596578,search_exhausted,,,,o00_g0,7b0280bc:o0:d012:identity,0,1790606930000000000,53bca0a1e8a35c810f6a9c2dbd51024a89087beed94e32bf31332dfebf786ed1,c6486bb9c6bb222e739b44182fec310d211d6c415b8796b9c52f4ce3909cabe2
/workspace/arc2/active_runs/eval60_v5_vs_greedy_4worker_v1/tmp/7b0280bc/d012/o00_g0.json,de8b5016c51fd523560279da2c8ba24d8407778f1d82e606c7f92d38aa784ee1,21986762,7b0280bc,0,12,flip_ud,8da5edf305ecbcd13166483399ce631671106fa58589366006c6e46639d113cb,e5beec92c9992930f4d6b468db1806ee2f3b9224e13179af7d4e8bb5897148e0,INDEPENDENT_FAST_2_PER_GPU,FAST_PASS,fast0,,2,2,1784,1785,1784,840,102.36260446719825,search_exhausted,,,,o00_g0,7b0280bc:o0:d012:flip_ud,1,1790606930000000000,0a5efeb84816ec6142ccdbd5c269d75f2c4f407085590d95d236c1d08e7f46ba,5204a2c36c0a4686f49809cbea668111ee67ab39aa5a7a9b67367e2b521f4061
/workspace/arc2/active_runs/eval60_v5_vs_greedy_4worker_v1/tmp/7b0280bc/d012/o00_g1.json,e17eba7bf9aea32eca841873635c9c3bf6456610abe665844ea4a750487e49ac,12406011,7b0280bc,0,12,transpose,8da5edf305ecbcd13166483399ce631671106fa58589366006c6e46639d113cb,e5beec92c9992930f4d6b468db1806ee2f3b9224e13179af7d4e8bb5897148e0,INDEPENDENT_FAST_2_PER_GPU,FAST_PASS,fast3,,1,1,929,930,929,409,56.626023296266794,search_exhausted,,,,o00_g1,7b0280bc:o0:d012:transpose,0,1790606987000000000,31a80f1213a6605925067d21f1b2ed5f3ba952bede511c9d42b346b72c73bd46,f7aaa150da44d6c25159efdecd9713d9db242a16598da8d2861340af89da2446
/workspace/arc2/active_runs/eval60_v5_vs_greedy_4worker_v1/tmp/7b0280bc/d012/o00_g1.json,e17eba7bf9aea32eca841873635c9c3bf6456610abe665844ea4a750487e49ac,12406011,7b0280bc,0,12,anti_transpose,8da5edf305ecbcd13166483399ce631671106fa58589366006c6e46639d113cb,e5beec92c9992930f4d6b468db1806ee2f3b9224e13179af7d4e8bb5897148e0,INDEPENDENT_SINGLE_PER_GPU_REPAIR,HEAVY_REPAIR,heavy0_serial,,1,1,929,930,929,303,55.501489939168096,search_exhausted,,,,o00_g1,7b0280bc:o0:d012:anti_transpose,1,1790606987000000000,bd20fd0154518f2ea5e3e1ee82f466de86bfce7c7ed19c49ab0fdc131dc6a7f4,c6f1d1f19b8ccc57eab53b1e62ed40dabb8454d7ddfb832220f6508a022791a7
/workspace/arc2/active_runs/eval60_v5_vs_greedy_4worker_v1/tmp/7b0280bc/d024/o00_g0.json,b1695540caf842a00e825cb7521182ff24b70a1865aabb0696299444ea5be25e,22633662,7b0280bc,0,24,identity,39536934068c7dfb60a128f5f124b3f435b99132f2d8274e8d56a4c02fc9fc40,e5beec92c9992930f4d6b468db1806ee2f3b9224e13179af7d4e8bb5897148e0,INDEPENDENT_SINGLE_PER_GPU_REPAIR,HEAVY_REPAIR,heavy0_serial,,2,2,1794,1795,1794,853,106.80435557849705,search_exhausted,,,,o00_g0,7b0280bc:o0:d024:identity,0,1790607136000000000,031682e5e0de1efa125ffe4d7b11778c65f2cb8382d2d900b7287b8b845c6bc4,f900880e0d9f4492a4504b077121b1a8c4a0844d23bfc1c6623eef0c5badc0b6
/workspace/arc2/active_runs/eval60_v5_vs_greedy_4worker_v1/tmp/7b0280bc/d024/o00_g0.json,b1695540caf842a00e825cb7521182ff24b70a1865aabb0696299444ea5be25e,22633662,7b0280bc,0,24,flip_ud,39536934068c7dfb60a128f5f124b3f435b99132f2d8274e8d56a4c02fc9fc40,e5beec92c9992930f4d6b468db1806ee2f3b9224e13179af7d4e8bb5897148e0,INDEPENDENT_FAST_2_PER_GPU,FAST_PASS,fast3,,2,2,1784,1785,1784,0,107.99194101244211,search_exhausted,,,,o00_g0,7b0280bc:o0:d024:flip_ud,1,1790607136000000000,25421a673df5e991efb3b4f882a979d34632354de45ee6768c6e31d7046510b2,de32144038157e8603da98b6ad9ba68f71fe52f01fd6fc31df80a3702b23af58
/workspace/arc2/active_runs/eval60_v5_vs_greedy_4worker_v1/tmp/7b0280bc/d024/o00_g1.json,f3df16fe37524896be2692b4c6918ae45486300255cfb3290781f07fe21e8250,21839278,7b0280bc,0,24,transpose,39536934068c7dfb60a128f5f124b3f435b99132f2d8274e8d56a4c02fc9fc40,e5beec92c9992930f4d6b468db1806ee2f3b9224e13179af7d4e8bb5897148e0,INDEPENDENT_FAST_2_PER_GPU,FAST_PASS,fast0,,2,2,1794,1795,1794,827,102.76384923793375,search_exhausted,,,,o00_g1,7b0280bc:o0:d024:transpose,0,1790607231000000000,692b1cd02a08f38a8eabcd4dbca9b1d134b5c7fd00e1bb72acf359fc8b6bd88b,26094c01cdec4242e089e24ab83bd856361359bda7bfa44add22c6364af46f0e
/workspace/arc2/active_runs/eval60_v5_vs_greedy_4worker_v1/tmp/7b0280bc/d024/o00_g1.json,f3df16fe37524896be2692b4c6918ae45486300255cfb3290781f07fe21e8250,21839278,7b0280bc,0,24,anti_transpose,39536934068c7dfb60a128f5f124b3f435b99132f2d8274e8d56a4c02fc9fc40,e5beec92c9992930f4d6b468db1806ee2f3b9224e13179af7d4e8bb5897148e0,INDEPENDENT_SINGLE_PER_GPU_REPAIR,HEAVY_REPAIR,heavy0_serial,,2,2,1602,1603,1602,303,94.53484207391739,search_exhausted,,,,o00_g1,7b0280bc:o0:d024:anti_transpose,1,1790607231000000000,5e9b2d43f19409b02912550009994e5b062bb66958210168bbe1420d9b97edb2,89b5cf75299470146fdcfd643020b040866f0bdefb76f8412826a17e7ed840cc
/workspace/arc2/active_runs/eval60_v5_vs_greedy_4worker_v1/tmp/7b0280bc/d048/o00_g0.json,7eb7d073d7d4499cdda034a2fc15b4fc374a07fc649fae391bd28a0575fab01c,17675739,7b0280bc,0,48,identity,8250bbe692b5042f23ca77f3607ed7c9db39d40ce85e9dba85e5a2565a03114d,e5beec92c9992930f4d6b468db1806ee2f3b9224e13179af7d4e8bb5897148e0,INDEPENDENT_SINGLE_PER_GPU_REPAIR,HEAVY_REPAIR,heavy0_serial,,2,2,1794,1795,1794,0,106.59360837750137,search_exhausted,,,,o00_g0,7b0280bc:o0:d048:identity,0,1790607422000000000,b5e3c22156c2dd7c5157e17ea2558e904b10e31deb91adef0e30b9a3548f4e56,47f192a6b1a6a0749e888bc888b8b28ba506ae8e62bd6a7c1ed7bd7635a9d9f2
/workspace/arc2/active_runs/eval60_v5_vs_greedy_4worker_v1/tmp/7b0280bc/d048/o00_g0.json,7eb7d073d7d4499cdda034a2fc15b4fc374a07fc649fae391bd28a0575fab01c,17675739,7b0280bc,0,48,flip_ud,8250bbe692b5042f23ca77f3607ed7c9db39d40ce85e9dba85e5a2565a03114d,e5beec92c9992930f4d6b468db1806ee2f3b9224e13179af7d4e8bb5897148e0,INDEPENDENT_SINGLE_PER_GPU_REPAIR,HEAVY_REPAIR,heavy0_serial,,2,2,1062,1063,1062,109,63.120767794549465,search_exhausted,,,,o00_g0,7b0280bc:o0:d048:flip_ud,1,1790607422000000000,e7208e3bc7ecc1f16ec7daf5121cec5780c7299ba6acf7abf3e18874599495b3,6f73fc5dd7a9bcb8786ac17c3e77af65aa40830443e87f90a31908a589622d80
/workspace/arc2/active_runs/eval60_v5_vs_greedy_4worker_v1/tmp/7b0280bc/d048/o00_g1.json,db04bc42cab9c323c1fc8a7bd39ad6b18de3d5af8615b8b63e32e0a3e0f6509b,15776962,7b0280bc,0,48,transpose,8250bbe692b5042f23ca77f3607ed7c9db39d40ce85e9dba85e5a2565a03114d,e5beec92c9992930f4d6b468db1806ee2f3b9224e13179af7d4e8bb5897148e0,INDEPENDENT_FAST_2_PER_GPU,FAST_PASS,fast3,,2,2,1621,1622,1621,0,97.4670170545578,search_exhausted,,,,o00_g1,7b0280bc:o0:d048:transpose,0,1790594888000000000,75963c9bccbbbb7a4e79dcfc575988415d83e90a0d9ed7c5d971701b906c2902,6aba409a4248ff0fc045dfbc6b50e246877416da9bebd99ecc3b891fff60c99d
/workspace/arc2/active_runs/eval60_v5_vs_greedy_4worker_v1/tmp/7b0280bc/d048/o00_g1.json,db04bc42cab9c323c1fc8a7bd39ad6b18de3d5af8615b8b63e32e0a3e0f6509b,15776962,7b0280bc,0,48,anti_transpose,8250bbe692b5042f23ca77f3607ed7c9db39d40ce85e9dba85e5a2565a03114d,e5beec92c9992930f4d6b468db1806ee2f3b9224e13179af7d4e8bb5897148e0,INDEPENDENT_FAST_2_PER_GPU,FAST_PASS,fast0,,1,1,929,930,929,0,53.60257893614471,search_exhausted,,,,o00_g1,7b0280bc:o0:d048:anti_transpose,1,1790594888000000000,55d04fd267d58244e0fd70d92b212f8f4e6d52ba1474a86453284531d80d9699,64ba8658687ce010a24fc4dc6531df142fefc84bb5b383a4ccd2e89a7d91f177
/workspace/arc2/active_runs/eval60_v5_vs_greedy_4worker_v1/tmp/7ed72f31/d048/o00_g0.json,bb60e041d65b5fd61d0b83bbb1d98be41e89f907cebfacff995acfafe5d02c92,10039250,7ed72f31,0,48,identity,371db9cbc965f22bbd1f8a1ac6b5ce98d9ad5649c910233fa56d2a1485bf3a8b,e5beec92c9992930f4d6b468db1806ee2f3b9224e13179af7d4e8bb5897148e0,,UNKNOWN,worker_2,,3,3,840,841,840,488,52.74270766414702,search_exhausted,,,,o00_g0,7ed72f31:o0:d048:identity,0,1790576374000000000,b50289fb0da78ea464cd92f799cd492a8a996d1b1690b9e4759c86f1f7406617,df2e4ef946629389dc66991d4e12a0addf3d63952f3873ad107a39f26aa86173
/workspace/arc2/active_runs/eval60_v5_vs_greedy_4worker_v1/tmp/7ed72f31/d048/o00_g0.json,bb60e041d65b5fd61d0b83bbb1d98be41e89f907cebfacff995acfafe5d02c92,10039250,7ed72f31,0,48,flip_ud,371db9cbc965f22bbd1f8a1ac6b5ce98d9ad5649c910233fa56d2a1485bf3a8b,e5beec92c9992930f4d6b468db1806ee2f3b9224e13179af7d4e8bb5897148e0,,UNKNOWN,worker_2,,3,3,838,841,838,566,52.74270766414702,search_exhausted,,,,o00_g0,7ed72f31:o0:d048:flip_ud,1,1790576374000000000,e19b2357ed08007ceb31218784a9eb6139a87e58cd21fe31212a4aec3bf351a1,ae694b09960dffe0ebafa17fe91c12453c213dd064b35163b5302218e8cc2c90
/workspace/arc2/active_runs/eval60_v5_vs_greedy_4worker_v1/tmp/7ed72f31/d048/o00_g1.json,9f540ee7e09550ec1aff81972740d21452ae2d8db605fba27054a9fd28bd4d1a,8362082,7ed72f31,0,48,transpose,371db9cbc965f22bbd1f8a1ac6b5ce98d9ad5649c910233fa56d2a1485bf3a8b,e5beec92c9992930f4d6b468db1806ee2f3b9224e13179af7d4e8bb5897148e0,,UNKNOWN,worker_2,,3,3,722,724,722,287,41.6385086318478,search_exhausted,,,,o00_g1,7ed72f31:o0:d048:transpose,0,1790576459000000000,928d6dbee5055a3311fd77d99af9dbd08e5be87c5f995f92ef62ebac68826aa3,cb1832e9f53705a5958adb71c30950d77b00027188afc8575be7a8279e38ec11
/workspace/arc2/active_runs/eval60_v5_vs_greedy_4worker_v1/tmp/7ed72f31/d048/o00_g1.json,9f540ee7e09550ec1aff81972740d21452ae2d8db605fba27054a9fd28bd4d1a,8362082,7ed72f31,0,48,anti_transpose,371db9cbc965f22bbd1f8a1ac6b5ce98d9ad5649c910233fa56d2a1485bf3a8b,e5beec92c9992930f4d6b468db1806ee2f3b9224e13179af7d4e8bb5897148e0,,UNKNOWN,worker_2,,3,3,722,724,722,261,41.6385086318478,search_exhausted,,,,o00_g1,7ed72f31:o0:d048:anti_transpose,1,1790576459000000000,7049e7e679d5f66af8cb87785c5ab9e15a5327d755073b57bac4240be6dbbf76,574a5b6cb468264215877951380838d766f909ebd76059dc3321dbd110eafad0
/workspace/arc2/active_runs/eval60_v5_vs_greedy_4worker_v1/tmp/7ed72f31/d048/o01_g0.json,115e2714cc52de33cff1fd1d147e8be8aab70287b33ed8f6056bc1ac2b7ef8d5,33214622,7ed72f31,1,48,identity,371db9cbc965f22bbd1f8a1ac6b5ce98d9ad5649c910233fa56d2a1485bf3a8b,e5beec92c9992930f4d6b468db1806ee2f3b9224e13179af7d4e8bb5897148e0,,UNKNOWN,worker_2,,4,4,2727,2730,2727,1591,145.39363731630147,search_exhausted,,,,o01_g0,7ed72f31:o1:d048:identity,0,1790576752000000000,cd410e20036a8c218ad57db9d94d7ddae3da089187358c844fb9ac7e81dcd234,5cae13e3bc59162a692859ff0ae1f81651ebe0dd8c2512301718d558d9396418
/workspace/arc2/active_runs/eval60_v5_vs_greedy_4worker_v1/tmp/7ed72f31/d048/o01_g0.json,115e2714cc52de33cff1fd1d147e8be8aab70287b33ed8f6056bc1ac2b7ef8d5,33214622,7ed72f31,1,48,flip_ud,371db9cbc965f22bbd1f8a1ac6b5ce98d9ad5649c910233fa56d2a1485bf3a8b,e5beec92c9992930f4d6b468db1806ee2f3b9224e13179af7d4e8bb5897148e0,,UNKNOWN,worker_2,,4,4,2728,2730,2728,2398,145.39363731630147,search_exhausted,,,,o01_g0,7ed72f31:o1:d048:flip_ud,1,1790576752000000000,74a933aab264f067a4870b398f92054ac78c346b73edf8200dfcefe00589c379,1c2e2227f3dfb500669ce2c38a0e749de0af95250d73a84f00dc6acbb99f46bf
/workspace/arc2/active_runs/eval60_v5_vs_greedy_4worker_v1/tmp/7ed72f31/d048/o01_g1.json,fa7de30c79a77c7ff5a3e1ef4122024b53571718585041d0d240026eca7c96d3,22127404,7ed72f31,1,48,transpose,371db9cbc965f22bbd1f8a1ac6b5ce98d9ad5649c910233fa56d2a1485bf3a8b,e5beec92c9992930f4d6b468db1806ee2f3b9224e13179af7d4e8bb5897148e0,,UNKNOWN,fast0,,3,3,1859,1862,1859,1147,53.36018499638885,search_exhausted,,,,o01_g1,7ed72f31:o1:d048:transpose,0,1790578782000000000,2cd722d29c57d4927c2ec512e3d32b5584f86b7cc2ae3ebc3e0bb8f7c3c25515,a8be2e5dbda7b020b3797ba40e51a4c509b11af5fa12584b21460f535ce38400
/workspace/arc2/active_runs/eval60_v5_vs_greedy_4worker_v1/tmp/7ed72f31/d048/o01_g1.json,fa7de30c79a77c7ff5a3e1ef4122024b53571718585041d0d240026eca7c96d3,22127404,7ed72f31,1,48,anti_transpose,371db9cbc965f22bbd1f8a1ac6b5ce98d9ad5649c910233fa56d2a1485bf3a8b,e5beec92c9992930f4d6b468db1806ee2f3b9224e13179af7d4e8bb5897148e0,,UNKNOWN,fast0,,3,3,1861,1862,1861,1139,53.36018499638885,search_exhausted,,,,o01_g1,7ed72f31:o1:d048:anti_transpose,1,1790578782000000000,2748de5beda4521c8dfe88ae7a8eba5bcf06f8833aaa0f7b203137a9f725f1a0,9b5ae30f8eace6e4e48969c0675cb66bcfd9d8b684d206e3975cb35c8c7df433
/workspace/arc2/active_runs/eval60_v5_vs_greedy_4worker_v1/tmp/80a900e0/d012/o00_g0.json,df76ef61401c5090707fbc223fe77ac49588fb5946b22c949f40706492f41c24,17029140,80a900e0,0,12,identity,57c67a94745d92adc9f922c40da45a71fa6389982770c8f7b67ca942719b1b6e,e5beec92c9992930f4d6b468db1806ee2f3b9224e13179af7d4e8bb5897148e0,INDEPENDENT_SINGLE_PER_GPU_REPAIR,HEAVY_REPAIR,heavy0_serial,,3,3,1447,1448,1447,1330,85.82321606762707,search_exhausted,,,,o00_g0,80a900e0:o0:d012:identity,0,1790600229000000000,7c321002deebc3b3724b07d09284fbd9bfb0145ebe20d040a15957c16dc03f09,0a91eec3da833389adccdda791271b0f24e1ce5e52ab9695d1d3ff5809843c2d
/workspace/arc2/active_runs/eval60_v5_vs_greedy_4worker_v1/tmp/80a900e0/d012/o00_g0.json,df76ef61401c5090707fbc223fe77ac49588fb5946b22c949f40706492f41c24,17029140,80a900e0,0,12,flip_ud,57c67a94745d92adc9f922c40da45a71fa6389982770c8f7b67ca942719b1b6e,e5beec92c9992930f4d6b468db1806ee2f3b9224e13179af7d4e8bb5897148e0,INDEPENDENT_FAST_2_PER_GPU,FAST_PASS,fast3,,2,2,965,966,965,940,57.079614939168096,search_exhausted,,,,o00_g0,80a900e0:o0:d012:flip_ud,1,1790600229000000000,ba370657912149e147d8d8674d12b29060ac18f5b91c4d591450f76168fb079b,ab4d1f9ad93cd2269346e1f7adfccbb519de9f710d360fc9b8dfbe946b5b8823
/workspace/arc2/active_runs/eval60_v5_vs_greedy_4worker_v1/tmp/80a900e0/d012/o00_g1.json,8ce292e46589d4d41a1b295a1758684ad3c5988a5e7f0237fb790c3b05c4988b,6715485,80a900e0,0,12,transpose,57c67a94745d92adc9f922c40da45a71fa6389982770c8f7b67ca942719b1b6e,e5beec92c9992930f4d6b468db1806ee2f3b9224e13179af7d4e8bb5897148e0,INDEPENDENT_SINGLE_PER_GPU_REPAIR,HEAVY_REPAIR,heavy0_serial,,1,1,482,483,482,465,28.56091712601483,search_exhausted,,,,o00_g1,80a900e0:o0:d012:transpose,0,1790600258000000000,9d835a7dd55fe490bed071bb8706ef789467a6b212fe4f8e10e217d420a81ded,6b694975d7eb182df31c72621a507af029b27f3d95d25678f3b2e1164940ebb5
/workspace/arc2/active_runs/eval60_v5_vs_greedy_4worker_v1/tmp/80a900e0/d012/o00_g1.json,8ce292e46589d4d41a1b295a1758684ad3c5988a5e7f0237fb790c3b05c4988b,6715485,80a900e0,0,12,anti_transpose,57c67a94745d92adc9f922c40da45a71fa6389982770c8f7b67ca942719b1b6e,e5beec92c9992930f4d6b468db1806ee2f3b9224e13179af7d4e8bb5897148e0,INDEPENDENT_FAST_2_PER_GPU,FAST_PASS,fast0,,1,1,482,483,482,272,29.113921634852886,search_exhausted,,,,o00_g1,80a900e0:o0:d012:anti_transpose,1,1790600258000000000,bd3004db7c1db0c1e4295c86f47a875bd0a2efdc0d520d24e63f1d4e4343fed4,897921abcf283a9312fe059754c111c33ff72fea1d635d862774e2b76b7ec056
/workspace/arc2/active_runs/eval60_v5_vs_greedy_4worker_v1/tmp/80a900e0/d024/o00_g0.json,72421376681b4084ca7797193adc6e43c0aeb2baed4409926ad7bd0f0ee27309,16598737,80a900e0,0,24,identity,3f0347239442e3a98316d17d3bad5f5e7939559573ac90771c5374fede0320ae,e5beec92c9992930f4d6b468db1806ee2f3b9224e13179af7d4e8bb5897148e0,INDEPENDENT_SINGLE_PER_GPU_REPAIR,HEAVY_REPAIR,heavy0_serial,,2,2,964,965,964,848,57.605700224637985,search_exhausted,,,,o00_g0,80a900e0:o0:d024:identity,0,1790600337000000000,c8e7f3cdea9ab6f803fbf42347685a106a2cc4ce937b184483ff93e9cd77d80e,16941d92b51dc8174ee995be8e0d77956f5110a7b2a9deb1ccc6d7f78ddea800
/workspace/arc2/active_runs/eval60_v5_vs_greedy_4worker_v1/tmp/80a900e0/d024/o00_g0.json,72421376681b4084ca7797193adc6e43c0aeb2baed4409926ad7bd0f0ee27309,16598737,80a900e0,0,24,flip_ud,3f0347239442e3a98316d17d3bad5f5e7939559573ac90771c5374fede0320ae,e5beec92c9992930f4d6b468db1806ee2f3b9224e13179af7d4e8bb5897148e0,INDEPENDENT_FAST_2_PER_GPU,FAST_PASS,fast3,,3,3,1403,1404,1403,1303,84.38177825883031,search_exhausted,,,,o00_g0,80a900e0:o0:d024:flip_ud,1,1790600337000000000,85fe91436d59173d7bf7bf469301c55610ee596ebf1f7eb6e6d935269a3dd1f1,46cc48991131ad2a1d03a633f7c9257b960f8b18561226b8e72e800adf9ffb60
/workspace/arc2/active_runs/eval60_v5_vs_greedy_4worker_v1/tmp/80a900e0/d024/o00_g1.json,78272db352b126f9676ff91d0f2425099d5ed200ef6793c9a5864fc69169dda8,13512465,80a900e0,0,24,transpose,3f0347239442e3a98316d17d3bad5f5e7939559573ac90771c5374fede0320ae,e5beec92c9992930f4d6b468db1806ee2f3b9224e13179af7d4e8bb5897148e0,INDEPENDENT_FAST_2_PER_GPU,FAST_PASS,fast0,,2,2,964,965,964,742,59.187431866303086,search_exhausted,,,,o00_g1,80a900e0:o0:d024:transpose,0,1790600395000000000,7eb80ca5e5f9c03dc0a93ea302d0b374a020e7f7b1b5aaadbf17ae5def8d0ef1,38ccb9cb8ce7a6a697b108942b7e56a2af7d8b0d6c0cb31f8a271c386eca673f
/workspace/arc2/active_runs/eval60_v5_vs_greedy_4worker_v1/tmp/80a900e0/d024/o00_g1.json,78272db352b126f9676ff91d0f2425099d5ed200ef6793c9a5864fc69169dda8,13512465,80a900e0,0,24,anti_transpose,3f0347239442e3a98316d17d3bad5f5e7939559573ac90771c5374fede0320ae,e5beec92c9992930f4d6b468db1806ee2f3b9224e13179af7d4e8bb5897148e0,INDEPENDENT_SINGLE_PER_GPU_REPAIR,HEAVY_REPAIR,heavy0_serial,,2,2,963,964,963,876,56.41150804422796,search_exhausted,,,,o00_g1,80a900e0:o0:d024:anti_transpose,1,1790600395000000000,bcc20d14b4c2802c5b142082b11936043d76f359dddbd77a702ba63469db7786,d532f851c62427858ac0c98863d583ae8b2b438ead91eaa76da807e152abc5d2
/workspace/arc2/active_runs/eval60_v5_vs_greedy_4worker_v1/tmp/80a900e0/d048/o00_g0.json,4c2c97528cd38cadcc7c2e1c4572c25b805875dd348d84215ff453e0a67e3cb3,16290249,80a900e0,0,48,identity,33a1ee6e479ef901f46b6d4515e73600d6c393d62da2c51cc4fc5584d4a8c14a,e5beec92c9992930f4d6b468db1806ee2f3b9224e13179af7d4e8bb5897148e0,INDEPENDENT_SINGLE_PER_GPU_REPAIR,HEAVY_REPAIR,heavy0_serial,,3,3,1443,1444,1443,1280,85.05434165894985,search_exhausted,,,,o00_g0,80a900e0:o0:d048:identity,0,1790600499000000000,59cf9f2fa0a4f82d28391b64e29e1bb9d20e31ac3a6fb980c79202daadf22773,ff5a48cc31cbf54c13bf11cb2e22e5f65c00f6433ee5c082356997a7d0393a76
/workspace/arc2/active_runs/eval60_v5_vs_greedy_4worker_v1/tmp/80a900e0/d048/o00_g0.json,4c2c97528cd38cadcc7c2e1c4572c25b805875dd348d84215ff453e0a67e3cb3,16290249,80a900e0,0,48,flip_ud,33a1ee6e479ef901f46b6d4515e73600d6c393d62da2c51cc4fc5584d4a8c14a,e5beec92c9992930f4d6b468db1806ee2f3b9224e13179af7d4e8bb5897148e0,INDEPENDENT_FAST_2_PER_GPU,FAST_PASS,fast0,,2,2,892,893,892,654,53.2285683285445,search_exhausted,,,,o00_g0,80a900e0:o0:d048:flip_ud,1,1790600499000000000,f1e8abea1aa38ffb5d980ea839669ff40e6162faf226573521971a2230689271,7fe33727dd6ed8cb4046303e9384135b7a41a8657fec9c8a4d929d098741d315
/workspace/arc2/active_runs/eval60_v5_vs_greedy_4worker_v1/tmp/80a900e0/d048/o00_g1.json,41401fb75e181a4f8b5c0631ac4550188af5891cde7f2ae8f446e07d66e41ec8,13058016,80a900e0,0,48,transpose,33a1ee6e479ef901f46b6d4515e73600d6c393d62da2c51cc4fc5584d4a8c14a,e5beec92c9992930f4d6b468db1806ee2f3b9224e13179af7d4e8bb5897148e0,INDEPENDENT_FAST_2_PER_GPU,FAST_PASS,fast3,,2,2,964,965,964,580,57.47531549818814,search_exhausted,,,,o00_g1,80a900e0:o0:d048:transpose,0,1790600555000000000,241afbb5d8226552f1b1fc1ddcab082ec910bb54cb36068e1b26afa1209a42e1,85f4078e4bcdb0f42c2bc453b56023c50676da9a61d17d35fc78db8ec91eddfa
/workspace/arc2/active_runs/eval60_v5_vs_greedy_4worker_v1/tmp/80a900e0/d048/o00_g1.json,41401fb75e181a4f8b5c0631ac4550188af5891cde7f2ae8f446e07d66e41ec8,13058016,80a900e0,0,48,anti_transpose,33a1ee6e479ef901f46b6d4515e73600d6c393d62da2c51cc4fc5584d4a8c14a,e5beec92c9992930f4d6b468db1806ee2f3b9224e13179af7d4e8bb5897148e0,INDEPENDENT_SINGLE_PER_GPU_REPAIR,HEAVY_REPAIR,heavy0_serial,,2,2,941,942,941,548,55.12276483885944,search_exhausted,,,,o00_g1,80a900e0:o0:d048:anti_transpose,1,1790600555000000000,0e54d9978f8de0fa982f0e12369c7551e09265f9915c8bf0668714b7d3674a2a,ce4d0b9e7d2fde58064b952b76e5997c3cc40a09743a47871e6280d75e84440f
/workspace/arc2/active_runs/eval60_v5_vs_greedy_4worker_v1/tmp/88bcf3b4/d012/o00_g0.json,01f310eb58667c2604fcde8e90b9fc74e016d03af56bea58dd1dc0d1e137966b,12668188,88bcf3b4,0,12,identity,18749a4df0f802c28ece4b08854d2bae9ae6ae712a372309cfbcb9cd3cbf0df1,e5beec92c9992930f4d6b468db1806ee2f3b9224e13179af7d4e8bb5897148e0,INDEPENDENT_FAST_2_PER_GPU,FAST_PASS,fast3,,1,1,505,506,505,297,30.6877757627517,search_exhausted,,,,o00_g0,88bcf3b4:o0:d012:identity,0,1790589710000000000,a7610f8de8455ae0a2fddd2184795627d96b920cb88d1fea2d4c0c62f6859b5b,b7c950a91a0b11735b9b0559b6fa0058807b265b7703e7f96f4e2f58a665bace
/workspace/arc2/active_runs/eval60_v5_vs_greedy_4worker_v1/tmp/88bcf3b4/d012/o00_g0.json,01f310eb58667c2604fcde8e90b9fc74e016d03af56bea58dd1dc0d1e137966b,12668188,88bcf3b4,0,12,flip_ud,18749a4df0f802c28ece4b08854d2bae9ae6ae712a372309cfbcb9cd3cbf0df1,e5beec92c9992930f4d6b468db1806ee2f3b9224e13179af7d4e8bb5897148e0,INDEPENDENT_FAST_2_PER_GPU,FAST_PASS,fast2,,3,3,1297,1298,1297,1133,77.11957444995642,search_exhausted,,,,o00_g0,88bcf3b4:o0:d012:flip_ud,1,1790589710000000000,59854dd8db5d366af085f7da5804e0c02098c63d61ca06543b103d2b7f3e4a9f,4210599c11bfc030fb1849e559b1b342a9643d62a1d7ea13bda2369b473867ae
/workspace/arc2/active_runs/eval60_v5_vs_greedy_4worker_v1/tmp/88bcf3b4/d012/o00_g1.json,0b88119f290231de20fd881366b8bd8e7532d025baffaa9c1a6d71fad94a45e9,11757348,88bcf3b4,0,12,transpose,18749a4df0f802c28ece4b08854d2bae9ae6ae712a372309cfbcb9cd3cbf0df1,e5beec92c9992930f4d6b468db1806ee2f3b9224e13179af7d4e8bb5897148e0,INDEPENDENT_FAST_2_PER_GPU,FAST_PASS,fast0,,2,2,1002,1003,1002,770,60.21572193317115,search_exhausted,,,,o00_g1,88bcf3b4:o0:d012:transpose,0,1790589706000000000,3e27aac385bf0aecb70af2c99e10ec152e5a437a2fc0167e7787d0161433ac56,027e7d57ef78452dfd7cbb8ad74cd97887dfb16bd199bb92b159b8abfc4ef8b7
/workspace/arc2/active_runs/eval60_v5_vs_greedy_4worker_v1/tmp/88bcf3b4/d012/o00_g1.json,0b88119f290231de20fd881366b8bd8e7532d025baffaa9c1a6d71fad94a45e9,11757348,88bcf3b4,0,12,anti_transpose,18749a4df0f802c28ece4b08854d2bae9ae6ae712a372309cfbcb9cd3cbf0df1,e5beec92c9992930f4d6b468db1806ee2f3b9224e13179af7d4e8bb5897148e0,INDEPENDENT_FAST_2_PER_GPU,FAST_PASS,fast3,,2,2,683,684,683,326,41.187018828466535,search_exhausted,,,,o00_g1,88bcf3b4:o0:d012:anti_transpose,1,1790589706000000000,ec052aa2e685309baf0f94eaa18bb644f97851ee8e323020f1c27b1c27966152,83653eeedf1566c90fbe2aa6101d6052719423798b286573fef0b52f3bf15cc5
/workspace/arc2/active_runs/eval60_v5_vs_greedy_4worker_v1/tmp/88bcf3b4/d012/o01_g0.json,b0567a0a7f359842ed9149c4e951774fe44088d01014cea46a6e4d974547d43b,10477420,88bcf3b4,1,12,identity,18749a4df0f802c28ece4b08854d2bae9ae6ae712a372309cfbcb9cd3cbf0df1,e5beec92c9992930f4d6b468db1806ee2f3b9224e13179af7d4e8bb5897148e0,INDEPENDENT_FAST_2_PER_GPU,FAST_PASS,fast0,,1,1,755,756,755,423,45.28633529506624,search_exhausted,,,,o01_g0,88bcf3b4:o1:d012:identity,0,1790589751000000000,920a7579998ec6371da1721e702b128a02c73055fdee0788100e4f6e27acadc4,6a16cc07b966db0ece44d9e5c1964b936f0f5af49c18f5c04ef065ce65751a7b
/workspace/arc2/active_runs/eval60_v5_vs_greedy_4worker_v1/tmp/88bcf3b4/d012/o01_g0.json,b0567a0a7f359842ed9149c4e951774fe44088d01014cea46a6e4d974547d43b,10477420,88bcf3b4,1,12,flip_ud,18749a4df0f802c28ece4b08854d2bae9ae6ae712a372309cfbcb9cd3cbf0df1,e5beec92c9992930f4d6b468db1806ee2f3b9224e13179af7d4e8bb5897148e0,INDEPENDENT_FAST_2_PER_GPU,FAST_PASS,fast3,,1,1,755,756,755,583,45.06178457662463,search_exhausted,,,,o01_g0,88bcf3b4:o1:d012:flip_ud,1,1790589751000000000,0df4a18e965b89527145a194fef622902d53a7e729aa30fc304fe53c07befe0b,b804f1ee73785bce2c779a999d77e270914a4f9d5f69de642aaf7b34a887acbe
/workspace/arc2/active_runs/eval60_v5_vs_greedy_4worker_v1/tmp/88bcf3b4/d012/o01_g1.json,d6c84ce94ff8c4e9fa4d02875d046c7e9e41927efaa19a37897dbce7f49a98f1,14910037,88bcf3b4,1,12,transpose,18749a4df0f802c28ece4b08854d2bae9ae6ae712a372309cfbcb9cd3cbf0df1,e5beec92c9992930f4d6b468db1806ee2f3b9224e13179af7d4e8bb5897148e0,INDEPENDENT_SINGLE_PER_GPU_REPAIR,HEAVY_REPAIR,heavy0_serial,,1,1,755,756,755,415,45.07520962879062,search_exhausted,,,,o01_g1,88bcf3b4:o1:d012:transpose,0,1790600703000000000,bd0c3db63541fc68b45210a1540386afec3a6c2fd48afc49c5df7b33bcc0fc60,1ca8f3c4a28517b5a2995e097e8a3acaecf6bebf7a45cb492583100de5bea94a
/workspace/arc2/active_runs/eval60_v5_vs_greedy_4worker_v1/tmp/88bcf3b4/d012/o01_g1.json,d6c84ce94ff8c4e9fa4d02875d046c7e9e41927efaa19a37897dbce7f49a98f1,14910037,88bcf3b4,1,12,anti_transpose,18749a4df0f802c28ece4b08854d2bae9ae6ae712a372309cfbcb9cd3cbf0df1,e5beec92c9992930f4d6b468db1806ee2f3b9224e13179af7d4e8bb5897148e0,INDEPENDENT_SINGLE_PER_GPU_REPAIR,HEAVY_REPAIR,heavy0_serial,,2,2,1359,1360,1359,1129,80.72498361952603,search_exhausted,,,,o01_g1,88bcf3b4:o1:d012:anti_transpose,1,1790600703000000000,5bebf203e49e9f3b0f859eda44ce2bbe92b12f6c2514a848c4f0e3355033b2d9,30b4658c5e14f870c1eed7b60995c9faa6ee8bbdbac3af7a21f1c8da1582b2e3
/workspace/arc2/active_runs/eval60_v5_vs_greedy_4worker_v1/tmp/88bcf3b4/d024/o00_g0.json,b88c987fbb18966dfb83ced443d297a3dc88e8f434c638ea75e20935d88f84f6,11567776,88bcf3b4,0,24,identity,d56ebb63ef4ae167554e38140c174bf867948bd1ac5783a0affd01a87292b5c3,e5beec92c9992930f4d6b468db1806ee2f3b9224e13179af7d4e8bb5897148e0,INDEPENDENT_FAST_2_PER_GPU,FAST_PASS,fast0,,2,2,843,844,843,466,50.4259027633816,search_exhausted,,,,o00_g0,88bcf3b4:o0:d024:identity,0,1790589806336072757,75a19a1b1c5a6a11ec8138296b88052f11f136b70d0a1c62b2b7181ece0b93a9,80e9de8b3346f87dd3684c5bb1a32fcae43d9614f8f3fb174969cfcfeefcc64c
/workspace/arc2/active_runs/eval60_v5_vs_greedy_4worker_v1/tmp/88bcf3b4/d024/o00_g0.json,b88c987fbb18966dfb83ced443d297a3dc88e8f434c638ea75e20935d88f84f6,11567776,88bcf3b4,0,24,flip_ud,d56ebb63ef4ae167554e38140c174bf867948bd1ac5783a0affd01a87292b5c3,e5beec92c9992930f4d6b468db1806ee2f3b9224e13179af7d4e8bb5897148e0,INDEPENDENT_FAST_2_PER_GPU,FAST_PASS,fast3,,2,2,843,844,843,486,50.162461560219526,search_exhausted,,,,o00_g0,88bcf3b4:o0:d024:flip_ud,1,1790589806336072757,29957bac1c2cac8b7bbccf49cdc61f61541395fa13bb5d8df233c5c8828bed09,d929eecfe14fe326336ba25c16f5ed0e635be66888d133d2374a84b1cc5613f8
/workspace/arc2/active_runs/eval60_v5_vs_greedy_4worker_v1/tmp/88bcf3b4/d024/o00_g1.json,3a471819f02bba175af7ed9aa02618d91233c1314f1cf9ce56a37c718fb3ec37,9361780,88bcf3b4,0,24,transpose,d56ebb63ef4ae167554e38140c174bf867948bd1ac5783a0affd01a87292b5c3,e5beec92c9992930f4d6b468db1806ee2f3b9224e13179af7d4e8bb5897148e0,INDEPENDENT_SINGLE_PER_GPU_REPAIR,HEAVY_REPAIR,heavy0_serial,,2,2,855,856,855,573,50.906830267980695,search_exhausted,,,,o00_g1,88bcf3b4:o0:d024:transpose,0,1790600804000000000,cb2a89a1719a6d9f6728eb08cb6893d0c511dd9ae30522e42744bd0a16528eb0,70ee1054b221740c621a162a463170bd1e86f1cd6bbfafcc0c0e289bb8c49575
/workspace/arc2/active_runs/eval60_v5_vs_greedy_4worker_v1/tmp/88bcf3b4/d024/o00_g1.json,3a471819f02bba175af7ed9aa02618d91233c1314f1cf9ce56a37c718fb3ec37,9361780,88bcf3b4,0,24,anti_transpose,d56ebb63ef4ae167554e38140c174bf867948bd1ac5783a0affd01a87292b5c3,e5beec92c9992930f4d6b468db1806ee2f3b9224e13179af7d4e8bb5897148e0,INDEPENDENT_SINGLE_PER_GPU_REPAIR,HEAVY_REPAIR,heavy0_serial,,1,1,505,506,505,163,29.84344250895083,search_exhausted,,,,o00_g1,88bcf3b4:o0:d024:anti_transpose,1,1790600804000000000,248abc539d76562f214421e5bd1b61705798b50e2a36c7177c104a751c18a713,a571b08f3105bbbd50a1e6151df1fc21de9bdef2ed98371dc51162433cdc04b2
/workspace/arc2/active_runs/eval60_v5_vs_greedy_4worker_v1/tmp/88bcf3b4/d024/o01_g0.json,acf057a262bbaaa328b3b70f5afee7266309ae905b5362cfc810ddb389df9de1,21570121,88bcf3b4,1,24,identity,d56ebb63ef4ae167554e38140c174bf867948bd1ac5783a0affd01a87292b5c3,e5beec92c9992930f4d6b468db1806ee2f3b9224e13179af7d4e8bb5897148e0,INDEPENDENT_FAST_2_PER_GPU,FAST_PASS,fast3,,2,2,1217,1218,1217,632,72.63096956908703,search_exhausted,,,,o01_g0,88bcf3b4:o1:d024:identity,0,1790589923000000000,41316b7780a1bc2fc2803886e43e77edeee61409007fdebe736010666177a28a,79d5b3e6e22bd42d754beedcac58d2aa34589a0e2b18888ffba824cabebf5b86
/workspace/arc2/active_runs/eval60_v5_vs_greedy_4worker_v1/tmp/88bcf3b4/d024/o01_g0.json,acf057a262bbaaa328b3b70f5afee7266309ae905b5362cfc810ddb389df9de1,21570121,88bcf3b4,1,24,flip_ud,d56ebb63ef4ae167554e38140c174bf867948bd1ac5783a0affd01a87292b5c3,e5beec92c9992930f4d6b468db1806ee2f3b9224e13179af7d4e8bb5897148e0,INDEPENDENT_FAST_2_PER_GPU,FAST_PASS,fast0,,3,3,1917,1918,1917,1278,115.1501609198749,search_exhausted,,,,o01_g0,88bcf3b4:o1:d024:flip_ud,1,1790589923000000000,beac04b2c9e8119b12ac017bb370c259165fdbf7a2e0862041517cff5812ecb9,1b15fa2c2a01d899712b8962f9d0d60009254305d1bfaeeffbb29b633d1ce96b
/workspace/arc2/active_runs/eval60_v5_vs_greedy_4worker_v1/tmp/88bcf3b4/d024/o01_g1.json,68099858f3cfaa91d5bfca30a08634fe54bffb6c3bdf6a845eabdf09f17eeedd,10444564,88bcf3b4,1,24,transpose,d56ebb63ef4ae167554e38140c174bf867948bd1ac5783a0affd01a87292b5c3,e5beec92c9992930f4d6b468db1806ee2f3b9224e13179af7d4e8bb5897148e0,INDEPENDENT_SINGLE_PER_GPU_REPAIR,HEAVY_REPAIR,heavy0_serial,,1,1,755,756,755,381,44.92861032485962,search_exhausted,,,,o01_g1,88bcf3b4:o1:d024:transpose,0,1790600896000000000,cdbeb8b5fc6bef2199a7b3ce21fe60dddc41a21535ab8ace662b02a92431d88d,a3454eca3518139f790959afc3ca8dab0630cb0142089bce5f41450b1791921b
/workspace/arc2/active_runs/eval60_v5_vs_greedy_4worker_v1/tmp/88bcf3b4/d024/o01_g1.json,68099858f3cfaa91d5bfca30a08634fe54bffb6c3bdf6a845eabdf09f17eeedd,10444564,88bcf3b4,1,24,anti_transpose,d56ebb63ef4ae167554e38140c174bf867948bd1ac5783a0affd01a87292b5c3,e5beec92c9992930f4d6b468db1806ee2f3b9224e13179af7d4e8bb5897148e0,INDEPENDENT_SINGLE_PER_GPU_REPAIR,HEAVY_REPAIR,heavy0_serial,,1,1,755,756,755,478,44.37010201625526,search_exhausted,,,,o01_g1,88bcf3b4:o1:d024:anti_transpose,1,1790600896000000000,6888f771822953b27b65efffcfcfe919776bfb693ac908b881166599939f1188,ae024c6a81eed495e8667fab7da0675592412e50b398969fe470f976a1a361ea
/workspace/arc2/active_runs/eval60_v5_vs_greedy_4worker_v1/tmp/88bcf3b4/d048/o00_g0.json,00e87848fc64f60d0e51da5769391873701fe180cbbcf320f16b622928f9cde3,13800928,88bcf3b4,0,48,identity,ea8e311644a31b1bec63bb1ce9b1d1ba30292a19337743e6ed1d29fed5bf88d2,e5beec92c9992930f4d6b468db1806ee2f3b9224e13179af7d4e8bb5897148e0,INDEPENDENT_FAST_2_PER_GPU,FAST_PASS,fast3,,2,2,843,844,843,238,49.83988332748413,search_exhausted,,,,o00_g0,88bcf3b4:o0:d048:identity,0,1790600988000000000,08c7cde902259cfec028d1eea0ddc438127aeed8d8103f211971dc6d306fc079,e7b0c526ed3e2dbe767b4e7bc7aac833c72deacbdb7f8c3ffc42d6f8160186d7
/workspace/arc2/active_runs/eval60_v5_vs_greedy_4worker_v1/tmp/88bcf3b4/d048/o00_g0.json,00e87848fc64f60d0e51da5769391873701fe180cbbcf320f16b622928f9cde3,13800928,88bcf3b4,0,48,flip_ud,ea8e311644a31b1bec63bb1ce9b1d1ba30292a19337743e6ed1d29fed5bf88d2,e5beec92c9992930f4d6b468db1806ee2f3b9224e13179af7d4e8bb5897148e0,INDEPENDENT_SINGLE_PER_GPU_REPAIR,HEAVY_REPAIR,heavy0_serial,,3,3,1228,1229,1228,564,72.13904627598822,search_exhausted,,,,o00_g0,88bcf3b4:o0:d048:flip_ud,1,1790600988000000000,f03cfb2b121c373de658f0a72c2718c3d781dc062d6b858beb8d7ac3f2c6715e,c203c12a123a8198b02bae0e25066c03daed11d7bbc5f9c34d765a51eb805c81
/workspace/arc2/active_runs/eval60_v5_vs_greedy_4worker_v1/tmp/88bcf3b4/d048/o00_g1.json,45ce73b1bee42c3ec71726198169fc4af4fb76531432aeb91e85ebe2df641e46,10858903,88bcf3b4,0,48,transpose,ea8e311644a31b1bec63bb1ce9b1d1ba30292a19337743e6ed1d29fed5bf88d2,e5beec92c9992930f4d6b468db1806ee2f3b9224e13179af7d4e8bb5897148e0,INDEPENDENT_SINGLE_PER_GPU_REPAIR,HEAVY_REPAIR,heavy0_serial,,2,2,855,856,855,0,50.49781680479646,search_exhausted,,,,o00_g1,88bcf3b4:o0:d048:transpose,0,1790601039000000000,24973ef896873d8c2ca398a39373f54aa09a80d4273d85885f1c22bbe3f58734,7de564da37b6533773fe258c148920c3ba8d91946732b463f735e4e38d367f90
/workspace/arc2/active_runs/eval60_v5_vs_greedy_4worker_v1/tmp/88bcf3b4/d048/o00_g1.json,45ce73b1bee42c3ec71726198169fc4af4fb76531432aeb91e85ebe2df641e46,10858903,88bcf3b4,0,48,anti_transpose,ea8e311644a31b1bec63bb1ce9b1d1ba30292a19337743e6ed1d29fed5bf88d2,e5beec92c9992930f4d6b468db1806ee2f3b9224e13179af7d4e8bb5897148e0,INDEPENDENT_FAST_2_PER_GPU,FAST_PASS,fast0,,3,3,836,837,836,152,50.709482895210385,search_exhausted,,,,o00_g1,88bcf3b4:o0:d048:anti_transpose,1,1790601039000000000,3fb6e56b804143c6cc03710d97fb5574091682c8bb785b2cc4799575215ef5ec,db42a51160c4aed5f4581f90052155268ba641f6ef527c0cd94934330f8c6b64
/workspace/arc2/active_runs/eval60_v5_vs_greedy_4worker_v1/tmp/88bcf3b4/d048/o01_g0.json,3081e83c97ab0cf139ff63bfca163090447fd2dfab6699d1b78b4a40626f9293,14206549,88bcf3b4,1,48,identity,ea8e311644a31b1bec63bb1ce9b1d1ba30292a19337743e6ed1d29fed5bf88d2,e5beec92c9992930f4d6b468db1806ee2f3b9224e13179af7d4e8bb5897148e0,INDEPENDENT_SINGLE_PER_GPU_REPAIR,HEAVY_REPAIR,heavy0_serial,,1,1,755,756,755,0,44.2588949482888,search_exhausted,,,,o01_g0,88bcf3b4:o1:d048:identity,0,1790601167000000000,4b95e76d6e623326dcd137497147bd1a9b4b8d23611f371ebcd673061cfb2b93,3997f33fa6a09d8e8a733204b92510c4df88aa998b443bd73234be55cabcf40a
/workspace/arc2/active_runs/eval60_v5_vs_greedy_4worker_v1/tmp/88bcf3b4/d048/o01_g0.json,3081e83c97ab0cf139ff63bfca163090447fd2dfab6699d1b78b4a40626f9293,14206549,88bcf3b4,1,48,flip_ud,ea8e311644a31b1bec63bb1ce9b1d1ba30292a19337743e6ed1d29fed5bf88d2,e5beec92c9992930f4d6b468db1806ee2f3b9224e13179af7d4e8bb5897148e0,INDEPENDENT_SINGLE_PER_GPU_REPAIR,HEAVY_REPAIR,heavy0_serial,,2,2,1365,1366,1365,953,80.82941945269704,search_exhausted,,,,o01_g0,88bcf3b4:o1:d048:flip_ud,1,1790601167000000000,9d1762534ee0c8afb6d51628005f83b748c1eeb1d645c0762f1216d84982e213,e375cdbcf3f3410ea0af8b852f84d0d3f683fa3957451ace132b516c31f652cb
/workspace/arc2/active_runs/eval60_v5_vs_greedy_4worker_v1/tmp/88bcf3b4/d048/o01_g1.json,9ccf8c9fae315f6cfdab410927ffaa3c1635fe91666d84f509310beaaaaa818f,12999517,88bcf3b4,1,48,transpose,ea8e311644a31b1bec63bb1ce9b1d1ba30292a19337743e6ed1d29fed5bf88d2,e5beec92c9992930f4d6b468db1806ee2f3b9224e13179af7d4e8bb5897148e0,INDEPENDENT_FAST_2_PER_GPU,FAST_PASS,fast3,,1,1,755,756,755,124,45.37314554490149,search_exhausted,,,,o01_g1,88bcf3b4:o1:d048:transpose,0,1790601236000000000,1d2f767130dd523a37db6a9e932a2934960a2ab0e5b77c89eb6797ecc1d039dc,c3a3306cda21712a51df9131a568274e9df04836364a9dfe1f36cefd69e3777a
/workspace/arc2/active_runs/eval60_v5_vs_greedy_4worker_v1/tmp/88bcf3b4/d048/o01_g1.json,9ccf8c9fae315f6cfdab410927ffaa3c1635fe91666d84f509310beaaaaa818f,12999517,88bcf3b4,1,48,anti_transpose,ea8e311644a31b1bec63bb1ce9b1d1ba30292a19337743e6ed1d29fed5bf88d2,e5beec92c9992930f4d6b468db1806ee2f3b9224e13179af7d4e8bb5897148e0,INDEPENDENT_SINGLE_PER_GPU_REPAIR,HEAVY_REPAIR,heavy0_serial,,2,2,1157,1158,1157,745,67.60305927321315,search_exhausted,,,,o01_g1,88bcf3b4:o1:d048:anti_transpose,1,1790601236000000000,2bdb1aae62c5141da0488adbb8ace0d114ef478b7877cd87d9f553cc69332d1b,e240ecd4893c67c58795eee478bf2ab60af3f756761b3622d8da370fcc1c1e67
/workspace/arc2/active_runs/eval60_v5_vs_greedy_4worker_v1/tmp/898e7135/d012/o00_g0.json,7c8a23e1afca2c98d663b08fcffc4cbdd567364effbbb6d2b076286c18e0e6c0,10764139,898e7135,0,12,identity,fc658bf5caa5577837ed69d82de4adbd78fe6e602b0195412230b78238a4a381,e5beec92c9992930f4d6b468db1806ee2f3b9224e13179af7d4e8bb5897148e0,INDEPENDENT_FAST_2_PER_GPU,FAST_PASS,fast1,,2,2,794,795,794,608,47.18486616201699,search_exhausted,,,,o00_g0,898e7135:o0:d012:identity,0,1790585083000000000,a2d242be4c770da038467d06312d64d7c5adc4f457f20b1bf3c19ba6e2281c40,81d5aeaa9f188cbfd48e4613995cb41962cdcc43a80db28dc1609724bce81c30
/workspace/arc2/active_runs/eval60_v5_vs_greedy_4worker_v1/tmp/898e7135/d012/o00_g0.json,7c8a23e1afca2c98d663b08fcffc4cbdd567364effbbb6d2b076286c18e0e6c0,10764139,898e7135,0,12,flip_ud,fc658bf5caa5577837ed69d82de4adbd78fe6e602b0195412230b78238a4a381,e5beec92c9992930f4d6b468db1806ee2f3b9224e13179af7d4e8bb5897148e0,INDEPENDENT_FAST_2_PER_GPU,FAST_PASS,fast2,,2,2,792,793,792,736,46.46154180727899,search_exhausted,,,,o00_g0,898e7135:o0:d012:flip_ud,1,1790585083000000000,acb4f204fdfefd3663a4c90183233f6bce03535bc976c680a14b56059292f0b8,bc70fc4cb41c759276884e9fceffa15b058182a6f3bf030304c621e5a9292c0a
/workspace/arc2/active_runs/eval60_v5_vs_greedy_4worker_v1/tmp/898e7135/d012/o00_g1.json,1847961bb9ee45f08fbb4c39f4ca9f932163fcc7b4cd727232a185c259719af2,20287798,898e7135,0,12,transpose,fc658bf5caa5577837ed69d82de4adbd78fe6e602b0195412230b78238a4a381,e5beec92c9992930f4d6b468db1806ee2f3b9224e13179af7d4e8bb5897148e0,INDEPENDENT_FAST_2_PER_GPU,FAST_PASS,fast0,,2,2,1174,1175,1174,1092,68.4702045340091,search_exhausted,,,,o00_g1,898e7135:o0:d012:transpose,0,1790585152000000000,08f10d42c887b22b68f91e810a2e7c3a1e43ae091212500b02a6062cdea7d336,9a62b4ae5b991796f98af3d6bb7c9bb64d7e618705a43f0a0aec748884d36893
/workspace/arc2/active_runs/eval60_v5_vs_greedy_4worker_v1/tmp/898e7135/d012/o00_g1.json,1847961bb9ee45f08fbb4c39f4ca9f932163fcc7b4cd727232a185c259719af2,20287798,898e7135,0,12,anti_transpose,fc658bf5caa5577837ed69d82de4adbd78fe6e602b0195412230b78238a4a381,e5beec92c9992930f4d6b468db1806ee2f3b9224e13179af7d4e8bb5897148e0,INDEPENDENT_FAST_2_PER_GPU,FAST_PASS,fast3,,2,2,1762,1763,1762,1638,104.80076353996992,search_exhausted,,,,o00_g1,898e7135:o0:d012:anti_transpose,1,1790585152000000000,e256a0d8f52c21794f7a2b7ef5642d27cc1e359733b50533c8b29fab561deea8,f6c7db7a805b92694511ece0d8258b11084980476f12ac92b5aaf014334b2180
/workspace/arc2/active_runs/eval60_v5_vs_greedy_4worker_v1/tmp/898e7135/d024/o00_g0.json,7f7e257a5a2b3c3253fc3cf77b9bcc534a16f38f8f7f2b8ed2705879a32e696f,5248328,898e7135,0,24,identity,378fddf36e0d36789b6ae6430964a86f04617fc2f4e34d2a6c6b960201871417,e5beec92c9992930f4d6b468db1806ee2f3b9224e13179af7d4e8bb5897148e0,INDEPENDENT_FAST_2_PER_GPU,FAST_PASS,fast2,,1,1,419,420,419,0,25.473257584497333,search_exhausted,,,,o00_g0,898e7135:o0:d024:identity,0,1790585125349788471,d10ec2dba1fee56cf62c1d62d23abb56d8d48f36efe6443b9c6c92abb9592042,0f5a4c44b5bd43754fc55acb14a584b8fcb33fb3965902b96c8ab18991012eb7
/workspace/arc2/active_runs/eval60_v5_vs_greedy_4worker_v1/tmp/898e7135/d024/o00_g0.json,7f7e257a5a2b3c3253fc3cf77b9bcc534a16f38f8f7f2b8ed2705879a32e696f,5248328,898e7135,0,24,flip_ud,378fddf36e0d36789b6ae6430964a86f04617fc2f4e34d2a6c6b960201871417,e5beec92c9992930f4d6b468db1806ee2f3b9224e13179af7d4e8bb5897148e0,INDEPENDENT_FAST_2_PER_GPU,FAST_PASS,fast1,,1,1,419,420,419,152,25.16803488135338,search_exhausted,,,,o00_g0,898e7135:o0:d024:flip_ud,1,1790585125349788471,708da679c78679f30416d50dbbf7cc2abaed7dc7a32170a8c9dbbb2478eca9fa,6cce2b048deedeae3d74647f77e4cecbb327736421d5a7986708617be9cb9cb6
/workspace/arc2/active_runs/eval60_v5_vs_greedy_4worker_v1/tmp/898e7135/d024/o00_g1.json,167ce053a84d46afece92d7d177faea3daf1a0e203a0b3bde5c856ea28742034,10033864,898e7135,0,24,transpose,378fddf36e0d36789b6ae6430964a86f04617fc2f4e34d2a6c6b960201871417,e5beec92c9992930f4d6b468db1806ee2f3b9224e13179af7d4e8bb5897148e0,INDEPENDENT_FAST_2_PER_GPU,FAST_PASS,fast0,,2,2,784,785,784,210,46.013934733346105,search_exhausted,,,,o00_g1,898e7135:o0:d024:transpose,0,1790585173000000000,2caec20f978e8482331247d3c3bc5e32691c2bcf0b81556dc6d2231de85849da,5bdd77b33aa2df7efa4f4e92e90a006aeb774657b3283f6445a909794a6bc65c
/workspace/arc2/active_runs/eval60_v5_vs_greedy_4worker_v1/tmp/898e7135/d024/o00_g1.json,167ce053a84d46afece92d7d177faea3daf1a0e203a0b3bde5c856ea28742034,10033864,898e7135,0,24,anti_transpose,378fddf36e0d36789b6ae6430964a86f04617fc2f4e34d2a6c6b960201871417,e5beec92c9992930f4d6b468db1806ee2f3b9224e13179af7d4e8bb5897148e0,INDEPENDENT_FAST_2_PER_GPU,FAST_PASS,fast1,,2,2,794,795,794,162,46.69823697954416,search_exhausted,,,,o00_g1,898e7135:o0:d024:anti_transpose,1,1790585173000000000,801e1c1692d9e41f80967c756d4056d4e355916843e40fdb8a34cd0c37f1db3e,aa72d8461634973604a2e9ba7f030ae93f4730cfb4c77a2fe5dd1d79db45d329
/workspace/arc2/active_runs/eval60_v5_vs_greedy_4worker_v1/tmp/898e7135/d048/o00_g0.json,a3c415ea7cc2b89b7a4b9c86d2ec54d167738224a96aa71dea351a248eb204e8,7735978,898e7135,0,48,identity,07b049ca903c46b4048bf4f33896a71551ca7798c1d3aae1b7e62649836067d6,e5beec92c9992930f4d6b468db1806ee2f3b9224e13179af7d4e8bb5897148e0,INDEPENDENT_FAST_2_PER_GPU,FAST_PASS,fast2,,1,1,419,420,419,0,25.065984200686216,search_exhausted,,,,o00_g0,898e7135:o0:d048:identity,0,1790585213000000000,d1dec8e23a1d3e23d8812106d1f82b94d268211cd140861e9eb49438925752e5,567a82fa38fb14e28f959aa13768a55fcd8b77dc69c4d69c56ceaa85cfb7afb8
/workspace/arc2/active_runs/eval60_v5_vs_greedy_4worker_v1/tmp/898e7135/d048/o00_g0.json,a3c415ea7cc2b89b7a4b9c86d2ec54d167738224a96aa71dea351a248eb204e8,7735978,898e7135,0,48,flip_ud,07b049ca903c46b4048bf4f33896a71551ca7798c1d3aae1b7e62649836067d6,e5beec92c9992930f4d6b468db1806ee2f3b9224e13179af7d4e8bb5897148e0,INDEPENDENT_FAST_2_PER_GPU,FAST_PASS,fast3,,2,2,792,793,792,368,47.93096983805299,search_exhausted,,,,o00_g0,898e7135:o0:d048:flip_ud,1,1790585213000000000,bc610017851d2b126c2c984d448879c2f68af177cf4932602742ea7318f86f3c,f51494cc680a1771efca53a9ffb2948d1777a24bf4ef87b6211d13f730962f52
/workspace/arc2/active_runs/eval60_v5_vs_greedy_4worker_v1/tmp/898e7135/d048/o00_g1.json,281e252442aee5e5c8ccde149a84c63a344a1db65ea575294f79e6b19df2f948,13332311,898e7135,0,48,transpose,07b049ca903c46b4048bf4f33896a71551ca7798c1d3aae1b7e62649836067d6,e5beec92c9992930f4d6b468db1806ee2f3b9224e13179af7d4e8bb5897148e0,INDEPENDENT_FAST_2_PER_GPU,FAST_PASS,fast0,,2,2,1174,1175,1174,1082,68.71807294897735,search_exhausted,,,,o00_g1,898e7135:o0:d048:transpose,0,1790585234000000000,d410d81b50f4e401098e9768ec066ef8b2115fb5484af630cc54e7fd793447eb,e4c9d5e98550aa5647206b3579b356a9286b3775db790a2033f4e0d31a3366da
/workspace/arc2/active_runs/eval60_v5_vs_greedy_4worker_v1/tmp/898e7135/d048/o00_g1.json,281e252442aee5e5c8ccde149a84c63a344a1db65ea575294f79e6b19df2f948,13332311,898e7135,0,48,anti_transpose,07b049ca903c46b4048bf4f33896a71551ca7798c1d3aae1b7e62649836067d6,e5beec92c9992930f4d6b468db1806ee2f3b9224e13179af7d4e8bb5897148e0,INDEPENDENT_FAST_2_PER_GPU,FAST_PASS,fast2,,2,2,784,785,784,492,46.487008484080434,search_exhausted,,,,o00_g1,898e7135:o0:d048:anti_transpose,1,1790585234000000000,85bf79aef435bd4fd12b3bb77d1ab5ae71a64c7b2bd3caae3d475ffbdd132031,2cbcc09d68d9b381a08a9336730e6b75732931f7274a10bee1e8acd5e049c4b0
/workspace/arc2/active_runs/eval60_v5_vs_greedy_4worker_v1/tmp/8b7bacbf/d012/o00_g0.json,94aa2f9a1a334a321a21905ab37b27f7b3eff08664bc7afdb6b3890b7cd12ab2,34637960,8b7bacbf,0,12,identity,c773ecbbbfed847e7042bf3cd4c9ceb9ae406dd2f45e5a458172dccce44c8ae7,e5beec92c9992930f4d6b468db1806ee2f3b9224e13179af7d4e8bb5897148e0,,UNKNOWN,fast0,,4,4,2958,2961,2958,2202,84.49601047299802,search_exhausted,,,,o00_g0,8b7bacbf:o0:d012:identity,0,1790578970000000000,ea17bd94c099b652e3281029eacf4eb4faec8fd073e3bf8ea29bd4ee56217fd0,7128336dd574836b1dacc8d0369e3e447be17032b9e5a6845f5149612021ada0
/workspace/arc2/active_runs/eval60_v5_vs_greedy_4worker_v1/tmp/8b7bacbf/d012/o00_g0.json,94aa2f9a1a334a321a21905ab37b27f7b3eff08664bc7afdb6b3890b7cd12ab2,34637960,8b7bacbf,0,12,flip_ud,c773ecbbbfed847e7042bf3cd4c9ceb9ae406dd2f45e5a458172dccce44c8ae7,e5beec92c9992930f4d6b468db1806ee2f3b9224e13179af7d4e8bb5897148e0,,UNKNOWN,fast0,,4,4,2959,2961,2959,1649,84.49601047299802,search_exhausted,,,,o00_g0,8b7bacbf:o0:d012:flip_ud,1,1790578970000000000,5d9ca9e0a7bea467f5f0a65eff2ef0af08e0b618675b5793ca1927268eedeb02,b20743fc1a142bf33f0481ae9e97ae540c6d7d3ed37a234f1a0ae83dcd61b132
/workspace/arc2/active_runs/eval60_v5_vs_greedy_4worker_v1/tmp/8b7bacbf/d012/o00_g1.json,b2dcd201b559b8ff659267ea0de7adfda84d7c677bebe5dfefade70748a9570f,19841592,8b7bacbf,0,12,transpose,c773ecbbbfed847e7042bf3cd4c9ceb9ae406dd2f45e5a458172dccce44c8ae7,e5beec92c9992930f4d6b468db1806ee2f3b9224e13179af7d4e8bb5897148e0,,UNKNOWN,fast2,,2,2,1723,1724,1723,1048,50.44832143839449,search_exhausted,,,,o00_g1,8b7bacbf:o0:d012:transpose,0,1790579048000000000,c8a7cc4d47556994fcc17c7bfda4b3a6cf3f0c286242105e0ecf1066591d602e,bbea3ef86c793c6da4adeb7c14653570bc8889694c212152b3088f5143ac0610
/workspace/arc2/active_runs/eval60_v5_vs_greedy_4worker_v1/tmp/8b7bacbf/d012/o00_g1.json,b2dcd201b559b8ff659267ea0de7adfda84d7c677bebe5dfefade70748a9570f,19841592,8b7bacbf,0,12,anti_transpose,c773ecbbbfed847e7042bf3cd4c9ceb9ae406dd2f45e5a458172dccce44c8ae7,e5beec92c9992930f4d6b468db1806ee2f3b9224e13179af7d4e8bb5897148e0,,UNKNOWN,fast2,,2,2,1722,1724,1722,955,50.44832143839449,search_exhausted,,,,o00_g1,8b7bacbf:o0:d012:anti_transpose,1,1790579048000000000,d3cf83bcfa7a91c04d4731a46f9d2107505d03e812f97c4b6724c07708db16dc,f510417ff4044c58e645e75eac445be77ee247af651eb4cf71657d5a04d5d72c
/workspace/arc2/active_runs/eval60_v5_vs_greedy_4worker_v1/tmp/8b7bacbf/d012/o01_g0.json,7f49d7650597c21631b1698872faf2f7ac1f31f08446fd9fe9a092363c239b63,24872188,8b7bacbf,1,12,identity,c773ecbbbfed847e7042bf3cd4c9ceb9ae406dd2f45e5a458172dccce44c8ae7,e5beec92c9992930f4d6b468db1806ee2f3b9224e13179af7d4e8bb5897148e0,,UNKNOWN,fast2,,4,4,2092,2094,2092,1587,60.95888001192361,search_exhausted,,,,o01_g0,8b7bacbf:o1:d012:identity,0,1790579392000000000,f273d43072e13dba7f9734f3a562f37826d72e375ccd55b298218073e5a4f10a,c450267fabc17ef03e9c5791202937b9c4fc67c49854738c25279ca7a9b9648a
/workspace/arc2/active_runs/eval60_v5_vs_greedy_4worker_v1/tmp/8b7bacbf/d012/o01_g0.json,7f49d7650597c21631b1698872faf2f7ac1f31f08446fd9fe9a092363c239b63,24872188,8b7bacbf,1,12,flip_ud,c773ecbbbfed847e7042bf3cd4c9ceb9ae406dd2f45e5a458172dccce44c8ae7,e5beec92c9992930f4d6b468db1806ee2f3b9224e13179af7d4e8bb5897148e0,,UNKNOWN,fast2,,4,4,2091,2094,2091,1689,60.95888001192361,search_exhausted,,,,o01_g0,8b7bacbf:o1:d012:flip_ud,1,1790579392000000000,4c839559d3f228fef8119b1e72fba5fdfccfec0e507654de3fa7a09acc762303,2668a0bf88e4bc38cb99369fd8a6031b0fd0f58ee221f919a2efef8ee82d9a35
/workspace/arc2/active_runs/eval60_v5_vs_greedy_4worker_v1/tmp/8b7bacbf/d012/o01_g1.json,8e93bc9231186286a62de83df853d14eff9c8532171f3c3dae7cde0512f029cf,25119269,8b7bacbf,1,12,transpose,c773ecbbbfed847e7042bf3cd4c9ceb9ae406dd2f45e5a458172dccce44c8ae7,e5beec92c9992930f4d6b468db1806ee2f3b9224e13179af7d4e8bb5897148e0,,UNKNOWN,fast0,,4,4,2103,2106,2103,1684,60.22605944238603,search_exhausted,,,,o01_g1,8b7bacbf:o1:d012:transpose,0,1790579408000000000,2bc836b96f3cc1c508f94c385da77b7f16b850d0baacc6c2f44b0cf2030c46c1,92f9c5624e578c572fdf3acf2a72c015eb2b2fb7042366eb5c2fce4d98964a8f
/workspace/arc2/active_runs/eval60_v5_vs_greedy_4worker_v1/tmp/8b7bacbf/d012/o01_g1.json,8e93bc9231186286a62de83df853d14eff9c8532171f3c3dae7cde0512f029cf,25119269,8b7bacbf,1,12,anti_transpose,c773ecbbbfed847e7042bf3cd4c9ceb9ae406dd2f45e5a458172dccce44c8ae7,e5beec92c9992930f4d6b468db1806ee2f3b9224e13179af7d4e8bb5897148e0,,UNKNOWN,fast0,,4,4,2104,2106,2104,1938,60.22605944238603,search_exhausted,,,,o01_g1,8b7bacbf:o1:d012:anti_transpose,1,1790579408000000000,ba894ad62d335e78ef238fcb180ae6945daa7ef0f231c06bfeae8bbac84e050c,6756b79b3e0807b31cd83a4c4b0175bc8ea271a7772163fe242200957e99523c
/workspace/arc2/active_runs/eval60_v5_vs_greedy_4worker_v1/tmp/8b7bacbf/d024/o00_g0.json,585168ec81978d62e1d78f2966b57ef8020c7d470680501d498de4fa64448d51,16812451,8b7bacbf,0,24,identity,67258f2d5c0cfbeea7f9d141ccd57d1e885844477b67e070f2fa7e20ac2b8f71,e5beec92c9992930f4d6b468db1806ee2f3b9224e13179af7d4e8bb5897148e0,,UNKNOWN,fast0,,2,2,1531,1533,1531,603,43.89660013653338,search_exhausted,,,,o00_g0,8b7bacbf:o0:d024:identity,0,1790579101000000000,7b8782e71d519db4d8d988792f247f74eb25232c071b50dfb033baa96f1f3242,4a749117dd4ff45027a982af43a90b821c6547c2c96feaac4d381f73d87d5e3d
/workspace/arc2/active_runs/eval60_v5_vs_greedy_4worker_v1/tmp/8b7bacbf/d024/o00_g0.json,585168ec81978d62e1d78f2966b57ef8020c7d470680501d498de4fa64448d51,16812451,8b7bacbf,0,24,flip_ud,67258f2d5c0cfbeea7f9d141ccd57d1e885844477b67e070f2fa7e20ac2b8f71,e5beec92c9992930f4d6b468db1806ee2f3b9224e13179af7d4e8bb5897148e0,,UNKNOWN,fast0,,2,2,1532,1533,1532,0,43.89660013653338,search_exhausted,,,,o00_g0,8b7bacbf:o0:d024:flip_ud,1,1790579101000000000,ec03ba95b74de93d219475f6fda9b4460c8e42f25d8351adb1e0a74aac9bbd7b,591c2505f110b3286bea282c1ef11673dac4aaea73dedb57d9858eec6d0b8d62
/workspace/arc2/active_runs/eval60_v5_vs_greedy_4worker_v1/tmp/8b7bacbf/d024/o00_g1.json,4075e6be0980dae3f54cd8cddf7d99853b951529aa12ff1ba1b1150bdb4fb691,18062878,8b7bacbf,0,24,transpose,67258f2d5c0cfbeea7f9d141ccd57d1e885844477b67e070f2fa7e20ac2b8f71,e5beec92c9992930f4d6b468db1806ee2f3b9224e13179af7d4e8bb5897148e0,,UNKNOWN,fast2,,2,2,1603,1605,1603,675,46.1590632526204,search_exhausted,,,,o00_g1,8b7bacbf:o0:d024:transpose,0,1790579162000000000,27572ad78e69fc9aefa1d65a1790f037432ba9d83f7830ada4d91095ee7ee52e,5387ecec4c6a72abcde4eb7fa15e556105e969fc227d888fdacb63729e92ae3e
/workspace/arc2/active_runs/eval60_v5_vs_greedy_4worker_v1/tmp/8b7bacbf/d024/o00_g1.json,4075e6be0980dae3f54cd8cddf7d99853b951529aa12ff1ba1b1150bdb4fb691,18062878,8b7bacbf,0,24,anti_transpose,67258f2d5c0cfbeea7f9d141ccd57d1e885844477b67e070f2fa7e20ac2b8f71,e5beec92c9992930f4d6b468db1806ee2f3b9224e13179af7d4e8bb5897148e0,,UNKNOWN,fast2,,2,2,1604,1605,1604,485,46.1590632526204,search_exhausted,,,,o00_g1,8b7bacbf:o0:d024:anti_transpose,1,1790579162000000000,e82c6704fdca4b1625f1bb32be66ec52acbb38291078dd266166621f37ba96dc,b1edead9d511b2fe0644f226f991cba19afcbc64263e6f4f2c519296af747cd6
/workspace/arc2/active_runs/eval60_v5_vs_greedy_4worker_v1/tmp/8b7bacbf/d024/o01_g0.json,afdc5b3ab0311c66f6c7c181fec2759c00f6efba22c5a20104b575e383df1f55,17484258,8b7bacbf,1,24,identity,67258f2d5c0cfbeea7f9d141ccd57d1e885844477b67e070f2fa7e20ac2b8f71,e5beec92c9992930f4d6b468db1806ee2f3b9224e13179af7d4e8bb5897148e0,,UNKNOWN,fast2,,3,3,1531,1533,1531,628,44.43274552281946,search_exhausted,,,,o01_g0,8b7bacbf:o1:d024:identity,0,1790579496000000000,8b382370c261e202276ca37f57a019cc2962d6507f89f5ae475736dd6a8db87c,c20092f81ef826827f4716a983feb83a6542f183f97a7eb1c92d8dd208ba3a9b
/workspace/arc2/active_runs/eval60_v5_vs_greedy_4worker_v1/tmp/8b7bacbf/d024/o01_g0.json,afdc5b3ab0311c66f6c7c181fec2759c00f6efba22c5a20104b575e383df1f55,17484258,8b7bacbf,1,24,flip_ud,67258f2d5c0cfbeea7f9d141ccd57d1e885844477b67e070f2fa7e20ac2b8f71,e5beec92c9992930f4d6b468db1806ee2f3b9224e13179af7d4e8bb5897148e0,,UNKNOWN,fast2,,3,3,1531,1533,1531,805,44.43274552281946,search_exhausted,,,,o01_g0,8b7bacbf:o1:d024:flip_ud,1,1790579496000000000,363cd2cc0097a455aaa11ed4215966b78a3f25c38bba947ef3f3a4af2dc65620,451187f1437fd07b7c8624754c1f1b2bdfbc83d91537d90de0de04d7b99077e6
/workspace/arc2/active_runs/eval60_v5_vs_greedy_4worker_v1/tmp/8b7bacbf/d024/o01_g1.json,65c6fe9f4efc7f8f16ac39b1afda4faad851518885578c3fc6cbcab7930f4e78,18120746,8b7bacbf,1,24,transpose,67258f2d5c0cfbeea7f9d141ccd57d1e885844477b67e070f2fa7e20ac2b8f71,e5beec92c9992930f4d6b468db1806ee2f3b9224e13179af7d4e8bb5897148e0,,UNKNOWN,fast0,,3,3,1557,1559,1557,555,45.51159697864205,search_exhausted,,,,o01_g1,8b7bacbf:o1:d024:transpose,0,1790579511000000000,1010bebc968757fa7eb5364d94206df91d61f387191e618ef55b4fd7297453e2,763d4f974435e14ecd550e5a9d044b0123f29e448de5a5944346ee1153588424
/workspace/arc2/active_runs/eval60_v5_vs_greedy_4worker_v1/tmp/8b7bacbf/d024/o01_g1.json,65c6fe9f4efc7f8f16ac39b1afda4faad851518885578c3fc6cbcab7930f4e78,18120746,8b7bacbf,1,24,anti_transpose,67258f2d5c0cfbeea7f9d141ccd57d1e885844477b67e070f2fa7e20ac2b8f71,e5beec92c9992930f4d6b468db1806ee2f3b9224e13179af7d4e8bb5897148e0,,UNKNOWN,fast0,,3,3,1557,1559,1557,1427,45.51159697864205,search_exhausted,,,,o01_g1,8b7bacbf:o1:d024:anti_transpose,1,1790579511000000000,75de59e744211fea34a8be3ee58cc60e5644d8a91f083c85dac6e79c93184893,8962ba86eef6728438e5b04898a5255f60c5ce2e0dba498f839487f67a2c5298
/workspace/arc2/active_runs/eval60_v5_vs_greedy_4worker_v1/tmp/8b7bacbf/d048/o00_g0.json,2ebcd15b83b19bbe5d27c8ac708003ec298c807106fb626b56ea5b5f99d46eba,20176197,8b7bacbf,0,48,identity,0b74e4831afb02aeea4f56546bfdfcc0a60239d0d0344dc35648b495df4553d5,e5beec92c9992930f4d6b468db1806ee2f3b9224e13179af7d4e8bb5897148e0,,UNKNOWN,fast0,,2,2,1752,1753,1752,1084,50.37113282363862,search_exhausted,,,,o00_g0,8b7bacbf:o0:d048:identity,0,1790579273000000000,99322162359388c08603d5e462cea49153390118dcaba5204a3a5465dd76706f,de21b4d3742d803566a13ccb0f6cf9bcd5b037488b4509014aaa32ad10995039
/workspace/arc2/active_runs/eval60_v5_vs_greedy_4worker_v1/tmp/8b7bacbf/d048/o00_g0.json,2ebcd15b83b19bbe5d27c8ac708003ec298c807106fb626b56ea5b5f99d46eba,20176197,8b7bacbf,0,48,flip_ud,0b74e4831afb02aeea4f56546bfdfcc0a60239d0d0344dc35648b495df4553d5,e5beec92c9992930f4d6b468db1806ee2f3b9224e13179af7d4e8bb5897148e0,,UNKNOWN,fast0,,2,2,1751,1753,1751,823,50.37113282363862,search_exhausted,,,,o00_g0,8b7bacbf:o0:d048:flip_ud,1,1790579273000000000,b90e768901bc8219234233bba8eb07dbc0490fdcb8e443e336d1799e930ee673,adcac782230938a3bc68bb48b063ecae20d98c6d3a148005c5193e85ed995c28
/workspace/arc2/active_runs/eval60_v5_vs_greedy_4worker_v1/tmp/8b7bacbf/d048/o00_g1.json,d644ac55fe751cb7fcd854154732ab02663d9eb4af015dd56a5d1448d6934cad,16115851,8b7bacbf,0,48,transpose,0b74e4831afb02aeea4f56546bfdfcc0a60239d0d0344dc35648b495df4553d5,e5beec92c9992930f4d6b468db1806ee2f3b9224e13179af7d4e8bb5897148e0,,UNKNOWN,fast2,,2,2,1444,1446,1444,516,42.1433838699013,search_exhausted,,,,o00_g1,8b7bacbf:o0:d048:transpose,0,1790579255000000000,b2e99e31445e990c4c633c303e3e74572dd752a1691c5d500df6f189b82fe9c8,86da9ab2762953a58ad29f1c066c721acfcd722f98d5b2f95887bbec9b93b1af
/workspace/arc2/active_runs/eval60_v5_vs_greedy_4worker_v1/tmp/8b7bacbf/d048/o00_g1.json,d644ac55fe751cb7fcd854154732ab02663d9eb4af015dd56a5d1448d6934cad,16115851,8b7bacbf,0,48,anti_transpose,0b74e4831afb02aeea4f56546bfdfcc0a60239d0d0344dc35648b495df4553d5,e5beec92c9992930f4d6b468db1806ee2f3b9224e13179af7d4e8bb5897148e0,,UNKNOWN,fast2,,2,2,1445,1446,1445,324,42.1433838699013,search_exhausted,,,,o00_g1,8b7bacbf:o0:d048:anti_transpose,1,1790579255000000000,0b313217b0d93cf7cd8b07d09e2e0a11f53e1518630c2c839e90d8fc7a79161c,10214860a9d649d9f105c2ea0728550920ede55d8f217cde5c97b7c90ef9c70b
/workspace/arc2/active_runs/eval60_v5_vs_greedy_4worker_v1/tmp/8b7bacbf/d048/o01_g0.json,f34d8df19b071cbfa026e0a2cba76b63490272f83a7f3865343c3e073af52d39,12576144,8b7bacbf,1,48,identity,0b74e4831afb02aeea4f56546bfdfcc0a60239d0d0344dc35648b495df4553d5,e5beec92c9992930f4d6b468db1806ee2f3b9224e13179af7d4e8bb5897148e0,,UNKNOWN,fast2,,3,3,1120,1123,1120,529,32.459896811284125,search_exhausted,,,,o01_g0,8b7bacbf:o1:d048:identity,0,1790579576000000000,443d5056de1fcd1e4155cca9b3c0ad42e46397a7a7db33ee3fc3ea3431bf6882,dc0a1058d00192f40b6bb5c7dfdc243008daf5d634c6114eecb935dd2f1e858b
/workspace/arc2/active_runs/eval60_v5_vs_greedy_4worker_v1/tmp/8b7bacbf/d048/o01_g0.json,f34d8df19b071cbfa026e0a2cba76b63490272f83a7f3865343c3e073af52d39,12576144,8b7bacbf,1,48,flip_ud,0b74e4831afb02aeea4f56546bfdfcc0a60239d0d0344dc35648b495df4553d5,e5beec92c9992930f4d6b468db1806ee2f3b9224e13179af7d4e8bb5897148e0,,UNKNOWN,fast2,,3,3,1122,1123,1122,117,32.459896811284125,search_exhausted,,,,o01_g0,8b7bacbf:o1:d048:flip_ud,1,1790579576000000000,cf3346100a9ed9339f9883376f5cfc55d7671a9e4dbc1849ba22f318ce032603,07dd16ca0d04967e55d758ded8ddc654b2cdd14045924ab52b74282f23f8955f
/workspace/arc2/active_runs/eval60_v5_vs_greedy_4worker_v1/tmp/8b7bacbf/d048/o01_g1.json,febe0d8620988cf843c9723eafbe039774150a67ceb04639f06046ded5b2e91d,17309025,8b7bacbf,1,48,transpose,0b74e4831afb02aeea4f56546bfdfcc0a60239d0d0344dc35648b495df4553d5,e5beec92c9992930f4d6b468db1806ee2f3b9224e13179af7d4e8bb5897148e0,,UNKNOWN,fast0,,3,3,1542,1544,1542,540,44.934844127856195,search_exhausted,,,,o01_g1,8b7bacbf:o1:d048:transpose,0,1790579625000000000,b54e2c8cf28aeb35c6d714472c0ebdca8d3992a0210ba44149fb8a93670972d4,addc824ec7278593d146aa9caa48321cd5a11e13f4807d5082b02446c17140c3
/workspace/arc2/active_runs/eval60_v5_vs_greedy_4worker_v1/tmp/8b7bacbf/d048/o01_g1.json,febe0d8620988cf843c9723eafbe039774150a67ceb04639f06046ded5b2e91d,17309025,8b7bacbf,1,48,anti_transpose,0b74e4831afb02aeea4f56546bfdfcc0a60239d0d0344dc35648b495df4553d5,e5beec92c9992930f4d6b468db1806ee2f3b9224e13179af7d4e8bb5897148e0,,UNKNOWN,fast0,,3,3,1542,1544,1542,406,44.934844127856195,search_exhausted,,,,o01_g1,8b7bacbf:o1:d048:anti_transpose,1,1790579625000000000,b6b210a77d74b4d025a9444de0fbdf4b8f14570ab9a535256371330378ce5ae5,3de9b11c482b7e7c5225f87aa31638f74b98a8e8c2f7bcb71c505aac6e9e165a
/workspace/arc2/active_runs/eval60_v5_vs_greedy_4worker_v1/tmp/8e5c0c38/d012/o00_g0.json,7b351de1411807e0695708efdd559441fedbac0b7e94c8f1be38a4534689dcab,11258391,8e5c0c38,0,12,identity,7192d731859afe06230750abbaef6c416db8030d8ba9c934abdc9f4b50624170,e5beec92c9992930f4d6b468db1806ee2f3b9224e13179af7d4e8bb5897148e0,INDEPENDENT_FAST_2_PER_GPU,FAST_PASS,fast3,,3,3,1183,1184,1183,743,71.10607726313174,search_exhausted,,,,o00_g0,8e5c0c38:o0:d012:identity,0,1790599513000000000,85f24e22bf5f8e9e5203cd900d168c6254f45bf998630e6c324bc2d1e6544c8b,aed9f2e3c68c70213ff1f0191560e28246dbb88683f6b5e06d48b86fd3fb5ced
/workspace/arc2/active_runs/eval60_v5_vs_greedy_4worker_v1/tmp/8e5c0c38/d012/o00_g0.json,7b351de1411807e0695708efdd559441fedbac0b7e94c8f1be38a4534689dcab,11258391,8e5c0c38,0,12,flip_ud,7192d731859afe06230750abbaef6c416db8030d8ba9c934abdc9f4b50624170,e5beec92c9992930f4d6b468db1806ee2f3b9224e13179af7d4e8bb5897148e0,INDEPENDENT_SINGLE_PER_GPU_REPAIR,HEAVY_REPAIR,heavy0_serial,,1,1,505,506,505,226,29.719651326537132,search_exhausted,,,,o00_g0,8e5c0c38:o0:d012:flip_ud,1,1790599513000000000,37d28b116b596bc484ed773cb276e84560163a23c689e4504941368f4ec8d518,6196ab2d1393aaacf784aea183dd3812b05855a8392cb7ee2c280ab09a11a28c
/workspace/arc2/active_runs/eval60_v5_vs_greedy_4worker_v1/tmp/8e5c0c38/d012/o00_g1.json,f8f507f33fb40eba096201a8e957693c52c79273d511158a944fde7f5931a6e5,11129393,8e5c0c38,0,12,transpose,7192d731859afe06230750abbaef6c416db8030d8ba9c934abdc9f4b50624170,e5beec92c9992930f4d6b468db1806ee2f3b9224e13179af7d4e8bb5897148e0,INDEPENDENT_FAST_2_PER_GPU,FAST_PASS,fast0,,2,2,933,934,933,744,56.32273714616895,search_exhausted,,,,o00_g1,8e5c0c38:o0:d012:transpose,0,1790599558000000000,f3fab23c84be92897ad351c0bee7638715a41cd8259453a4c77dfcf2a6975663,95899c9f75694359eb0b141db027b49c8c3e597e40559637a470ea2403dfd4e8
/workspace/arc2/active_runs/eval60_v5_vs_greedy_4worker_v1/tmp/8e5c0c38/d012/o00_g1.json,f8f507f33fb40eba096201a8e957693c52c79273d511158a944fde7f5931a6e5,11129393,8e5c0c38,0,12,anti_transpose,7192d731859afe06230750abbaef6c416db8030d8ba9c934abdc9f4b50624170,e5beec92c9992930f4d6b468db1806ee2f3b9224e13179af7d4e8bb5897148e0,INDEPENDENT_SINGLE_PER_GPU_REPAIR,HEAVY_REPAIR,heavy0_serial,,2,2,744,745,744,0,43.86300514638424,search_exhausted,,,,o00_g1,8e5c0c38:o0:d012:anti_transpose,1,1790599558000000000,d9c888872386a63d5ffee73952e3da399b5dac46e7c0735d9641283a3c72153b,bfef3d09da906d0f06c35fddfd8d6d28df52cf2f41c2a040a96096dd4c7a3e64
/workspace/arc2/active_runs/eval60_v5_vs_greedy_4worker_v1/tmp/8e5c0c38/d012/o01_g0.json,87e07d2766606d490131193efcadd6b8c9ab56db67c2bbba4800a6ca22bfa384,12098459,8e5c0c38,1,12,identity,7192d731859afe06230750abbaef6c416db8030d8ba9c934abdc9f4b50624170,e5beec92c9992930f4d6b468db1806ee2f3b9224e13179af7d4e8bb5897148e0,INDEPENDENT_SINGLE_PER_GPU_REPAIR,HEAVY_REPAIR,heavy0_serial,,2,2,939,940,939,388,54.93422473967075,search_exhausted,,,,o01_g0,8e5c0c38:o1:d012:identity,0,1790599614000000000,80d05e9f479c104c6831d9f7907d97b7581b60d64496509aaf5c5e4259b77ee0,26dc7bd2453751281ccba4e7aecae3637873f6c0554d22e3e2e5f3d69dce48fe
/workspace/arc2/active_runs/eval60_v5_vs_greedy_4worker_v1/tmp/8e5c0c38/d012/o01_g0.json,87e07d2766606d490131193efcadd6b8c9ab56db67c2bbba4800a6ca22bfa384,12098459,8e5c0c38,1,12,flip_ud,7192d731859afe06230750abbaef6c416db8030d8ba9c934abdc9f4b50624170,e5beec92c9992930f4d6b468db1806ee2f3b9224e13179af7d4e8bb5897148e0,INDEPENDENT_FAST_2_PER_GPU,FAST_PASS,fast0,,2,2,904,905,904,563,54.350576816126704,search_exhausted,,,,o01_g0,8e5c0c38:o1:d012:flip_ud,1,1790599614000000000,3369cc90427cb5ab13188f6240b7494089fb3f4d8a5c7520f43bfe0683ae0518,bbf37a80e9c0fdc4a4e50b90cb376a70493ec1346eef8ba605704d81cbe3f87f
/workspace/arc2/active_runs/eval60_v5_vs_greedy_4worker_v1/tmp/8e5c0c38/d012/o01_g1.json,32afad6d56c61697c42d059034651bdfab7195f0798b892187cea0cec9bf001b,15474718,8e5c0c38,1,12,transpose,7192d731859afe06230750abbaef6c416db8030d8ba9c934abdc9f4b50624170,e5beec92c9992930f4d6b468db1806ee2f3b9224e13179af7d4e8bb5897148e0,INDEPENDENT_FAST_2_PER_GPU,FAST_PASS,fast3,,2,2,935,936,935,505,55.55275410413742,search_exhausted,,,,o01_g1,8e5c0c38:o1:d012:transpose,0,1790599697000000000,55a00a34269d8db3fa6477d60c6918f65ad267b175b4764ca3837df0afb2aaa4,7939e52122058a00b1004ec9c6b4ae81b7ccf5d7121e385091b2e0984f1a74ac
/workspace/arc2/active_runs/eval60_v5_vs_greedy_4worker_v1/tmp/8e5c0c38/d012/o01_g1.json,32afad6d56c61697c42d059034651bdfab7195f0798b892187cea0cec9bf001b,15474718,8e5c0c38,1,12,anti_transpose,7192d731859afe06230750abbaef6c416db8030d8ba9c934abdc9f4b50624170,e5beec92c9992930f4d6b468db1806ee2f3b9224e13179af7d4e8bb5897148e0,INDEPENDENT_SINGLE_PER_GPU_REPAIR,HEAVY_REPAIR,heavy0_serial,,3,3,1377,1378,1377,880,81.53048575669527,search_exhausted,,,,o01_g1,8e5c0c38:o1:d012:anti_transpose,1,1790599697000000000,7b6574e7070bdb5a77ff83547b2ab03ecd32a7ed27934d5d8cd9bf8491bb4bff,8a98dc40e9d210c526dc05a4a0c3f191dd2189c61cf0c564512c5ea18b2a5279
/workspace/arc2/active_runs/eval60_v5_vs_greedy_4worker_v1/tmp/8e5c0c38/d024/o00_g0.json,0c857433ba838e0283698520e81ec9c7dd461337f863b6fd1c224601fadcd9ac,11082692,8e5c0c38,0,24,identity,d454b65ffa852097f92089568c430f6702ea0375670395863c0c26a62b00f5dd,e5beec92c9992930f4d6b468db1806ee2f3b9224e13179af7d4e8bb5897148e0,INDEPENDENT_FAST_2_PER_GPU,FAST_PASS,fast0,,3,3,1202,1203,1202,693,72.7697083633393,search_exhausted,,,,o00_g0,8e5c0c38:o0:d024:identity,0,1790599745000000000,7503ae19aa2aeab141d270d23422a468536db809ebc0045371436a873bdcc8b1,1c605f879fc1ffe19568549b3d0e082578d10259d4883330b8da8e2fb3632f05
/workspace/arc2/active_runs/eval60_v5_vs_greedy_4worker_v1/tmp/8e5c0c38/d024/o00_g0.json,0c857433ba838e0283698520e81ec9c7dd461337f863b6fd1c224601fadcd9ac,11082692,8e5c0c38,0,24,flip_ud,d454b65ffa852097f92089568c430f6702ea0375670395863c0c26a62b00f5dd,e5beec92c9992930f4d6b468db1806ee2f3b9224e13179af7d4e8bb5897148e0,INDEPENDENT_SINGLE_PER_GPU_REPAIR,HEAVY_REPAIR,heavy0_serial,,1,1,505,506,505,0,30.819684147834778,search_exhausted,,,,o00_g0,8e5c0c38:o0:d024:flip_ud,1,1790599745000000000,c711e871c327aa9075eae7aacade75ff473705999225d91f2ab8d2ac08a65cba,30cee890f2ae2808b362f3c4585ce2525f2f09b7f1cce5c7f1a700cb37201a9b
/workspace/arc2/active_runs/eval60_v5_vs_greedy_4worker_v1/tmp/8e5c0c38/d024/o00_g1.json,8dc989fb6a43dabb1ea5f08fbc7f34a7ff3f3656b1da762548412e3f784d67a3,13164758,8e5c0c38,0,24,transpose,d454b65ffa852097f92089568c430f6702ea0375670395863c0c26a62b00f5dd,e5beec92c9992930f4d6b468db1806ee2f3b9224e13179af7d4e8bb5897148e0,INDEPENDENT_FAST_2_PER_GPU,FAST_PASS,fast3,,2,2,968,969,968,769,56.981565771624446,search_exhausted,,,,o00_g1,8e5c0c38:o0:d024:transpose,0,1790599804000000000,b908d24f5ec1b8e1ddcfe5530c0c4c2129cee92ccf7ad64b88f2f058b5447285,7febd02284c3c243707fb8d222655021a75f136fe8dfb85ab50c03c75192e923
/workspace/arc2/active_runs/eval60_v5_vs_greedy_4worker_v1/tmp/8e5c0c38/d024/o00_g1.json,8dc989fb6a43dabb1ea5f08fbc7f34a7ff3f3656b1da762548412e3f784d67a3,13164758,8e5c0c38,0,24,anti_transpose,d454b65ffa852097f92089568c430f6702ea0375670395863c0c26a62b00f5dd,e5beec92c9992930f4d6b468db1806ee2f3b9224e13179af7d4e8bb5897148e0,INDEPENDENT_SINGLE_PER_GPU_REPAIR,HEAVY_REPAIR,heavy0_serial,,2,2,983,984,983,548,58.025054136291146,search_exhausted,,,,o00_g1,8e5c0c38:o0:d024:anti_transpose,1,1790599804000000000,bd9a13fba67e3c84266ba3fa8cf9a7926970427f5a47cf741e0c360dd83496d8,e9580ca764d376c772187c4a9ef15dc3475df4e493bd5576d51d52db138d6e77
/workspace/arc2/active_runs/eval60_v5_vs_greedy_4worker_v1/tmp/8e5c0c38/d024/o01_g0.json,b3b0aaee2679116c2257bd7247f411665f52d0f2eca7c50deb0f2dbdfe7c2446,11771314,8e5c0c38,1,24,identity,d454b65ffa852097f92089568c430f6702ea0375670395863c0c26a62b00f5dd,e5beec92c9992930f4d6b468db1806ee2f3b9224e13179af7d4e8bb5897148e0,INDEPENDENT_SINGLE_PER_GPU_REPAIR,HEAVY_REPAIR,heavy0_serial,,2,2,898,899,898,375,52.656692415475845,search_exhausted,,,,o01_g0,8e5c0c38:o1:d024:identity,0,1790599858000000000,0e6a4f7c07705549d68e2e59a2e2b3c4adff731c9d2329173db84d1cabf5e635,d8c37e3ddfda79d4a698d0e6b5cceffae95b1af746e0e04e01226495bb35fe40
/workspace/arc2/active_runs/eval60_v5_vs_greedy_4worker_v1/tmp/8e5c0c38/d024/o01_g0.json,b3b0aaee2679116c2257bd7247f411665f52d0f2eca7c50deb0f2dbdfe7c2446,11771314,8e5c0c38,1,24,flip_ud,d454b65ffa852097f92089568c430f6702ea0375670395863c0c26a62b00f5dd,e5beec92c9992930f4d6b468db1806ee2f3b9224e13179af7d4e8bb5897148e0,INDEPENDENT_FAST_2_PER_GPU,FAST_PASS,fast3,,2,2,903,904,903,550,53.76229237765074,search_exhausted,,,,o01_g0,8e5c0c38:o1:d024:flip_ud,1,1790599858000000000,8669b42a2455c8e05b6a79d365a3e25c8c7c5e63e4aa352255916693a05232a3,3a2623e2259b3a4b09ecc26f70f431bcad21e1ee1eecd44e7bd9040147cb36bc
/workspace/arc2/active_runs/eval60_v5_vs_greedy_4worker_v1/tmp/8e5c0c38/d024/o01_g1.json,d2ffbc316ab2ddc05f1079c29446470e8fa530ce2fb4e3ac4bc2964a521b2805,8096220,8e5c0c38,1,24,transpose,d454b65ffa852097f92089568c430f6702ea0375670395863c0c26a62b00f5dd,e5beec92c9992930f4d6b468db1806ee2f3b9224e13179af7d4e8bb5897148e0,INDEPENDENT_FAST_2_PER_GPU,FAST_PASS,fast0,,1,1,505,506,505,0,30.409312592819333,search_exhausted,,,,o01_g1,8e5c0c38:o1:d024:transpose,0,1790599903000000000,7e9f14d9cc166fe54f119034c45d94818c0754c899d601b0e32e112445d793f0,45ccdb53f3b0973b12b320b632e238cc46bc193399417520019f5d2ca120fa32
/workspace/arc2/active_runs/eval60_v5_vs_greedy_4worker_v1/tmp/8e5c0c38/d024/o01_g1.json,d2ffbc316ab2ddc05f1079c29446470e8fa530ce2fb4e3ac4bc2964a521b2805,8096220,8e5c0c38,1,24,anti_transpose,d454b65ffa852097f92089568c430f6702ea0375670395863c0c26a62b00f5dd,e5beec92c9992930f4d6b468db1806ee2f3b9224e13179af7d4e8bb5897148e0,INDEPENDENT_SINGLE_PER_GPU_REPAIR,HEAVY_REPAIR,heavy0_serial,,2,2,763,764,763,239,45.38780367560685,search_exhausted,,,,o01_g1,8e5c0c38:o1:d024:anti_transpose,1,1790599903000000000,655d04d131f4446b9e4a0fe5ee4e07917d8de84b1e1444ca8118519f6a321dd6,00c9c588148abfbb64729323132f15c996298708bb78f8b7c16d6b07606bd035
/workspace/arc2/active_runs/eval60_v5_vs_greedy_4worker_v1/tmp/8e5c0c38/d048/o00_g0.json,0ffff3ff6caa22341b1f9e9848fd2ab03417a35b93c0a3c61cfc0ba3a422c6ea,8208349,8e5c0c38,0,48,identity,a7550c55a3b905704bdb0314b7dc2fa27bc79c25ea417fcc4aea9cce3db8abf1,e5beec92c9992930f4d6b468db1806ee2f3b9224e13179af7d4e8bb5897148e0,INDEPENDENT_FAST_2_PER_GPU,FAST_PASS,fast0,,1,1,505,506,505,0,30.476910021156073,search_exhausted,,,,o00_g0,8e5c0c38:o0:d048:identity,0,1790599970000000000,3af57d0f28f4ac439ac6c41b590578caefd524d52c8a42687cf6c9123df2dad8,ce99525c3bfc4f1a07b57e0672bcfe686ff9ea62c6fb8ee4e51009fd6e808ab5
/workspace/arc2/active_runs/eval60_v5_vs_greedy_4worker_v1/tmp/8e5c0c38/d048/o00_g0.json,0ffff3ff6caa22341b1f9e9848fd2ab03417a35b93c0a3c61cfc0ba3a422c6ea,8208349,8e5c0c38,0,48,flip_ud,a7550c55a3b905704bdb0314b7dc2fa27bc79c25ea417fcc4aea9cce3db8abf1,e5beec92c9992930f4d6b468db1806ee2f3b9224e13179af7d4e8bb5897148e0,INDEPENDENT_SINGLE_PER_GPU_REPAIR,HEAVY_REPAIR,heavy0_serial,,2,2,820,821,820,0,48.61484012193978,search_exhausted,,,,o00_g0,8e5c0c38:o0:d048:flip_ud,1,1790599970000000000,9547b815547343263f19f5dbe76451e0e35291ff5311a056f03b5586a4f19a92,5937094f32a4142188f42f46adcb6bd63e0e90290c7c3d663c7287dcc8d9ec2b
/workspace/arc2/active_runs/eval60_v5_vs_greedy_4worker_v1/tmp/8e5c0c38/d048/o00_g1.json,a0bd39e26339ac5aa89509ce3730025e61c07192000c78e9ea8d08ed4262980b,15059212,8e5c0c38,0,48,transpose,a7550c55a3b905704bdb0314b7dc2fa27bc79c25ea417fcc4aea9cce3db8abf1,e5beec92c9992930f4d6b468db1806ee2f3b9224e13179af7d4e8bb5897148e0,INDEPENDENT_FAST_2_PER_GPU,FAST_PASS,fast3,,2,2,968,969,968,342,58.159217312932014,search_exhausted,,,,o00_g1,8e5c0c38:o0:d048:transpose,0,1790600047000000000,071d6512dbb80ae71b123db8bb94d12aee54e3d8ac9780aaa2f97043aafc4273,fdc6f11b88acfb27df130965aa17c7c9a1b37287864d43eb871601d0ab0b88a0
/workspace/arc2/active_runs/eval60_v5_vs_greedy_4worker_v1/tmp/8e5c0c38/d048/o00_g1.json,a0bd39e26339ac5aa89509ce3730025e61c07192000c78e9ea8d08ed4262980b,15059212,8e5c0c38,0,48,anti_transpose,a7550c55a3b905704bdb0314b7dc2fa27bc79c25ea417fcc4aea9cce3db8abf1,e5beec92c9992930f4d6b468db1806ee2f3b9224e13179af7d4e8bb5897148e0,INDEPENDENT_SINGLE_PER_GPU_REPAIR,HEAVY_REPAIR,heavy0_serial,,3,3,1293,1294,1293,929,76.13843586295843,search_exhausted,,,,o00_g1,8e5c0c38:o0:d048:anti_transpose,1,1790600047000000000,14d6f2199e432e1ae9c9d7de20f1e6c8d8a7aeeb4099408413bcf7cc16bbdabd,a8f4bc612c01ca6608ce4cf8a129c282db8ba90715faffc310d989b13cc09941
/workspace/arc2/active_runs/eval60_v5_vs_greedy_4worker_v1/tmp/8e5c0c38/d048/o01_g0.json,2276bd5646fb6ae15f23d11aa28f3a97ac5fdb1fd2552a394223d21b79b052ad,14194357,8e5c0c38,1,48,identity,a7550c55a3b905704bdb0314b7dc2fa27bc79c25ea417fcc4aea9cce3db8abf1,e5beec92c9992930f4d6b468db1806ee2f3b9224e13179af7d4e8bb5897148e0,INDEPENDENT_FAST_2_PER_GPU,FAST_PASS,fast0,,2,2,903,904,903,237,53.863522343337536,search_exhausted,,,,o01_g0,8e5c0c38:o1:d048:identity,0,1790600122000000000,5679137ab3538bfbc4a74cb7fbc1dbd6ccedebd2676fd6e012f2c6d279c23598,4cb3b18597acc64f9882f901ed795e993c29e74ee6fbd63bd12c1fedb2ee8ea4
/workspace/arc2/active_runs/eval60_v5_vs_greedy_4worker_v1/tmp/8e5c0c38/d048/o01_g0.json,2276bd5646fb6ae15f23d11aa28f3a97ac5fdb1fd2552a394223d21b79b052ad,14194357,8e5c0c38,1,48,flip_ud,a7550c55a3b905704bdb0314b7dc2fa27bc79c25ea417fcc4aea9cce3db8abf1,e5beec92c9992930f4d6b468db1806ee2f3b9224e13179af7d4e8bb5897148e0,INDEPENDENT_SINGLE_PER_GPU_REPAIR,HEAVY_REPAIR,heavy0_serial,,3,3,1253,1254,1253,1023,74.08912746421993,search_exhausted,,,,o01_g0,8e5c0c38:o1:d048:flip_ud,1,1790600122000000000,2c89c958d1975117d67acf10a2ff49de66819329d40b0aca18df520b3f85000a,3bc3b74f15785dfbe966666679f0aa60d34b22dbf7e080c628547960f6565713
/workspace/arc2/active_runs/eval60_v5_vs_greedy_4worker_v1/tmp/8e5c0c38/d048/o01_g1.json,1abf5c973ee4885224a7ba0a5a32849876011951a56e5e3247331528ba322770,9437185,8e5c0c38,1,48,transpose,a7550c55a3b905704bdb0314b7dc2fa27bc79c25ea417fcc4aea9cce3db8abf1,e5beec92c9992930f4d6b468db1806ee2f3b9224e13179af7d4e8bb5897148e0,INDEPENDENT_FAST_2_PER_GPU,FAST_PASS,fast3,,3,3,747,748,747,42,44.77231888473034,search_exhausted,,,,o01_g1,8e5c0c38:o1:d048:transpose,0,1790589248000000000,3770fa677bf5e855a0406d9be67ea6e575a37247972c2c2f5bfe1f812a33f738,09e5ccb5f1f8fcd08fb84ad844403f3c78b299c533e8829d7b6ccb987084db8b
/workspace/arc2/active_runs/eval60_v5_vs_greedy_4worker_v1/tmp/8e5c0c38/d048/o01_g1.json,1abf5c973ee4885224a7ba0a5a32849876011951a56e5e3247331528ba322770,9437185,8e5c0c38,1,48,anti_transpose,a7550c55a3b905704bdb0314b7dc2fa27bc79c25ea417fcc4aea9cce3db8abf1,e5beec92c9992930f4d6b468db1806ee2f3b9224e13179af7d4e8bb5897148e0,INDEPENDENT_FAST_2_PER_GPU,FAST_PASS,fast0,,2,2,763,764,763,0,46.9336649235338,search_exhausted,,,,o01_g1,8e5c0c38:o1:d048:anti_transpose,1,1790589248000000000,de40460ae31a5ef0f426a2bb47a0318ccafe81aa4bc85437722eb600b3cda851,bced6fc8d5308fd2221a6d60a011a4bb342e6cb504a601d2240ce3b7bf16633d
/workspace/arc2/active_runs/eval60_v5_vs_greedy_4worker_v1/tmp/9385bd28/d012/o00_g0.json,5fbe8a0c746d1a6f3977d9e6ec1670ded138885aa737d8626da2d8f684d2f6dc,11231692,9385bd28,0,12,identity,a8b3b002a2abf6fd38341b4a1792a261b9b3116f4c5f36f72744e2af64b31fbe,e5beec92c9992930f4d6b468db1806ee2f3b9224e13179af7d4e8bb5897148e0,INDEPENDENT_FAST_2_PER_GPU,FAST_PASS,fast3,,3,3,790,791,790,766,46.539204865694046,search_exhausted,,,,o00_g0,9385bd28:o0:d012:identity,0,1790585531790778298,0722c02f137482f1e6c1af8de350b57f8ae1cf5f19a209f49f36702ceb500657,cdde0f887d1f55405b53d8aa02d60ff62bf377fd262bf25972bcaf22f8d9fcb9
/workspace/arc2/active_runs/eval60_v5_vs_greedy_4worker_v1/tmp/9385bd28/d012/o00_g0.json,5fbe8a0c746d1a6f3977d9e6ec1670ded138885aa737d8626da2d8f684d2f6dc,11231692,9385bd28,0,12,flip_ud,a8b3b002a2abf6fd38341b4a1792a261b9b3116f4c5f36f72744e2af64b31fbe,e5beec92c9992930f4d6b468db1806ee2f3b9224e13179af7d4e8bb5897148e0,INDEPENDENT_FAST_2_PER_GPU,FAST_PASS,fast1,,3,3,787,788,787,750,46.25542987510562,search_exhausted,,,,o00_g0,9385bd28:o0:d012:flip_ud,1,1790585531790778298,c09822926b6f5e4787f8482059a3ea1c8ec3288ff5c6ca418cf5b3be3043fdc7,cff6dfa34b9825193a60d655eb4041080df910dec662aca2fd95ea7b2e268695
/workspace/arc2/active_runs/eval60_v5_vs_greedy_4worker_v1/tmp/9385bd28/d012/o00_g1.json,fb0ad22679e08e03ec547521b47530ccc846c2187eb068dad460872877eb1e34,5501791,9385bd28,0,12,transpose,a8b3b002a2abf6fd38341b4a1792a261b9b3116f4c5f36f72744e2af64b31fbe,e5beec92c9992930f4d6b468db1806ee2f3b9224e13179af7d4e8bb5897148e0,INDEPENDENT_FAST_2_PER_GPU,FAST_PASS,fast2,,1,1,259,260,259,205,16.166539020836353,search_exhausted,,,,o00_g1,9385bd28:o0:d012:transpose,0,1790585528000000000,fa0e8ca183cde9182242102c88e86c7219f8375ce929ed4584b007e4b5b1ddc4,5290e184dde310737648d1c0f54c4748553fb4af1cbd5d8d6df483b7dc55e334
/workspace/arc2/active_runs/eval60_v5_vs_greedy_4worker_v1/tmp/9385bd28/d012/o00_g1.json,fb0ad22679e08e03ec547521b47530ccc846c2187eb068dad460872877eb1e34,5501791,9385bd28,0,12,anti_transpose,a8b3b002a2abf6fd38341b4a1792a261b9b3116f4c5f36f72744e2af64b31fbe,e5beec92c9992930f4d6b468db1806ee2f3b9224e13179af7d4e8bb5897148e0,INDEPENDENT_FAST_2_PER_GPU,FAST_PASS,fast0,,2,2,510,511,510,481,30.336576571688056,search_exhausted,,,,o00_g1,9385bd28:o0:d012:anti_transpose,1,1790585528000000000,ee8461963f232fb28d617d580f8cfdff98e28e4ac19fe06ac0df5932fcb529f4,96d0de3542e9eeecf29f7695612d3fc3557cab818b0473760ca77689ddd00c02
/workspace/arc2/active_runs/eval60_v5_vs_greedy_4worker_v1/tmp/9385bd28/d012/o01_g0.json,bed685f79771438f79ce2e253130e961469445ae6ba16a542bcfbbddddfc4505,6865817,9385bd28,1,12,identity,a8b3b002a2abf6fd38341b4a1792a261b9b3116f4c5f36f72744e2af64b31fbe,e5beec92c9992930f4d6b468db1806ee2f3b9224e13179af7d4e8bb5897148e0,INDEPENDENT_FAST_2_PER_GPU,FAST_PASS,fast2,,2,2,492,493,492,279,30.762104846537113,search_exhausted,,,,o01_g0,9385bd28:o1:d012:identity,0,1790585558000000000,27bc247d7e4d1aec8d73b890503f99b9f9cb39585039c68ebdc426f652c92861,66b1566aa7e263413c0cd9b38bc7f5de306aac1834ea5da015dc535fc4d411ae
/workspace/arc2/active_runs/eval60_v5_vs_greedy_4worker_v1/tmp/9385bd28/d012/o01_g0.json,bed685f79771438f79ce2e253130e961469445ae6ba16a542bcfbbddddfc4505,6865817,9385bd28,1,12,flip_ud,a8b3b002a2abf6fd38341b4a1792a261b9b3116f4c5f36f72744e2af64b31fbe,e5beec92c9992930f4d6b468db1806ee2f3b9224e13179af7d4e8bb5897148e0,INDEPENDENT_FAST_2_PER_GPU,FAST_PASS,fast0,,2,2,492,493,492,438,28.62239222601056,search_exhausted,,,,o01_g0,9385bd28:o1:d012:flip_ud,1,1790585558000000000,bf9a35a487555df6c24f0323ba3bc80aee8e9595565e3e23dbcf5882c1582f72,032cb7a1eef4d3cda238738c6a50ef498173df8f4c74c25f4e7c6d3b85a4f30f
/workspace/arc2/active_runs/eval60_v5_vs_greedy_4worker_v1/tmp/9385bd28/d012/o01_g1.json,ad2b303645539372646bb71321d298455bbad80fad350b8e8a97562e8e91f3f8,3686910,9385bd28,1,12,transpose,a8b3b002a2abf6fd38341b4a1792a261b9b3116f4c5f36f72744e2af64b31fbe,e5beec92c9992930f4d6b468db1806ee2f3b9224e13179af7d4e8bb5897148e0,INDEPENDENT_FAST_2_PER_GPU,FAST_PASS,fast1,,1,1,265,266,265,179,15.709698287770152,search_exhausted,,,,o01_g1,9385bd28:o1:d012:transpose,0,1790585548100833440,ebd1286c385fe6388eece63904338f7f74e9a7b5ca2f83cf01ae7fa62541d57b,21bb86aa811fa61f2f110c150f7a38eb857eef6336325371ec3a53fc39b163b8
/workspace/arc2/active_runs/eval60_v5_vs_greedy_4worker_v1/tmp/9385bd28/d012/o01_g1.json,ad2b303645539372646bb71321d298455bbad80fad350b8e8a97562e8e91f3f8,3686910,9385bd28,1,12,anti_transpose,a8b3b002a2abf6fd38341b4a1792a261b9b3116f4c5f36f72744e2af64b31fbe,e5beec92c9992930f4d6b468db1806ee2f3b9224e13179af7d4e8bb5897148e0,INDEPENDENT_FAST_2_PER_GPU,FAST_PASS,fast3,,1,1,265,266,265,150,15.671038763597608,search_exhausted,,,,o01_g1,9385bd28:o1:d012:anti_transpose,1,1790585548100833440,cd2e75d4cb0f50f20005c6a52b3c20939f4a3a6bb0acc220a4b2dd46bbb9911d,12759f8ab77b1fa83c7a974fa517044da644775eede064f3dcff482b0d4f95d6
/workspace/arc2/active_runs/eval60_v5_vs_greedy_4worker_v1/tmp/9385bd28/d024/o00_g0.json,b65782a1db023a66ff5b7470198a8ed420ac9741b798b47cf1ae856624f88bc8,7002243,9385bd28,0,24,identity,e22a4e155bec3162b84beca6361ddc89ce7056a15c4c851e23fb83186380bda7,e5beec92c9992930f4d6b468db1806ee2f3b9224e13179af7d4e8bb5897148e0,INDEPENDENT_FAST_2_PER_GPU,FAST_PASS,fast2,,2,2,524,525,524,399,32.04674503952265,search_exhausted,,,,o00_g0,9385bd28:o0:d024:identity,0,1790585583000000000,125ae4fc0db9c6bcf7e380f5df3ac2c80a6c64c78bf9e99979db233b05e50bb7,a04d6bb4c7f4f83d5dfddae395c70053018eae7d74db52203e3dca11dc89c739
/workspace/arc2/active_runs/eval60_v5_vs_greedy_4worker_v1/tmp/9385bd28/d024/o00_g0.json,b65782a1db023a66ff5b7470198a8ed420ac9741b798b47cf1ae856624f88bc8,7002243,9385bd28,0,24,flip_ud,e22a4e155bec3162b84beca6361ddc89ce7056a15c4c851e23fb83186380bda7,e5beec92c9992930f4d6b468db1806ee2f3b9224e13179af7d4e8bb5897148e0,INDEPENDENT_FAST_2_PER_GPU,FAST_PASS,fast1,,2,2,512,513,512,293,30.119567707180977,search_exhausted,,,,o00_g0,9385bd28:o0:d024:flip_ud,1,1790585583000000000,df659cf0afd6c195428ae079cd18832979bf450cb8435c97d97920649692d702,5d07b8cb22c3afd24944b1f55a24645234e9407d4cb1a94a61dbe15812449a50
/workspace/arc2/active_runs/eval60_v5_vs_greedy_4worker_v1/tmp/9385bd28/d024/o00_g1.json,4ac3ce756acfc59638b727dfcf938a23f3d72e37f0de7351ba08624252cefaf7,4691165,9385bd28,0,24,transpose,e22a4e155bec3162b84beca6361ddc89ce7056a15c4c851e23fb83186380bda7,e5beec92c9992930f4d6b468db1806ee2f3b9224e13179af7d4e8bb5897148e0,INDEPENDENT_FAST_2_PER_GPU,FAST_PASS,fast3,,2,2,438,439,438,162,26.192742563784122,search_exhausted,,,,o00_g1,9385bd28:o0:d024:transpose,0,1790588516922787221,87f42cbeb659bbd95921cbe347a4c460febf996eb3b61ef8414e6bd110cf2d4d,3ec86e8b9fc21db012653f1db2835dcf63e6e2f3bf43b8f38d41764e3e3a6385
/workspace/arc2/active_runs/eval60_v5_vs_greedy_4worker_v1/tmp/9385bd28/d024/o00_g1.json,4ac3ce756acfc59638b727dfcf938a23f3d72e37f0de7351ba08624252cefaf7,4691165,9385bd28,0,24,anti_transpose,e22a4e155bec3162b84beca6361ddc89ce7056a15c4c851e23fb83186380bda7,e5beec92c9992930f4d6b468db1806ee2f3b9224e13179af7d4e8bb5897148e0,INDEPENDENT_FAST_2_PER_GPU,FAST_PASS,fast3,,1,1,259,260,259,228,15.691866800189018,search_exhausted,,,,o00_g1,9385bd28:o0:d024:anti_transpose,1,1790588516922787221,2c701734e531d31d2d87629dd6becd9d3eef55feba32b638e692c275cf8815cc,8dde2b77b3ab34ef437c4e168983611a23197a12fb7c3299bd9ac2f638df44c3
/workspace/arc2/active_runs/eval60_v5_vs_greedy_4worker_v1/tmp/9385bd28/d024/o01_g0.json,58423f4ca7fe5ebf7aeccc2eaad0c27764c4ecb1688aed0a24e090d32ee30467,6170680,9385bd28,1,24,identity,e22a4e155bec3162b84beca6361ddc89ce7056a15c4c851e23fb83186380bda7,e5beec92c9992930f4d6b468db1806ee2f3b9224e13179af7d4e8bb5897148e0,INDEPENDENT_FAST_2_PER_GPU,FAST_PASS,fast0,,2,2,497,498,497,322,29.23706554248929,search_exhausted,,,,o01_g0,9385bd28:o1:d024:identity,0,1790585608000000000,382ea2f475e9bb457c1acd5c0c05fa08c6bcb88f95056b2f8a48e4311dc7ac3f,d6773a5cce33e657d2c39eb3b8119c8c23f7b5d77e7283d378d88c1b98f03923
/workspace/arc2/active_runs/eval60_v5_vs_greedy_4worker_v1/tmp/9385bd28/d024/o01_g0.json,58423f4ca7fe5ebf7aeccc2eaad0c27764c4ecb1688aed0a24e090d32ee30467,6170680,9385bd28,1,24,flip_ud,e22a4e155bec3162b84beca6361ddc89ce7056a15c4c851e23fb83186380bda7,e5beec92c9992930f4d6b468db1806ee2f3b9224e13179af7d4e8bb5897148e0,INDEPENDENT_FAST_2_PER_GPU,FAST_PASS,fast3,,2,2,429,430,429,191,25.190837360918522,search_exhausted,,,,o01_g0,9385bd28:o1:d024:flip_ud,1,1790585608000000000,1c815e300b4247f604e41908a3b022332c761dc9c95245ef08aa3ba3b81d8fe4,79a4597d1381d65df8dfa59aaa15a72ed127624588df68a4167c59df45bfc347
/workspace/arc2/active_runs/eval60_v5_vs_greedy_4worker_v1/tmp/9385bd28/d024/o01_g1.json,a9036b58e3aafe255652522709b981bdc2210da9b74e80c1aea5a7079b1194db,4779270,9385bd28,1,24,transpose,e22a4e155bec3162b84beca6361ddc89ce7056a15c4c851e23fb83186380bda7,e5beec92c9992930f4d6b468db1806ee2f3b9224e13179af7d4e8bb5897148e0,INDEPENDENT_FAST_2_PER_GPU,FAST_PASS,fast1,,2,2,443,444,443,283,26.39031570404768,search_exhausted,,,,o01_g1,9385bd28:o1:d024:transpose,0,1790585607795230377,19c74112c0bdc778ef94d682dc5b89a32c2ac612bf0927daeb2175859f218a9c,b95d9c704343afd41244af1ce99915183eb93028f4a7d32ac507055a54c61cc5
/workspace/arc2/active_runs/eval60_v5_vs_greedy_4worker_v1/tmp/9385bd28/d024/o01_g1.json,a9036b58e3aafe255652522709b981bdc2210da9b74e80c1aea5a7079b1194db,4779270,9385bd28,1,24,anti_transpose,e22a4e155bec3162b84beca6361ddc89ce7056a15c4c851e23fb83186380bda7,e5beec92c9992930f4d6b468db1806ee2f3b9224e13179af7d4e8bb5897148e0,INDEPENDENT_FAST_2_PER_GPU,FAST_PASS,fast2,,1,1,265,266,265,123,16.31760566495359,search_exhausted,,,,o01_g1,9385bd28:o1:d024:anti_transpose,1,1790585607795230377,d6e090403fa1af489635e477e8f67a387875dd9db26a03b46cff123e225c2c5d,85dae9dbbd06e284b0b7aa72b1bd4a278c7f6fc7bb2c801b03ea530e64c0bba3
/workspace/arc2/active_runs/eval60_v5_vs_greedy_4worker_v1/tmp/9385bd28/d048/o00_g0.json,a88128993b9226364b024f78d990861492735177c672e864c2b275fea108a4c2,7415380,9385bd28,0,48,identity,f092658eccae890f6f88b1dafb754f59ceb66288ac7df717d784ca313c5561ec,e5beec92c9992930f4d6b468db1806ee2f3b9224e13179af7d4e8bb5897148e0,INDEPENDENT_FAST_2_PER_GPU,FAST_PASS,fast2,,3,3,744,745,744,221,46.06526646204293,search_exhausted,,,,o00_g0,9385bd28:o0:d048:identity,0,1790585677000000000,6c4d702a6c3e83ccdfdca22ad1a8515d9ae6b336ea62837580c5871e37d76bd5,ae2d8c058e920ce8b3e898f7a1b9bba6a01f57f8de6290b8998b2752e35da2a7
/workspace/arc2/active_runs/eval60_v5_vs_greedy_4worker_v1/tmp/9385bd28/d048/o00_g0.json,a88128993b9226364b024f78d990861492735177c672e864c2b275fea108a4c2,7415380,9385bd28,0,48,flip_ud,f092658eccae890f6f88b1dafb754f59ceb66288ac7df717d784ca313c5561ec,e5beec92c9992930f4d6b468db1806ee2f3b9224e13179af7d4e8bb5897148e0,INDEPENDENT_FAST_2_PER_GPU,FAST_PASS,fast3,,2,2,413,414,413,122,24.335800927132368,search_exhausted,,,,o00_g0,9385bd28:o0:d048:flip_ud,1,1790585677000000000,d31b88e6864288594b4bc9c9b2406abbf423d3dcc94deee6b81b77cfc5d5c04a,f91adc6181cdb09471694edf735c1c63159a4b0f4b53bee7c9c359e4780e2321
/workspace/arc2/active_runs/eval60_v5_vs_greedy_4worker_v1/tmp/9385bd28/d048/o00_g1.json,749f29cf3d2c7564bb0d18a6f80e6f6c986cdc141cfc2102b5e89288837275e4,6091364,9385bd28,0,48,transpose,f092658eccae890f6f88b1dafb754f59ceb66288ac7df717d784ca313c5561ec,e5beec92c9992930f4d6b468db1806ee2f3b9224e13179af7d4e8bb5897148e0,INDEPENDENT_FAST_2_PER_GPU,FAST_PASS,fast0,,2,2,430,431,430,163,25.210974507033825,search_exhausted,,,,o00_g1,9385bd28:o0:d048:transpose,0,1790585660000000000,0e67ce43ac511d3296343fae393a8ea73d45abee2eb609e8ae951b487984047e,916e8613d0ca8a7aa10f4cee08eca40be3d54ecaad9f85a7a7ad493c270ae075
/workspace/arc2/active_runs/eval60_v5_vs_greedy_4worker_v1/tmp/9385bd28/d048/o00_g1.json,749f29cf3d2c7564bb0d18a6f80e6f6c986cdc141cfc2102b5e89288837275e4,6091364,9385bd28,0,48,anti_transpose,f092658eccae890f6f88b1dafb754f59ceb66288ac7df717d784ca313c5561ec,e5beec92c9992930f4d6b468db1806ee2f3b9224e13179af7d4e8bb5897148e0,INDEPENDENT_FAST_2_PER_GPU,FAST_PASS,fast1,,2,2,486,487,486,356,28.711842669174075,search_exhausted,,,,o00_g1,9385bd28:o0:d048:anti_transpose,1,1790585660000000000,c76f75f75bf9d038b55f210192d280fca029bd768c4d0f956543461012ed0ab8,d9f9e78f25c21563d4150e2ca18d314ea4a5d3a6c66ac4a7ee8920e5f668d5c7
/workspace/arc2/active_runs/eval60_v5_vs_greedy_4worker_v1/tmp/9385bd28/d048/o01_g0.json,c3f05cff720791510b4d7762c5b7b1590242822bffac61cc9dfca8c2cdefc98d,5193659,9385bd28,1,48,identity,f092658eccae890f6f88b1dafb754f59ceb66288ac7df717d784ca313c5561ec,e5beec92c9992930f4d6b468db1806ee2f3b9224e13179af7d4e8bb5897148e0,INDEPENDENT_FAST_2_PER_GPU,FAST_PASS,fast3,,2,2,349,350,349,0,20.932110598310828,search_exhausted,,,,o01_g0,9385bd28:o1:d048:identity,0,1790585686215542876,5a8004c7330cfd3413f77e106d806fd008dcc4cf1ed788e341a6b30f0ae64fc5,a08c1451fedd365848413700413a1dab6408e1e9050db329cff5ef061edcf5a3
/workspace/arc2/active_runs/eval60_v5_vs_greedy_4worker_v1/tmp/9385bd28/d048/o01_g0.json,c3f05cff720791510b4d7762c5b7b1590242822bffac61cc9dfca8c2cdefc98d,5193659,9385bd28,1,48,flip_ud,f092658eccae890f6f88b1dafb754f59ceb66288ac7df717d784ca313c5561ec,e5beec92c9992930f4d6b468db1806ee2f3b9224e13179af7d4e8bb5897148e0,INDEPENDENT_FAST_2_PER_GPU,FAST_PASS,fast0,,3,3,488,489,488,0,28.490246118977666,search_exhausted,,,,o01_g0,9385bd28:o1:d048:flip_ud,1,1790585686215542876,f8fc2028f79629c8c944c80f9532289d55cc4723dca4e469ddb2e5faf68c2691,7db7b47f7677a746ee84f0952d8834aa452fdace83fa8b56489c00f5e34c1557
/workspace/arc2/active_runs/eval60_v5_vs_greedy_4worker_v1/tmp/9385bd28/d048/o01_g1.json,6b9bf6a5140e0c6882e0ce83c4e34fab7ffea0ec99e76ec8fb34a13ecefeeae4,8473928,9385bd28,1,48,transpose,f092658eccae890f6f88b1dafb754f59ceb66288ac7df717d784ca313c5561ec,e5beec92c9992930f4d6b468db1806ee2f3b9224e13179af7d4e8bb5897148e0,INDEPENDENT_FAST_2_PER_GPU,FAST_PASS,fast1,,3,3,646,647,646,179,38.01502267643809,search_exhausted,,,,o01_g1,9385bd28:o1:d048:transpose,0,1790585717000000000,9d802b781d8f586a960208729c10cbb10e0aadbc16561ec984de2aea362086c3,deb25b124bba6d44b385f8dd2a1a1b6d2e570e3ea78c0f9f2d57b9430abfff98
/workspace/arc2/active_runs/eval60_v5_vs_greedy_4worker_v1/tmp/9385bd28/d048/o01_g1.json,6b9bf6a5140e0c6882e0ce83c4e34fab7ffea0ec99e76ec8fb34a13ecefeeae4,8473928,9385bd28,1,48,anti_transpose,f092658eccae890f6f88b1dafb754f59ceb66288ac7df717d784ca313c5561ec,e5beec92c9992930f4d6b468db1806ee2f3b9224e13179af7d4e8bb5897148e0,INDEPENDENT_FAST_2_PER_GPU,FAST_PASS,fast2,,3,3,647,648,647,389,39.13956688530743,search_exhausted,,,,o01_g1,9385bd28:o1:d048:anti_transpose,1,1790585717000000000,addc12e4376a8f5e7ba67741ff4168908e37c17ce7db4ed057767895be5f3f95,74fbbae4b8fc7f3754d085e227ebb5b9a235f18c45ac0194106599d99e844446
/workspace/arc2/active_runs/eval60_v5_vs_greedy_4worker_v1/tmp/97d7923e/d012/o00_g0.json,7e2dd6c8463e83b15007e7dce0366ed48de4c331bf529f76522c308a8d3c04c0,7210485,97d7923e,0,12,identity,cddd9774f1c6dbfe1f34c2b09217cdd46f56c6748667c41e915731d96862ec66,e5beec92c9992930f4d6b468db1806ee2f3b9224e13179af7d4e8bb5897148e0,INDEPENDENT_FAST_2_PER_GPU,FAST_PASS,fast1,,3,3,477,478,477,292,27.89183197543025,search_exhausted,,,,o00_g0,97d7923e:o0:d012:identity,0,1790585385000000000,fb8d9f8ababe46c4c02e735f3420c4a8298f20c0d0f1adf6743e3c39ac1da296,f8e1e4aa50dcc3d202e0ae57e3e4bae3227d05ebb49e887a4a5f618c31ca4efc
/workspace/arc2/active_runs/eval60_v5_vs_greedy_4worker_v1/tmp/97d7923e/d012/o00_g0.json,7e2dd6c8463e83b15007e7dce0366ed48de4c331bf529f76522c308a8d3c04c0,7210485,97d7923e,0,12,flip_ud,cddd9774f1c6dbfe1f34c2b09217cdd46f56c6748667c41e915731d96862ec66,e5beec92c9992930f4d6b468db1806ee2f3b9224e13179af7d4e8bb5897148e0,INDEPENDENT_FAST_2_PER_GPU,FAST_PASS,fast2,,3,3,581,582,581,547,33.89460617862642,search_exhausted,,,,o00_g0,97d7923e:o0:d012:flip_ud,1,1790585385000000000,8002e4b46c059d213fd1e2ebedddf86290f816d6e63caa21d946f20f597e0ae1,cde8801040c23bc2f4bc2bd70c058b47ab0d4c536c1088c9bef3b44d85ab75af
/workspace/arc2/active_runs/eval60_v5_vs_greedy_4worker_v1/tmp/97d7923e/d012/o00_g1.json,9e1f230b967baf7e10937d42755408041cb22184ed042e23cb507e9a2062377f,8482387,97d7923e,0,12,transpose,cddd9774f1c6dbfe1f34c2b09217cdd46f56c6748667c41e915731d96862ec66,e5beec92c9992930f4d6b468db1806ee2f3b9224e13179af7d4e8bb5897148e0,INDEPENDENT_FAST_2_PER_GPU,FAST_PASS,fast3,,3,3,602,603,602,420,36.16399564407766,search_exhausted,,,,o00_g1,97d7923e:o0:d012:transpose,0,1790585405000000000,a69d6e35d1fd48c6456a8541a59acb56103c810d3d4aab3684c7c1ebc1e622f2,108e5fe1e0b9db8f221f8bb1e36e4e80aec80f211cb55ae0f603cb29a170313b
/workspace/arc2/active_runs/eval60_v5_vs_greedy_4worker_v1/tmp/97d7923e/d012/o00_g1.json,9e1f230b967baf7e10937d42755408041cb22184ed042e23cb507e9a2062377f,8482387,97d7923e,0,12,anti_transpose,cddd9774f1c6dbfe1f34c2b09217cdd46f56c6748667c41e915731d96862ec66,e5beec92c9992930f4d6b468db1806ee2f3b9224e13179af7d4e8bb5897148e0,INDEPENDENT_FAST_2_PER_GPU,FAST_PASS,fast0,,3,3,644,645,644,525,37.72508808597922,search_exhausted,,,,o00_g1,97d7923e:o0:d012:anti_transpose,1,1790585405000000000,c22811ebf0fc4d28fbedd5d173bbac7a45aed6640050a93040cdd85622e6bd88,60ceac1b08744638fe2f34f00612cd4e8bfd4cfdf81f1cf2739ac8b0e3bff177
/workspace/arc2/active_runs/eval60_v5_vs_greedy_4worker_v1/tmp/97d7923e/d024/o00_g0.json,e5eb7e53579e8808d5f834ace6b62a7be60af0b7013180fd3570e21e45882468,5912953,97d7923e,0,24,identity,bd9acdb4e4ae7bc75662e4abf1c7493f1d7f2e93d4d7f460432722c408610971,e5beec92c9992930f4d6b468db1806ee2f3b9224e13179af7d4e8bb5897148e0,INDEPENDENT_FAST_2_PER_GPU,FAST_PASS,fast1,,2,2,312,313,312,87,18.881791645660996,search_exhausted,,,,o00_g0,97d7923e:o0:d024:identity,0,1790585425000000000,ab61d4d6aa7a27bb73e63051a36524bbbad9908d82bc4dff55e2a0db40158871,c6f655fdcbe49b036d0886e539d72b8f24f3ba67ebbfdeb91a648dba8efd018c
/workspace/arc2/active_runs/eval60_v5_vs_greedy_4worker_v1/tmp/97d7923e/d024/o00_g0.json,e5eb7e53579e8808d5f834ace6b62a7be60af0b7013180fd3570e21e45882468,5912953,97d7923e,0,24,flip_ud,bd9acdb4e4ae7bc75662e4abf1c7493f1d7f2e93d4d7f460432722c408610971,e5beec92c9992930f4d6b468db1806ee2f3b9224e13179af7d4e8bb5897148e0,INDEPENDENT_FAST_2_PER_GPU,FAST_PASS,fast2,,3,3,581,582,581,541,34.37623958103359,search_exhausted,,,,o00_g0,97d7923e:o0:d024:flip_ud,1,1790585425000000000,638fa4f2a5421c06a0ce960a13fded73733db9f0de12c79410767690d3ee41fd,f38c00e1666ca32c6e3ba295c5f228290c983dc6fd4d350c228b2ce62ac1b4e8
/workspace/arc2/active_runs/eval60_v5_vs_greedy_4worker_v1/tmp/97d7923e/d024/o00_g1.json,185fca4e268d854408fba4e9c3bced388146b31ae41af631939c182dc6a9c227,4079663,97d7923e,0,24,transpose,bd9acdb4e4ae7bc75662e4abf1c7493f1d7f2e93d4d7f460432722c408610971,e5beec92c9992930f4d6b468db1806ee2f3b9224e13179af7d4e8bb5897148e0,INDEPENDENT_FAST_2_PER_GPU,FAST_PASS,fast3,,1,1,219,220,219,0,13.002292746677995,search_exhausted,,,,o00_g1,97d7923e:o0:d024:transpose,0,1790585451158513172,d29a36e02b19920528c11669863dcc87447fe82f4931173992abfb781538259b,05fa03b6e9fae3dc0d05714601445807f9de7d28111739599914c44300278bbd
/workspace/arc2/active_runs/eval60_v5_vs_greedy_4worker_v1/tmp/97d7923e/d024/o00_g1.json,185fca4e268d854408fba4e9c3bced388146b31ae41af631939c182dc6a9c227,4079663,97d7923e,0,24,anti_transpose,bd9acdb4e4ae7bc75662e4abf1c7493f1d7f2e93d4d7f460432722c408610971,e5beec92c9992930f4d6b468db1806ee2f3b9224e13179af7d4e8bb5897148e0,INDEPENDENT_FAST_2_PER_GPU,FAST_PASS,fast0,,3,3,435,436,435,21,25.28160016797483,search_exhausted,,,,o00_g1,97d7923e:o0:d024:anti_transpose,1,1790585451158513172,39e67e9fccc0a248ec3a44120c431290751cadf42ab188f7e40ff47f71a5272a,f51ee8687b4222a80a60d7acb12a227104b3d204a879ec7541e8d3a5c2fc898a
/workspace/arc2/active_runs/eval60_v5_vs_greedy_4worker_v1/tmp/97d7923e/d048/o00_g0.json,c2a5b8615c1821286929a848547345c38fbe8af87fde1c30a80e8a9e4af57fb3,5415371,97d7923e,0,48,identity,ddf91c9c04551944db3c2ff84e00d4f2d9e43a18f4c0679a259f025b8cefd2d8,e5beec92c9992930f4d6b468db1806ee2f3b9224e13179af7d4e8bb5897148e0,INDEPENDENT_FAST_2_PER_GPU,FAST_PASS,fast1,,3,3,429,430,429,243,25.069539384916425,search_exhausted,,,,o00_g0,97d7923e:o0:d048:identity,0,1790585457000000000,fb0fc3d9d4b90874a5b654130f744bf31587b9d4dfaac9efae166da5bac553e4,8f891fb8c77e6c3a2fcedaf9079c2be1678e6277ebae80b601252e5f83ab5aba
/workspace/arc2/active_runs/eval60_v5_vs_greedy_4worker_v1/tmp/97d7923e/d048/o00_g0.json,c2a5b8615c1821286929a848547345c38fbe8af87fde1c30a80e8a9e4af57fb3,5415371,97d7923e,0,48,flip_ud,ddf91c9c04551944db3c2ff84e00d4f2d9e43a18f4c0679a259f025b8cefd2d8,e5beec92c9992930f4d6b468db1806ee2f3b9224e13179af7d4e8bb5897148e0,INDEPENDENT_FAST_2_PER_GPU,FAST_PASS,fast3,,2,2,394,395,394,179,22.901045275852084,search_exhausted,,,,o00_g0,97d7923e:o0:d048:flip_ud,1,1790585457000000000,51a932372be97eca65aeb8236f760f5a6568ce6ae997836a7fbceae1f64dba3d,e78e0704096ff76c6fc7836acace69256a1ce3ad9bb680472bc61b982fd07560
/workspace/arc2/active_runs/eval60_v5_vs_greedy_4worker_v1/tmp/97d7923e/d048/o00_g1.json,8dfe3e547e6147c5efab4e538fbebaa5e2e53121ba3d35f7fd1a8dbd23705e47,7734232,97d7923e,0,48,transpose,ddf91c9c04551944db3c2ff84e00d4f2d9e43a18f4c0679a259f025b8cefd2d8,e5beec92c9992930f4d6b468db1806ee2f3b9224e13179af7d4e8bb5897148e0,INDEPENDENT_FAST_2_PER_GPU,FAST_PASS,fast2,,3,3,526,527,526,149,31.015557100996375,search_exhausted,,,,o00_g1,97d7923e:o0:d048:transpose,0,1790585494000000000,1a021a48aaff1b06130ade46c40a1d5a89f4010ec45d264aab1a0b0d09cfc751,c1965dd3d946b218f26141084922eae948b042d41e043218d2def222712fd1ea
/workspace/arc2/active_runs/eval60_v5_vs_greedy_4worker_v1/tmp/97d7923e/d048/o00_g1.json,8dfe3e547e6147c5efab4e538fbebaa5e2e53121ba3d35f7fd1a8dbd23705e47,7734232,97d7923e,0,48,anti_transpose,ddf91c9c04551944db3c2ff84e00d4f2d9e43a18f4c0679a259f025b8cefd2d8,e5beec92c9992930f4d6b468db1806ee2f3b9224e13179af7d4e8bb5897148e0,INDEPENDENT_FAST_2_PER_GPU,FAST_PASS,fast0,,3,3,644,645,644,305,37.48126884549856,search_exhausted,,,,o00_g1,97d7923e:o0:d048:anti_transpose,1,1790585494000000000,b23c9f367359f2c2d4374930ad26d995704616c9211334305ef2347012d598b0,98701e0efc334ed22e25a667d7b3cbc949cc452c96fc80b49537b623da2c04d4
/workspace/arc2/active_runs/eval60_v5_vs_greedy_4worker_v1/tmp/981571dc/d012/o00_g0.json,1328139bf769859a805e66c615a82db7135c88276fb8843017a946e4966dcc17,16070525,981571dc,0,12,identity,dda148e0c9560f1a14f1157635c804b0a8923609998dddfa916463089d8bb1c4,e5beec92c9992930f4d6b468db1806ee2f3b9224e13179af7d4e8bb5897148e0,INDEPENDENT_SINGLE_PER_GPU_REPAIR,HEAVY_REPAIR,heavy0_serial,,2,2,418,419,418,412,26.419059582054615,search_exhausted,,,,o00_g0,981571dc:o0:d012:identity,0,1790597034000000000,79eb6998d6ad77067c631a87c6c578adaaa0426b6dc9bc0346945ce61e0667f2,44169a35c532036faeff3ef34132e6e580345ad8fa8bf850e622c823d7c8d3f3
/workspace/arc2/active_runs/eval60_v5_vs_greedy_4worker_v1/tmp/981571dc/d012/o00_g0.json,1328139bf769859a805e66c615a82db7135c88276fb8843017a946e4966dcc17,16070525,981571dc,0,12,flip_ud,dda148e0c9560f1a14f1157635c804b0a8923609998dddfa916463089d8bb1c4,e5beec92c9992930f4d6b468db1806ee2f3b9224e13179af7d4e8bb5897148e0,INDEPENDENT_SINGLE_PER_GPU_REPAIR,HEAVY_REPAIR,heavy0_serial,,2,2,1832,1833,1832,1828,108.9589143563062,search_exhausted,,,,o00_g0,981571dc:o0:d012:flip_ud,1,1790597034000000000,b3b2bdce8f42a611f3922dd8a04e9cde2e1f89d7bfed63fcb861ef714b7a07f2,b4875f59137558df6a3a5d9a57262d0bf65fd4e4c9a6adb4f6beb22370ed5a90
/workspace/arc2/active_runs/eval60_v5_vs_greedy_4worker_v1/tmp/981571dc/d012/o00_g1.json,c1d23ce8f7ba7e9c5e53d57f5510a4fa25fb2c7164c8048ba8c078b7dc442474,11804317,981571dc,0,12,transpose,dda148e0c9560f1a14f1157635c804b0a8923609998dddfa916463089d8bb1c4,e5beec92c9992930f4d6b468db1806ee2f3b9224e13179af7d4e8bb5897148e0,INDEPENDENT_SINGLE_PER_GPU_REPAIR,HEAVY_REPAIR,heavy0_serial,,2,2,695,696,695,692,42.800451051443815,search_exhausted,,,,o00_g1,981571dc:o0:d012:transpose,0,1790597078000000000,803f4b73495f32759273eba1f662d2dc76916db0d9920f5ab4d58f37965c4e7b,e19e7a9902d004a5285d06390c5c710a09b946fd1248b363c6e70261102cb6d5
/workspace/arc2/active_runs/eval60_v5_vs_greedy_4worker_v1/tmp/981571dc/d012/o00_g1.json,c1d23ce8f7ba7e9c5e53d57f5510a4fa25fb2c7164c8048ba8c078b7dc442474,11804317,981571dc,0,12,anti_transpose,dda148e0c9560f1a14f1157635c804b0a8923609998dddfa916463089d8bb1c4,e5beec92c9992930f4d6b468db1806ee2f3b9224e13179af7d4e8bb5897148e0,INDEPENDENT_FAST_2_PER_GPU,FAST_PASS,fast3,,2,2,949,950,949,941,57.726797483861446,search_exhausted,,,,o00_g1,981571dc:o0:d012:anti_transpose,1,1790597078000000000,b6a02d93575f13e533dda83b6fc293a89503f3ceea60af1f6fe707bc61e8b960,b89f63d0f1ab8c0a47c4ed46376533dcef095595ad4ee196112a98ebbb6b78b3
/workspace/arc2/active_runs/eval60_v5_vs_greedy_4worker_v1/tmp/981571dc/d024/o00_g0.json,10402a52d9fb2d5ba9b434cf8cfce458068240f173d670b11497a48851a39d5d,2303361,981571dc,0,24,identity,fb3d177b31e736f132c72e823b2f19d308831e414441d5a1f0c9c2d1e9ab25bb,e5beec92c9992930f4d6b468db1806ee2f3b9224e13179af7d4e8bb5897148e0,INDEPENDENT_SINGLE_PER_GPU_REPAIR,HEAVY_REPAIR,heavy0_serial,,3,3,220,221,220,217,14.725299395620823,search_exhausted,,,,o00_g0,981571dc:o0:d024:identity,0,1790597119499493884,c2ff849f2e35b1b22b3f4d64c86de30cc9c994331058cb79cb20989965a7d001,46a965b4cbb75e3c977a2d5b2b7a94c6a91c3796e6b1571d52faa6208a259c23
/workspace/arc2/active_runs/eval60_v5_vs_greedy_4worker_v1/tmp/981571dc/d024/o00_g0.json,10402a52d9fb2d5ba9b434cf8cfce458068240f173d670b11497a48851a39d5d,2303361,981571dc,0,24,flip_ud,fb3d177b31e736f132c72e823b2f19d308831e414441d5a1f0c9c2d1e9ab25bb,e5beec92c9992930f4d6b468db1806ee2f3b9224e13179af7d4e8bb5897148e0,INDEPENDENT_SINGLE_PER_GPU_REPAIR,HEAVY_REPAIR,heavy0_serial,,2,2,102,103,102,100,7.5258415825665,search_exhausted,,,,o00_g0,981571dc:o0:d024:flip_ud,1,1790597119499493884,a9b0c96882e4227e5a2749e59350bf8c6bda6dfd7370072a1a07358e012ed68d,eb69f6029e1a1473ac37b3faffae67bb7b61b620e747e635bb7b82a516599f2f
/workspace/arc2/active_runs/eval60_v5_vs_greedy_4worker_v1/tmp/981571dc/d024/o00_g1.json,2e61b2f82ea3f3bbc64979bf8a19a14c666825750dc98952e4b525a524c35c6f,3757931,981571dc,0,24,transpose,fb3d177b31e736f132c72e823b2f19d308831e414441d5a1f0c9c2d1e9ab25bb,e5beec92c9992930f4d6b468db1806ee2f3b9224e13179af7d4e8bb5897148e0,INDEPENDENT_FAST_2_PER_GPU,FAST_PASS,fast0,,2,2,382,383,382,379,24.21622229926288,search_exhausted,,,,o00_g1,981571dc:o0:d024:transpose,0,1790597130536107776,36847514cf7e80412d99266c6e6bea4a5868ed3efe8a52dd0529ff0278c7574c,6f086213c0cf236dc99fc758aabf49152ccbf070a42aedfcd2abb47ab8974d16
/workspace/arc2/active_runs/eval60_v5_vs_greedy_4worker_v1/tmp/981571dc/d024/o00_g1.json,2e61b2f82ea3f3bbc64979bf8a19a14c666825750dc98952e4b525a524c35c6f,3757931,981571dc,0,24,anti_transpose,fb3d177b31e736f132c72e823b2f19d308831e414441d5a1f0c9c2d1e9ab25bb,e5beec92c9992930f4d6b468db1806ee2f3b9224e13179af7d4e8bb5897148e0,INDEPENDENT_SINGLE_PER_GPU_REPAIR,HEAVY_REPAIR,heavy0_serial,,2,2,145,146,145,137,10.184719365090132,search_exhausted,,,,o00_g1,981571dc:o0:d024:anti_transpose,1,1790597130536107776,36ea41303e9e7708cec74acc279d4786403c359219031d2efff298839e2b6deb,986cd11e2ebcca678db663a699239926bfd66c541d7331334829eb6626ef0698
/workspace/arc2/active_runs/eval60_v5_vs_greedy_4worker_v1/tmp/981571dc/d048/o00_g0.json,af9b0e76669c5f5f8c739a28bdadcd3032c1e8a5462888baee68971b9c4e2745,33372233,981571dc,0,48,identity,28c8aab7f0db4bf515caaa9a83e75a6a44f61544f7f5678199c7c7cfa75e0979,e5beec92c9992930f4d6b468db1806ee2f3b9224e13179af7d4e8bb5897148e0,INDEPENDENT_SINGLE_PER_GPU_REPAIR,HEAVY_REPAIR,heavy0_serial,,2,2,1859,1860,1859,1857,112.78956452384591,search_exhausted,,,,o00_g0,981571dc:o0:d048:identity,0,1790597299000000000,517b7f526faa4f48c98d82f69d2fe4fd3780c9c6f9bca131c53c0f93a8dfed6b,9fad85fa5cbd7ba09efb5edb0021c14cc8cb6c4515e1ee7a05ac1e92d078a95b
/workspace/arc2/active_runs/eval60_v5_vs_greedy_4worker_v1/tmp/981571dc/d048/o00_g0.json,af9b0e76669c5f5f8c739a28bdadcd3032c1e8a5462888baee68971b9c4e2745,33372233,981571dc,0,48,flip_ud,28c8aab7f0db4bf515caaa9a83e75a6a44f61544f7f5678199c7c7cfa75e0979,e5beec92c9992930f4d6b468db1806ee2f3b9224e13179af7d4e8bb5897148e0,INDEPENDENT_FAST_2_PER_GPU,FAST_PASS,fast0,,3,3,2788,2789,2788,2787,166.43119449913502,search_exhausted,,,,o00_g0,981571dc:o0:d048:flip_ud,1,1790597299000000000,9c676768b8a51b2fa2ff2b37c268f95e08bca46d7d165f62a8c4360e3986f42d,a739139df46300ae2098f11584158cc246ba11da8727dbf8dc09708f455a3e15
/workspace/arc2/active_runs/eval60_v5_vs_greedy_4worker_v1/tmp/981571dc/d048/o00_g1.json,95849982cec878602c6271171c0e3d30cb0423dc8346a2c87260981753c68543,26809045,981571dc,0,48,transpose,28c8aab7f0db4bf515caaa9a83e75a6a44f61544f7f5678199c7c7cfa75e0979,e5beec92c9992930f4d6b468db1806ee2f3b9224e13179af7d4e8bb5897148e0,INDEPENDENT_FAST_2_PER_GPU,FAST_PASS,fast3,,2,2,1846,1847,1846,1843,112.10325129702687,search_exhausted,,,,o00_g1,981571dc:o0:d048:transpose,0,1790597412000000000,1eb22649801e82052936e7fe5a44aaef2375afe06ee052281ffa9245ad5dbf1d,de391de96140151361e9bf96b76d7aa13284c981677a925db05f08fd2c4c2bfa
/workspace/arc2/active_runs/eval60_v5_vs_greedy_4worker_v1/tmp/981571dc/d048/o00_g1.json,95849982cec878602c6271171c0e3d30cb0423dc8346a2c87260981753c68543,26809045,981571dc,0,48,anti_transpose,28c8aab7f0db4bf515caaa9a83e75a6a44f61544f7f5678199c7c7cfa75e0979,e5beec92c9992930f4d6b468db1806ee2f3b9224e13179af7d4e8bb5897148e0,INDEPENDENT_SINGLE_PER_GPU_REPAIR,HEAVY_REPAIR,heavy0_serial,,2,2,1859,1860,1859,1856,111.53066599555314,search_exhausted,,,,o00_g1,981571dc:o0:d048:anti_transpose,1,1790597412000000000,e4eed87788a67c283cb4d898e8ef1ea6a9790feefc7fff717783f8f31b22d222,261c29ae2856c341894707d226abac9f6417b5372155fa77ec2fe005986cbb44
/workspace/arc2/active_runs/eval60_v5_vs_greedy_4worker_v1/tmp/9bbf930d/d012/o00_g0.json,5e065f6e54b91ee87eecdc3a2f2ecf67b5317fb15e534273ca402c2cc260c756,13798162,9bbf930d,0,12,identity,6fe0d7da52f8d5e94256a47cbfb853d8227d25628e6c3007caaf713f74eb5ecf,e5beec92c9992930f4d6b468db1806ee2f3b9224e13179af7d4e8bb5897148e0,INDEPENDENT_FAST_2_PER_GPU,FAST_PASS,fast3,,2,2,996,997,996,616,58.170279232785106,search_exhausted,,,,o00_g0,9bbf930d:o0:d012:identity,0,1790585759500922006,0fb1ead5244e00f9013901abf56097f278ef383c6c938e48cc393f0a26e40f45,eb24c8ddfb543e30a3ce0952e68fd7e0b09316fd8fc5f9e0ef76452abbbad35b
/workspace/arc2/active_runs/eval60_v5_vs_greedy_4worker_v1/tmp/9bbf930d/d012/o00_g0.json,5e065f6e54b91ee87eecdc3a2f2ecf67b5317fb15e534273ca402c2cc260c756,13798162,9bbf930d,0,12,flip_ud,6fe0d7da52f8d5e94256a47cbfb853d8227d25628e6c3007caaf713f74eb5ecf,e5beec92c9992930f4d6b468db1806ee2f3b9224e13179af7d4e8bb5897148e0,INDEPENDENT_FAST_2_PER_GPU,FAST_PASS,fast0,,2,2,995,996,995,679,57.97298603877425,search_exhausted,,,,o00_g0,9bbf930d:o0:d012:flip_ud,1,1790585759500922006,9587220cf386f72efc0998f07748a9fd2ed37939a664c39a9a5595bc1482a949,02c9da49b5007960830833e6a427b229703a2b278bcc423961a3f2f1c36f1701
/workspace/arc2/active_runs/eval60_v5_vs_greedy_4worker_v1/tmp/9bbf930d/d012/o00_g1.json,e15e795cef866e6395e750a82d3dcedeae3f7cfe4ddf401f7d49f32ee1edfea2,10402454,9bbf930d,0,12,transpose,6fe0d7da52f8d5e94256a47cbfb853d8227d25628e6c3007caaf713f74eb5ecf,e5beec92c9992930f4d6b468db1806ee2f3b9224e13179af7d4e8bb5897148e0,INDEPENDENT_FAST_2_PER_GPU,FAST_PASS,fast1,,1,1,503,504,503,0,29.750736149027944,search_exhausted,,,,o00_g1,9bbf930d:o0:d012:transpose,0,1790585784000000000,3e45cf927bab225a7e5e694d4c8cd98e767f7a37ca10d7fd3a9a699eaf52c2cb,abd49336c1ceef375d9fdf55f89935b6922bb2333ca5e4e5e7f058c9b14c445d
/workspace/arc2/active_runs/eval60_v5_vs_greedy_4worker_v1/tmp/9bbf930d/d012/o00_g1.json,e15e795cef866e6395e750a82d3dcedeae3f7cfe4ddf401f7d49f32ee1edfea2,10402454,9bbf930d,0,12,anti_transpose,6fe0d7da52f8d5e94256a47cbfb853d8227d25628e6c3007caaf713f74eb5ecf,e5beec92c9992930f4d6b468db1806ee2f3b9224e13179af7d4e8bb5897148e0,INDEPENDENT_FAST_2_PER_GPU,FAST_PASS,fast2,,2,2,993,994,993,873,60.68091648072004,search_exhausted,,,,o00_g1,9bbf930d:o0:d012:anti_transpose,1,1790585784000000000,75a80706c0d817ef7cbd9af7164e15d53c2b3daa212cf6ef3c328249ad34dfe4,692bf2d2e007675db08d1c583319c5a6917fe2b7e4234e277c00cc5c4a588797
/workspace/arc2/active_runs/eval60_v5_vs_greedy_4worker_v1/tmp/9bbf930d/d024/o00_g0.json,db3caa44558e919e6d708c06c6f3393160fcbd4917678023313eeabc497f73ba,13313131,9bbf930d,0,24,identity,00d81438d8e9ef18ca7067bb7ae29cf1a08ad1e355e4ed1335c5e21f383f05c4,e5beec92c9992930f4d6b468db1806ee2f3b9224e13179af7d4e8bb5897148e0,INDEPENDENT_SINGLE_PER_GPU_REPAIR,HEAVY_REPAIR,heavy0_serial,,2,2,996,997,996,352,59.02975757792592,search_exhausted,,,,o00_g0,9bbf930d:o0:d024:identity,0,1790599027000000000,2b0ae74fa93df5889a75f57d091fa448ed08d9a05c14138e1d50ad74f263be7c,1eec9890ee4fa0637bad02528fa992e57f890260098b1dcbf2844765374ba733
/workspace/arc2/active_runs/eval60_v5_vs_greedy_4worker_v1/tmp/9bbf930d/d024/o00_g0.json,db3caa44558e919e6d708c06c6f3393160fcbd4917678023313eeabc497f73ba,13313131,9bbf930d,0,24,flip_ud,00d81438d8e9ef18ca7067bb7ae29cf1a08ad1e355e4ed1335c5e21f383f05c4,e5beec92c9992930f4d6b468db1806ee2f3b9224e13179af7d4e8bb5897148e0,INDEPENDENT_SINGLE_PER_GPU_REPAIR,HEAVY_REPAIR,heavy0_serial,,2,2,995,996,995,488,59.34686462394893,search_exhausted,,,,o00_g0,9bbf930d:o0:d024:flip_ud,1,1790599027000000000,4b7074a48243af1744691bd72470fdc0791cf8437a8774a5f15f2cd3aed9a9ed,0c78905a467591799a6b8fa85e2f1b6e9dd6ff09785663d83894f933e83e0a43
/workspace/arc2/active_runs/eval60_v5_vs_greedy_4worker_v1/tmp/9bbf930d/d024/o00_g1.json,40754f121d4576b766f3c0cf0b123c98c1abca7cbdb68bf6770f8fb49d07ff5c,10838998,9bbf930d,0,24,transpose,00d81438d8e9ef18ca7067bb7ae29cf1a08ad1e355e4ed1335c5e21f383f05c4,e5beec92c9992930f4d6b468db1806ee2f3b9224e13179af7d4e8bb5897148e0,INDEPENDENT_FAST_2_PER_GPU,FAST_PASS,fast3,,2,2,624,625,624,26,38.46351878717542,search_exhausted,,,,o00_g1,9bbf930d:o0:d024:transpose,0,1790588593000000000,0787fc38a4e22bff9147a610ef024c206cb913c120acc6e2f8a1432df3371265,81b55f8a810a521f5c84ccd143a37fb641298edec5dcb165dedfb4d1672ccb58
/workspace/arc2/active_runs/eval60_v5_vs_greedy_4worker_v1/tmp/9bbf930d/d024/o00_g1.json,40754f121d4576b766f3c0cf0b123c98c1abca7cbdb68bf6770f8fb49d07ff5c,10838998,9bbf930d,0,24,anti_transpose,00d81438d8e9ef18ca7067bb7ae29cf1a08ad1e355e4ed1335c5e21f383f05c4,e5beec92c9992930f4d6b468db1806ee2f3b9224e13179af7d4e8bb5897148e0,INDEPENDENT_FAST_2_PER_GPU,FAST_PASS,fast0,,2,2,998,999,998,489,60.4543201290071,search_exhausted,,,,o00_g1,9bbf930d:o0:d024:anti_transpose,1,1790588593000000000,1d2a600a03b4c55dec510f5c7722f3fcae5ab1b9322706386106667080bd5e48,c734ce3c62322c4738ed17d3ddcc4af28bbd5f2215dc521971850eee7da9f3de
/workspace/arc2/active_runs/eval60_v5_vs_greedy_4worker_v1/tmp/9bbf930d/d048/o00_g0.json,43de6281380c02f6c3937444d4a73e97a30f95862ecc4548092d91c1b13fbb69,12366428,9bbf930d,0,48,identity,c4f178892c108ac8cd06019bc0881654043d0f602ccd073f80e2c6a73a9f11c1,e5beec92c9992930f4d6b468db1806ee2f3b9224e13179af7d4e8bb5897148e0,INDEPENDENT_SINGLE_PER_GPU_REPAIR,HEAVY_REPAIR,heavy0_serial,,2,2,805,806,805,264,47.34926352649927,search_exhausted,,,,o00_g0,9bbf930d:o0:d048:identity,0,1790599161000000000,5c985608fe7d9d16c7a685e2ee64b1bdcb64fa70e84414a43485468d43d44e02,80867c5e722735a73b472ee1c183b5440b5b8a427b4896632e4693e10bd318fd
/workspace/arc2/active_runs/eval60_v5_vs_greedy_4worker_v1/tmp/9bbf930d/d048/o00_g0.json,43de6281380c02f6c3937444d4a73e97a30f95862ecc4548092d91c1b13fbb69,12366428,9bbf930d,0,48,flip_ud,c4f178892c108ac8cd06019bc0881654043d0f602ccd073f80e2c6a73a9f11c1,e5beec92c9992930f4d6b468db1806ee2f3b9224e13179af7d4e8bb5897148e0,INDEPENDENT_SINGLE_PER_GPU_REPAIR,HEAVY_REPAIR,heavy0_serial,,3,3,1086,1087,1086,281,63.290264973416924,search_exhausted,,,,o00_g0,9bbf930d:o0:d048:flip_ud,1,1790599161000000000,2205fceaf92820227f2a95fdc7d5b313d5f473d1814fbe4fb2c65250ff766cae,51e3c40b71663eb484bdb124daa242eee739a7c53481edb210585619b4e34279
/workspace/arc2/active_runs/eval60_v5_vs_greedy_4worker_v1/tmp/9bbf930d/d048/o00_g1.json,da1cccc852b2a923c55b7bf5172631988e93d42b3bdb43f07be4a69fe5939d5f,13060117,9bbf930d,0,48,transpose,c4f178892c108ac8cd06019bc0881654043d0f602ccd073f80e2c6a73a9f11c1,e5beec92c9992930f4d6b468db1806ee2f3b9224e13179af7d4e8bb5897148e0,INDEPENDENT_FAST_2_PER_GPU,FAST_PASS,fast3,,2,2,827,828,827,168,49.374123180285096,search_exhausted,,,,o00_g1,9bbf930d:o0:d048:transpose,0,1790599232000000000,52c2b81769d7d3b1c3643eee35d1e023ebc7966ec69a885674e42e4744add2b3,5328df79f6ce333b60bfeefa76cfb7548b311e2e724b52b671ef4d9ac97c5fc8
/workspace/arc2/active_runs/eval60_v5_vs_greedy_4worker_v1/tmp/9bbf930d/d048/o00_g1.json,da1cccc852b2a923c55b7bf5172631988e93d42b3bdb43f07be4a69fe5939d5f,13060117,9bbf930d,0,48,anti_transpose,c4f178892c108ac8cd06019bc0881654043d0f602ccd073f80e2c6a73a9f11c1,e5beec92c9992930f4d6b468db1806ee2f3b9224e13179af7d4e8bb5897148e0,INDEPENDENT_SINGLE_PER_GPU_REPAIR,HEAVY_REPAIR,heavy0_serial,,3,3,1181,1182,1181,196,69.18863509967923,search_exhausted,,,,o00_g1,9bbf930d:o0:d048:anti_transpose,1,1790599232000000000,91270784738b6173524376f87776beb8be806349a64a9b9305b5e4fff7aebaee,ad4e881cec3ca7938d1e11b5367421ae07c281b522be1afb8e2de9d7677415e2
/workspace/arc2/active_runs/eval60_v5_vs_greedy_4worker_v1/tmp/a32d8b75/d012/o00_g0.json,b5b7a1fdd8e1b7c01cdfe92edefffc132967a4776453fd37f97f1a71c70ad43d,8977608,a32d8b75,0,12,identity,12d3e58a3382e2c942952a31f76cf05b2d080a1e0fc20bfefa2f42d0b87cba4a,e5beec92c9992930f4d6b468db1806ee2f3b9224e13179af7d4e8bb5897148e0,INDEPENDENT_SINGLE_PER_GPU_REPAIR,HEAVY_REPAIR,heavy0_serial,,1,1,629,630,629,610,38.42695104889572,search_exhausted,,,,o00_g0,a32d8b75:o0:d012:identity,0,1790605709000000000,4d04a9da784374759a85028821ded53c6bd1d36bc170cd195f8a57377aa4c8b8,5d7d4080491d480ce032307e0e299381e8b752db2462600f62cd2970a4afca6b
/workspace/arc2/active_runs/eval60_v5_vs_greedy_4worker_v1/tmp/a32d8b75/d012/o00_g0.json,b5b7a1fdd8e1b7c01cdfe92edefffc132967a4776453fd37f97f1a71c70ad43d,8977608,a32d8b75,0,12,flip_ud,12d3e58a3382e2c942952a31f76cf05b2d080a1e0fc20bfefa2f42d0b87cba4a,e5beec92c9992930f4d6b468db1806ee2f3b9224e13179af7d4e8bb5897148e0,INDEPENDENT_FAST_2_PER_GPU,FAST_PASS,fast0,,1,1,629,630,629,591,36.369344459846616,search_exhausted,,,,o00_g0,a32d8b75:o0:d012:flip_ud,1,1790605709000000000,426ae00c3d457b48125f6ffcced877d009f8757ecc94bc871201f4de02956210,491e42f5b1c75b49e85ff6374f5ca3656b20727acc8774110d9738a5d24b67d6
/workspace/arc2/active_runs/eval60_v5_vs_greedy_4worker_v1/tmp/a32d8b75/d012/o00_g1.json,8dc6cd6d7d7a4d879528f730d9e94de97843b257c160ac871dec3d3b0a01e054,20691904,a32d8b75,0,12,transpose,12d3e58a3382e2c942952a31f76cf05b2d080a1e0fc20bfefa2f42d0b87cba4a,e5beec92c9992930f4d6b468db1806ee2f3b9224e13179af7d4e8bb5897148e0,INDEPENDENT_FAST_2_PER_GPU,FAST_PASS,fast3,,2,2,1393,1394,1393,1320,81.92358246073127,search_exhausted,,,,o00_g1,a32d8b75:o0:d012:transpose,0,1790605799000000000,886b60ddebf4c6257e8a601cf6580167f3279c247a7dc9350e82c0f5872a5bf2,0b8a32bc9f606d3d3033eec4177db758e9bee0277b5271887d32cb7c678e1454
/workspace/arc2/active_runs/eval60_v5_vs_greedy_4worker_v1/tmp/a32d8b75/d012/o00_g1.json,8dc6cd6d7d7a4d879528f730d9e94de97843b257c160ac871dec3d3b0a01e054,20691904,a32d8b75,0,12,anti_transpose,12d3e58a3382e2c942952a31f76cf05b2d080a1e0fc20bfefa2f42d0b87cba4a,e5beec92c9992930f4d6b468db1806ee2f3b9224e13179af7d4e8bb5897148e0,INDEPENDENT_SINGLE_PER_GPU_REPAIR,HEAVY_REPAIR,heavy0_serial,,2,2,1486,1487,1486,1348,88.33708391338587,search_exhausted,,,,o00_g1,a32d8b75:o0:d012:anti_transpose,1,1790605799000000000,2c62b79cf925af0c9436b94a17dfa0b7e69a2576aec35e3a9f6ff188a9ec3f6e,58a6c09de517ab71a62fa5eda7628bde94a38c3a5aa71155d60b8029a2b71c05
/workspace/arc2/active_runs/eval60_v5_vs_greedy_4worker_v1/tmp/a32d8b75/d012/o01_g0.json,ec7672af435536d3bbf904d2f025022ef13ce7566dc415f308ea99052b37ae24,20119445,a32d8b75,1,12,identity,12d3e58a3382e2c942952a31f76cf05b2d080a1e0fc20bfefa2f42d0b87cba4a,e5beec92c9992930f4d6b468db1806ee2f3b9224e13179af7d4e8bb5897148e0,INDEPENDENT_FAST_2_PER_GPU,FAST_PASS,fast0,,2,2,1378,1379,1378,1355,79.205053916201,search_exhausted,,,,o01_g0,a32d8b75:o1:d012:identity,0,1790605885000000000,2893929c7b6c7110a02cb17058f8740215f18b8ba909262bb12367efe58aee21,3f4ad4c4568b6f1bdc3efce7dd0d6ddd02d8ea44bff29d6041273fc0defd458e
/workspace/arc2/active_runs/eval60_v5_vs_greedy_4worker_v1/tmp/a32d8b75/d012/o01_g0.json,ec7672af435536d3bbf904d2f025022ef13ce7566dc415f308ea99052b37ae24,20119445,a32d8b75,1,12,flip_ud,12d3e58a3382e2c942952a31f76cf05b2d080a1e0fc20bfefa2f42d0b87cba4a,e5beec92c9992930f4d6b468db1806ee2f3b9224e13179af7d4e8bb5897148e0,INDEPENDENT_SINGLE_PER_GPU_REPAIR,HEAVY_REPAIR,heavy0_serial,,2,2,1438,1439,1438,1368,85.1728479731828,search_exhausted,,,,o01_g0,a32d8b75:o1:d012:flip_ud,1,1790605885000000000,8c13aeac2f1cbe16d5bd3591b0792a54f096a8774f44115ce136f61316ea26d9,3345da8c942bfeaf58e5c5a9be8e7975b25aaf0a0a2705482dbac7041a9c8bce
/workspace/arc2/active_runs/eval60_v5_vs_greedy_4worker_v1/tmp/a32d8b75/d012/o01_g1.json,3b864a3b38aadf2af8a87b5451b4185279835ebf19779e217190640807df91dd,14642852,a32d8b75,1,12,transpose,12d3e58a3382e2c942952a31f76cf05b2d080a1e0fc20bfefa2f42d0b87cba4a,e5beec92c9992930f4d6b468db1806ee2f3b9224e13179af7d4e8bb5897148e0,INDEPENDENT_FAST_2_PER_GPU,FAST_PASS,fast3,,2,2,1362,1363,1362,1323,79.69360938854516,search_exhausted,,,,o01_g1,a32d8b75:o1:d012:transpose,0,1790605927000000000,1ee306987451549f1a60292dc04e9c1a623d5e1f28f063be6bec5d15d12fbbfa,00e0126c0176ec4a7ec94f278db6433ad09a995e7a9dd2f198b90dcaca6791b7
/workspace/arc2/active_runs/eval60_v5_vs_greedy_4worker_v1/tmp/a32d8b75/d012/o01_g1.json,3b864a3b38aadf2af8a87b5451b4185279835ebf19779e217190640807df91dd,14642852,a32d8b75,1,12,anti_transpose,12d3e58a3382e2c942952a31f76cf05b2d080a1e0fc20bfefa2f42d0b87cba4a,e5beec92c9992930f4d6b468db1806ee2f3b9224e13179af7d4e8bb5897148e0,INDEPENDENT_SINGLE_PER_GPU_REPAIR,HEAVY_REPAIR,heavy0_serial,,1,1,681,682,681,662,41.02437253296375,search_exhausted,,,,o01_g1,a32d8b75:o1:d012:anti_transpose,1,1790605927000000000,f35ea88b6ef245ed1fa0b4ba4e52fcb982f0d08794f68c1e263bf9fcd1c87903,292d84d55d46549fcd5889e139e7cee8ec688e465a503031b8eac6a5324c4760
/workspace/arc2/active_runs/eval60_v5_vs_greedy_4worker_v1/tmp/a32d8b75/d024/o00_g0.json,a204f1c1f3431b115d7d916d599b84e80f66a5872ce4f946767cebbfc0d027d5,9824289,a32d8b75,0,24,identity,433fd110c85eb9c22fcda471c4f7fba83722dc6b798365ffea006f49f6a1f98f,e5beec92c9992930f4d6b468db1806ee2f3b9224e13179af7d4e8bb5897148e0,INDEPENDENT_FAST_2_PER_GPU,FAST_PASS,fast0,,1,1,779,780,779,756,45.52127747796476,search_exhausted,,,,o00_g0,a32d8b75:o0:d024:identity,0,1790605997000000000,963b8ed687de1982fa123e20679422e30779534bd102c120bef7ab30c0b8d01a,006dbaccf321f780a5b8bd9748085e52dacb042173e50d9c8adf944ea5f2cb48
/workspace/arc2/active_runs/eval60_v5_vs_greedy_4worker_v1/tmp/a32d8b75/d024/o00_g0.json,a204f1c1f3431b115d7d916d599b84e80f66a5872ce4f946767cebbfc0d027d5,9824289,a32d8b75,0,24,flip_ud,433fd110c85eb9c22fcda471c4f7fba83722dc6b798365ffea006f49f6a1f98f,e5beec92c9992930f4d6b468db1806ee2f3b9224e13179af7d4e8bb5897148e0,INDEPENDENT_SINGLE_PER_GPU_REPAIR,HEAVY_REPAIR,heavy0_serial,,1,1,629,630,629,260,39.01557409577072,search_exhausted,,,,o00_g0,a32d8b75:o0:d024:flip_ud,1,1790605997000000000,96842b5ac92f48481d30cb0195ff5c090eea1ee0df31f29c88d6b195566e8774,2667d763991e0438436393839db38756288f161e686fa79307c47c53a7bc3b23
/workspace/arc2/active_runs/eval60_v5_vs_greedy_4worker_v1/tmp/a32d8b75/d024/o00_g1.json,427bca7f58139f31cb8e93e6100bf2ff3268f0919e8787de5ab04998ea23bbba,22123325,a32d8b75,0,24,transpose,433fd110c85eb9c22fcda471c4f7fba83722dc6b798365ffea006f49f6a1f98f,e5beec92c9992930f4d6b468db1806ee2f3b9224e13179af7d4e8bb5897148e0,INDEPENDENT_FAST_2_PER_GPU,FAST_PASS,fast3,,2,2,1548,1549,1548,1525,90.82550553046167,search_exhausted,,,,o00_g1,a32d8b75:o0:d024:transpose,0,1790606090000000000,7824b8b235608dd697fe2489f3176bea8bdc4f7fdba25b9728a8f3ed43666b22,6d511052576aebf1a30b3b4b018212bd6fbc273ada1694985e7aed062ee913cc
/workspace/arc2/active_runs/eval60_v5_vs_greedy_4worker_v1/tmp/a32d8b75/d024/o00_g1.json,427bca7f58139f31cb8e93e6100bf2ff3268f0919e8787de5ab04998ea23bbba,22123325,a32d8b75,0,24,anti_transpose,433fd110c85eb9c22fcda471c4f7fba83722dc6b798365ffea006f49f6a1f98f,e5beec92c9992930f4d6b468db1806ee2f3b9224e13179af7d4e8bb5897148e0,INDEPENDENT_SINGLE_PER_GPU_REPAIR,HEAVY_REPAIR,heavy0_serial,,2,2,1517,1518,1517,1458,90.53411516174674,search_exhausted,,,,o00_g1,a32d8b75:o0:d024:anti_transpose,1,1790606090000000000,53965a4dc52b60db02bf321b76eb54ecaca7a185b896d77abb2d211abd50dc7b,3b2e1546101fe5b9fa3a973ce37c945f87df5a8a007c21fc04d05d779b553702
/workspace/arc2/active_runs/eval60_v5_vs_greedy_4worker_v1/tmp/a32d8b75/d024/o01_g0.json,5bce46221b6c5dba1ed6f4485fab3df5a50c9cc4da4f9ee24ce1135086297012,19788825,a32d8b75,1,24,identity,433fd110c85eb9c22fcda471c4f7fba83722dc6b798365ffea006f49f6a1f98f,e5beec92c9992930f4d6b468db1806ee2f3b9224e13179af7d4e8bb5897148e0,INDEPENDENT_FAST_2_PER_GPU,FAST_PASS,fast0,,2,2,1378,1379,1378,1175,79.50140161253512,search_exhausted,,,,o01_g0,a32d8b75:o1:d024:identity,0,1790606179000000000,a12cc4b0c1f249101f0882256e7a17f042811a6294e22573abe07018a51fcebe,e8783fb518462ef3cb27717024bd1a448e91aeb05d97f39fe37071fc989a4b00
/workspace/arc2/active_runs/eval60_v5_vs_greedy_4worker_v1/tmp/a32d8b75/d024/o01_g0.json,5bce46221b6c5dba1ed6f4485fab3df5a50c9cc4da4f9ee24ce1135086297012,19788825,a32d8b75,1,24,flip_ud,433fd110c85eb9c22fcda471c4f7fba83722dc6b798365ffea006f49f6a1f98f,e5beec92c9992930f4d6b468db1806ee2f3b9224e13179af7d4e8bb5897148e0,INDEPENDENT_SINGLE_PER_GPU_REPAIR,HEAVY_REPAIR,heavy0_serial,,2,2,1438,1439,1438,1405,87.27687998488545,search_exhausted,,,,o01_g0,a32d8b75:o1:d024:flip_ud,1,1790606179000000000,322bc1e82988cd2d4d69b0032c053d200140ff2e3c755e7399e81d0dcdf7adc6,7ccee5a2a96b2ae8b4c85d7713bbaa2e97d2c23f13a6a5202b87288353c3aa5b
/workspace/arc2/active_runs/eval60_v5_vs_greedy_4worker_v1/tmp/a32d8b75/d024/o01_g1.json,6f92ffdf926d6143cf040544bd7ebbe14ca7a26835029a91295082cb62775f19,19403335,a32d8b75,1,24,transpose,433fd110c85eb9c22fcda471c4f7fba83722dc6b798365ffea006f49f6a1f98f,e5beec92c9992930f4d6b468db1806ee2f3b9224e13179af7d4e8bb5897148e0,INDEPENDENT_SINGLE_PER_GPU_REPAIR,HEAVY_REPAIR,heavy0_serial,,2,2,1362,1363,1362,1335,81.23614588193595,search_exhausted,,,,o01_g1,a32d8b75:o1:d024:transpose,0,1790606356000000000,3132c18347e15864cb3825007acc30a4a717bca54ad0c44c5fda573f04cf4d48,8be52278dbb674f85b17e7c9391aa860dd7c4126c2f44895e2ebd107b0d223db
/workspace/arc2/active_runs/eval60_v5_vs_greedy_4worker_v1/tmp/a32d8b75/d024/o01_g1.json,6f92ffdf926d6143cf040544bd7ebbe14ca7a26835029a91295082cb62775f19,19403335,a32d8b75,1,24,anti_transpose,433fd110c85eb9c22fcda471c4f7fba83722dc6b798365ffea006f49f6a1f98f,e5beec92c9992930f4d6b468db1806ee2f3b9224e13179af7d4e8bb5897148e0,INDEPENDENT_SINGLE_PER_GPU_REPAIR,HEAVY_REPAIR,heavy0_serial,,2,2,1362,1363,1362,1335,81.91968519985676,search_exhausted,,,,o01_g1,a32d8b75:o1:d024:anti_transpose,1,1790606356000000000,c542800a2e948d935644c0b0fa59f7c510496558391ddd4442afaedf941c4139,0562bf0a8b996991a745af1c885592f945da6f25a904de42dfdca4166020317e
/workspace/arc2/active_runs/eval60_v5_vs_greedy_4worker_v1/tmp/a32d8b75/d048/o00_g0.json,b28f31badd68f7f9a764754d3ca9f6399c72bb56ded7669485fa6119f12b84ff,19087748,a32d8b75,0,48,identity,41df68d6e984ec7d724e786fe35591b603bf3de20bf74af410ef33913ca9f5cf,e5beec92c9992930f4d6b468db1806ee2f3b9224e13179af7d4e8bb5897148e0,INDEPENDENT_FAST_2_PER_GPU,FAST_PASS,fast3,,2,2,1388,1389,1388,915,81.39155990816653,search_exhausted,,,,o00_g0,a32d8b75:o0:d048:identity,0,1790594369561991010,5a9d87a6e91d4726f4691027cb1b88cd82e9793fcf976ab5f4df8350ee9154a7,b8ff4248c4cd3b824db2fbd70c53ebdb6f05438125ee002393a069eac5018f72
/workspace/arc2/active_runs/eval60_v5_vs_greedy_4worker_v1/tmp/a32d8b75/d048/o00_g0.json,b28f31badd68f7f9a764754d3ca9f6399c72bb56ded7669485fa6119f12b84ff,19087748,a32d8b75,0,48,flip_ud,41df68d6e984ec7d724e786fe35591b603bf3de20bf74af410ef33913ca9f5cf,e5beec92c9992930f4d6b468db1806ee2f3b9224e13179af7d4e8bb5897148e0,INDEPENDENT_FAST_2_PER_GPU,FAST_PASS,fast0,,2,2,1358,1359,1358,950,78.41941384039819,search_exhausted,,,,o00_g0,a32d8b75:o0:d048:flip_ud,1,1790594369561991010,8253a1ebeb6834c71e8e07d872a3cf47184ce48bb5bc51653d3e468595d45342,037f2fe99577b692f22a4d1851d7143ddce036686398050a6385795782d950b3
/workspace/arc2/active_runs/eval60_v5_vs_greedy_4worker_v1/tmp/a32d8b75/d048/o00_g1.json,b4799eee7807f204a44f6e254f6fd68f84765214e4f4a6bbf64ca5d699aa6ea0,11420532,a32d8b75,0,48,transpose,41df68d6e984ec7d724e786fe35591b603bf3de20bf74af410ef33913ca9f5cf,e5beec92c9992930f4d6b468db1806ee2f3b9224e13179af7d4e8bb5897148e0,INDEPENDENT_SINGLE_PER_GPU_REPAIR,HEAVY_REPAIR,heavy0_serial,,1,1,774,775,774,186,46.02192395739257,search_exhausted,,,,o00_g1,a32d8b75:o0:d048:transpose,0,1790606495000000000,37b928cc0c3b8da05ee579bde1fd3eb67df057e85939bdf0666ac51a85f6ef97,16d306ceffbe685dcfb7960c62b5a440dd5905a53ab33657ab439745f903b08f
/workspace/arc2/active_runs/eval60_v5_vs_greedy_4worker_v1/tmp/a32d8b75/d048/o00_g1.json,b4799eee7807f204a44f6e254f6fd68f84765214e4f4a6bbf64ca5d699aa6ea0,11420532,a32d8b75,0,48,anti_transpose,41df68d6e984ec7d724e786fe35591b603bf3de20bf74af410ef33913ca9f5cf,e5beec92c9992930f4d6b468db1806ee2f3b9224e13179af7d4e8bb5897148e0,INDEPENDENT_SINGLE_PER_GPU_REPAIR,HEAVY_REPAIR,heavy0_serial,,1,1,929,930,929,221,55.24855116568506,search_exhausted,,,,o00_g1,a32d8b75:o0:d048:anti_transpose,1,1790606495000000000,97d33ab3e5c426a92c6ce1623cc2b41aa2ef43618ab7b1947d76dc2c1bbd221e,b2f17d540a83f07db65d9071037572080052faf5894f108d1ca442589c9027a3
/workspace/arc2/active_runs/eval60_v5_vs_greedy_4worker_v1/tmp/a32d8b75/d048/o01_g0.json,be08771ed359b17a7435981dbe47851e2f18cfee16462193cbf895138c63a502,14255681,a32d8b75,1,48,identity,41df68d6e984ec7d724e786fe35591b603bf3de20bf74af410ef33913ca9f5cf,e5beec92c9992930f4d6b468db1806ee2f3b9224e13179af7d4e8bb5897148e0,INDEPENDENT_SINGLE_PER_GPU_REPAIR,HEAVY_REPAIR,heavy0_serial,,1,1,689,690,689,253,42.12476436048746,search_exhausted,,,,o01_g0,a32d8b75:o1:d048:identity,0,1790606538000000000,0aeb6e0033720917b756425d87accbf6354cec938d9cedcad5f86b355450386b,428abcbf04e52e158565f6d51dd4a370119834a1d682cc58ed1ef1d6c88b853b
/workspace/arc2/active_runs/eval60_v5_vs_greedy_4worker_v1/tmp/a32d8b75/d048/o01_g0.json,be08771ed359b17a7435981dbe47851e2f18cfee16462193cbf895138c63a502,14255681,a32d8b75,1,48,flip_ud,41df68d6e984ec7d724e786fe35591b603bf3de20bf74af410ef33913ca9f5cf,e5beec92c9992930f4d6b468db1806ee2f3b9224e13179af7d4e8bb5897148e0,INDEPENDENT_FAST_2_PER_GPU,FAST_PASS,fast0,,2,2,1438,1439,1438,767,82.82314606942236,search_exhausted,,,,o01_g0,a32d8b75:o1:d048:flip_ud,1,1790606538000000000,d09140c7abed7e872da3cd50be618bd6626d0355fa4ee1bcfbda12b523dfc636,ce796058f95deb3a5907ed5b11a37ecea9244243f7b6ae84ff7ee4650bc497a3
/workspace/arc2/active_runs/eval60_v5_vs_greedy_4worker_v1/tmp/a32d8b75/d048/o01_g1.json,2cff3b5d0ee25917a35865704abaa7a011768da7050d4b4153107c6dbe0d3fc5,9796867,a32d8b75,1,48,transpose,41df68d6e984ec7d724e786fe35591b603bf3de20bf74af410ef33913ca9f5cf,e5beec92c9992930f4d6b468db1806ee2f3b9224e13179af7d4e8bb5897148e0,INDEPENDENT_FAST_2_PER_GPU,FAST_PASS,fast3,,1,1,774,775,774,385,45.59262825362384,search_exhausted,,,,o01_g1,a32d8b75:o1:d048:transpose,0,1790606580000000000,24e8bfef631917f2abe704a632726c393f991d4186878e4aae0129a6eeef3f63,d1b6b6fffcd006e5937aacd77bf8344ec27105dbde74e33627c49f7ba5213828
/workspace/arc2/active_runs/eval60_v5_vs_greedy_4worker_v1/tmp/a32d8b75/d048/o01_g1.json,2cff3b5d0ee25917a35865704abaa7a011768da7050d4b4153107c6dbe0d3fc5,9796867,a32d8b75,1,48,anti_transpose,41df68d6e984ec7d724e786fe35591b603bf3de20bf74af410ef33913ca9f5cf,e5beec92c9992930f4d6b468db1806ee2f3b9224e13179af7d4e8bb5897148e0,INDEPENDENT_SINGLE_PER_GPU_REPAIR,HEAVY_REPAIR,heavy0_serial,,1,1,681,682,681,165,41.01230010390282,search_exhausted,,,,o01_g1,a32d8b75:o1:d048:anti_transpose,1,1790606580000000000,79b7a71de524730e7455e366b0877f6cf13f29ca4b02d17cb7c49e4d05bdfdf5,28db18c48a1a7756601d44648ea4766c429603fe81a09207334a87f00df5d3e1
/workspace/arc2/active_runs/eval60_v5_vs_greedy_4worker_v1/tmp/aa4ec2a5/d012/o00_g0.json,11cfe8abc7ee973dc8fe814c8fd96f79f84439741e4a427f97c92560afbfa7ef,11536392,aa4ec2a5,0,12,identity,a927d6dc00cbc284eb3332f41f4dd5710579bb0bfdcf50593f4f3fc3a6c50185,e5beec92c9992930f4d6b468db1806ee2f3b9224e13179af7d4e8bb5897148e0,INDEPENDENT_SINGLE_PER_GPU_REPAIR,HEAVY_REPAIR,heavy0_serial,,1,1,727,728,727,0,43.4624183550477,search_exhausted,,,,o00_g0,aa4ec2a5:o0:d012:identity,0,1790601325000000000,e8f7beed65507dcb8e2098c8a44ef4a94cef0e2c55cb629ccafd8737c225d204,ab04d15f8b007a9d55ca6d6246dcf2d4c3939aa0f5a9a217e85bc1c1c00503f6
/workspace/arc2/active_runs/eval60_v5_vs_greedy_4worker_v1/tmp/aa4ec2a5/d012/o00_g0.json,11cfe8abc7ee973dc8fe814c8fd96f79f84439741e4a427f97c92560afbfa7ef,11536392,aa4ec2a5,0,12,flip_ud,a927d6dc00cbc284eb3332f41f4dd5710579bb0bfdcf50593f4f3fc3a6c50185,e5beec92c9992930f4d6b468db1806ee2f3b9224e13179af7d4e8bb5897148e0,INDEPENDENT_FAST_2_PER_GPU,FAST_PASS,fast0,,2,2,1156,1157,1156,0,70.01563797332346,search_exhausted,,,,o00_g0,aa4ec2a5:o0:d012:flip_ud,1,1790601325000000000,6b27993f6c6311e3bb3de2286c0e70448f6bda9d87c9a397a2dcc1845d39f14b,9ed50e004f4454db6320ed706e32412158c42b4dfe6512fcf221f539dcf2d1a3
/workspace/arc2/active_runs/eval60_v5_vs_greedy_4worker_v1/tmp/aa4ec2a5/d012/o00_g1.json,fca77ec6b5f117e71c7b4c1547d9cc68cde711980aa126570f916de737ecf992,12761746,aa4ec2a5,0,12,transpose,a927d6dc00cbc284eb3332f41f4dd5710579bb0bfdcf50593f4f3fc3a6c50185,e5beec92c9992930f4d6b468db1806ee2f3b9224e13179af7d4e8bb5897148e0,INDEPENDENT_SINGLE_PER_GPU_REPAIR,HEAVY_REPAIR,heavy0_serial,,2,2,1342,1343,1342,0,79.35964063555002,search_exhausted,,,,o00_g1,aa4ec2a5:o0:d012:transpose,0,1790601406000000000,40b17233a92abd4a009f1d1de5fe998ddceead3e110e93f97fecc2d33a1db498,45f308db27b618f0c35f50e489ef6a0d1b3ea18279f480ddf2aacc36e6c1f3f2
/workspace/arc2/active_runs/eval60_v5_vs_greedy_4worker_v1/tmp/aa4ec2a5/d012/o00_g1.json,fca77ec6b5f117e71c7b4c1547d9cc68cde711980aa126570f916de737ecf992,12761746,aa4ec2a5,0,12,anti_transpose,a927d6dc00cbc284eb3332f41f4dd5710579bb0bfdcf50593f4f3fc3a6c50185,e5beec92c9992930f4d6b468db1806ee2f3b9224e13179af7d4e8bb5897148e0,INDEPENDENT_FAST_2_PER_GPU,FAST_PASS,fast3,,1,1,728,729,728,0,43.25413992442191,search_exhausted,,,,o00_g1,aa4ec2a5:o0:d012:anti_transpose,1,1790601406000000000,88c265ab11fa50fba0af91b9a46e9f47543d5919a6523f18f10199118e8f866b,1748d530fcb6cf24f861905742b1e6a05281d8c08b8bb51d63676ca19a9a1b83
/workspace/arc2/active_runs/eval60_v5_vs_greedy_4worker_v1/tmp/aa4ec2a5/d024/o00_g0.json,8ccc055b4420727069441bc7712f87ad8b28e1d7cf9a33b7e2b33d0ca3fde5eb,13009672,aa4ec2a5,0,24,identity,03aa11b9e5c2059ffcc8e999633ceab9c84cae2f56dcca617227dcafc16dc8aa,e5beec92c9992930f4d6b468db1806ee2f3b9224e13179af7d4e8bb5897148e0,INDEPENDENT_SINGLE_PER_GPU_REPAIR,HEAVY_REPAIR,heavy0_serial,,2,2,1390,1391,1390,0,81.97330482117832,search_exhausted,,,,o00_g0,aa4ec2a5:o0:d024:identity,0,1790601551000000000,1ec007a34e4715163b4785ed7ee251b0872ec7883cb9babbd3c0d5a9659e4488,1117d219561ac9b8c2bf20b78b6d57092c0c5e4f480e5a19bddaef218116fa27
/workspace/arc2/active_runs/eval60_v5_vs_greedy_4worker_v1/tmp/aa4ec2a5/d024/o00_g0.json,8ccc055b4420727069441bc7712f87ad8b28e1d7cf9a33b7e2b33d0ca3fde5eb,13009672,aa4ec2a5,0,24,flip_ud,03aa11b9e5c2059ffcc8e999633ceab9c84cae2f56dcca617227dcafc16dc8aa,e5beec92c9992930f4d6b468db1806ee2f3b9224e13179af7d4e8bb5897148e0,INDEPENDENT_SINGLE_PER_GPU_REPAIR,HEAVY_REPAIR,heavy0_serial,,1,1,727,728,727,0,43.25896926410496,search_exhausted,,,,o00_g0,aa4ec2a5:o0:d024:flip_ud,1,1790601551000000000,e92730139a4d9324eb9c5927d9644e2c26c01e22c75d2365415e1d08b6a13b07,b180cf0e315610af6d5e2bf5e287f66c2a5568d1a8b48c41416db512bd6433a2
/workspace/arc2/active_runs/eval60_v5_vs_greedy_4worker_v1/tmp/aa4ec2a5/d024/o00_g1.json,b4bd4290570a79a13b26b059852cc47848acbe4ca5d9f861953f8e105e8504a9,9013021,aa4ec2a5,0,24,transpose,03aa11b9e5c2059ffcc8e999633ceab9c84cae2f56dcca617227dcafc16dc8aa,e5beec92c9992930f4d6b468db1806ee2f3b9224e13179af7d4e8bb5897148e0,INDEPENDENT_FAST_2_PER_GPU,FAST_PASS,fast3,,1,1,728,729,728,0,42.91449044831097,search_exhausted,,,,o00_g1,aa4ec2a5:o0:d024:transpose,0,1790590101000000000,6d44141635dfe1537813d9e3008dd620cd58e0016aeb4a233c475aee2843d3b4,5aa1c7d30c1c9f8cf8c4c41a085d47f0eb0a63ce67daf183115bd92762401a1d
/workspace/arc2/active_runs/eval60_v5_vs_greedy_4worker_v1/tmp/aa4ec2a5/d024/o00_g1.json,b4bd4290570a79a13b26b059852cc47848acbe4ca5d9f861953f8e105e8504a9,9013021,aa4ec2a5,0,24,anti_transpose,03aa11b9e5c2059ffcc8e999633ceab9c84cae2f56dcca617227dcafc16dc8aa,e5beec92c9992930f4d6b468db1806ee2f3b9224e13179af7d4e8bb5897148e0,INDEPENDENT_FAST_2_PER_GPU,FAST_PASS,fast0,,1,1,728,729,728,0,43.873785676434636,search_exhausted,,,,o00_g1,aa4ec2a5:o0:d024:anti_transpose,1,1790590101000000000,49c4ff80dc9becb8eb53ee2963a59a975f2881894136f5ab557c9816800db358,5f10c393393b14147242e8a604ca81541e4e6f218de55ba7b49ef732c50521f4
/workspace/arc2/active_runs/eval60_v5_vs_greedy_4worker_v1/tmp/aa4ec2a5/d048/o00_g0.json,82b7049cb2a5abc405a981bd05ef9c16d57d1c6828373c1021ec6af7e89678fa,12630541,aa4ec2a5,0,48,identity,72427cd611619cb8ba176c97b17843afe73153f7b4d6da76add6322ba354e01a,e5beec92c9992930f4d6b468db1806ee2f3b9224e13179af7d4e8bb5897148e0,INDEPENDENT_SINGLE_PER_GPU_REPAIR,HEAVY_REPAIR,heavy0_serial,,1,1,727,728,727,0,42.922099811956286,search_exhausted,,,,o00_g0,aa4ec2a5:o0:d048:identity,0,1790601692000000000,1a3e7e190117b97f912c253e1f8c248ee37e31a1c56fca1c0b5f69561eb3c955,136efb0d47107451bee9e5607fa84cead5e1b9db7a48ee69823eda1f2393da1e
/workspace/arc2/active_runs/eval60_v5_vs_greedy_4worker_v1/tmp/aa4ec2a5/d048/o00_g0.json,82b7049cb2a5abc405a981bd05ef9c16d57d1c6828373c1021ec6af7e89678fa,12630541,aa4ec2a5,0,48,flip_ud,72427cd611619cb8ba176c97b17843afe73153f7b4d6da76add6322ba354e01a,e5beec92c9992930f4d6b468db1806ee2f3b9224e13179af7d4e8bb5897148e0,INDEPENDENT_SINGLE_PER_GPU_REPAIR,HEAVY_REPAIR,heavy0_serial,,2,2,1307,1308,1307,0,76.9091703761369,search_exhausted,,,,o00_g0,aa4ec2a5:o0:d048:flip_ud,1,1790601692000000000,f430fb6f69107a185e1236dab17f6dc7a0f9bd5e60fa81fddd9cb38ef187f053,4143eb97489bf5bc8b627461170572fbf2c2a0eb2d0d50fd017363685714376c
/workspace/arc2/active_runs/eval60_v5_vs_greedy_4worker_v1/tmp/aa4ec2a5/d048/o00_g1.json,4fc815243af8dfe348675b6638ed9a335faa4ca55334bc7935bcc6de8678c080,9119335,aa4ec2a5,0,48,transpose,72427cd611619cb8ba176c97b17843afe73153f7b4d6da76add6322ba354e01a,e5beec92c9992930f4d6b468db1806ee2f3b9224e13179af7d4e8bb5897148e0,INDEPENDENT_FAST_2_PER_GPU,FAST_PASS,fast3,,1,1,728,729,728,0,43.52165936306119,search_exhausted,,,,o00_g1,aa4ec2a5:o0:d048:transpose,0,1790590151000000000,c65aa598bbb3d832935a97c89ec8d72d861222c3f7dd04290bb461dfc988f4d8,ffdf28133f9a61cb039ee7af0f5f4ffcd5326a9122c672e2f36a0ac8ce5c9db5
/workspace/arc2/active_runs/eval60_v5_vs_greedy_4worker_v1/tmp/aa4ec2a5/d048/o00_g1.json,4fc815243af8dfe348675b6638ed9a335faa4ca55334bc7935bcc6de8678c080,9119335,aa4ec2a5,0,48,anti_transpose,72427cd611619cb8ba176c97b17843afe73153f7b4d6da76add6322ba354e01a,e5beec92c9992930f4d6b468db1806ee2f3b9224e13179af7d4e8bb5897148e0,INDEPENDENT_FAST_2_PER_GPU,FAST_PASS,fast0,,1,1,728,729,728,0,44.13596619479358,search_exhausted,,,,o00_g1,aa4ec2a5:o0:d048:anti_transpose,1,1790590151000000000,b456d7db0d46d15d12b71c6be0fff98d6fb835e31224b26f79dd7c24f0f7bdd4,bbc5659176847956d4d9a0a2a4989baeb1863cd32be537b7d41d6bec068d388e
/workspace/arc2/active_runs/eval60_v5_vs_greedy_4worker_v1/tmp/b5ca7ac4/d012/o00_g0.json,08b78c250dcb59f5b79783057183587c125314e2db039cc0e84adf73d963cdff,15062740,b5ca7ac4,0,12,identity,c6026c0482c13bd38fb3850d3d26a1c7c21809f620f8fca4ed2655c779871aa3,e5beec92c9992930f4d6b468db1806ee2f3b9224e13179af7d4e8bb5897148e0,INDEPENDENT_FAST_2_PER_GPU,FAST_PASS,fast3,,2,2,825,826,825,316,51.10057004354894,search_exhausted,,,,o00_g0,b5ca7ac4:o0:d012:identity,0,1790584782000000000,82d2f1133336742ef0ba583619f13813dbc229279716e2ec3c50271704e690e6,29e6ef8537bc2eda6b9ea25ccbc72a0bbe548c503bb8d74bde11d57906081b7d
/workspace/arc2/active_runs/eval60_v5_vs_greedy_4worker_v1/tmp/b5ca7ac4/d012/o00_g0.json,08b78c250dcb59f5b79783057183587c125314e2db039cc0e84adf73d963cdff,15062740,b5ca7ac4,0,12,flip_ud,c6026c0482c13bd38fb3850d3d26a1c7c21809f620f8fca4ed2655c779871aa3,e5beec92c9992930f4d6b468db1806ee2f3b9224e13179af7d4e8bb5897148e0,INDEPENDENT_FAST_2_PER_GPU,FAST_PASS,fast1,,3,3,1464,1465,1464,829,86.11640714854002,search_exhausted,,,,o00_g0,b5ca7ac4:o0:d012:flip_ud,1,1790584782000000000,e051835853bbe4d79dec0db21d2964817973ff5812d141d7decb35814a7ed9d7,24b8c1fc5403da6e1fd9c1169e92921b4d4e84acdfac38b6103d23d3ad8722c8
/workspace/arc2/active_runs/eval60_v5_vs_greedy_4worker_v1/tmp/b5ca7ac4/d012/o00_g1.json,5828195b243881cad42277d9a9bd0b4a4b9196155e2590e55a9a3e6b1aa1395b,10378762,b5ca7ac4,0,12,transpose,c6026c0482c13bd38fb3850d3d26a1c7c21809f620f8fca4ed2655c779871aa3,e5beec92c9992930f4d6b468db1806ee2f3b9224e13179af7d4e8bb5897148e0,INDEPENDENT_FAST_2_PER_GPU,FAST_PASS,fast2,,2,2,880,881,880,217,52.89245509915054,search_exhausted,,,,o00_g1,b5ca7ac4:o0:d012:transpose,0,1790584748000000000,eca17450383508e879690ed51ab0957bb954661f10ec150261af5c3d4cb343ac,a771f383ecf9e03c0492bb20145b7acd107bce6af8d28d7a68a62da86b53447f
/workspace/arc2/active_runs/eval60_v5_vs_greedy_4worker_v1/tmp/b5ca7ac4/d012/o00_g1.json,5828195b243881cad42277d9a9bd0b4a4b9196155e2590e55a9a3e6b1aa1395b,10378762,b5ca7ac4,0,12,anti_transpose,c6026c0482c13bd38fb3850d3d26a1c7c21809f620f8fca4ed2655c779871aa3,e5beec92c9992930f4d6b468db1806ee2f3b9224e13179af7d4e8bb5897148e0,INDEPENDENT_FAST_2_PER_GPU,FAST_PASS,fast0,,2,2,733,734,733,0,44.14901913329959,search_exhausted,,,,o00_g1,b5ca7ac4:o0:d012:anti_transpose,1,1790584748000000000,6c07d637e130780b0746ae3f2e8ffdf304372236d72fa202c04a4ca110f2530e,ae77eadb30e4189805cc463e25ebc9517cbc7c9aab29e7deb7c04564e92cf0c1
/workspace/arc2/active_runs/eval60_v5_vs_greedy_4worker_v1/tmp/b5ca7ac4/d024/o00_g0.json,e8b3487b00d5c9ae8c31a534765ad647f2287b896e4d490d175b30de9e37c055,9397468,b5ca7ac4,0,24,identity,0beb9685d50bbe9e2b1e9ccc3605367964fefcb5491d07b9d2f3b6030bf716a5,e5beec92c9992930f4d6b468db1806ee2f3b9224e13179af7d4e8bb5897148e0,INDEPENDENT_FAST_2_PER_GPU,FAST_PASS,fast3,,1,1,505,506,505,0,31.887034149840474,search_exhausted,,,,o00_g0,b5ca7ac4:o0:d024:identity,0,1790584845000000000,f08c237be28dc30628d2d1c9471020b54f1a1cb7d0d0cdae1d9b1e33c480f37e,5e41b09d2f42051ef51f473c1689fb2e78bb8f21f5e22d2ab92946348ab4eb71
/workspace/arc2/active_runs/eval60_v5_vs_greedy_4worker_v1/tmp/b5ca7ac4/d024/o00_g0.json,e8b3487b00d5c9ae8c31a534765ad647f2287b896e4d490d175b30de9e37c055,9397468,b5ca7ac4,0,24,flip_ud,0beb9685d50bbe9e2b1e9ccc3605367964fefcb5491d07b9d2f3b6030bf716a5,e5beec92c9992930f4d6b468db1806ee2f3b9224e13179af7d4e8bb5897148e0,INDEPENDENT_FAST_2_PER_GPU,FAST_PASS,fast0,,2,2,987,988,987,299,58.73212104849517,search_exhausted,,,,o00_g0,b5ca7ac4:o0:d024:flip_ud,1,1790584845000000000,3ad3f2454e255792dda296a7a925a2f27efb149cf2041edf563169fdf8a7677a,7679f9803b1a91bb0dc7203f448ad5605cad2ec00b9e68945317b49963724bd7
/workspace/arc2/active_runs/eval60_v5_vs_greedy_4worker_v1/tmp/b5ca7ac4/d024/o00_g1.json,739ac725eed0dadb51b2ee1724343df95373c9290521446de7e8bfc74ffc7ae8,11008269,b5ca7ac4,0,24,transpose,0beb9685d50bbe9e2b1e9ccc3605367964fefcb5491d07b9d2f3b6030bf716a5,e5beec92c9992930f4d6b468db1806ee2f3b9224e13179af7d4e8bb5897148e0,INDEPENDENT_FAST_2_PER_GPU,FAST_PASS,fast2,,1,1,505,506,505,0,30.810721142217517,search_exhausted,,,,o00_g1,b5ca7ac4:o0:d024:transpose,0,1790584860000000000,43e8e57686e3ccb510801a7dde2b850ecc227301e3e2a07ca0da0dd109980013,1c94088663ba3e5901971bcb22e30cc68af2519303d64adb24c05cdbe4de1d72
/workspace/arc2/active_runs/eval60_v5_vs_greedy_4worker_v1/tmp/b5ca7ac4/d024/o00_g1.json,739ac725eed0dadb51b2ee1724343df95373c9290521446de7e8bfc74ffc7ae8,11008269,b5ca7ac4,0,24,anti_transpose,0beb9685d50bbe9e2b1e9ccc3605367964fefcb5491d07b9d2f3b6030bf716a5,e5beec92c9992930f4d6b468db1806ee2f3b9224e13179af7d4e8bb5897148e0,INDEPENDENT_FAST_2_PER_GPU,FAST_PASS,fast1,,3,3,1228,1229,1228,321,72.6847501732409,search_exhausted,,,,o00_g1,b5ca7ac4:o0:d024:anti_transpose,1,1790584860000000000,193508651b623720dfec62cd1a1f1421a497b2881eab4be1651196df75fbe6bd,ad14680662d7a5c3e2d9a11d8cf4c1e85e86eef463fc6d26b416aedc960a2585
/workspace/arc2/active_runs/eval60_v5_vs_greedy_4worker_v1/tmp/b5ca7ac4/d048/o00_g0.json,2b10631ee8df69ebb0d220f1124ed1628ab260e350012377d043d73b3547e8d5,12622525,b5ca7ac4,0,48,identity,79409680761a32a0ba3c1e466a4fa18e28dcbcfcde2598e8601914c694061c68,e5beec92c9992930f4d6b468db1806ee2f3b9224e13179af7d4e8bb5897148e0,INDEPENDENT_FAST_2_PER_GPU,FAST_PASS,fast2,,3,3,1014,1015,1014,225,61.18948273174465,search_exhausted,,,,o00_g0,b5ca7ac4:o0:d048:identity,0,1790584898000000000,228db711e7b3337190e51223f1761b2a8ba6d42a2e56b3f93021df58a6952f31,984493ce67b3a4c5b0433a74c17e1d9abb3cc05a6e07ab99aed8f2180565bde4
/workspace/arc2/active_runs/eval60_v5_vs_greedy_4worker_v1/tmp/b5ca7ac4/d048/o00_g0.json,2b10631ee8df69ebb0d220f1124ed1628ab260e350012377d043d73b3547e8d5,12622525,b5ca7ac4,0,48,flip_ud,79409680761a32a0ba3c1e466a4fa18e28dcbcfcde2598e8601914c694061c68,e5beec92c9992930f4d6b468db1806ee2f3b9224e13179af7d4e8bb5897148e0,INDEPENDENT_FAST_2_PER_GPU,FAST_PASS,fast3,,2,2,987,988,987,184,60.56302066333592,search_exhausted,,,,o00_g0,b5ca7ac4:o0:d048:flip_ud,1,1790584898000000000,001566a2804678bf4ecf860216854efb15bf4c0cf25e421f548ef2f7d38eff2d,8aa324cb5565a2647fe82281ec9a91b7568af8db73f5f7331fe01fa34deb8d06
/workspace/arc2/active_runs/eval60_v5_vs_greedy_4worker_v1/tmp/b5ca7ac4/d048/o00_g1.json,5da370f75a91056040514c3265a7d61eedcd39b7707663b3b97bda77dea200d5,10155372,b5ca7ac4,0,48,transpose,79409680761a32a0ba3c1e466a4fa18e28dcbcfcde2598e8601914c694061c68,e5beec92c9992930f4d6b468db1806ee2f3b9224e13179af7d4e8bb5897148e0,INDEPENDENT_FAST_2_PER_GPU,FAST_PASS,fast0,,2,2,879,880,879,217,52.27375914528966,search_exhausted,,,,o00_g1,b5ca7ac4:o0:d048:transpose,0,1790584916000000000,9bb07eca5413105cc081eb9e7db5825bd43c0cf74f73dd92318cadd3ec5bad82,93f52a7950dc3221564e94e0b68a8e2dddfa09dac1e91337cf002aed1c17f729
/workspace/arc2/active_runs/eval60_v5_vs_greedy_4worker_v1/tmp/b5ca7ac4/d048/o00_g1.json,5da370f75a91056040514c3265a7d61eedcd39b7707663b3b97bda77dea200d5,10155372,b5ca7ac4,0,48,anti_transpose,79409680761a32a0ba3c1e466a4fa18e28dcbcfcde2598e8601914c694061c68,e5beec92c9992930f4d6b468db1806ee2f3b9224e13179af7d4e8bb5897148e0,INDEPENDENT_FAST_2_PER_GPU,FAST_PASS,fast1,,2,2,733,734,733,0,43.937669433653355,search_exhausted,,,,o00_g1,b5ca7ac4:o0:d048:anti_transpose,1,1790584916000000000,10230cabe17ef66a605d549392ff7c48870d3a826623dc64711c2ad213894e4a,314d720dc8ab1bb4bb712f10f1119442ec7b4fe07213ba141dcaaf96e98000d5
/workspace/arc2/active_runs/eval60_v5_vs_greedy_4worker_v1/tmp/b6f77b65/d012/o00_g0.json,6983374c4f63c9f79deb2d9cdf287021e132565d479b80a9d1b62fd374756182,3913478,b6f77b65,0,12,identity,7d489141451488bd80d118b1c53b8609227de057dcc6484478be1821c70ccb6b,e5beec92c9992930f4d6b468db1806ee2f3b9224e13179af7d4e8bb5897148e0,INDEPENDENT_FAST_2_PER_GPU,FAST_PASS,fast0,,2,2,256,257,256,167,14.770988265052438,search_exhausted,,,,o00_g0,b6f77b65:o0:d012:identity,0,1790596151681843198,f0a58af244cec2413f83f0900e587f444c154764e426f8f7184831fc2b931fec,c4d03334eaccfafdf70f9e6175886177bd5e8f6e4cdd29788e2563e1d38b4439
/workspace/arc2/active_runs/eval60_v5_vs_greedy_4worker_v1/tmp/b6f77b65/d012/o00_g0.json,6983374c4f63c9f79deb2d9cdf287021e132565d479b80a9d1b62fd374756182,3913478,b6f77b65,0,12,flip_ud,7d489141451488bd80d118b1c53b8609227de057dcc6484478be1821c70ccb6b,e5beec92c9992930f4d6b468db1806ee2f3b9224e13179af7d4e8bb5897148e0,INDEPENDENT_FAST_2_PER_GPU,FAST_PASS,fast2,,2,2,303,304,303,254,18.602235462516546,search_exhausted,,,,o00_g0,b6f77b65:o0:d012:flip_ud,1,1790596151681843198,4ce58e4c3972466ce15db278a181be1e1a66eed58b9ca58066aeeaf427320097,3385b43a01743826fc0d77963600c63c40ed1e2cb67d6dceeedfb71383fc8834
/workspace/arc2/active_runs/eval60_v5_vs_greedy_4worker_v1/tmp/b6f77b65/d012/o00_g1.json,a54106d0cbb907e73eeaff964a487690b1567b93a908ad461ded367e1d1df67f,3930368,b6f77b65,0,12,transpose,7d489141451488bd80d118b1c53b8609227de057dcc6484478be1821c70ccb6b,e5beec92c9992930f4d6b468db1806ee2f3b9224e13179af7d4e8bb5897148e0,INDEPENDENT_FAST_2_PER_GPU,FAST_PASS,fast3,,2,2,280,281,280,233,17.46914930269122,search_exhausted,,,,o00_g1,b6f77b65:o0:d012:transpose,0,1790596165783906423,df77fb0f19492b235dc88cde26ff05ef8fbd9f1a6539947f4f677066fbf4a412,96d7f28777cdfd098f6dbd5c94ec57bcdb332da3f8cae13cf1f98a5c5583fc1c
/workspace/arc2/active_runs/eval60_v5_vs_greedy_4worker_v1/tmp/b6f77b65/d012/o00_g1.json,a54106d0cbb907e73eeaff964a487690b1567b93a908ad461ded367e1d1df67f,3930368,b6f77b65,0,12,anti_transpose,7d489141451488bd80d118b1c53b8609227de057dcc6484478be1821c70ccb6b,e5beec92c9992930f4d6b468db1806ee2f3b9224e13179af7d4e8bb5897148e0,INDEPENDENT_FAST_2_PER_GPU,FAST_PASS,fast0,,2,2,284,285,284,117,16.345670828595757,search_exhausted,,,,o00_g1,b6f77b65:o0:d012:anti_transpose,1,1790596165783906423,271301cfad35a0497cbed4bdbc6bfea700b716e0799542b092144612d860bbb9,b5312f42a1c36ca525bbd54e1d5693f605bb4f1a6b077b9e4b90b77adfa37d3c
/workspace/arc2/active_runs/eval60_v5_vs_greedy_4worker_v1/tmp/b6f77b65/d012/o01_g0.json,d9c16479fb6f8164b1860e33a14bd8a590a9680fd8ade1b4bd2856b73924ad16,3944486,b6f77b65,1,12,identity,7d489141451488bd80d118b1c53b8609227de057dcc6484478be1821c70ccb6b,e5beec92c9992930f4d6b468db1806ee2f3b9224e13179af7d4e8bb5897148e0,INDEPENDENT_FAST_2_PER_GPU,FAST_PASS,fast3,,2,2,256,257,256,190,15.92565300874412,search_exhausted,,,,o01_g0,b6f77b65:o1:d012:identity,0,1790596169888727406,cd82fa77aadd6db3903c57e57b2f46b89d9daeaded5539d73aad4ebdcb50611c,cd30673949a6cc957ec96ef689fd13ec093e0efce4862f9570292817e5699055
/workspace/arc2/active_runs/eval60_v5_vs_greedy_4worker_v1/tmp/b6f77b65/d012/o01_g0.json,d9c16479fb6f8164b1860e33a14bd8a590a9680fd8ade1b4bd2856b73924ad16,3944486,b6f77b65,1,12,flip_ud,7d489141451488bd80d118b1c53b8609227de057dcc6484478be1821c70ccb6b,e5beec92c9992930f4d6b468db1806ee2f3b9224e13179af7d4e8bb5897148e0,INDEPENDENT_FAST_2_PER_GPU,FAST_PASS,fast2,,2,2,308,309,308,227,18.06845505721867,search_exhausted,,,,o01_g0,b6f77b65:o1:d012:flip_ud,1,1790596169888727406,1baa70936f6bbabc4ae77aea47b8f165ad81bf1d58206273fa56e33b26bb396e,811eaae8795a37c398605563011d3181145872cd6ef132683ca0b5de0deca618
/workspace/arc2/active_runs/eval60_v5_vs_greedy_4worker_v1/tmp/b6f77b65/d012/o01_g1.json,4dee37f0b7ed205785cb045c654eaaa84264cf713288de68454babb55aeee5e3,3023079,b6f77b65,1,12,transpose,7d489141451488bd80d118b1c53b8609227de057dcc6484478be1821c70ccb6b,e5beec92c9992930f4d6b468db1806ee2f3b9224e13179af7d4e8bb5897148e0,INDEPENDENT_FAST_2_PER_GPU,FAST_PASS,fast0,,1,1,155,156,155,110,9.02832617983222,search_exhausted,,,,o01_g1,b6f77b65:o1:d012:transpose,0,1790596184292824084,f9d0ff860517cbec404d77ab9becbceae933b8b90ad555fc7230a50163fe75fe,7d18140521dacf453b4825fc418a3c2f763e1b55258787e46c3edab4c5a0d473
/workspace/arc2/active_runs/eval60_v5_vs_greedy_4worker_v1/tmp/b6f77b65/d012/o01_g1.json,4dee37f0b7ed205785cb045c654eaaa84264cf713288de68454babb55aeee5e3,3023079,b6f77b65,1,12,anti_transpose,7d489141451488bd80d118b1c53b8609227de057dcc6484478be1821c70ccb6b,e5beec92c9992930f4d6b468db1806ee2f3b9224e13179af7d4e8bb5897148e0,INDEPENDENT_FAST_2_PER_GPU,FAST_PASS,fast3,,2,2,284,285,284,103,17.656371926888824,search_exhausted,,,,o01_g1,b6f77b65:o1:d012:anti_transpose,1,1790596184292824084,bb14962fa91779f975e8823e080be99ca17fddf3367c8a76216d16c8d03d156a,ea952d691085d5a5e5b20d87c1b859782c0e7a8ff5c2c77024f9eb7f3346afa0
/workspace/arc2/active_runs/eval60_v5_vs_greedy_4worker_v1/tmp/b6f77b65/d012/o02_g0.json,59a728bdfdd8ac22380a263e9c50ffdbc63d162e5363d233360b183349e4d76b,4345387,b6f77b65,2,12,identity,7d489141451488bd80d118b1c53b8609227de057dcc6484478be1821c70ccb6b,e5beec92c9992930f4d6b468db1806ee2f3b9224e13179af7d4e8bb5897148e0,INDEPENDENT_FAST_2_PER_GPU,FAST_PASS,fast2,,1,1,155,156,155,89,9.338420683518052,search_exhausted,,,,o02_g0,b6f77b65:o2:d012:identity,0,1790596202063107636,459fc7126d37a55612fe4a067cd16f59dc9901a9c91fbf8ece19409a58fe2f83,7bcf2113c360bc78188892a892322a8ba95bff37db58116935e9bd848738d274
/workspace/arc2/active_runs/eval60_v5_vs_greedy_4worker_v1/tmp/b6f77b65/d012/o02_g0.json,59a728bdfdd8ac22380a263e9c50ffdbc63d162e5363d233360b183349e4d76b,4345387,b6f77b65,2,12,flip_ud,7d489141451488bd80d118b1c53b8609227de057dcc6484478be1821c70ccb6b,e5beec92c9992930f4d6b468db1806ee2f3b9224e13179af7d4e8bb5897148e0,INDEPENDENT_FAST_2_PER_GPU,FAST_PASS,fast0,,3,3,459,460,459,441,27.06807636655867,search_exhausted,,,,o02_g0,b6f77b65:o2:d012:flip_ud,1,1790596202063107636,837aa0bcfced08c983d45d3abfd9170b62496d40469b559568373f33f8bae0f7,bd8441dbca22dadbac12ffeedd3a7c07f0b05e4418d290a8d1a4f4d335aa762b
/workspace/arc2/active_runs/eval60_v5_vs_greedy_4worker_v1/tmp/b6f77b65/d012/o02_g1.json,4491252e62b1f13eb1c856ef693a9257e7e1cfdad680dfb66e176b077b8a8b6c,4181998,b6f77b65,2,12,transpose,7d489141451488bd80d118b1c53b8609227de057dcc6484478be1821c70ccb6b,e5beec92c9992930f4d6b468db1806ee2f3b9224e13179af7d4e8bb5897148e0,INDEPENDENT_FAST_2_PER_GPU,FAST_PASS,fast2,,2,2,310,311,310,269,18.20403520204127,search_exhausted,,,,o02_g1,b6f77b65:o2:d012:transpose,0,1790596201695765300,a0bb947874d1d72ae9c15bc02f7e8051ed17c5cf94d239b9794144a4cc34c667,def121f928c774dc1bc61eb374615c9c964d8d1e166b46d9049de4a51439e1b9
/workspace/arc2/active_runs/eval60_v5_vs_greedy_4worker_v1/tmp/b6f77b65/d012/o02_g1.json,4491252e62b1f13eb1c856ef693a9257e7e1cfdad680dfb66e176b077b8a8b6c,4181998,b6f77b65,2,12,anti_transpose,7d489141451488bd80d118b1c53b8609227de057dcc6484478be1821c70ccb6b,e5beec92c9992930f4d6b468db1806ee2f3b9224e13179af7d4e8bb5897148e0,INDEPENDENT_FAST_2_PER_GPU,FAST_PASS,fast3,,2,2,281,282,281,191,17.26735984161496,search_exhausted,,,,o02_g1,b6f77b65:o2:d012:anti_transpose,1,1790596201695765300,3c427039f046a078d0aead2afda1994fae26bce1872ea2cc4e3463434fcc0485,6f88418a0b484a449011b9f700783e6f722fe71ac0854e39df1d8eb36b90d890
/workspace/arc2/active_runs/eval60_v5_vs_greedy_4worker_v1/tmp/b6f77b65/d024/o00_g0.json,f7fd5a7529fd697e1ae86e798c83792f85a4c491bec3cc352963d0f00d1b9e76,4005112,b6f77b65,0,24,identity,c74dc3647758a1d0b21e147938c7bd09d6c9ebce8249b82b8259bcfc5a727cdf,e5beec92c9992930f4d6b468db1806ee2f3b9224e13179af7d4e8bb5897148e0,INDEPENDENT_FAST_2_PER_GPU,FAST_PASS,fast2,,2,2,282,283,282,193,17.130788965150714,search_exhausted,,,,o00_g0,b6f77b65:o0:d024:identity,0,1790596256152410845,de0f5b726e218a5d17c3df6ab2b1c94d7af1aa19566d7c022e14863bf13a3f15,da4d125374fcdc9bd2b0d012ff965bdb4ee5a696d193ef502f3d6dbe33d03e36
/workspace/arc2/active_runs/eval60_v5_vs_greedy_4worker_v1/tmp/b6f77b65/d024/o00_g0.json,f7fd5a7529fd697e1ae86e798c83792f85a4c491bec3cc352963d0f00d1b9e76,4005112,b6f77b65,0,24,flip_ud,c74dc3647758a1d0b21e147938c7bd09d6c9ebce8249b82b8259bcfc5a727cdf,e5beec92c9992930f4d6b468db1806ee2f3b9224e13179af7d4e8bb5897148e0,INDEPENDENT_FAST_2_PER_GPU,FAST_PASS,fast3,,2,2,303,304,303,136,19.25188422948122,search_exhausted,,,,o00_g0,b6f77b65:o0:d024:flip_ud,1,1790596256152410845,2b1ef79ecbf831d3c36c7d7e65846f93f1d522957e6e59c36a368261be37c794,7681ce3665144263c26c9b52872a367c5e7270f702ee8c8c9ef5210ec0754f60
/workspace/arc2/active_runs/eval60_v5_vs_greedy_4worker_v1/tmp/b6f77b65/d024/o00_g1.json,98d07934b721a4e088e21e3957f0958d61a8e1246a34cc0a8d2f15043b55f9eb,4712900,b6f77b65,0,24,transpose,c74dc3647758a1d0b21e147938c7bd09d6c9ebce8249b82b8259bcfc5a727cdf,e5beec92c9992930f4d6b468db1806ee2f3b9224e13179af7d4e8bb5897148e0,INDEPENDENT_FAST_2_PER_GPU,FAST_PASS,fast0,,3,3,404,405,404,295,23.63699327595532,search_exhausted,,,,o00_g1,b6f77b65:o0:d024:transpose,0,1790596271756346403,e71aa0cdd1e5b3c30932b514c94a37435c233581b36ad46c2702f4504f4c269e,998199cd5018aae34658857cea31f7b04c0351b535764d863670dae9dfbe9f9b
/workspace/arc2/active_runs/eval60_v5_vs_greedy_4worker_v1/tmp/b6f77b65/d024/o00_g1.json,98d07934b721a4e088e21e3957f0958d61a8e1246a34cc0a8d2f15043b55f9eb,4712900,b6f77b65,0,24,anti_transpose,c74dc3647758a1d0b21e147938c7bd09d6c9ebce8249b82b8259bcfc5a727cdf,e5beec92c9992930f4d6b468db1806ee2f3b9224e13179af7d4e8bb5897148e0,INDEPENDENT_FAST_2_PER_GPU,FAST_PASS,fast2,,2,2,284,285,284,52,16.93273806013167,search_exhausted,,,,o00_g1,b6f77b65:o0:d024:anti_transpose,1,1790596271756346403,c8a29a2deb607df7659033ff1fe4e22dccc6513944f3b46158b08875a38310c1,a7081f78974790ebdaa3d8de3d630f14df9456ac386727ab1a2847e4e5e50cd0
/workspace/arc2/active_runs/eval60_v5_vs_greedy_4worker_v1/tmp/b6f77b65/d024/o01_g0.json,1a4e4b82bd13106634088563f84a259cf5ded14dba798e9a132632b5bab22d3f,3972977,b6f77b65,1,24,identity,c74dc3647758a1d0b21e147938c7bd09d6c9ebce8249b82b8259bcfc5a727cdf,e5beec92c9992930f4d6b468db1806ee2f3b9224e13179af7d4e8bb5897148e0,INDEPENDENT_FAST_2_PER_GPU,FAST_PASS,fast3,,2,2,282,283,282,119,18.004839720204473,search_exhausted,,,,o01_g0,b6f77b65:o1:d024:identity,0,1790596278528306199,b2a9cd22a5e12c7bc5c97ae5c8f8fdaeb5ced79704a4dcc3abef9d409923d9fc,3439eb9f0df08b798d19eb046d63fe761b3abc17e41c11d0faf0a64843f0ec0a
/workspace/arc2/active_runs/eval60_v5_vs_greedy_4worker_v1/tmp/b6f77b65/d024/o01_g0.json,1a4e4b82bd13106634088563f84a259cf5ded14dba798e9a132632b5bab22d3f,3972977,b6f77b65,1,24,flip_ud,c74dc3647758a1d0b21e147938c7bd09d6c9ebce8249b82b8259bcfc5a727cdf,e5beec92c9992930f4d6b468db1806ee2f3b9224e13179af7d4e8bb5897148e0,INDEPENDENT_FAST_2_PER_GPU,FAST_PASS,fast0,,2,2,308,309,308,127,17.94562340155244,search_exhausted,,,,o01_g0,b6f77b65:o1:d024:flip_ud,1,1790596278528306199,66dbfdbbac5aef7ef9ab48ca79fc0dcceb39fcedad3e9f7db7200f3ae48ac4ff,bb408937b861a56bd6d2bedbef7d937528bc8ab08361a2a905ef418f6f820b81
/workspace/arc2/active_runs/eval60_v5_vs_greedy_4worker_v1/tmp/b6f77b65/d024/o01_g1.json,497c4451dcb500b096055087b4c61d5a7493c27a53ec6ae70e095ba261ceea6c,3824331,b6f77b65,1,24,transpose,c74dc3647758a1d0b21e147938c7bd09d6c9ebce8249b82b8259bcfc5a727cdf,e5beec92c9992930f4d6b468db1806ee2f3b9224e13179af7d4e8bb5897148e0,INDEPENDENT_FAST_2_PER_GPU,FAST_PASS,fast2,,2,2,280,281,280,185,16.598353046923876,search_exhausted,,,,o01_g1,b6f77b65:o1:d024:transpose,0,1790596291957268638,e6becb918e9136a9e3122ae9cf6a55ad745d868668f2fbb84f88caf94558d531,f7b22006ceec238d0aa0945745c979bc546ea69490bba3069e9b44abf4651546
/workspace/arc2/active_runs/eval60_v5_vs_greedy_4worker_v1/tmp/b6f77b65/d024/o01_g1.json,497c4451dcb500b096055087b4c61d5a7493c27a53ec6ae70e095ba261ceea6c,3824331,b6f77b65,1,24,anti_transpose,c74dc3647758a1d0b21e147938c7bd09d6c9ebce8249b82b8259bcfc5a727cdf,e5beec92c9992930f4d6b468db1806ee2f3b9224e13179af7d4e8bb5897148e0,INDEPENDENT_FAST_2_PER_GPU,FAST_PASS,fast3,,2,2,284,285,284,39,17.59356751292944,search_exhausted,,,,o01_g1,b6f77b65:o1:d024:anti_transpose,1,1790596291957268638,0c7a9bae44eccfe7e7c7d1ece463dc70ee2bf0ff6eae4c01dd73b5e85cb6b3ab,4d89d221856f6e6ae709c53d649e6a904af966119a9167f3c95104ae253cb30a
/workspace/arc2/active_runs/eval60_v5_vs_greedy_4worker_v1/tmp/b6f77b65/d024/o02_g0.json,18a404ca309f2f34141b4b292abc155240c087372772834e71d10f81165b2deb,4122681,b6f77b65,2,24,identity,c74dc3647758a1d0b21e147938c7bd09d6c9ebce8249b82b8259bcfc5a727cdf,e5beec92c9992930f4d6b468db1806ee2f3b9224e13179af7d4e8bb5897148e0,INDEPENDENT_FAST_2_PER_GPU,FAST_PASS,fast0,,2,2,282,283,282,187,16.30120308510959,search_exhausted,,,,o02_g0,b6f77b65:o2:d024:identity,0,1790596306743533564,0b540b2d9e46e3b144ba4ddb76dca452231bf98de81ff0f2958fd20ab0b87a1c,a3a3c1a6ef0baa1d1585246ac5cc6442c80322efd4a19bacbc50f45d76e5b637
/workspace/arc2/active_runs/eval60_v5_vs_greedy_4worker_v1/tmp/b6f77b65/d024/o02_g0.json,18a404ca309f2f34141b4b292abc155240c087372772834e71d10f81165b2deb,4122681,b6f77b65,2,24,flip_ud,c74dc3647758a1d0b21e147938c7bd09d6c9ebce8249b82b8259bcfc5a727cdf,e5beec92c9992930f4d6b468db1806ee2f3b9224e13179af7d4e8bb5897148e0,INDEPENDENT_FAST_2_PER_GPU,FAST_PASS,fast2,,2,2,308,309,308,257,18.166832135990262,search_exhausted,,,,o02_g0,b6f77b65:o2:d024:flip_ud,1,1790596306743533564,d74ae39ffd2887e386bce3428eee39b421d1379f547c3b6f91cb3c4144204e35,aa1b50e00a229455ad0a37493a4944562237e5abc3f47abe5760d8014f787213
/workspace/arc2/active_runs/eval60_v5_vs_greedy_4worker_v1/tmp/b6f77b65/d024/o02_g1.json,bdb81cff660f5cc66be1ac11f8328e7c4e908c01db6f3cea69195719c2147fdf,3887319,b6f77b65,2,24,transpose,c74dc3647758a1d0b21e147938c7bd09d6c9ebce8249b82b8259bcfc5a727cdf,e5beec92c9992930f4d6b468db1806ee2f3b9224e13179af7d4e8bb5897148e0,INDEPENDENT_FAST_2_PER_GPU,FAST_PASS,fast3,,2,2,282,283,282,113,17.463453993201256,search_exhausted,,,,o02_g1,b6f77b65:o2:d024:transpose,0,1790596311264151453,ca9729e2a8e6e2ae02b34e1434bc59c109615399783ffbdc769d1549a163740b,b7465c00d9f9832cdbc21ddc61d2a75d7c4596ef51e9e152ebfec2e1ed27a5c3
/workspace/arc2/active_runs/eval60_v5_vs_greedy_4worker_v1/tmp/b6f77b65/d024/o02_g1.json,bdb81cff660f5cc66be1ac11f8328e7c4e908c01db6f3cea69195719c2147fdf,3887319,b6f77b65,2,24,anti_transpose,c74dc3647758a1d0b21e147938c7bd09d6c9ebce8249b82b8259bcfc5a727cdf,e5beec92c9992930f4d6b468db1806ee2f3b9224e13179af7d4e8bb5897148e0,INDEPENDENT_FAST_2_PER_GPU,FAST_PASS,fast0,,2,2,281,282,281,190,16.22821931913495,search_exhausted,,,,o02_g1,b6f77b65:o2:d024:anti_transpose,1,1790596311264151453,c4f970a6441a4ecf54d028747fdf6dca7a212e414fe49d0ace440fbffc3d7349,ce60f72c3b55996d112679202f592d97e3bf943675607307b70a1dd762d56de2
/workspace/arc2/active_runs/eval60_v5_vs_greedy_4worker_v1/tmp/b6f77b65/d048/o00_g0.json,f0e6c35ac1b91655fc8063071b566f78752eb2c2b5f9f5b9627ae549abebf3a5,3862226,b6f77b65,0,48,identity,4ce47194326dcbc3f561c90b5d5e7b0036d51a313078aa70d9a735fff7bb9386,e5beec92c9992930f4d6b468db1806ee2f3b9224e13179af7d4e8bb5897148e0,INDEPENDENT_FAST_2_PER_GPU,FAST_PASS,fast2,,2,2,282,283,282,196,16.677109476178885,search_exhausted,,,,o00_g0,b6f77b65:o0:d048:identity,0,1790596385319603203,fdea46b3410b13c60c29f4877fabec50380d897db3735c39827956ec4543a120,6f91ad90c4767e3f27c275040e270d7a7f1a39bd465e6bea58cff2602aeae52d
/workspace/arc2/active_runs/eval60_v5_vs_greedy_4worker_v1/tmp/b6f77b65/d048/o00_g0.json,f0e6c35ac1b91655fc8063071b566f78752eb2c2b5f9f5b9627ae549abebf3a5,3862226,b6f77b65,0,48,flip_ud,4ce47194326dcbc3f561c90b5d5e7b0036d51a313078aa70d9a735fff7bb9386,e5beec92c9992930f4d6b468db1806ee2f3b9224e13179af7d4e8bb5897148e0,INDEPENDENT_FAST_2_PER_GPU,FAST_PASS,fast3,,2,2,303,304,303,0,18.63119177147746,search_exhausted,,,,o00_g0,b6f77b65:o0:d048:flip_ud,1,1790596385319603203,7f8fa2eaea223ecdcf35ab9317e8eceb9c352adbc5923a595437356d0fe1ebb8,b90f7aa6c9dcdda507c9c122737b3dd1b2c1d23af4d64ae42e41ec8d4641b7b3
/workspace/arc2/active_runs/eval60_v5_vs_greedy_4worker_v1/tmp/b6f77b65/d048/o00_g1.json,89ff534b6546316055b1241a88ad29b9330fad646a111be4df7dee9159a916b4,3707867,b6f77b65,0,48,transpose,4ce47194326dcbc3f561c90b5d5e7b0036d51a313078aa70d9a735fff7bb9386,e5beec92c9992930f4d6b468db1806ee2f3b9224e13179af7d4e8bb5897148e0,INDEPENDENT_FAST_2_PER_GPU,FAST_PASS,fast0,,2,2,280,281,280,109,16.49899204261601,search_exhausted,,,,o00_g1,b6f77b65:o0:d048:transpose,0,1790596400777308838,4972b43b2f725d2aca2e32366ce0cc0c38ad7b41c782f03cbbb1adecc10ce40f,b4956e0ffe27f8e9ad06f3c38dad144a63fb2bd50fa47ded6408b03c51246d3a
/workspace/arc2/active_runs/eval60_v5_vs_greedy_4worker_v1/tmp/b6f77b65/d048/o00_g1.json,89ff534b6546316055b1241a88ad29b9330fad646a111be4df7dee9159a916b4,3707867,b6f77b65,0,48,anti_transpose,4ce47194326dcbc3f561c90b5d5e7b0036d51a313078aa70d9a735fff7bb9386,e5beec92c9992930f4d6b468db1806ee2f3b9224e13179af7d4e8bb5897148e0,INDEPENDENT_FAST_2_PER_GPU,FAST_PASS,fast0,,2,2,284,285,284,0,16.36286397278309,search_exhausted,,,,o00_g1,b6f77b65:o0:d048:anti_transpose,1,1790596400777308838,b71a4425541fd1c5e6cba2f5681fc6936edfe43e00415abc94207da2b8bc828d,0b6042bd365fc4de5680979f06b91a48ea48e9aba0d21847d7d738e2b0de0af3
/workspace/arc2/active_runs/eval60_v5_vs_greedy_4worker_v1/tmp/b6f77b65/d048/o01_g0.json,6b939d09d1b077156e233687a511dd354e7360edc62a6ed14c5bfebaaaa2f8bc,3873286,b6f77b65,1,48,identity,4ce47194326dcbc3f561c90b5d5e7b0036d51a313078aa70d9a735fff7bb9386,e5beec92c9992930f4d6b468db1806ee2f3b9224e13179af7d4e8bb5897148e0,INDEPENDENT_FAST_2_PER_GPU,FAST_PASS,fast2,,2,2,282,283,282,215,16.952267421409488,search_exhausted,,,,o01_g0,b6f77b65:o1:d048:identity,0,1790596404007384843,8f5794afcf6563c8b033bb0c06e79338450c41acfcc4baf394879745da3e7d6d,1cd729c9828591a6ce8decb947ffc61fcb04ed7764f7891ddeb9af6805823200
/workspace/arc2/active_runs/eval60_v5_vs_greedy_4worker_v1/tmp/b6f77b65/d048/o01_g0.json,6b939d09d1b077156e233687a511dd354e7360edc62a6ed14c5bfebaaaa2f8bc,3873286,b6f77b65,1,48,flip_ud,4ce47194326dcbc3f561c90b5d5e7b0036d51a313078aa70d9a735fff7bb9386,e5beec92c9992930f4d6b468db1806ee2f3b9224e13179af7d4e8bb5897148e0,INDEPENDENT_FAST_2_PER_GPU,FAST_PASS,fast3,,2,2,303,304,303,0,18.55301628820598,search_exhausted,,,,o01_g0,b6f77b65:o1:d048:flip_ud,1,1790596404007384843,66491ea1c927c019b8591435bba3fd664b4135eb4bfd542366ea4ebc4bd5db31,1800dbcc780a408929e2baa96f984089787dd38fe068c759f6da4e71ba764301
/workspace/arc2/active_runs/eval60_v5_vs_greedy_4worker_v1/tmp/b6f77b65/d048/o01_g1.json,8a0fac4faa6413c5a6832077da6fa11e07e119096c06e85c686145a3c3c60727,4493110,b6f77b65,1,48,transpose,4ce47194326dcbc3f561c90b5d5e7b0036d51a313078aa70d9a735fff7bb9386,e5beec92c9992930f4d6b468db1806ee2f3b9224e13179af7d4e8bb5897148e0,INDEPENDENT_FAST_2_PER_GPU,FAST_PASS,fast0,,3,3,392,393,392,223,22.43916840851307,search_exhausted,,,,o01_g1,b6f77b65:o1:d048:transpose,0,1790596423356288008,4b0876d77ab59ba04ab04847e288cac7527bfa57aea5183aeed46ec02383bba5,c361d14002c2a63b3f963ff99ebb0477cba662f422765458141c8661eaab35eb
/workspace/arc2/active_runs/eval60_v5_vs_greedy_4worker_v1/tmp/b6f77b65/d048/o01_g1.json,8a0fac4faa6413c5a6832077da6fa11e07e119096c06e85c686145a3c3c60727,4493110,b6f77b65,1,48,anti_transpose,4ce47194326dcbc3f561c90b5d5e7b0036d51a313078aa70d9a735fff7bb9386,e5beec92c9992930f4d6b468db1806ee2f3b9224e13179af7d4e8bb5897148e0,INDEPENDENT_FAST_2_PER_GPU,FAST_PASS,fast2,,2,2,284,285,284,0,16.72680756635964,search_exhausted,,,,o01_g1,b6f77b65:o1:d048:anti_transpose,1,1790596423356288008,873980c863c8dfa184d8e2ceb7cc9b223dcdcb4a8a8692480a062c2ed46b3b6d,c85c2e5f603d71c12551d4c71f3639d9cbb2339ab6377576d6a34d1aaa0072c7
/workspace/arc2/active_runs/eval60_v5_vs_greedy_4worker_v1/tmp/b6f77b65/d048/o02_g0.json,dc742c776c3709afacded9c1f589c8409d9034f06fd9ce745efee25388f268c4,4636494,b6f77b65,2,48,identity,4ce47194326dcbc3f561c90b5d5e7b0036d51a313078aa70d9a735fff7bb9386,e5beec92c9992930f4d6b468db1806ee2f3b9224e13179af7d4e8bb5897148e0,INDEPENDENT_FAST_2_PER_GPU,FAST_PASS,fast3,,3,3,370,371,370,291,22.96326563693583,search_exhausted,,,,o02_g0,b6f77b65:o2:d048:identity,0,1790596436041165866,40151981672ff111407c7ecf35b94a160d088dbde3798ba6ad16545b51758947,bf671d72a0f0a7d21bc408ef4236b40e7fca2582c65eab27d3b3cc9f3a3397dd
/workspace/arc2/active_runs/eval60_v5_vs_greedy_4worker_v1/tmp/b6f77b65/d048/o02_g0.json,dc742c776c3709afacded9c1f589c8409d9034f06fd9ce745efee25388f268c4,4636494,b6f77b65,2,48,flip_ud,4ce47194326dcbc3f561c90b5d5e7b0036d51a313078aa70d9a735fff7bb9386,e5beec92c9992930f4d6b468db1806ee2f3b9224e13179af7d4e8bb5897148e0,INDEPENDENT_FAST_2_PER_GPU,FAST_PASS,fast2,,2,2,303,304,303,172,17.787083139643073,search_exhausted,,,,o02_g0,b6f77b65:o2:d048:flip_ud,1,1790596436041165866,bc3c3f9a21fb0233a6fa028ed7024f30ac15bc98d0a3bc4c60d1a419cc4df721,87d48fa042bbaa1274c3dd753c4f84faf3052fa588d3754d5a0f77c3c289e0a0
/workspace/arc2/active_runs/eval60_v5_vs_greedy_4worker_v1/tmp/b6f77b65/d048/o02_g1.json,2765fa3e5c9d63a0d342f70dce0b9fa71ae9686aceb4fadc6e6ef68d8bf068ab,4927519,b6f77b65,2,48,transpose,4ce47194326dcbc3f561c90b5d5e7b0036d51a313078aa70d9a735fff7bb9386,e5beec92c9992930f4d6b468db1806ee2f3b9224e13179af7d4e8bb5897148e0,INDEPENDENT_FAST_2_PER_GPU,FAST_PASS,fast0,,3,3,424,425,424,355,24.307674646377563,search_exhausted,,,,o02_g1,b6f77b65:o2:d048:transpose,0,1790596448176299548,a43f5369438baf4ac543487aea3a9004399112e09c9ba8dd4692d33feab0f037,b2a315557eb4a1a2db97e09e0085cce2f7b49cc3343dbb44163583257f7667c1
/workspace/arc2/active_runs/eval60_v5_vs_greedy_4worker_v1/tmp/b6f77b65/d048/o02_g1.json,2765fa3e5c9d63a0d342f70dce0b9fa71ae9686aceb4fadc6e6ef68d8bf068ab,4927519,b6f77b65,2,48,anti_transpose,4ce47194326dcbc3f561c90b5d5e7b0036d51a313078aa70d9a735fff7bb9386,e5beec92c9992930f4d6b468db1806ee2f3b9224e13179af7d4e8bb5897148e0,INDEPENDENT_FAST_2_PER_GPU,FAST_PASS,fast3,,2,2,281,282,281,164,17.2339907027781,search_exhausted,,,,o02_g1,b6f77b65:o2:d048:anti_transpose,1,1790596448176299548,e0a371fa3b4e7f3608addb8a9d72a717c27e6c524ff29842ad87485f3ed001b1,738f00b3054b88826120863b23fe860e6ebc655336a5269c330d91277dcec194
/workspace/arc2/active_runs/eval60_v5_vs_greedy_4worker_v1/tmp/b99e7126/d012/o00_g0.json,c4233c392374e658eb66d55307409296e8b85621acce93a791d1212b868af12e,17404615,b99e7126,0,12,identity,3dd3bbbf87e6f96d58ccf8a22cae25c0d733b20c621a11c3535968378544f6f3,e5beec92c9992930f4d6b468db1806ee2f3b9224e13179af7d4e8bb5897148e0,INDEPENDENT_FAST_2_PER_GPU,FAST_PASS,fast0,,2,2,1458,1459,1458,0,87.32094164378941,search_exhausted,,,,o00_g0,b99e7126:o0:d012:identity,0,1790598498000000000,fa07572a69f374f794ae32fa9d180cdaadf8228490d651ed67a4ca163cdcae74,77fc0edadc793b537d7af6d246545c2ded662cc0393c891de98ceaed9928f89f
/workspace/arc2/active_runs/eval60_v5_vs_greedy_4worker_v1/tmp/b99e7126/d012/o00_g0.json,c4233c392374e658eb66d55307409296e8b85621acce93a791d1212b868af12e,17404615,b99e7126,0,12,flip_ud,3dd3bbbf87e6f96d58ccf8a22cae25c0d733b20c621a11c3535968378544f6f3,e5beec92c9992930f4d6b468db1806ee2f3b9224e13179af7d4e8bb5897148e0,INDEPENDENT_SINGLE_PER_GPU_REPAIR,HEAVY_REPAIR,heavy0_serial,,2,2,1331,1332,1331,351,79.24935390613973,search_exhausted,,,,o00_g0,b99e7126:o0:d012:flip_ud,1,1790598498000000000,10d39469acb8c124829bd7056225a88235ba1bedcd469f3431923c3c1274dee2,c1538fd9a462c48c5856b554a7bab7f53731fbccff5b563074515e2c24b77244
/workspace/arc2/active_runs/eval60_v5_vs_greedy_4worker_v1/tmp/b99e7126/d012/o00_g1.json,3e6fc7353b69a17ddc5c5f6dc3c36b9a752acb21eefd4a4f36d79a329831a7cd,32262020,b99e7126,0,12,transpose,3dd3bbbf87e6f96d58ccf8a22cae25c0d733b20c621a11c3535968378544f6f3,e5beec92c9992930f4d6b468db1806ee2f3b9224e13179af7d4e8bb5897148e0,,UNKNOWN,fast2,,4,4,2736,2738,2736,2236,79.30194699764252,search_exhausted,,,,o00_g1,b99e7126:o0:d012:transpose,0,1790578346000000000,c6af5925c00407eec0d2c58d7c329ea16a14a41a5d984bdca4fed7c13b649be5,25f384379390ae5b72c5a24f648468f03b9382044893a4e6216d9d22e8dc8114
/workspace/arc2/active_runs/eval60_v5_vs_greedy_4worker_v1/tmp/b99e7126/d012/o00_g1.json,3e6fc7353b69a17ddc5c5f6dc3c36b9a752acb21eefd4a4f36d79a329831a7cd,32262020,b99e7126,0,12,anti_transpose,3dd3bbbf87e6f96d58ccf8a22cae25c0d733b20c621a11c3535968378544f6f3,e5beec92c9992930f4d6b468db1806ee2f3b9224e13179af7d4e8bb5897148e0,,UNKNOWN,fast2,,4,4,2735,2738,2735,2096,79.30194699764252,search_exhausted,,,,o00_g1,b99e7126:o0:d012:anti_transpose,1,1790578346000000000,2d2db4fa80ce9e362c63621bd24e99e878474158867942231cc9a6e9707d0042,a51067c6c5925fb4f565395c7ad9f2fd554cdaf1db6543d966567d68b1c29d64
/workspace/arc2/active_runs/eval60_v5_vs_greedy_4worker_v1/tmp/b99e7126/d024/o00_g0.json,8266add8ab8b8beabb710db421a8f510f0bba3abea18d5f734e8971729f3a700,16141930,b99e7126,0,24,identity,3a52591305dd4cdc7e0340a6e919077aec528cb5a3d9b12a2b5796be4bf0e1a8,e5beec92c9992930f4d6b468db1806ee2f3b9224e13179af7d4e8bb5897148e0,,UNKNOWN,fast0,,2,2,1458,1459,1458,234,42.41124591603875,search_exhausted,,,,o00_g0,b99e7126:o0:d024:identity,0,1790578302000000000,3cab71bd74a872aac4b0aa77befb34261b23426bc4ce1768e6642747a6fda57d,76552324d19c74b88f148189fd17c1dc39871cae8da4ea4b8fa25745c9dceec8
/workspace/arc2/active_runs/eval60_v5_vs_greedy_4worker_v1/tmp/b99e7126/d024/o00_g0.json,8266add8ab8b8beabb710db421a8f510f0bba3abea18d5f734e8971729f3a700,16141930,b99e7126,0,24,flip_ud,3a52591305dd4cdc7e0340a6e919077aec528cb5a3d9b12a2b5796be4bf0e1a8,e5beec92c9992930f4d6b468db1806ee2f3b9224e13179af7d4e8bb5897148e0,,UNKNOWN,fast0,,2,2,1457,1459,1457,589,42.41124591603875,search_exhausted,,,,o00_g0,b99e7126:o0:d024:flip_ud,1,1790578302000000000,612872fb47ca93722fa6b488f38c4e82955e4d22543a383865d97e23a6c6ba07,5fa7dc597d669581f6a1ef9b744130ade5d54d4645969ba01fa0be44ce2df701
/workspace/arc2/active_runs/eval60_v5_vs_greedy_4worker_v1/tmp/b99e7126/d024/o00_g1.json,9d8a9e08693663d7763bda5710d60d964733df200b85c4067b847eb3d6721ab3,17975600,b99e7126,0,24,transpose,3a52591305dd4cdc7e0340a6e919077aec528cb5a3d9b12a2b5796be4bf0e1a8,e5beec92c9992930f4d6b468db1806ee2f3b9224e13179af7d4e8bb5897148e0,INDEPENDENT_SINGLE_PER_GPU_REPAIR,HEAVY_REPAIR,heavy0_serial,,3,3,2039,2040,2039,0,120.18127815239131,search_exhausted,,,,o00_g1,b99e7126:o0:d024:transpose,0,1790598696000000000,51e2b0838786943df9a62e5f15664792b113cfe3d170d978fd3d152bc61093ed,edb0229285c6fd036a021742d9d1104409682b7f9b49c9475e7f0e0986934e17
/workspace/arc2/active_runs/eval60_v5_vs_greedy_4worker_v1/tmp/b99e7126/d024/o00_g1.json,9d8a9e08693663d7763bda5710d60d964733df200b85c4067b847eb3d6721ab3,17975600,b99e7126,0,24,anti_transpose,3a52591305dd4cdc7e0340a6e919077aec528cb5a3d9b12a2b5796be4bf0e1a8,e5beec92c9992930f4d6b468db1806ee2f3b9224e13179af7d4e8bb5897148e0,INDEPENDENT_SINGLE_PER_GPU_REPAIR,HEAVY_REPAIR,heavy0_serial,,1,1,869,870,869,0,52.18374787643552,search_exhausted,,,,o00_g1,b99e7126:o0:d024:anti_transpose,1,1790598696000000000,c12fa37ddb79d71c63dc7b6dc1e4d533f7c429e1c47622beb800cd0d850eef43,41f7cb926a82e6fbab040f43345bd12ff7ef990555e1d2d58dc0297d2fd2f3a6
/workspace/arc2/active_runs/eval60_v5_vs_greedy_4worker_v1/tmp/b99e7126/d048/o00_g0.json,73ffadabbd91982f9aa475f991678993e8376b43bfe529176bae7a76303b2d61,9278561,b99e7126,0,48,identity,abf1373d4b7876253e6cb0986f74663f52fb30497664bbc427f253813552871e,e5beec92c9992930f4d6b468db1806ee2f3b9224e13179af7d4e8bb5897148e0,,UNKNOWN,fast0,,1,1,869,870,869,0,26.06616384256631,search_exhausted,,,,o00_g0,b99e7126:o0:d048:identity,0,1790578431000000000,82331eaf1bc5bae3062a07079eef01cdf3ca03711db93c2b3409d7f08d00c117,1a70ca7d467bde6a57153dbf531047f112d03c55e73330b4b9af39fd25cc1051
/workspace/arc2/active_runs/eval60_v5_vs_greedy_4worker_v1/tmp/b99e7126/d048/o00_g0.json,73ffadabbd91982f9aa475f991678993e8376b43bfe529176bae7a76303b2d61,9278561,b99e7126,0,48,flip_ud,abf1373d4b7876253e6cb0986f74663f52fb30497664bbc427f253813552871e,e5beec92c9992930f4d6b468db1806ee2f3b9224e13179af7d4e8bb5897148e0,,UNKNOWN,fast0,,1,1,869,870,869,0,26.06616384256631,search_exhausted,,,,o00_g0,b99e7126:o0:d048:flip_ud,1,1790578431000000000,d12b8aa5243171cd5692737dde036f01e090ffefb53aba1932aa17f978a56d7a,f9dfd5b0dcb87da07d30095e50ccae40f9e829c5498b4a48b1fc7fe362f74f98
/workspace/arc2/active_runs/eval60_v5_vs_greedy_4worker_v1/tmp/b99e7126/d048/o00_g1.json,44b299232a0649844b2f7238f2463ee2a122a845c51eaa1c1ebb2aa0f391a65e,14550951,b99e7126,0,48,transpose,abf1373d4b7876253e6cb0986f74663f52fb30497664bbc427f253813552871e,e5beec92c9992930f4d6b468db1806ee2f3b9224e13179af7d4e8bb5897148e0,,UNKNOWN,fast2,,2,2,1334,1336,1334,466,39.165467790327966,search_exhausted,,,,o00_g1,b99e7126:o0:d048:transpose,0,1790578457000000000,633c44fb819c38d82a0350bb84e34fa5d181f228c44db8cbb744e79b941d0d06,4d711f3beb7e6b9ce7bedf22a5a4591c586be623ac3fca92c159ef26d68e9905
/workspace/arc2/active_runs/eval60_v5_vs_greedy_4worker_v1/tmp/b99e7126/d048/o00_g1.json,44b299232a0649844b2f7238f2463ee2a122a845c51eaa1c1ebb2aa0f391a65e,14550951,b99e7126,0,48,anti_transpose,abf1373d4b7876253e6cb0986f74663f52fb30497664bbc427f253813552871e,e5beec92c9992930f4d6b468db1806ee2f3b9224e13179af7d4e8bb5897148e0,,UNKNOWN,fast2,,2,2,1335,1336,1335,0,39.165467790327966,search_exhausted,,,,o00_g1,b99e7126:o0:d048:anti_transpose,1,1790578457000000000,78fc599cc50fbcdc93cdbc3e20afd4078ab33fcd19d397d3474d511625db97a5,97f7041936daffeeec6c3bf263aa53cfe4c7eff7f96b8685622c8212f15c42c2
/workspace/arc2/active_runs/eval60_v5_vs_greedy_4worker_v1/tmp/c4d067a0/d012/o00_g0.json,931d1fd7242cdcde508474cc83d42837937d518fa6e353c16cf5323827cef013,16256223,c4d067a0,0,12,identity,b3846dc41df61cb603496367b1f8df71bbaeed678566d618827efbe20e1d4c50,e5beec92c9992930f4d6b468db1806ee2f3b9224e13179af7d4e8bb5897148e0,,UNKNOWN,fast2,,3,3,1371,1372,1371,577,40.07834171783179,search_exhausted,,,,o00_g0,c4d067a0:o0:d012:identity,0,1790579675000000000,a9b9eea71266f4884103013a3c2eb28dfe12bd77e4ba9362e89a77ceb4481d0f,82a2bf91b37360f1c4a0d221d0df29e19d21c353abc861a64a389b2301e403f0
/workspace/arc2/active_runs/eval60_v5_vs_greedy_4worker_v1/tmp/c4d067a0/d012/o00_g0.json,931d1fd7242cdcde508474cc83d42837937d518fa6e353c16cf5323827cef013,16256223,c4d067a0,0,12,flip_ud,b3846dc41df61cb603496367b1f8df71bbaeed678566d618827efbe20e1d4c50,e5beec92c9992930f4d6b468db1806ee2f3b9224e13179af7d4e8bb5897148e0,,UNKNOWN,fast2,,3,3,1369,1372,1369,855,40.07834171783179,search_exhausted,,,,o00_g0,c4d067a0:o0:d012:flip_ud,1,1790579675000000000,e1110f5d67a79e5619188faa25c888f42dfb3db13043190d4b1b23f40708dc5d,b2e4d886620b1e0053198bffbccffee796b9491e3b70fea60016bda38c71b1d9
/workspace/arc2/active_runs/eval60_v5_vs_greedy_4worker_v1/tmp/c4d067a0/d012/o00_g1.json,5440ca316bcb2b371fa8b6cac72434e1f0570dbeec96094b0a599c95c24d2724,13823047,c4d067a0,0,12,transpose,b3846dc41df61cb603496367b1f8df71bbaeed678566d618827efbe20e1d4c50,e5beec92c9992930f4d6b468db1806ee2f3b9224e13179af7d4e8bb5897148e0,,UNKNOWN,fast0,,2,2,1141,1142,1141,749,32.63535350561142,search_exhausted,,,,o00_g1,c4d067a0:o0:d012:transpose,0,1790579702000000000,85300e2555018f306096749cc505bacc9775ac446827af5b5b1cc40d21f6bbf5,2374212b606c349142f8c5a6c402ff712f5db1744d54b7f62b674d178450f82a
/workspace/arc2/active_runs/eval60_v5_vs_greedy_4worker_v1/tmp/c4d067a0/d012/o00_g1.json,5440ca316bcb2b371fa8b6cac72434e1f0570dbeec96094b0a599c95c24d2724,13823047,c4d067a0,0,12,anti_transpose,b3846dc41df61cb603496367b1f8df71bbaeed678566d618827efbe20e1d4c50,e5beec92c9992930f4d6b468db1806ee2f3b9224e13179af7d4e8bb5897148e0,,UNKNOWN,fast0,,2,2,1140,1142,1140,979,32.63535350561142,search_exhausted,,,,o00_g1,c4d067a0:o0:d012:anti_transpose,1,1790579702000000000,8cd7b1f74bddd53b5bbdaeacbe2e52b55466832e7487cb8fbb8c1c8c78b4233c,6664008097f4ff6300bcc2dc0f3fa9919f7374da6c3389a122e2552d54c46add
/workspace/arc2/active_runs/eval60_v5_vs_greedy_4worker_v1/tmp/c4d067a0/d024/o00_g0.json,fe9c4e2329f590df1648efe9c837d38bb777c89f86c6b2bcf9e5394560d45394,21217186,c4d067a0,0,24,identity,a2bd2c787998746e4f4dfed788bc3fb3b7c910aafd41bd6c1e457ed2d51291e2,e5beec92c9992930f4d6b468db1806ee2f3b9224e13179af7d4e8bb5897148e0,,UNKNOWN,fast2,,3,3,1818,1820,1818,688,52.3672543996945,search_exhausted,,,,o00_g0,c4d067a0:o0:d024:identity,0,1790579798000000000,b70ab372fb0312809ddf6d8bcea74f79baf100c46fa01227829187da2260db79,38f35d9943cd683c36b6c7a5e1d2d7f2815e7c7fa7475934f20d5b61e8694e68
/workspace/arc2/active_runs/eval60_v5_vs_greedy_4worker_v1/tmp/c4d067a0/d024/o00_g0.json,fe9c4e2329f590df1648efe9c837d38bb777c89f86c6b2bcf9e5394560d45394,21217186,c4d067a0,0,24,flip_ud,a2bd2c787998746e4f4dfed788bc3fb3b7c910aafd41bd6c1e457ed2d51291e2,e5beec92c9992930f4d6b468db1806ee2f3b9224e13179af7d4e8bb5897148e0,,UNKNOWN,fast2,,3,3,1818,1820,1818,1410,52.3672543996945,search_exhausted,,,,o00_g0,c4d067a0:o0:d024:flip_ud,1,1790579798000000000,9a55157e141bcf44353422337d35c044bcfa67e54e0b62c829249c5a25180290,998a9c4643cad29af122a4220170aaf40de4ea2d8581e0d933b8be6db3659b61
/workspace/arc2/active_runs/eval60_v5_vs_greedy_4worker_v1/tmp/c4d067a0/d024/o00_g1.json,68f84384f021b9c26c2ec0013a89ce76ecf9f3c497bbecde13873f5f71c9509b,13201108,c4d067a0,0,24,transpose,a2bd2c787998746e4f4dfed788bc3fb3b7c910aafd41bd6c1e457ed2d51291e2,e5beec92c9992930f4d6b468db1806ee2f3b9224e13179af7d4e8bb5897148e0,,UNKNOWN,fast0,,2,2,1130,1131,1130,468,32.58148336131126,search_exhausted,,,,o00_g1,c4d067a0:o0:d024:transpose,0,1790579773000000000,0b566e4774593f7804a544d55f4ff8d830fb39363c6421765b6a83e06871754f,5ebb183f9d7b98acf1ceacbc39486c1db82a80a790cae764824f76d8f38aee71
/workspace/arc2/active_runs/eval60_v5_vs_greedy_4worker_v1/tmp/c4d067a0/d024/o00_g1.json,68f84384f021b9c26c2ec0013a89ce76ecf9f3c497bbecde13873f5f71c9509b,13201108,c4d067a0,0,24,anti_transpose,a2bd2c787998746e4f4dfed788bc3fb3b7c910aafd41bd6c1e457ed2d51291e2,e5beec92c9992930f4d6b468db1806ee2f3b9224e13179af7d4e8bb5897148e0,,UNKNOWN,fast0,,2,2,1129,1131,1129,832,32.58148336131126,search_exhausted,,,,o00_g1,c4d067a0:o0:d024:anti_transpose,1,1790579773000000000,8a851671ac6d3776b1d5cac9c49d99c773ae65d064c2fffdbd0a0a54050e76da,1fb1255a4431087d08feb613065624b16c8cc23ea7ef833bf244e87dda864177
/workspace/arc2/active_runs/eval60_v5_vs_greedy_4worker_v1/tmp/c4d067a0/d048/o00_g0.json,781e8d8c859f8b6e0a48b83a37dd3c92bd77e22b27808b9756f442fadc914a33,12192184,c4d067a0,0,48,identity,7db2d2ed7a4fb2c5a8255c40b15c08d78505e0e2739a8cbaa2dd1583dea49f93,e5beec92c9992930f4d6b468db1806ee2f3b9224e13179af7d4e8bb5897148e0,,UNKNOWN,fast0,,2,2,1077,1078,1077,0,31.284564973786473,search_exhausted,,,,o00_g0,c4d067a0:o0:d048:identity,0,1790579855000000000,c02eddb9bd1284661773c55cf4a1995e9c49efe8042c3d301ff068af2843e926,111e39943450155964bdc07857c77d36721481d41bff146aca2b75e1639a5184
/workspace/arc2/active_runs/eval60_v5_vs_greedy_4worker_v1/tmp/c4d067a0/d048/o00_g0.json,781e8d8c859f8b6e0a48b83a37dd3c92bd77e22b27808b9756f442fadc914a33,12192184,c4d067a0,0,48,flip_ud,7db2d2ed7a4fb2c5a8255c40b15c08d78505e0e2739a8cbaa2dd1583dea49f93,e5beec92c9992930f4d6b468db1806ee2f3b9224e13179af7d4e8bb5897148e0,,UNKNOWN,fast0,,2,2,1076,1078,1076,561,31.284564973786473,search_exhausted,,,,o00_g0,c4d067a0:o0:d048:flip_ud,1,1790579855000000000,03c16981b55512377221f61138f4511e6e24240c0715adb6d061f1d2036949f9,66286cfebc2d45a88c54d37ad741ecd9c1336fe3062ef3a0711406c7c092081c
/workspace/arc2/active_runs/eval60_v5_vs_greedy_4worker_v1/tmp/c4d067a0/d048/o00_g1.json,1a9abfede19d7b73415fd5e101c5b297884d5973b249e5971c3adff8ed8c7c61,8362576,c4d067a0,0,48,transpose,7db2d2ed7a4fb2c5a8255c40b15c08d78505e0e2739a8cbaa2dd1583dea49f93,e5beec92c9992930f4d6b468db1806ee2f3b9224e13179af7d4e8bb5897148e0,,UNKNOWN,fast2,,1,1,755,756,755,0,22.281546277925372,search_exhausted,,,,o00_g1,c4d067a0:o0:d048:transpose,0,1790579854000000000,3a89b731fc2816125be66d2f61f2ec7c9a98cd195e6d44829fb80bf3154a5ee0,8857f81daa922e4bf29e8b42bedb5dec3831233ae4e46d72463289b51b973876
/workspace/arc2/active_runs/eval60_v5_vs_greedy_4worker_v1/tmp/c4d067a0/d048/o00_g1.json,1a9abfede19d7b73415fd5e101c5b297884d5973b249e5971c3adff8ed8c7c61,8362576,c4d067a0,0,48,anti_transpose,7db2d2ed7a4fb2c5a8255c40b15c08d78505e0e2739a8cbaa2dd1583dea49f93,e5beec92c9992930f4d6b468db1806ee2f3b9224e13179af7d4e8bb5897148e0,,UNKNOWN,fast2,,1,1,755,756,755,0,22.281546277925372,search_exhausted,,,,o00_g1,c4d067a0:o0:d048:anti_transpose,1,1790579854000000000,336afb3192eb5993237dd7c7d0680fbcf3329bc50c9933aab46e6cc8920f624c,b68db7d27734bb6e74931069f5e8423fd47e8f46b552ae1f902feb885c9ab816
/workspace/arc2/active_runs/eval60_v5_vs_greedy_4worker_v1/tmp/c7f57c3e/d012/o00_g0.json,d96b0180c0e24dc6b56e8f336f16cabbb9cb8b7291a964b3a546441c4e00e2c5,20822687,c7f57c3e,0,12,identity,5c3b764f7cb06ee30718008c5f532fa3bfcd1bb21bb075b43bf2a1cac66156b2,e5beec92c9992930f4d6b468db1806ee2f3b9224e13179af7d4e8bb5897148e0,INDEPENDENT_FAST_2_PER_GPU,FAST_PASS,fast0,,2,2,1534,1535,1534,715,90.14775392599404,search_exhausted,,,,o00_g0,c7f57c3e:o0:d012:identity,0,1790588474000000000,9295ecc354ec92e4066ace072c3d64c37d93e821be4c2817ba2af05fcfd34bdb,8e3bc8b7568e66369985c86161b661b5c7af152222a7c41d75b6ef54991071cf
/workspace/arc2/active_runs/eval60_v5_vs_greedy_4worker_v1/tmp/c7f57c3e/d012/o00_g0.json,d96b0180c0e24dc6b56e8f336f16cabbb9cb8b7291a964b3a546441c4e00e2c5,20822687,c7f57c3e,0,12,flip_ud,5c3b764f7cb06ee30718008c5f532fa3bfcd1bb21bb075b43bf2a1cac66156b2,e5beec92c9992930f4d6b468db1806ee2f3b9224e13179af7d4e8bb5897148e0,INDEPENDENT_FAST_2_PER_GPU,FAST_PASS,fast3,,2,2,1530,1531,1530,1305,90.40459332987666,search_exhausted,,,,o00_g0,c7f57c3e:o0:d012:flip_ud,1,1790588474000000000,ada222f274ff9d40bac3e68c29d5e916cda35ce596318b45b1b59f85300c1415,0b6ff6b6aba65f6aa969615ae2df7c2e8626bbbe9688bdc12db9a25b994d6014
/workspace/arc2/active_runs/eval60_v5_vs_greedy_4worker_v1/tmp/c7f57c3e/d012/o00_g1.json,a5120f89f87a530c9bffd2bdc883e34065aba667dd5dbdb8d2b38541cdccff13,27992803,c7f57c3e,0,12,transpose,5c3b764f7cb06ee30718008c5f532fa3bfcd1bb21bb075b43bf2a1cac66156b2,e5beec92c9992930f4d6b468db1806ee2f3b9224e13179af7d4e8bb5897148e0,INDEPENDENT_FAST_2_PER_GPU,FAST_PASS,fast2,,3,3,2079,2080,2079,515,122.45550447143614,search_exhausted,,,,o00_g1,c7f57c3e:o0:d012:transpose,0,1790584073000000000,b391bd70340dcac66bb1a54071985a25ebc7693bd5b18dd82ffe6f27846bd7e9,1f57f335ab43bc120d4157e984c2c1fd09e784b92cd0a1afa32232160275b391
/workspace/arc2/active_runs/eval60_v5_vs_greedy_4worker_v1/tmp/c7f57c3e/d012/o00_g1.json,a5120f89f87a530c9bffd2bdc883e34065aba667dd5dbdb8d2b38541cdccff13,27992803,c7f57c3e,0,12,anti_transpose,5c3b764f7cb06ee30718008c5f532fa3bfcd1bb21bb075b43bf2a1cac66156b2,e5beec92c9992930f4d6b468db1806ee2f3b9224e13179af7d4e8bb5897148e0,INDEPENDENT_FAST_2_PER_GPU,FAST_PASS,fast3,,3,3,2098,2099,2098,1572,125.9111011121422,search_exhausted,,,,o00_g1,c7f57c3e:o0:d012:anti_transpose,1,1790584073000000000,c56c01f49f54d056d1b7e3e5ee8f9f1a876918bcac2ec7601261ff84ab85d138,c52742cf056ca7733624bdf0b249d63fd3c29bcf0079eb2e5e2865801b41baed
/workspace/arc2/active_runs/eval60_v5_vs_greedy_4worker_v1/tmp/c7f57c3e/d024/o00_g0.json,7517b350b2a27d2f6782f30838cc78b181e37976475c6103d9b293ce6b005f41,15511298,c7f57c3e,0,24,identity,101dbf4de6c4edf15684befb0e65d5e4c2a39829e8410c6f9d123f898a296ea1,e5beec92c9992930f4d6b468db1806ee2f3b9224e13179af7d4e8bb5897148e0,INDEPENDENT_FAST_2_PER_GPU,FAST_PASS,fast1,,2,2,1591,1592,1591,599,92.21668260358274,search_exhausted,,,,o00_g0,c7f57c3e:o0:d024:identity,0,1790584047000000000,c2c0fb5d905de82a49ee99dc4c2e685d5b4906fbaa2ff4926b8efaf66c56f577,7a1159b0cda127031a372bb94e4f8f811dca98659b0e244e0b8b9d612138c070
/workspace/arc2/active_runs/eval60_v5_vs_greedy_4worker_v1/tmp/c7f57c3e/d024/o00_g0.json,7517b350b2a27d2f6782f30838cc78b181e37976475c6103d9b293ce6b005f41,15511298,c7f57c3e,0,24,flip_ud,101dbf4de6c4edf15684befb0e65d5e4c2a39829e8410c6f9d123f898a296ea1,e5beec92c9992930f4d6b468db1806ee2f3b9224e13179af7d4e8bb5897148e0,INDEPENDENT_FAST_2_PER_GPU,FAST_PASS,fast2,,1,1,811,812,811,0,47.895659076049924,search_exhausted,,,,o00_g0,c7f57c3e:o0:d024:flip_ud,1,1790584047000000000,d3b5b41f4214bf20b4913a71d9503b640a9bed7250b5e343991c5b3bbcf7b2c5,9f4d0b22713be1b1dcab0863eb007210b4834aec1be77ad9c31d1f2be6ec5b23
/workspace/arc2/active_runs/eval60_v5_vs_greedy_4worker_v1/tmp/c7f57c3e/d024/o00_g1.json,45f660ba292b56959b20ee93dff23a454e56ee6edd0e360dee20beae0d62ed14,17309000,c7f57c3e,0,24,transpose,101dbf4de6c4edf15684befb0e65d5e4c2a39829e8410c6f9d123f898a296ea1,e5beec92c9992930f4d6b468db1806ee2f3b9224e13179af7d4e8bb5897148e0,INDEPENDENT_FAST_2_PER_GPU,FAST_PASS,fast2,,2,2,1563,1564,1563,517,91.41665107943118,search_exhausted,,,,o00_g1,c7f57c3e:o0:d024:transpose,0,1790584128000000000,494b360d417f4acacdbb823409af286a17f8e1424b87d14df15425db8681c58d,89a12eb6f63299eda2c6e1ec6f5c2a0ba159512e6d6116a10ad882328c16c399
/workspace/arc2/active_runs/eval60_v5_vs_greedy_4worker_v1/tmp/c7f57c3e/d024/o00_g1.json,45f660ba292b56959b20ee93dff23a454e56ee6edd0e360dee20beae0d62ed14,17309000,c7f57c3e,0,24,anti_transpose,101dbf4de6c4edf15684befb0e65d5e4c2a39829e8410c6f9d123f898a296ea1,e5beec92c9992930f4d6b468db1806ee2f3b9224e13179af7d4e8bb5897148e0,INDEPENDENT_FAST_2_PER_GPU,FAST_PASS,fast1,,2,2,1127,1128,1127,316,65.46307613700628,search_exhausted,,,,o00_g1,c7f57c3e:o0:d024:anti_transpose,1,1790584128000000000,8607d214818f7551ede968ec25107066e21df19d22017c3335f842accd321057,d97b4c78d63f2e78c1621589facfba240d921d5d1f382aea65ba0e7a8ad902ec
/workspace/arc2/active_runs/eval60_v5_vs_greedy_4worker_v1/tmp/c7f57c3e/d048/o00_g0.json,026ff1a1d842197dc2c09e5755af79f98697c6ae90a512f9db73ef3842fbb22a,17210521,c7f57c3e,0,48,identity,04866a5de91d790fc3157b354d36d52a52725d868898a0a8b5ea1b4a89373081,e5beec92c9992930f4d6b468db1806ee2f3b9224e13179af7d4e8bb5897148e0,INDEPENDENT_FAST_2_PER_GPU,FAST_PASS,fast0,,2,2,1351,1352,1351,140,79.68299964442849,search_exhausted,,,,o00_g0,c7f57c3e:o0:d048:identity,0,1790584160000000000,01c5471c4be5625c9096060bb2e922272dc4d356ef47524361fbd7c99fe77930,2b49eb712dfde1b89cd3906ca1b621414d1d90f16ee57849a5ffc2511b639316
/workspace/arc2/active_runs/eval60_v5_vs_greedy_4worker_v1/tmp/c7f57c3e/d048/o00_g0.json,026ff1a1d842197dc2c09e5755af79f98697c6ae90a512f9db73ef3842fbb22a,17210521,c7f57c3e,0,48,flip_ud,04866a5de91d790fc3157b354d36d52a52725d868898a0a8b5ea1b4a89373081,e5beec92c9992930f4d6b468db1806ee2f3b9224e13179af7d4e8bb5897148e0,INDEPENDENT_FAST_2_PER_GPU,FAST_PASS,fast3,,2,2,1341,1342,1341,488,80.39111345261335,search_exhausted,,,,o00_g0,c7f57c3e:o0:d048:flip_ud,1,1790584160000000000,fe8ce8772aba7d892f110a8f1e0d5fe86e0b2c8bd141b79802c5c12b0067b13d,3c0def031c5b2e989c76586482e1eac74620f15528083340b6d045482e849976
/workspace/arc2/active_runs/eval60_v5_vs_greedy_4worker_v1/tmp/c7f57c3e/d048/o00_g1.json,7e7931afd861ada5c09a300f55102974578cc29f7d280ebda47b973962479e3a,17661051,c7f57c3e,0,48,transpose,04866a5de91d790fc3157b354d36d52a52725d868898a0a8b5ea1b4a89373081,e5beec92c9992930f4d6b468db1806ee2f3b9224e13179af7d4e8bb5897148e0,INDEPENDENT_FAST_2_PER_GPU,FAST_PASS,fast1,,2,2,1563,1564,1563,644,91.21298393048346,search_exhausted,,,,o00_g1,c7f57c3e:o0:d048:transpose,0,1790584213000000000,4e5b867a8fbcf29b00fafda832a4fdaa5c10c928a3a35765a9a39c192831362d,5cea862e39f9cf164eb35d7f3eb09fe7c1c27320f9ec68e25e12cf5ff94e6655
/workspace/arc2/active_runs/eval60_v5_vs_greedy_4worker_v1/tmp/c7f57c3e/d048/o00_g1.json,7e7931afd861ada5c09a300f55102974578cc29f7d280ebda47b973962479e3a,17661051,c7f57c3e,0,48,anti_transpose,04866a5de91d790fc3157b354d36d52a52725d868898a0a8b5ea1b4a89373081,e5beec92c9992930f4d6b468db1806ee2f3b9224e13179af7d4e8bb5897148e0,INDEPENDENT_FAST_2_PER_GPU,FAST_PASS,fast2,,2,2,1208,1209,1208,0,70.80254424735904,search_exhausted,,,,o00_g1,c7f57c3e:o0:d048:anti_transpose,1,1790584213000000000,1a7be2006bf19aa8b60b9e5a35c995493155d33aa9f389587980308633496d9e,c86b80d2f1f10556136387d915c9e04c3a6886e9644e8d32a1e83482aba4db2e
/workspace/arc2/active_runs/eval60_v5_vs_greedy_4worker_v1/tmp/cb2d8a2c/d012/o00_g0.json,56100138f71dde75e202174c5a3e3d4ec59c33441b32eb30098365161fbbbce5,4840481,cb2d8a2c,0,12,identity,25f6618087ae60293fc1b49e6ad992f385abb8ca48f9d1e62666f8d939f8d470,e5beec92c9992930f4d6b468db1806ee2f3b9224e13179af7d4e8bb5897148e0,INDEPENDENT_FAST_2_PER_GPU,FAST_PASS,fast3,,2,2,696,697,696,483,41.067946407943964,search_exhausted,,,,o00_g0,cb2d8a2c:o0:d012:identity,0,1790593672000000000,4b6e6385265ee60166a1e452615cc631295ed9c1966380937ed3caf094bfcd37,b1fff7408413718be00ee81807be78b1e7c078651f45ca9fbfae4ca4f95ef9e7
/workspace/arc2/active_runs/eval60_v5_vs_greedy_4worker_v1/tmp/cb2d8a2c/d012/o00_g1.json,378adbee6b7e9d7f0b4d1066fd6a65a648d2593d75034f4e10b71842482e687d,7619402,cb2d8a2c,0,12,transpose,25f6618087ae60293fc1b49e6ad992f385abb8ca48f9d1e62666f8d939f8d470,e5beec92c9992930f4d6b468db1806ee2f3b9224e13179af7d4e8bb5897148e0,INDEPENDENT_SINGLE_PER_GPU_REPAIR,HEAVY_REPAIR,heavy0_serial,,2,2,716,717,716,329,42.07100618630648,search_exhausted,,,,o00_g1,cb2d8a2c:o0:d012:transpose,0,1790605322000000000,ea9e6cecbb1b0ab446463e05e0586fb33c23edff84331825aab1540a0845782c,dbe531377d0f527abb4776337b0a683fc82b18f2688e9e3d19cc3a76f505b30a
/workspace/arc2/active_runs/eval60_v5_vs_greedy_4worker_v1/tmp/cb2d8a2c/d012/o00_g1.json,378adbee6b7e9d7f0b4d1066fd6a65a648d2593d75034f4e10b71842482e687d,7619402,cb2d8a2c,0,12,anti_transpose,25f6618087ae60293fc1b49e6ad992f385abb8ca48f9d1e62666f8d939f8d470,e5beec92c9992930f4d6b468db1806ee2f3b9224e13179af7d4e8bb5897148e0,INDEPENDENT_SINGLE_PER_GPU_REPAIR,HEAVY_REPAIR,heavy0_serial,,1,1,389,390,389,298,23.393054082989693,search_exhausted,,,,o00_g1,cb2d8a2c:o0:d012:anti_transpose,1,1790605322000000000,f8a28a1786831ad5899df111b50a77f6babed0f7e5fa980854601cdc732cd0b1,a973c65ee3e1a9ef5069287c84040d29783876faa28eefd384d2db07a1db6e44
/workspace/arc2/active_runs/eval60_v5_vs_greedy_4worker_v1/tmp/cb2d8a2c/d012/o01_g0.json,f4c6d0e36c08a8ba7921ce791eb08d258d1f56c8c09f3e3a13b42d40b16a8ff9,14024574,cb2d8a2c,1,12,identity,25f6618087ae60293fc1b49e6ad992f385abb8ca48f9d1e62666f8d939f8d470,e5beec92c9992930f4d6b468db1806ee2f3b9224e13179af7d4e8bb5897148e0,INDEPENDENT_FAST_2_PER_GPU,FAST_PASS,fast3,,3,3,1439,1440,1439,1143,83.55759662389755,search_exhausted,,,,o01_g0,cb2d8a2c:o1:d012:identity,0,1790593756000000000,d7837850c472d0497a138708e00c47e3500af031a76bb7c3c331de83b2c2f905,759726ebd81290a61014ea9c60a576b2cc61e6cd24ed1920fa713dcdec12beac
/workspace/arc2/active_runs/eval60_v5_vs_greedy_4worker_v1/tmp/cb2d8a2c/d012/o01_g0.json,f4c6d0e36c08a8ba7921ce791eb08d258d1f56c8c09f3e3a13b42d40b16a8ff9,14024574,cb2d8a2c,1,12,flip_ud,25f6618087ae60293fc1b49e6ad992f385abb8ca48f9d1e62666f8d939f8d470,e5beec92c9992930f4d6b468db1806ee2f3b9224e13179af7d4e8bb5897148e0,INDEPENDENT_FAST_2_PER_GPU,FAST_PASS,fast0,,2,2,609,610,609,194,35.41612780466676,search_exhausted,,,,o01_g0,cb2d8a2c:o1:d012:flip_ud,1,1790593756000000000,442969ab1f8e7442d50d2c6721b2ead670529470a48951d2fad31e2e75e18207,a9ec520928feae62dd32bebc8351b73dd1e08368a7abe1730598b17966fd9390
/workspace/arc2/active_runs/eval60_v5_vs_greedy_4worker_v1/tmp/cb2d8a2c/d012/o01_g1.json,c0fe2c210f6594d7bc1421aff6d3d96c8b995e1475c45a4677fa01d96cffdcc3,9452348,cb2d8a2c,1,12,transpose,25f6618087ae60293fc1b49e6ad992f385abb8ca48f9d1e62666f8d939f8d470,e5beec92c9992930f4d6b468db1806ee2f3b9224e13179af7d4e8bb5897148e0,INDEPENDENT_SINGLE_PER_GPU_REPAIR,HEAVY_REPAIR,heavy0_serial,,2,2,897,898,897,473,52.57084742933512,search_exhausted,,,,o01_g1,cb2d8a2c:o1:d012:transpose,0,1790605375000000000,d3422fba1328a3e56f035fcc4707a8e8a49660671e1bbb7e8e58962b0b0a97b0,bad67d4af8e455fc1a1f67998dfe1cfa168a2bd8d2a077ef4e3a982f0d200492
/workspace/arc2/active_runs/eval60_v5_vs_greedy_4worker_v1/tmp/cb2d8a2c/d012/o01_g1.json,c0fe2c210f6594d7bc1421aff6d3d96c8b995e1475c45a4677fa01d96cffdcc3,9452348,cb2d8a2c,1,12,anti_transpose,25f6618087ae60293fc1b49e6ad992f385abb8ca48f9d1e62666f8d939f8d470,e5beec92c9992930f4d6b468db1806ee2f3b9224e13179af7d4e8bb5897148e0,INDEPENDENT_FAST_2_PER_GPU,FAST_PASS,fast0,,1,1,479,480,479,243,27.642117520794272,search_exhausted,,,,o01_g1,cb2d8a2c:o1:d012:anti_transpose,1,1790605375000000000,b53bac295f6b8ffff495ef55c87780408362509b5037f7f23426a96d5c9126f1,40303a6fcbc8abde63ad6a506aa2336d924c8b112e7b4a2d623b1d754b7c19ea
/workspace/arc2/active_runs/eval60_v5_vs_greedy_4worker_v1/tmp/cb2d8a2c/d024/o00_g0.json,647f6e0a4f318279b8ea02d320f1f176d244606e4e6beea936aab98d688b501a,4843808,cb2d8a2c,0,24,identity,3755412acb672eebd71d4a67e005c800a33bba7ba621b6e1044d27b3aebfddf2,e5beec92c9992930f4d6b468db1806ee2f3b9224e13179af7d4e8bb5897148e0,INDEPENDENT_SINGLE_PER_GPU_REPAIR,HEAVY_REPAIR,heavy0_serial,,1,1,377,378,377,0,22.652814595028758,search_exhausted,,,,o00_g0,cb2d8a2c:o0:d024:identity,0,1790605418459428453,7c2e160e61c3796070a96747741c6d8712efb47d2de158614ac5fa4f6f369939,27073fe4c60a39872fcd6454b16bc6533f121ee8bd5c394172d886893c8d7cc3
/workspace/arc2/active_runs/eval60_v5_vs_greedy_4worker_v1/tmp/cb2d8a2c/d024/o00_g0.json,647f6e0a4f318279b8ea02d320f1f176d244606e4e6beea936aab98d688b501a,4843808,cb2d8a2c,0,24,flip_ud,3755412acb672eebd71d4a67e005c800a33bba7ba621b6e1044d27b3aebfddf2,e5beec92c9992930f4d6b468db1806ee2f3b9224e13179af7d4e8bb5897148e0,INDEPENDENT_FAST_2_PER_GPU,FAST_PASS,fast0,,1,1,377,378,377,0,21.875904381275177,search_exhausted,,,,o00_g0,cb2d8a2c:o0:d024:flip_ud,1,1790605418459428453,ba4d537708364aead6bf52d4d5389e45ed7b818e27838c25732a6ed5481419dc,b4d6f1e9c75834aabdc075fdba217be423b04d7cbb18f6a916d61553050f83aa
/workspace/arc2/active_runs/eval60_v5_vs_greedy_4worker_v1/tmp/cb2d8a2c/d024/o00_g1.json,897955857ac475b66b8ba73c81133f465f9fc78db1959f037b747bb7d92890ba,11441076,cb2d8a2c,0,24,transpose,3755412acb672eebd71d4a67e005c800a33bba7ba621b6e1044d27b3aebfddf2,e5beec92c9992930f4d6b468db1806ee2f3b9224e13179af7d4e8bb5897148e0,INDEPENDENT_FAST_2_PER_GPU,FAST_PASS,fast3,,2,2,700,701,700,212,40.46684459596872,search_exhausted,,,,o00_g1,cb2d8a2c:o0:d024:transpose,0,1790593830000000000,53a0259426f177162b976139a5e401e8b9b192b02ddd6e5906f7698257f94fca,de072404cbe3922fae77a368cb2b069a904a94a59f9119e9e74fc3ac6ca1f525
/workspace/arc2/active_runs/eval60_v5_vs_greedy_4worker_v1/tmp/cb2d8a2c/d024/o00_g1.json,897955857ac475b66b8ba73c81133f465f9fc78db1959f037b747bb7d92890ba,11441076,cb2d8a2c,0,24,anti_transpose,3755412acb672eebd71d4a67e005c800a33bba7ba621b6e1044d27b3aebfddf2,e5beec92c9992930f4d6b468db1806ee2f3b9224e13179af7d4e8bb5897148e0,INDEPENDENT_FAST_2_PER_GPU,FAST_PASS,fast0,,3,3,999,1000,999,647,57.856671972200274,search_exhausted,,,,o00_g1,cb2d8a2c:o0:d024:anti_transpose,1,1790593830000000000,c0c88dbcbea8f89ebf8955d587955e5479dcb2ec2ebc2cc84b822c99d9c65bb8,4289389f49f9a443d93e51d4f090cfc3e592452ac6a3b9bbbe12e8c5bd52c70c
/workspace/arc2/active_runs/eval60_v5_vs_greedy_4worker_v1/tmp/cb2d8a2c/d024/o01_g0.json,2aa04bf38ed92709332302bc39d506e97254a879724efa8008e4641bc4a4465d,11779169,cb2d8a2c,1,24,identity,3755412acb672eebd71d4a67e005c800a33bba7ba621b6e1044d27b3aebfddf2,e5beec92c9992930f4d6b468db1806ee2f3b9224e13179af7d4e8bb5897148e0,INDEPENDENT_SINGLE_PER_GPU_REPAIR,HEAVY_REPAIR,heavy0_serial,,2,2,965,966,965,382,56.444594068452716,search_exhausted,,,,o01_g0,cb2d8a2c:o1:d024:identity,0,1790605478000000000,1d3e0f17609fa4406f0f5a9b211f4c3e4ddd9ee4f3584463cbc82d23655cfd74,4064958ce1ba4a3f9bf040586d6bc4a3b39b3b0f5160a0f1b61b3038a2abb85d
/workspace/arc2/active_runs/eval60_v5_vs_greedy_4worker_v1/tmp/cb2d8a2c/d024/o01_g0.json,2aa04bf38ed92709332302bc39d506e97254a879724efa8008e4641bc4a4465d,11779169,cb2d8a2c,1,24,flip_ud,3755412acb672eebd71d4a67e005c800a33bba7ba621b6e1044d27b3aebfddf2,e5beec92c9992930f4d6b468db1806ee2f3b9224e13179af7d4e8bb5897148e0,INDEPENDENT_FAST_2_PER_GPU,FAST_PASS,fast3,,2,2,827,828,827,267,48.10412811115384,search_exhausted,,,,o01_g0,cb2d8a2c:o1:d024:flip_ud,1,1790605478000000000,17838897b0d2fbada6eb4748aad41b5eac336fe9ef79e17e54327aea9537570f,49496acc50790767b1c4e6ccb6408bdaf11f6db4cd54b50720d6afef28cd3aca
/workspace/arc2/active_runs/eval60_v5_vs_greedy_4worker_v1/tmp/cb2d8a2c/d024/o01_g1.json,82ad2026652d308400782253648c56f1c23b99ba62738aaf96e7598bf1356236,8955504,cb2d8a2c,1,24,transpose,3755412acb672eebd71d4a67e005c800a33bba7ba621b6e1044d27b3aebfddf2,e5beec92c9992930f4d6b468db1806ee2f3b9224e13179af7d4e8bb5897148e0,INDEPENDENT_SINGLE_PER_GPU_REPAIR,HEAVY_REPAIR,heavy0_serial,,2,2,897,898,897,234,53.154325196519494,search_exhausted,,,,o01_g1,cb2d8a2c:o1:d024:transpose,0,1790605532000000000,d0d3fa9c1db11da1a68566d56cc717f5939b73c5769b79e60db1007811e056f5,bdbbbe60db023c8b478f361975cfc7a210c5771d20f796685915787f0f982f4e
/workspace/arc2/active_runs/eval60_v5_vs_greedy_4worker_v1/tmp/cb2d8a2c/d024/o01_g1.json,82ad2026652d308400782253648c56f1c23b99ba62738aaf96e7598bf1356236,8955504,cb2d8a2c,1,24,anti_transpose,3755412acb672eebd71d4a67e005c800a33bba7ba621b6e1044d27b3aebfddf2,e5beec92c9992930f4d6b468db1806ee2f3b9224e13179af7d4e8bb5897148e0,INDEPENDENT_FAST_2_PER_GPU,FAST_PASS,fast0,,1,1,479,480,479,0,28.20361234433949,search_exhausted,,,,o01_g1,cb2d8a2c:o1:d024:anti_transpose,1,1790605532000000000,dcefe13b21338aeb73e1b7ca56977e6584cc1b3468c515c6fe426732469d80d4,e39c5816aff9ef0821e76af3d7ff1f11795fb94163738be313cac88fbefc1f99
/workspace/arc2/active_runs/eval60_v5_vs_greedy_4worker_v1/tmp/cb2d8a2c/d048/o00_g0.json,08ce23815730eef6ac9835e7d50ec0a9bb61bc57d86ba65855a47f358fe23434,7711237,cb2d8a2c,0,48,identity,36293fda78bf673ea62239d258dd695ef56a9548567edfc56fcaff09dc3b5caf,e5beec92c9992930f4d6b468db1806ee2f3b9224e13179af7d4e8bb5897148e0,INDEPENDENT_SINGLE_PER_GPU_REPAIR,HEAVY_REPAIR,heavy0_serial,,2,2,668,669,668,284,39.67030424438417,search_exhausted,,,,o00_g0,cb2d8a2c:o0:d048:identity,0,1790605593000000000,49da66180d84af92ad323865169fcbbd832aaa7595cc932892d7e893f87b6448,b315f3669fc905d8d3d2ebf027fa8a9d33094182d38986f9727fa3f731034cc7
/workspace/arc2/active_runs/eval60_v5_vs_greedy_4worker_v1/tmp/cb2d8a2c/d048/o00_g0.json,08ce23815730eef6ac9835e7d50ec0a9bb61bc57d86ba65855a47f358fe23434,7711237,cb2d8a2c,0,48,flip_ud,36293fda78bf673ea62239d258dd695ef56a9548567edfc56fcaff09dc3b5caf,e5beec92c9992930f4d6b468db1806ee2f3b9224e13179af7d4e8bb5897148e0,INDEPENDENT_FAST_2_PER_GPU,FAST_PASS,fast3,,2,2,542,543,542,0,31.88127798959613,search_exhausted,,,,o00_g0,cb2d8a2c:o0:d048:flip_ud,1,1790605593000000000,b8151774cd860570718b517cf69ddf4f7b9824a8d74244f5a34c20308078e7e7,580b2ec4320a3b1114edb28d66bf92f493ab485332eb50dd25c576d248892b29
/workspace/arc2/active_runs/eval60_v5_vs_greedy_4worker_v1/tmp/cb2d8a2c/d048/o00_g1.json,97fcc6b5aee6fd6995c11d2b7ebb05ac0b4cf383926a23f479ac3675c01e62d7,6828800,cb2d8a2c,0,48,transpose,36293fda78bf673ea62239d258dd695ef56a9548567edfc56fcaff09dc3b5caf,e5beec92c9992930f4d6b468db1806ee2f3b9224e13179af7d4e8bb5897148e0,INDEPENDENT_FAST_2_PER_GPU,FAST_PASS,fast0,,2,2,700,701,700,39,40.36905293725431,search_exhausted,,,,o00_g1,cb2d8a2c:o0:d048:transpose,0,1790605617000000000,c2a8c738f46185561cefd32866b5382ba64d5ed975ae0b5d8f2ab48340e04a64,18a8c51f48e5726e6afc94b1b2fc64b95f92e48f1603b61a828bfa37f536c398
/workspace/arc2/active_runs/eval60_v5_vs_greedy_4worker_v1/tmp/cb2d8a2c/d048/o00_g1.json,97fcc6b5aee6fd6995c11d2b7ebb05ac0b4cf383926a23f479ac3675c01e62d7,6828800,cb2d8a2c,0,48,anti_transpose,36293fda78bf673ea62239d258dd695ef56a9548567edfc56fcaff09dc3b5caf,e5beec92c9992930f4d6b468db1806ee2f3b9224e13179af7d4e8bb5897148e0,INDEPENDENT_SINGLE_PER_GPU_REPAIR,HEAVY_REPAIR,heavy0_serial,,1,1,389,390,389,0,23.05392892099917,search_exhausted,,,,o00_g1,cb2d8a2c:o0:d048:anti_transpose,1,1790605617000000000,87f7e7a28aa1d674abd44422e870f9cc6c1e74459f83ac7a52de2bf1c12ecc3f,07ad5dd399d4aa075d3ecd02cbca84b4b5877d140ebc298ce5ece401ddd9d7e9
/workspace/arc2/active_runs/eval60_v5_vs_greedy_4worker_v1/tmp/cb2d8a2c/d048/o01_g0.json,1c4cff3f2116c5d0a33439fc065692b4cf84c34a07bd5c799ee989cabab98677,8432159,cb2d8a2c,1,48,identity,36293fda78bf673ea62239d258dd695ef56a9548567edfc56fcaff09dc3b5caf,e5beec92c9992930f4d6b468db1806ee2f3b9224e13179af7d4e8bb5897148e0,INDEPENDENT_FAST_2_PER_GPU,FAST_PASS,fast3,,1,1,492,493,492,0,28.744696700945497,search_exhausted,,,,o01_g0,cb2d8a2c:o1:d048:identity,0,1790593979000000000,4fae45198e7754ed216fe5734b43addc256ac875bf9f5ad7dbbf0a4d1b692209,5d087639864373e907d0f1ab436e382aefc00096cbc73acf5973f5241a2049a3
/workspace/arc2/active_runs/eval60_v5_vs_greedy_4worker_v1/tmp/cb2d8a2c/d048/o01_g0.json,1c4cff3f2116c5d0a33439fc065692b4cf84c34a07bd5c799ee989cabab98677,8432159,cb2d8a2c,1,48,flip_ud,36293fda78bf673ea62239d258dd695ef56a9548567edfc56fcaff09dc3b5caf,e5beec92c9992930f4d6b468db1806ee2f3b9224e13179af7d4e8bb5897148e0,INDEPENDENT_FAST_2_PER_GPU,FAST_PASS,fast0,,2,2,827,828,827,327,47.843740444630384,search_exhausted,,,,o01_g0,cb2d8a2c:o1:d048:flip_ud,1,1790593979000000000,1bb3a1b43ff1345a3fd0061f3525ba5363617acb3e3a4d546aee7c787a3784ec,136b282d63c9640316713c5977b48a6e49c9bdc711ac2d1666a7996277e2c4b5
/workspace/arc2/active_runs/eval60_v5_vs_greedy_4worker_v1/tmp/cb2d8a2c/d048/o01_g1.json,1b50e7a1725b37e9d27d9350ea83eafe8ef5d8cb5a8266dfd130d7a08e543615,5974215,cb2d8a2c,1,48,transpose,36293fda78bf673ea62239d258dd695ef56a9548567edfc56fcaff09dc3b5caf,e5beec92c9992930f4d6b468db1806ee2f3b9224e13179af7d4e8bb5897148e0,INDEPENDENT_SINGLE_PER_GPU_REPAIR,HEAVY_REPAIR,heavy0_serial,,1,1,479,480,479,0,28.272062797099352,search_exhausted,,,,o01_g1,cb2d8a2c:o1:d048:transpose,0,1790605646000000000,bf08d6c53dd8fb73aa732d9684d90779c129e43ad2935ff52b9089e72b1984ef,2943fe489e7b9f84370af2c8c49b963c03df5dc4b5a108cc144f370db2ebcf67
/workspace/arc2/active_runs/eval60_v5_vs_greedy_4worker_v1/tmp/cb2d8a2c/d048/o01_g1.json,1b50e7a1725b37e9d27d9350ea83eafe8ef5d8cb5a8266dfd130d7a08e543615,5974215,cb2d8a2c,1,48,anti_transpose,36293fda78bf673ea62239d258dd695ef56a9548567edfc56fcaff09dc3b5caf,e5beec92c9992930f4d6b468db1806ee2f3b9224e13179af7d4e8bb5897148e0,INDEPENDENT_FAST_2_PER_GPU,FAST_PASS,fast3,,1,1,479,480,479,0,28.4410454723984,search_exhausted,,,,o01_g1,cb2d8a2c:o1:d048:anti_transpose,1,1790605646000000000,7458649ec6f64cfbb3ff4dac5f5f99cf4da8290865ba8e9443b46af86b71e74c,903769d2f0fe283d5f651a09f763a994e5219ef628469b37c8c51f6e8a6590c5
/workspace/arc2/active_runs/eval60_v5_vs_greedy_4worker_v1/tmp/cbebaa4b/d012/o00_g0.json,27f3f17b579ed809392bcc8df5d6071137a42ce7b3cacf985c19162d9d5bd687,9633263,cbebaa4b,0,12,identity,dc5b7bf2581034293252af15711842dfbe448ca03edd838b8baa6e430c40ad3f,e5beec92c9992930f4d6b468db1806ee2f3b9224e13179af7d4e8bb5897148e0,INDEPENDENT_FAST_2_PER_GPU,FAST_PASS,fast3,,1,1,701,702,701,423,40.783886428922415,search_exhausted,,,,o00_g0,cbebaa4b:o0:d012:identity,0,1790591040000000000,cc77ce15435faf08f544f3515f4dfa8d733d5f51e06cfe6a16936276a8dfaad2,45b20c174b7cfa27edb2ce18a9b7992178a5bd7bee561670fd9c49260e425459
/workspace/arc2/active_runs/eval60_v5_vs_greedy_4worker_v1/tmp/cbebaa4b/d012/o00_g0.json,27f3f17b579ed809392bcc8df5d6071137a42ce7b3cacf985c19162d9d5bd687,9633263,cbebaa4b,0,12,flip_ud,dc5b7bf2581034293252af15711842dfbe448ca03edd838b8baa6e430c40ad3f,e5beec92c9992930f4d6b468db1806ee2f3b9224e13179af7d4e8bb5897148e0,INDEPENDENT_FAST_2_PER_GPU,FAST_PASS,fast0,,1,1,701,702,701,428,41.78291585482657,search_exhausted,,,,o00_g0,cbebaa4b:o0:d012:flip_ud,1,1790591040000000000,0aa82a0857c87ed592fe409c34aad2b55d77021d0b65127ef5b33952d60f2497,75f3ed8622ffdbffd3f1018a772c5abc55e5ea8a0bb32d0179b2be2163eb73f1
/workspace/arc2/active_runs/eval60_v5_vs_greedy_4worker_v1/tmp/cbebaa4b/d012/o00_g1.json,97e21af158fe3b565124f4e958cabc6e83d8aba98006054fc18e209f2dad6137,9781253,cbebaa4b,0,12,transpose,dc5b7bf2581034293252af15711842dfbe448ca03edd838b8baa6e430c40ad3f,e5beec92c9992930f4d6b468db1806ee2f3b9224e13179af7d4e8bb5897148e0,INDEPENDENT_SINGLE_PER_GPU_REPAIR,HEAVY_REPAIR,heavy0_serial,,1,1,701,702,701,448,41.64195841550827,search_exhausted,,,,o00_g1,cbebaa4b:o0:d012:transpose,0,1790602511000000000,a3735f20289a340b43df45a162dd6c5a1c79f080d1a5b969ab9d27c6a1d8c0cb,61b8d109821ba2ea3260d688337a7f384da878fac7a428275877d0409ca962dd
/workspace/arc2/active_runs/eval60_v5_vs_greedy_4worker_v1/tmp/cbebaa4b/d012/o00_g1.json,97e21af158fe3b565124f4e958cabc6e83d8aba98006054fc18e209f2dad6137,9781253,cbebaa4b,0,12,anti_transpose,dc5b7bf2581034293252af15711842dfbe448ca03edd838b8baa6e430c40ad3f,e5beec92c9992930f4d6b468db1806ee2f3b9224e13179af7d4e8bb5897148e0,INDEPENDENT_SINGLE_PER_GPU_REPAIR,HEAVY_REPAIR,heavy0_serial,,1,1,701,702,701,472,41.98148328997195,search_exhausted,,,,o00_g1,cbebaa4b:o0:d012:anti_transpose,1,1790602511000000000,d8b04892fa5ca4fa44595fdf7d4c500b234dc2d2984ef1da9b13db0635e66540,298e49408349244289cbb6715d50adb20e31d3a6a361ee94303995023d42de4b
/workspace/arc2/active_runs/eval60_v5_vs_greedy_4worker_v1/tmp/cbebaa4b/d012/o01_g0.json,d7fbd38ed636d08932b8ac21d8076294f1aa2560f0cd40e336ca588ccbbdf009,9700066,cbebaa4b,1,12,identity,dc5b7bf2581034293252af15711842dfbe448ca03edd838b8baa6e430c40ad3f,e5beec92c9992930f4d6b468db1806ee2f3b9224e13179af7d4e8bb5897148e0,INDEPENDENT_FAST_2_PER_GPU,FAST_PASS,fast3,,1,1,701,702,701,474,40.85262424685061,search_exhausted,,,,o01_g0,cbebaa4b:o1:d012:identity,0,1790591082000000000,092c70c38a499cfb7d0f8699af19c033984f85b3d9d05377a414037b84d944fa,dbcfe8fcb5f63f368a42fa5e8749eff0f90cf55466c292e721a6e17ce8a35531
/workspace/arc2/active_runs/eval60_v5_vs_greedy_4worker_v1/tmp/cbebaa4b/d012/o01_g0.json,d7fbd38ed636d08932b8ac21d8076294f1aa2560f0cd40e336ca588ccbbdf009,9700066,cbebaa4b,1,12,flip_ud,dc5b7bf2581034293252af15711842dfbe448ca03edd838b8baa6e430c40ad3f,e5beec92c9992930f4d6b468db1806ee2f3b9224e13179af7d4e8bb5897148e0,INDEPENDENT_FAST_2_PER_GPU,FAST_PASS,fast0,,1,1,701,702,701,455,41.22100081667304,search_exhausted,,,,o01_g0,cbebaa4b:o1:d012:flip_ud,1,1790591082000000000,72b67f0aae91e283119fa3f10d3446740493f854ac77af7fd917e178c9911b52,7ebd5d879fc301dfd3c011bdfda87f7cf4cb03ea7cb6b728f35afe3fe94cdc13
/workspace/arc2/active_runs/eval60_v5_vs_greedy_4worker_v1/tmp/cbebaa4b/d012/o01_g1.json,8b88e9f6c55ebb651a665905fa0591c82724236b13446e2f4a39c0623e5cfbf2,9770828,cbebaa4b,1,12,transpose,dc5b7bf2581034293252af15711842dfbe448ca03edd838b8baa6e430c40ad3f,e5beec92c9992930f4d6b468db1806ee2f3b9224e13179af7d4e8bb5897148e0,INDEPENDENT_SINGLE_PER_GPU_REPAIR,HEAVY_REPAIR,heavy0_serial,,1,1,701,702,701,425,41.234937869012356,search_exhausted,,,,o01_g1,cbebaa4b:o1:d012:transpose,0,1790602552000000000,32936cf7322d44f727ee6c300cab1dd16cb54a2d58a8afe58b58d0f533c7fbd4,c1288f827476db686487b6c15f78f0fa118458d440fafae618f44abce4cfe67b
/workspace/arc2/active_runs/eval60_v5_vs_greedy_4worker_v1/tmp/cbebaa4b/d012/o01_g1.json,8b88e9f6c55ebb651a665905fa0591c82724236b13446e2f4a39c0623e5cfbf2,9770828,cbebaa4b,1,12,anti_transpose,dc5b7bf2581034293252af15711842dfbe448ca03edd838b8baa6e430c40ad3f,e5beec92c9992930f4d6b468db1806ee2f3b9224e13179af7d4e8bb5897148e0,INDEPENDENT_FAST_2_PER_GPU,FAST_PASS,fast3,,1,1,701,702,701,473,40.677599562332034,search_exhausted,,,,o01_g1,cbebaa4b:o1:d012:anti_transpose,1,1790602552000000000,9693f837084236b0c34cb20ee1e324f4e25bd6f32a21cdfff1def5a87fd1e3dd,91713011083f8475c99e49784b7d4950855d23a79f313efa6d25dbc8b7d4b018
/workspace/arc2/active_runs/eval60_v5_vs_greedy_4worker_v1/tmp/cbebaa4b/d024/o00_g0.json,8b23a5cfa36c49a9531307e8cd8a926e05a3777ae2f981eaca21423ce68b3323,9731874,cbebaa4b,0,24,identity,a846dd2461b9cbf8cc03c1102ce5999208f40db36dc6027dafdfa111a13358e6,e5beec92c9992930f4d6b468db1806ee2f3b9224e13179af7d4e8bb5897148e0,INDEPENDENT_FAST_2_PER_GPU,FAST_PASS,fast0,,1,1,701,702,701,496,41.6857392359525,search_exhausted,,,,o00_g0,cbebaa4b:o0:d024:identity,0,1790602625000000000,5087bc900a144eed5e471029a88024de6538a8198f79b133b15382f92c660d44,9b0a938b7138b8b35c8c27cc78ba350cc7a175ee521316a5d7d20fa0902976d5
/workspace/arc2/active_runs/eval60_v5_vs_greedy_4worker_v1/tmp/cbebaa4b/d024/o00_g0.json,8b23a5cfa36c49a9531307e8cd8a926e05a3777ae2f981eaca21423ce68b3323,9731874,cbebaa4b,0,24,flip_ud,a846dd2461b9cbf8cc03c1102ce5999208f40db36dc6027dafdfa111a13358e6,e5beec92c9992930f4d6b468db1806ee2f3b9224e13179af7d4e8bb5897148e0,INDEPENDENT_SINGLE_PER_GPU_REPAIR,HEAVY_REPAIR,heavy0_serial,,1,1,701,702,701,455,41.6629830468446,search_exhausted,,,,o00_g0,cbebaa4b:o0:d024:flip_ud,1,1790602625000000000,bc8f295bae6beb71768f7309821b40ac9b10a7491074aa5fb8e15d16b138b00e,c05090e12974a73ea4a7a5d6ff2358a32f416577f35f0e43e58dcbf310eaf022
/workspace/arc2/active_runs/eval60_v5_vs_greedy_4worker_v1/tmp/cbebaa4b/d024/o00_g1.json,c0cfa0ae7d2fad1faa5a9a8a5ce106dbb9b0b51b1ce1219057eb773ff06eed4c,9799878,cbebaa4b,0,24,transpose,a846dd2461b9cbf8cc03c1102ce5999208f40db36dc6027dafdfa111a13358e6,e5beec92c9992930f4d6b468db1806ee2f3b9224e13179af7d4e8bb5897148e0,INDEPENDENT_FAST_2_PER_GPU,FAST_PASS,fast3,,1,1,701,702,701,471,40.998906534165144,search_exhausted,,,,o00_g1,cbebaa4b:o0:d024:transpose,0,1790602667000000000,9dcb60510fea22eb47ae919f7f3af62f9955f92d769ee8e87eadec688b098e6e,c0ab6087b64aae2d62e0b93189fffa5d56f24189ab040b8e3e9a929232ea82e9
/workspace/arc2/active_runs/eval60_v5_vs_greedy_4worker_v1/tmp/cbebaa4b/d024/o00_g1.json,c0cfa0ae7d2fad1faa5a9a8a5ce106dbb9b0b51b1ce1219057eb773ff06eed4c,9799878,cbebaa4b,0,24,anti_transpose,a846dd2461b9cbf8cc03c1102ce5999208f40db36dc6027dafdfa111a13358e6,e5beec92c9992930f4d6b468db1806ee2f3b9224e13179af7d4e8bb5897148e0,INDEPENDENT_SINGLE_PER_GPU_REPAIR,HEAVY_REPAIR,heavy0_serial,,1,1,701,702,701,472,41.23978955857456,search_exhausted,,,,o00_g1,cbebaa4b:o0:d024:anti_transpose,1,1790602667000000000,d2804ded656b635c9fe0d0c81e4e7953f97b4fc4115ec1710cc315d7a24dc321,6cbc15b84c8e79145120fdba438c830125e652da4348ed83665450414ccb0a14
/workspace/arc2/active_runs/eval60_v5_vs_greedy_4worker_v1/tmp/cbebaa4b/d024/o01_g0.json,09f71a65a06e34143c57ba12bbe30f1432ff813b7d0585aeea94d8cd3a2f41c7,9746494,cbebaa4b,1,24,identity,a846dd2461b9cbf8cc03c1102ce5999208f40db36dc6027dafdfa111a13358e6,e5beec92c9992930f4d6b468db1806ee2f3b9224e13179af7d4e8bb5897148e0,INDEPENDENT_FAST_2_PER_GPU,FAST_PASS,fast0,,1,1,701,702,701,528,41.671032667160034,search_exhausted,,,,o01_g0,cbebaa4b:o1:d024:identity,0,1790602710000000000,f7719358969bb5eda29a01a1f51db5a1530f5ea6a3f8d55010c606325e4fe29b,3a995577daab567e46888f710d45b43ead8ae886b41cb40b428b5170dcbd3b27
/workspace/arc2/active_runs/eval60_v5_vs_greedy_4worker_v1/tmp/cbebaa4b/d024/o01_g0.json,09f71a65a06e34143c57ba12bbe30f1432ff813b7d0585aeea94d8cd3a2f41c7,9746494,cbebaa4b,1,24,flip_ud,a846dd2461b9cbf8cc03c1102ce5999208f40db36dc6027dafdfa111a13358e6,e5beec92c9992930f4d6b468db1806ee2f3b9224e13179af7d4e8bb5897148e0,INDEPENDENT_SINGLE_PER_GPU_REPAIR,HEAVY_REPAIR,heavy0_serial,,1,1,701,702,701,449,41.823218962177634,search_exhausted,,,,o01_g0,cbebaa4b:o1:d024:flip_ud,1,1790602710000000000,af680239a137bc3d4e7e42e05b0b75076fe5656cefce25b7606c2c3968373470,3e87a95ae5915952d542aeeea018474646372d4187339ed4b496117785a257db
/workspace/arc2/active_runs/eval60_v5_vs_greedy_4worker_v1/tmp/cbebaa4b/d024/o01_g1.json,c7f89b23c62567019bfe9e2d47a07550fb1d1188e1e962efcf8b1c1e610276d4,9788587,cbebaa4b,1,24,transpose,a846dd2461b9cbf8cc03c1102ce5999208f40db36dc6027dafdfa111a13358e6,e5beec92c9992930f4d6b468db1806ee2f3b9224e13179af7d4e8bb5897148e0,INDEPENDENT_FAST_2_PER_GPU,FAST_PASS,fast3,,1,1,701,702,701,455,40.54740790836513,search_exhausted,,,,o01_g1,cbebaa4b:o1:d024:transpose,0,1790591227000000000,0c3564be24135537e0b88de8a194d1458f0883e09caff92aab3882386b8c205d,b81d0e7d91323e8d5d6978372be6408b39a18b17bd653bb3e32562a795fac3d2
/workspace/arc2/active_runs/eval60_v5_vs_greedy_4worker_v1/tmp/cbebaa4b/d024/o01_g1.json,c7f89b23c62567019bfe9e2d47a07550fb1d1188e1e962efcf8b1c1e610276d4,9788587,cbebaa4b,1,24,anti_transpose,a846dd2461b9cbf8cc03c1102ce5999208f40db36dc6027dafdfa111a13358e6,e5beec92c9992930f4d6b468db1806ee2f3b9224e13179af7d4e8bb5897148e0,INDEPENDENT_FAST_2_PER_GPU,FAST_PASS,fast0,,1,1,701,702,701,473,41.35310427099466,search_exhausted,,,,o01_g1,cbebaa4b:o1:d024:anti_transpose,1,1790591227000000000,dccebeb7bdad3ee42d5d5a2768f7175c36b3f5cd0caa868b3581cf9eb931e019,f0c9d87a169fc12b75661849c4c6f6253fa08d141315b0564592db3ecc87a26c
/workspace/arc2/active_runs/eval60_v5_vs_greedy_4worker_v1/tmp/cbebaa4b/d048/o00_g0.json,9de361f31a302dea1b465ae1b13c786f85da853ab9fea69cdbb5939d0cc6825c,9784426,cbebaa4b,0,48,identity,8ca2c3fb2d59203dd270df628af0a65e0751b763d90e71fb851568ff8d3837fe,e5beec92c9992930f4d6b468db1806ee2f3b9224e13179af7d4e8bb5897148e0,INDEPENDENT_SINGLE_PER_GPU_REPAIR,HEAVY_REPAIR,heavy0_serial,,1,1,701,702,701,526,41.329138366505504,search_exhausted,,,,o00_g0,cbebaa4b:o0:d048:identity,0,1790602781000000000,85ba969320f176a49bdb65927070e786091af12671a7206d7b5ab2e6ad0f794e,f5bb4ba40af095bef383bc3e04dd2f3bc86e2b4fa970fb8d31f6cde16ccb2641
/workspace/arc2/active_runs/eval60_v5_vs_greedy_4worker_v1/tmp/cbebaa4b/d048/o00_g0.json,9de361f31a302dea1b465ae1b13c786f85da853ab9fea69cdbb5939d0cc6825c,9784426,cbebaa4b,0,48,flip_ud,8ca2c3fb2d59203dd270df628af0a65e0751b763d90e71fb851568ff8d3837fe,e5beec92c9992930f4d6b468db1806ee2f3b9224e13179af7d4e8bb5897148e0,INDEPENDENT_FAST_2_PER_GPU,FAST_PASS,fast3,,1,1,701,702,701,500,41.138100707903504,search_exhausted,,,,o00_g0,cbebaa4b:o0:d048:flip_ud,1,1790602781000000000,bf5b4d2895143a1d786d4885e321532e2ca99093ee3c38d24de5d6f4a21e05f8,d71f350f544a25eafcd9fb7a130bc083cb3e14bc37ce3498c55fe4b6c93abdd5
/workspace/arc2/active_runs/eval60_v5_vs_greedy_4worker_v1/tmp/cbebaa4b/d048/o00_g1.json,a107ac0dc7d14a008b22e6dacf5cd37607b48e7de4b15bffe6efad5dea8d86f9,9805671,cbebaa4b,0,48,transpose,8ca2c3fb2d59203dd270df628af0a65e0751b763d90e71fb851568ff8d3837fe,e5beec92c9992930f4d6b468db1806ee2f3b9224e13179af7d4e8bb5897148e0,INDEPENDENT_FAST_2_PER_GPU,FAST_PASS,fast0,,1,1,701,702,701,471,41.720009023323655,search_exhausted,,,,o00_g1,cbebaa4b:o0:d048:transpose,0,1790602845000000000,bc422e4e134a7ff0c7cfacd4ffdf8d69a761acee8f0a55c1dcef4f3fd898b923,0101a94a7d0fa104b01e5bfbd224f7a851d1c2bd2efb14ab332a592ca9b081f2
/workspace/arc2/active_runs/eval60_v5_vs_greedy_4worker_v1/tmp/cbebaa4b/d048/o00_g1.json,a107ac0dc7d14a008b22e6dacf5cd37607b48e7de4b15bffe6efad5dea8d86f9,9805671,cbebaa4b,0,48,anti_transpose,8ca2c3fb2d59203dd270df628af0a65e0751b763d90e71fb851568ff8d3837fe,e5beec92c9992930f4d6b468db1806ee2f3b9224e13179af7d4e8bb5897148e0,INDEPENDENT_SINGLE_PER_GPU_REPAIR,HEAVY_REPAIR,heavy0_serial,,1,1,701,702,701,482,42.30338966846466,search_exhausted,,,,o00_g1,cbebaa4b:o0:d048:anti_transpose,1,1790602845000000000,bf99a74129faec70b91b6a649fb05ee12864516c224847be3c4c96d60cfc1d75,c577944bbe2422e74b4ef673d33816f596931673631c54f1b9aa3638bf8c5827
/workspace/arc2/active_runs/eval60_v5_vs_greedy_4worker_v1/tmp/cbebaa4b/d048/o01_g0.json,cc13d69b5715f0461ede739670adf96b9fd85c12e860d6a87b0b5f07e856e596,9750719,cbebaa4b,1,48,identity,8ca2c3fb2d59203dd270df628af0a65e0751b763d90e71fb851568ff8d3837fe,e5beec92c9992930f4d6b468db1806ee2f3b9224e13179af7d4e8bb5897148e0,INDEPENDENT_FAST_2_PER_GPU,FAST_PASS,fast3,,1,1,701,702,701,509,40.69530960917473,search_exhausted,,,,o01_g0,cbebaa4b:o1:d048:identity,0,1790591313000000000,42dea96a2fccbfda8e914036fda6936118cd9458a66a2ea9efd025866e783fa5,a92f93ff1afd6d98c859314efc6d85d466878eb918bf0d6b557fa55832870f85
/workspace/arc2/active_runs/eval60_v5_vs_greedy_4worker_v1/tmp/cbebaa4b/d048/o01_g0.json,cc13d69b5715f0461ede739670adf96b9fd85c12e860d6a87b0b5f07e856e596,9750719,cbebaa4b,1,48,flip_ud,8ca2c3fb2d59203dd270df628af0a65e0751b763d90e71fb851568ff8d3837fe,e5beec92c9992930f4d6b468db1806ee2f3b9224e13179af7d4e8bb5897148e0,INDEPENDENT_FAST_2_PER_GPU,FAST_PASS,fast0,,1,1,701,702,701,480,41.37132471241057,search_exhausted,,,,o01_g0,cbebaa4b:o1:d048:flip_ud,1,1790591313000000000,32c86c1e6d05afe60aa41b7e52ff5979b34631360852f2054f6e5db27a4c18ce,468ff0b1dd263ea5a85a488b4d5457e7f5c3379710b7e776ab7d27c06638b580
/workspace/arc2/active_runs/eval60_v5_vs_greedy_4worker_v1/tmp/cbebaa4b/d048/o01_g1.json,c2b2ddcdf7aba1d1ce409818aaa3f1113bbf52dd78c588a21f4857e5c1a7e817,9781274,cbebaa4b,1,48,transpose,8ca2c3fb2d59203dd270df628af0a65e0751b763d90e71fb851568ff8d3837fe,e5beec92c9992930f4d6b468db1806ee2f3b9224e13179af7d4e8bb5897148e0,INDEPENDENT_SINGLE_PER_GPU_REPAIR,HEAVY_REPAIR,heavy0_serial,,1,1,701,702,701,400,41.63653517328203,search_exhausted,,,,o01_g1,cbebaa4b:o1:d048:transpose,0,1790602888000000000,b38ed148585772d4ee355e50eeab383620f8d3fe36bd454247b9415144f00aec,13ba29d9176a9826e9fdfd7d3e06622b663fc161fdab163094ab8f3c859eb3eb
/workspace/arc2/active_runs/eval60_v5_vs_greedy_4worker_v1/tmp/cbebaa4b/d048/o01_g1.json,c2b2ddcdf7aba1d1ce409818aaa3f1113bbf52dd78c588a21f4857e5c1a7e817,9781274,cbebaa4b,1,48,anti_transpose,8ca2c3fb2d59203dd270df628af0a65e0751b763d90e71fb851568ff8d3837fe,e5beec92c9992930f4d6b468db1806ee2f3b9224e13179af7d4e8bb5897148e0,INDEPENDENT_FAST_2_PER_GPU,FAST_PASS,fast3,,1,1,701,702,701,535,41.07629075832665,search_exhausted,,,,o01_g1,cbebaa4b:o1:d048:anti_transpose,1,1790602888000000000,538bceb8a8b7fdf74f6fa7b4a8a4c7ebde15550188fd0e40b876a0c7a48d0bfd,895fd9168e3f548af890203e28d31a1223f8c9cb76079ef9f26fb854bf00ea11
/workspace/arc2/active_runs/eval60_v5_vs_greedy_4worker_v1/tmp/d59b0160/d012/o00_g0.json,6c660139fc05ec68c67fd67204a1deae9ab44a209c716bfcdcaee7c3cf312e21,9079846,d59b0160,0,12,identity,ec2f33662df1b0857471730f5d7532ad567522b9e94d252feed98bcb5a9fdc7f,e5beec92c9992930f4d6b468db1806ee2f3b9224e13179af7d4e8bb5897148e0,INDEPENDENT_FAST_2_PER_GPU,FAST_PASS,fast0,,3,3,780,781,780,531,47.8754524551332,search_exhausted,,,,o00_g0,d59b0160:o0:d012:identity,0,1790599286000000000,039e40546066a219869e394f95f2d43d17dce2bad2e1a0f61e9ceb1e9eb30889,47b92c8a7f0aa5e576d772ce4ce359b5eaf1b04b855d4421300e7250542ffa8b
/workspace/arc2/active_runs/eval60_v5_vs_greedy_4worker_v1/tmp/d59b0160/d012/o00_g0.json,6c660139fc05ec68c67fd67204a1deae9ab44a209c716bfcdcaee7c3cf312e21,9079846,d59b0160,0,12,flip_ud,ec2f33662df1b0857471730f5d7532ad567522b9e94d252feed98bcb5a9fdc7f,e5beec92c9992930f4d6b468db1806ee2f3b9224e13179af7d4e8bb5897148e0,INDEPENDENT_SINGLE_PER_GPU_REPAIR,HEAVY_REPAIR,heavy0_serial,,2,2,542,543,542,532,32.04206206090748,search_exhausted,,,,o00_g0,d59b0160:o0:d012:flip_ud,1,1790599286000000000,c972e3486a6341fc38d5487636db42fe9564dfec94f3832086b267272f8edf43,bfe9a5f171325329a20021f6309eafad3e9005ea2bd74b1825d63883999ab113
/workspace/arc2/active_runs/eval60_v5_vs_greedy_4worker_v1/tmp/d59b0160/d012/o00_g1.json,703bd86578c6c6dec1a3966ebe32ca274486cc7d63850f19afaf8f2389fefd83,8882534,d59b0160,0,12,transpose,ec2f33662df1b0857471730f5d7532ad567522b9e94d252feed98bcb5a9fdc7f,e5beec92c9992930f4d6b468db1806ee2f3b9224e13179af7d4e8bb5897148e0,INDEPENDENT_FAST_2_PER_GPU,FAST_PASS,fast3,,3,3,751,752,751,486,44.95231894776225,search_exhausted,,,,o00_g1,d59b0160:o0:d012:transpose,0,1790599318000000000,84cbcb0f09bfc9942c51aaceb215ccc7a0ce1d6f76eb778a1a246b63b14e3f36,bfd695f7fba989ee69b4d16c08a8b1a96895baa7385098e6f06b99a7dfcaeaf7
/workspace/arc2/active_runs/eval60_v5_vs_greedy_4worker_v1/tmp/d59b0160/d012/o00_g1.json,703bd86578c6c6dec1a3966ebe32ca274486cc7d63850f19afaf8f2389fefd83,8882534,d59b0160,0,12,anti_transpose,ec2f33662df1b0857471730f5d7532ad567522b9e94d252feed98bcb5a9fdc7f,e5beec92c9992930f4d6b468db1806ee2f3b9224e13179af7d4e8bb5897148e0,INDEPENDENT_SINGLE_PER_GPU_REPAIR,HEAVY_REPAIR,heavy0_serial,,2,2,540,541,540,486,31.654161332175136,search_exhausted,,,,o00_g1,d59b0160:o0:d012:anti_transpose,1,1790599318000000000,d8bbb83f59e3e98e50cb3a2cce45dc27370c0045247202e6bc2d92ab6956417b,1b1a22799822115dc66e512ec3d6acbd8c3d29787b0bb3a7a564a5bd29de64d7
/workspace/arc2/active_runs/eval60_v5_vs_greedy_4worker_v1/tmp/d59b0160/d024/o00_g0.json,eada9acddc9f4afdaecef709762cde6b7bbc9a4e0543d83c1cd6a06a4eed1eb5,8837692,d59b0160,0,24,identity,a91e4375da1cf5f544a083221292ded0dd41e50b4a4c63e80bb4c37ab0e42854,e5beec92c9992930f4d6b468db1806ee2f3b9224e13179af7d4e8bb5897148e0,INDEPENDENT_FAST_2_PER_GPU,FAST_PASS,fast3,,2,2,536,537,536,241,32.9339609965682,search_exhausted,,,,o00_g0,d59b0160:o0:d024:identity,0,1790588779000000000,a266dd177071e8500ad931759aa61bef798878824cedaeea4824679cf2a91cdb,94e231571ad1822e93f5d0aa855c5e9538d3ca5050f24b2010dfb6201cd50dc3
/workspace/arc2/active_runs/eval60_v5_vs_greedy_4worker_v1/tmp/d59b0160/d024/o00_g0.json,eada9acddc9f4afdaecef709762cde6b7bbc9a4e0543d83c1cd6a06a4eed1eb5,8837692,d59b0160,0,24,flip_ud,a91e4375da1cf5f544a083221292ded0dd41e50b4a4c63e80bb4c37ab0e42854,e5beec92c9992930f4d6b468db1806ee2f3b9224e13179af7d4e8bb5897148e0,INDEPENDENT_FAST_2_PER_GPU,FAST_PASS,fast0,,3,3,807,808,807,653,48.61321397870779,search_exhausted,,,,o00_g0,d59b0160:o0:d024:flip_ud,1,1790588779000000000,2bd3a014c4bcde34f1a6c92cbe933c6f4313cd8730b163c0acbeea0d900fb494,62457bdb3d4cc4a51df3e8ab8e08b00e25e460d24d83c9ef6e5acac685dd733e
/workspace/arc2/active_runs/eval60_v5_vs_greedy_4worker_v1/tmp/d59b0160/d024/o00_g1.json,c4dc95fb223b5a28f46190aa3d12e0704f2a1d44f592c6379058ac9506cc1c4b,9856966,d59b0160,0,24,transpose,a91e4375da1cf5f544a083221292ded0dd41e50b4a4c63e80bb4c37ab0e42854,e5beec92c9992930f4d6b468db1806ee2f3b9224e13179af7d4e8bb5897148e0,INDEPENDENT_SINGLE_PER_GPU_REPAIR,HEAVY_REPAIR,heavy0_serial,,3,3,706,707,706,386,41.58443943224847,search_exhausted,,,,o00_g1,d59b0160:o0:d024:transpose,0,1790599423000000000,bf6f3d61526d3050bc79a4ca49bf87c9a1dc8a27c060d9628f79c4c8b0ad0864,14de609a0af99338bd36823866058d1f9f229a493f5858a10d6ce02925b47329
/workspace/arc2/active_runs/eval60_v5_vs_greedy_4worker_v1/tmp/d59b0160/d024/o00_g1.json,c4dc95fb223b5a28f46190aa3d12e0704f2a1d44f592c6379058ac9506cc1c4b,9856966,d59b0160,0,24,anti_transpose,a91e4375da1cf5f544a083221292ded0dd41e50b4a4c63e80bb4c37ab0e42854,e5beec92c9992930f4d6b468db1806ee2f3b9224e13179af7d4e8bb5897148e0,INDEPENDENT_SINGLE_PER_GPU_REPAIR,HEAVY_REPAIR,heavy0_serial,,3,3,782,783,782,572,45.60806787572801,search_exhausted,,,,o00_g1,d59b0160:o0:d024:anti_transpose,1,1790599423000000000,3ea07297c089ec04b6e3112c9d11050354921a209e2dc93899de238471bcbc15,2ae728f0459c1ebc4a804c9a04f43b6c2183a1de83bd2ca165ae2535dba65b95
/workspace/arc2/active_runs/eval60_v5_vs_greedy_4worker_v1/tmp/d59b0160/d048/o00_g0.json,1678d78ef6ea3d1b224c79cb53d6e442c8f106f9b2374149b2c6cffdaf4f7216,5980172,d59b0160,0,48,identity,44f3cbc703691f732f66279211ececa87871ca49661358519bd31332c38d5fdf,e5beec92c9992930f4d6b468db1806ee2f3b9224e13179af7d4e8bb5897148e0,INDEPENDENT_FAST_2_PER_GPU,FAST_PASS,fast3,,2,2,536,537,536,0,32.36339903622866,search_exhausted,,,,o00_g0,d59b0160:o0:d048:identity,0,1790588812000000000,9ee520518cd40f417a793489d206b061333fc14aa1024f97e91868bcbddbd029,d1c04e9b6a914404387292e7338507b39c4c51cc31b1cd6a07334f088414bcf4
/workspace/arc2/active_runs/eval60_v5_vs_greedy_4worker_v1/tmp/d59b0160/d048/o00_g0.json,1678d78ef6ea3d1b224c79cb53d6e442c8f106f9b2374149b2c6cffdaf4f7216,5980172,d59b0160,0,48,flip_ud,44f3cbc703691f732f66279211ececa87871ca49661358519bd31332c38d5fdf,e5beec92c9992930f4d6b468db1806ee2f3b9224e13179af7d4e8bb5897148e0,INDEPENDENT_FAST_2_PER_GPU,FAST_PASS,fast0,,2,2,430,431,430,58,25.88701799698174,search_exhausted,,,,o00_g0,d59b0160:o0:d048:flip_ud,1,1790588812000000000,a50cb03cafcd8352611f95c0b73e6200d8c8e05814794307cf0807e0469f3e6c,88a15ea7f9e22f1e799bbc75111c1437045ad644c0c7c1511c82ec8cac2867b7
/workspace/arc2/active_runs/eval60_v5_vs_greedy_4worker_v1/tmp/d59b0160/d048/o00_g1.json,baf86bf5d712080544e42af5db9932e494f46547a818488261f261a96bb5550f,5530863,d59b0160,0,48,transpose,44f3cbc703691f732f66279211ececa87871ca49661358519bd31332c38d5fdf,e5beec92c9992930f4d6b468db1806ee2f3b9224e13179af7d4e8bb5897148e0,INDEPENDENT_SINGLE_PER_GPU_REPAIR,HEAVY_REPAIR,heavy0_serial,,2,2,371,372,371,74,22.13985733129084,search_exhausted,,,,o00_g1,d59b0160:o0:d048:transpose,0,1790599467000000000,190c687bce5b31e4e9141a4dd65a960dc61abfd4de0541798589673bbc185ab2,28de4510f18cdf5bb1f5c2d4e67fbd8590d2ab557a6aa5243a5f87e1dacf6ee7
/workspace/arc2/active_runs/eval60_v5_vs_greedy_4worker_v1/tmp/d59b0160/d048/o00_g1.json,baf86bf5d712080544e42af5db9932e494f46547a818488261f261a96bb5550f,5530863,d59b0160,0,48,anti_transpose,44f3cbc703691f732f66279211ececa87871ca49661358519bd31332c38d5fdf,e5beec92c9992930f4d6b468db1806ee2f3b9224e13179af7d4e8bb5897148e0,INDEPENDENT_FAST_2_PER_GPU,FAST_PASS,fast0,,2,2,513,514,513,0,30.963818851858377,search_exhausted,,,,o00_g1,d59b0160:o0:d048:anti_transpose,1,1790599467000000000,641ecaf87331277ae32989cb423b5c911174db2bb108e733bf042104551832b6,0bbba8c045ca7bc664da51e88b10826e1152530d72c9389376cbced3d7b443f4
/workspace/arc2/active_runs/eval60_v5_vs_greedy_4worker_v1/tmp/db0c5428/d012/o00_g0.json,e78135df0052c0c4898f0c77021eb021d82678bb26a7293cc8a122e77872db30,3837874,db0c5428,0,12,identity,a32f8de2c9269baf27a59ab7ffe8c932134c7a1791474bbe37c1e4e45171ac28,e5beec92c9992930f4d6b468db1806ee2f3b9224e13179af7d4e8bb5897148e0,INDEPENDENT_FAST_2_PER_GPU,FAST_PASS,fast1,,1,1,305,306,305,0,17.850840592756867,search_exhausted,,,,o00_g0,db0c5428:o0:d012:identity,0,1790598756830887248,813efe8df07a6634de245ced4e4ca4322e6c991c6d144bcd534a0280ae063a89,0deef681c40f2a88ae99e443182b0e5be9d5b8a4e7e0e0c62542509a3b14c77d
/workspace/arc2/active_runs/eval60_v5_vs_greedy_4worker_v1/tmp/db0c5428/d012/o00_g0.json,e78135df0052c0c4898f0c77021eb021d82678bb26a7293cc8a122e77872db30,3837874,db0c5428,0,12,flip_ud,a32f8de2c9269baf27a59ab7ffe8c932134c7a1791474bbe37c1e4e45171ac28,e5beec92c9992930f4d6b468db1806ee2f3b9224e13179af7d4e8bb5897148e0,INDEPENDENT_SINGLE_PER_GPU_REPAIR,HEAVY_REPAIR,heavy0_serial,,1,1,305,306,305,0,18.055773574858904,search_exhausted,,,,o00_g0,db0c5428:o0:d012:flip_ud,1,1790598756830887248,e759dc1ebe23734f15ff4d091596ecb48207970c8031683757550fe0a11f8a3c,739c4887b10999fee63bf20a222e66db83a98a3853d2e20197400c33b43a4120
/workspace/arc2/active_runs/eval60_v5_vs_greedy_4worker_v1/tmp/db0c5428/d012/o00_g1.json,74ee224e63cae9c1655341ff0edbc76c0ada7253374e5fb793e529aead881d53,3867555,db0c5428,0,12,transpose,a32f8de2c9269baf27a59ab7ffe8c932134c7a1791474bbe37c1e4e45171ac28,e5beec92c9992930f4d6b468db1806ee2f3b9224e13179af7d4e8bb5897148e0,INDEPENDENT_FAST_2_PER_GPU,FAST_PASS,fast0,,1,1,305,306,305,0,18.808413406834006,search_exhausted,,,,o00_g1,db0c5428:o0:d012:transpose,0,1790588409876329223,33cc6c44c93120bc9c589a4af66c5bf947ea9a6396530fa751ccd05962bf2822,b99943f0b96eab987ae09bf4c0a8ac236d4410b38432989f9ec1c9688bc7d039
/workspace/arc2/active_runs/eval60_v5_vs_greedy_4worker_v1/tmp/db0c5428/d012/o00_g1.json,74ee224e63cae9c1655341ff0edbc76c0ada7253374e5fb793e529aead881d53,3867555,db0c5428,0,12,anti_transpose,a32f8de2c9269baf27a59ab7ffe8c932134c7a1791474bbe37c1e4e45171ac28,e5beec92c9992930f4d6b468db1806ee2f3b9224e13179af7d4e8bb5897148e0,INDEPENDENT_FAST_2_PER_GPU,FAST_PASS,fast3,,1,1,305,306,305,0,18.30465466156602,search_exhausted,,,,o00_g1,db0c5428:o0:d012:anti_transpose,1,1790588409876329223,ab64271f72abd4721621479fa0c86c930b31c1cd1acca84cbcb841f7c1a702b1,e3e0099b4d82abc3be3f4b71c81353d87a9b7153d5d7d0083e7de7612d9adf6c
/workspace/arc2/active_runs/eval60_v5_vs_greedy_4worker_v1/tmp/db0c5428/d024/o00_g0.json,af1e220c5e7a519a1464e3ce0cd753f084821386dbeb03ff2c14debe01deb301,3867314,db0c5428,0,24,identity,663333917eb9e2adcce8891622c1e5cb7cef7a7ece296e191fb8be5794ef17e1,e5beec92c9992930f4d6b468db1806ee2f3b9224e13179af7d4e8bb5897148e0,INDEPENDENT_FAST_2_PER_GPU,FAST_PASS,fast1,,1,1,305,306,305,0,18.002326603978872,search_exhausted,,,,o00_g0,db0c5428:o0:d024:identity,0,1790598823571991915,b60ced32e6251c7cb4799cb942ae81d32a2e69ad7a614ac62fb44d6f14a2bd88,22d6c1c4c811612506cc243067e902e7e99bd5e359f6651b5bf92f9f7963883d
/workspace/arc2/active_runs/eval60_v5_vs_greedy_4worker_v1/tmp/db0c5428/d024/o00_g0.json,af1e220c5e7a519a1464e3ce0cd753f084821386dbeb03ff2c14debe01deb301,3867314,db0c5428,0,24,flip_ud,663333917eb9e2adcce8891622c1e5cb7cef7a7ece296e191fb8be5794ef17e1,e5beec92c9992930f4d6b468db1806ee2f3b9224e13179af7d4e8bb5897148e0,INDEPENDENT_SINGLE_PER_GPU_REPAIR,HEAVY_REPAIR,heavy0_serial,,1,1,305,306,305,0,18.22415786795318,search_exhausted,,,,o00_g0,db0c5428:o0:d024:flip_ud,1,1790598823571991915,0876576789406122e71c8a220599705b5eb2706ce7377eca2030380b5c0c3014,66472a23980ded76c0b572d79ce1799b0b5da01c29295f501a2ae675f03a3eb7
/workspace/arc2/active_runs/eval60_v5_vs_greedy_4worker_v1/tmp/db0c5428/d024/o00_g1.json,3a6867f92fb7748ea0772a22a625d8909dbbd46b66b68bba042aa1aa50da51e2,3898242,db0c5428,0,24,transpose,663333917eb9e2adcce8891622c1e5cb7cef7a7ece296e191fb8be5794ef17e1,e5beec92c9992930f4d6b468db1806ee2f3b9224e13179af7d4e8bb5897148e0,INDEPENDENT_FAST_2_PER_GPU,FAST_PASS,fast0,,1,1,305,306,305,0,18.82963960058987,search_exhausted,,,,o00_g1,db0c5428:o0:d024:transpose,0,1790588444977833087,b326f9b6526369c55486a776e0d97281644ff5802140ff48dbbb81562e1fd2d5,b51a4f1c1e2a57fc104367991e16c3a281d51a52b7d7bc17c418e7f818a167c9
/workspace/arc2/active_runs/eval60_v5_vs_greedy_4worker_v1/tmp/db0c5428/d024/o00_g1.json,3a6867f92fb7748ea0772a22a625d8909dbbd46b66b68bba042aa1aa50da51e2,3898242,db0c5428,0,24,anti_transpose,663333917eb9e2adcce8891622c1e5cb7cef7a7ece296e191fb8be5794ef17e1,e5beec92c9992930f4d6b468db1806ee2f3b9224e13179af7d4e8bb5897148e0,INDEPENDENT_FAST_2_PER_GPU,FAST_PASS,fast0,,1,1,305,306,305,0,18.824691079556942,search_exhausted,,,,o00_g1,db0c5428:o0:d024:anti_transpose,1,1790588444977833087,27ab62c81e4d6885f26df3ba101f865602bae4835bbcae2e0d398941bb24b522,7a2c42fde685d565119533e694fb8c26ab79350f48bbd4b8fc9bb988d0dedd92
/workspace/arc2/active_runs/eval60_v5_vs_greedy_4worker_v1/tmp/db0c5428/d048/o00_g0.json,8d12b7c37e0891286393e44fe039cc05de3ea76d313ca289fcf45ab10a050f3b,3842663,db0c5428,0,48,identity,eb1b0a55464fe871841f3c4f200dd486c618d6a141b16d26afa121347230b775,e5beec92c9992930f4d6b468db1806ee2f3b9224e13179af7d4e8bb5897148e0,INDEPENDENT_SINGLE_PER_GPU_REPAIR,HEAVY_REPAIR,heavy0_serial,,1,1,305,306,305,0,18.222743678838015,search_exhausted,,,,o00_g0,db0c5428:o0:d048:identity,0,1790598860780968757,f3821b9de6e91fc847dafe127829e716de00f515cdee9a98edd7906970f5c73b,e460a98114b74fad2793d90455d78663e36277cf99525188261207a1b7040f1d
/workspace/arc2/active_runs/eval60_v5_vs_greedy_4worker_v1/tmp/db0c5428/d048/o00_g0.json,8d12b7c37e0891286393e44fe039cc05de3ea76d313ca289fcf45ab10a050f3b,3842663,db0c5428,0,48,flip_ud,eb1b0a55464fe871841f3c4f200dd486c618d6a141b16d26afa121347230b775,e5beec92c9992930f4d6b468db1806ee2f3b9224e13179af7d4e8bb5897148e0,INDEPENDENT_FAST_2_PER_GPU,FAST_PASS,fast1,,1,1,305,306,305,0,18.394527725875378,search_exhausted,,,,o00_g0,db0c5428:o0:d048:flip_ud,1,1790598860780968757,dcba61391afcc93cfd0533abba770ff8e53f19fa4ce366fe76bd2bf71c882899,8eca8e9afe06bc1ee5af41688b750ddeab37a188c7673be10cc7fda5bb5e0704
/workspace/arc2/active_runs/eval60_v5_vs_greedy_4worker_v1/tmp/db0c5428/d048/o00_g1.json,4489f5eba9a52c8e6063e2d0e4cdb43ae3eacccf7403b5f5f9c4dff0195ed4f8,3868465,db0c5428,0,48,transpose,eb1b0a55464fe871841f3c4f200dd486c618d6a141b16d26afa121347230b775,e5beec92c9992930f4d6b468db1806ee2f3b9224e13179af7d4e8bb5897148e0,INDEPENDENT_FAST_2_PER_GPU,FAST_PASS,fast0,,1,1,305,306,305,0,18.797146117314696,search_exhausted,,,,o00_g1,db0c5428:o0:d048:transpose,0,1790588469976540191,894d04a24f829334664219c92e84ba7ef0daa0369fe40f18a784bf4e576454c0,397772e4ca607270640d72ad60a5ee991b3434b43e08473c14c06abc5c86b74b
/workspace/arc2/active_runs/eval60_v5_vs_greedy_4worker_v1/tmp/db0c5428/d048/o00_g1.json,4489f5eba9a52c8e6063e2d0e4cdb43ae3eacccf7403b5f5f9c4dff0195ed4f8,3868465,db0c5428,0,48,anti_transpose,eb1b0a55464fe871841f3c4f200dd486c618d6a141b16d26afa121347230b775,e5beec92c9992930f4d6b468db1806ee2f3b9224e13179af7d4e8bb5897148e0,INDEPENDENT_FAST_2_PER_GPU,FAST_PASS,fast2,,1,1,305,306,305,0,17.885183595120907,search_exhausted,,,,o00_g1,db0c5428:o0:d048:anti_transpose,1,1790588469976540191,b95dbc2575f47564fed8ea09fcc263f017185fc40d3a632f617ce57a47a8899a,feaa904a44770b0840bb4cea5d91826f5e4aa5e15a4b7ca9dd2c0bc4196cbcbd
/workspace/arc2/active_runs/eval60_v5_vs_greedy_4worker_v1/tmp/dd6b8c4b/d012/o00_g0.json,64757df6655a7eb6fc046c88fc73ea6f8fa1779560bd9803dd964deae1aeef42,2295449,dd6b8c4b,0,12,identity,0f74bd84fc02475a289aefb129b208acb69679304992a6af03fcd5f7be27cee6,e5beec92c9992930f4d6b468db1806ee2f3b9224e13179af7d4e8bb5897148e0,INDEPENDENT_FAST_2_PER_GPU,FAST_PASS,fast0,,1,1,131,132,131,0,8.078835709020495,search_exhausted,,,,o00_g0,dd6b8c4b:o0:d012:identity,0,1790589490390031752,e535d2229556888b1e4ce102dbab4d8b9ac79f0a224264ed495e4840b49c329d,97d55be7d2f30869f9817856842de1cebd6592b127c739ee1bba94d00f4eada9
/workspace/arc2/active_runs/eval60_v5_vs_greedy_4worker_v1/tmp/dd6b8c4b/d012/o00_g0.json,64757df6655a7eb6fc046c88fc73ea6f8fa1779560bd9803dd964deae1aeef42,2295449,dd6b8c4b,0,12,flip_ud,0f74bd84fc02475a289aefb129b208acb69679304992a6af03fcd5f7be27cee6,e5beec92c9992930f4d6b468db1806ee2f3b9224e13179af7d4e8bb5897148e0,INDEPENDENT_FAST_2_PER_GPU,FAST_PASS,fast2,,2,2,210,211,210,124,13.237286668270826,search_exhausted,,,,o00_g0,dd6b8c4b:o0:d012:flip_ud,1,1790589490390031752,3877efbb62da6c91b9ed24dab2ea1997901cd01901c0069e265d478e3b4bc5ee,8c83a4ef2622ac131a91c8db7db0a7ba47206c85a2707df7066097968056a4ed
/workspace/arc2/active_runs/eval60_v5_vs_greedy_4worker_v1/tmp/dd6b8c4b/d012/o00_g1.json,d528424efcb84c0c14716288eb6fc808ab8df4232fd48b0a8676de5e4e1f8bd8,2849598,dd6b8c4b,0,12,transpose,0f74bd84fc02475a289aefb129b208acb69679304992a6af03fcd5f7be27cee6,e5beec92c9992930f4d6b468db1806ee2f3b9224e13179af7d4e8bb5897148e0,INDEPENDENT_FAST_2_PER_GPU,FAST_PASS,fast3,,1,1,131,132,131,0,8.206742925569415,search_exhausted,,,,o00_g1,dd6b8c4b:o0:d012:transpose,0,1790589504601537348,343ee264fa73a270af6bbd3b2203ad42b1625393fea41a22337cf55da7dbc199,f00e64645943d3293265875e6d915a90ae1edd9afea3f45e45209228d0a59f2f
/workspace/arc2/active_runs/eval60_v5_vs_greedy_4worker_v1/tmp/dd6b8c4b/d012/o00_g1.json,d528424efcb84c0c14716288eb6fc808ab8df4232fd48b0a8676de5e4e1f8bd8,2849598,dd6b8c4b,0,12,anti_transpose,0f74bd84fc02475a289aefb129b208acb69679304992a6af03fcd5f7be27cee6,e5beec92c9992930f4d6b468db1806ee2f3b9224e13179af7d4e8bb5897148e0,INDEPENDENT_FAST_2_PER_GPU,FAST_PASS,fast3,,3,3,288,289,288,156,17.3404871635139,search_exhausted,,,,o00_g1,dd6b8c4b:o0:d012:anti_transpose,1,1790589504601537348,c5c19b9df7c76fe7d1268bfee27d089c445706eb7f43d13ed44ec47d7e744e5b,f34b69639074d0af4fb90bc6971d6349375b8d0838e1449cc8d4ba00caf43b5e
/workspace/arc2/active_runs/eval60_v5_vs_greedy_4worker_v1/tmp/dd6b8c4b/d012/o01_g0.json,b0496243219e536a44849681c63cbb6778f957fdcaa1abe06ebeca65b46649c4,2682638,dd6b8c4b,1,12,identity,0f74bd84fc02475a289aefb129b208acb69679304992a6af03fcd5f7be27cee6,e5beec92c9992930f4d6b468db1806ee2f3b9224e13179af7d4e8bb5897148e0,INDEPENDENT_FAST_2_PER_GPU,FAST_PASS,fast0,,1,1,131,132,131,12,7.905036171898246,search_exhausted,,,,o01_g0,dd6b8c4b:o1:d012:identity,0,1790589506145795207,565722f6330913a77993dc434f49b26bee29642856ebef9b34de7c0ad67b5970,42bde1ec47011b675a22decf7dd3c25a3b6a554c552205b70b091636c833afff
/workspace/arc2/active_runs/eval60_v5_vs_greedy_4worker_v1/tmp/dd6b8c4b/d012/o01_g0.json,b0496243219e536a44849681c63cbb6778f957fdcaa1abe06ebeca65b46649c4,2682638,dd6b8c4b,1,12,flip_ud,0f74bd84fc02475a289aefb129b208acb69679304992a6af03fcd5f7be27cee6,e5beec92c9992930f4d6b468db1806ee2f3b9224e13179af7d4e8bb5897148e0,INDEPENDENT_FAST_2_PER_GPU,FAST_PASS,fast2,,2,2,262,263,262,190,15.65814750827849,search_exhausted,,,,o01_g0,dd6b8c4b:o1:d012:flip_ud,1,1790589506145795207,65a9b024681e523f02bd09ceee9323ec712e0a33d7aa9c432711664248e0c7ac,04246cc46a25d523ba92c6cf53739ddc93d62777ba918cce5b51a0e3e1e1d49e
/workspace/arc2/active_runs/eval60_v5_vs_greedy_4worker_v1/tmp/dd6b8c4b/d012/o01_g1.json,3de68087039911f2f6256a408b22574c5232d3d8699510c46b872ae2b785f5dd,3571285,dd6b8c4b,1,12,transpose,0f74bd84fc02475a289aefb129b208acb69679304992a6af03fcd5f7be27cee6,e5beec92c9992930f4d6b468db1806ee2f3b9224e13179af7d4e8bb5897148e0,INDEPENDENT_FAST_2_PER_GPU,FAST_PASS,fast0,,2,2,252,253,252,158,15.42171736434102,search_exhausted,,,,o01_g1,dd6b8c4b:o1:d012:transpose,0,1790589520128771582,26ad76be569b4b18067a96c6a57d169831c9e1d4f43f4d760a3b7b334957bbba,1a32cc417d63a6f4a75896366fadfc90d7fdca8633db779a3f01dc778d63c143
/workspace/arc2/active_runs/eval60_v5_vs_greedy_4worker_v1/tmp/dd6b8c4b/d012/o01_g1.json,3de68087039911f2f6256a408b22574c5232d3d8699510c46b872ae2b785f5dd,3571285,dd6b8c4b,1,12,anti_transpose,0f74bd84fc02475a289aefb129b208acb69679304992a6af03fcd5f7be27cee6,e5beec92c9992930f4d6b468db1806ee2f3b9224e13179af7d4e8bb5897148e0,INDEPENDENT_FAST_2_PER_GPU,FAST_PASS,fast3,,2,2,262,263,262,160,15.403366710990667,search_exhausted,,,,o01_g1,dd6b8c4b:o1:d012:anti_transpose,1,1790589520128771582,337454fce27f9437e256e700021a25801afb67a9cd9b1e099bb42fb5da940786,5821a9777dd7ab257851da33eafcd0e1d1333b00801d25ae4e5459e64e99ab97
/workspace/arc2/active_runs/eval60_v5_vs_greedy_4worker_v1/tmp/dd6b8c4b/d024/o00_g0.json,b178a6053b6590a610ba34b25305e39c9f9df61e5707bffd51f099873388b499,3190260,dd6b8c4b,0,24,identity,13f4e1eaa1770db060cbdc589ca7f99870e3dd6973c1422df5380640f71fb6a1,e5beec92c9992930f4d6b468db1806ee2f3b9224e13179af7d4e8bb5897148e0,INDEPENDENT_FAST_2_PER_GPU,FAST_PASS,fast2,,2,2,260,261,260,124,15.723740722984076,search_exhausted,,,,o00_g0,dd6b8c4b:o0:d024:identity,0,1790589547286198279,2b90b150dcc6a51d1b774c4a9d2388fe2e7d4cf4bd0868f274d3169b6aa9901d,d8cb7f455c8acb06b3b4d6703424bed852e6e66b8c45fe0a282c18bfebc39f04
/workspace/arc2/active_runs/eval60_v5_vs_greedy_4worker_v1/tmp/dd6b8c4b/d024/o00_g0.json,b178a6053b6590a610ba34b25305e39c9f9df61e5707bffd51f099873388b499,3190260,dd6b8c4b,0,24,flip_ud,13f4e1eaa1770db060cbdc589ca7f99870e3dd6973c1422df5380640f71fb6a1,e5beec92c9992930f4d6b468db1806ee2f3b9224e13179af7d4e8bb5897148e0,INDEPENDENT_FAST_2_PER_GPU,FAST_PASS,fast0,,2,2,210,211,210,102,12.672822304069996,search_exhausted,,,,o00_g0,dd6b8c4b:o0:d024:flip_ud,1,1790589547286198279,7d298a3e558486cd0cf90d4d0b8876b598419270f44da11e0bf64c533e193bd7,ded809389a9a57d917a96a8549269542de459af8b3d7ff54519c5eaf49e0f77c
/workspace/arc2/active_runs/eval60_v5_vs_greedy_4worker_v1/tmp/dd6b8c4b/d024/o00_g1.json,caab374f974c150b0a632d65becc89fa7eb5b2464017dcbfbbc5ebe03ca73a73,2320492,dd6b8c4b,0,24,transpose,13f4e1eaa1770db060cbdc589ca7f99870e3dd6973c1422df5380640f71fb6a1,e5beec92c9992930f4d6b468db1806ee2f3b9224e13179af7d4e8bb5897148e0,INDEPENDENT_FAST_2_PER_GPU,FAST_PASS,fast3,,1,1,131,132,131,0,7.912095904350281,search_exhausted,,,,o00_g1,dd6b8c4b:o0:d024:transpose,0,1790589551974581109,94cf55ab0cb3313b2fcf1a6246baba58dfded5bbea56dc2503b15f88f805d5d2,6eaee199a051c265446b5f44d4e6c46b8f489553041a67bc840f8250020267bc
/workspace/arc2/active_runs/eval60_v5_vs_greedy_4worker_v1/tmp/dd6b8c4b/d024/o00_g1.json,caab374f974c150b0a632d65becc89fa7eb5b2464017dcbfbbc5ebe03ca73a73,2320492,dd6b8c4b,0,24,anti_transpose,13f4e1eaa1770db060cbdc589ca7f99870e3dd6973c1422df5380640f71fb6a1,e5beec92c9992930f4d6b468db1806ee2f3b9224e13179af7d4e8bb5897148e0,INDEPENDENT_FAST_2_PER_GPU,FAST_PASS,fast3,,2,2,210,211,210,133,12.507230967283249,search_exhausted,,,,o00_g1,dd6b8c4b:o0:d024:anti_transpose,1,1790589551974581109,57e811256898f60f82a4a315f5f6779cfac15c0604ccd5979d3d399c6a627c90,a36c5147882b3c4fc396a8846ceca2b46aa9e9c4f6709a9a2d798ade92ad477e
/workspace/arc2/active_runs/eval60_v5_vs_greedy_4worker_v1/tmp/dd6b8c4b/d024/o01_g0.json,7c306a908994f99d0020d9dade59136ca4d9c14e63494e8a26961d84c027e47d,3566902,dd6b8c4b,1,24,identity,13f4e1eaa1770db060cbdc589ca7f99870e3dd6973c1422df5380640f71fb6a1,e5beec92c9992930f4d6b468db1806ee2f3b9224e13179af7d4e8bb5897148e0,INDEPENDENT_FAST_2_PER_GPU,FAST_PASS,fast0,,2,2,258,259,258,130,15.403818828985095,search_exhausted,,,,o01_g0,dd6b8c4b:o1:d024:identity,0,1790589562628577576,52f0989654363b6e427856ef71ab98caadbfdd2b20c9c49e665209b366a0ba6e,ea634f000537e9c2433d1db6668353d275c3d10b28d5653182cfb9edc5629548
/workspace/arc2/active_runs/eval60_v5_vs_greedy_4worker_v1/tmp/dd6b8c4b/d024/o01_g0.json,7c306a908994f99d0020d9dade59136ca4d9c14e63494e8a26961d84c027e47d,3566902,dd6b8c4b,1,24,flip_ud,13f4e1eaa1770db060cbdc589ca7f99870e3dd6973c1422df5380640f71fb6a1,e5beec92c9992930f4d6b468db1806ee2f3b9224e13179af7d4e8bb5897148e0,INDEPENDENT_FAST_2_PER_GPU,FAST_PASS,fast2,,2,2,262,263,262,174,15.21454494819045,search_exhausted,,,,o01_g0,dd6b8c4b:o1:d024:flip_ud,1,1790589562628577576,56ae60ae1eba116b2a17d37ae5f57c1fb0c5bdcc14d44ccbbcbe8a9be1153d9a,55a21bb2766a3eb1cfdf35bbb5067d97386851225d8e19e42ff865847ae2b57c
/workspace/arc2/active_runs/eval60_v5_vs_greedy_4worker_v1/tmp/dd6b8c4b/d024/o01_g1.json,5f97d88a595557791e50a5ae37d4d112ae2e4c28d804b5d930425bf6be17c772,3416878,dd6b8c4b,1,24,transpose,13f4e1eaa1770db060cbdc589ca7f99870e3dd6973c1422df5380640f71fb6a1,e5beec92c9992930f4d6b468db1806ee2f3b9224e13179af7d4e8bb5897148e0,INDEPENDENT_FAST_2_PER_GPU,FAST_PASS,fast3,,2,2,237,238,237,80,13.988156408071518,search_exhausted,,,,o01_g1,dd6b8c4b:o1:d024:transpose,0,1790589575686176136,00d6f8486f6d125e970a83096e96198e97b66813d9d648264b45138f3d3f794c,18b807870ca71662e4065aab6b3d96365b52a38a0896187ddd23b4e80251e1e0
/workspace/arc2/active_runs/eval60_v5_vs_greedy_4worker_v1/tmp/dd6b8c4b/d024/o01_g1.json,5f97d88a595557791e50a5ae37d4d112ae2e4c28d804b5d930425bf6be17c772,3416878,dd6b8c4b,1,24,anti_transpose,13f4e1eaa1770db060cbdc589ca7f99870e3dd6973c1422df5380640f71fb6a1,e5beec92c9992930f4d6b468db1806ee2f3b9224e13179af7d4e8bb5897148e0,INDEPENDENT_FAST_2_PER_GPU,FAST_PASS,fast0,,2,2,262,263,262,158,15.889367928728461,search_exhausted,,,,o01_g1,dd6b8c4b:o1:d024:anti_transpose,1,1790589575686176136,e246f50c5c21b8696d7bc084cbd0b4d4109f228599b2753bd0d90d70120631c5,a420e116ac6fcdf5b17365a8e2d503d9c5ab1a52fa72db6290fc60eb0a59e5d1
/workspace/arc2/active_runs/eval60_v5_vs_greedy_4worker_v1/tmp/dd6b8c4b/d048/o00_g0.json,a9e096d353d770a217a7132fa1c5cfc79836ad4bbb9d1e9dc1a448066d9f48f2,2126603,dd6b8c4b,0,48,identity,3f48001922c85363264cef6e1e92cc7a5ccddccd8e84b83c9b77c36ad354936a,e5beec92c9992930f4d6b468db1806ee2f3b9224e13179af7d4e8bb5897148e0,INDEPENDENT_FAST_2_PER_GPU,FAST_PASS,fast2,,1,1,131,132,131,0,7.873797228559852,search_exhausted,,,,o00_g0,dd6b8c4b:o0:d048:identity,0,1790589593912483159,775a937992085bafbc18285faaffab510a14a3d8d7687f937952033390cf6e49,e404a7877137021c518c635879dfc0ac7075c7a23d6d8359a1c8f9b40b992cf9
/workspace/arc2/active_runs/eval60_v5_vs_greedy_4worker_v1/tmp/dd6b8c4b/d048/o00_g0.json,a9e096d353d770a217a7132fa1c5cfc79836ad4bbb9d1e9dc1a448066d9f48f2,2126603,dd6b8c4b,0,48,flip_ud,3f48001922c85363264cef6e1e92cc7a5ccddccd8e84b83c9b77c36ad354936a,e5beec92c9992930f4d6b468db1806ee2f3b9224e13179af7d4e8bb5897148e0,INDEPENDENT_FAST_2_PER_GPU,FAST_PASS,fast3,,2,2,198,199,198,68,12.081791792064905,search_exhausted,,,,o00_g0,dd6b8c4b:o0:d048:flip_ud,1,1790589593912483159,0b4bd19c1852c83b11b6c360f82034cc8c93127be2462fd523f9388ed039e9d2,b83f00b8be3c616c30d500168f545aa1afc8f5fccbc692d4cf4b858a3ac9ff7e
/workspace/arc2/active_runs/eval60_v5_vs_greedy_4worker_v1/tmp/dd6b8c4b/d048/o00_g1.json,9e6edc0fe7197f7c69a75f09dcdfc70b0d8eb6aebb3f3e4c430d80f9fa5f6198,2210904,dd6b8c4b,0,48,transpose,3f48001922c85363264cef6e1e92cc7a5ccddccd8e84b83c9b77c36ad354936a,e5beec92c9992930f4d6b468db1806ee2f3b9224e13179af7d4e8bb5897148e0,INDEPENDENT_FAST_2_PER_GPU,FAST_PASS,fast0,,1,1,131,132,131,0,7.889550445601344,search_exhausted,,,,o00_g1,dd6b8c4b:o0:d048:transpose,0,1790589602505522382,bf498955ef5f81877210580ec64d975c928411d8dada795959148c775c4ee390,6b602bb0ea45c2f3455fb55c79b15418a6f02b7b342236fa553b597bd4e9824d
/workspace/arc2/active_runs/eval60_v5_vs_greedy_4worker_v1/tmp/dd6b8c4b/d048/o00_g1.json,9e6edc0fe7197f7c69a75f09dcdfc70b0d8eb6aebb3f3e4c430d80f9fa5f6198,2210904,dd6b8c4b,0,48,anti_transpose,3f48001922c85363264cef6e1e92cc7a5ccddccd8e84b83c9b77c36ad354936a,e5beec92c9992930f4d6b468db1806ee2f3b9224e13179af7d4e8bb5897148e0,INDEPENDENT_FAST_2_PER_GPU,FAST_PASS,fast2,,2,2,210,211,210,67,12.754945551976562,search_exhausted,,,,o00_g1,dd6b8c4b:o0:d048:anti_transpose,1,1790589602505522382,b7ceff6ec949bba6e0bd188455b1410432e662c36dd73f51a052a4f75e30da59,5b267a2690d243464db566c9670775f8535ac07484518b7613539f6da1029082
/workspace/arc2/active_runs/eval60_v5_vs_greedy_4worker_v1/tmp/dd6b8c4b/d048/o01_g0.json,8830a547877c862ebaa1ce7776941604230dc1df214b504c10d3ffd9e394431e,3327725,dd6b8c4b,1,48,identity,3f48001922c85363264cef6e1e92cc7a5ccddccd8e84b83c9b77c36ad354936a,e5beec92c9992930f4d6b468db1806ee2f3b9224e13179af7d4e8bb5897148e0,INDEPENDENT_FAST_2_PER_GPU,FAST_PASS,fast0,,2,2,258,259,258,0,15.257682297378778,search_exhausted,,,,o01_g0,dd6b8c4b:o1:d048:identity,0,1790589609215125196,3173254836c05701ef2083e647cec33178cf2ff11d7cdac4e44915fbf05e34f0,e985e614bac8a44ca0db95f116d1f0a318577978cd694efa55905b04725ebe33
/workspace/arc2/active_runs/eval60_v5_vs_greedy_4worker_v1/tmp/dd6b8c4b/d048/o01_g0.json,8830a547877c862ebaa1ce7776941604230dc1df214b504c10d3ffd9e394431e,3327725,dd6b8c4b,1,48,flip_ud,3f48001922c85363264cef6e1e92cc7a5ccddccd8e84b83c9b77c36ad354936a,e5beec92c9992930f4d6b468db1806ee2f3b9224e13179af7d4e8bb5897148e0,INDEPENDENT_FAST_2_PER_GPU,FAST_PASS,fast3,,2,2,258,259,258,94,15.195258801802993,search_exhausted,,,,o01_g0,dd6b8c4b:o1:d048:flip_ud,1,1790589609215125196,609099bda98289ea4d4bdc0282de04407d249ab1a38ced907b9bb0a6c577f953,3292ce692cc164cf024a0def7733b8c0e3e2ae4521a8f8cacf1714ee92dbe63c
/workspace/arc2/active_runs/eval60_v5_vs_greedy_4worker_v1/tmp/dd6b8c4b/d048/o01_g1.json,57c0c62a460b7365a996a730a88a91fc2a7b1fcaa0ef5f06c6fb18e4adc1ca4e,1671595,dd6b8c4b,1,48,transpose,3f48001922c85363264cef6e1e92cc7a5ccddccd8e84b83c9b77c36ad354936a,e5beec92c9992930f4d6b468db1806ee2f3b9224e13179af7d4e8bb5897148e0,INDEPENDENT_FAST_2_PER_GPU,FAST_PASS,fast2,,1,1,131,132,131,0,7.710595710203052,search_exhausted,,,,o01_g1,dd6b8c4b:o1:d048:transpose,0,1790589612991859295,b4aa3e5d3bb9a381f3022023a8027315d34097b22dc3bdedefac5865ea75eb92,4c32eae1b78d6219c62243ebcb2f68c1b38881f29a28a8b63c75b0124ba2973a
/workspace/arc2/active_runs/eval60_v5_vs_greedy_4worker_v1/tmp/dd6b8c4b/d048/o01_g1.json,57c0c62a460b7365a996a730a88a91fc2a7b1fcaa0ef5f06c6fb18e4adc1ca4e,1671595,dd6b8c4b,1,48,anti_transpose,3f48001922c85363264cef6e1e92cc7a5ccddccd8e84b83c9b77c36ad354936a,e5beec92c9992930f4d6b468db1806ee2f3b9224e13179af7d4e8bb5897148e0,INDEPENDENT_FAST_2_PER_GPU,FAST_PASS,fast0,,1,1,131,132,131,0,7.8876649141311646,search_exhausted,,,,o01_g1,dd6b8c4b:o1:d048:anti_transpose,1,1790589612991859295,72dd508e1df3e06b2028786ca3649081fa773527f5da25b1699c551bd70fae1e,162447791ae9e0b295287b53ed27dd7e515b7c78e2c871ee4b5469b4d5bae2a9
/workspace/arc2/active_runs/eval60_v5_vs_greedy_4worker_v1/tmp/de809cff/d012/o00_g0.json,923f122527f1d7cbd62e103015633a933d9221c2d045151620e9aedd9928a012,20025208,de809cff,0,12,identity,290717a4dec7f294f1b51f57c84432f1c0bc0592a505b8d0b6b1fa14babbf19a,e5beec92c9992930f4d6b468db1806ee2f3b9224e13179af7d4e8bb5897148e0,INDEPENDENT_FAST_2_PER_GPU,FAST_PASS,fast0,,2,2,1254,1255,1254,297,75.45718308910728,search_exhausted,,,,o00_g0,de809cff:o0:d012:identity,0,1790601874000000000,7db15ef6b24417165b1b70243a2dcedc377744704a6719ea458f357aa57a2091,508eaa0933f761595021f0bf980fa4cf8f560a1ae6d43d93f3356723d54cbabd
/workspace/arc2/active_runs/eval60_v5_vs_greedy_4worker_v1/tmp/de809cff/d012/o00_g0.json,923f122527f1d7cbd62e103015633a933d9221c2d045151620e9aedd9928a012,20025208,de809cff,0,12,flip_ud,290717a4dec7f294f1b51f57c84432f1c0bc0592a505b8d0b6b1fa14babbf19a,e5beec92c9992930f4d6b468db1806ee2f3b9224e13179af7d4e8bb5897148e0,INDEPENDENT_SINGLE_PER_GPU_REPAIR,HEAVY_REPAIR,heavy0_serial,,2,2,1793,1794,1793,801,105.72630890458822,search_exhausted,,,,o00_g0,de809cff:o0:d012:flip_ud,1,1790601874000000000,dc9a67570be29522ecff6cc203f06aef51d443145f5c0a09bae4d004dc274bc3,4598947e12b45c549271801fa17f9f49fa48519a62de8e536f8d04764c811cd5
/workspace/arc2/active_runs/eval60_v5_vs_greedy_4worker_v1/tmp/de809cff/d012/o00_g1.json,6c57f10f5e4a211689fedd05daef03e10db24371e1b06039fb07f0a1a298f5a1,16078667,de809cff,0,12,transpose,290717a4dec7f294f1b51f57c84432f1c0bc0592a505b8d0b6b1fa14babbf19a,e5beec92c9992930f4d6b468db1806ee2f3b9224e13179af7d4e8bb5897148e0,INDEPENDENT_FAST_2_PER_GPU,FAST_PASS,fast3,,1,1,929,930,929,242,55.08130338601768,search_exhausted,,,,o00_g1,de809cff:o0:d012:transpose,0,1790601970000000000,535649d4a0db8431232b2e6662f74818f5da28212545bad4a8e35dbc7229f352,7f10f3fdd167cb2fd9034b392ba665af6eed350f57033fd3721c7f738d8308dc
/workspace/arc2/active_runs/eval60_v5_vs_greedy_4worker_v1/tmp/de809cff/d012/o00_g1.json,6c57f10f5e4a211689fedd05daef03e10db24371e1b06039fb07f0a1a298f5a1,16078667,de809cff,0,12,anti_transpose,290717a4dec7f294f1b51f57c84432f1c0bc0592a505b8d0b6b1fa14babbf19a,e5beec92c9992930f4d6b468db1806ee2f3b9224e13179af7d4e8bb5897148e0,INDEPENDENT_SINGLE_PER_GPU_REPAIR,HEAVY_REPAIR,heavy0_serial,,2,2,1597,1598,1597,0,93.97668659687042,search_exhausted,,,,o00_g1,de809cff:o0:d012:anti_transpose,1,1790601970000000000,997275ecf783afbe91b051c732f41e345b2d952c3dceca3b966ed358038ef51e,8e28228cb4fc721e44029fd3fd1119925e8e024b09a01319692d097c9dd76482
/workspace/arc2/active_runs/eval60_v5_vs_greedy_4worker_v1/tmp/de809cff/d024/o00_g0.json,79dab816bafa8a535f984b7fc73b01c40e5595711fa7833c183129030cfd0a6b,11456708,de809cff,0,24,identity,1455c34eb2a96435369485c911ad535dbeef2001a7627f7753e538bc134ec255,e5beec92c9992930f4d6b468db1806ee2f3b9224e13179af7d4e8bb5897148e0,INDEPENDENT_SINGLE_PER_GPU_REPAIR,HEAVY_REPAIR,heavy0_serial,,1,1,929,930,929,0,54.75091527402401,search_exhausted,,,,o00_g0,de809cff:o0:d024:identity,0,1790602045000000000,2d0b4c29700fdda553409b6d850bc3da9a0179c3c64a907891a8fff1d230998d,50b4070848c1669c491c15aa6af26fda1e56e80f2546d695d9a700e3c386192a
/workspace/arc2/active_runs/eval60_v5_vs_greedy_4worker_v1/tmp/de809cff/d024/o00_g0.json,79dab816bafa8a535f984b7fc73b01c40e5595711fa7833c183129030cfd0a6b,11456708,de809cff,0,24,flip_ud,1455c34eb2a96435369485c911ad535dbeef2001a7627f7753e538bc134ec255,e5beec92c9992930f4d6b468db1806ee2f3b9224e13179af7d4e8bb5897148e0,INDEPENDENT_FAST_2_PER_GPU,FAST_PASS,fast3,,1,1,929,930,929,0,54.33654852770269,search_exhausted,,,,o00_g0,de809cff:o0:d024:flip_ud,1,1790602045000000000,e1baea87db7f9a4818fb2ba01a9a52c59af3b73fa102a6dd06eb2b89dde6c444,de5e59a029f8c2cde4974cade0f16bde2497f803fef9689b240dc1e360681ae1
/workspace/arc2/active_runs/eval60_v5_vs_greedy_4worker_v1/tmp/de809cff/d024/o00_g1.json,a11454e065355e094a7987a8cc8a4b62d87485049d6569b28e690256d726a6a8,14942221,de809cff,0,24,transpose,1455c34eb2a96435369485c911ad535dbeef2001a7627f7753e538bc134ec255,e5beec92c9992930f4d6b468db1806ee2f3b9224e13179af7d4e8bb5897148e0,INDEPENDENT_FAST_2_PER_GPU,FAST_PASS,fast0,,1,1,929,930,929,0,55.806052131578326,search_exhausted,,,,o00_g1,de809cff:o0:d024:transpose,0,1790602134000000000,3c2bad1eaa595bc06ce0a6e866bb61fa58cf594c319f1305afa67a3d15591989,3040847d866b89927b07ebc70000c41c3d74bc32726cb8bdba7fc9d6611a344b
/workspace/arc2/active_runs/eval60_v5_vs_greedy_4worker_v1/tmp/de809cff/d024/o00_g1.json,a11454e065355e094a7987a8cc8a4b62d87485049d6569b28e690256d726a6a8,14942221,de809cff,0,24,anti_transpose,1455c34eb2a96435369485c911ad535dbeef2001a7627f7753e538bc134ec255,e5beec92c9992930f4d6b468db1806ee2f3b9224e13179af7d4e8bb5897148e0,INDEPENDENT_SINGLE_PER_GPU_REPAIR,HEAVY_REPAIR,heavy0_serial,,2,2,1475,1476,1475,0,86.4842604920268,search_exhausted,,,,o00_g1,de809cff:o0:d024:anti_transpose,1,1790602134000000000,62a1478818206cc22293a425f6e0454847ce98062e7870e8caa694b2216f24a4,fa641c6f9467ef6c90c7e2fb0be9f4ffea7682ad9d185e2e638f04e47fe14610
/workspace/arc2/active_runs/eval60_v5_vs_greedy_4worker_v1/tmp/de809cff/d048/o00_g0.json,8359426d10da50986bd97813201e950bf47aefc8341494f886cbefb563c7c4af,17918517,de809cff,0,48,identity,0f6ced997246c1190dca56d875966f65fe8e5a64f9f805c917b06ea332c42890,e5beec92c9992930f4d6b468db1806ee2f3b9224e13179af7d4e8bb5897148e0,INDEPENDENT_FAST_2_PER_GPU,FAST_PASS,fast3,,2,2,1316,1317,1316,0,76.46722528338432,search_exhausted,,,,o00_g0,de809cff:o0:d048:identity,0,1790602256000000000,b10fcb29a9a82619ec67090b4e05547bf7a4a7a99785c02179b29001662ab076,f786f080154d92eb492a029af38b292350a06ab920bd65e434fb87a9723da251
/workspace/arc2/active_runs/eval60_v5_vs_greedy_4worker_v1/tmp/de809cff/d048/o00_g0.json,8359426d10da50986bd97813201e950bf47aefc8341494f886cbefb563c7c4af,17918517,de809cff,0,48,flip_ud,0f6ced997246c1190dca56d875966f65fe8e5a64f9f805c917b06ea332c42890,e5beec92c9992930f4d6b468db1806ee2f3b9224e13179af7d4e8bb5897148e0,INDEPENDENT_SINGLE_PER_GPU_REPAIR,HEAVY_REPAIR,heavy0_serial,,2,2,1527,1528,1527,0,90.05045706219971,search_exhausted,,,,o00_g0,de809cff:o0:d048:flip_ud,1,1790602256000000000,4361d7976bfc76696f370b1983f4271d306dfdded015e307982a00b29949842e,e057fc9ba87b9d54391c381df2fcd9510fb441e890a299d4eecc6ae702343149
/workspace/arc2/active_runs/eval60_v5_vs_greedy_4worker_v1/tmp/de809cff/d048/o00_g1.json,202cd1a31f3a0f35266ba34363d5f5df4545ff89312c3b8b5dd340ecff9550ae,24953981,de809cff,0,48,transpose,0f6ced997246c1190dca56d875966f65fe8e5a64f9f805c917b06ea332c42890,e5beec92c9992930f4d6b468db1806ee2f3b9224e13179af7d4e8bb5897148e0,INDEPENDENT_FAST_2_PER_GPU,FAST_PASS,fast0,,3,3,2763,2764,2763,2449,163.20858574844897,search_exhausted,,,,o00_g1,de809cff:o0:d048:transpose,0,1790602313000000000,6837567dd88ae8aa3206de538f82a1bdf9a6cb40ad061472b7ae5991ec9b1bc7,fcbb51a5fb62ff9d99cdb1917acb53488d30caf2a9e850d1beba4c6cc42fb3c5
/workspace/arc2/active_runs/eval60_v5_vs_greedy_4worker_v1/tmp/de809cff/d048/o00_g1.json,202cd1a31f3a0f35266ba34363d5f5df4545ff89312c3b8b5dd340ecff9550ae,24953981,de809cff,0,48,anti_transpose,0f6ced997246c1190dca56d875966f65fe8e5a64f9f805c917b06ea332c42890,e5beec92c9992930f4d6b468db1806ee2f3b9224e13179af7d4e8bb5897148e0,INDEPENDENT_SINGLE_PER_GPU_REPAIR,HEAVY_REPAIR,heavy0_serial,,1,1,929,930,929,0,55.63111179880798,search_exhausted,,,,o00_g1,de809cff:o0:d048:anti_transpose,1,1790602313000000000,9c69ae4b29d4bfd4b245cf249b557ecd5f534ebbe9c5771fc33cc14421970924,fada93d370cfacde9ddff66b900bf8dba745b7ea8d783ea799e597ab42ca8df2
/workspace/arc2/active_runs/eval60_v5_vs_greedy_4worker_v1/tmp/dfadab01/d012/o00_g0.json,321924620a768f4d5cd1097721e8f697ee30e6c7307494db11e3525062fb10f7,7357194,dfadab01,0,12,identity,4672748744a19bd739c3e2ce0f1d5c7dd4ab5be607b15ebe739bffd9580438ef,e5beec92c9992930f4d6b468db1806ee2f3b9224e13179af7d4e8bb5897148e0,INDEPENDENT_FAST_2_PER_GPU,FAST_PASS,fast3,,1,1,419,420,419,0,24.555081279948354,search_exhausted,,,,o00_g0,dfadab01:o0:d012:identity,0,1790606655000000000,129548172f4c9b1d689e7af7131fbbd76c2e219f858ea833355ddd88fb481fd3,b4758acdcb7bb190a5bcb2c2c6e435db57ff3a7bc959622d2b2250b4c6f47114
/workspace/arc2/active_runs/eval60_v5_vs_greedy_4worker_v1/tmp/dfadab01/d012/o00_g0.json,321924620a768f4d5cd1097721e8f697ee30e6c7307494db11e3525062fb10f7,7357194,dfadab01,0,12,flip_ud,4672748744a19bd739c3e2ce0f1d5c7dd4ab5be607b15ebe739bffd9580438ef,e5beec92c9992930f4d6b468db1806ee2f3b9224e13179af7d4e8bb5897148e0,INDEPENDENT_SINGLE_PER_GPU_REPAIR,HEAVY_REPAIR,heavy0_serial,,2,2,683,684,683,412,41.13437681645155,search_exhausted,,,,o00_g0,dfadab01:o0:d012:flip_ud,1,1790606655000000000,730c79757df6a38edd93d226eb35696e7502f8957e0066edeeee117bd8cb9317,277a8f6f6cf074b978ad9d878a72b744b3cead773ae00f23948505d5bb40dbf6
/workspace/arc2/active_runs/eval60_v5_vs_greedy_4worker_v1/tmp/dfadab01/d012/o00_g1.json,5f44293c0c2ccbf6d829b40dd148a940fec90b4773d8472575601b2633b84c5c,8427114,dfadab01,0,12,transpose,4672748744a19bd739c3e2ce0f1d5c7dd4ab5be607b15ebe739bffd9580438ef,e5beec92c9992930f4d6b468db1806ee2f3b9224e13179af7d4e8bb5897148e0,INDEPENDENT_FAST_2_PER_GPU,FAST_PASS,fast0,,1,1,419,420,419,0,24.531915282830596,search_exhausted,,,,o00_g1,dfadab01:o0:d012:transpose,0,1790594508000000000,1e51b0d8cd52dc2fc7c635fb2c8c46194ee8abc2afd6fa58fdda47880c98fc3a,6558a8d3829631c58113b96918b46a1af6c17952b8fd26911222f70a174690f1
/workspace/arc2/active_runs/eval60_v5_vs_greedy_4worker_v1/tmp/dfadab01/d012/o00_g1.json,5f44293c0c2ccbf6d829b40dd148a940fec90b4773d8472575601b2633b84c5c,8427114,dfadab01,0,12,anti_transpose,4672748744a19bd739c3e2ce0f1d5c7dd4ab5be607b15ebe739bffd9580438ef,e5beec92c9992930f4d6b468db1806ee2f3b9224e13179af7d4e8bb5897148e0,INDEPENDENT_FAST_2_PER_GPU,FAST_PASS,fast3,,2,2,838,839,838,419,49.01156973466277,search_exhausted,,,,o00_g1,dfadab01:o0:d012:anti_transpose,1,1790594508000000000,9952e6560ab2a8f45de0c372606e7c5b1f7907354986b303c34dad67b1a759c0,fc73b712a9c56a8ad6d4dc28010de1c587ec5e5311da6f03035e8ba08f5a9c55
/workspace/arc2/active_runs/eval60_v5_vs_greedy_4worker_v1/tmp/dfadab01/d024/o00_g0.json,b759cd16e75a633e706484ef3f17bfc643f788099564868844ca482374c1cfd5,6848335,dfadab01,0,24,identity,3ef53c96baa373f4af1569d357be905880f3da40a827b63dc3e19a6bb8341a16,e5beec92c9992930f4d6b468db1806ee2f3b9224e13179af7d4e8bb5897148e0,INDEPENDENT_SINGLE_PER_GPU_REPAIR,HEAVY_REPAIR,heavy0_serial,,1,1,419,420,419,0,25.39498518779874,search_exhausted,,,,o00_g0,dfadab01:o0:d024:identity,0,1790606703000000000,14ec5d5767d73996134502821de59ed4bba6a449cf83a9063a0315423a4c321d,723cccc3cb7def36725b5307f984377ccf02332f7e9289bb8512791f37db861d
/workspace/arc2/active_runs/eval60_v5_vs_greedy_4worker_v1/tmp/dfadab01/d024/o00_g0.json,b759cd16e75a633e706484ef3f17bfc643f788099564868844ca482374c1cfd5,6848335,dfadab01,0,24,flip_ud,3ef53c96baa373f4af1569d357be905880f3da40a827b63dc3e19a6bb8341a16,e5beec92c9992930f4d6b468db1806ee2f3b9224e13179af7d4e8bb5897148e0,INDEPENDENT_FAST_2_PER_GPU,FAST_PASS,fast0,,2,2,683,684,683,0,39.26234474219382,search_exhausted,,,,o00_g0,dfadab01:o0:d024:flip_ud,1,1790606703000000000,6976f0076c4c71fd67199c6c20f5a57d5e55f32cb3eb28e338e3f3d75c50988e,8cb43879ca2bf449889822e31c190e3b8256750391fd0f8829a979635c8af2c2
/workspace/arc2/active_runs/eval60_v5_vs_greedy_4worker_v1/tmp/dfadab01/d024/o00_g1.json,c2d47b74c43e84b1566d3b8923c08efbf1e7e4f23da7f807d8e8631eafeefdb0,10728606,dfadab01,0,24,transpose,3ef53c96baa373f4af1569d357be905880f3da40a827b63dc3e19a6bb8341a16,e5beec92c9992930f4d6b468db1806ee2f3b9224e13179af7d4e8bb5897148e0,INDEPENDENT_FAST_2_PER_GPU,FAST_PASS,fast3,,1,1,419,420,419,0,24.562777407467365,search_exhausted,,,,o00_g1,dfadab01:o0:d024:transpose,0,1790606775000000000,81cdc928967ea6987473018ad3831a7b60d7d4b2fc0a804a64d1ad9acb6221f9,2d5d066b5eec9a2c5aed31462dc293858f103448c943200d656afead6d3880d6
/workspace/arc2/active_runs/eval60_v5_vs_greedy_4worker_v1/tmp/dfadab01/d024/o00_g1.json,c2d47b74c43e84b1566d3b8923c08efbf1e7e4f23da7f807d8e8631eafeefdb0,10728606,dfadab01,0,24,anti_transpose,3ef53c96baa373f4af1569d357be905880f3da40a827b63dc3e19a6bb8341a16,e5beec92c9992930f4d6b468db1806ee2f3b9224e13179af7d4e8bb5897148e0,INDEPENDENT_SINGLE_PER_GPU_REPAIR,HEAVY_REPAIR,heavy0_serial,,3,3,1199,1200,1199,658,71.4753214046359,search_exhausted,,,,o00_g1,dfadab01:o0:d024:anti_transpose,1,1790606775000000000,2dc44fbb2e8a7d5b6eecfde6a8fc07f9e41cfa266f7e2e91cda714972ad566ca,842fc8f50b948d7ffc3e1acfebcb2baafe8166c9499078bc970eda0826715fed
/workspace/arc2/active_runs/eval60_v5_vs_greedy_4worker_v1/tmp/dfadab01/d048/o00_g0.json,46edaca2058edfe9f19f5ef9fe2f8acb2d43ffdb0c7f03aea31ae470d66db1f1,7080662,dfadab01,0,48,identity,24277878a742961c100b639c1376884c215b9fa4a5c2f688ae30be36da61dd70,e5beec92c9992930f4d6b468db1806ee2f3b9224e13179af7d4e8bb5897148e0,INDEPENDENT_FAST_2_PER_GPU,FAST_PASS,fast3,,1,1,419,420,419,0,24.7846366930753,search_exhausted,,,,o00_g0,dfadab01:o0:d048:identity,0,1790594594000000000,95a1bbdcbadc2e68a189f23e3b9cd77e2c5ea7aa0f7b683c85427e15e2691107,ad9cfe8841a006edcee8740d40cff23de53ef9fba97caec664009352324f6b81
/workspace/arc2/active_runs/eval60_v5_vs_greedy_4worker_v1/tmp/dfadab01/d048/o00_g0.json,46edaca2058edfe9f19f5ef9fe2f8acb2d43ffdb0c7f03aea31ae470d66db1f1,7080662,dfadab01,0,48,flip_ud,24277878a742961c100b639c1376884c215b9fa4a5c2f688ae30be36da61dd70,e5beec92c9992930f4d6b468db1806ee2f3b9224e13179af7d4e8bb5897148e0,INDEPENDENT_FAST_2_PER_GPU,FAST_PASS,fast0,,2,2,683,684,683,101,39.77798834070563,search_exhausted,,,,o00_g0,dfadab01:o0:d048:flip_ud,1,1790594594000000000,039a7ef636a548596486d35d18f53921e3f9fa0e0ce735f3832d12c194024847,a18b8306557f1c01d55547ea64c01d44d0475c101d1147249b1b3561ad20a8ce
/workspace/arc2/active_runs/eval60_v5_vs_greedy_4worker_v1/tmp/dfadab01/d048/o00_g1.json,2d6bb1c9af8b0d91829d3988f2a407a2837672544656446fd289e2e8aea58830,5400806,dfadab01,0,48,transpose,24277878a742961c100b639c1376884c215b9fa4a5c2f688ae30be36da61dd70,e5beec92c9992930f4d6b468db1806ee2f3b9224e13179af7d4e8bb5897148e0,INDEPENDENT_SINGLE_PER_GPU_REPAIR,HEAVY_REPAIR,heavy0_serial,,1,1,419,420,419,0,25.08474818430841,search_exhausted,,,,o00_g1,dfadab01:o0:d048:transpose,0,1790606817000000000,6546df7d22850e3c61cf668070be1ce6382ca5a71c0d814fdc32f6ca5f842dc1,b0601306085e036d28d979a22e593bab315c3170c55c889615b4486dde6e0718
/workspace/arc2/active_runs/eval60_v5_vs_greedy_4worker_v1/tmp/dfadab01/d048/o00_g1.json,2d6bb1c9af8b0d91829d3988f2a407a2837672544656446fd289e2e8aea58830,5400806,dfadab01,0,48,anti_transpose,24277878a742961c100b639c1376884c215b9fa4a5c2f688ae30be36da61dd70,e5beec92c9992930f4d6b468db1806ee2f3b9224e13179af7d4e8bb5897148e0,INDEPENDENT_FAST_2_PER_GPU,FAST_PASS,fast3,,1,1,419,420,419,0,25.11593508347869,search_exhausted,,,,o00_g1,dfadab01:o0:d048:anti_transpose,1,1790606817000000000,3df57bc8dd5f9603feeb77ba890df46041d1ec0c8bbcd49bb639172917c15c65,9182f4f6878296af1497933d9c5074443e9993b449dc9a718c694faf96eafadf
/workspace/arc2/active_runs/eval60_v5_vs_greedy_4worker_v1/tmp/e3721c99/d012/o00_g0.json,f935c60c05c95c5e82233645955af3c59653dd3702c13621f6d62de895781232,25465740,e3721c99,0,12,identity,c16e73984a83d756fd801b946c60d8eeb1eb5f2f7758dcb9275ed7bd63216ec8,e5beec92c9992930f4d6b468db1806ee2f3b9224e13179af7d4e8bb5897148e0,INDEPENDENT_SINGLE_PER_GPU_REPAIR,HEAVY_REPAIR,heavy0_serial,,2,2,1825,1826,1825,1640,108.5962806623429,search_exhausted,,,,o00_g0,e3721c99:o0:d012:identity,0,1790607661000000000,468b2b1a5b7b025a4da7f9e64d150ccb9c7aa80ff9a86f40e2406d49e9274aad,a2bf2ee7065f8d87e343c2592948050bc3345908ead3606c05a5f5ed6ace76c9
/workspace/arc2/active_runs/eval60_v5_vs_greedy_4worker_v1/tmp/e3721c99/d012/o00_g0.json,f935c60c05c95c5e82233645955af3c59653dd3702c13621f6d62de895781232,25465740,e3721c99,0,12,flip_ud,c16e73984a83d756fd801b946c60d8eeb1eb5f2f7758dcb9275ed7bd63216ec8,e5beec92c9992930f4d6b468db1806ee2f3b9224e13179af7d4e8bb5897148e0,INDEPENDENT_SINGLE_PER_GPU_REPAIR,HEAVY_REPAIR,heavy0_serial,,2,2,1852,1853,1852,1672,110.1426092479378,search_exhausted,,,,o00_g0,e3721c99:o0:d012:flip_ud,1,1790607661000000000,0083b77cba246df870bc7ef122b47fc36ed483069f5f0d78999afc56e42e1615,dc81c07a6a10721276fbee5f73bccc7f6676f633ad3ab28c31b7622b791271e1
/workspace/arc2/active_runs/eval60_v5_vs_greedy_4worker_v1/tmp/e3721c99/d012/o00_g1.json,51b88dc83d7f9c158560ae27d38dcadc6eb14ae73a615252546f0a7f3cd79cd4,25744534,e3721c99,0,12,transpose,c16e73984a83d756fd801b946c60d8eeb1eb5f2f7758dcb9275ed7bd63216ec8,e5beec92c9992930f4d6b468db1806ee2f3b9224e13179af7d4e8bb5897148e0,INDEPENDENT_FAST_2_PER_GPU,FAST_PASS,fast0,,3,3,2771,2772,2771,2733,158.75004839524627,search_exhausted,,,,o00_g1,e3721c99:o0:d012:transpose,0,1790607718000000000,a481b761c83b1ca204f113cc3d45e9c1fab3e6d87b8d61cc3e354cbc09ad21fc,183e0f437fc63c4fda2558cdec6d12f316e7011901e929af55a419291bcfad81
/workspace/arc2/active_runs/eval60_v5_vs_greedy_4worker_v1/tmp/e3721c99/d012/o00_g1.json,51b88dc83d7f9c158560ae27d38dcadc6eb14ae73a615252546f0a7f3cd79cd4,25744534,e3721c99,0,12,anti_transpose,c16e73984a83d756fd801b946c60d8eeb1eb5f2f7758dcb9275ed7bd63216ec8,e5beec92c9992930f4d6b468db1806ee2f3b9224e13179af7d4e8bb5897148e0,INDEPENDENT_SINGLE_PER_GPU_REPAIR,HEAVY_REPAIR,heavy0_serial,,1,1,929,930,929,675,54.90911563113332,search_exhausted,,,,o00_g1,e3721c99:o0:d012:anti_transpose,1,1790607718000000000,4bb8ab1ba660c9753339fcb1ccab0be4dc28a633939c8c221aed3fac092e19f5,04d8115b500eae453dc05f7871bb50688d17d07938d2a7d8dc9f9feaa5cddfd8
/workspace/arc2/active_runs/eval60_v5_vs_greedy_4worker_v1/tmp/e3721c99/d012/o01_g0.json,8a6842d08a9c718c460d7d2bdc1f50cd648d9df27040ae56a2ff4f3023237dd5,31929853,e3721c99,1,12,identity,c16e73984a83d756fd801b946c60d8eeb1eb5f2f7758dcb9275ed7bd63216ec8,e5beec92c9992930f4d6b468db1806ee2f3b9224e13179af7d4e8bb5897148e0,INDEPENDENT_FAST_2_PER_GPU,FAST_PASS,fast3,,2,2,1818,1819,1818,1696,110.08124989829957,search_exhausted,,,,o01_g0,e3721c99:o1:d012:identity,0,1790607886000000000,e492f4e994f7dde92a7f241fa257f14cddc0aa2670a99a98aa948d13d01ee513,3220931fe46b4ec3aa03bca7b7d287fcdf44d75a7f08630cdcd12b2da2e6745d
/workspace/arc2/active_runs/eval60_v5_vs_greedy_4worker_v1/tmp/e3721c99/d012/o01_g0.json,8a6842d08a9c718c460d7d2bdc1f50cd648d9df27040ae56a2ff4f3023237dd5,31929853,e3721c99,1,12,flip_ud,c16e73984a83d756fd801b946c60d8eeb1eb5f2f7758dcb9275ed7bd63216ec8,e5beec92c9992930f4d6b468db1806ee2f3b9224e13179af7d4e8bb5897148e0,INDEPENDENT_SINGLE_PER_GPU_REPAIR,HEAVY_REPAIR,heavy0_serial,,3,3,2751,2752,2751,2664,165.3072042092681,search_exhausted,,,,o01_g0,e3721c99:o1:d012:flip_ud,1,1790607886000000000,5acee039c7c686b9d368f86dc55e0b5c808d1b553705f51398a5d630399f47ec,cf8bb9ac1656e606b92efeb63419832b876e5cda86f3c117776ac9eafca23134
/workspace/arc2/active_runs/eval60_v5_vs_greedy_4worker_v1/tmp/e3721c99/d012/o01_g1.json,353c14e451b8d24ac47b0d07797cc36e64d6dc7edbe017850b79483963ae95eb,28856739,e3721c99,1,12,transpose,c16e73984a83d756fd801b946c60d8eeb1eb5f2f7758dcb9275ed7bd63216ec8,e5beec92c9992930f4d6b468db1806ee2f3b9224e13179af7d4e8bb5897148e0,INDEPENDENT_SINGLE_PER_GPU_REPAIR,HEAVY_REPAIR,heavy0_serial,,3,3,2313,2314,2313,2040,137.52348626963794,search_exhausted,,,,o01_g1,e3721c99:o1:d012:transpose,0,1790608138000000000,9592ab841b4c3eac448de4d3936995470ce9d2aba716dd63020a1be0961e2bf9,e82c941a9c54561d7374754a5ccb66757ee628a4196272dabd20159e4c77f220
/workspace/arc2/active_runs/eval60_v5_vs_greedy_4worker_v1/tmp/e3721c99/d012/o01_g1.json,353c14e451b8d24ac47b0d07797cc36e64d6dc7edbe017850b79483963ae95eb,28856739,e3721c99,1,12,anti_transpose,c16e73984a83d756fd801b946c60d8eeb1eb5f2f7758dcb9275ed7bd63216ec8,e5beec92c9992930f4d6b468db1806ee2f3b9224e13179af7d4e8bb5897148e0,INDEPENDENT_SINGLE_PER_GPU_REPAIR,HEAVY_REPAIR,heavy0_serial,,2,2,1839,1840,1839,1714,110.22752290777862,search_exhausted,,,,o01_g1,e3721c99:o1:d012:anti_transpose,1,1790608138000000000,bf36f01567cbaeffe367aa6a5c0d886628844ba225c0c76e80d1e695b1072486,7f7b5b0a48be64224fbda68e8ba471f985e1368b42a9c87d9a69d783c42fb860
/workspace/arc2/active_runs/eval60_v5_vs_greedy_4worker_v1/tmp/e3721c99/d024/o00_g0.json,8eeebff77f71e1e56b2292154e4ac6ed0135feb03b0087950358e195bd589a47,24395657,e3721c99,0,24,identity,272f836a0cd71fe4b8a3e411982805c41d8ab8a3efa4985dbad6743c9a0bf09b,e5beec92c9992930f4d6b468db1806ee2f3b9224e13179af7d4e8bb5897148e0,INDEPENDENT_FAST_2_PER_GPU,FAST_PASS,fast3,,2,2,1825,1826,1825,1219,111.08396235853434,search_exhausted,,,,o00_g0,e3721c99:o0:d024:identity,0,1790608272000000000,cd527609e4d413bf9b364a4cb5bdc7974b6606eb2f163f4ea51affb6aa88c259,b347f2c42713bf53eacb6985697fa41756abd1b1ecea53f9e1af505769680acd
/workspace/arc2/active_runs/eval60_v5_vs_greedy_4worker_v1/tmp/e3721c99/d024/o00_g0.json,8eeebff77f71e1e56b2292154e4ac6ed0135feb03b0087950358e195bd589a47,24395657,e3721c99,0,24,flip_ud,272f836a0cd71fe4b8a3e411982805c41d8ab8a3efa4985dbad6743c9a0bf09b,e5beec92c9992930f4d6b468db1806ee2f3b9224e13179af7d4e8bb5897148e0,INDEPENDENT_SINGLE_PER_GPU_REPAIR,HEAVY_REPAIR,heavy0_serial,,2,2,1852,1853,1852,1086,109.6712213139981,search_exhausted,,,,o00_g0,e3721c99:o0:d024:flip_ud,1,1790608272000000000,3283d98b27eff0191d6456d5fdbc8dff63cbe14795fd32a0d01ad53828442d12,e36b2fc1e25da223437af4af9633540b4aa1fc0bc234579f4914ec542fbb25cc
/workspace/arc2/active_runs/eval60_v5_vs_greedy_4worker_v1/tmp/e3721c99/d024/o00_g1.json,b91f9919d759be11f717b7e54491ca7e00b337f7eda149ac27c2a79899105975,17641220,e3721c99,0,24,transpose,272f836a0cd71fe4b8a3e411982805c41d8ab8a3efa4985dbad6743c9a0bf09b,e5beec92c9992930f4d6b468db1806ee2f3b9224e13179af7d4e8bb5897148e0,INDEPENDENT_FAST_2_PER_GPU,FAST_PASS,fast0,,1,1,929,930,929,0,53.80879315547645,search_exhausted,,,,o00_g1,e3721c99:o0:d024:transpose,0,1790608382000000000,0e7ab7761d241044293e4f68293ce9ffd1739b04e06c80ae3b520bdaa431f418,95f8e66db0f07a905a410b800c1446cbe058aa2c22efc44f9ffadd5aa9a58058
/workspace/arc2/active_runs/eval60_v5_vs_greedy_4worker_v1/tmp/e3721c99/d024/o00_g1.json,b91f9919d759be11f717b7e54491ca7e00b337f7eda149ac27c2a79899105975,17641220,e3721c99,0,24,anti_transpose,272f836a0cd71fe4b8a3e411982805c41d8ab8a3efa4985dbad6743c9a0bf09b,e5beec92c9992930f4d6b468db1806ee2f3b9224e13179af7d4e8bb5897148e0,INDEPENDENT_SINGLE_PER_GPU_REPAIR,HEAVY_REPAIR,heavy0_serial,,2,2,1813,1814,1813,699,108.32406871020794,search_exhausted,,,,o00_g1,e3721c99:o0:d024:anti_transpose,1,1790608382000000000,824eab67dcf5e7f4714c275dbb6cf5417865a3965132108f8d5a8860e534109d,4e611e57c958ea67e40e9886586414d0e2d332fc52796069405e675931f28004
/workspace/arc2/active_runs/eval60_v5_vs_greedy_4worker_v1/tmp/e3721c99/d024/o01_g0.json,0f7929015caf0e93385859e7f4579ee82142a23d7299c85c0fbe427fedfce756,31127553,e3721c99,1,24,identity,272f836a0cd71fe4b8a3e411982805c41d8ab8a3efa4985dbad6743c9a0bf09b,e5beec92c9992930f4d6b468db1806ee2f3b9224e13179af7d4e8bb5897148e0,INDEPENDENT_SINGLE_PER_GPU_REPAIR,HEAVY_REPAIR,heavy0_serial,,3,3,2707,2708,2707,2544,159.54908381588757,search_exhausted,,,,o01_g0,e3721c99:o1:d024:identity,0,1790608545000000000,040dcdc228aa95aeb1f53b42df7f22167589da5a032558056141aa88680c7d8b,801eb3f879c6cf687c96e877967aa847a31a8407e3cfb9aad7b7f5295b3f99b4
/workspace/arc2/active_runs/eval60_v5_vs_greedy_4worker_v1/tmp/e3721c99/d024/o01_g0.json,0f7929015caf0e93385859e7f4579ee82142a23d7299c85c0fbe427fedfce756,31127553,e3721c99,1,24,flip_ud,272f836a0cd71fe4b8a3e411982805c41d8ab8a3efa4985dbad6743c9a0bf09b,e5beec92c9992930f4d6b468db1806ee2f3b9224e13179af7d4e8bb5897148e0,INDEPENDENT_FAST_2_PER_GPU,FAST_PASS,fast0,,2,2,1840,1841,1840,1643,105.37026987597346,search_exhausted,,,,o01_g0,e3721c99:o1:d024:flip_ud,1,1790608545000000000,0c19f4f3823f6d14900fc55f9b46c721536282faac66e05c730983d5002ec35b,fa1a32c1cb28dced23ec0660a5d7857a39513f9272df32a65c95e48aeca2794d
/workspace/arc2/active_runs/eval60_v5_vs_greedy_4worker_v1/tmp/e3721c99/d024/o01_g1.json,476c1b518c44d60fe9958ad59e9ea7ccdd0f085de4386ca15edf788875f8bcb1,23336572,e3721c99,1,24,transpose,272f836a0cd71fe4b8a3e411982805c41d8ab8a3efa4985dbad6743c9a0bf09b,e5beec92c9992930f4d6b468db1806ee2f3b9224e13179af7d4e8bb5897148e0,INDEPENDENT_SINGLE_PER_GPU_REPAIR,HEAVY_REPAIR,heavy0_serial,,2,2,1621,1622,1621,978,96.61377109959722,search_exhausted,,,,o01_g1,e3721c99:o1:d024:transpose,0,1790608644000000000,070575c1dd87356f80384e120796eba99d67e9f3dbabc6163ae62deab4179222,9cfc265a475ffc1b40c91dfbd37d703a7172bd1a49f0efa1943466865a0941a6
/workspace/arc2/active_runs/eval60_v5_vs_greedy_4worker_v1/tmp/e3721c99/d024/o01_g1.json,476c1b518c44d60fe9958ad59e9ea7ccdd0f085de4386ca15edf788875f8bcb1,23336572,e3721c99,1,24,anti_transpose,272f836a0cd71fe4b8a3e411982805c41d8ab8a3efa4985dbad6743c9a0bf09b,e5beec92c9992930f4d6b468db1806ee2f3b9224e13179af7d4e8bb5897148e0,INDEPENDENT_FAST_2_PER_GPU,FAST_PASS,fast3,,2,2,1839,1840,1839,1538,111.72883521206677,search_exhausted,,,,o01_g1,e3721c99:o1:d024:anti_transpose,1,1790608644000000000,1ef98c70606b8493d08001b0dfb0f378b1528b17581bf232622cefe9a1166541,b944733197ad0401fdf47b9e497fd687a7a68c1e522ceabf7d031be50be6d311
/workspace/arc2/active_runs/eval60_v5_vs_greedy_4worker_v1/tmp/e3721c99/d048/o00_g0.json,16fdf1c5df0873971199d8525af43e679ea80b8a0a6df5c2a6bbcda1d9815839,17552108,e3721c99,0,48,identity,5f7c4aca47f9d93480f1971fdfa5fc32e228573fd5e6df9f7408eaaf707659ff,e5beec92c9992930f4d6b468db1806ee2f3b9224e13179af7d4e8bb5897148e0,INDEPENDENT_SINGLE_PER_GPU_REPAIR,HEAVY_REPAIR,heavy0_serial,,1,1,929,930,929,0,54.768243389204144,search_exhausted,,,,o00_g0,e3721c99:o0:d048:identity,0,1790608830000000000,524ae29481e04f091d8c93807509ee00cfb22870525772817f484348d63ccb95,75583e7c63c17edfbe9f25b3b57c0ecd951ffe3b5bed58f8bceae65f72dcf05c
/workspace/arc2/active_runs/eval60_v5_vs_greedy_4worker_v1/tmp/e3721c99/d048/o00_g0.json,16fdf1c5df0873971199d8525af43e679ea80b8a0a6df5c2a6bbcda1d9815839,17552108,e3721c99,0,48,flip_ud,5f7c4aca47f9d93480f1971fdfa5fc32e228573fd5e6df9f7408eaaf707659ff,e5beec92c9992930f4d6b468db1806ee2f3b9224e13179af7d4e8bb5897148e0,INDEPENDENT_SINGLE_PER_GPU_REPAIR,HEAVY_REPAIR,heavy0_serial,,2,2,1764,1765,1764,981,104.11387780494988,search_exhausted,,,,o00_g0,e3721c99:o0:d048:flip_ud,1,1790608830000000000,a3e3e3b5c02902b01eee365e5eba8bba5abc901a159e0efa9ce956a78cf2c1b1,296a79913739e9baf8c5b28bc8b3251af05510cae138ccc0ba3b07186820e3c9
/workspace/arc2/active_runs/eval60_v5_vs_greedy_4worker_v1/tmp/e3721c99/d048/o00_g1.json,7a01daaef274f46c31e6bb58bd582adc3aa761dc8faed26e0016b3edb627bfb7,23225577,e3721c99,0,48,transpose,5f7c4aca47f9d93480f1971fdfa5fc32e228573fd5e6df9f7408eaaf707659ff,e5beec92c9992930f4d6b468db1806ee2f3b9224e13179af7d4e8bb5897148e0,INDEPENDENT_FAST_2_PER_GPU,FAST_PASS,fast0,,2,2,1850,1851,1850,1562,106.41369591653347,search_exhausted,,,,o00_g1,e3721c99:o0:d048:transpose,0,1790608929000000000,66423fff827a71a0f36bf9641eb566c33259a8187476b69bd2af8efee3c14e5a,b3ac14c033ccee59e8656d164e73827927f2282e7f5fd5604e3a3be477a23441
/workspace/arc2/active_runs/eval60_v5_vs_greedy_4worker_v1/tmp/e3721c99/d048/o00_g1.json,7a01daaef274f46c31e6bb58bd582adc3aa761dc8faed26e0016b3edb627bfb7,23225577,e3721c99,0,48,anti_transpose,5f7c4aca47f9d93480f1971fdfa5fc32e228573fd5e6df9f7408eaaf707659ff,e5beec92c9992930f4d6b468db1806ee2f3b9224e13179af7d4e8bb5897148e0,INDEPENDENT_SINGLE_PER_GPU_REPAIR,HEAVY_REPAIR,heavy0_serial,,2,2,1627,1628,1627,391,96.08366739936173,search_exhausted,,,,o00_g1,e3721c99:o0:d048:anti_transpose,1,1790608929000000000,e755aa8542862488031619c72fc8869d8293bda09f966b37f21b239f519847e6,0e02d5dd30d26edf6d0e0d8fee3bfa5ff0db131204c73f23615033e9d320577e
/workspace/arc2/active_runs/eval60_v5_vs_greedy_4worker_v1/tmp/e3721c99/d048/o01_g0.json,68c008eee100451855c13b75b77ef8ccf04ab06147fe9694ca99e75ba0c247d5,31354989,e3721c99,1,48,identity,5f7c4aca47f9d93480f1971fdfa5fc32e228573fd5e6df9f7408eaaf707659ff,e5beec92c9992930f4d6b468db1806ee2f3b9224e13179af7d4e8bb5897148e0,INDEPENDENT_SINGLE_PER_GPU_REPAIR,HEAVY_REPAIR,heavy0_serial,,3,3,2707,2708,2707,2188,158.651601286605,search_exhausted,,,,o01_g0,e3721c99:o1:d048:identity,0,1790609089000000000,25546aa70e6babc865ab337c43d0829fd63ae9a64b2f43768ace2bb2b1591eae,12a955dcac640d7596c37fe3786fc3f758b99f816de6e67e7cf6c2b3d0f390db
/workspace/arc2/active_runs/eval60_v5_vs_greedy_4worker_v1/tmp/e3721c99/d048/o01_g0.json,68c008eee100451855c13b75b77ef8ccf04ab06147fe9694ca99e75ba0c247d5,31354989,e3721c99,1,48,flip_ud,5f7c4aca47f9d93480f1971fdfa5fc32e228573fd5e6df9f7408eaaf707659ff,e5beec92c9992930f4d6b468db1806ee2f3b9224e13179af7d4e8bb5897148e0,INDEPENDENT_FAST_2_PER_GPU,FAST_PASS,fast3,,2,2,1840,1841,1840,1761,111.28730414621532,search_exhausted,,,,o01_g0,e3721c99:o1:d048:flip_ud,1,1790609089000000000,f7cfa9c2c9fdb0532e6b82d857c2bf6fdbe4131dda18acc71b662c45379831c1,052846e7792e606725be60f350377aaa52d036a7c61ede3aca10256854aa7465
/workspace/arc2/active_runs/eval60_v5_vs_greedy_4worker_v1/tmp/e3721c99/d048/o01_g1.json,7cb6ccdf57cb424b49c4a155149cbdd126dafc238dda4a82c269e00846ce8ad8,18078146,e3721c99,1,48,transpose,5f7c4aca47f9d93480f1971fdfa5fc32e228573fd5e6df9f7408eaaf707659ff,e5beec92c9992930f4d6b468db1806ee2f3b9224e13179af7d4e8bb5897148e0,INDEPENDENT_SINGLE_PER_GPU_REPAIR,HEAVY_REPAIR,heavy0_serial,,1,1,929,930,929,145,54.88828142918646,search_exhausted,,,,o01_g1,e3721c99:o1:d048:transpose,0,1790609255000000000,9aea143947a65ca6613387d367001b91793b35da24cc76318869a40e09389a1b,bb315564a708e24023814859e117d43ebf6d98edac925970f1bd5b0387e8095e
/workspace/arc2/active_runs/eval60_v5_vs_greedy_4worker_v1/tmp/e3721c99/d048/o01_g1.json,7cb6ccdf57cb424b49c4a155149cbdd126dafc238dda4a82c269e00846ce8ad8,18078146,e3721c99,1,48,anti_transpose,5f7c4aca47f9d93480f1971fdfa5fc32e228573fd5e6df9f7408eaaf707659ff,e5beec92c9992930f4d6b468db1806ee2f3b9224e13179af7d4e8bb5897148e0,INDEPENDENT_SINGLE_PER_GPU_REPAIR,HEAVY_REPAIR,heavy0_serial,,2,2,1839,1840,1839,814,108.52638862095773,search_exhausted,,,,o01_g1,e3721c99:o1:d048:anti_transpose,1,1790609255000000000,bb80ba75b3708c5f0405251435c2890f82ae08d1637c2801a152e37d0edf2809,3eac8fd7c1c968d6f0feb8676aec1e1e1e3fd1e913fb912f471c983e8c93dc37
/workspace/arc2/active_runs/eval60_v5_vs_greedy_4worker_v1/tmp/edb79dae/d012/o00_g0.json,a9a4e3a52635d728c98c21ed9d1a438fa639b628c69ba5679018d30d694ea149,9315954,edb79dae,0,12,identity,7d778c92c729143d1b794260a63700161ed03d443e10fa2ba61dda14ab6b47ff,e5beec92c9992930f4d6b468db1806ee2f3b9224e13179af7d4e8bb5897148e0,INDEPENDENT_FAST_2_PER_GPU,FAST_PASS,fast3,,2,2,874,875,874,805,50.57437861897051,search_exhausted,,,,o00_g0,edb79dae:o0:d012:identity,0,1790604316000000000,9f6275934c76dd7a77e17420759e3b96975f4e452f1066aee098917ea8e7c6ce,07fc9467fe1221ef3cce4f937e9b716920fc9b3a8f8dc66c4bb431006cb72fba
/workspace/arc2/active_runs/eval60_v5_vs_greedy_4worker_v1/tmp/edb79dae/d012/o00_g0.json,a9a4e3a52635d728c98c21ed9d1a438fa639b628c69ba5679018d30d694ea149,9315954,edb79dae,0,12,flip_ud,7d778c92c729143d1b794260a63700161ed03d443e10fa2ba61dda14ab6b47ff,e5beec92c9992930f4d6b468db1806ee2f3b9224e13179af7d4e8bb5897148e0,INDEPENDENT_SINGLE_PER_GPU_REPAIR,HEAVY_REPAIR,heavy0_serial,,1,1,461,462,461,381,27.509981751441956,search_exhausted,,,,o00_g0,edb79dae:o0:d012:flip_ud,1,1790604316000000000,bf57c5a1c9b60f523d7c3f09f6f5d0a4790f41240b01cca32b6dc7c6b8eaab17,bad957287f3e0f9df2547a082783ee1c920bf5aa4ca9cc58c77a9df01256ff1e
/workspace/arc2/active_runs/eval60_v5_vs_greedy_4worker_v1/tmp/edb79dae/d012/o00_g1.json,4a29a900cc7c3b7bc824aaecd83cd0c614369c607512c80c8901b27757f8cd0a,9408840,edb79dae,0,12,transpose,7d778c92c729143d1b794260a63700161ed03d443e10fa2ba61dda14ab6b47ff,e5beec92c9992930f4d6b468db1806ee2f3b9224e13179af7d4e8bb5897148e0,INDEPENDENT_FAST_2_PER_GPU,FAST_PASS,fast0,,1,1,461,462,461,386,28.031533766537905,search_exhausted,,,,o00_g1,edb79dae:o0:d012:transpose,0,1790604368000000000,f3604f4c4a12a2ed563495f14d6ea38c07d72860081750eece5eaf4a7f3affb8,f5c30b0356ecb8760ecf1ffda955a3764cdca115db703a01bc6542c0740f0a5d
/workspace/arc2/active_runs/eval60_v5_vs_greedy_4worker_v1/tmp/edb79dae/d012/o00_g1.json,4a29a900cc7c3b7bc824aaecd83cd0c614369c607512c80c8901b27757f8cd0a,9408840,edb79dae,0,12,anti_transpose,7d778c92c729143d1b794260a63700161ed03d443e10fa2ba61dda14ab6b47ff,e5beec92c9992930f4d6b468db1806ee2f3b9224e13179af7d4e8bb5897148e0,INDEPENDENT_SINGLE_PER_GPU_REPAIR,HEAVY_REPAIR,heavy0_serial,,2,2,875,876,875,824,51.65491287596524,search_exhausted,,,,o00_g1,edb79dae:o0:d012:anti_transpose,1,1790604368000000000,ef03b34eadb4e74048cb3e65d4c64fd9e547fac4c836f2784dbed598b8f80b3c,f9d0760ecf8e7b4ae1b4bb026063db05a9e5323bd89ec1e79e840d2549885b6e
/workspace/arc2/active_runs/eval60_v5_vs_greedy_4worker_v1/tmp/edb79dae/d024/o00_g0.json,f51f721f5216d3ba3454cb9c9fc5f384974a369b95f56a81198b570793107316,14489065,edb79dae,0,24,identity,6eed34fab586c41722adf34fae618ba6418b35c82b9fb7323be267411a20a2cc,e5beec92c9992930f4d6b468db1806ee2f3b9224e13179af7d4e8bb5897148e0,INDEPENDENT_FAST_2_PER_GPU,FAST_PASS,fast0,,3,3,1275,1276,1275,1064,75.612952824682,search_exhausted,,,,o00_g0,edb79dae:o0:d024:identity,0,1790592126000000000,93b23957bdbd5b7a7c12df2334cf7fff777472580efd92731488825d4479a2c9,3bc0207d6176150830cecc52c38dc6d2ed475c6de96dd3f45a003a46e05dd5d1
/workspace/arc2/active_runs/eval60_v5_vs_greedy_4worker_v1/tmp/edb79dae/d024/o00_g0.json,f51f721f5216d3ba3454cb9c9fc5f384974a369b95f56a81198b570793107316,14489065,edb79dae,0,24,flip_ud,6eed34fab586c41722adf34fae618ba6418b35c82b9fb7323be267411a20a2cc,e5beec92c9992930f4d6b468db1806ee2f3b9224e13179af7d4e8bb5897148e0,INDEPENDENT_FAST_2_PER_GPU,FAST_PASS,fast3,,2,2,862,863,862,528,50.289597034454346,search_exhausted,,,,o00_g0,edb79dae:o0:d024:flip_ud,1,1790592126000000000,322c20a15306606d1e53464f2db97923f69395cc6597581888952a33d2965d5c,2460cd4b2ed2438fc5b23895502d58618c5dde5893bbe72be4b0ecea98cb0dbc
/workspace/arc2/active_runs/eval60_v5_vs_greedy_4worker_v1/tmp/edb79dae/d024/o00_g1.json,45e4f67778d8a5383219f4f0ba3d6c89314e1bc9fbb95f62f83e87fc79d5aa99,14040996,edb79dae,0,24,transpose,6eed34fab586c41722adf34fae618ba6418b35c82b9fb7323be267411a20a2cc,e5beec92c9992930f4d6b468db1806ee2f3b9224e13179af7d4e8bb5897148e0,INDEPENDENT_SINGLE_PER_GPU_REPAIR,HEAVY_REPAIR,heavy0_serial,,2,2,735,736,735,544,43.16231911815703,search_exhausted,,,,o00_g1,edb79dae:o0:d024:transpose,0,1790604511000000000,01e0c72b8051d55a5d25c327cef85d0b31b7396cc01ffd85b61f96ad7c021c17,bc2cdcd0a3e2cf13845bb080cc474476354d983c4dac714748faa17709590598
/workspace/arc2/active_runs/eval60_v5_vs_greedy_4worker_v1/tmp/edb79dae/d024/o00_g1.json,45e4f67778d8a5383219f4f0ba3d6c89314e1bc9fbb95f62f83e87fc79d5aa99,14040996,edb79dae,0,24,anti_transpose,6eed34fab586c41722adf34fae618ba6418b35c82b9fb7323be267411a20a2cc,e5beec92c9992930f4d6b468db1806ee2f3b9224e13179af7d4e8bb5897148e0,INDEPENDENT_SINGLE_PER_GPU_REPAIR,HEAVY_REPAIR,heavy0_serial,,3,3,1291,1292,1291,1244,75.99961690045893,search_exhausted,,,,o00_g1,edb79dae:o0:d024:anti_transpose,1,1790604511000000000,13d6660d6236bb4b269534a0535457696741e5f046cb26b31d97a524aec0af17,de1ce0145dc601105ed231412bffa52c2fd5bf359e5df21300af48b714ff3471
/workspace/arc2/active_runs/eval60_v5_vs_greedy_4worker_v1/tmp/edb79dae/d048/o00_g0.json,198111d42ba2a7963c6dcd10f444c8fdbe2381b5149849abc1c90803d2435d3f,8734269,edb79dae,0,48,identity,47bcdf7018c209402ba53695702789faa6432b55d17c5f89142a970f10613425,e5beec92c9992930f4d6b468db1806ee2f3b9224e13179af7d4e8bb5897148e0,INDEPENDENT_FAST_2_PER_GPU,FAST_PASS,fast3,,1,1,461,462,461,0,26.915048958733678,search_exhausted,,,,o00_g0,edb79dae:o0:d048:identity,0,1790604599000000000,2cfa17fb3cacd39bf7e4b658908e09ce1dc3e90aa0afff4ea0c0d51fda7a54de,602a12d9c20913460446bae0bb75d6eb9c33cb58ef872e56a5ea8beafde95fb3
/workspace/arc2/active_runs/eval60_v5_vs_greedy_4worker_v1/tmp/edb79dae/d048/o00_g0.json,198111d42ba2a7963c6dcd10f444c8fdbe2381b5149849abc1c90803d2435d3f,8734269,edb79dae,0,48,flip_ud,47bcdf7018c209402ba53695702789faa6432b55d17c5f89142a970f10613425,e5beec92c9992930f4d6b468db1806ee2f3b9224e13179af7d4e8bb5897148e0,INDEPENDENT_SINGLE_PER_GPU_REPAIR,HEAVY_REPAIR,heavy0_serial,,2,2,862,863,862,555,51.25338386930525,search_exhausted,,,,o00_g0,edb79dae:o0:d048:flip_ud,1,1790604599000000000,224d1a099d771af9616affe6ec00dcab361c305f29df1d415dab6e77bc83096a,14741292c3c13328e6e947f3347821281724ea7af2b3a8271e8ae48807334fad
/workspace/arc2/active_runs/eval60_v5_vs_greedy_4worker_v1/tmp/edb79dae/d048/o00_g1.json,7f0bb83e1bd0845402a728b7cde00e55a36258a8e3475aef92f68d74559e82a8,9197802,edb79dae,0,48,transpose,47bcdf7018c209402ba53695702789faa6432b55d17c5f89142a970f10613425,e5beec92c9992930f4d6b468db1806ee2f3b9224e13179af7d4e8bb5897148e0,INDEPENDENT_FAST_2_PER_GPU,FAST_PASS,fast0,,1,1,461,462,461,143,27.612462801858783,search_exhausted,,,,o00_g1,edb79dae:o0:d048:transpose,0,1790604653000000000,58e2adadb5b7e80056a2a8b9e3783055803c5009c1d8b9906be300dc9fbd1467,9d39bf9d530fd1f9a911f2372a849d9752e74f88f2edf47868227d794df0ceec
/workspace/arc2/active_runs/eval60_v5_vs_greedy_4worker_v1/tmp/edb79dae/d048/o00_g1.json,7f0bb83e1bd0845402a728b7cde00e55a36258a8e3475aef92f68d74559e82a8,9197802,edb79dae,0,48,anti_transpose,47bcdf7018c209402ba53695702789faa6432b55d17c5f89142a970f10613425,e5beec92c9992930f4d6b468db1806ee2f3b9224e13179af7d4e8bb5897148e0,INDEPENDENT_SINGLE_PER_GPU_REPAIR,HEAVY_REPAIR,heavy0_serial,,2,2,876,877,876,822,52.13052613288164,search_exhausted,,,,o00_g1,edb79dae:o0:d048:anti_transpose,1,1790604653000000000,55252f3dc9e7fb7a3b5dc4aa1f184dc12982704a8b806585fccfe69889bf9e19,92ceda9ed57476cf79a161b3667efd1f18545aacd81ad93c70c4d3ab4be27761
