cell_key,attempt_index,artifact_path,artifact_sha256,execution_origin,status,checkpoint_sha256,candidate_count,nodes,forwards,tokens,floor_count,runtime,match_to_scheduler,resolution_reason
0934a4d8:o0:d012:anti_transpose,0,/workspace/arc2/active_runs/eval60_v5_vs_greedy_4worker_v1/raw/task_depth/0934a4d8/d012.parquet,ea74048d83afa9d230ad7bf4785466c5848c1f2959f0856b91ae8af2c61f9508,FAST_PASS,CANDIDATE,f774449a47ba679a8f5be6752b3378319b21cdfde2acfafef10bcc29f61a9745,2,43,44,43,18,3.2104997746646404,YES,selected
0934a4d8:o0:d012:flip_ud,0,/workspace/arc2/active_runs/eval60_v5_vs_greedy_4worker_v1/raw/task_depth/0934a4d8/d012.parquet,ea74048d83afa9d230ad7bf4785466c5848c1f2959f0856b91ae8af2c61f9508,FAST_PASS,CANDIDATE,f774449a47ba679a8f5be6752b3378319b21cdfde2acfafef10bcc29f61a9745,3,101,102,101,75,6.84360820800066,YES,selected
0934a4d8:o0:d012:identity,0,/workspace/arc2/active_runs/eval60_v5_vs_greedy_4worker_v1/raw/task_depth/0934a4d8/d012.parquet,ea74048d83afa9d230ad7bf4785466c5848c1f2959f0856b91ae8af2c61f9508,HEAVY_REPAIR,CANDIDATE,f774449a47ba679a8f5be6752b3378319b21cdfde2acfafef10bcc29f61a9745,2,66,67,66,33,4.685455717146397,YES,selected
0934a4d8:o0:d012:transpose,0,/workspace/arc2/active_runs/eval60_v5_vs_greedy_4worker_v1/raw/task_depth/0934a4d8/d012.parquet,ea74048d83afa9d230ad7bf4785466c5848c1f2959f0856b91ae8af2c61f9508,FAST_PASS,CANDIDATE,f774449a47ba679a8f5be6752b3378319b21cdfde2acfafef10bcc29f61a9745,2,58,59,58,0,4.054343640804291,YES,selected
0934a4d8:o0:d024:anti_transpose,0,/workspace/arc2/active_runs/eval60_v5_vs_greedy_4worker_v1/raw/task_depth/0934a4d8/d024.parquet,fbceef613f51f9a1f59432b0a0e106df82c57cc0c940042fa9576a47f70f0757,FAST_PASS,CANDIDATE,ac456f66e63eeef61e928a9ab53b34cb2da4f1c83e53817c476e2cf4806272a2,2,43,44,43,13,3.227341704070568,YES,selected
0934a4d8:o0:d024:flip_ud,0,/workspace/arc2/active_runs/eval60_v5_vs_greedy_4worker_v1/raw/task_depth/0934a4d8/d024.parquet,fbceef613f51f9a1f59432b0a0e106df82c57cc0c940042fa9576a47f70f0757,HEAVY_REPAIR,CANDIDATE,ac456f66e63eeef61e928a9ab53b34cb2da4f1c83e53817c476e2cf4806272a2,2,68,69,68,32,4.682764066383243,YES,selected
0934a4d8:o0:d024:identity,0,/workspace/arc2/active_runs/eval60_v5_vs_greedy_4worker_v1/raw/task_depth/0934a4d8/d024.parquet,fbceef613f51f9a1f59432b0a0e106df82c57cc0c940042fa9576a47f70f0757,FAST_PASS,CANDIDATE,ac456f66e63eeef61e928a9ab53b34cb2da4f1c83e53817c476e2cf4806272a2,2,70,71,70,35,5.158066703006625,YES,selected
0934a4d8:o0:d024:transpose,0,/workspace/arc2/active_runs/eval60_v5_vs_greedy_4worker_v1/raw/task_depth/0934a4d8/d024.parquet,fbceef613f51f9a1f59432b0a0e106df82c57cc0c940042fa9576a47f70f0757,FAST_PASS,CANDIDATE,ac456f66e63eeef61e928a9ab53b34cb2da4f1c83e53817c476e2cf4806272a2,1,29,30,29,0,2.4318715166300535,YES,selected
0934a4d8:o0:d048:anti_transpose,0,/workspace/arc2/active_runs/eval60_v5_vs_greedy_4worker_v1/raw/task_depth/0934a4d8/d048.parquet,6177dcebb626d03788d17e5829a6eac005b8a6b65914821185abc5b0ce73e098,FAST_PASS,CANDIDATE,8d621d7764f9e6b3bba5b04b80bb86bd345a61697eaee5aea25198a2cbdeecef,1,29,30,29,0,2.3979791197925806,YES,selected
0934a4d8:o0:d048:flip_ud,0,/workspace/arc2/active_runs/eval60_v5_vs_greedy_4worker_v1/raw/task_depth/0934a4d8/d048.parquet,6177dcebb626d03788d17e5829a6eac005b8a6b65914821185abc5b0ce73e098,HEAVY_REPAIR,CANDIDATE,8d621d7764f9e6b3bba5b04b80bb86bd345a61697eaee5aea25198a2cbdeecef,2,50,51,50,27,3.6325826812535524,YES,selected
0934a4d8:o0:d048:identity,0,/workspace/arc2/active_runs/eval60_v5_vs_greedy_4worker_v1/raw/task_depth/0934a4d8/d048.parquet,6177dcebb626d03788d17e5829a6eac005b8a6b65914821185abc5b0ce73e098,FAST_PASS,CANDIDATE,8d621d7764f9e6b3bba5b04b80bb86bd345a61697eaee5aea25198a2cbdeecef,1,35,36,35,0,3.0720452703535557,YES,selected
0934a4d8:o0:d048:transpose,0,/workspace/arc2/active_runs/eval60_v5_vs_greedy_4worker_v1/raw/task_depth/0934a4d8/d048.parquet,6177dcebb626d03788d17e5829a6eac005b8a6b65914821185abc5b0ce73e098,FAST_PASS,CANDIDATE,8d621d7764f9e6b3bba5b04b80bb86bd345a61697eaee5aea25198a2cbdeecef,2,56,57,56,28,3.9525231793522835,YES,selected
13e47133:o0:d012:anti_transpose,0,/workspace/arc2/active_runs/eval60_v5_vs_greedy_4worker_v1/raw/task_depth/13e47133/d012.parquet,459aa74abb8ca06e8b0a29d95336c42e80c77394f5a4fe7fca7eb9738976167c,FAST_PASS,CANDIDATE,ee8429e0e34eb00ea75fd0519ce39cf732c89e0c747a131a1b4816199c74baff,1,929,930,929,930,55.39923810400069,YES,selected
13e47133:o0:d012:flip_ud,0,/workspace/arc2/active_runs/eval60_v5_vs_greedy_4worker_v1/raw/task_depth/13e47133/d012.parquet,459aa74abb8ca06e8b0a29d95336c42e80c77394f5a4fe7fca7eb9738976167c,FAST_PASS,CANDIDATE,ee8429e0e34eb00ea75fd0519ce39cf732c89e0c747a131a1b4816199c74baff,3,2760,2761,2760,2380,160.08414050005376,YES,selected
13e47133:o0:d012:identity,0,/workspace/arc2/active_runs/eval60_v5_vs_greedy_4worker_v1/raw/task_depth/13e47133/d012.parquet,459aa74abb8ca06e8b0a29d95336c42e80c77394f5a4fe7fca7eb9738976167c,FAST_PASS,CANDIDATE,ee8429e0e34eb00ea75fd0519ce39cf732c89e0c747a131a1b4816199c74baff,1,929,930,929,565,56.651102824136615,YES,selected
13e47133:o0:d012:transpose,0,/workspace/arc2/active_runs/eval60_v5_vs_greedy_4worker_v1/raw/task_depth/13e47133/d012.parquet,459aa74abb8ca06e8b0a29d95336c42e80c77394f5a4fe7fca7eb9738976167c,FAST_PASS,CANDIDATE,ee8429e0e34eb00ea75fd0519ce39cf732c89e0c747a131a1b4816199c74baff,2,1667,1668,1667,1108,97.90528610907495,YES,selected
13e47133:o0:d024:anti_transpose,0,/workspace/arc2/active_runs/eval60_v5_vs_greedy_4worker_v1/raw/task_depth/13e47133/d024.parquet,d09a9a073c89b1243068aaa01cdff807de6b8e77c7d30db70f32adf82b6a7faa,FAST_PASS,CANDIDATE,e36cce0ed9731be780c48c576be801e7f1faacad868fcb21551b40f5a801eddd,2,1858,1859,1858,1551,112.75674786418676,YES,selected
13e47133:o0:d024:flip_ud,0,/workspace/arc2/active_runs/eval60_v5_vs_greedy_4worker_v1/raw/task_depth/13e47133/d024.parquet,d09a9a073c89b1243068aaa01cdff807de6b8e77c7d30db70f32adf82b6a7faa,FAST_PASS,CANDIDATE,e36cce0ed9731be780c48c576be801e7f1faacad868fcb21551b40f5a801eddd,3,2715,2716,2715,906,158.44861385039985,YES,selected
13e47133:o0:d024:identity,0,/workspace/arc2/active_runs/eval60_v5_vs_greedy_4worker_v1/raw/task_depth/13e47133/d024.parquet,d09a9a073c89b1243068aaa01cdff807de6b8e77c7d30db70f32adf82b6a7faa,FAST_PASS,CANDIDATE,e36cce0ed9731be780c48c576be801e7f1faacad868fcb21551b40f5a801eddd,2,1497,1498,1497,808,90.18259907327592,YES,selected
13e47133:o0:d024:transpose,0,/workspace/arc2/active_runs/eval60_v5_vs_greedy_4worker_v1/raw/task_depth/13e47133/d024.parquet,d09a9a073c89b1243068aaa01cdff807de6b8e77c7d30db70f32adf82b6a7faa,FAST_PASS,CANDIDATE,e36cce0ed9731be780c48c576be801e7f1faacad868fcb21551b40f5a801eddd,2,1679,1680,1679,1408,99.39347028918564,YES,selected
13e47133:o0:d048:anti_transpose,0,/workspace/arc2/active_runs/eval60_v5_vs_greedy_4worker_v1/raw/task_depth/13e47133/d048.parquet,398e5076b371c97c535e973f75742bf173765496d999a24fa2eb8d45c99b4407,FAST_PASS,CANDIDATE,a52e18a0d57732ff54bd72649177b34e56201516dc7649d007a8d93ec51120a9,2,1762,1763,1762,1554,105.96304097399116,YES,selected
13e47133:o0:d048:flip_ud,0,/workspace/arc2/active_runs/eval60_v5_vs_greedy_4worker_v1/raw/task_depth/13e47133/d048.parquet,398e5076b371c97c535e973f75742bf173765496d999a24fa2eb8d45c99b4407,FAST_PASS,CANDIDATE,a52e18a0d57732ff54bd72649177b34e56201516dc7649d007a8d93ec51120a9,3,2445,2446,2445,2217,142.79341752640903,YES,selected
13e47133:o0:d048:identity,0,/workspace/arc2/active_runs/eval60_v5_vs_greedy_4worker_v1/raw/task_depth/13e47133/d048.parquet,398e5076b371c97c535e973f75742bf173765496d999a24fa2eb8d45c99b4407,FAST_PASS,CANDIDATE,a52e18a0d57732ff54bd72649177b34e56201516dc7649d007a8d93ec51120a9,3,2564,2565,2564,2052,148.99180160090327,YES,selected
13e47133:o0:d048:transpose,0,/workspace/arc2/active_runs/eval60_v5_vs_greedy_4worker_v1/raw/task_depth/13e47133/d048.parquet,398e5076b371c97c535e973f75742bf173765496d999a24fa2eb8d45c99b4407,FAST_PASS,CANDIDATE,a52e18a0d57732ff54bd72649177b34e56201516dc7649d007a8d93ec51120a9,2,1634,1635,1634,1374,96.23777794279158,YES,selected
13e47133:o1:d012:anti_transpose,0,/workspace/arc2/active_runs/eval60_v5_vs_greedy_4worker_v1/raw/task_depth/13e47133/d012.parquet,459aa74abb8ca06e8b0a29d95336c42e80c77394f5a4fe7fca7eb9738976167c,FAST_PASS,CANDIDATE,ee8429e0e34eb00ea75fd0519ce39cf732c89e0c747a131a1b4816199c74baff,3,2773,2774,2773,2296,160.76118204928935,YES,selected
13e47133:o1:d012:flip_ud,0,/workspace/arc2/active_runs/eval60_v5_vs_greedy_4worker_v1/raw/task_depth/13e47133/d012.parquet,459aa74abb8ca06e8b0a29d95336c42e80c77394f5a4fe7fca7eb9738976167c,FAST_PASS,CANDIDATE,ee8429e0e34eb00ea75fd0519ce39cf732c89e0c747a131a1b4816199c74baff,2,1850,1851,1850,1596,111.49094143882394,YES,selected
13e47133:o1:d012:identity,0,/workspace/arc2/active_runs/eval60_v5_vs_greedy_4worker_v1/raw/task_depth/13e47133/d012.parquet,459aa74abb8ca06e8b0a29d95336c42e80c77394f5a4fe7fca7eb9738976167c,FAST_PASS,CANDIDATE,ee8429e0e34eb00ea75fd0519ce39cf732c89e0c747a131a1b4816199c74baff,3,2779,2780,2779,2702,162.84148775972426,YES,selected
13e47133:o1:d012:transpose,0,/workspace/arc2/active_runs/eval60_v5_vs_greedy_4worker_v1/raw/task_depth/13e47133/d012.parquet,459aa74abb8ca06e8b0a29d95336c42e80c77394f5a4fe7fca7eb9738976167c,FAST_PASS,CANDIDATE,ee8429e0e34eb00ea75fd0519ce39cf732c89e0c747a131a1b4816199c74baff,2,1762,1763,1762,1332,103.25082940980792,YES,selected
13e47133:o1:d024:anti_transpose,0,/workspace/arc2/active_runs/eval60_v5_vs_greedy_4worker_v1/raw/task_depth/13e47133/d024.parquet,d09a9a073c89b1243068aaa01cdff807de6b8e77c7d30db70f32adf82b6a7faa,FAST_PASS,CANDIDATE,e36cce0ed9731be780c48c576be801e7f1faacad868fcb21551b40f5a801eddd,2,1819,1820,1819,1198,109.1997424326837,YES,selected
13e47133:o1:d024:flip_ud,0,/workspace/arc2/active_runs/eval60_v5_vs_greedy_4worker_v1/raw/task_depth/13e47133/d024.parquet,d09a9a073c89b1243068aaa01cdff807de6b8e77c7d30db70f32adf82b6a7faa,FAST_PASS,CANDIDATE,e36cce0ed9731be780c48c576be801e7f1faacad868fcb21551b40f5a801eddd,3,2523,2524,2523,2125,148.4664377309382,YES,selected
13e47133:o1:d024:identity,0,/workspace/arc2/active_runs/eval60_v5_vs_greedy_4worker_v1/raw/task_depth/13e47133/d024.parquet,d09a9a073c89b1243068aaa01cdff807de6b8e77c7d30db70f32adf82b6a7faa,FAST_PASS,CANDIDATE,e36cce0ed9731be780c48c576be801e7f1faacad868fcb21551b40f5a801eddd,2,1850,1851,1850,1277,107.5249934438616,YES,selected
13e47133:o1:d024:transpose,0,/workspace/arc2/active_runs/eval60_v5_vs_greedy_4worker_v1/raw/task_depth/13e47133/d024.parquet,d09a9a073c89b1243068aaa01cdff807de6b8e77c7d30db70f32adf82b6a7faa,FAST_PASS,CANDIDATE,e36cce0ed9731be780c48c576be801e7f1faacad868fcb21551b40f5a801eddd,2,1610,1611,1610,1276,94.35306388139725,YES,selected
13e47133:o1:d048:anti_transpose,0,/workspace/arc2/active_runs/eval60_v5_vs_greedy_4worker_v1/raw/task_depth/13e47133/d048.parquet,398e5076b371c97c535e973f75742bf173765496d999a24fa2eb8d45c99b4407,FAST_PASS,CANDIDATE,a52e18a0d57732ff54bd72649177b34e56201516dc7649d007a8d93ec51120a9,3,2716,2717,2716,2267,163.67756407149136,YES,selected
13e47133:o1:d048:flip_ud,0,/workspace/arc2/active_runs/eval60_v5_vs_greedy_4worker_v1/raw/task_depth/13e47133/d048.parquet,398e5076b371c97c535e973f75742bf173765496d999a24fa2eb8d45c99b4407,FAST_PASS,CANDIDATE,a52e18a0d57732ff54bd72649177b34e56201516dc7649d007a8d93ec51120a9,2,1858,1859,1858,1225,107.8379856646061,YES,selected
13e47133:o1:d048:identity,0,/workspace/arc2/active_runs/eval60_v5_vs_greedy_4worker_v1/raw/task_depth/13e47133/d048.parquet,398e5076b371c97c535e973f75742bf173765496d999a24fa2eb8d45c99b4407,FAST_PASS,CANDIDATE,a52e18a0d57732ff54bd72649177b34e56201516dc7649d007a8d93ec51120a9,3,2204,2205,2204,1652,129.9057355094701,YES,selected
13e47133:o1:d048:transpose,0,/workspace/arc2/active_runs/eval60_v5_vs_greedy_4worker_v1/raw/task_depth/13e47133/d048.parquet,398e5076b371c97c535e973f75742bf173765496d999a24fa2eb8d45c99b4407,FAST_PASS,CANDIDATE,a52e18a0d57732ff54bd72649177b34e56201516dc7649d007a8d93ec51120a9,2,1529,1530,1529,924,89.6053801253438,YES,selected
142ca369:o0:d012:anti_transpose,0,/workspace/arc2/active_runs/eval60_v5_vs_greedy_4worker_v1/raw/task_depth/142ca369/d012.parquet,f0a2c081f15f5b65cf40f5fefa81b967357cb6db63aca10dc23e699b689f11f7,FAST_PASS,CANDIDATE,948324b048fca2ef569dc86198242b5ef9f41dcf96d3058384afb30417fa6113,2,633,634,633,522,37.512405721470714,YES,selected
142ca369:o0:d012:flip_ud,0,/workspace/arc2/active_runs/eval60_v5_vs_greedy_4worker_v1/raw/task_depth/142ca369/d012.parquet,f0a2c081f15f5b65cf40f5fefa81b967357cb6db63aca10dc23e699b689f11f7,FAST_PASS,CANDIDATE,948324b048fca2ef569dc86198242b5ef9f41dcf96d3058384afb30417fa6113,1,341,342,341,112,20.743924506008625,YES,selected
142ca369:o0:d012:identity,0,/workspace/arc2/active_runs/eval60_v5_vs_greedy_4worker_v1/raw/task_depth/142ca369/d012.parquet,f0a2c081f15f5b65cf40f5fefa81b967357cb6db63aca10dc23e699b689f11f7,FAST_PASS,CANDIDATE,948324b048fca2ef569dc86198242b5ef9f41dcf96d3058384afb30417fa6113,2,642,643,642,547,37.991320092231035,YES,selected
142ca369:o0:d012:transpose,0,/workspace/arc2/active_runs/eval60_v5_vs_greedy_4worker_v1/raw/task_depth/142ca369/d012.parquet,f0a2c081f15f5b65cf40f5fefa81b967357cb6db63aca10dc23e699b689f11f7,HEAVY_REPAIR,CANDIDATE,948324b048fca2ef569dc86198242b5ef9f41dcf96d3058384afb30417fa6113,2,673,674,673,550,39.8953548874706,YES,selected
142ca369:o0:d024:anti_transpose,0,/workspace/arc2/active_runs/eval60_v5_vs_greedy_4worker_v1/raw/task_depth/142ca369/d024.parquet,1ccd13c6020d6195ca6b36f28ba585a06174c83ea1632a7ee2741c87cb460973,FAST_PASS,CANDIDATE,feb8534fc366d7c880e4b4d7bcd26caa6af3989c1588e20a7987e629524b7544,1,341,342,341,0,20.102131739258766,YES,selected
142ca369:o0:d024:flip_ud,0,/workspace/arc2/active_runs/eval60_v5_vs_greedy_4worker_v1/raw/task_depth/142ca369/d024.parquet,1ccd13c6020d6195ca6b36f28ba585a06174c83ea1632a7ee2741c87cb460973,FAST_PASS,CANDIDATE,feb8534fc366d7c880e4b4d7bcd26caa6af3989c1588e20a7987e629524b7544,1,341,342,341,328,20.14528758265078,YES,selected
142ca369:o0:d024:identity,0,/workspace/arc2/active_runs/eval60_v5_vs_greedy_4worker_v1/raw/task_depth/142ca369/d024.parquet,1ccd13c6020d6195ca6b36f28ba585a06174c83ea1632a7ee2741c87cb460973,FAST_PASS,CANDIDATE,feb8534fc366d7c880e4b4d7bcd26caa6af3989c1588e20a7987e629524b7544,2,642,643,642,448,38.38210790976882,YES,selected
142ca369:o0:d024:transpose,0,/workspace/arc2/active_runs/eval60_v5_vs_greedy_4worker_v1/raw/task_depth/142ca369/d024.parquet,1ccd13c6020d6195ca6b36f28ba585a06174c83ea1632a7ee2741c87cb460973,HEAVY_REPAIR,CANDIDATE,feb8534fc366d7c880e4b4d7bcd26caa6af3989c1588e20a7987e629524b7544,1,341,342,341,0,20.622021401301026,YES,selected
142ca369:o0:d048:anti_transpose,0,/workspace/arc2/active_runs/eval60_v5_vs_greedy_4worker_v1/raw/task_depth/142ca369/d048.parquet,114a45ed388051244e378263fcc433be2cd3614d339a0d73f97c832f5fd2ce28,FAST_PASS,CANDIDATE,9f676a525440e6b2a4ddb1d1efa97e4a270873925f58dc5dd99a2c65dc37bdeb,1,341,342,341,0,20.064800078049302,YES,selected
142ca369:o0:d048:flip_ud,0,/workspace/arc2/active_runs/eval60_v5_vs_greedy_4worker_v1/raw/task_depth/142ca369/d048.parquet,114a45ed388051244e378263fcc433be2cd3614d339a0d73f97c832f5fd2ce28,FAST_PASS,CANDIDATE,9f676a525440e6b2a4ddb1d1efa97e4a270873925f58dc5dd99a2c65dc37bdeb,1,341,342,341,0,20.39652812667191,YES,selected
142ca369:o0:d048:identity,0,/workspace/arc2/active_runs/eval60_v5_vs_greedy_4worker_v1/raw/task_depth/142ca369/d048.parquet,114a45ed388051244e378263fcc433be2cd3614d339a0d73f97c832f5fd2ce28,FAST_PASS,CANDIDATE,9f676a525440e6b2a4ddb1d1efa97e4a270873925f58dc5dd99a2c65dc37bdeb,2,640,641,640,293,38.20039943791926,YES,selected
142ca369:o0:d048:transpose,0,/workspace/arc2/active_runs/eval60_v5_vs_greedy_4worker_v1/raw/task_depth/142ca369/d048.parquet,114a45ed388051244e378263fcc433be2cd3614d339a0d73f97c832f5fd2ce28,HEAVY_REPAIR,CANDIDATE,9f676a525440e6b2a4ddb1d1efa97e4a270873925f58dc5dd99a2c65dc37bdeb,2,642,643,642,262,38.095270812511444,YES,selected
142ca369:o1:d012:anti_transpose,0,/workspace/arc2/active_runs/eval60_v5_vs_greedy_4worker_v1/raw/task_depth/142ca369/d012.parquet,f0a2c081f15f5b65cf40f5fefa81b967357cb6db63aca10dc23e699b689f11f7,HEAVY_REPAIR,CANDIDATE,948324b048fca2ef569dc86198242b5ef9f41dcf96d3058384afb30417fa6113,1,398,399,398,0,23.560901699587703,YES,selected
142ca369:o1:d012:flip_ud,0,/workspace/arc2/active_runs/eval60_v5_vs_greedy_4worker_v1/raw/task_depth/142ca369/d012.parquet,f0a2c081f15f5b65cf40f5fefa81b967357cb6db63aca10dc23e699b689f11f7,FAST_PASS,CANDIDATE,948324b048fca2ef569dc86198242b5ef9f41dcf96d3058384afb30417fa6113,2,795,796,795,422,46.4538584407419,YES,selected
142ca369:o1:d012:identity,0,/workspace/arc2/active_runs/eval60_v5_vs_greedy_4worker_v1/raw/task_depth/142ca369/d012.parquet,f0a2c081f15f5b65cf40f5fefa81b967357cb6db63aca10dc23e699b689f11f7,HEAVY_REPAIR,CANDIDATE,948324b048fca2ef569dc86198242b5ef9f41dcf96d3058384afb30417fa6113,1,399,400,399,0,23.622440611943603,YES,selected
142ca369:o1:d012:transpose,0,/workspace/arc2/active_runs/eval60_v5_vs_greedy_4worker_v1/raw/task_depth/142ca369/d012.parquet,f0a2c081f15f5b65cf40f5fefa81b967357cb6db63aca10dc23e699b689f11f7,FAST_PASS,CANDIDATE,948324b048fca2ef569dc86198242b5ef9f41dcf96d3058384afb30417fa6113,1,398,399,398,0,23.70886431261897,YES,selected
142ca369:o1:d024:anti_transpose,0,/workspace/arc2/active_runs/eval60_v5_vs_greedy_4worker_v1/raw/task_depth/142ca369/d024.parquet,1ccd13c6020d6195ca6b36f28ba585a06174c83ea1632a7ee2741c87cb460973,HEAVY_REPAIR,CANDIDATE,feb8534fc366d7c880e4b4d7bcd26caa6af3989c1588e20a7987e629524b7544,1,398,399,398,0,23.544562621042132,YES,selected
142ca369:o1:d024:flip_ud,0,/workspace/arc2/active_runs/eval60_v5_vs_greedy_4worker_v1/raw/task_depth/142ca369/d024.parquet,1ccd13c6020d6195ca6b36f28ba585a06174c83ea1632a7ee2741c87cb460973,FAST_PASS,CANDIDATE,feb8534fc366d7c880e4b4d7bcd26caa6af3989c1588e20a7987e629524b7544,1,399,400,399,0,23.824737828224897,YES,selected
142ca369:o1:d024:identity,0,/workspace/arc2/active_runs/eval60_v5_vs_greedy_4worker_v1/raw/task_depth/142ca369/d024.parquet,1ccd13c6020d6195ca6b36f28ba585a06174c83ea1632a7ee2741c87cb460973,HEAVY_REPAIR,CANDIDATE,feb8534fc366d7c880e4b4d7bcd26caa6af3989c1588e20a7987e629524b7544,2,531,532,531,0,31.28381168283522,YES,selected
142ca369:o1:d024:transpose,0,/workspace/arc2/active_runs/eval60_v5_vs_greedy_4worker_v1/raw/task_depth/142ca369/d024.parquet,1ccd13c6020d6195ca6b36f28ba585a06174c83ea1632a7ee2741c87cb460973,FAST_PASS,CANDIDATE,feb8534fc366d7c880e4b4d7bcd26caa6af3989c1588e20a7987e629524b7544,2,533,534,533,0,31.106979373842478,YES,selected
142ca369:o1:d048:anti_transpose,0,/workspace/arc2/active_runs/eval60_v5_vs_greedy_4worker_v1/raw/task_depth/142ca369/d048.parquet,114a45ed388051244e378263fcc433be2cd3614d339a0d73f97c832f5fd2ce28,HEAVY_REPAIR,CANDIDATE,9f676a525440e6b2a4ddb1d1efa97e4a270873925f58dc5dd99a2c65dc37bdeb,1,398,399,398,0,23.85745640657842,YES,selected
142ca369:o1:d048:flip_ud,0,/workspace/arc2/active_runs/eval60_v5_vs_greedy_4worker_v1/raw/task_depth/142ca369/d048.parquet,114a45ed388051244e378263fcc433be2cd3614d339a0d73f97c832f5fd2ce28,FAST_PASS,CANDIDATE,9f676a525440e6b2a4ddb1d1efa97e4a270873925f58dc5dd99a2c65dc37bdeb,1,399,400,399,0,23.733856469392776,YES,selected
142ca369:o1:d048:identity,0,/workspace/arc2/active_runs/eval60_v5_vs_greedy_4worker_v1/raw/task_depth/142ca369/d048.parquet,114a45ed388051244e378263fcc433be2cd3614d339a0d73f97c832f5fd2ce28,HEAVY_REPAIR,CANDIDATE,9f676a525440e6b2a4ddb1d1efa97e4a270873925f58dc5dd99a2c65dc37bdeb,2,626,627,626,0,36.85272694379091,YES,selected
142ca369:o1:d048:transpose,0,/workspace/arc2/active_runs/eval60_v5_vs_greedy_4worker_v1/raw/task_depth/142ca369/d048.parquet,114a45ed388051244e378263fcc433be2cd3614d339a0d73f97c832f5fd2ce28,FAST_PASS,CANDIDATE,9f676a525440e6b2a4ddb1d1efa97e4a270873925f58dc5dd99a2c65dc37bdeb,2,533,534,533,0,31.082782777026296,YES,selected
16b78196:o0:d012:anti_transpose,0,/workspace/arc2/active_runs/eval60_v5_vs_greedy_4worker_v1/raw/task_depth/16b78196/d012.parquet,9e8b2fcd083987b9cbe1b8ecc461ef72bae5e25b3cd8fb841ae1d5f6c3ad0d9e,UNKNOWN,CANDIDATE,2732da5758b19390d851871795ee91388a4593f7ff917693e56f3103f612095b,1,929,930,929,115,27.649869199842215,YES,selected
16b78196:o0:d012:flip_ud,0,/workspace/arc2/active_runs/eval60_v5_vs_greedy_4worker_v1/raw/task_depth/16b78196/d012.parquet,9e8b2fcd083987b9cbe1b8ecc461ef72bae5e25b3cd8fb841ae1d5f6c3ad0d9e,UNKNOWN,CANDIDATE,2732da5758b19390d851871795ee91388a4593f7ff917693e56f3103f612095b,1,929,930,929,108,27.608531730249524,YES,selected
16b78196:o0:d012:identity,0,/workspace/arc2/active_runs/eval60_v5_vs_greedy_4worker_v1/raw/task_depth/16b78196/d012.parquet,9e8b2fcd083987b9cbe1b8ecc461ef72bae5e25b3cd8fb841ae1d5f6c3ad0d9e,UNKNOWN,CANDIDATE,2732da5758b19390d851871795ee91388a4593f7ff917693e56f3103f612095b,1,929,930,929,0,27.608531730249524,YES,selected
16b78196:o0:d012:transpose,0,/workspace/arc2/active_runs/eval60_v5_vs_greedy_4worker_v1/raw/task_depth/16b78196/d012.parquet,9e8b2fcd083987b9cbe1b8ecc461ef72bae5e25b3cd8fb841ae1d5f6c3ad0d9e,UNKNOWN,CANDIDATE,2732da5758b19390d851871795ee91388a4593f7ff917693e56f3103f612095b,1,929,930,929,424,27.649869199842215,YES,selected
16b78196:o0:d024:anti_transpose,0,/workspace/arc2/active_runs/eval60_v5_vs_greedy_4worker_v1/raw/task_depth/16b78196/d024.parquet,d70901a9c30022260cb64b28afa5f4a06bbd7c5f11765296d129ca2d4d5c9a28,UNKNOWN,CANDIDATE,b060191a5c122f04b72aa05ce25e70937ed9b26ca782353ba6d97e2fa5d8cc06,1,929,930,929,295,27.45309845544398,YES,selected
16b78196:o0:d024:flip_ud,0,/workspace/arc2/active_runs/eval60_v5_vs_greedy_4worker_v1/raw/task_depth/16b78196/d024.parquet,d70901a9c30022260cb64b28afa5f4a06bbd7c5f11765296d129ca2d4d5c9a28,UNKNOWN,CANDIDATE,b060191a5c122f04b72aa05ce25e70937ed9b26ca782353ba6d97e2fa5d8cc06,1,929,930,929,288,27.544567079283297,YES,selected
16b78196:o0:d024:identity,0,/workspace/arc2/active_runs/eval60_v5_vs_greedy_4worker_v1/raw/task_depth/16b78196/d024.parquet,d70901a9c30022260cb64b28afa5f4a06bbd7c5f11765296d129ca2d4d5c9a28,UNKNOWN,CANDIDATE,b060191a5c122f04b72aa05ce25e70937ed9b26ca782353ba6d97e2fa5d8cc06,1,929,930,929,260,27.544567079283297,YES,selected
16b78196:o0:d024:transpose,0,/workspace/arc2/active_runs/eval60_v5_vs_greedy_4worker_v1/raw/task_depth/16b78196/d024.parquet,d70901a9c30022260cb64b28afa5f4a06bbd7c5f11765296d129ca2d4d5c9a28,UNKNOWN,CANDIDATE,b060191a5c122f04b72aa05ce25e70937ed9b26ca782353ba6d97e2fa5d8cc06,1,929,930,929,664,27.45309845544398,YES,selected
16b78196:o0:d048:anti_transpose,0,/workspace/arc2/active_runs/eval60_v5_vs_greedy_4worker_v1/raw/task_depth/16b78196/d048.parquet,03b9a122ed0b25f12f710b24e031d7d9316fd20846ef1d1a1d0d48d5c83784e7,UNKNOWN,CANDIDATE,2f860718125d73beda30a430eef286ca3bb525b214f2bbfe064041db23009e4a,1,929,930,929,295,27.104465153999627,YES,selected
16b78196:o0:d048:flip_ud,0,/workspace/arc2/active_runs/eval60_v5_vs_greedy_4worker_v1/raw/task_depth/16b78196/d048.parquet,03b9a122ed0b25f12f710b24e031d7d9316fd20846ef1d1a1d0d48d5c83784e7,UNKNOWN,CANDIDATE,2f860718125d73beda30a430eef286ca3bb525b214f2bbfe064041db23009e4a,4,2533,2536,2533,1523,73.40293273329735,YES,selected
16b78196:o0:d048:identity,0,/workspace/arc2/active_runs/eval60_v5_vs_greedy_4worker_v1/raw/task_depth/16b78196/d048.parquet,03b9a122ed0b25f12f710b24e031d7d9316fd20846ef1d1a1d0d48d5c83784e7,UNKNOWN,CANDIDATE,2f860718125d73beda30a430eef286ca3bb525b214f2bbfe064041db23009e4a,4,2534,2536,2534,1690,73.40293273329735,YES,selected
16b78196:o0:d048:transpose,0,/workspace/arc2/active_runs/eval60_v5_vs_greedy_4worker_v1/raw/task_depth/16b78196/d048.parquet,03b9a122ed0b25f12f710b24e031d7d9316fd20846ef1d1a1d0d48d5c83784e7,UNKNOWN,CANDIDATE,2f860718125d73beda30a430eef286ca3bb525b214f2bbfe064041db23009e4a,1,929,930,929,447,27.104465153999627,YES,selected
16de56c4:o0:d012:anti_transpose,0,/workspace/arc2/active_runs/eval60_v5_vs_greedy_4worker_v1/raw/task_depth/16de56c4/d012.parquet,57a9fe0d5b2a1271b00be33ddb53b20d43889be44083130fe1b3c17b9f605309,FAST_PASS,CANDIDATE,0672adc5dee92b469ce425bd0ec3e2492f3292cf83f69f98cbcc7e5c37ab6234,1,209,210,209,170,12.841620285063982,YES,selected
16de56c4:o0:d012:flip_ud,0,/workspace/arc2/active_runs/eval60_v5_vs_greedy_4worker_v1/raw/task_depth/16de56c4/d012.parquet,57a9fe0d5b2a1271b00be33ddb53b20d43889be44083130fe1b3c17b9f605309,FAST_PASS,CANDIDATE,0672adc5dee92b469ce425bd0ec3e2492f3292cf83f69f98cbcc7e5c37ab6234,2,385,386,385,297,23.83196860924363,YES,selected
16de56c4:o0:d012:identity,0,/workspace/arc2/active_runs/eval60_v5_vs_greedy_4worker_v1/raw/task_depth/16de56c4/d012.parquet,57a9fe0d5b2a1271b00be33ddb53b20d43889be44083130fe1b3c17b9f605309,FAST_PASS,CANDIDATE,0672adc5dee92b469ce425bd0ec3e2492f3292cf83f69f98cbcc7e5c37ab6234,2,361,362,361,296,21.67105625383556,YES,selected
16de56c4:o0:d012:transpose,0,/workspace/arc2/active_runs/eval60_v5_vs_greedy_4worker_v1/raw/task_depth/16de56c4/d012.parquet,57a9fe0d5b2a1271b00be33ddb53b20d43889be44083130fe1b3c17b9f605309,FAST_PASS,CANDIDATE,0672adc5dee92b469ce425bd0ec3e2492f3292cf83f69f98cbcc7e5c37ab6234,2,416,417,416,397,24.568291403353214,YES,selected
16de56c4:o0:d024:anti_transpose,0,/workspace/arc2/active_runs/eval60_v5_vs_greedy_4worker_v1/raw/task_depth/16de56c4/d024.parquet,35a3b0a8ade4ff6980892f0a04974181a9adcb0d45ee4164b6429e99823f37ae,FAST_PASS,CANDIDATE,ba9d832f85970b1b05037941199701905066b0193595a358ea4b4e9943c1c6c0,2,415,416,415,380,24.88884164392948,YES,selected
16de56c4:o0:d024:flip_ud,0,/workspace/arc2/active_runs/eval60_v5_vs_greedy_4worker_v1/raw/task_depth/16de56c4/d024.parquet,35a3b0a8ade4ff6980892f0a04974181a9adcb0d45ee4164b6429e99823f37ae,FAST_PASS,CANDIDATE,ba9d832f85970b1b05037941199701905066b0193595a358ea4b4e9943c1c6c0,2,385,386,385,268,22.65066140331328,YES,selected
16de56c4:o0:d024:identity,0,/workspace/arc2/active_runs/eval60_v5_vs_greedy_4worker_v1/raw/task_depth/16de56c4/d024.parquet,35a3b0a8ade4ff6980892f0a04974181a9adcb0d45ee4164b6429e99823f37ae,FAST_PASS,CANDIDATE,ba9d832f85970b1b05037941199701905066b0193595a358ea4b4e9943c1c6c0,3,524,525,524,478,31.848469026386738,YES,selected
16de56c4:o0:d024:transpose,0,/workspace/arc2/active_runs/eval60_v5_vs_greedy_4worker_v1/raw/task_depth/16de56c4/d024.parquet,35a3b0a8ade4ff6980892f0a04974181a9adcb0d45ee4164b6429e99823f37ae,FAST_PASS,CANDIDATE,ba9d832f85970b1b05037941199701905066b0193595a358ea4b4e9943c1c6c0,2,410,411,410,373,24.916968438774347,YES,selected
16de56c4:o0:d048:anti_transpose,0,/workspace/arc2/active_runs/eval60_v5_vs_greedy_4worker_v1/raw/task_depth/16de56c4/d048.parquet,08084082adeaf859725a0c92f9c5f49ceb627fe37a2eb960768fff4f1576a5dd,FAST_PASS,CANDIDATE,d52ace97298f7264dd2a2b7110f19c1866f9fee6fef1522b340fdd6b3c91d98c,3,551,552,551,365,33.331135891377926,YES,selected
16de56c4:o0:d048:flip_ud,0,/workspace/arc2/active_runs/eval60_v5_vs_greedy_4worker_v1/raw/task_depth/16de56c4/d048.parquet,08084082adeaf859725a0c92f9c5f49ceb627fe37a2eb960768fff4f1576a5dd,FAST_PASS,CANDIDATE,d52ace97298f7264dd2a2b7110f19c1866f9fee6fef1522b340fdd6b3c91d98c,2,388,389,388,214,23.48028222285211,YES,selected
16de56c4:o0:d048:identity,0,/workspace/arc2/active_runs/eval60_v5_vs_greedy_4worker_v1/raw/task_depth/16de56c4/d048.parquet,08084082adeaf859725a0c92f9c5f49ceb627fe37a2eb960768fff4f1576a5dd,FAST_PASS,CANDIDATE,d52ace97298f7264dd2a2b7110f19c1866f9fee6fef1522b340fdd6b3c91d98c,2,344,345,344,183,20.456952406093478,YES,selected
16de56c4:o0:d048:transpose,0,/workspace/arc2/active_runs/eval60_v5_vs_greedy_4worker_v1/raw/task_depth/16de56c4/d048.parquet,08084082adeaf859725a0c92f9c5f49ceb627fe37a2eb960768fff4f1576a5dd,FAST_PASS,CANDIDATE,d52ace97298f7264dd2a2b7110f19c1866f9fee6fef1522b340fdd6b3c91d98c,1,209,210,209,39,12.918733863160014,YES,selected
16de56c4:o1:d012:anti_transpose,0,/workspace/arc2/active_runs/eval60_v5_vs_greedy_4worker_v1/raw/task_depth/16de56c4/d012.parquet,57a9fe0d5b2a1271b00be33ddb53b20d43889be44083130fe1b3c17b9f605309,FAST_PASS,CANDIDATE,0672adc5dee92b469ce425bd0ec3e2492f3292cf83f69f98cbcc7e5c37ab6234,2,344,345,344,235,20.87941436842084,YES,selected
16de56c4:o1:d012:flip_ud,0,/workspace/arc2/active_runs/eval60_v5_vs_greedy_4worker_v1/raw/task_depth/16de56c4/d012.parquet,57a9fe0d5b2a1271b00be33ddb53b20d43889be44083130fe1b3c17b9f605309,FAST_PASS,CANDIDATE,0672adc5dee92b469ce425bd0ec3e2492f3292cf83f69f98cbcc7e5c37ab6234,2,393,394,393,381,23.260430332273245,YES,selected
16de56c4:o1:d012:identity,0,/workspace/arc2/active_runs/eval60_v5_vs_greedy_4worker_v1/raw/task_depth/16de56c4/d012.parquet,57a9fe0d5b2a1271b00be33ddb53b20d43889be44083130fe1b3c17b9f605309,FAST_PASS,CANDIDATE,0672adc5dee92b469ce425bd0ec3e2492f3292cf83f69f98cbcc7e5c37ab6234,3,586,587,586,576,37.176082883030176,YES,selected
16de56c4:o1:d012:transpose,0,/workspace/arc2/active_runs/eval60_v5_vs_greedy_4worker_v1/raw/task_depth/16de56c4/d012.parquet,57a9fe0d5b2a1271b00be33ddb53b20d43889be44083130fe1b3c17b9f605309,FAST_PASS,CANDIDATE,0672adc5dee92b469ce425bd0ec3e2492f3292cf83f69f98cbcc7e5c37ab6234,2,408,409,408,388,23.75216342508793,YES,selected
16de56c4:o1:d024:anti_transpose,0,/workspace/arc2/active_runs/eval60_v5_vs_greedy_4worker_v1/raw/task_depth/16de56c4/d024.parquet,35a3b0a8ade4ff6980892f0a04974181a9adcb0d45ee4164b6429e99823f37ae,FAST_PASS,CANDIDATE,ba9d832f85970b1b05037941199701905066b0193595a358ea4b4e9943c1c6c0,2,368,369,368,190,22.356480157002807,YES,selected
16de56c4:o1:d024:flip_ud,0,/workspace/arc2/active_runs/eval60_v5_vs_greedy_4worker_v1/raw/task_depth/16de56c4/d024.parquet,35a3b0a8ade4ff6980892f0a04974181a9adcb0d45ee4164b6429e99823f37ae,FAST_PASS,CANDIDATE,ba9d832f85970b1b05037941199701905066b0193595a358ea4b4e9943c1c6c0,1,197,198,197,175,12.297417089343071,YES,selected
16de56c4:o1:d024:identity,0,/workspace/arc2/active_runs/eval60_v5_vs_greedy_4worker_v1/raw/task_depth/16de56c4/d024.parquet,35a3b0a8ade4ff6980892f0a04974181a9adcb0d45ee4164b6429e99823f37ae,FAST_PASS,CANDIDATE,ba9d832f85970b1b05037941199701905066b0193595a358ea4b4e9943c1c6c0,2,387,388,387,364,23.7517983391881,YES,selected
16de56c4:o1:d024:transpose,0,/workspace/arc2/active_runs/eval60_v5_vs_greedy_4worker_v1/raw/task_depth/16de56c4/d024.parquet,35a3b0a8ade4ff6980892f0a04974181a9adcb0d45ee4164b6429e99823f37ae,FAST_PASS,CANDIDATE,ba9d832f85970b1b05037941199701905066b0193595a358ea4b4e9943c1c6c0,2,408,409,408,315,24.214843194931746,YES,selected
16de56c4:o1:d048:anti_transpose,0,/workspace/arc2/active_runs/eval60_v5_vs_greedy_4worker_v1/raw/task_depth/16de56c4/d048.parquet,08084082adeaf859725a0c92f9c5f49ceb627fe37a2eb960768fff4f1576a5dd,FAST_PASS,CANDIDATE,d52ace97298f7264dd2a2b7110f19c1866f9fee6fef1522b340fdd6b3c91d98c,3,507,508,507,234,29.910670682787895,YES,selected
16de56c4:o1:d048:flip_ud,0,/workspace/arc2/active_runs/eval60_v5_vs_greedy_4worker_v1/raw/task_depth/16de56c4/d048.parquet,08084082adeaf859725a0c92f9c5f49ceb627fe37a2eb960768fff4f1576a5dd,FAST_PASS,CANDIDATE,d52ace97298f7264dd2a2b7110f19c1866f9fee6fef1522b340fdd6b3c91d98c,2,381,382,381,288,22.804611494764686,YES,selected
16de56c4:o1:d048:identity,0,/workspace/arc2/active_runs/eval60_v5_vs_greedy_4worker_v1/raw/task_depth/16de56c4/d048.parquet,08084082adeaf859725a0c92f9c5f49ceb627fe37a2eb960768fff4f1576a5dd,FAST_PASS,CANDIDATE,d52ace97298f7264dd2a2b7110f19c1866f9fee6fef1522b340fdd6b3c91d98c,2,390,391,390,43,22.900677867233753,YES,selected
16de56c4:o1:d048:transpose,0,/workspace/arc2/active_runs/eval60_v5_vs_greedy_4worker_v1/raw/task_depth/16de56c4/d048.parquet,08084082adeaf859725a0c92f9c5f49ceb627fe37a2eb960768fff4f1576a5dd,FAST_PASS,CANDIDATE,d52ace97298f7264dd2a2b7110f19c1866f9fee6fef1522b340fdd6b3c91d98c,2,342,343,342,76,20.287869164720178,YES,selected
1818057f:o0:d012:anti_transpose,0,/workspace/arc2/active_runs/eval60_v5_vs_greedy_4worker_v1/tmp/1818057f/d012/o00_g1.json,7a4c1a6b46bbd2cb9955009bb2d68d777be4f470ee7ecb09e7a3bb685e197f4d,FAST_PASS,CANDIDATE,22584b9ae3107f41a13b84e3befd6f43cd4779d7eba64b60e8b196a2fe975a9d,1,505,506,505,0,29.985055966302752,YES,selected
1818057f:o0:d012:flip_ud,0,/workspace/arc2/active_runs/eval60_v5_vs_greedy_4worker_v1/tmp/1818057f/d012/o00_g0.json,d6a51266625a0ec970dc987b09b70c8bf985955f4b7486eb1c17bfc534647470,FAST_PASS,CANDIDATE,22584b9ae3107f41a13b84e3befd6f43cd4779d7eba64b60e8b196a2fe975a9d,1,505,506,505,0,29.809015506878495,YES,selected
1818057f:o0:d012:transpose,0,/workspace/arc2/active_runs/eval60_v5_vs_greedy_4worker_v1/tmp/1818057f/d012/o00_g1.json,7a4c1a6b46bbd2cb9955009bb2d68d777be4f470ee7ecb09e7a3bb685e197f4d,FAST_PASS,CANDIDATE,22584b9ae3107f41a13b84e3befd6f43cd4779d7eba64b60e8b196a2fe975a9d,1,505,506,505,0,30.086730625480413,YES,selected
1818057f:o0:d024:anti_transpose,0,/workspace/arc2/active_runs/eval60_v5_vs_greedy_4worker_v1/tmp/1818057f/d024/o00_g1.json,a843bac0032d4cec5f4d41bd9da390f419a554398a29990b8941baa5bd494087,FAST_PASS,CANDIDATE,81d8a1f34e5a81a437e709e3cc66a9de5a049c27a2ab25fbf46756ec60bb288f,2,582,583,582,73,33.32229612953961,YES,selected
1818057f:o0:d024:flip_ud,0,/workspace/arc2/active_runs/eval60_v5_vs_greedy_4worker_v1/tmp/1818057f/d024/o00_g0.json,ad86d0470aae74b6de8047fb2335d4445eeafc64694b686640bab2471cab0b15,FAST_PASS,CANDIDATE,81d8a1f34e5a81a437e709e3cc66a9de5a049c27a2ab25fbf46756ec60bb288f,1,505,506,505,0,29.904461979866028,YES,selected
1818057f:o0:d024:transpose,0,/workspace/arc2/active_runs/eval60_v5_vs_greedy_4worker_v1/tmp/1818057f/d024/o00_g1.json,a843bac0032d4cec5f4d41bd9da390f419a554398a29990b8941baa5bd494087,FAST_PASS,CANDIDATE,81d8a1f34e5a81a437e709e3cc66a9de5a049c27a2ab25fbf46756ec60bb288f,1,505,506,505,0,30.017850548028946,YES,selected
1818057f:o0:d048:anti_transpose,0,/workspace/arc2/active_runs/eval60_v5_vs_greedy_4worker_v1/tmp/1818057f/d048/o00_g1.json,8620fb3330cfd5103535892ae88689b9014a4941070d7235c2585506671f8a76,FAST_PASS,CANDIDATE,b5a97f2948f70d2f447289dbc1521791eab6eb64fd024954fbab0eb59ac6805f,1,505,506,505,0,29.677279425784945,YES,selected
1818057f:o0:d048:flip_ud,0,/workspace/arc2/active_runs/eval60_v5_vs_greedy_4worker_v1/tmp/1818057f/d048/o00_g0.json,e38ed51702f9faeb108eccfc4be48cc80aeeefd5f9c4bac7795560c74c1b6672,FAST_PASS,CANDIDATE,b5a97f2948f70d2f447289dbc1521791eab6eb64fd024954fbab0eb59ac6805f,1,505,506,505,0,31.086849020794034,YES,selected
1818057f:o0:d048:identity,0,/workspace/arc2/active_runs/eval60_v5_vs_greedy_4worker_v1/tmp/1818057f/d048/o00_g0.json,e38ed51702f9faeb108eccfc4be48cc80aeeefd5f9c4bac7795560c74c1b6672,FAST_PASS,CANDIDATE,b5a97f2948f70d2f447289dbc1521791eab6eb64fd024954fbab0eb59ac6805f,1,505,506,505,0,29.982287991791964,YES,selected
1818057f:o0:d048:transpose,0,/workspace/arc2/active_runs/eval60_v5_vs_greedy_4worker_v1/tmp/1818057f/d048/o00_g1.json,8620fb3330cfd5103535892ae88689b9014a4941070d7235c2585506671f8a76,FAST_PASS,CANDIDATE,b5a97f2948f70d2f447289dbc1521791eab6eb64fd024954fbab0eb59ac6805f,1,505,506,505,0,29.253804691135883,YES,selected
20270e3b:o0:d012:anti_transpose,0,/workspace/arc2/active_runs/eval60_v5_vs_greedy_4worker_v1/tmp/20270e3b/d012/o00_g1.json,218e58320041e3b7eac141d84fdc07af656442f4687a7ad2d26e27c86e1260d0,FAST_PASS,CANDIDATE,106901bf62048616f44377ce8077c1f0fc4206e0091d21079d87b16b65adb0d6,2,144,145,144,25,8.835112113505602,YES,selected
20270e3b:o0:d012:flip_ud,0,/workspace/arc2/active_runs/eval60_v5_vs_greedy_4worker_v1/tmp/20270e3b/d012/o00_g0.json,e4377ea9f750e6327f45079c4d030d3e8b0a043095bc2f09af15a2b7941757e8,FAST_PASS,CANDIDATE,106901bf62048616f44377ce8077c1f0fc4206e0091d21079d87b16b65adb0d6,1,87,88,87,40,5.099652357399464,YES,selected
20270e3b:o0:d012:identity,0,/workspace/arc2/active_runs/eval60_v5_vs_greedy_4worker_v1/tmp/20270e3b/d012/o00_g0.json,e4377ea9f750e6327f45079c4d030d3e8b0a043095bc2f09af15a2b7941757e8,FAST_PASS,CANDIDATE,106901bf62048616f44377ce8077c1f0fc4206e0091d21079d87b16b65adb0d6,1,54,55,54,0,3.4154434017837048,YES,selected
20270e3b:o0:d012:transpose,0,/workspace/arc2/active_runs/eval60_v5_vs_greedy_4worker_v1/tmp/20270e3b/d012/o00_g1.json,218e58320041e3b7eac141d84fdc07af656442f4687a7ad2d26e27c86e1260d0,FAST_PASS,CANDIDATE,106901bf62048616f44377ce8077c1f0fc4206e0091d21079d87b16b65adb0d6,2,326,327,326,251,20.15980431996286,YES,selected
20270e3b:o0:d024:anti_transpose,0,/workspace/arc2/active_runs/eval60_v5_vs_greedy_4worker_v1/tmp/20270e3b/d024/o00_g1.json,27cf5fcf9b6b41feb05ab46067668222b5d91dc5ad217ab54a40643caf2ed1d0,FAST_PASS,CANDIDATE,017e8725b13d6df7689124d442aa42fb35e29de5b6a914cbf3c49090087037a0,2,135,136,135,8,8.248463548719883,YES,selected
20270e3b:o0:d024:flip_ud,0,/workspace/arc2/active_runs/eval60_v5_vs_greedy_4worker_v1/tmp/20270e3b/d024/o00_g0.json,808f8374803ffeb8f90ed7b630ca84f83c4a76cba63eee536c5e024622cdd6ec,FAST_PASS,CANDIDATE,017e8725b13d6df7689124d442aa42fb35e29de5b6a914cbf3c49090087037a0,1,43,44,43,0,2.793501168489456,YES,selected
20270e3b:o0:d024:identity,0,/workspace/arc2/active_runs/eval60_v5_vs_greedy_4worker_v1/tmp/20270e3b/d024/o00_g0.json,808f8374803ffeb8f90ed7b630ca84f83c4a76cba63eee536c5e024622cdd6ec,FAST_PASS,CANDIDATE,017e8725b13d6df7689124d442aa42fb35e29de5b6a914cbf3c49090087037a0,2,92,93,92,1,5.34113316051662,YES,selected
20270e3b:o0:d024:transpose,0,/workspace/arc2/active_runs/eval60_v5_vs_greedy_4worker_v1/tmp/20270e3b/d024/o00_g1.json,27cf5fcf9b6b41feb05ab46067668222b5d91dc5ad217ab54a40643caf2ed1d0,FAST_PASS,CANDIDATE,017e8725b13d6df7689124d442aa42fb35e29de5b6a914cbf3c49090087037a0,2,164,165,164,91,10.149315578863025,YES,selected
20270e3b:o0:d048:anti_transpose,0,/workspace/arc2/active_runs/eval60_v5_vs_greedy_4worker_v1/tmp/20270e3b/d048/o00_g1.json,27bcf11d0563d9f16a686cd3f1990879f6c6ca83e246b70729d3d03aa53e3161,FAST_PASS,CANDIDATE,711de72bbb0f613f3db5f9b3d28158a1465cc82122828a3207691251beb7506a,3,247,248,247,167,14.696119042113423,YES,selected
20270e3b:o0:d048:flip_ud,0,/workspace/arc2/active_runs/eval60_v5_vs_greedy_4worker_v1/tmp/20270e3b/d048/o00_g0.json,e5bddb411f7e3456a071d9ef31ff619446062b9fd84ab0be0fda368f4df509a4,FAST_PASS,CANDIDATE,711de72bbb0f613f3db5f9b3d28158a1465cc82122828a3207691251beb7506a,3,282,283,282,202,16.414854053407907,YES,selected
20270e3b:o0:d048:identity,0,/workspace/arc2/active_runs/eval60_v5_vs_greedy_4worker_v1/tmp/20270e3b/d048/o00_g0.json,e5bddb411f7e3456a071d9ef31ff619446062b9fd84ab0be0fda368f4df509a4,FAST_PASS,CANDIDATE,711de72bbb0f613f3db5f9b3d28158a1465cc82122828a3207691251beb7506a,2,55,56,55,0,3.5017328951507807,YES,selected
20270e3b:o0:d048:transpose,0,/workspace/arc2/active_runs/eval60_v5_vs_greedy_4worker_v1/tmp/20270e3b/d048/o00_g1.json,27bcf11d0563d9f16a686cd3f1990879f6c6ca83e246b70729d3d03aa53e3161,FAST_PASS,CANDIDATE,711de72bbb0f613f3db5f9b3d28158a1465cc82122828a3207691251beb7506a,1,119,120,119,0,7.46785250492394,YES,selected
20270e3b:o1:d012:anti_transpose,0,/workspace/arc2/active_runs/eval60_v5_vs_greedy_4worker_v1/tmp/20270e3b/d012/o01_g1.json,63dc96cc2ac98040eede49313d488eabab8764cadec33ebd6e418ca2da6e55a0,FAST_PASS,CANDIDATE,106901bf62048616f44377ce8077c1f0fc4206e0091d21079d87b16b65adb0d6,2,119,120,119,74,6.858991671353579,YES,selected
20270e3b:o1:d012:flip_ud,0,/workspace/arc2/active_runs/eval60_v5_vs_greedy_4worker_v1/tmp/20270e3b/d012/o01_g0.json,06b0e51bf70558c34a45579949ff7875349a767ecff17c8e2b9e91a897ede56a,FAST_PASS,CANDIDATE,106901bf62048616f44377ce8077c1f0fc4206e0091d21079d87b16b65adb0d6,1,47,48,47,0,2.777985129505396,YES,selected
20270e3b:o1:d012:identity,0,/workspace/arc2/active_runs/eval60_v5_vs_greedy_4worker_v1/tmp/20270e3b/d012/o01_g0.json,06b0e51bf70558c34a45579949ff7875349a767ecff17c8e2b9e91a897ede56a,FAST_PASS,CANDIDATE,106901bf62048616f44377ce8077c1f0fc4206e0091d21079d87b16b65adb0d6,2,105,106,105,18,6.0520018339157104,YES,selected
20270e3b:o1:d012:transpose,0,/workspace/arc2/active_runs/eval60_v5_vs_greedy_4worker_v1/tmp/20270e3b/d012/o01_g1.json,63dc96cc2ac98040eede49313d488eabab8764cadec33ebd6e418ca2da6e55a0,FAST_PASS,CANDIDATE,106901bf62048616f44377ce8077c1f0fc4206e0091d21079d87b16b65adb0d6,2,184,185,184,120,11.214450737461448,YES,selected
20270e3b:o1:d024:anti_transpose,0,/workspace/arc2/active_runs/eval60_v5_vs_greedy_4worker_v1/tmp/20270e3b/d024/o01_g1.json,7ce5d229499df99f541f95038cfb266feae1fb7c703b201be72c74ab67b1023a,FAST_PASS,CANDIDATE,017e8725b13d6df7689124d442aa42fb35e29de5b6a914cbf3c49090087037a0,2,111,112,111,66,6.394059251993895,YES,selected
20270e3b:o1:d024:flip_ud,0,/workspace/arc2/active_runs/eval60_v5_vs_greedy_4worker_v1/tmp/20270e3b/d024/o01_g0.json,ec7319f4bdb258eab347b795f1f1cb329c71ba87d6fd378d6d15707738f65278,FAST_PASS,CANDIDATE,017e8725b13d6df7689124d442aa42fb35e29de5b6a914cbf3c49090087037a0,1,47,48,47,0,2.7716916520148516,YES,selected
20270e3b:o1:d024:identity,0,/workspace/arc2/active_runs/eval60_v5_vs_greedy_4worker_v1/tmp/20270e3b/d024/o01_g0.json,ec7319f4bdb258eab347b795f1f1cb329c71ba87d6fd378d6d15707738f65278,FAST_PASS,CANDIDATE,017e8725b13d6df7689124d442aa42fb35e29de5b6a914cbf3c49090087037a0,1,47,48,47,0,2.7797056064009666,YES,selected
20270e3b:o1:d024:transpose,0,/workspace/arc2/active_runs/eval60_v5_vs_greedy_4worker_v1/tmp/20270e3b/d024/o01_g1.json,7ce5d229499df99f541f95038cfb266feae1fb7c703b201be72c74ab67b1023a,FAST_PASS,CANDIDATE,017e8725b13d6df7689124d442aa42fb35e29de5b6a914cbf3c49090087037a0,2,127,128,127,0,7.781638514250517,YES,selected
20270e3b:o1:d048:anti_transpose,0,/workspace/arc2/active_runs/eval60_v5_vs_greedy_4worker_v1/tmp/20270e3b/d048/o01_g1.json,39003f2535da1518547452946278b891e2531a06eaf9a36918dc4f147be96b9b,FAST_PASS,CANDIDATE,711de72bbb0f613f3db5f9b3d28158a1465cc82122828a3207691251beb7506a,1,59,60,59,0,3.7055215630680323,YES,selected
20270e3b:o1:d048:flip_ud,0,/workspace/arc2/active_runs/eval60_v5_vs_greedy_4worker_v1/tmp/20270e3b/d048/o01_g0.json,11a1aa145805237afa261d55640b9ecbea79d88533ae50c9deb2ba9c56f11f7a,FAST_PASS,CANDIDATE,711de72bbb0f613f3db5f9b3d28158a1465cc82122828a3207691251beb7506a,2,110,111,110,59,6.801817089319229,YES,selected
20270e3b:o1:d048:identity,0,/workspace/arc2/active_runs/eval60_v5_vs_greedy_4worker_v1/tmp/20270e3b/d048/o01_g0.json,11a1aa145805237afa261d55640b9ecbea79d88533ae50c9deb2ba9c56f11f7a,FAST_PASS,CANDIDATE,711de72bbb0f613f3db5f9b3d28158a1465cc82122828a3207691251beb7506a,1,47,48,47,0,3.1021241676062346,YES,selected
20270e3b:o1:d048:transpose,0,/workspace/arc2/active_runs/eval60_v5_vs_greedy_4worker_v1/tmp/20270e3b/d048/o01_g1.json,39003f2535da1518547452946278b891e2531a06eaf9a36918dc4f147be96b9b,FAST_PASS,CANDIDATE,711de72bbb0f613f3db5f9b3d28158a1465cc82122828a3207691251beb7506a,1,59,60,59,0,3.4658173713833094,YES,selected
247ef758:o0:d012:anti_transpose,0,/workspace/arc2/active_runs/eval60_v5_vs_greedy_4worker_v1/raw/task_depth/247ef758/d012.parquet,4b37d803e971ab6f70ae565ac250cbb4395831fd732e2f11c678b05eec9df477,UNKNOWN,CANDIDATE,208cb87cbd1c4a6332ab67812cdbeac93a8d209dbbfdda6965fec8cda027b73b,4,1222,1225,1222,1012,75.18923687841743,YES,selected
247ef758:o0:d012:flip_ud,0,/workspace/arc2/active_runs/eval60_v5_vs_greedy_4worker_v1/raw/task_depth/247ef758/d012.parquet,4b37d803e971ab6f70ae565ac250cbb4395831fd732e2f11c678b05eec9df477,UNKNOWN,CANDIDATE,208cb87cbd1c4a6332ab67812cdbeac93a8d209dbbfdda6965fec8cda027b73b,3,804,806,804,631,43.740212401375175,YES,selected
247ef758:o0:d012:identity,0,/workspace/arc2/active_runs/eval60_v5_vs_greedy_4worker_v1/raw/task_depth/247ef758/d012.parquet,4b37d803e971ab6f70ae565ac250cbb4395831fd732e2f11c678b05eec9df477,UNKNOWN,CANDIDATE,208cb87cbd1c4a6332ab67812cdbeac93a8d209dbbfdda6965fec8cda027b73b,3,804,806,804,645,43.740212401375175,YES,selected
247ef758:o0:d012:transpose,0,/workspace/arc2/active_runs/eval60_v5_vs_greedy_4worker_v1/raw/task_depth/247ef758/d012.parquet,4b37d803e971ab6f70ae565ac250cbb4395831fd732e2f11c678b05eec9df477,UNKNOWN,CANDIDATE,208cb87cbd1c4a6332ab67812cdbeac93a8d209dbbfdda6965fec8cda027b73b,4,1223,1225,1223,921,75.18923687841743,YES,selected
247ef758:o0:d024:anti_transpose,0,/workspace/arc2/active_runs/eval60_v5_vs_greedy_4worker_v1/raw/task_depth/247ef758/d024.parquet,ce2ed1aede2d8ec35e8c1c3d9876ebfda846e9f350f5a070e3ccf3f78deb5585,UNKNOWN,CANDIDATE,61805b6a139817651e9d15e27d3ecf5c577420d1e0c9ab3c317316943521f612,2,622,623,622,326,38.042296725325286,YES,selected
247ef758:o0:d024:flip_ud,0,/workspace/arc2/active_runs/eval60_v5_vs_greedy_4worker_v1/raw/task_depth/247ef758/d024.parquet,ce2ed1aede2d8ec35e8c1c3d9876ebfda846e9f350f5a070e3ccf3f78deb5585,UNKNOWN,CANDIDATE,61805b6a139817651e9d15e27d3ecf5c577420d1e0c9ab3c317316943521f612,3,737,739,737,342,40.3906256807968,YES,selected
247ef758:o0:d024:identity,0,/workspace/arc2/active_runs/eval60_v5_vs_greedy_4worker_v1/raw/task_depth/247ef758/d024.parquet,ce2ed1aede2d8ec35e8c1c3d9876ebfda846e9f350f5a070e3ccf3f78deb5585,UNKNOWN,CANDIDATE,61805b6a139817651e9d15e27d3ecf5c577420d1e0c9ab3c317316943521f612,3,737,739,737,410,40.3906256807968,YES,selected
247ef758:o0:d024:transpose,0,/workspace/arc2/active_runs/eval60_v5_vs_greedy_4worker_v1/raw/task_depth/247ef758/d024.parquet,ce2ed1aede2d8ec35e8c1c3d9876ebfda846e9f350f5a070e3ccf3f78deb5585,UNKNOWN,CANDIDATE,61805b6a139817651e9d15e27d3ecf5c577420d1e0c9ab3c317316943521f612,2,621,623,621,303,38.042296725325286,YES,selected
247ef758:o0:d048:anti_transpose,0,/workspace/arc2/active_runs/eval60_v5_vs_greedy_4worker_v1/raw/task_depth/247ef758/d048.parquet,0aff019da14adad190b47a97d768e80fa148afc066c3b866c6806da81f7c8c74,UNKNOWN,CANDIDATE,d3d826c8de70c3286b74f261d89d36edf5eef651202854906d5818e08f064e40,2,404,406,404,267,20.30393970385194,YES,selected
247ef758:o0:d048:flip_ud,0,/workspace/arc2/active_runs/eval60_v5_vs_greedy_4worker_v1/raw/task_depth/247ef758/d048.parquet,0aff019da14adad190b47a97d768e80fa148afc066c3b866c6806da81f7c8c74,UNKNOWN,CANDIDATE,d3d826c8de70c3286b74f261d89d36edf5eef651202854906d5818e08f064e40,3,917,919,917,520,52.61035346146673,YES,selected
247ef758:o0:d048:identity,0,/workspace/arc2/active_runs/eval60_v5_vs_greedy_4worker_v1/raw/task_depth/247ef758/d048.parquet,0aff019da14adad190b47a97d768e80fa148afc066c3b866c6806da81f7c8c74,UNKNOWN,CANDIDATE,d3d826c8de70c3286b74f261d89d36edf5eef651202854906d5818e08f064e40,3,917,919,917,470,52.61035346146673,YES,selected
247ef758:o0:d048:transpose,0,/workspace/arc2/active_runs/eval60_v5_vs_greedy_4worker_v1/raw/task_depth/247ef758/d048.parquet,0aff019da14adad190b47a97d768e80fa148afc066c3b866c6806da81f7c8c74,UNKNOWN,CANDIDATE,d3d826c8de70c3286b74f261d89d36edf5eef651202854906d5818e08f064e40,2,405,406,405,56,20.30393970385194,YES,selected
247ef758:o1:d012:anti_transpose,0,/workspace/arc2/active_runs/eval60_v5_vs_greedy_4worker_v1/raw/task_depth/247ef758/d012.parquet,4b37d803e971ab6f70ae565ac250cbb4395831fd732e2f11c678b05eec9df477,UNKNOWN,CANDIDATE,208cb87cbd1c4a6332ab67812cdbeac93a8d209dbbfdda6965fec8cda027b73b,3,669,671,669,608,37.09198053833097,YES,selected
247ef758:o1:d012:flip_ud,0,/workspace/arc2/active_runs/eval60_v5_vs_greedy_4worker_v1/raw/task_depth/247ef758/d012.parquet,4b37d803e971ab6f70ae565ac250cbb4395831fd732e2f11c678b05eec9df477,UNKNOWN,CANDIDATE,208cb87cbd1c4a6332ab67812cdbeac93a8d209dbbfdda6965fec8cda027b73b,4,753,756,753,593,47.593516590073705,YES,selected
247ef758:o1:d012:identity,0,/workspace/arc2/active_runs/eval60_v5_vs_greedy_4worker_v1/raw/task_depth/247ef758/d012.parquet,4b37d803e971ab6f70ae565ac250cbb4395831fd732e2f11c678b05eec9df477,UNKNOWN,CANDIDATE,208cb87cbd1c4a6332ab67812cdbeac93a8d209dbbfdda6965fec8cda027b73b,4,754,756,754,651,47.593516590073705,YES,selected
247ef758:o1:d012:transpose,0,/workspace/arc2/active_runs/eval60_v5_vs_greedy_4worker_v1/raw/task_depth/247ef758/d012.parquet,4b37d803e971ab6f70ae565ac250cbb4395831fd732e2f11c678b05eec9df477,UNKNOWN,CANDIDATE,208cb87cbd1c4a6332ab67812cdbeac93a8d209dbbfdda6965fec8cda027b73b,3,669,671,669,445,37.09198053833097,YES,selected
247ef758:o1:d024:anti_transpose,0,/workspace/arc2/active_runs/eval60_v5_vs_greedy_4worker_v1/raw/task_depth/247ef758/d024.parquet,ce2ed1aede2d8ec35e8c1c3d9876ebfda846e9f350f5a070e3ccf3f78deb5585,UNKNOWN,CANDIDATE,61805b6a139817651e9d15e27d3ecf5c577420d1e0c9ab3c317316943521f612,4,720,722,720,651,44.30040777102113,YES,selected
247ef758:o1:d024:flip_ud,0,/workspace/arc2/active_runs/eval60_v5_vs_greedy_4worker_v1/raw/task_depth/247ef758/d024.parquet,ce2ed1aede2d8ec35e8c1c3d9876ebfda846e9f350f5a070e3ccf3f78deb5585,UNKNOWN,CANDIDATE,61805b6a139817651e9d15e27d3ecf5c577420d1e0c9ab3c317316943521f612,3,599,601,599,424,32.69387010205537,YES,selected
247ef758:o1:d024:identity,0,/workspace/arc2/active_runs/eval60_v5_vs_greedy_4worker_v1/raw/task_depth/247ef758/d024.parquet,ce2ed1aede2d8ec35e8c1c3d9876ebfda846e9f350f5a070e3ccf3f78deb5585,UNKNOWN,CANDIDATE,61805b6a139817651e9d15e27d3ecf5c577420d1e0c9ab3c317316943521f612,3,599,601,599,398,32.69387010205537,YES,selected
247ef758:o1:d024:transpose,0,/workspace/arc2/active_runs/eval60_v5_vs_greedy_4worker_v1/raw/task_depth/247ef758/d024.parquet,ce2ed1aede2d8ec35e8c1c3d9876ebfda846e9f350f5a070e3ccf3f78deb5585,UNKNOWN,CANDIDATE,61805b6a139817651e9d15e27d3ecf5c577420d1e0c9ab3c317316943521f612,4,719,722,719,447,44.30040777102113,YES,selected
247ef758:o1:d048:anti_transpose,0,/workspace/arc2/active_runs/eval60_v5_vs_greedy_4worker_v1/raw/task_depth/247ef758/d048.parquet,0aff019da14adad190b47a97d768e80fa148afc066c3b866c6806da81f7c8c74,UNKNOWN,CANDIDATE,d3d826c8de70c3286b74f261d89d36edf5eef651202854906d5818e08f064e40,2,425,426,425,338,25.728423985652626,YES,selected
247ef758:o1:d048:flip_ud,0,/workspace/arc2/active_runs/eval60_v5_vs_greedy_4worker_v1/raw/task_depth/247ef758/d048.parquet,0aff019da14adad190b47a97d768e80fa148afc066c3b866c6806da81f7c8c74,UNKNOWN,CANDIDATE,d3d826c8de70c3286b74f261d89d36edf5eef651202854906d5818e08f064e40,3,600,602,600,475,38.65635528974235,YES,selected
247ef758:o1:d048:identity,0,/workspace/arc2/active_runs/eval60_v5_vs_greedy_4worker_v1/raw/task_depth/247ef758/d048.parquet,0aff019da14adad190b47a97d768e80fa148afc066c3b866c6806da81f7c8c74,UNKNOWN,CANDIDATE,d3d826c8de70c3286b74f261d89d36edf5eef651202854906d5818e08f064e40,3,600,602,600,437,38.65635528974235,YES,selected
247ef758:o1:d048:transpose,0,/workspace/arc2/active_runs/eval60_v5_vs_greedy_4worker_v1/raw/task_depth/247ef758/d048.parquet,0aff019da14adad190b47a97d768e80fa148afc066c3b866c6806da81f7c8c74,UNKNOWN,CANDIDATE,d3d826c8de70c3286b74f261d89d36edf5eef651202854906d5818e08f064e40,2,424,426,424,238,25.728423985652626,YES,selected
2b83f449:o0:d012:anti_transpose,0,/workspace/arc2/active_runs/eval60_v5_vs_greedy_4worker_v1/raw/task_depth/2b83f449/d012.parquet,24d75be8521bba820daa65b8a49bbf9f968d7f649ee5712505919925b80b2311,UNKNOWN,CANDIDATE,b0a7a1898be8c6836e44ae4468cb0a0af6522b975974fc8bd33e365e3fca42a5,3,1012,1014,1012,1003,55.7632977264002,YES,selected
2b83f449:o0:d012:flip_ud,0,/workspace/arc2/active_runs/eval60_v5_vs_greedy_4worker_v1/raw/task_depth/2b83f449/d012.parquet,24d75be8521bba820daa65b8a49bbf9f968d7f649ee5712505919925b80b2311,UNKNOWN,CANDIDATE,b0a7a1898be8c6836e44ae4468cb0a0af6522b975974fc8bd33e365e3fca42a5,6,1922,1925,1922,1896,121.07477157842368,YES,selected
2b83f449:o0:d012:identity,0,/workspace/arc2/active_runs/eval60_v5_vs_greedy_4worker_v1/raw/task_depth/2b83f449/d012.parquet,24d75be8521bba820daa65b8a49bbf9f968d7f649ee5712505919925b80b2311,UNKNOWN,CANDIDATE,b0a7a1898be8c6836e44ae4468cb0a0af6522b975974fc8bd33e365e3fca42a5,6,1921,1925,1921,1805,121.07477157842368,YES,selected
2b83f449:o0:d012:transpose,0,/workspace/arc2/active_runs/eval60_v5_vs_greedy_4worker_v1/raw/task_depth/2b83f449/d012.parquet,24d75be8521bba820daa65b8a49bbf9f968d7f649ee5712505919925b80b2311,UNKNOWN,CANDIDATE,b0a7a1898be8c6836e44ae4468cb0a0af6522b975974fc8bd33e365e3fca42a5,3,1013,1014,1013,1002,55.7632977264002,YES,selected
2b83f449:o0:d024:anti_transpose,0,/workspace/arc2/active_runs/eval60_v5_vs_greedy_4worker_v1/raw/task_depth/2b83f449/d024.parquet,e74439902135b45e0a4e34b51938718dd5cc027f467c97483fb86655ac3b2f85,UNKNOWN,CANDIDATE,a19d02583d1d31184e4e8358ef935f98b48a96647b6c4e542adab4d46c58a479,3,1004,1006,1004,883,61.320987563580275,YES,selected
2b83f449:o0:d024:flip_ud,0,/workspace/arc2/active_runs/eval60_v5_vs_greedy_4worker_v1/raw/task_depth/2b83f449/d024.parquet,e74439902135b45e0a4e34b51938718dd5cc027f467c97483fb86655ac3b2f85,UNKNOWN,CANDIDATE,a19d02583d1d31184e4e8358ef935f98b48a96647b6c4e542adab4d46c58a479,3,914,916,914,757,56.88555091060698,YES,selected
2b83f449:o0:d024:identity,0,/workspace/arc2/active_runs/eval60_v5_vs_greedy_4worker_v1/raw/task_depth/2b83f449/d024.parquet,e74439902135b45e0a4e34b51938718dd5cc027f467c97483fb86655ac3b2f85,UNKNOWN,CANDIDATE,a19d02583d1d31184e4e8358ef935f98b48a96647b6c4e542adab4d46c58a479,3,914,916,914,808,56.88555091060698,YES,selected
2b83f449:o0:d024:transpose,0,/workspace/arc2/active_runs/eval60_v5_vs_greedy_4worker_v1/raw/task_depth/2b83f449/d024.parquet,e74439902135b45e0a4e34b51938718dd5cc027f467c97483fb86655ac3b2f85,UNKNOWN,CANDIDATE,a19d02583d1d31184e4e8358ef935f98b48a96647b6c4e542adab4d46c58a479,3,1004,1006,1004,983,61.320987563580275,YES,selected
2b83f449:o0:d048:anti_transpose,0,/workspace/arc2/active_runs/eval60_v5_vs_greedy_4worker_v1/raw/task_depth/2b83f449/d048.parquet,e8a9dd872ad0a5c8621b3db9b1aa2626d2be5c32c50d5ff5677eca8c8a2b91ac,UNKNOWN,CANDIDATE,be3e04eaaa888dc3fc74411645643bf4d7a80ce2584bb79f1fdeb2030bcac872,5,1342,1344,1342,627,54.28163845650852,YES,selected
2b83f449:o0:d048:flip_ud,0,/workspace/arc2/active_runs/eval60_v5_vs_greedy_4worker_v1/raw/task_depth/2b83f449/d048.parquet,e8a9dd872ad0a5c8621b3db9b1aa2626d2be5c32c50d5ff5677eca8c8a2b91ac,UNKNOWN,CANDIDATE,be3e04eaaa888dc3fc74411645643bf4d7a80ce2584bb79f1fdeb2030bcac872,4,908,911,908,486,55.754857945255935,YES,selected
2b83f449:o0:d048:identity,0,/workspace/arc2/active_runs/eval60_v5_vs_greedy_4worker_v1/raw/task_depth/2b83f449/d048.parquet,e8a9dd872ad0a5c8621b3db9b1aa2626d2be5c32c50d5ff5677eca8c8a2b91ac,UNKNOWN,CANDIDATE,be3e04eaaa888dc3fc74411645643bf4d7a80ce2584bb79f1fdeb2030bcac872,4,909,911,909,390,55.754857945255935,YES,selected
2b83f449:o0:d048:transpose,0,/workspace/arc2/active_runs/eval60_v5_vs_greedy_4worker_v1/raw/task_depth/2b83f449/d048.parquet,e8a9dd872ad0a5c8621b3db9b1aa2626d2be5c32c50d5ff5677eca8c8a2b91ac,UNKNOWN,CANDIDATE,be3e04eaaa888dc3fc74411645643bf4d7a80ce2584bb79f1fdeb2030bcac872,5,1340,1344,1340,731,54.28163845650852,YES,selected
2c181942:o0:d012:anti_transpose,0,/workspace/arc2/active_runs/eval60_v5_vs_greedy_4worker_v1/tmp/2c181942/d012/o00_g1.json,7c0b995132f9cf69ab13fb3cc55ce69d5d4f4514d851a5de2e4098ec8d64dc3e,HEAVY_REPAIR,CANDIDATE,05c32e17c9ff9a0e768d586533bc613cab5a0da80cc930323478fa290240a28b,2,1138,1139,1138,906,69.67786049470305,YES,selected
2c181942:o0:d012:flip_ud,0,/workspace/arc2/active_runs/eval60_v5_vs_greedy_4worker_v1/tmp/2c181942/d012/o00_g0.json,47f259e257aa79e117f00f8024f52ae038c95576dbba175c8a6709349294b113,FAST_PASS,CANDIDATE,05c32e17c9ff9a0e768d586533bc613cab5a0da80cc930323478fa290240a28b,1,647,648,647,446,37.5017406642437,YES,selected
2c181942:o0:d012:identity,0,/workspace/arc2/active_runs/eval60_v5_vs_greedy_4worker_v1/tmp/2c181942/d012/o00_g0.json,47f259e257aa79e117f00f8024f52ae038c95576dbba175c8a6709349294b113,FAST_PASS,CANDIDATE,05c32e17c9ff9a0e768d586533bc613cab5a0da80cc930323478fa290240a28b,1,647,648,647,369,39.88827418722212,YES,selected
2c181942:o0:d012:transpose,0,/workspace/arc2/active_runs/eval60_v5_vs_greedy_4worker_v1/tmp/2c181942/d012/o00_g1.json,7c0b995132f9cf69ab13fb3cc55ce69d5d4f4514d851a5de2e4098ec8d64dc3e,HEAVY_REPAIR,CANDIDATE,05c32e17c9ff9a0e768d586533bc613cab5a0da80cc930323478fa290240a28b,2,1063,1064,1063,632,64.58410381898284,YES,selected
2c181942:o0:d024:anti_transpose,0,/workspace/arc2/active_runs/eval60_v5_vs_greedy_4worker_v1/tmp/2c181942/d024/o00_g1.json,7d17191f260e99bdeb75942447578ef4adaf668cd6b6c7aad0ab8550fdb56df3,HEAVY_REPAIR,CANDIDATE,630caea9afa077bc443018dcb50aa3bbd429ef2ddc85401c44c348b403fe767c,2,1138,1139,1138,834,67.73453537561,YES,selected
2c181942:o0:d024:flip_ud,0,/workspace/arc2/active_runs/eval60_v5_vs_greedy_4worker_v1/tmp/2c181942/d024/o00_g0.json,ec597ee8491360e6bbae856c1639b0a49065127a0b9c02457d2e54e46a20068c,FAST_PASS,CANDIDATE,630caea9afa077bc443018dcb50aa3bbd429ef2ddc85401c44c348b403fe767c,2,1092,1093,1092,787,66.6956134904176,YES,selected
2c181942:o0:d024:identity,0,/workspace/arc2/active_runs/eval60_v5_vs_greedy_4worker_v1/tmp/2c181942/d024/o00_g0.json,ec597ee8491360e6bbae856c1639b0a49065127a0b9c02457d2e54e46a20068c,FAST_PASS,CANDIDATE,630caea9afa077bc443018dcb50aa3bbd429ef2ddc85401c44c348b403fe767c,2,1089,1090,1089,731,63.127111757174134,YES,selected
2c181942:o0:d024:transpose,0,/workspace/arc2/active_runs/eval60_v5_vs_greedy_4worker_v1/tmp/2c181942/d024/o00_g1.json,7d17191f260e99bdeb75942447578ef4adaf668cd6b6c7aad0ab8550fdb56df3,HEAVY_REPAIR,CANDIDATE,630caea9afa077bc443018dcb50aa3bbd429ef2ddc85401c44c348b403fe767c,1,649,650,649,215,38.93094608001411,YES,selected
2c181942:o0:d048:anti_transpose,0,/workspace/arc2/active_runs/eval60_v5_vs_greedy_4worker_v1/tmp/2c181942/d048/o00_g1.json,3eae6faf29c75cdb8bcfeedaef65b4fbcc2b63a09b0276178d49ab8317655256,HEAVY_REPAIR,CANDIDATE,1136415c8d90f1de8813597da9379402363df4150c68b756d241a3b601de6198,3,1522,1523,1522,384,90.50678856112063,YES,selected
2c181942:o0:d048:flip_ud,0,/workspace/arc2/active_runs/eval60_v5_vs_greedy_4worker_v1/tmp/2c181942/d048/o00_g0.json,a6a761564aa2c365dafbd147e65f989f4f764075a16ea6c1b1d1475becc56429,FAST_PASS,CANDIDATE,1136415c8d90f1de8813597da9379402363df4150c68b756d241a3b601de6198,2,1014,1015,1014,304,58.43440067768097,YES,selected
2c181942:o0:d048:identity,0,/workspace/arc2/active_runs/eval60_v5_vs_greedy_4worker_v1/tmp/2c181942/d048/o00_g0.json,a6a761564aa2c365dafbd147e65f989f4f764075a16ea6c1b1d1475becc56429,HEAVY_REPAIR,CANDIDATE,1136415c8d90f1de8813597da9379402363df4150c68b756d241a3b601de6198,3,1261,1262,1261,359,77.15079505555332,YES,selected
2c181942:o0:d048:transpose,0,/workspace/arc2/active_runs/eval60_v5_vs_greedy_4worker_v1/tmp/2c181942/d048/o00_g1.json,3eae6faf29c75cdb8bcfeedaef65b4fbcc2b63a09b0276178d49ab8317655256,FAST_PASS,CANDIDATE,1136415c8d90f1de8813597da9379402363df4150c68b756d241a3b601de6198,2,1038,1039,1038,647,63.37680686824024,YES,selected
2d0172a1:o0:d012:anti_transpose,0,/workspace/arc2/active_runs/eval60_v5_vs_greedy_4worker_v1/raw/task_depth/2d0172a1/d012.parquet,94e645c65e5ceaea33db3b17123193af4d46474ce92d7e43f9d981ed0a05afe4,UNKNOWN,CANDIDATE,662a135e7a3eb9d64be98524a4c89ddcd15bd6e0c2fcc2b2e498c21d4a5c268e,7,1083,1089,1083,1045,69.36099492385983,YES,selected
2d0172a1:o0:d012:flip_ud,0,/workspace/arc2/active_runs/eval60_v5_vs_greedy_4worker_v1/raw/task_depth/2d0172a1/d012.parquet,94e645c65e5ceaea33db3b17123193af4d46474ce92d7e43f9d981ed0a05afe4,UNKNOWN,CANDIDATE,662a135e7a3eb9d64be98524a4c89ddcd15bd6e0c2fcc2b2e498c21d4a5c268e,5,1089,1093,1089,1057,70.16106013767421,YES,selected
2d0172a1:o0:d012:identity,0,/workspace/arc2/active_runs/eval60_v5_vs_greedy_4worker_v1/raw/task_depth/2d0172a1/d012.parquet,94e645c65e5ceaea33db3b17123193af4d46474ce92d7e43f9d981ed0a05afe4,UNKNOWN,CANDIDATE,662a135e7a3eb9d64be98524a4c89ddcd15bd6e0c2fcc2b2e498c21d4a5c268e,16,1077,1093,1077,1078,70.16106013767421,YES,selected
2d0172a1:o0:d012:transpose,0,/workspace/arc2/active_runs/eval60_v5_vs_greedy_4worker_v1/raw/task_depth/2d0172a1/d012.parquet,94e645c65e5ceaea33db3b17123193af4d46474ce92d7e43f9d981ed0a05afe4,UNKNOWN,CANDIDATE,662a135e7a3eb9d64be98524a4c89ddcd15bd6e0c2fcc2b2e498c21d4a5c268e,8,1082,1089,1082,1046,69.36099492385983,YES,selected
2d0172a1:o0:d024:anti_transpose,0,/workspace/arc2/active_runs/eval60_v5_vs_greedy_4worker_v1/raw/task_depth/2d0172a1/d024.parquet,a83023b7bd2da295e09cb8640aad9ee58a9dee89f98d75f941510b856a7f802b,UNKNOWN,CANDIDATE,0e0b4249e1c60ba1bcbf88ced086422adbd8f779ddeff0188a8ede029daca613,5,310,314,310,144,19.955390037037432,YES,selected
2d0172a1:o0:d024:flip_ud,0,/workspace/arc2/active_runs/eval60_v5_vs_greedy_4worker_v1/raw/task_depth/2d0172a1/d024.parquet,a83023b7bd2da295e09cb8640aad9ee58a9dee89f98d75f941510b856a7f802b,UNKNOWN,CANDIDATE,0e0b4249e1c60ba1bcbf88ced086422adbd8f779ddeff0188a8ede029daca613,2,214,216,214,90,13.765874900855124,YES,selected
2d0172a1:o0:d024:identity,0,/workspace/arc2/active_runs/eval60_v5_vs_greedy_4worker_v1/raw/task_depth/2d0172a1/d024.parquet,a83023b7bd2da295e09cb8640aad9ee58a9dee89f98d75f941510b856a7f802b,UNKNOWN,CANDIDATE,0e0b4249e1c60ba1bcbf88ced086422adbd8f779ddeff0188a8ede029daca613,2,215,216,215,78,13.765874900855124,YES,selected
2d0172a1:o0:d024:transpose,0,/workspace/arc2/active_runs/eval60_v5_vs_greedy_4worker_v1/raw/task_depth/2d0172a1/d024.parquet,a83023b7bd2da295e09cb8640aad9ee58a9dee89f98d75f941510b856a7f802b,UNKNOWN,CANDIDATE,0e0b4249e1c60ba1bcbf88ced086422adbd8f779ddeff0188a8ede029daca613,3,313,314,313,161,19.955390037037432,YES,selected
2d0172a1:o0:d048:anti_transpose,0,/workspace/arc2/active_runs/eval60_v5_vs_greedy_4worker_v1/raw/task_depth/2d0172a1/d048.parquet,9580ef25a314f941dafd6b46ddf4f519a5f5fa4109112e5b10fc347e4672f476,UNKNOWN,CANDIDATE,0d1789e01569d9c9196bfd49129b58c03386feec5b666db9b81ef21d262ffcc8,2,230,232,230,122,15.010127217508852,YES,selected
2d0172a1:o0:d048:flip_ud,0,/workspace/arc2/active_runs/eval60_v5_vs_greedy_4worker_v1/raw/task_depth/2d0172a1/d048.parquet,9580ef25a314f941dafd6b46ddf4f519a5f5fa4109112e5b10fc347e4672f476,UNKNOWN,CANDIDATE,0d1789e01569d9c9196bfd49129b58c03386feec5b666db9b81ef21d262ffcc8,2,221,222,221,0,13.85098993126303,YES,selected
2d0172a1:o0:d048:identity,0,/workspace/arc2/active_runs/eval60_v5_vs_greedy_4worker_v1/raw/task_depth/2d0172a1/d048.parquet,9580ef25a314f941dafd6b46ddf4f519a5f5fa4109112e5b10fc347e4672f476,UNKNOWN,CANDIDATE,0d1789e01569d9c9196bfd49129b58c03386feec5b666db9b81ef21d262ffcc8,2,221,222,221,89,13.85098993126303,YES,selected
2d0172a1:o0:d048:transpose,0,/workspace/arc2/active_runs/eval60_v5_vs_greedy_4worker_v1/raw/task_depth/2d0172a1/d048.parquet,9580ef25a314f941dafd6b46ddf4f519a5f5fa4109112e5b10fc347e4672f476,UNKNOWN,CANDIDATE,0d1789e01569d9c9196bfd49129b58c03386feec5b666db9b81ef21d262ffcc8,2,231,232,231,57,15.010127217508852,YES,selected
2d0172a1:o1:d012:anti_transpose,0,/workspace/arc2/active_runs/eval60_v5_vs_greedy_4worker_v1/raw/task_depth/2d0172a1/d012.parquet,94e645c65e5ceaea33db3b17123193af4d46474ce92d7e43f9d981ed0a05afe4,UNKNOWN,CANDIDATE,662a135e7a3eb9d64be98524a4c89ddcd15bd6e0c2fcc2b2e498c21d4a5c268e,13,2769,2780,2769,2748,127.22350119240582,YES,selected
2d0172a1:o1:d012:flip_ud,0,/workspace/arc2/active_runs/eval60_v5_vs_greedy_4worker_v1/raw/task_depth/2d0172a1/d012.parquet,94e645c65e5ceaea33db3b17123193af4d46474ce92d7e43f9d981ed0a05afe4,UNKNOWN,CANDIDATE,662a135e7a3eb9d64be98524a4c89ddcd15bd6e0c2fcc2b2e498c21d4a5c268e,26,3657,3682,3657,3665,198.27042167261243,YES,selected
2d0172a1:o1:d012:identity,0,/workspace/arc2/active_runs/eval60_v5_vs_greedy_4worker_v1/raw/task_depth/2d0172a1/d012.parquet,94e645c65e5ceaea33db3b17123193af4d46474ce92d7e43f9d981ed0a05afe4,UNKNOWN,CANDIDATE,662a135e7a3eb9d64be98524a4c89ddcd15bd6e0c2fcc2b2e498c21d4a5c268e,20,3664,3682,3664,3653,198.27042167261243,YES,selected
2d0172a1:o1:d012:transpose,0,/workspace/arc2/active_runs/eval60_v5_vs_greedy_4worker_v1/raw/task_depth/2d0172a1/d012.parquet,94e645c65e5ceaea33db3b17123193af4d46474ce92d7e43f9d981ed0a05afe4,UNKNOWN,CANDIDATE,662a135e7a3eb9d64be98524a4c89ddcd15bd6e0c2fcc2b2e498c21d4a5c268e,15,2765,2780,2765,2767,127.22350119240582,YES,selected
2d0172a1:o1:d024:anti_transpose,0,/workspace/arc2/active_runs/eval60_v5_vs_greedy_4worker_v1/raw/task_depth/2d0172a1/d024.parquet,a83023b7bd2da295e09cb8640aad9ee58a9dee89f98d75f941510b856a7f802b,UNKNOWN,CANDIDATE,0e0b4249e1c60ba1bcbf88ced086422adbd8f779ddeff0188a8ede029daca613,22,2118,2138,2118,2088,110.58529903367162,YES,selected
2d0172a1:o1:d024:flip_ud,0,/workspace/arc2/active_runs/eval60_v5_vs_greedy_4worker_v1/raw/task_depth/2d0172a1/d024.parquet,a83023b7bd2da295e09cb8640aad9ee58a9dee89f98d75f941510b856a7f802b,UNKNOWN,CANDIDATE,0e0b4249e1c60ba1bcbf88ced086422adbd8f779ddeff0188a8ede029daca613,6,1845,1850,1845,1629,107.1201611654833,YES,selected
2d0172a1:o1:d024:identity,0,/workspace/arc2/active_runs/eval60_v5_vs_greedy_4worker_v1/raw/task_depth/2d0172a1/d024.parquet,a83023b7bd2da295e09cb8640aad9ee58a9dee89f98d75f941510b856a7f802b,UNKNOWN,CANDIDATE,0e0b4249e1c60ba1bcbf88ced086422adbd8f779ddeff0188a8ede029daca613,8,1843,1850,1843,1498,107.1201611654833,YES,selected
2d0172a1:o1:d024:transpose,0,/workspace/arc2/active_runs/eval60_v5_vs_greedy_4worker_v1/raw/task_depth/2d0172a1/d024.parquet,a83023b7bd2da295e09cb8640aad9ee58a9dee89f98d75f941510b856a7f802b,UNKNOWN,CANDIDATE,0e0b4249e1c60ba1bcbf88ced086422adbd8f779ddeff0188a8ede029daca613,17,2122,2138,2122,1946,110.58529903367162,YES,selected
2d0172a1:o1:d048:anti_transpose,0,/workspace/arc2/active_runs/eval60_v5_vs_greedy_4worker_v1/raw/task_depth/2d0172a1/d048.parquet,9580ef25a314f941dafd6b46ddf4f519a5f5fa4109112e5b10fc347e4672f476,UNKNOWN,CANDIDATE,0d1789e01569d9c9196bfd49129b58c03386feec5b666db9b81ef21d262ffcc8,11,1950,1960,1950,1783,117.9137748843059,YES,selected
2d0172a1:o1:d048:flip_ud,0,/workspace/arc2/active_runs/eval60_v5_vs_greedy_4worker_v1/raw/task_depth/2d0172a1/d048.parquet,9580ef25a314f941dafd6b46ddf4f519a5f5fa4109112e5b10fc347e4672f476,UNKNOWN,CANDIDATE,0d1789e01569d9c9196bfd49129b58c03386feec5b666db9b81ef21d262ffcc8,1,179,180,179,0,11.596030607819557,YES,selected
2d0172a1:o1:d048:identity,0,/workspace/arc2/active_runs/eval60_v5_vs_greedy_4worker_v1/raw/task_depth/2d0172a1/d048.parquet,9580ef25a314f941dafd6b46ddf4f519a5f5fa4109112e5b10fc347e4672f476,UNKNOWN,CANDIDATE,0d1789e01569d9c9196bfd49129b58c03386feec5b666db9b81ef21d262ffcc8,2,178,180,178,12,11.596030607819557,YES,selected
2d0172a1:o1:d048:transpose,0,/workspace/arc2/active_runs/eval60_v5_vs_greedy_4worker_v1/raw/task_depth/2d0172a1/d048.parquet,9580ef25a314f941dafd6b46ddf4f519a5f5fa4109112e5b10fc347e4672f476,UNKNOWN,CANDIDATE,0d1789e01569d9c9196bfd49129b58c03386feec5b666db9b81ef21d262ffcc8,11,1950,1960,1950,1816,117.9137748843059,YES,selected
31f7f899:o0:d012:anti_transpose,0,/workspace/arc2/active_runs/eval60_v5_vs_greedy_4worker_v1/tmp/31f7f899/d012/o00_g1.json,97a82cedc0a7816f0c69e32d484fe660639ece7ae79feabc39eaf1fbb4705725,FAST_PASS,CANDIDATE,a3c30fc334240a386e9d1b84c46daef1cd4869fc0421b320476b80dbe6353721,2,479,480,479,174,27.973495926707983,YES,selected
31f7f899:o0:d012:flip_ud,0,/workspace/arc2/active_runs/eval60_v5_vs_greedy_4worker_v1/tmp/31f7f899/d012/o00_g0.json,185f6d825216d674e31c2142a984ae85878751946232c6f31e439202830b92bc,FAST_PASS,CANDIDATE,a3c30fc334240a386e9d1b84c46daef1cd4869fc0421b320476b80dbe6353721,2,360,361,360,0,21.336437048390508,YES,selected
31f7f899:o0:d012:transpose,0,/workspace/arc2/active_runs/eval60_v5_vs_greedy_4worker_v1/tmp/31f7f899/d012/o00_g1.json,97a82cedc0a7816f0c69e32d484fe660639ece7ae79feabc39eaf1fbb4705725,FAST_PASS,CANDIDATE,a3c30fc334240a386e9d1b84c46daef1cd4869fc0421b320476b80dbe6353721,1,305,306,305,0,18.597775403410196,YES,selected
31f7f899:o0:d024:anti_transpose,0,/workspace/arc2/active_runs/eval60_v5_vs_greedy_4worker_v1/tmp/31f7f899/d024/o00_g1.json,4c8635e2da678b4f3c592242fb12d4743563a67d17a4dec1c5d42dbf3b6816ff,FAST_PASS,CANDIDATE,dbc2b8ea6c808e70c101bf838a60da03110e685d395a8816c1407ba609987bfb,1,305,306,305,0,18.810155613347888,YES,selected
31f7f899:o0:d024:flip_ud,0,/workspace/arc2/active_runs/eval60_v5_vs_greedy_4worker_v1/tmp/31f7f899/d024/o00_g0.json,2c3f263dfac2e9a00ad10f262e9826cb2ec97fd4da7d1e2231fb9128576fc86d,FAST_PASS,CANDIDATE,dbc2b8ea6c808e70c101bf838a60da03110e685d395a8816c1407ba609987bfb,2,531,532,531,198,30.96142171137035,YES,selected
31f7f899:o0:d024:identity,0,/workspace/arc2/active_runs/eval60_v5_vs_greedy_4worker_v1/tmp/31f7f899/d024/o00_g0.json,2c3f263dfac2e9a00ad10f262e9826cb2ec97fd4da7d1e2231fb9128576fc86d,FAST_PASS,CANDIDATE,dbc2b8ea6c808e70c101bf838a60da03110e685d395a8816c1407ba609987bfb,2,360,361,360,0,21.308784706518054,YES,selected
31f7f899:o0:d024:transpose,0,/workspace/arc2/active_runs/eval60_v5_vs_greedy_4worker_v1/tmp/31f7f899/d024/o00_g1.json,4c8635e2da678b4f3c592242fb12d4743563a67d17a4dec1c5d42dbf3b6816ff,FAST_PASS,CANDIDATE,dbc2b8ea6c808e70c101bf838a60da03110e685d395a8816c1407ba609987bfb,2,603,604,603,0,35.29555021598935,YES,selected
31f7f899:o0:d048:anti_transpose,0,/workspace/arc2/active_runs/eval60_v5_vs_greedy_4worker_v1/tmp/31f7f899/d048/o00_g1.json,ecd9fb862b12a8effe31d71fd80f39ea1167f3d4b7d92674ff44963b28287edf,FAST_PASS,CANDIDATE,2bbe43ddf78c43c6aaa15fbd77422dbb1ed693c435fc63c25855db13824053ce,1,305,306,305,10,17.951144026592374,YES,selected
31f7f899:o0:d048:flip_ud,0,/workspace/arc2/active_runs/eval60_v5_vs_greedy_4worker_v1/tmp/31f7f899/d048/o00_g0.json,be54397edc046f4a07e3860f3d6e889f9a64d2bcb4d130a72cc1c71d55a190f5,FAST_PASS,CANDIDATE,2bbe43ddf78c43c6aaa15fbd77422dbb1ed693c435fc63c25855db13824053ce,2,513,514,513,191,30.427077004685998,YES,selected
31f7f899:o0:d048:transpose,0,/workspace/arc2/active_runs/eval60_v5_vs_greedy_4worker_v1/tmp/31f7f899/d048/o00_g1.json,ecd9fb862b12a8effe31d71fd80f39ea1167f3d4b7d92674ff44963b28287edf,FAST_PASS,CANDIDATE,2bbe43ddf78c43c6aaa15fbd77422dbb1ed693c435fc63c25855db13824053ce,1,305,306,305,0,18.055358555167913,YES,selected
332f06d7:o0:d012:anti_transpose,0,/workspace/arc2/active_runs/eval60_v5_vs_greedy_4worker_v1/tmp/332f06d7/d012/o00_g1.json,ce1fe010211c137ccab4a400c15de219d41e6ee3f001e06a03dcef98167a7d46,FAST_PASS,CANDIDATE,c74f288ae38bb4a202788636c02c444c945a3eb5fba3c7c6941f8dbda9a8df34,2,836,837,836,242,49.168404115363955,YES,selected
332f06d7:o0:d012:flip_ud,0,/workspace/arc2/active_runs/eval60_v5_vs_greedy_4worker_v1/tmp/332f06d7/d012/o00_g0.json,38a032dba22b12263d0076b1ad4ad82c8a13198b60bb37489244cf04be3889f8,FAST_PASS,CANDIDATE,c74f288ae38bb4a202788636c02c444c945a3eb5fba3c7c6941f8dbda9a8df34,1,419,420,419,104,25.09234363771975,YES,selected
332f06d7:o0:d012:identity,0,/workspace/arc2/active_runs/eval60_v5_vs_greedy_4worker_v1/tmp/332f06d7/d012/o00_g0.json,38a032dba22b12263d0076b1ad4ad82c8a13198b60bb37489244cf04be3889f8,FAST_PASS,CANDIDATE,c74f288ae38bb4a202788636c02c444c945a3eb5fba3c7c6941f8dbda9a8df34,1,419,420,419,114,25.273841267451644,YES,selected
332f06d7:o0:d012:transpose,0,/workspace/arc2/active_runs/eval60_v5_vs_greedy_4worker_v1/tmp/332f06d7/d012/o00_g1.json,ce1fe010211c137ccab4a400c15de219d41e6ee3f001e06a03dcef98167a7d46,FAST_PASS,CANDIDATE,c74f288ae38bb4a202788636c02c444c945a3eb5fba3c7c6941f8dbda9a8df34,1,419,420,419,122,24.878247844055295,YES,selected
332f06d7:o0:d024:anti_transpose,0,/workspace/arc2/active_runs/eval60_v5_vs_greedy_4worker_v1/tmp/332f06d7/d024/o00_g1.json,2c5135a4838b8acc2d5e5b1f23289636a96b3be69401957253534e2726eebe91,FAST_PASS,CANDIDATE,bea56d70b252732b229aaff9f1ca08b1f02208e8e04795b0341b1f3fb516f03c,1,419,420,419,100,24.667266281321645,YES,selected
332f06d7:o0:d024:flip_ud,0,/workspace/arc2/active_runs/eval60_v5_vs_greedy_4worker_v1/tmp/332f06d7/d024/o00_g0.json,af218d85afc81a44a2c5167a0b5c55295be745d3bec89f4119f769a6ff315023,FAST_PASS,CANDIDATE,bea56d70b252732b229aaff9f1ca08b1f02208e8e04795b0341b1f3fb516f03c,2,570,571,570,149,33.65667301416397,YES,selected
332f06d7:o0:d024:identity,0,/workspace/arc2/active_runs/eval60_v5_vs_greedy_4worker_v1/tmp/332f06d7/d024/o00_g0.json,af218d85afc81a44a2c5167a0b5c55295be745d3bec89f4119f769a6ff315023,FAST_PASS,CANDIDATE,bea56d70b252732b229aaff9f1ca08b1f02208e8e04795b0341b1f3fb516f03c,1,419,420,419,184,24.71640970557928,YES,selected
332f06d7:o0:d024:transpose,0,/workspace/arc2/active_runs/eval60_v5_vs_greedy_4worker_v1/tmp/332f06d7/d024/o00_g1.json,2c5135a4838b8acc2d5e5b1f23289636a96b3be69401957253534e2726eebe91,FAST_PASS,CANDIDATE,bea56d70b252732b229aaff9f1ca08b1f02208e8e04795b0341b1f3fb516f03c,1,419,420,419,0,24.891073590144515,YES,selected
332f06d7:o0:d048:anti_transpose,0,/workspace/arc2/active_runs/eval60_v5_vs_greedy_4worker_v1/tmp/332f06d7/d048/o00_g1.json,3f962e8f0593e546c83283e3d9f18f4832b7c7ace0a9123137068639e4dc3208,FAST_PASS,CANDIDATE,3a1996cc893b25f2243075ffb2e6f04cf24fd09c8d8d491725a19103ae2f0ee2,1,419,420,419,0,25.171733347699046,YES,selected
332f06d7:o0:d048:flip_ud,0,/workspace/arc2/active_runs/eval60_v5_vs_greedy_4worker_v1/tmp/332f06d7/d048/o00_g0.json,85d3cadbce898e71cda80ef022a6a09208261e29efd3911d104fcd2536a872d0,FAST_PASS,CANDIDATE,3a1996cc893b25f2243075ffb2e6f04cf24fd09c8d8d491725a19103ae2f0ee2,2,780,781,780,0,45.713400065898895,YES,selected
332f06d7:o0:d048:identity,0,/workspace/arc2/active_runs/eval60_v5_vs_greedy_4worker_v1/tmp/332f06d7/d048/o00_g0.json,85d3cadbce898e71cda80ef022a6a09208261e29efd3911d104fcd2536a872d0,FAST_PASS,CANDIDATE,3a1996cc893b25f2243075ffb2e6f04cf24fd09c8d8d491725a19103ae2f0ee2,2,606,607,606,0,35.85392185859382,YES,selected
332f06d7:o0:d048:transpose,0,/workspace/arc2/active_runs/eval60_v5_vs_greedy_4worker_v1/tmp/332f06d7/d048/o00_g1.json,3f962e8f0593e546c83283e3d9f18f4832b7c7ace0a9123137068639e4dc3208,FAST_PASS,CANDIDATE,3a1996cc893b25f2243075ffb2e6f04cf24fd09c8d8d491725a19103ae2f0ee2,1,419,420,419,0,24.366703141480684,YES,selected
36a08778:o0:d012:anti_transpose,0,/workspace/arc2/active_runs/eval60_v5_vs_greedy_4worker_v1/raw/task_depth/36a08778/d012.parquet,9395312bc8ed5da807f33845027be00a5f6f30cda060500e9f9b339e11d8eaff,UNKNOWN,CANDIDATE,c5a35501048a769404230b526a82972ed0b88bf09d1f3f753d628c9c66108f5e,3,665,667,665,394,42.301278055645525,YES,selected
36a08778:o0:d012:flip_ud,0,/workspace/arc2/active_runs/eval60_v5_vs_greedy_4worker_v1/raw/task_depth/36a08778/d012.parquet,9395312bc8ed5da807f33845027be00a5f6f30cda060500e9f9b339e11d8eaff,UNKNOWN,CANDIDATE,c5a35501048a769404230b526a82972ed0b88bf09d1f3f753d628c9c66108f5e,2,540,541,540,269,31.56394002120942,YES,selected
36a08778:o0:d012:identity,0,/workspace/arc2/active_runs/eval60_v5_vs_greedy_4worker_v1/raw/task_depth/36a08778/d012.parquet,9395312bc8ed5da807f33845027be00a5f6f30cda060500e9f9b339e11d8eaff,UNKNOWN,CANDIDATE,c5a35501048a769404230b526a82972ed0b88bf09d1f3f753d628c9c66108f5e,2,539,541,539,269,31.56394002120942,YES,selected
36a08778:o0:d012:transpose,0,/workspace/arc2/active_runs/eval60_v5_vs_greedy_4worker_v1/raw/task_depth/36a08778/d012.parquet,9395312bc8ed5da807f33845027be00a5f6f30cda060500e9f9b339e11d8eaff,UNKNOWN,CANDIDATE,c5a35501048a769404230b526a82972ed0b88bf09d1f3f753d628c9c66108f5e,3,665,667,665,127,42.301278055645525,YES,selected
36a08778:o0:d024:anti_transpose,0,/workspace/arc2/active_runs/eval60_v5_vs_greedy_4worker_v1/raw/task_depth/36a08778/d024.parquet,431b47b88b7e849e35a21287cfca14fee71940a136b9f888527f1e5e19613802,UNKNOWN,CANDIDATE,1b38bb917aac268035f15dac621b1c957b44561b60dce10c8d6a59546d0b24c5,1,271,272,271,0,11.773885391652584,YES,selected
36a08778:o0:d024:flip_ud,0,/workspace/arc2/active_runs/eval60_v5_vs_greedy_4worker_v1/raw/task_depth/36a08778/d024.parquet,431b47b88b7e849e35a21287cfca14fee71940a136b9f888527f1e5e19613802,UNKNOWN,CANDIDATE,1b38bb917aac268035f15dac621b1c957b44561b60dce10c8d6a59546d0b24c5,2,540,541,540,0,24.917549150064588,YES,selected
36a08778:o0:d024:identity,0,/workspace/arc2/active_runs/eval60_v5_vs_greedy_4worker_v1/raw/task_depth/36a08778/d024.parquet,431b47b88b7e849e35a21287cfca14fee71940a136b9f888527f1e5e19613802,UNKNOWN,CANDIDATE,1b38bb917aac268035f15dac621b1c957b44561b60dce10c8d6a59546d0b24c5,2,539,541,539,269,24.917549150064588,YES,selected
36a08778:o0:d024:transpose,0,/workspace/arc2/active_runs/eval60_v5_vs_greedy_4worker_v1/raw/task_depth/36a08778/d024.parquet,431b47b88b7e849e35a21287cfca14fee71940a136b9f888527f1e5e19613802,UNKNOWN,CANDIDATE,1b38bb917aac268035f15dac621b1c957b44561b60dce10c8d6a59546d0b24c5,1,271,272,271,0,11.773885391652584,YES,selected
36a08778:o0:d048:anti_transpose,0,/workspace/arc2/active_runs/eval60_v5_vs_greedy_4worker_v1/raw/task_depth/36a08778/d048.parquet,6e0deb48744f00b2b0c3576c2663830fa19245090bdc1bfa2e07e441fd7c4ea7,UNKNOWN,CANDIDATE,975ec13c8013a26cb54e881974cb127d2e87dd67bbd2bb3be9a72a37d5dc9d6b,2,333,334,333,0,20.100260876119137,YES,selected
36a08778:o0:d048:flip_ud,0,/workspace/arc2/active_runs/eval60_v5_vs_greedy_4worker_v1/raw/task_depth/36a08778/d048.parquet,6e0deb48744f00b2b0c3576c2663830fa19245090bdc1bfa2e07e441fd7c4ea7,UNKNOWN,CANDIDATE,975ec13c8013a26cb54e881974cb127d2e87dd67bbd2bb3be9a72a37d5dc9d6b,1,271,272,271,0,16.237529755569994,YES,selected
36a08778:o0:d048:identity,0,/workspace/arc2/active_runs/eval60_v5_vs_greedy_4worker_v1/raw/task_depth/36a08778/d048.parquet,6e0deb48744f00b2b0c3576c2663830fa19245090bdc1bfa2e07e441fd7c4ea7,UNKNOWN,CANDIDATE,975ec13c8013a26cb54e881974cb127d2e87dd67bbd2bb3be9a72a37d5dc9d6b,1,271,272,271,0,16.237529755569994,YES,selected
36a08778:o0:d048:transpose,0,/workspace/arc2/active_runs/eval60_v5_vs_greedy_4worker_v1/raw/task_depth/36a08778/d048.parquet,6e0deb48744f00b2b0c3576c2663830fa19245090bdc1bfa2e07e441fd7c4ea7,UNKNOWN,CANDIDATE,975ec13c8013a26cb54e881974cb127d2e87dd67bbd2bb3be9a72a37d5dc9d6b,2,332,334,332,62,20.100260876119137,YES,selected
36a08778:o1:d012:anti_transpose,0,/workspace/arc2/active_runs/eval60_v5_vs_greedy_4worker_v1/raw/task_depth/36a08778/d012.parquet,9395312bc8ed5da807f33845027be00a5f6f30cda060500e9f9b339e11d8eaff,UNKNOWN,CANDIDATE,c5a35501048a769404230b526a82972ed0b88bf09d1f3f753d628c9c66108f5e,3,2434,2436,2434,1339,133.72624975442886,YES,selected
36a08778:o1:d012:flip_ud,0,/workspace/arc2/active_runs/eval60_v5_vs_greedy_4worker_v1/raw/task_depth/36a08778/d012.parquet,9395312bc8ed5da807f33845027be00a5f6f30cda060500e9f9b339e11d8eaff,UNKNOWN,CANDIDATE,c5a35501048a769404230b526a82972ed0b88bf09d1f3f753d628c9c66108f5e,4,3172,3174,3172,3129,183.64268526621163,YES,selected
36a08778:o1:d012:identity,0,/workspace/arc2/active_runs/eval60_v5_vs_greedy_4worker_v1/raw/task_depth/36a08778/d012.parquet,9395312bc8ed5da807f33845027be00a5f6f30cda060500e9f9b339e11d8eaff,UNKNOWN,CANDIDATE,c5a35501048a769404230b526a82972ed0b88bf09d1f3f753d628c9c66108f5e,4,3171,3174,3171,1848,183.64268526621163,YES,selected
36a08778:o1:d012:transpose,0,/workspace/arc2/active_runs/eval60_v5_vs_greedy_4worker_v1/raw/task_depth/36a08778/d012.parquet,9395312bc8ed5da807f33845027be00a5f6f30cda060500e9f9b339e11d8eaff,UNKNOWN,CANDIDATE,c5a35501048a769404230b526a82972ed0b88bf09d1f3f753d628c9c66108f5e,3,2434,2436,2434,1566,133.72624975442886,YES,selected
36a08778:o1:d024:anti_transpose,0,/workspace/arc2/active_runs/eval60_v5_vs_greedy_4worker_v1/raw/task_depth/36a08778/d024.parquet,431b47b88b7e849e35a21287cfca14fee71940a136b9f888527f1e5e19613802,UNKNOWN,CANDIDATE,1b38bb917aac268035f15dac621b1c957b44561b60dce10c8d6a59546d0b24c5,1,929,930,929,0,50.27957191038877,YES,selected
36a08778:o1:d024:flip_ud,0,/workspace/arc2/active_runs/eval60_v5_vs_greedy_4worker_v1/raw/task_depth/36a08778/d024.parquet,431b47b88b7e849e35a21287cfca14fee71940a136b9f888527f1e5e19613802,UNKNOWN,CANDIDATE,1b38bb917aac268035f15dac621b1c957b44561b60dce10c8d6a59546d0b24c5,4,3172,3174,3172,3135,168.51142556779087,YES,selected
36a08778:o1:d024:identity,0,/workspace/arc2/active_runs/eval60_v5_vs_greedy_4worker_v1/raw/task_depth/36a08778/d024.parquet,431b47b88b7e849e35a21287cfca14fee71940a136b9f888527f1e5e19613802,UNKNOWN,CANDIDATE,1b38bb917aac268035f15dac621b1c957b44561b60dce10c8d6a59546d0b24c5,4,3171,3174,3171,1848,168.51142556779087,YES,selected
36a08778:o1:d024:transpose,0,/workspace/arc2/active_runs/eval60_v5_vs_greedy_4worker_v1/raw/task_depth/36a08778/d024.parquet,431b47b88b7e849e35a21287cfca14fee71940a136b9f888527f1e5e19613802,UNKNOWN,CANDIDATE,1b38bb917aac268035f15dac621b1c957b44561b60dce10c8d6a59546d0b24c5,1,929,930,929,0,50.27957191038877,YES,selected
36a08778:o1:d048:anti_transpose,0,/workspace/arc2/active_runs/eval60_v5_vs_greedy_4worker_v1/raw/task_depth/36a08778/d048.parquet,6e0deb48744f00b2b0c3576c2663830fa19245090bdc1bfa2e07e441fd7c4ea7,UNKNOWN,CANDIDATE,975ec13c8013a26cb54e881974cb127d2e87dd67bbd2bb3be9a72a37d5dc9d6b,3,2283,2286,2283,1356,129.10500989481807,YES,selected
36a08778:o1:d048:flip_ud,0,/workspace/arc2/active_runs/eval60_v5_vs_greedy_4worker_v1/raw/task_depth/36a08778/d048.parquet,6e0deb48744f00b2b0c3576c2663830fa19245090bdc1bfa2e07e441fd7c4ea7,UNKNOWN,CANDIDATE,975ec13c8013a26cb54e881974cb127d2e87dd67bbd2bb3be9a72a37d5dc9d6b,3,2252,2254,2252,2212,127.41867425758392,YES,selected
36a08778:o1:d048:identity,0,/workspace/arc2/active_runs/eval60_v5_vs_greedy_4worker_v1/raw/task_depth/36a08778/d048.parquet,6e0deb48744f00b2b0c3576c2663830fa19245090bdc1bfa2e07e441fd7c4ea7,UNKNOWN,CANDIDATE,975ec13c8013a26cb54e881974cb127d2e87dd67bbd2bb3be9a72a37d5dc9d6b,3,2252,2254,2252,928,127.41867425758392,YES,selected
36a08778:o1:d048:transpose,0,/workspace/arc2/active_runs/eval60_v5_vs_greedy_4worker_v1/raw/task_depth/36a08778/d048.parquet,6e0deb48744f00b2b0c3576c2663830fa19245090bdc1bfa2e07e441fd7c4ea7,UNKNOWN,CANDIDATE,975ec13c8013a26cb54e881974cb127d2e87dd67bbd2bb3be9a72a37d5dc9d6b,3,2285,2286,2285,480,129.10500989481807,YES,selected
3a25b0d8:o0:d012:anti_transpose,0,/workspace/arc2/active_runs/eval60_v5_vs_greedy_4worker_v1/tmp/3a25b0d8/d012/o00_g1.json,d06797d510b39250417da9692edf748628096e74689cef9361c124294286d7e2,HEAVY_REPAIR,CANDIDATE,e452764e1c924a24af06c59bb051e20a13f81e714528e6ac0542243805d7c89b,3,540,541,540,101,31.87778739631176,YES,selected
3a25b0d8:o0:d012:flip_ud,0,/workspace/arc2/active_runs/eval60_v5_vs_greedy_4worker_v1/tmp/3a25b0d8/d012/o00_g0.json,4c25de2fcf766b7ceec9713e86e9e26483db51fa90dd0aafaf8be7a6ad4a534b,FAST_PASS,CANDIDATE,e452764e1c924a24af06c59bb051e20a13f81e714528e6ac0542243805d7c89b,2,501,502,501,459,29.16799462772906,YES,selected
3a25b0d8:o0:d012:identity,0,/workspace/arc2/active_runs/eval60_v5_vs_greedy_4worker_v1/tmp/3a25b0d8/d012/o00_g0.json,4c25de2fcf766b7ceec9713e86e9e26483db51fa90dd0aafaf8be7a6ad4a534b,HEAVY_REPAIR,CANDIDATE,e452764e1c924a24af06c59bb051e20a13f81e714528e6ac0542243805d7c89b,2,497,498,497,453,29.462391512468457,YES,selected
3a25b0d8:o0:d012:transpose,0,/workspace/arc2/active_runs/eval60_v5_vs_greedy_4worker_v1/tmp/3a25b0d8/d012/o00_g1.json,d06797d510b39250417da9692edf748628096e74689cef9361c124294286d7e2,FAST_PASS,CANDIDATE,e452764e1c924a24af06c59bb051e20a13f81e714528e6ac0542243805d7c89b,2,471,472,471,200,29.11889413371682,YES,selected
3a25b0d8:o0:d024:anti_transpose,0,/workspace/arc2/active_runs/eval60_v5_vs_greedy_4worker_v1/tmp/3a25b0d8/d024/o00_g1.json,adcb03d5883fe775605c0d13787681a980f8fa3d7f36d8f1a7878552957c625b,FAST_PASS,CANDIDATE,2c1884ceb786d54ec3dc8c596ff95122f73fc76b76d3c0f19279c95a1b6734c1,2,444,445,444,101,26.939733307808638,YES,selected
3a25b0d8:o0:d024:flip_ud,0,/workspace/arc2/active_runs/eval60_v5_vs_greedy_4worker_v1/tmp/3a25b0d8/d024/o00_g0.json,3c1958fd17d4de6b5fa54f8ac984ea2de2e17d776e03c4409f883ba18e1ed4a7,FAST_PASS,CANDIDATE,2c1884ceb786d54ec3dc8c596ff95122f73fc76b76d3c0f19279c95a1b6734c1,1,269,270,269,0,16.510876208543777,YES,selected
3a25b0d8:o0:d024:identity,0,/workspace/arc2/active_runs/eval60_v5_vs_greedy_4worker_v1/tmp/3a25b0d8/d024/o00_g0.json,3c1958fd17d4de6b5fa54f8ac984ea2de2e17d776e03c4409f883ba18e1ed4a7,FAST_PASS,CANDIDATE,2c1884ceb786d54ec3dc8c596ff95122f73fc76b76d3c0f19279c95a1b6734c1,3,726,727,726,230,42.11040259338915,YES,selected
3a25b0d8:o0:d024:transpose,0,/workspace/arc2/active_runs/eval60_v5_vs_greedy_4worker_v1/tmp/3a25b0d8/d024/o00_g1.json,adcb03d5883fe775605c0d13787681a980f8fa3d7f36d8f1a7878552957c625b,HEAVY_REPAIR,CANDIDATE,2c1884ceb786d54ec3dc8c596ff95122f73fc76b76d3c0f19279c95a1b6734c1,2,471,472,471,203,28.14227976463735,YES,selected
3a25b0d8:o0:d048:anti_transpose,0,/workspace/arc2/active_runs/eval60_v5_vs_greedy_4worker_v1/tmp/3a25b0d8/d048/o00_g1.json,e44727d8a56115cf946b3b5106717af8199ee902ae49cf6e468c363c5417aeb7,FAST_PASS,CANDIDATE,2d762d8200db44f4277710a7f414c8d413a1c1a7a227f947763d33da09653cc5,1,246,247,246,0,15.075704261660576,YES,selected
3a25b0d8:o0:d048:flip_ud,0,/workspace/arc2/active_runs/eval60_v5_vs_greedy_4worker_v1/tmp/3a25b0d8/d048/o00_g0.json,dfa18796b4435eba4b6ad404598972769b45c10553a41f6cdf2e15041ee61275,FAST_PASS,CANDIDATE,2d762d8200db44f4277710a7f414c8d413a1c1a7a227f947763d33da09653cc5,3,585,586,585,123,33.56733007542789,YES,selected
3a25b0d8:o0:d048:identity,0,/workspace/arc2/active_runs/eval60_v5_vs_greedy_4worker_v1/tmp/3a25b0d8/d048/o00_g0.json,dfa18796b4435eba4b6ad404598972769b45c10553a41f6cdf2e15041ee61275,HEAVY_REPAIR,CANDIDATE,2d762d8200db44f4277710a7f414c8d413a1c1a7a227f947763d33da09653cc5,1,251,252,251,0,15.031294384971261,YES,selected
3a25b0d8:o0:d048:transpose,0,/workspace/arc2/active_runs/eval60_v5_vs_greedy_4worker_v1/tmp/3a25b0d8/d048/o00_g1.json,e44727d8a56115cf946b3b5106717af8199ee902ae49cf6e468c363c5417aeb7,FAST_PASS,CANDIDATE,2d762d8200db44f4277710a7f414c8d413a1c1a7a227f947763d33da09653cc5,2,448,449,448,0,27.15608799085021,YES,selected
3a25b0d8:o1:d012:anti_transpose,0,/workspace/arc2/active_runs/eval60_v5_vs_greedy_4worker_v1/tmp/3a25b0d8/d012/o01_g1.json,e22b0cbeed80fd061f51e6b3273515c05eae21e411493a55108ba50ce90454d5,FAST_PASS,CANDIDATE,e452764e1c924a24af06c59bb051e20a13f81e714528e6ac0542243805d7c89b,1,164,165,164,0,10.067517045885324,YES,selected
3a25b0d8:o1:d012:flip_ud,0,/workspace/arc2/active_runs/eval60_v5_vs_greedy_4worker_v1/tmp/3a25b0d8/d012/o01_g0.json,b0e58995e0f2c2e1c1d8cd4598f4687cacb748fdf6db0bae77a3dd37a82a8300,FAST_PASS,CANDIDATE,e452764e1c924a24af06c59bb051e20a13f81e714528e6ac0542243805d7c89b,1,167,168,167,0,9.86765094846487,YES,selected
3a25b0d8:o1:d012:identity,0,/workspace/arc2/active_runs/eval60_v5_vs_greedy_4worker_v1/tmp/3a25b0d8/d012/o01_g0.json,b0e58995e0f2c2e1c1d8cd4598f4687cacb748fdf6db0bae77a3dd37a82a8300,FAST_PASS,CANDIDATE,e452764e1c924a24af06c59bb051e20a13f81e714528e6ac0542243805d7c89b,2,236,237,236,66,14.424617806449533,YES,selected
3a25b0d8:o1:d012:transpose,0,/workspace/arc2/active_runs/eval60_v5_vs_greedy_4worker_v1/tmp/3a25b0d8/d012/o01_g1.json,e22b0cbeed80fd061f51e6b3273515c05eae21e411493a55108ba50ce90454d5,FAST_PASS,CANDIDATE,e452764e1c924a24af06c59bb051e20a13f81e714528e6ac0542243805d7c89b,1,164,165,164,0,9.721678841859102,YES,selected
3a25b0d8:o1:d024:anti_transpose,0,/workspace/arc2/active_runs/eval60_v5_vs_greedy_4worker_v1/tmp/3a25b0d8/d024/o01_g1.json,1efb7586c604ad865237452bbe986bc4dc9545f08c38c2b7f46dca226119e57a,FAST_PASS,CANDIDATE,2c1884ceb786d54ec3dc8c596ff95122f73fc76b76d3c0f19279c95a1b6734c1,1,164,165,164,0,10.072913598269224,YES,selected
3a25b0d8:o1:d024:flip_ud,0,/workspace/arc2/active_runs/eval60_v5_vs_greedy_4worker_v1/tmp/3a25b0d8/d024/o01_g0.json,be25c493df748eeab2f73807367b0188339aabd71580c26dda6235ca999374a6,FAST_PASS,CANDIDATE,2c1884ceb786d54ec3dc8c596ff95122f73fc76b76d3c0f19279c95a1b6734c1,2,319,320,319,21,18.579910706728697,YES,selected
3a25b0d8:o1:d024:identity,0,/workspace/arc2/active_runs/eval60_v5_vs_greedy_4worker_v1/tmp/3a25b0d8/d024/o01_g0.json,be25c493df748eeab2f73807367b0188339aabd71580c26dda6235ca999374a6,HEAVY_REPAIR,CANDIDATE,2c1884ceb786d54ec3dc8c596ff95122f73fc76b76d3c0f19279c95a1b6734c1,2,319,320,319,127,19.11600112915039,YES,selected
3a25b0d8:o1:d024:transpose,0,/workspace/arc2/active_runs/eval60_v5_vs_greedy_4worker_v1/tmp/3a25b0d8/d024/o01_g1.json,1efb7586c604ad865237452bbe986bc4dc9545f08c38c2b7f46dca226119e57a,FAST_PASS,CANDIDATE,2c1884ceb786d54ec3dc8c596ff95122f73fc76b76d3c0f19279c95a1b6734c1,1,164,165,164,0,10.408519076183438,YES,selected
3a25b0d8:o1:d048:anti_transpose,0,/workspace/arc2/active_runs/eval60_v5_vs_greedy_4worker_v1/tmp/3a25b0d8/d048/o01_g1.json,067c666b4c64fd6fa8c436289ca56fc9251b85767a1c461110632807664f5b4b,FAST_PASS,CANDIDATE,2d762d8200db44f4277710a7f414c8d413a1c1a7a227f947763d33da09653cc5,1,164,165,164,0,9.628927521407604,YES,selected
3a25b0d8:o1:d048:flip_ud,0,/workspace/arc2/active_runs/eval60_v5_vs_greedy_4worker_v1/tmp/3a25b0d8/d048/o01_g0.json,f8d168d412416ee8ad395b4d7af9247d089027d972343cc9d29ff54d15fe20e7,FAST_PASS,CANDIDATE,2d762d8200db44f4277710a7f414c8d413a1c1a7a227f947763d33da09653cc5,1,167,168,167,0,10.164725873619318,YES,selected
3a25b0d8:o1:d048:identity,0,/workspace/arc2/active_runs/eval60_v5_vs_greedy_4worker_v1/tmp/3a25b0d8/d048/o01_g0.json,f8d168d412416ee8ad395b4d7af9247d089027d972343cc9d29ff54d15fe20e7,HEAVY_REPAIR,CANDIDATE,2d762d8200db44f4277710a7f414c8d413a1c1a7a227f947763d33da09653cc5,1,167,168,167,0,10.077322801575065,YES,selected
3a25b0d8:o1:d048:transpose,0,/workspace/arc2/active_runs/eval60_v5_vs_greedy_4worker_v1/tmp/3a25b0d8/d048/o01_g1.json,067c666b4c64fd6fa8c436289ca56fc9251b85767a1c461110632807664f5b4b,FAST_PASS,CANDIDATE,2d762d8200db44f4277710a7f414c8d413a1c1a7a227f947763d33da09653cc5,1,164,165,164,0,10.045979114249349,YES,selected
446ef5d2:o0:d012:anti_transpose,0,/workspace/arc2/active_runs/eval60_v5_vs_greedy_4worker_v1/tmp/446ef5d2/d012/o00_g1.json,e6ea9a7a672870c3c2ee2ac6f71ae4d0dc4874ff2b09b8b5abce88d7f51bcf92,FAST_PASS,CANDIDATE,f5ccd7be7641425a56972860867e0af5d88faf5770b3976f31598f914bb7ffea,1,701,702,701,423,40.86889938823879,YES,selected
446ef5d2:o0:d012:flip_ud,0,/workspace/arc2/active_runs/eval60_v5_vs_greedy_4worker_v1/tmp/446ef5d2/d012/o00_g0.json,c64a3fdfa576e323cbf289994399aa4678ef7193ba9e99f930fe3acc06e2db9e,FAST_PASS,CANDIDATE,f5ccd7be7641425a56972860867e0af5d88faf5770b3976f31598f914bb7ffea,1,701,702,701,400,41.4331891797483,YES,selected
446ef5d2:o0:d012:transpose,0,/workspace/arc2/active_runs/eval60_v5_vs_greedy_4worker_v1/tmp/446ef5d2/d012/o00_g1.json,e6ea9a7a672870c3c2ee2ac6f71ae4d0dc4874ff2b09b8b5abce88d7f51bcf92,FAST_PASS,CANDIDATE,f5ccd7be7641425a56972860867e0af5d88faf5770b3976f31598f914bb7ffea,1,701,702,701,399,41.28891145065427,YES,selected
446ef5d2:o0:d024:anti_transpose,0,/workspace/arc2/active_runs/eval60_v5_vs_greedy_4worker_v1/tmp/446ef5d2/d024/o00_g1.json,00a942556a34187aae4c52311e37c5dcfaaecaf7dd14a301b2047ef7bf0a2de4,FAST_PASS,CANDIDATE,2dba44e925e3c2bcad2149864e5d42c01d891f9f9e1e2dd579193d6422261004,1,701,702,701,397,40.96419049985707,YES,selected
446ef5d2:o0:d024:flip_ud,0,/workspace/arc2/active_runs/eval60_v5_vs_greedy_4worker_v1/tmp/446ef5d2/d024/o00_g0.json,07a446de602af9b42bd517080fc4b1ba79811a5fd0c87c573e75ab3017fda2e8,FAST_PASS,CANDIDATE,2dba44e925e3c2bcad2149864e5d42c01d891f9f9e1e2dd579193d6422261004,1,701,702,701,391,42.71149138174951,YES,selected
446ef5d2:o0:d024:identity,0,/workspace/arc2/active_runs/eval60_v5_vs_greedy_4worker_v1/tmp/446ef5d2/d024/o00_g0.json,07a446de602af9b42bd517080fc4b1ba79811a5fd0c87c573e75ab3017fda2e8,FAST_PASS,CANDIDATE,2dba44e925e3c2bcad2149864e5d42c01d891f9f9e1e2dd579193d6422261004,1,701,702,701,372,41.566406631842256,YES,selected
446ef5d2:o0:d024:transpose,0,/workspace/arc2/active_runs/eval60_v5_vs_greedy_4worker_v1/tmp/446ef5d2/d024/o00_g1.json,00a942556a34187aae4c52311e37c5dcfaaecaf7dd14a301b2047ef7bf0a2de4,FAST_PASS,CANDIDATE,2dba44e925e3c2bcad2149864e5d42c01d891f9f9e1e2dd579193d6422261004,1,701,702,701,423,41.24417060241103,YES,selected
446ef5d2:o0:d048:anti_transpose,0,/workspace/arc2/active_runs/eval60_v5_vs_greedy_4worker_v1/tmp/446ef5d2/d048/o00_g1.json,f0135b30ae6e4601193360e6b6dc3049b85233139d4100b2b70867c392bd0ea7,FAST_PASS,CANDIDATE,059e4138f236d3c8bd4849adef5abb58bc006d6d041137326da0ead0753b7c49,1,701,702,701,267,40.91449295170605,YES,selected
446ef5d2:o0:d048:flip_ud,0,/workspace/arc2/active_runs/eval60_v5_vs_greedy_4worker_v1/tmp/446ef5d2/d048/o00_g0.json,6474d9b706b115e5e04eb065007a8283d21fad90dd14d75a0fe69309180b8c8c,FAST_PASS,CANDIDATE,059e4138f236d3c8bd4849adef5abb58bc006d6d041137326da0ead0753b7c49,1,701,702,701,181,42.192065907642245,YES,selected
446ef5d2:o0:d048:identity,0,/workspace/arc2/active_runs/eval60_v5_vs_greedy_4worker_v1/tmp/446ef5d2/d048/o00_g0.json,6474d9b706b115e5e04eb065007a8283d21fad90dd14d75a0fe69309180b8c8c,FAST_PASS,CANDIDATE,059e4138f236d3c8bd4849adef5abb58bc006d6d041137326da0ead0753b7c49,1,701,702,701,180,41.3701878413558,YES,selected
446ef5d2:o0:d048:transpose,0,/workspace/arc2/active_runs/eval60_v5_vs_greedy_4worker_v1/tmp/446ef5d2/d048/o00_g1.json,f0135b30ae6e4601193360e6b6dc3049b85233139d4100b2b70867c392bd0ea7,FAST_PASS,CANDIDATE,059e4138f236d3c8bd4849adef5abb58bc006d6d041137326da0ead0753b7c49,1,701,702,701,342,40.818318985402584,YES,selected
446ef5d2:o1:d012:anti_transpose,0,/workspace/arc2/active_runs/eval60_v5_vs_greedy_4worker_v1/tmp/446ef5d2/d012/o01_g1.json,407ed3c568b8d36d288f49d9ff5f7bda28494af99ac8f3a4944c6c178ea51e6d,FAST_PASS,CANDIDATE,f5ccd7be7641425a56972860867e0af5d88faf5770b3976f31598f914bb7ffea,2,708,709,708,559,40.692889953032136,YES,selected
446ef5d2:o1:d012:flip_ud,0,/workspace/arc2/active_runs/eval60_v5_vs_greedy_4worker_v1/tmp/446ef5d2/d012/o01_g0.json,04f05936a28ca2120d67c61f8cb77a733ca3682fdea7acd6b3956c369e4f6f38,FAST_PASS,CANDIDATE,f5ccd7be7641425a56972860867e0af5d88faf5770b3976f31598f914bb7ffea,1,419,420,419,250,24.561281168833375,YES,selected
446ef5d2:o1:d012:identity,0,/workspace/arc2/active_runs/eval60_v5_vs_greedy_4worker_v1/tmp/446ef5d2/d012/o01_g0.json,04f05936a28ca2120d67c61f8cb77a733ca3682fdea7acd6b3956c369e4f6f38,FAST_PASS,CANDIDATE,f5ccd7be7641425a56972860867e0af5d88faf5770b3976f31598f914bb7ffea,1,419,420,419,270,25.143452437594533,YES,selected
446ef5d2:o1:d012:transpose,0,/workspace/arc2/active_runs/eval60_v5_vs_greedy_4worker_v1/tmp/446ef5d2/d012/o01_g1.json,407ed3c568b8d36d288f49d9ff5f7bda28494af99ac8f3a4944c6c178ea51e6d,FAST_PASS,CANDIDATE,f5ccd7be7641425a56972860867e0af5d88faf5770b3976f31598f914bb7ffea,1,419,420,419,267,24.726855415850878,YES,selected
446ef5d2:o1:d024:anti_transpose,0,/workspace/arc2/active_runs/eval60_v5_vs_greedy_4worker_v1/tmp/446ef5d2/d024/o01_g1.json,e24abff7bf927bb978ec51d81eec7bfc22be257ec57669aafb2db9e1ac07ec9a,FAST_PASS,CANDIDATE,2dba44e925e3c2bcad2149864e5d42c01d891f9f9e1e2dd579193d6422261004,1,419,420,419,267,24.780052537098527,YES,selected
446ef5d2:o1:d024:flip_ud,0,/workspace/arc2/active_runs/eval60_v5_vs_greedy_4worker_v1/tmp/446ef5d2/d024/o01_g0.json,8fed8b366ce38e837f2ce78626e563a116fd8de22f07883442e594e7ef9e2bda,FAST_PASS,CANDIDATE,2dba44e925e3c2bcad2149864e5d42c01d891f9f9e1e2dd579193d6422261004,1,419,420,419,308,24.405527215451002,YES,selected
446ef5d2:o1:d024:identity,0,/workspace/arc2/active_runs/eval60_v5_vs_greedy_4worker_v1/tmp/446ef5d2/d024/o01_g0.json,8fed8b366ce38e837f2ce78626e563a116fd8de22f07883442e594e7ef9e2bda,FAST_PASS,CANDIDATE,2dba44e925e3c2bcad2149864e5d42c01d891f9f9e1e2dd579193d6422261004,1,419,420,419,287,24.950340127572417,YES,selected
446ef5d2:o1:d024:transpose,0,/workspace/arc2/active_runs/eval60_v5_vs_greedy_4worker_v1/tmp/446ef5d2/d024/o01_g1.json,e24abff7bf927bb978ec51d81eec7bfc22be257ec57669aafb2db9e1ac07ec9a,FAST_PASS,CANDIDATE,2dba44e925e3c2bcad2149864e5d42c01d891f9f9e1e2dd579193d6422261004,1,419,420,419,259,24.691672110930085,YES,selected
446ef5d2:o1:d048:anti_transpose,0,/workspace/arc2/active_runs/eval60_v5_vs_greedy_4worker_v1/tmp/446ef5d2/d048/o01_g1.json,a9441911715d3f00416d03983b5dea26fbc40a59608b363a9d4b26360609a7b3,FAST_PASS,CANDIDATE,059e4138f236d3c8bd4849adef5abb58bc006d6d041137326da0ead0753b7c49,1,419,420,419,224,25.20948215201497,YES,selected
446ef5d2:o1:d048:flip_ud,0,/workspace/arc2/active_runs/eval60_v5_vs_greedy_4worker_v1/tmp/446ef5d2/d048/o01_g0.json,cba42022626f3f3488f979938f8de279e92198774dcbf947377a422e82c95cf8,FAST_PASS,CANDIDATE,059e4138f236d3c8bd4849adef5abb58bc006d6d041137326da0ead0753b7c49,1,419,420,419,266,25.602032063528895,YES,selected
446ef5d2:o1:d048:identity,0,/workspace/arc2/active_runs/eval60_v5_vs_greedy_4worker_v1/tmp/446ef5d2/d048/o01_g0.json,cba42022626f3f3488f979938f8de279e92198774dcbf947377a422e82c95cf8,FAST_PASS,CANDIDATE,059e4138f236d3c8bd4849adef5abb58bc006d6d041137326da0ead0753b7c49,1,419,420,419,267,24.844666078686714,YES,selected
446ef5d2:o1:d048:transpose,0,/workspace/arc2/active_runs/eval60_v5_vs_greedy_4worker_v1/tmp/446ef5d2/d048/o01_g1.json,a9441911715d3f00416d03983b5dea26fbc40a59608b363a9d4b26360609a7b3,FAST_PASS,CANDIDATE,059e4138f236d3c8bd4849adef5abb58bc006d6d041137326da0ead0753b7c49,2,684,685,684,302,39.780294466763735,YES,selected
45a5af55:o0:d012:anti_transpose,0,/workspace/arc2/active_runs/eval60_v5_vs_greedy_4worker_v1/tmp/45a5af55/d012/o00_g1.json,5a4306536b53e741db77203ddcd5cd3e2dd59ceb47ab88b4a058376287647a82,FAST_PASS,CANDIDATE,5ed1045c4cfd4f69e73403f1a146fe3afc28d5f83276f63092ae6039c616a205,1,701,702,701,0,40.63041864335537,YES,selected
45a5af55:o0:d012:flip_ud,0,/workspace/arc2/active_runs/eval60_v5_vs_greedy_4worker_v1/tmp/45a5af55/d012/o00_g0.json,ebbe096531dfa277e7ad0dafaa26dd79f41faa70c2d2a1ad80a4dfb3b066ceda,FAST_PASS,CANDIDATE,5ed1045c4cfd4f69e73403f1a146fe3afc28d5f83276f63092ae6039c616a205,1,701,702,701,0,42.401479948312044,YES,selected
45a5af55:o0:d012:identity,0,/workspace/arc2/active_runs/eval60_v5_vs_greedy_4worker_v1/tmp/45a5af55/d012/o00_g0.json,ebbe096531dfa277e7ad0dafaa26dd79f41faa70c2d2a1ad80a4dfb3b066ceda,FAST_PASS,CANDIDATE,5ed1045c4cfd4f69e73403f1a146fe3afc28d5f83276f63092ae6039c616a205,1,701,702,701,0,41.10373746231198,YES,selected
45a5af55:o0:d012:transpose,0,/workspace/arc2/active_runs/eval60_v5_vs_greedy_4worker_v1/tmp/45a5af55/d012/o00_g1.json,5a4306536b53e741db77203ddcd5cd3e2dd59ceb47ab88b4a058376287647a82,FAST_PASS,CANDIDATE,5ed1045c4cfd4f69e73403f1a146fe3afc28d5f83276f63092ae6039c616a205,1,701,702,701,0,42.018129309639335,YES,selected
45a5af55:o0:d024:anti_transpose,0,/workspace/arc2/active_runs/eval60_v5_vs_greedy_4worker_v1/tmp/45a5af55/d024/o00_g1.json,1b64d2996e75a9826333aad3090f3017d223ec8a565072554e87491cdae37135,FAST_PASS,CANDIDATE,1b4c6ed7fdec5d764779f148a380e055ff06c290bf989299076f21b17480b13b,1,701,702,701,0,42.49974770843983,YES,selected
45a5af55:o0:d024:flip_ud,0,/workspace/arc2/active_runs/eval60_v5_vs_greedy_4worker_v1/tmp/45a5af55/d024/o00_g0.json,f50677cb203eb372d6dae6ce59f1914741e15323f9e204fc695aa89ff6dd7460,FAST_PASS,CANDIDATE,1b4c6ed7fdec5d764779f148a380e055ff06c290bf989299076f21b17480b13b,1,505,506,505,0,30.38671136647463,YES,selected
45a5af55:o0:d024:identity,0,/workspace/arc2/active_runs/eval60_v5_vs_greedy_4worker_v1/tmp/45a5af55/d024/o00_g0.json,f50677cb203eb372d6dae6ce59f1914741e15323f9e204fc695aa89ff6dd7460,FAST_PASS,CANDIDATE,1b4c6ed7fdec5d764779f148a380e055ff06c290bf989299076f21b17480b13b,1,505,506,505,0,30.7433540802449,YES,selected
45a5af55:o0:d024:transpose,0,/workspace/arc2/active_runs/eval60_v5_vs_greedy_4worker_v1/tmp/45a5af55/d024/o00_g1.json,1b64d2996e75a9826333aad3090f3017d223ec8a565072554e87491cdae37135,FAST_PASS,CANDIDATE,1b4c6ed7fdec5d764779f148a380e055ff06c290bf989299076f21b17480b13b,1,701,702,701,0,41.40810618363321,YES,selected
45a5af55:o0:d048:anti_transpose,0,/workspace/arc2/active_runs/eval60_v5_vs_greedy_4worker_v1/tmp/45a5af55/d048/o00_g1.json,6d52975c75807f8aea2861830a0832fc52a5d1a65ee396a53a09b33e336f8994,FAST_PASS,CANDIDATE,7e5b9c0694cc6b89feb57f1e421a5dc503011c739bf5dc8654f7c1c190c16179,1,701,702,701,0,41.982534335926175,YES,selected
45a5af55:o0:d048:flip_ud,0,/workspace/arc2/active_runs/eval60_v5_vs_greedy_4worker_v1/tmp/45a5af55/d048/o00_g0.json,e9201626a18f540cc2815d72b2ff1438897c5673c93588dd384e71aa45f8c4a0,FAST_PASS,CANDIDATE,7e5b9c0694cc6b89feb57f1e421a5dc503011c739bf5dc8654f7c1c190c16179,1,505,506,505,0,29.477133955806494,YES,selected
45a5af55:o0:d048:identity,0,/workspace/arc2/active_runs/eval60_v5_vs_greedy_4worker_v1/tmp/45a5af55/d048/o00_g0.json,e9201626a18f540cc2815d72b2ff1438897c5673c93588dd384e71aa45f8c4a0,FAST_PASS,CANDIDATE,7e5b9c0694cc6b89feb57f1e421a5dc503011c739bf5dc8654f7c1c190c16179,1,505,506,505,0,29.79774366877973,YES,selected
45a5af55:o0:d048:transpose,0,/workspace/arc2/active_runs/eval60_v5_vs_greedy_4worker_v1/tmp/45a5af55/d048/o00_g1.json,6d52975c75807f8aea2861830a0832fc52a5d1a65ee396a53a09b33e336f8994,FAST_PASS,CANDIDATE,7e5b9c0694cc6b89feb57f1e421a5dc503011c739bf5dc8654f7c1c190c16179,1,701,702,701,0,41.644541416317225,YES,selected
4a21e3da:o0:d012:anti_transpose,0,/workspace/arc2/active_runs/eval60_v5_vs_greedy_4worker_v1/raw/task_depth/4a21e3da/d012.parquet,331934b01f309c3d3b5a6b4e2eb023663c3256f0c7196a9a79a97b489fb40641,UNKNOWN,CANDIDATE,c7d95bcdac0136b72a43dd3e9d9ea3d8c8a50ca3e5f296727880bb9722d3e04b,3,1379,1381,1379,1353,73.56048429943621,YES,selected
4a21e3da:o0:d012:flip_ud,0,/workspace/arc2/active_runs/eval60_v5_vs_greedy_4worker_v1/raw/task_depth/4a21e3da/d012.parquet,331934b01f309c3d3b5a6b4e2eb023663c3256f0c7196a9a79a97b489fb40641,UNKNOWN,CANDIDATE,c7d95bcdac0136b72a43dd3e9d9ea3d8c8a50ca3e5f296727880bb9722d3e04b,2,921,922,921,870,50.17019863706082,YES,selected
4a21e3da:o0:d012:identity,0,/workspace/arc2/active_runs/eval60_v5_vs_greedy_4worker_v1/raw/task_depth/4a21e3da/d012.parquet,331934b01f309c3d3b5a6b4e2eb023663c3256f0c7196a9a79a97b489fb40641,UNKNOWN,CANDIDATE,c7d95bcdac0136b72a43dd3e9d9ea3d8c8a50ca3e5f296727880bb9722d3e04b,2,921,922,921,870,50.17019863706082,YES,selected
4a21e3da:o0:d012:transpose,0,/workspace/arc2/active_runs/eval60_v5_vs_greedy_4worker_v1/raw/task_depth/4a21e3da/d012.parquet,331934b01f309c3d3b5a6b4e2eb023663c3256f0c7196a9a79a97b489fb40641,UNKNOWN,CANDIDATE,c7d95bcdac0136b72a43dd3e9d9ea3d8c8a50ca3e5f296727880bb9722d3e04b,3,1379,1381,1379,1350,73.56048429943621,YES,selected
4a21e3da:o0:d024:anti_transpose,0,/workspace/arc2/active_runs/eval60_v5_vs_greedy_4worker_v1/raw/task_depth/4a21e3da/d024.parquet,58ddfd2ac3da5d829b665e5100272275bfc770f0dceb6062711bc6eed823824a,UNKNOWN,CANDIDATE,7dc0550895068fb5c61e8840a83ed6c379c55d9142cec7a2cf6f465b99a0b8cd,3,1361,1364,1361,1034,75.58753470052034,YES,selected
4a21e3da:o0:d024:flip_ud,0,/workspace/arc2/active_runs/eval60_v5_vs_greedy_4worker_v1/raw/task_depth/4a21e3da/d024.parquet,58ddfd2ac3da5d829b665e5100272275bfc770f0dceb6062711bc6eed823824a,UNKNOWN,CANDIDATE,7dc0550895068fb5c61e8840a83ed6c379c55d9142cec7a2cf6f465b99a0b8cd,2,917,919,917,457,55.054121411405504,YES,selected
4a21e3da:o0:d024:identity,0,/workspace/arc2/active_runs/eval60_v5_vs_greedy_4worker_v1/raw/task_depth/4a21e3da/d024.parquet,58ddfd2ac3da5d829b665e5100272275bfc770f0dceb6062711bc6eed823824a,UNKNOWN,CANDIDATE,7dc0550895068fb5c61e8840a83ed6c379c55d9142cec7a2cf6f465b99a0b8cd,2,918,919,918,895,55.054121411405504,YES,selected
4a21e3da:o0:d024:transpose,0,/workspace/arc2/active_runs/eval60_v5_vs_greedy_4worker_v1/raw/task_depth/4a21e3da/d024.parquet,58ddfd2ac3da5d829b665e5100272275bfc770f0dceb6062711bc6eed823824a,UNKNOWN,CANDIDATE,7dc0550895068fb5c61e8840a83ed6c379c55d9142cec7a2cf6f465b99a0b8cd,3,1363,1364,1363,1104,75.58753470052034,YES,selected
4a21e3da:o0:d048:anti_transpose,0,/workspace/arc2/active_runs/eval60_v5_vs_greedy_4worker_v1/raw/task_depth/4a21e3da/d048.parquet,5b540d54a45f4663520c5e5e8331e005f3cf2875b839fcc98ef685ead6c7c93e,UNKNOWN,CANDIDATE,e2465a0ae88dff230d1178d90a5692d12b8c3445eba53c6a662734213698236b,4,1806,1809,1806,1464,97.69167481828481,YES,selected
4a21e3da:o0:d048:flip_ud,0,/workspace/arc2/active_runs/eval60_v5_vs_greedy_4worker_v1/raw/task_depth/4a21e3da/d048.parquet,5b540d54a45f4663520c5e5e8331e005f3cf2875b839fcc98ef685ead6c7c93e,UNKNOWN,CANDIDATE,e2465a0ae88dff230d1178d90a5692d12b8c3445eba53c6a662734213698236b,5,2251,2254,2251,1438,134.54896081984043,YES,selected
4a21e3da:o0:d048:identity,0,/workspace/arc2/active_runs/eval60_v5_vs_greedy_4worker_v1/raw/task_depth/4a21e3da/d048.parquet,5b540d54a45f4663520c5e5e8331e005f3cf2875b839fcc98ef685ead6c7c93e,UNKNOWN,CANDIDATE,e2465a0ae88dff230d1178d90a5692d12b8c3445eba53c6a662734213698236b,5,2252,2254,2252,2151,134.54896081984043,YES,selected
4a21e3da:o0:d048:transpose,0,/workspace/arc2/active_runs/eval60_v5_vs_greedy_4worker_v1/raw/task_depth/4a21e3da/d048.parquet,5b540d54a45f4663520c5e5e8331e005f3cf2875b839fcc98ef685ead6c7c93e,UNKNOWN,CANDIDATE,e2465a0ae88dff230d1178d90a5692d12b8c3445eba53c6a662734213698236b,4,1807,1809,1807,1042,97.69167481828481,YES,selected
4a21e3da:o1:d012:anti_transpose,0,/workspace/arc2/active_runs/eval60_v5_vs_greedy_4worker_v1/raw/task_depth/4a21e3da/d012.parquet,331934b01f309c3d3b5a6b4e2eb023663c3256f0c7196a9a79a97b489fb40641,UNKNOWN,CANDIDATE,c7d95bcdac0136b72a43dd3e9d9ea3d8c8a50ca3e5f296727880bb9722d3e04b,2,838,839,838,487,47.98347202222794,YES,selected
4a21e3da:o1:d012:flip_ud,0,/workspace/arc2/active_runs/eval60_v5_vs_greedy_4worker_v1/raw/task_depth/4a21e3da/d012.parquet,331934b01f309c3d3b5a6b4e2eb023663c3256f0c7196a9a79a97b489fb40641,UNKNOWN,CANDIDATE,c7d95bcdac0136b72a43dd3e9d9ea3d8c8a50ca3e5f296727880bb9722d3e04b,3,1242,1244,1242,808,70.95098445564508,YES,selected
4a21e3da:o1:d012:identity,0,/workspace/arc2/active_runs/eval60_v5_vs_greedy_4worker_v1/raw/task_depth/4a21e3da/d012.parquet,331934b01f309c3d3b5a6b4e2eb023663c3256f0c7196a9a79a97b489fb40641,UNKNOWN,CANDIDATE,c7d95bcdac0136b72a43dd3e9d9ea3d8c8a50ca3e5f296727880bb9722d3e04b,3,1242,1244,1242,824,70.95098445564508,YES,selected
4a21e3da:o1:d012:transpose,0,/workspace/arc2/active_runs/eval60_v5_vs_greedy_4worker_v1/raw/task_depth/4a21e3da/d012.parquet,331934b01f309c3d3b5a6b4e2eb023663c3256f0c7196a9a79a97b489fb40641,UNKNOWN,CANDIDATE,c7d95bcdac0136b72a43dd3e9d9ea3d8c8a50ca3e5f296727880bb9722d3e04b,2,837,839,837,523,47.98347202222794,YES,selected
4a21e3da:o1:d024:anti_transpose,0,/workspace/arc2/active_runs/eval60_v5_vs_greedy_4worker_v1/raw/task_depth/4a21e3da/d024.parquet,58ddfd2ac3da5d829b665e5100272275bfc770f0dceb6062711bc6eed823824a,UNKNOWN,CANDIDATE,7dc0550895068fb5c61e8840a83ed6c379c55d9142cec7a2cf6f465b99a0b8cd,3,580,582,580,142,35.09181707445532,YES,selected
4a21e3da:o1:d024:flip_ud,0,/workspace/arc2/active_runs/eval60_v5_vs_greedy_4worker_v1/raw/task_depth/4a21e3da/d024.parquet,58ddfd2ac3da5d829b665e5100272275bfc770f0dceb6062711bc6eed823824a,UNKNOWN,CANDIDATE,7dc0550895068fb5c61e8840a83ed6c379c55d9142cec7a2cf6f465b99a0b8cd,2,599,600,599,0,34.925638273358345,YES,selected
4a21e3da:o1:d024:identity,0,/workspace/arc2/active_runs/eval60_v5_vs_greedy_4worker_v1/raw/task_depth/4a21e3da/d024.parquet,58ddfd2ac3da5d829b665e5100272275bfc770f0dceb6062711bc6eed823824a,UNKNOWN,CANDIDATE,7dc0550895068fb5c61e8840a83ed6c379c55d9142cec7a2cf6f465b99a0b8cd,2,598,600,598,585,34.925638273358345,YES,selected
4a21e3da:o1:d024:transpose,0,/workspace/arc2/active_runs/eval60_v5_vs_greedy_4worker_v1/raw/task_depth/4a21e3da/d024.parquet,58ddfd2ac3da5d829b665e5100272275bfc770f0dceb6062711bc6eed823824a,UNKNOWN,CANDIDATE,7dc0550895068fb5c61e8840a83ed6c379c55d9142cec7a2cf6f465b99a0b8cd,3,580,582,580,58,35.09181707445532,YES,selected
4a21e3da:o1:d048:anti_transpose,0,/workspace/arc2/active_runs/eval60_v5_vs_greedy_4worker_v1/raw/task_depth/4a21e3da/d048.parquet,5b540d54a45f4663520c5e5e8331e005f3cf2875b839fcc98ef685ead6c7c93e,UNKNOWN,CANDIDATE,e2465a0ae88dff230d1178d90a5692d12b8c3445eba53c6a662734213698236b,2,544,545,544,243,30.511759638786316,YES,selected
4a21e3da:o1:d048:flip_ud,0,/workspace/arc2/active_runs/eval60_v5_vs_greedy_4worker_v1/raw/task_depth/4a21e3da/d048.parquet,5b540d54a45f4663520c5e5e8331e005f3cf2875b839fcc98ef685ead6c7c93e,UNKNOWN,CANDIDATE,e2465a0ae88dff230d1178d90a5692d12b8c3445eba53c6a662734213698236b,3,1004,1006,1004,406,60.99255833402276,YES,selected
4a21e3da:o1:d048:identity,0,/workspace/arc2/active_runs/eval60_v5_vs_greedy_4worker_v1/raw/task_depth/4a21e3da/d048.parquet,5b540d54a45f4663520c5e5e8331e005f3cf2875b839fcc98ef685ead6c7c93e,UNKNOWN,CANDIDATE,e2465a0ae88dff230d1178d90a5692d12b8c3445eba53c6a662734213698236b,3,1004,1006,1004,712,60.99255833402276,YES,selected
4a21e3da:o1:d048:transpose,0,/workspace/arc2/active_runs/eval60_v5_vs_greedy_4worker_v1/raw/task_depth/4a21e3da/d048.parquet,5b540d54a45f4663520c5e5e8331e005f3cf2875b839fcc98ef685ead6c7c93e,UNKNOWN,CANDIDATE,e2465a0ae88dff230d1178d90a5692d12b8c3445eba53c6a662734213698236b,2,544,545,544,113,30.511759638786316,YES,selected
4c3d4a41:o0:d012:anti_transpose,0,/workspace/arc2/active_runs/eval60_v5_vs_greedy_4worker_v1/raw/task_depth/4c3d4a41/d012.parquet,46f9776bd5a95406ca9ae4a30bd147f0c94daac9f40705ddf08ee8ef9c516b1b,UNKNOWN,CANDIDATE,02331bfdfba397a6d569475f9231992a67040510cae38bc0385c3fc9cd663a76,1,179,180,179,0,11.809926530346274,YES,selected
4c3d4a41:o0:d012:flip_ud,0,/workspace/arc2/active_runs/eval60_v5_vs_greedy_4worker_v1/raw/task_depth/4c3d4a41/d012.parquet,46f9776bd5a95406ca9ae4a30bd147f0c94daac9f40705ddf08ee8ef9c516b1b,UNKNOWN,CANDIDATE,02331bfdfba397a6d569475f9231992a67040510cae38bc0385c3fc9cd663a76,2,301,303,301,135,19.29605260398239,YES,selected
4c3d4a41:o0:d012:identity,0,/workspace/arc2/active_runs/eval60_v5_vs_greedy_4worker_v1/raw/task_depth/4c3d4a41/d012.parquet,46f9776bd5a95406ca9ae4a30bd147f0c94daac9f40705ddf08ee8ef9c516b1b,UNKNOWN,CANDIDATE,02331bfdfba397a6d569475f9231992a67040510cae38bc0385c3fc9cd663a76,2,302,303,302,134,19.29605260398239,YES,selected
4c3d4a41:o0:d012:transpose,0,/workspace/arc2/active_runs/eval60_v5_vs_greedy_4worker_v1/raw/task_depth/4c3d4a41/d012.parquet,46f9776bd5a95406ca9ae4a30bd147f0c94daac9f40705ddf08ee8ef9c516b1b,UNKNOWN,CANDIDATE,02331bfdfba397a6d569475f9231992a67040510cae38bc0385c3fc9cd663a76,1,179,180,179,0,11.809926530346274,YES,selected
4c3d4a41:o0:d024:anti_transpose,0,/workspace/arc2/active_runs/eval60_v5_vs_greedy_4worker_v1/tmp/4c3d4a41/d024/o00_g1.json,815cd5d3a318b13875a34f14c4c66b2bf95d60068fcf4d53e29cd9a993c0b4d9,UNKNOWN,CANDIDATE,69652d32a10febfa447ee9755acaab8e210feedc813ecceff9663d5432e0460d,1,179,180,179,0,5.1860461961477995,YES,selected
4c3d4a41:o0:d024:flip_ud,0,/workspace/arc2/active_runs/eval60_v5_vs_greedy_4worker_v1/tmp/4c3d4a41/d024/o00_g0.json,2cf51b8967d0e9a7bca0cb9fe4284ba67d5e79f947ed71bac580bc9ec2816359,UNKNOWN,CANDIDATE,69652d32a10febfa447ee9755acaab8e210feedc813ecceff9663d5432e0460d,2,280,282,280,114,8.127164642326534,YES,selected
4c3d4a41:o0:d024:identity,0,/workspace/arc2/active_runs/eval60_v5_vs_greedy_4worker_v1/tmp/4c3d4a41/d024/o00_g0.json,2cf51b8967d0e9a7bca0cb9fe4284ba67d5e79f947ed71bac580bc9ec2816359,UNKNOWN,CANDIDATE,69652d32a10febfa447ee9755acaab8e210feedc813ecceff9663d5432e0460d,2,281,282,281,0,8.127164642326534,YES,selected
4c3d4a41:o0:d024:transpose,0,/workspace/arc2/active_runs/eval60_v5_vs_greedy_4worker_v1/tmp/4c3d4a41/d024/o00_g1.json,815cd5d3a318b13875a34f14c4c66b2bf95d60068fcf4d53e29cd9a993c0b4d9,UNKNOWN,CANDIDATE,69652d32a10febfa447ee9755acaab8e210feedc813ecceff9663d5432e0460d,1,179,180,179,0,5.1860461961477995,YES,selected
4c3d4a41:o0:d048:anti_transpose,0,/workspace/arc2/active_runs/eval60_v5_vs_greedy_4worker_v1/tmp/4c3d4a41/d048/o00_g1.json,ae7ab5fcef207f9e23c3e0d93ab6a92b65b7b6c5773ae14e71811d506363aa9f,FAST_PASS,CANDIDATE,1b53dce7723a300a96b655207f3e8d3d581ff8b86a628a71b41ba5ae1dd0425a,1,179,180,179,0,11.162322897464037,YES,selected
4c3d4a41:o0:d048:flip_ud,0,/workspace/arc2/active_runs/eval60_v5_vs_greedy_4worker_v1/tmp/4c3d4a41/d048/o00_g0.json,4138444164810588ff59789289d6decab4258b016cc8aca6111c90ff84e94668,FAST_PASS,CANDIDATE,1b53dce7723a300a96b655207f3e8d3d581ff8b86a628a71b41ba5ae1dd0425a,1,167,168,167,0,10.164838837459683,YES,selected
4c3d4a41:o0:d048:identity,0,/workspace/arc2/active_runs/eval60_v5_vs_greedy_4worker_v1/tmp/4c3d4a41/d048/o00_g0.json,4138444164810588ff59789289d6decab4258b016cc8aca6111c90ff84e94668,FAST_PASS,CANDIDATE,1b53dce7723a300a96b655207f3e8d3d581ff8b86a628a71b41ba5ae1dd0425a,1,167,168,167,0,9.928306352347136,YES,selected
4c3d4a41:o0:d048:transpose,0,/workspace/arc2/active_runs/eval60_v5_vs_greedy_4worker_v1/tmp/4c3d4a41/d048/o00_g1.json,ae7ab5fcef207f9e23c3e0d93ab6a92b65b7b6c5773ae14e71811d506363aa9f,FAST_PASS,CANDIDATE,1b53dce7723a300a96b655207f3e8d3d581ff8b86a628a71b41ba5ae1dd0425a,2,238,239,238,0,13.858384352177382,YES,selected
4c3d4a41:o1:d012:anti_transpose,0,/workspace/arc2/active_runs/eval60_v5_vs_greedy_4worker_v1/raw/task_depth/4c3d4a41/d012.parquet,46f9776bd5a95406ca9ae4a30bd147f0c94daac9f40705ddf08ee8ef9c516b1b,UNKNOWN,CANDIDATE,02331bfdfba397a6d569475f9231992a67040510cae38bc0385c3fc9cd663a76,1,179,180,179,0,12.094967951998115,YES,selected
4c3d4a41:o1:d012:flip_ud,0,/workspace/arc2/active_runs/eval60_v5_vs_greedy_4worker_v1/raw/task_depth/4c3d4a41/d012.parquet,46f9776bd5a95406ca9ae4a30bd147f0c94daac9f40705ddf08ee8ef9c516b1b,UNKNOWN,CANDIDATE,02331bfdfba397a6d569475f9231992a67040510cae38bc0385c3fc9cd663a76,2,191,192,191,0,12.485320169478655,YES,selected
4c3d4a41:o1:d012:identity,0,/workspace/arc2/active_runs/eval60_v5_vs_greedy_4worker_v1/raw/task_depth/4c3d4a41/d012.parquet,46f9776bd5a95406ca9ae4a30bd147f0c94daac9f40705ddf08ee8ef9c516b1b,UNKNOWN,CANDIDATE,02331bfdfba397a6d569475f9231992a67040510cae38bc0385c3fc9cd663a76,2,190,192,190,24,12.485320169478655,YES,selected
4c3d4a41:o1:d012:transpose,0,/workspace/arc2/active_runs/eval60_v5_vs_greedy_4worker_v1/raw/task_depth/4c3d4a41/d012.parquet,46f9776bd5a95406ca9ae4a30bd147f0c94daac9f40705ddf08ee8ef9c516b1b,UNKNOWN,CANDIDATE,02331bfdfba397a6d569475f9231992a67040510cae38bc0385c3fc9cd663a76,1,179,180,179,0,12.094967951998115,YES,selected
4c3d4a41:o1:d024:anti_transpose,0,/workspace/arc2/active_runs/eval60_v5_vs_greedy_4worker_v1/tmp/4c3d4a41/d024/o01_g1.json,78f499d70f3ab567e8c7225818036373a6263b5d1f9a249749bfdff0d87758aa,FAST_PASS,CANDIDATE,69652d32a10febfa447ee9755acaab8e210feedc813ecceff9663d5432e0460d,1,179,180,179,0,10.735127346590161,YES,selected
4c3d4a41:o1:d024:flip_ud,0,/workspace/arc2/active_runs/eval60_v5_vs_greedy_4worker_v1/tmp/4c3d4a41/d024/o01_g0.json,0083d70d648b618de7bbce01b013cf4b35eb52464a83b7aadbaa0672eb0a9fc9,FAST_PASS,CANDIDATE,69652d32a10febfa447ee9755acaab8e210feedc813ecceff9663d5432e0460d,1,167,168,167,0,10.86299286969006,YES,selected
4c3d4a41:o1:d024:identity,0,/workspace/arc2/active_runs/eval60_v5_vs_greedy_4worker_v1/tmp/4c3d4a41/d024/o01_g0.json,0083d70d648b618de7bbce01b013cf4b35eb52464a83b7aadbaa0672eb0a9fc9,FAST_PASS,CANDIDATE,69652d32a10febfa447ee9755acaab8e210feedc813ecceff9663d5432e0460d,1,167,168,167,0,11.139258336275816,YES,selected
4c3d4a41:o1:d024:transpose,0,/workspace/arc2/active_runs/eval60_v5_vs_greedy_4worker_v1/tmp/4c3d4a41/d024/o01_g1.json,78f499d70f3ab567e8c7225818036373a6263b5d1f9a249749bfdff0d87758aa,FAST_PASS,CANDIDATE,69652d32a10febfa447ee9755acaab8e210feedc813ecceff9663d5432e0460d,1,179,180,179,0,10.541367743164301,YES,selected
4c3d4a41:o1:d048:anti_transpose,0,/workspace/arc2/active_runs/eval60_v5_vs_greedy_4worker_v1/tmp/4c3d4a41/d048/o01_g1.json,2fba2cb811ca660d8aeb4e89ae9f193e671cd02dab85453b75139948329e077b,FAST_PASS,CANDIDATE,1b53dce7723a300a96b655207f3e8d3d581ff8b86a628a71b41ba5ae1dd0425a,1,179,180,179,0,10.44662694260478,YES,selected
4c3d4a41:o1:d048:flip_ud,0,/workspace/arc2/active_runs/eval60_v5_vs_greedy_4worker_v1/tmp/4c3d4a41/d048/o01_g0.json,a04570d16dbe0abf779f6bbc5c0326189863ac80c8f9287f6e590c75ac574b5e,FAST_PASS,CANDIDATE,1b53dce7723a300a96b655207f3e8d3d581ff8b86a628a71b41ba5ae1dd0425a,1,167,168,167,0,10.06784937158227,YES,selected
4c3d4a41:o1:d048:identity,0,/workspace/arc2/active_runs/eval60_v5_vs_greedy_4worker_v1/tmp/4c3d4a41/d048/o01_g0.json,a04570d16dbe0abf779f6bbc5c0326189863ac80c8f9287f6e590c75ac574b5e,FAST_PASS,CANDIDATE,1b53dce7723a300a96b655207f3e8d3d581ff8b86a628a71b41ba5ae1dd0425a,1,167,168,167,0,9.808952398598194,YES,selected
4c3d4a41:o1:d048:transpose,0,/workspace/arc2/active_runs/eval60_v5_vs_greedy_4worker_v1/tmp/4c3d4a41/d048/o01_g1.json,2fba2cb811ca660d8aeb4e89ae9f193e671cd02dab85453b75139948329e077b,FAST_PASS,CANDIDATE,1b53dce7723a300a96b655207f3e8d3d581ff8b86a628a71b41ba5ae1dd0425a,2,202,203,202,0,11.7820592392236,YES,selected
4e34c42c:o0:d012:anti_transpose,0,/workspace/arc2/active_runs/eval60_v5_vs_greedy_4worker_v1/tmp/4e34c42c/d012/o00_g1.json,4ec366cc990d7fe83bbf2a0750c73f61e55ed38f08546a405f837c78942f451e,HEAVY_REPAIR,CANDIDATE,eb4b86cb8cbcdca780cf3bd4c5efd8a837bd4ed5a23b575dac77a0bb3e7d03e5,1,929,930,929,917,54.69987184368074,YES,selected
4e34c42c:o0:d012:flip_ud,0,/workspace/arc2/active_runs/eval60_v5_vs_greedy_4worker_v1/tmp/4e34c42c/d012/o00_g0.json,b28d038e74ea5912fe7160c83064ea31496b7ea84925a650c1d8d942f17d7ec6,FAST_PASS,CANDIDATE,eb4b86cb8cbcdca780cf3bd4c5efd8a837bd4ed5a23b575dac77a0bb3e7d03e5,1,929,930,929,915,55.01633512042463,YES,selected
4e34c42c:o0:d012:identity,0,/workspace/arc2/active_runs/eval60_v5_vs_greedy_4worker_v1/tmp/4e34c42c/d012/o00_g0.json,b28d038e74ea5912fe7160c83064ea31496b7ea84925a650c1d8d942f17d7ec6,HEAVY_REPAIR,CANDIDATE,eb4b86cb8cbcdca780cf3bd4c5efd8a837bd4ed5a23b575dac77a0bb3e7d03e5,2,1858,1859,1858,1845,109.63815300911665,YES,selected
4e34c42c:o0:d012:transpose,0,/workspace/arc2/active_runs/eval60_v5_vs_greedy_4worker_v1/tmp/4e34c42c/d012/o00_g1.json,4ec366cc990d7fe83bbf2a0750c73f61e55ed38f08546a405f837c78942f451e,FAST_PASS,CANDIDATE,eb4b86cb8cbcdca780cf3bd4c5efd8a837bd4ed5a23b575dac77a0bb3e7d03e5,1,929,930,929,913,54.83088559098542,YES,selected
4e34c42c:o0:d024:anti_transpose,0,/workspace/arc2/active_runs/eval60_v5_vs_greedy_4worker_v1/tmp/4e34c42c/d024/o00_g1.json,a0877c4704dc9b4468c53fb814b9d235c5ac48d9d54e37a766ecdd42d7e8a85d,HEAVY_REPAIR,CANDIDATE,424bf0c9b8605147bbc83d2c9b130dbc6c933ca77806a9d073ccc539fbc87aa9,3,2788,2789,2788,2778,164.23774941265583,YES,selected
4e34c42c:o0:d024:flip_ud,0,/workspace/arc2/active_runs/eval60_v5_vs_greedy_4worker_v1/tmp/4e34c42c/d024/o00_g0.json,300fc5582b2a2733e5b8615c96abc86c7dd2d6160b6ba67d9cfb5ec1bc9f80e4,HEAVY_REPAIR,CANDIDATE,424bf0c9b8605147bbc83d2c9b130dbc6c933ca77806a9d073ccc539fbc87aa9,2,1858,1859,1858,1842,109.33174917660654,YES,selected
4e34c42c:o0:d024:identity,0,/workspace/arc2/active_runs/eval60_v5_vs_greedy_4worker_v1/tmp/4e34c42c/d024/o00_g0.json,300fc5582b2a2733e5b8615c96abc86c7dd2d6160b6ba67d9cfb5ec1bc9f80e4,HEAVY_REPAIR,CANDIDATE,424bf0c9b8605147bbc83d2c9b130dbc6c933ca77806a9d073ccc539fbc87aa9,2,1846,1847,1846,1830,108.61818338371813,YES,selected
4e34c42c:o0:d024:transpose,0,/workspace/arc2/active_runs/eval60_v5_vs_greedy_4worker_v1/tmp/4e34c42c/d024/o00_g1.json,a0877c4704dc9b4468c53fb814b9d235c5ac48d9d54e37a766ecdd42d7e8a85d,FAST_PASS,CANDIDATE,424bf0c9b8605147bbc83d2c9b130dbc6c933ca77806a9d073ccc539fbc87aa9,1,869,870,869,858,51.264097502455115,YES,selected
4e34c42c:o0:d048:anti_transpose,0,/workspace/arc2/active_runs/eval60_v5_vs_greedy_4worker_v1/tmp/4e34c42c/d048/o00_g1.json,585c59af80f5cfc743aafe78d7f956e356097b1dcf9997f5d01e7a20834b3b8a,HEAVY_REPAIR,CANDIDATE,b09855ad735d6dae3d057d5b17d0868280049b21b9b2a54b6dd0416b766c2cac,2,1673,1674,1673,1662,98.54934024438262,YES,selected
4e34c42c:o0:d048:flip_ud,0,/workspace/arc2/active_runs/eval60_v5_vs_greedy_4worker_v1/tmp/4e34c42c/d048/o00_g0.json,91cb8d2b5779b12177835eb1aa6eac1b54a616fe120a6fb5291b1a560e369ffc,FAST_PASS,CANDIDATE,b09855ad735d6dae3d057d5b17d0868280049b21b9b2a54b6dd0416b766c2cac,2,1437,1438,1437,1407,85.13964847289026,YES,selected
4e34c42c:o0:d048:identity,0,/workspace/arc2/active_runs/eval60_v5_vs_greedy_4worker_v1/tmp/4e34c42c/d048/o00_g0.json,91cb8d2b5779b12177835eb1aa6eac1b54a616fe120a6fb5291b1a560e369ffc,HEAVY_REPAIR,CANDIDATE,b09855ad735d6dae3d057d5b17d0868280049b21b9b2a54b6dd0416b766c2cac,2,1612,1613,1612,1600,94.94749340415001,YES,selected
4e34c42c:o0:d048:transpose,0,/workspace/arc2/active_runs/eval60_v5_vs_greedy_4worker_v1/tmp/4e34c42c/d048/o00_g1.json,585c59af80f5cfc743aafe78d7f956e356097b1dcf9997f5d01e7a20834b3b8a,FAST_PASS,CANDIDATE,b09855ad735d6dae3d057d5b17d0868280049b21b9b2a54b6dd0416b766c2cac,3,2183,2184,2183,2164,127.62812590971589,YES,selected
4e34c42c:o1:d012:anti_transpose,0,/workspace/arc2/active_runs/eval60_v5_vs_greedy_4worker_v1/tmp/4e34c42c/d012/o01_g1.json,73fad12d24f53bf87fb3507cf187c3bb49830ee38ff38af15e669f6e5ee6a68e,FAST_PASS,CANDIDATE,eb4b86cb8cbcdca780cf3bd4c5efd8a837bd4ed5a23b575dac77a0bb3e7d03e5,2,1858,1859,1858,1848,109.79845230095088,YES,selected
4e34c42c:o1:d012:flip_ud,0,/workspace/arc2/active_runs/eval60_v5_vs_greedy_4worker_v1/tmp/4e34c42c/d012/o01_g0.json,33f564ea6a5dec6c366851a7427b34a00098c2c95692deeac7553debeb95f25f,FAST_PASS,CANDIDATE,eb4b86cb8cbcdca780cf3bd4c5efd8a837bd4ed5a23b575dac77a0bb3e7d03e5,1,251,252,251,236,15.034303724765778,YES,selected
4e34c42c:o1:d012:identity,0,/workspace/arc2/active_runs/eval60_v5_vs_greedy_4worker_v1/tmp/4e34c42c/d012/o01_g0.json,33f564ea6a5dec6c366851a7427b34a00098c2c95692deeac7553debeb95f25f,FAST_PASS,CANDIDATE,eb4b86cb8cbcdca780cf3bd4c5efd8a837bd4ed5a23b575dac77a0bb3e7d03e5,2,1858,1859,1858,1823,108.20061462558806,YES,selected
4e34c42c:o1:d012:transpose,0,/workspace/arc2/active_runs/eval60_v5_vs_greedy_4worker_v1/tmp/4e34c42c/d012/o01_g1.json,73fad12d24f53bf87fb3507cf187c3bb49830ee38ff38af15e669f6e5ee6a68e,HEAVY_REPAIR,CANDIDATE,eb4b86cb8cbcdca780cf3bd4c5efd8a837bd4ed5a23b575dac77a0bb3e7d03e5,3,2787,2788,2787,2776,163.4068921841681,YES,selected
4e34c42c:o1:d024:anti_transpose,0,/workspace/arc2/active_runs/eval60_v5_vs_greedy_4worker_v1/tmp/4e34c42c/d024/o01_g1.json,b8898d4b6a4cc16a07aea3992c206d3771b072f217e34c3466ccc84d7f4469bd,HEAVY_REPAIR,CANDIDATE,424bf0c9b8605147bbc83d2c9b130dbc6c933ca77806a9d073ccc539fbc87aa9,2,1288,1289,1288,1278,75.89773899130523,YES,selected
4e34c42c:o1:d024:flip_ud,0,/workspace/arc2/active_runs/eval60_v5_vs_greedy_4worker_v1/tmp/4e34c42c/d024/o01_g0.json,a4217013899128b98a2ebf41e4c7f0519e6f246db5ebd376f41125652998610a,FAST_PASS,CANDIDATE,424bf0c9b8605147bbc83d2c9b130dbc6c933ca77806a9d073ccc539fbc87aa9,2,369,370,369,357,22.596557408571243,YES,selected
4e34c42c:o1:d024:identity,0,/workspace/arc2/active_runs/eval60_v5_vs_greedy_4worker_v1/tmp/4e34c42c/d024/o01_g0.json,a4217013899128b98a2ebf41e4c7f0519e6f246db5ebd376f41125652998610a,FAST_PASS,CANDIDATE,424bf0c9b8605147bbc83d2c9b130dbc6c933ca77806a9d073ccc539fbc87aa9,2,1858,1859,1858,1840,111.1026820987463,YES,selected
4e34c42c:o1:d024:transpose,0,/workspace/arc2/active_runs/eval60_v5_vs_greedy_4worker_v1/tmp/4e34c42c/d024/o01_g1.json,b8898d4b6a4cc16a07aea3992c206d3771b072f217e34c3466ccc84d7f4469bd,FAST_PASS,CANDIDATE,424bf0c9b8605147bbc83d2c9b130dbc6c933ca77806a9d073ccc539fbc87aa9,2,1280,1281,1280,1268,75.8721961826086,YES,selected
4e34c42c:o1:d048:anti_transpose,0,/workspace/arc2/active_runs/eval60_v5_vs_greedy_4worker_v1/tmp/4e34c42c/d048/o01_g1.json,d15f20afb63996b1184bd9563cb4684574acaea6e6b9f0fdf0fe205b4872446c,FAST_PASS,CANDIDATE,b09855ad735d6dae3d057d5b17d0868280049b21b9b2a54b6dd0416b766c2cac,3,1937,1938,1937,1873,111.79553087055683,YES,selected
4e34c42c:o1:d048:flip_ud,0,/workspace/arc2/active_runs/eval60_v5_vs_greedy_4worker_v1/tmp/4e34c42c/d048/o01_g0.json,7435ea83f33524bec1d6bd068601daba0b440eed4311a3e1a73a1c75640780df,HEAVY_REPAIR,CANDIDATE,b09855ad735d6dae3d057d5b17d0868280049b21b9b2a54b6dd0416b766c2cac,1,929,930,929,911,54.88192478381097,YES,selected
4e34c42c:o1:d048:identity,0,/workspace/arc2/active_runs/eval60_v5_vs_greedy_4worker_v1/tmp/4e34c42c/d048/o01_g0.json,7435ea83f33524bec1d6bd068601daba0b440eed4311a3e1a73a1c75640780df,HEAVY_REPAIR,CANDIDATE,b09855ad735d6dae3d057d5b17d0868280049b21b9b2a54b6dd0416b766c2cac,2,1113,1114,1113,1056,66.03024955838919,YES,selected
4e34c42c:o1:d048:transpose,0,/workspace/arc2/active_runs/eval60_v5_vs_greedy_4worker_v1/tmp/4e34c42c/d048/o01_g1.json,d15f20afb63996b1184bd9563cb4684574acaea6e6b9f0fdf0fe205b4872446c,FAST_PASS,CANDIDATE,b09855ad735d6dae3d057d5b17d0868280049b21b9b2a54b6dd0416b766c2cac,3,867,868,867,835,51.37122507765889,YES,selected
53fb4810:o0:d012:anti_transpose,0,/workspace/arc2/active_runs/eval60_v5_vs_greedy_4worker_v1/tmp/53fb4810/d012/o00_g1.json,ec55e5f47dea8b7a82161f3632cf129ececeb873d66fef69dc937f7fbf54b705,FAST_PASS,CANDIDATE,3173f01300cbefe929e034bb97dd30672822e3e55ec82cd8ee9ec6a0dac10c97,1,467,468,467,0,27.719604037702084,YES,selected
53fb4810:o0:d012:flip_ud,0,/workspace/arc2/active_runs/eval60_v5_vs_greedy_4worker_v1/tmp/53fb4810/d012/o00_g0.json,030d4567b9fd0f8ac8fc72b6cb92888d5d2462f07797333ed4666fead85eb5f0,FAST_PASS,CANDIDATE,3173f01300cbefe929e034bb97dd30672822e3e55ec82cd8ee9ec6a0dac10c97,1,474,475,474,0,28.70472751930356,YES,selected
53fb4810:o0:d012:identity,0,/workspace/arc2/active_runs/eval60_v5_vs_greedy_4worker_v1/tmp/53fb4810/d012/o00_g0.json,030d4567b9fd0f8ac8fc72b6cb92888d5d2462f07797333ed4666fead85eb5f0,FAST_PASS,CANDIDATE,3173f01300cbefe929e034bb97dd30672822e3e55ec82cd8ee9ec6a0dac10c97,2,920,921,920,0,54.84824095852673,YES,selected
53fb4810:o0:d012:transpose,0,/workspace/arc2/active_runs/eval60_v5_vs_greedy_4worker_v1/tmp/53fb4810/d012/o00_g1.json,ec55e5f47dea8b7a82161f3632cf129ececeb873d66fef69dc937f7fbf54b705,FAST_PASS,CANDIDATE,3173f01300cbefe929e034bb97dd30672822e3e55ec82cd8ee9ec6a0dac10c97,2,700,701,700,0,41.56052547879517,YES,selected
53fb4810:o0:d024:anti_transpose,0,/workspace/arc2/active_runs/eval60_v5_vs_greedy_4worker_v1/tmp/53fb4810/d024/o00_g1.json,5e73eaaf511548e2f89925223b8ef39deacb96bbaa15d63ffc12df8b510316b1,FAST_PASS,CANDIDATE,443a90643fc44538eda0e744ff80294f74099ed02cb1a8f5de2bdcb2ec16bf48,2,882,883,882,0,52.82402351871133,YES,selected
53fb4810:o0:d024:flip_ud,0,/workspace/arc2/active_runs/eval60_v5_vs_greedy_4worker_v1/tmp/53fb4810/d024/o00_g0.json,1ed16638f92a4afb643c7ea771f40739cc35d8fb4111a0eeccf02fd02956a9c4,HEAVY_REPAIR,CANDIDATE,443a90643fc44538eda0e744ff80294f74099ed02cb1a8f5de2bdcb2ec16bf48,1,474,475,474,0,27.829632563516498,YES,selected
53fb4810:o0:d024:identity,0,/workspace/arc2/active_runs/eval60_v5_vs_greedy_4worker_v1/tmp/53fb4810/d024/o00_g0.json,1ed16638f92a4afb643c7ea771f40739cc35d8fb4111a0eeccf02fd02956a9c4,FAST_PASS,CANDIDATE,443a90643fc44538eda0e744ff80294f74099ed02cb1a8f5de2bdcb2ec16bf48,1,474,475,474,0,28.758289547637105,YES,selected
53fb4810:o0:d024:transpose,0,/workspace/arc2/active_runs/eval60_v5_vs_greedy_4worker_v1/tmp/53fb4810/d024/o00_g1.json,5e73eaaf511548e2f89925223b8ef39deacb96bbaa15d63ffc12df8b510316b1,FAST_PASS,CANDIDATE,443a90643fc44538eda0e744ff80294f74099ed02cb1a8f5de2bdcb2ec16bf48,3,779,780,779,80,46.9832036588341,YES,selected
53fb4810:o0:d048:anti_transpose,0,/workspace/arc2/active_runs/eval60_v5_vs_greedy_4worker_v1/tmp/53fb4810/d048/o00_g1.json,36e2dbf4dcce32c0bab7a1ed9046cccfe4e96b881b443c9260dc4c0e724b473d,FAST_PASS,CANDIDATE,89bd775e4f6e810b4cf3f37b534c6c1682ae2847f5e36c96f183d10f2d1f0928,2,882,883,882,0,52.59245226345956,YES,selected
53fb4810:o0:d048:identity,0,/workspace/arc2/active_runs/eval60_v5_vs_greedy_4worker_v1/tmp/53fb4810/d048/o00_g0.json,68e4a3cf02826159279eab009612c3a7d64ab07121ffdb929748f35dca4fc341,FAST_PASS,CANDIDATE,89bd775e4f6e810b4cf3f37b534c6c1682ae2847f5e36c96f183d10f2d1f0928,1,474,475,474,0,28.446259329095483,YES,selected
53fb4810:o0:d048:transpose,0,/workspace/arc2/active_runs/eval60_v5_vs_greedy_4worker_v1/tmp/53fb4810/d048/o00_g1.json,36e2dbf4dcce32c0bab7a1ed9046cccfe4e96b881b443c9260dc4c0e724b473d,FAST_PASS,CANDIDATE,89bd775e4f6e810b4cf3f37b534c6c1682ae2847f5e36c96f183d10f2d1f0928,1,467,468,467,0,28.018702978268266,YES,selected
58490d8a:o0:d012:anti_transpose,0,/workspace/arc2/active_runs/eval60_v5_vs_greedy_4worker_v1/tmp/58490d8a/d012/o00_g1.json,ce398d32757453289cb070bd569ce432bcb487e3d6e39ef1a990780c36ff9a77,FAST_PASS,CANDIDATE,435af7121a4ff843ee79e29fdaa4862d995004fc48897a2192fb96d2007e41e9,3,309,310,309,245,17.895879296585917,YES,selected
58490d8a:o0:d012:flip_ud,0,/workspace/arc2/active_runs/eval60_v5_vs_greedy_4worker_v1/tmp/58490d8a/d012/o00_g0.json,09ad798e1c73d8bffe87b2bdfa708b3a2ddc6bbdae9945807e1c32f5a657ca6c,HEAVY_REPAIR,CANDIDATE,435af7121a4ff843ee79e29fdaa4862d995004fc48897a2192fb96d2007e41e9,2,195,196,195,45,11.868435794487596,YES,selected
58490d8a:o0:d012:identity,0,/workspace/arc2/active_runs/eval60_v5_vs_greedy_4worker_v1/tmp/58490d8a/d012/o00_g0.json,09ad798e1c73d8bffe87b2bdfa708b3a2ddc6bbdae9945807e1c32f5a657ca6c,FAST_PASS,CANDIDATE,435af7121a4ff843ee79e29fdaa4862d995004fc48897a2192fb96d2007e41e9,2,123,124,123,0,7.346196509897709,YES,selected
58490d8a:o0:d012:transpose,0,/workspace/arc2/active_runs/eval60_v5_vs_greedy_4worker_v1/tmp/58490d8a/d012/o00_g1.json,ce398d32757453289cb070bd569ce432bcb487e3d6e39ef1a990780c36ff9a77,FAST_PASS,CANDIDATE,435af7121a4ff843ee79e29fdaa4862d995004fc48897a2192fb96d2007e41e9,1,109,110,109,0,6.5112562999129295,YES,selected
58490d8a:o0:d024:anti_transpose,0,/workspace/arc2/active_runs/eval60_v5_vs_greedy_4worker_v1/tmp/58490d8a/d024/o00_g1.json,fbc3e6b89a202007ca1a7d7ebd2be387f9bba736498cd5ddc752d42f9531c4fd,FAST_PASS,CANDIDATE,32356c70b961a12287634f2a899e5463ddb802ca78255845d13ee07595f2f5a8,2,207,208,207,134,12.742675796151161,YES,selected
58490d8a:o0:d024:flip_ud,0,/workspace/arc2/active_runs/eval60_v5_vs_greedy_4worker_v1/tmp/58490d8a/d024/o00_g0.json,71205756412714f396c78d840f61698050a9bd0c85550fed6e74f258d04d89ab,HEAVY_REPAIR,CANDIDATE,32356c70b961a12287634f2a899e5463ddb802ca78255845d13ee07595f2f5a8,2,173,174,173,21,10.538581332191825,YES,selected
58490d8a:o0:d024:identity,0,/workspace/arc2/active_runs/eval60_v5_vs_greedy_4worker_v1/tmp/58490d8a/d024/o00_g0.json,71205756412714f396c78d840f61698050a9bd0c85550fed6e74f258d04d89ab,FAST_PASS,CANDIDATE,32356c70b961a12287634f2a899e5463ddb802ca78255845d13ee07595f2f5a8,2,147,148,147,0,9.706601174548268,YES,selected
58490d8a:o0:d024:transpose,0,/workspace/arc2/active_runs/eval60_v5_vs_greedy_4worker_v1/tmp/58490d8a/d024/o00_g1.json,fbc3e6b89a202007ca1a7d7ebd2be387f9bba736498cd5ddc752d42f9531c4fd,FAST_PASS,CANDIDATE,32356c70b961a12287634f2a899e5463ddb802ca78255845d13ee07595f2f5a8,2,167,168,167,13,9.817341992631555,YES,selected
58490d8a:o0:d048:anti_transpose,0,/workspace/arc2/active_runs/eval60_v5_vs_greedy_4worker_v1/tmp/58490d8a/d048/o00_g1.json,0109c04b251f6cb60878331df8c6b4d86225c4c45a6cb3a89b8123242afb11fd,FAST_PASS,CANDIDATE,e81ee5e7432363f8881b5ab1f330fd38adea80373f6501d2b06487b6240ebfa2,3,285,286,285,114,16.63585769198835,YES,selected
58490d8a:o0:d048:flip_ud,0,/workspace/arc2/active_runs/eval60_v5_vs_greedy_4worker_v1/tmp/58490d8a/d048/o00_g0.json,4c4c6b96781badb21aca16e3f9024531c2ab3e632571f686746d5ae78237c886,FAST_PASS,CANDIDATE,e81ee5e7432363f8881b5ab1f330fd38adea80373f6501d2b06487b6240ebfa2,2,193,194,193,62,11.967683784663677,YES,selected
58490d8a:o0:d048:identity,0,/workspace/arc2/active_runs/eval60_v5_vs_greedy_4worker_v1/tmp/58490d8a/d048/o00_g0.json,4c4c6b96781badb21aca16e3f9024531c2ab3e632571f686746d5ae78237c886,FAST_PASS,CANDIDATE,e81ee5e7432363f8881b5ab1f330fd38adea80373f6501d2b06487b6240ebfa2,1,107,108,107,0,6.426870632916689,YES,selected
58490d8a:o0:d048:transpose,0,/workspace/arc2/active_runs/eval60_v5_vs_greedy_4worker_v1/tmp/58490d8a/d048/o00_g1.json,0109c04b251f6cb60878331df8c6b4d86225c4c45a6cb3a89b8123242afb11fd,HEAVY_REPAIR,CANDIDATE,e81ee5e7432363f8881b5ab1f330fd38adea80373f6501d2b06487b6240ebfa2,2,167,168,167,13,11.226574305444956,YES,selected
5dbc8537:o0:d012:anti_transpose,0,/workspace/arc2/active_runs/eval60_v5_vs_greedy_4worker_v1/tmp/5dbc8537/d012/o00_g1.json,60da26680054b077f2bf5c06d2f24e6e71e13de28b35e534d17d73a03d267e29,FAST_PASS,CANDIDATE,c275fc2fe176e50f89cf7fc30738a1b50f6e27c9fd97735e89a5523208424eec,1,274,275,274,256,16.407526141032577,YES,selected
5dbc8537:o0:d012:flip_ud,0,/workspace/arc2/active_runs/eval60_v5_vs_greedy_4worker_v1/tmp/5dbc8537/d012/o00_g0.json,911cbb6c2b288b5e613e32cb38ffeed3893ced66ca7c39f2587bd1b56a41e4ef,FAST_PASS,CANDIDATE,c275fc2fe176e50f89cf7fc30738a1b50f6e27c9fd97735e89a5523208424eec,1,259,260,259,205,15.40664011798799,YES,selected
5dbc8537:o0:d012:identity,0,/workspace/arc2/active_runs/eval60_v5_vs_greedy_4worker_v1/tmp/5dbc8537/d012/o00_g0.json,911cbb6c2b288b5e613e32cb38ffeed3893ced66ca7c39f2587bd1b56a41e4ef,FAST_PASS,CANDIDATE,c275fc2fe176e50f89cf7fc30738a1b50f6e27c9fd97735e89a5523208424eec,2,518,519,518,484,30.47428321093321,YES,selected
5dbc8537:o0:d012:transpose,0,/workspace/arc2/active_runs/eval60_v5_vs_greedy_4worker_v1/tmp/5dbc8537/d012/o00_g1.json,60da26680054b077f2bf5c06d2f24e6e71e13de28b35e534d17d73a03d267e29,FAST_PASS,CANDIDATE,c275fc2fe176e50f89cf7fc30738a1b50f6e27c9fd97735e89a5523208424eec,2,546,547,546,482,32.61572600528598,YES,selected
5dbc8537:o0:d024:anti_transpose,0,/workspace/arc2/active_runs/eval60_v5_vs_greedy_4worker_v1/tmp/5dbc8537/d024/o00_g1.json,11628d0904e3d3c4c8edce7971ce01f6975d10b9a55e5d9dcb14c796fe5b076d,FAST_PASS,CANDIDATE,8ad2b16120f9818869a6d2ef4d60c08a25a761a0c32f2ef9598ebee77c4eeef9,2,546,547,546,503,31.991835046559572,YES,selected
5dbc8537:o0:d024:flip_ud,0,/workspace/arc2/active_runs/eval60_v5_vs_greedy_4worker_v1/tmp/5dbc8537/d024/o00_g0.json,2b802cf78ff3b56ff3f3cc27b3b3bf9a5b1e657da1631e69ba7be00bca8b85ee,FAST_PASS,CANDIDATE,8ad2b16120f9818869a6d2ef4d60c08a25a761a0c32f2ef9598ebee77c4eeef9,2,492,493,492,399,29.14635333418846,YES,selected
5dbc8537:o0:d024:identity,0,/workspace/arc2/active_runs/eval60_v5_vs_greedy_4worker_v1/tmp/5dbc8537/d024/o00_g0.json,2b802cf78ff3b56ff3f3cc27b3b3bf9a5b1e657da1631e69ba7be00bca8b85ee,FAST_PASS,CANDIDATE,8ad2b16120f9818869a6d2ef4d60c08a25a761a0c32f2ef9598ebee77c4eeef9,1,259,260,259,221,15.555083716288209,YES,selected
5dbc8537:o0:d024:transpose,0,/workspace/arc2/active_runs/eval60_v5_vs_greedy_4worker_v1/tmp/5dbc8537/d024/o00_g1.json,11628d0904e3d3c4c8edce7971ce01f6975d10b9a55e5d9dcb14c796fe5b076d,FAST_PASS,CANDIDATE,8ad2b16120f9818869a6d2ef4d60c08a25a761a0c32f2ef9598ebee77c4eeef9,2,470,471,470,159,27.761027935892344,YES,selected
5dbc8537:o0:d048:anti_transpose,0,/workspace/arc2/active_runs/eval60_v5_vs_greedy_4worker_v1/tmp/5dbc8537/d048/o00_g1.json,6b950e0c4e5c559d74f8c81467c0e07f6c73b1222255db9929c55075e104766b,FAST_PASS,CANDIDATE,e848873041b5254ec44e068427e50bb5d07b3f131cae0191daaff88d01c91c52,2,546,547,546,502,32.20857645198703,YES,selected
5dbc8537:o0:d048:flip_ud,0,/workspace/arc2/active_runs/eval60_v5_vs_greedy_4worker_v1/tmp/5dbc8537/d048/o00_g0.json,7714e9c6560ed6d441f56ef24555c4f37df38ab4281a5ab8da3388c6dbe7dc62,FAST_PASS,CANDIDATE,e848873041b5254ec44e068427e50bb5d07b3f131cae0191daaff88d01c91c52,1,259,260,259,197,15.396220227703452,YES,selected
5dbc8537:o0:d048:identity,0,/workspace/arc2/active_runs/eval60_v5_vs_greedy_4worker_v1/tmp/5dbc8537/d048/o00_g0.json,7714e9c6560ed6d441f56ef24555c4f37df38ab4281a5ab8da3388c6dbe7dc62,FAST_PASS,CANDIDATE,e848873041b5254ec44e068427e50bb5d07b3f131cae0191daaff88d01c91c52,2,489,490,489,424,28.543951341882348,YES,selected
5dbc8537:o0:d048:transpose,0,/workspace/arc2/active_runs/eval60_v5_vs_greedy_4worker_v1/tmp/5dbc8537/d048/o00_g1.json,6b950e0c4e5c559d74f8c81467c0e07f6c73b1222255db9929c55075e104766b,FAST_PASS,CANDIDATE,e848873041b5254ec44e068427e50bb5d07b3f131cae0191daaff88d01c91c52,2,546,547,546,512,31.99744434095919,YES,selected
5dbc8537:o1:d012:anti_transpose,0,/workspace/arc2/active_runs/eval60_v5_vs_greedy_4worker_v1/tmp/5dbc8537/d012/o01_g1.json,f7956ba3b28029069c171c9e6d6fa4a8ebdb4b0763fefb22edf17fb70215463a,FAST_PASS,CANDIDATE,c275fc2fe176e50f89cf7fc30738a1b50f6e27c9fd97735e89a5523208424eec,1,167,168,167,113,10.15628027357161,YES,selected
5dbc8537:o1:d012:flip_ud,0,/workspace/arc2/active_runs/eval60_v5_vs_greedy_4worker_v1/tmp/5dbc8537/d012/o01_g0.json,6ebbbcd30996a6ac78a389c94dee3ccc1a24108e910fe107cef8626064b11809,FAST_PASS,CANDIDATE,c275fc2fe176e50f89cf7fc30738a1b50f6e27c9fd97735e89a5523208424eec,2,356,357,356,309,21.320325300097466,YES,selected
5dbc8537:o1:d012:identity,0,/workspace/arc2/active_runs/eval60_v5_vs_greedy_4worker_v1/tmp/5dbc8537/d012/o01_g0.json,6ebbbcd30996a6ac78a389c94dee3ccc1a24108e910fe107cef8626064b11809,FAST_PASS,CANDIDATE,c275fc2fe176e50f89cf7fc30738a1b50f6e27c9fd97735e89a5523208424eec,3,495,496,495,404,28.86934456974268,YES,selected
5dbc8537:o1:d012:transpose,0,/workspace/arc2/active_runs/eval60_v5_vs_greedy_4worker_v1/tmp/5dbc8537/d012/o01_g1.json,f7956ba3b28029069c171c9e6d6fa4a8ebdb4b0763fefb22edf17fb70215463a,FAST_PASS,CANDIDATE,c275fc2fe176e50f89cf7fc30738a1b50f6e27c9fd97735e89a5523208424eec,2,313,314,313,279,18.854912811890244,YES,selected
5dbc8537:o1:d024:anti_transpose,0,/workspace/arc2/active_runs/eval60_v5_vs_greedy_4worker_v1/tmp/5dbc8537/d024/o01_g1.json,ad9c6628636508e75fd5700a7c712d77f0b71603a0ec577810f69eb2d118b6ad,FAST_PASS,CANDIDATE,8ad2b16120f9818869a6d2ef4d60c08a25a761a0c32f2ef9598ebee77c4eeef9,2,276,277,276,203,16.70283007249236,YES,selected
5dbc8537:o1:d024:flip_ud,0,/workspace/arc2/active_runs/eval60_v5_vs_greedy_4worker_v1/tmp/5dbc8537/d024/o01_g0.json,efb19f1305d566eceb574acdfbad2761187773518c784d7179309270d5b2ab99,FAST_PASS,CANDIDATE,8ad2b16120f9818869a6d2ef4d60c08a25a761a0c32f2ef9598ebee77c4eeef9,2,356,357,356,315,21.017838528379798,YES,selected
5dbc8537:o1:d024:identity,0,/workspace/arc2/active_runs/eval60_v5_vs_greedy_4worker_v1/tmp/5dbc8537/d024/o01_g0.json,efb19f1305d566eceb574acdfbad2761187773518c784d7179309270d5b2ab99,FAST_PASS,CANDIDATE,8ad2b16120f9818869a6d2ef4d60c08a25a761a0c32f2ef9598ebee77c4eeef9,2,357,358,357,276,21.046914977952838,YES,selected
5dbc8537:o1:d024:transpose,0,/workspace/arc2/active_runs/eval60_v5_vs_greedy_4worker_v1/tmp/5dbc8537/d024/o01_g1.json,ad9c6628636508e75fd5700a7c712d77f0b71603a0ec577810f69eb2d118b6ad,FAST_PASS,CANDIDATE,8ad2b16120f9818869a6d2ef4d60c08a25a761a0c32f2ef9598ebee77c4eeef9,2,313,314,313,232,18.74520207196474,YES,selected
5dbc8537:o1:d048:anti_transpose,0,/workspace/arc2/active_runs/eval60_v5_vs_greedy_4worker_v1/tmp/5dbc8537/d048/o01_g1.json,c1726cbac2c60d9592b794760b2b08090585f56d8f96cfe93c0edf95c712bf5f,FAST_PASS,CANDIDATE,e848873041b5254ec44e068427e50bb5d07b3f131cae0191daaff88d01c91c52,2,299,300,299,223,17.610698778182268,YES,selected
5dbc8537:o1:d048:flip_ud,0,/workspace/arc2/active_runs/eval60_v5_vs_greedy_4worker_v1/tmp/5dbc8537/d048/o01_g0.json,8d82e790f9a049d7cf7bf3d5c336375a295f657b8e72958135d84804b8a8e885,FAST_PASS,CANDIDATE,e848873041b5254ec44e068427e50bb5d07b3f131cae0191daaff88d01c91c52,1,179,180,179,89,10.781488424167037,YES,selected
5dbc8537:o1:d048:identity,0,/workspace/arc2/active_runs/eval60_v5_vs_greedy_4worker_v1/tmp/5dbc8537/d048/o01_g0.json,8d82e790f9a049d7cf7bf3d5c336375a295f657b8e72958135d84804b8a8e885,FAST_PASS,CANDIDATE,e848873041b5254ec44e068427e50bb5d07b3f131cae0191daaff88d01c91c52,1,179,180,179,62,10.713097251951694,YES,selected
5dbc8537:o1:d048:transpose,0,/workspace/arc2/active_runs/eval60_v5_vs_greedy_4worker_v1/tmp/5dbc8537/d048/o01_g1.json,c1726cbac2c60d9592b794760b2b08090585f56d8f96cfe93c0edf95c712bf5f,FAST_PASS,CANDIDATE,e848873041b5254ec44e068427e50bb5d07b3f131cae0191daaff88d01c91c52,1,167,168,167,81,10.338888747617602,YES,selected
62593bfd:o0:d012:anti_transpose,0,/workspace/arc2/active_runs/eval60_v5_vs_greedy_4worker_v1/tmp/62593bfd/d012/o00_g1.json,c5d7f1679d2e6b93613cb0a6d88ecab5b7fe6dacfe74059bf5df5b0deadf3de4,HEAVY_REPAIR,CANDIDATE,861e62ac46aa3ee5782235624f63f933483af8d91984210e47cb18930ea41f3d,2,1272,1273,1272,788,75.90435346215963,YES,selected
62593bfd:o0:d012:flip_ud,0,/workspace/arc2/active_runs/eval60_v5_vs_greedy_4worker_v1/tmp/62593bfd/d012/o00_g0.json,841080bbdd1cc8fc45b653953c9a3727983cc234a0f8a73c8b328343e3f1b32f,HEAVY_REPAIR,CANDIDATE,861e62ac46aa3ee5782235624f63f933483af8d91984210e47cb18930ea41f3d,2,1285,1286,1285,631,76.39687502756715,YES,selected
62593bfd:o0:d012:identity,0,/workspace/arc2/active_runs/eval60_v5_vs_greedy_4worker_v1/tmp/62593bfd/d012/o00_g0.json,841080bbdd1cc8fc45b653953c9a3727983cc234a0f8a73c8b328343e3f1b32f,HEAVY_REPAIR,CANDIDATE,861e62ac46aa3ee5782235624f63f933483af8d91984210e47cb18930ea41f3d,2,1280,1281,1280,0,76.16326687298715,YES,selected
62593bfd:o0:d012:transpose,0,/workspace/arc2/active_runs/eval60_v5_vs_greedy_4worker_v1/tmp/62593bfd/d012/o00_g1.json,c5d7f1679d2e6b93613cb0a6d88ecab5b7fe6dacfe74059bf5df5b0deadf3de4,HEAVY_REPAIR,CANDIDATE,861e62ac46aa3ee5782235624f63f933483af8d91984210e47cb18930ea41f3d,2,1218,1219,1218,728,73.46940015628934,YES,selected
62593bfd:o0:d024:anti_transpose,0,/workspace/arc2/active_runs/eval60_v5_vs_greedy_4worker_v1/tmp/62593bfd/d024/o00_g1.json,f9a8272487cbb2f5fdeed7fd495b894273f193f2c16b541dc0b08798b435b98f,UNKNOWN,CANDIDATE,9f71e62198645cce5f8e86a0571ecb1fbf3445be9f9bfd0b20b108100290efa0,3,1820,1822,1820,963,52.64520128443837,YES,selected
62593bfd:o0:d024:flip_ud,0,/workspace/arc2/active_runs/eval60_v5_vs_greedy_4worker_v1/tmp/62593bfd/d024/o00_g0.json,81c1acc5c4a16fd5db3c587edaee41b2cb3534aaac1df4a30c15f5bfe9ad01e8,FAST_PASS,CANDIDATE,9f71e62198645cce5f8e86a0571ecb1fbf3445be9f9bfd0b20b108100290efa0,2,1285,1286,1285,0,77.53446489013731,YES,selected
62593bfd:o0:d024:identity,0,/workspace/arc2/active_runs/eval60_v5_vs_greedy_4worker_v1/tmp/62593bfd/d024/o00_g0.json,81c1acc5c4a16fd5db3c587edaee41b2cb3534aaac1df4a30c15f5bfe9ad01e8,HEAVY_REPAIR,CANDIDATE,9f71e62198645cce5f8e86a0571ecb1fbf3445be9f9bfd0b20b108100290efa0,1,649,650,649,0,38.99897985719144,YES,selected
62593bfd:o0:d024:transpose,0,/workspace/arc2/active_runs/eval60_v5_vs_greedy_4worker_v1/tmp/62593bfd/d024/o00_g1.json,f9a8272487cbb2f5fdeed7fd495b894273f193f2c16b541dc0b08798b435b98f,UNKNOWN,CANDIDATE,9f71e62198645cce5f8e86a0571ecb1fbf3445be9f9bfd0b20b108100290efa0,3,1820,1822,1820,1149,52.64520128443837,YES,selected
62593bfd:o0:d048:anti_transpose,0,/workspace/arc2/active_runs/eval60_v5_vs_greedy_4worker_v1/tmp/62593bfd/d048/o00_g1.json,57b12ad1788c9a6ba13db7e96e4c79636f2c4d14d3efc68d89ca6d025d3eff10,UNKNOWN,CANDIDATE,0062ca10b8e3e4676677798a0087c6bb3360904ab7816794b0646c8c1f65bdcb,2,1217,1219,1217,569,36.06553223822266,YES,selected
62593bfd:o0:d048:flip_ud,0,/workspace/arc2/active_runs/eval60_v5_vs_greedy_4worker_v1/tmp/62593bfd/d048/o00_g0.json,9f4ac41cdb994ddbd921f29eb091923528134ff031e99a3fe002f160648abb75,FAST_PASS,CANDIDATE,0062ca10b8e3e4676677798a0087c6bb3360904ab7816794b0646c8c1f65bdcb,1,649,650,649,0,39.49155233800411,YES,selected
62593bfd:o0:d048:identity,0,/workspace/arc2/active_runs/eval60_v5_vs_greedy_4worker_v1/tmp/62593bfd/d048/o00_g0.json,9f4ac41cdb994ddbd921f29eb091923528134ff031e99a3fe002f160648abb75,HEAVY_REPAIR,CANDIDATE,0062ca10b8e3e4676677798a0087c6bb3360904ab7816794b0646c8c1f65bdcb,2,1280,1281,1280,86,76.6169158667326,YES,selected
62593bfd:o0:d048:transpose,0,/workspace/arc2/active_runs/eval60_v5_vs_greedy_4worker_v1/tmp/62593bfd/d048/o00_g1.json,57b12ad1788c9a6ba13db7e96e4c79636f2c4d14d3efc68d89ca6d025d3eff10,UNKNOWN,CANDIDATE,0062ca10b8e3e4676677798a0087c6bb3360904ab7816794b0646c8c1f65bdcb,2,1218,1219,1218,499,36.06553223822266,YES,selected
62593bfd:o1:d012:anti_transpose,0,/workspace/arc2/active_runs/eval60_v5_vs_greedy_4worker_v1/tmp/62593bfd/d012/o01_g1.json,2906b30f04d57cfef73f07d9f38081fd70ab1060d8445a9aae8c8fdfd2952540,HEAVY_REPAIR,CANDIDATE,861e62ac46aa3ee5782235624f63f933483af8d91984210e47cb18930ea41f3d,4,2028,2029,2028,1558,121.73408396542072,YES,selected
62593bfd:o1:d012:flip_ud,0,/workspace/arc2/active_runs/eval60_v5_vs_greedy_4worker_v1/tmp/62593bfd/d012/o01_g0.json,8d033d4d67a19e1c1090a79f7ddec07af02f5475038ca14ce2fb96977bdfad62,HEAVY_REPAIR,CANDIDATE,861e62ac46aa3ee5782235624f63f933483af8d91984210e47cb18930ea41f3d,3,1643,1644,1643,1596,98.01696189679205,YES,selected
62593bfd:o1:d012:identity,0,/workspace/arc2/active_runs/eval60_v5_vs_greedy_4worker_v1/tmp/62593bfd/d012/o01_g0.json,8d033d4d67a19e1c1090a79f7ddec07af02f5475038ca14ce2fb96977bdfad62,FAST_PASS,CANDIDATE,861e62ac46aa3ee5782235624f63f933483af8d91984210e47cb18930ea41f3d,2,1094,1095,1094,529,64.99046969600022,YES,selected
62593bfd:o1:d012:transpose,0,/workspace/arc2/active_runs/eval60_v5_vs_greedy_4worker_v1/tmp/62593bfd/d012/o01_g1.json,2906b30f04d57cfef73f07d9f38081fd70ab1060d8445a9aae8c8fdfd2952540,HEAVY_REPAIR,CANDIDATE,861e62ac46aa3ee5782235624f63f933483af8d91984210e47cb18930ea41f3d,3,1575,1576,1575,1020,95.69892213493586,YES,selected
62593bfd:o1:d024:anti_transpose,0,/workspace/arc2/active_runs/eval60_v5_vs_greedy_4worker_v1/tmp/62593bfd/d024/o01_g1.json,fd6ac01d84fb58ce21caaab7ca51598c7cb7d928e452ea7bb953368ae35b6e69,UNKNOWN,CANDIDATE,9f71e62198645cce5f8e86a0571ecb1fbf3445be9f9bfd0b20b108100290efa0,4,2077,2079,2077,1763,59.70646485313773,YES,selected
62593bfd:o1:d024:flip_ud,0,/workspace/arc2/active_runs/eval60_v5_vs_greedy_4worker_v1/tmp/62593bfd/d024/o01_g0.json,a08573bf1ab850ea97a397fa802019e1ed6272d8dc8545e8bcbad87146e81c33,UNKNOWN,CANDIDATE,9f71e62198645cce5f8e86a0571ecb1fbf3445be9f9bfd0b20b108100290efa0,3,1643,1644,1643,1603,47.62913342565298,YES,selected
62593bfd:o1:d024:identity,0,/workspace/arc2/active_runs/eval60_v5_vs_greedy_4worker_v1/tmp/62593bfd/d024/o01_g0.json,a08573bf1ab850ea97a397fa802019e1ed6272d8dc8545e8bcbad87146e81c33,UNKNOWN,CANDIDATE,9f71e62198645cce5f8e86a0571ecb1fbf3445be9f9bfd0b20b108100290efa0,3,1642,1644,1642,1078,47.62913342565298,YES,selected
62593bfd:o1:d024:transpose,0,/workspace/arc2/active_runs/eval60_v5_vs_greedy_4worker_v1/tmp/62593bfd/d024/o01_g1.json,fd6ac01d84fb58ce21caaab7ca51598c7cb7d928e452ea7bb953368ae35b6e69,UNKNOWN,CANDIDATE,9f71e62198645cce5f8e86a0571ecb1fbf3445be9f9bfd0b20b108100290efa0,4,2076,2079,2076,1501,59.70646485313773,YES,selected
62593bfd:o1:d048:anti_transpose,0,/workspace/arc2/active_runs/eval60_v5_vs_greedy_4worker_v1/tmp/62593bfd/d048/o01_g1.json,4c2c05142ff216335e046f91e0c31a879838b0e15fb2a00675716b4bd0e8020b,FAST_PASS,CANDIDATE,0062ca10b8e3e4676677798a0087c6bb3360904ab7816794b0646c8c1f65bdcb,3,1505,1506,1505,966,89.55548722669482,YES,selected
62593bfd:o1:d048:flip_ud,0,/workspace/arc2/active_runs/eval60_v5_vs_greedy_4worker_v1/tmp/62593bfd/d048/o01_g0.json,6ed4a8030aeb2d14e6f6885ba6f866bae234bd13fa387d4fd7a4d27d80877437,HEAVY_REPAIR,CANDIDATE,0062ca10b8e3e4676677798a0087c6bb3360904ab7816794b0646c8c1f65bdcb,1,550,551,550,0,32.96299308538437,YES,selected
62593bfd:o1:d048:identity,0,/workspace/arc2/active_runs/eval60_v5_vs_greedy_4worker_v1/tmp/62593bfd/d048/o01_g0.json,6ed4a8030aeb2d14e6f6885ba6f866bae234bd13fa387d4fd7a4d27d80877437,HEAVY_REPAIR,CANDIDATE,0062ca10b8e3e4676677798a0087c6bb3360904ab7816794b0646c8c1f65bdcb,2,1078,1079,1078,0,64.21150872297585,YES,selected
62593bfd:o1:d048:transpose,0,/workspace/arc2/active_runs/eval60_v5_vs_greedy_4worker_v1/tmp/62593bfd/d048/o01_g1.json,4c2c05142ff216335e046f91e0c31a879838b0e15fb2a00675716b4bd0e8020b,HEAVY_REPAIR,CANDIDATE,0062ca10b8e3e4676677798a0087c6bb3360904ab7816794b0646c8c1f65bdcb,2,1037,1038,1037,184,61.76140989176929,YES,selected
64efde09:o0:d012:anti_transpose,0,/workspace/arc2/active_runs/eval60_v5_vs_greedy_4worker_v1/tmp/64efde09/d012/o00_g1.json,a6975834fc9bea81b5e35c9589a98b7231e2cc59201500706053a0ed62fb8c0b,UNKNOWN,CANDIDATE,6bd126b15c2ac197ed9f1bc389c6d46a6a63aab3e6cb245f6b126cf5749ee2e2,2,1736,1737,1736,1723,51.06112514063716,YES,selected
64efde09:o0:d012:flip_ud,0,/workspace/arc2/active_runs/eval60_v5_vs_greedy_4worker_v1/tmp/64efde09/d012/o00_g0.json,f9302fd11a204e12e95f67320c4367d256d878af4dfe9473637256fd948c281f,FAST_PASS,CANDIDATE,6bd126b15c2ac197ed9f1bc389c6d46a6a63aab3e6cb245f6b126cf5749ee2e2,1,869,870,869,840,53.440519047901034,YES,selected
64efde09:o0:d012:identity,0,/workspace/arc2/active_runs/eval60_v5_vs_greedy_4worker_v1/tmp/64efde09/d012/o00_g0.json,f9302fd11a204e12e95f67320c4367d256d878af4dfe9473637256fd948c281f,FAST_PASS,CANDIDATE,6bd126b15c2ac197ed9f1bc389c6d46a6a63aab3e6cb245f6b126cf5749ee2e2,2,1715,1716,1715,1511,102.8233318515122,YES,selected
64efde09:o0:d012:transpose,0,/workspace/arc2/active_runs/eval60_v5_vs_greedy_4worker_v1/tmp/64efde09/d012/o00_g1.json,a6975834fc9bea81b5e35c9589a98b7231e2cc59201500706053a0ed62fb8c0b,UNKNOWN,CANDIDATE,6bd126b15c2ac197ed9f1bc389c6d46a6a63aab3e6cb245f6b126cf5749ee2e2,2,1736,1737,1736,1731,51.06112514063716,YES,selected
64efde09:o0:d024:anti_transpose,0,/workspace/arc2/active_runs/eval60_v5_vs_greedy_4worker_v1/tmp/64efde09/d024/o00_g1.json,a735d52414aebe05bde759fedff179ce16d2cfd4495ea3cd95af9046b35a592d,FAST_PASS,CANDIDATE,df725c7005673a98c35c5715cc7488def52cbb5f4c30a03fc22ee3980d53aef8,3,2603,2604,2603,2591,157.0794334486127,YES,selected
64efde09:o0:d024:flip_ud,0,/workspace/arc2/active_runs/eval60_v5_vs_greedy_4worker_v1/tmp/64efde09/d024/o00_g0.json,1ca1b3a60ed03da9f762563a7c553707483635b2ae8682cb54f95d8dae4f9cbe,FAST_PASS,CANDIDATE,df725c7005673a98c35c5715cc7488def52cbb5f4c30a03fc22ee3980d53aef8,2,1719,1720,1719,1696,104.54833059199154,YES,selected
64efde09:o0:d024:identity,0,/workspace/arc2/active_runs/eval60_v5_vs_greedy_4worker_v1/tmp/64efde09/d024/o00_g0.json,1ca1b3a60ed03da9f762563a7c553707483635b2ae8682cb54f95d8dae4f9cbe,FAST_PASS,CANDIDATE,df725c7005673a98c35c5715cc7488def52cbb5f4c30a03fc22ee3980d53aef8,2,1719,1720,1719,849,105.60879311524332,YES,selected
64efde09:o0:d024:transpose,0,/workspace/arc2/active_runs/eval60_v5_vs_greedy_4worker_v1/tmp/64efde09/d024/o00_g1.json,a735d52414aebe05bde759fedff179ce16d2cfd4495ea3cd95af9046b35a592d,FAST_PASS,CANDIDATE,df725c7005673a98c35c5715cc7488def52cbb5f4c30a03fc22ee3980d53aef8,2,1736,1737,1736,1048,105.12358008511364,YES,selected
64efde09:o0:d048:anti_transpose,0,/workspace/arc2/active_runs/eval60_v5_vs_greedy_4worker_v1/tmp/64efde09/d048/o00_g1.json,586755981f3437bed2532dc5adda2038b2069ff05658ae07e7bfa9a956e2c9ac,UNKNOWN,CANDIDATE,ad653401ae7a020459344aae9740d570008c03085bcdc2c5846bbd2e8d34c36b,4,3451,3453,3451,3310,99.01704802550375,YES,selected
64efde09:o0:d048:flip_ud,0,/workspace/arc2/active_runs/eval60_v5_vs_greedy_4worker_v1/tmp/64efde09/d048/o00_g0.json,c1f13b19e99a0bd449e91fdf718d01e82ca57ac3e31a0f32ddfaaadb7f4cab65,FAST_PASS,CANDIDATE,ad653401ae7a020459344aae9740d570008c03085bcdc2c5846bbd2e8d34c36b,2,1713,1714,1713,840,104.52391110360622,YES,selected
64efde09:o0:d048:identity,0,/workspace/arc2/active_runs/eval60_v5_vs_greedy_4worker_v1/tmp/64efde09/d048/o00_g0.json,c1f13b19e99a0bd449e91fdf718d01e82ca57ac3e31a0f32ddfaaadb7f4cab65,FAST_PASS,CANDIDATE,ad653401ae7a020459344aae9740d570008c03085bcdc2c5846bbd2e8d34c36b,2,1678,1679,1678,879,102.33363418839872,YES,selected
64efde09:o0:d048:transpose,0,/workspace/arc2/active_runs/eval60_v5_vs_greedy_4worker_v1/tmp/64efde09/d048/o00_g1.json,586755981f3437bed2532dc5adda2038b2069ff05658ae07e7bfa9a956e2c9ac,UNKNOWN,CANDIDATE,ad653401ae7a020459344aae9740d570008c03085bcdc2c5846bbd2e8d34c36b,4,3450,3453,3450,2583,99.01704802550375,YES,selected
67e490f4:o0:d012:anti_transpose,0,/workspace/arc2/active_runs/eval60_v5_vs_greedy_4worker_v1/tmp/67e490f4/d012/o00_g1.json,6f29762bd38f1b17c231424dc379ec24316c1adb18b7b23346e627f0395ecc62,FAST_PASS,CANDIDATE,c6ced99e3b0c75c60d1fa2d23d1a84d099fd0879915fca72b927c154ec4650e0,2,469,470,469,268,28.038747990503907,YES,selected
67e490f4:o0:d012:flip_ud,0,/workspace/arc2/active_runs/eval60_v5_vs_greedy_4worker_v1/tmp/67e490f4/d012/o00_g0.json,65e19b7c4362e79737d3b3459a709a88328775da7e26ca789264d5da85cbcc43,HEAVY_REPAIR,CANDIDATE,c6ced99e3b0c75c60d1fa2d23d1a84d099fd0879915fca72b927c154ec4650e0,3,579,580,579,530,34.31850403174758,YES,selected
67e490f4:o0:d012:identity,0,/workspace/arc2/active_runs/eval60_v5_vs_greedy_4worker_v1/tmp/67e490f4/d012/o00_g0.json,65e19b7c4362e79737d3b3459a709a88328775da7e26ca789264d5da85cbcc43,FAST_PASS,CANDIDATE,c6ced99e3b0c75c60d1fa2d23d1a84d099fd0879915fca72b927c154ec4650e0,3,579,580,579,501,34.50977389700711,YES,selected
67e490f4:o0:d012:transpose,0,/workspace/arc2/active_runs/eval60_v5_vs_greedy_4worker_v1/tmp/67e490f4/d012/o00_g1.json,6f29762bd38f1b17c231424dc379ec24316c1adb18b7b23346e627f0395ecc62,HEAVY_REPAIR,CANDIDATE,c6ced99e3b0c75c60d1fa2d23d1a84d099fd0879915fca72b927c154ec4650e0,2,363,364,363,0,21.95797478593886,YES,selected
67e490f4:o0:d024:anti_transpose,0,/workspace/arc2/active_runs/eval60_v5_vs_greedy_4worker_v1/tmp/67e490f4/d024/o00_g1.json,1d8756418ace7afe3306937e6c7ed475716516b656254aed1c64ab81bdd378d0,HEAVY_REPAIR,CANDIDATE,2ca0011864f1269f4a815db0b3bcea212ff13deb152f76a2a0e12cc993caa621,1,239,240,239,0,14.378579005599022,YES,selected
67e490f4:o0:d024:flip_ud,0,/workspace/arc2/active_runs/eval60_v5_vs_greedy_4worker_v1/tmp/67e490f4/d024/o00_g0.json,04133e8aefe9d16c22615e9363f6e52bedd4a8c49c4c1a71a8ddbe695adf6f30,FAST_PASS,CANDIDATE,2ca0011864f1269f4a815db0b3bcea212ff13deb152f76a2a0e12cc993caa621,3,575,576,575,476,34.5626544393599,YES,selected
67e490f4:o0:d024:identity,0,/workspace/arc2/active_runs/eval60_v5_vs_greedy_4worker_v1/tmp/67e490f4/d024/o00_g0.json,04133e8aefe9d16c22615e9363f6e52bedd4a8c49c4c1a71a8ddbe695adf6f30,HEAVY_REPAIR,CANDIDATE,2ca0011864f1269f4a815db0b3bcea212ff13deb152f76a2a0e12cc993caa621,2,400,401,400,302,23.739589907228947,YES,selected
67e490f4:o0:d024:transpose,0,/workspace/arc2/active_runs/eval60_v5_vs_greedy_4worker_v1/tmp/67e490f4/d024/o00_g1.json,1d8756418ace7afe3306937e6c7ed475716516b656254aed1c64ab81bdd378d0,FAST_PASS,CANDIDATE,2ca0011864f1269f4a815db0b3bcea212ff13deb152f76a2a0e12cc993caa621,2,373,374,373,47,21.945790607482195,YES,selected
67e490f4:o0:d048:anti_transpose,0,/workspace/arc2/active_runs/eval60_v5_vs_greedy_4worker_v1/tmp/67e490f4/d048/o00_g1.json,bd923ea8729f7de8fbc692e79d2df680adebac0fee2fa13fcab331517b87c1e5,FAST_PASS,CANDIDATE,5c6ada7ae1248542cb4995c07d359c9c6b299385e11b911a466d6eef7a0498c5,2,469,470,469,302,27.82449427060783,YES,selected
67e490f4:o0:d048:flip_ud,0,/workspace/arc2/active_runs/eval60_v5_vs_greedy_4worker_v1/tmp/67e490f4/d048/o00_g0.json,a6b6fa17a88b8740d4062f85a218fafcad33ed68248b61bda7a35f5c86908673,FAST_PASS,CANDIDATE,5c6ada7ae1248542cb4995c07d359c9c6b299385e11b911a466d6eef7a0498c5,2,400,401,400,352,23.78386743925512,YES,selected
67e490f4:o0:d048:identity,0,/workspace/arc2/active_runs/eval60_v5_vs_greedy_4worker_v1/tmp/67e490f4/d048/o00_g0.json,a6b6fa17a88b8740d4062f85a218fafcad33ed68248b61bda7a35f5c86908673,FAST_PASS,CANDIDATE,5c6ada7ae1248542cb4995c07d359c9c6b299385e11b911a466d6eef7a0498c5,2,360,361,360,346,21.573414478451014,YES,selected
67e490f4:o0:d048:transpose,0,/workspace/arc2/active_runs/eval60_v5_vs_greedy_4worker_v1/tmp/67e490f4/d048/o00_g1.json,bd923ea8729f7de8fbc692e79d2df680adebac0fee2fa13fcab331517b87c1e5,HEAVY_REPAIR,CANDIDATE,5c6ada7ae1248542cb4995c07d359c9c6b299385e11b911a466d6eef7a0498c5,2,461,462,461,326,27.74559814669192,YES,selected
6ffbe589:o0:d012:anti_transpose,0,/workspace/arc2/active_runs/eval60_v5_vs_greedy_4worker_v1/raw/task_depth/6ffbe589/d012.parquet,99402a4a0d4413d4688c25900e6aa86386d72c288d3678ed2d7bf12137fec0dc,UNKNOWN,CANDIDATE,9e5c7cb1de0a8d093856226a1b4ca2aa96abd6405f7326083635a70cd93bf4c8,9,1103,1112,1103,1107,70.91638889722526,YES,selected
6ffbe589:o0:d012:flip_ud,0,/workspace/arc2/active_runs/eval60_v5_vs_greedy_4worker_v1/raw/task_depth/6ffbe589/d012.parquet,99402a4a0d4413d4688c25900e6aa86386d72c288d3678ed2d7bf12137fec0dc,UNKNOWN,CANDIDATE,9e5c7cb1de0a8d093856226a1b4ca2aa96abd6405f7326083635a70cd93bf4c8,13,2775,2787,2775,2784,162.5951097216457,YES,selected
6ffbe589:o0:d012:identity,0,/workspace/arc2/active_runs/eval60_v5_vs_greedy_4worker_v1/raw/task_depth/6ffbe589/d012.parquet,99402a4a0d4413d4688c25900e6aa86386d72c288d3678ed2d7bf12137fec0dc,UNKNOWN,CANDIDATE,9e5c7cb1de0a8d093856226a1b4ca2aa96abd6405f7326083635a70cd93bf4c8,16,2772,2787,2772,2782,162.5951097216457,YES,selected
6ffbe589:o0:d012:transpose,0,/workspace/arc2/active_runs/eval60_v5_vs_greedy_4worker_v1/raw/task_depth/6ffbe589/d012.parquet,99402a4a0d4413d4688c25900e6aa86386d72c288d3678ed2d7bf12137fec0dc,UNKNOWN,CANDIDATE,9e5c7cb1de0a8d093856226a1b4ca2aa96abd6405f7326083635a70cd93bf4c8,6,1107,1112,1107,1107,70.91638889722526,YES,selected
6ffbe589:o0:d024:anti_transpose,0,/workspace/arc2/active_runs/eval60_v5_vs_greedy_4worker_v1/raw/task_depth/6ffbe589/d024.parquet,d1665a789d4959aad7c481e113c1d49127370de0cfc82401d3ddc95dd5fa5fb9,UNKNOWN,CANDIDATE,e0e3e33cf1e1b7da9b6dff9315acb330f5e345443eecb6c37450bc04470836fc,16,1093,1109,1093,1101,69.54332790430635,YES,selected
6ffbe589:o0:d024:flip_ud,0,/workspace/arc2/active_runs/eval60_v5_vs_greedy_4worker_v1/raw/task_depth/6ffbe589/d024.parquet,d1665a789d4959aad7c481e113c1d49127370de0cfc82401d3ddc95dd5fa5fb9,UNKNOWN,CANDIDATE,e0e3e33cf1e1b7da9b6dff9315acb330f5e345443eecb6c37450bc04470836fc,11,1850,1860,1850,1852,102.96701414324343,YES,selected
6ffbe589:o0:d024:identity,0,/workspace/arc2/active_runs/eval60_v5_vs_greedy_4worker_v1/raw/task_depth/6ffbe589/d024.parquet,d1665a789d4959aad7c481e113c1d49127370de0cfc82401d3ddc95dd5fa5fb9,UNKNOWN,CANDIDATE,e0e3e33cf1e1b7da9b6dff9315acb330f5e345443eecb6c37450bc04470836fc,10,1850,1860,1850,1852,102.96701414324343,YES,selected
6ffbe589:o0:d024:transpose,0,/workspace/arc2/active_runs/eval60_v5_vs_greedy_4worker_v1/raw/task_depth/6ffbe589/d024.parquet,d1665a789d4959aad7c481e113c1d49127370de0cfc82401d3ddc95dd5fa5fb9,UNKNOWN,CANDIDATE,e0e3e33cf1e1b7da9b6dff9315acb330f5e345443eecb6c37450bc04470836fc,4,1106,1109,1106,1086,69.54332790430635,YES,selected
6ffbe589:o0:d048:anti_transpose,0,/workspace/arc2/active_runs/eval60_v5_vs_greedy_4worker_v1/tmp/6ffbe589/d048/o00_g1.json,f0a0e5c2fb42660755784d2ce18c9c02ff18d658e42044f893517ce5d94acdf8,UNKNOWN,CANDIDATE,d1bc65fd9ca15367aab5adcff12c3079de1b5b4b9253253e1f4bec689a39b276,24,2757,2780,2757,2769,79.85383138339967,YES,selected
6ffbe589:o0:d048:flip_ud,0,/workspace/arc2/active_runs/eval60_v5_vs_greedy_4worker_v1/tmp/6ffbe589/d048/o00_g0.json,cfaefd740a4e31e5b5879e92bc9ea0fc511bca2a354fa74c1cf9efb5f07a33c9,UNKNOWN,CANDIDATE,d1bc65fd9ca15367aab5adcff12c3079de1b5b4b9253253e1f4bec689a39b276,7,1030,1037,1030,1025,52.23660219181329,YES,selected
6ffbe589:o0:d048:identity,0,/workspace/arc2/active_runs/eval60_v5_vs_greedy_4worker_v1/tmp/6ffbe589/d048/o00_g0.json,cfaefd740a4e31e5b5879e92bc9ea0fc511bca2a354fa74c1cf9efb5f07a33c9,UNKNOWN,CANDIDATE,d1bc65fd9ca15367aab5adcff12c3079de1b5b4b9253253e1f4bec689a39b276,11,1027,1037,1027,1003,52.23660219181329,YES,selected
6ffbe589:o0:d048:transpose,0,/workspace/arc2/active_runs/eval60_v5_vs_greedy_4worker_v1/tmp/6ffbe589/d048/o00_g1.json,f0a0e5c2fb42660755784d2ce18c9c02ff18d658e42044f893517ce5d94acdf8,UNKNOWN,CANDIDATE,d1bc65fd9ca15367aab5adcff12c3079de1b5b4b9253253e1f4bec689a39b276,10,2771,2780,2771,2732,79.85383138339967,YES,selected
71e489b6:o0:d012:anti_transpose,0,/workspace/arc2/active_runs/eval60_v5_vs_greedy_4worker_v1/tmp/71e489b6/d012/o00_g1.json,63e5c31073c39bf3b79aefd8c5a0edb70478c7611e2e03ffd68ad9cb0d323033,FAST_PASS,CANDIDATE,e45d7b6b8577d8c87238c4ad5c90f14e4687e0c280882fc62dca0b584d2bea31,1,271,272,271,0,16.203716464340687,YES,selected
71e489b6:o0:d012:flip_ud,0,/workspace/arc2/active_runs/eval60_v5_vs_greedy_4worker_v1/tmp/71e489b6/d012/o00_g0.json,91c86192f0ab910d5cd8ee529a587ffdfd8db3030aba2a66fcdf4b4165219f6e,FAST_PASS,CANDIDATE,e45d7b6b8577d8c87238c4ad5c90f14e4687e0c280882fc62dca0b584d2bea31,2,486,487,486,0,29.29052035138011,YES,selected
71e489b6:o0:d012:identity,0,/workspace/arc2/active_runs/eval60_v5_vs_greedy_4worker_v1/tmp/71e489b6/d012/o00_g0.json,91c86192f0ab910d5cd8ee529a587ffdfd8db3030aba2a66fcdf4b4165219f6e,FAST_PASS,CANDIDATE,e45d7b6b8577d8c87238c4ad5c90f14e4687e0c280882fc62dca0b584d2bea31,1,271,272,271,0,15.920635620132089,YES,selected
71e489b6:o0:d012:transpose,0,/workspace/arc2/active_runs/eval60_v5_vs_greedy_4worker_v1/tmp/71e489b6/d012/o00_g1.json,63e5c31073c39bf3b79aefd8c5a0edb70478c7611e2e03ffd68ad9cb0d323033,FAST_PASS,CANDIDATE,e45d7b6b8577d8c87238c4ad5c90f14e4687e0c280882fc62dca0b584d2bea31,1,271,272,271,0,15.778654864057899,YES,selected
71e489b6:o0:d024:anti_transpose,0,/workspace/arc2/active_runs/eval60_v5_vs_greedy_4worker_v1/tmp/71e489b6/d024/o00_g1.json,4adcd12d2e782228f05262d320b1e73cda3064bfb6783ff0c6167e8f3d5a0eef,FAST_PASS,CANDIDATE,ea6d2789afba9b5ae9ea47d40278a06ea9bb0f149c93e37e1cacfc2535344e3d,1,271,272,271,0,16.126564137637615,YES,selected
71e489b6:o0:d024:flip_ud,0,/workspace/arc2/active_runs/eval60_v5_vs_greedy_4worker_v1/tmp/71e489b6/d024/o00_g0.json,ec37afb381efa9ca687acacd95e2c1804ef0e5335294c1738c5702d557b906ae,HEAVY_REPAIR,CANDIDATE,ea6d2789afba9b5ae9ea47d40278a06ea9bb0f149c93e37e1cacfc2535344e3d,3,683,684,683,0,40.17871988192201,YES,selected
71e489b6:o0:d024:identity,0,/workspace/arc2/active_runs/eval60_v5_vs_greedy_4worker_v1/tmp/71e489b6/d024/o00_g0.json,ec37afb381efa9ca687acacd95e2c1804ef0e5335294c1738c5702d557b906ae,FAST_PASS,CANDIDATE,ea6d2789afba9b5ae9ea47d40278a06ea9bb0f149c93e37e1cacfc2535344e3d,1,271,272,271,0,16.07407016120851,YES,selected
71e489b6:o0:d024:transpose,0,/workspace/arc2/active_runs/eval60_v5_vs_greedy_4worker_v1/tmp/71e489b6/d024/o00_g1.json,4adcd12d2e782228f05262d320b1e73cda3064bfb6783ff0c6167e8f3d5a0eef,FAST_PASS,CANDIDATE,ea6d2789afba9b5ae9ea47d40278a06ea9bb0f149c93e37e1cacfc2535344e3d,1,271,272,271,0,16.31052261777222,YES,selected
71e489b6:o0:d048:anti_transpose,0,/workspace/arc2/active_runs/eval60_v5_vs_greedy_4worker_v1/tmp/71e489b6/d048/o00_g1.json,c0a10b2b19874922b13044facb95fc96b1fb3ebb97c65cd2317418bd35ee9259,FAST_PASS,CANDIDATE,e903aa6c4b2b204702562e5fd55196a3e443f4973568b2c2e9dd1cb7c41ebc3e,1,271,272,271,0,16.354632668197155,YES,selected
71e489b6:o0:d048:flip_ud,0,/workspace/arc2/active_runs/eval60_v5_vs_greedy_4worker_v1/tmp/71e489b6/d048/o00_g0.json,685da7ac3b5819dcdb76c0810cc2f0ab4beb9383757a946372ee0836bab88048,HEAVY_REPAIR,CANDIDATE,e903aa6c4b2b204702562e5fd55196a3e443f4973568b2c2e9dd1cb7c41ebc3e,1,271,272,271,0,16.092151407152414,YES,selected
71e489b6:o0:d048:identity,0,/workspace/arc2/active_runs/eval60_v5_vs_greedy_4worker_v1/tmp/71e489b6/d048/o00_g0.json,685da7ac3b5819dcdb76c0810cc2f0ab4beb9383757a946372ee0836bab88048,FAST_PASS,CANDIDATE,e903aa6c4b2b204702562e5fd55196a3e443f4973568b2c2e9dd1cb7c41ebc3e,1,271,272,271,0,16.291437163949013,YES,selected
71e489b6:o0:d048:transpose,0,/workspace/arc2/active_runs/eval60_v5_vs_greedy_4worker_v1/tmp/71e489b6/d048/o00_g1.json,c0a10b2b19874922b13044facb95fc96b1fb3ebb97c65cd2317418bd35ee9259,FAST_PASS,CANDIDATE,e903aa6c4b2b204702562e5fd55196a3e443f4973568b2c2e9dd1cb7c41ebc3e,1,271,272,271,0,15.862679848447442,YES,selected
71e489b6:o1:d012:anti_transpose,0,/workspace/arc2/active_runs/eval60_v5_vs_greedy_4worker_v1/tmp/71e489b6/d012/o01_g1.json,ba22cc53aa2b91300ad76dd1866b361a381b4e1b18b2c830fc765f285aa090b7,FAST_PASS,CANDIDATE,e45d7b6b8577d8c87238c4ad5c90f14e4687e0c280882fc62dca0b584d2bea31,1,360,361,360,0,20.93984691798687,YES,selected
71e489b6:o1:d012:flip_ud,0,/workspace/arc2/active_runs/eval60_v5_vs_greedy_4worker_v1/tmp/71e489b6/d012/o01_g0.json,915a6ee46528323ec0acb24e6b2e62cb9e94d7c13ae44e35e35f9e7710bc093e,FAST_PASS,CANDIDATE,e45d7b6b8577d8c87238c4ad5c90f14e4687e0c280882fc62dca0b584d2bea31,1,359,360,359,0,20.931648874655366,YES,selected
71e489b6:o1:d012:identity,0,/workspace/arc2/active_runs/eval60_v5_vs_greedy_4worker_v1/tmp/71e489b6/d012/o01_g0.json,915a6ee46528323ec0acb24e6b2e62cb9e94d7c13ae44e35e35f9e7710bc093e,HEAVY_REPAIR,CANDIDATE,e45d7b6b8577d8c87238c4ad5c90f14e4687e0c280882fc62dca0b584d2bea31,1,359,360,359,0,21.281313475221395,YES,selected
71e489b6:o1:d012:transpose,0,/workspace/arc2/active_runs/eval60_v5_vs_greedy_4worker_v1/tmp/71e489b6/d012/o01_g1.json,ba22cc53aa2b91300ad76dd1866b361a381b4e1b18b2c830fc765f285aa090b7,FAST_PASS,CANDIDATE,e45d7b6b8577d8c87238c4ad5c90f14e4687e0c280882fc62dca0b584d2bea31,1,360,361,360,0,21.32460092753172,YES,selected
71e489b6:o1:d024:anti_transpose,0,/workspace/arc2/active_runs/eval60_v5_vs_greedy_4worker_v1/tmp/71e489b6/d024/o01_g1.json,375852e67dcb98007217b2944fde578d991790a4ba030a0f78b00f73402057b6,FAST_PASS,CANDIDATE,ea6d2789afba9b5ae9ea47d40278a06ea9bb0f149c93e37e1cacfc2535344e3d,1,360,361,360,0,20.958014650270343,YES,selected
71e489b6:o1:d024:flip_ud,0,/workspace/arc2/active_runs/eval60_v5_vs_greedy_4worker_v1/tmp/71e489b6/d024/o01_g0.json,d9942697f48cec557b502ad2b4788279fd6433417c84f4bcc8de2cdf5f387e9e,HEAVY_REPAIR,CANDIDATE,ea6d2789afba9b5ae9ea47d40278a06ea9bb0f149c93e37e1cacfc2535344e3d,1,359,360,359,0,21.604048676788807,YES,selected
71e489b6:o1:d024:identity,0,/workspace/arc2/active_runs/eval60_v5_vs_greedy_4worker_v1/tmp/71e489b6/d024/o01_g0.json,d9942697f48cec557b502ad2b4788279fd6433417c84f4bcc8de2cdf5f387e9e,FAST_PASS,CANDIDATE,ea6d2789afba9b5ae9ea47d40278a06ea9bb0f149c93e37e1cacfc2535344e3d,2,477,478,477,0,27.71206145733595,YES,selected
71e489b6:o1:d024:transpose,0,/workspace/arc2/active_runs/eval60_v5_vs_greedy_4worker_v1/tmp/71e489b6/d024/o01_g1.json,375852e67dcb98007217b2944fde578d991790a4ba030a0f78b00f73402057b6,FAST_PASS,CANDIDATE,ea6d2789afba9b5ae9ea47d40278a06ea9bb0f149c93e37e1cacfc2535344e3d,1,360,361,360,0,21.624978663399816,YES,selected
71e489b6:o1:d048:anti_transpose,0,/workspace/arc2/active_runs/eval60_v5_vs_greedy_4worker_v1/tmp/71e489b6/d048/o01_g1.json,fab71ad14e21ae5e0eec1eefb94965975f3123e0d9742a585cf7613e0d70a531,FAST_PASS,CANDIDATE,e903aa6c4b2b204702562e5fd55196a3e443f4973568b2c2e9dd1cb7c41ebc3e,1,360,361,360,0,21.750895557925105,YES,selected
71e489b6:o1:d048:flip_ud,0,/workspace/arc2/active_runs/eval60_v5_vs_greedy_4worker_v1/tmp/71e489b6/d048/o01_g0.json,4c7bd8c752cc50e945a66b26da7bf957a78148c0bc6f40bad2450b7d880450bc,HEAVY_REPAIR,CANDIDATE,e903aa6c4b2b204702562e5fd55196a3e443f4973568b2c2e9dd1cb7c41ebc3e,1,359,360,359,0,21.187146827578545,YES,selected
71e489b6:o1:d048:identity,0,/workspace/arc2/active_runs/eval60_v5_vs_greedy_4worker_v1/tmp/71e489b6/d048/o01_g0.json,4c7bd8c752cc50e945a66b26da7bf957a78148c0bc6f40bad2450b7d880450bc,FAST_PASS,CANDIDATE,e903aa6c4b2b204702562e5fd55196a3e443f4973568b2c2e9dd1cb7c41ebc3e,2,454,455,454,0,26.94788201712072,YES,selected
71e489b6:o1:d048:transpose,0,/workspace/arc2/active_runs/eval60_v5_vs_greedy_4worker_v1/tmp/71e489b6/d048/o01_g1.json,fab71ad14e21ae5e0eec1eefb94965975f3123e0d9742a585cf7613e0d70a531,FAST_PASS,CANDIDATE,e903aa6c4b2b204702562e5fd55196a3e443f4973568b2c2e9dd1cb7c41ebc3e,1,360,361,360,0,21.015524240210652,YES,selected
7491f3cf:o0:d012:anti_transpose,0,/workspace/arc2/active_runs/eval60_v5_vs_greedy_4worker_v1/tmp/7491f3cf/d012/o00_g1.json,ebe4d6253e2d512b3292901708c341f78abe3bf68c17000365c26bba6bc74db8,FAST_PASS,CANDIDATE,b3f77306dacc964aad4dc509d0d17be8bac0e2b80f05013f423565082185dae7,2,389,390,389,327,23.26529891975224,YES,selected
7491f3cf:o0:d012:flip_ud,0,/workspace/arc2/active_runs/eval60_v5_vs_greedy_4worker_v1/tmp/7491f3cf/d012/o00_g0.json,f6ca8dfa0ec4ee09c571c44e30343fd9fc540cb8f6e2f977c22c24ea2c3539d1,FAST_PASS,CANDIDATE,b3f77306dacc964aad4dc509d0d17be8bac0e2b80f05013f423565082185dae7,1,181,182,181,0,11.089786054566503,YES,selected
7491f3cf:o0:d012:identity,0,/workspace/arc2/active_runs/eval60_v5_vs_greedy_4worker_v1/tmp/7491f3cf/d012/o00_g0.json,f6ca8dfa0ec4ee09c571c44e30343fd9fc540cb8f6e2f977c22c24ea2c3539d1,FAST_PASS,CANDIDATE,b3f77306dacc964aad4dc509d0d17be8bac0e2b80f05013f423565082185dae7,2,314,315,314,0,18.898180035874248,YES,selected
7491f3cf:o0:d012:transpose,0,/workspace/arc2/active_runs/eval60_v5_vs_greedy_4worker_v1/tmp/7491f3cf/d012/o00_g1.json,ebe4d6253e2d512b3292901708c341f78abe3bf68c17000365c26bba6bc74db8,FAST_PASS,CANDIDATE,b3f77306dacc964aad4dc509d0d17be8bac0e2b80f05013f423565082185dae7,1,199,200,199,23,12.13872536830604,YES,selected
7491f3cf:o0:d024:anti_transpose,0,/workspace/arc2/active_runs/eval60_v5_vs_greedy_4worker_v1/tmp/7491f3cf/d024/o00_g1.json,84c5e58bffb9e9f823307ae3f588a381bcd9e3f51ebd9712bdfe1796ce7fde19,FAST_PASS,CANDIDATE,ba2ace1ca4a3b7cb02001751ba5c75a56740195e0488c62d384b757946f3f6ae,2,381,382,381,172,23.383549984544516,YES,selected
7491f3cf:o0:d024:flip_ud,0,/workspace/arc2/active_runs/eval60_v5_vs_greedy_4worker_v1/tmp/7491f3cf/d024/o00_g0.json,4cc280fadcbdc073323c4fe344e8d54efee111285b4daa048ea8ad217511473d,FAST_PASS,CANDIDATE,ba2ace1ca4a3b7cb02001751ba5c75a56740195e0488c62d384b757946f3f6ae,3,421,422,421,112,25.474150812253356,YES,selected
7491f3cf:o0:d024:identity,0,/workspace/arc2/active_runs/eval60_v5_vs_greedy_4worker_v1/tmp/7491f3cf/d024/o00_g0.json,4cc280fadcbdc073323c4fe344e8d54efee111285b4daa048ea8ad217511473d,FAST_PASS,CANDIDATE,ba2ace1ca4a3b7cb02001751ba5c75a56740195e0488c62d384b757946f3f6ae,2,314,315,314,56,18.69754894450307,YES,selected
7491f3cf:o0:d024:transpose,0,/workspace/arc2/active_runs/eval60_v5_vs_greedy_4worker_v1/tmp/7491f3cf/d024/o00_g1.json,84c5e58bffb9e9f823307ae3f588a381bcd9e3f51ebd9712bdfe1796ce7fde19,FAST_PASS,CANDIDATE,ba2ace1ca4a3b7cb02001751ba5c75a56740195e0488c62d384b757946f3f6ae,1,199,200,199,0,12.424067974090576,YES,selected
7491f3cf:o0:d048:anti_transpose,0,/workspace/arc2/active_runs/eval60_v5_vs_greedy_4worker_v1/tmp/7491f3cf/d048/o00_g1.json,e37d175dce1f26329649d4058dc72434b7eff0e088e57a62787e15a0b591f01d,FAST_PASS,CANDIDATE,3d313f59ee79b28a111b32b081e71c4878137a7845568cdf5adac0381f785c00,2,381,382,381,164,22.429034465923905,YES,selected
7491f3cf:o0:d048:flip_ud,0,/workspace/arc2/active_runs/eval60_v5_vs_greedy_4worker_v1/tmp/7491f3cf/d048/o00_g0.json,589f4f73c2433bc20bd7ce957bb476d2ba97297efd67a73068e1ecf175a4e8c5,HEAVY_REPAIR,CANDIDATE,3d313f59ee79b28a111b32b081e71c4878137a7845568cdf5adac0381f785c00,1,181,182,181,0,11.010485520586371,YES,selected
7491f3cf:o0:d048:identity,0,/workspace/arc2/active_runs/eval60_v5_vs_greedy_4worker_v1/tmp/7491f3cf/d048/o00_g0.json,589f4f73c2433bc20bd7ce957bb476d2ba97297efd67a73068e1ecf175a4e8c5,FAST_PASS,CANDIDATE,3d313f59ee79b28a111b32b081e71c4878137a7845568cdf5adac0381f785c00,1,181,182,181,0,10.620545081794262,YES,selected
7491f3cf:o0:d048:transpose,0,/workspace/arc2/active_runs/eval60_v5_vs_greedy_4worker_v1/tmp/7491f3cf/d048/o00_g1.json,e37d175dce1f26329649d4058dc72434b7eff0e088e57a62787e15a0b591f01d,FAST_PASS,CANDIDATE,3d313f59ee79b28a111b32b081e71c4878137a7845568cdf5adac0381f785c00,1,199,200,199,0,12.138741886243224,YES,selected
78332cb0:o0:d012:anti_transpose,0,/workspace/arc2/active_runs/eval60_v5_vs_greedy_4worker_v1/tmp/78332cb0/d012/o00_g1.json,6ad526532440a11866bded65931e8227e1d5110bcba0f10156997834c4a7a377,FAST_PASS,CANDIDATE,9d6a7fb7693fc32eab6d6b79d53003492dd03a9c362bddfea7e61432e4e7c388,3,362,363,362,215,21.685935277491808,YES,selected
78332cb0:o0:d012:flip_ud,0,/workspace/arc2/active_runs/eval60_v5_vs_greedy_4worker_v1/tmp/78332cb0/d012/o00_g0.json,ec42fd67ce02efb7fa9811404f0449cc307ea1105fdd5c1c92874e629d766fc5,FAST_PASS,CANDIDATE,9d6a7fb7693fc32eab6d6b79d53003492dd03a9c362bddfea7e61432e4e7c388,3,431,432,431,395,25.445056971162558,YES,selected
78332cb0:o0:d012:identity,0,/workspace/arc2/active_runs/eval60_v5_vs_greedy_4worker_v1/tmp/78332cb0/d012/o00_g0.json,ec42fd67ce02efb7fa9811404f0449cc307ea1105fdd5c1c92874e629d766fc5,FAST_PASS,CANDIDATE,9d6a7fb7693fc32eab6d6b79d53003492dd03a9c362bddfea7e61432e4e7c388,2,299,300,299,260,18.209816001355648,YES,selected
78332cb0:o0:d012:transpose,0,/workspace/arc2/active_runs/eval60_v5_vs_greedy_4worker_v1/tmp/78332cb0/d012/o00_g1.json,6ad526532440a11866bded65931e8227e1d5110bcba0f10156997834c4a7a377,FAST_PASS,CANDIDATE,9d6a7fb7693fc32eab6d6b79d53003492dd03a9c362bddfea7e61432e4e7c388,2,259,260,259,84,15.073043359443545,YES,selected
78332cb0:o0:d024:anti_transpose,0,/workspace/arc2/active_runs/eval60_v5_vs_greedy_4worker_v1/tmp/78332cb0/d024/o00_g1.json,f444c8a558cd0b48e87336c1d65e7e1974509e12e7977a8af155a8fb545e196d,FAST_PASS,CANDIDATE,716d440d98bb96135c4332bb28e88bca1f66a361928805f26b609a8d913f65ba,1,137,138,137,0,8.401863964274526,YES,selected
78332cb0:o0:d024:flip_ud,0,/workspace/arc2/active_runs/eval60_v5_vs_greedy_4worker_v1/tmp/78332cb0/d024/o00_g0.json,a95ee49bf65aedd301441f9c72131b0f6ce0cef2beed44566d17c60b6446283b,FAST_PASS,CANDIDATE,716d440d98bb96135c4332bb28e88bca1f66a361928805f26b609a8d913f65ba,2,212,213,212,84,12.498679472133517,YES,selected
78332cb0:o0:d024:identity,0,/workspace/arc2/active_runs/eval60_v5_vs_greedy_4worker_v1/tmp/78332cb0/d024/o00_g0.json,a95ee49bf65aedd301441f9c72131b0f6ce0cef2beed44566d17c60b6446283b,FAST_PASS,CANDIDATE,716d440d98bb96135c4332bb28e88bca1f66a361928805f26b609a8d913f65ba,2,212,213,212,0,12.535146886482835,YES,selected
78332cb0:o0:d024:transpose,0,/workspace/arc2/active_runs/eval60_v5_vs_greedy_4worker_v1/tmp/78332cb0/d024/o00_g1.json,f444c8a558cd0b48e87336c1d65e7e1974509e12e7977a8af155a8fb545e196d,FAST_PASS,CANDIDATE,716d440d98bb96135c4332bb28e88bca1f66a361928805f26b609a8d913f65ba,1,137,138,137,0,8.26456038840115,YES,selected
78332cb0:o0:d048:anti_transpose,0,/workspace/arc2/active_runs/eval60_v5_vs_greedy_4worker_v1/tmp/78332cb0/d048/o00_g1.json,0828a07b96fc5cc2a3f765a2dddf28bf48b79ce6659fa16347b858df4eb4a120,FAST_PASS,CANDIDATE,67903d1c90e12f008684e94a34ac139d0f7442b4d5a1d2739d71ec0c6b95f190,1,137,138,137,0,8.119645351544023,YES,selected
78332cb0:o0:d048:flip_ud,0,/workspace/arc2/active_runs/eval60_v5_vs_greedy_4worker_v1/tmp/78332cb0/d048/o00_g0.json,3cd32cbf4afb77d519c7a8be600552b02208b3f999aa7ea173f7660ae9808e70,FAST_PASS,CANDIDATE,67903d1c90e12f008684e94a34ac139d0f7442b4d5a1d2739d71ec0c6b95f190,1,119,120,119,0,7.33806699514389,YES,selected
78332cb0:o0:d048:identity,0,/workspace/arc2/active_runs/eval60_v5_vs_greedy_4worker_v1/tmp/78332cb0/d048/o00_g0.json,3cd32cbf4afb77d519c7a8be600552b02208b3f999aa7ea173f7660ae9808e70,FAST_PASS,CANDIDATE,67903d1c90e12f008684e94a34ac139d0f7442b4d5a1d2739d71ec0c6b95f190,2,202,203,202,0,12.218886464834213,YES,selected
78332cb0:o0:d048:transpose,0,/workspace/arc2/active_runs/eval60_v5_vs_greedy_4worker_v1/tmp/78332cb0/d048/o00_g1.json,0828a07b96fc5cc2a3f765a2dddf28bf48b79ce6659fa16347b858df4eb4a120,FAST_PASS,CANDIDATE,67903d1c90e12f008684e94a34ac139d0f7442b4d5a1d2739d71ec0c6b95f190,1,137,138,137,0,8.020613215863705,YES,selected
78332cb0:o1:d012:anti_transpose,0,/workspace/arc2/active_runs/eval60_v5_vs_greedy_4worker_v1/tmp/78332cb0/d012/o01_g1.json,1e806ba36d14b6d6cc26d9754f16cfc3cd9b8d24054f4589ff1603185b3662e3,FAST_PASS,CANDIDATE,9d6a7fb7693fc32eab6d6b79d53003492dd03a9c362bddfea7e61432e4e7c388,1,137,138,137,0,8.18858185224235,YES,selected
78332cb0:o1:d012:flip_ud,0,/workspace/arc2/active_runs/eval60_v5_vs_greedy_4worker_v1/tmp/78332cb0/d012/o01_g0.json,de5c79d9670638d6e9633f583b94636ec07a0bf2473434ad8beb8ee1fee4294e,FAST_PASS,CANDIDATE,9d6a7fb7693fc32eab6d6b79d53003492dd03a9c362bddfea7e61432e4e7c388,1,119,120,119,101,7.079952394589782,YES,selected
78332cb0:o1:d012:identity,0,/workspace/arc2/active_runs/eval60_v5_vs_greedy_4worker_v1/tmp/78332cb0/d012/o01_g0.json,de5c79d9670638d6e9633f583b94636ec07a0bf2473434ad8beb8ee1fee4294e,FAST_PASS,CANDIDATE,9d6a7fb7693fc32eab6d6b79d53003492dd03a9c362bddfea7e61432e4e7c388,2,290,291,290,276,16.867855343967676,YES,selected
78332cb0:o1:d012:transpose,0,/workspace/arc2/active_runs/eval60_v5_vs_greedy_4worker_v1/tmp/78332cb0/d012/o01_g1.json,1e806ba36d14b6d6cc26d9754f16cfc3cd9b8d24054f4589ff1603185b3662e3,FAST_PASS,CANDIDATE,9d6a7fb7693fc32eab6d6b79d53003492dd03a9c362bddfea7e61432e4e7c388,2,267,268,267,21,16.362200651317835,YES,selected
78332cb0:o1:d024:anti_transpose,0,/workspace/arc2/active_runs/eval60_v5_vs_greedy_4worker_v1/tmp/78332cb0/d024/o01_g1.json,0d04d2d0c1ca67400aa305e9020304dc0406735e88e16cf4bf120687a0fe3da3,FAST_PASS,CANDIDATE,716d440d98bb96135c4332bb28e88bca1f66a361928805f26b609a8d913f65ba,3,377,378,377,211,21.873718697577715,YES,selected
78332cb0:o1:d024:flip_ud,0,/workspace/arc2/active_runs/eval60_v5_vs_greedy_4worker_v1/tmp/78332cb0/d024/o01_g0.json,bd6013c6989eba26bac4386e17b837da33a67a10c24d435adf15e0c808f31283,FAST_PASS,CANDIDATE,716d440d98bb96135c4332bb28e88bca1f66a361928805f26b609a8d913f65ba,1,137,138,137,0,8.37607274390757,YES,selected
78332cb0:o1:d024:identity,0,/workspace/arc2/active_runs/eval60_v5_vs_greedy_4worker_v1/tmp/78332cb0/d024/o01_g0.json,bd6013c6989eba26bac4386e17b837da33a67a10c24d435adf15e0c808f31283,FAST_PASS,CANDIDATE,716d440d98bb96135c4332bb28e88bca1f66a361928805f26b609a8d913f65ba,2,237,238,237,64,13.902830163016915,YES,selected
78332cb0:o1:d024:transpose,0,/workspace/arc2/active_runs/eval60_v5_vs_greedy_4worker_v1/tmp/78332cb0/d024/o01_g1.json,0d04d2d0c1ca67400aa305e9020304dc0406735e88e16cf4bf120687a0fe3da3,FAST_PASS,CANDIDATE,716d440d98bb96135c4332bb28e88bca1f66a361928805f26b609a8d913f65ba,2,281,282,281,118,16.338792011141777,YES,selected
78332cb0:o1:d048:anti_transpose,0,/workspace/arc2/active_runs/eval60_v5_vs_greedy_4worker_v1/tmp/78332cb0/d048/o01_g1.json,1652b885d7a03012bfe8c40c77989fdd5241ba197f650beee6dd0282d8b455e7,FAST_PASS,CANDIDATE,67903d1c90e12f008684e94a34ac139d0f7442b4d5a1d2739d71ec0c6b95f190,1,137,138,137,0,8.288467139005661,YES,selected
78332cb0:o1:d048:flip_ud,0,/workspace/arc2/active_runs/eval60_v5_vs_greedy_4worker_v1/tmp/78332cb0/d048/o01_g0.json,88a8f2fc50f13e75c8d29b7a9a985c1f10fe5c4827fe3feebb75f85e0e88b7ef,FAST_PASS,CANDIDATE,67903d1c90e12f008684e94a34ac139d0f7442b4d5a1d2739d71ec0c6b95f190,1,137,138,137,0,8.23026811890304,YES,selected
78332cb0:o1:d048:identity,0,/workspace/arc2/active_runs/eval60_v5_vs_greedy_4worker_v1/tmp/78332cb0/d048/o01_g0.json,88a8f2fc50f13e75c8d29b7a9a985c1f10fe5c4827fe3feebb75f85e0e88b7ef,FAST_PASS,CANDIDATE,67903d1c90e12f008684e94a34ac139d0f7442b4d5a1d2739d71ec0c6b95f190,2,237,238,237,100,13.897980134934187,YES,selected
78332cb0:o1:d048:transpose,0,/workspace/arc2/active_runs/eval60_v5_vs_greedy_4worker_v1/tmp/78332cb0/d048/o01_g1.json,1652b885d7a03012bfe8c40c77989fdd5241ba197f650beee6dd0282d8b455e7,FAST_PASS,CANDIDATE,67903d1c90e12f008684e94a34ac139d0f7442b4d5a1d2739d71ec0c6b95f190,1,137,138,137,0,8.147866679355502,YES,selected
7b0280bc:o0:d012:anti_transpose,0,/workspace/arc2/active_runs/eval60_v5_vs_greedy_4worker_v1/tmp/7b0280bc/d012/o00_g1.json,e17eba7bf9aea32eca841873635c9c3bf6456610abe665844ea4a750487e49ac,HEAVY_REPAIR,CANDIDATE,8da5edf305ecbcd13166483399ce631671106fa58589366006c6e46639d113cb,1,929,930,929,303,55.501489939168096,YES,selected
7b0280bc:o0:d012:flip_ud,0,/workspace/arc2/active_runs/eval60_v5_vs_greedy_4worker_v1/tmp/7b0280bc/d012/o00_g0.json,de8b5016c51fd523560279da2c8ba24d8407778f1d82e606c7f92d38aa784ee1,FAST_PASS,CANDIDATE,8da5edf305ecbcd13166483399ce631671106fa58589366006c6e46639d113cb,2,1784,1785,1784,840,102.36260446719825,YES,selected
7b0280bc:o0:d012:identity,0,/workspace/arc2/active_runs/eval60_v5_vs_greedy_4worker_v1/tmp/7b0280bc/d012/o00_g0.json,de8b5016c51fd523560279da2c8ba24d8407778f1d82e606c7f92d38aa784ee1,HEAVY_REPAIR,CANDIDATE,8da5edf305ecbcd13166483399ce631671106fa58589366006c6e46639d113cb,2,1510,1511,1510,893,89.20169468596578,YES,selected
7b0280bc:o0:d012:transpose,0,/workspace/arc2/active_runs/eval60_v5_vs_greedy_4worker_v1/tmp/7b0280bc/d012/o00_g1.json,e17eba7bf9aea32eca841873635c9c3bf6456610abe665844ea4a750487e49ac,FAST_PASS,CANDIDATE,8da5edf305ecbcd13166483399ce631671106fa58589366006c6e46639d113cb,1,929,930,929,409,56.626023296266794,YES,selected
7b0280bc:o0:d024:anti_transpose,0,/workspace/arc2/active_runs/eval60_v5_vs_greedy_4worker_v1/tmp/7b0280bc/d024/o00_g1.json,f3df16fe37524896be2692b4c6918ae45486300255cfb3290781f07fe21e8250,HEAVY_REPAIR,CANDIDATE,39536934068c7dfb60a128f5f124b3f435b99132f2d8274e8d56a4c02fc9fc40,2,1602,1603,1602,303,94.53484207391739,YES,selected
7b0280bc:o0:d024:flip_ud,0,/workspace/arc2/active_runs/eval60_v5_vs_greedy_4worker_v1/tmp/7b0280bc/d024/o00_g0.json,b1695540caf842a00e825cb7521182ff24b70a1865aabb0696299444ea5be25e,FAST_PASS,CANDIDATE,39536934068c7dfb60a128f5f124b3f435b99132f2d8274e8d56a4c02fc9fc40,2,1784,1785,1784,0,107.99194101244211,YES,selected
7b0280bc:o0:d024:identity,0,/workspace/arc2/active_runs/eval60_v5_vs_greedy_4worker_v1/tmp/7b0280bc/d024/o00_g0.json,b1695540caf842a00e825cb7521182ff24b70a1865aabb0696299444ea5be25e,HEAVY_REPAIR,CANDIDATE,39536934068c7dfb60a128f5f124b3f435b99132f2d8274e8d56a4c02fc9fc40,2,1794,1795,1794,853,106.80435557849705,YES,selected
7b0280bc:o0:d024:transpose,0,/workspace/arc2/active_runs/eval60_v5_vs_greedy_4worker_v1/tmp/7b0280bc/d024/o00_g1.json,f3df16fe37524896be2692b4c6918ae45486300255cfb3290781f07fe21e8250,FAST_PASS,CANDIDATE,39536934068c7dfb60a128f5f124b3f435b99132f2d8274e8d56a4c02fc9fc40,2,1794,1795,1794,827,102.76384923793375,YES,selected
7b0280bc:o0:d048:anti_transpose,0,/workspace/arc2/active_runs/eval60_v5_vs_greedy_4worker_v1/tmp/7b0280bc/d048/o00_g1.json,db04bc42cab9c323c1fc8a7bd39ad6b18de3d5af8615b8b63e32e0a3e0f6509b,FAST_PASS,CANDIDATE,8250bbe692b5042f23ca77f3607ed7c9db39d40ce85e9dba85e5a2565a03114d,1,929,930,929,0,53.60257893614471,YES,selected
7b0280bc:o0:d048:flip_ud,0,/workspace/arc2/active_runs/eval60_v5_vs_greedy_4worker_v1/tmp/7b0280bc/d048/o00_g0.json,7eb7d073d7d4499cdda034a2fc15b4fc374a07fc649fae391bd28a0575fab01c,HEAVY_REPAIR,CANDIDATE,8250bbe692b5042f23ca77f3607ed7c9db39d40ce85e9dba85e5a2565a03114d,2,1062,1063,1062,109,63.120767794549465,YES,selected
7b0280bc:o0:d048:identity,0,/workspace/arc2/active_runs/eval60_v5_vs_greedy_4worker_v1/tmp/7b0280bc/d048/o00_g0.json,7eb7d073d7d4499cdda034a2fc15b4fc374a07fc649fae391bd28a0575fab01c,HEAVY_REPAIR,CANDIDATE,8250bbe692b5042f23ca77f3607ed7c9db39d40ce85e9dba85e5a2565a03114d,2,1794,1795,1794,0,106.59360837750137,YES,selected
7b0280bc:o0:d048:transpose,0,/workspace/arc2/active_runs/eval60_v5_vs_greedy_4worker_v1/tmp/7b0280bc/d048/o00_g1.json,db04bc42cab9c323c1fc8a7bd39ad6b18de3d5af8615b8b63e32e0a3e0f6509b,FAST_PASS,CANDIDATE,8250bbe692b5042f23ca77f3607ed7c9db39d40ce85e9dba85e5a2565a03114d,2,1621,1622,1621,0,97.4670170545578,YES,selected
7b3084d4:o0:d012:anti_transpose,0,/workspace/arc2/active_runs/eval60_v5_vs_greedy_4worker_v1/raw/task_depth/7b3084d4/d012.parquet,ca467d5fe263df67c7405511d95873caa10202cad455af84c27c33186b07e1b2,UNKNOWN,CANDIDATE,ca483bc9644bf843f97a653d62ed5f424601bd98610a6a5cf009aaf867971899,11,1122,1133,1122,1021,70.40849105920643,YES,selected
7b3084d4:o0:d012:flip_ud,0,/workspace/arc2/active_runs/eval60_v5_vs_greedy_4worker_v1/raw/task_depth/7b3084d4/d012.parquet,ca467d5fe263df67c7405511d95873caa10202cad455af84c27c33186b07e1b2,UNKNOWN,CANDIDATE,ca483bc9644bf843f97a653d62ed5f424601bd98610a6a5cf009aaf867971899,5,1136,1140,1136,1030,71.46433435659856,YES,selected
7b3084d4:o0:d012:identity,0,/workspace/arc2/active_runs/eval60_v5_vs_greedy_4worker_v1/raw/task_depth/7b3084d4/d012.parquet,ca467d5fe263df67c7405511d95873caa10202cad455af84c27c33186b07e1b2,UNKNOWN,CANDIDATE,ca483bc9644bf843f97a653d62ed5f424601bd98610a6a5cf009aaf867971899,5,1135,1140,1135,1088,71.46433435659856,YES,selected
7b3084d4:o0:d012:transpose,0,/workspace/arc2/active_runs/eval60_v5_vs_greedy_4worker_v1/raw/task_depth/7b3084d4/d012.parquet,ca467d5fe263df67c7405511d95873caa10202cad455af84c27c33186b07e1b2,UNKNOWN,CANDIDATE,ca483bc9644bf843f97a653d62ed5f424601bd98610a6a5cf009aaf867971899,6,1128,1133,1128,1079,70.40849105920643,YES,selected
7b3084d4:o0:d024:anti_transpose,0,/workspace/arc2/active_runs/eval60_v5_vs_greedy_4worker_v1/raw/task_depth/7b3084d4/d024.parquet,ec46f6eacd556463af72b66f074b6cece32778b6b2e96c2318a973062451fdaf,UNKNOWN,CANDIDATE,1e9ef17823530e49b58b23a1adc1cf86df3dfc184c69993156dc92f3c74cc11d,6,1083,1088,1083,915,65.5771966651082,YES,selected
7b3084d4:o0:d024:flip_ud,0,/workspace/arc2/active_runs/eval60_v5_vs_greedy_4worker_v1/raw/task_depth/7b3084d4/d024.parquet,ec46f6eacd556463af72b66f074b6cece32778b6b2e96c2318a973062451fdaf,UNKNOWN,CANDIDATE,1e9ef17823530e49b58b23a1adc1cf86df3dfc184c69993156dc92f3c74cc11d,8,1341,1348,1341,1086,78.60493439529091,YES,selected
7b3084d4:o0:d024:identity,0,/workspace/arc2/active_runs/eval60_v5_vs_greedy_4worker_v1/raw/task_depth/7b3084d4/d024.parquet,ec46f6eacd556463af72b66f074b6cece32778b6b2e96c2318a973062451fdaf,UNKNOWN,CANDIDATE,1e9ef17823530e49b58b23a1adc1cf86df3dfc184c69993156dc92f3c74cc11d,6,1343,1348,1343,1298,78.60493439529091,YES,selected
7b3084d4:o0:d024:transpose,0,/workspace/arc2/active_runs/eval60_v5_vs_greedy_4worker_v1/raw/task_depth/7b3084d4/d024.parquet,ec46f6eacd556463af72b66f074b6cece32778b6b2e96c2318a973062451fdaf,UNKNOWN,CANDIDATE,1e9ef17823530e49b58b23a1adc1cf86df3dfc184c69993156dc92f3c74cc11d,5,1083,1088,1083,1030,65.5771966651082,YES,selected
7b3084d4:o0:d048:anti_transpose,0,/workspace/arc2/active_runs/eval60_v5_vs_greedy_4worker_v1/raw/task_depth/7b3084d4/d048.parquet,2ecb162f253eed8aac12fdd1de3bd221d9708c2f4775659e18756ee210143cac,UNKNOWN,CANDIDATE,ddeb94d1d2e63954a1f318d8974832550ad97a1c5146a894afc8506737f07209,1,209,210,209,48,13.006871732883155,YES,selected
7b3084d4:o0:d048:flip_ud,0,/workspace/arc2/active_runs/eval60_v5_vs_greedy_4worker_v1/raw/task_depth/7b3084d4/d048.parquet,2ecb162f253eed8aac12fdd1de3bd221d9708c2f4775659e18756ee210143cac,UNKNOWN,CANDIDATE,ddeb94d1d2e63954a1f318d8974832550ad97a1c5146a894afc8506737f07209,8,784,791,784,576,47.31310292053968,YES,selected
7b3084d4:o0:d048:identity,0,/workspace/arc2/active_runs/eval60_v5_vs_greedy_4worker_v1/raw/task_depth/7b3084d4/d048.parquet,2ecb162f253eed8aac12fdd1de3bd221d9708c2f4775659e18756ee210143cac,UNKNOWN,CANDIDATE,ddeb94d1d2e63954a1f318d8974832550ad97a1c5146a894afc8506737f07209,4,789,791,789,451,47.31310292053968,YES,selected
7b3084d4:o0:d048:transpose,0,/workspace/arc2/active_runs/eval60_v5_vs_greedy_4worker_v1/raw/task_depth/7b3084d4/d048.parquet,2ecb162f253eed8aac12fdd1de3bd221d9708c2f4775659e18756ee210143cac,UNKNOWN,CANDIDATE,ddeb94d1d2e63954a1f318d8974832550ad97a1c5146a894afc8506737f07209,1,209,210,209,0,13.006871732883155,YES,selected
7ed72f31:o0:d012:anti_transpose,0,/workspace/arc2/active_runs/eval60_v5_vs_greedy_4worker_v1/raw/task_depth/7ed72f31/d012.parquet,7ef20dfcfdb4aa4cebfa1e6f38b1fb239a26221460be3a6f0482b26ec1889586,UNKNOWN,CANDIDATE,5da720f0adbd28681f8e5a8d7184ab628c9efa748811df7e4c0d105f863ba703,3,872,874,872,458,49.395181574858725,YES,selected
7ed72f31:o0:d012:flip_ud,0,/workspace/arc2/active_runs/eval60_v5_vs_greedy_4worker_v1/raw/task_depth/7ed72f31/d012.parquet,7ef20dfcfdb4aa4cebfa1e6f38b1fb239a26221460be3a6f0482b26ec1889586,UNKNOWN,CANDIDATE,5da720f0adbd28681f8e5a8d7184ab628c9efa748811df7e4c0d105f863ba703,3,843,845,843,596,50.245968201197684,YES,selected
7ed72f31:o0:d012:identity,0,/workspace/arc2/active_runs/eval60_v5_vs_greedy_4worker_v1/raw/task_depth/7ed72f31/d012.parquet,7ef20dfcfdb4aa4cebfa1e6f38b1fb239a26221460be3a6f0482b26ec1889586,UNKNOWN,CANDIDATE,5da720f0adbd28681f8e5a8d7184ab628c9efa748811df7e4c0d105f863ba703,3,843,845,843,498,50.245968201197684,YES,selected
7ed72f31:o0:d012:transpose,0,/workspace/arc2/active_runs/eval60_v5_vs_greedy_4worker_v1/raw/task_depth/7ed72f31/d012.parquet,7ef20dfcfdb4aa4cebfa1e6f38b1fb239a26221460be3a6f0482b26ec1889586,UNKNOWN,CANDIDATE,5da720f0adbd28681f8e5a8d7184ab628c9efa748811df7e4c0d105f863ba703,3,872,874,872,702,49.395181574858725,YES,selected
7ed72f31:o0:d024:anti_transpose,0,/workspace/arc2/active_runs/eval60_v5_vs_greedy_4worker_v1/raw/task_depth/7ed72f31/d024.parquet,77b168bf09053fbe4f5721b1151425c4652b27477388cb6a8c2218320a44889a,UNKNOWN,CANDIDATE,7f7956fde3958832a41a63fdbc260f39707fd8d4aaa2a18347a0d24383cc7474,2,601,603,601,261,33.38794176094234,YES,selected
7ed72f31:o0:d024:flip_ud,0,/workspace/arc2/active_runs/eval60_v5_vs_greedy_4worker_v1/raw/task_depth/7ed72f31/d024.parquet,77b168bf09053fbe4f5721b1151425c4652b27477388cb6a8c2218320a44889a,UNKNOWN,CANDIDATE,7f7956fde3958832a41a63fdbc260f39707fd8d4aaa2a18347a0d24383cc7474,4,777,779,777,351,47.646077297627926,YES,selected
7ed72f31:o0:d024:identity,0,/workspace/arc2/active_runs/eval60_v5_vs_greedy_4worker_v1/raw/task_depth/7ed72f31/d024.parquet,77b168bf09053fbe4f5721b1151425c4652b27477388cb6a8c2218320a44889a,UNKNOWN,CANDIDATE,7f7956fde3958832a41a63fdbc260f39707fd8d4aaa2a18347a0d24383cc7474,4,776,779,776,421,47.646077297627926,YES,selected
7ed72f31:o0:d024:transpose,0,/workspace/arc2/active_runs/eval60_v5_vs_greedy_4worker_v1/raw/task_depth/7ed72f31/d024.parquet,77b168bf09053fbe4f5721b1151425c4652b27477388cb6a8c2218320a44889a,UNKNOWN,CANDIDATE,7f7956fde3958832a41a63fdbc260f39707fd8d4aaa2a18347a0d24383cc7474,2,602,603,602,185,33.38794176094234,YES,selected
7ed72f31:o0:d048:anti_transpose,0,/workspace/arc2/active_runs/eval60_v5_vs_greedy_4worker_v1/tmp/7ed72f31/d048/o00_g1.json,9f540ee7e09550ec1aff81972740d21452ae2d8db605fba27054a9fd28bd4d1a,UNKNOWN,CANDIDATE,371db9cbc965f22bbd1f8a1ac6b5ce98d9ad5649c910233fa56d2a1485bf3a8b,3,722,724,722,261,41.6385086318478,YES,selected
7ed72f31:o0:d048:flip_ud,0,/workspace/arc2/active_runs/eval60_v5_vs_greedy_4worker_v1/tmp/7ed72f31/d048/o00_g0.json,bb60e041d65b5fd61d0b83bbb1d98be41e89f907cebfacff995acfafe5d02c92,UNKNOWN,CANDIDATE,371db9cbc965f22bbd1f8a1ac6b5ce98d9ad5649c910233fa56d2a1485bf3a8b,3,838,841,838,566,52.74270766414702,YES,selected
7ed72f31:o0:d048:identity,0,/workspace/arc2/active_runs/eval60_v5_vs_greedy_4worker_v1/tmp/7ed72f31/d048/o00_g0.json,bb60e041d65b5fd61d0b83bbb1d98be41e89f907cebfacff995acfafe5d02c92,UNKNOWN,CANDIDATE,371db9cbc965f22bbd1f8a1ac6b5ce98d9ad5649c910233fa56d2a1485bf3a8b,3,840,841,840,488,52.74270766414702,YES,selected
7ed72f31:o0:d048:transpose,0,/workspace/arc2/active_runs/eval60_v5_vs_greedy_4worker_v1/tmp/7ed72f31/d048/o00_g1.json,9f540ee7e09550ec1aff81972740d21452ae2d8db605fba27054a9fd28bd4d1a,UNKNOWN,CANDIDATE,371db9cbc965f22bbd1f8a1ac6b5ce98d9ad5649c910233fa56d2a1485bf3a8b,3,722,724,722,287,41.6385086318478,YES,selected
7ed72f31:o1:d012:anti_transpose,0,/workspace/arc2/active_runs/eval60_v5_vs_greedy_4worker_v1/raw/task_depth/7ed72f31/d012.parquet,7ef20dfcfdb4aa4cebfa1e6f38b1fb239a26221460be3a6f0482b26ec1889586,UNKNOWN,CANDIDATE,5da720f0adbd28681f8e5a8d7184ab628c9efa748811df7e4c0d105f863ba703,1,811,812,811,557,44.82467596326023,YES,selected
7ed72f31:o1:d012:flip_ud,0,/workspace/arc2/active_runs/eval60_v5_vs_greedy_4worker_v1/raw/task_depth/7ed72f31/d012.parquet,7ef20dfcfdb4aa4cebfa1e6f38b1fb239a26221460be3a6f0482b26ec1889586,UNKNOWN,CANDIDATE,5da720f0adbd28681f8e5a8d7184ab628c9efa748811df7e4c0d105f863ba703,2,1608,1609,1608,1375,89.0670757824555,YES,selected
7ed72f31:o1:d012:identity,0,/workspace/arc2/active_runs/eval60_v5_vs_greedy_4worker_v1/raw/task_depth/7ed72f31/d012.parquet,7ef20dfcfdb4aa4cebfa1e6f38b1fb239a26221460be3a6f0482b26ec1889586,UNKNOWN,CANDIDATE,5da720f0adbd28681f8e5a8d7184ab628c9efa748811df7e4c0d105f863ba703,2,1607,1609,1607,1279,89.0670757824555,YES,selected
7ed72f31:o1:d012:transpose,0,/workspace/arc2/active_runs/eval60_v5_vs_greedy_4worker_v1/raw/task_depth/7ed72f31/d012.parquet,7ef20dfcfdb4aa4cebfa1e6f38b1fb239a26221460be3a6f0482b26ec1889586,UNKNOWN,CANDIDATE,5da720f0adbd28681f8e5a8d7184ab628c9efa748811df7e4c0d105f863ba703,1,811,812,811,257,44.82467596326023,YES,selected
7ed72f31:o1:d024:anti_transpose,0,/workspace/arc2/active_runs/eval60_v5_vs_greedy_4worker_v1/raw/task_depth/7ed72f31/d024.parquet,77b168bf09053fbe4f5721b1151425c4652b27477388cb6a8c2218320a44889a,UNKNOWN,CANDIDATE,7f7956fde3958832a41a63fdbc260f39707fd8d4aaa2a18347a0d24383cc7474,3,1744,1746,1744,378,106.53627342171967,YES,selected
7ed72f31:o1:d024:flip_ud,0,/workspace/arc2/active_runs/eval60_v5_vs_greedy_4worker_v1/raw/task_depth/7ed72f31/d024.parquet,77b168bf09053fbe4f5721b1151425c4652b27477388cb6a8c2218320a44889a,UNKNOWN,CANDIDATE,7f7956fde3958832a41a63fdbc260f39707fd8d4aaa2a18347a0d24383cc7474,2,1608,1609,1608,1220,95.47556168586016,YES,selected
7ed72f31:o1:d024:identity,0,/workspace/arc2/active_runs/eval60_v5_vs_greedy_4worker_v1/raw/task_depth/7ed72f31/d024.parquet,77b168bf09053fbe4f5721b1151425c4652b27477388cb6a8c2218320a44889a,UNKNOWN,CANDIDATE,7f7956fde3958832a41a63fdbc260f39707fd8d4aaa2a18347a0d24383cc7474,2,1607,1609,1607,797,95.47556168586016,YES,selected
7ed72f31:o1:d024:transpose,0,/workspace/arc2/active_runs/eval60_v5_vs_greedy_4worker_v1/raw/task_depth/7ed72f31/d024.parquet,77b168bf09053fbe4f5721b1151425c4652b27477388cb6a8c2218320a44889a,UNKNOWN,CANDIDATE,7f7956fde3958832a41a63fdbc260f39707fd8d4aaa2a18347a0d24383cc7474,3,1744,1746,1744,947,106.53627342171967,YES,selected
7ed72f31:o1:d048:anti_transpose,0,/workspace/arc2/active_runs/eval60_v5_vs_greedy_4worker_v1/tmp/7ed72f31/d048/o01_g1.json,fa7de30c79a77c7ff5a3e1ef4122024b53571718585041d0d240026eca7c96d3,UNKNOWN,CANDIDATE,371db9cbc965f22bbd1f8a1ac6b5ce98d9ad5649c910233fa56d2a1485bf3a8b,3,1861,1862,1861,1139,53.36018499638885,YES,selected
7ed72f31:o1:d048:flip_ud,0,/workspace/arc2/active_runs/eval60_v5_vs_greedy_4worker_v1/tmp/7ed72f31/d048/o01_g0.json,115e2714cc52de33cff1fd1d147e8be8aab70287b33ed8f6056bc1ac2b7ef8d5,UNKNOWN,CANDIDATE,371db9cbc965f22bbd1f8a1ac6b5ce98d9ad5649c910233fa56d2a1485bf3a8b,4,2728,2730,2728,2398,145.39363731630147,YES,selected
7ed72f31:o1:d048:identity,0,/workspace/arc2/active_runs/eval60_v5_vs_greedy_4worker_v1/tmp/7ed72f31/d048/o01_g0.json,115e2714cc52de33cff1fd1d147e8be8aab70287b33ed8f6056bc1ac2b7ef8d5,UNKNOWN,CANDIDATE,371db9cbc965f22bbd1f8a1ac6b5ce98d9ad5649c910233fa56d2a1485bf3a8b,4,2727,2730,2727,1591,145.39363731630147,YES,selected
7ed72f31:o1:d048:transpose,0,/workspace/arc2/active_runs/eval60_v5_vs_greedy_4worker_v1/tmp/7ed72f31/d048/o01_g1.json,fa7de30c79a77c7ff5a3e1ef4122024b53571718585041d0d240026eca7c96d3,UNKNOWN,CANDIDATE,371db9cbc965f22bbd1f8a1ac6b5ce98d9ad5649c910233fa56d2a1485bf3a8b,3,1859,1862,1859,1147,53.36018499638885,YES,selected
80a900e0:o0:d012:anti_transpose,0,/workspace/arc2/active_runs/eval60_v5_vs_greedy_4worker_v1/tmp/80a900e0/d012/o00_g1.json,8ce292e46589d4d41a1b295a1758684ad3c5988a5e7f0237fb790c3b05c4988b,FAST_PASS,CANDIDATE,57c67a94745d92adc9f922c40da45a71fa6389982770c8f7b67ca942719b1b6e,1,482,483,482,272,29.113921634852886,YES,selected
80a900e0:o0:d012:flip_ud,0,/workspace/arc2/active_runs/eval60_v5_vs_greedy_4worker_v1/tmp/80a900e0/d012/o00_g0.json,df76ef61401c5090707fbc223fe77ac49588fb5946b22c949f40706492f41c24,FAST_PASS,CANDIDATE,57c67a94745d92adc9f922c40da45a71fa6389982770c8f7b67ca942719b1b6e,2,965,966,965,940,57.079614939168096,YES,selected
80a900e0:o0:d012:identity,0,/workspace/arc2/active_runs/eval60_v5_vs_greedy_4worker_v1/tmp/80a900e0/d012/o00_g0.json,df76ef61401c5090707fbc223fe77ac49588fb5946b22c949f40706492f41c24,HEAVY_REPAIR,CANDIDATE,57c67a94745d92adc9f922c40da45a71fa6389982770c8f7b67ca942719b1b6e,3,1447,1448,1447,1330,85.82321606762707,YES,selected
80a900e0:o0:d012:transpose,0,/workspace/arc2/active_runs/eval60_v5_vs_greedy_4worker_v1/tmp/80a900e0/d012/o00_g1.json,8ce292e46589d4d41a1b295a1758684ad3c5988a5e7f0237fb790c3b05c4988b,HEAVY_REPAIR,CANDIDATE,57c67a94745d92adc9f922c40da45a71fa6389982770c8f7b67ca942719b1b6e,1,482,483,482,465,28.56091712601483,YES,selected
80a900e0:o0:d024:anti_transpose,0,/workspace/arc2/active_runs/eval60_v5_vs_greedy_4worker_v1/tmp/80a900e0/d024/o00_g1.json,78272db352b126f9676ff91d0f2425099d5ed200ef6793c9a5864fc69169dda8,HEAVY_REPAIR,CANDIDATE,3f0347239442e3a98316d17d3bad5f5e7939559573ac90771c5374fede0320ae,2,963,964,963,876,56.41150804422796,YES,selected
80a900e0:o0:d024:flip_ud,0,/workspace/arc2/active_runs/eval60_v5_vs_greedy_4worker_v1/tmp/80a900e0/d024/o00_g0.json,72421376681b4084ca7797193adc6e43c0aeb2baed4409926ad7bd0f0ee27309,FAST_PASS,CANDIDATE,3f0347239442e3a98316d17d3bad5f5e7939559573ac90771c5374fede0320ae,3,1403,1404,1403,1303,84.38177825883031,YES,selected
80a900e0:o0:d024:identity,0,/workspace/arc2/active_runs/eval60_v5_vs_greedy_4worker_v1/tmp/80a900e0/d024/o00_g0.json,72421376681b4084ca7797193adc6e43c0aeb2baed4409926ad7bd0f0ee27309,HEAVY_REPAIR,CANDIDATE,3f0347239442e3a98316d17d3bad5f5e7939559573ac90771c5374fede0320ae,2,964,965,964,848,57.605700224637985,YES,selected
80a900e0:o0:d024:transpose,0,/workspace/arc2/active_runs/eval60_v5_vs_greedy_4worker_v1/tmp/80a900e0/d024/o00_g1.json,78272db352b126f9676ff91d0f2425099d5ed200ef6793c9a5864fc69169dda8,FAST_PASS,CANDIDATE,3f0347239442e3a98316d17d3bad5f5e7939559573ac90771c5374fede0320ae,2,964,965,964,742,59.187431866303086,YES,selected
80a900e0:o0:d048:anti_transpose,0,/workspace/arc2/active_runs/eval60_v5_vs_greedy_4worker_v1/tmp/80a900e0/d048/o00_g1.json,41401fb75e181a4f8b5c0631ac4550188af5891cde7f2ae8f446e07d66e41ec8,HEAVY_REPAIR,CANDIDATE,33a1ee6e479ef901f46b6d4515e73600d6c393d62da2c51cc4fc5584d4a8c14a,2,941,942,941,548,55.12276483885944,YES,selected
80a900e0:o0:d048:flip_ud,0,/workspace/arc2/active_runs/eval60_v5_vs_greedy_4worker_v1/tmp/80a900e0/d048/o00_g0.json,4c2c97528cd38cadcc7c2e1c4572c25b805875dd348d84215ff453e0a67e3cb3,FAST_PASS,CANDIDATE,33a1ee6e479ef901f46b6d4515e73600d6c393d62da2c51cc4fc5584d4a8c14a,2,892,893,892,654,53.2285683285445,YES,selected
80a900e0:o0:d048:identity,0,/workspace/arc2/active_runs/eval60_v5_vs_greedy_4worker_v1/tmp/80a900e0/d048/o00_g0.json,4c2c97528cd38cadcc7c2e1c4572c25b805875dd348d84215ff453e0a67e3cb3,HEAVY_REPAIR,CANDIDATE,33a1ee6e479ef901f46b6d4515e73600d6c393d62da2c51cc4fc5584d4a8c14a,3,1443,1444,1443,1280,85.05434165894985,YES,selected
80a900e0:o0:d048:transpose,0,/workspace/arc2/active_runs/eval60_v5_vs_greedy_4worker_v1/tmp/80a900e0/d048/o00_g1.json,41401fb75e181a4f8b5c0631ac4550188af5891cde7f2ae8f446e07d66e41ec8,FAST_PASS,CANDIDATE,33a1ee6e479ef901f46b6d4515e73600d6c393d62da2c51cc4fc5584d4a8c14a,2,964,965,964,580,57.47531549818814,YES,selected
88bcf3b4:o0:d012:anti_transpose,0,/workspace/arc2/active_runs/eval60_v5_vs_greedy_4worker_v1/tmp/88bcf3b4/d012/o00_g1.json,0b88119f290231de20fd881366b8bd8e7532d025baffaa9c1a6d71fad94a45e9,FAST_PASS,CANDIDATE,18749a4df0f802c28ece4b08854d2bae9ae6ae712a372309cfbcb9cd3cbf0df1,2,683,684,683,326,41.187018828466535,YES,selected
88bcf3b4:o0:d012:flip_ud,0,/workspace/arc2/active_runs/eval60_v5_vs_greedy_4worker_v1/tmp/88bcf3b4/d012/o00_g0.json,01f310eb58667c2604fcde8e90b9fc74e016d03af56bea58dd1dc0d1e137966b,FAST_PASS,CANDIDATE,18749a4df0f802c28ece4b08854d2bae9ae6ae712a372309cfbcb9cd3cbf0df1,3,1297,1298,1297,1133,77.11957444995642,YES,selected
88bcf3b4:o0:d012:identity,0,/workspace/arc2/active_runs/eval60_v5_vs_greedy_4worker_v1/tmp/88bcf3b4/d012/o00_g0.json,01f310eb58667c2604fcde8e90b9fc74e016d03af56bea58dd1dc0d1e137966b,FAST_PASS,CANDIDATE,18749a4df0f802c28ece4b08854d2bae9ae6ae712a372309cfbcb9cd3cbf0df1,1,505,506,505,297,30.6877757627517,YES,selected
88bcf3b4:o0:d012:transpose,0,/workspace/arc2/active_runs/eval60_v5_vs_greedy_4worker_v1/tmp/88bcf3b4/d012/o00_g1.json,0b88119f290231de20fd881366b8bd8e7532d025baffaa9c1a6d71fad94a45e9,FAST_PASS,CANDIDATE,18749a4df0f802c28ece4b08854d2bae9ae6ae712a372309cfbcb9cd3cbf0df1,2,1002,1003,1002,770,60.21572193317115,YES,selected
88bcf3b4:o0:d024:anti_transpose,0,/workspace/arc2/active_runs/eval60_v5_vs_greedy_4worker_v1/tmp/88bcf3b4/d024/o00_g1.json,3a471819f02bba175af7ed9aa02618d91233c1314f1cf9ce56a37c718fb3ec37,HEAVY_REPAIR,CANDIDATE,d56ebb63ef4ae167554e38140c174bf867948bd1ac5783a0affd01a87292b5c3,1,505,506,505,163,29.84344250895083,YES,selected
88bcf3b4:o0:d024:flip_ud,0,/workspace/arc2/active_runs/eval60_v5_vs_greedy_4worker_v1/tmp/88bcf3b4/d024/o00_g0.json,b88c987fbb18966dfb83ced443d297a3dc88e8f434c638ea75e20935d88f84f6,FAST_PASS,CANDIDATE,d56ebb63ef4ae167554e38140c174bf867948bd1ac5783a0affd01a87292b5c3,2,843,844,843,486,50.162461560219526,YES,selected
88bcf3b4:o0:d024:identity,0,/workspace/arc2/active_runs/eval60_v5_vs_greedy_4worker_v1/tmp/88bcf3b4/d024/o00_g0.json,b88c987fbb18966dfb83ced443d297a3dc88e8f434c638ea75e20935d88f84f6,FAST_PASS,CANDIDATE,d56ebb63ef4ae167554e38140c174bf867948bd1ac5783a0affd01a87292b5c3,2,843,844,843,466,50.4259027633816,YES,selected
88bcf3b4:o0:d024:transpose,0,/workspace/arc2/active_runs/eval60_v5_vs_greedy_4worker_v1/tmp/88bcf3b4/d024/o00_g1.json,3a471819f02bba175af7ed9aa02618d91233c1314f1cf9ce56a37c718fb3ec37,HEAVY_REPAIR,CANDIDATE,d56ebb63ef4ae167554e38140c174bf867948bd1ac5783a0affd01a87292b5c3,2,855,856,855,573,50.906830267980695,YES,selected
88bcf3b4:o0:d048:anti_transpose,0,/workspace/arc2/active_runs/eval60_v5_vs_greedy_4worker_v1/tmp/88bcf3b4/d048/o00_g1.json,45ce73b1bee42c3ec71726198169fc4af4fb76531432aeb91e85ebe2df641e46,FAST_PASS,CANDIDATE,ea8e311644a31b1bec63bb1ce9b1d1ba30292a19337743e6ed1d29fed5bf88d2,3,836,837,836,152,50.709482895210385,YES,selected
88bcf3b4:o0:d048:flip_ud,0,/workspace/arc2/active_runs/eval60_v5_vs_greedy_4worker_v1/tmp/88bcf3b4/d048/o00_g0.json,00e87848fc64f60d0e51da5769391873701fe180cbbcf320f16b622928f9cde3,HEAVY_REPAIR,CANDIDATE,ea8e311644a31b1bec63bb1ce9b1d1ba30292a19337743e6ed1d29fed5bf88d2,3,1228,1229,1228,564,72.13904627598822,YES,selected
88bcf3b4:o0:d048:identity,0,/workspace/arc2/active_runs/eval60_v5_vs_greedy_4worker_v1/tmp/88bcf3b4/d048/o00_g0.json,00e87848fc64f60d0e51da5769391873701fe180cbbcf320f16b622928f9cde3,FAST_PASS,CANDIDATE,ea8e311644a31b1bec63bb1ce9b1d1ba30292a19337743e6ed1d29fed5bf88d2,2,843,844,843,238,49.83988332748413,YES,selected
88bcf3b4:o0:d048:transpose,0,/workspace/arc2/active_runs/eval60_v5_vs_greedy_4worker_v1/tmp/88bcf3b4/d048/o00_g1.json,45ce73b1bee42c3ec71726198169fc4af4fb76531432aeb91e85ebe2df641e46,HEAVY_REPAIR,CANDIDATE,ea8e311644a31b1bec63bb1ce9b1d1ba30292a19337743e6ed1d29fed5bf88d2,2,855,856,855,0,50.49781680479646,YES,selected
88bcf3b4:o1:d012:anti_transpose,0,/workspace/arc2/active_runs/eval60_v5_vs_greedy_4worker_v1/tmp/88bcf3b4/d012/o01_g1.json,d6c84ce94ff8c4e9fa4d02875d046c7e9e41927efaa19a37897dbce7f49a98f1,HEAVY_REPAIR,CANDIDATE,18749a4df0f802c28ece4b08854d2bae9ae6ae712a372309cfbcb9cd3cbf0df1,2,1359,1360,1359,1129,80.72498361952603,YES,selected
88bcf3b4:o1:d012:flip_ud,0,/workspace/arc2/active_runs/eval60_v5_vs_greedy_4worker_v1/tmp/88bcf3b4/d012/o01_g0.json,b0567a0a7f359842ed9149c4e951774fe44088d01014cea46a6e4d974547d43b,FAST_PASS,CANDIDATE,18749a4df0f802c28ece4b08854d2bae9ae6ae712a372309cfbcb9cd3cbf0df1,1,755,756,755,583,45.06178457662463,YES,selected
88bcf3b4:o1:d012:identity,0,/workspace/arc2/active_runs/eval60_v5_vs_greedy_4worker_v1/tmp/88bcf3b4/d012/o01_g0.json,b0567a0a7f359842ed9149c4e951774fe44088d01014cea46a6e4d974547d43b,FAST_PASS,CANDIDATE,18749a4df0f802c28ece4b08854d2bae9ae6ae712a372309cfbcb9cd3cbf0df1,1,755,756,755,423,45.28633529506624,YES,selected
88bcf3b4:o1:d012:transpose,0,/workspace/arc2/active_runs/eval60_v5_vs_greedy_4worker_v1/tmp/88bcf3b4/d012/o01_g1.json,d6c84ce94ff8c4e9fa4d02875d046c7e9e41927efaa19a37897dbce7f49a98f1,HEAVY_REPAIR,CANDIDATE,18749a4df0f802c28ece4b08854d2bae9ae6ae712a372309cfbcb9cd3cbf0df1,1,755,756,755,415,45.07520962879062,YES,selected
88bcf3b4:o1:d024:anti_transpose,0,/workspace/arc2/active_runs/eval60_v5_vs_greedy_4worker_v1/tmp/88bcf3b4/d024/o01_g1.json,68099858f3cfaa91d5bfca30a08634fe54bffb6c3bdf6a845eabdf09f17eeedd,HEAVY_REPAIR,CANDIDATE,d56ebb63ef4ae167554e38140c174bf867948bd1ac5783a0affd01a87292b5c3,1,755,756,755,478,44.37010201625526,YES,selected
88bcf3b4:o1:d024:flip_ud,0,/workspace/arc2/active_runs/eval60_v5_vs_greedy_4worker_v1/tmp/88bcf3b4/d024/o01_g0.json,acf057a262bbaaa328b3b70f5afee7266309ae905b5362cfc810ddb389df9de1,FAST_PASS,CANDIDATE,d56ebb63ef4ae167554e38140c174bf867948bd1ac5783a0affd01a87292b5c3,3,1917,1918,1917,1278,115.1501609198749,YES,selected
88bcf3b4:o1:d024:identity,0,/workspace/arc2/active_runs/eval60_v5_vs_greedy_4worker_v1/tmp/88bcf3b4/d024/o01_g0.json,acf057a262bbaaa328b3b70f5afee7266309ae905b5362cfc810ddb389df9de1,FAST_PASS,CANDIDATE,d56ebb63ef4ae167554e38140c174bf867948bd1ac5783a0affd01a87292b5c3,2,1217,1218,1217,632,72.63096956908703,YES,selected
88bcf3b4:o1:d024:transpose,0,/workspace/arc2/active_runs/eval60_v5_vs_greedy_4worker_v1/tmp/88bcf3b4/d024/o01_g1.json,68099858f3cfaa91d5bfca30a08634fe54bffb6c3bdf6a845eabdf09f17eeedd,HEAVY_REPAIR,CANDIDATE,d56ebb63ef4ae167554e38140c174bf867948bd1ac5783a0affd01a87292b5c3,1,755,756,755,381,44.92861032485962,YES,selected
88bcf3b4:o1:d048:anti_transpose,0,/workspace/arc2/active_runs/eval60_v5_vs_greedy_4worker_v1/tmp/88bcf3b4/d048/o01_g1.json,9ccf8c9fae315f6cfdab410927ffaa3c1635fe91666d84f509310beaaaaa818f,HEAVY_REPAIR,CANDIDATE,ea8e311644a31b1bec63bb1ce9b1d1ba30292a19337743e6ed1d29fed5bf88d2,2,1157,1158,1157,745,67.60305927321315,YES,selected
88bcf3b4:o1:d048:flip_ud,0,/workspace/arc2/active_runs/eval60_v5_vs_greedy_4worker_v1/tmp/88bcf3b4/d048/o01_g0.json,3081e83c97ab0cf139ff63bfca163090447fd2dfab6699d1b78b4a40626f9293,HEAVY_REPAIR,CANDIDATE,ea8e311644a31b1bec63bb1ce9b1d1ba30292a19337743e6ed1d29fed5bf88d2,2,1365,1366,1365,953,80.82941945269704,YES,selected
88bcf3b4:o1:d048:identity,0,/workspace/arc2/active_runs/eval60_v5_vs_greedy_4worker_v1/tmp/88bcf3b4/d048/o01_g0.json,3081e83c97ab0cf139ff63bfca163090447fd2dfab6699d1b78b4a40626f9293,HEAVY_REPAIR,CANDIDATE,ea8e311644a31b1bec63bb1ce9b1d1ba30292a19337743e6ed1d29fed5bf88d2,1,755,756,755,0,44.2588949482888,YES,selected
88bcf3b4:o1:d048:transpose,0,/workspace/arc2/active_runs/eval60_v5_vs_greedy_4worker_v1/tmp/88bcf3b4/d048/o01_g1.json,9ccf8c9fae315f6cfdab410927ffaa3c1635fe91666d84f509310beaaaaa818f,FAST_PASS,CANDIDATE,ea8e311644a31b1bec63bb1ce9b1d1ba30292a19337743e6ed1d29fed5bf88d2,1,755,756,755,124,45.37314554490149,YES,selected
898e7135:o0:d012:anti_transpose,0,/workspace/arc2/active_runs/eval60_v5_vs_greedy_4worker_v1/tmp/898e7135/d012/o00_g1.json,1847961bb9ee45f08fbb4c39f4ca9f932163fcc7b4cd727232a185c259719af2,FAST_PASS,CANDIDATE,fc658bf5caa5577837ed69d82de4adbd78fe6e602b0195412230b78238a4a381,2,1762,1763,1762,1638,104.80076353996992,YES,selected
898e7135:o0:d012:flip_ud,0,/workspace/arc2/active_runs/eval60_v5_vs_greedy_4worker_v1/tmp/898e7135/d012/o00_g0.json,7c8a23e1afca2c98d663b08fcffc4cbdd567364effbbb6d2b076286c18e0e6c0,FAST_PASS,CANDIDATE,fc658bf5caa5577837ed69d82de4adbd78fe6e602b0195412230b78238a4a381,2,792,793,792,736,46.46154180727899,YES,selected
898e7135:o0:d012:identity,0,/workspace/arc2/active_runs/eval60_v5_vs_greedy_4worker_v1/tmp/898e7135/d012/o00_g0.json,7c8a23e1afca2c98d663b08fcffc4cbdd567364effbbb6d2b076286c18e0e6c0,FAST_PASS,CANDIDATE,fc658bf5caa5577837ed69d82de4adbd78fe6e602b0195412230b78238a4a381,2,794,795,794,608,47.18486616201699,YES,selected
898e7135:o0:d012:transpose,0,/workspace/arc2/active_runs/eval60_v5_vs_greedy_4worker_v1/tmp/898e7135/d012/o00_g1.json,1847961bb9ee45f08fbb4c39f4ca9f932163fcc7b4cd727232a185c259719af2,FAST_PASS,CANDIDATE,fc658bf5caa5577837ed69d82de4adbd78fe6e602b0195412230b78238a4a381,2,1174,1175,1174,1092,68.4702045340091,YES,selected
898e7135:o0:d024:anti_transpose,0,/workspace/arc2/active_runs/eval60_v5_vs_greedy_4worker_v1/tmp/898e7135/d024/o00_g1.json,167ce053a84d46afece92d7d177faea3daf1a0e203a0b3bde5c856ea28742034,FAST_PASS,CANDIDATE,378fddf36e0d36789b6ae6430964a86f04617fc2f4e34d2a6c6b960201871417,2,794,795,794,162,46.69823697954416,YES,selected
898e7135:o0:d024:flip_ud,0,/workspace/arc2/active_runs/eval60_v5_vs_greedy_4worker_v1/tmp/898e7135/d024/o00_g0.json,7f7e257a5a2b3c3253fc3cf77b9bcc534a16f38f8f7f2b8ed2705879a32e696f,FAST_PASS,CANDIDATE,378fddf36e0d36789b6ae6430964a86f04617fc2f4e34d2a6c6b960201871417,1,419,420,419,152,25.16803488135338,YES,selected
898e7135:o0:d024:identity,0,/workspace/arc2/active_runs/eval60_v5_vs_greedy_4worker_v1/tmp/898e7135/d024/o00_g0.json,7f7e257a5a2b3c3253fc3cf77b9bcc534a16f38f8f7f2b8ed2705879a32e696f,FAST_PASS,CANDIDATE,378fddf36e0d36789b6ae6430964a86f04617fc2f4e34d2a6c6b960201871417,1,419,420,419,0,25.473257584497333,YES,selected
898e7135:o0:d024:transpose,0,/workspace/arc2/active_runs/eval60_v5_vs_greedy_4worker_v1/tmp/898e7135/d024/o00_g1.json,167ce053a84d46afece92d7d177faea3daf1a0e203a0b3bde5c856ea28742034,FAST_PASS,CANDIDATE,378fddf36e0d36789b6ae6430964a86f04617fc2f4e34d2a6c6b960201871417,2,784,785,784,210,46.013934733346105,YES,selected
898e7135:o0:d048:anti_transpose,0,/workspace/arc2/active_runs/eval60_v5_vs_greedy_4worker_v1/tmp/898e7135/d048/o00_g1.json,281e252442aee5e5c8ccde149a84c63a344a1db65ea575294f79e6b19df2f948,FAST_PASS,CANDIDATE,07b049ca903c46b4048bf4f33896a71551ca7798c1d3aae1b7e62649836067d6,2,784,785,784,492,46.487008484080434,YES,selected
898e7135:o0:d048:flip_ud,0,/workspace/arc2/active_runs/eval60_v5_vs_greedy_4worker_v1/tmp/898e7135/d048/o00_g0.json,a3c415ea7cc2b89b7a4b9c86d2ec54d167738224a96aa71dea351a248eb204e8,FAST_PASS,CANDIDATE,07b049ca903c46b4048bf4f33896a71551ca7798c1d3aae1b7e62649836067d6,2,792,793,792,368,47.93096983805299,YES,selected
898e7135:o0:d048:identity,0,/workspace/arc2/active_runs/eval60_v5_vs_greedy_4worker_v1/tmp/898e7135/d048/o00_g0.json,a3c415ea7cc2b89b7a4b9c86d2ec54d167738224a96aa71dea351a248eb204e8,FAST_PASS,CANDIDATE,07b049ca903c46b4048bf4f33896a71551ca7798c1d3aae1b7e62649836067d6,1,419,420,419,0,25.065984200686216,YES,selected
898e7135:o0:d048:transpose,0,/workspace/arc2/active_runs/eval60_v5_vs_greedy_4worker_v1/tmp/898e7135/d048/o00_g1.json,281e252442aee5e5c8ccde149a84c63a344a1db65ea575294f79e6b19df2f948,FAST_PASS,CANDIDATE,07b049ca903c46b4048bf4f33896a71551ca7798c1d3aae1b7e62649836067d6,2,1174,1175,1174,1082,68.71807294897735,YES,selected
8b7bacbf:o0:d012:anti_transpose,0,/workspace/arc2/active_runs/eval60_v5_vs_greedy_4worker_v1/tmp/8b7bacbf/d012/o00_g1.json,b2dcd201b559b8ff659267ea0de7adfda84d7c677bebe5dfefade70748a9570f,UNKNOWN,CANDIDATE,c773ecbbbfed847e7042bf3cd4c9ceb9ae406dd2f45e5a458172dccce44c8ae7,2,1722,1724,1722,955,50.44832143839449,YES,selected
8b7bacbf:o0:d012:flip_ud,0,/workspace/arc2/active_runs/eval60_v5_vs_greedy_4worker_v1/tmp/8b7bacbf/d012/o00_g0.json,94aa2f9a1a334a321a21905ab37b27f7b3eff08664bc7afdb6b3890b7cd12ab2,UNKNOWN,CANDIDATE,c773ecbbbfed847e7042bf3cd4c9ceb9ae406dd2f45e5a458172dccce44c8ae7,4,2959,2961,2959,1649,84.49601047299802,YES,selected
8b7bacbf:o0:d012:identity,0,/workspace/arc2/active_runs/eval60_v5_vs_greedy_4worker_v1/tmp/8b7bacbf/d012/o00_g0.json,94aa2f9a1a334a321a21905ab37b27f7b3eff08664bc7afdb6b3890b7cd12ab2,UNKNOWN,CANDIDATE,c773ecbbbfed847e7042bf3cd4c9ceb9ae406dd2f45e5a458172dccce44c8ae7,4,2958,2961,2958,2202,84.49601047299802,YES,selected
8b7bacbf:o0:d012:transpose,0,/workspace/arc2/active_runs/eval60_v5_vs_greedy_4worker_v1/tmp/8b7bacbf/d012/o00_g1.json,b2dcd201b559b8ff659267ea0de7adfda84d7c677bebe5dfefade70748a9570f,UNKNOWN,CANDIDATE,c773ecbbbfed847e7042bf3cd4c9ceb9ae406dd2f45e5a458172dccce44c8ae7,2,1723,1724,1723,1048,50.44832143839449,YES,selected
8b7bacbf:o0:d024:anti_transpose,0,/workspace/arc2/active_runs/eval60_v5_vs_greedy_4worker_v1/tmp/8b7bacbf/d024/o00_g1.json,4075e6be0980dae3f54cd8cddf7d99853b951529aa12ff1ba1b1150bdb4fb691,UNKNOWN,CANDIDATE,67258f2d5c0cfbeea7f9d141ccd57d1e885844477b67e070f2fa7e20ac2b8f71,2,1604,1605,1604,485,46.1590632526204,YES,selected
8b7bacbf:o0:d024:flip_ud,0,/workspace/arc2/active_runs/eval60_v5_vs_greedy_4worker_v1/tmp/8b7bacbf/d024/o00_g0.json,585168ec81978d62e1d78f2966b57ef8020c7d470680501d498de4fa64448d51,UNKNOWN,CANDIDATE,67258f2d5c0cfbeea7f9d141ccd57d1e885844477b67e070f2fa7e20ac2b8f71,2,1532,1533,1532,0,43.89660013653338,YES,selected
8b7bacbf:o0:d024:identity,0,/workspace/arc2/active_runs/eval60_v5_vs_greedy_4worker_v1/tmp/8b7bacbf/d024/o00_g0.json,585168ec81978d62e1d78f2966b57ef8020c7d470680501d498de4fa64448d51,UNKNOWN,CANDIDATE,67258f2d5c0cfbeea7f9d141ccd57d1e885844477b67e070f2fa7e20ac2b8f71,2,1531,1533,1531,603,43.89660013653338,YES,selected
8b7bacbf:o0:d024:transpose,0,/workspace/arc2/active_runs/eval60_v5_vs_greedy_4worker_v1/tmp/8b7bacbf/d024/o00_g1.json,4075e6be0980dae3f54cd8cddf7d99853b951529aa12ff1ba1b1150bdb4fb691,UNKNOWN,CANDIDATE,67258f2d5c0cfbeea7f9d141ccd57d1e885844477b67e070f2fa7e20ac2b8f71,2,1603,1605,1603,675,46.1590632526204,YES,selected
8b7bacbf:o0:d048:anti_transpose,0,/workspace/arc2/active_runs/eval60_v5_vs_greedy_4worker_v1/tmp/8b7bacbf/d048/o00_g1.json,d644ac55fe751cb7fcd854154732ab02663d9eb4af015dd56a5d1448d6934cad,UNKNOWN,CANDIDATE,0b74e4831afb02aeea4f56546bfdfcc0a60239d0d0344dc35648b495df4553d5,2,1445,1446,1445,324,42.1433838699013,YES,selected
8b7bacbf:o0:d048:flip_ud,0,/workspace/arc2/active_runs/eval60_v5_vs_greedy_4worker_v1/tmp/8b7bacbf/d048/o00_g0.json,2ebcd15b83b19bbe5d27c8ac708003ec298c807106fb626b56ea5b5f99d46eba,UNKNOWN,CANDIDATE,0b74e4831afb02aeea4f56546bfdfcc0a60239d0d0344dc35648b495df4553d5,2,1751,1753,1751,823,50.37113282363862,YES,selected
8b7bacbf:o0:d048:identity,0,/workspace/arc2/active_runs/eval60_v5_vs_greedy_4worker_v1/tmp/8b7bacbf/d048/o00_g0.json,2ebcd15b83b19bbe5d27c8ac708003ec298c807106fb626b56ea5b5f99d46eba,UNKNOWN,CANDIDATE,0b74e4831afb02aeea4f56546bfdfcc0a60239d0d0344dc35648b495df4553d5,2,1752,1753,1752,1084,50.37113282363862,YES,selected
8b7bacbf:o0:d048:transpose,0,/workspace/arc2/active_runs/eval60_v5_vs_greedy_4worker_v1/tmp/8b7bacbf/d048/o00_g1.json,d644ac55fe751cb7fcd854154732ab02663d9eb4af015dd56a5d1448d6934cad,UNKNOWN,CANDIDATE,0b74e4831afb02aeea4f56546bfdfcc0a60239d0d0344dc35648b495df4553d5,2,1444,1446,1444,516,42.1433838699013,YES,selected
8b7bacbf:o1:d012:anti_transpose,0,/workspace/arc2/active_runs/eval60_v5_vs_greedy_4worker_v1/tmp/8b7bacbf/d012/o01_g1.json,8e93bc9231186286a62de83df853d14eff9c8532171f3c3dae7cde0512f029cf,UNKNOWN,CANDIDATE,c773ecbbbfed847e7042bf3cd4c9ceb9ae406dd2f45e5a458172dccce44c8ae7,4,2104,2106,2104,1938,60.22605944238603,YES,selected
8b7bacbf:o1:d012:flip_ud,0,/workspace/arc2/active_runs/eval60_v5_vs_greedy_4worker_v1/tmp/8b7bacbf/d012/o01_g0.json,7f49d7650597c21631b1698872faf2f7ac1f31f08446fd9fe9a092363c239b63,UNKNOWN,CANDIDATE,c773ecbbbfed847e7042bf3cd4c9ceb9ae406dd2f45e5a458172dccce44c8ae7,4,2091,2094,2091,1689,60.95888001192361,YES,selected
8b7bacbf:o1:d012:identity,0,/workspace/arc2/active_runs/eval60_v5_vs_greedy_4worker_v1/tmp/8b7bacbf/d012/o01_g0.json,7f49d7650597c21631b1698872faf2f7ac1f31f08446fd9fe9a092363c239b63,UNKNOWN,CANDIDATE,c773ecbbbfed847e7042bf3cd4c9ceb9ae406dd2f45e5a458172dccce44c8ae7,4,2092,2094,2092,1587,60.95888001192361,YES,selected
8b7bacbf:o1:d012:transpose,0,/workspace/arc2/active_runs/eval60_v5_vs_greedy_4worker_v1/tmp/8b7bacbf/d012/o01_g1.json,8e93bc9231186286a62de83df853d14eff9c8532171f3c3dae7cde0512f029cf,UNKNOWN,CANDIDATE,c773ecbbbfed847e7042bf3cd4c9ceb9ae406dd2f45e5a458172dccce44c8ae7,4,2103,2106,2103,1684,60.22605944238603,YES,selected
8b7bacbf:o1:d024:anti_transpose,0,/workspace/arc2/active_runs/eval60_v5_vs_greedy_4worker_v1/tmp/8b7bacbf/d024/o01_g1.json,65c6fe9f4efc7f8f16ac39b1afda4faad851518885578c3fc6cbcab7930f4e78,UNKNOWN,CANDIDATE,67258f2d5c0cfbeea7f9d141ccd57d1e885844477b67e070f2fa7e20ac2b8f71,3,1557,1559,1557,1427,45.51159697864205,YES,selected
8b7bacbf:o1:d024:flip_ud,0,/workspace/arc2/active_runs/eval60_v5_vs_greedy_4worker_v1/tmp/8b7bacbf/d024/o01_g0.json,afdc5b3ab0311c66f6c7c181fec2759c00f6efba22c5a20104b575e383df1f55,UNKNOWN,CANDIDATE,67258f2d5c0cfbeea7f9d141ccd57d1e885844477b67e070f2fa7e20ac2b8f71,3,1531,1533,1531,805,44.43274552281946,YES,selected
8b7bacbf:o1:d024:identity,0,/workspace/arc2/active_runs/eval60_v5_vs_greedy_4worker_v1/tmp/8b7bacbf/d024/o01_g0.json,afdc5b3ab0311c66f6c7c181fec2759c00f6efba22c5a20104b575e383df1f55,UNKNOWN,CANDIDATE,67258f2d5c0cfbeea7f9d141ccd57d1e885844477b67e070f2fa7e20ac2b8f71,3,1531,1533,1531,628,44.43274552281946,YES,selected
8b7bacbf:o1:d024:transpose,0,/workspace/arc2/active_runs/eval60_v5_vs_greedy_4worker_v1/tmp/8b7bacbf/d024/o01_g1.json,65c6fe9f4efc7f8f16ac39b1afda4faad851518885578c3fc6cbcab7930f4e78,UNKNOWN,CANDIDATE,67258f2d5c0cfbeea7f9d141ccd57d1e885844477b67e070f2fa7e20ac2b8f71,3,1557,1559,1557,555,45.51159697864205,YES,selected
8b7bacbf:o1:d048:anti_transpose,0,/workspace/arc2/active_runs/eval60_v5_vs_greedy_4worker_v1/tmp/8b7bacbf/d048/o01_g1.json,febe0d8620988cf843c9723eafbe039774150a67ceb04639f06046ded5b2e91d,UNKNOWN,CANDIDATE,0b74e4831afb02aeea4f56546bfdfcc0a60239d0d0344dc35648b495df4553d5,3,1542,1544,1542,406,44.934844127856195,YES,selected
8b7bacbf:o1:d048:flip_ud,0,/workspace/arc2/active_runs/eval60_v5_vs_greedy_4worker_v1/tmp/8b7bacbf/d048/o01_g0.json,f34d8df19b071cbfa026e0a2cba76b63490272f83a7f3865343c3e073af52d39,UNKNOWN,CANDIDATE,0b74e4831afb02aeea4f56546bfdfcc0a60239d0d0344dc35648b495df4553d5,3,1122,1123,1122,117,32.459896811284125,YES,selected
8b7bacbf:o1:d048:identity,0,/workspace/arc2/active_runs/eval60_v5_vs_greedy_4worker_v1/tmp/8b7bacbf/d048/o01_g0.json,f34d8df19b071cbfa026e0a2cba76b63490272f83a7f3865343c3e073af52d39,UNKNOWN,CANDIDATE,0b74e4831afb02aeea4f56546bfdfcc0a60239d0d0344dc35648b495df4553d5,3,1120,1123,1120,529,32.459896811284125,YES,selected
8b7bacbf:o1:d048:transpose,0,/workspace/arc2/active_runs/eval60_v5_vs_greedy_4worker_v1/tmp/8b7bacbf/d048/o01_g1.json,febe0d8620988cf843c9723eafbe039774150a67ceb04639f06046ded5b2e91d,UNKNOWN,CANDIDATE,0b74e4831afb02aeea4f56546bfdfcc0a60239d0d0344dc35648b495df4553d5,3,1542,1544,1542,540,44.934844127856195,YES,selected
8e5c0c38:o0:d012:anti_transpose,0,/workspace/arc2/active_runs/eval60_v5_vs_greedy_4worker_v1/tmp/8e5c0c38/d012/o00_g1.json,f8f507f33fb40eba096201a8e957693c52c79273d511158a944fde7f5931a6e5,HEAVY_REPAIR,CANDIDATE,7192d731859afe06230750abbaef6c416db8030d8ba9c934abdc9f4b50624170,2,744,745,744,0,43.86300514638424,YES,selected
8e5c0c38:o0:d012:flip_ud,0,/workspace/arc2/active_runs/eval60_v5_vs_greedy_4worker_v1/tmp/8e5c0c38/d012/o00_g0.json,7b351de1411807e0695708efdd559441fedbac0b7e94c8f1be38a4534689dcab,HEAVY_REPAIR,CANDIDATE,7192d731859afe06230750abbaef6c416db8030d8ba9c934abdc9f4b50624170,1,505,506,505,226,29.719651326537132,YES,selected
8e5c0c38:o0:d012:identity,0,/workspace/arc2/active_runs/eval60_v5_vs_greedy_4worker_v1/tmp/8e5c0c38/d012/o00_g0.json,7b351de1411807e0695708efdd559441fedbac0b7e94c8f1be38a4534689dcab,FAST_PASS,CANDIDATE,7192d731859afe06230750abbaef6c416db8030d8ba9c934abdc9f4b50624170,3,1183,1184,1183,743,71.10607726313174,YES,selected
8e5c0c38:o0:d012:transpose,0,/workspace/arc2/active_runs/eval60_v5_vs_greedy_4worker_v1/tmp/8e5c0c38/d012/o00_g1.json,f8f507f33fb40eba096201a8e957693c52c79273d511158a944fde7f5931a6e5,FAST_PASS,CANDIDATE,7192d731859afe06230750abbaef6c416db8030d8ba9c934abdc9f4b50624170,2,933,934,933,744,56.32273714616895,YES,selected
8e5c0c38:o0:d024:anti_transpose,0,/workspace/arc2/active_runs/eval60_v5_vs_greedy_4worker_v1/tmp/8e5c0c38/d024/o00_g1.json,8dc989fb6a43dabb1ea5f08fbc7f34a7ff3f3656b1da762548412e3f784d67a3,HEAVY_REPAIR,CANDIDATE,d454b65ffa852097f92089568c430f6702ea0375670395863c0c26a62b00f5dd,2,983,984,983,548,58.025054136291146,YES,selected
8e5c0c38:o0:d024:flip_ud,0,/workspace/arc2/active_runs/eval60_v5_vs_greedy_4worker_v1/tmp/8e5c0c38/d024/o00_g0.json,0c857433ba838e0283698520e81ec9c7dd461337f863b6fd1c224601fadcd9ac,HEAVY_REPAIR,CANDIDATE,d454b65ffa852097f92089568c430f6702ea0375670395863c0c26a62b00f5dd,1,505,506,505,0,30.819684147834778,YES,selected
8e5c0c38:o0:d024:identity,0,/workspace/arc2/active_runs/eval60_v5_vs_greedy_4worker_v1/tmp/8e5c0c38/d024/o00_g0.json,0c857433ba838e0283698520e81ec9c7dd461337f863b6fd1c224601fadcd9ac,FAST_PASS,CANDIDATE,d454b65ffa852097f92089568c430f6702ea0375670395863c0c26a62b00f5dd,3,1202,1203,1202,693,72.7697083633393,YES,selected
8e5c0c38:o0:d024:transpose,0,/workspace/arc2/active_runs/eval60_v5_vs_greedy_4worker_v1/tmp/8e5c0c38/d024/o00_g1.json,8dc989fb6a43dabb1ea5f08fbc7f34a7ff3f3656b1da762548412e3f784d67a3,FAST_PASS,CANDIDATE,d454b65ffa852097f92089568c430f6702ea0375670395863c0c26a62b00f5dd,2,968,969,968,769,56.981565771624446,YES,selected
8e5c0c38:o0:d048:anti_transpose,0,/workspace/arc2/active_runs/eval60_v5_vs_greedy_4worker_v1/tmp/8e5c0c38/d048/o00_g1.json,a0bd39e26339ac5aa89509ce3730025e61c07192000c78e9ea8d08ed4262980b,HEAVY_REPAIR,CANDIDATE,a7550c55a3b905704bdb0314b7dc2fa27bc79c25ea417fcc4aea9cce3db8abf1,3,1293,1294,1293,929,76.13843586295843,YES,selected
8e5c0c38:o0:d048:flip_ud,0,/workspace/arc2/active_runs/eval60_v5_vs_greedy_4worker_v1/tmp/8e5c0c38/d048/o00_g0.json,0ffff3ff6caa22341b1f9e9848fd2ab03417a35b93c0a3c61cfc0ba3a422c6ea,HEAVY_REPAIR,CANDIDATE,a7550c55a3b905704bdb0314b7dc2fa27bc79c25ea417fcc4aea9cce3db8abf1,2,820,821,820,0,48.61484012193978,YES,selected
8e5c0c38:o0:d048:identity,0,/workspace/arc2/active_runs/eval60_v5_vs_greedy_4worker_v1/tmp/8e5c0c38/d048/o00_g0.json,0ffff3ff6caa22341b1f9e9848fd2ab03417a35b93c0a3c61cfc0ba3a422c6ea,FAST_PASS,CANDIDATE,a7550c55a3b905704bdb0314b7dc2fa27bc79c25ea417fcc4aea9cce3db8abf1,1,505,506,505,0,30.476910021156073,YES,selected
8e5c0c38:o0:d048:transpose,0,/workspace/arc2/active_runs/eval60_v5_vs_greedy_4worker_v1/tmp/8e5c0c38/d048/o00_g1.json,a0bd39e26339ac5aa89509ce3730025e61c07192000c78e9ea8d08ed4262980b,FAST_PASS,CANDIDATE,a7550c55a3b905704bdb0314b7dc2fa27bc79c25ea417fcc4aea9cce3db8abf1,2,968,969,968,342,58.159217312932014,YES,selected
8e5c0c38:o1:d012:anti_transpose,0,/workspace/arc2/active_runs/eval60_v5_vs_greedy_4worker_v1/tmp/8e5c0c38/d012/o01_g1.json,32afad6d56c61697c42d059034651bdfab7195f0798b892187cea0cec9bf001b,HEAVY_REPAIR,CANDIDATE,7192d731859afe06230750abbaef6c416db8030d8ba9c934abdc9f4b50624170,3,1377,1378,1377,880,81.53048575669527,YES,selected
8e5c0c38:o1:d012:flip_ud,0,/workspace/arc2/active_runs/eval60_v5_vs_greedy_4worker_v1/tmp/8e5c0c38/d012/o01_g0.json,87e07d2766606d490131193efcadd6b8c9ab56db67c2bbba4800a6ca22bfa384,FAST_PASS,CANDIDATE,7192d731859afe06230750abbaef6c416db8030d8ba9c934abdc9f4b50624170,2,904,905,904,563,54.350576816126704,YES,selected
8e5c0c38:o1:d012:identity,0,/workspace/arc2/active_runs/eval60_v5_vs_greedy_4worker_v1/tmp/8e5c0c38/d012/o01_g0.json,87e07d2766606d490131193efcadd6b8c9ab56db67c2bbba4800a6ca22bfa384,HEAVY_REPAIR,CANDIDATE,7192d731859afe06230750abbaef6c416db8030d8ba9c934abdc9f4b50624170,2,939,940,939,388,54.93422473967075,YES,selected
8e5c0c38:o1:d012:transpose,0,/workspace/arc2/active_runs/eval60_v5_vs_greedy_4worker_v1/tmp/8e5c0c38/d012/o01_g1.json,32afad6d56c61697c42d059034651bdfab7195f0798b892187cea0cec9bf001b,FAST_PASS,CANDIDATE,7192d731859afe06230750abbaef6c416db8030d8ba9c934abdc9f4b50624170,2,935,936,935,505,55.55275410413742,YES,selected
8e5c0c38:o1:d024:anti_transpose,0,/workspace/arc2/active_runs/eval60_v5_vs_greedy_4worker_v1/tmp/8e5c0c38/d024/o01_g1.json,d2ffbc316ab2ddc05f1079c29446470e8fa530ce2fb4e3ac4bc2964a521b2805,HEAVY_REPAIR,CANDIDATE,d454b65ffa852097f92089568c430f6702ea0375670395863c0c26a62b00f5dd,2,763,764,763,239,45.38780367560685,YES,selected
8e5c0c38:o1:d024:flip_ud,0,/workspace/arc2/active_runs/eval60_v5_vs_greedy_4worker_v1/tmp/8e5c0c38/d024/o01_g0.json,b3b0aaee2679116c2257bd7247f411665f52d0f2eca7c50deb0f2dbdfe7c2446,FAST_PASS,CANDIDATE,d454b65ffa852097f92089568c430f6702ea0375670395863c0c26a62b00f5dd,2,903,904,903,550,53.76229237765074,YES,selected
8e5c0c38:o1:d024:identity,0,/workspace/arc2/active_runs/eval60_v5_vs_greedy_4worker_v1/tmp/8e5c0c38/d024/o01_g0.json,b3b0aaee2679116c2257bd7247f411665f52d0f2eca7c50deb0f2dbdfe7c2446,HEAVY_REPAIR,CANDIDATE,d454b65ffa852097f92089568c430f6702ea0375670395863c0c26a62b00f5dd,2,898,899,898,375,52.656692415475845,YES,selected
8e5c0c38:o1:d024:transpose,0,/workspace/arc2/active_runs/eval60_v5_vs_greedy_4worker_v1/tmp/8e5c0c38/d024/o01_g1.json,d2ffbc316ab2ddc05f1079c29446470e8fa530ce2fb4e3ac4bc2964a521b2805,FAST_PASS,CANDIDATE,d454b65ffa852097f92089568c430f6702ea0375670395863c0c26a62b00f5dd,1,505,506,505,0,30.409312592819333,YES,selected
8e5c0c38:o1:d048:anti_transpose,0,/workspace/arc2/active_runs/eval60_v5_vs_greedy_4worker_v1/tmp/8e5c0c38/d048/o01_g1.json,1abf5c973ee4885224a7ba0a5a32849876011951a56e5e3247331528ba322770,FAST_PASS,CANDIDATE,a7550c55a3b905704bdb0314b7dc2fa27bc79c25ea417fcc4aea9cce3db8abf1,2,763,764,763,0,46.9336649235338,YES,selected
8e5c0c38:o1:d048:flip_ud,0,/workspace/arc2/active_runs/eval60_v5_vs_greedy_4worker_v1/tmp/8e5c0c38/d048/o01_g0.json,2276bd5646fb6ae15f23d11aa28f3a97ac5fdb1fd2552a394223d21b79b052ad,HEAVY_REPAIR,CANDIDATE,a7550c55a3b905704bdb0314b7dc2fa27bc79c25ea417fcc4aea9cce3db8abf1,3,1253,1254,1253,1023,74.08912746421993,YES,selected
8e5c0c38:o1:d048:identity,0,/workspace/arc2/active_runs/eval60_v5_vs_greedy_4worker_v1/tmp/8e5c0c38/d048/o01_g0.json,2276bd5646fb6ae15f23d11aa28f3a97ac5fdb1fd2552a394223d21b79b052ad,FAST_PASS,CANDIDATE,a7550c55a3b905704bdb0314b7dc2fa27bc79c25ea417fcc4aea9cce3db8abf1,2,903,904,903,237,53.863522343337536,YES,selected
8e5c0c38:o1:d048:transpose,0,/workspace/arc2/active_runs/eval60_v5_vs_greedy_4worker_v1/tmp/8e5c0c38/d048/o01_g1.json,1abf5c973ee4885224a7ba0a5a32849876011951a56e5e3247331528ba322770,FAST_PASS,CANDIDATE,a7550c55a3b905704bdb0314b7dc2fa27bc79c25ea417fcc4aea9cce3db8abf1,3,747,748,747,42,44.77231888473034,YES,selected
9385bd28:o0:d012:anti_transpose,0,/workspace/arc2/active_runs/eval60_v5_vs_greedy_4worker_v1/tmp/9385bd28/d012/o00_g1.json,fb0ad22679e08e03ec547521b47530ccc846c2187eb068dad460872877eb1e34,FAST_PASS,CANDIDATE,a8b3b002a2abf6fd38341b4a1792a261b9b3116f4c5f36f72744e2af64b31fbe,2,510,511,510,481,30.336576571688056,YES,selected
9385bd28:o0:d012:flip_ud,0,/workspace/arc2/active_runs/eval60_v5_vs_greedy_4worker_v1/tmp/9385bd28/d012/o00_g0.json,5fbe8a0c746d1a6f3977d9e6ec1670ded138885aa737d8626da2d8f684d2f6dc,FAST_PASS,CANDIDATE,a8b3b002a2abf6fd38341b4a1792a261b9b3116f4c5f36f72744e2af64b31fbe,3,787,788,787,750,46.25542987510562,YES,selected
9385bd28:o0:d012:identity,0,/workspace/arc2/active_runs/eval60_v5_vs_greedy_4worker_v1/tmp/9385bd28/d012/o00_g0.json,5fbe8a0c746d1a6f3977d9e6ec1670ded138885aa737d8626da2d8f684d2f6dc,FAST_PASS,CANDIDATE,a8b3b002a2abf6fd38341b4a1792a261b9b3116f4c5f36f72744e2af64b31fbe,3,790,791,790,766,46.539204865694046,YES,selected
9385bd28:o0:d012:transpose,0,/workspace/arc2/active_runs/eval60_v5_vs_greedy_4worker_v1/tmp/9385bd28/d012/o00_g1.json,fb0ad22679e08e03ec547521b47530ccc846c2187eb068dad460872877eb1e34,FAST_PASS,CANDIDATE,a8b3b002a2abf6fd38341b4a1792a261b9b3116f4c5f36f72744e2af64b31fbe,1,259,260,259,205,16.166539020836353,YES,selected
9385bd28:o0:d024:anti_transpose,0,/workspace/arc2/active_runs/eval60_v5_vs_greedy_4worker_v1/tmp/9385bd28/d024/o00_g1.json,4ac3ce756acfc59638b727dfcf938a23f3d72e37f0de7351ba08624252cefaf7,FAST_PASS,CANDIDATE,e22a4e155bec3162b84beca6361ddc89ce7056a15c4c851e23fb83186380bda7,1,259,260,259,228,15.691866800189018,YES,selected
9385bd28:o0:d024:flip_ud,0,/workspace/arc2/active_runs/eval60_v5_vs_greedy_4worker_v1/tmp/9385bd28/d024/o00_g0.json,b65782a1db023a66ff5b7470198a8ed420ac9741b798b47cf1ae856624f88bc8,FAST_PASS,CANDIDATE,e22a4e155bec3162b84beca6361ddc89ce7056a15c4c851e23fb83186380bda7,2,512,513,512,293,30.119567707180977,YES,selected
9385bd28:o0:d024:identity,0,/workspace/arc2/active_runs/eval60_v5_vs_greedy_4worker_v1/tmp/9385bd28/d024/o00_g0.json,b65782a1db023a66ff5b7470198a8ed420ac9741b798b47cf1ae856624f88bc8,FAST_PASS,CANDIDATE,e22a4e155bec3162b84beca6361ddc89ce7056a15c4c851e23fb83186380bda7,2,524,525,524,399,32.04674503952265,YES,selected
9385bd28:o0:d024:transpose,0,/workspace/arc2/active_runs/eval60_v5_vs_greedy_4worker_v1/tmp/9385bd28/d024/o00_g1.json,4ac3ce756acfc59638b727dfcf938a23f3d72e37f0de7351ba08624252cefaf7,FAST_PASS,CANDIDATE,e22a4e155bec3162b84beca6361ddc89ce7056a15c4c851e23fb83186380bda7,2,438,439,438,162,26.192742563784122,YES,selected
9385bd28:o0:d048:anti_transpose,0,/workspace/arc2/active_runs/eval60_v5_vs_greedy_4worker_v1/tmp/9385bd28/d048/o00_g1.json,749f29cf3d2c7564bb0d18a6f80e6f6c986cdc141cfc2102b5e89288837275e4,FAST_PASS,CANDIDATE,f092658eccae890f6f88b1dafb754f59ceb66288ac7df717d784ca313c5561ec,2,486,487,486,356,28.711842669174075,YES,selected
9385bd28:o0:d048:flip_ud,0,/workspace/arc2/active_runs/eval60_v5_vs_greedy_4worker_v1/tmp/9385bd28/d048/o00_g0.json,a88128993b9226364b024f78d990861492735177c672e864c2b275fea108a4c2,FAST_PASS,CANDIDATE,f092658eccae890f6f88b1dafb754f59ceb66288ac7df717d784ca313c5561ec,2,413,414,413,122,24.335800927132368,YES,selected
9385bd28:o0:d048:identity,0,/workspace/arc2/active_runs/eval60_v5_vs_greedy_4worker_v1/tmp/9385bd28/d048/o00_g0.json,a88128993b9226364b024f78d990861492735177c672e864c2b275fea108a4c2,FAST_PASS,CANDIDATE,f092658eccae890f6f88b1dafb754f59ceb66288ac7df717d784ca313c5561ec,3,744,745,744,221,46.06526646204293,YES,selected
9385bd28:o0:d048:transpose,0,/workspace/arc2/active_runs/eval60_v5_vs_greedy_4worker_v1/tmp/9385bd28/d048/o00_g1.json,749f29cf3d2c7564bb0d18a6f80e6f6c986cdc141cfc2102b5e89288837275e4,FAST_PASS,CANDIDATE,f092658eccae890f6f88b1dafb754f59ceb66288ac7df717d784ca313c5561ec,2,430,431,430,163,25.210974507033825,YES,selected
9385bd28:o1:d012:anti_transpose,0,/workspace/arc2/active_runs/eval60_v5_vs_greedy_4worker_v1/tmp/9385bd28/d012/o01_g1.json,ad2b303645539372646bb71321d298455bbad80fad350b8e8a97562e8e91f3f8,FAST_PASS,CANDIDATE,a8b3b002a2abf6fd38341b4a1792a261b9b3116f4c5f36f72744e2af64b31fbe,1,265,266,265,150,15.671038763597608,YES,selected
9385bd28:o1:d012:flip_ud,0,/workspace/arc2/active_runs/eval60_v5_vs_greedy_4worker_v1/tmp/9385bd28/d012/o01_g0.json,bed685f79771438f79ce2e253130e961469445ae6ba16a542bcfbbddddfc4505,FAST_PASS,CANDIDATE,a8b3b002a2abf6fd38341b4a1792a261b9b3116f4c5f36f72744e2af64b31fbe,2,492,493,492,438,28.62239222601056,YES,selected
9385bd28:o1:d012:identity,0,/workspace/arc2/active_runs/eval60_v5_vs_greedy_4worker_v1/tmp/9385bd28/d012/o01_g0.json,bed685f79771438f79ce2e253130e961469445ae6ba16a542bcfbbddddfc4505,FAST_PASS,CANDIDATE,a8b3b002a2abf6fd38341b4a1792a261b9b3116f4c5f36f72744e2af64b31fbe,2,492,493,492,279,30.762104846537113,YES,selected
9385bd28:o1:d012:transpose,0,/workspace/arc2/active_runs/eval60_v5_vs_greedy_4worker_v1/tmp/9385bd28/d012/o01_g1.json,ad2b303645539372646bb71321d298455bbad80fad350b8e8a97562e8e91f3f8,FAST_PASS,CANDIDATE,a8b3b002a2abf6fd38341b4a1792a261b9b3116f4c5f36f72744e2af64b31fbe,1,265,266,265,179,15.709698287770152,YES,selected
9385bd28:o1:d024:anti_transpose,0,/workspace/arc2/active_runs/eval60_v5_vs_greedy_4worker_v1/tmp/9385bd28/d024/o01_g1.json,a9036b58e3aafe255652522709b981bdc2210da9b74e80c1aea5a7079b1194db,FAST_PASS,CANDIDATE,e22a4e155bec3162b84beca6361ddc89ce7056a15c4c851e23fb83186380bda7,1,265,266,265,123,16.31760566495359,YES,selected
9385bd28:o1:d024:flip_ud,0,/workspace/arc2/active_runs/eval60_v5_vs_greedy_4worker_v1/tmp/9385bd28/d024/o01_g0.json,58423f4ca7fe5ebf7aeccc2eaad0c27764c4ecb1688aed0a24e090d32ee30467,FAST_PASS,CANDIDATE,e22a4e155bec3162b84beca6361ddc89ce7056a15c4c851e23fb83186380bda7,2,429,430,429,191,25.190837360918522,YES,selected
9385bd28:o1:d024:identity,0,/workspace/arc2/active_runs/eval60_v5_vs_greedy_4worker_v1/tmp/9385bd28/d024/o01_g0.json,58423f4ca7fe5ebf7aeccc2eaad0c27764c4ecb1688aed0a24e090d32ee30467,FAST_PASS,CANDIDATE,e22a4e155bec3162b84beca6361ddc89ce7056a15c4c851e23fb83186380bda7,2,497,498,497,322,29.23706554248929,YES,selected
9385bd28:o1:d024:transpose,0,/workspace/arc2/active_runs/eval60_v5_vs_greedy_4worker_v1/tmp/9385bd28/d024/o01_g1.json,a9036b58e3aafe255652522709b981bdc2210da9b74e80c1aea5a7079b1194db,FAST_PASS,CANDIDATE,e22a4e155bec3162b84beca6361ddc89ce7056a15c4c851e23fb83186380bda7,2,443,444,443,283,26.39031570404768,YES,selected
9385bd28:o1:d048:anti_transpose,0,/workspace/arc2/active_runs/eval60_v5_vs_greedy_4worker_v1/tmp/9385bd28/d048/o01_g1.json,6b9bf6a5140e0c6882e0ce83c4e34fab7ffea0ec99e76ec8fb34a13ecefeeae4,FAST_PASS,CANDIDATE,f092658eccae890f6f88b1dafb754f59ceb66288ac7df717d784ca313c5561ec,3,647,648,647,389,39.13956688530743,YES,selected
9385bd28:o1:d048:flip_ud,0,/workspace/arc2/active_runs/eval60_v5_vs_greedy_4worker_v1/tmp/9385bd28/d048/o01_g0.json,c3f05cff720791510b4d7762c5b7b1590242822bffac61cc9dfca8c2cdefc98d,FAST_PASS,CANDIDATE,f092658eccae890f6f88b1dafb754f59ceb66288ac7df717d784ca313c5561ec,3,488,489,488,0,28.490246118977666,YES,selected
9385bd28:o1:d048:identity,0,/workspace/arc2/active_runs/eval60_v5_vs_greedy_4worker_v1/tmp/9385bd28/d048/o01_g0.json,c3f05cff720791510b4d7762c5b7b1590242822bffac61cc9dfca8c2cdefc98d,FAST_PASS,CANDIDATE,f092658eccae890f6f88b1dafb754f59ceb66288ac7df717d784ca313c5561ec,2,349,350,349,0,20.932110598310828,YES,selected
9385bd28:o1:d048:transpose,0,/workspace/arc2/active_runs/eval60_v5_vs_greedy_4worker_v1/tmp/9385bd28/d048/o01_g1.json,6b9bf6a5140e0c6882e0ce83c4e34fab7ffea0ec99e76ec8fb34a13ecefeeae4,FAST_PASS,CANDIDATE,f092658eccae890f6f88b1dafb754f59ceb66288ac7df717d784ca313c5561ec,3,646,647,646,179,38.01502267643809,YES,selected
97d7923e:o0:d012:anti_transpose,0,/workspace/arc2/active_runs/eval60_v5_vs_greedy_4worker_v1/tmp/97d7923e/d012/o00_g1.json,9e1f230b967baf7e10937d42755408041cb22184ed042e23cb507e9a2062377f,FAST_PASS,CANDIDATE,cddd9774f1c6dbfe1f34c2b09217cdd46f56c6748667c41e915731d96862ec66,3,644,645,644,525,37.72508808597922,YES,selected
97d7923e:o0:d012:flip_ud,0,/workspace/arc2/active_runs/eval60_v5_vs_greedy_4worker_v1/tmp/97d7923e/d012/o00_g0.json,7e2dd6c8463e83b15007e7dce0366ed48de4c331bf529f76522c308a8d3c04c0,FAST_PASS,CANDIDATE,cddd9774f1c6dbfe1f34c2b09217cdd46f56c6748667c41e915731d96862ec66,3,581,582,581,547,33.89460617862642,YES,selected
97d7923e:o0:d012:identity,0,/workspace/arc2/active_runs/eval60_v5_vs_greedy_4worker_v1/tmp/97d7923e/d012/o00_g0.json,7e2dd6c8463e83b15007e7dce0366ed48de4c331bf529f76522c308a8d3c04c0,FAST_PASS,CANDIDATE,cddd9774f1c6dbfe1f34c2b09217cdd46f56c6748667c41e915731d96862ec66,3,477,478,477,292,27.89183197543025,YES,selected
97d7923e:o0:d012:transpose,0,/workspace/arc2/active_runs/eval60_v5_vs_greedy_4worker_v1/tmp/97d7923e/d012/o00_g1.json,9e1f230b967baf7e10937d42755408041cb22184ed042e23cb507e9a2062377f,FAST_PASS,CANDIDATE,cddd9774f1c6dbfe1f34c2b09217cdd46f56c6748667c41e915731d96862ec66,3,602,603,602,420,36.16399564407766,YES,selected
97d7923e:o0:d024:anti_transpose,0,/workspace/arc2/active_runs/eval60_v5_vs_greedy_4worker_v1/tmp/97d7923e/d024/o00_g1.json,185fca4e268d854408fba4e9c3bced388146b31ae41af631939c182dc6a9c227,FAST_PASS,CANDIDATE,bd9acdb4e4ae7bc75662e4abf1c7493f1d7f2e93d4d7f460432722c408610971,3,435,436,435,21,25.28160016797483,YES,selected
97d7923e:o0:d024:flip_ud,0,/workspace/arc2/active_runs/eval60_v5_vs_greedy_4worker_v1/tmp/97d7923e/d024/o00_g0.json,e5eb7e53579e8808d5f834ace6b62a7be60af0b7013180fd3570e21e45882468,FAST_PASS,CANDIDATE,bd9acdb4e4ae7bc75662e4abf1c7493f1d7f2e93d4d7f460432722c408610971,3,581,582,581,541,34.37623958103359,YES,selected
97d7923e:o0:d024:identity,0,/workspace/arc2/active_runs/eval60_v5_vs_greedy_4worker_v1/tmp/97d7923e/d024/o00_g0.json,e5eb7e53579e8808d5f834ace6b62a7be60af0b7013180fd3570e21e45882468,FAST_PASS,CANDIDATE,bd9acdb4e4ae7bc75662e4abf1c7493f1d7f2e93d4d7f460432722c408610971,2,312,313,312,87,18.881791645660996,YES,selected
97d7923e:o0:d024:transpose,0,/workspace/arc2/active_runs/eval60_v5_vs_greedy_4worker_v1/tmp/97d7923e/d024/o00_g1.json,185fca4e268d854408fba4e9c3bced388146b31ae41af631939c182dc6a9c227,FAST_PASS,CANDIDATE,bd9acdb4e4ae7bc75662e4abf1c7493f1d7f2e93d4d7f460432722c408610971,1,219,220,219,0,13.002292746677995,YES,selected
97d7923e:o0:d048:anti_transpose,0,/workspace/arc2/active_runs/eval60_v5_vs_greedy_4worker_v1/tmp/97d7923e/d048/o00_g1.json,8dfe3e547e6147c5efab4e538fbebaa5e2e53121ba3d35f7fd1a8dbd23705e47,FAST_PASS,CANDIDATE,ddf91c9c04551944db3c2ff84e00d4f2d9e43a18f4c0679a259f025b8cefd2d8,3,644,645,644,305,37.48126884549856,YES,selected
97d7923e:o0:d048:flip_ud,0,/workspace/arc2/active_runs/eval60_v5_vs_greedy_4worker_v1/tmp/97d7923e/d048/o00_g0.json,c2a5b8615c1821286929a848547345c38fbe8af87fde1c30a80e8a9e4af57fb3,FAST_PASS,CANDIDATE,ddf91c9c04551944db3c2ff84e00d4f2d9e43a18f4c0679a259f025b8cefd2d8,2,394,395,394,179,22.901045275852084,YES,selected
97d7923e:o0:d048:identity,0,/workspace/arc2/active_runs/eval60_v5_vs_greedy_4worker_v1/tmp/97d7923e/d048/o00_g0.json,c2a5b8615c1821286929a848547345c38fbe8af87fde1c30a80e8a9e4af57fb3,FAST_PASS,CANDIDATE,ddf91c9c04551944db3c2ff84e00d4f2d9e43a18f4c0679a259f025b8cefd2d8,3,429,430,429,243,25.069539384916425,YES,selected
97d7923e:o0:d048:transpose,0,/workspace/arc2/active_runs/eval60_v5_vs_greedy_4worker_v1/tmp/97d7923e/d048/o00_g1.json,8dfe3e547e6147c5efab4e538fbebaa5e2e53121ba3d35f7fd1a8dbd23705e47,FAST_PASS,CANDIDATE,ddf91c9c04551944db3c2ff84e00d4f2d9e43a18f4c0679a259f025b8cefd2d8,3,526,527,526,149,31.015557100996375,YES,selected
981571dc:o0:d012:anti_transpose,0,/workspace/arc2/active_runs/eval60_v5_vs_greedy_4worker_v1/tmp/981571dc/d012/o00_g1.json,c1d23ce8f7ba7e9c5e53d57f5510a4fa25fb2c7164c8048ba8c078b7dc442474,FAST_PASS,CANDIDATE,dda148e0c9560f1a14f1157635c804b0a8923609998dddfa916463089d8bb1c4,2,949,950,949,941,57.726797483861446,YES,selected
981571dc:o0:d012:flip_ud,0,/workspace/arc2/active_runs/eval60_v5_vs_greedy_4worker_v1/tmp/981571dc/d012/o00_g0.json,1328139bf769859a805e66c615a82db7135c88276fb8843017a946e4966dcc17,HEAVY_REPAIR,CANDIDATE,dda148e0c9560f1a14f1157635c804b0a8923609998dddfa916463089d8bb1c4,2,1832,1833,1832,1828,108.9589143563062,YES,selected
981571dc:o0:d012:identity,0,/workspace/arc2/active_runs/eval60_v5_vs_greedy_4worker_v1/tmp/981571dc/d012/o00_g0.json,1328139bf769859a805e66c615a82db7135c88276fb8843017a946e4966dcc17,HEAVY_REPAIR,CANDIDATE,dda148e0c9560f1a14f1157635c804b0a8923609998dddfa916463089d8bb1c4,2,418,419,418,412,26.419059582054615,YES,selected
981571dc:o0:d012:transpose,0,/workspace/arc2/active_runs/eval60_v5_vs_greedy_4worker_v1/tmp/981571dc/d012/o00_g1.json,c1d23ce8f7ba7e9c5e53d57f5510a4fa25fb2c7164c8048ba8c078b7dc442474,HEAVY_REPAIR,CANDIDATE,dda148e0c9560f1a14f1157635c804b0a8923609998dddfa916463089d8bb1c4,2,695,696,695,692,42.800451051443815,YES,selected
981571dc:o0:d024:anti_transpose,0,/workspace/arc2/active_runs/eval60_v5_vs_greedy_4worker_v1/tmp/981571dc/d024/o00_g1.json,2e61b2f82ea3f3bbc64979bf8a19a14c666825750dc98952e4b525a524c35c6f,HEAVY_REPAIR,CANDIDATE,fb3d177b31e736f132c72e823b2f19d308831e414441d5a1f0c9c2d1e9ab25bb,2,145,146,145,137,10.184719365090132,YES,selected
981571dc:o0:d024:flip_ud,0,/workspace/arc2/active_runs/eval60_v5_vs_greedy_4worker_v1/tmp/981571dc/d024/o00_g0.json,10402a52d9fb2d5ba9b434cf8cfce458068240f173d670b11497a48851a39d5d,HEAVY_REPAIR,CANDIDATE,fb3d177b31e736f132c72e823b2f19d308831e414441d5a1f0c9c2d1e9ab25bb,2,102,103,102,100,7.5258415825665,YES,selected
981571dc:o0:d024:identity,0,/workspace/arc2/active_runs/eval60_v5_vs_greedy_4worker_v1/tmp/981571dc/d024/o00_g0.json,10402a52d9fb2d5ba9b434cf8cfce458068240f173d670b11497a48851a39d5d,HEAVY_REPAIR,CANDIDATE,fb3d177b31e736f132c72e823b2f19d308831e414441d5a1f0c9c2d1e9ab25bb,3,220,221,220,217,14.725299395620823,YES,selected
981571dc:o0:d024:transpose,0,/workspace/arc2/active_runs/eval60_v5_vs_greedy_4worker_v1/tmp/981571dc/d024/o00_g1.json,2e61b2f82ea3f3bbc64979bf8a19a14c666825750dc98952e4b525a524c35c6f,FAST_PASS,CANDIDATE,fb3d177b31e736f132c72e823b2f19d308831e414441d5a1f0c9c2d1e9ab25bb,2,382,383,382,379,24.21622229926288,YES,selected
981571dc:o0:d048:anti_transpose,0,/workspace/arc2/active_runs/eval60_v5_vs_greedy_4worker_v1/tmp/981571dc/d048/o00_g1.json,95849982cec878602c6271171c0e3d30cb0423dc8346a2c87260981753c68543,HEAVY_REPAIR,CANDIDATE,28c8aab7f0db4bf515caaa9a83e75a6a44f61544f7f5678199c7c7cfa75e0979,2,1859,1860,1859,1856,111.53066599555314,YES,selected
981571dc:o0:d048:flip_ud,0,/workspace/arc2/active_runs/eval60_v5_vs_greedy_4worker_v1/tmp/981571dc/d048/o00_g0.json,af9b0e76669c5f5f8c739a28bdadcd3032c1e8a5462888baee68971b9c4e2745,FAST_PASS,CANDIDATE,28c8aab7f0db4bf515caaa9a83e75a6a44f61544f7f5678199c7c7cfa75e0979,3,2788,2789,2788,2787,166.43119449913502,YES,selected
981571dc:o0:d048:identity,0,/workspace/arc2/active_runs/eval60_v5_vs_greedy_4worker_v1/tmp/981571dc/d048/o00_g0.json,af9b0e76669c5f5f8c739a28bdadcd3032c1e8a5462888baee68971b9c4e2745,HEAVY_REPAIR,CANDIDATE,28c8aab7f0db4bf515caaa9a83e75a6a44f61544f7f5678199c7c7cfa75e0979,2,1859,1860,1859,1857,112.78956452384591,YES,selected
981571dc:o0:d048:transpose,0,/workspace/arc2/active_runs/eval60_v5_vs_greedy_4worker_v1/tmp/981571dc/d048/o00_g1.json,95849982cec878602c6271171c0e3d30cb0423dc8346a2c87260981753c68543,FAST_PASS,CANDIDATE,28c8aab7f0db4bf515caaa9a83e75a6a44f61544f7f5678199c7c7cfa75e0979,2,1846,1847,1846,1843,112.10325129702687,YES,selected
9bbf930d:o0:d012:anti_transpose,0,/workspace/arc2/active_runs/eval60_v5_vs_greedy_4worker_v1/tmp/9bbf930d/d012/o00_g1.json,e15e795cef866e6395e750a82d3dcedeae3f7cfe4ddf401f7d49f32ee1edfea2,FAST_PASS,CANDIDATE,6fe0d7da52f8d5e94256a47cbfb853d8227d25628e6c3007caaf713f74eb5ecf,2,993,994,993,873,60.68091648072004,YES,selected
9bbf930d:o0:d012:flip_ud,0,/workspace/arc2/active_runs/eval60_v5_vs_greedy_4worker_v1/tmp/9bbf930d/d012/o00_g0.json,5e065f6e54b91ee87eecdc3a2f2ecf67b5317fb15e534273ca402c2cc260c756,FAST_PASS,CANDIDATE,6fe0d7da52f8d5e94256a47cbfb853d8227d25628e6c3007caaf713f74eb5ecf,2,995,996,995,679,57.97298603877425,YES,selected
9bbf930d:o0:d012:identity,0,/workspace/arc2/active_runs/eval60_v5_vs_greedy_4worker_v1/tmp/9bbf930d/d012/o00_g0.json,5e065f6e54b91ee87eecdc3a2f2ecf67b5317fb15e534273ca402c2cc260c756,FAST_PASS,CANDIDATE,6fe0d7da52f8d5e94256a47cbfb853d8227d25628e6c3007caaf713f74eb5ecf,2,996,997,996,616,58.170279232785106,YES,selected
9bbf930d:o0:d012:transpose,0,/workspace/arc2/active_runs/eval60_v5_vs_greedy_4worker_v1/tmp/9bbf930d/d012/o00_g1.json,e15e795cef866e6395e750a82d3dcedeae3f7cfe4ddf401f7d49f32ee1edfea2,FAST_PASS,CANDIDATE,6fe0d7da52f8d5e94256a47cbfb853d8227d25628e6c3007caaf713f74eb5ecf,1,503,504,503,0,29.750736149027944,YES,selected
9bbf930d:o0:d024:anti_transpose,0,/workspace/arc2/active_runs/eval60_v5_vs_greedy_4worker_v1/tmp/9bbf930d/d024/o00_g1.json,40754f121d4576b766f3c0cf0b123c98c1abca7cbdb68bf6770f8fb49d07ff5c,FAST_PASS,CANDIDATE,00d81438d8e9ef18ca7067bb7ae29cf1a08ad1e355e4ed1335c5e21f383f05c4,2,998,999,998,489,60.4543201290071,YES,selected
9bbf930d:o0:d024:flip_ud,0,/workspace/arc2/active_runs/eval60_v5_vs_greedy_4worker_v1/tmp/9bbf930d/d024/o00_g0.json,db3caa44558e919e6d708c06c6f3393160fcbd4917678023313eeabc497f73ba,HEAVY_REPAIR,CANDIDATE,00d81438d8e9ef18ca7067bb7ae29cf1a08ad1e355e4ed1335c5e21f383f05c4,2,995,996,995,488,59.34686462394893,YES,selected
9bbf930d:o0:d024:identity,0,/workspace/arc2/active_runs/eval60_v5_vs_greedy_4worker_v1/tmp/9bbf930d/d024/o00_g0.json,db3caa44558e919e6d708c06c6f3393160fcbd4917678023313eeabc497f73ba,HEAVY_REPAIR,CANDIDATE,00d81438d8e9ef18ca7067bb7ae29cf1a08ad1e355e4ed1335c5e21f383f05c4,2,996,997,996,352,59.02975757792592,YES,selected
9bbf930d:o0:d024:transpose,0,/workspace/arc2/active_runs/eval60_v5_vs_greedy_4worker_v1/tmp/9bbf930d/d024/o00_g1.json,40754f121d4576b766f3c0cf0b123c98c1abca7cbdb68bf6770f8fb49d07ff5c,FAST_PASS,CANDIDATE,00d81438d8e9ef18ca7067bb7ae29cf1a08ad1e355e4ed1335c5e21f383f05c4,2,624,625,624,26,38.46351878717542,YES,selected
9bbf930d:o0:d048:anti_transpose,0,/workspace/arc2/active_runs/eval60_v5_vs_greedy_4worker_v1/tmp/9bbf930d/d048/o00_g1.json,da1cccc852b2a923c55b7bf5172631988e93d42b3bdb43f07be4a69fe5939d5f,HEAVY_REPAIR,CANDIDATE,c4f178892c108ac8cd06019bc0881654043d0f602ccd073f80e2c6a73a9f11c1,3,1181,1182,1181,196,69.18863509967923,YES,selected
9bbf930d:o0:d048:flip_ud,0,/workspace/arc2/active_runs/eval60_v5_vs_greedy_4worker_v1/tmp/9bbf930d/d048/o00_g0.json,43de6281380c02f6c3937444d4a73e97a30f95862ecc4548092d91c1b13fbb69,HEAVY_REPAIR,CANDIDATE,c4f178892c108ac8cd06019bc0881654043d0f602ccd073f80e2c6a73a9f11c1,3,1086,1087,1086,281,63.290264973416924,YES,selected
9bbf930d:o0:d048:identity,0,/workspace/arc2/active_runs/eval60_v5_vs_greedy_4worker_v1/tmp/9bbf930d/d048/o00_g0.json,43de6281380c02f6c3937444d4a73e97a30f95862ecc4548092d91c1b13fbb69,HEAVY_REPAIR,CANDIDATE,c4f178892c108ac8cd06019bc0881654043d0f602ccd073f80e2c6a73a9f11c1,2,805,806,805,264,47.34926352649927,YES,selected
9bbf930d:o0:d048:transpose,0,/workspace/arc2/active_runs/eval60_v5_vs_greedy_4worker_v1/tmp/9bbf930d/d048/o00_g1.json,da1cccc852b2a923c55b7bf5172631988e93d42b3bdb43f07be4a69fe5939d5f,FAST_PASS,CANDIDATE,c4f178892c108ac8cd06019bc0881654043d0f602ccd073f80e2c6a73a9f11c1,2,827,828,827,168,49.374123180285096,YES,selected
a32d8b75:o0:d012:anti_transpose,0,/workspace/arc2/active_runs/eval60_v5_vs_greedy_4worker_v1/tmp/a32d8b75/d012/o00_g1.json,8dc6cd6d7d7a4d879528f730d9e94de97843b257c160ac871dec3d3b0a01e054,HEAVY_REPAIR,CANDIDATE,12d3e58a3382e2c942952a31f76cf05b2d080a1e0fc20bfefa2f42d0b87cba4a,2,1486,1487,1486,1348,88.33708391338587,YES,selected
a32d8b75:o0:d012:flip_ud,0,/workspace/arc2/active_runs/eval60_v5_vs_greedy_4worker_v1/tmp/a32d8b75/d012/o00_g0.json,b5b7a1fdd8e1b7c01cdfe92edefffc132967a4776453fd37f97f1a71c70ad43d,FAST_PASS,CANDIDATE,12d3e58a3382e2c942952a31f76cf05b2d080a1e0fc20bfefa2f42d0b87cba4a,1,629,630,629,591,36.369344459846616,YES,selected
a32d8b75:o0:d012:identity,0,/workspace/arc2/active_runs/eval60_v5_vs_greedy_4worker_v1/tmp/a32d8b75/d012/o00_g0.json,b5b7a1fdd8e1b7c01cdfe92edefffc132967a4776453fd37f97f1a71c70ad43d,HEAVY_REPAIR,CANDIDATE,12d3e58a3382e2c942952a31f76cf05b2d080a1e0fc20bfefa2f42d0b87cba4a,1,629,630,629,610,38.42695104889572,YES,selected
a32d8b75:o0:d012:transpose,0,/workspace/arc2/active_runs/eval60_v5_vs_greedy_4worker_v1/tmp/a32d8b75/d012/o00_g1.json,8dc6cd6d7d7a4d879528f730d9e94de97843b257c160ac871dec3d3b0a01e054,FAST_PASS,CANDIDATE,12d3e58a3382e2c942952a31f76cf05b2d080a1e0fc20bfefa2f42d0b87cba4a,2,1393,1394,1393,1320,81.92358246073127,YES,selected
a32d8b75:o0:d024:anti_transpose,0,/workspace/arc2/active_runs/eval60_v5_vs_greedy_4worker_v1/tmp/a32d8b75/d024/o00_g1.json,427bca7f58139f31cb8e93e6100bf2ff3268f0919e8787de5ab04998ea23bbba,HEAVY_REPAIR,CANDIDATE,433fd110c85eb9c22fcda471c4f7fba83722dc6b798365ffea006f49f6a1f98f,2,1517,1518,1517,1458,90.53411516174674,YES,selected
a32d8b75:o0:d024:flip_ud,0,/workspace/arc2/active_runs/eval60_v5_vs_greedy_4worker_v1/tmp/a32d8b75/d024/o00_g0.json,a204f1c1f3431b115d7d916d599b84e80f66a5872ce4f946767cebbfc0d027d5,HEAVY_REPAIR,CANDIDATE,433fd110c85eb9c22fcda471c4f7fba83722dc6b798365ffea006f49f6a1f98f,1,629,630,629,260,39.01557409577072,YES,selected
a32d8b75:o0:d024:identity,0,/workspace/arc2/active_runs/eval60_v5_vs_greedy_4worker_v1/tmp/a32d8b75/d024/o00_g0.json,a204f1c1f3431b115d7d916d599b84e80f66a5872ce4f946767cebbfc0d027d5,FAST_PASS,CANDIDATE,433fd110c85eb9c22fcda471c4f7fba83722dc6b798365ffea006f49f6a1f98f,1,779,780,779,756,45.52127747796476,YES,selected
a32d8b75:o0:d024:transpose,0,/workspace/arc2/active_runs/eval60_v5_vs_greedy_4worker_v1/tmp/a32d8b75/d024/o00_g1.json,427bca7f58139f31cb8e93e6100bf2ff3268f0919e8787de5ab04998ea23bbba,FAST_PASS,CANDIDATE,433fd110c85eb9c22fcda471c4f7fba83722dc6b798365ffea006f49f6a1f98f,2,1548,1549,1548,1525,90.82550553046167,YES,selected
a32d8b75:o0:d048:anti_transpose,0,/workspace/arc2/active_runs/eval60_v5_vs_greedy_4worker_v1/tmp/a32d8b75/d048/o00_g1.json,b4799eee7807f204a44f6e254f6fd68f84765214e4f4a6bbf64ca5d699aa6ea0,HEAVY_REPAIR,CANDIDATE,41df68d6e984ec7d724e786fe35591b603bf3de20bf74af410ef33913ca9f5cf,1,929,930,929,221,55.24855116568506,YES,selected
a32d8b75:o0:d048:flip_ud,0,/workspace/arc2/active_runs/eval60_v5_vs_greedy_4worker_v1/tmp/a32d8b75/d048/o00_g0.json,b28f31badd68f7f9a764754d3ca9f6399c72bb56ded7669485fa6119f12b84ff,FAST_PASS,CANDIDATE,41df68d6e984ec7d724e786fe35591b603bf3de20bf74af410ef33913ca9f5cf,2,1358,1359,1358,950,78.41941384039819,YES,selected
a32d8b75:o0:d048:identity,0,/workspace/arc2/active_runs/eval60_v5_vs_greedy_4worker_v1/tmp/a32d8b75/d048/o00_g0.json,b28f31badd68f7f9a764754d3ca9f6399c72bb56ded7669485fa6119f12b84ff,FAST_PASS,CANDIDATE,41df68d6e984ec7d724e786fe35591b603bf3de20bf74af410ef33913ca9f5cf,2,1388,1389,1388,915,81.39155990816653,YES,selected
a32d8b75:o0:d048:transpose,0,/workspace/arc2/active_runs/eval60_v5_vs_greedy_4worker_v1/tmp/a32d8b75/d048/o00_g1.json,b4799eee7807f204a44f6e254f6fd68f84765214e4f4a6bbf64ca5d699aa6ea0,HEAVY_REPAIR,CANDIDATE,41df68d6e984ec7d724e786fe35591b603bf3de20bf74af410ef33913ca9f5cf,1,774,775,774,186,46.02192395739257,YES,selected
a32d8b75:o1:d012:anti_transpose,0,/workspace/arc2/active_runs/eval60_v5_vs_greedy_4worker_v1/tmp/a32d8b75/d012/o01_g1.json,3b864a3b38aadf2af8a87b5451b4185279835ebf19779e217190640807df91dd,HEAVY_REPAIR,CANDIDATE,12d3e58a3382e2c942952a31f76cf05b2d080a1e0fc20bfefa2f42d0b87cba4a,1,681,682,681,662,41.02437253296375,YES,selected
a32d8b75:o1:d012:flip_ud,0,/workspace/arc2/active_runs/eval60_v5_vs_greedy_4worker_v1/tmp/a32d8b75/d012/o01_g0.json,ec7672af435536d3bbf904d2f025022ef13ce7566dc415f308ea99052b37ae24,HEAVY_REPAIR,CANDIDATE,12d3e58a3382e2c942952a31f76cf05b2d080a1e0fc20bfefa2f42d0b87cba4a,2,1438,1439,1438,1368,85.1728479731828,YES,selected
a32d8b75:o1:d012:identity,0,/workspace/arc2/active_runs/eval60_v5_vs_greedy_4worker_v1/tmp/a32d8b75/d012/o01_g0.json,ec7672af435536d3bbf904d2f025022ef13ce7566dc415f308ea99052b37ae24,FAST_PASS,CANDIDATE,12d3e58a3382e2c942952a31f76cf05b2d080a1e0fc20bfefa2f42d0b87cba4a,2,1378,1379,1378,1355,79.205053916201,YES,selected
a32d8b75:o1:d012:transpose,0,/workspace/arc2/active_runs/eval60_v5_vs_greedy_4worker_v1/tmp/a32d8b75/d012/o01_g1.json,3b864a3b38aadf2af8a87b5451b4185279835ebf19779e217190640807df91dd,FAST_PASS,CANDIDATE,12d3e58a3382e2c942952a31f76cf05b2d080a1e0fc20bfefa2f42d0b87cba4a,2,1362,1363,1362,1323,79.69360938854516,YES,selected
a32d8b75:o1:d024:anti_transpose,0,/workspace/arc2/active_runs/eval60_v5_vs_greedy_4worker_v1/tmp/a32d8b75/d024/o01_g1.json,6f92ffdf926d6143cf040544bd7ebbe14ca7a26835029a91295082cb62775f19,HEAVY_REPAIR,CANDIDATE,433fd110c85eb9c22fcda471c4f7fba83722dc6b798365ffea006f49f6a1f98f,2,1362,1363,1362,1335,81.91968519985676,YES,selected
a32d8b75:o1:d024:flip_ud,0,/workspace/arc2/active_runs/eval60_v5_vs_greedy_4worker_v1/tmp/a32d8b75/d024/o01_g0.json,5bce46221b6c5dba1ed6f4485fab3df5a50c9cc4da4f9ee24ce1135086297012,HEAVY_REPAIR,CANDIDATE,433fd110c85eb9c22fcda471c4f7fba83722dc6b798365ffea006f49f6a1f98f,2,1438,1439,1438,1405,87.27687998488545,YES,selected
a32d8b75:o1:d024:identity,0,/workspace/arc2/active_runs/eval60_v5_vs_greedy_4worker_v1/tmp/a32d8b75/d024/o01_g0.json,5bce46221b6c5dba1ed6f4485fab3df5a50c9cc4da4f9ee24ce1135086297012,FAST_PASS,CANDIDATE,433fd110c85eb9c22fcda471c4f7fba83722dc6b798365ffea006f49f6a1f98f,2,1378,1379,1378,1175,79.50140161253512,YES,selected
a32d8b75:o1:d024:transpose,0,/workspace/arc2/active_runs/eval60_v5_vs_greedy_4worker_v1/tmp/a32d8b75/d024/o01_g1.json,6f92ffdf926d6143cf040544bd7ebbe14ca7a26835029a91295082cb62775f19,HEAVY_REPAIR,CANDIDATE,433fd110c85eb9c22fcda471c4f7fba83722dc6b798365ffea006f49f6a1f98f,2,1362,1363,1362,1335,81.23614588193595,YES,selected
a32d8b75:o1:d048:anti_transpose,0,/workspace/arc2/active_runs/eval60_v5_vs_greedy_4worker_v1/tmp/a32d8b75/d048/o01_g1.json,2cff3b5d0ee25917a35865704abaa7a011768da7050d4b4153107c6dbe0d3fc5,HEAVY_REPAIR,CANDIDATE,41df68d6e984ec7d724e786fe35591b603bf3de20bf74af410ef33913ca9f5cf,1,681,682,681,165,41.01230010390282,YES,selected
a32d8b75:o1:d048:flip_ud,0,/workspace/arc2/active_runs/eval60_v5_vs_greedy_4worker_v1/tmp/a32d8b75/d048/o01_g0.json,be08771ed359b17a7435981dbe47851e2f18cfee16462193cbf895138c63a502,FAST_PASS,CANDIDATE,41df68d6e984ec7d724e786fe35591b603bf3de20bf74af410ef33913ca9f5cf,2,1438,1439,1438,767,82.82314606942236,YES,selected
a32d8b75:o1:d048:identity,0,/workspace/arc2/active_runs/eval60_v5_vs_greedy_4worker_v1/tmp/a32d8b75/d048/o01_g0.json,be08771ed359b17a7435981dbe47851e2f18cfee16462193cbf895138c63a502,HEAVY_REPAIR,CANDIDATE,41df68d6e984ec7d724e786fe35591b603bf3de20bf74af410ef33913ca9f5cf,1,689,690,689,253,42.12476436048746,YES,selected
a32d8b75:o1:d048:transpose,0,/workspace/arc2/active_runs/eval60_v5_vs_greedy_4worker_v1/tmp/a32d8b75/d048/o01_g1.json,2cff3b5d0ee25917a35865704abaa7a011768da7050d4b4153107c6dbe0d3fc5,FAST_PASS,CANDIDATE,41df68d6e984ec7d724e786fe35591b603bf3de20bf74af410ef33913ca9f5cf,1,774,775,774,385,45.59262825362384,YES,selected
aa4ec2a5:o0:d012:anti_transpose,0,/workspace/arc2/active_runs/eval60_v5_vs_greedy_4worker_v1/tmp/aa4ec2a5/d012/o00_g1.json,fca77ec6b5f117e71c7b4c1547d9cc68cde711980aa126570f916de737ecf992,FAST_PASS,CANDIDATE,a927d6dc00cbc284eb3332f41f4dd5710579bb0bfdcf50593f4f3fc3a6c50185,1,728,729,728,0,43.25413992442191,YES,selected
aa4ec2a5:o0:d012:flip_ud,0,/workspace/arc2/active_runs/eval60_v5_vs_greedy_4worker_v1/tmp/aa4ec2a5/d012/o00_g0.json,11cfe8abc7ee973dc8fe814c8fd96f79f84439741e4a427f97c92560afbfa7ef,FAST_PASS,CANDIDATE,a927d6dc00cbc284eb3332f41f4dd5710579bb0bfdcf50593f4f3fc3a6c50185,2,1156,1157,1156,0,70.01563797332346,YES,selected
aa4ec2a5:o0:d012:identity,0,/workspace/arc2/active_runs/eval60_v5_vs_greedy_4worker_v1/tmp/aa4ec2a5/d012/o00_g0.json,11cfe8abc7ee973dc8fe814c8fd96f79f84439741e4a427f97c92560afbfa7ef,HEAVY_REPAIR,CANDIDATE,a927d6dc00cbc284eb3332f41f4dd5710579bb0bfdcf50593f4f3fc3a6c50185,1,727,728,727,0,43.4624183550477,YES,selected
aa4ec2a5:o0:d012:transpose,0,/workspace/arc2/active_runs/eval60_v5_vs_greedy_4worker_v1/tmp/aa4ec2a5/d012/o00_g1.json,fca77ec6b5f117e71c7b4c1547d9cc68cde711980aa126570f916de737ecf992,HEAVY_REPAIR,CANDIDATE,a927d6dc00cbc284eb3332f41f4dd5710579bb0bfdcf50593f4f3fc3a6c50185,2,1342,1343,1342,0,79.35964063555002,YES,selected
aa4ec2a5:o0:d024:anti_transpose,0,/workspace/arc2/active_runs/eval60_v5_vs_greedy_4worker_v1/tmp/aa4ec2a5/d024/o00_g1.json,b4bd4290570a79a13b26b059852cc47848acbe4ca5d9f861953f8e105e8504a9,FAST_PASS,CANDIDATE,03aa11b9e5c2059ffcc8e999633ceab9c84cae2f56dcca617227dcafc16dc8aa,1,728,729,728,0,43.873785676434636,YES,selected
aa4ec2a5:o0:d024:flip_ud,0,/workspace/arc2/active_runs/eval60_v5_vs_greedy_4worker_v1/tmp/aa4ec2a5/d024/o00_g0.json,8ccc055b4420727069441bc7712f87ad8b28e1d7cf9a33b7e2b33d0ca3fde5eb,HEAVY_REPAIR,CANDIDATE,03aa11b9e5c2059ffcc8e999633ceab9c84cae2f56dcca617227dcafc16dc8aa,1,727,728,727,0,43.25896926410496,YES,selected
aa4ec2a5:o0:d024:identity,0,/workspace/arc2/active_runs/eval60_v5_vs_greedy_4worker_v1/tmp/aa4ec2a5/d024/o00_g0.json,8ccc055b4420727069441bc7712f87ad8b28e1d7cf9a33b7e2b33d0ca3fde5eb,HEAVY_REPAIR,CANDIDATE,03aa11b9e5c2059ffcc8e999633ceab9c84cae2f56dcca617227dcafc16dc8aa,2,1390,1391,1390,0,81.97330482117832,YES,selected
aa4ec2a5:o0:d024:transpose,0,/workspace/arc2/active_runs/eval60_v5_vs_greedy_4worker_v1/tmp/aa4ec2a5/d024/o00_g1.json,b4bd4290570a79a13b26b059852cc47848acbe4ca5d9f861953f8e105e8504a9,FAST_PASS,CANDIDATE,03aa11b9e5c2059ffcc8e999633ceab9c84cae2f56dcca617227dcafc16dc8aa,1,728,729,728,0,42.91449044831097,YES,selected
aa4ec2a5:o0:d048:anti_transpose,0,/workspace/arc2/active_runs/eval60_v5_vs_greedy_4worker_v1/tmp/aa4ec2a5/d048/o00_g1.json,4fc815243af8dfe348675b6638ed9a335faa4ca55334bc7935bcc6de8678c080,FAST_PASS,CANDIDATE,72427cd611619cb8ba176c97b17843afe73153f7b4d6da76add6322ba354e01a,1,728,729,728,0,44.13596619479358,YES,selected
aa4ec2a5:o0:d048:flip_ud,0,/workspace/arc2/active_runs/eval60_v5_vs_greedy_4worker_v1/tmp/aa4ec2a5/d048/o00_g0.json,82b7049cb2a5abc405a981bd05ef9c16d57d1c6828373c1021ec6af7e89678fa,HEAVY_REPAIR,CANDIDATE,72427cd611619cb8ba176c97b17843afe73153f7b4d6da76add6322ba354e01a,2,1307,1308,1307,0,76.9091703761369,YES,selected
aa4ec2a5:o0:d048:identity,0,/workspace/arc2/active_runs/eval60_v5_vs_greedy_4worker_v1/tmp/aa4ec2a5/d048/o00_g0.json,82b7049cb2a5abc405a981bd05ef9c16d57d1c6828373c1021ec6af7e89678fa,HEAVY_REPAIR,CANDIDATE,72427cd611619cb8ba176c97b17843afe73153f7b4d6da76add6322ba354e01a,1,727,728,727,0,42.922099811956286,YES,selected
aa4ec2a5:o0:d048:transpose,0,/workspace/arc2/active_runs/eval60_v5_vs_greedy_4worker_v1/tmp/aa4ec2a5/d048/o00_g1.json,4fc815243af8dfe348675b6638ed9a335faa4ca55334bc7935bcc6de8678c080,FAST_PASS,CANDIDATE,72427cd611619cb8ba176c97b17843afe73153f7b4d6da76add6322ba354e01a,1,728,729,728,0,43.52165936306119,YES,selected
b5ca7ac4:o0:d012:anti_transpose,0,/workspace/arc2/active_runs/eval60_v5_vs_greedy_4worker_v1/tmp/b5ca7ac4/d012/o00_g1.json,5828195b243881cad42277d9a9bd0b4a4b9196155e2590e55a9a3e6b1aa1395b,FAST_PASS,CANDIDATE,c6026c0482c13bd38fb3850d3d26a1c7c21809f620f8fca4ed2655c779871aa3,2,733,734,733,0,44.14901913329959,YES,selected
b5ca7ac4:o0:d012:flip_ud,0,/workspace/arc2/active_runs/eval60_v5_vs_greedy_4worker_v1/tmp/b5ca7ac4/d012/o00_g0.json,08b78c250dcb59f5b79783057183587c125314e2db039cc0e84adf73d963cdff,FAST_PASS,CANDIDATE,c6026c0482c13bd38fb3850d3d26a1c7c21809f620f8fca4ed2655c779871aa3,3,1464,1465,1464,829,86.11640714854002,YES,selected
b5ca7ac4:o0:d012:identity,0,/workspace/arc2/active_runs/eval60_v5_vs_greedy_4worker_v1/tmp/b5ca7ac4/d012/o00_g0.json,08b78c250dcb59f5b79783057183587c125314e2db039cc0e84adf73d963cdff,FAST_PASS,CANDIDATE,c6026c0482c13bd38fb3850d3d26a1c7c21809f620f8fca4ed2655c779871aa3,2,825,826,825,316,51.10057004354894,YES,selected
b5ca7ac4:o0:d012:transpose,0,/workspace/arc2/active_runs/eval60_v5_vs_greedy_4worker_v1/tmp/b5ca7ac4/d012/o00_g1.json,5828195b243881cad42277d9a9bd0b4a4b9196155e2590e55a9a3e6b1aa1395b,FAST_PASS,CANDIDATE,c6026c0482c13bd38fb3850d3d26a1c7c21809f620f8fca4ed2655c779871aa3,2,880,881,880,217,52.89245509915054,YES,selected
b5ca7ac4:o0:d024:anti_transpose,0,/workspace/arc2/active_runs/eval60_v5_vs_greedy_4worker_v1/tmp/b5ca7ac4/d024/o00_g1.json,739ac725eed0dadb51b2ee1724343df95373c9290521446de7e8bfc74ffc7ae8,FAST_PASS,CANDIDATE,0beb9685d50bbe9e2b1e9ccc3605367964fefcb5491d07b9d2f3b6030bf716a5,3,1228,1229,1228,321,72.6847501732409,YES,selected
b5ca7ac4:o0:d024:flip_ud,0,/workspace/arc2/active_runs/eval60_v5_vs_greedy_4worker_v1/tmp/b5ca7ac4/d024/o00_g0.json,e8b3487b00d5c9ae8c31a534765ad647f2287b896e4d490d175b30de9e37c055,FAST_PASS,CANDIDATE,0beb9685d50bbe9e2b1e9ccc3605367964fefcb5491d07b9d2f3b6030bf716a5,2,987,988,987,299,58.73212104849517,YES,selected
b5ca7ac4:o0:d024:identity,0,/workspace/arc2/active_runs/eval60_v5_vs_greedy_4worker_v1/tmp/b5ca7ac4/d024/o00_g0.json,e8b3487b00d5c9ae8c31a534765ad647f2287b896e4d490d175b30de9e37c055,FAST_PASS,CANDIDATE,0beb9685d50bbe9e2b1e9ccc3605367964fefcb5491d07b9d2f3b6030bf716a5,1,505,506,505,0,31.887034149840474,YES,selected
b5ca7ac4:o0:d024:transpose,0,/workspace/arc2/active_runs/eval60_v5_vs_greedy_4worker_v1/tmp/b5ca7ac4/d024/o00_g1.json,739ac725eed0dadb51b2ee1724343df95373c9290521446de7e8bfc74ffc7ae8,FAST_PASS,CANDIDATE,0beb9685d50bbe9e2b1e9ccc3605367964fefcb5491d07b9d2f3b6030bf716a5,1,505,506,505,0,30.810721142217517,YES,selected
b5ca7ac4:o0:d048:anti_transpose,0,/workspace/arc2/active_runs/eval60_v5_vs_greedy_4worker_v1/tmp/b5ca7ac4/d048/o00_g1.json,5da370f75a91056040514c3265a7d61eedcd39b7707663b3b97bda77dea200d5,FAST_PASS,CANDIDATE,79409680761a32a0ba3c1e466a4fa18e28dcbcfcde2598e8601914c694061c68,2,733,734,733,0,43.937669433653355,YES,selected
b5ca7ac4:o0:d048:flip_ud,0,/workspace/arc2/active_runs/eval60_v5_vs_greedy_4worker_v1/tmp/b5ca7ac4/d048/o00_g0.json,2b10631ee8df69ebb0d220f1124ed1628ab260e350012377d043d73b3547e8d5,FAST_PASS,CANDIDATE,79409680761a32a0ba3c1e466a4fa18e28dcbcfcde2598e8601914c694061c68,2,987,988,987,184,60.56302066333592,YES,selected
b5ca7ac4:o0:d048:identity,0,/workspace/arc2/active_runs/eval60_v5_vs_greedy_4worker_v1/tmp/b5ca7ac4/d048/o00_g0.json,2b10631ee8df69ebb0d220f1124ed1628ab260e350012377d043d73b3547e8d5,FAST_PASS,CANDIDATE,79409680761a32a0ba3c1e466a4fa18e28dcbcfcde2598e8601914c694061c68,3,1014,1015,1014,225,61.18948273174465,YES,selected
b5ca7ac4:o0:d048:transpose,0,/workspace/arc2/active_runs/eval60_v5_vs_greedy_4worker_v1/tmp/b5ca7ac4/d048/o00_g1.json,5da370f75a91056040514c3265a7d61eedcd39b7707663b3b97bda77dea200d5,FAST_PASS,CANDIDATE,79409680761a32a0ba3c1e466a4fa18e28dcbcfcde2598e8601914c694061c68,2,879,880,879,217,52.27375914528966,YES,selected
b6f77b65:o0:d012:anti_transpose,0,/workspace/arc2/active_runs/eval60_v5_vs_greedy_4worker_v1/tmp/b6f77b65/d012/o00_g1.json,a54106d0cbb907e73eeaff964a487690b1567b93a908ad461ded367e1d1df67f,FAST_PASS,CANDIDATE,7d489141451488bd80d118b1c53b8609227de057dcc6484478be1821c70ccb6b,2,284,285,284,117,16.345670828595757,YES,selected
b6f77b65:o0:d012:flip_ud,0,/workspace/arc2/active_runs/eval60_v5_vs_greedy_4worker_v1/tmp/b6f77b65/d012/o00_g0.json,6983374c4f63c9f79deb2d9cdf287021e132565d479b80a9d1b62fd374756182,FAST_PASS,CANDIDATE,7d489141451488bd80d118b1c53b8609227de057dcc6484478be1821c70ccb6b,2,303,304,303,254,18.602235462516546,YES,selected
b6f77b65:o0:d012:identity,0,/workspace/arc2/active_runs/eval60_v5_vs_greedy_4worker_v1/tmp/b6f77b65/d012/o00_g0.json,6983374c4f63c9f79deb2d9cdf287021e132565d479b80a9d1b62fd374756182,FAST_PASS,CANDIDATE,7d489141451488bd80d118b1c53b8609227de057dcc6484478be1821c70ccb6b,2,256,257,256,167,14.770988265052438,YES,selected
b6f77b65:o0:d012:transpose,0,/workspace/arc2/active_runs/eval60_v5_vs_greedy_4worker_v1/tmp/b6f77b65/d012/o00_g1.json,a54106d0cbb907e73eeaff964a487690b1567b93a908ad461ded367e1d1df67f,FAST_PASS,CANDIDATE,7d489141451488bd80d118b1c53b8609227de057dcc6484478be1821c70ccb6b,2,280,281,280,233,17.46914930269122,YES,selected
b6f77b65:o0:d024:anti_transpose,0,/workspace/arc2/active_runs/eval60_v5_vs_greedy_4worker_v1/tmp/b6f77b65/d024/o00_g1.json,98d07934b721a4e088e21e3957f0958d61a8e1246a34cc0a8d2f15043b55f9eb,FAST_PASS,CANDIDATE,c74dc3647758a1d0b21e147938c7bd09d6c9ebce8249b82b8259bcfc5a727cdf,2,284,285,284,52,16.93273806013167,YES,selected
b6f77b65:o0:d024:flip_ud,0,/workspace/arc2/active_runs/eval60_v5_vs_greedy_4worker_v1/tmp/b6f77b65/d024/o00_g0.json,f7fd5a7529fd697e1ae86e798c83792f85a4c491bec3cc352963d0f00d1b9e76,FAST_PASS,CANDIDATE,c74dc3647758a1d0b21e147938c7bd09d6c9ebce8249b82b8259bcfc5a727cdf,2,303,304,303,136,19.25188422948122,YES,selected
b6f77b65:o0:d024:identity,0,/workspace/arc2/active_runs/eval60_v5_vs_greedy_4worker_v1/tmp/b6f77b65/d024/o00_g0.json,f7fd5a7529fd697e1ae86e798c83792f85a4c491bec3cc352963d0f00d1b9e76,FAST_PASS,CANDIDATE,c74dc3647758a1d0b21e147938c7bd09d6c9ebce8249b82b8259bcfc5a727cdf,2,282,283,282,193,17.130788965150714,YES,selected
b6f77b65:o0:d024:transpose,0,/workspace/arc2/active_runs/eval60_v5_vs_greedy_4worker_v1/tmp/b6f77b65/d024/o00_g1.json,98d07934b721a4e088e21e3957f0958d61a8e1246a34cc0a8d2f15043b55f9eb,FAST_PASS,CANDIDATE,c74dc3647758a1d0b21e147938c7bd09d6c9ebce8249b82b8259bcfc5a727cdf,3,404,405,404,295,23.63699327595532,YES,selected
b6f77b65:o0:d048:anti_transpose,0,/workspace/arc2/active_runs/eval60_v5_vs_greedy_4worker_v1/tmp/b6f77b65/d048/o00_g1.json,89ff534b6546316055b1241a88ad29b9330fad646a111be4df7dee9159a916b4,FAST_PASS,CANDIDATE,4ce47194326dcbc3f561c90b5d5e7b0036d51a313078aa70d9a735fff7bb9386,2,284,285,284,0,16.36286397278309,YES,selected
b6f77b65:o0:d048:flip_ud,0,/workspace/arc2/active_runs/eval60_v5_vs_greedy_4worker_v1/tmp/b6f77b65/d048/o00_g0.json,f0e6c35ac1b91655fc8063071b566f78752eb2c2b5f9f5b9627ae549abebf3a5,FAST_PASS,CANDIDATE,4ce47194326dcbc3f561c90b5d5e7b0036d51a313078aa70d9a735fff7bb9386,2,303,304,303,0,18.63119177147746,YES,selected
b6f77b65:o0:d048:identity,0,/workspace/arc2/active_runs/eval60_v5_vs_greedy_4worker_v1/tmp/b6f77b65/d048/o00_g0.json,f0e6c35ac1b91655fc8063071b566f78752eb2c2b5f9f5b9627ae549abebf3a5,FAST_PASS,CANDIDATE,4ce47194326dcbc3f561c90b5d5e7b0036d51a313078aa70d9a735fff7bb9386,2,282,283,282,196,16.677109476178885,YES,selected
b6f77b65:o0:d048:transpose,0,/workspace/arc2/active_runs/eval60_v5_vs_greedy_4worker_v1/tmp/b6f77b65/d048/o00_g1.json,89ff534b6546316055b1241a88ad29b9330fad646a111be4df7dee9159a916b4,FAST_PASS,CANDIDATE,4ce47194326dcbc3f561c90b5d5e7b0036d51a313078aa70d9a735fff7bb9386,2,280,281,280,109,16.49899204261601,YES,selected
b6f77b65:o1:d012:anti_transpose,0,/workspace/arc2/active_runs/eval60_v5_vs_greedy_4worker_v1/tmp/b6f77b65/d012/o01_g1.json,4dee37f0b7ed205785cb045c654eaaa84264cf713288de68454babb55aeee5e3,FAST_PASS,CANDIDATE,7d489141451488bd80d118b1c53b8609227de057dcc6484478be1821c70ccb6b,2,284,285,284,103,17.656371926888824,YES,selected
b6f77b65:o1:d012:flip_ud,0,/workspace/arc2/active_runs/eval60_v5_vs_greedy_4worker_v1/tmp/b6f77b65/d012/o01_g0.json,d9c16479fb6f8164b1860e33a14bd8a590a9680fd8ade1b4bd2856b73924ad16,FAST_PASS,CANDIDATE,7d489141451488bd80d118b1c53b8609227de057dcc6484478be1821c70ccb6b,2,308,309,308,227,18.06845505721867,YES,selected
b6f77b65:o1:d012:identity,0,/workspace/arc2/active_runs/eval60_v5_vs_greedy_4worker_v1/tmp/b6f77b65/d012/o01_g0.json,d9c16479fb6f8164b1860e33a14bd8a590a9680fd8ade1b4bd2856b73924ad16,FAST_PASS,CANDIDATE,7d489141451488bd80d118b1c53b8609227de057dcc6484478be1821c70ccb6b,2,256,257,256,190,15.92565300874412,YES,selected
b6f77b65:o1:d012:transpose,0,/workspace/arc2/active_runs/eval60_v5_vs_greedy_4worker_v1/tmp/b6f77b65/d012/o01_g1.json,4dee37f0b7ed205785cb045c654eaaa84264cf713288de68454babb55aeee5e3,FAST_PASS,CANDIDATE,7d489141451488bd80d118b1c53b8609227de057dcc6484478be1821c70ccb6b,1,155,156,155,110,9.02832617983222,YES,selected
b6f77b65:o1:d024:anti_transpose,0,/workspace/arc2/active_runs/eval60_v5_vs_greedy_4worker_v1/tmp/b6f77b65/d024/o01_g1.json,497c4451dcb500b096055087b4c61d5a7493c27a53ec6ae70e095ba261ceea6c,FAST_PASS,CANDIDATE,c74dc3647758a1d0b21e147938c7bd09d6c9ebce8249b82b8259bcfc5a727cdf,2,284,285,284,39,17.59356751292944,YES,selected
b6f77b65:o1:d024:flip_ud,0,/workspace/arc2/active_runs/eval60_v5_vs_greedy_4worker_v1/tmp/b6f77b65/d024/o01_g0.json,1a4e4b82bd13106634088563f84a259cf5ded14dba798e9a132632b5bab22d3f,FAST_PASS,CANDIDATE,c74dc3647758a1d0b21e147938c7bd09d6c9ebce8249b82b8259bcfc5a727cdf,2,308,309,308,127,17.94562340155244,YES,selected
b6f77b65:o1:d024:identity,0,/workspace/arc2/active_runs/eval60_v5_vs_greedy_4worker_v1/tmp/b6f77b65/d024/o01_g0.json,1a4e4b82bd13106634088563f84a259cf5ded14dba798e9a132632b5bab22d3f,FAST_PASS,CANDIDATE,c74dc3647758a1d0b21e147938c7bd09d6c9ebce8249b82b8259bcfc5a727cdf,2,282,283,282,119,18.004839720204473,YES,selected
b6f77b65:o1:d024:transpose,0,/workspace/arc2/active_runs/eval60_v5_vs_greedy_4worker_v1/tmp/b6f77b65/d024/o01_g1.json,497c4451dcb500b096055087b4c61d5a7493c27a53ec6ae70e095ba261ceea6c,FAST_PASS,CANDIDATE,c74dc3647758a1d0b21e147938c7bd09d6c9ebce8249b82b8259bcfc5a727cdf,2,280,281,280,185,16.598353046923876,YES,selected
b6f77b65:o1:d048:anti_transpose,0,/workspace/arc2/active_runs/eval60_v5_vs_greedy_4worker_v1/tmp/b6f77b65/d048/o01_g1.json,8a0fac4faa6413c5a6832077da6fa11e07e119096c06e85c686145a3c3c60727,FAST_PASS,CANDIDATE,4ce47194326dcbc3f561c90b5d5e7b0036d51a313078aa70d9a735fff7bb9386,2,284,285,284,0,16.72680756635964,YES,selected
b6f77b65:o1:d048:flip_ud,0,/workspace/arc2/active_runs/eval60_v5_vs_greedy_4worker_v1/tmp/b6f77b65/d048/o01_g0.json,6b939d09d1b077156e233687a511dd354e7360edc62a6ed14c5bfebaaaa2f8bc,FAST_PASS,CANDIDATE,4ce47194326dcbc3f561c90b5d5e7b0036d51a313078aa70d9a735fff7bb9386,2,303,304,303,0,18.55301628820598,YES,selected
b6f77b65:o1:d048:identity,0,/workspace/arc2/active_runs/eval60_v5_vs_greedy_4worker_v1/tmp/b6f77b65/d048/o01_g0.json,6b939d09d1b077156e233687a511dd354e7360edc62a6ed14c5bfebaaaa2f8bc,FAST_PASS,CANDIDATE,4ce47194326dcbc3f561c90b5d5e7b0036d51a313078aa70d9a735fff7bb9386,2,282,283,282,215,16.952267421409488,YES,selected
b6f77b65:o1:d048:transpose,0,/workspace/arc2/active_runs/eval60_v5_vs_greedy_4worker_v1/tmp/b6f77b65/d048/o01_g1.json,8a0fac4faa6413c5a6832077da6fa11e07e119096c06e85c686145a3c3c60727,FAST_PASS,CANDIDATE,4ce47194326dcbc3f561c90b5d5e7b0036d51a313078aa70d9a735fff7bb9386,3,392,393,392,223,22.43916840851307,YES,selected
b6f77b65:o2:d012:anti_transpose,0,/workspace/arc2/active_runs/eval60_v5_vs_greedy_4worker_v1/tmp/b6f77b65/d012/o02_g1.json,4491252e62b1f13eb1c856ef693a9257e7e1cfdad680dfb66e176b077b8a8b6c,FAST_PASS,CANDIDATE,7d489141451488bd80d118b1c53b8609227de057dcc6484478be1821c70ccb6b,2,281,282,281,191,17.26735984161496,YES,selected
b6f77b65:o2:d012:flip_ud,0,/workspace/arc2/active_runs/eval60_v5_vs_greedy_4worker_v1/tmp/b6f77b65/d012/o02_g0.json,59a728bdfdd8ac22380a263e9c50ffdbc63d162e5363d233360b183349e4d76b,FAST_PASS,CANDIDATE,7d489141451488bd80d118b1c53b8609227de057dcc6484478be1821c70ccb6b,3,459,460,459,441,27.06807636655867,YES,selected
b6f77b65:o2:d012:identity,0,/workspace/arc2/active_runs/eval60_v5_vs_greedy_4worker_v1/tmp/b6f77b65/d012/o02_g0.json,59a728bdfdd8ac22380a263e9c50ffdbc63d162e5363d233360b183349e4d76b,FAST_PASS,CANDIDATE,7d489141451488bd80d118b1c53b8609227de057dcc6484478be1821c70ccb6b,1,155,156,155,89,9.338420683518052,YES,selected
b6f77b65:o2:d012:transpose,0,/workspace/arc2/active_runs/eval60_v5_vs_greedy_4worker_v1/tmp/b6f77b65/d012/o02_g1.json,4491252e62b1f13eb1c856ef693a9257e7e1cfdad680dfb66e176b077b8a8b6c,FAST_PASS,CANDIDATE,7d489141451488bd80d118b1c53b8609227de057dcc6484478be1821c70ccb6b,2,310,311,310,269,18.20403520204127,YES,selected
b6f77b65:o2:d024:anti_transpose,0,/workspace/arc2/active_runs/eval60_v5_vs_greedy_4worker_v1/tmp/b6f77b65/d024/o02_g1.json,bdb81cff660f5cc66be1ac11f8328e7c4e908c01db6f3cea69195719c2147fdf,FAST_PASS,CANDIDATE,c74dc3647758a1d0b21e147938c7bd09d6c9ebce8249b82b8259bcfc5a727cdf,2,281,282,281,190,16.22821931913495,YES,selected
b6f77b65:o2:d024:flip_ud,0,/workspace/arc2/active_runs/eval60_v5_vs_greedy_4worker_v1/tmp/b6f77b65/d024/o02_g0.json,18a404ca309f2f34141b4b292abc155240c087372772834e71d10f81165b2deb,FAST_PASS,CANDIDATE,c74dc3647758a1d0b21e147938c7bd09d6c9ebce8249b82b8259bcfc5a727cdf,2,308,309,308,257,18.166832135990262,YES,selected
b6f77b65:o2:d024:identity,0,/workspace/arc2/active_runs/eval60_v5_vs_greedy_4worker_v1/tmp/b6f77b65/d024/o02_g0.json,18a404ca309f2f34141b4b292abc155240c087372772834e71d10f81165b2deb,FAST_PASS,CANDIDATE,c74dc3647758a1d0b21e147938c7bd09d6c9ebce8249b82b8259bcfc5a727cdf,2,282,283,282,187,16.30120308510959,YES,selected
b6f77b65:o2:d024:transpose,0,/workspace/arc2/active_runs/eval60_v5_vs_greedy_4worker_v1/tmp/b6f77b65/d024/o02_g1.json,bdb81cff660f5cc66be1ac11f8328e7c4e908c01db6f3cea69195719c2147fdf,FAST_PASS,CANDIDATE,c74dc3647758a1d0b21e147938c7bd09d6c9ebce8249b82b8259bcfc5a727cdf,2,282,283,282,113,17.463453993201256,YES,selected
b6f77b65:o2:d048:anti_transpose,0,/workspace/arc2/active_runs/eval60_v5_vs_greedy_4worker_v1/tmp/b6f77b65/d048/o02_g1.json,2765fa3e5c9d63a0d342f70dce0b9fa71ae9686aceb4fadc6e6ef68d8bf068ab,FAST_PASS,CANDIDATE,4ce47194326dcbc3f561c90b5d5e7b0036d51a313078aa70d9a735fff7bb9386,2,281,282,281,164,17.2339907027781,YES,selected
b6f77b65:o2:d048:flip_ud,0,/workspace/arc2/active_runs/eval60_v5_vs_greedy_4worker_v1/tmp/b6f77b65/d048/o02_g0.json,dc742c776c3709afacded9c1f589c8409d9034f06fd9ce745efee25388f268c4,FAST_PASS,CANDIDATE,4ce47194326dcbc3f561c90b5d5e7b0036d51a313078aa70d9a735fff7bb9386,2,303,304,303,172,17.787083139643073,YES,selected
b6f77b65:o2:d048:identity,0,/workspace/arc2/active_runs/eval60_v5_vs_greedy_4worker_v1/tmp/b6f77b65/d048/o02_g0.json,dc742c776c3709afacded9c1f589c8409d9034f06fd9ce745efee25388f268c4,FAST_PASS,CANDIDATE,4ce47194326dcbc3f561c90b5d5e7b0036d51a313078aa70d9a735fff7bb9386,3,370,371,370,291,22.96326563693583,YES,selected
b6f77b65:o2:d048:transpose,0,/workspace/arc2/active_runs/eval60_v5_vs_greedy_4worker_v1/tmp/b6f77b65/d048/o02_g1.json,2765fa3e5c9d63a0d342f70dce0b9fa71ae9686aceb4fadc6e6ef68d8bf068ab,FAST_PASS,CANDIDATE,4ce47194326dcbc3f561c90b5d5e7b0036d51a313078aa70d9a735fff7bb9386,3,424,425,424,355,24.307674646377563,YES,selected
b99e7126:o0:d012:anti_transpose,0,/workspace/arc2/active_runs/eval60_v5_vs_greedy_4worker_v1/tmp/b99e7126/d012/o00_g1.json,3e6fc7353b69a17ddc5c5f6dc3c36b9a752acb21eefd4a4f36d79a329831a7cd,UNKNOWN,CANDIDATE,3dd3bbbf87e6f96d58ccf8a22cae25c0d733b20c621a11c3535968378544f6f3,4,2735,2738,2735,2096,79.30194699764252,YES,selected
b99e7126:o0:d012:flip_ud,0,/workspace/arc2/active_runs/eval60_v5_vs_greedy_4worker_v1/tmp/b99e7126/d012/o00_g0.json,c4233c392374e658eb66d55307409296e8b85621acce93a791d1212b868af12e,HEAVY_REPAIR,CANDIDATE,3dd3bbbf87e6f96d58ccf8a22cae25c0d733b20c621a11c3535968378544f6f3,2,1331,1332,1331,351,79.24935390613973,YES,selected
b99e7126:o0:d012:identity,0,/workspace/arc2/active_runs/eval60_v5_vs_greedy_4worker_v1/tmp/b99e7126/d012/o00_g0.json,c4233c392374e658eb66d55307409296e8b85621acce93a791d1212b868af12e,FAST_PASS,CANDIDATE,3dd3bbbf87e6f96d58ccf8a22cae25c0d733b20c621a11c3535968378544f6f3,2,1458,1459,1458,0,87.32094164378941,YES,selected
b99e7126:o0:d012:transpose,0,/workspace/arc2/active_runs/eval60_v5_vs_greedy_4worker_v1/tmp/b99e7126/d012/o00_g1.json,3e6fc7353b69a17ddc5c5f6dc3c36b9a752acb21eefd4a4f36d79a329831a7cd,UNKNOWN,CANDIDATE,3dd3bbbf87e6f96d58ccf8a22cae25c0d733b20c621a11c3535968378544f6f3,4,2736,2738,2736,2236,79.30194699764252,YES,selected
b99e7126:o0:d024:anti_transpose,0,/workspace/arc2/active_runs/eval60_v5_vs_greedy_4worker_v1/tmp/b99e7126/d024/o00_g1.json,9d8a9e08693663d7763bda5710d60d964733df200b85c4067b847eb3d6721ab3,HEAVY_REPAIR,CANDIDATE,3a52591305dd4cdc7e0340a6e919077aec528cb5a3d9b12a2b5796be4bf0e1a8,1,869,870,869,0,52.18374787643552,YES,selected
b99e7126:o0:d024:flip_ud,0,/workspace/arc2/active_runs/eval60_v5_vs_greedy_4worker_v1/tmp/b99e7126/d024/o00_g0.json,8266add8ab8b8beabb710db421a8f510f0bba3abea18d5f734e8971729f3a700,UNKNOWN,CANDIDATE,3a52591305dd4cdc7e0340a6e919077aec528cb5a3d9b12a2b5796be4bf0e1a8,2,1457,1459,1457,589,42.41124591603875,YES,selected
b99e7126:o0:d024:identity,0,/workspace/arc2/active_runs/eval60_v5_vs_greedy_4worker_v1/tmp/b99e7126/d024/o00_g0.json,8266add8ab8b8beabb710db421a8f510f0bba3abea18d5f734e8971729f3a700,UNKNOWN,CANDIDATE,3a52591305dd4cdc7e0340a6e919077aec528cb5a3d9b12a2b5796be4bf0e1a8,2,1458,1459,1458,234,42.41124591603875,YES,selected
b99e7126:o0:d024:transpose,0,/workspace/arc2/active_runs/eval60_v5_vs_greedy_4worker_v1/tmp/b99e7126/d024/o00_g1.json,9d8a9e08693663d7763bda5710d60d964733df200b85c4067b847eb3d6721ab3,HEAVY_REPAIR,CANDIDATE,3a52591305dd4cdc7e0340a6e919077aec528cb5a3d9b12a2b5796be4bf0e1a8,3,2039,2040,2039,0,120.18127815239131,YES,selected
b99e7126:o0:d048:anti_transpose,0,/workspace/arc2/active_runs/eval60_v5_vs_greedy_4worker_v1/tmp/b99e7126/d048/o00_g1.json,44b299232a0649844b2f7238f2463ee2a122a845c51eaa1c1ebb2aa0f391a65e,UNKNOWN,CANDIDATE,abf1373d4b7876253e6cb0986f74663f52fb30497664bbc427f253813552871e,2,1335,1336,1335,0,39.165467790327966,YES,selected
b99e7126:o0:d048:flip_ud,0,/workspace/arc2/active_runs/eval60_v5_vs_greedy_4worker_v1/tmp/b99e7126/d048/o00_g0.json,73ffadabbd91982f9aa475f991678993e8376b43bfe529176bae7a76303b2d61,UNKNOWN,CANDIDATE,abf1373d4b7876253e6cb0986f74663f52fb30497664bbc427f253813552871e,1,869,870,869,0,26.06616384256631,YES,selected
b99e7126:o0:d048:identity,0,/workspace/arc2/active_runs/eval60_v5_vs_greedy_4worker_v1/tmp/b99e7126/d048/o00_g0.json,73ffadabbd91982f9aa475f991678993e8376b43bfe529176bae7a76303b2d61,UNKNOWN,CANDIDATE,abf1373d4b7876253e6cb0986f74663f52fb30497664bbc427f253813552871e,1,869,870,869,0,26.06616384256631,YES,selected
b99e7126:o0:d048:transpose,0,/workspace/arc2/active_runs/eval60_v5_vs_greedy_4worker_v1/tmp/b99e7126/d048/o00_g1.json,44b299232a0649844b2f7238f2463ee2a122a845c51eaa1c1ebb2aa0f391a65e,UNKNOWN,CANDIDATE,abf1373d4b7876253e6cb0986f74663f52fb30497664bbc427f253813552871e,2,1334,1336,1334,466,39.165467790327966,YES,selected
c4d067a0:o0:d012:anti_transpose,0,/workspace/arc2/active_runs/eval60_v5_vs_greedy_4worker_v1/tmp/c4d067a0/d012/o00_g1.json,5440ca316bcb2b371fa8b6cac72434e1f0570dbeec96094b0a599c95c24d2724,UNKNOWN,CANDIDATE,b3846dc41df61cb603496367b1f8df71bbaeed678566d618827efbe20e1d4c50,2,1140,1142,1140,979,32.63535350561142,YES,selected
c4d067a0:o0:d012:flip_ud,0,/workspace/arc2/active_runs/eval60_v5_vs_greedy_4worker_v1/tmp/c4d067a0/d012/o00_g0.json,931d1fd7242cdcde508474cc83d42837937d518fa6e353c16cf5323827cef013,UNKNOWN,CANDIDATE,b3846dc41df61cb603496367b1f8df71bbaeed678566d618827efbe20e1d4c50,3,1369,1372,1369,855,40.07834171783179,YES,selected
c4d067a0:o0:d012:identity,0,/workspace/arc2/active_runs/eval60_v5_vs_greedy_4worker_v1/tmp/c4d067a0/d012/o00_g0.json,931d1fd7242cdcde508474cc83d42837937d518fa6e353c16cf5323827cef013,UNKNOWN,CANDIDATE,b3846dc41df61cb603496367b1f8df71bbaeed678566d618827efbe20e1d4c50,3,1371,1372,1371,577,40.07834171783179,YES,selected
c4d067a0:o0:d012:transpose,0,/workspace/arc2/active_runs/eval60_v5_vs_greedy_4worker_v1/tmp/c4d067a0/d012/o00_g1.json,5440ca316bcb2b371fa8b6cac72434e1f0570dbeec96094b0a599c95c24d2724,UNKNOWN,CANDIDATE,b3846dc41df61cb603496367b1f8df71bbaeed678566d618827efbe20e1d4c50,2,1141,1142,1141,749,32.63535350561142,YES,selected
c4d067a0:o0:d024:anti_transpose,0,/workspace/arc2/active_runs/eval60_v5_vs_greedy_4worker_v1/tmp/c4d067a0/d024/o00_g1.json,68f84384f021b9c26c2ec0013a89ce76ecf9f3c497bbecde13873f5f71c9509b,UNKNOWN,CANDIDATE,a2bd2c787998746e4f4dfed788bc3fb3b7c910aafd41bd6c1e457ed2d51291e2,2,1129,1131,1129,832,32.58148336131126,YES,selected
c4d067a0:o0:d024:flip_ud,0,/workspace/arc2/active_runs/eval60_v5_vs_greedy_4worker_v1/tmp/c4d067a0/d024/o00_g0.json,fe9c4e2329f590df1648efe9c837d38bb777c89f86c6b2bcf9e5394560d45394,UNKNOWN,CANDIDATE,a2bd2c787998746e4f4dfed788bc3fb3b7c910aafd41bd6c1e457ed2d51291e2,3,1818,1820,1818,1410,52.3672543996945,YES,selected
c4d067a0:o0:d024:identity,0,/workspace/arc2/active_runs/eval60_v5_vs_greedy_4worker_v1/tmp/c4d067a0/d024/o00_g0.json,fe9c4e2329f590df1648efe9c837d38bb777c89f86c6b2bcf9e5394560d45394,UNKNOWN,CANDIDATE,a2bd2c787998746e4f4dfed788bc3fb3b7c910aafd41bd6c1e457ed2d51291e2,3,1818,1820,1818,688,52.3672543996945,YES,selected
c4d067a0:o0:d024:transpose,0,/workspace/arc2/active_runs/eval60_v5_vs_greedy_4worker_v1/tmp/c4d067a0/d024/o00_g1.json,68f84384f021b9c26c2ec0013a89ce76ecf9f3c497bbecde13873f5f71c9509b,UNKNOWN,CANDIDATE,a2bd2c787998746e4f4dfed788bc3fb3b7c910aafd41bd6c1e457ed2d51291e2,2,1130,1131,1130,468,32.58148336131126,YES,selected
c4d067a0:o0:d048:anti_transpose,0,/workspace/arc2/active_runs/eval60_v5_vs_greedy_4worker_v1/tmp/c4d067a0/d048/o00_g1.json,1a9abfede19d7b73415fd5e101c5b297884d5973b249e5971c3adff8ed8c7c61,UNKNOWN,CANDIDATE,7db2d2ed7a4fb2c5a8255c40b15c08d78505e0e2739a8cbaa2dd1583dea49f93,1,755,756,755,0,22.281546277925372,YES,selected
c4d067a0:o0:d048:flip_ud,0,/workspace/arc2/active_runs/eval60_v5_vs_greedy_4worker_v1/tmp/c4d067a0/d048/o00_g0.json,781e8d8c859f8b6e0a48b83a37dd3c92bd77e22b27808b9756f442fadc914a33,UNKNOWN,CANDIDATE,7db2d2ed7a4fb2c5a8255c40b15c08d78505e0e2739a8cbaa2dd1583dea49f93,2,1076,1078,1076,561,31.284564973786473,YES,selected
c4d067a0:o0:d048:identity,0,/workspace/arc2/active_runs/eval60_v5_vs_greedy_4worker_v1/tmp/c4d067a0/d048/o00_g0.json,781e8d8c859f8b6e0a48b83a37dd3c92bd77e22b27808b9756f442fadc914a33,UNKNOWN,CANDIDATE,7db2d2ed7a4fb2c5a8255c40b15c08d78505e0e2739a8cbaa2dd1583dea49f93,2,1077,1078,1077,0,31.284564973786473,YES,selected
c4d067a0:o0:d048:transpose,0,/workspace/arc2/active_runs/eval60_v5_vs_greedy_4worker_v1/tmp/c4d067a0/d048/o00_g1.json,1a9abfede19d7b73415fd5e101c5b297884d5973b249e5971c3adff8ed8c7c61,UNKNOWN,CANDIDATE,7db2d2ed7a4fb2c5a8255c40b15c08d78505e0e2739a8cbaa2dd1583dea49f93,1,755,756,755,0,22.281546277925372,YES,selected
c7f57c3e:o0:d012:anti_transpose,0,/workspace/arc2/active_runs/eval60_v5_vs_greedy_4worker_v1/tmp/c7f57c3e/d012/o00_g1.json,a5120f89f87a530c9bffd2bdc883e34065aba667dd5dbdb8d2b38541cdccff13,FAST_PASS,CANDIDATE,5c3b764f7cb06ee30718008c5f532fa3bfcd1bb21bb075b43bf2a1cac66156b2,3,2098,2099,2098,1572,125.9111011121422,YES,selected
c7f57c3e:o0:d012:flip_ud,0,/workspace/arc2/active_runs/eval60_v5_vs_greedy_4worker_v1/tmp/c7f57c3e/d012/o00_g0.json,d96b0180c0e24dc6b56e8f336f16cabbb9cb8b7291a964b3a546441c4e00e2c5,FAST_PASS,CANDIDATE,5c3b764f7cb06ee30718008c5f532fa3bfcd1bb21bb075b43bf2a1cac66156b2,2,1530,1531,1530,1305,90.40459332987666,YES,selected
c7f57c3e:o0:d012:identity,0,/workspace/arc2/active_runs/eval60_v5_vs_greedy_4worker_v1/tmp/c7f57c3e/d012/o00_g0.json,d96b0180c0e24dc6b56e8f336f16cabbb9cb8b7291a964b3a546441c4e00e2c5,FAST_PASS,CANDIDATE,5c3b764f7cb06ee30718008c5f532fa3bfcd1bb21bb075b43bf2a1cac66156b2,2,1534,1535,1534,715,90.14775392599404,YES,selected
c7f57c3e:o0:d012:transpose,0,/workspace/arc2/active_runs/eval60_v5_vs_greedy_4worker_v1/tmp/c7f57c3e/d012/o00_g1.json,a5120f89f87a530c9bffd2bdc883e34065aba667dd5dbdb8d2b38541cdccff13,FAST_PASS,CANDIDATE,5c3b764f7cb06ee30718008c5f532fa3bfcd1bb21bb075b43bf2a1cac66156b2,3,2079,2080,2079,515,122.45550447143614,YES,selected
c7f57c3e:o0:d024:anti_transpose,0,/workspace/arc2/active_runs/eval60_v5_vs_greedy_4worker_v1/tmp/c7f57c3e/d024/o00_g1.json,45f660ba292b56959b20ee93dff23a454e56ee6edd0e360dee20beae0d62ed14,FAST_PASS,CANDIDATE,101dbf4de6c4edf15684befb0e65d5e4c2a39829e8410c6f9d123f898a296ea1,2,1127,1128,1127,316,65.46307613700628,YES,selected
c7f57c3e:o0:d024:flip_ud,0,/workspace/arc2/active_runs/eval60_v5_vs_greedy_4worker_v1/tmp/c7f57c3e/d024/o00_g0.json,7517b350b2a27d2f6782f30838cc78b181e37976475c6103d9b293ce6b005f41,FAST_PASS,CANDIDATE,101dbf4de6c4edf15684befb0e65d5e4c2a39829e8410c6f9d123f898a296ea1,1,811,812,811,0,47.895659076049924,YES,selected
c7f57c3e:o0:d024:identity,0,/workspace/arc2/active_runs/eval60_v5_vs_greedy_4worker_v1/tmp/c7f57c3e/d024/o00_g0.json,7517b350b2a27d2f6782f30838cc78b181e37976475c6103d9b293ce6b005f41,FAST_PASS,CANDIDATE,101dbf4de6c4edf15684befb0e65d5e4c2a39829e8410c6f9d123f898a296ea1,2,1591,1592,1591,599,92.21668260358274,YES,selected
c7f57c3e:o0:d024:transpose,0,/workspace/arc2/active_runs/eval60_v5_vs_greedy_4worker_v1/tmp/c7f57c3e/d024/o00_g1.json,45f660ba292b56959b20ee93dff23a454e56ee6edd0e360dee20beae0d62ed14,FAST_PASS,CANDIDATE,101dbf4de6c4edf15684befb0e65d5e4c2a39829e8410c6f9d123f898a296ea1,2,1563,1564,1563,517,91.41665107943118,YES,selected
c7f57c3e:o0:d048:anti_transpose,0,/workspace/arc2/active_runs/eval60_v5_vs_greedy_4worker_v1/tmp/c7f57c3e/d048/o00_g1.json,7e7931afd861ada5c09a300f55102974578cc29f7d280ebda47b973962479e3a,FAST_PASS,CANDIDATE,04866a5de91d790fc3157b354d36d52a52725d868898a0a8b5ea1b4a89373081,2,1208,1209,1208,0,70.80254424735904,YES,selected
c7f57c3e:o0:d048:flip_ud,0,/workspace/arc2/active_runs/eval60_v5_vs_greedy_4worker_v1/tmp/c7f57c3e/d048/o00_g0.json,026ff1a1d842197dc2c09e5755af79f98697c6ae90a512f9db73ef3842fbb22a,FAST_PASS,CANDIDATE,04866a5de91d790fc3157b354d36d52a52725d868898a0a8b5ea1b4a89373081,2,1341,1342,1341,488,80.39111345261335,YES,selected
c7f57c3e:o0:d048:identity,0,/workspace/arc2/active_runs/eval60_v5_vs_greedy_4worker_v1/tmp/c7f57c3e/d048/o00_g0.json,026ff1a1d842197dc2c09e5755af79f98697c6ae90a512f9db73ef3842fbb22a,FAST_PASS,CANDIDATE,04866a5de91d790fc3157b354d36d52a52725d868898a0a8b5ea1b4a89373081,2,1351,1352,1351,140,79.68299964442849,YES,selected
c7f57c3e:o0:d048:transpose,0,/workspace/arc2/active_runs/eval60_v5_vs_greedy_4worker_v1/tmp/c7f57c3e/d048/o00_g1.json,7e7931afd861ada5c09a300f55102974578cc29f7d280ebda47b973962479e3a,FAST_PASS,CANDIDATE,04866a5de91d790fc3157b354d36d52a52725d868898a0a8b5ea1b4a89373081,2,1563,1564,1563,644,91.21298393048346,YES,selected
cb2d8a2c:o0:d012:anti_transpose,0,/workspace/arc2/active_runs/eval60_v5_vs_greedy_4worker_v1/tmp/cb2d8a2c/d012/o00_g1.json,378adbee6b7e9d7f0b4d1066fd6a65a648d2593d75034f4e10b71842482e687d,HEAVY_REPAIR,CANDIDATE,25f6618087ae60293fc1b49e6ad992f385abb8ca48f9d1e62666f8d939f8d470,1,389,390,389,298,23.393054082989693,YES,selected
cb2d8a2c:o0:d012:identity,0,/workspace/arc2/active_runs/eval60_v5_vs_greedy_4worker_v1/tmp/cb2d8a2c/d012/o00_g0.json,56100138f71dde75e202174c5a3e3d4ec59c33441b32eb30098365161fbbbce5,FAST_PASS,CANDIDATE,25f6618087ae60293fc1b49e6ad992f385abb8ca48f9d1e62666f8d939f8d470,2,696,697,696,483,41.067946407943964,YES,selected
cb2d8a2c:o0:d012:transpose,0,/workspace/arc2/active_runs/eval60_v5_vs_greedy_4worker_v1/tmp/cb2d8a2c/d012/o00_g1.json,378adbee6b7e9d7f0b4d1066fd6a65a648d2593d75034f4e10b71842482e687d,HEAVY_REPAIR,CANDIDATE,25f6618087ae60293fc1b49e6ad992f385abb8ca48f9d1e62666f8d939f8d470,2,716,717,716,329,42.07100618630648,YES,selected
cb2d8a2c:o0:d024:anti_transpose,0,/workspace/arc2/active_runs/eval60_v5_vs_greedy_4worker_v1/tmp/cb2d8a2c/d024/o00_g1.json,897955857ac475b66b8ba73c81133f465f9fc78db1959f037b747bb7d92890ba,FAST_PASS,CANDIDATE,3755412acb672eebd71d4a67e005c800a33bba7ba621b6e1044d27b3aebfddf2,3,999,1000,999,647,57.856671972200274,YES,selected
cb2d8a2c:o0:d024:flip_ud,0,/workspace/arc2/active_runs/eval60_v5_vs_greedy_4worker_v1/tmp/cb2d8a2c/d024/o00_g0.json,647f6e0a4f318279b8ea02d320f1f176d244606e4e6beea936aab98d688b501a,FAST_PASS,CANDIDATE,3755412acb672eebd71d4a67e005c800a33bba7ba621b6e1044d27b3aebfddf2,1,377,378,377,0,21.875904381275177,YES,selected
cb2d8a2c:o0:d024:identity,0,/workspace/arc2/active_runs/eval60_v5_vs_greedy_4worker_v1/tmp/cb2d8a2c/d024/o00_g0.json,647f6e0a4f318279b8ea02d320f1f176d244606e4e6beea936aab98d688b501a,HEAVY_REPAIR,CANDIDATE,3755412acb672eebd71d4a67e005c800a33bba7ba621b6e1044d27b3aebfddf2,1,377,378,377,0,22.652814595028758,YES,selected
cb2d8a2c:o0:d024:transpose,0,/workspace/arc2/active_runs/eval60_v5_vs_greedy_4worker_v1/tmp/cb2d8a2c/d024/o00_g1.json,897955857ac475b66b8ba73c81133f465f9fc78db1959f037b747bb7d92890ba,FAST_PASS,CANDIDATE,3755412acb672eebd71d4a67e005c800a33bba7ba621b6e1044d27b3aebfddf2,2,700,701,700,212,40.46684459596872,YES,selected
cb2d8a2c:o0:d048:anti_transpose,0,/workspace/arc2/active_runs/eval60_v5_vs_greedy_4worker_v1/tmp/cb2d8a2c/d048/o00_g1.json,97fcc6b5aee6fd6995c11d2b7ebb05ac0b4cf383926a23f479ac3675c01e62d7,HEAVY_REPAIR,CANDIDATE,36293fda78bf673ea62239d258dd695ef56a9548567edfc56fcaff09dc3b5caf,1,389,390,389,0,23.05392892099917,YES,selected
cb2d8a2c:o0:d048:flip_ud,0,/workspace/arc2/active_runs/eval60_v5_vs_greedy_4worker_v1/tmp/cb2d8a2c/d048/o00_g0.json,08ce23815730eef6ac9835e7d50ec0a9bb61bc57d86ba65855a47f358fe23434,FAST_PASS,CANDIDATE,36293fda78bf673ea62239d258dd695ef56a9548567edfc56fcaff09dc3b5caf,2,542,543,542,0,31.88127798959613,YES,selected
cb2d8a2c:o0:d048:identity,0,/workspace/arc2/active_runs/eval60_v5_vs_greedy_4worker_v1/tmp/cb2d8a2c/d048/o00_g0.json,08ce23815730eef6ac9835e7d50ec0a9bb61bc57d86ba65855a47f358fe23434,HEAVY_REPAIR,CANDIDATE,36293fda78bf673ea62239d258dd695ef56a9548567edfc56fcaff09dc3b5caf,2,668,669,668,284,39.67030424438417,YES,selected
cb2d8a2c:o0:d048:transpose,0,/workspace/arc2/active_runs/eval60_v5_vs_greedy_4worker_v1/tmp/cb2d8a2c/d048/o00_g1.json,97fcc6b5aee6fd6995c11d2b7ebb05ac0b4cf383926a23f479ac3675c01e62d7,FAST_PASS,CANDIDATE,36293fda78bf673ea62239d258dd695ef56a9548567edfc56fcaff09dc3b5caf,2,700,701,700,39,40.36905293725431,YES,selected
cb2d8a2c:o1:d012:anti_transpose,0,/workspace/arc2/active_runs/eval60_v5_vs_greedy_4worker_v1/tmp/cb2d8a2c/d012/o01_g1.json,c0fe2c210f6594d7bc1421aff6d3d96c8b995e1475c45a4677fa01d96cffdcc3,FAST_PASS,CANDIDATE,25f6618087ae60293fc1b49e6ad992f385abb8ca48f9d1e62666f8d939f8d470,1,479,480,479,243,27.642117520794272,YES,selected
cb2d8a2c:o1:d012:flip_ud,0,/workspace/arc2/active_runs/eval60_v5_vs_greedy_4worker_v1/tmp/cb2d8a2c/d012/o01_g0.json,f4c6d0e36c08a8ba7921ce791eb08d258d1f56c8c09f3e3a13b42d40b16a8ff9,FAST_PASS,CANDIDATE,25f6618087ae60293fc1b49e6ad992f385abb8ca48f9d1e62666f8d939f8d470,2,609,610,609,194,35.41612780466676,YES,selected
cb2d8a2c:o1:d012:identity,0,/workspace/arc2/active_runs/eval60_v5_vs_greedy_4worker_v1/tmp/cb2d8a2c/d012/o01_g0.json,f4c6d0e36c08a8ba7921ce791eb08d258d1f56c8c09f3e3a13b42d40b16a8ff9,FAST_PASS,CANDIDATE,25f6618087ae60293fc1b49e6ad992f385abb8ca48f9d1e62666f8d939f8d470,3,1439,1440,1439,1143,83.55759662389755,YES,selected
cb2d8a2c:o1:d012:transpose,0,/workspace/arc2/active_runs/eval60_v5_vs_greedy_4worker_v1/tmp/cb2d8a2c/d012/o01_g1.json,c0fe2c210f6594d7bc1421aff6d3d96c8b995e1475c45a4677fa01d96cffdcc3,HEAVY_REPAIR,CANDIDATE,25f6618087ae60293fc1b49e6ad992f385abb8ca48f9d1e62666f8d939f8d470,2,897,898,897,473,52.57084742933512,YES,selected
cb2d8a2c:o1:d024:anti_transpose,0,/workspace/arc2/active_runs/eval60_v5_vs_greedy_4worker_v1/tmp/cb2d8a2c/d024/o01_g1.json,82ad2026652d308400782253648c56f1c23b99ba62738aaf96e7598bf1356236,FAST_PASS,CANDIDATE,3755412acb672eebd71d4a67e005c800a33bba7ba621b6e1044d27b3aebfddf2,1,479,480,479,0,28.20361234433949,YES,selected
cb2d8a2c:o1:d024:flip_ud,0,/workspace/arc2/active_runs/eval60_v5_vs_greedy_4worker_v1/tmp/cb2d8a2c/d024/o01_g0.json,2aa04bf38ed92709332302bc39d506e97254a879724efa8008e4641bc4a4465d,FAST_PASS,CANDIDATE,3755412acb672eebd71d4a67e005c800a33bba7ba621b6e1044d27b3aebfddf2,2,827,828,827,267,48.10412811115384,YES,selected
cb2d8a2c:o1:d024:identity,0,/workspace/arc2/active_runs/eval60_v5_vs_greedy_4worker_v1/tmp/cb2d8a2c/d024/o01_g0.json,2aa04bf38ed92709332302bc39d506e97254a879724efa8008e4641bc4a4465d,HEAVY_REPAIR,CANDIDATE,3755412acb672eebd71d4a67e005c800a33bba7ba621b6e1044d27b3aebfddf2,2,965,966,965,382,56.444594068452716,YES,selected
cb2d8a2c:o1:d024:transpose,0,/workspace/arc2/active_runs/eval60_v5_vs_greedy_4worker_v1/tmp/cb2d8a2c/d024/o01_g1.json,82ad2026652d308400782253648c56f1c23b99ba62738aaf96e7598bf1356236,HEAVY_REPAIR,CANDIDATE,3755412acb672eebd71d4a67e005c800a33bba7ba621b6e1044d27b3aebfddf2,2,897,898,897,234,53.154325196519494,YES,selected
cb2d8a2c:o1:d048:anti_transpose,0,/workspace/arc2/active_runs/eval60_v5_vs_greedy_4worker_v1/tmp/cb2d8a2c/d048/o01_g1.json,1b50e7a1725b37e9d27d9350ea83eafe8ef5d8cb5a8266dfd130d7a08e543615,FAST_PASS,CANDIDATE,36293fda78bf673ea62239d258dd695ef56a9548567edfc56fcaff09dc3b5caf,1,479,480,479,0,28.4410454723984,YES,selected
cb2d8a2c:o1:d048:flip_ud,0,/workspace/arc2/active_runs/eval60_v5_vs_greedy_4worker_v1/tmp/cb2d8a2c/d048/o01_g0.json,1c4cff3f2116c5d0a33439fc065692b4cf84c34a07bd5c799ee989cabab98677,FAST_PASS,CANDIDATE,36293fda78bf673ea62239d258dd695ef56a9548567edfc56fcaff09dc3b5caf,2,827,828,827,327,47.843740444630384,YES,selected
cb2d8a2c:o1:d048:identity,0,/workspace/arc2/active_runs/eval60_v5_vs_greedy_4worker_v1/tmp/cb2d8a2c/d048/o01_g0.json,1c4cff3f2116c5d0a33439fc065692b4cf84c34a07bd5c799ee989cabab98677,FAST_PASS,CANDIDATE,36293fda78bf673ea62239d258dd695ef56a9548567edfc56fcaff09dc3b5caf,1,492,493,492,0,28.744696700945497,YES,selected
cb2d8a2c:o1:d048:transpose,0,/workspace/arc2/active_runs/eval60_v5_vs_greedy_4worker_v1/tmp/cb2d8a2c/d048/o01_g1.json,1b50e7a1725b37e9d27d9350ea83eafe8ef5d8cb5a8266dfd130d7a08e543615,HEAVY_REPAIR,CANDIDATE,36293fda78bf673ea62239d258dd695ef56a9548567edfc56fcaff09dc3b5caf,1,479,480,479,0,28.272062797099352,YES,selected
cbebaa4b:o0:d012:anti_transpose,0,/workspace/arc2/active_runs/eval60_v5_vs_greedy_4worker_v1/tmp/cbebaa4b/d012/o00_g1.json,97e21af158fe3b565124f4e958cabc6e83d8aba98006054fc18e209f2dad6137,HEAVY_REPAIR,CANDIDATE,dc5b7bf2581034293252af15711842dfbe448ca03edd838b8baa6e430c40ad3f,1,701,702,701,472,41.98148328997195,YES,selected
cbebaa4b:o0:d012:flip_ud,0,/workspace/arc2/active_runs/eval60_v5_vs_greedy_4worker_v1/tmp/cbebaa4b/d012/o00_g0.json,27f3f17b579ed809392bcc8df5d6071137a42ce7b3cacf985c19162d9d5bd687,FAST_PASS,CANDIDATE,dc5b7bf2581034293252af15711842dfbe448ca03edd838b8baa6e430c40ad3f,1,701,702,701,428,41.78291585482657,YES,selected
cbebaa4b:o0:d012:identity,0,/workspace/arc2/active_runs/eval60_v5_vs_greedy_4worker_v1/tmp/cbebaa4b/d012/o00_g0.json,27f3f17b579ed809392bcc8df5d6071137a42ce7b3cacf985c19162d9d5bd687,FAST_PASS,CANDIDATE,dc5b7bf2581034293252af15711842dfbe448ca03edd838b8baa6e430c40ad3f,1,701,702,701,423,40.783886428922415,YES,selected
cbebaa4b:o0:d012:transpose,0,/workspace/arc2/active_runs/eval60_v5_vs_greedy_4worker_v1/tmp/cbebaa4b/d012/o00_g1.json,97e21af158fe3b565124f4e958cabc6e83d8aba98006054fc18e209f2dad6137,HEAVY_REPAIR,CANDIDATE,dc5b7bf2581034293252af15711842dfbe448ca03edd838b8baa6e430c40ad3f,1,701,702,701,448,41.64195841550827,YES,selected
cbebaa4b:o0:d024:anti_transpose,0,/workspace/arc2/active_runs/eval60_v5_vs_greedy_4worker_v1/tmp/cbebaa4b/d024/o00_g1.json,c0cfa0ae7d2fad1faa5a9a8a5ce106dbb9b0b51b1ce1219057eb773ff06eed4c,HEAVY_REPAIR,CANDIDATE,a846dd2461b9cbf8cc03c1102ce5999208f40db36dc6027dafdfa111a13358e6,1,701,702,701,472,41.23978955857456,YES,selected
cbebaa4b:o0:d024:flip_ud,0,/workspace/arc2/active_runs/eval60_v5_vs_greedy_4worker_v1/tmp/cbebaa4b/d024/o00_g0.json,8b23a5cfa36c49a9531307e8cd8a926e05a3777ae2f981eaca21423ce68b3323,HEAVY_REPAIR,CANDIDATE,a846dd2461b9cbf8cc03c1102ce5999208f40db36dc6027dafdfa111a13358e6,1,701,702,701,455,41.6629830468446,YES,selected
cbebaa4b:o0:d024:identity,0,/workspace/arc2/active_runs/eval60_v5_vs_greedy_4worker_v1/tmp/cbebaa4b/d024/o00_g0.json,8b23a5cfa36c49a9531307e8cd8a926e05a3777ae2f981eaca21423ce68b3323,FAST_PASS,CANDIDATE,a846dd2461b9cbf8cc03c1102ce5999208f40db36dc6027dafdfa111a13358e6,1,701,702,701,496,41.6857392359525,YES,selected
cbebaa4b:o0:d024:transpose,0,/workspace/arc2/active_runs/eval60_v5_vs_greedy_4worker_v1/tmp/cbebaa4b/d024/o00_g1.json,c0cfa0ae7d2fad1faa5a9a8a5ce106dbb9b0b51b1ce1219057eb773ff06eed4c,FAST_PASS,CANDIDATE,a846dd2461b9cbf8cc03c1102ce5999208f40db36dc6027dafdfa111a13358e6,1,701,702,701,471,40.998906534165144,YES,selected
cbebaa4b:o0:d048:anti_transpose,0,/workspace/arc2/active_runs/eval60_v5_vs_greedy_4worker_v1/tmp/cbebaa4b/d048/o00_g1.json,a107ac0dc7d14a008b22e6dacf5cd37607b48e7de4b15bffe6efad5dea8d86f9,HEAVY_REPAIR,CANDIDATE,8ca2c3fb2d59203dd270df628af0a65e0751b763d90e71fb851568ff8d3837fe,1,701,702,701,482,42.30338966846466,YES,selected
cbebaa4b:o0:d048:flip_ud,0,/workspace/arc2/active_runs/eval60_v5_vs_greedy_4worker_v1/tmp/cbebaa4b/d048/o00_g0.json,9de361f31a302dea1b465ae1b13c786f85da853ab9fea69cdbb5939d0cc6825c,FAST_PASS,CANDIDATE,8ca2c3fb2d59203dd270df628af0a65e0751b763d90e71fb851568ff8d3837fe,1,701,702,701,500,41.138100707903504,YES,selected
cbebaa4b:o0:d048:identity,0,/workspace/arc2/active_runs/eval60_v5_vs_greedy_4worker_v1/tmp/cbebaa4b/d048/o00_g0.json,9de361f31a302dea1b465ae1b13c786f85da853ab9fea69cdbb5939d0cc6825c,HEAVY_REPAIR,CANDIDATE,8ca2c3fb2d59203dd270df628af0a65e0751b763d90e71fb851568ff8d3837fe,1,701,702,701,526,41.329138366505504,YES,selected
cbebaa4b:o0:d048:transpose,0,/workspace/arc2/active_runs/eval60_v5_vs_greedy_4worker_v1/tmp/cbebaa4b/d048/o00_g1.json,a107ac0dc7d14a008b22e6dacf5cd37607b48e7de4b15bffe6efad5dea8d86f9,FAST_PASS,CANDIDATE,8ca2c3fb2d59203dd270df628af0a65e0751b763d90e71fb851568ff8d3837fe,1,701,702,701,471,41.720009023323655,YES,selected
cbebaa4b:o1:d012:anti_transpose,0,/workspace/arc2/active_runs/eval60_v5_vs_greedy_4worker_v1/tmp/cbebaa4b/d012/o01_g1.json,8b88e9f6c55ebb651a665905fa0591c82724236b13446e2f4a39c0623e5cfbf2,FAST_PASS,CANDIDATE,dc5b7bf2581034293252af15711842dfbe448ca03edd838b8baa6e430c40ad3f,1,701,702,701,473,40.677599562332034,YES,selected
cbebaa4b:o1:d012:flip_ud,0,/workspace/arc2/active_runs/eval60_v5_vs_greedy_4worker_v1/tmp/cbebaa4b/d012/o01_g0.json,d7fbd38ed636d08932b8ac21d8076294f1aa2560f0cd40e336ca588ccbbdf009,FAST_PASS,CANDIDATE,dc5b7bf2581034293252af15711842dfbe448ca03edd838b8baa6e430c40ad3f,1,701,702,701,455,41.22100081667304,YES,selected
cbebaa4b:o1:d012:identity,0,/workspace/arc2/active_runs/eval60_v5_vs_greedy_4worker_v1/tmp/cbebaa4b/d012/o01_g0.json,d7fbd38ed636d08932b8ac21d8076294f1aa2560f0cd40e336ca588ccbbdf009,FAST_PASS,CANDIDATE,dc5b7bf2581034293252af15711842dfbe448ca03edd838b8baa6e430c40ad3f,1,701,702,701,474,40.85262424685061,YES,selected
cbebaa4b:o1:d012:transpose,0,/workspace/arc2/active_runs/eval60_v5_vs_greedy_4worker_v1/tmp/cbebaa4b/d012/o01_g1.json,8b88e9f6c55ebb651a665905fa0591c82724236b13446e2f4a39c0623e5cfbf2,HEAVY_REPAIR,CANDIDATE,dc5b7bf2581034293252af15711842dfbe448ca03edd838b8baa6e430c40ad3f,1,701,702,701,425,41.234937869012356,YES,selected
cbebaa4b:o1:d024:anti_transpose,0,/workspace/arc2/active_runs/eval60_v5_vs_greedy_4worker_v1/tmp/cbebaa4b/d024/o01_g1.json,c7f89b23c62567019bfe9e2d47a07550fb1d1188e1e962efcf8b1c1e610276d4,FAST_PASS,CANDIDATE,a846dd2461b9cbf8cc03c1102ce5999208f40db36dc6027dafdfa111a13358e6,1,701,702,701,473,41.35310427099466,YES,selected
cbebaa4b:o1:d024:flip_ud,0,/workspace/arc2/active_runs/eval60_v5_vs_greedy_4worker_v1/tmp/cbebaa4b/d024/o01_g0.json,09f71a65a06e34143c57ba12bbe30f1432ff813b7d0585aeea94d8cd3a2f41c7,HEAVY_REPAIR,CANDIDATE,a846dd2461b9cbf8cc03c1102ce5999208f40db36dc6027dafdfa111a13358e6,1,701,702,701,449,41.823218962177634,YES,selected
cbebaa4b:o1:d024:identity,0,/workspace/arc2/active_runs/eval60_v5_vs_greedy_4worker_v1/tmp/cbebaa4b/d024/o01_g0.json,09f71a65a06e34143c57ba12bbe30f1432ff813b7d0585aeea94d8cd3a2f41c7,FAST_PASS,CANDIDATE,a846dd2461b9cbf8cc03c1102ce5999208f40db36dc6027dafdfa111a13358e6,1,701,702,701,528,41.671032667160034,YES,selected
cbebaa4b:o1:d024:transpose,0,/workspace/arc2/active_runs/eval60_v5_vs_greedy_4worker_v1/tmp/cbebaa4b/d024/o01_g1.json,c7f89b23c62567019bfe9e2d47a07550fb1d1188e1e962efcf8b1c1e610276d4,FAST_PASS,CANDIDATE,a846dd2461b9cbf8cc03c1102ce5999208f40db36dc6027dafdfa111a13358e6,1,701,702,701,455,40.54740790836513,YES,selected
cbebaa4b:o1:d048:anti_transpose,0,/workspace/arc2/active_runs/eval60_v5_vs_greedy_4worker_v1/tmp/cbebaa4b/d048/o01_g1.json,c2b2ddcdf7aba1d1ce409818aaa3f1113bbf52dd78c588a21f4857e5c1a7e817,FAST_PASS,CANDIDATE,8ca2c3fb2d59203dd270df628af0a65e0751b763d90e71fb851568ff8d3837fe,1,701,702,701,535,41.07629075832665,YES,selected
cbebaa4b:o1:d048:flip_ud,0,/workspace/arc2/active_runs/eval60_v5_vs_greedy_4worker_v1/tmp/cbebaa4b/d048/o01_g0.json,cc13d69b5715f0461ede739670adf96b9fd85c12e860d6a87b0b5f07e856e596,FAST_PASS,CANDIDATE,8ca2c3fb2d59203dd270df628af0a65e0751b763d90e71fb851568ff8d3837fe,1,701,702,701,480,41.37132471241057,YES,selected
cbebaa4b:o1:d048:identity,0,/workspace/arc2/active_runs/eval60_v5_vs_greedy_4worker_v1/tmp/cbebaa4b/d048/o01_g0.json,cc13d69b5715f0461ede739670adf96b9fd85c12e860d6a87b0b5f07e856e596,FAST_PASS,CANDIDATE,8ca2c3fb2d59203dd270df628af0a65e0751b763d90e71fb851568ff8d3837fe,1,701,702,701,509,40.69530960917473,YES,selected
cbebaa4b:o1:d048:transpose,0,/workspace/arc2/active_runs/eval60_v5_vs_greedy_4worker_v1/tmp/cbebaa4b/d048/o01_g1.json,c2b2ddcdf7aba1d1ce409818aaa3f1113bbf52dd78c588a21f4857e5c1a7e817,HEAVY_REPAIR,CANDIDATE,8ca2c3fb2d59203dd270df628af0a65e0751b763d90e71fb851568ff8d3837fe,1,701,702,701,400,41.63653517328203,YES,selected
d59b0160:o0:d012:anti_transpose,0,/workspace/arc2/active_runs/eval60_v5_vs_greedy_4worker_v1/tmp/d59b0160/d012/o00_g1.json,703bd86578c6c6dec1a3966ebe32ca274486cc7d63850f19afaf8f2389fefd83,HEAVY_REPAIR,CANDIDATE,ec2f33662df1b0857471730f5d7532ad567522b9e94d252feed98bcb5a9fdc7f,2,540,541,540,486,31.654161332175136,YES,selected
d59b0160:o0:d012:flip_ud,0,/workspace/arc2/active_runs/eval60_v5_vs_greedy_4worker_v1/tmp/d59b0160/d012/o00_g0.json,6c660139fc05ec68c67fd67204a1deae9ab44a209c716bfcdcaee7c3cf312e21,HEAVY_REPAIR,CANDIDATE,ec2f33662df1b0857471730f5d7532ad567522b9e94d252feed98bcb5a9fdc7f,2,542,543,542,532,32.04206206090748,YES,selected
d59b0160:o0:d012:identity,0,/workspace/arc2/active_runs/eval60_v5_vs_greedy_4worker_v1/tmp/d59b0160/d012/o00_g0.json,6c660139fc05ec68c67fd67204a1deae9ab44a209c716bfcdcaee7c3cf312e21,FAST_PASS,CANDIDATE,ec2f33662df1b0857471730f5d7532ad567522b9e94d252feed98bcb5a9fdc7f,3,780,781,780,531,47.8754524551332,YES,selected
d59b0160:o0:d012:transpose,0,/workspace/arc2/active_runs/eval60_v5_vs_greedy_4worker_v1/tmp/d59b0160/d012/o00_g1.json,703bd86578c6c6dec1a3966ebe32ca274486cc7d63850f19afaf8f2389fefd83,FAST_PASS,CANDIDATE,ec2f33662df1b0857471730f5d7532ad567522b9e94d252feed98bcb5a9fdc7f,3,751,752,751,486,44.95231894776225,YES,selected
d59b0160:o0:d024:anti_transpose,0,/workspace/arc2/active_runs/eval60_v5_vs_greedy_4worker_v1/tmp/d59b0160/d024/o00_g1.json,c4dc95fb223b5a28f46190aa3d12e0704f2a1d44f592c6379058ac9506cc1c4b,HEAVY_REPAIR,CANDIDATE,a91e4375da1cf5f544a083221292ded0dd41e50b4a4c63e80bb4c37ab0e42854,3,782,783,782,572,45.60806787572801,YES,selected
d59b0160:o0:d024:flip_ud,0,/workspace/arc2/active_runs/eval60_v5_vs_greedy_4worker_v1/tmp/d59b0160/d024/o00_g0.json,eada9acddc9f4afdaecef709762cde6b7bbc9a4e0543d83c1cd6a06a4eed1eb5,FAST_PASS,CANDIDATE,a91e4375da1cf5f544a083221292ded0dd41e50b4a4c63e80bb4c37ab0e42854,3,807,808,807,653,48.61321397870779,YES,selected
d59b0160:o0:d024:identity,0,/workspace/arc2/active_runs/eval60_v5_vs_greedy_4worker_v1/tmp/d59b0160/d024/o00_g0.json,eada9acddc9f4afdaecef709762cde6b7bbc9a4e0543d83c1cd6a06a4eed1eb5,FAST_PASS,CANDIDATE,a91e4375da1cf5f544a083221292ded0dd41e50b4a4c63e80bb4c37ab0e42854,2,536,537,536,241,32.9339609965682,YES,selected
d59b0160:o0:d024:transpose,0,/workspace/arc2/active_runs/eval60_v5_vs_greedy_4worker_v1/tmp/d59b0160/d024/o00_g1.json,c4dc95fb223b5a28f46190aa3d12e0704f2a1d44f592c6379058ac9506cc1c4b,HEAVY_REPAIR,CANDIDATE,a91e4375da1cf5f544a083221292ded0dd41e50b4a4c63e80bb4c37ab0e42854,3,706,707,706,386,41.58443943224847,YES,selected
d59b0160:o0:d048:anti_transpose,0,/workspace/arc2/active_runs/eval60_v5_vs_greedy_4worker_v1/tmp/d59b0160/d048/o00_g1.json,baf86bf5d712080544e42af5db9932e494f46547a818488261f261a96bb5550f,FAST_PASS,CANDIDATE,44f3cbc703691f732f66279211ececa87871ca49661358519bd31332c38d5fdf,2,513,514,513,0,30.963818851858377,YES,selected
d59b0160:o0:d048:flip_ud,0,/workspace/arc2/active_runs/eval60_v5_vs_greedy_4worker_v1/tmp/d59b0160/d048/o00_g0.json,1678d78ef6ea3d1b224c79cb53d6e442c8f106f9b2374149b2c6cffdaf4f7216,FAST_PASS,CANDIDATE,44f3cbc703691f732f66279211ececa87871ca49661358519bd31332c38d5fdf,2,430,431,430,58,25.88701799698174,YES,selected
d59b0160:o0:d048:identity,0,/workspace/arc2/active_runs/eval60_v5_vs_greedy_4worker_v1/tmp/d59b0160/d048/o00_g0.json,1678d78ef6ea3d1b224c79cb53d6e442c8f106f9b2374149b2c6cffdaf4f7216,FAST_PASS,CANDIDATE,44f3cbc703691f732f66279211ececa87871ca49661358519bd31332c38d5fdf,2,536,537,536,0,32.36339903622866,YES,selected
d59b0160:o0:d048:transpose,0,/workspace/arc2/active_runs/eval60_v5_vs_greedy_4worker_v1/tmp/d59b0160/d048/o00_g1.json,baf86bf5d712080544e42af5db9932e494f46547a818488261f261a96bb5550f,HEAVY_REPAIR,CANDIDATE,44f3cbc703691f732f66279211ececa87871ca49661358519bd31332c38d5fdf,2,371,372,371,74,22.13985733129084,YES,selected
db0c5428:o0:d012:anti_transpose,0,/workspace/arc2/active_runs/eval60_v5_vs_greedy_4worker_v1/tmp/db0c5428/d012/o00_g1.json,74ee224e63cae9c1655341ff0edbc76c0ada7253374e5fb793e529aead881d53,FAST_PASS,CANDIDATE,a32f8de2c9269baf27a59ab7ffe8c932134c7a1791474bbe37c1e4e45171ac28,1,305,306,305,0,18.30465466156602,YES,selected
db0c5428:o0:d012:flip_ud,0,/workspace/arc2/active_runs/eval60_v5_vs_greedy_4worker_v1/tmp/db0c5428/d012/o00_g0.json,e78135df0052c0c4898f0c77021eb021d82678bb26a7293cc8a122e77872db30,HEAVY_REPAIR,CANDIDATE,a32f8de2c9269baf27a59ab7ffe8c932134c7a1791474bbe37c1e4e45171ac28,1,305,306,305,0,18.055773574858904,YES,selected
db0c5428:o0:d012:identity,0,/workspace/arc2/active_runs/eval60_v5_vs_greedy_4worker_v1/tmp/db0c5428/d012/o00_g0.json,e78135df0052c0c4898f0c77021eb021d82678bb26a7293cc8a122e77872db30,FAST_PASS,CANDIDATE,a32f8de2c9269baf27a59ab7ffe8c932134c7a1791474bbe37c1e4e45171ac28,1,305,306,305,0,17.850840592756867,YES,selected
db0c5428:o0:d012:transpose,0,/workspace/arc2/active_runs/eval60_v5_vs_greedy_4worker_v1/tmp/db0c5428/d012/o00_g1.json,74ee224e63cae9c1655341ff0edbc76c0ada7253374e5fb793e529aead881d53,FAST_PASS,CANDIDATE,a32f8de2c9269baf27a59ab7ffe8c932134c7a1791474bbe37c1e4e45171ac28,1,305,306,305,0,18.808413406834006,YES,selected
db0c5428:o0:d024:anti_transpose,0,/workspace/arc2/active_runs/eval60_v5_vs_greedy_4worker_v1/tmp/db0c5428/d024/o00_g1.json,3a6867f92fb7748ea0772a22a625d8909dbbd46b66b68bba042aa1aa50da51e2,FAST_PASS,CANDIDATE,663333917eb9e2adcce8891622c1e5cb7cef7a7ece296e191fb8be5794ef17e1,1,305,306,305,0,18.824691079556942,YES,selected
db0c5428:o0:d024:flip_ud,0,/workspace/arc2/active_runs/eval60_v5_vs_greedy_4worker_v1/tmp/db0c5428/d024/o00_g0.json,af1e220c5e7a519a1464e3ce0cd753f084821386dbeb03ff2c14debe01deb301,HEAVY_REPAIR,CANDIDATE,663333917eb9e2adcce8891622c1e5cb7cef7a7ece296e191fb8be5794ef17e1,1,305,306,305,0,18.22415786795318,YES,selected
db0c5428:o0:d024:identity,0,/workspace/arc2/active_runs/eval60_v5_vs_greedy_4worker_v1/tmp/db0c5428/d024/o00_g0.json,af1e220c5e7a519a1464e3ce0cd753f084821386dbeb03ff2c14debe01deb301,FAST_PASS,CANDIDATE,663333917eb9e2adcce8891622c1e5cb7cef7a7ece296e191fb8be5794ef17e1,1,305,306,305,0,18.002326603978872,YES,selected
db0c5428:o0:d024:transpose,0,/workspace/arc2/active_runs/eval60_v5_vs_greedy_4worker_v1/tmp/db0c5428/d024/o00_g1.json,3a6867f92fb7748ea0772a22a625d8909dbbd46b66b68bba042aa1aa50da51e2,FAST_PASS,CANDIDATE,663333917eb9e2adcce8891622c1e5cb7cef7a7ece296e191fb8be5794ef17e1,1,305,306,305,0,18.82963960058987,YES,selected
db0c5428:o0:d048:anti_transpose,0,/workspace/arc2/active_runs/eval60_v5_vs_greedy_4worker_v1/tmp/db0c5428/d048/o00_g1.json,4489f5eba9a52c8e6063e2d0e4cdb43ae3eacccf7403b5f5f9c4dff0195ed4f8,FAST_PASS,CANDIDATE,eb1b0a55464fe871841f3c4f200dd486c618d6a141b16d26afa121347230b775,1,305,306,305,0,17.885183595120907,YES,selected
db0c5428:o0:d048:flip_ud,0,/workspace/arc2/active_runs/eval60_v5_vs_greedy_4worker_v1/tmp/db0c5428/d048/o00_g0.json,8d12b7c37e0891286393e44fe039cc05de3ea76d313ca289fcf45ab10a050f3b,FAST_PASS,CANDIDATE,eb1b0a55464fe871841f3c4f200dd486c618d6a141b16d26afa121347230b775,1,305,306,305,0,18.394527725875378,YES,selected
db0c5428:o0:d048:identity,0,/workspace/arc2/active_runs/eval60_v5_vs_greedy_4worker_v1/tmp/db0c5428/d048/o00_g0.json,8d12b7c37e0891286393e44fe039cc05de3ea76d313ca289fcf45ab10a050f3b,HEAVY_REPAIR,CANDIDATE,eb1b0a55464fe871841f3c4f200dd486c618d6a141b16d26afa121347230b775,1,305,306,305,0,18.222743678838015,YES,selected
db0c5428:o0:d048:transpose,0,/workspace/arc2/active_runs/eval60_v5_vs_greedy_4worker_v1/tmp/db0c5428/d048/o00_g1.json,4489f5eba9a52c8e6063e2d0e4cdb43ae3eacccf7403b5f5f9c4dff0195ed4f8,FAST_PASS,CANDIDATE,eb1b0a55464fe871841f3c4f200dd486c618d6a141b16d26afa121347230b775,1,305,306,305,0,18.797146117314696,YES,selected
dd6b8c4b:o0:d012:anti_transpose,0,/workspace/arc2/active_runs/eval60_v5_vs_greedy_4worker_v1/tmp/dd6b8c4b/d012/o00_g1.json,d528424efcb84c0c14716288eb6fc808ab8df4232fd48b0a8676de5e4e1f8bd8,FAST_PASS,CANDIDATE,0f74bd84fc02475a289aefb129b208acb69679304992a6af03fcd5f7be27cee6,3,288,289,288,156,17.3404871635139,YES,selected
dd6b8c4b:o0:d012:flip_ud,0,/workspace/arc2/active_runs/eval60_v5_vs_greedy_4worker_v1/tmp/dd6b8c4b/d012/o00_g0.json,64757df6655a7eb6fc046c88fc73ea6f8fa1779560bd9803dd964deae1aeef42,FAST_PASS,CANDIDATE,0f74bd84fc02475a289aefb129b208acb69679304992a6af03fcd5f7be27cee6,2,210,211,210,124,13.237286668270826,YES,selected
dd6b8c4b:o0:d012:identity,0,/workspace/arc2/active_runs/eval60_v5_vs_greedy_4worker_v1/tmp/dd6b8c4b/d012/o00_g0.json,64757df6655a7eb6fc046c88fc73ea6f8fa1779560bd9803dd964deae1aeef42,FAST_PASS,CANDIDATE,0f74bd84fc02475a289aefb129b208acb69679304992a6af03fcd5f7be27cee6,1,131,132,131,0,8.078835709020495,YES,selected
dd6b8c4b:o0:d012:transpose,0,/workspace/arc2/active_runs/eval60_v5_vs_greedy_4worker_v1/tmp/dd6b8c4b/d012/o00_g1.json,d528424efcb84c0c14716288eb6fc808ab8df4232fd48b0a8676de5e4e1f8bd8,FAST_PASS,CANDIDATE,0f74bd84fc02475a289aefb129b208acb69679304992a6af03fcd5f7be27cee6,1,131,132,131,0,8.206742925569415,YES,selected
dd6b8c4b:o0:d024:anti_transpose,0,/workspace/arc2/active_runs/eval60_v5_vs_greedy_4worker_v1/tmp/dd6b8c4b/d024/o00_g1.json,caab374f974c150b0a632d65becc89fa7eb5b2464017dcbfbbc5ebe03ca73a73,FAST_PASS,CANDIDATE,13f4e1eaa1770db060cbdc589ca7f99870e3dd6973c1422df5380640f71fb6a1,2,210,211,210,133,12.507230967283249,YES,selected
dd6b8c4b:o0:d024:flip_ud,0,/workspace/arc2/active_runs/eval60_v5_vs_greedy_4worker_v1/tmp/dd6b8c4b/d024/o00_g0.json,b178a6053b6590a610ba34b25305e39c9f9df61e5707bffd51f099873388b499,FAST_PASS,CANDIDATE,13f4e1eaa1770db060cbdc589ca7f99870e3dd6973c1422df5380640f71fb6a1,2,210,211,210,102,12.672822304069996,YES,selected
dd6b8c4b:o0:d024:identity,0,/workspace/arc2/active_runs/eval60_v5_vs_greedy_4worker_v1/tmp/dd6b8c4b/d024/o00_g0.json,b178a6053b6590a610ba34b25305e39c9f9df61e5707bffd51f099873388b499,FAST_PASS,CANDIDATE,13f4e1eaa1770db060cbdc589ca7f99870e3dd6973c1422df5380640f71fb6a1,2,260,261,260,124,15.723740722984076,YES,selected
dd6b8c4b:o0:d024:transpose,0,/workspace/arc2/active_runs/eval60_v5_vs_greedy_4worker_v1/tmp/dd6b8c4b/d024/o00_g1.json,caab374f974c150b0a632d65becc89fa7eb5b2464017dcbfbbc5ebe03ca73a73,FAST_PASS,CANDIDATE,13f4e1eaa1770db060cbdc589ca7f99870e3dd6973c1422df5380640f71fb6a1,1,131,132,131,0,7.912095904350281,YES,selected
dd6b8c4b:o0:d048:anti_transpose,0,/workspace/arc2/active_runs/eval60_v5_vs_greedy_4worker_v1/tmp/dd6b8c4b/d048/o00_g1.json,9e6edc0fe7197f7c69a75f09dcdfc70b0d8eb6aebb3f3e4c430d80f9fa5f6198,FAST_PASS,CANDIDATE,3f48001922c85363264cef6e1e92cc7a5ccddccd8e84b83c9b77c36ad354936a,2,210,211,210,67,12.754945551976562,YES,selected
dd6b8c4b:o0:d048:flip_ud,0,/workspace/arc2/active_runs/eval60_v5_vs_greedy_4worker_v1/tmp/dd6b8c4b/d048/o00_g0.json,a9e096d353d770a217a7132fa1c5cfc79836ad4bbb9d1e9dc1a448066d9f48f2,FAST_PASS,CANDIDATE,3f48001922c85363264cef6e1e92cc7a5ccddccd8e84b83c9b77c36ad354936a,2,198,199,198,68,12.081791792064905,YES,selected
dd6b8c4b:o0:d048:identity,0,/workspace/arc2/active_runs/eval60_v5_vs_greedy_4worker_v1/tmp/dd6b8c4b/d048/o00_g0.json,a9e096d353d770a217a7132fa1c5cfc79836ad4bbb9d1e9dc1a448066d9f48f2,FAST_PASS,CANDIDATE,3f48001922c85363264cef6e1e92cc7a5ccddccd8e84b83c9b77c36ad354936a,1,131,132,131,0,7.873797228559852,YES,selected
dd6b8c4b:o0:d048:transpose,0,/workspace/arc2/active_runs/eval60_v5_vs_greedy_4worker_v1/tmp/dd6b8c4b/d048/o00_g1.json,9e6edc0fe7197f7c69a75f09dcdfc70b0d8eb6aebb3f3e4c430d80f9fa5f6198,FAST_PASS,CANDIDATE,3f48001922c85363264cef6e1e92cc7a5ccddccd8e84b83c9b77c36ad354936a,1,131,132,131,0,7.889550445601344,YES,selected
dd6b8c4b:o1:d012:anti_transpose,0,/workspace/arc2/active_runs/eval60_v5_vs_greedy_4worker_v1/tmp/dd6b8c4b/d012/o01_g1.json,3de68087039911f2f6256a408b22574c5232d3d8699510c46b872ae2b785f5dd,FAST_PASS,CANDIDATE,0f74bd84fc02475a289aefb129b208acb69679304992a6af03fcd5f7be27cee6,2,262,263,262,160,15.403366710990667,YES,selected
dd6b8c4b:o1:d012:flip_ud,0,/workspace/arc2/active_runs/eval60_v5_vs_greedy_4worker_v1/tmp/dd6b8c4b/d012/o01_g0.json,b0496243219e536a44849681c63cbb6778f957fdcaa1abe06ebeca65b46649c4,FAST_PASS,CANDIDATE,0f74bd84fc02475a289aefb129b208acb69679304992a6af03fcd5f7be27cee6,2,262,263,262,190,15.65814750827849,YES,selected
dd6b8c4b:o1:d012:identity,0,/workspace/arc2/active_runs/eval60_v5_vs_greedy_4worker_v1/tmp/dd6b8c4b/d012/o01_g0.json,b0496243219e536a44849681c63cbb6778f957fdcaa1abe06ebeca65b46649c4,FAST_PASS,CANDIDATE,0f74bd84fc02475a289aefb129b208acb69679304992a6af03fcd5f7be27cee6,1,131,132,131,12,7.905036171898246,YES,selected
dd6b8c4b:o1:d012:transpose,0,/workspace/arc2/active_runs/eval60_v5_vs_greedy_4worker_v1/tmp/dd6b8c4b/d012/o01_g1.json,3de68087039911f2f6256a408b22574c5232d3d8699510c46b872ae2b785f5dd,FAST_PASS,CANDIDATE,0f74bd84fc02475a289aefb129b208acb69679304992a6af03fcd5f7be27cee6,2,252,253,252,158,15.42171736434102,YES,selected
dd6b8c4b:o1:d024:anti_transpose,0,/workspace/arc2/active_runs/eval60_v5_vs_greedy_4worker_v1/tmp/dd6b8c4b/d024/o01_g1.json,5f97d88a595557791e50a5ae37d4d112ae2e4c28d804b5d930425bf6be17c772,FAST_PASS,CANDIDATE,13f4e1eaa1770db060cbdc589ca7f99870e3dd6973c1422df5380640f71fb6a1,2,262,263,262,158,15.889367928728461,YES,selected
dd6b8c4b:o1:d024:flip_ud,0,/workspace/arc2/active_runs/eval60_v5_vs_greedy_4worker_v1/tmp/dd6b8c4b/d024/o01_g0.json,7c306a908994f99d0020d9dade59136ca4d9c14e63494e8a26961d84c027e47d,FAST_PASS,CANDIDATE,13f4e1eaa1770db060cbdc589ca7f99870e3dd6973c1422df5380640f71fb6a1,2,262,263,262,174,15.21454494819045,YES,selected
dd6b8c4b:o1:d024:identity,0,/workspace/arc2/active_runs/eval60_v5_vs_greedy_4worker_v1/tmp/dd6b8c4b/d024/o01_g0.json,7c306a908994f99d0020d9dade59136ca4d9c14e63494e8a26961d84c027e47d,FAST_PASS,CANDIDATE,13f4e1eaa1770db060cbdc589ca7f99870e3dd6973c1422df5380640f71fb6a1,2,258,259,258,130,15.403818828985095,YES,selected
dd6b8c4b:o1:d024:transpose,0,/workspace/arc2/active_runs/eval60_v5_vs_greedy_4worker_v1/tmp/dd6b8c4b/d024/o01_g1.json,5f97d88a595557791e50a5ae37d4d112ae2e4c28d804b5d930425bf6be17c772,FAST_PASS,CANDIDATE,13f4e1eaa1770db060cbdc589ca7f99870e3dd6973c1422df5380640f71fb6a1,2,237,238,237,80,13.988156408071518,YES,selected
dd6b8c4b:o1:d048:anti_transpose,0,/workspace/arc2/active_runs/eval60_v5_vs_greedy_4worker_v1/tmp/dd6b8c4b/d048/o01_g1.json,57c0c62a460b7365a996a730a88a91fc2a7b1fcaa0ef5f06c6fb18e4adc1ca4e,FAST_PASS,CANDIDATE,3f48001922c85363264cef6e1e92cc7a5ccddccd8e84b83c9b77c36ad354936a,1,131,132,131,0,7.8876649141311646,YES,selected
dd6b8c4b:o1:d048:flip_ud,0,/workspace/arc2/active_runs/eval60_v5_vs_greedy_4worker_v1/tmp/dd6b8c4b/d048/o01_g0.json,8830a547877c862ebaa1ce7776941604230dc1df214b504c10d3ffd9e394431e,FAST_PASS,CANDIDATE,3f48001922c85363264cef6e1e92cc7a5ccddccd8e84b83c9b77c36ad354936a,2,258,259,258,94,15.195258801802993,YES,selected
dd6b8c4b:o1:d048:identity,0,/workspace/arc2/active_runs/eval60_v5_vs_greedy_4worker_v1/tmp/dd6b8c4b/d048/o01_g0.json,8830a547877c862ebaa1ce7776941604230dc1df214b504c10d3ffd9e394431e,FAST_PASS,CANDIDATE,3f48001922c85363264cef6e1e92cc7a5ccddccd8e84b83c9b77c36ad354936a,2,258,259,258,0,15.257682297378778,YES,selected
dd6b8c4b:o1:d048:transpose,0,/workspace/arc2/active_runs/eval60_v5_vs_greedy_4worker_v1/tmp/dd6b8c4b/d048/o01_g1.json,57c0c62a460b7365a996a730a88a91fc2a7b1fcaa0ef5f06c6fb18e4adc1ca4e,FAST_PASS,CANDIDATE,3f48001922c85363264cef6e1e92cc7a5ccddccd8e84b83c9b77c36ad354936a,1,131,132,131,0,7.710595710203052,YES,selected
de809cff:o0:d012:anti_transpose,0,/workspace/arc2/active_runs/eval60_v5_vs_greedy_4worker_v1/tmp/de809cff/d012/o00_g1.json,6c57f10f5e4a211689fedd05daef03e10db24371e1b06039fb07f0a1a298f5a1,HEAVY_REPAIR,CANDIDATE,290717a4dec7f294f1b51f57c84432f1c0bc0592a505b8d0b6b1fa14babbf19a,2,1597,1598,1597,0,93.97668659687042,YES,selected
de809cff:o0:d012:flip_ud,0,/workspace/arc2/active_runs/eval60_v5_vs_greedy_4worker_v1/tmp/de809cff/d012/o00_g0.json,923f122527f1d7cbd62e103015633a933d9221c2d045151620e9aedd9928a012,HEAVY_REPAIR,CANDIDATE,290717a4dec7f294f1b51f57c84432f1c0bc0592a505b8d0b6b1fa14babbf19a,2,1793,1794,1793,801,105.72630890458822,YES,selected
de809cff:o0:d012:identity,0,/workspace/arc2/active_runs/eval60_v5_vs_greedy_4worker_v1/tmp/de809cff/d012/o00_g0.json,923f122527f1d7cbd62e103015633a933d9221c2d045151620e9aedd9928a012,FAST_PASS,CANDIDATE,290717a4dec7f294f1b51f57c84432f1c0bc0592a505b8d0b6b1fa14babbf19a,2,1254,1255,1254,297,75.45718308910728,YES,selected
de809cff:o0:d012:transpose,0,/workspace/arc2/active_runs/eval60_v5_vs_greedy_4worker_v1/tmp/de809cff/d012/o00_g1.json,6c57f10f5e4a211689fedd05daef03e10db24371e1b06039fb07f0a1a298f5a1,FAST_PASS,CANDIDATE,290717a4dec7f294f1b51f57c84432f1c0bc0592a505b8d0b6b1fa14babbf19a,1,929,930,929,242,55.08130338601768,YES,selected
de809cff:o0:d024:anti_transpose,0,/workspace/arc2/active_runs/eval60_v5_vs_greedy_4worker_v1/tmp/de809cff/d024/o00_g1.json,a11454e065355e094a7987a8cc8a4b62d87485049d6569b28e690256d726a6a8,HEAVY_REPAIR,CANDIDATE,1455c34eb2a96435369485c911ad535dbeef2001a7627f7753e538bc134ec255,2,1475,1476,1475,0,86.4842604920268,YES,selected
de809cff:o0:d024:flip_ud,0,/workspace/arc2/active_runs/eval60_v5_vs_greedy_4worker_v1/tmp/de809cff/d024/o00_g0.json,79dab816bafa8a535f984b7fc73b01c40e5595711fa7833c183129030cfd0a6b,FAST_PASS,CANDIDATE,1455c34eb2a96435369485c911ad535dbeef2001a7627f7753e538bc134ec255,1,929,930,929,0,54.33654852770269,YES,selected
de809cff:o0:d024:identity,0,/workspace/arc2/active_runs/eval60_v5_vs_greedy_4worker_v1/tmp/de809cff/d024/o00_g0.json,79dab816bafa8a535f984b7fc73b01c40e5595711fa7833c183129030cfd0a6b,HEAVY_REPAIR,CANDIDATE,1455c34eb2a96435369485c911ad535dbeef2001a7627f7753e538bc134ec255,1,929,930,929,0,54.75091527402401,YES,selected
de809cff:o0:d024:transpose,0,/workspace/arc2/active_runs/eval60_v5_vs_greedy_4worker_v1/tmp/de809cff/d024/o00_g1.json,a11454e065355e094a7987a8cc8a4b62d87485049d6569b28e690256d726a6a8,FAST_PASS,CANDIDATE,1455c34eb2a96435369485c911ad535dbeef2001a7627f7753e538bc134ec255,1,929,930,929,0,55.806052131578326,YES,selected
de809cff:o0:d048:anti_transpose,0,/workspace/arc2/active_runs/eval60_v5_vs_greedy_4worker_v1/tmp/de809cff/d048/o00_g1.json,202cd1a31f3a0f35266ba34363d5f5df4545ff89312c3b8b5dd340ecff9550ae,HEAVY_REPAIR,CANDIDATE,0f6ced997246c1190dca56d875966f65fe8e5a64f9f805c917b06ea332c42890,1,929,930,929,0,55.63111179880798,YES,selected
de809cff:o0:d048:flip_ud,0,/workspace/arc2/active_runs/eval60_v5_vs_greedy_4worker_v1/tmp/de809cff/d048/o00_g0.json,8359426d10da50986bd97813201e950bf47aefc8341494f886cbefb563c7c4af,HEAVY_REPAIR,CANDIDATE,0f6ced997246c1190dca56d875966f65fe8e5a64f9f805c917b06ea332c42890,2,1527,1528,1527,0,90.05045706219971,YES,selected
de809cff:o0:d048:identity,0,/workspace/arc2/active_runs/eval60_v5_vs_greedy_4worker_v1/tmp/de809cff/d048/o00_g0.json,8359426d10da50986bd97813201e950bf47aefc8341494f886cbefb563c7c4af,FAST_PASS,CANDIDATE,0f6ced997246c1190dca56d875966f65fe8e5a64f9f805c917b06ea332c42890,2,1316,1317,1316,0,76.46722528338432,YES,selected
de809cff:o0:d048:transpose,0,/workspace/arc2/active_runs/eval60_v5_vs_greedy_4worker_v1/tmp/de809cff/d048/o00_g1.json,202cd1a31f3a0f35266ba34363d5f5df4545ff89312c3b8b5dd340ecff9550ae,FAST_PASS,CANDIDATE,0f6ced997246c1190dca56d875966f65fe8e5a64f9f805c917b06ea332c42890,3,2763,2764,2763,2449,163.20858574844897,YES,selected
dfadab01:o0:d012:anti_transpose,0,/workspace/arc2/active_runs/eval60_v5_vs_greedy_4worker_v1/tmp/dfadab01/d012/o00_g1.json,5f44293c0c2ccbf6d829b40dd148a940fec90b4773d8472575601b2633b84c5c,FAST_PASS,CANDIDATE,4672748744a19bd739c3e2ce0f1d5c7dd4ab5be607b15ebe739bffd9580438ef,2,838,839,838,419,49.01156973466277,YES,selected
dfadab01:o0:d012:flip_ud,0,/workspace/arc2/active_runs/eval60_v5_vs_greedy_4worker_v1/tmp/dfadab01/d012/o00_g0.json,321924620a768f4d5cd1097721e8f697ee30e6c7307494db11e3525062fb10f7,HEAVY_REPAIR,CANDIDATE,4672748744a19bd739c3e2ce0f1d5c7dd4ab5be607b15ebe739bffd9580438ef,2,683,684,683,412,41.13437681645155,YES,selected
dfadab01:o0:d012:identity,0,/workspace/arc2/active_runs/eval60_v5_vs_greedy_4worker_v1/tmp/dfadab01/d012/o00_g0.json,321924620a768f4d5cd1097721e8f697ee30e6c7307494db11e3525062fb10f7,FAST_PASS,CANDIDATE,4672748744a19bd739c3e2ce0f1d5c7dd4ab5be607b15ebe739bffd9580438ef,1,419,420,419,0,24.555081279948354,YES,selected
dfadab01:o0:d012:transpose,0,/workspace/arc2/active_runs/eval60_v5_vs_greedy_4worker_v1/tmp/dfadab01/d012/o00_g1.json,5f44293c0c2ccbf6d829b40dd148a940fec90b4773d8472575601b2633b84c5c,FAST_PASS,CANDIDATE,4672748744a19bd739c3e2ce0f1d5c7dd4ab5be607b15ebe739bffd9580438ef,1,419,420,419,0,24.531915282830596,YES,selected
dfadab01:o0:d024:anti_transpose,0,/workspace/arc2/active_runs/eval60_v5_vs_greedy_4worker_v1/tmp/dfadab01/d024/o00_g1.json,c2d47b74c43e84b1566d3b8923c08efbf1e7e4f23da7f807d8e8631eafeefdb0,HEAVY_REPAIR,CANDIDATE,3ef53c96baa373f4af1569d357be905880f3da40a827b63dc3e19a6bb8341a16,3,1199,1200,1199,658,71.4753214046359,YES,selected
dfadab01:o0:d024:flip_ud,0,/workspace/arc2/active_runs/eval60_v5_vs_greedy_4worker_v1/tmp/dfadab01/d024/o00_g0.json,b759cd16e75a633e706484ef3f17bfc643f788099564868844ca482374c1cfd5,FAST_PASS,CANDIDATE,3ef53c96baa373f4af1569d357be905880f3da40a827b63dc3e19a6bb8341a16,2,683,684,683,0,39.26234474219382,YES,selected
dfadab01:o0:d024:identity,0,/workspace/arc2/active_runs/eval60_v5_vs_greedy_4worker_v1/tmp/dfadab01/d024/o00_g0.json,b759cd16e75a633e706484ef3f17bfc643f788099564868844ca482374c1cfd5,HEAVY_REPAIR,CANDIDATE,3ef53c96baa373f4af1569d357be905880f3da40a827b63dc3e19a6bb8341a16,1,419,420,419,0,25.39498518779874,YES,selected
dfadab01:o0:d024:transpose,0,/workspace/arc2/active_runs/eval60_v5_vs_greedy_4worker_v1/tmp/dfadab01/d024/o00_g1.json,c2d47b74c43e84b1566d3b8923c08efbf1e7e4f23da7f807d8e8631eafeefdb0,FAST_PASS,CANDIDATE,3ef53c96baa373f4af1569d357be905880f3da40a827b63dc3e19a6bb8341a16,1,419,420,419,0,24.562777407467365,YES,selected
dfadab01:o0:d048:anti_transpose,0,/workspace/arc2/active_runs/eval60_v5_vs_greedy_4worker_v1/tmp/dfadab01/d048/o00_g1.json,2d6bb1c9af8b0d91829d3988f2a407a2837672544656446fd289e2e8aea58830,FAST_PASS,CANDIDATE,24277878a742961c100b639c1376884c215b9fa4a5c2f688ae30be36da61dd70,1,419,420,419,0,25.11593508347869,YES,selected
dfadab01:o0:d048:flip_ud,0,/workspace/arc2/active_runs/eval60_v5_vs_greedy_4worker_v1/tmp/dfadab01/d048/o00_g0.json,46edaca2058edfe9f19f5ef9fe2f8acb2d43ffdb0c7f03aea31ae470d66db1f1,FAST_PASS,CANDIDATE,24277878a742961c100b639c1376884c215b9fa4a5c2f688ae30be36da61dd70,2,683,684,683,101,39.77798834070563,YES,selected
dfadab01:o0:d048:identity,0,/workspace/arc2/active_runs/eval60_v5_vs_greedy_4worker_v1/tmp/dfadab01/d048/o00_g0.json,46edaca2058edfe9f19f5ef9fe2f8acb2d43ffdb0c7f03aea31ae470d66db1f1,FAST_PASS,CANDIDATE,24277878a742961c100b639c1376884c215b9fa4a5c2f688ae30be36da61dd70,1,419,420,419,0,24.7846366930753,YES,selected
dfadab01:o0:d048:transpose,0,/workspace/arc2/active_runs/eval60_v5_vs_greedy_4worker_v1/tmp/dfadab01/d048/o00_g1.json,2d6bb1c9af8b0d91829d3988f2a407a2837672544656446fd289e2e8aea58830,HEAVY_REPAIR,CANDIDATE,24277878a742961c100b639c1376884c215b9fa4a5c2f688ae30be36da61dd70,1,419,420,419,0,25.08474818430841,YES,selected
e3721c99:o0:d012:anti_transpose,0,/workspace/arc2/active_runs/eval60_v5_vs_greedy_4worker_v1/tmp/e3721c99/d012/o00_g1.json,51b88dc83d7f9c158560ae27d38dcadc6eb14ae73a615252546f0a7f3cd79cd4,HEAVY_REPAIR,CANDIDATE,c16e73984a83d756fd801b946c60d8eeb1eb5f2f7758dcb9275ed7bd63216ec8,1,929,930,929,675,54.90911563113332,YES,selected
e3721c99:o0:d012:flip_ud,0,/workspace/arc2/active_runs/eval60_v5_vs_greedy_4worker_v1/tmp/e3721c99/d012/o00_g0.json,f935c60c05c95c5e82233645955af3c59653dd3702c13621f6d62de895781232,HEAVY_REPAIR,CANDIDATE,c16e73984a83d756fd801b946c60d8eeb1eb5f2f7758dcb9275ed7bd63216ec8,2,1852,1853,1852,1672,110.1426092479378,YES,selected
e3721c99:o0:d012:identity,0,/workspace/arc2/active_runs/eval60_v5_vs_greedy_4worker_v1/tmp/e3721c99/d012/o00_g0.json,f935c60c05c95c5e82233645955af3c59653dd3702c13621f6d62de895781232,HEAVY_REPAIR,CANDIDATE,c16e73984a83d756fd801b946c60d8eeb1eb5f2f7758dcb9275ed7bd63216ec8,2,1825,1826,1825,1640,108.5962806623429,YES,selected
e3721c99:o0:d012:transpose,0,/workspace/arc2/active_runs/eval60_v5_vs_greedy_4worker_v1/tmp/e3721c99/d012/o00_g1.json,51b88dc83d7f9c158560ae27d38dcadc6eb14ae73a615252546f0a7f3cd79cd4,FAST_PASS,CANDIDATE,c16e73984a83d756fd801b946c60d8eeb1eb5f2f7758dcb9275ed7bd63216ec8,3,2771,2772,2771,2733,158.75004839524627,YES,selected
e3721c99:o0:d024:anti_transpose,0,/workspace/arc2/active_runs/eval60_v5_vs_greedy_4worker_v1/tmp/e3721c99/d024/o00_g1.json,b91f9919d759be11f717b7e54491ca7e00b337f7eda149ac27c2a79899105975,HEAVY_REPAIR,CANDIDATE,272f836a0cd71fe4b8a3e411982805c41d8ab8a3efa4985dbad6743c9a0bf09b,2,1813,1814,1813,699,108.32406871020794,YES,selected
e3721c99:o0:d024:flip_ud,0,/workspace/arc2/active_runs/eval60_v5_vs_greedy_4worker_v1/tmp/e3721c99/d024/o00_g0.json,8eeebff77f71e1e56b2292154e4ac6ed0135feb03b0087950358e195bd589a47,HEAVY_REPAIR,CANDIDATE,272f836a0cd71fe4b8a3e411982805c41d8ab8a3efa4985dbad6743c9a0bf09b,2,1852,1853,1852,1086,109.6712213139981,YES,selected
e3721c99:o0:d024:identity,0,/workspace/arc2/active_runs/eval60_v5_vs_greedy_4worker_v1/tmp/e3721c99/d024/o00_g0.json,8eeebff77f71e1e56b2292154e4ac6ed0135feb03b0087950358e195bd589a47,FAST_PASS,CANDIDATE,272f836a0cd71fe4b8a3e411982805c41d8ab8a3efa4985dbad6743c9a0bf09b,2,1825,1826,1825,1219,111.08396235853434,YES,selected
e3721c99:o0:d024:transpose,0,/workspace/arc2/active_runs/eval60_v5_vs_greedy_4worker_v1/tmp/e3721c99/d024/o00_g1.json,b91f9919d759be11f717b7e54491ca7e00b337f7eda149ac27c2a79899105975,FAST_PASS,CANDIDATE,272f836a0cd71fe4b8a3e411982805c41d8ab8a3efa4985dbad6743c9a0bf09b,1,929,930,929,0,53.80879315547645,YES,selected
e3721c99:o0:d048:anti_transpose,0,/workspace/arc2/active_runs/eval60_v5_vs_greedy_4worker_v1/tmp/e3721c99/d048/o00_g1.json,7a01daaef274f46c31e6bb58bd582adc3aa761dc8faed26e0016b3edb627bfb7,HEAVY_REPAIR,CANDIDATE,5f7c4aca47f9d93480f1971fdfa5fc32e228573fd5e6df9f7408eaaf707659ff,2,1627,1628,1627,391,96.08366739936173,YES,selected
e3721c99:o0:d048:flip_ud,0,/workspace/arc2/active_runs/eval60_v5_vs_greedy_4worker_v1/tmp/e3721c99/d048/o00_g0.json,16fdf1c5df0873971199d8525af43e679ea80b8a0a6df5c2a6bbcda1d9815839,HEAVY_REPAIR,CANDIDATE,5f7c4aca47f9d93480f1971fdfa5fc32e228573fd5e6df9f7408eaaf707659ff,2,1764,1765,1764,981,104.11387780494988,YES,selected
e3721c99:o0:d048:identity,0,/workspace/arc2/active_runs/eval60_v5_vs_greedy_4worker_v1/tmp/e3721c99/d048/o00_g0.json,16fdf1c5df0873971199d8525af43e679ea80b8a0a6df5c2a6bbcda1d9815839,HEAVY_REPAIR,CANDIDATE,5f7c4aca47f9d93480f1971fdfa5fc32e228573fd5e6df9f7408eaaf707659ff,1,929,930,929,0,54.768243389204144,YES,selected
e3721c99:o0:d048:transpose,0,/workspace/arc2/active_runs/eval60_v5_vs_greedy_4worker_v1/tmp/e3721c99/d048/o00_g1.json,7a01daaef274f46c31e6bb58bd582adc3aa761dc8faed26e0016b3edb627bfb7,FAST_PASS,CANDIDATE,5f7c4aca47f9d93480f1971fdfa5fc32e228573fd5e6df9f7408eaaf707659ff,2,1850,1851,1850,1562,106.41369591653347,YES,selected
e3721c99:o1:d012:anti_transpose,0,/workspace/arc2/active_runs/eval60_v5_vs_greedy_4worker_v1/tmp/e3721c99/d012/o01_g1.json,353c14e451b8d24ac47b0d07797cc36e64d6dc7edbe017850b79483963ae95eb,HEAVY_REPAIR,CANDIDATE,c16e73984a83d756fd801b946c60d8eeb1eb5f2f7758dcb9275ed7bd63216ec8,2,1839,1840,1839,1714,110.22752290777862,YES,selected
e3721c99:o1:d012:flip_ud,0,/workspace/arc2/active_runs/eval60_v5_vs_greedy_4worker_v1/tmp/e3721c99/d012/o01_g0.json,8a6842d08a9c718c460d7d2bdc1f50cd648d9df27040ae56a2ff4f3023237dd5,HEAVY_REPAIR,CANDIDATE,c16e73984a83d756fd801b946c60d8eeb1eb5f2f7758dcb9275ed7bd63216ec8,3,2751,2752,2751,2664,165.3072042092681,YES,selected
e3721c99:o1:d012:identity,0,/workspace/arc2/active_runs/eval60_v5_vs_greedy_4worker_v1/tmp/e3721c99/d012/o01_g0.json,8a6842d08a9c718c460d7d2bdc1f50cd648d9df27040ae56a2ff4f3023237dd5,FAST_PASS,CANDIDATE,c16e73984a83d756fd801b946c60d8eeb1eb5f2f7758dcb9275ed7bd63216ec8,2,1818,1819,1818,1696,110.08124989829957,YES,selected
e3721c99:o1:d012:transpose,0,/workspace/arc2/active_runs/eval60_v5_vs_greedy_4worker_v1/tmp/e3721c99/d012/o01_g1.json,353c14e451b8d24ac47b0d07797cc36e64d6dc7edbe017850b79483963ae95eb,HEAVY_REPAIR,CANDIDATE,c16e73984a83d756fd801b946c60d8eeb1eb5f2f7758dcb9275ed7bd63216ec8,3,2313,2314,2313,2040,137.52348626963794,YES,selected
e3721c99:o1:d024:anti_transpose,0,/workspace/arc2/active_runs/eval60_v5_vs_greedy_4worker_v1/tmp/e3721c99/d024/o01_g1.json,476c1b518c44d60fe9958ad59e9ea7ccdd0f085de4386ca15edf788875f8bcb1,FAST_PASS,CANDIDATE,272f836a0cd71fe4b8a3e411982805c41d8ab8a3efa4985dbad6743c9a0bf09b,2,1839,1840,1839,1538,111.72883521206677,YES,selected
e3721c99:o1:d024:flip_ud,0,/workspace/arc2/active_runs/eval60_v5_vs_greedy_4worker_v1/tmp/e3721c99/d024/o01_g0.json,0f7929015caf0e93385859e7f4579ee82142a23d7299c85c0fbe427fedfce756,FAST_PASS,CANDIDATE,272f836a0cd71fe4b8a3e411982805c41d8ab8a3efa4985dbad6743c9a0bf09b,2,1840,1841,1840,1643,105.37026987597346,YES,selected
e3721c99:o1:d024:identity,0,/workspace/arc2/active_runs/eval60_v5_vs_greedy_4worker_v1/tmp/e3721c99/d024/o01_g0.json,0f7929015caf0e93385859e7f4579ee82142a23d7299c85c0fbe427fedfce756,HEAVY_REPAIR,CANDIDATE,272f836a0cd71fe4b8a3e411982805c41d8ab8a3efa4985dbad6743c9a0bf09b,3,2707,2708,2707,2544,159.54908381588757,YES,selected
e3721c99:o1:d024:transpose,0,/workspace/arc2/active_runs/eval60_v5_vs_greedy_4worker_v1/tmp/e3721c99/d024/o01_g1.json,476c1b518c44d60fe9958ad59e9ea7ccdd0f085de4386ca15edf788875f8bcb1,HEAVY_REPAIR,CANDIDATE,272f836a0cd71fe4b8a3e411982805c41d8ab8a3efa4985dbad6743c9a0bf09b,2,1621,1622,1621,978,96.61377109959722,YES,selected
e3721c99:o1:d048:anti_transpose,0,/workspace/arc2/active_runs/eval60_v5_vs_greedy_4worker_v1/tmp/e3721c99/d048/o01_g1.json,7cb6ccdf57cb424b49c4a155149cbdd126dafc238dda4a82c269e00846ce8ad8,HEAVY_REPAIR,CANDIDATE,5f7c4aca47f9d93480f1971fdfa5fc32e228573fd5e6df9f7408eaaf707659ff,2,1839,1840,1839,814,108.52638862095773,YES,selected
e3721c99:o1:d048:flip_ud,0,/workspace/arc2/active_runs/eval60_v5_vs_greedy_4worker_v1/tmp/e3721c99/d048/o01_g0.json,68c008eee100451855c13b75b77ef8ccf04ab06147fe9694ca99e75ba0c247d5,FAST_PASS,CANDIDATE,5f7c4aca47f9d93480f1971fdfa5fc32e228573fd5e6df9f7408eaaf707659ff,2,1840,1841,1840,1761,111.28730414621532,YES,selected
e3721c99:o1:d048:identity,0,/workspace/arc2/active_runs/eval60_v5_vs_greedy_4worker_v1/tmp/e3721c99/d048/o01_g0.json,68c008eee100451855c13b75b77ef8ccf04ab06147fe9694ca99e75ba0c247d5,HEAVY_REPAIR,CANDIDATE,5f7c4aca47f9d93480f1971fdfa5fc32e228573fd5e6df9f7408eaaf707659ff,3,2707,2708,2707,2188,158.651601286605,YES,selected
e3721c99:o1:d048:transpose,0,/workspace/arc2/active_runs/eval60_v5_vs_greedy_4worker_v1/tmp/e3721c99/d048/o01_g1.json,7cb6ccdf57cb424b49c4a155149cbdd126dafc238dda4a82c269e00846ce8ad8,HEAVY_REPAIR,CANDIDATE,5f7c4aca47f9d93480f1971fdfa5fc32e228573fd5e6df9f7408eaaf707659ff,1,929,930,929,145,54.88828142918646,YES,selected
e376de54:o0:d012:anti_transpose,0,/workspace/arc2/active_runs/eval60_v5_vs_greedy_4worker_v1/raw/task_depth/e376de54/d012.parquet,ac10154217655bf43c9e00e3631c14e9ec8fc96b4b66d6fd4b8ec2d68e40ab02,UNKNOWN,CANDIDATE,e00bbb25e2195b3248e07793371a9dddc29c27ff0b9191768015b8fa44272eb4,4,930,932,930,765,57.69895753171295,YES,selected
e376de54:o0:d012:flip_ud,0,/workspace/arc2/active_runs/eval60_v5_vs_greedy_4worker_v1/raw/task_depth/e376de54/d012.parquet,ac10154217655bf43c9e00e3631c14e9ec8fc96b4b66d6fd4b8ec2d68e40ab02,UNKNOWN,CANDIDATE,e00bbb25e2195b3248e07793371a9dddc29c27ff0b9191768015b8fa44272eb4,3,759,761,759,620,42.70018065068871,YES,selected
e376de54:o0:d012:identity,0,/workspace/arc2/active_runs/eval60_v5_vs_greedy_4worker_v1/raw/task_depth/e376de54/d012.parquet,ac10154217655bf43c9e00e3631c14e9ec8fc96b4b66d6fd4b8ec2d68e40ab02,UNKNOWN,CANDIDATE,e00bbb25e2195b3248e07793371a9dddc29c27ff0b9191768015b8fa44272eb4,3,759,761,759,519,42.70018065068871,YES,selected
e376de54:o0:d012:transpose,0,/workspace/arc2/active_runs/eval60_v5_vs_greedy_4worker_v1/raw/task_depth/e376de54/d012.parquet,ac10154217655bf43c9e00e3631c14e9ec8fc96b4b66d6fd4b8ec2d68e40ab02,UNKNOWN,CANDIDATE,e00bbb25e2195b3248e07793371a9dddc29c27ff0b9191768015b8fa44272eb4,4,929,932,929,650,57.69895753171295,YES,selected
e376de54:o0:d024:anti_transpose,0,/workspace/arc2/active_runs/eval60_v5_vs_greedy_4worker_v1/raw/task_depth/e376de54/d024.parquet,b1cccec81c8f74bab6bda63c051241d561b79888377f79780878ff28a539acff,UNKNOWN,CANDIDATE,0be1e7b2a36e74dce803ab228fd34ae864e5eb0d7fcaf692e3f220ee1d98c079,2,449,450,449,161,27.23695298563689,YES,selected
e376de54:o0:d024:flip_ud,0,/workspace/arc2/active_runs/eval60_v5_vs_greedy_4worker_v1/raw/task_depth/e376de54/d024.parquet,b1cccec81c8f74bab6bda63c051241d561b79888377f79780878ff28a539acff,UNKNOWN,CANDIDATE,0be1e7b2a36e74dce803ab228fd34ae864e5eb0d7fcaf692e3f220ee1d98c079,3,567,569,567,394,34.657123079523444,YES,selected
e376de54:o0:d024:identity,0,/workspace/arc2/active_runs/eval60_v5_vs_greedy_4worker_v1/raw/task_depth/e376de54/d024.parquet,b1cccec81c8f74bab6bda63c051241d561b79888377f79780878ff28a539acff,UNKNOWN,CANDIDATE,0be1e7b2a36e74dce803ab228fd34ae864e5eb0d7fcaf692e3f220ee1d98c079,3,567,569,567,165,34.657123079523444,YES,selected
e376de54:o0:d024:transpose,0,/workspace/arc2/active_runs/eval60_v5_vs_greedy_4worker_v1/raw/task_depth/e376de54/d024.parquet,b1cccec81c8f74bab6bda63c051241d561b79888377f79780878ff28a539acff,UNKNOWN,CANDIDATE,0be1e7b2a36e74dce803ab228fd34ae864e5eb0d7fcaf692e3f220ee1d98c079,2,448,450,448,178,27.23695298563689,YES,selected
e376de54:o0:d048:anti_transpose,0,/workspace/arc2/active_runs/eval60_v5_vs_greedy_4worker_v1/raw/task_depth/e376de54/d048.parquet,d768617fb65f815773b209a33b28af0126e41e383496ad8fe51be39864df9419,UNKNOWN,CANDIDATE,018600cdb2e56a5ff743951fdc491b156135a555059470d75a12ace42a45b45f,2,489,490,489,276,30.57939252629876,YES,selected
e376de54:o0:d048:flip_ud,0,/workspace/arc2/active_runs/eval60_v5_vs_greedy_4worker_v1/raw/task_depth/e376de54/d048.parquet,d768617fb65f815773b209a33b28af0126e41e383496ad8fe51be39864df9419,UNKNOWN,CANDIDATE,018600cdb2e56a5ff743951fdc491b156135a555059470d75a12ace42a45b45f,1,271,272,271,0,13.562411459162831,YES,selected
e376de54:o0:d048:identity,0,/workspace/arc2/active_runs/eval60_v5_vs_greedy_4worker_v1/raw/task_depth/e376de54/d048.parquet,d768617fb65f815773b209a33b28af0126e41e383496ad8fe51be39864df9419,UNKNOWN,CANDIDATE,018600cdb2e56a5ff743951fdc491b156135a555059470d75a12ace42a45b45f,1,271,272,271,0,13.562411459162831,YES,selected
e376de54:o0:d048:transpose,0,/workspace/arc2/active_runs/eval60_v5_vs_greedy_4worker_v1/raw/task_depth/e376de54/d048.parquet,d768617fb65f815773b209a33b28af0126e41e383496ad8fe51be39864df9419,UNKNOWN,CANDIDATE,018600cdb2e56a5ff743951fdc491b156135a555059470d75a12ace42a45b45f,2,488,490,488,218,30.57939252629876,YES,selected
edb79dae:o0:d012:anti_transpose,0,/workspace/arc2/active_runs/eval60_v5_vs_greedy_4worker_v1/tmp/edb79dae/d012/o00_g1.json,4a29a900cc7c3b7bc824aaecd83cd0c614369c607512c80c8901b27757f8cd0a,HEAVY_REPAIR,CANDIDATE,7d778c92c729143d1b794260a63700161ed03d443e10fa2ba61dda14ab6b47ff,2,875,876,875,824,51.65491287596524,YES,selected
edb79dae:o0:d012:flip_ud,0,/workspace/arc2/active_runs/eval60_v5_vs_greedy_4worker_v1/tmp/edb79dae/d012/o00_g0.json,a9a4e3a52635d728c98c21ed9d1a438fa639b628c69ba5679018d30d694ea149,HEAVY_REPAIR,CANDIDATE,7d778c92c729143d1b794260a63700161ed03d443e10fa2ba61dda14ab6b47ff,1,461,462,461,381,27.509981751441956,YES,selected
edb79dae:o0:d012:identity,0,/workspace/arc2/active_runs/eval60_v5_vs_greedy_4worker_v1/tmp/edb79dae/d012/o00_g0.json,a9a4e3a52635d728c98c21ed9d1a438fa639b628c69ba5679018d30d694ea149,FAST_PASS,CANDIDATE,7d778c92c729143d1b794260a63700161ed03d443e10fa2ba61dda14ab6b47ff,2,874,875,874,805,50.57437861897051,YES,selected
edb79dae:o0:d012:transpose,0,/workspace/arc2/active_runs/eval60_v5_vs_greedy_4worker_v1/tmp/edb79dae/d012/o00_g1.json,4a29a900cc7c3b7bc824aaecd83cd0c614369c607512c80c8901b27757f8cd0a,FAST_PASS,CANDIDATE,7d778c92c729143d1b794260a63700161ed03d443e10fa2ba61dda14ab6b47ff,1,461,462,461,386,28.031533766537905,YES,selected
edb79dae:o0:d024:anti_transpose,0,/workspace/arc2/active_runs/eval60_v5_vs_greedy_4worker_v1/tmp/edb79dae/d024/o00_g1.json,45e4f67778d8a5383219f4f0ba3d6c89314e1bc9fbb95f62f83e87fc79d5aa99,HEAVY_REPAIR,CANDIDATE,6eed34fab586c41722adf34fae618ba6418b35c82b9fb7323be267411a20a2cc,3,1291,1292,1291,1244,75.99961690045893,YES,selected
edb79dae:o0:d024:flip_ud,0,/workspace/arc2/active_runs/eval60_v5_vs_greedy_4worker_v1/tmp/edb79dae/d024/o00_g0.json,f51f721f5216d3ba3454cb9c9fc5f384974a369b95f56a81198b570793107316,FAST_PASS,CANDIDATE,6eed34fab586c41722adf34fae618ba6418b35c82b9fb7323be267411a20a2cc,2,862,863,862,528,50.289597034454346,YES,selected
edb79dae:o0:d024:identity,0,/workspace/arc2/active_runs/eval60_v5_vs_greedy_4worker_v1/tmp/edb79dae/d024/o00_g0.json,f51f721f5216d3ba3454cb9c9fc5f384974a369b95f56a81198b570793107316,FAST_PASS,CANDIDATE,6eed34fab586c41722adf34fae618ba6418b35c82b9fb7323be267411a20a2cc,3,1275,1276,1275,1064,75.612952824682,YES,selected
edb79dae:o0:d024:transpose,0,/workspace/arc2/active_runs/eval60_v5_vs_greedy_4worker_v1/tmp/edb79dae/d024/o00_g1.json,45e4f67778d8a5383219f4f0ba3d6c89314e1bc9fbb95f62f83e87fc79d5aa99,HEAVY_REPAIR,CANDIDATE,6eed34fab586c41722adf34fae618ba6418b35c82b9fb7323be267411a20a2cc,2,735,736,735,544,43.16231911815703,YES,selected
edb79dae:o0:d048:anti_transpose,0,/workspace/arc2/active_runs/eval60_v5_vs_greedy_4worker_v1/tmp/edb79dae/d048/o00_g1.json,7f0bb83e1bd0845402a728b7cde00e55a36258a8e3475aef92f68d74559e82a8,HEAVY_REPAIR,CANDIDATE,47bcdf7018c209402ba53695702789faa6432b55d17c5f89142a970f10613425,2,876,877,876,822,52.13052613288164,YES,selected
edb79dae:o0:d048:flip_ud,0,/workspace/arc2/active_runs/eval60_v5_vs_greedy_4worker_v1/tmp/edb79dae/d048/o00_g0.json,198111d42ba2a7963c6dcd10f444c8fdbe2381b5149849abc1c90803d2435d3f,HEAVY_REPAIR,CANDIDATE,47bcdf7018c209402ba53695702789faa6432b55d17c5f89142a970f10613425,2,862,863,862,555,51.25338386930525,YES,selected
edb79dae:o0:d048:identity,0,/workspace/arc2/active_runs/eval60_v5_vs_greedy_4worker_v1/tmp/edb79dae/d048/o00_g0.json,198111d42ba2a7963c6dcd10f444c8fdbe2381b5149849abc1c90803d2435d3f,FAST_PASS,CANDIDATE,47bcdf7018c209402ba53695702789faa6432b55d17c5f89142a970f10613425,1,461,462,461,0,26.915048958733678,YES,selected
edb79dae:o0:d048:transpose,0,/workspace/arc2/active_runs/eval60_v5_vs_greedy_4worker_v1/tmp/edb79dae/d048/o00_g1.json,7f0bb83e1bd0845402a728b7cde00e55a36258a8e3475aef92f68d74559e82a8,FAST_PASS,CANDIDATE,47bcdf7018c209402ba53695702789faa6432b55d17c5f89142a970f10613425,1,461,462,461,143,27.612462801858783,YES,selected
f931b4a8:o0:d012:anti_transpose,0,/workspace/arc2/active_runs/eval60_v5_vs_greedy_4worker_v1/raw/task_depth/f931b4a8/d012.parquet,c33caf36b43cb411df8edba07aaf0054a4434bce7092da389c847d0f92806c26,UNKNOWN,CANDIDATE,47fb1a35ab62f9126ab1689f90c344afc3e5cc0886a391b59e7d729f4969ff09,10,1850,1860,1850,1858,97.02384446468204,YES,selected
f931b4a8:o0:d012:flip_ud,0,/workspace/arc2/active_runs/eval60_v5_vs_greedy_4worker_v1/raw/task_depth/f931b4a8/d012.parquet,c33caf36b43cb411df8edba07aaf0054a4434bce7092da389c847d0f92806c26,UNKNOWN,CANDIDATE,47fb1a35ab62f9126ab1689f90c344afc3e5cc0886a391b59e7d729f4969ff09,11,3708,3717,3708,3715,198.4111970551312,YES,selected
f931b4a8:o0:d012:identity,0,/workspace/arc2/active_runs/eval60_v5_vs_greedy_4worker_v1/raw/task_depth/f931b4a8/d012.parquet,c33caf36b43cb411df8edba07aaf0054a4434bce7092da389c847d0f92806c26,UNKNOWN,CANDIDATE,47fb1a35ab62f9126ab1689f90c344afc3e5cc0886a391b59e7d729f4969ff09,21,3697,3717,3697,3699,198.4111970551312,YES,selected
f931b4a8:o0:d012:transpose,0,/workspace/arc2/active_runs/eval60_v5_vs_greedy_4worker_v1/raw/task_depth/f931b4a8/d012.parquet,c33caf36b43cb411df8edba07aaf0054a4434bce7092da389c847d0f92806c26,UNKNOWN,CANDIDATE,47fb1a35ab62f9126ab1689f90c344afc3e5cc0886a391b59e7d729f4969ff09,4,1857,1860,1857,1855,97.02384446468204,YES,selected
f931b4a8:o0:d024:anti_transpose,0,/workspace/arc2/active_runs/eval60_v5_vs_greedy_4worker_v1/raw/task_depth/f931b4a8/d024.parquet,c56825868bc77b04090b1d0f9dec291eb48f5fdb2233f5b196488de291e6040e,UNKNOWN,CANDIDATE,66a6640a611ef60b483149ad1578a7083365afb03f2ae2f2b766d2ec0baa0134,14,1914,1927,1914,1924,109.73349984176457,YES,selected
f931b4a8:o0:d024:flip_ud,0,/workspace/arc2/active_runs/eval60_v5_vs_greedy_4worker_v1/raw/task_depth/f931b4a8/d024.parquet,c56825868bc77b04090b1d0f9dec291eb48f5fdb2233f5b196488de291e6040e,UNKNOWN,CANDIDATE,66a6640a611ef60b483149ad1578a7083365afb03f2ae2f2b766d2ec0baa0134,10,941,950,941,947,56.35892449505627,YES,selected
f931b4a8:o0:d024:identity,0,/workspace/arc2/active_runs/eval60_v5_vs_greedy_4worker_v1/raw/task_depth/f931b4a8/d024.parquet,c56825868bc77b04090b1d0f9dec291eb48f5fdb2233f5b196488de291e6040e,UNKNOWN,CANDIDATE,66a6640a611ef60b483149ad1578a7083365afb03f2ae2f2b766d2ec0baa0134,9,942,950,942,946,56.35892449505627,YES,selected
f931b4a8:o0:d024:transpose,0,/workspace/arc2/active_runs/eval60_v5_vs_greedy_4worker_v1/raw/task_depth/f931b4a8/d024.parquet,c56825868bc77b04090b1d0f9dec291eb48f5fdb2233f5b196488de291e6040e,UNKNOWN,CANDIDATE,66a6640a611ef60b483149ad1578a7083365afb03f2ae2f2b766d2ec0baa0134,23,1905,1927,1905,1911,109.73349984176457,YES,selected
f931b4a8:o0:d048:anti_transpose,0,/workspace/arc2/active_runs/eval60_v5_vs_greedy_4worker_v1/raw/task_depth/f931b4a8/d048.parquet,ae4c6d6a430ee217c5b58b795e77b1d91b25e634cc8e193589246989e3dcdbe1,UNKNOWN,CANDIDATE,603da7a217a345b798032bad575216e4a551f72a645b73926e1df8d6fdccc09c,26,3693,3717,3693,3714,210.02760543767363,YES,selected
f931b4a8:o0:d048:flip_ud,0,/workspace/arc2/active_runs/eval60_v5_vs_greedy_4worker_v1/raw/task_depth/f931b4a8/d048.parquet,ae4c6d6a430ee217c5b58b795e77b1d91b25e634cc8e193589246989e3dcdbe1,UNKNOWN,CANDIDATE,603da7a217a345b798032bad575216e4a551f72a645b73926e1df8d6fdccc09c,17,2774,2790,2774,2721,167.31879572104663,YES,selected
f931b4a8:o0:d048:identity,0,/workspace/arc2/active_runs/eval60_v5_vs_greedy_4worker_v1/raw/task_depth/f931b4a8/d048.parquet,ae4c6d6a430ee217c5b58b795e77b1d91b25e634cc8e193589246989e3dcdbe1,UNKNOWN,CANDIDATE,603da7a217a345b798032bad575216e4a551f72a645b73926e1df8d6fdccc09c,19,2773,2790,2773,2774,167.31879572104663,YES,selected
f931b4a8:o0:d048:transpose,0,/workspace/arc2/active_runs/eval60_v5_vs_greedy_4worker_v1/raw/task_depth/f931b4a8/d048.parquet,ae4c6d6a430ee217c5b58b795e77b1d91b25e634cc8e193589246989e3dcdbe1,UNKNOWN,CANDIDATE,603da7a217a345b798032bad575216e4a551f72a645b73926e1df8d6fdccc09c,22,3696,3717,3696,3693,210.02760543767363,YES,selected
f931b4a8:o1:d012:anti_transpose,0,/workspace/arc2/active_runs/eval60_v5_vs_greedy_4worker_v1/raw/task_depth/f931b4a8/d012.parquet,c33caf36b43cb411df8edba07aaf0054a4434bce7092da389c847d0f92806c26,UNKNOWN,CANDIDATE,47fb1a35ab62f9126ab1689f90c344afc3e5cc0886a391b59e7d729f4969ff09,21,3695,3715,3695,3709,210.05028302315623,YES,selected
f931b4a8:o1:d012:flip_ud,0,/workspace/arc2/active_runs/eval60_v5_vs_greedy_4worker_v1/raw/task_depth/f931b4a8/d012.parquet,c33caf36b43cb411df8edba07aaf0054a4434bce7092da389c847d0f92806c26,UNKNOWN,CANDIDATE,47fb1a35ab62f9126ab1689f90c344afc3e5cc0886a391b59e7d729f4969ff09,16,3705,3719,3705,3717,213.90570244472474,YES,selected
f931b4a8:o1:d012:identity,0,/workspace/arc2/active_runs/eval60_v5_vs_greedy_4worker_v1/raw/task_depth/f931b4a8/d012.parquet,c33caf36b43cb411df8edba07aaf0054a4434bce7092da389c847d0f92806c26,UNKNOWN,CANDIDATE,47fb1a35ab62f9126ab1689f90c344afc3e5cc0886a391b59e7d729f4969ff09,14,3706,3719,3706,3703,213.90570244472474,YES,selected
f931b4a8:o1:d012:transpose,0,/workspace/arc2/active_runs/eval60_v5_vs_greedy_4worker_v1/raw/task_depth/f931b4a8/d012.parquet,c33caf36b43cb411df8edba07aaf0054a4434bce7092da389c847d0f92806c26,UNKNOWN,CANDIDATE,47fb1a35ab62f9126ab1689f90c344afc3e5cc0886a391b59e7d729f4969ff09,15,3702,3715,3702,3708,210.05028302315623,YES,selected
f931b4a8:o1:d024:anti_transpose,0,/workspace/arc2/active_runs/eval60_v5_vs_greedy_4worker_v1/raw/task_depth/f931b4a8/d024.parquet,c56825868bc77b04090b1d0f9dec291eb48f5fdb2233f5b196488de291e6040e,UNKNOWN,CANDIDATE,66a6640a611ef60b483149ad1578a7083365afb03f2ae2f2b766d2ec0baa0134,1,5,6,5,0,0.669891893863678,YES,selected
f931b4a8:o1:d024:flip_ud,0,/workspace/arc2/active_runs/eval60_v5_vs_greedy_4worker_v1/raw/task_depth/f931b4a8/d024.parquet,c56825868bc77b04090b1d0f9dec291eb48f5fdb2233f5b196488de291e6040e,UNKNOWN,CANDIDATE,66a6640a611ef60b483149ad1578a7083365afb03f2ae2f2b766d2ec0baa0134,3,14,15,14,13,1.394636733457446,YES,selected
f931b4a8:o1:d024:identity,0,/workspace/arc2/active_runs/eval60_v5_vs_greedy_4worker_v1/raw/task_depth/f931b4a8/d024.parquet,c56825868bc77b04090b1d0f9dec291eb48f5fdb2233f5b196488de291e6040e,UNKNOWN,CANDIDATE,66a6640a611ef60b483149ad1578a7083365afb03f2ae2f2b766d2ec0baa0134,3,13,15,13,7,1.394636733457446,YES,selected
f931b4a8:o1:d024:transpose,0,/workspace/arc2/active_runs/eval60_v5_vs_greedy_4worker_v1/raw/task_depth/f931b4a8/d024.parquet,c56825868bc77b04090b1d0f9dec291eb48f5fdb2233f5b196488de291e6040e,UNKNOWN,CANDIDATE,66a6640a611ef60b483149ad1578a7083365afb03f2ae2f2b766d2ec0baa0134,1,5,6,5,0,0.669891893863678,YES,selected
f931b4a8:o1:d048:anti_transpose,0,/workspace/arc2/active_runs/eval60_v5_vs_greedy_4worker_v1/raw/task_depth/f931b4a8/d048.parquet,ae4c6d6a430ee217c5b58b795e77b1d91b25e634cc8e193589246989e3dcdbe1,UNKNOWN,CANDIDATE,603da7a217a345b798032bad575216e4a551f72a645b73926e1df8d6fdccc09c,1,5,6,5,0,0.559588317759335,YES,selected
f931b4a8:o1:d048:flip_ud,0,/workspace/arc2/active_runs/eval60_v5_vs_greedy_4worker_v1/raw/task_depth/f931b4a8/d048.parquet,ae4c6d6a430ee217c5b58b795e77b1d91b25e634cc8e193589246989e3dcdbe1,UNKNOWN,CANDIDATE,603da7a217a345b798032bad575216e4a551f72a645b73926e1df8d6fdccc09c,1,5,6,5,0,0.5341437980532646,YES,selected
f931b4a8:o1:d048:identity,0,/workspace/arc2/active_runs/eval60_v5_vs_greedy_4worker_v1/raw/task_depth/f931b4a8/d048.parquet,ae4c6d6a430ee217c5b58b795e77b1d91b25e634cc8e193589246989e3dcdbe1,UNKNOWN,CANDIDATE,603da7a217a345b798032bad575216e4a551f72a645b73926e1df8d6fdccc09c,1,5,6,5,0,0.5341437980532646,YES,selected
f931b4a8:o1:d048:transpose,0,/workspace/arc2/active_runs/eval60_v5_vs_greedy_4worker_v1/raw/task_depth/f931b4a8/d048.parquet,ae4c6d6a430ee217c5b58b795e77b1d91b25e634cc8e193589246989e3dcdbe1,UNKNOWN,CANDIDATE,603da7a217a345b798032bad575216e4a551f72a645b73926e1df8d6fdccc09c,1,5,6,5,0,0.559588317759335,YES,selected
