cell_key,task_id,output_index,depth,view,old_status,new_status,selected_artifact_path,selected_artifact_sha256,checkpoint_sha256,v5_config_sha256,match_class,checkpoint_match,config_match,candidate_count_match,nodes_match,forwards_match,tokens_match,floor_match,alternative_artifact_count,resolution_explanation
0934a4d8:o0:d012:anti_transpose,0934a4d8,0,12,anti_transpose,AMBIGUOUS,TRUSTWORTHY,/workspace/arc2/active_runs/eval60_v5_vs_greedy_4worker_v1/raw/task_depth/0934a4d8/d012.parquet,ea74048d83afa9d230ad7bf4785466c5848c1f2959f0856b91ae8af2c61f9508,f774449a47ba679a8f5be6752b3378319b21cdfde2acfafef10bcc29f61a9745,e5beec92c9992930f4d6b468db1806ee2f3b9224e13179af7d4e8bb5897148e0,EXACT_LINK,YES,YES,YES,YES,YES,YES,YES,1,EXACT_LINK; exact cell key; no hash or telemetry contradiction
0934a4d8:o0:d012:flip_ud,0934a4d8,0,12,flip_ud,AMBIGUOUS,TRUSTWORTHY,/workspace/arc2/active_runs/eval60_v5_vs_greedy_4worker_v1/raw/task_depth/0934a4d8/d012.parquet,ea74048d83afa9d230ad7bf4785466c5848c1f2959f0856b91ae8af2c61f9508,f774449a47ba679a8f5be6752b3378319b21cdfde2acfafef10bcc29f61a9745,e5beec92c9992930f4d6b468db1806ee2f3b9224e13179af7d4e8bb5897148e0,EXACT_LINK,YES,YES,YES,YES,YES,YES,YES,1,EXACT_LINK; exact cell key; no hash or telemetry contradiction
0934a4d8:o0:d012:identity,0934a4d8,0,12,identity,AMBIGUOUS,TRUSTWORTHY,/workspace/arc2/active_runs/eval60_v5_vs_greedy_4worker_v1/raw/task_depth/0934a4d8/d012.parquet,ea74048d83afa9d230ad7bf4785466c5848c1f2959f0856b91ae8af2c61f9508,f774449a47ba679a8f5be6752b3378319b21cdfde2acfafef10bcc29f61a9745,e5beec92c9992930f4d6b468db1806ee2f3b9224e13179af7d4e8bb5897148e0,EXACT_LINK,YES,YES,YES,YES,YES,YES,YES,1,EXACT_LINK; exact cell key; no hash or telemetry contradiction
0934a4d8:o0:d012:transpose,0934a4d8,0,12,transpose,AMBIGUOUS,TRUSTWORTHY,/workspace/arc2/active_runs/eval60_v5_vs_greedy_4worker_v1/raw/task_depth/0934a4d8/d012.parquet,ea74048d83afa9d230ad7bf4785466c5848c1f2959f0856b91ae8af2c61f9508,f774449a47ba679a8f5be6752b3378319b21cdfde2acfafef10bcc29f61a9745,e5beec92c9992930f4d6b468db1806ee2f3b9224e13179af7d4e8bb5897148e0,EXACT_LINK,YES,YES,YES,YES,YES,YES,YES,1,EXACT_LINK; exact cell key; no hash or telemetry contradiction
0934a4d8:o0:d024:anti_transpose,0934a4d8,0,24,anti_transpose,AMBIGUOUS,TRUSTWORTHY,/workspace/arc2/active_runs/eval60_v5_vs_greedy_4worker_v1/raw/task_depth/0934a4d8/d024.parquet,fbceef613f51f9a1f59432b0a0e106df82c57cc0c940042fa9576a47f70f0757,ac456f66e63eeef61e928a9ab53b34cb2da4f1c83e53817c476e2cf4806272a2,e5beec92c9992930f4d6b468db1806ee2f3b9224e13179af7d4e8bb5897148e0,EXACT_LINK,YES,YES,YES,YES,YES,YES,YES,1,EXACT_LINK; exact cell key; no hash or telemetry contradiction
0934a4d8:o0:d024:flip_ud,0934a4d8,0,24,flip_ud,AMBIGUOUS,TRUSTWORTHY,/workspace/arc2/active_runs/eval60_v5_vs_greedy_4worker_v1/raw/task_depth/0934a4d8/d024.parquet,fbceef613f51f9a1f59432b0a0e106df82c57cc0c940042fa9576a47f70f0757,ac456f66e63eeef61e928a9ab53b34cb2da4f1c83e53817c476e2cf4806272a2,e5beec92c9992930f4d6b468db1806ee2f3b9224e13179af7d4e8bb5897148e0,EXACT_LINK,YES,YES,YES,YES,YES,YES,YES,1,EXACT_LINK; exact cell key; no hash or telemetry contradiction
0934a4d8:o0:d024:identity,0934a4d8,0,24,identity,AMBIGUOUS,TRUSTWORTHY,/workspace/arc2/active_runs/eval60_v5_vs_greedy_4worker_v1/raw/task_depth/0934a4d8/d024.parquet,fbceef613f51f9a1f59432b0a0e106df82c57cc0c940042fa9576a47f70f0757,ac456f66e63eeef61e928a9ab53b34cb2da4f1c83e53817c476e2cf4806272a2,e5beec92c9992930f4d6b468db1806ee2f3b9224e13179af7d4e8bb5897148e0,EXACT_LINK,YES,YES,YES,YES,YES,YES,YES,1,EXACT_LINK; exact cell key; no hash or telemetry contradiction
0934a4d8:o0:d024:transpose,0934a4d8,0,24,transpose,AMBIGUOUS,TRUSTWORTHY,/workspace/arc2/active_runs/eval60_v5_vs_greedy_4worker_v1/raw/task_depth/0934a4d8/d024.parquet,fbceef613f51f9a1f59432b0a0e106df82c57cc0c940042fa9576a47f70f0757,ac456f66e63eeef61e928a9ab53b34cb2da4f1c83e53817c476e2cf4806272a2,e5beec92c9992930f4d6b468db1806ee2f3b9224e13179af7d4e8bb5897148e0,EXACT_LINK,YES,YES,YES,YES,YES,YES,YES,1,EXACT_LINK; exact cell key; no hash or telemetry contradiction
0934a4d8:o0:d048:anti_transpose,0934a4d8,0,48,anti_transpose,AMBIGUOUS,TRUSTWORTHY,/workspace/arc2/active_runs/eval60_v5_vs_greedy_4worker_v1/raw/task_depth/0934a4d8/d048.parquet,6177dcebb626d03788d17e5829a6eac005b8a6b65914821185abc5b0ce73e098,8d621d7764f9e6b3bba5b04b80bb86bd345a61697eaee5aea25198a2cbdeecef,e5beec92c9992930f4d6b468db1806ee2f3b9224e13179af7d4e8bb5897148e0,EXACT_LINK,YES,YES,YES,YES,YES,YES,YES,1,EXACT_LINK; exact cell key; no hash or telemetry contradiction
0934a4d8:o0:d048:flip_ud,0934a4d8,0,48,flip_ud,AMBIGUOUS,TRUSTWORTHY,/workspace/arc2/active_runs/eval60_v5_vs_greedy_4worker_v1/raw/task_depth/0934a4d8/d048.parquet,6177dcebb626d03788d17e5829a6eac005b8a6b65914821185abc5b0ce73e098,8d621d7764f9e6b3bba5b04b80bb86bd345a61697eaee5aea25198a2cbdeecef,e5beec92c9992930f4d6b468db1806ee2f3b9224e13179af7d4e8bb5897148e0,EXACT_LINK,YES,YES,YES,YES,YES,YES,YES,1,EXACT_LINK; exact cell key; no hash or telemetry contradiction
0934a4d8:o0:d048:identity,0934a4d8,0,48,identity,AMBIGUOUS,TRUSTWORTHY,/workspace/arc2/active_runs/eval60_v5_vs_greedy_4worker_v1/raw/task_depth/0934a4d8/d048.parquet,6177dcebb626d03788d17e5829a6eac005b8a6b65914821185abc5b0ce73e098,8d621d7764f9e6b3bba5b04b80bb86bd345a61697eaee5aea25198a2cbdeecef,e5beec92c9992930f4d6b468db1806ee2f3b9224e13179af7d4e8bb5897148e0,EXACT_LINK,YES,YES,YES,YES,YES,YES,YES,1,EXACT_LINK; exact cell key; no hash or telemetry contradiction
0934a4d8:o0:d048:transpose,0934a4d8,0,48,transpose,AMBIGUOUS,TRUSTWORTHY,/workspace/arc2/active_runs/eval60_v5_vs_greedy_4worker_v1/raw/task_depth/0934a4d8/d048.parquet,6177dcebb626d03788d17e5829a6eac005b8a6b65914821185abc5b0ce73e098,8d621d7764f9e6b3bba5b04b80bb86bd345a61697eaee5aea25198a2cbdeecef,e5beec92c9992930f4d6b468db1806ee2f3b9224e13179af7d4e8bb5897148e0,EXACT_LINK,YES,YES,YES,YES,YES,YES,YES,1,EXACT_LINK; exact cell key; no hash or telemetry contradiction
13e47133:o0:d012:anti_transpose,13e47133,0,12,anti_transpose,AMBIGUOUS,TRUSTWORTHY,/workspace/arc2/active_runs/eval60_v5_vs_greedy_4worker_v1/raw/task_depth/13e47133/d012.parquet,459aa74abb8ca06e8b0a29d95336c42e80c77394f5a4fe7fca7eb9738976167c,ee8429e0e34eb00ea75fd0519ce39cf732c89e0c747a131a1b4816199c74baff,e5beec92c9992930f4d6b468db1806ee2f3b9224e13179af7d4e8bb5897148e0,EXACT_LINK,YES,YES,YES,YES,YES,YES,YES,1,EXACT_LINK; exact cell key; no hash or telemetry contradiction
13e47133:o0:d012:flip_ud,13e47133,0,12,flip_ud,AMBIGUOUS,TRUSTWORTHY,/workspace/arc2/active_runs/eval60_v5_vs_greedy_4worker_v1/raw/task_depth/13e47133/d012.parquet,459aa74abb8ca06e8b0a29d95336c42e80c77394f5a4fe7fca7eb9738976167c,ee8429e0e34eb00ea75fd0519ce39cf732c89e0c747a131a1b4816199c74baff,e5beec92c9992930f4d6b468db1806ee2f3b9224e13179af7d4e8bb5897148e0,EXACT_LINK,YES,YES,YES,YES,YES,YES,YES,1,EXACT_LINK; exact cell key; no hash or telemetry contradiction
13e47133:o0:d012:identity,13e47133,0,12,identity,AMBIGUOUS,TRUSTWORTHY,/workspace/arc2/active_runs/eval60_v5_vs_greedy_4worker_v1/raw/task_depth/13e47133/d012.parquet,459aa74abb8ca06e8b0a29d95336c42e80c77394f5a4fe7fca7eb9738976167c,ee8429e0e34eb00ea75fd0519ce39cf732c89e0c747a131a1b4816199c74baff,e5beec92c9992930f4d6b468db1806ee2f3b9224e13179af7d4e8bb5897148e0,EXACT_LINK,YES,YES,YES,YES,YES,YES,YES,1,EXACT_LINK; exact cell key; no hash or telemetry contradiction
13e47133:o0:d012:transpose,13e47133,0,12,transpose,AMBIGUOUS,TRUSTWORTHY,/workspace/arc2/active_runs/eval60_v5_vs_greedy_4worker_v1/raw/task_depth/13e47133/d012.parquet,459aa74abb8ca06e8b0a29d95336c42e80c77394f5a4fe7fca7eb9738976167c,ee8429e0e34eb00ea75fd0519ce39cf732c89e0c747a131a1b4816199c74baff,e5beec92c9992930f4d6b468db1806ee2f3b9224e13179af7d4e8bb5897148e0,EXACT_LINK,YES,YES,YES,YES,YES,YES,YES,1,EXACT_LINK; exact cell key; no hash or telemetry contradiction
13e47133:o0:d024:anti_transpose,13e47133,0,24,anti_transpose,AMBIGUOUS,TRUSTWORTHY,/workspace/arc2/active_runs/eval60_v5_vs_greedy_4worker_v1/raw/task_depth/13e47133/d024.parquet,d09a9a073c89b1243068aaa01cdff807de6b8e77c7d30db70f32adf82b6a7faa,e36cce0ed9731be780c48c576be801e7f1faacad868fcb21551b40f5a801eddd,e5beec92c9992930f4d6b468db1806ee2f3b9224e13179af7d4e8bb5897148e0,EXACT_LINK,YES,YES,YES,YES,YES,YES,YES,1,EXACT_LINK; exact cell key; no hash or telemetry contradiction
13e47133:o0:d024:flip_ud,13e47133,0,24,flip_ud,AMBIGUOUS,TRUSTWORTHY,/workspace/arc2/active_runs/eval60_v5_vs_greedy_4worker_v1/raw/task_depth/13e47133/d024.parquet,d09a9a073c89b1243068aaa01cdff807de6b8e77c7d30db70f32adf82b6a7faa,e36cce0ed9731be780c48c576be801e7f1faacad868fcb21551b40f5a801eddd,e5beec92c9992930f4d6b468db1806ee2f3b9224e13179af7d4e8bb5897148e0,EXACT_LINK,YES,YES,YES,YES,YES,YES,YES,1,EXACT_LINK; exact cell key; no hash or telemetry contradiction
13e47133:o0:d024:identity,13e47133,0,24,identity,AMBIGUOUS,TRUSTWORTHY,/workspace/arc2/active_runs/eval60_v5_vs_greedy_4worker_v1/raw/task_depth/13e47133/d024.parquet,d09a9a073c89b1243068aaa01cdff807de6b8e77c7d30db70f32adf82b6a7faa,e36cce0ed9731be780c48c576be801e7f1faacad868fcb21551b40f5a801eddd,e5beec92c9992930f4d6b468db1806ee2f3b9224e13179af7d4e8bb5897148e0,EXACT_LINK,YES,YES,YES,YES,YES,YES,YES,1,EXACT_LINK; exact cell key; no hash or telemetry contradiction
13e47133:o0:d024:transpose,13e47133,0,24,transpose,AMBIGUOUS,TRUSTWORTHY,/workspace/arc2/active_runs/eval60_v5_vs_greedy_4worker_v1/raw/task_depth/13e47133/d024.parquet,d09a9a073c89b1243068aaa01cdff807de6b8e77c7d30db70f32adf82b6a7faa,e36cce0ed9731be780c48c576be801e7f1faacad868fcb21551b40f5a801eddd,e5beec92c9992930f4d6b468db1806ee2f3b9224e13179af7d4e8bb5897148e0,EXACT_LINK,YES,YES,YES,YES,YES,YES,YES,1,EXACT_LINK; exact cell key; no hash or telemetry contradiction
13e47133:o0:d048:anti_transpose,13e47133,0,48,anti_transpose,AMBIGUOUS,TRUSTWORTHY,/workspace/arc2/active_runs/eval60_v5_vs_greedy_4worker_v1/raw/task_depth/13e47133/d048.parquet,398e5076b371c97c535e973f75742bf173765496d999a24fa2eb8d45c99b4407,a52e18a0d57732ff54bd72649177b34e56201516dc7649d007a8d93ec51120a9,e5beec92c9992930f4d6b468db1806ee2f3b9224e13179af7d4e8bb5897148e0,EXACT_LINK,YES,YES,YES,YES,YES,YES,YES,1,EXACT_LINK; exact cell key; no hash or telemetry contradiction
13e47133:o0:d048:flip_ud,13e47133,0,48,flip_ud,AMBIGUOUS,TRUSTWORTHY,/workspace/arc2/active_runs/eval60_v5_vs_greedy_4worker_v1/raw/task_depth/13e47133/d048.parquet,398e5076b371c97c535e973f75742bf173765496d999a24fa2eb8d45c99b4407,a52e18a0d57732ff54bd72649177b34e56201516dc7649d007a8d93ec51120a9,e5beec92c9992930f4d6b468db1806ee2f3b9224e13179af7d4e8bb5897148e0,EXACT_LINK,YES,YES,YES,YES,YES,YES,YES,1,EXACT_LINK; exact cell key; no hash or telemetry contradiction
13e47133:o0:d048:identity,13e47133,0,48,identity,AMBIGUOUS,TRUSTWORTHY,/workspace/arc2/active_runs/eval60_v5_vs_greedy_4worker_v1/raw/task_depth/13e47133/d048.parquet,398e5076b371c97c535e973f75742bf173765496d999a24fa2eb8d45c99b4407,a52e18a0d57732ff54bd72649177b34e56201516dc7649d007a8d93ec51120a9,e5beec92c9992930f4d6b468db1806ee2f3b9224e13179af7d4e8bb5897148e0,EXACT_LINK,YES,YES,YES,YES,YES,YES,YES,1,EXACT_LINK; exact cell key; no hash or telemetry contradiction
13e47133:o0:d048:transpose,13e47133,0,48,transpose,AMBIGUOUS,TRUSTWORTHY,/workspace/arc2/active_runs/eval60_v5_vs_greedy_4worker_v1/raw/task_depth/13e47133/d048.parquet,398e5076b371c97c535e973f75742bf173765496d999a24fa2eb8d45c99b4407,a52e18a0d57732ff54bd72649177b34e56201516dc7649d007a8d93ec51120a9,e5beec92c9992930f4d6b468db1806ee2f3b9224e13179af7d4e8bb5897148e0,EXACT_LINK,YES,YES,YES,YES,YES,YES,YES,1,EXACT_LINK; exact cell key; no hash or telemetry contradiction
13e47133:o1:d012:anti_transpose,13e47133,1,12,anti_transpose,AMBIGUOUS,TRUSTWORTHY,/workspace/arc2/active_runs/eval60_v5_vs_greedy_4worker_v1/raw/task_depth/13e47133/d012.parquet,459aa74abb8ca06e8b0a29d95336c42e80c77394f5a4fe7fca7eb9738976167c,ee8429e0e34eb00ea75fd0519ce39cf732c89e0c747a131a1b4816199c74baff,e5beec92c9992930f4d6b468db1806ee2f3b9224e13179af7d4e8bb5897148e0,EXACT_LINK,YES,YES,YES,YES,YES,YES,YES,1,EXACT_LINK; exact cell key; no hash or telemetry contradiction
13e47133:o1:d012:flip_ud,13e47133,1,12,flip_ud,AMBIGUOUS,TRUSTWORTHY,/workspace/arc2/active_runs/eval60_v5_vs_greedy_4worker_v1/raw/task_depth/13e47133/d012.parquet,459aa74abb8ca06e8b0a29d95336c42e80c77394f5a4fe7fca7eb9738976167c,ee8429e0e34eb00ea75fd0519ce39cf732c89e0c747a131a1b4816199c74baff,e5beec92c9992930f4d6b468db1806ee2f3b9224e13179af7d4e8bb5897148e0,EXACT_LINK,YES,YES,YES,YES,YES,YES,YES,1,EXACT_LINK; exact cell key; no hash or telemetry contradiction
13e47133:o1:d012:identity,13e47133,1,12,identity,AMBIGUOUS,TRUSTWORTHY,/workspace/arc2/active_runs/eval60_v5_vs_greedy_4worker_v1/raw/task_depth/13e47133/d012.parquet,459aa74abb8ca06e8b0a29d95336c42e80c77394f5a4fe7fca7eb9738976167c,ee8429e0e34eb00ea75fd0519ce39cf732c89e0c747a131a1b4816199c74baff,e5beec92c9992930f4d6b468db1806ee2f3b9224e13179af7d4e8bb5897148e0,EXACT_LINK,YES,YES,YES,YES,YES,YES,YES,1,EXACT_LINK; exact cell key; no hash or telemetry contradiction
13e47133:o1:d012:transpose,13e47133,1,12,transpose,AMBIGUOUS,TRUSTWORTHY,/workspace/arc2/active_runs/eval60_v5_vs_greedy_4worker_v1/raw/task_depth/13e47133/d012.parquet,459aa74abb8ca06e8b0a29d95336c42e80c77394f5a4fe7fca7eb9738976167c,ee8429e0e34eb00ea75fd0519ce39cf732c89e0c747a131a1b4816199c74baff,e5beec92c9992930f4d6b468db1806ee2f3b9224e13179af7d4e8bb5897148e0,EXACT_LINK,YES,YES,YES,YES,YES,YES,YES,1,EXACT_LINK; exact cell key; no hash or telemetry contradiction
13e47133:o1:d024:anti_transpose,13e47133,1,24,anti_transpose,AMBIGUOUS,TRUSTWORTHY,/workspace/arc2/active_runs/eval60_v5_vs_greedy_4worker_v1/raw/task_depth/13e47133/d024.parquet,d09a9a073c89b1243068aaa01cdff807de6b8e77c7d30db70f32adf82b6a7faa,e36cce0ed9731be780c48c576be801e7f1faacad868fcb21551b40f5a801eddd,e5beec92c9992930f4d6b468db1806ee2f3b9224e13179af7d4e8bb5897148e0,EXACT_LINK,YES,YES,YES,YES,YES,YES,YES,1,EXACT_LINK; exact cell key; no hash or telemetry contradiction
13e47133:o1:d024:flip_ud,13e47133,1,24,flip_ud,AMBIGUOUS,TRUSTWORTHY,/workspace/arc2/active_runs/eval60_v5_vs_greedy_4worker_v1/raw/task_depth/13e47133/d024.parquet,d09a9a073c89b1243068aaa01cdff807de6b8e77c7d30db70f32adf82b6a7faa,e36cce0ed9731be780c48c576be801e7f1faacad868fcb21551b40f5a801eddd,e5beec92c9992930f4d6b468db1806ee2f3b9224e13179af7d4e8bb5897148e0,EXACT_LINK,YES,YES,YES,YES,YES,YES,YES,1,EXACT_LINK; exact cell key; no hash or telemetry contradiction
13e47133:o1:d024:identity,13e47133,1,24,identity,AMBIGUOUS,TRUSTWORTHY,/workspace/arc2/active_runs/eval60_v5_vs_greedy_4worker_v1/raw/task_depth/13e47133/d024.parquet,d09a9a073c89b1243068aaa01cdff807de6b8e77c7d30db70f32adf82b6a7faa,e36cce0ed9731be780c48c576be801e7f1faacad868fcb21551b40f5a801eddd,e5beec92c9992930f4d6b468db1806ee2f3b9224e13179af7d4e8bb5897148e0,EXACT_LINK,YES,YES,YES,YES,YES,YES,YES,1,EXACT_LINK; exact cell key; no hash or telemetry contradiction
13e47133:o1:d024:transpose,13e47133,1,24,transpose,AMBIGUOUS,TRUSTWORTHY,/workspace/arc2/active_runs/eval60_v5_vs_greedy_4worker_v1/raw/task_depth/13e47133/d024.parquet,d09a9a073c89b1243068aaa01cdff807de6b8e77c7d30db70f32adf82b6a7faa,e36cce0ed9731be780c48c576be801e7f1faacad868fcb21551b40f5a801eddd,e5beec92c9992930f4d6b468db1806ee2f3b9224e13179af7d4e8bb5897148e0,EXACT_LINK,YES,YES,YES,YES,YES,YES,YES,1,EXACT_LINK; exact cell key; no hash or telemetry contradiction
13e47133:o1:d048:anti_transpose,13e47133,1,48,anti_transpose,AMBIGUOUS,TRUSTWORTHY,/workspace/arc2/active_runs/eval60_v5_vs_greedy_4worker_v1/raw/task_depth/13e47133/d048.parquet,398e5076b371c97c535e973f75742bf173765496d999a24fa2eb8d45c99b4407,a52e18a0d57732ff54bd72649177b34e56201516dc7649d007a8d93ec51120a9,e5beec92c9992930f4d6b468db1806ee2f3b9224e13179af7d4e8bb5897148e0,EXACT_LINK,YES,YES,YES,YES,YES,YES,YES,1,EXACT_LINK; exact cell key; no hash or telemetry contradiction
13e47133:o1:d048:flip_ud,13e47133,1,48,flip_ud,AMBIGUOUS,TRUSTWORTHY,/workspace/arc2/active_runs/eval60_v5_vs_greedy_4worker_v1/raw/task_depth/13e47133/d048.parquet,398e5076b371c97c535e973f75742bf173765496d999a24fa2eb8d45c99b4407,a52e18a0d57732ff54bd72649177b34e56201516dc7649d007a8d93ec51120a9,e5beec92c9992930f4d6b468db1806ee2f3b9224e13179af7d4e8bb5897148e0,EXACT_LINK,YES,YES,YES,YES,YES,YES,YES,1,EXACT_LINK; exact cell key; no hash or telemetry contradiction
13e47133:o1:d048:identity,13e47133,1,48,identity,AMBIGUOUS,TRUSTWORTHY,/workspace/arc2/active_runs/eval60_v5_vs_greedy_4worker_v1/raw/task_depth/13e47133/d048.parquet,398e5076b371c97c535e973f75742bf173765496d999a24fa2eb8d45c99b4407,a52e18a0d57732ff54bd72649177b34e56201516dc7649d007a8d93ec51120a9,e5beec92c9992930f4d6b468db1806ee2f3b9224e13179af7d4e8bb5897148e0,EXACT_LINK,YES,YES,YES,YES,YES,YES,YES,1,EXACT_LINK; exact cell key; no hash or telemetry contradiction
13e47133:o1:d048:transpose,13e47133,1,48,transpose,AMBIGUOUS,TRUSTWORTHY,/workspace/arc2/active_runs/eval60_v5_vs_greedy_4worker_v1/raw/task_depth/13e47133/d048.parquet,398e5076b371c97c535e973f75742bf173765496d999a24fa2eb8d45c99b4407,a52e18a0d57732ff54bd72649177b34e56201516dc7649d007a8d93ec51120a9,e5beec92c9992930f4d6b468db1806ee2f3b9224e13179af7d4e8bb5897148e0,EXACT_LINK,YES,YES,YES,YES,YES,YES,YES,1,EXACT_LINK; exact cell key; no hash or telemetry contradiction
142ca369:o0:d012:anti_transpose,142ca369,0,12,anti_transpose,AMBIGUOUS,TRUSTWORTHY,/workspace/arc2/active_runs/eval60_v5_vs_greedy_4worker_v1/raw/task_depth/142ca369/d012.parquet,f0a2c081f15f5b65cf40f5fefa81b967357cb6db63aca10dc23e699b689f11f7,948324b048fca2ef569dc86198242b5ef9f41dcf96d3058384afb30417fa6113,e5beec92c9992930f4d6b468db1806ee2f3b9224e13179af7d4e8bb5897148e0,EXACT_LINK,YES,YES,YES,YES,YES,YES,YES,1,EXACT_LINK; exact cell key; no hash or telemetry contradiction
142ca369:o0:d012:flip_ud,142ca369,0,12,flip_ud,AMBIGUOUS,TRUSTWORTHY,/workspace/arc2/active_runs/eval60_v5_vs_greedy_4worker_v1/raw/task_depth/142ca369/d012.parquet,f0a2c081f15f5b65cf40f5fefa81b967357cb6db63aca10dc23e699b689f11f7,948324b048fca2ef569dc86198242b5ef9f41dcf96d3058384afb30417fa6113,e5beec92c9992930f4d6b468db1806ee2f3b9224e13179af7d4e8bb5897148e0,EXACT_LINK,YES,YES,YES,YES,YES,YES,YES,1,EXACT_LINK; exact cell key; no hash or telemetry contradiction
142ca369:o0:d012:identity,142ca369,0,12,identity,AMBIGUOUS,TRUSTWORTHY,/workspace/arc2/active_runs/eval60_v5_vs_greedy_4worker_v1/raw/task_depth/142ca369/d012.parquet,f0a2c081f15f5b65cf40f5fefa81b967357cb6db63aca10dc23e699b689f11f7,948324b048fca2ef569dc86198242b5ef9f41dcf96d3058384afb30417fa6113,e5beec92c9992930f4d6b468db1806ee2f3b9224e13179af7d4e8bb5897148e0,EXACT_LINK,YES,YES,YES,YES,YES,YES,YES,1,EXACT_LINK; exact cell key; no hash or telemetry contradiction
142ca369:o0:d012:transpose,142ca369,0,12,transpose,AMBIGUOUS,TRUSTWORTHY,/workspace/arc2/active_runs/eval60_v5_vs_greedy_4worker_v1/raw/task_depth/142ca369/d012.parquet,f0a2c081f15f5b65cf40f5fefa81b967357cb6db63aca10dc23e699b689f11f7,948324b048fca2ef569dc86198242b5ef9f41dcf96d3058384afb30417fa6113,e5beec92c9992930f4d6b468db1806ee2f3b9224e13179af7d4e8bb5897148e0,EXACT_LINK,YES,YES,YES,YES,YES,YES,YES,1,EXACT_LINK; exact cell key; no hash or telemetry contradiction
142ca369:o0:d024:anti_transpose,142ca369,0,24,anti_transpose,AMBIGUOUS,TRUSTWORTHY,/workspace/arc2/active_runs/eval60_v5_vs_greedy_4worker_v1/raw/task_depth/142ca369/d024.parquet,1ccd13c6020d6195ca6b36f28ba585a06174c83ea1632a7ee2741c87cb460973,feb8534fc366d7c880e4b4d7bcd26caa6af3989c1588e20a7987e629524b7544,e5beec92c9992930f4d6b468db1806ee2f3b9224e13179af7d4e8bb5897148e0,EXACT_LINK,YES,YES,YES,YES,YES,YES,YES,1,EXACT_LINK; exact cell key; no hash or telemetry contradiction
142ca369:o0:d024:flip_ud,142ca369,0,24,flip_ud,AMBIGUOUS,TRUSTWORTHY,/workspace/arc2/active_runs/eval60_v5_vs_greedy_4worker_v1/raw/task_depth/142ca369/d024.parquet,1ccd13c6020d6195ca6b36f28ba585a06174c83ea1632a7ee2741c87cb460973,feb8534fc366d7c880e4b4d7bcd26caa6af3989c1588e20a7987e629524b7544,e5beec92c9992930f4d6b468db1806ee2f3b9224e13179af7d4e8bb5897148e0,EXACT_LINK,YES,YES,YES,YES,YES,YES,YES,1,EXACT_LINK; exact cell key; no hash or telemetry contradiction
142ca369:o0:d024:identity,142ca369,0,24,identity,AMBIGUOUS,TRUSTWORTHY,/workspace/arc2/active_runs/eval60_v5_vs_greedy_4worker_v1/raw/task_depth/142ca369/d024.parquet,1ccd13c6020d6195ca6b36f28ba585a06174c83ea1632a7ee2741c87cb460973,feb8534fc366d7c880e4b4d7bcd26caa6af3989c1588e20a7987e629524b7544,e5beec92c9992930f4d6b468db1806ee2f3b9224e13179af7d4e8bb5897148e0,EXACT_LINK,YES,YES,YES,YES,YES,YES,YES,1,EXACT_LINK; exact cell key; no hash or telemetry contradiction
142ca369:o0:d024:transpose,142ca369,0,24,transpose,AMBIGUOUS,TRUSTWORTHY,/workspace/arc2/active_runs/eval60_v5_vs_greedy_4worker_v1/raw/task_depth/142ca369/d024.parquet,1ccd13c6020d6195ca6b36f28ba585a06174c83ea1632a7ee2741c87cb460973,feb8534fc366d7c880e4b4d7bcd26caa6af3989c1588e20a7987e629524b7544,e5beec92c9992930f4d6b468db1806ee2f3b9224e13179af7d4e8bb5897148e0,EXACT_LINK,YES,YES,YES,YES,YES,YES,YES,1,EXACT_LINK; exact cell key; no hash or telemetry contradiction
142ca369:o0:d048:anti_transpose,142ca369,0,48,anti_transpose,AMBIGUOUS,TRUSTWORTHY,/workspace/arc2/active_runs/eval60_v5_vs_greedy_4worker_v1/raw/task_depth/142ca369/d048.parquet,114a45ed388051244e378263fcc433be2cd3614d339a0d73f97c832f5fd2ce28,9f676a525440e6b2a4ddb1d1efa97e4a270873925f58dc5dd99a2c65dc37bdeb,e5beec92c9992930f4d6b468db1806ee2f3b9224e13179af7d4e8bb5897148e0,EXACT_LINK,YES,YES,YES,YES,YES,YES,YES,1,EXACT_LINK; exact cell key; no hash or telemetry contradiction
142ca369:o0:d048:flip_ud,142ca369,0,48,flip_ud,AMBIGUOUS,TRUSTWORTHY,/workspace/arc2/active_runs/eval60_v5_vs_greedy_4worker_v1/raw/task_depth/142ca369/d048.parquet,114a45ed388051244e378263fcc433be2cd3614d339a0d73f97c832f5fd2ce28,9f676a525440e6b2a4ddb1d1efa97e4a270873925f58dc5dd99a2c65dc37bdeb,e5beec92c9992930f4d6b468db1806ee2f3b9224e13179af7d4e8bb5897148e0,EXACT_LINK,YES,YES,YES,YES,YES,YES,YES,1,EXACT_LINK; exact cell key; no hash or telemetry contradiction
142ca369:o0:d048:identity,142ca369,0,48,identity,AMBIGUOUS,TRUSTWORTHY,/workspace/arc2/active_runs/eval60_v5_vs_greedy_4worker_v1/raw/task_depth/142ca369/d048.parquet,114a45ed388051244e378263fcc433be2cd3614d339a0d73f97c832f5fd2ce28,9f676a525440e6b2a4ddb1d1efa97e4a270873925f58dc5dd99a2c65dc37bdeb,e5beec92c9992930f4d6b468db1806ee2f3b9224e13179af7d4e8bb5897148e0,EXACT_LINK,YES,YES,YES,YES,YES,YES,YES,1,EXACT_LINK; exact cell key; no hash or telemetry contradiction
142ca369:o0:d048:transpose,142ca369,0,48,transpose,AMBIGUOUS,TRUSTWORTHY,/workspace/arc2/active_runs/eval60_v5_vs_greedy_4worker_v1/raw/task_depth/142ca369/d048.parquet,114a45ed388051244e378263fcc433be2cd3614d339a0d73f97c832f5fd2ce28,9f676a525440e6b2a4ddb1d1efa97e4a270873925f58dc5dd99a2c65dc37bdeb,e5beec92c9992930f4d6b468db1806ee2f3b9224e13179af7d4e8bb5897148e0,EXACT_LINK,YES,YES,YES,YES,YES,YES,YES,1,EXACT_LINK; exact cell key; no hash or telemetry contradiction
142ca369:o1:d012:anti_transpose,142ca369,1,12,anti_transpose,AMBIGUOUS,TRUSTWORTHY,/workspace/arc2/active_runs/eval60_v5_vs_greedy_4worker_v1/raw/task_depth/142ca369/d012.parquet,f0a2c081f15f5b65cf40f5fefa81b967357cb6db63aca10dc23e699b689f11f7,948324b048fca2ef569dc86198242b5ef9f41dcf96d3058384afb30417fa6113,e5beec92c9992930f4d6b468db1806ee2f3b9224e13179af7d4e8bb5897148e0,EXACT_LINK,YES,YES,YES,YES,YES,YES,YES,1,EXACT_LINK; exact cell key; no hash or telemetry contradiction
142ca369:o1:d012:flip_ud,142ca369,1,12,flip_ud,AMBIGUOUS,TRUSTWORTHY,/workspace/arc2/active_runs/eval60_v5_vs_greedy_4worker_v1/raw/task_depth/142ca369/d012.parquet,f0a2c081f15f5b65cf40f5fefa81b967357cb6db63aca10dc23e699b689f11f7,948324b048fca2ef569dc86198242b5ef9f41dcf96d3058384afb30417fa6113,e5beec92c9992930f4d6b468db1806ee2f3b9224e13179af7d4e8bb5897148e0,EXACT_LINK,YES,YES,YES,YES,YES,YES,YES,1,EXACT_LINK; exact cell key; no hash or telemetry contradiction
142ca369:o1:d012:identity,142ca369,1,12,identity,AMBIGUOUS,TRUSTWORTHY,/workspace/arc2/active_runs/eval60_v5_vs_greedy_4worker_v1/raw/task_depth/142ca369/d012.parquet,f0a2c081f15f5b65cf40f5fefa81b967357cb6db63aca10dc23e699b689f11f7,948324b048fca2ef569dc86198242b5ef9f41dcf96d3058384afb30417fa6113,e5beec92c9992930f4d6b468db1806ee2f3b9224e13179af7d4e8bb5897148e0,EXACT_LINK,YES,YES,YES,YES,YES,YES,YES,1,EXACT_LINK; exact cell key; no hash or telemetry contradiction
142ca369:o1:d012:transpose,142ca369,1,12,transpose,AMBIGUOUS,TRUSTWORTHY,/workspace/arc2/active_runs/eval60_v5_vs_greedy_4worker_v1/raw/task_depth/142ca369/d012.parquet,f0a2c081f15f5b65cf40f5fefa81b967357cb6db63aca10dc23e699b689f11f7,948324b048fca2ef569dc86198242b5ef9f41dcf96d3058384afb30417fa6113,e5beec92c9992930f4d6b468db1806ee2f3b9224e13179af7d4e8bb5897148e0,EXACT_LINK,YES,YES,YES,YES,YES,YES,YES,1,EXACT_LINK; exact cell key; no hash or telemetry contradiction
142ca369:o1:d024:anti_transpose,142ca369,1,24,anti_transpose,AMBIGUOUS,TRUSTWORTHY,/workspace/arc2/active_runs/eval60_v5_vs_greedy_4worker_v1/raw/task_depth/142ca369/d024.parquet,1ccd13c6020d6195ca6b36f28ba585a06174c83ea1632a7ee2741c87cb460973,feb8534fc366d7c880e4b4d7bcd26caa6af3989c1588e20a7987e629524b7544,e5beec92c9992930f4d6b468db1806ee2f3b9224e13179af7d4e8bb5897148e0,EXACT_LINK,YES,YES,YES,YES,YES,YES,YES,1,EXACT_LINK; exact cell key; no hash or telemetry contradiction
142ca369:o1:d024:flip_ud,142ca369,1,24,flip_ud,AMBIGUOUS,TRUSTWORTHY,/workspace/arc2/active_runs/eval60_v5_vs_greedy_4worker_v1/raw/task_depth/142ca369/d024.parquet,1ccd13c6020d6195ca6b36f28ba585a06174c83ea1632a7ee2741c87cb460973,feb8534fc366d7c880e4b4d7bcd26caa6af3989c1588e20a7987e629524b7544,e5beec92c9992930f4d6b468db1806ee2f3b9224e13179af7d4e8bb5897148e0,EXACT_LINK,YES,YES,YES,YES,YES,YES,YES,1,EXACT_LINK; exact cell key; no hash or telemetry contradiction
142ca369:o1:d024:identity,142ca369,1,24,identity,AMBIGUOUS,TRUSTWORTHY,/workspace/arc2/active_runs/eval60_v5_vs_greedy_4worker_v1/raw/task_depth/142ca369/d024.parquet,1ccd13c6020d6195ca6b36f28ba585a06174c83ea1632a7ee2741c87cb460973,feb8534fc366d7c880e4b4d7bcd26caa6af3989c1588e20a7987e629524b7544,e5beec92c9992930f4d6b468db1806ee2f3b9224e13179af7d4e8bb5897148e0,EXACT_LINK,YES,YES,YES,YES,YES,YES,YES,1,EXACT_LINK; exact cell key; no hash or telemetry contradiction
142ca369:o1:d024:transpose,142ca369,1,24,transpose,AMBIGUOUS,TRUSTWORTHY,/workspace/arc2/active_runs/eval60_v5_vs_greedy_4worker_v1/raw/task_depth/142ca369/d024.parquet,1ccd13c6020d6195ca6b36f28ba585a06174c83ea1632a7ee2741c87cb460973,feb8534fc366d7c880e4b4d7bcd26caa6af3989c1588e20a7987e629524b7544,e5beec92c9992930f4d6b468db1806ee2f3b9224e13179af7d4e8bb5897148e0,EXACT_LINK,YES,YES,YES,YES,YES,YES,YES,1,EXACT_LINK; exact cell key; no hash or telemetry contradiction
142ca369:o1:d048:anti_transpose,142ca369,1,48,anti_transpose,AMBIGUOUS,TRUSTWORTHY,/workspace/arc2/active_runs/eval60_v5_vs_greedy_4worker_v1/raw/task_depth/142ca369/d048.parquet,114a45ed388051244e378263fcc433be2cd3614d339a0d73f97c832f5fd2ce28,9f676a525440e6b2a4ddb1d1efa97e4a270873925f58dc5dd99a2c65dc37bdeb,e5beec92c9992930f4d6b468db1806ee2f3b9224e13179af7d4e8bb5897148e0,EXACT_LINK,YES,YES,YES,YES,YES,YES,YES,1,EXACT_LINK; exact cell key; no hash or telemetry contradiction
142ca369:o1:d048:flip_ud,142ca369,1,48,flip_ud,AMBIGUOUS,TRUSTWORTHY,/workspace/arc2/active_runs/eval60_v5_vs_greedy_4worker_v1/raw/task_depth/142ca369/d048.parquet,114a45ed388051244e378263fcc433be2cd3614d339a0d73f97c832f5fd2ce28,9f676a525440e6b2a4ddb1d1efa97e4a270873925f58dc5dd99a2c65dc37bdeb,e5beec92c9992930f4d6b468db1806ee2f3b9224e13179af7d4e8bb5897148e0,EXACT_LINK,YES,YES,YES,YES,YES,YES,YES,1,EXACT_LINK; exact cell key; no hash or telemetry contradiction
142ca369:o1:d048:identity,142ca369,1,48,identity,AMBIGUOUS,TRUSTWORTHY,/workspace/arc2/active_runs/eval60_v5_vs_greedy_4worker_v1/raw/task_depth/142ca369/d048.parquet,114a45ed388051244e378263fcc433be2cd3614d339a0d73f97c832f5fd2ce28,9f676a525440e6b2a4ddb1d1efa97e4a270873925f58dc5dd99a2c65dc37bdeb,e5beec92c9992930f4d6b468db1806ee2f3b9224e13179af7d4e8bb5897148e0,EXACT_LINK,YES,YES,YES,YES,YES,YES,YES,1,EXACT_LINK; exact cell key; no hash or telemetry contradiction
142ca369:o1:d048:transpose,142ca369,1,48,transpose,AMBIGUOUS,TRUSTWORTHY,/workspace/arc2/active_runs/eval60_v5_vs_greedy_4worker_v1/raw/task_depth/142ca369/d048.parquet,114a45ed388051244e378263fcc433be2cd3614d339a0d73f97c832f5fd2ce28,9f676a525440e6b2a4ddb1d1efa97e4a270873925f58dc5dd99a2c65dc37bdeb,e5beec92c9992930f4d6b468db1806ee2f3b9224e13179af7d4e8bb5897148e0,EXACT_LINK,YES,YES,YES,YES,YES,YES,YES,1,EXACT_LINK; exact cell key; no hash or telemetry contradiction
16b78196:o0:d012:anti_transpose,16b78196,0,12,anti_transpose,AMBIGUOUS,TRUSTWORTHY,/workspace/arc2/active_runs/eval60_v5_vs_greedy_4worker_v1/raw/task_depth/16b78196/d012.parquet,9e8b2fcd083987b9cbe1b8ecc461ef72bae5e25b3cd8fb841ae1d5f6c3ad0d9e,2732da5758b19390d851871795ee91388a4593f7ff917693e56f3103f612095b,e5beec92c9992930f4d6b468db1806ee2f3b9224e13179af7d4e8bb5897148e0,EXACT_LINK,YES,YES,YES,YES,YES,YES,YES,1,EXACT_LINK; exact cell key; no hash or telemetry contradiction
16b78196:o0:d012:flip_ud,16b78196,0,12,flip_ud,AMBIGUOUS,TRUSTWORTHY,/workspace/arc2/active_runs/eval60_v5_vs_greedy_4worker_v1/raw/task_depth/16b78196/d012.parquet,9e8b2fcd083987b9cbe1b8ecc461ef72bae5e25b3cd8fb841ae1d5f6c3ad0d9e,2732da5758b19390d851871795ee91388a4593f7ff917693e56f3103f612095b,e5beec92c9992930f4d6b468db1806ee2f3b9224e13179af7d4e8bb5897148e0,EXACT_LINK,YES,YES,YES,YES,YES,YES,YES,1,EXACT_LINK; exact cell key; no hash or telemetry contradiction
16b78196:o0:d012:identity,16b78196,0,12,identity,AMBIGUOUS,TRUSTWORTHY,/workspace/arc2/active_runs/eval60_v5_vs_greedy_4worker_v1/raw/task_depth/16b78196/d012.parquet,9e8b2fcd083987b9cbe1b8ecc461ef72bae5e25b3cd8fb841ae1d5f6c3ad0d9e,2732da5758b19390d851871795ee91388a4593f7ff917693e56f3103f612095b,e5beec92c9992930f4d6b468db1806ee2f3b9224e13179af7d4e8bb5897148e0,EXACT_LINK,YES,YES,YES,YES,YES,YES,YES,1,EXACT_LINK; exact cell key; no hash or telemetry contradiction
16b78196:o0:d012:transpose,16b78196,0,12,transpose,AMBIGUOUS,TRUSTWORTHY,/workspace/arc2/active_runs/eval60_v5_vs_greedy_4worker_v1/raw/task_depth/16b78196/d012.parquet,9e8b2fcd083987b9cbe1b8ecc461ef72bae5e25b3cd8fb841ae1d5f6c3ad0d9e,2732da5758b19390d851871795ee91388a4593f7ff917693e56f3103f612095b,e5beec92c9992930f4d6b468db1806ee2f3b9224e13179af7d4e8bb5897148e0,EXACT_LINK,YES,YES,YES,YES,YES,YES,YES,1,EXACT_LINK; exact cell key; no hash or telemetry contradiction
16b78196:o0:d024:anti_transpose,16b78196,0,24,anti_transpose,AMBIGUOUS,TRUSTWORTHY,/workspace/arc2/active_runs/eval60_v5_vs_greedy_4worker_v1/raw/task_depth/16b78196/d024.parquet,d70901a9c30022260cb64b28afa5f4a06bbd7c5f11765296d129ca2d4d5c9a28,b060191a5c122f04b72aa05ce25e70937ed9b26ca782353ba6d97e2fa5d8cc06,e5beec92c9992930f4d6b468db1806ee2f3b9224e13179af7d4e8bb5897148e0,EXACT_LINK,YES,YES,YES,YES,YES,YES,YES,1,EXACT_LINK; exact cell key; no hash or telemetry contradiction
16b78196:o0:d024:flip_ud,16b78196,0,24,flip_ud,AMBIGUOUS,TRUSTWORTHY,/workspace/arc2/active_runs/eval60_v5_vs_greedy_4worker_v1/raw/task_depth/16b78196/d024.parquet,d70901a9c30022260cb64b28afa5f4a06bbd7c5f11765296d129ca2d4d5c9a28,b060191a5c122f04b72aa05ce25e70937ed9b26ca782353ba6d97e2fa5d8cc06,e5beec92c9992930f4d6b468db1806ee2f3b9224e13179af7d4e8bb5897148e0,EXACT_LINK,YES,YES,YES,YES,YES,YES,YES,1,EXACT_LINK; exact cell key; no hash or telemetry contradiction
16b78196:o0:d024:identity,16b78196,0,24,identity,AMBIGUOUS,TRUSTWORTHY,/workspace/arc2/active_runs/eval60_v5_vs_greedy_4worker_v1/raw/task_depth/16b78196/d024.parquet,d70901a9c30022260cb64b28afa5f4a06bbd7c5f11765296d129ca2d4d5c9a28,b060191a5c122f04b72aa05ce25e70937ed9b26ca782353ba6d97e2fa5d8cc06,e5beec92c9992930f4d6b468db1806ee2f3b9224e13179af7d4e8bb5897148e0,EXACT_LINK,YES,YES,YES,YES,YES,YES,YES,1,EXACT_LINK; exact cell key; no hash or telemetry contradiction
16b78196:o0:d024:transpose,16b78196,0,24,transpose,AMBIGUOUS,TRUSTWORTHY,/workspace/arc2/active_runs/eval60_v5_vs_greedy_4worker_v1/raw/task_depth/16b78196/d024.parquet,d70901a9c30022260cb64b28afa5f4a06bbd7c5f11765296d129ca2d4d5c9a28,b060191a5c122f04b72aa05ce25e70937ed9b26ca782353ba6d97e2fa5d8cc06,e5beec92c9992930f4d6b468db1806ee2f3b9224e13179af7d4e8bb5897148e0,EXACT_LINK,YES,YES,YES,YES,YES,YES,YES,1,EXACT_LINK; exact cell key; no hash or telemetry contradiction
16b78196:o0:d048:anti_transpose,16b78196,0,48,anti_transpose,AMBIGUOUS,TRUSTWORTHY,/workspace/arc2/active_runs/eval60_v5_vs_greedy_4worker_v1/raw/task_depth/16b78196/d048.parquet,03b9a122ed0b25f12f710b24e031d7d9316fd20846ef1d1a1d0d48d5c83784e7,2f860718125d73beda30a430eef286ca3bb525b214f2bbfe064041db23009e4a,e5beec92c9992930f4d6b468db1806ee2f3b9224e13179af7d4e8bb5897148e0,EXACT_LINK,YES,YES,YES,YES,YES,YES,YES,1,EXACT_LINK; exact cell key; no hash or telemetry contradiction
16b78196:o0:d048:flip_ud,16b78196,0,48,flip_ud,AMBIGUOUS,TRUSTWORTHY,/workspace/arc2/active_runs/eval60_v5_vs_greedy_4worker_v1/raw/task_depth/16b78196/d048.parquet,03b9a122ed0b25f12f710b24e031d7d9316fd20846ef1d1a1d0d48d5c83784e7,2f860718125d73beda30a430eef286ca3bb525b214f2bbfe064041db23009e4a,e5beec92c9992930f4d6b468db1806ee2f3b9224e13179af7d4e8bb5897148e0,EXACT_LINK,YES,YES,YES,YES,YES,YES,YES,1,EXACT_LINK; exact cell key; no hash or telemetry contradiction
16b78196:o0:d048:identity,16b78196,0,48,identity,AMBIGUOUS,TRUSTWORTHY,/workspace/arc2/active_runs/eval60_v5_vs_greedy_4worker_v1/raw/task_depth/16b78196/d048.parquet,03b9a122ed0b25f12f710b24e031d7d9316fd20846ef1d1a1d0d48d5c83784e7,2f860718125d73beda30a430eef286ca3bb525b214f2bbfe064041db23009e4a,e5beec92c9992930f4d6b468db1806ee2f3b9224e13179af7d4e8bb5897148e0,EXACT_LINK,YES,YES,YES,YES,YES,YES,YES,1,EXACT_LINK; exact cell key; no hash or telemetry contradiction
16b78196:o0:d048:transpose,16b78196,0,48,transpose,AMBIGUOUS,TRUSTWORTHY,/workspace/arc2/active_runs/eval60_v5_vs_greedy_4worker_v1/raw/task_depth/16b78196/d048.parquet,03b9a122ed0b25f12f710b24e031d7d9316fd20846ef1d1a1d0d48d5c83784e7,2f860718125d73beda30a430eef286ca3bb525b214f2bbfe064041db23009e4a,e5beec92c9992930f4d6b468db1806ee2f3b9224e13179af7d4e8bb5897148e0,EXACT_LINK,YES,YES,YES,YES,YES,YES,YES,1,EXACT_LINK; exact cell key; no hash or telemetry contradiction
16de56c4:o0:d012:anti_transpose,16de56c4,0,12,anti_transpose,AMBIGUOUS,TRUSTWORTHY,/workspace/arc2/active_runs/eval60_v5_vs_greedy_4worker_v1/raw/task_depth/16de56c4/d012.parquet,57a9fe0d5b2a1271b00be33ddb53b20d43889be44083130fe1b3c17b9f605309,0672adc5dee92b469ce425bd0ec3e2492f3292cf83f69f98cbcc7e5c37ab6234,e5beec92c9992930f4d6b468db1806ee2f3b9224e13179af7d4e8bb5897148e0,EXACT_LINK,YES,YES,YES,YES,YES,YES,YES,1,EXACT_LINK; exact cell key; no hash or telemetry contradiction
16de56c4:o0:d012:flip_ud,16de56c4,0,12,flip_ud,AMBIGUOUS,TRUSTWORTHY,/workspace/arc2/active_runs/eval60_v5_vs_greedy_4worker_v1/raw/task_depth/16de56c4/d012.parquet,57a9fe0d5b2a1271b00be33ddb53b20d43889be44083130fe1b3c17b9f605309,0672adc5dee92b469ce425bd0ec3e2492f3292cf83f69f98cbcc7e5c37ab6234,e5beec92c9992930f4d6b468db1806ee2f3b9224e13179af7d4e8bb5897148e0,EXACT_LINK,YES,YES,YES,YES,YES,YES,YES,1,EXACT_LINK; exact cell key; no hash or telemetry contradiction
16de56c4:o0:d012:identity,16de56c4,0,12,identity,AMBIGUOUS,TRUSTWORTHY,/workspace/arc2/active_runs/eval60_v5_vs_greedy_4worker_v1/raw/task_depth/16de56c4/d012.parquet,57a9fe0d5b2a1271b00be33ddb53b20d43889be44083130fe1b3c17b9f605309,0672adc5dee92b469ce425bd0ec3e2492f3292cf83f69f98cbcc7e5c37ab6234,e5beec92c9992930f4d6b468db1806ee2f3b9224e13179af7d4e8bb5897148e0,EXACT_LINK,YES,YES,YES,YES,YES,YES,YES,1,EXACT_LINK; exact cell key; no hash or telemetry contradiction
16de56c4:o0:d012:transpose,16de56c4,0,12,transpose,AMBIGUOUS,TRUSTWORTHY,/workspace/arc2/active_runs/eval60_v5_vs_greedy_4worker_v1/raw/task_depth/16de56c4/d012.parquet,57a9fe0d5b2a1271b00be33ddb53b20d43889be44083130fe1b3c17b9f605309,0672adc5dee92b469ce425bd0ec3e2492f3292cf83f69f98cbcc7e5c37ab6234,e5beec92c9992930f4d6b468db1806ee2f3b9224e13179af7d4e8bb5897148e0,EXACT_LINK,YES,YES,YES,YES,YES,YES,YES,1,EXACT_LINK; exact cell key; no hash or telemetry contradiction
16de56c4:o0:d024:anti_transpose,16de56c4,0,24,anti_transpose,AMBIGUOUS,TRUSTWORTHY,/workspace/arc2/active_runs/eval60_v5_vs_greedy_4worker_v1/raw/task_depth/16de56c4/d024.parquet,35a3b0a8ade4ff6980892f0a04974181a9adcb0d45ee4164b6429e99823f37ae,ba9d832f85970b1b05037941199701905066b0193595a358ea4b4e9943c1c6c0,e5beec92c9992930f4d6b468db1806ee2f3b9224e13179af7d4e8bb5897148e0,EXACT_LINK,YES,YES,YES,YES,YES,YES,YES,1,EXACT_LINK; exact cell key; no hash or telemetry contradiction
16de56c4:o0:d024:flip_ud,16de56c4,0,24,flip_ud,AMBIGUOUS,TRUSTWORTHY,/workspace/arc2/active_runs/eval60_v5_vs_greedy_4worker_v1/raw/task_depth/16de56c4/d024.parquet,35a3b0a8ade4ff6980892f0a04974181a9adcb0d45ee4164b6429e99823f37ae,ba9d832f85970b1b05037941199701905066b0193595a358ea4b4e9943c1c6c0,e5beec92c9992930f4d6b468db1806ee2f3b9224e13179af7d4e8bb5897148e0,EXACT_LINK,YES,YES,YES,YES,YES,YES,YES,1,EXACT_LINK; exact cell key; no hash or telemetry contradiction
16de56c4:o0:d024:identity,16de56c4,0,24,identity,AMBIGUOUS,TRUSTWORTHY,/workspace/arc2/active_runs/eval60_v5_vs_greedy_4worker_v1/raw/task_depth/16de56c4/d024.parquet,35a3b0a8ade4ff6980892f0a04974181a9adcb0d45ee4164b6429e99823f37ae,ba9d832f85970b1b05037941199701905066b0193595a358ea4b4e9943c1c6c0,e5beec92c9992930f4d6b468db1806ee2f3b9224e13179af7d4e8bb5897148e0,EXACT_LINK,YES,YES,YES,YES,YES,YES,YES,1,EXACT_LINK; exact cell key; no hash or telemetry contradiction
16de56c4:o0:d024:transpose,16de56c4,0,24,transpose,AMBIGUOUS,TRUSTWORTHY,/workspace/arc2/active_runs/eval60_v5_vs_greedy_4worker_v1/raw/task_depth/16de56c4/d024.parquet,35a3b0a8ade4ff6980892f0a04974181a9adcb0d45ee4164b6429e99823f37ae,ba9d832f85970b1b05037941199701905066b0193595a358ea4b4e9943c1c6c0,e5beec92c9992930f4d6b468db1806ee2f3b9224e13179af7d4e8bb5897148e0,EXACT_LINK,YES,YES,YES,YES,YES,YES,YES,1,EXACT_LINK; exact cell key; no hash or telemetry contradiction
16de56c4:o0:d048:anti_transpose,16de56c4,0,48,anti_transpose,AMBIGUOUS,TRUSTWORTHY,/workspace/arc2/active_runs/eval60_v5_vs_greedy_4worker_v1/raw/task_depth/16de56c4/d048.parquet,08084082adeaf859725a0c92f9c5f49ceb627fe37a2eb960768fff4f1576a5dd,d52ace97298f7264dd2a2b7110f19c1866f9fee6fef1522b340fdd6b3c91d98c,e5beec92c9992930f4d6b468db1806ee2f3b9224e13179af7d4e8bb5897148e0,EXACT_LINK,YES,YES,YES,YES,YES,YES,YES,1,EXACT_LINK; exact cell key; no hash or telemetry contradiction
16de56c4:o0:d048:flip_ud,16de56c4,0,48,flip_ud,AMBIGUOUS,TRUSTWORTHY,/workspace/arc2/active_runs/eval60_v5_vs_greedy_4worker_v1/raw/task_depth/16de56c4/d048.parquet,08084082adeaf859725a0c92f9c5f49ceb627fe37a2eb960768fff4f1576a5dd,d52ace97298f7264dd2a2b7110f19c1866f9fee6fef1522b340fdd6b3c91d98c,e5beec92c9992930f4d6b468db1806ee2f3b9224e13179af7d4e8bb5897148e0,EXACT_LINK,YES,YES,YES,YES,YES,YES,YES,1,EXACT_LINK; exact cell key; no hash or telemetry contradiction
16de56c4:o0:d048:identity,16de56c4,0,48,identity,AMBIGUOUS,TRUSTWORTHY,/workspace/arc2/active_runs/eval60_v5_vs_greedy_4worker_v1/raw/task_depth/16de56c4/d048.parquet,08084082adeaf859725a0c92f9c5f49ceb627fe37a2eb960768fff4f1576a5dd,d52ace97298f7264dd2a2b7110f19c1866f9fee6fef1522b340fdd6b3c91d98c,e5beec92c9992930f4d6b468db1806ee2f3b9224e13179af7d4e8bb5897148e0,EXACT_LINK,YES,YES,YES,YES,YES,YES,YES,1,EXACT_LINK; exact cell key; no hash or telemetry contradiction
16de56c4:o0:d048:transpose,16de56c4,0,48,transpose,AMBIGUOUS,TRUSTWORTHY,/workspace/arc2/active_runs/eval60_v5_vs_greedy_4worker_v1/raw/task_depth/16de56c4/d048.parquet,08084082adeaf859725a0c92f9c5f49ceb627fe37a2eb960768fff4f1576a5dd,d52ace97298f7264dd2a2b7110f19c1866f9fee6fef1522b340fdd6b3c91d98c,e5beec92c9992930f4d6b468db1806ee2f3b9224e13179af7d4e8bb5897148e0,EXACT_LINK,YES,YES,YES,YES,YES,YES,YES,1,EXACT_LINK; exact cell key; no hash or telemetry contradiction
16de56c4:o1:d012:anti_transpose,16de56c4,1,12,anti_transpose,AMBIGUOUS,TRUSTWORTHY,/workspace/arc2/active_runs/eval60_v5_vs_greedy_4worker_v1/raw/task_depth/16de56c4/d012.parquet,57a9fe0d5b2a1271b00be33ddb53b20d43889be44083130fe1b3c17b9f605309,0672adc5dee92b469ce425bd0ec3e2492f3292cf83f69f98cbcc7e5c37ab6234,e5beec92c9992930f4d6b468db1806ee2f3b9224e13179af7d4e8bb5897148e0,EXACT_LINK,YES,YES,YES,YES,YES,YES,YES,1,EXACT_LINK; exact cell key; no hash or telemetry contradiction
16de56c4:o1:d012:flip_ud,16de56c4,1,12,flip_ud,AMBIGUOUS,TRUSTWORTHY,/workspace/arc2/active_runs/eval60_v5_vs_greedy_4worker_v1/raw/task_depth/16de56c4/d012.parquet,57a9fe0d5b2a1271b00be33ddb53b20d43889be44083130fe1b3c17b9f605309,0672adc5dee92b469ce425bd0ec3e2492f3292cf83f69f98cbcc7e5c37ab6234,e5beec92c9992930f4d6b468db1806ee2f3b9224e13179af7d4e8bb5897148e0,EXACT_LINK,YES,YES,YES,YES,YES,YES,YES,1,EXACT_LINK; exact cell key; no hash or telemetry contradiction
16de56c4:o1:d012:identity,16de56c4,1,12,identity,AMBIGUOUS,TRUSTWORTHY,/workspace/arc2/active_runs/eval60_v5_vs_greedy_4worker_v1/raw/task_depth/16de56c4/d012.parquet,57a9fe0d5b2a1271b00be33ddb53b20d43889be44083130fe1b3c17b9f605309,0672adc5dee92b469ce425bd0ec3e2492f3292cf83f69f98cbcc7e5c37ab6234,e5beec92c9992930f4d6b468db1806ee2f3b9224e13179af7d4e8bb5897148e0,EXACT_LINK,YES,YES,YES,YES,YES,YES,YES,1,EXACT_LINK; exact cell key; no hash or telemetry contradiction
16de56c4:o1:d012:transpose,16de56c4,1,12,transpose,AMBIGUOUS,TRUSTWORTHY,/workspace/arc2/active_runs/eval60_v5_vs_greedy_4worker_v1/raw/task_depth/16de56c4/d012.parquet,57a9fe0d5b2a1271b00be33ddb53b20d43889be44083130fe1b3c17b9f605309,0672adc5dee92b469ce425bd0ec3e2492f3292cf83f69f98cbcc7e5c37ab6234,e5beec92c9992930f4d6b468db1806ee2f3b9224e13179af7d4e8bb5897148e0,EXACT_LINK,YES,YES,YES,YES,YES,YES,YES,1,EXACT_LINK; exact cell key; no hash or telemetry contradiction
16de56c4:o1:d024:anti_transpose,16de56c4,1,24,anti_transpose,AMBIGUOUS,TRUSTWORTHY,/workspace/arc2/active_runs/eval60_v5_vs_greedy_4worker_v1/raw/task_depth/16de56c4/d024.parquet,35a3b0a8ade4ff6980892f0a04974181a9adcb0d45ee4164b6429e99823f37ae,ba9d832f85970b1b05037941199701905066b0193595a358ea4b4e9943c1c6c0,e5beec92c9992930f4d6b468db1806ee2f3b9224e13179af7d4e8bb5897148e0,EXACT_LINK,YES,YES,YES,YES,YES,YES,YES,1,EXACT_LINK; exact cell key; no hash or telemetry contradiction
16de56c4:o1:d024:flip_ud,16de56c4,1,24,flip_ud,AMBIGUOUS,TRUSTWORTHY,/workspace/arc2/active_runs/eval60_v5_vs_greedy_4worker_v1/raw/task_depth/16de56c4/d024.parquet,35a3b0a8ade4ff6980892f0a04974181a9adcb0d45ee4164b6429e99823f37ae,ba9d832f85970b1b05037941199701905066b0193595a358ea4b4e9943c1c6c0,e5beec92c9992930f4d6b468db1806ee2f3b9224e13179af7d4e8bb5897148e0,EXACT_LINK,YES,YES,YES,YES,YES,YES,YES,1,EXACT_LINK; exact cell key; no hash or telemetry contradiction
16de56c4:o1:d024:identity,16de56c4,1,24,identity,AMBIGUOUS,TRUSTWORTHY,/workspace/arc2/active_runs/eval60_v5_vs_greedy_4worker_v1/raw/task_depth/16de56c4/d024.parquet,35a3b0a8ade4ff6980892f0a04974181a9adcb0d45ee4164b6429e99823f37ae,ba9d832f85970b1b05037941199701905066b0193595a358ea4b4e9943c1c6c0,e5beec92c9992930f4d6b468db1806ee2f3b9224e13179af7d4e8bb5897148e0,EXACT_LINK,YES,YES,YES,YES,YES,YES,YES,1,EXACT_LINK; exact cell key; no hash or telemetry contradiction
16de56c4:o1:d024:transpose,16de56c4,1,24,transpose,AMBIGUOUS,TRUSTWORTHY,/workspace/arc2/active_runs/eval60_v5_vs_greedy_4worker_v1/raw/task_depth/16de56c4/d024.parquet,35a3b0a8ade4ff6980892f0a04974181a9adcb0d45ee4164b6429e99823f37ae,ba9d832f85970b1b05037941199701905066b0193595a358ea4b4e9943c1c6c0,e5beec92c9992930f4d6b468db1806ee2f3b9224e13179af7d4e8bb5897148e0,EXACT_LINK,YES,YES,YES,YES,YES,YES,YES,1,EXACT_LINK; exact cell key; no hash or telemetry contradiction
16de56c4:o1:d048:anti_transpose,16de56c4,1,48,anti_transpose,AMBIGUOUS,TRUSTWORTHY,/workspace/arc2/active_runs/eval60_v5_vs_greedy_4worker_v1/raw/task_depth/16de56c4/d048.parquet,08084082adeaf859725a0c92f9c5f49ceb627fe37a2eb960768fff4f1576a5dd,d52ace97298f7264dd2a2b7110f19c1866f9fee6fef1522b340fdd6b3c91d98c,e5beec92c9992930f4d6b468db1806ee2f3b9224e13179af7d4e8bb5897148e0,EXACT_LINK,YES,YES,YES,YES,YES,YES,YES,1,EXACT_LINK; exact cell key; no hash or telemetry contradiction
16de56c4:o1:d048:flip_ud,16de56c4,1,48,flip_ud,AMBIGUOUS,TRUSTWORTHY,/workspace/arc2/active_runs/eval60_v5_vs_greedy_4worker_v1/raw/task_depth/16de56c4/d048.parquet,08084082adeaf859725a0c92f9c5f49ceb627fe37a2eb960768fff4f1576a5dd,d52ace97298f7264dd2a2b7110f19c1866f9fee6fef1522b340fdd6b3c91d98c,e5beec92c9992930f4d6b468db1806ee2f3b9224e13179af7d4e8bb5897148e0,EXACT_LINK,YES,YES,YES,YES,YES,YES,YES,1,EXACT_LINK; exact cell key; no hash or telemetry contradiction
16de56c4:o1:d048:identity,16de56c4,1,48,identity,AMBIGUOUS,TRUSTWORTHY,/workspace/arc2/active_runs/eval60_v5_vs_greedy_4worker_v1/raw/task_depth/16de56c4/d048.parquet,08084082adeaf859725a0c92f9c5f49ceb627fe37a2eb960768fff4f1576a5dd,d52ace97298f7264dd2a2b7110f19c1866f9fee6fef1522b340fdd6b3c91d98c,e5beec92c9992930f4d6b468db1806ee2f3b9224e13179af7d4e8bb5897148e0,EXACT_LINK,YES,YES,YES,YES,YES,YES,YES,1,EXACT_LINK; exact cell key; no hash or telemetry contradiction
16de56c4:o1:d048:transpose,16de56c4,1,48,transpose,AMBIGUOUS,TRUSTWORTHY,/workspace/arc2/active_runs/eval60_v5_vs_greedy_4worker_v1/raw/task_depth/16de56c4/d048.parquet,08084082adeaf859725a0c92f9c5f49ceb627fe37a2eb960768fff4f1576a5dd,d52ace97298f7264dd2a2b7110f19c1866f9fee6fef1522b340fdd6b3c91d98c,e5beec92c9992930f4d6b468db1806ee2f3b9224e13179af7d4e8bb5897148e0,EXACT_LINK,YES,YES,YES,YES,YES,YES,YES,1,EXACT_LINK; exact cell key; no hash or telemetry contradiction
247ef758:o0:d012:anti_transpose,247ef758,0,12,anti_transpose,AMBIGUOUS,TRUSTWORTHY,/workspace/arc2/active_runs/eval60_v5_vs_greedy_4worker_v1/raw/task_depth/247ef758/d012.parquet,4b37d803e971ab6f70ae565ac250cbb4395831fd732e2f11c678b05eec9df477,208cb87cbd1c4a6332ab67812cdbeac93a8d209dbbfdda6965fec8cda027b73b,e5beec92c9992930f4d6b468db1806ee2f3b9224e13179af7d4e8bb5897148e0,EXACT_LINK,YES,YES,YES,YES,YES,YES,YES,1,EXACT_LINK; exact cell key; no hash or telemetry contradiction
247ef758:o0:d012:flip_ud,247ef758,0,12,flip_ud,AMBIGUOUS,TRUSTWORTHY,/workspace/arc2/active_runs/eval60_v5_vs_greedy_4worker_v1/raw/task_depth/247ef758/d012.parquet,4b37d803e971ab6f70ae565ac250cbb4395831fd732e2f11c678b05eec9df477,208cb87cbd1c4a6332ab67812cdbeac93a8d209dbbfdda6965fec8cda027b73b,e5beec92c9992930f4d6b468db1806ee2f3b9224e13179af7d4e8bb5897148e0,EXACT_LINK,YES,YES,YES,YES,YES,YES,YES,1,EXACT_LINK; exact cell key; no hash or telemetry contradiction
247ef758:o0:d012:identity,247ef758,0,12,identity,AMBIGUOUS,TRUSTWORTHY,/workspace/arc2/active_runs/eval60_v5_vs_greedy_4worker_v1/raw/task_depth/247ef758/d012.parquet,4b37d803e971ab6f70ae565ac250cbb4395831fd732e2f11c678b05eec9df477,208cb87cbd1c4a6332ab67812cdbeac93a8d209dbbfdda6965fec8cda027b73b,e5beec92c9992930f4d6b468db1806ee2f3b9224e13179af7d4e8bb5897148e0,EXACT_LINK,YES,YES,YES,YES,YES,YES,YES,1,EXACT_LINK; exact cell key; no hash or telemetry contradiction
247ef758:o0:d012:transpose,247ef758,0,12,transpose,AMBIGUOUS,TRUSTWORTHY,/workspace/arc2/active_runs/eval60_v5_vs_greedy_4worker_v1/raw/task_depth/247ef758/d012.parquet,4b37d803e971ab6f70ae565ac250cbb4395831fd732e2f11c678b05eec9df477,208cb87cbd1c4a6332ab67812cdbeac93a8d209dbbfdda6965fec8cda027b73b,e5beec92c9992930f4d6b468db1806ee2f3b9224e13179af7d4e8bb5897148e0,EXACT_LINK,YES,YES,YES,YES,YES,YES,YES,1,EXACT_LINK; exact cell key; no hash or telemetry contradiction
247ef758:o0:d024:anti_transpose,247ef758,0,24,anti_transpose,AMBIGUOUS,TRUSTWORTHY,/workspace/arc2/active_runs/eval60_v5_vs_greedy_4worker_v1/raw/task_depth/247ef758/d024.parquet,ce2ed1aede2d8ec35e8c1c3d9876ebfda846e9f350f5a070e3ccf3f78deb5585,61805b6a139817651e9d15e27d3ecf5c577420d1e0c9ab3c317316943521f612,e5beec92c9992930f4d6b468db1806ee2f3b9224e13179af7d4e8bb5897148e0,EXACT_LINK,YES,YES,YES,YES,YES,YES,YES,1,EXACT_LINK; exact cell key; no hash or telemetry contradiction
247ef758:o0:d024:flip_ud,247ef758,0,24,flip_ud,AMBIGUOUS,TRUSTWORTHY,/workspace/arc2/active_runs/eval60_v5_vs_greedy_4worker_v1/raw/task_depth/247ef758/d024.parquet,ce2ed1aede2d8ec35e8c1c3d9876ebfda846e9f350f5a070e3ccf3f78deb5585,61805b6a139817651e9d15e27d3ecf5c577420d1e0c9ab3c317316943521f612,e5beec92c9992930f4d6b468db1806ee2f3b9224e13179af7d4e8bb5897148e0,EXACT_LINK,YES,YES,YES,YES,YES,YES,YES,1,EXACT_LINK; exact cell key; no hash or telemetry contradiction
247ef758:o0:d024:identity,247ef758,0,24,identity,AMBIGUOUS,TRUSTWORTHY,/workspace/arc2/active_runs/eval60_v5_vs_greedy_4worker_v1/raw/task_depth/247ef758/d024.parquet,ce2ed1aede2d8ec35e8c1c3d9876ebfda846e9f350f5a070e3ccf3f78deb5585,61805b6a139817651e9d15e27d3ecf5c577420d1e0c9ab3c317316943521f612,e5beec92c9992930f4d6b468db1806ee2f3b9224e13179af7d4e8bb5897148e0,EXACT_LINK,YES,YES,YES,YES,YES,YES,YES,1,EXACT_LINK; exact cell key; no hash or telemetry contradiction
247ef758:o0:d024:transpose,247ef758,0,24,transpose,AMBIGUOUS,TRUSTWORTHY,/workspace/arc2/active_runs/eval60_v5_vs_greedy_4worker_v1/raw/task_depth/247ef758/d024.parquet,ce2ed1aede2d8ec35e8c1c3d9876ebfda846e9f350f5a070e3ccf3f78deb5585,61805b6a139817651e9d15e27d3ecf5c577420d1e0c9ab3c317316943521f612,e5beec92c9992930f4d6b468db1806ee2f3b9224e13179af7d4e8bb5897148e0,EXACT_LINK,YES,YES,YES,YES,YES,YES,YES,1,EXACT_LINK; exact cell key; no hash or telemetry contradiction
247ef758:o0:d048:anti_transpose,247ef758,0,48,anti_transpose,AMBIGUOUS,TRUSTWORTHY,/workspace/arc2/active_runs/eval60_v5_vs_greedy_4worker_v1/raw/task_depth/247ef758/d048.parquet,0aff019da14adad190b47a97d768e80fa148afc066c3b866c6806da81f7c8c74,d3d826c8de70c3286b74f261d89d36edf5eef651202854906d5818e08f064e40,e5beec92c9992930f4d6b468db1806ee2f3b9224e13179af7d4e8bb5897148e0,EXACT_LINK,YES,YES,YES,YES,YES,YES,YES,1,EXACT_LINK; exact cell key; no hash or telemetry contradiction
247ef758:o0:d048:flip_ud,247ef758,0,48,flip_ud,AMBIGUOUS,TRUSTWORTHY,/workspace/arc2/active_runs/eval60_v5_vs_greedy_4worker_v1/raw/task_depth/247ef758/d048.parquet,0aff019da14adad190b47a97d768e80fa148afc066c3b866c6806da81f7c8c74,d3d826c8de70c3286b74f261d89d36edf5eef651202854906d5818e08f064e40,e5beec92c9992930f4d6b468db1806ee2f3b9224e13179af7d4e8bb5897148e0,EXACT_LINK,YES,YES,YES,YES,YES,YES,YES,1,EXACT_LINK; exact cell key; no hash or telemetry contradiction
247ef758:o0:d048:identity,247ef758,0,48,identity,AMBIGUOUS,TRUSTWORTHY,/workspace/arc2/active_runs/eval60_v5_vs_greedy_4worker_v1/raw/task_depth/247ef758/d048.parquet,0aff019da14adad190b47a97d768e80fa148afc066c3b866c6806da81f7c8c74,d3d826c8de70c3286b74f261d89d36edf5eef651202854906d5818e08f064e40,e5beec92c9992930f4d6b468db1806ee2f3b9224e13179af7d4e8bb5897148e0,EXACT_LINK,YES,YES,YES,YES,YES,YES,YES,1,EXACT_LINK; exact cell key; no hash or telemetry contradiction
247ef758:o0:d048:transpose,247ef758,0,48,transpose,AMBIGUOUS,TRUSTWORTHY,/workspace/arc2/active_runs/eval60_v5_vs_greedy_4worker_v1/raw/task_depth/247ef758/d048.parquet,0aff019da14adad190b47a97d768e80fa148afc066c3b866c6806da81f7c8c74,d3d826c8de70c3286b74f261d89d36edf5eef651202854906d5818e08f064e40,e5beec92c9992930f4d6b468db1806ee2f3b9224e13179af7d4e8bb5897148e0,EXACT_LINK,YES,YES,YES,YES,YES,YES,YES,1,EXACT_LINK; exact cell key; no hash or telemetry contradiction
247ef758:o1:d012:anti_transpose,247ef758,1,12,anti_transpose,AMBIGUOUS,TRUSTWORTHY,/workspace/arc2/active_runs/eval60_v5_vs_greedy_4worker_v1/raw/task_depth/247ef758/d012.parquet,4b37d803e971ab6f70ae565ac250cbb4395831fd732e2f11c678b05eec9df477,208cb87cbd1c4a6332ab67812cdbeac93a8d209dbbfdda6965fec8cda027b73b,e5beec92c9992930f4d6b468db1806ee2f3b9224e13179af7d4e8bb5897148e0,EXACT_LINK,YES,YES,YES,YES,YES,YES,YES,1,EXACT_LINK; exact cell key; no hash or telemetry contradiction
247ef758:o1:d012:flip_ud,247ef758,1,12,flip_ud,AMBIGUOUS,TRUSTWORTHY,/workspace/arc2/active_runs/eval60_v5_vs_greedy_4worker_v1/raw/task_depth/247ef758/d012.parquet,4b37d803e971ab6f70ae565ac250cbb4395831fd732e2f11c678b05eec9df477,208cb87cbd1c4a6332ab67812cdbeac93a8d209dbbfdda6965fec8cda027b73b,e5beec92c9992930f4d6b468db1806ee2f3b9224e13179af7d4e8bb5897148e0,EXACT_LINK,YES,YES,YES,YES,YES,YES,YES,1,EXACT_LINK; exact cell key; no hash or telemetry contradiction
247ef758:o1:d012:identity,247ef758,1,12,identity,AMBIGUOUS,TRUSTWORTHY,/workspace/arc2/active_runs/eval60_v5_vs_greedy_4worker_v1/raw/task_depth/247ef758/d012.parquet,4b37d803e971ab6f70ae565ac250cbb4395831fd732e2f11c678b05eec9df477,208cb87cbd1c4a6332ab67812cdbeac93a8d209dbbfdda6965fec8cda027b73b,e5beec92c9992930f4d6b468db1806ee2f3b9224e13179af7d4e8bb5897148e0,EXACT_LINK,YES,YES,YES,YES,YES,YES,YES,1,EXACT_LINK; exact cell key; no hash or telemetry contradiction
247ef758:o1:d012:transpose,247ef758,1,12,transpose,AMBIGUOUS,TRUSTWORTHY,/workspace/arc2/active_runs/eval60_v5_vs_greedy_4worker_v1/raw/task_depth/247ef758/d012.parquet,4b37d803e971ab6f70ae565ac250cbb4395831fd732e2f11c678b05eec9df477,208cb87cbd1c4a6332ab67812cdbeac93a8d209dbbfdda6965fec8cda027b73b,e5beec92c9992930f4d6b468db1806ee2f3b9224e13179af7d4e8bb5897148e0,EXACT_LINK,YES,YES,YES,YES,YES,YES,YES,1,EXACT_LINK; exact cell key; no hash or telemetry contradiction
247ef758:o1:d024:anti_transpose,247ef758,1,24,anti_transpose,AMBIGUOUS,TRUSTWORTHY,/workspace/arc2/active_runs/eval60_v5_vs_greedy_4worker_v1/raw/task_depth/247ef758/d024.parquet,ce2ed1aede2d8ec35e8c1c3d9876ebfda846e9f350f5a070e3ccf3f78deb5585,61805b6a139817651e9d15e27d3ecf5c577420d1e0c9ab3c317316943521f612,e5beec92c9992930f4d6b468db1806ee2f3b9224e13179af7d4e8bb5897148e0,EXACT_LINK,YES,YES,YES,YES,YES,YES,YES,1,EXACT_LINK; exact cell key; no hash or telemetry contradiction
247ef758:o1:d024:flip_ud,247ef758,1,24,flip_ud,AMBIGUOUS,TRUSTWORTHY,/workspace/arc2/active_runs/eval60_v5_vs_greedy_4worker_v1/raw/task_depth/247ef758/d024.parquet,ce2ed1aede2d8ec35e8c1c3d9876ebfda846e9f350f5a070e3ccf3f78deb5585,61805b6a139817651e9d15e27d3ecf5c577420d1e0c9ab3c317316943521f612,e5beec92c9992930f4d6b468db1806ee2f3b9224e13179af7d4e8bb5897148e0,EXACT_LINK,YES,YES,YES,YES,YES,YES,YES,1,EXACT_LINK; exact cell key; no hash or telemetry contradiction
247ef758:o1:d024:identity,247ef758,1,24,identity,AMBIGUOUS,TRUSTWORTHY,/workspace/arc2/active_runs/eval60_v5_vs_greedy_4worker_v1/raw/task_depth/247ef758/d024.parquet,ce2ed1aede2d8ec35e8c1c3d9876ebfda846e9f350f5a070e3ccf3f78deb5585,61805b6a139817651e9d15e27d3ecf5c577420d1e0c9ab3c317316943521f612,e5beec92c9992930f4d6b468db1806ee2f3b9224e13179af7d4e8bb5897148e0,EXACT_LINK,YES,YES,YES,YES,YES,YES,YES,1,EXACT_LINK; exact cell key; no hash or telemetry contradiction
247ef758:o1:d024:transpose,247ef758,1,24,transpose,AMBIGUOUS,TRUSTWORTHY,/workspace/arc2/active_runs/eval60_v5_vs_greedy_4worker_v1/raw/task_depth/247ef758/d024.parquet,ce2ed1aede2d8ec35e8c1c3d9876ebfda846e9f350f5a070e3ccf3f78deb5585,61805b6a139817651e9d15e27d3ecf5c577420d1e0c9ab3c317316943521f612,e5beec92c9992930f4d6b468db1806ee2f3b9224e13179af7d4e8bb5897148e0,EXACT_LINK,YES,YES,YES,YES,YES,YES,YES,1,EXACT_LINK; exact cell key; no hash or telemetry contradiction
247ef758:o1:d048:anti_transpose,247ef758,1,48,anti_transpose,AMBIGUOUS,TRUSTWORTHY,/workspace/arc2/active_runs/eval60_v5_vs_greedy_4worker_v1/raw/task_depth/247ef758/d048.parquet,0aff019da14adad190b47a97d768e80fa148afc066c3b866c6806da81f7c8c74,d3d826c8de70c3286b74f261d89d36edf5eef651202854906d5818e08f064e40,e5beec92c9992930f4d6b468db1806ee2f3b9224e13179af7d4e8bb5897148e0,EXACT_LINK,YES,YES,YES,YES,YES,YES,YES,1,EXACT_LINK; exact cell key; no hash or telemetry contradiction
247ef758:o1:d048:flip_ud,247ef758,1,48,flip_ud,AMBIGUOUS,TRUSTWORTHY,/workspace/arc2/active_runs/eval60_v5_vs_greedy_4worker_v1/raw/task_depth/247ef758/d048.parquet,0aff019da14adad190b47a97d768e80fa148afc066c3b866c6806da81f7c8c74,d3d826c8de70c3286b74f261d89d36edf5eef651202854906d5818e08f064e40,e5beec92c9992930f4d6b468db1806ee2f3b9224e13179af7d4e8bb5897148e0,EXACT_LINK,YES,YES,YES,YES,YES,YES,YES,1,EXACT_LINK; exact cell key; no hash or telemetry contradiction
247ef758:o1:d048:identity,247ef758,1,48,identity,AMBIGUOUS,TRUSTWORTHY,/workspace/arc2/active_runs/eval60_v5_vs_greedy_4worker_v1/raw/task_depth/247ef758/d048.parquet,0aff019da14adad190b47a97d768e80fa148afc066c3b866c6806da81f7c8c74,d3d826c8de70c3286b74f261d89d36edf5eef651202854906d5818e08f064e40,e5beec92c9992930f4d6b468db1806ee2f3b9224e13179af7d4e8bb5897148e0,EXACT_LINK,YES,YES,YES,YES,YES,YES,YES,1,EXACT_LINK; exact cell key; no hash or telemetry contradiction
247ef758:o1:d048:transpose,247ef758,1,48,transpose,AMBIGUOUS,TRUSTWORTHY,/workspace/arc2/active_runs/eval60_v5_vs_greedy_4worker_v1/raw/task_depth/247ef758/d048.parquet,0aff019da14adad190b47a97d768e80fa148afc066c3b866c6806da81f7c8c74,d3d826c8de70c3286b74f261d89d36edf5eef651202854906d5818e08f064e40,e5beec92c9992930f4d6b468db1806ee2f3b9224e13179af7d4e8bb5897148e0,EXACT_LINK,YES,YES,YES,YES,YES,YES,YES,1,EXACT_LINK; exact cell key; no hash or telemetry contradiction
2b83f449:o0:d012:anti_transpose,2b83f449,0,12,anti_transpose,AMBIGUOUS,TRUSTWORTHY,/workspace/arc2/active_runs/eval60_v5_vs_greedy_4worker_v1/raw/task_depth/2b83f449/d012.parquet,24d75be8521bba820daa65b8a49bbf9f968d7f649ee5712505919925b80b2311,b0a7a1898be8c6836e44ae4468cb0a0af6522b975974fc8bd33e365e3fca42a5,e5beec92c9992930f4d6b468db1806ee2f3b9224e13179af7d4e8bb5897148e0,EXACT_LINK,YES,YES,YES,YES,YES,YES,YES,1,EXACT_LINK; exact cell key; no hash or telemetry contradiction
2b83f449:o0:d012:flip_ud,2b83f449,0,12,flip_ud,AMBIGUOUS,TRUSTWORTHY,/workspace/arc2/active_runs/eval60_v5_vs_greedy_4worker_v1/raw/task_depth/2b83f449/d012.parquet,24d75be8521bba820daa65b8a49bbf9f968d7f649ee5712505919925b80b2311,b0a7a1898be8c6836e44ae4468cb0a0af6522b975974fc8bd33e365e3fca42a5,e5beec92c9992930f4d6b468db1806ee2f3b9224e13179af7d4e8bb5897148e0,EXACT_LINK,YES,YES,YES,YES,YES,YES,YES,1,EXACT_LINK; exact cell key; no hash or telemetry contradiction
2b83f449:o0:d012:identity,2b83f449,0,12,identity,AMBIGUOUS,TRUSTWORTHY,/workspace/arc2/active_runs/eval60_v5_vs_greedy_4worker_v1/raw/task_depth/2b83f449/d012.parquet,24d75be8521bba820daa65b8a49bbf9f968d7f649ee5712505919925b80b2311,b0a7a1898be8c6836e44ae4468cb0a0af6522b975974fc8bd33e365e3fca42a5,e5beec92c9992930f4d6b468db1806ee2f3b9224e13179af7d4e8bb5897148e0,EXACT_LINK,YES,YES,YES,YES,YES,YES,YES,1,EXACT_LINK; exact cell key; no hash or telemetry contradiction
2b83f449:o0:d012:transpose,2b83f449,0,12,transpose,AMBIGUOUS,TRUSTWORTHY,/workspace/arc2/active_runs/eval60_v5_vs_greedy_4worker_v1/raw/task_depth/2b83f449/d012.parquet,24d75be8521bba820daa65b8a49bbf9f968d7f649ee5712505919925b80b2311,b0a7a1898be8c6836e44ae4468cb0a0af6522b975974fc8bd33e365e3fca42a5,e5beec92c9992930f4d6b468db1806ee2f3b9224e13179af7d4e8bb5897148e0,EXACT_LINK,YES,YES,YES,YES,YES,YES,YES,1,EXACT_LINK; exact cell key; no hash or telemetry contradiction
2b83f449:o0:d024:anti_transpose,2b83f449,0,24,anti_transpose,AMBIGUOUS,TRUSTWORTHY,/workspace/arc2/active_runs/eval60_v5_vs_greedy_4worker_v1/raw/task_depth/2b83f449/d024.parquet,e74439902135b45e0a4e34b51938718dd5cc027f467c97483fb86655ac3b2f85,a19d02583d1d31184e4e8358ef935f98b48a96647b6c4e542adab4d46c58a479,e5beec92c9992930f4d6b468db1806ee2f3b9224e13179af7d4e8bb5897148e0,EXACT_LINK,YES,YES,YES,YES,YES,YES,YES,1,EXACT_LINK; exact cell key; no hash or telemetry contradiction
2b83f449:o0:d024:flip_ud,2b83f449,0,24,flip_ud,AMBIGUOUS,TRUSTWORTHY,/workspace/arc2/active_runs/eval60_v5_vs_greedy_4worker_v1/raw/task_depth/2b83f449/d024.parquet,e74439902135b45e0a4e34b51938718dd5cc027f467c97483fb86655ac3b2f85,a19d02583d1d31184e4e8358ef935f98b48a96647b6c4e542adab4d46c58a479,e5beec92c9992930f4d6b468db1806ee2f3b9224e13179af7d4e8bb5897148e0,EXACT_LINK,YES,YES,YES,YES,YES,YES,YES,1,EXACT_LINK; exact cell key; no hash or telemetry contradiction
2b83f449:o0:d024:identity,2b83f449,0,24,identity,AMBIGUOUS,TRUSTWORTHY,/workspace/arc2/active_runs/eval60_v5_vs_greedy_4worker_v1/raw/task_depth/2b83f449/d024.parquet,e74439902135b45e0a4e34b51938718dd5cc027f467c97483fb86655ac3b2f85,a19d02583d1d31184e4e8358ef935f98b48a96647b6c4e542adab4d46c58a479,e5beec92c9992930f4d6b468db1806ee2f3b9224e13179af7d4e8bb5897148e0,EXACT_LINK,YES,YES,YES,YES,YES,YES,YES,1,EXACT_LINK; exact cell key; no hash or telemetry contradiction
2b83f449:o0:d024:transpose,2b83f449,0,24,transpose,AMBIGUOUS,TRUSTWORTHY,/workspace/arc2/active_runs/eval60_v5_vs_greedy_4worker_v1/raw/task_depth/2b83f449/d024.parquet,e74439902135b45e0a4e34b51938718dd5cc027f467c97483fb86655ac3b2f85,a19d02583d1d31184e4e8358ef935f98b48a96647b6c4e542adab4d46c58a479,e5beec92c9992930f4d6b468db1806ee2f3b9224e13179af7d4e8bb5897148e0,EXACT_LINK,YES,YES,YES,YES,YES,YES,YES,1,EXACT_LINK; exact cell key; no hash or telemetry contradiction
2b83f449:o0:d048:anti_transpose,2b83f449,0,48,anti_transpose,AMBIGUOUS,TRUSTWORTHY,/workspace/arc2/active_runs/eval60_v5_vs_greedy_4worker_v1/raw/task_depth/2b83f449/d048.parquet,e8a9dd872ad0a5c8621b3db9b1aa2626d2be5c32c50d5ff5677eca8c8a2b91ac,be3e04eaaa888dc3fc74411645643bf4d7a80ce2584bb79f1fdeb2030bcac872,e5beec92c9992930f4d6b468db1806ee2f3b9224e13179af7d4e8bb5897148e0,EXACT_LINK,YES,YES,YES,YES,YES,YES,YES,1,EXACT_LINK; exact cell key; no hash or telemetry contradiction
2b83f449:o0:d048:flip_ud,2b83f449,0,48,flip_ud,AMBIGUOUS,TRUSTWORTHY,/workspace/arc2/active_runs/eval60_v5_vs_greedy_4worker_v1/raw/task_depth/2b83f449/d048.parquet,e8a9dd872ad0a5c8621b3db9b1aa2626d2be5c32c50d5ff5677eca8c8a2b91ac,be3e04eaaa888dc3fc74411645643bf4d7a80ce2584bb79f1fdeb2030bcac872,e5beec92c9992930f4d6b468db1806ee2f3b9224e13179af7d4e8bb5897148e0,EXACT_LINK,YES,YES,YES,YES,YES,YES,YES,1,EXACT_LINK; exact cell key; no hash or telemetry contradiction
2b83f449:o0:d048:identity,2b83f449,0,48,identity,AMBIGUOUS,TRUSTWORTHY,/workspace/arc2/active_runs/eval60_v5_vs_greedy_4worker_v1/raw/task_depth/2b83f449/d048.parquet,e8a9dd872ad0a5c8621b3db9b1aa2626d2be5c32c50d5ff5677eca8c8a2b91ac,be3e04eaaa888dc3fc74411645643bf4d7a80ce2584bb79f1fdeb2030bcac872,e5beec92c9992930f4d6b468db1806ee2f3b9224e13179af7d4e8bb5897148e0,EXACT_LINK,YES,YES,YES,YES,YES,YES,YES,1,EXACT_LINK; exact cell key; no hash or telemetry contradiction
2b83f449:o0:d048:transpose,2b83f449,0,48,transpose,AMBIGUOUS,TRUSTWORTHY,/workspace/arc2/active_runs/eval60_v5_vs_greedy_4worker_v1/raw/task_depth/2b83f449/d048.parquet,e8a9dd872ad0a5c8621b3db9b1aa2626d2be5c32c50d5ff5677eca8c8a2b91ac,be3e04eaaa888dc3fc74411645643bf4d7a80ce2584bb79f1fdeb2030bcac872,e5beec92c9992930f4d6b468db1806ee2f3b9224e13179af7d4e8bb5897148e0,EXACT_LINK,YES,YES,YES,YES,YES,YES,YES,1,EXACT_LINK; exact cell key; no hash or telemetry contradiction
2d0172a1:o0:d012:anti_transpose,2d0172a1,0,12,anti_transpose,AMBIGUOUS,TRUSTWORTHY,/workspace/arc2/active_runs/eval60_v5_vs_greedy_4worker_v1/raw/task_depth/2d0172a1/d012.parquet,94e645c65e5ceaea33db3b17123193af4d46474ce92d7e43f9d981ed0a05afe4,662a135e7a3eb9d64be98524a4c89ddcd15bd6e0c2fcc2b2e498c21d4a5c268e,e5beec92c9992930f4d6b468db1806ee2f3b9224e13179af7d4e8bb5897148e0,EXACT_LINK,YES,YES,YES,YES,YES,YES,YES,1,EXACT_LINK; exact cell key; no hash or telemetry contradiction
2d0172a1:o0:d012:flip_ud,2d0172a1,0,12,flip_ud,AMBIGUOUS,TRUSTWORTHY,/workspace/arc2/active_runs/eval60_v5_vs_greedy_4worker_v1/raw/task_depth/2d0172a1/d012.parquet,94e645c65e5ceaea33db3b17123193af4d46474ce92d7e43f9d981ed0a05afe4,662a135e7a3eb9d64be98524a4c89ddcd15bd6e0c2fcc2b2e498c21d4a5c268e,e5beec92c9992930f4d6b468db1806ee2f3b9224e13179af7d4e8bb5897148e0,EXACT_LINK,YES,YES,YES,YES,YES,YES,YES,1,EXACT_LINK; exact cell key; no hash or telemetry contradiction
2d0172a1:o0:d012:identity,2d0172a1,0,12,identity,AMBIGUOUS,TRUSTWORTHY,/workspace/arc2/active_runs/eval60_v5_vs_greedy_4worker_v1/raw/task_depth/2d0172a1/d012.parquet,94e645c65e5ceaea33db3b17123193af4d46474ce92d7e43f9d981ed0a05afe4,662a135e7a3eb9d64be98524a4c89ddcd15bd6e0c2fcc2b2e498c21d4a5c268e,e5beec92c9992930f4d6b468db1806ee2f3b9224e13179af7d4e8bb5897148e0,EXACT_LINK,YES,YES,YES,YES,YES,YES,YES,1,EXACT_LINK; exact cell key; no hash or telemetry contradiction
2d0172a1:o0:d012:transpose,2d0172a1,0,12,transpose,AMBIGUOUS,TRUSTWORTHY,/workspace/arc2/active_runs/eval60_v5_vs_greedy_4worker_v1/raw/task_depth/2d0172a1/d012.parquet,94e645c65e5ceaea33db3b17123193af4d46474ce92d7e43f9d981ed0a05afe4,662a135e7a3eb9d64be98524a4c89ddcd15bd6e0c2fcc2b2e498c21d4a5c268e,e5beec92c9992930f4d6b468db1806ee2f3b9224e13179af7d4e8bb5897148e0,EXACT_LINK,YES,YES,YES,YES,YES,YES,YES,1,EXACT_LINK; exact cell key; no hash or telemetry contradiction
2d0172a1:o0:d024:anti_transpose,2d0172a1,0,24,anti_transpose,AMBIGUOUS,TRUSTWORTHY,/workspace/arc2/active_runs/eval60_v5_vs_greedy_4worker_v1/raw/task_depth/2d0172a1/d024.parquet,a83023b7bd2da295e09cb8640aad9ee58a9dee89f98d75f941510b856a7f802b,0e0b4249e1c60ba1bcbf88ced086422adbd8f779ddeff0188a8ede029daca613,e5beec92c9992930f4d6b468db1806ee2f3b9224e13179af7d4e8bb5897148e0,EXACT_LINK,YES,YES,YES,YES,YES,YES,YES,1,EXACT_LINK; exact cell key; no hash or telemetry contradiction
2d0172a1:o0:d024:flip_ud,2d0172a1,0,24,flip_ud,AMBIGUOUS,TRUSTWORTHY,/workspace/arc2/active_runs/eval60_v5_vs_greedy_4worker_v1/raw/task_depth/2d0172a1/d024.parquet,a83023b7bd2da295e09cb8640aad9ee58a9dee89f98d75f941510b856a7f802b,0e0b4249e1c60ba1bcbf88ced086422adbd8f779ddeff0188a8ede029daca613,e5beec92c9992930f4d6b468db1806ee2f3b9224e13179af7d4e8bb5897148e0,EXACT_LINK,YES,YES,YES,YES,YES,YES,YES,1,EXACT_LINK; exact cell key; no hash or telemetry contradiction
2d0172a1:o0:d024:identity,2d0172a1,0,24,identity,AMBIGUOUS,TRUSTWORTHY,/workspace/arc2/active_runs/eval60_v5_vs_greedy_4worker_v1/raw/task_depth/2d0172a1/d024.parquet,a83023b7bd2da295e09cb8640aad9ee58a9dee89f98d75f941510b856a7f802b,0e0b4249e1c60ba1bcbf88ced086422adbd8f779ddeff0188a8ede029daca613,e5beec92c9992930f4d6b468db1806ee2f3b9224e13179af7d4e8bb5897148e0,EXACT_LINK,YES,YES,YES,YES,YES,YES,YES,1,EXACT_LINK; exact cell key; no hash or telemetry contradiction
2d0172a1:o0:d024:transpose,2d0172a1,0,24,transpose,AMBIGUOUS,TRUSTWORTHY,/workspace/arc2/active_runs/eval60_v5_vs_greedy_4worker_v1/raw/task_depth/2d0172a1/d024.parquet,a83023b7bd2da295e09cb8640aad9ee58a9dee89f98d75f941510b856a7f802b,0e0b4249e1c60ba1bcbf88ced086422adbd8f779ddeff0188a8ede029daca613,e5beec92c9992930f4d6b468db1806ee2f3b9224e13179af7d4e8bb5897148e0,EXACT_LINK,YES,YES,YES,YES,YES,YES,YES,1,EXACT_LINK; exact cell key; no hash or telemetry contradiction
2d0172a1:o0:d048:anti_transpose,2d0172a1,0,48,anti_transpose,AMBIGUOUS,TRUSTWORTHY,/workspace/arc2/active_runs/eval60_v5_vs_greedy_4worker_v1/raw/task_depth/2d0172a1/d048.parquet,9580ef25a314f941dafd6b46ddf4f519a5f5fa4109112e5b10fc347e4672f476,0d1789e01569d9c9196bfd49129b58c03386feec5b666db9b81ef21d262ffcc8,e5beec92c9992930f4d6b468db1806ee2f3b9224e13179af7d4e8bb5897148e0,EXACT_LINK,YES,YES,YES,YES,YES,YES,YES,1,EXACT_LINK; exact cell key; no hash or telemetry contradiction
2d0172a1:o0:d048:flip_ud,2d0172a1,0,48,flip_ud,AMBIGUOUS,TRUSTWORTHY,/workspace/arc2/active_runs/eval60_v5_vs_greedy_4worker_v1/raw/task_depth/2d0172a1/d048.parquet,9580ef25a314f941dafd6b46ddf4f519a5f5fa4109112e5b10fc347e4672f476,0d1789e01569d9c9196bfd49129b58c03386feec5b666db9b81ef21d262ffcc8,e5beec92c9992930f4d6b468db1806ee2f3b9224e13179af7d4e8bb5897148e0,EXACT_LINK,YES,YES,YES,YES,YES,YES,YES,1,EXACT_LINK; exact cell key; no hash or telemetry contradiction
2d0172a1:o0:d048:identity,2d0172a1,0,48,identity,AMBIGUOUS,TRUSTWORTHY,/workspace/arc2/active_runs/eval60_v5_vs_greedy_4worker_v1/raw/task_depth/2d0172a1/d048.parquet,9580ef25a314f941dafd6b46ddf4f519a5f5fa4109112e5b10fc347e4672f476,0d1789e01569d9c9196bfd49129b58c03386feec5b666db9b81ef21d262ffcc8,e5beec92c9992930f4d6b468db1806ee2f3b9224e13179af7d4e8bb5897148e0,EXACT_LINK,YES,YES,YES,YES,YES,YES,YES,1,EXACT_LINK; exact cell key; no hash or telemetry contradiction
2d0172a1:o0:d048:transpose,2d0172a1,0,48,transpose,AMBIGUOUS,TRUSTWORTHY,/workspace/arc2/active_runs/eval60_v5_vs_greedy_4worker_v1/raw/task_depth/2d0172a1/d048.parquet,9580ef25a314f941dafd6b46ddf4f519a5f5fa4109112e5b10fc347e4672f476,0d1789e01569d9c9196bfd49129b58c03386feec5b666db9b81ef21d262ffcc8,e5beec92c9992930f4d6b468db1806ee2f3b9224e13179af7d4e8bb5897148e0,EXACT_LINK,YES,YES,YES,YES,YES,YES,YES,1,EXACT_LINK; exact cell key; no hash or telemetry contradiction
2d0172a1:o1:d012:anti_transpose,2d0172a1,1,12,anti_transpose,AMBIGUOUS,TRUSTWORTHY,/workspace/arc2/active_runs/eval60_v5_vs_greedy_4worker_v1/raw/task_depth/2d0172a1/d012.parquet,94e645c65e5ceaea33db3b17123193af4d46474ce92d7e43f9d981ed0a05afe4,662a135e7a3eb9d64be98524a4c89ddcd15bd6e0c2fcc2b2e498c21d4a5c268e,e5beec92c9992930f4d6b468db1806ee2f3b9224e13179af7d4e8bb5897148e0,EXACT_LINK,YES,YES,YES,YES,YES,YES,YES,1,EXACT_LINK; exact cell key; no hash or telemetry contradiction
2d0172a1:o1:d012:flip_ud,2d0172a1,1,12,flip_ud,AMBIGUOUS,TRUSTWORTHY,/workspace/arc2/active_runs/eval60_v5_vs_greedy_4worker_v1/raw/task_depth/2d0172a1/d012.parquet,94e645c65e5ceaea33db3b17123193af4d46474ce92d7e43f9d981ed0a05afe4,662a135e7a3eb9d64be98524a4c89ddcd15bd6e0c2fcc2b2e498c21d4a5c268e,e5beec92c9992930f4d6b468db1806ee2f3b9224e13179af7d4e8bb5897148e0,EXACT_LINK,YES,YES,YES,YES,YES,YES,YES,1,EXACT_LINK; exact cell key; no hash or telemetry contradiction
2d0172a1:o1:d012:identity,2d0172a1,1,12,identity,AMBIGUOUS,TRUSTWORTHY,/workspace/arc2/active_runs/eval60_v5_vs_greedy_4worker_v1/raw/task_depth/2d0172a1/d012.parquet,94e645c65e5ceaea33db3b17123193af4d46474ce92d7e43f9d981ed0a05afe4,662a135e7a3eb9d64be98524a4c89ddcd15bd6e0c2fcc2b2e498c21d4a5c268e,e5beec92c9992930f4d6b468db1806ee2f3b9224e13179af7d4e8bb5897148e0,EXACT_LINK,YES,YES,YES,YES,YES,YES,YES,1,EXACT_LINK; exact cell key; no hash or telemetry contradiction
2d0172a1:o1:d012:transpose,2d0172a1,1,12,transpose,AMBIGUOUS,TRUSTWORTHY,/workspace/arc2/active_runs/eval60_v5_vs_greedy_4worker_v1/raw/task_depth/2d0172a1/d012.parquet,94e645c65e5ceaea33db3b17123193af4d46474ce92d7e43f9d981ed0a05afe4,662a135e7a3eb9d64be98524a4c89ddcd15bd6e0c2fcc2b2e498c21d4a5c268e,e5beec92c9992930f4d6b468db1806ee2f3b9224e13179af7d4e8bb5897148e0,EXACT_LINK,YES,YES,YES,YES,YES,YES,YES,1,EXACT_LINK; exact cell key; no hash or telemetry contradiction
2d0172a1:o1:d024:anti_transpose,2d0172a1,1,24,anti_transpose,AMBIGUOUS,TRUSTWORTHY,/workspace/arc2/active_runs/eval60_v5_vs_greedy_4worker_v1/raw/task_depth/2d0172a1/d024.parquet,a83023b7bd2da295e09cb8640aad9ee58a9dee89f98d75f941510b856a7f802b,0e0b4249e1c60ba1bcbf88ced086422adbd8f779ddeff0188a8ede029daca613,e5beec92c9992930f4d6b468db1806ee2f3b9224e13179af7d4e8bb5897148e0,EXACT_LINK,YES,YES,YES,YES,YES,YES,YES,1,EXACT_LINK; exact cell key; no hash or telemetry contradiction
2d0172a1:o1:d024:flip_ud,2d0172a1,1,24,flip_ud,AMBIGUOUS,TRUSTWORTHY,/workspace/arc2/active_runs/eval60_v5_vs_greedy_4worker_v1/raw/task_depth/2d0172a1/d024.parquet,a83023b7bd2da295e09cb8640aad9ee58a9dee89f98d75f941510b856a7f802b,0e0b4249e1c60ba1bcbf88ced086422adbd8f779ddeff0188a8ede029daca613,e5beec92c9992930f4d6b468db1806ee2f3b9224e13179af7d4e8bb5897148e0,EXACT_LINK,YES,YES,YES,YES,YES,YES,YES,1,EXACT_LINK; exact cell key; no hash or telemetry contradiction
2d0172a1:o1:d024:identity,2d0172a1,1,24,identity,AMBIGUOUS,TRUSTWORTHY,/workspace/arc2/active_runs/eval60_v5_vs_greedy_4worker_v1/raw/task_depth/2d0172a1/d024.parquet,a83023b7bd2da295e09cb8640aad9ee58a9dee89f98d75f941510b856a7f802b,0e0b4249e1c60ba1bcbf88ced086422adbd8f779ddeff0188a8ede029daca613,e5beec92c9992930f4d6b468db1806ee2f3b9224e13179af7d4e8bb5897148e0,EXACT_LINK,YES,YES,YES,YES,YES,YES,YES,1,EXACT_LINK; exact cell key; no hash or telemetry contradiction
2d0172a1:o1:d024:transpose,2d0172a1,1,24,transpose,AMBIGUOUS,TRUSTWORTHY,/workspace/arc2/active_runs/eval60_v5_vs_greedy_4worker_v1/raw/task_depth/2d0172a1/d024.parquet,a83023b7bd2da295e09cb8640aad9ee58a9dee89f98d75f941510b856a7f802b,0e0b4249e1c60ba1bcbf88ced086422adbd8f779ddeff0188a8ede029daca613,e5beec92c9992930f4d6b468db1806ee2f3b9224e13179af7d4e8bb5897148e0,EXACT_LINK,YES,YES,YES,YES,YES,YES,YES,1,EXACT_LINK; exact cell key; no hash or telemetry contradiction
2d0172a1:o1:d048:anti_transpose,2d0172a1,1,48,anti_transpose,AMBIGUOUS,TRUSTWORTHY,/workspace/arc2/active_runs/eval60_v5_vs_greedy_4worker_v1/raw/task_depth/2d0172a1/d048.parquet,9580ef25a314f941dafd6b46ddf4f519a5f5fa4109112e5b10fc347e4672f476,0d1789e01569d9c9196bfd49129b58c03386feec5b666db9b81ef21d262ffcc8,e5beec92c9992930f4d6b468db1806ee2f3b9224e13179af7d4e8bb5897148e0,EXACT_LINK,YES,YES,YES,YES,YES,YES,YES,1,EXACT_LINK; exact cell key; no hash or telemetry contradiction
2d0172a1:o1:d048:flip_ud,2d0172a1,1,48,flip_ud,AMBIGUOUS,TRUSTWORTHY,/workspace/arc2/active_runs/eval60_v5_vs_greedy_4worker_v1/raw/task_depth/2d0172a1/d048.parquet,9580ef25a314f941dafd6b46ddf4f519a5f5fa4109112e5b10fc347e4672f476,0d1789e01569d9c9196bfd49129b58c03386feec5b666db9b81ef21d262ffcc8,e5beec92c9992930f4d6b468db1806ee2f3b9224e13179af7d4e8bb5897148e0,EXACT_LINK,YES,YES,YES,YES,YES,YES,YES,1,EXACT_LINK; exact cell key; no hash or telemetry contradiction
2d0172a1:o1:d048:identity,2d0172a1,1,48,identity,AMBIGUOUS,TRUSTWORTHY,/workspace/arc2/active_runs/eval60_v5_vs_greedy_4worker_v1/raw/task_depth/2d0172a1/d048.parquet,9580ef25a314f941dafd6b46ddf4f519a5f5fa4109112e5b10fc347e4672f476,0d1789e01569d9c9196bfd49129b58c03386feec5b666db9b81ef21d262ffcc8,e5beec92c9992930f4d6b468db1806ee2f3b9224e13179af7d4e8bb5897148e0,EXACT_LINK,YES,YES,YES,YES,YES,YES,YES,1,EXACT_LINK; exact cell key; no hash or telemetry contradiction
2d0172a1:o1:d048:transpose,2d0172a1,1,48,transpose,AMBIGUOUS,TRUSTWORTHY,/workspace/arc2/active_runs/eval60_v5_vs_greedy_4worker_v1/raw/task_depth/2d0172a1/d048.parquet,9580ef25a314f941dafd6b46ddf4f519a5f5fa4109112e5b10fc347e4672f476,0d1789e01569d9c9196bfd49129b58c03386feec5b666db9b81ef21d262ffcc8,e5beec92c9992930f4d6b468db1806ee2f3b9224e13179af7d4e8bb5897148e0,EXACT_LINK,YES,YES,YES,YES,YES,YES,YES,1,EXACT_LINK; exact cell key; no hash or telemetry contradiction
36a08778:o0:d012:anti_transpose,36a08778,0,12,anti_transpose,AMBIGUOUS,TRUSTWORTHY,/workspace/arc2/active_runs/eval60_v5_vs_greedy_4worker_v1/raw/task_depth/36a08778/d012.parquet,9395312bc8ed5da807f33845027be00a5f6f30cda060500e9f9b339e11d8eaff,c5a35501048a769404230b526a82972ed0b88bf09d1f3f753d628c9c66108f5e,e5beec92c9992930f4d6b468db1806ee2f3b9224e13179af7d4e8bb5897148e0,EXACT_LINK,YES,YES,YES,YES,YES,YES,YES,1,EXACT_LINK; exact cell key; no hash or telemetry contradiction
36a08778:o0:d012:flip_ud,36a08778,0,12,flip_ud,AMBIGUOUS,TRUSTWORTHY,/workspace/arc2/active_runs/eval60_v5_vs_greedy_4worker_v1/raw/task_depth/36a08778/d012.parquet,9395312bc8ed5da807f33845027be00a5f6f30cda060500e9f9b339e11d8eaff,c5a35501048a769404230b526a82972ed0b88bf09d1f3f753d628c9c66108f5e,e5beec92c9992930f4d6b468db1806ee2f3b9224e13179af7d4e8bb5897148e0,EXACT_LINK,YES,YES,YES,YES,YES,YES,YES,1,EXACT_LINK; exact cell key; no hash or telemetry contradiction
36a08778:o0:d012:identity,36a08778,0,12,identity,AMBIGUOUS,TRUSTWORTHY,/workspace/arc2/active_runs/eval60_v5_vs_greedy_4worker_v1/raw/task_depth/36a08778/d012.parquet,9395312bc8ed5da807f33845027be00a5f6f30cda060500e9f9b339e11d8eaff,c5a35501048a769404230b526a82972ed0b88bf09d1f3f753d628c9c66108f5e,e5beec92c9992930f4d6b468db1806ee2f3b9224e13179af7d4e8bb5897148e0,EXACT_LINK,YES,YES,YES,YES,YES,YES,YES,1,EXACT_LINK; exact cell key; no hash or telemetry contradiction
36a08778:o0:d012:transpose,36a08778,0,12,transpose,AMBIGUOUS,TRUSTWORTHY,/workspace/arc2/active_runs/eval60_v5_vs_greedy_4worker_v1/raw/task_depth/36a08778/d012.parquet,9395312bc8ed5da807f33845027be00a5f6f30cda060500e9f9b339e11d8eaff,c5a35501048a769404230b526a82972ed0b88bf09d1f3f753d628c9c66108f5e,e5beec92c9992930f4d6b468db1806ee2f3b9224e13179af7d4e8bb5897148e0,EXACT_LINK,YES,YES,YES,YES,YES,YES,YES,1,EXACT_LINK; exact cell key; no hash or telemetry contradiction
36a08778:o0:d024:anti_transpose,36a08778,0,24,anti_transpose,AMBIGUOUS,TRUSTWORTHY,/workspace/arc2/active_runs/eval60_v5_vs_greedy_4worker_v1/raw/task_depth/36a08778/d024.parquet,431b47b88b7e849e35a21287cfca14fee71940a136b9f888527f1e5e19613802,1b38bb917aac268035f15dac621b1c957b44561b60dce10c8d6a59546d0b24c5,e5beec92c9992930f4d6b468db1806ee2f3b9224e13179af7d4e8bb5897148e0,EXACT_LINK,YES,YES,YES,YES,YES,YES,YES,1,EXACT_LINK; exact cell key; no hash or telemetry contradiction
36a08778:o0:d024:flip_ud,36a08778,0,24,flip_ud,AMBIGUOUS,TRUSTWORTHY,/workspace/arc2/active_runs/eval60_v5_vs_greedy_4worker_v1/raw/task_depth/36a08778/d024.parquet,431b47b88b7e849e35a21287cfca14fee71940a136b9f888527f1e5e19613802,1b38bb917aac268035f15dac621b1c957b44561b60dce10c8d6a59546d0b24c5,e5beec92c9992930f4d6b468db1806ee2f3b9224e13179af7d4e8bb5897148e0,EXACT_LINK,YES,YES,YES,YES,YES,YES,YES,1,EXACT_LINK; exact cell key; no hash or telemetry contradiction
36a08778:o0:d024:identity,36a08778,0,24,identity,AMBIGUOUS,TRUSTWORTHY,/workspace/arc2/active_runs/eval60_v5_vs_greedy_4worker_v1/raw/task_depth/36a08778/d024.parquet,431b47b88b7e849e35a21287cfca14fee71940a136b9f888527f1e5e19613802,1b38bb917aac268035f15dac621b1c957b44561b60dce10c8d6a59546d0b24c5,e5beec92c9992930f4d6b468db1806ee2f3b9224e13179af7d4e8bb5897148e0,EXACT_LINK,YES,YES,YES,YES,YES,YES,YES,1,EXACT_LINK; exact cell key; no hash or telemetry contradiction
36a08778:o0:d024:transpose,36a08778,0,24,transpose,AMBIGUOUS,TRUSTWORTHY,/workspace/arc2/active_runs/eval60_v5_vs_greedy_4worker_v1/raw/task_depth/36a08778/d024.parquet,431b47b88b7e849e35a21287cfca14fee71940a136b9f888527f1e5e19613802,1b38bb917aac268035f15dac621b1c957b44561b60dce10c8d6a59546d0b24c5,e5beec92c9992930f4d6b468db1806ee2f3b9224e13179af7d4e8bb5897148e0,EXACT_LINK,YES,YES,YES,YES,YES,YES,YES,1,EXACT_LINK; exact cell key; no hash or telemetry contradiction
36a08778:o0:d048:anti_transpose,36a08778,0,48,anti_transpose,AMBIGUOUS,TRUSTWORTHY,/workspace/arc2/active_runs/eval60_v5_vs_greedy_4worker_v1/raw/task_depth/36a08778/d048.parquet,6e0deb48744f00b2b0c3576c2663830fa19245090bdc1bfa2e07e441fd7c4ea7,975ec13c8013a26cb54e881974cb127d2e87dd67bbd2bb3be9a72a37d5dc9d6b,e5beec92c9992930f4d6b468db1806ee2f3b9224e13179af7d4e8bb5897148e0,EXACT_LINK,YES,YES,YES,YES,YES,YES,YES,1,EXACT_LINK; exact cell key; no hash or telemetry contradiction
36a08778:o0:d048:flip_ud,36a08778,0,48,flip_ud,AMBIGUOUS,TRUSTWORTHY,/workspace/arc2/active_runs/eval60_v5_vs_greedy_4worker_v1/raw/task_depth/36a08778/d048.parquet,6e0deb48744f00b2b0c3576c2663830fa19245090bdc1bfa2e07e441fd7c4ea7,975ec13c8013a26cb54e881974cb127d2e87dd67bbd2bb3be9a72a37d5dc9d6b,e5beec92c9992930f4d6b468db1806ee2f3b9224e13179af7d4e8bb5897148e0,EXACT_LINK,YES,YES,YES,YES,YES,YES,YES,1,EXACT_LINK; exact cell key; no hash or telemetry contradiction
36a08778:o0:d048:identity,36a08778,0,48,identity,AMBIGUOUS,TRUSTWORTHY,/workspace/arc2/active_runs/eval60_v5_vs_greedy_4worker_v1/raw/task_depth/36a08778/d048.parquet,6e0deb48744f00b2b0c3576c2663830fa19245090bdc1bfa2e07e441fd7c4ea7,975ec13c8013a26cb54e881974cb127d2e87dd67bbd2bb3be9a72a37d5dc9d6b,e5beec92c9992930f4d6b468db1806ee2f3b9224e13179af7d4e8bb5897148e0,EXACT_LINK,YES,YES,YES,YES,YES,YES,YES,1,EXACT_LINK; exact cell key; no hash or telemetry contradiction
36a08778:o0:d048:transpose,36a08778,0,48,transpose,AMBIGUOUS,TRUSTWORTHY,/workspace/arc2/active_runs/eval60_v5_vs_greedy_4worker_v1/raw/task_depth/36a08778/d048.parquet,6e0deb48744f00b2b0c3576c2663830fa19245090bdc1bfa2e07e441fd7c4ea7,975ec13c8013a26cb54e881974cb127d2e87dd67bbd2bb3be9a72a37d5dc9d6b,e5beec92c9992930f4d6b468db1806ee2f3b9224e13179af7d4e8bb5897148e0,EXACT_LINK,YES,YES,YES,YES,YES,YES,YES,1,EXACT_LINK; exact cell key; no hash or telemetry contradiction
36a08778:o1:d012:anti_transpose,36a08778,1,12,anti_transpose,AMBIGUOUS,TRUSTWORTHY,/workspace/arc2/active_runs/eval60_v5_vs_greedy_4worker_v1/raw/task_depth/36a08778/d012.parquet,9395312bc8ed5da807f33845027be00a5f6f30cda060500e9f9b339e11d8eaff,c5a35501048a769404230b526a82972ed0b88bf09d1f3f753d628c9c66108f5e,e5beec92c9992930f4d6b468db1806ee2f3b9224e13179af7d4e8bb5897148e0,EXACT_LINK,YES,YES,YES,YES,YES,YES,YES,1,EXACT_LINK; exact cell key; no hash or telemetry contradiction
36a08778:o1:d012:flip_ud,36a08778,1,12,flip_ud,AMBIGUOUS,TRUSTWORTHY,/workspace/arc2/active_runs/eval60_v5_vs_greedy_4worker_v1/raw/task_depth/36a08778/d012.parquet,9395312bc8ed5da807f33845027be00a5f6f30cda060500e9f9b339e11d8eaff,c5a35501048a769404230b526a82972ed0b88bf09d1f3f753d628c9c66108f5e,e5beec92c9992930f4d6b468db1806ee2f3b9224e13179af7d4e8bb5897148e0,EXACT_LINK,YES,YES,YES,YES,YES,YES,YES,1,EXACT_LINK; exact cell key; no hash or telemetry contradiction
36a08778:o1:d012:identity,36a08778,1,12,identity,AMBIGUOUS,TRUSTWORTHY,/workspace/arc2/active_runs/eval60_v5_vs_greedy_4worker_v1/raw/task_depth/36a08778/d012.parquet,9395312bc8ed5da807f33845027be00a5f6f30cda060500e9f9b339e11d8eaff,c5a35501048a769404230b526a82972ed0b88bf09d1f3f753d628c9c66108f5e,e5beec92c9992930f4d6b468db1806ee2f3b9224e13179af7d4e8bb5897148e0,EXACT_LINK,YES,YES,YES,YES,YES,YES,YES,1,EXACT_LINK; exact cell key; no hash or telemetry contradiction
36a08778:o1:d012:transpose,36a08778,1,12,transpose,AMBIGUOUS,TRUSTWORTHY,/workspace/arc2/active_runs/eval60_v5_vs_greedy_4worker_v1/raw/task_depth/36a08778/d012.parquet,9395312bc8ed5da807f33845027be00a5f6f30cda060500e9f9b339e11d8eaff,c5a35501048a769404230b526a82972ed0b88bf09d1f3f753d628c9c66108f5e,e5beec92c9992930f4d6b468db1806ee2f3b9224e13179af7d4e8bb5897148e0,EXACT_LINK,YES,YES,YES,YES,YES,YES,YES,1,EXACT_LINK; exact cell key; no hash or telemetry contradiction
36a08778:o1:d024:anti_transpose,36a08778,1,24,anti_transpose,AMBIGUOUS,TRUSTWORTHY,/workspace/arc2/active_runs/eval60_v5_vs_greedy_4worker_v1/raw/task_depth/36a08778/d024.parquet,431b47b88b7e849e35a21287cfca14fee71940a136b9f888527f1e5e19613802,1b38bb917aac268035f15dac621b1c957b44561b60dce10c8d6a59546d0b24c5,e5beec92c9992930f4d6b468db1806ee2f3b9224e13179af7d4e8bb5897148e0,EXACT_LINK,YES,YES,YES,YES,YES,YES,YES,1,EXACT_LINK; exact cell key; no hash or telemetry contradiction
36a08778:o1:d024:flip_ud,36a08778,1,24,flip_ud,AMBIGUOUS,TRUSTWORTHY,/workspace/arc2/active_runs/eval60_v5_vs_greedy_4worker_v1/raw/task_depth/36a08778/d024.parquet,431b47b88b7e849e35a21287cfca14fee71940a136b9f888527f1e5e19613802,1b38bb917aac268035f15dac621b1c957b44561b60dce10c8d6a59546d0b24c5,e5beec92c9992930f4d6b468db1806ee2f3b9224e13179af7d4e8bb5897148e0,EXACT_LINK,YES,YES,YES,YES,YES,YES,YES,1,EXACT_LINK; exact cell key; no hash or telemetry contradiction
36a08778:o1:d024:identity,36a08778,1,24,identity,AMBIGUOUS,TRUSTWORTHY,/workspace/arc2/active_runs/eval60_v5_vs_greedy_4worker_v1/raw/task_depth/36a08778/d024.parquet,431b47b88b7e849e35a21287cfca14fee71940a136b9f888527f1e5e19613802,1b38bb917aac268035f15dac621b1c957b44561b60dce10c8d6a59546d0b24c5,e5beec92c9992930f4d6b468db1806ee2f3b9224e13179af7d4e8bb5897148e0,EXACT_LINK,YES,YES,YES,YES,YES,YES,YES,1,EXACT_LINK; exact cell key; no hash or telemetry contradiction
36a08778:o1:d024:transpose,36a08778,1,24,transpose,AMBIGUOUS,TRUSTWORTHY,/workspace/arc2/active_runs/eval60_v5_vs_greedy_4worker_v1/raw/task_depth/36a08778/d024.parquet,431b47b88b7e849e35a21287cfca14fee71940a136b9f888527f1e5e19613802,1b38bb917aac268035f15dac621b1c957b44561b60dce10c8d6a59546d0b24c5,e5beec92c9992930f4d6b468db1806ee2f3b9224e13179af7d4e8bb5897148e0,EXACT_LINK,YES,YES,YES,YES,YES,YES,YES,1,EXACT_LINK; exact cell key; no hash or telemetry contradiction
36a08778:o1:d048:anti_transpose,36a08778,1,48,anti_transpose,AMBIGUOUS,TRUSTWORTHY,/workspace/arc2/active_runs/eval60_v5_vs_greedy_4worker_v1/raw/task_depth/36a08778/d048.parquet,6e0deb48744f00b2b0c3576c2663830fa19245090bdc1bfa2e07e441fd7c4ea7,975ec13c8013a26cb54e881974cb127d2e87dd67bbd2bb3be9a72a37d5dc9d6b,e5beec92c9992930f4d6b468db1806ee2f3b9224e13179af7d4e8bb5897148e0,EXACT_LINK,YES,YES,YES,YES,YES,YES,YES,1,EXACT_LINK; exact cell key; no hash or telemetry contradiction
36a08778:o1:d048:flip_ud,36a08778,1,48,flip_ud,AMBIGUOUS,TRUSTWORTHY,/workspace/arc2/active_runs/eval60_v5_vs_greedy_4worker_v1/raw/task_depth/36a08778/d048.parquet,6e0deb48744f00b2b0c3576c2663830fa19245090bdc1bfa2e07e441fd7c4ea7,975ec13c8013a26cb54e881974cb127d2e87dd67bbd2bb3be9a72a37d5dc9d6b,e5beec92c9992930f4d6b468db1806ee2f3b9224e13179af7d4e8bb5897148e0,EXACT_LINK,YES,YES,YES,YES,YES,YES,YES,1,EXACT_LINK; exact cell key; no hash or telemetry contradiction
36a08778:o1:d048:identity,36a08778,1,48,identity,AMBIGUOUS,TRUSTWORTHY,/workspace/arc2/active_runs/eval60_v5_vs_greedy_4worker_v1/raw/task_depth/36a08778/d048.parquet,6e0deb48744f00b2b0c3576c2663830fa19245090bdc1bfa2e07e441fd7c4ea7,975ec13c8013a26cb54e881974cb127d2e87dd67bbd2bb3be9a72a37d5dc9d6b,e5beec92c9992930f4d6b468db1806ee2f3b9224e13179af7d4e8bb5897148e0,EXACT_LINK,YES,YES,YES,YES,YES,YES,YES,1,EXACT_LINK; exact cell key; no hash or telemetry contradiction
36a08778:o1:d048:transpose,36a08778,1,48,transpose,AMBIGUOUS,TRUSTWORTHY,/workspace/arc2/active_runs/eval60_v5_vs_greedy_4worker_v1/raw/task_depth/36a08778/d048.parquet,6e0deb48744f00b2b0c3576c2663830fa19245090bdc1bfa2e07e441fd7c4ea7,975ec13c8013a26cb54e881974cb127d2e87dd67bbd2bb3be9a72a37d5dc9d6b,e5beec92c9992930f4d6b468db1806ee2f3b9224e13179af7d4e8bb5897148e0,EXACT_LINK,YES,YES,YES,YES,YES,YES,YES,1,EXACT_LINK; exact cell key; no hash or telemetry contradiction
4a21e3da:o0:d012:anti_transpose,4a21e3da,0,12,anti_transpose,AMBIGUOUS,TRUSTWORTHY,/workspace/arc2/active_runs/eval60_v5_vs_greedy_4worker_v1/raw/task_depth/4a21e3da/d012.parquet,331934b01f309c3d3b5a6b4e2eb023663c3256f0c7196a9a79a97b489fb40641,c7d95bcdac0136b72a43dd3e9d9ea3d8c8a50ca3e5f296727880bb9722d3e04b,e5beec92c9992930f4d6b468db1806ee2f3b9224e13179af7d4e8bb5897148e0,EXACT_LINK,YES,YES,YES,YES,YES,YES,YES,1,EXACT_LINK; exact cell key; no hash or telemetry contradiction
4a21e3da:o0:d012:flip_ud,4a21e3da,0,12,flip_ud,AMBIGUOUS,TRUSTWORTHY,/workspace/arc2/active_runs/eval60_v5_vs_greedy_4worker_v1/raw/task_depth/4a21e3da/d012.parquet,331934b01f309c3d3b5a6b4e2eb023663c3256f0c7196a9a79a97b489fb40641,c7d95bcdac0136b72a43dd3e9d9ea3d8c8a50ca3e5f296727880bb9722d3e04b,e5beec92c9992930f4d6b468db1806ee2f3b9224e13179af7d4e8bb5897148e0,EXACT_LINK,YES,YES,YES,YES,YES,YES,YES,1,EXACT_LINK; exact cell key; no hash or telemetry contradiction
4a21e3da:o0:d012:identity,4a21e3da,0,12,identity,AMBIGUOUS,TRUSTWORTHY,/workspace/arc2/active_runs/eval60_v5_vs_greedy_4worker_v1/raw/task_depth/4a21e3da/d012.parquet,331934b01f309c3d3b5a6b4e2eb023663c3256f0c7196a9a79a97b489fb40641,c7d95bcdac0136b72a43dd3e9d9ea3d8c8a50ca3e5f296727880bb9722d3e04b,e5beec92c9992930f4d6b468db1806ee2f3b9224e13179af7d4e8bb5897148e0,EXACT_LINK,YES,YES,YES,YES,YES,YES,YES,1,EXACT_LINK; exact cell key; no hash or telemetry contradiction
4a21e3da:o0:d012:transpose,4a21e3da,0,12,transpose,AMBIGUOUS,TRUSTWORTHY,/workspace/arc2/active_runs/eval60_v5_vs_greedy_4worker_v1/raw/task_depth/4a21e3da/d012.parquet,331934b01f309c3d3b5a6b4e2eb023663c3256f0c7196a9a79a97b489fb40641,c7d95bcdac0136b72a43dd3e9d9ea3d8c8a50ca3e5f296727880bb9722d3e04b,e5beec92c9992930f4d6b468db1806ee2f3b9224e13179af7d4e8bb5897148e0,EXACT_LINK,YES,YES,YES,YES,YES,YES,YES,1,EXACT_LINK; exact cell key; no hash or telemetry contradiction
4a21e3da:o0:d024:anti_transpose,4a21e3da,0,24,anti_transpose,AMBIGUOUS,TRUSTWORTHY,/workspace/arc2/active_runs/eval60_v5_vs_greedy_4worker_v1/raw/task_depth/4a21e3da/d024.parquet,58ddfd2ac3da5d829b665e5100272275bfc770f0dceb6062711bc6eed823824a,7dc0550895068fb5c61e8840a83ed6c379c55d9142cec7a2cf6f465b99a0b8cd,e5beec92c9992930f4d6b468db1806ee2f3b9224e13179af7d4e8bb5897148e0,EXACT_LINK,YES,YES,YES,YES,YES,YES,YES,1,EXACT_LINK; exact cell key; no hash or telemetry contradiction
4a21e3da:o0:d024:flip_ud,4a21e3da,0,24,flip_ud,AMBIGUOUS,TRUSTWORTHY,/workspace/arc2/active_runs/eval60_v5_vs_greedy_4worker_v1/raw/task_depth/4a21e3da/d024.parquet,58ddfd2ac3da5d829b665e5100272275bfc770f0dceb6062711bc6eed823824a,7dc0550895068fb5c61e8840a83ed6c379c55d9142cec7a2cf6f465b99a0b8cd,e5beec92c9992930f4d6b468db1806ee2f3b9224e13179af7d4e8bb5897148e0,EXACT_LINK,YES,YES,YES,YES,YES,YES,YES,1,EXACT_LINK; exact cell key; no hash or telemetry contradiction
4a21e3da:o0:d024:identity,4a21e3da,0,24,identity,AMBIGUOUS,TRUSTWORTHY,/workspace/arc2/active_runs/eval60_v5_vs_greedy_4worker_v1/raw/task_depth/4a21e3da/d024.parquet,58ddfd2ac3da5d829b665e5100272275bfc770f0dceb6062711bc6eed823824a,7dc0550895068fb5c61e8840a83ed6c379c55d9142cec7a2cf6f465b99a0b8cd,e5beec92c9992930f4d6b468db1806ee2f3b9224e13179af7d4e8bb5897148e0,EXACT_LINK,YES,YES,YES,YES,YES,YES,YES,1,EXACT_LINK; exact cell key; no hash or telemetry contradiction
4a21e3da:o0:d024:transpose,4a21e3da,0,24,transpose,AMBIGUOUS,TRUSTWORTHY,/workspace/arc2/active_runs/eval60_v5_vs_greedy_4worker_v1/raw/task_depth/4a21e3da/d024.parquet,58ddfd2ac3da5d829b665e5100272275bfc770f0dceb6062711bc6eed823824a,7dc0550895068fb5c61e8840a83ed6c379c55d9142cec7a2cf6f465b99a0b8cd,e5beec92c9992930f4d6b468db1806ee2f3b9224e13179af7d4e8bb5897148e0,EXACT_LINK,YES,YES,YES,YES,YES,YES,YES,1,EXACT_LINK; exact cell key; no hash or telemetry contradiction
4a21e3da:o0:d048:anti_transpose,4a21e3da,0,48,anti_transpose,AMBIGUOUS,TRUSTWORTHY,/workspace/arc2/active_runs/eval60_v5_vs_greedy_4worker_v1/raw/task_depth/4a21e3da/d048.parquet,5b540d54a45f4663520c5e5e8331e005f3cf2875b839fcc98ef685ead6c7c93e,e2465a0ae88dff230d1178d90a5692d12b8c3445eba53c6a662734213698236b,e5beec92c9992930f4d6b468db1806ee2f3b9224e13179af7d4e8bb5897148e0,EXACT_LINK,YES,YES,YES,YES,YES,YES,YES,1,EXACT_LINK; exact cell key; no hash or telemetry contradiction
4a21e3da:o0:d048:flip_ud,4a21e3da,0,48,flip_ud,AMBIGUOUS,TRUSTWORTHY,/workspace/arc2/active_runs/eval60_v5_vs_greedy_4worker_v1/raw/task_depth/4a21e3da/d048.parquet,5b540d54a45f4663520c5e5e8331e005f3cf2875b839fcc98ef685ead6c7c93e,e2465a0ae88dff230d1178d90a5692d12b8c3445eba53c6a662734213698236b,e5beec92c9992930f4d6b468db1806ee2f3b9224e13179af7d4e8bb5897148e0,EXACT_LINK,YES,YES,YES,YES,YES,YES,YES,1,EXACT_LINK; exact cell key; no hash or telemetry contradiction
4a21e3da:o0:d048:identity,4a21e3da,0,48,identity,AMBIGUOUS,TRUSTWORTHY,/workspace/arc2/active_runs/eval60_v5_vs_greedy_4worker_v1/raw/task_depth/4a21e3da/d048.parquet,5b540d54a45f4663520c5e5e8331e005f3cf2875b839fcc98ef685ead6c7c93e,e2465a0ae88dff230d1178d90a5692d12b8c3445eba53c6a662734213698236b,e5beec92c9992930f4d6b468db1806ee2f3b9224e13179af7d4e8bb5897148e0,EXACT_LINK,YES,YES,YES,YES,YES,YES,YES,1,EXACT_LINK; exact cell key; no hash or telemetry contradiction
4a21e3da:o0:d048:transpose,4a21e3da,0,48,transpose,AMBIGUOUS,TRUSTWORTHY,/workspace/arc2/active_runs/eval60_v5_vs_greedy_4worker_v1/raw/task_depth/4a21e3da/d048.parquet,5b540d54a45f4663520c5e5e8331e005f3cf2875b839fcc98ef685ead6c7c93e,e2465a0ae88dff230d1178d90a5692d12b8c3445eba53c6a662734213698236b,e5beec92c9992930f4d6b468db1806ee2f3b9224e13179af7d4e8bb5897148e0,EXACT_LINK,YES,YES,YES,YES,YES,YES,YES,1,EXACT_LINK; exact cell key; no hash or telemetry contradiction
4a21e3da:o1:d012:anti_transpose,4a21e3da,1,12,anti_transpose,AMBIGUOUS,TRUSTWORTHY,/workspace/arc2/active_runs/eval60_v5_vs_greedy_4worker_v1/raw/task_depth/4a21e3da/d012.parquet,331934b01f309c3d3b5a6b4e2eb023663c3256f0c7196a9a79a97b489fb40641,c7d95bcdac0136b72a43dd3e9d9ea3d8c8a50ca3e5f296727880bb9722d3e04b,e5beec92c9992930f4d6b468db1806ee2f3b9224e13179af7d4e8bb5897148e0,EXACT_LINK,YES,YES,YES,YES,YES,YES,YES,1,EXACT_LINK; exact cell key; no hash or telemetry contradiction
4a21e3da:o1:d012:flip_ud,4a21e3da,1,12,flip_ud,AMBIGUOUS,TRUSTWORTHY,/workspace/arc2/active_runs/eval60_v5_vs_greedy_4worker_v1/raw/task_depth/4a21e3da/d012.parquet,331934b01f309c3d3b5a6b4e2eb023663c3256f0c7196a9a79a97b489fb40641,c7d95bcdac0136b72a43dd3e9d9ea3d8c8a50ca3e5f296727880bb9722d3e04b,e5beec92c9992930f4d6b468db1806ee2f3b9224e13179af7d4e8bb5897148e0,EXACT_LINK,YES,YES,YES,YES,YES,YES,YES,1,EXACT_LINK; exact cell key; no hash or telemetry contradiction
4a21e3da:o1:d012:identity,4a21e3da,1,12,identity,AMBIGUOUS,TRUSTWORTHY,/workspace/arc2/active_runs/eval60_v5_vs_greedy_4worker_v1/raw/task_depth/4a21e3da/d012.parquet,331934b01f309c3d3b5a6b4e2eb023663c3256f0c7196a9a79a97b489fb40641,c7d95bcdac0136b72a43dd3e9d9ea3d8c8a50ca3e5f296727880bb9722d3e04b,e5beec92c9992930f4d6b468db1806ee2f3b9224e13179af7d4e8bb5897148e0,EXACT_LINK,YES,YES,YES,YES,YES,YES,YES,1,EXACT_LINK; exact cell key; no hash or telemetry contradiction
4a21e3da:o1:d012:transpose,4a21e3da,1,12,transpose,AMBIGUOUS,TRUSTWORTHY,/workspace/arc2/active_runs/eval60_v5_vs_greedy_4worker_v1/raw/task_depth/4a21e3da/d012.parquet,331934b01f309c3d3b5a6b4e2eb023663c3256f0c7196a9a79a97b489fb40641,c7d95bcdac0136b72a43dd3e9d9ea3d8c8a50ca3e5f296727880bb9722d3e04b,e5beec92c9992930f4d6b468db1806ee2f3b9224e13179af7d4e8bb5897148e0,EXACT_LINK,YES,YES,YES,YES,YES,YES,YES,1,EXACT_LINK; exact cell key; no hash or telemetry contradiction
4a21e3da:o1:d024:anti_transpose,4a21e3da,1,24,anti_transpose,AMBIGUOUS,TRUSTWORTHY,/workspace/arc2/active_runs/eval60_v5_vs_greedy_4worker_v1/raw/task_depth/4a21e3da/d024.parquet,58ddfd2ac3da5d829b665e5100272275bfc770f0dceb6062711bc6eed823824a,7dc0550895068fb5c61e8840a83ed6c379c55d9142cec7a2cf6f465b99a0b8cd,e5beec92c9992930f4d6b468db1806ee2f3b9224e13179af7d4e8bb5897148e0,EXACT_LINK,YES,YES,YES,YES,YES,YES,YES,1,EXACT_LINK; exact cell key; no hash or telemetry contradiction
4a21e3da:o1:d024:flip_ud,4a21e3da,1,24,flip_ud,AMBIGUOUS,TRUSTWORTHY,/workspace/arc2/active_runs/eval60_v5_vs_greedy_4worker_v1/raw/task_depth/4a21e3da/d024.parquet,58ddfd2ac3da5d829b665e5100272275bfc770f0dceb6062711bc6eed823824a,7dc0550895068fb5c61e8840a83ed6c379c55d9142cec7a2cf6f465b99a0b8cd,e5beec92c9992930f4d6b468db1806ee2f3b9224e13179af7d4e8bb5897148e0,EXACT_LINK,YES,YES,YES,YES,YES,YES,YES,1,EXACT_LINK; exact cell key; no hash or telemetry contradiction
4a21e3da:o1:d024:identity,4a21e3da,1,24,identity,AMBIGUOUS,TRUSTWORTHY,/workspace/arc2/active_runs/eval60_v5_vs_greedy_4worker_v1/raw/task_depth/4a21e3da/d024.parquet,58ddfd2ac3da5d829b665e5100272275bfc770f0dceb6062711bc6eed823824a,7dc0550895068fb5c61e8840a83ed6c379c55d9142cec7a2cf6f465b99a0b8cd,e5beec92c9992930f4d6b468db1806ee2f3b9224e13179af7d4e8bb5897148e0,EXACT_LINK,YES,YES,YES,YES,YES,YES,YES,1,EXACT_LINK; exact cell key; no hash or telemetry contradiction
4a21e3da:o1:d024:transpose,4a21e3da,1,24,transpose,AMBIGUOUS,TRUSTWORTHY,/workspace/arc2/active_runs/eval60_v5_vs_greedy_4worker_v1/raw/task_depth/4a21e3da/d024.parquet,58ddfd2ac3da5d829b665e5100272275bfc770f0dceb6062711bc6eed823824a,7dc0550895068fb5c61e8840a83ed6c379c55d9142cec7a2cf6f465b99a0b8cd,e5beec92c9992930f4d6b468db1806ee2f3b9224e13179af7d4e8bb5897148e0,EXACT_LINK,YES,YES,YES,YES,YES,YES,YES,1,EXACT_LINK; exact cell key; no hash or telemetry contradiction
4a21e3da:o1:d048:anti_transpose,4a21e3da,1,48,anti_transpose,AMBIGUOUS,TRUSTWORTHY,/workspace/arc2/active_runs/eval60_v5_vs_greedy_4worker_v1/raw/task_depth/4a21e3da/d048.parquet,5b540d54a45f4663520c5e5e8331e005f3cf2875b839fcc98ef685ead6c7c93e,e2465a0ae88dff230d1178d90a5692d12b8c3445eba53c6a662734213698236b,e5beec92c9992930f4d6b468db1806ee2f3b9224e13179af7d4e8bb5897148e0,EXACT_LINK,YES,YES,YES,YES,YES,YES,YES,1,EXACT_LINK; exact cell key; no hash or telemetry contradiction
4a21e3da:o1:d048:flip_ud,4a21e3da,1,48,flip_ud,AMBIGUOUS,TRUSTWORTHY,/workspace/arc2/active_runs/eval60_v5_vs_greedy_4worker_v1/raw/task_depth/4a21e3da/d048.parquet,5b540d54a45f4663520c5e5e8331e005f3cf2875b839fcc98ef685ead6c7c93e,e2465a0ae88dff230d1178d90a5692d12b8c3445eba53c6a662734213698236b,e5beec92c9992930f4d6b468db1806ee2f3b9224e13179af7d4e8bb5897148e0,EXACT_LINK,YES,YES,YES,YES,YES,YES,YES,1,EXACT_LINK; exact cell key; no hash or telemetry contradiction
4a21e3da:o1:d048:identity,4a21e3da,1,48,identity,AMBIGUOUS,TRUSTWORTHY,/workspace/arc2/active_runs/eval60_v5_vs_greedy_4worker_v1/raw/task_depth/4a21e3da/d048.parquet,5b540d54a45f4663520c5e5e8331e005f3cf2875b839fcc98ef685ead6c7c93e,e2465a0ae88dff230d1178d90a5692d12b8c3445eba53c6a662734213698236b,e5beec92c9992930f4d6b468db1806ee2f3b9224e13179af7d4e8bb5897148e0,EXACT_LINK,YES,YES,YES,YES,YES,YES,YES,1,EXACT_LINK; exact cell key; no hash or telemetry contradiction
4a21e3da:o1:d048:transpose,4a21e3da,1,48,transpose,AMBIGUOUS,TRUSTWORTHY,/workspace/arc2/active_runs/eval60_v5_vs_greedy_4worker_v1/raw/task_depth/4a21e3da/d048.parquet,5b540d54a45f4663520c5e5e8331e005f3cf2875b839fcc98ef685ead6c7c93e,e2465a0ae88dff230d1178d90a5692d12b8c3445eba53c6a662734213698236b,e5beec92c9992930f4d6b468db1806ee2f3b9224e13179af7d4e8bb5897148e0,EXACT_LINK,YES,YES,YES,YES,YES,YES,YES,1,EXACT_LINK; exact cell key; no hash or telemetry contradiction
4c3d4a41:o0:d012:anti_transpose,4c3d4a41,0,12,anti_transpose,AMBIGUOUS,TRUSTWORTHY,/workspace/arc2/active_runs/eval60_v5_vs_greedy_4worker_v1/raw/task_depth/4c3d4a41/d012.parquet,46f9776bd5a95406ca9ae4a30bd147f0c94daac9f40705ddf08ee8ef9c516b1b,02331bfdfba397a6d569475f9231992a67040510cae38bc0385c3fc9cd663a76,e5beec92c9992930f4d6b468db1806ee2f3b9224e13179af7d4e8bb5897148e0,EXACT_LINK,YES,YES,YES,YES,YES,YES,YES,1,EXACT_LINK; exact cell key; no hash or telemetry contradiction
4c3d4a41:o0:d012:flip_ud,4c3d4a41,0,12,flip_ud,AMBIGUOUS,TRUSTWORTHY,/workspace/arc2/active_runs/eval60_v5_vs_greedy_4worker_v1/raw/task_depth/4c3d4a41/d012.parquet,46f9776bd5a95406ca9ae4a30bd147f0c94daac9f40705ddf08ee8ef9c516b1b,02331bfdfba397a6d569475f9231992a67040510cae38bc0385c3fc9cd663a76,e5beec92c9992930f4d6b468db1806ee2f3b9224e13179af7d4e8bb5897148e0,EXACT_LINK,YES,YES,YES,YES,YES,YES,YES,1,EXACT_LINK; exact cell key; no hash or telemetry contradiction
4c3d4a41:o0:d012:identity,4c3d4a41,0,12,identity,AMBIGUOUS,TRUSTWORTHY,/workspace/arc2/active_runs/eval60_v5_vs_greedy_4worker_v1/raw/task_depth/4c3d4a41/d012.parquet,46f9776bd5a95406ca9ae4a30bd147f0c94daac9f40705ddf08ee8ef9c516b1b,02331bfdfba397a6d569475f9231992a67040510cae38bc0385c3fc9cd663a76,e5beec92c9992930f4d6b468db1806ee2f3b9224e13179af7d4e8bb5897148e0,EXACT_LINK,YES,YES,YES,YES,YES,YES,YES,1,EXACT_LINK; exact cell key; no hash or telemetry contradiction
4c3d4a41:o0:d012:transpose,4c3d4a41,0,12,transpose,AMBIGUOUS,TRUSTWORTHY,/workspace/arc2/active_runs/eval60_v5_vs_greedy_4worker_v1/raw/task_depth/4c3d4a41/d012.parquet,46f9776bd5a95406ca9ae4a30bd147f0c94daac9f40705ddf08ee8ef9c516b1b,02331bfdfba397a6d569475f9231992a67040510cae38bc0385c3fc9cd663a76,e5beec92c9992930f4d6b468db1806ee2f3b9224e13179af7d4e8bb5897148e0,EXACT_LINK,YES,YES,YES,YES,YES,YES,YES,1,EXACT_LINK; exact cell key; no hash or telemetry contradiction
4c3d4a41:o1:d012:anti_transpose,4c3d4a41,1,12,anti_transpose,AMBIGUOUS,TRUSTWORTHY,/workspace/arc2/active_runs/eval60_v5_vs_greedy_4worker_v1/raw/task_depth/4c3d4a41/d012.parquet,46f9776bd5a95406ca9ae4a30bd147f0c94daac9f40705ddf08ee8ef9c516b1b,02331bfdfba397a6d569475f9231992a67040510cae38bc0385c3fc9cd663a76,e5beec92c9992930f4d6b468db1806ee2f3b9224e13179af7d4e8bb5897148e0,EXACT_LINK,YES,YES,YES,YES,YES,YES,YES,1,EXACT_LINK; exact cell key; no hash or telemetry contradiction
4c3d4a41:o1:d012:flip_ud,4c3d4a41,1,12,flip_ud,AMBIGUOUS,TRUSTWORTHY,/workspace/arc2/active_runs/eval60_v5_vs_greedy_4worker_v1/raw/task_depth/4c3d4a41/d012.parquet,46f9776bd5a95406ca9ae4a30bd147f0c94daac9f40705ddf08ee8ef9c516b1b,02331bfdfba397a6d569475f9231992a67040510cae38bc0385c3fc9cd663a76,e5beec92c9992930f4d6b468db1806ee2f3b9224e13179af7d4e8bb5897148e0,EXACT_LINK,YES,YES,YES,YES,YES,YES,YES,1,EXACT_LINK; exact cell key; no hash or telemetry contradiction
4c3d4a41:o1:d012:identity,4c3d4a41,1,12,identity,AMBIGUOUS,TRUSTWORTHY,/workspace/arc2/active_runs/eval60_v5_vs_greedy_4worker_v1/raw/task_depth/4c3d4a41/d012.parquet,46f9776bd5a95406ca9ae4a30bd147f0c94daac9f40705ddf08ee8ef9c516b1b,02331bfdfba397a6d569475f9231992a67040510cae38bc0385c3fc9cd663a76,e5beec92c9992930f4d6b468db1806ee2f3b9224e13179af7d4e8bb5897148e0,EXACT_LINK,YES,YES,YES,YES,YES,YES,YES,1,EXACT_LINK; exact cell key; no hash or telemetry contradiction
4c3d4a41:o1:d012:transpose,4c3d4a41,1,12,transpose,AMBIGUOUS,TRUSTWORTHY,/workspace/arc2/active_runs/eval60_v5_vs_greedy_4worker_v1/raw/task_depth/4c3d4a41/d012.parquet,46f9776bd5a95406ca9ae4a30bd147f0c94daac9f40705ddf08ee8ef9c516b1b,02331bfdfba397a6d569475f9231992a67040510cae38bc0385c3fc9cd663a76,e5beec92c9992930f4d6b468db1806ee2f3b9224e13179af7d4e8bb5897148e0,EXACT_LINK,YES,YES,YES,YES,YES,YES,YES,1,EXACT_LINK; exact cell key; no hash or telemetry contradiction
6ffbe589:o0:d012:anti_transpose,6ffbe589,0,12,anti_transpose,AMBIGUOUS,TRUSTWORTHY,/workspace/arc2/active_runs/eval60_v5_vs_greedy_4worker_v1/raw/task_depth/6ffbe589/d012.parquet,99402a4a0d4413d4688c25900e6aa86386d72c288d3678ed2d7bf12137fec0dc,9e5c7cb1de0a8d093856226a1b4ca2aa96abd6405f7326083635a70cd93bf4c8,e5beec92c9992930f4d6b468db1806ee2f3b9224e13179af7d4e8bb5897148e0,EXACT_LINK,YES,YES,YES,YES,YES,YES,YES,1,EXACT_LINK; exact cell key; no hash or telemetry contradiction
6ffbe589:o0:d012:flip_ud,6ffbe589,0,12,flip_ud,AMBIGUOUS,TRUSTWORTHY,/workspace/arc2/active_runs/eval60_v5_vs_greedy_4worker_v1/raw/task_depth/6ffbe589/d012.parquet,99402a4a0d4413d4688c25900e6aa86386d72c288d3678ed2d7bf12137fec0dc,9e5c7cb1de0a8d093856226a1b4ca2aa96abd6405f7326083635a70cd93bf4c8,e5beec92c9992930f4d6b468db1806ee2f3b9224e13179af7d4e8bb5897148e0,EXACT_LINK,YES,YES,YES,YES,YES,YES,YES,1,EXACT_LINK; exact cell key; no hash or telemetry contradiction
6ffbe589:o0:d012:identity,6ffbe589,0,12,identity,AMBIGUOUS,TRUSTWORTHY,/workspace/arc2/active_runs/eval60_v5_vs_greedy_4worker_v1/raw/task_depth/6ffbe589/d012.parquet,99402a4a0d4413d4688c25900e6aa86386d72c288d3678ed2d7bf12137fec0dc,9e5c7cb1de0a8d093856226a1b4ca2aa96abd6405f7326083635a70cd93bf4c8,e5beec92c9992930f4d6b468db1806ee2f3b9224e13179af7d4e8bb5897148e0,EXACT_LINK,YES,YES,YES,YES,YES,YES,YES,1,EXACT_LINK; exact cell key; no hash or telemetry contradiction
6ffbe589:o0:d012:transpose,6ffbe589,0,12,transpose,AMBIGUOUS,TRUSTWORTHY,/workspace/arc2/active_runs/eval60_v5_vs_greedy_4worker_v1/raw/task_depth/6ffbe589/d012.parquet,99402a4a0d4413d4688c25900e6aa86386d72c288d3678ed2d7bf12137fec0dc,9e5c7cb1de0a8d093856226a1b4ca2aa96abd6405f7326083635a70cd93bf4c8,e5beec92c9992930f4d6b468db1806ee2f3b9224e13179af7d4e8bb5897148e0,EXACT_LINK,YES,YES,YES,YES,YES,YES,YES,1,EXACT_LINK; exact cell key; no hash or telemetry contradiction
6ffbe589:o0:d024:anti_transpose,6ffbe589,0,24,anti_transpose,AMBIGUOUS,TRUSTWORTHY,/workspace/arc2/active_runs/eval60_v5_vs_greedy_4worker_v1/raw/task_depth/6ffbe589/d024.parquet,d1665a789d4959aad7c481e113c1d49127370de0cfc82401d3ddc95dd5fa5fb9,e0e3e33cf1e1b7da9b6dff9315acb330f5e345443eecb6c37450bc04470836fc,e5beec92c9992930f4d6b468db1806ee2f3b9224e13179af7d4e8bb5897148e0,EXACT_LINK,YES,YES,YES,YES,YES,YES,YES,1,EXACT_LINK; exact cell key; no hash or telemetry contradiction
6ffbe589:o0:d024:flip_ud,6ffbe589,0,24,flip_ud,AMBIGUOUS,TRUSTWORTHY,/workspace/arc2/active_runs/eval60_v5_vs_greedy_4worker_v1/raw/task_depth/6ffbe589/d024.parquet,d1665a789d4959aad7c481e113c1d49127370de0cfc82401d3ddc95dd5fa5fb9,e0e3e33cf1e1b7da9b6dff9315acb330f5e345443eecb6c37450bc04470836fc,e5beec92c9992930f4d6b468db1806ee2f3b9224e13179af7d4e8bb5897148e0,EXACT_LINK,YES,YES,YES,YES,YES,YES,YES,1,EXACT_LINK; exact cell key; no hash or telemetry contradiction
6ffbe589:o0:d024:identity,6ffbe589,0,24,identity,AMBIGUOUS,TRUSTWORTHY,/workspace/arc2/active_runs/eval60_v5_vs_greedy_4worker_v1/raw/task_depth/6ffbe589/d024.parquet,d1665a789d4959aad7c481e113c1d49127370de0cfc82401d3ddc95dd5fa5fb9,e0e3e33cf1e1b7da9b6dff9315acb330f5e345443eecb6c37450bc04470836fc,e5beec92c9992930f4d6b468db1806ee2f3b9224e13179af7d4e8bb5897148e0,EXACT_LINK,YES,YES,YES,YES,YES,YES,YES,1,EXACT_LINK; exact cell key; no hash or telemetry contradiction
6ffbe589:o0:d024:transpose,6ffbe589,0,24,transpose,AMBIGUOUS,TRUSTWORTHY,/workspace/arc2/active_runs/eval60_v5_vs_greedy_4worker_v1/raw/task_depth/6ffbe589/d024.parquet,d1665a789d4959aad7c481e113c1d49127370de0cfc82401d3ddc95dd5fa5fb9,e0e3e33cf1e1b7da9b6dff9315acb330f5e345443eecb6c37450bc04470836fc,e5beec92c9992930f4d6b468db1806ee2f3b9224e13179af7d4e8bb5897148e0,EXACT_LINK,YES,YES,YES,YES,YES,YES,YES,1,EXACT_LINK; exact cell key; no hash or telemetry contradiction
7b3084d4:o0:d012:anti_transpose,7b3084d4,0,12,anti_transpose,AMBIGUOUS,TRUSTWORTHY,/workspace/arc2/active_runs/eval60_v5_vs_greedy_4worker_v1/raw/task_depth/7b3084d4/d012.parquet,ca467d5fe263df67c7405511d95873caa10202cad455af84c27c33186b07e1b2,ca483bc9644bf843f97a653d62ed5f424601bd98610a6a5cf009aaf867971899,e5beec92c9992930f4d6b468db1806ee2f3b9224e13179af7d4e8bb5897148e0,EXACT_LINK,YES,YES,YES,YES,YES,YES,YES,1,EXACT_LINK; exact cell key; no hash or telemetry contradiction
7b3084d4:o0:d012:flip_ud,7b3084d4,0,12,flip_ud,AMBIGUOUS,TRUSTWORTHY,/workspace/arc2/active_runs/eval60_v5_vs_greedy_4worker_v1/raw/task_depth/7b3084d4/d012.parquet,ca467d5fe263df67c7405511d95873caa10202cad455af84c27c33186b07e1b2,ca483bc9644bf843f97a653d62ed5f424601bd98610a6a5cf009aaf867971899,e5beec92c9992930f4d6b468db1806ee2f3b9224e13179af7d4e8bb5897148e0,EXACT_LINK,YES,YES,YES,YES,YES,YES,YES,1,EXACT_LINK; exact cell key; no hash or telemetry contradiction
7b3084d4:o0:d012:identity,7b3084d4,0,12,identity,AMBIGUOUS,TRUSTWORTHY,/workspace/arc2/active_runs/eval60_v5_vs_greedy_4worker_v1/raw/task_depth/7b3084d4/d012.parquet,ca467d5fe263df67c7405511d95873caa10202cad455af84c27c33186b07e1b2,ca483bc9644bf843f97a653d62ed5f424601bd98610a6a5cf009aaf867971899,e5beec92c9992930f4d6b468db1806ee2f3b9224e13179af7d4e8bb5897148e0,EXACT_LINK,YES,YES,YES,YES,YES,YES,YES,1,EXACT_LINK; exact cell key; no hash or telemetry contradiction
7b3084d4:o0:d012:transpose,7b3084d4,0,12,transpose,AMBIGUOUS,TRUSTWORTHY,/workspace/arc2/active_runs/eval60_v5_vs_greedy_4worker_v1/raw/task_depth/7b3084d4/d012.parquet,ca467d5fe263df67c7405511d95873caa10202cad455af84c27c33186b07e1b2,ca483bc9644bf843f97a653d62ed5f424601bd98610a6a5cf009aaf867971899,e5beec92c9992930f4d6b468db1806ee2f3b9224e13179af7d4e8bb5897148e0,EXACT_LINK,YES,YES,YES,YES,YES,YES,YES,1,EXACT_LINK; exact cell key; no hash or telemetry contradiction
7b3084d4:o0:d024:anti_transpose,7b3084d4,0,24,anti_transpose,AMBIGUOUS,TRUSTWORTHY,/workspace/arc2/active_runs/eval60_v5_vs_greedy_4worker_v1/raw/task_depth/7b3084d4/d024.parquet,ec46f6eacd556463af72b66f074b6cece32778b6b2e96c2318a973062451fdaf,1e9ef17823530e49b58b23a1adc1cf86df3dfc184c69993156dc92f3c74cc11d,e5beec92c9992930f4d6b468db1806ee2f3b9224e13179af7d4e8bb5897148e0,EXACT_LINK,YES,YES,YES,YES,YES,YES,YES,1,EXACT_LINK; exact cell key; no hash or telemetry contradiction
7b3084d4:o0:d024:flip_ud,7b3084d4,0,24,flip_ud,AMBIGUOUS,TRUSTWORTHY,/workspace/arc2/active_runs/eval60_v5_vs_greedy_4worker_v1/raw/task_depth/7b3084d4/d024.parquet,ec46f6eacd556463af72b66f074b6cece32778b6b2e96c2318a973062451fdaf,1e9ef17823530e49b58b23a1adc1cf86df3dfc184c69993156dc92f3c74cc11d,e5beec92c9992930f4d6b468db1806ee2f3b9224e13179af7d4e8bb5897148e0,EXACT_LINK,YES,YES,YES,YES,YES,YES,YES,1,EXACT_LINK; exact cell key; no hash or telemetry contradiction
7b3084d4:o0:d024:identity,7b3084d4,0,24,identity,AMBIGUOUS,TRUSTWORTHY,/workspace/arc2/active_runs/eval60_v5_vs_greedy_4worker_v1/raw/task_depth/7b3084d4/d024.parquet,ec46f6eacd556463af72b66f074b6cece32778b6b2e96c2318a973062451fdaf,1e9ef17823530e49b58b23a1adc1cf86df3dfc184c69993156dc92f3c74cc11d,e5beec92c9992930f4d6b468db1806ee2f3b9224e13179af7d4e8bb5897148e0,EXACT_LINK,YES,YES,YES,YES,YES,YES,YES,1,EXACT_LINK; exact cell key; no hash or telemetry contradiction
7b3084d4:o0:d024:transpose,7b3084d4,0,24,transpose,AMBIGUOUS,TRUSTWORTHY,/workspace/arc2/active_runs/eval60_v5_vs_greedy_4worker_v1/raw/task_depth/7b3084d4/d024.parquet,ec46f6eacd556463af72b66f074b6cece32778b6b2e96c2318a973062451fdaf,1e9ef17823530e49b58b23a1adc1cf86df3dfc184c69993156dc92f3c74cc11d,e5beec92c9992930f4d6b468db1806ee2f3b9224e13179af7d4e8bb5897148e0,EXACT_LINK,YES,YES,YES,YES,YES,YES,YES,1,EXACT_LINK; exact cell key; no hash or telemetry contradiction
7b3084d4:o0:d048:anti_transpose,7b3084d4,0,48,anti_transpose,AMBIGUOUS,TRUSTWORTHY,/workspace/arc2/active_runs/eval60_v5_vs_greedy_4worker_v1/raw/task_depth/7b3084d4/d048.parquet,2ecb162f253eed8aac12fdd1de3bd221d9708c2f4775659e18756ee210143cac,ddeb94d1d2e63954a1f318d8974832550ad97a1c5146a894afc8506737f07209,e5beec92c9992930f4d6b468db1806ee2f3b9224e13179af7d4e8bb5897148e0,EXACT_LINK,YES,YES,YES,YES,YES,YES,YES,1,EXACT_LINK; exact cell key; no hash or telemetry contradiction
7b3084d4:o0:d048:flip_ud,7b3084d4,0,48,flip_ud,AMBIGUOUS,TRUSTWORTHY,/workspace/arc2/active_runs/eval60_v5_vs_greedy_4worker_v1/raw/task_depth/7b3084d4/d048.parquet,2ecb162f253eed8aac12fdd1de3bd221d9708c2f4775659e18756ee210143cac,ddeb94d1d2e63954a1f318d8974832550ad97a1c5146a894afc8506737f07209,e5beec92c9992930f4d6b468db1806ee2f3b9224e13179af7d4e8bb5897148e0,EXACT_LINK,YES,YES,YES,YES,YES,YES,YES,1,EXACT_LINK; exact cell key; no hash or telemetry contradiction
7b3084d4:o0:d048:identity,7b3084d4,0,48,identity,AMBIGUOUS,TRUSTWORTHY,/workspace/arc2/active_runs/eval60_v5_vs_greedy_4worker_v1/raw/task_depth/7b3084d4/d048.parquet,2ecb162f253eed8aac12fdd1de3bd221d9708c2f4775659e18756ee210143cac,ddeb94d1d2e63954a1f318d8974832550ad97a1c5146a894afc8506737f07209,e5beec92c9992930f4d6b468db1806ee2f3b9224e13179af7d4e8bb5897148e0,EXACT_LINK,YES,YES,YES,YES,YES,YES,YES,1,EXACT_LINK; exact cell key; no hash or telemetry contradiction
7b3084d4:o0:d048:transpose,7b3084d4,0,48,transpose,AMBIGUOUS,TRUSTWORTHY,/workspace/arc2/active_runs/eval60_v5_vs_greedy_4worker_v1/raw/task_depth/7b3084d4/d048.parquet,2ecb162f253eed8aac12fdd1de3bd221d9708c2f4775659e18756ee210143cac,ddeb94d1d2e63954a1f318d8974832550ad97a1c5146a894afc8506737f07209,e5beec92c9992930f4d6b468db1806ee2f3b9224e13179af7d4e8bb5897148e0,EXACT_LINK,YES,YES,YES,YES,YES,YES,YES,1,EXACT_LINK; exact cell key; no hash or telemetry contradiction
7ed72f31:o0:d012:anti_transpose,7ed72f31,0,12,anti_transpose,AMBIGUOUS,TRUSTWORTHY,/workspace/arc2/active_runs/eval60_v5_vs_greedy_4worker_v1/raw/task_depth/7ed72f31/d012.parquet,7ef20dfcfdb4aa4cebfa1e6f38b1fb239a26221460be3a6f0482b26ec1889586,5da720f0adbd28681f8e5a8d7184ab628c9efa748811df7e4c0d105f863ba703,e5beec92c9992930f4d6b468db1806ee2f3b9224e13179af7d4e8bb5897148e0,EXACT_LINK,YES,YES,YES,YES,YES,YES,YES,1,EXACT_LINK; exact cell key; no hash or telemetry contradiction
7ed72f31:o0:d012:flip_ud,7ed72f31,0,12,flip_ud,AMBIGUOUS,TRUSTWORTHY,/workspace/arc2/active_runs/eval60_v5_vs_greedy_4worker_v1/raw/task_depth/7ed72f31/d012.parquet,7ef20dfcfdb4aa4cebfa1e6f38b1fb239a26221460be3a6f0482b26ec1889586,5da720f0adbd28681f8e5a8d7184ab628c9efa748811df7e4c0d105f863ba703,e5beec92c9992930f4d6b468db1806ee2f3b9224e13179af7d4e8bb5897148e0,EXACT_LINK,YES,YES,YES,YES,YES,YES,YES,1,EXACT_LINK; exact cell key; no hash or telemetry contradiction
7ed72f31:o0:d012:identity,7ed72f31,0,12,identity,AMBIGUOUS,TRUSTWORTHY,/workspace/arc2/active_runs/eval60_v5_vs_greedy_4worker_v1/raw/task_depth/7ed72f31/d012.parquet,7ef20dfcfdb4aa4cebfa1e6f38b1fb239a26221460be3a6f0482b26ec1889586,5da720f0adbd28681f8e5a8d7184ab628c9efa748811df7e4c0d105f863ba703,e5beec92c9992930f4d6b468db1806ee2f3b9224e13179af7d4e8bb5897148e0,EXACT_LINK,YES,YES,YES,YES,YES,YES,YES,1,EXACT_LINK; exact cell key; no hash or telemetry contradiction
7ed72f31:o0:d012:transpose,7ed72f31,0,12,transpose,AMBIGUOUS,TRUSTWORTHY,/workspace/arc2/active_runs/eval60_v5_vs_greedy_4worker_v1/raw/task_depth/7ed72f31/d012.parquet,7ef20dfcfdb4aa4cebfa1e6f38b1fb239a26221460be3a6f0482b26ec1889586,5da720f0adbd28681f8e5a8d7184ab628c9efa748811df7e4c0d105f863ba703,e5beec92c9992930f4d6b468db1806ee2f3b9224e13179af7d4e8bb5897148e0,EXACT_LINK,YES,YES,YES,YES,YES,YES,YES,1,EXACT_LINK; exact cell key; no hash or telemetry contradiction
7ed72f31:o0:d024:anti_transpose,7ed72f31,0,24,anti_transpose,AMBIGUOUS,TRUSTWORTHY,/workspace/arc2/active_runs/eval60_v5_vs_greedy_4worker_v1/raw/task_depth/7ed72f31/d024.parquet,77b168bf09053fbe4f5721b1151425c4652b27477388cb6a8c2218320a44889a,7f7956fde3958832a41a63fdbc260f39707fd8d4aaa2a18347a0d24383cc7474,e5beec92c9992930f4d6b468db1806ee2f3b9224e13179af7d4e8bb5897148e0,EXACT_LINK,YES,YES,YES,YES,YES,YES,YES,1,EXACT_LINK; exact cell key; no hash or telemetry contradiction
7ed72f31:o0:d024:flip_ud,7ed72f31,0,24,flip_ud,AMBIGUOUS,TRUSTWORTHY,/workspace/arc2/active_runs/eval60_v5_vs_greedy_4worker_v1/raw/task_depth/7ed72f31/d024.parquet,77b168bf09053fbe4f5721b1151425c4652b27477388cb6a8c2218320a44889a,7f7956fde3958832a41a63fdbc260f39707fd8d4aaa2a18347a0d24383cc7474,e5beec92c9992930f4d6b468db1806ee2f3b9224e13179af7d4e8bb5897148e0,EXACT_LINK,YES,YES,YES,YES,YES,YES,YES,1,EXACT_LINK; exact cell key; no hash or telemetry contradiction
7ed72f31:o0:d024:identity,7ed72f31,0,24,identity,AMBIGUOUS,TRUSTWORTHY,/workspace/arc2/active_runs/eval60_v5_vs_greedy_4worker_v1/raw/task_depth/7ed72f31/d024.parquet,77b168bf09053fbe4f5721b1151425c4652b27477388cb6a8c2218320a44889a,7f7956fde3958832a41a63fdbc260f39707fd8d4aaa2a18347a0d24383cc7474,e5beec92c9992930f4d6b468db1806ee2f3b9224e13179af7d4e8bb5897148e0,EXACT_LINK,YES,YES,YES,YES,YES,YES,YES,1,EXACT_LINK; exact cell key; no hash or telemetry contradiction
7ed72f31:o0:d024:transpose,7ed72f31,0,24,transpose,AMBIGUOUS,TRUSTWORTHY,/workspace/arc2/active_runs/eval60_v5_vs_greedy_4worker_v1/raw/task_depth/7ed72f31/d024.parquet,77b168bf09053fbe4f5721b1151425c4652b27477388cb6a8c2218320a44889a,7f7956fde3958832a41a63fdbc260f39707fd8d4aaa2a18347a0d24383cc7474,e5beec92c9992930f4d6b468db1806ee2f3b9224e13179af7d4e8bb5897148e0,EXACT_LINK,YES,YES,YES,YES,YES,YES,YES,1,EXACT_LINK; exact cell key; no hash or telemetry contradiction
7ed72f31:o1:d012:anti_transpose,7ed72f31,1,12,anti_transpose,AMBIGUOUS,TRUSTWORTHY,/workspace/arc2/active_runs/eval60_v5_vs_greedy_4worker_v1/raw/task_depth/7ed72f31/d012.parquet,7ef20dfcfdb4aa4cebfa1e6f38b1fb239a26221460be3a6f0482b26ec1889586,5da720f0adbd28681f8e5a8d7184ab628c9efa748811df7e4c0d105f863ba703,e5beec92c9992930f4d6b468db1806ee2f3b9224e13179af7d4e8bb5897148e0,EXACT_LINK,YES,YES,YES,YES,YES,YES,YES,1,EXACT_LINK; exact cell key; no hash or telemetry contradiction
7ed72f31:o1:d012:flip_ud,7ed72f31,1,12,flip_ud,AMBIGUOUS,TRUSTWORTHY,/workspace/arc2/active_runs/eval60_v5_vs_greedy_4worker_v1/raw/task_depth/7ed72f31/d012.parquet,7ef20dfcfdb4aa4cebfa1e6f38b1fb239a26221460be3a6f0482b26ec1889586,5da720f0adbd28681f8e5a8d7184ab628c9efa748811df7e4c0d105f863ba703,e5beec92c9992930f4d6b468db1806ee2f3b9224e13179af7d4e8bb5897148e0,EXACT_LINK,YES,YES,YES,YES,YES,YES,YES,1,EXACT_LINK; exact cell key; no hash or telemetry contradiction
7ed72f31:o1:d012:identity,7ed72f31,1,12,identity,AMBIGUOUS,TRUSTWORTHY,/workspace/arc2/active_runs/eval60_v5_vs_greedy_4worker_v1/raw/task_depth/7ed72f31/d012.parquet,7ef20dfcfdb4aa4cebfa1e6f38b1fb239a26221460be3a6f0482b26ec1889586,5da720f0adbd28681f8e5a8d7184ab628c9efa748811df7e4c0d105f863ba703,e5beec92c9992930f4d6b468db1806ee2f3b9224e13179af7d4e8bb5897148e0,EXACT_LINK,YES,YES,YES,YES,YES,YES,YES,1,EXACT_LINK; exact cell key; no hash or telemetry contradiction
7ed72f31:o1:d012:transpose,7ed72f31,1,12,transpose,AMBIGUOUS,TRUSTWORTHY,/workspace/arc2/active_runs/eval60_v5_vs_greedy_4worker_v1/raw/task_depth/7ed72f31/d012.parquet,7ef20dfcfdb4aa4cebfa1e6f38b1fb239a26221460be3a6f0482b26ec1889586,5da720f0adbd28681f8e5a8d7184ab628c9efa748811df7e4c0d105f863ba703,e5beec92c9992930f4d6b468db1806ee2f3b9224e13179af7d4e8bb5897148e0,EXACT_LINK,YES,YES,YES,YES,YES,YES,YES,1,EXACT_LINK; exact cell key; no hash or telemetry contradiction
7ed72f31:o1:d024:anti_transpose,7ed72f31,1,24,anti_transpose,AMBIGUOUS,TRUSTWORTHY,/workspace/arc2/active_runs/eval60_v5_vs_greedy_4worker_v1/raw/task_depth/7ed72f31/d024.parquet,77b168bf09053fbe4f5721b1151425c4652b27477388cb6a8c2218320a44889a,7f7956fde3958832a41a63fdbc260f39707fd8d4aaa2a18347a0d24383cc7474,e5beec92c9992930f4d6b468db1806ee2f3b9224e13179af7d4e8bb5897148e0,EXACT_LINK,YES,YES,YES,YES,YES,YES,YES,1,EXACT_LINK; exact cell key; no hash or telemetry contradiction
7ed72f31:o1:d024:flip_ud,7ed72f31,1,24,flip_ud,AMBIGUOUS,TRUSTWORTHY,/workspace/arc2/active_runs/eval60_v5_vs_greedy_4worker_v1/raw/task_depth/7ed72f31/d024.parquet,77b168bf09053fbe4f5721b1151425c4652b27477388cb6a8c2218320a44889a,7f7956fde3958832a41a63fdbc260f39707fd8d4aaa2a18347a0d24383cc7474,e5beec92c9992930f4d6b468db1806ee2f3b9224e13179af7d4e8bb5897148e0,EXACT_LINK,YES,YES,YES,YES,YES,YES,YES,1,EXACT_LINK; exact cell key; no hash or telemetry contradiction
7ed72f31:o1:d024:identity,7ed72f31,1,24,identity,AMBIGUOUS,TRUSTWORTHY,/workspace/arc2/active_runs/eval60_v5_vs_greedy_4worker_v1/raw/task_depth/7ed72f31/d024.parquet,77b168bf09053fbe4f5721b1151425c4652b27477388cb6a8c2218320a44889a,7f7956fde3958832a41a63fdbc260f39707fd8d4aaa2a18347a0d24383cc7474,e5beec92c9992930f4d6b468db1806ee2f3b9224e13179af7d4e8bb5897148e0,EXACT_LINK,YES,YES,YES,YES,YES,YES,YES,1,EXACT_LINK; exact cell key; no hash or telemetry contradiction
7ed72f31:o1:d024:transpose,7ed72f31,1,24,transpose,AMBIGUOUS,TRUSTWORTHY,/workspace/arc2/active_runs/eval60_v5_vs_greedy_4worker_v1/raw/task_depth/7ed72f31/d024.parquet,77b168bf09053fbe4f5721b1151425c4652b27477388cb6a8c2218320a44889a,7f7956fde3958832a41a63fdbc260f39707fd8d4aaa2a18347a0d24383cc7474,e5beec92c9992930f4d6b468db1806ee2f3b9224e13179af7d4e8bb5897148e0,EXACT_LINK,YES,YES,YES,YES,YES,YES,YES,1,EXACT_LINK; exact cell key; no hash or telemetry contradiction
e376de54:o0:d012:anti_transpose,e376de54,0,12,anti_transpose,AMBIGUOUS,TRUSTWORTHY,/workspace/arc2/active_runs/eval60_v5_vs_greedy_4worker_v1/raw/task_depth/e376de54/d012.parquet,ac10154217655bf43c9e00e3631c14e9ec8fc96b4b66d6fd4b8ec2d68e40ab02,e00bbb25e2195b3248e07793371a9dddc29c27ff0b9191768015b8fa44272eb4,e5beec92c9992930f4d6b468db1806ee2f3b9224e13179af7d4e8bb5897148e0,EXACT_LINK,YES,YES,YES,YES,YES,YES,YES,1,EXACT_LINK; exact cell key; no hash or telemetry contradiction
e376de54:o0:d012:flip_ud,e376de54,0,12,flip_ud,AMBIGUOUS,TRUSTWORTHY,/workspace/arc2/active_runs/eval60_v5_vs_greedy_4worker_v1/raw/task_depth/e376de54/d012.parquet,ac10154217655bf43c9e00e3631c14e9ec8fc96b4b66d6fd4b8ec2d68e40ab02,e00bbb25e2195b3248e07793371a9dddc29c27ff0b9191768015b8fa44272eb4,e5beec92c9992930f4d6b468db1806ee2f3b9224e13179af7d4e8bb5897148e0,EXACT_LINK,YES,YES,YES,YES,YES,YES,YES,1,EXACT_LINK; exact cell key; no hash or telemetry contradiction
e376de54:o0:d012:identity,e376de54,0,12,identity,AMBIGUOUS,TRUSTWORTHY,/workspace/arc2/active_runs/eval60_v5_vs_greedy_4worker_v1/raw/task_depth/e376de54/d012.parquet,ac10154217655bf43c9e00e3631c14e9ec8fc96b4b66d6fd4b8ec2d68e40ab02,e00bbb25e2195b3248e07793371a9dddc29c27ff0b9191768015b8fa44272eb4,e5beec92c9992930f4d6b468db1806ee2f3b9224e13179af7d4e8bb5897148e0,EXACT_LINK,YES,YES,YES,YES,YES,YES,YES,1,EXACT_LINK; exact cell key; no hash or telemetry contradiction
e376de54:o0:d012:transpose,e376de54,0,12,transpose,AMBIGUOUS,TRUSTWORTHY,/workspace/arc2/active_runs/eval60_v5_vs_greedy_4worker_v1/raw/task_depth/e376de54/d012.parquet,ac10154217655bf43c9e00e3631c14e9ec8fc96b4b66d6fd4b8ec2d68e40ab02,e00bbb25e2195b3248e07793371a9dddc29c27ff0b9191768015b8fa44272eb4,e5beec92c9992930f4d6b468db1806ee2f3b9224e13179af7d4e8bb5897148e0,EXACT_LINK,YES,YES,YES,YES,YES,YES,YES,1,EXACT_LINK; exact cell key; no hash or telemetry contradiction
e376de54:o0:d024:anti_transpose,e376de54,0,24,anti_transpose,AMBIGUOUS,TRUSTWORTHY,/workspace/arc2/active_runs/eval60_v5_vs_greedy_4worker_v1/raw/task_depth/e376de54/d024.parquet,b1cccec81c8f74bab6bda63c051241d561b79888377f79780878ff28a539acff,0be1e7b2a36e74dce803ab228fd34ae864e5eb0d7fcaf692e3f220ee1d98c079,e5beec92c9992930f4d6b468db1806ee2f3b9224e13179af7d4e8bb5897148e0,EXACT_LINK,YES,YES,YES,YES,YES,YES,YES,1,EXACT_LINK; exact cell key; no hash or telemetry contradiction
e376de54:o0:d024:flip_ud,e376de54,0,24,flip_ud,AMBIGUOUS,TRUSTWORTHY,/workspace/arc2/active_runs/eval60_v5_vs_greedy_4worker_v1/raw/task_depth/e376de54/d024.parquet,b1cccec81c8f74bab6bda63c051241d561b79888377f79780878ff28a539acff,0be1e7b2a36e74dce803ab228fd34ae864e5eb0d7fcaf692e3f220ee1d98c079,e5beec92c9992930f4d6b468db1806ee2f3b9224e13179af7d4e8bb5897148e0,EXACT_LINK,YES,YES,YES,YES,YES,YES,YES,1,EXACT_LINK; exact cell key; no hash or telemetry contradiction
e376de54:o0:d024:identity,e376de54,0,24,identity,AMBIGUOUS,TRUSTWORTHY,/workspace/arc2/active_runs/eval60_v5_vs_greedy_4worker_v1/raw/task_depth/e376de54/d024.parquet,b1cccec81c8f74bab6bda63c051241d561b79888377f79780878ff28a539acff,0be1e7b2a36e74dce803ab228fd34ae864e5eb0d7fcaf692e3f220ee1d98c079,e5beec92c9992930f4d6b468db1806ee2f3b9224e13179af7d4e8bb5897148e0,EXACT_LINK,YES,YES,YES,YES,YES,YES,YES,1,EXACT_LINK; exact cell key; no hash or telemetry contradiction
e376de54:o0:d024:transpose,e376de54,0,24,transpose,AMBIGUOUS,TRUSTWORTHY,/workspace/arc2/active_runs/eval60_v5_vs_greedy_4worker_v1/raw/task_depth/e376de54/d024.parquet,b1cccec81c8f74bab6bda63c051241d561b79888377f79780878ff28a539acff,0be1e7b2a36e74dce803ab228fd34ae864e5eb0d7fcaf692e3f220ee1d98c079,e5beec92c9992930f4d6b468db1806ee2f3b9224e13179af7d4e8bb5897148e0,EXACT_LINK,YES,YES,YES,YES,YES,YES,YES,1,EXACT_LINK; exact cell key; no hash or telemetry contradiction
e376de54:o0:d048:anti_transpose,e376de54,0,48,anti_transpose,AMBIGUOUS,TRUSTWORTHY,/workspace/arc2/active_runs/eval60_v5_vs_greedy_4worker_v1/raw/task_depth/e376de54/d048.parquet,d768617fb65f815773b209a33b28af0126e41e383496ad8fe51be39864df9419,018600cdb2e56a5ff743951fdc491b156135a555059470d75a12ace42a45b45f,e5beec92c9992930f4d6b468db1806ee2f3b9224e13179af7d4e8bb5897148e0,EXACT_LINK,YES,YES,YES,YES,YES,YES,YES,1,EXACT_LINK; exact cell key; no hash or telemetry contradiction
e376de54:o0:d048:flip_ud,e376de54,0,48,flip_ud,AMBIGUOUS,TRUSTWORTHY,/workspace/arc2/active_runs/eval60_v5_vs_greedy_4worker_v1/raw/task_depth/e376de54/d048.parquet,d768617fb65f815773b209a33b28af0126e41e383496ad8fe51be39864df9419,018600cdb2e56a5ff743951fdc491b156135a555059470d75a12ace42a45b45f,e5beec92c9992930f4d6b468db1806ee2f3b9224e13179af7d4e8bb5897148e0,EXACT_LINK,YES,YES,YES,YES,YES,YES,YES,1,EXACT_LINK; exact cell key; no hash or telemetry contradiction
e376de54:o0:d048:identity,e376de54,0,48,identity,AMBIGUOUS,TRUSTWORTHY,/workspace/arc2/active_runs/eval60_v5_vs_greedy_4worker_v1/raw/task_depth/e376de54/d048.parquet,d768617fb65f815773b209a33b28af0126e41e383496ad8fe51be39864df9419,018600cdb2e56a5ff743951fdc491b156135a555059470d75a12ace42a45b45f,e5beec92c9992930f4d6b468db1806ee2f3b9224e13179af7d4e8bb5897148e0,EXACT_LINK,YES,YES,YES,YES,YES,YES,YES,1,EXACT_LINK; exact cell key; no hash or telemetry contradiction
e376de54:o0:d048:transpose,e376de54,0,48,transpose,AMBIGUOUS,TRUSTWORTHY,/workspace/arc2/active_runs/eval60_v5_vs_greedy_4worker_v1/raw/task_depth/e376de54/d048.parquet,d768617fb65f815773b209a33b28af0126e41e383496ad8fe51be39864df9419,018600cdb2e56a5ff743951fdc491b156135a555059470d75a12ace42a45b45f,e5beec92c9992930f4d6b468db1806ee2f3b9224e13179af7d4e8bb5897148e0,EXACT_LINK,YES,YES,YES,YES,YES,YES,YES,1,EXACT_LINK; exact cell key; no hash or telemetry contradiction
f931b4a8:o0:d012:anti_transpose,f931b4a8,0,12,anti_transpose,AMBIGUOUS,TRUSTWORTHY,/workspace/arc2/active_runs/eval60_v5_vs_greedy_4worker_v1/raw/task_depth/f931b4a8/d012.parquet,c33caf36b43cb411df8edba07aaf0054a4434bce7092da389c847d0f92806c26,47fb1a35ab62f9126ab1689f90c344afc3e5cc0886a391b59e7d729f4969ff09,e5beec92c9992930f4d6b468db1806ee2f3b9224e13179af7d4e8bb5897148e0,EXACT_LINK,YES,YES,YES,YES,YES,YES,YES,1,EXACT_LINK; exact cell key; no hash or telemetry contradiction
f931b4a8:o0:d012:flip_ud,f931b4a8,0,12,flip_ud,AMBIGUOUS,TRUSTWORTHY,/workspace/arc2/active_runs/eval60_v5_vs_greedy_4worker_v1/raw/task_depth/f931b4a8/d012.parquet,c33caf36b43cb411df8edba07aaf0054a4434bce7092da389c847d0f92806c26,47fb1a35ab62f9126ab1689f90c344afc3e5cc0886a391b59e7d729f4969ff09,e5beec92c9992930f4d6b468db1806ee2f3b9224e13179af7d4e8bb5897148e0,EXACT_LINK,YES,YES,YES,YES,YES,YES,YES,1,EXACT_LINK; exact cell key; no hash or telemetry contradiction
f931b4a8:o0:d012:identity,f931b4a8,0,12,identity,AMBIGUOUS,TRUSTWORTHY,/workspace/arc2/active_runs/eval60_v5_vs_greedy_4worker_v1/raw/task_depth/f931b4a8/d012.parquet,c33caf36b43cb411df8edba07aaf0054a4434bce7092da389c847d0f92806c26,47fb1a35ab62f9126ab1689f90c344afc3e5cc0886a391b59e7d729f4969ff09,e5beec92c9992930f4d6b468db1806ee2f3b9224e13179af7d4e8bb5897148e0,EXACT_LINK,YES,YES,YES,YES,YES,YES,YES,1,EXACT_LINK; exact cell key; no hash or telemetry contradiction
f931b4a8:o0:d012:transpose,f931b4a8,0,12,transpose,AMBIGUOUS,TRUSTWORTHY,/workspace/arc2/active_runs/eval60_v5_vs_greedy_4worker_v1/raw/task_depth/f931b4a8/d012.parquet,c33caf36b43cb411df8edba07aaf0054a4434bce7092da389c847d0f92806c26,47fb1a35ab62f9126ab1689f90c344afc3e5cc0886a391b59e7d729f4969ff09,e5beec92c9992930f4d6b468db1806ee2f3b9224e13179af7d4e8bb5897148e0,EXACT_LINK,YES,YES,YES,YES,YES,YES,YES,1,EXACT_LINK; exact cell key; no hash or telemetry contradiction
f931b4a8:o0:d024:anti_transpose,f931b4a8,0,24,anti_transpose,AMBIGUOUS,TRUSTWORTHY,/workspace/arc2/active_runs/eval60_v5_vs_greedy_4worker_v1/raw/task_depth/f931b4a8/d024.parquet,c56825868bc77b04090b1d0f9dec291eb48f5fdb2233f5b196488de291e6040e,66a6640a611ef60b483149ad1578a7083365afb03f2ae2f2b766d2ec0baa0134,e5beec92c9992930f4d6b468db1806ee2f3b9224e13179af7d4e8bb5897148e0,EXACT_LINK,YES,YES,YES,YES,YES,YES,YES,1,EXACT_LINK; exact cell key; no hash or telemetry contradiction
f931b4a8:o0:d024:flip_ud,f931b4a8,0,24,flip_ud,AMBIGUOUS,TRUSTWORTHY,/workspace/arc2/active_runs/eval60_v5_vs_greedy_4worker_v1/raw/task_depth/f931b4a8/d024.parquet,c56825868bc77b04090b1d0f9dec291eb48f5fdb2233f5b196488de291e6040e,66a6640a611ef60b483149ad1578a7083365afb03f2ae2f2b766d2ec0baa0134,e5beec92c9992930f4d6b468db1806ee2f3b9224e13179af7d4e8bb5897148e0,EXACT_LINK,YES,YES,YES,YES,YES,YES,YES,1,EXACT_LINK; exact cell key; no hash or telemetry contradiction
f931b4a8:o0:d024:identity,f931b4a8,0,24,identity,AMBIGUOUS,TRUSTWORTHY,/workspace/arc2/active_runs/eval60_v5_vs_greedy_4worker_v1/raw/task_depth/f931b4a8/d024.parquet,c56825868bc77b04090b1d0f9dec291eb48f5fdb2233f5b196488de291e6040e,66a6640a611ef60b483149ad1578a7083365afb03f2ae2f2b766d2ec0baa0134,e5beec92c9992930f4d6b468db1806ee2f3b9224e13179af7d4e8bb5897148e0,EXACT_LINK,YES,YES,YES,YES,YES,YES,YES,1,EXACT_LINK; exact cell key; no hash or telemetry contradiction
f931b4a8:o0:d024:transpose,f931b4a8,0,24,transpose,AMBIGUOUS,TRUSTWORTHY,/workspace/arc2/active_runs/eval60_v5_vs_greedy_4worker_v1/raw/task_depth/f931b4a8/d024.parquet,c56825868bc77b04090b1d0f9dec291eb48f5fdb2233f5b196488de291e6040e,66a6640a611ef60b483149ad1578a7083365afb03f2ae2f2b766d2ec0baa0134,e5beec92c9992930f4d6b468db1806ee2f3b9224e13179af7d4e8bb5897148e0,EXACT_LINK,YES,YES,YES,YES,YES,YES,YES,1,EXACT_LINK; exact cell key; no hash or telemetry contradiction
f931b4a8:o0:d048:anti_transpose,f931b4a8,0,48,anti_transpose,AMBIGUOUS,TRUSTWORTHY,/workspace/arc2/active_runs/eval60_v5_vs_greedy_4worker_v1/raw/task_depth/f931b4a8/d048.parquet,ae4c6d6a430ee217c5b58b795e77b1d91b25e634cc8e193589246989e3dcdbe1,603da7a217a345b798032bad575216e4a551f72a645b73926e1df8d6fdccc09c,e5beec92c9992930f4d6b468db1806ee2f3b9224e13179af7d4e8bb5897148e0,EXACT_LINK,YES,YES,YES,YES,YES,YES,YES,1,EXACT_LINK; exact cell key; no hash or telemetry contradiction
f931b4a8:o0:d048:flip_ud,f931b4a8,0,48,flip_ud,AMBIGUOUS,TRUSTWORTHY,/workspace/arc2/active_runs/eval60_v5_vs_greedy_4worker_v1/raw/task_depth/f931b4a8/d048.parquet,ae4c6d6a430ee217c5b58b795e77b1d91b25e634cc8e193589246989e3dcdbe1,603da7a217a345b798032bad575216e4a551f72a645b73926e1df8d6fdccc09c,e5beec92c9992930f4d6b468db1806ee2f3b9224e13179af7d4e8bb5897148e0,EXACT_LINK,YES,YES,YES,YES,YES,YES,YES,1,EXACT_LINK; exact cell key; no hash or telemetry contradiction
f931b4a8:o0:d048:identity,f931b4a8,0,48,identity,AMBIGUOUS,TRUSTWORTHY,/workspace/arc2/active_runs/eval60_v5_vs_greedy_4worker_v1/raw/task_depth/f931b4a8/d048.parquet,ae4c6d6a430ee217c5b58b795e77b1d91b25e634cc8e193589246989e3dcdbe1,603da7a217a345b798032bad575216e4a551f72a645b73926e1df8d6fdccc09c,e5beec92c9992930f4d6b468db1806ee2f3b9224e13179af7d4e8bb5897148e0,EXACT_LINK,YES,YES,YES,YES,YES,YES,YES,1,EXACT_LINK; exact cell key; no hash or telemetry contradiction
f931b4a8:o0:d048:transpose,f931b4a8,0,48,transpose,AMBIGUOUS,TRUSTWORTHY,/workspace/arc2/active_runs/eval60_v5_vs_greedy_4worker_v1/raw/task_depth/f931b4a8/d048.parquet,ae4c6d6a430ee217c5b58b795e77b1d91b25e634cc8e193589246989e3dcdbe1,603da7a217a345b798032bad575216e4a551f72a645b73926e1df8d6fdccc09c,e5beec92c9992930f4d6b468db1806ee2f3b9224e13179af7d4e8bb5897148e0,EXACT_LINK,YES,YES,YES,YES,YES,YES,YES,1,EXACT_LINK; exact cell key; no hash or telemetry contradiction
f931b4a8:o1:d012:anti_transpose,f931b4a8,1,12,anti_transpose,AMBIGUOUS,TRUSTWORTHY,/workspace/arc2/active_runs/eval60_v5_vs_greedy_4worker_v1/raw/task_depth/f931b4a8/d012.parquet,c33caf36b43cb411df8edba07aaf0054a4434bce7092da389c847d0f92806c26,47fb1a35ab62f9126ab1689f90c344afc3e5cc0886a391b59e7d729f4969ff09,e5beec92c9992930f4d6b468db1806ee2f3b9224e13179af7d4e8bb5897148e0,EXACT_LINK,YES,YES,YES,YES,YES,YES,YES,1,EXACT_LINK; exact cell key; no hash or telemetry contradiction
f931b4a8:o1:d012:flip_ud,f931b4a8,1,12,flip_ud,AMBIGUOUS,TRUSTWORTHY,/workspace/arc2/active_runs/eval60_v5_vs_greedy_4worker_v1/raw/task_depth/f931b4a8/d012.parquet,c33caf36b43cb411df8edba07aaf0054a4434bce7092da389c847d0f92806c26,47fb1a35ab62f9126ab1689f90c344afc3e5cc0886a391b59e7d729f4969ff09,e5beec92c9992930f4d6b468db1806ee2f3b9224e13179af7d4e8bb5897148e0,EXACT_LINK,YES,YES,YES,YES,YES,YES,YES,1,EXACT_LINK; exact cell key; no hash or telemetry contradiction
f931b4a8:o1:d012:identity,f931b4a8,1,12,identity,AMBIGUOUS,TRUSTWORTHY,/workspace/arc2/active_runs/eval60_v5_vs_greedy_4worker_v1/raw/task_depth/f931b4a8/d012.parquet,c33caf36b43cb411df8edba07aaf0054a4434bce7092da389c847d0f92806c26,47fb1a35ab62f9126ab1689f90c344afc3e5cc0886a391b59e7d729f4969ff09,e5beec92c9992930f4d6b468db1806ee2f3b9224e13179af7d4e8bb5897148e0,EXACT_LINK,YES,YES,YES,YES,YES,YES,YES,1,EXACT_LINK; exact cell key; no hash or telemetry contradiction
f931b4a8:o1:d012:transpose,f931b4a8,1,12,transpose,AMBIGUOUS,TRUSTWORTHY,/workspace/arc2/active_runs/eval60_v5_vs_greedy_4worker_v1/raw/task_depth/f931b4a8/d012.parquet,c33caf36b43cb411df8edba07aaf0054a4434bce7092da389c847d0f92806c26,47fb1a35ab62f9126ab1689f90c344afc3e5cc0886a391b59e7d729f4969ff09,e5beec92c9992930f4d6b468db1806ee2f3b9224e13179af7d4e8bb5897148e0,EXACT_LINK,YES,YES,YES,YES,YES,YES,YES,1,EXACT_LINK; exact cell key; no hash or telemetry contradiction
f931b4a8:o1:d024:anti_transpose,f931b4a8,1,24,anti_transpose,AMBIGUOUS,TRUSTWORTHY,/workspace/arc2/active_runs/eval60_v5_vs_greedy_4worker_v1/raw/task_depth/f931b4a8/d024.parquet,c56825868bc77b04090b1d0f9dec291eb48f5fdb2233f5b196488de291e6040e,66a6640a611ef60b483149ad1578a7083365afb03f2ae2f2b766d2ec0baa0134,e5beec92c9992930f4d6b468db1806ee2f3b9224e13179af7d4e8bb5897148e0,EXACT_LINK,YES,YES,YES,YES,YES,YES,YES,1,EXACT_LINK; exact cell key; no hash or telemetry contradiction
f931b4a8:o1:d024:flip_ud,f931b4a8,1,24,flip_ud,AMBIGUOUS,TRUSTWORTHY,/workspace/arc2/active_runs/eval60_v5_vs_greedy_4worker_v1/raw/task_depth/f931b4a8/d024.parquet,c56825868bc77b04090b1d0f9dec291eb48f5fdb2233f5b196488de291e6040e,66a6640a611ef60b483149ad1578a7083365afb03f2ae2f2b766d2ec0baa0134,e5beec92c9992930f4d6b468db1806ee2f3b9224e13179af7d4e8bb5897148e0,EXACT_LINK,YES,YES,YES,YES,YES,YES,YES,1,EXACT_LINK; exact cell key; no hash or telemetry contradiction
f931b4a8:o1:d024:identity,f931b4a8,1,24,identity,AMBIGUOUS,TRUSTWORTHY,/workspace/arc2/active_runs/eval60_v5_vs_greedy_4worker_v1/raw/task_depth/f931b4a8/d024.parquet,c56825868bc77b04090b1d0f9dec291eb48f5fdb2233f5b196488de291e6040e,66a6640a611ef60b483149ad1578a7083365afb03f2ae2f2b766d2ec0baa0134,e5beec92c9992930f4d6b468db1806ee2f3b9224e13179af7d4e8bb5897148e0,EXACT_LINK,YES,YES,YES,YES,YES,YES,YES,1,EXACT_LINK; exact cell key; no hash or telemetry contradiction
f931b4a8:o1:d024:transpose,f931b4a8,1,24,transpose,AMBIGUOUS,TRUSTWORTHY,/workspace/arc2/active_runs/eval60_v5_vs_greedy_4worker_v1/raw/task_depth/f931b4a8/d024.parquet,c56825868bc77b04090b1d0f9dec291eb48f5fdb2233f5b196488de291e6040e,66a6640a611ef60b483149ad1578a7083365afb03f2ae2f2b766d2ec0baa0134,e5beec92c9992930f4d6b468db1806ee2f3b9224e13179af7d4e8bb5897148e0,EXACT_LINK,YES,YES,YES,YES,YES,YES,YES,1,EXACT_LINK; exact cell key; no hash or telemetry contradiction
f931b4a8:o1:d048:anti_transpose,f931b4a8,1,48,anti_transpose,AMBIGUOUS,TRUSTWORTHY,/workspace/arc2/active_runs/eval60_v5_vs_greedy_4worker_v1/raw/task_depth/f931b4a8/d048.parquet,ae4c6d6a430ee217c5b58b795e77b1d91b25e634cc8e193589246989e3dcdbe1,603da7a217a345b798032bad575216e4a551f72a645b73926e1df8d6fdccc09c,e5beec92c9992930f4d6b468db1806ee2f3b9224e13179af7d4e8bb5897148e0,EXACT_LINK,YES,YES,YES,YES,YES,YES,YES,1,EXACT_LINK; exact cell key; no hash or telemetry contradiction
f931b4a8:o1:d048:flip_ud,f931b4a8,1,48,flip_ud,AMBIGUOUS,TRUSTWORTHY,/workspace/arc2/active_runs/eval60_v5_vs_greedy_4worker_v1/raw/task_depth/f931b4a8/d048.parquet,ae4c6d6a430ee217c5b58b795e77b1d91b25e634cc8e193589246989e3dcdbe1,603da7a217a345b798032bad575216e4a551f72a645b73926e1df8d6fdccc09c,e5beec92c9992930f4d6b468db1806ee2f3b9224e13179af7d4e8bb5897148e0,EXACT_LINK,YES,YES,YES,YES,YES,YES,YES,1,EXACT_LINK; exact cell key; no hash or telemetry contradiction
f931b4a8:o1:d048:identity,f931b4a8,1,48,identity,AMBIGUOUS,TRUSTWORTHY,/workspace/arc2/active_runs/eval60_v5_vs_greedy_4worker_v1/raw/task_depth/f931b4a8/d048.parquet,ae4c6d6a430ee217c5b58b795e77b1d91b25e634cc8e193589246989e3dcdbe1,603da7a217a345b798032bad575216e4a551f72a645b73926e1df8d6fdccc09c,e5beec92c9992930f4d6b468db1806ee2f3b9224e13179af7d4e8bb5897148e0,EXACT_LINK,YES,YES,YES,YES,YES,YES,YES,1,EXACT_LINK; exact cell key; no hash or telemetry contradiction
f931b4a8:o1:d048:transpose,f931b4a8,1,48,transpose,AMBIGUOUS,TRUSTWORTHY,/workspace/arc2/active_runs/eval60_v5_vs_greedy_4worker_v1/raw/task_depth/f931b4a8/d048.parquet,ae4c6d6a430ee217c5b58b795e77b1d91b25e634cc8e193589246989e3dcdbe1,603da7a217a345b798032bad575216e4a551f72a645b73926e1df8d6fdccc09c,e5beec92c9992930f4d6b468db1806ee2f3b9224e13179af7d4e8bb5897148e0,EXACT_LINK,YES,YES,YES,YES,YES,YES,YES,1,EXACT_LINK; exact cell key; no hash or telemetry contradiction
