cell_key,v1_candidate_signature,v2_candidate_signature,unchanged
1818057f:o0:d12:anti_transpose,3ee690065bab2e285ea7313754f94e6c649130928dca01146425226d6002a1ac,3ee690065bab2e285ea7313754f94e6c649130928dca01146425226d6002a1ac,YES
1818057f:o0:d12:flip_ud,9ced37bff4b69c14ea607780ab5d43cb82b3da13e286a57a7cf587748f93081c,9ced37bff4b69c14ea607780ab5d43cb82b3da13e286a57a7cf587748f93081c,YES
1818057f:o0:d12:transpose,0a6ffe849b30cf63e5d81e919cdf4e9710b2b9d5e94ec17c1ac0a4580eddcb5f,0a6ffe849b30cf63e5d81e919cdf4e9710b2b9d5e94ec17c1ac0a4580eddcb5f,YES
1818057f:o0:d24:anti_transpose,2d9a7770a313f44dc480d66fa4af6aba775e10478ccae310d3b4aceef9765fb3,2d9a7770a313f44dc480d66fa4af6aba775e10478ccae310d3b4aceef9765fb3,YES
1818057f:o0:d24:flip_ud,36c25dacde71102cb10b2e3d52016941a16bb8ad33cbb0aa257807d554f518b2,36c25dacde71102cb10b2e3d52016941a16bb8ad33cbb0aa257807d554f518b2,YES
1818057f:o0:d24:transpose,15866f71e7ce6496a360f6b410e0eb8aa3148beb6ed59561cd3d34a963c5e77f,15866f71e7ce6496a360f6b410e0eb8aa3148beb6ed59561cd3d34a963c5e77f,YES
1818057f:o0:d48:anti_transpose,326e64f65415cd879e30b04f0f75432fb96866dcfe0cddc95bced42aac914912,326e64f65415cd879e30b04f0f75432fb96866dcfe0cddc95bced42aac914912,YES
1818057f:o0:d48:flip_ud,08c312c06458b361ae193a22eff69851a566a00260429e4a4c78405e00592006,08c312c06458b361ae193a22eff69851a566a00260429e4a4c78405e00592006,YES
1818057f:o0:d48:identity,df131a458f9076657cefed9104bf21838bdede18d1a21671dd822fe31920eb2e,df131a458f9076657cefed9104bf21838bdede18d1a21671dd822fe31920eb2e,YES
1818057f:o0:d48:transpose,2ce7372382a09dc260f8b2603bf09a1ce26a8d24fea42f0cf79f8bd472993034,2ce7372382a09dc260f8b2603bf09a1ce26a8d24fea42f0cf79f8bd472993034,YES
20270e3b:o0:d12:anti_transpose,9c0bd155cfc02bde30425e457da904de5ce3e63523ce23bf55bfe5dd67e12c7c,9c0bd155cfc02bde30425e457da904de5ce3e63523ce23bf55bfe5dd67e12c7c,YES
20270e3b:o0:d12:flip_ud,78db44dcac07661b118373347d1f84353a2b7d0b7542b1b62894795af93c43e1,78db44dcac07661b118373347d1f84353a2b7d0b7542b1b62894795af93c43e1,YES
20270e3b:o0:d12:identity,51d71a6db8920e7057f3312c0774594fa1f9c76337b81d84bfc7a0edfd54d84b,51d71a6db8920e7057f3312c0774594fa1f9c76337b81d84bfc7a0edfd54d84b,YES
20270e3b:o0:d12:transpose,ae7406c067726158a0b16df8453af1a58510e00cfacf0455359bcacfe9ca6984,ae7406c067726158a0b16df8453af1a58510e00cfacf0455359bcacfe9ca6984,YES
20270e3b:o0:d24:anti_transpose,6b89d2efc07626085d418085dec970ad632426425bec13f9b6458dc358c059f8,6b89d2efc07626085d418085dec970ad632426425bec13f9b6458dc358c059f8,YES
20270e3b:o0:d24:flip_ud,508df3177d62d001b0ea9ea45189e17ac071cfde7bc5afba7faefb6d1c3f4c49,508df3177d62d001b0ea9ea45189e17ac071cfde7bc5afba7faefb6d1c3f4c49,YES
20270e3b:o0:d24:identity,32a08000f23b13bcbe59b77e6aaf663f35279c02295d39ca87706880a1ca870a,32a08000f23b13bcbe59b77e6aaf663f35279c02295d39ca87706880a1ca870a,YES
20270e3b:o0:d24:transpose,60e8c96841d244295ad671d9b70e7c113de61fe682504cd092171632b1f16657,60e8c96841d244295ad671d9b70e7c113de61fe682504cd092171632b1f16657,YES
20270e3b:o0:d48:anti_transpose,e1a94c6c24b5ab6fba21f62105c7bf7672ff21cec0767af6b57ef253f325363c,e1a94c6c24b5ab6fba21f62105c7bf7672ff21cec0767af6b57ef253f325363c,YES
20270e3b:o0:d48:flip_ud,741c2058338a3dc53422d54f218e2a3d43db23269ccece68b38ed1b594f99cb4,741c2058338a3dc53422d54f218e2a3d43db23269ccece68b38ed1b594f99cb4,YES
20270e3b:o0:d48:identity,032b307402da8daa587767ce310c71d70a3280f29c0a3088ff7b1627c07c60e7,032b307402da8daa587767ce310c71d70a3280f29c0a3088ff7b1627c07c60e7,YES
20270e3b:o0:d48:transpose,6379cc3f8112049517d7df51de9b810c3ea77a1bdc953715b95d955d1a68b35a,6379cc3f8112049517d7df51de9b810c3ea77a1bdc953715b95d955d1a68b35a,YES
20270e3b:o1:d12:anti_transpose,aa7288dddfe3da9b49be68ca84eff962954804448cd6c4e667a3609d631d5c95,aa7288dddfe3da9b49be68ca84eff962954804448cd6c4e667a3609d631d5c95,YES
20270e3b:o1:d12:flip_ud,bc45b05dedb031d1311dd950f32f3e50c23d14d9f8145b7882ed6ea53555a67d,bc45b05dedb031d1311dd950f32f3e50c23d14d9f8145b7882ed6ea53555a67d,YES
20270e3b:o1:d12:identity,800f859648ced22d85a7d09236836b4474cccb76b22962bca4f0b3fe52d6a043,800f859648ced22d85a7d09236836b4474cccb76b22962bca4f0b3fe52d6a043,YES
20270e3b:o1:d12:transpose,f2442f14b806b196d5d5feadbd0dc1c9b219db0f53ec6b91f5f8e29554e1f20b,f2442f14b806b196d5d5feadbd0dc1c9b219db0f53ec6b91f5f8e29554e1f20b,YES
20270e3b:o1:d24:anti_transpose,093fc96818f8a1a99fdd39a6f053b469d6c7f27a8e7e9ab2ecf17ef436dc2dc0,093fc96818f8a1a99fdd39a6f053b469d6c7f27a8e7e9ab2ecf17ef436dc2dc0,YES
20270e3b:o1:d24:flip_ud,32998ba1f942edde9fc5ab8b4edd830253a25caa997c5407a6ce8d90902e9548,32998ba1f942edde9fc5ab8b4edd830253a25caa997c5407a6ce8d90902e9548,YES
20270e3b:o1:d24:identity,df23e175b83b1c73521d9a6fe7bfeecbde1134f09032e385f2a8dbaff30c0374,df23e175b83b1c73521d9a6fe7bfeecbde1134f09032e385f2a8dbaff30c0374,YES
20270e3b:o1:d24:transpose,3e04cd12f1b7f95f1c04ec4c12a1541134f7b44c9ec03a32f5a1da1d21f755bb,3e04cd12f1b7f95f1c04ec4c12a1541134f7b44c9ec03a32f5a1da1d21f755bb,YES
20270e3b:o1:d48:anti_transpose,6e1dbdda05491b92bd0cd3d24a0ed599cdf1a4500dcedc4cb1c42452d99640d9,6e1dbdda05491b92bd0cd3d24a0ed599cdf1a4500dcedc4cb1c42452d99640d9,YES
20270e3b:o1:d48:flip_ud,829924ed71463798279a9891a71da35f48c5657dc0b90eb15524ed7db327b59d,829924ed71463798279a9891a71da35f48c5657dc0b90eb15524ed7db327b59d,YES
20270e3b:o1:d48:identity,cdbed9f9cc8cce5260d400a4a8fc036b4f835304d8d899c705581dee5ed72cb1,cdbed9f9cc8cce5260d400a4a8fc036b4f835304d8d899c705581dee5ed72cb1,YES
20270e3b:o1:d48:transpose,4b54ee50222352ad3046569cc0844c1d0c7a1e8a6d94d9b3fac724e80d813183,4b54ee50222352ad3046569cc0844c1d0c7a1e8a6d94d9b3fac724e80d813183,YES
2c181942:o0:d12:anti_transpose,cdd5965cb2774d7e84b6ceda29856aad955c0330095e09cac63819fe9456899f,cdd5965cb2774d7e84b6ceda29856aad955c0330095e09cac63819fe9456899f,YES
2c181942:o0:d12:flip_ud,1ec1c92bf2f720f61adb64270b9c02ba1e48fb467a13ba2d4a616b5b13da7703,1ec1c92bf2f720f61adb64270b9c02ba1e48fb467a13ba2d4a616b5b13da7703,YES
2c181942:o0:d12:identity,dcd4f70a497cf30c677d10651a7a017dffaa8a5caaad7071155223da30c963af,dcd4f70a497cf30c677d10651a7a017dffaa8a5caaad7071155223da30c963af,YES
2c181942:o0:d12:transpose,a8c0ef448ce682dac2c934a229f3f87b1860b00ceec7a5e0bab12fb32e47374c,a8c0ef448ce682dac2c934a229f3f87b1860b00ceec7a5e0bab12fb32e47374c,YES
2c181942:o0:d24:anti_transpose,453b29fbf5adad4c4dde280e911a5ff7cf76e388506cf3ed8fa8ca20db042098,453b29fbf5adad4c4dde280e911a5ff7cf76e388506cf3ed8fa8ca20db042098,YES
2c181942:o0:d24:flip_ud,3fde5a8ab92c91f4a48642d77c819409f32f63c4b8018e92657bbe86143820a6,3fde5a8ab92c91f4a48642d77c819409f32f63c4b8018e92657bbe86143820a6,YES
2c181942:o0:d24:identity,dd4f584b80095450bb2ef83346de8e9c2283343834a18256e952657f0098abc2,dd4f584b80095450bb2ef83346de8e9c2283343834a18256e952657f0098abc2,YES
2c181942:o0:d24:transpose,90011ac9899887e70ad69cc1df960244ba7741f1ab9e5fa6f0c9df9512f71a8f,90011ac9899887e70ad69cc1df960244ba7741f1ab9e5fa6f0c9df9512f71a8f,YES
2c181942:o0:d48:anti_transpose,440e2a7ae0d7e03c372d6afc6646fca191811e67fb4cbef77f398cf8d42f7d0c,440e2a7ae0d7e03c372d6afc6646fca191811e67fb4cbef77f398cf8d42f7d0c,YES
2c181942:o0:d48:flip_ud,c415f7e6984b21caf383d81dce325351f06952903e835971aee3dc790b2fb461,c415f7e6984b21caf383d81dce325351f06952903e835971aee3dc790b2fb461,YES
2c181942:o0:d48:identity,98e76f6efca6da351436909bba83844f9b80a68099b637ebe37124c002faf96c,98e76f6efca6da351436909bba83844f9b80a68099b637ebe37124c002faf96c,YES
2c181942:o0:d48:transpose,dd5e4a576344db28f415d778758c9f7aebba155281e1fc1f8666f139bbdfce91,dd5e4a576344db28f415d778758c9f7aebba155281e1fc1f8666f139bbdfce91,YES
31f7f899:o0:d12:anti_transpose,431396bd84364c6a087a89b8d64aa9d697217646c21d3e16959ef53300c17cc4,431396bd84364c6a087a89b8d64aa9d697217646c21d3e16959ef53300c17cc4,YES
31f7f899:o0:d12:flip_ud,d6c5ec4b1950f28663c62126731f20af4d378f0dce8eb0023a42d6921fae17b0,d6c5ec4b1950f28663c62126731f20af4d378f0dce8eb0023a42d6921fae17b0,YES
31f7f899:o0:d12:transpose,62c00a89f9759e21158222ca7ae2db66aa16a8eb555f2ef5c8c4f3c757df35e3,62c00a89f9759e21158222ca7ae2db66aa16a8eb555f2ef5c8c4f3c757df35e3,YES
31f7f899:o0:d24:anti_transpose,efa17f1130ad190fca9ed271e01e6e59f36f6d68a6a582dcce39864c93c81403,efa17f1130ad190fca9ed271e01e6e59f36f6d68a6a582dcce39864c93c81403,YES
31f7f899:o0:d24:flip_ud,0e8ad940855ad5bed0fa20c1f19bf4b82ccbf16c3ad6a577cf22cbf18650cf59,0e8ad940855ad5bed0fa20c1f19bf4b82ccbf16c3ad6a577cf22cbf18650cf59,YES
31f7f899:o0:d24:identity,c989ff6620ed56406d86eb76b6902eb95ce2ecca88d467a64bae12812093cd54,c989ff6620ed56406d86eb76b6902eb95ce2ecca88d467a64bae12812093cd54,YES
31f7f899:o0:d24:transpose,900254cc37b731fdedb96b31e84f31ddaff651c28281c571706674cef4a3d119,900254cc37b731fdedb96b31e84f31ddaff651c28281c571706674cef4a3d119,YES
31f7f899:o0:d48:anti_transpose,d8187acbf998e1d504d1fcc0827c2fe9794a929aa50d1e831dedfcba19c40c13,d8187acbf998e1d504d1fcc0827c2fe9794a929aa50d1e831dedfcba19c40c13,YES
31f7f899:o0:d48:flip_ud,450c046fea62688ccc4bdd3a7a9dc988665885d94bc56e87d33159fafe6f0de8,450c046fea62688ccc4bdd3a7a9dc988665885d94bc56e87d33159fafe6f0de8,YES
31f7f899:o0:d48:transpose,fef4ab5bbfcd79f11e332a26a164afe87b5b3ecb726f07cdd56c0976cb7ce64a,fef4ab5bbfcd79f11e332a26a164afe87b5b3ecb726f07cdd56c0976cb7ce64a,YES
332f06d7:o0:d12:anti_transpose,69b9a438f20ed3f42bd4216dd431bf8df428c01663c2e39128c36ec867898209,69b9a438f20ed3f42bd4216dd431bf8df428c01663c2e39128c36ec867898209,YES
332f06d7:o0:d12:flip_ud,2dfc00f075cc06be6b7d190836f0fc24c0e37397f57dcdc5c41ce5942e44edd9,2dfc00f075cc06be6b7d190836f0fc24c0e37397f57dcdc5c41ce5942e44edd9,YES
332f06d7:o0:d12:identity,5b26a8e42a121a0b1350e83716970d8b23969ee40df4c664ed7245926b083899,5b26a8e42a121a0b1350e83716970d8b23969ee40df4c664ed7245926b083899,YES
332f06d7:o0:d12:transpose,ba0bc857c497e29ff315c4c11ba109a4838ca2b4ea636a8a0abff26b0919e062,ba0bc857c497e29ff315c4c11ba109a4838ca2b4ea636a8a0abff26b0919e062,YES
332f06d7:o0:d24:anti_transpose,109a3afc7d2c68c38f2d1f42acee16e523b887dbe507a86885bd4ed1cdbe8b5d,109a3afc7d2c68c38f2d1f42acee16e523b887dbe507a86885bd4ed1cdbe8b5d,YES
332f06d7:o0:d24:flip_ud,d7e3cc193e5c7f996726137118b3a8f93682b45e57c81777d42ac8418f35508b,d7e3cc193e5c7f996726137118b3a8f93682b45e57c81777d42ac8418f35508b,YES
332f06d7:o0:d24:identity,761e8de6a390477e2001263c801d88a5479b0deef3a776cf1703b338cefe62e1,761e8de6a390477e2001263c801d88a5479b0deef3a776cf1703b338cefe62e1,YES
332f06d7:o0:d24:transpose,8f941c65d5865ab873efbcfa0ea15acf72e187224ea87ee0eb33b0b3a70f731f,8f941c65d5865ab873efbcfa0ea15acf72e187224ea87ee0eb33b0b3a70f731f,YES
332f06d7:o0:d48:anti_transpose,8a6867637663a6c19f79ac83e497d5c7722bee8c59c1a38f848ad9dea47b6292,8a6867637663a6c19f79ac83e497d5c7722bee8c59c1a38f848ad9dea47b6292,YES
332f06d7:o0:d48:flip_ud,b34168f08f9c01f4d51fc0d8cea655a5d0834fd2fbcfd96f33098cced8bd77ca,b34168f08f9c01f4d51fc0d8cea655a5d0834fd2fbcfd96f33098cced8bd77ca,YES
332f06d7:o0:d48:identity,c38cdc256e8c968c6ee8d4b563cea9391d55b5b9fa7b7da2ad0302ce900a4829,c38cdc256e8c968c6ee8d4b563cea9391d55b5b9fa7b7da2ad0302ce900a4829,YES
332f06d7:o0:d48:transpose,1ef3261346f218b6f5c42ab0dacb06f9e54022815c82125f51026a0a5fa47a6d,1ef3261346f218b6f5c42ab0dacb06f9e54022815c82125f51026a0a5fa47a6d,YES
3a25b0d8:o0:d12:anti_transpose,781d17fe32b68f861bc59e6b7a0a37a180e79e95803fc4e89595a2ec999df68d,781d17fe32b68f861bc59e6b7a0a37a180e79e95803fc4e89595a2ec999df68d,YES
3a25b0d8:o0:d12:flip_ud,39cf0ccd14c69c01dc0032681ab79c398aa1d0c5e8ddf5603d62f07930faaa86,39cf0ccd14c69c01dc0032681ab79c398aa1d0c5e8ddf5603d62f07930faaa86,YES
3a25b0d8:o0:d12:identity,fe0b48fd7422e3d2221cb86dff9448b796fcb2a0ea7b5ed43046044f0db6d6ed,fe0b48fd7422e3d2221cb86dff9448b796fcb2a0ea7b5ed43046044f0db6d6ed,YES
3a25b0d8:o0:d12:transpose,faa0fb21b42aea0e0fa701cc809852f09e546eb2860b3fdc9e1d0ccb51e0a323,faa0fb21b42aea0e0fa701cc809852f09e546eb2860b3fdc9e1d0ccb51e0a323,YES
3a25b0d8:o0:d24:anti_transpose,45d4904dad7336ab880c59241e9471e5dd31abf9d67de1d65fd6703a6d10fc87,45d4904dad7336ab880c59241e9471e5dd31abf9d67de1d65fd6703a6d10fc87,YES
3a25b0d8:o0:d24:flip_ud,4639a79a3f0291e94d3cadf76b4a5c6fe2876dbe7fdd021a09717ed3d141fcca,4639a79a3f0291e94d3cadf76b4a5c6fe2876dbe7fdd021a09717ed3d141fcca,YES
3a25b0d8:o0:d24:identity,625511156ec713293d52b145684f6b37405d35ba79d156ba46fe0ecc60e01439,625511156ec713293d52b145684f6b37405d35ba79d156ba46fe0ecc60e01439,YES
3a25b0d8:o0:d24:transpose,feed010b215a5ba95fd422bdf9519648cfb3cddf24bc077043942bfd47d8cfdf,feed010b215a5ba95fd422bdf9519648cfb3cddf24bc077043942bfd47d8cfdf,YES
3a25b0d8:o0:d48:anti_transpose,207db7cd9b472f3f06966cfe2ce24284638e5159bbc7c96e096cb789dec0f832,207db7cd9b472f3f06966cfe2ce24284638e5159bbc7c96e096cb789dec0f832,YES
3a25b0d8:o0:d48:flip_ud,164a650bd0d2850037b9a760a88373b526c1cf8c51f5e766969e13a9448f5242,164a650bd0d2850037b9a760a88373b526c1cf8c51f5e766969e13a9448f5242,YES
3a25b0d8:o0:d48:identity,a61a0c4453eb821900462ff734aecf800a3c32a7de450ca3b715ea6d6088834c,a61a0c4453eb821900462ff734aecf800a3c32a7de450ca3b715ea6d6088834c,YES
3a25b0d8:o0:d48:transpose,3ee341f1d1b6184c451b76412582017ed2af190f4f42a75a9d6e974635b68165,3ee341f1d1b6184c451b76412582017ed2af190f4f42a75a9d6e974635b68165,YES
3a25b0d8:o1:d12:anti_transpose,7df5b20fe74ce3dd40e7d6cad768a943a31cf84187a128040174146f47edebbf,7df5b20fe74ce3dd40e7d6cad768a943a31cf84187a128040174146f47edebbf,YES
3a25b0d8:o1:d12:flip_ud,8df24bc482024c6ec0c0d44d9ced63cfa193de80b95bad2a3836ccab08a24ea4,8df24bc482024c6ec0c0d44d9ced63cfa193de80b95bad2a3836ccab08a24ea4,YES
3a25b0d8:o1:d12:identity,1ede0234850dec0f0d5b4f3b16c926dead46019790025e751d3f8a7799c8faeb,1ede0234850dec0f0d5b4f3b16c926dead46019790025e751d3f8a7799c8faeb,YES
3a25b0d8:o1:d12:transpose,6a1fb1e8d51533115189f57a4d61478759840f16720b930981e15ceed8b0b465,6a1fb1e8d51533115189f57a4d61478759840f16720b930981e15ceed8b0b465,YES
3a25b0d8:o1:d24:anti_transpose,6dabee5321bc4acdb8ac3f06ebd2dd327adc210897ffa141d62dcf3f37c7af9b,6dabee5321bc4acdb8ac3f06ebd2dd327adc210897ffa141d62dcf3f37c7af9b,YES
3a25b0d8:o1:d24:flip_ud,ecdebbb78a2c229c68d394ea7f5744d0c8215cedcd040c17c98b0b1cf698dfd2,ecdebbb78a2c229c68d394ea7f5744d0c8215cedcd040c17c98b0b1cf698dfd2,YES
3a25b0d8:o1:d24:identity,350b4cb1cc4a126eef50555150c15d7811c21a7d1b4fb54fcd729ee563f144dc,350b4cb1cc4a126eef50555150c15d7811c21a7d1b4fb54fcd729ee563f144dc,YES
3a25b0d8:o1:d24:transpose,03875cc3c7a5b836ef2e2eb118b0c6d01a1868a8934061a3e9e242b46710c3ee,03875cc3c7a5b836ef2e2eb118b0c6d01a1868a8934061a3e9e242b46710c3ee,YES
3a25b0d8:o1:d48:anti_transpose,9b83905dd5e72defb08e0ecf86cf7e0f5e692648d5417efaf9fd3f39118e3dc7,9b83905dd5e72defb08e0ecf86cf7e0f5e692648d5417efaf9fd3f39118e3dc7,YES
3a25b0d8:o1:d48:flip_ud,b47aa023309a06b77e3fe05544fc613f7aa8407f98b573844eee6b64a030e078,b47aa023309a06b77e3fe05544fc613f7aa8407f98b573844eee6b64a030e078,YES
3a25b0d8:o1:d48:identity,3a4c6aded23f59d42b0e4cb5b69bdfd73b4e7290e5ac80cfcb1247c674c0ae55,3a4c6aded23f59d42b0e4cb5b69bdfd73b4e7290e5ac80cfcb1247c674c0ae55,YES
3a25b0d8:o1:d48:transpose,1dac1a089eb9edc45ca1a328f8283e3e01f7b2e11d305ff0fc37441423f1222e,1dac1a089eb9edc45ca1a328f8283e3e01f7b2e11d305ff0fc37441423f1222e,YES
446ef5d2:o0:d12:anti_transpose,8be95111737121aa2f695e429cfc20e91c3eb592b7ab46f9d5e2ba3fa60c15b1,8be95111737121aa2f695e429cfc20e91c3eb592b7ab46f9d5e2ba3fa60c15b1,YES
446ef5d2:o0:d12:flip_ud,625f10b9f29252107c7a4a8f7c2a5b84b99f6075b6c3ddc37febb3bf661ddb18,625f10b9f29252107c7a4a8f7c2a5b84b99f6075b6c3ddc37febb3bf661ddb18,YES
446ef5d2:o0:d12:transpose,95c0551e552188140e81bd9112a26132bc659045559f68e8a2c033e694412884,95c0551e552188140e81bd9112a26132bc659045559f68e8a2c033e694412884,YES
446ef5d2:o0:d24:anti_transpose,8763f9f13d929a9e7db7bc8e2060d72f251922e91cd560ad3063d13d987fcf28,8763f9f13d929a9e7db7bc8e2060d72f251922e91cd560ad3063d13d987fcf28,YES
446ef5d2:o0:d24:flip_ud,734d94c5069dc1d03c2f059c887dfdae5b1c13884608c9674fcd714f68ea60fb,734d94c5069dc1d03c2f059c887dfdae5b1c13884608c9674fcd714f68ea60fb,YES
446ef5d2:o0:d24:identity,162d7775652df1cec607f4a95cae8637b92e92a090ee17d0ae9ccdf506cfb1f7,162d7775652df1cec607f4a95cae8637b92e92a090ee17d0ae9ccdf506cfb1f7,YES
446ef5d2:o0:d24:transpose,79d44e49526b5a884ef1e1ab85d450d9287f30cdc51a70922640d32c50ec2b15,79d44e49526b5a884ef1e1ab85d450d9287f30cdc51a70922640d32c50ec2b15,YES
446ef5d2:o0:d48:anti_transpose,f375dae1a0b181922aeaa4e2ef0c2c6a8b4014c2e4f0721c4ec197f33808d483,f375dae1a0b181922aeaa4e2ef0c2c6a8b4014c2e4f0721c4ec197f33808d483,YES
446ef5d2:o0:d48:flip_ud,8a669f47b3ad0e12eb4e44bc3a80fd5712620e0ed195240d986aa8b13a77b289,8a669f47b3ad0e12eb4e44bc3a80fd5712620e0ed195240d986aa8b13a77b289,YES
446ef5d2:o0:d48:identity,4ee07c02144306eb456dd5b97f328c213b4e3f86b664132db22aa74d069de600,4ee07c02144306eb456dd5b97f328c213b4e3f86b664132db22aa74d069de600,YES
446ef5d2:o0:d48:transpose,2ca4f5280f853afdd50f1a081f386b1f533ed1d48d22ef2f3a77f342daf37a02,2ca4f5280f853afdd50f1a081f386b1f533ed1d48d22ef2f3a77f342daf37a02,YES
446ef5d2:o1:d12:anti_transpose,b8956521e0da1422e7e3559b4333d72b3fff01679e0329b3310cea11d40294df,b8956521e0da1422e7e3559b4333d72b3fff01679e0329b3310cea11d40294df,YES
446ef5d2:o1:d12:flip_ud,ae0c289b388845ff06aaee86065aa3399d28f01bc3e2241bd7367e3eb8b9558d,ae0c289b388845ff06aaee86065aa3399d28f01bc3e2241bd7367e3eb8b9558d,YES
446ef5d2:o1:d12:identity,05a8458aab751fb6c41a89a15776d8f046221c050cb84acbc718e7c0d8697ae4,05a8458aab751fb6c41a89a15776d8f046221c050cb84acbc718e7c0d8697ae4,YES
446ef5d2:o1:d12:transpose,d24c58d1171a648f524623ac874a9f8e72c2cd6f2c3def65b17c4d2cb9d473cc,d24c58d1171a648f524623ac874a9f8e72c2cd6f2c3def65b17c4d2cb9d473cc,YES
446ef5d2:o1:d24:anti_transpose,b8d8443bfe3b3dcab17de2b25777e717e63621ba31dad63279ef5f7cef5f1f88,b8d8443bfe3b3dcab17de2b25777e717e63621ba31dad63279ef5f7cef5f1f88,YES
446ef5d2:o1:d24:flip_ud,7219681f55322397efa4c9a5aac2f595eebf529e2ab4dac1715bcacbea5329f5,7219681f55322397efa4c9a5aac2f595eebf529e2ab4dac1715bcacbea5329f5,YES
446ef5d2:o1:d24:identity,ad894a1d9e79eab7f375cd08aab282a9bea7dac3360aacd0a79077c32be4b04f,ad894a1d9e79eab7f375cd08aab282a9bea7dac3360aacd0a79077c32be4b04f,YES
446ef5d2:o1:d24:transpose,34bdb89ac4b8f44643dbf0643e2c75e8dd949b22fcf43f3bf65905d78435168d,34bdb89ac4b8f44643dbf0643e2c75e8dd949b22fcf43f3bf65905d78435168d,YES
446ef5d2:o1:d48:anti_transpose,05c59bce828839ea5e9b57989b96b319cb32b9b90ac9d50f4b00ec5ed651700c,05c59bce828839ea5e9b57989b96b319cb32b9b90ac9d50f4b00ec5ed651700c,YES
446ef5d2:o1:d48:flip_ud,f8ca467bc115bcdc9f8a2efc30078d4c969e56a998758c237f34191f54328892,f8ca467bc115bcdc9f8a2efc30078d4c969e56a998758c237f34191f54328892,YES
446ef5d2:o1:d48:identity,f6ded7267dc1863588a6d6285c7ad3d10b5140d7939b99f651c16b073b183bdf,f6ded7267dc1863588a6d6285c7ad3d10b5140d7939b99f651c16b073b183bdf,YES
446ef5d2:o1:d48:transpose,f796bb10ec2b0392c6e10b8c2e2bf49b4cb7210564af9010d03906f0c9f0388f,f796bb10ec2b0392c6e10b8c2e2bf49b4cb7210564af9010d03906f0c9f0388f,YES
45a5af55:o0:d12:anti_transpose,559f7ded59a204d896fa8db9cfb037630d2536d5c811357fca7e2711d15074ad,559f7ded59a204d896fa8db9cfb037630d2536d5c811357fca7e2711d15074ad,YES
45a5af55:o0:d12:flip_ud,27f98a4544058ee0374e2be432169932865f5690e45debf60ee6b3dd557d9fbf,27f98a4544058ee0374e2be432169932865f5690e45debf60ee6b3dd557d9fbf,YES
45a5af55:o0:d12:identity,7f592a990a766b52e2fa4358edb0a078fa7a0360d89e0035a17c147a0bb56da5,7f592a990a766b52e2fa4358edb0a078fa7a0360d89e0035a17c147a0bb56da5,YES
45a5af55:o0:d12:transpose,37e985c76ebc9ff305a2fda4fc476fc7ab5c31fc3fca8333696eadfc1a002ddd,37e985c76ebc9ff305a2fda4fc476fc7ab5c31fc3fca8333696eadfc1a002ddd,YES
45a5af55:o0:d24:anti_transpose,6c95177a600c750c9bdd624d4aefe12efe88706cb80fce7ec4320bf1e88d6797,6c95177a600c750c9bdd624d4aefe12efe88706cb80fce7ec4320bf1e88d6797,YES
45a5af55:o0:d24:flip_ud,5f503e3bc69ceb4bfc47baae4d34f90e6a6a505db5c112c62c478d6c05031473,5f503e3bc69ceb4bfc47baae4d34f90e6a6a505db5c112c62c478d6c05031473,YES
45a5af55:o0:d24:identity,49e87cf106a74fcdce9a608969d4658ab5c3492a449db59d3391e038b75dfce7,49e87cf106a74fcdce9a608969d4658ab5c3492a449db59d3391e038b75dfce7,YES
45a5af55:o0:d24:transpose,d525951980dda8c9e9d9d90353a8fb1d422d9ee09a8e6a478a7807c69c3605c8,d525951980dda8c9e9d9d90353a8fb1d422d9ee09a8e6a478a7807c69c3605c8,YES
45a5af55:o0:d48:anti_transpose,8d7a3d3b5c377b208953fbd823645505751968953116983647da666d25e6a622,8d7a3d3b5c377b208953fbd823645505751968953116983647da666d25e6a622,YES
45a5af55:o0:d48:flip_ud,472002822c9f5b2e66c48e95d24129b88a75b76a9513e3f149b407449cc21c3a,472002822c9f5b2e66c48e95d24129b88a75b76a9513e3f149b407449cc21c3a,YES
45a5af55:o0:d48:identity,a85d4686187d7ba64a44cf2f6cf5583c3e69de4f212d5a4305483ddf6064112f,a85d4686187d7ba64a44cf2f6cf5583c3e69de4f212d5a4305483ddf6064112f,YES
45a5af55:o0:d48:transpose,db38d456cbde68b704808b1ad5917130c3f05ef0edce7cd1e20f1462ba0225bf,db38d456cbde68b704808b1ad5917130c3f05ef0edce7cd1e20f1462ba0225bf,YES
4c3d4a41:o0:d24:anti_transpose,8fcb54e7be9d66b4fa541a1e0d14242146cf5a933edc67a02d02ee04b7af57db,8fcb54e7be9d66b4fa541a1e0d14242146cf5a933edc67a02d02ee04b7af57db,YES
4c3d4a41:o0:d24:flip_ud,5ed49237248c0b3d3a1e2dc6d3dcc2b2d768bac2ce5388efc1f6b3bc2b19a94c,5ed49237248c0b3d3a1e2dc6d3dcc2b2d768bac2ce5388efc1f6b3bc2b19a94c,YES
4c3d4a41:o0:d24:identity,b39bbe92c3742153b9151fd59f82f73fed5eaad4e6e5882f36430b43e029e9d2,b39bbe92c3742153b9151fd59f82f73fed5eaad4e6e5882f36430b43e029e9d2,YES
4c3d4a41:o0:d24:transpose,19384e5fd90433042c1893f0ecb5589031540f50def3bed540fc51acdc6b082d,19384e5fd90433042c1893f0ecb5589031540f50def3bed540fc51acdc6b082d,YES
4c3d4a41:o0:d48:anti_transpose,cf9c9d48df1be28456a3359a46d61bc13c6a5c1c590ad8f96934f10e4d21e5a4,cf9c9d48df1be28456a3359a46d61bc13c6a5c1c590ad8f96934f10e4d21e5a4,YES
4c3d4a41:o0:d48:flip_ud,5189a64eff9813c7cd3d28c490d2faad16acffe8e117ee424af3cfcb89ad09ea,5189a64eff9813c7cd3d28c490d2faad16acffe8e117ee424af3cfcb89ad09ea,YES
4c3d4a41:o0:d48:identity,6af4443ca95746b6ff865b4b0e582dfae7bc1e9c7200f67a2f57eb4edaf4adc3,6af4443ca95746b6ff865b4b0e582dfae7bc1e9c7200f67a2f57eb4edaf4adc3,YES
4c3d4a41:o0:d48:transpose,f80a89330128d38799d20ef70e55661a0a3d819ec2dd74beb541d27b6ea6d5b2,f80a89330128d38799d20ef70e55661a0a3d819ec2dd74beb541d27b6ea6d5b2,YES
4c3d4a41:o1:d24:anti_transpose,07eadea780aab0342bb6a005e966eb89d2e0b3f6a44711cca0129c789593688e,07eadea780aab0342bb6a005e966eb89d2e0b3f6a44711cca0129c789593688e,YES
4c3d4a41:o1:d24:flip_ud,40f96db619bf5a1b95037205c96e4b7881f9f8952d99db15551ab7098facd133,40f96db619bf5a1b95037205c96e4b7881f9f8952d99db15551ab7098facd133,YES
4c3d4a41:o1:d24:identity,c7c573d240881c24e7c834919393030a0bef0b59a6dc43eba55ee75964273f68,c7c573d240881c24e7c834919393030a0bef0b59a6dc43eba55ee75964273f68,YES
4c3d4a41:o1:d24:transpose,adc6baec9809b49038184f92aa42ee8fd58b626488d4f8f46129d675cddcf678,adc6baec9809b49038184f92aa42ee8fd58b626488d4f8f46129d675cddcf678,YES
4c3d4a41:o1:d48:anti_transpose,30410b5938582e5d033865a75b6287a020b1f1dc65b3ee9b9a5b7d5bb5c7dcb1,30410b5938582e5d033865a75b6287a020b1f1dc65b3ee9b9a5b7d5bb5c7dcb1,YES
4c3d4a41:o1:d48:flip_ud,28ece338e69abf7a56700ec975060aa24fdef06a236ba08bab610ca520ee2be5,28ece338e69abf7a56700ec975060aa24fdef06a236ba08bab610ca520ee2be5,YES
4c3d4a41:o1:d48:identity,91654aa0bb5ac23a7ef339e271781dc5c61f9f40285775d0566dbb7c224d6889,91654aa0bb5ac23a7ef339e271781dc5c61f9f40285775d0566dbb7c224d6889,YES
4c3d4a41:o1:d48:transpose,d5dd17bc2b95f873148534a371b176c6515cf86dedddbd5d601e827db3a33fbd,d5dd17bc2b95f873148534a371b176c6515cf86dedddbd5d601e827db3a33fbd,YES
4e34c42c:o0:d12:anti_transpose,2c487617f2c48f36989748f3b732a644c03f4f6c64f6479fb29c936f07b0026c,2c487617f2c48f36989748f3b732a644c03f4f6c64f6479fb29c936f07b0026c,YES
4e34c42c:o0:d12:flip_ud,eb8416bd87b7c9f31f76ab13d9d97d2f587864c8f4f1da27d4538453c084bbae,eb8416bd87b7c9f31f76ab13d9d97d2f587864c8f4f1da27d4538453c084bbae,YES
4e34c42c:o0:d12:identity,2d2938e4359006ab9260f204c302f65d2aac7bac571d522591158f871d7ed709,2d2938e4359006ab9260f204c302f65d2aac7bac571d522591158f871d7ed709,YES
4e34c42c:o0:d12:transpose,9cd854f40f983ccb53550e95ea8c5ee3c1e37f4cc99ba45bb28ad02f3106571e,9cd854f40f983ccb53550e95ea8c5ee3c1e37f4cc99ba45bb28ad02f3106571e,YES
4e34c42c:o0:d24:anti_transpose,ec5c7f70939dc8119a7b3713b95d787d740085ace71b87f47d0f15908aa810c7,ec5c7f70939dc8119a7b3713b95d787d740085ace71b87f47d0f15908aa810c7,YES
4e34c42c:o0:d24:flip_ud,72e946a22837cc419d9e969b9743f8432804272385f33010a2aad633e4359e3c,72e946a22837cc419d9e969b9743f8432804272385f33010a2aad633e4359e3c,YES
4e34c42c:o0:d24:identity,12304621725f5b79463cc38dcf9c88bfe735677bd8024a476be4b6e3b5d28d7e,12304621725f5b79463cc38dcf9c88bfe735677bd8024a476be4b6e3b5d28d7e,YES
4e34c42c:o0:d24:transpose,dea9503af4fbc0454da38ecc910984e00993b153d2b71b9313f97f3fbfe2f2f1,dea9503af4fbc0454da38ecc910984e00993b153d2b71b9313f97f3fbfe2f2f1,YES
4e34c42c:o0:d48:anti_transpose,666e46d018bf60aa8ea01fdf5312b2235f7d2f6c00d771ae0813ee9df38f0ec3,666e46d018bf60aa8ea01fdf5312b2235f7d2f6c00d771ae0813ee9df38f0ec3,YES
4e34c42c:o0:d48:flip_ud,14157809f4cabe91140acf750b84fd669ddb625d05a6bda9eaf67c22b30732e3,14157809f4cabe91140acf750b84fd669ddb625d05a6bda9eaf67c22b30732e3,YES
4e34c42c:o0:d48:identity,f1a31e70bb113106bc6e2f439cf52c2cc8ffd5ca676b45e031d133d21b2607b3,f1a31e70bb113106bc6e2f439cf52c2cc8ffd5ca676b45e031d133d21b2607b3,YES
4e34c42c:o0:d48:transpose,1dd62d7b9dd16a3f234ee5cfdc64e5a15a83b3abcd4b3fb6ad9fd4d4a1e51fe5,1dd62d7b9dd16a3f234ee5cfdc64e5a15a83b3abcd4b3fb6ad9fd4d4a1e51fe5,YES
4e34c42c:o1:d12:anti_transpose,a1a7f6f84c49c54f228fb7bebc66ec3e03d4558f5cbcdd8d37de1429e1eb3c95,a1a7f6f84c49c54f228fb7bebc66ec3e03d4558f5cbcdd8d37de1429e1eb3c95,YES
4e34c42c:o1:d12:flip_ud,b21f1a7e5730b509b43b6dcee8dce56680fd5f06fe3979225117fd9e99f5c906,b21f1a7e5730b509b43b6dcee8dce56680fd5f06fe3979225117fd9e99f5c906,YES
4e34c42c:o1:d12:identity,505ccd6f565a20b7c4a876e278e82a3fc20ae35a40e5a25b0a2ca504ec5e792d,505ccd6f565a20b7c4a876e278e82a3fc20ae35a40e5a25b0a2ca504ec5e792d,YES
4e34c42c:o1:d12:transpose,56544c2c9ee06264ebd5c40726fc4066caafc8840b5d59bceb1a792c0312cbe4,56544c2c9ee06264ebd5c40726fc4066caafc8840b5d59bceb1a792c0312cbe4,YES
4e34c42c:o1:d24:anti_transpose,10349c4a24a97cc6d1c9d0057314b7fbf23263b9ae31cf7c37dff691c11d73bd,10349c4a24a97cc6d1c9d0057314b7fbf23263b9ae31cf7c37dff691c11d73bd,YES
4e34c42c:o1:d24:flip_ud,0efc97d8e4a867945736973c59451ce149d3f0b62e85983dc9413f2c9b656804,0efc97d8e4a867945736973c59451ce149d3f0b62e85983dc9413f2c9b656804,YES
4e34c42c:o1:d24:identity,50d531a925d597fd9b01990dc9963930347e3643a7f0e341179ea153cfef199e,50d531a925d597fd9b01990dc9963930347e3643a7f0e341179ea153cfef199e,YES
4e34c42c:o1:d24:transpose,f35b1b87fbb2829b3612110d3123e61c8d12a152d4e049531e28104b9041b90c,f35b1b87fbb2829b3612110d3123e61c8d12a152d4e049531e28104b9041b90c,YES
4e34c42c:o1:d48:anti_transpose,84a4117bc143fbc4890af41c9eba2299465741ee7202281d3c7c08dda0443941,84a4117bc143fbc4890af41c9eba2299465741ee7202281d3c7c08dda0443941,YES
4e34c42c:o1:d48:flip_ud,22136e9c8faca438304db3b97d3f397dc1b6e7e2234c735ca0a01fff5794a968,22136e9c8faca438304db3b97d3f397dc1b6e7e2234c735ca0a01fff5794a968,YES
4e34c42c:o1:d48:identity,44bb6c696f537bdb8acb49676c736c17d046ba337274b6e3ac92a587e5e7c183,44bb6c696f537bdb8acb49676c736c17d046ba337274b6e3ac92a587e5e7c183,YES
4e34c42c:o1:d48:transpose,413336c293448457f936ae7c43a53f2f7dcea626023b78daef84b9430525c086,413336c293448457f936ae7c43a53f2f7dcea626023b78daef84b9430525c086,YES
53fb4810:o0:d12:anti_transpose,6af5907dc5bd713b3dbf3fe34704596daeeaf0f551dacbc01a70740075885e84,6af5907dc5bd713b3dbf3fe34704596daeeaf0f551dacbc01a70740075885e84,YES
53fb4810:o0:d12:flip_ud,47bd8c62a1f80a2e9036632cc4cb5853faa36fa870df1083472ec3a021ed0d24,47bd8c62a1f80a2e9036632cc4cb5853faa36fa870df1083472ec3a021ed0d24,YES
53fb4810:o0:d12:identity,5c9fb95e124c85a2d95b0659674d2aa07eb5d119208b79d77b35801421e4220c,5c9fb95e124c85a2d95b0659674d2aa07eb5d119208b79d77b35801421e4220c,YES
53fb4810:o0:d12:transpose,9b8c11c663212cadd289b339c77f72bcbe0c3be48567c44d32a6ce264847b68b,9b8c11c663212cadd289b339c77f72bcbe0c3be48567c44d32a6ce264847b68b,YES
53fb4810:o0:d24:anti_transpose,61e89edf73f90156e0ce1dfb7472eba818d18a33c1a67910d5be7268c778e557,61e89edf73f90156e0ce1dfb7472eba818d18a33c1a67910d5be7268c778e557,YES
53fb4810:o0:d24:flip_ud,a41c90766c773247a6368b80146eee2e73af76cc424b80a8c53085761711d4e8,a41c90766c773247a6368b80146eee2e73af76cc424b80a8c53085761711d4e8,YES
53fb4810:o0:d24:identity,d8661c7c311812f0ebdfd346b4eaf11bbf5dd35da90f9ddfe5896307172cf2ab,d8661c7c311812f0ebdfd346b4eaf11bbf5dd35da90f9ddfe5896307172cf2ab,YES
53fb4810:o0:d24:transpose,7fea614b2b2fb32121c7d21fb48feb3c85f025ea9997895dbe2029a496b9bd9c,7fea614b2b2fb32121c7d21fb48feb3c85f025ea9997895dbe2029a496b9bd9c,YES
53fb4810:o0:d48:anti_transpose,256a2b170aff8c757874d5419692b450c90c042b814b20268a95edbc645808d6,256a2b170aff8c757874d5419692b450c90c042b814b20268a95edbc645808d6,YES
53fb4810:o0:d48:identity,60dc7f22fe026a0b4531693f6d5d436d06d217d0e747812f6701647eb4d5e057,60dc7f22fe026a0b4531693f6d5d436d06d217d0e747812f6701647eb4d5e057,YES
53fb4810:o0:d48:transpose,5ffa4459d0c6a4d6c9e629944c912ad5bfb83ec3153dd02a99d6f57aa12cf8bd,5ffa4459d0c6a4d6c9e629944c912ad5bfb83ec3153dd02a99d6f57aa12cf8bd,YES
58490d8a:o0:d12:anti_transpose,79e0933e7f45fde86c284b77920c8153020eba7c92b6229bcbe18b427e11bcf4,79e0933e7f45fde86c284b77920c8153020eba7c92b6229bcbe18b427e11bcf4,YES
58490d8a:o0:d12:flip_ud,51bdfe0da17d3c7d953b31e3341474517f307add178d8f04cb56921f9355c7e0,51bdfe0da17d3c7d953b31e3341474517f307add178d8f04cb56921f9355c7e0,YES
58490d8a:o0:d12:identity,4250338892106ed4ac7c3cb8c189cda4d3a30658075557178f9bca069d28a2d8,4250338892106ed4ac7c3cb8c189cda4d3a30658075557178f9bca069d28a2d8,YES
58490d8a:o0:d12:transpose,efa396d9f11fa6cc8adf4dc5984145f2e1499028f09a72ce827ef795006d46c6,efa396d9f11fa6cc8adf4dc5984145f2e1499028f09a72ce827ef795006d46c6,YES
58490d8a:o0:d24:anti_transpose,08d0e32112ff886a77493521056e2110e107c4a9e4e1c9cd21155d34d261b0bb,08d0e32112ff886a77493521056e2110e107c4a9e4e1c9cd21155d34d261b0bb,YES
58490d8a:o0:d24:flip_ud,06c724c4776325c02437f820975b93461a9d5ce629d6cb9d1e00fbfe7b827b7a,06c724c4776325c02437f820975b93461a9d5ce629d6cb9d1e00fbfe7b827b7a,YES
58490d8a:o0:d24:identity,9813d0ba076fa5b73ad69d54891f6f42027afbff9497f45668898474d650a93f,9813d0ba076fa5b73ad69d54891f6f42027afbff9497f45668898474d650a93f,YES
58490d8a:o0:d24:transpose,1c6273e364ce74872ea9647274c4ab9ec7f86ac7bd788d3bd3492c20b31b983b,1c6273e364ce74872ea9647274c4ab9ec7f86ac7bd788d3bd3492c20b31b983b,YES
58490d8a:o0:d48:anti_transpose,0aa00dcfb07cd95022379aa7bca7d65aebd4bd4d47b4f1ba3c50fbe7cd5b5e31,0aa00dcfb07cd95022379aa7bca7d65aebd4bd4d47b4f1ba3c50fbe7cd5b5e31,YES
58490d8a:o0:d48:flip_ud,30413d342426ca9a2806a61bf9bd33c7975520208016bd3564f812efe45c6df4,30413d342426ca9a2806a61bf9bd33c7975520208016bd3564f812efe45c6df4,YES
58490d8a:o0:d48:identity,97b64bc0683b220be9022b8872b845202118063113e83de25a17a1072570f50d,97b64bc0683b220be9022b8872b845202118063113e83de25a17a1072570f50d,YES
58490d8a:o0:d48:transpose,08dc2618d981da4b3d2f54b94b9fa198ba12e79aad6006bbb2eb1f2afebcd2f0,08dc2618d981da4b3d2f54b94b9fa198ba12e79aad6006bbb2eb1f2afebcd2f0,YES
5dbc8537:o0:d12:anti_transpose,2d5f366f41f68af373e70236346bab4e7e4012e79aa071ae24972430a7a86d86,2d5f366f41f68af373e70236346bab4e7e4012e79aa071ae24972430a7a86d86,YES
5dbc8537:o0:d12:flip_ud,c2b605836be107ceca3dcd75d7287e7c2ad7831df73d0517e0a2294b3a505b7d,c2b605836be107ceca3dcd75d7287e7c2ad7831df73d0517e0a2294b3a505b7d,YES
5dbc8537:o0:d12:identity,8da322c91f15306872e57310085e9b3fd2be33c81439bb8e4a354098a1f31429,8da322c91f15306872e57310085e9b3fd2be33c81439bb8e4a354098a1f31429,YES
5dbc8537:o0:d12:transpose,60c85bfa5e2de68572f726581cef514e7bb4762e739d4480080ca7adcfe0bd64,60c85bfa5e2de68572f726581cef514e7bb4762e739d4480080ca7adcfe0bd64,YES
5dbc8537:o0:d24:anti_transpose,35a2332d578aef2c1e58af9cc8407095c7cdf910a78a7140bd6ed53dae7449e2,35a2332d578aef2c1e58af9cc8407095c7cdf910a78a7140bd6ed53dae7449e2,YES
5dbc8537:o0:d24:flip_ud,0678cce9efdd3937b237a3e252bee52fcb4f01c2cf6f2f6c84ea300c297bd23a,0678cce9efdd3937b237a3e252bee52fcb4f01c2cf6f2f6c84ea300c297bd23a,YES
5dbc8537:o0:d24:identity,4a2bcc1664b4f33e68586cb03531164e142a2b6f939bb1e4224fdacb37f63434,4a2bcc1664b4f33e68586cb03531164e142a2b6f939bb1e4224fdacb37f63434,YES
5dbc8537:o0:d24:transpose,301670d7a1142ec3195e27817a005fd72ea27988b28f9d3797e3c64496b627cd,301670d7a1142ec3195e27817a005fd72ea27988b28f9d3797e3c64496b627cd,YES
5dbc8537:o0:d48:anti_transpose,0ea85d0d8b99e557ae9c0c6ef87060806454653a4d6fcef7118e5f5d630b3dc9,0ea85d0d8b99e557ae9c0c6ef87060806454653a4d6fcef7118e5f5d630b3dc9,YES
5dbc8537:o0:d48:flip_ud,4bfd5c60fbc4daec22da55b69caec51495b19ac1bfe154a65863575a15055ba0,4bfd5c60fbc4daec22da55b69caec51495b19ac1bfe154a65863575a15055ba0,YES
5dbc8537:o0:d48:identity,f352e4a54330ae661c20dec46e1627b4fa0ad26bdee89e0584346837bfee325d,f352e4a54330ae661c20dec46e1627b4fa0ad26bdee89e0584346837bfee325d,YES
5dbc8537:o0:d48:transpose,c8470abda3db3a42cbf1160aaf4db2eacf3832220a155937aa61cc52e140513c,c8470abda3db3a42cbf1160aaf4db2eacf3832220a155937aa61cc52e140513c,YES
5dbc8537:o1:d12:anti_transpose,6cfd2f82534dcadcb1505b96549e971c0d3b0da33e20b1bd1fb7e80b25f0d6da,6cfd2f82534dcadcb1505b96549e971c0d3b0da33e20b1bd1fb7e80b25f0d6da,YES
5dbc8537:o1:d12:flip_ud,bbeba350ac7fc7e7e2ad63cfed209ff8e6bcea15efc80da4049ea24688b968bc,bbeba350ac7fc7e7e2ad63cfed209ff8e6bcea15efc80da4049ea24688b968bc,YES
5dbc8537:o1:d12:identity,19a712bc031d84dbfe711bb715b950bbf2c012c535b2b6a67fed27e24d16e5bb,19a712bc031d84dbfe711bb715b950bbf2c012c535b2b6a67fed27e24d16e5bb,YES
5dbc8537:o1:d12:transpose,44c8ca77db455cbacd9ea3654eff7dc40b9bb6b768f13cfe088cc70b9dd015ae,44c8ca77db455cbacd9ea3654eff7dc40b9bb6b768f13cfe088cc70b9dd015ae,YES
5dbc8537:o1:d24:anti_transpose,b86387759dd8b27f954481fbf502dc9f5d85d9c8290658eba3efae9c9ca41179,b86387759dd8b27f954481fbf502dc9f5d85d9c8290658eba3efae9c9ca41179,YES
5dbc8537:o1:d24:flip_ud,489789cfd7802274e0101df29a99c541b621aa163ea8cb51672d008c86d294a7,489789cfd7802274e0101df29a99c541b621aa163ea8cb51672d008c86d294a7,YES
5dbc8537:o1:d24:identity,9d8e05202a74a28f71a2bb83aca6894fb52c0066a57d6f794350df8eda873cf6,9d8e05202a74a28f71a2bb83aca6894fb52c0066a57d6f794350df8eda873cf6,YES
5dbc8537:o1:d24:transpose,7bfddb31d41776aa287741ed90bfee30817f4f8fcdf28299a84ed330345dea3a,7bfddb31d41776aa287741ed90bfee30817f4f8fcdf28299a84ed330345dea3a,YES
5dbc8537:o1:d48:anti_transpose,d25cf42c56d7c69cff5636e5ff77f33f184814bf4763dbf19b85792235657d80,d25cf42c56d7c69cff5636e5ff77f33f184814bf4763dbf19b85792235657d80,YES
5dbc8537:o1:d48:flip_ud,3c7453892e1b944bb53c5710270ea0b90519ba714c3ee9d9fbc817f2236cfe23,3c7453892e1b944bb53c5710270ea0b90519ba714c3ee9d9fbc817f2236cfe23,YES
5dbc8537:o1:d48:identity,e7d99037e7c29e3366baafadbe694e761d1366182b6f487cfee624c4263771d9,e7d99037e7c29e3366baafadbe694e761d1366182b6f487cfee624c4263771d9,YES
5dbc8537:o1:d48:transpose,398017491ce12003527e188d81fe5e6a6255dbde59ffcaa6626f160bc0b06c57,398017491ce12003527e188d81fe5e6a6255dbde59ffcaa6626f160bc0b06c57,YES
62593bfd:o0:d12:anti_transpose,a90d86ad1fb02f1fe11c964d8f66f1e0ca5cdd0183c4acaf6f7c97cd36d88b1f,a90d86ad1fb02f1fe11c964d8f66f1e0ca5cdd0183c4acaf6f7c97cd36d88b1f,YES
62593bfd:o0:d12:flip_ud,032d1a582dfa14d733c77952e23be090b4a8a735a75302db5ba9f31e9a68701e,032d1a582dfa14d733c77952e23be090b4a8a735a75302db5ba9f31e9a68701e,YES
62593bfd:o0:d12:identity,3ba33fbc2af6cae14490468630313ec34a44be8f2806fb550a355e3bd4537a08,3ba33fbc2af6cae14490468630313ec34a44be8f2806fb550a355e3bd4537a08,YES
62593bfd:o0:d12:transpose,8e21604e0d30e03fd4b88ee562f8d8bc0fb40303575acd6d746429b3492b1ca0,8e21604e0d30e03fd4b88ee562f8d8bc0fb40303575acd6d746429b3492b1ca0,YES
62593bfd:o0:d24:anti_transpose,8accf8fd2429230cdd8255b5d9a1c442cc4029d57d5a9ea2d8d3320541d60eaf,8accf8fd2429230cdd8255b5d9a1c442cc4029d57d5a9ea2d8d3320541d60eaf,YES
62593bfd:o0:d24:flip_ud,733b1401c805a411c34bf90bb424780a3b8bddab5c8f84727a04f673e9561fd9,733b1401c805a411c34bf90bb424780a3b8bddab5c8f84727a04f673e9561fd9,YES
62593bfd:o0:d24:identity,3cd15715f233fbf83f3b1c472061e2b3c561382fdb9f2709cd0984c4ca448105,3cd15715f233fbf83f3b1c472061e2b3c561382fdb9f2709cd0984c4ca448105,YES
62593bfd:o0:d24:transpose,bdd526270db2849ddcdf68328c92957bd8eff37c113f98cd9cece9a6d8573a33,bdd526270db2849ddcdf68328c92957bd8eff37c113f98cd9cece9a6d8573a33,YES
62593bfd:o0:d48:anti_transpose,52691adaa36e54eeed59e0024a93a046cfec1fcd7d8e45945696f7509af39278,52691adaa36e54eeed59e0024a93a046cfec1fcd7d8e45945696f7509af39278,YES
62593bfd:o0:d48:flip_ud,941af85341f7e7c3498ac88b73552230f36270984ca698308c087701cf8ff739,941af85341f7e7c3498ac88b73552230f36270984ca698308c087701cf8ff739,YES
62593bfd:o0:d48:identity,3831200019f02e2d246a6d3f1e4978aa21b06a649b76fb43ce5942389f5bb942,3831200019f02e2d246a6d3f1e4978aa21b06a649b76fb43ce5942389f5bb942,YES
62593bfd:o0:d48:transpose,861ff221d313b394e7fc177e3b7e23bb3f99614aa9158153e17aa64beb0cf4a1,861ff221d313b394e7fc177e3b7e23bb3f99614aa9158153e17aa64beb0cf4a1,YES
62593bfd:o1:d12:anti_transpose,10a786b20bb175ebb9235ffa96c161275e525459e000b98d3248e8212ebef962,10a786b20bb175ebb9235ffa96c161275e525459e000b98d3248e8212ebef962,YES
62593bfd:o1:d12:flip_ud,fa47dc4767e212f4e7909ecb7fb6336484728c739fc28863e9d5e381c35bd7fd,fa47dc4767e212f4e7909ecb7fb6336484728c739fc28863e9d5e381c35bd7fd,YES
62593bfd:o1:d12:identity,b6aef6ca1755145bf02a40f8eae0f1d02d434598736bf93aeacb07377f2ae712,b6aef6ca1755145bf02a40f8eae0f1d02d434598736bf93aeacb07377f2ae712,YES
62593bfd:o1:d12:transpose,f367174e603c42655132037ac40805bbe2d4752cdc86e20d7a66d6c6f2a54811,f367174e603c42655132037ac40805bbe2d4752cdc86e20d7a66d6c6f2a54811,YES
62593bfd:o1:d24:anti_transpose,36ed364d48bf5f95978feaaeb20b90ccef88c202d9dfd40f465c23fec08463b7,36ed364d48bf5f95978feaaeb20b90ccef88c202d9dfd40f465c23fec08463b7,YES
62593bfd:o1:d24:flip_ud,643fb9bdbef43aaf4b9e304571aca916df4921b2707e61021183c7d2077c028d,643fb9bdbef43aaf4b9e304571aca916df4921b2707e61021183c7d2077c028d,YES
62593bfd:o1:d24:identity,c368ffd031ab39796965c43fb5704c55a06bab0033f38e151207932d29d011db,c368ffd031ab39796965c43fb5704c55a06bab0033f38e151207932d29d011db,YES
62593bfd:o1:d24:transpose,3b551dfbdc307fbae3db84392a0400635eb1fc629f4772f6b4258e6a01856da6,3b551dfbdc307fbae3db84392a0400635eb1fc629f4772f6b4258e6a01856da6,YES
62593bfd:o1:d48:anti_transpose,85778135351528595a0d72df0f5128e8a5601908d9703f30621f3fc3063dc3ce,85778135351528595a0d72df0f5128e8a5601908d9703f30621f3fc3063dc3ce,YES
62593bfd:o1:d48:flip_ud,305822d9fa63cbfaa8e080a01f51d256f819e5f7eaec6fb4cfc2933f6ec6ce8c,305822d9fa63cbfaa8e080a01f51d256f819e5f7eaec6fb4cfc2933f6ec6ce8c,YES
62593bfd:o1:d48:identity,90d3562801f8bf65913fc39863685a66496eed67b1a318da53c42aaefa9811e6,90d3562801f8bf65913fc39863685a66496eed67b1a318da53c42aaefa9811e6,YES
62593bfd:o1:d48:transpose,98e7a765a2ef3cc944e1113c46578c5e0e4702acd31fbbcc12f4cbc073948ceb,98e7a765a2ef3cc944e1113c46578c5e0e4702acd31fbbcc12f4cbc073948ceb,YES
64efde09:o0:d12:anti_transpose,755c5daefa0e999190e3e178c8c7868f3b7e7d3f1f4dee660bff75c3d142115a,755c5daefa0e999190e3e178c8c7868f3b7e7d3f1f4dee660bff75c3d142115a,YES
64efde09:o0:d12:flip_ud,8079957bc0b68e2b34d6b83ddd02a2dc8b1cd18c28d823e5b8589bee65ac8fb0,8079957bc0b68e2b34d6b83ddd02a2dc8b1cd18c28d823e5b8589bee65ac8fb0,YES
64efde09:o0:d12:identity,958ad6316b01a48c34c919dbef9e0c5f6913660867d8d652c72469dfbd4c8f2d,958ad6316b01a48c34c919dbef9e0c5f6913660867d8d652c72469dfbd4c8f2d,YES
64efde09:o0:d12:transpose,208b391bfeb69210ee4307fdff7b115cbd5d106b1e80b38d4770a6f449fb4178,208b391bfeb69210ee4307fdff7b115cbd5d106b1e80b38d4770a6f449fb4178,YES
64efde09:o0:d24:anti_transpose,88f794bf7112853b879605c4e11f3761a5ce622f547fe7e467ef37ed29b715ca,88f794bf7112853b879605c4e11f3761a5ce622f547fe7e467ef37ed29b715ca,YES
64efde09:o0:d24:flip_ud,2b42586a7735d77f2e8ec4f25b1f09e416c8b43c1072faec2470c6f962a06688,2b42586a7735d77f2e8ec4f25b1f09e416c8b43c1072faec2470c6f962a06688,YES
64efde09:o0:d24:identity,b64d0ff58534672f9c0ebb310b8ae32549885876a0fb99e079b1c6c4b7564494,b64d0ff58534672f9c0ebb310b8ae32549885876a0fb99e079b1c6c4b7564494,YES
64efde09:o0:d24:transpose,e37a8f877a8006e646c533ed8fbc99ff4b9b80bc7f2ac2f7f23085bda90590ee,e37a8f877a8006e646c533ed8fbc99ff4b9b80bc7f2ac2f7f23085bda90590ee,YES
64efde09:o0:d48:anti_transpose,7966a9875279fad45762094d6037d40a2b8df780bb6674c2f9f6f2ccb15be0d0,7966a9875279fad45762094d6037d40a2b8df780bb6674c2f9f6f2ccb15be0d0,YES
64efde09:o0:d48:flip_ud,70818b88bcd0bcb9eebee37cf11b209ad65d4719eac9092951aa90bec1a668f1,70818b88bcd0bcb9eebee37cf11b209ad65d4719eac9092951aa90bec1a668f1,YES
64efde09:o0:d48:identity,944a7894f73e0ab5342d62343cc04def0c7a92539e5299a9d733a6c109176a07,944a7894f73e0ab5342d62343cc04def0c7a92539e5299a9d733a6c109176a07,YES
64efde09:o0:d48:transpose,4f835b79f860705df488c4ad075fec0d5a7b49d847ffc767a9c3f05e83ad098b,4f835b79f860705df488c4ad075fec0d5a7b49d847ffc767a9c3f05e83ad098b,YES
67e490f4:o0:d12:anti_transpose,4903255693565f82efd67e6f4478b4a3c330a605a6a6a6d47db1219f8a272167,4903255693565f82efd67e6f4478b4a3c330a605a6a6a6d47db1219f8a272167,YES
67e490f4:o0:d12:flip_ud,ab9021ae0f39203d7729c187fcf31a1063cac4b7d6255b92aad2816fbde221c5,ab9021ae0f39203d7729c187fcf31a1063cac4b7d6255b92aad2816fbde221c5,YES
67e490f4:o0:d12:identity,60432d1d5564c8b4388dec5c79428a589d1b1990932501b31d2b2cf890d73cc5,60432d1d5564c8b4388dec5c79428a589d1b1990932501b31d2b2cf890d73cc5,YES
67e490f4:o0:d12:transpose,30a258de937c3cfae36e6ab528a237dc2f9fb53beae73c4e78ccaf2a87070540,30a258de937c3cfae36e6ab528a237dc2f9fb53beae73c4e78ccaf2a87070540,YES
67e490f4:o0:d24:anti_transpose,d0b4b5b2f96a4e2dc3354f02f79da6945f202f9e218404be94c159493ab3a74d,d0b4b5b2f96a4e2dc3354f02f79da6945f202f9e218404be94c159493ab3a74d,YES
67e490f4:o0:d24:flip_ud,ccf15bc63a72aa9bb1092e567d22044b2119f2683a76a2957a297c1e47c68294,ccf15bc63a72aa9bb1092e567d22044b2119f2683a76a2957a297c1e47c68294,YES
67e490f4:o0:d24:identity,c3ec481cc225e0d83253d337142d905c0d1a418a77aeabac3a1dd9a199b7c11c,c3ec481cc225e0d83253d337142d905c0d1a418a77aeabac3a1dd9a199b7c11c,YES
67e490f4:o0:d24:transpose,c455cda686b80d398fbf4fdcce94a48a0661c2eea1bf271ebab6f3c1ba6315e7,c455cda686b80d398fbf4fdcce94a48a0661c2eea1bf271ebab6f3c1ba6315e7,YES
67e490f4:o0:d48:anti_transpose,ad35011f6434eb7fa872e59d7b6edbc69460d3c877bcad98a22b1ffd42e1ad59,ad35011f6434eb7fa872e59d7b6edbc69460d3c877bcad98a22b1ffd42e1ad59,YES
67e490f4:o0:d48:flip_ud,c9c23232e4f46dfbb3e13a5d3b66e26cd503013c3c3ed32bdbb2a20674615817,c9c23232e4f46dfbb3e13a5d3b66e26cd503013c3c3ed32bdbb2a20674615817,YES
67e490f4:o0:d48:identity,b6d21ee50300bba0fd1e3fa3c75a2adf60d979149678755bed3b41a3d3d15794,b6d21ee50300bba0fd1e3fa3c75a2adf60d979149678755bed3b41a3d3d15794,YES
67e490f4:o0:d48:transpose,93792ffe6cb1bd28b7de82fd4e07dc9d5f17a45764f6e734611cc6939d4cc5c5,93792ffe6cb1bd28b7de82fd4e07dc9d5f17a45764f6e734611cc6939d4cc5c5,YES
6ffbe589:o0:d48:anti_transpose,2047325ab4300fd0039fe17ec8862c92047af3c14847ef57da50a69c5bd12de2,2047325ab4300fd0039fe17ec8862c92047af3c14847ef57da50a69c5bd12de2,YES
6ffbe589:o0:d48:flip_ud,74487a63693d189c7096895f9f2de795db2bc7aa2a77fda89c0b07a2f65dbc22,74487a63693d189c7096895f9f2de795db2bc7aa2a77fda89c0b07a2f65dbc22,YES
6ffbe589:o0:d48:identity,45c768008e7a906be73dccc85306288d2a66d4f5fe2a415d3268925e13f44532,45c768008e7a906be73dccc85306288d2a66d4f5fe2a415d3268925e13f44532,YES
6ffbe589:o0:d48:transpose,bc96000792c397bc430bdad708125dd565438da052b9fedf3add7236866533c1,bc96000792c397bc430bdad708125dd565438da052b9fedf3add7236866533c1,YES
71e489b6:o0:d12:anti_transpose,1fb4196be6350b252a462d63a574974a1febaba5c80a598f96deb967f6aee16c,1fb4196be6350b252a462d63a574974a1febaba5c80a598f96deb967f6aee16c,YES
71e489b6:o0:d12:flip_ud,4902dbbbdca0465bba0e73d948ded264fed11e0e28f14482aa20483d17efdbe2,4902dbbbdca0465bba0e73d948ded264fed11e0e28f14482aa20483d17efdbe2,YES
71e489b6:o0:d12:identity,41f9699e07ba11f2ca92172a8c2eb63e0f750a23aae982a732db1dd3c80cfa74,41f9699e07ba11f2ca92172a8c2eb63e0f750a23aae982a732db1dd3c80cfa74,YES
71e489b6:o0:d12:transpose,efea00e10dfa7bba8b824c2d11528b9996be55a22f8ca580cfb8cbf17142f129,efea00e10dfa7bba8b824c2d11528b9996be55a22f8ca580cfb8cbf17142f129,YES
71e489b6:o0:d24:anti_transpose,c56906d918ffdebd728dc9ea4b035c2b0384846d6bb6633f7b15e6b214ce563a,c56906d918ffdebd728dc9ea4b035c2b0384846d6bb6633f7b15e6b214ce563a,YES
71e489b6:o0:d24:flip_ud,581e4970edb6af6ff64409cc44faa38f4d1a18a8462f57e486c6df18615580d4,581e4970edb6af6ff64409cc44faa38f4d1a18a8462f57e486c6df18615580d4,YES
71e489b6:o0:d24:identity,5d78e96ac9a61051821eb619cdd0dd3d8cee4249096fd9fdee4a7e516b35a32c,5d78e96ac9a61051821eb619cdd0dd3d8cee4249096fd9fdee4a7e516b35a32c,YES
71e489b6:o0:d24:transpose,e08eaa54c060ba981a36eea5ea4b347c32f08887c0184a0aa220e999de479a74,e08eaa54c060ba981a36eea5ea4b347c32f08887c0184a0aa220e999de479a74,YES
71e489b6:o0:d48:anti_transpose,a4f9dabec9099f11e128781b6aaf60a11fff5bc1f87e772959b85ea93e74855e,a4f9dabec9099f11e128781b6aaf60a11fff5bc1f87e772959b85ea93e74855e,YES
71e489b6:o0:d48:flip_ud,af585cab93f19c671918a8c70fd53ae3a0bb632a049ba1efba0c99c6cb7bc3b9,af585cab93f19c671918a8c70fd53ae3a0bb632a049ba1efba0c99c6cb7bc3b9,YES
71e489b6:o0:d48:identity,1ef9c650ffb2938a9682ad05fb55a4a950de5a9aa6058c1f4f2c174c00a024b6,1ef9c650ffb2938a9682ad05fb55a4a950de5a9aa6058c1f4f2c174c00a024b6,YES
71e489b6:o0:d48:transpose,b1611e94087a7c26a7d8b64751d1297800bf46379b83b6fcbacbacda69e9fb7f,b1611e94087a7c26a7d8b64751d1297800bf46379b83b6fcbacbacda69e9fb7f,YES
71e489b6:o1:d12:anti_transpose,b8bb3dae7ac6aa49fa7df8c9492f02c1e4ae87de9f2897fb55326acdfb8eb298,b8bb3dae7ac6aa49fa7df8c9492f02c1e4ae87de9f2897fb55326acdfb8eb298,YES
71e489b6:o1:d12:flip_ud,082622de01ea137e4bd365b048e77a57e61432c029620992fbb87da2d933d093,082622de01ea137e4bd365b048e77a57e61432c029620992fbb87da2d933d093,YES
71e489b6:o1:d12:identity,1dba25f11005c309e2b6cd964dcbc3c4ea00b8f20d67502ba5647c7a6f926ff7,1dba25f11005c309e2b6cd964dcbc3c4ea00b8f20d67502ba5647c7a6f926ff7,YES
71e489b6:o1:d12:transpose,6618f0a2673749f6b8c226a64826d67d0dc5a651995aef0c829b9ec01f0e30dd,6618f0a2673749f6b8c226a64826d67d0dc5a651995aef0c829b9ec01f0e30dd,YES
71e489b6:o1:d24:anti_transpose,2651226d281acdc67a88196779c2f5ff03fd097754b29032f1039f37f2a4cc8b,2651226d281acdc67a88196779c2f5ff03fd097754b29032f1039f37f2a4cc8b,YES
71e489b6:o1:d24:flip_ud,f127fe84f693af19f0de16cc2c1677d211c8bd3b7496d16c73be9cbacb72776a,f127fe84f693af19f0de16cc2c1677d211c8bd3b7496d16c73be9cbacb72776a,YES
71e489b6:o1:d24:identity,856975fda86a18ae73518763bc52593de7bebf2b701ee8bed77ec5c8d9e4cee6,856975fda86a18ae73518763bc52593de7bebf2b701ee8bed77ec5c8d9e4cee6,YES
71e489b6:o1:d24:transpose,fbadb449bf1a7d0a6f27cda84c67a8802f07b04c0bd046579cab44b304fad0bd,fbadb449bf1a7d0a6f27cda84c67a8802f07b04c0bd046579cab44b304fad0bd,YES
71e489b6:o1:d48:anti_transpose,2eeadcf81cdbf872ad2d58509b69dfb41759541bf7a66db7bac5e4a295b1f0d0,2eeadcf81cdbf872ad2d58509b69dfb41759541bf7a66db7bac5e4a295b1f0d0,YES
71e489b6:o1:d48:flip_ud,85eb3a3ca7377aacb7656a09be4776ba51a3bb0e50220d74459e8931b077b29c,85eb3a3ca7377aacb7656a09be4776ba51a3bb0e50220d74459e8931b077b29c,YES
71e489b6:o1:d48:identity,6bdfe02dbd10d9f32153082810c5985fe8438d85b9db6dc1bd71a805f08e2c12,6bdfe02dbd10d9f32153082810c5985fe8438d85b9db6dc1bd71a805f08e2c12,YES
71e489b6:o1:d48:transpose,7d94888c9764bbeb9236848d3dc1156dba24662ca7f48ec17fe50e6717654314,7d94888c9764bbeb9236848d3dc1156dba24662ca7f48ec17fe50e6717654314,YES
7491f3cf:o0:d12:anti_transpose,f580765ea6a08962e7f24936d54b20fc04d5f30425596e2fc251583e1a2ade79,f580765ea6a08962e7f24936d54b20fc04d5f30425596e2fc251583e1a2ade79,YES
7491f3cf:o0:d12:flip_ud,090ea1e168a59c8e98fa6497f8b5046eaf349e38155c471ad588ebe88815d5d9,090ea1e168a59c8e98fa6497f8b5046eaf349e38155c471ad588ebe88815d5d9,YES
7491f3cf:o0:d12:identity,2ddcddb7e9ac9272aa2be8a66821d09fede903f774cd8a7357d49bb3fa0e1741,2ddcddb7e9ac9272aa2be8a66821d09fede903f774cd8a7357d49bb3fa0e1741,YES
7491f3cf:o0:d12:transpose,444c33ed956da5a01159bf9b5c62099e917cef1eb998ef50108317a617b453fb,444c33ed956da5a01159bf9b5c62099e917cef1eb998ef50108317a617b453fb,YES
7491f3cf:o0:d24:anti_transpose,cd1cdf94b1a25e974ed94ef93026f8f24b0b42cdb05f49180069128725818d34,cd1cdf94b1a25e974ed94ef93026f8f24b0b42cdb05f49180069128725818d34,YES
7491f3cf:o0:d24:flip_ud,a4d3802881749d0e5d35fc22b4a4443eedf35c06271b068e34d04e70a7de05df,a4d3802881749d0e5d35fc22b4a4443eedf35c06271b068e34d04e70a7de05df,YES
7491f3cf:o0:d24:identity,72adadc52e37b42efa93a4c50cd3e9a60b2993f1e741303f304484bdab900093,72adadc52e37b42efa93a4c50cd3e9a60b2993f1e741303f304484bdab900093,YES
7491f3cf:o0:d24:transpose,8a8469ae63c49e91c6083c15c96c10ef96ad682d57121f69eabf406b99ada457,8a8469ae63c49e91c6083c15c96c10ef96ad682d57121f69eabf406b99ada457,YES
7491f3cf:o0:d48:anti_transpose,d37e6dc84b036c4de7da5522c7431dc9931bab7e943d77c2cc34b16459fc614f,d37e6dc84b036c4de7da5522c7431dc9931bab7e943d77c2cc34b16459fc614f,YES
7491f3cf:o0:d48:flip_ud,704bea1158ae39a50905597ecd163349cbb16ad2e560fd99ef48b1642c88e36b,704bea1158ae39a50905597ecd163349cbb16ad2e560fd99ef48b1642c88e36b,YES
7491f3cf:o0:d48:identity,4ef24856b0aef11dbe7aa030a593f5c72a296b92394c69f2dfe545e28c460a3a,4ef24856b0aef11dbe7aa030a593f5c72a296b92394c69f2dfe545e28c460a3a,YES
7491f3cf:o0:d48:transpose,01731be4b4b56c2165abf83e09eaff1fff1d8aa64bced4da23f70ef8270ac6dc,01731be4b4b56c2165abf83e09eaff1fff1d8aa64bced4da23f70ef8270ac6dc,YES
78332cb0:o0:d12:anti_transpose,109c7c3cff6cdf1fba34a884f03894a93e1f2262022e84b177bb0e0719ee59e2,109c7c3cff6cdf1fba34a884f03894a93e1f2262022e84b177bb0e0719ee59e2,YES
78332cb0:o0:d12:flip_ud,5a33cd75794598260dfe71fcb0545c5db2c797b67ab04fba1166d5ab17e86b2f,5a33cd75794598260dfe71fcb0545c5db2c797b67ab04fba1166d5ab17e86b2f,YES
78332cb0:o0:d12:identity,a3bb55ba094d5f4a46880e694dd061441e591418862960880d7375eea388da97,a3bb55ba094d5f4a46880e694dd061441e591418862960880d7375eea388da97,YES
78332cb0:o0:d12:transpose,1b223c0dcf8a70c9be019a51f67c7b08993d8d1e41091b530ca9cfd1cdba33d7,1b223c0dcf8a70c9be019a51f67c7b08993d8d1e41091b530ca9cfd1cdba33d7,YES
78332cb0:o0:d24:anti_transpose,e16b424935ac51eb2ca594deba3578611253d5efbcc454e80e693d9c1313a22c,e16b424935ac51eb2ca594deba3578611253d5efbcc454e80e693d9c1313a22c,YES
78332cb0:o0:d24:flip_ud,5ca272df42407d95cccfc6eb4387d188525ee0b20bf14bd2e0ea25d01b4c464d,5ca272df42407d95cccfc6eb4387d188525ee0b20bf14bd2e0ea25d01b4c464d,YES
78332cb0:o0:d24:identity,7f26a3058d386ffde940fa6b27bcb24634957e6347ea766307ba2f7e9fda11a2,7f26a3058d386ffde940fa6b27bcb24634957e6347ea766307ba2f7e9fda11a2,YES
78332cb0:o0:d24:transpose,450b954104379ac1e8c5a3a7e603f2a23ba6916e21e26b07174420ec3bf878a6,450b954104379ac1e8c5a3a7e603f2a23ba6916e21e26b07174420ec3bf878a6,YES
78332cb0:o0:d48:anti_transpose,0eef74d5c708e3bad9e80fe12ade63d4423f357b00e6490b8187a0eb86ea66f8,0eef74d5c708e3bad9e80fe12ade63d4423f357b00e6490b8187a0eb86ea66f8,YES
78332cb0:o0:d48:flip_ud,0de9331f87500e67379acf7431114e0db5ba144605fe60a54ce128a65e26fede,0de9331f87500e67379acf7431114e0db5ba144605fe60a54ce128a65e26fede,YES
78332cb0:o0:d48:identity,36de55bd00898ab239e326030e2cf369d89016a62ff8025f20c6eda223809a14,36de55bd00898ab239e326030e2cf369d89016a62ff8025f20c6eda223809a14,YES
78332cb0:o0:d48:transpose,694c8e23214743677565a3c3e530e539810851dd849c48da85b8353ac8ee1031,694c8e23214743677565a3c3e530e539810851dd849c48da85b8353ac8ee1031,YES
78332cb0:o1:d12:anti_transpose,c8d8fd133cea64c2fa4292b7f5f6618a2118a33234e665e1eedad9f0622bbbb5,c8d8fd133cea64c2fa4292b7f5f6618a2118a33234e665e1eedad9f0622bbbb5,YES
78332cb0:o1:d12:flip_ud,f48415c91142d90c995bdbb5e2e1a76d8dfa4a3356f157874070dc61eec0e168,f48415c91142d90c995bdbb5e2e1a76d8dfa4a3356f157874070dc61eec0e168,YES
78332cb0:o1:d12:identity,55865b57f2107d4cf18f8eda5accd0c1a9cc002f2f7055be8c342fa7de3b4dd6,55865b57f2107d4cf18f8eda5accd0c1a9cc002f2f7055be8c342fa7de3b4dd6,YES
78332cb0:o1:d12:transpose,26ab04cd39f3304fbad4126dc7bcf783122c2a510980486d6170abc080cc5562,26ab04cd39f3304fbad4126dc7bcf783122c2a510980486d6170abc080cc5562,YES
78332cb0:o1:d24:anti_transpose,ff5bea16bfe29c0093caa40cf5e231bc8a701943708b6a83bdf652b4f183fbff,ff5bea16bfe29c0093caa40cf5e231bc8a701943708b6a83bdf652b4f183fbff,YES
78332cb0:o1:d24:flip_ud,9c0b370049b6e817f957493374781cdd27b7dd128443ad91a07b7ef4edc596d9,9c0b370049b6e817f957493374781cdd27b7dd128443ad91a07b7ef4edc596d9,YES
78332cb0:o1:d24:identity,f84af6859af5216a09449bad7047f996a060b932ac8a100928b65c6ad4a164a6,f84af6859af5216a09449bad7047f996a060b932ac8a100928b65c6ad4a164a6,YES
78332cb0:o1:d24:transpose,d2910e04ebe2d78a2a4e8c6330fe2c218978d4232994c682a3b6ff81e31aee4d,d2910e04ebe2d78a2a4e8c6330fe2c218978d4232994c682a3b6ff81e31aee4d,YES
78332cb0:o1:d48:anti_transpose,16f785b6b91129ad3b2fe656d504a830c1f35442c043b8ca809b56fc9cdcdd98,16f785b6b91129ad3b2fe656d504a830c1f35442c043b8ca809b56fc9cdcdd98,YES
78332cb0:o1:d48:flip_ud,ae74416f499c263cd9bb1000993ad7dc1cf4ae4958982005f72af417e6645f25,ae74416f499c263cd9bb1000993ad7dc1cf4ae4958982005f72af417e6645f25,YES
78332cb0:o1:d48:identity,1c397d3cb25cf57c1d1482a64c606e9a71866cbc9d1b6b7b0cd7da5fef5f0de8,1c397d3cb25cf57c1d1482a64c606e9a71866cbc9d1b6b7b0cd7da5fef5f0de8,YES
78332cb0:o1:d48:transpose,502ae8ffe03acc536e0fc6672988b3a4a9dda7e2dc60c818e13416ddc0f58a32,502ae8ffe03acc536e0fc6672988b3a4a9dda7e2dc60c818e13416ddc0f58a32,YES
7b0280bc:o0:d12:anti_transpose,b0c767529c946c0f0fccd1caf43066a25069c504791e7038ea1a965375efcdd1,b0c767529c946c0f0fccd1caf43066a25069c504791e7038ea1a965375efcdd1,YES
7b0280bc:o0:d12:flip_ud,66426b343bb0919932685619f259d87f5503a985337649907771449de7269dfc,66426b343bb0919932685619f259d87f5503a985337649907771449de7269dfc,YES
7b0280bc:o0:d12:identity,a1faba816cba7468b07653e2655d3c2422ab18cb69b479cc4253b81907e5f5aa,a1faba816cba7468b07653e2655d3c2422ab18cb69b479cc4253b81907e5f5aa,YES
7b0280bc:o0:d12:transpose,c7929767e591a30950275726bdacea10d72c8879fb264a1288e9f2ed2e8d835d,c7929767e591a30950275726bdacea10d72c8879fb264a1288e9f2ed2e8d835d,YES
7b0280bc:o0:d24:anti_transpose,13b00b213da0d06e8353f765328ada988b55e88d191a9f3743f41679caf187e8,13b00b213da0d06e8353f765328ada988b55e88d191a9f3743f41679caf187e8,YES
7b0280bc:o0:d24:flip_ud,fcc2882423fb5b40fc88971c859884d95c8ad210d60f1101ac955b2392e6dbdf,fcc2882423fb5b40fc88971c859884d95c8ad210d60f1101ac955b2392e6dbdf,YES
7b0280bc:o0:d24:identity,e57a8b524f6140f34983a5048652db33bc81b6b089552290b23dfb31ba2f7103,e57a8b524f6140f34983a5048652db33bc81b6b089552290b23dfb31ba2f7103,YES
7b0280bc:o0:d24:transpose,e3916108128eea70d7c0c18b460f349bad069f0d9426b04b290364366aae075a,e3916108128eea70d7c0c18b460f349bad069f0d9426b04b290364366aae075a,YES
7b0280bc:o0:d48:anti_transpose,ce5c7491faf3afa47aaa729850aeab6a7e2d97e1f9ec09288c715058cb1de6bc,ce5c7491faf3afa47aaa729850aeab6a7e2d97e1f9ec09288c715058cb1de6bc,YES
7b0280bc:o0:d48:flip_ud,98c49b2401e5219294922fbdaa5790e2a243f1d48b88e956b459386d85f75eb7,98c49b2401e5219294922fbdaa5790e2a243f1d48b88e956b459386d85f75eb7,YES
7b0280bc:o0:d48:identity,34159d070233dc04892e7b80edf666b5306c4cae91b9020068c95878a8f6323c,34159d070233dc04892e7b80edf666b5306c4cae91b9020068c95878a8f6323c,YES
7b0280bc:o0:d48:transpose,40c5c90544fafdc2b3815c6906a1165457d0fe217ac2510928ae98575f18fdf9,40c5c90544fafdc2b3815c6906a1165457d0fe217ac2510928ae98575f18fdf9,YES
7ed72f31:o0:d48:anti_transpose,1b5e5fee4b854403e17aaec06ac9cb16551a6005e9b46225ac7844a166e0d36f,1b5e5fee4b854403e17aaec06ac9cb16551a6005e9b46225ac7844a166e0d36f,YES
7ed72f31:o0:d48:flip_ud,43ef2427e2956e3881889aa9422bc1196274e69afa601571261d6502cd72350e,43ef2427e2956e3881889aa9422bc1196274e69afa601571261d6502cd72350e,YES
7ed72f31:o0:d48:identity,05c10dea50f20ecf28bd0410b7526d420a95d9027e02f3b222bcfd3363078509,05c10dea50f20ecf28bd0410b7526d420a95d9027e02f3b222bcfd3363078509,YES
7ed72f31:o0:d48:transpose,6b9c1676e9844675759080e89402a945e209af7cff3a6ed2ee1fe0fc02bc358e,6b9c1676e9844675759080e89402a945e209af7cff3a6ed2ee1fe0fc02bc358e,YES
7ed72f31:o1:d48:anti_transpose,9e9134adf8693ed5aa74f123b6df880a180373c1e72f6a43c65b1ac302fa4edf,9e9134adf8693ed5aa74f123b6df880a180373c1e72f6a43c65b1ac302fa4edf,YES
7ed72f31:o1:d48:flip_ud,cc35b43eecf138344b89d49891d7fc098be84b0d09161a1c66cb1f54265f29be,cc35b43eecf138344b89d49891d7fc098be84b0d09161a1c66cb1f54265f29be,YES
7ed72f31:o1:d48:identity,11060bea6be26a101e21af094b83c9d2700a753cb7fcd9f7c68bf29091673ddb,11060bea6be26a101e21af094b83c9d2700a753cb7fcd9f7c68bf29091673ddb,YES
7ed72f31:o1:d48:transpose,fa6e395b37b1222d95b26b7a66fef5def7f2c3954e2285481a03ade25d9637ae,fa6e395b37b1222d95b26b7a66fef5def7f2c3954e2285481a03ade25d9637ae,YES
80a900e0:o0:d12:anti_transpose,ec798bb949d18ccd25562e76526b8631a3321fe2b85dac08544d28e1dc96bcc3,ec798bb949d18ccd25562e76526b8631a3321fe2b85dac08544d28e1dc96bcc3,YES
80a900e0:o0:d12:flip_ud,5165734430e99770432a79eeba30fdc328f48f9178f23145d404f2b604e52ae5,5165734430e99770432a79eeba30fdc328f48f9178f23145d404f2b604e52ae5,YES
80a900e0:o0:d12:identity,4317ea600397768efab81058ccdfc98737bd4d045559130ac249c5ee0675501b,4317ea600397768efab81058ccdfc98737bd4d045559130ac249c5ee0675501b,YES
80a900e0:o0:d12:transpose,c8e55053f4e3aefe7b04f38af7bb40c86bb576b7e8e0be3729f7b9ff54fce8b7,c8e55053f4e3aefe7b04f38af7bb40c86bb576b7e8e0be3729f7b9ff54fce8b7,YES
80a900e0:o0:d24:anti_transpose,98112bc70626bd467000f3c19fdcab4922fd7ae36c22ee2fbf01072853e8c607,98112bc70626bd467000f3c19fdcab4922fd7ae36c22ee2fbf01072853e8c607,YES
80a900e0:o0:d24:flip_ud,b6e7d44a5f218cd834eb710838f85ff474547f50782262573ade1d2bae41bfde,b6e7d44a5f218cd834eb710838f85ff474547f50782262573ade1d2bae41bfde,YES
80a900e0:o0:d24:identity,903cddd477d88f14866acfc4416782b4fb0161d02a61a36612adf182141bd3b3,903cddd477d88f14866acfc4416782b4fb0161d02a61a36612adf182141bd3b3,YES
80a900e0:o0:d24:transpose,5ca2b07d9e97b4995044527fc5533a8a3e45211f9e80fe3c35576e16795399e0,5ca2b07d9e97b4995044527fc5533a8a3e45211f9e80fe3c35576e16795399e0,YES
80a900e0:o0:d48:anti_transpose,40b5c7f2f856aa0440b6e8a5fde27677be482bac260b2ca7f723bdae234d6946,40b5c7f2f856aa0440b6e8a5fde27677be482bac260b2ca7f723bdae234d6946,YES
80a900e0:o0:d48:flip_ud,7d2a3e32d34cb5e5243469c2def80cc5b8fbcfdb0e9d6f4e0f49345a9d881a86,7d2a3e32d34cb5e5243469c2def80cc5b8fbcfdb0e9d6f4e0f49345a9d881a86,YES
80a900e0:o0:d48:identity,1404f502df145ec91cc246449e8b35ea7e305896d21adbec4f9475c5c121b5c1,1404f502df145ec91cc246449e8b35ea7e305896d21adbec4f9475c5c121b5c1,YES
80a900e0:o0:d48:transpose,f70e4a2a6ebe646590304f30051dff154eea3b917aa05f544545736a41f76fb0,f70e4a2a6ebe646590304f30051dff154eea3b917aa05f544545736a41f76fb0,YES
88bcf3b4:o0:d12:anti_transpose,a3d8b6c41c9430893fb69e7922bd3013752acea11d153e98acdc2034c3244bf4,a3d8b6c41c9430893fb69e7922bd3013752acea11d153e98acdc2034c3244bf4,YES
88bcf3b4:o0:d12:flip_ud,51747ac8faccaac0c6940abef92deccb4c6aee84cdd6a470bc11f1a36748c47f,51747ac8faccaac0c6940abef92deccb4c6aee84cdd6a470bc11f1a36748c47f,YES
88bcf3b4:o0:d12:identity,3b31131abd2fe4a069c660eb427ba49605d14ea7a034c5a8b19f8d3cde59aceb,3b31131abd2fe4a069c660eb427ba49605d14ea7a034c5a8b19f8d3cde59aceb,YES
88bcf3b4:o0:d12:transpose,e2667770a6399f1f7cdb9eda73a7360a97db22f09b43af0711d95f759b5b6871,e2667770a6399f1f7cdb9eda73a7360a97db22f09b43af0711d95f759b5b6871,YES
88bcf3b4:o0:d24:anti_transpose,8ec7c7991b928d9fe75a5dd8c9f423fdcdaf437335058a41d09c4618de1ffd2d,8ec7c7991b928d9fe75a5dd8c9f423fdcdaf437335058a41d09c4618de1ffd2d,YES
88bcf3b4:o0:d24:flip_ud,5ebf7b37619049c2642d774a56cbb7e7a1001ce39918a42497c94d9cf61b646f,5ebf7b37619049c2642d774a56cbb7e7a1001ce39918a42497c94d9cf61b646f,YES
88bcf3b4:o0:d24:identity,2c0bd5502c4ff31a57638160c291b11ef3c2c54b8e281aaeb31224535929df82,2c0bd5502c4ff31a57638160c291b11ef3c2c54b8e281aaeb31224535929df82,YES
88bcf3b4:o0:d24:transpose,a3b5e4bef20bd97fd8dc31686d8a12812fc663a3510b60cb25f4b03d2a67f91b,a3b5e4bef20bd97fd8dc31686d8a12812fc663a3510b60cb25f4b03d2a67f91b,YES
88bcf3b4:o0:d48:anti_transpose,3150ff502a0b546616d5ef8ae4ad48119eafd41caee0e2e8753e0ebc6bf14b91,3150ff502a0b546616d5ef8ae4ad48119eafd41caee0e2e8753e0ebc6bf14b91,YES
88bcf3b4:o0:d48:flip_ud,3fd4636bf4d4b65f308d24bc96977e89d3eee285c2d21c8e250e3fc3fb9b9f88,3fd4636bf4d4b65f308d24bc96977e89d3eee285c2d21c8e250e3fc3fb9b9f88,YES
88bcf3b4:o0:d48:identity,85295c66ea8c6bb3469d5d429b9cb7dd23eaf2ae182f99cf1a36c96d5d9de949,85295c66ea8c6bb3469d5d429b9cb7dd23eaf2ae182f99cf1a36c96d5d9de949,YES
88bcf3b4:o0:d48:transpose,17c41dbe04b4ca199ed74b859cfdf1b6bab9ff97929316be3f7205d0e3232c2b,17c41dbe04b4ca199ed74b859cfdf1b6bab9ff97929316be3f7205d0e3232c2b,YES
88bcf3b4:o1:d12:anti_transpose,0926734928411871b2bd38759afb5c83ad71c36f8d7f19dab0656affd5d36532,0926734928411871b2bd38759afb5c83ad71c36f8d7f19dab0656affd5d36532,YES
88bcf3b4:o1:d12:flip_ud,caefabaa4e7d8e98e365a13c624693536b868e16473b445f44079818f90f277e,caefabaa4e7d8e98e365a13c624693536b868e16473b445f44079818f90f277e,YES
88bcf3b4:o1:d12:identity,2ff5288500ac664ca12ed6ee28a015573ea99d570092c9e0630c25ce139c2fc6,2ff5288500ac664ca12ed6ee28a015573ea99d570092c9e0630c25ce139c2fc6,YES
88bcf3b4:o1:d12:transpose,6427c33e3155b84cdb8b5c0047c4ae50a5e747b42cfda695f7da24884398d134,6427c33e3155b84cdb8b5c0047c4ae50a5e747b42cfda695f7da24884398d134,YES
88bcf3b4:o1:d24:anti_transpose,45121a173617d24d979e3096354662bdc5b20581b587e0da8bfaf4744d6ddbe8,45121a173617d24d979e3096354662bdc5b20581b587e0da8bfaf4744d6ddbe8,YES
88bcf3b4:o1:d24:flip_ud,b4faee20eb684f11d0186f3b7ed3014816d9f116062ac0f2b4f82fd8204e181b,b4faee20eb684f11d0186f3b7ed3014816d9f116062ac0f2b4f82fd8204e181b,YES
88bcf3b4:o1:d24:identity,713096e849417cb183f2a037d0529504b0c8803a219b167c60dad6c88a268a8d,713096e849417cb183f2a037d0529504b0c8803a219b167c60dad6c88a268a8d,YES
88bcf3b4:o1:d24:transpose,e3fe9382b16e248a3d802fcffa3edcdefd21bcc34963ef1b9948445c81ebf076,e3fe9382b16e248a3d802fcffa3edcdefd21bcc34963ef1b9948445c81ebf076,YES
88bcf3b4:o1:d48:anti_transpose,551ecc6432d53b244347ef4be54153eb700f61b0886d7dbb67943ba8ccf1e91a,551ecc6432d53b244347ef4be54153eb700f61b0886d7dbb67943ba8ccf1e91a,YES
88bcf3b4:o1:d48:flip_ud,29b0fbdd91e96795d01a0b165728b4b7439e38f2f1e005f2a04492196812c983,29b0fbdd91e96795d01a0b165728b4b7439e38f2f1e005f2a04492196812c983,YES
88bcf3b4:o1:d48:identity,e564d344d062ddc2bfc52ccc47bb968f18e4aaced99a003a7a6d746abeda845b,e564d344d062ddc2bfc52ccc47bb968f18e4aaced99a003a7a6d746abeda845b,YES
88bcf3b4:o1:d48:transpose,369c5f7976c31614d15e676dc42493a4319a3e6478cb7240281d34ce32d14bfc,369c5f7976c31614d15e676dc42493a4319a3e6478cb7240281d34ce32d14bfc,YES
898e7135:o0:d12:anti_transpose,ec0a08854bb02d9d603a57a2599591464d3c76c63eefadac7f69d97af7226d46,ec0a08854bb02d9d603a57a2599591464d3c76c63eefadac7f69d97af7226d46,YES
898e7135:o0:d12:flip_ud,79d761efdae7fbca0d7d73cb94c628a94e42433c1fdbac78eb3a4998cc35d2fb,79d761efdae7fbca0d7d73cb94c628a94e42433c1fdbac78eb3a4998cc35d2fb,YES
898e7135:o0:d12:identity,8add9213e91ed59076594b37a350b3368969eba9e9d56b907def4cb533a05869,8add9213e91ed59076594b37a350b3368969eba9e9d56b907def4cb533a05869,YES
898e7135:o0:d12:transpose,3005baf87e134fcae441e1ade9acc3f72222e41a8be912f8ea20eeded84a9158,3005baf87e134fcae441e1ade9acc3f72222e41a8be912f8ea20eeded84a9158,YES
898e7135:o0:d24:anti_transpose,4bdc439c0f5d56efc7d984839c626e342abd21ba588073b8fc8dfb2977d72c5e,4bdc439c0f5d56efc7d984839c626e342abd21ba588073b8fc8dfb2977d72c5e,YES
898e7135:o0:d24:flip_ud,afca159d6fa4bafff823dfcbd4c46433c8b5c6ef811e0aadde96227631ebd726,afca159d6fa4bafff823dfcbd4c46433c8b5c6ef811e0aadde96227631ebd726,YES
898e7135:o0:d24:identity,d4c292b2b902c30336325fac39986edc0f101a559ef0a8c13964f65363df545d,d4c292b2b902c30336325fac39986edc0f101a559ef0a8c13964f65363df545d,YES
898e7135:o0:d24:transpose,f21e8188a2d3e61320b53e6d5f34fc700a5c97d455b228d77cacac26899e202a,f21e8188a2d3e61320b53e6d5f34fc700a5c97d455b228d77cacac26899e202a,YES
898e7135:o0:d48:anti_transpose,8df88ab20f83c602df379bbd0fdaa04d734864ed2ec0a92d88b7a5df191f76a0,8df88ab20f83c602df379bbd0fdaa04d734864ed2ec0a92d88b7a5df191f76a0,YES
898e7135:o0:d48:flip_ud,915b2d6f08da167ba704e6834c96ac5812c756f5bc915ee52c18cb43d991439f,915b2d6f08da167ba704e6834c96ac5812c756f5bc915ee52c18cb43d991439f,YES
898e7135:o0:d48:identity,f06d3409d0116ad1172560168942b7b1d4b285fb23d0df39c1f93c2bff57bf4c,f06d3409d0116ad1172560168942b7b1d4b285fb23d0df39c1f93c2bff57bf4c,YES
898e7135:o0:d48:transpose,449da4790b6715954129c8a3c15a4f1296627fa00042181fbf5c69ea823f2f57,449da4790b6715954129c8a3c15a4f1296627fa00042181fbf5c69ea823f2f57,YES
8b7bacbf:o0:d12:anti_transpose,b6305bfe43065dc9b4e0a87ff84d30c5baee471e141993f84f54b6dc39a1de74,b6305bfe43065dc9b4e0a87ff84d30c5baee471e141993f84f54b6dc39a1de74,YES
8b7bacbf:o0:d12:flip_ud,ad1f62aef5b0989222f585fdc2e7fb01ff41e3d288ee366cea97e81220b37cbb,ad1f62aef5b0989222f585fdc2e7fb01ff41e3d288ee366cea97e81220b37cbb,YES
8b7bacbf:o0:d12:identity,13932567730f814bcec1e0db31dbb5d553bfc658230b2cc61c5b19af2a7dc04f,13932567730f814bcec1e0db31dbb5d553bfc658230b2cc61c5b19af2a7dc04f,YES
8b7bacbf:o0:d12:transpose,00a453a8876745a0edc175003e09ada712168692f3f380e8676aba2d40929a75,00a453a8876745a0edc175003e09ada712168692f3f380e8676aba2d40929a75,YES
8b7bacbf:o0:d24:anti_transpose,3faf90f5dfb1d58c34cd74a58d1764b13aa1e63f575edd1ca737b5415e1348a2,3faf90f5dfb1d58c34cd74a58d1764b13aa1e63f575edd1ca737b5415e1348a2,YES
8b7bacbf:o0:d24:flip_ud,0059d10e56f3274dc9c0b347acb6426394bc8bbbb34cb1eb13fdd957ca929c75,0059d10e56f3274dc9c0b347acb6426394bc8bbbb34cb1eb13fdd957ca929c75,YES
8b7bacbf:o0:d24:identity,c1ebdadea73f9862efd392ecfab897d0aa791339369aa05988de3683a23eb17c,c1ebdadea73f9862efd392ecfab897d0aa791339369aa05988de3683a23eb17c,YES
8b7bacbf:o0:d24:transpose,3aef465611fad661a4b4b38c118596d1b4539cda9650da8f50950346a2f946c0,3aef465611fad661a4b4b38c118596d1b4539cda9650da8f50950346a2f946c0,YES
8b7bacbf:o0:d48:anti_transpose,044f487afb0ee072b6bf46cd79b2b8595d062f318593fd0b36362337b28acaae,044f487afb0ee072b6bf46cd79b2b8595d062f318593fd0b36362337b28acaae,YES
8b7bacbf:o0:d48:flip_ud,67cd84b3e32b6b7db5ec4bd5d66f697cf6b7e95cb1e6705faaccdb06f2e0a83b,67cd84b3e32b6b7db5ec4bd5d66f697cf6b7e95cb1e6705faaccdb06f2e0a83b,YES
8b7bacbf:o0:d48:identity,be0b2fa56c8096365cb1f6384cd2791321b600442d7751521f8852594a8602d2,be0b2fa56c8096365cb1f6384cd2791321b600442d7751521f8852594a8602d2,YES
8b7bacbf:o0:d48:transpose,db7b56dbdcdac62ba9de3c20bffa8edaf4a2727da99ae0523974df924959fb2f,db7b56dbdcdac62ba9de3c20bffa8edaf4a2727da99ae0523974df924959fb2f,YES
8b7bacbf:o1:d12:anti_transpose,48a60f7179f0f8951eb6462bf96936752592d8ec35d8ea39990f4bf12a8cc725,48a60f7179f0f8951eb6462bf96936752592d8ec35d8ea39990f4bf12a8cc725,YES
8b7bacbf:o1:d12:flip_ud,8474dc194a99760f565844ce62a17bc32315d1d5f131705d35f1ec7a5db1c673,8474dc194a99760f565844ce62a17bc32315d1d5f131705d35f1ec7a5db1c673,YES
8b7bacbf:o1:d12:identity,757dc25505f907192a48fb8b46d06c8810e12e70d6cce7db22a825241e7914b4,757dc25505f907192a48fb8b46d06c8810e12e70d6cce7db22a825241e7914b4,YES
8b7bacbf:o1:d12:transpose,ffc43070958773ea0621cd710af13a650ebc2fb980f68130e8c25ef6b3f5cd13,ffc43070958773ea0621cd710af13a650ebc2fb980f68130e8c25ef6b3f5cd13,YES
8b7bacbf:o1:d24:anti_transpose,6727f471e75473fe10531b6a934ddcd74276e54c2de58d03f15d8d44f373bc0a,6727f471e75473fe10531b6a934ddcd74276e54c2de58d03f15d8d44f373bc0a,YES
8b7bacbf:o1:d24:flip_ud,6e4293c34a314f632a0ea835350e10f9bf424e2fdd5b1a1e91b80bea930c20a8,6e4293c34a314f632a0ea835350e10f9bf424e2fdd5b1a1e91b80bea930c20a8,YES
8b7bacbf:o1:d24:identity,fa7cd23786dde8d3c1b82958f57d0d3aaf2f84410a32cfb61eb6b344efa808d7,fa7cd23786dde8d3c1b82958f57d0d3aaf2f84410a32cfb61eb6b344efa808d7,YES
8b7bacbf:o1:d24:transpose,af4ab6de70488f48a4aa1c0b7857ffe00642fc570f65478a5b16032e3825cd09,af4ab6de70488f48a4aa1c0b7857ffe00642fc570f65478a5b16032e3825cd09,YES
8b7bacbf:o1:d48:anti_transpose,c1fe8ccf0d2153c2bf1bfed4492e6c76effb303d234c78a07c61eb96d2e6241c,c1fe8ccf0d2153c2bf1bfed4492e6c76effb303d234c78a07c61eb96d2e6241c,YES
8b7bacbf:o1:d48:flip_ud,fd07362d8b01def136c36e643326d5a5dcc5e526234e7efb41aac95cd87d2d66,fd07362d8b01def136c36e643326d5a5dcc5e526234e7efb41aac95cd87d2d66,YES
8b7bacbf:o1:d48:identity,bf1929034f4562e0481b8bfbdebbcd66f9f2e5327b61303f51757db4831f6631,bf1929034f4562e0481b8bfbdebbcd66f9f2e5327b61303f51757db4831f6631,YES
8b7bacbf:o1:d48:transpose,5c545a0a89aa5c4c0f6f2f1b931d09781d77de7166c3c4c72bc547b52e7057b2,5c545a0a89aa5c4c0f6f2f1b931d09781d77de7166c3c4c72bc547b52e7057b2,YES
8e5c0c38:o0:d12:anti_transpose,2f8acbd93d3c6445a1616a3bac925b98f0607861f55ecda3de478c936bb075f0,2f8acbd93d3c6445a1616a3bac925b98f0607861f55ecda3de478c936bb075f0,YES
8e5c0c38:o0:d12:flip_ud,0913f4e2e20f0ef7aea360400ad19c841334ec0b96b6e9e3e34d6c80757be68b,0913f4e2e20f0ef7aea360400ad19c841334ec0b96b6e9e3e34d6c80757be68b,YES
8e5c0c38:o0:d12:identity,858746176551874a7edda40ffb32255cda20684913c1ef05a137401bdd7a9295,858746176551874a7edda40ffb32255cda20684913c1ef05a137401bdd7a9295,YES
8e5c0c38:o0:d12:transpose,7babef6b8a04dc541327f135a9ce0ef90d299044bbf196164b4a8f496d62643a,7babef6b8a04dc541327f135a9ce0ef90d299044bbf196164b4a8f496d62643a,YES
8e5c0c38:o0:d24:anti_transpose,e15f278a082c7caa0ea0ac88bddb91dca8d93487ff8bb3d8acb6c97c7885d8c3,e15f278a082c7caa0ea0ac88bddb91dca8d93487ff8bb3d8acb6c97c7885d8c3,YES
8e5c0c38:o0:d24:flip_ud,0eb50ff8e13858a32fc52be3e66be6efe4ea078ece8aa93a261e5d38fac16b74,0eb50ff8e13858a32fc52be3e66be6efe4ea078ece8aa93a261e5d38fac16b74,YES
8e5c0c38:o0:d24:identity,5e964189fa468c104fd64e80aef5bb5fe056f4e2d357432288f8214e27024666,5e964189fa468c104fd64e80aef5bb5fe056f4e2d357432288f8214e27024666,YES
8e5c0c38:o0:d24:transpose,24a96ca4480d8e55f154099dc720a93cb9cb28a7f523f2a01f2bc95f8e5c3c0b,24a96ca4480d8e55f154099dc720a93cb9cb28a7f523f2a01f2bc95f8e5c3c0b,YES
8e5c0c38:o0:d48:anti_transpose,2d2d0f598af34707b80f86bbe1b09b53734dc3eac922eca7030c0e5b2ab7d019,2d2d0f598af34707b80f86bbe1b09b53734dc3eac922eca7030c0e5b2ab7d019,YES
8e5c0c38:o0:d48:flip_ud,d1736121efe4d2890aaf6f62512792b1a98bf9cf419636bc8ed2d1ac47b313e0,d1736121efe4d2890aaf6f62512792b1a98bf9cf419636bc8ed2d1ac47b313e0,YES
8e5c0c38:o0:d48:identity,3317643e297ce2a2b087927a88820a148483b4e4e395ccbc4f475e5200bf2828,3317643e297ce2a2b087927a88820a148483b4e4e395ccbc4f475e5200bf2828,YES
8e5c0c38:o0:d48:transpose,f38530c479090574ec1c21579f50034eaff46e2f325914254bfc651b53b65220,f38530c479090574ec1c21579f50034eaff46e2f325914254bfc651b53b65220,YES
8e5c0c38:o1:d12:anti_transpose,37bec18b834ee65d65e27e7945b8ae87a8bfdd2fc595c1c3269270a7ad1c1060,37bec18b834ee65d65e27e7945b8ae87a8bfdd2fc595c1c3269270a7ad1c1060,YES
8e5c0c38:o1:d12:flip_ud,d913d4c65d503bb7963c4624f6aa7be65e6b330b00c5ca198e0615ee99204ea9,d913d4c65d503bb7963c4624f6aa7be65e6b330b00c5ca198e0615ee99204ea9,YES
8e5c0c38:o1:d12:identity,3e0abed61af174caea1107fd49493ef3ae8d47d148df7f6ecdb1dc7cbe832f80,3e0abed61af174caea1107fd49493ef3ae8d47d148df7f6ecdb1dc7cbe832f80,YES
8e5c0c38:o1:d12:transpose,75563d151696a8f24d9bc66a662d4c45b9eee06fca3fb94be0d1c412389266ba,75563d151696a8f24d9bc66a662d4c45b9eee06fca3fb94be0d1c412389266ba,YES
8e5c0c38:o1:d24:anti_transpose,915dfad66be37b90a7155f5a101097e6883d9fd4646891c0595d4db06406e26d,915dfad66be37b90a7155f5a101097e6883d9fd4646891c0595d4db06406e26d,YES
8e5c0c38:o1:d24:flip_ud,b7c459b4ad89ace240b8dfa2e58cfda8ebf6f6fb570239f89be656f18d029133,b7c459b4ad89ace240b8dfa2e58cfda8ebf6f6fb570239f89be656f18d029133,YES
8e5c0c38:o1:d24:identity,6b6528b3c95d8c8d9fd2a4076daa525564102f721f27a74fa8b596deaf0aaf32,6b6528b3c95d8c8d9fd2a4076daa525564102f721f27a74fa8b596deaf0aaf32,YES
8e5c0c38:o1:d24:transpose,4f6bf3f1c30d6120cfa47fc894327734189975e03b0a6254f3515284820faba9,4f6bf3f1c30d6120cfa47fc894327734189975e03b0a6254f3515284820faba9,YES
8e5c0c38:o1:d48:anti_transpose,0c00a2d868f26b2989e84787243e0c9054fbf018ace2403a261ccdc6c2cb9224,0c00a2d868f26b2989e84787243e0c9054fbf018ace2403a261ccdc6c2cb9224,YES
8e5c0c38:o1:d48:flip_ud,06fe952d9ed3a99f5cdd3caa6818f6a4552ecf70de180d70e623bdcf4c51dd78,06fe952d9ed3a99f5cdd3caa6818f6a4552ecf70de180d70e623bdcf4c51dd78,YES
8e5c0c38:o1:d48:identity,4c4321c3fd2306d1a1970e34f3455439fb7ea0981b1120c3c86b07d0c8fd8eea,4c4321c3fd2306d1a1970e34f3455439fb7ea0981b1120c3c86b07d0c8fd8eea,YES
8e5c0c38:o1:d48:transpose,5106083af6f2254af09afced1f26674bdacf2bdc922615687f8be84d640c35b1,5106083af6f2254af09afced1f26674bdacf2bdc922615687f8be84d640c35b1,YES
9385bd28:o0:d12:anti_transpose,686eab022c991260cb1cd7884f98670f585df072b1e3403cd4ab63f386577709,686eab022c991260cb1cd7884f98670f585df072b1e3403cd4ab63f386577709,YES
9385bd28:o0:d12:flip_ud,aa22562cdd4e19fe29123f6ee4d946fd98edd3e40f01c9cd80f1a2a9a4d0e80e,aa22562cdd4e19fe29123f6ee4d946fd98edd3e40f01c9cd80f1a2a9a4d0e80e,YES
9385bd28:o0:d12:identity,b9362173638f432ce3aa855c7890ef02e4ed167f7ed2a71bac8f98cb899d4730,b9362173638f432ce3aa855c7890ef02e4ed167f7ed2a71bac8f98cb899d4730,YES
9385bd28:o0:d12:transpose,4751c76d8a9d8caebc119eba51ecf3660be7fe55f6faf2b92dbafadc182d783e,4751c76d8a9d8caebc119eba51ecf3660be7fe55f6faf2b92dbafadc182d783e,YES
9385bd28:o0:d24:anti_transpose,131d56c8f08a2962a811a401288c9ce220d3e33b7fd556868b073e4e66109045,131d56c8f08a2962a811a401288c9ce220d3e33b7fd556868b073e4e66109045,YES
9385bd28:o0:d24:flip_ud,b806064d0bc415d5514df76daa4bcb61639d223e70142b44b48247ba8c372062,b806064d0bc415d5514df76daa4bcb61639d223e70142b44b48247ba8c372062,YES
9385bd28:o0:d24:identity,73ec485efd01c9593b56d58a7f4d0f86542999b637f17993f7fffd2037c25769,73ec485efd01c9593b56d58a7f4d0f86542999b637f17993f7fffd2037c25769,YES
9385bd28:o0:d24:transpose,251c5662011baa98d983ac2dad196020824c931db7952d984524433bf93558a6,251c5662011baa98d983ac2dad196020824c931db7952d984524433bf93558a6,YES
9385bd28:o0:d48:anti_transpose,d633551d24850db2304b08af8203381d59463b85ebe3d0e289c32cd0adba054f,d633551d24850db2304b08af8203381d59463b85ebe3d0e289c32cd0adba054f,YES
9385bd28:o0:d48:flip_ud,3980cdcf8c2d4e98eb4c01a1cbd9b46f00185934314527f6c5175118f55b16da,3980cdcf8c2d4e98eb4c01a1cbd9b46f00185934314527f6c5175118f55b16da,YES
9385bd28:o0:d48:identity,650ffbde31e572384c6d26e628ceb5910231809e84313e29e75485e6e3338ae4,650ffbde31e572384c6d26e628ceb5910231809e84313e29e75485e6e3338ae4,YES
9385bd28:o0:d48:transpose,d8e08d3954c38b3d0aeced4b9ed0ac64a6a55c2d76cc685833d9e93be8c41551,d8e08d3954c38b3d0aeced4b9ed0ac64a6a55c2d76cc685833d9e93be8c41551,YES
9385bd28:o1:d12:anti_transpose,fff2221a7f3107a381d8a369c229b3eb1cdc66b1d190cdefbc2f65330147a991,fff2221a7f3107a381d8a369c229b3eb1cdc66b1d190cdefbc2f65330147a991,YES
9385bd28:o1:d12:flip_ud,ba2033180ddecf579d5b1ef65171fb5e8a36393f4bb222c1185a0a292239404b,ba2033180ddecf579d5b1ef65171fb5e8a36393f4bb222c1185a0a292239404b,YES
9385bd28:o1:d12:identity,1163aa7532cec2021f203696a56e8b1606f7c7b5457bcd58c10c1775c6b51507,1163aa7532cec2021f203696a56e8b1606f7c7b5457bcd58c10c1775c6b51507,YES
9385bd28:o1:d12:transpose,45b62226287e36934464511f0da7009f1e8a338605e52dfac4c174bc2582daa5,45b62226287e36934464511f0da7009f1e8a338605e52dfac4c174bc2582daa5,YES
9385bd28:o1:d24:anti_transpose,f22fb6f336a39c5ea9c35a171208af36152a673cfab6fefac43b2a470c9425d9,f22fb6f336a39c5ea9c35a171208af36152a673cfab6fefac43b2a470c9425d9,YES
9385bd28:o1:d24:flip_ud,a68590568b5e1721decc8445469f402a912caa7778f3ecc60b2104075877bac7,a68590568b5e1721decc8445469f402a912caa7778f3ecc60b2104075877bac7,YES
9385bd28:o1:d24:identity,69a8081f4e0f80f28fe9cb9f42fd50b8f341f99985246599a6e08f74b450b004,69a8081f4e0f80f28fe9cb9f42fd50b8f341f99985246599a6e08f74b450b004,YES
9385bd28:o1:d24:transpose,78d6ac59ed37293b9259fe533db193b66fa5549b8f73a7bca8a473d08010e4c0,78d6ac59ed37293b9259fe533db193b66fa5549b8f73a7bca8a473d08010e4c0,YES
9385bd28:o1:d48:anti_transpose,8a7da0784a316b441cf58c9613a5ec95fd4a55868b8b4ab72f8e99e90326bdf8,8a7da0784a316b441cf58c9613a5ec95fd4a55868b8b4ab72f8e99e90326bdf8,YES
9385bd28:o1:d48:flip_ud,2285537f727d7b4fd143b2e1e779875a905d58751b59e84381d3954003267407,2285537f727d7b4fd143b2e1e779875a905d58751b59e84381d3954003267407,YES
9385bd28:o1:d48:identity,a7c6576ec189d2dcae49867dc7e0b3c04d815c927994b9aa32c2806c00c55dba,a7c6576ec189d2dcae49867dc7e0b3c04d815c927994b9aa32c2806c00c55dba,YES
9385bd28:o1:d48:transpose,10775b434d2b296f78aadf026ffc0185a230f9c12b123439a46af3a9d3d27ad8,10775b434d2b296f78aadf026ffc0185a230f9c12b123439a46af3a9d3d27ad8,YES
97d7923e:o0:d12:anti_transpose,109dc6937f5a71d4ccdd8b33f0157528023a926d150059d7bd4f6e588f64e401,109dc6937f5a71d4ccdd8b33f0157528023a926d150059d7bd4f6e588f64e401,YES
97d7923e:o0:d12:flip_ud,3a35a316fdee7d3ba9cd93aebb774c5b573dccf816f224775dac94a9b8cceb90,3a35a316fdee7d3ba9cd93aebb774c5b573dccf816f224775dac94a9b8cceb90,YES
97d7923e:o0:d12:identity,f1c2b4de07b32a15afdaadc60dfe7bf1a28ceac8b494fafc0253abbdb99a4d64,f1c2b4de07b32a15afdaadc60dfe7bf1a28ceac8b494fafc0253abbdb99a4d64,YES
97d7923e:o0:d12:transpose,9ec5239bcb7bf3d721ed8e2a12e93475400186fe20c971d2f3bf751f84436b42,9ec5239bcb7bf3d721ed8e2a12e93475400186fe20c971d2f3bf751f84436b42,YES
97d7923e:o0:d24:anti_transpose,160d08128d3d69888d58caa7531b2f9073b3c91cb4821102bac34d8f6ec117f4,160d08128d3d69888d58caa7531b2f9073b3c91cb4821102bac34d8f6ec117f4,YES
97d7923e:o0:d24:flip_ud,25825b126f6ff2264e5cfae1a6136d961c4fd185a7aac65143c06b1be39c6616,25825b126f6ff2264e5cfae1a6136d961c4fd185a7aac65143c06b1be39c6616,YES
97d7923e:o0:d24:identity,cd4696cdb2a4a2b121f6926e9208c16962726d00b4cb41534b8a545788687ddb,cd4696cdb2a4a2b121f6926e9208c16962726d00b4cb41534b8a545788687ddb,YES
97d7923e:o0:d24:transpose,33d5e2bba76c25132792162523817c339eb25b7798cd4e63204f42035127889f,33d5e2bba76c25132792162523817c339eb25b7798cd4e63204f42035127889f,YES
97d7923e:o0:d48:anti_transpose,3ee070d4a2068448d855f371e7b8d804145f510df024bef0886237259b0fd56b,3ee070d4a2068448d855f371e7b8d804145f510df024bef0886237259b0fd56b,YES
97d7923e:o0:d48:flip_ud,4983eaaeb1a08818682e3efc6d2817220fca3ee0dd5eddfa3ed20abf5354fafe,4983eaaeb1a08818682e3efc6d2817220fca3ee0dd5eddfa3ed20abf5354fafe,YES
97d7923e:o0:d48:identity,08919f48b05dd86a39dd6f03218874d2d557c47ddcfa39d4d4e775fcda21f3eb,08919f48b05dd86a39dd6f03218874d2d557c47ddcfa39d4d4e775fcda21f3eb,YES
97d7923e:o0:d48:transpose,b30f3128f3beab3f02f48b49dc590c7b88d8b6badcc525c0df1b47e6f7955965,b30f3128f3beab3f02f48b49dc590c7b88d8b6badcc525c0df1b47e6f7955965,YES
981571dc:o0:d12:anti_transpose,bb46190527214e477ea8c381571b6132b502dc55b2da9655bd142ee793dc2346,bb46190527214e477ea8c381571b6132b502dc55b2da9655bd142ee793dc2346,YES
981571dc:o0:d12:flip_ud,bb46190527214e477ea8c381571b6132b502dc55b2da9655bd142ee793dc2346,bb46190527214e477ea8c381571b6132b502dc55b2da9655bd142ee793dc2346,YES
981571dc:o0:d12:identity,bb46190527214e477ea8c381571b6132b502dc55b2da9655bd142ee793dc2346,bb46190527214e477ea8c381571b6132b502dc55b2da9655bd142ee793dc2346,YES
981571dc:o0:d12:transpose,bb46190527214e477ea8c381571b6132b502dc55b2da9655bd142ee793dc2346,bb46190527214e477ea8c381571b6132b502dc55b2da9655bd142ee793dc2346,YES
981571dc:o0:d24:anti_transpose,bb46190527214e477ea8c381571b6132b502dc55b2da9655bd142ee793dc2346,bb46190527214e477ea8c381571b6132b502dc55b2da9655bd142ee793dc2346,YES
981571dc:o0:d24:flip_ud,bb46190527214e477ea8c381571b6132b502dc55b2da9655bd142ee793dc2346,bb46190527214e477ea8c381571b6132b502dc55b2da9655bd142ee793dc2346,YES
981571dc:o0:d24:identity,f8c65f2d562b3520ea8b79287d2e8adce0fc25f13176c3c55be3eba66acd20fc,f8c65f2d562b3520ea8b79287d2e8adce0fc25f13176c3c55be3eba66acd20fc,YES
981571dc:o0:d24:transpose,bb46190527214e477ea8c381571b6132b502dc55b2da9655bd142ee793dc2346,bb46190527214e477ea8c381571b6132b502dc55b2da9655bd142ee793dc2346,YES
981571dc:o0:d48:anti_transpose,bb46190527214e477ea8c381571b6132b502dc55b2da9655bd142ee793dc2346,bb46190527214e477ea8c381571b6132b502dc55b2da9655bd142ee793dc2346,YES
981571dc:o0:d48:flip_ud,f8c65f2d562b3520ea8b79287d2e8adce0fc25f13176c3c55be3eba66acd20fc,f8c65f2d562b3520ea8b79287d2e8adce0fc25f13176c3c55be3eba66acd20fc,YES
981571dc:o0:d48:identity,bb46190527214e477ea8c381571b6132b502dc55b2da9655bd142ee793dc2346,bb46190527214e477ea8c381571b6132b502dc55b2da9655bd142ee793dc2346,YES
981571dc:o0:d48:transpose,bb46190527214e477ea8c381571b6132b502dc55b2da9655bd142ee793dc2346,bb46190527214e477ea8c381571b6132b502dc55b2da9655bd142ee793dc2346,YES
9bbf930d:o0:d12:anti_transpose,80383cc74554786e43e88e950f3b76560ab7783e23072d705584a5b383506b2e,80383cc74554786e43e88e950f3b76560ab7783e23072d705584a5b383506b2e,YES
9bbf930d:o0:d12:flip_ud,7efba38c02ad0de3de160984c15537749a6bf457238c92349d9277abab83b62a,7efba38c02ad0de3de160984c15537749a6bf457238c92349d9277abab83b62a,YES
9bbf930d:o0:d12:identity,38bb9c83903d78d784ac57e50ced0a33f6737c666855abeded4b2b53f3736d5c,38bb9c83903d78d784ac57e50ced0a33f6737c666855abeded4b2b53f3736d5c,YES
9bbf930d:o0:d12:transpose,8d2c6157d869ee494bbe8f29cc7546fd39c25e276ca5364fa36b344e19a15003,8d2c6157d869ee494bbe8f29cc7546fd39c25e276ca5364fa36b344e19a15003,YES
9bbf930d:o0:d24:anti_transpose,0969efda54d7cccab67b040de34db1f6f619e22a0d4b5fe0a23b4ce603de9448,0969efda54d7cccab67b040de34db1f6f619e22a0d4b5fe0a23b4ce603de9448,YES
9bbf930d:o0:d24:flip_ud,7c9344f371c2b27a7b232eb2313d86d4b23ca6942b1528a0899aa3b135a0ad29,7c9344f371c2b27a7b232eb2313d86d4b23ca6942b1528a0899aa3b135a0ad29,YES
9bbf930d:o0:d24:identity,6c9f28d605bd2fb44f13bfec063b2c123a4e3b8f4d293c2abf1fb3c6fd6920be,6c9f28d605bd2fb44f13bfec063b2c123a4e3b8f4d293c2abf1fb3c6fd6920be,YES
9bbf930d:o0:d24:transpose,c35734e09f49ed7efb56cda0bb9057d537215fde064af221a7ffc64931cbdb43,c35734e09f49ed7efb56cda0bb9057d537215fde064af221a7ffc64931cbdb43,YES
9bbf930d:o0:d48:anti_transpose,8a385eb73eea44551792c57959d014fe012966853b68a4a8e9540ce71b542e5f,8a385eb73eea44551792c57959d014fe012966853b68a4a8e9540ce71b542e5f,YES
9bbf930d:o0:d48:flip_ud,23aa5f5f04a383ab8d39a4d986f027e0f3e882ef0bbf77682f4d2f6ac14c333e,23aa5f5f04a383ab8d39a4d986f027e0f3e882ef0bbf77682f4d2f6ac14c333e,YES
9bbf930d:o0:d48:identity,3491ecaa6222ab48e60c03e397efa49acc9fff7ad729df60199fb26c640bd41d,3491ecaa6222ab48e60c03e397efa49acc9fff7ad729df60199fb26c640bd41d,YES
9bbf930d:o0:d48:transpose,be766490171bb84b6a8331e725a64ec2a14b1ab4846fe2cf5f8b037d6745982e,be766490171bb84b6a8331e725a64ec2a14b1ab4846fe2cf5f8b037d6745982e,YES
a32d8b75:o0:d12:anti_transpose,5b33bfcfd50874926ebe14cfa15c5284d35490386dfebd0d9e8f2491a70edb70,5b33bfcfd50874926ebe14cfa15c5284d35490386dfebd0d9e8f2491a70edb70,YES
a32d8b75:o0:d12:flip_ud,0ce609536148fde5b6efbc4005d62e5de02766d927fa93907b611a743f75716d,0ce609536148fde5b6efbc4005d62e5de02766d927fa93907b611a743f75716d,YES
a32d8b75:o0:d12:identity,8a37c8a065d1167d3e75dc1fe18f654f2da980311748a69c2e7ba218ed75e052,8a37c8a065d1167d3e75dc1fe18f654f2da980311748a69c2e7ba218ed75e052,YES
a32d8b75:o0:d12:transpose,1ce6c356a2dfbaf5b639fbd485c5da778b917a18108c2ab10c54bfe656c01d04,1ce6c356a2dfbaf5b639fbd485c5da778b917a18108c2ab10c54bfe656c01d04,YES
a32d8b75:o0:d24:anti_transpose,dd6f3165605d4e9862ec24f10c0caf45a7f7a9f1556b61608124fef1ca56ddf5,dd6f3165605d4e9862ec24f10c0caf45a7f7a9f1556b61608124fef1ca56ddf5,YES
a32d8b75:o0:d24:flip_ud,8d208a21601938e63ff6d6640c20d8934713b051f8ffb0956f312469c480c8ca,8d208a21601938e63ff6d6640c20d8934713b051f8ffb0956f312469c480c8ca,YES
a32d8b75:o0:d24:identity,6c68c59b8ae2f24bdb20ff8eea4b14e91b20b5c2db07cad7b3a99ebe38f3b5bf,6c68c59b8ae2f24bdb20ff8eea4b14e91b20b5c2db07cad7b3a99ebe38f3b5bf,YES
a32d8b75:o0:d24:transpose,7d59ba5152185209b9a1609240399983fa64462cbfb424faa4703e8b0c7f3461,7d59ba5152185209b9a1609240399983fa64462cbfb424faa4703e8b0c7f3461,YES
a32d8b75:o0:d48:anti_transpose,f4eb7b1e11d3fe611f66a00390784ffe1b91c2437cbc8f1319607c34295797af,f4eb7b1e11d3fe611f66a00390784ffe1b91c2437cbc8f1319607c34295797af,YES
a32d8b75:o0:d48:flip_ud,c7c546a69086b0137670301b188a39c74e78f6d79ade26040524b4d9871373c8,c7c546a69086b0137670301b188a39c74e78f6d79ade26040524b4d9871373c8,YES
a32d8b75:o0:d48:identity,659a8075e87119005dc1556ecda8f391afab0f4c336ca45e292ea4bbecc53d47,659a8075e87119005dc1556ecda8f391afab0f4c336ca45e292ea4bbecc53d47,YES
a32d8b75:o0:d48:transpose,e4f7c542d5c381400eaeaf3ec53bd309e9af9c25f2182199ecc454651cc3b971,e4f7c542d5c381400eaeaf3ec53bd309e9af9c25f2182199ecc454651cc3b971,YES
a32d8b75:o1:d12:anti_transpose,fa9a97c8e05fc135af2e1766a325e076a597cb55b931a1168e347d99936d134f,fa9a97c8e05fc135af2e1766a325e076a597cb55b931a1168e347d99936d134f,YES
a32d8b75:o1:d12:flip_ud,37157578166d99fdb78743fa80e816140639f1c2cfb2402e3fa4979e62f9eca4,37157578166d99fdb78743fa80e816140639f1c2cfb2402e3fa4979e62f9eca4,YES
a32d8b75:o1:d12:identity,9febfc89ce276a7f0403e12a2b352070faae5a1eae29c861bf12366046c1f1ed,9febfc89ce276a7f0403e12a2b352070faae5a1eae29c861bf12366046c1f1ed,YES
a32d8b75:o1:d12:transpose,d4eafa977c2183f6d76586d91a438c0db00200946d4473cb13841df6e9d87a13,d4eafa977c2183f6d76586d91a438c0db00200946d4473cb13841df6e9d87a13,YES
a32d8b75:o1:d24:anti_transpose,e8c8c61bd653aa77e08e5f5de7dcf783783c9773316f1208ecc519198105f61f,e8c8c61bd653aa77e08e5f5de7dcf783783c9773316f1208ecc519198105f61f,YES
a32d8b75:o1:d24:flip_ud,ba45005782245bd59a42391041ea94e55cbf04fef912ae0de3242f81d30f1f6b,ba45005782245bd59a42391041ea94e55cbf04fef912ae0de3242f81d30f1f6b,YES
a32d8b75:o1:d24:identity,0c5bbefec86a78b2dd95b55a955e3b23f533b5bc346db489be8695f632513390,0c5bbefec86a78b2dd95b55a955e3b23f533b5bc346db489be8695f632513390,YES
a32d8b75:o1:d24:transpose,4cf1e2211f24d8128b7c92d32b3c30bb75292c0501755e7055f08005ac0f1ab1,4cf1e2211f24d8128b7c92d32b3c30bb75292c0501755e7055f08005ac0f1ab1,YES
a32d8b75:o1:d48:anti_transpose,a0414c50f80a0caf990a3a64f937f844475379109d4c761670dca5a6e57feecf,a0414c50f80a0caf990a3a64f937f844475379109d4c761670dca5a6e57feecf,YES
a32d8b75:o1:d48:flip_ud,c129ab371f4e945d8e078d3c2690bf32aa4a2a12232094eb0fe55d9f5e30dcd4,c129ab371f4e945d8e078d3c2690bf32aa4a2a12232094eb0fe55d9f5e30dcd4,YES
a32d8b75:o1:d48:identity,a27dab6062fbec41d057cf7a517e03b17496d30aeb7a93f784f38ce0b5e9d00f,a27dab6062fbec41d057cf7a517e03b17496d30aeb7a93f784f38ce0b5e9d00f,YES
a32d8b75:o1:d48:transpose,40b4bdc2a5e4c07ddb5fda4ebc68a39a55041f3156af3aaf0de7d32f39f4e6c6,40b4bdc2a5e4c07ddb5fda4ebc68a39a55041f3156af3aaf0de7d32f39f4e6c6,YES
aa4ec2a5:o0:d12:anti_transpose,bce76bee24fe65faee5f6f94563a0f916c5a21d586b70e9281918bdc565d6a02,bce76bee24fe65faee5f6f94563a0f916c5a21d586b70e9281918bdc565d6a02,YES
aa4ec2a5:o0:d12:flip_ud,c23ea63bffc3f057cdfd918d0c6e6c8c1a49c8f251faffc748fdbe9e9ef96775,c23ea63bffc3f057cdfd918d0c6e6c8c1a49c8f251faffc748fdbe9e9ef96775,YES
aa4ec2a5:o0:d12:identity,2770567890dbcddc7d54cd985c5daefca7b453a613755034c9bb8d1d02ccea10,2770567890dbcddc7d54cd985c5daefca7b453a613755034c9bb8d1d02ccea10,YES
aa4ec2a5:o0:d12:transpose,01b8648785c9566487e6fd2ccf0947659a1ab5161ba975de8246414d73b5631e,01b8648785c9566487e6fd2ccf0947659a1ab5161ba975de8246414d73b5631e,YES
aa4ec2a5:o0:d24:anti_transpose,9350734e0ffdf11d5a5a944333131af0ca765b8e7308951319b4470075c73bed,9350734e0ffdf11d5a5a944333131af0ca765b8e7308951319b4470075c73bed,YES
aa4ec2a5:o0:d24:flip_ud,880863d485800150a24c39994d7c04df9a1d0ce4206a86e51e7b7c92913f0d87,880863d485800150a24c39994d7c04df9a1d0ce4206a86e51e7b7c92913f0d87,YES
aa4ec2a5:o0:d24:identity,c88a10fc3c6aab8d48f50a97d19ec741f616ab28d92c8785d7ec42f55120a968,c88a10fc3c6aab8d48f50a97d19ec741f616ab28d92c8785d7ec42f55120a968,YES
aa4ec2a5:o0:d24:transpose,1196906fd530580efebbfe54a66ab7aa44da3fcac83aad13543ad82a7ff7c62d,1196906fd530580efebbfe54a66ab7aa44da3fcac83aad13543ad82a7ff7c62d,YES
aa4ec2a5:o0:d48:anti_transpose,1ae2b0b4db4280a982978bd364cfe38245b39003483d221067215a164e116aca,1ae2b0b4db4280a982978bd364cfe38245b39003483d221067215a164e116aca,YES
aa4ec2a5:o0:d48:flip_ud,a3ba662c6867a08b58a520ae1d4c46600d3cf7407432cf3cbe752daf6baa1a2b,a3ba662c6867a08b58a520ae1d4c46600d3cf7407432cf3cbe752daf6baa1a2b,YES
aa4ec2a5:o0:d48:identity,c03424c5a820715db93239dc4878ba4b66c0c4ce7cf66ea314a0b8bfa6ba3079,c03424c5a820715db93239dc4878ba4b66c0c4ce7cf66ea314a0b8bfa6ba3079,YES
aa4ec2a5:o0:d48:transpose,81b952865820d8a20b897762d20455084e651d16652e7308d7e4961a32e3eff3,81b952865820d8a20b897762d20455084e651d16652e7308d7e4961a32e3eff3,YES
b5ca7ac4:o0:d12:anti_transpose,f9e339b67fbe6d3e756c86fd1b8460f90e778ad8733234449f79c5127a076c05,f9e339b67fbe6d3e756c86fd1b8460f90e778ad8733234449f79c5127a076c05,YES
b5ca7ac4:o0:d12:flip_ud,5b9c0066cabe205ac44548562d08db068a7c91aa937b017f2ee7f2d6719ffe7d,5b9c0066cabe205ac44548562d08db068a7c91aa937b017f2ee7f2d6719ffe7d,YES
b5ca7ac4:o0:d12:identity,69cfacfaf71ff3fd9dd23391910796342310821639008da6b5bfdb9e6d2bcc1e,69cfacfaf71ff3fd9dd23391910796342310821639008da6b5bfdb9e6d2bcc1e,YES
b5ca7ac4:o0:d12:transpose,46c61501d9e7c52e06cf85d1cf9e7ffb2c3b47457100a47be3fccb80caf5cc01,46c61501d9e7c52e06cf85d1cf9e7ffb2c3b47457100a47be3fccb80caf5cc01,YES
b5ca7ac4:o0:d24:anti_transpose,02d2ff750cfcac9c44e2d0a8625cdd0992707dff80e2e64a1b447a07bee1bc32,02d2ff750cfcac9c44e2d0a8625cdd0992707dff80e2e64a1b447a07bee1bc32,YES
b5ca7ac4:o0:d24:flip_ud,c488cc55c1d4a28a9c4d3ac9a33a37830e02a20f30e28ba496d6ee77eb2fb3b6,c488cc55c1d4a28a9c4d3ac9a33a37830e02a20f30e28ba496d6ee77eb2fb3b6,YES
b5ca7ac4:o0:d24:identity,1f01587ca0188bc2f344be8f55c6111f672e0e4ad8e1a34bfc9da0a5418eb8dc,1f01587ca0188bc2f344be8f55c6111f672e0e4ad8e1a34bfc9da0a5418eb8dc,YES
b5ca7ac4:o0:d24:transpose,63252b0ed46f1296f0e18b27f7f965c4e54c1b66ef96d335076ed4f1dc1f2da9,63252b0ed46f1296f0e18b27f7f965c4e54c1b66ef96d335076ed4f1dc1f2da9,YES
b5ca7ac4:o0:d48:anti_transpose,fa8a974eabcfba77344a4347965ddb2dffde504898072e5dc147ec56e013f14a,fa8a974eabcfba77344a4347965ddb2dffde504898072e5dc147ec56e013f14a,YES
b5ca7ac4:o0:d48:flip_ud,e23587e841d25f959d427f34b9a726fb86b8a2126f2c752507df9a0fbe48f9f7,e23587e841d25f959d427f34b9a726fb86b8a2126f2c752507df9a0fbe48f9f7,YES
b5ca7ac4:o0:d48:identity,2070ef3f68e6c0e06903643983b698dc9eab282effa7d5982f12c36112f3562c,2070ef3f68e6c0e06903643983b698dc9eab282effa7d5982f12c36112f3562c,YES
b5ca7ac4:o0:d48:transpose,c1388a3226b5b7aca00480f0fd80c04d843981b9d491ff58396b8a326ff7314d,c1388a3226b5b7aca00480f0fd80c04d843981b9d491ff58396b8a326ff7314d,YES
b6f77b65:o0:d12:anti_transpose,fba137e424335b381b7a750449a70d3b54cba0d0540a3c54b08373ad96e407db,fba137e424335b381b7a750449a70d3b54cba0d0540a3c54b08373ad96e407db,YES
b6f77b65:o0:d12:flip_ud,e80261005bd3f095f43367a5d789bf8d2f476f0d60a4ef52f2bd84efb582cc82,e80261005bd3f095f43367a5d789bf8d2f476f0d60a4ef52f2bd84efb582cc82,YES
b6f77b65:o0:d12:identity,0aaa6912b60300b2cc2303bd04384edf32eba0759917d74ddc64ea45831fb853,0aaa6912b60300b2cc2303bd04384edf32eba0759917d74ddc64ea45831fb853,YES
b6f77b65:o0:d12:transpose,310fcdbd103326794d60a52f8a1b1f9ce1b3f9a0d9f2b6959682c7bc3344a75a,310fcdbd103326794d60a52f8a1b1f9ce1b3f9a0d9f2b6959682c7bc3344a75a,YES
b6f77b65:o0:d24:anti_transpose,700ef5ab9600e7086f148cb43f1c2557c43ee181582411b130cbab98d9474356,700ef5ab9600e7086f148cb43f1c2557c43ee181582411b130cbab98d9474356,YES
b6f77b65:o0:d24:flip_ud,b27c1dba583b3bc96e1b45985ddbeded200e797168a2f21a75a0671ab08281cf,b27c1dba583b3bc96e1b45985ddbeded200e797168a2f21a75a0671ab08281cf,YES
b6f77b65:o0:d24:identity,0365bee31aead8aba5cdba18ffeb767dfca128d6f68bda3bf05c8cdc17527f85,0365bee31aead8aba5cdba18ffeb767dfca128d6f68bda3bf05c8cdc17527f85,YES
b6f77b65:o0:d24:transpose,7bef720a17193269a5c0d40e475d212fe4d3fc88d9cf62bb61623a38dfd0c2b5,7bef720a17193269a5c0d40e475d212fe4d3fc88d9cf62bb61623a38dfd0c2b5,YES
b6f77b65:o0:d48:anti_transpose,5aed3aff0b2368b36f86b6159312e865eae9455f9bcc6624243644168120e757,5aed3aff0b2368b36f86b6159312e865eae9455f9bcc6624243644168120e757,YES
b6f77b65:o0:d48:flip_ud,a79d5811db9745e4e19e0b4d67bef51db4a499a94bca7bc4b7f24287a95481a0,a79d5811db9745e4e19e0b4d67bef51db4a499a94bca7bc4b7f24287a95481a0,YES
b6f77b65:o0:d48:identity,98e8ff2556ec82c2cbe1c5c3a90d8fe7e570f5803d9e6a0d3ea65eab6753c019,98e8ff2556ec82c2cbe1c5c3a90d8fe7e570f5803d9e6a0d3ea65eab6753c019,YES
b6f77b65:o0:d48:transpose,3723495c85933863f8eeaa1633732a7e46b1bdbba336b869f7b41787e401d065,3723495c85933863f8eeaa1633732a7e46b1bdbba336b869f7b41787e401d065,YES
b6f77b65:o1:d12:anti_transpose,ccc582441e06faa6e7efa252c35422f5acbcbd39dbb834f6db7a9b2e4474d0cf,ccc582441e06faa6e7efa252c35422f5acbcbd39dbb834f6db7a9b2e4474d0cf,YES
b6f77b65:o1:d12:flip_ud,65abc58efa25b3c6f644b997717802d8e576209c1b07c856f25426c4c0988bea,65abc58efa25b3c6f644b997717802d8e576209c1b07c856f25426c4c0988bea,YES
b6f77b65:o1:d12:identity,aa2ce9b0369fda3c01b8420c8698f3086a76d444c076487e200dd20e5cbd58e3,aa2ce9b0369fda3c01b8420c8698f3086a76d444c076487e200dd20e5cbd58e3,YES
b6f77b65:o1:d12:transpose,88d78649c6abfcffeb3213cbd9f349d3eca94662d94bd6e7a6d765c7737fee13,88d78649c6abfcffeb3213cbd9f349d3eca94662d94bd6e7a6d765c7737fee13,YES
b6f77b65:o1:d24:anti_transpose,085089ee99668f57aa290ac7131b53a25b82ad95cea2342baa51667eb65521bd,085089ee99668f57aa290ac7131b53a25b82ad95cea2342baa51667eb65521bd,YES
b6f77b65:o1:d24:flip_ud,41d90332b371e1e5f889051b712fa9d3c1dff81a21eec383b0b2eabd8ae4981c,41d90332b371e1e5f889051b712fa9d3c1dff81a21eec383b0b2eabd8ae4981c,YES
b6f77b65:o1:d24:identity,48d5fb452344b5b1002d25a342677f83fa405a959a1f73d61212a0bd9463c379,48d5fb452344b5b1002d25a342677f83fa405a959a1f73d61212a0bd9463c379,YES
b6f77b65:o1:d24:transpose,6064aefe8b535708b65e25e5d2db0378fec28c4aded932665ee0343a5bb4f8d1,6064aefe8b535708b65e25e5d2db0378fec28c4aded932665ee0343a5bb4f8d1,YES
b6f77b65:o1:d48:anti_transpose,20d778544b7b3365d40632162eb774bac72f37f4ebc92d171654ed867ae4a297,20d778544b7b3365d40632162eb774bac72f37f4ebc92d171654ed867ae4a297,YES
b6f77b65:o1:d48:flip_ud,3704073241bfe26d72d957edfb4e9357b92f07df7230f432373d7daf15238c90,3704073241bfe26d72d957edfb4e9357b92f07df7230f432373d7daf15238c90,YES
b6f77b65:o1:d48:identity,a9546a342ae4195c23df4a2c2e4b6d7512dc282ee83694af446014acdc364585,a9546a342ae4195c23df4a2c2e4b6d7512dc282ee83694af446014acdc364585,YES
b6f77b65:o1:d48:transpose,3e871158d316d953fb7775ac957fb36bb60916d5140ef18deb31f7fe354a7372,3e871158d316d953fb7775ac957fb36bb60916d5140ef18deb31f7fe354a7372,YES
b6f77b65:o2:d12:anti_transpose,6e4bbffd65b4bd3f8048e5ff8a338d56d336ccad1d8968fb1d7bf3f5a2186d9e,6e4bbffd65b4bd3f8048e5ff8a338d56d336ccad1d8968fb1d7bf3f5a2186d9e,YES
b6f77b65:o2:d12:flip_ud,610d7546dca605927144cc8dc6f161c3310ce8a78ad5acef6fd4a5fdf56c1ff5,610d7546dca605927144cc8dc6f161c3310ce8a78ad5acef6fd4a5fdf56c1ff5,YES
b6f77b65:o2:d12:identity,60480a4d0d98de49982cf2877e004206cdf68e88ea01c748f02078a96a0aa1c5,60480a4d0d98de49982cf2877e004206cdf68e88ea01c748f02078a96a0aa1c5,YES
b6f77b65:o2:d12:transpose,a7c2dad9b7d4c16b48a07dfe1cc653c8a52504f22b6bafbefe00d35d11c8e1d9,a7c2dad9b7d4c16b48a07dfe1cc653c8a52504f22b6bafbefe00d35d11c8e1d9,YES
b6f77b65:o2:d24:anti_transpose,4d4d01e1553a9ebcddcabae7b330d428ebb7aa30653bffdaf5ba3f5fed988944,4d4d01e1553a9ebcddcabae7b330d428ebb7aa30653bffdaf5ba3f5fed988944,YES
b6f77b65:o2:d24:flip_ud,0191b4e13e815234079fc70c657b756dac68ddc08664de4a7219cbf804d71782,0191b4e13e815234079fc70c657b756dac68ddc08664de4a7219cbf804d71782,YES
b6f77b65:o2:d24:identity,c8f55c117bb292a05b80cb06bff42eb8d05dd69f1f420f60c02ab0132f417bc3,c8f55c117bb292a05b80cb06bff42eb8d05dd69f1f420f60c02ab0132f417bc3,YES
b6f77b65:o2:d24:transpose,c4bbeac8b5f9eac62e40aed05bae9f92381ea767eda56b7fe9c8ad7d2f2e05ee,c4bbeac8b5f9eac62e40aed05bae9f92381ea767eda56b7fe9c8ad7d2f2e05ee,YES
b6f77b65:o2:d48:anti_transpose,5a6ba7ae2398d980288333edcf2fd48a09a1d9c4842e9bb9c14d79ae5d0e77a1,5a6ba7ae2398d980288333edcf2fd48a09a1d9c4842e9bb9c14d79ae5d0e77a1,YES
b6f77b65:o2:d48:flip_ud,0986c9c1f3056a7346c7370fd0d4da4a373afd722c4b46839409bfc95db47b23,0986c9c1f3056a7346c7370fd0d4da4a373afd722c4b46839409bfc95db47b23,YES
b6f77b65:o2:d48:identity,e1afcf0791f6517a856b75e961a4d0b7365c327120342884fe9db093112966fc,e1afcf0791f6517a856b75e961a4d0b7365c327120342884fe9db093112966fc,YES
b6f77b65:o2:d48:transpose,4391737be481ea7cf16b23499e5ff733f51464be68d76cb5e397e3cccfba22e8,4391737be481ea7cf16b23499e5ff733f51464be68d76cb5e397e3cccfba22e8,YES
b99e7126:o0:d12:anti_transpose,8832ea7d2e683c15a5277f34276745ebe5c00d48a6b6f8cb3cf6dbaac18960c4,8832ea7d2e683c15a5277f34276745ebe5c00d48a6b6f8cb3cf6dbaac18960c4,YES
b99e7126:o0:d12:flip_ud,b1aa1794fc6b678b3ee372126907f1d4e39859bbb5e89189050a9659d5ab97de,b1aa1794fc6b678b3ee372126907f1d4e39859bbb5e89189050a9659d5ab97de,YES
b99e7126:o0:d12:identity,fb90bbef8e45e8afd3054418f70552f762d6becb50c8b302b6eb14b552b8492f,fb90bbef8e45e8afd3054418f70552f762d6becb50c8b302b6eb14b552b8492f,YES
b99e7126:o0:d12:transpose,6aa8188c2ab07a6a8bd45fa5d74c83669964926357f584d845d7e48837d7a61d,6aa8188c2ab07a6a8bd45fa5d74c83669964926357f584d845d7e48837d7a61d,YES
b99e7126:o0:d24:anti_transpose,b839e7c5529c09d53508e3425dbd598ef1479860262811bdb4e1cdc3d01aaadc,b839e7c5529c09d53508e3425dbd598ef1479860262811bdb4e1cdc3d01aaadc,YES
b99e7126:o0:d24:flip_ud,aa747e2b28cbc16462fbab5acee29c5017cb16bcaa811e8aa3ca854b1fc93607,aa747e2b28cbc16462fbab5acee29c5017cb16bcaa811e8aa3ca854b1fc93607,YES
b99e7126:o0:d24:identity,f251a38c0d4027de6d97dbde2bd9bd6bab62de394ecdc282f16bdadccf17a476,f251a38c0d4027de6d97dbde2bd9bd6bab62de394ecdc282f16bdadccf17a476,YES
b99e7126:o0:d24:transpose,64fab248d21b8dc29a700884f33d62cf62e351f65d055b03812b44ce713dbf10,64fab248d21b8dc29a700884f33d62cf62e351f65d055b03812b44ce713dbf10,YES
b99e7126:o0:d48:anti_transpose,2f538c15a5da014c89ff9e43a37f3b3b804de4a478ea0c88c11c0c1c37674de2,2f538c15a5da014c89ff9e43a37f3b3b804de4a478ea0c88c11c0c1c37674de2,YES
b99e7126:o0:d48:flip_ud,67ce7ffc5c4e4c376b2ba4c4217c29583ae4152e39fcee99671a6b12de299c91,67ce7ffc5c4e4c376b2ba4c4217c29583ae4152e39fcee99671a6b12de299c91,YES
b99e7126:o0:d48:identity,b45758d2e0c73d7d4ca20d403e1012fe53638876470670ee2ea73571beccd759,b45758d2e0c73d7d4ca20d403e1012fe53638876470670ee2ea73571beccd759,YES
b99e7126:o0:d48:transpose,b51f7943a637d86b016657a2c48c5b7b060db97e311933a0a34fadcdac87e0ac,b51f7943a637d86b016657a2c48c5b7b060db97e311933a0a34fadcdac87e0ac,YES
c4d067a0:o0:d12:anti_transpose,51c6aaddd36c401b060361430a35cb89d58115a5575366453dd600d1e3dae9c2,51c6aaddd36c401b060361430a35cb89d58115a5575366453dd600d1e3dae9c2,YES
c4d067a0:o0:d12:flip_ud,aa0d05cd973bf59cbc81fbda48df6e45981d88b4641f45bd2c20f6cb120ee3f0,aa0d05cd973bf59cbc81fbda48df6e45981d88b4641f45bd2c20f6cb120ee3f0,YES
c4d067a0:o0:d12:identity,e993761e76fb715d724d70a0767410bbd986edf11311133673fef4f3141ab56d,e993761e76fb715d724d70a0767410bbd986edf11311133673fef4f3141ab56d,YES
c4d067a0:o0:d12:transpose,13b273f04ff28e754aebdb86e99307809007871433991c30f6e0d925d13ccf48,13b273f04ff28e754aebdb86e99307809007871433991c30f6e0d925d13ccf48,YES
c4d067a0:o0:d24:anti_transpose,e922104e341703bcfc5e2d9b50ad9013f8678918217d6ded6b220f4e4298052a,e922104e341703bcfc5e2d9b50ad9013f8678918217d6ded6b220f4e4298052a,YES
c4d067a0:o0:d24:flip_ud,c6bbca21749c52e5283a5bc857dfd2c0fb32dfaaed8a08b952fc2952b395676b,c6bbca21749c52e5283a5bc857dfd2c0fb32dfaaed8a08b952fc2952b395676b,YES
c4d067a0:o0:d24:identity,a8f15ef2439d7eb90493117b7492674d1fff482cbdf85f4a3ba57d83b29980e3,a8f15ef2439d7eb90493117b7492674d1fff482cbdf85f4a3ba57d83b29980e3,YES
c4d067a0:o0:d24:transpose,fc2073902237661d730d5496b86b475ba4b06a70e7b605ec8b76a6ad5a4740d0,fc2073902237661d730d5496b86b475ba4b06a70e7b605ec8b76a6ad5a4740d0,YES
c4d067a0:o0:d48:anti_transpose,295ec8b30bafa6e43e2de124ead9df99450c22bf19abf80a219495bb4cba7639,295ec8b30bafa6e43e2de124ead9df99450c22bf19abf80a219495bb4cba7639,YES
c4d067a0:o0:d48:flip_ud,7d2d92c0bd21c32b739d8f7221586bbfd8a35186a7d77b136adea80b8689a76b,7d2d92c0bd21c32b739d8f7221586bbfd8a35186a7d77b136adea80b8689a76b,YES
c4d067a0:o0:d48:identity,965ce9920a1f8fea8a87189cd3d8d33df93440c6dce110230f8eae93cd20273b,965ce9920a1f8fea8a87189cd3d8d33df93440c6dce110230f8eae93cd20273b,YES
c4d067a0:o0:d48:transpose,f3c19e8c80128427b56ecb917825ef3b6aede3abf9ebea521982b3901acc085b,f3c19e8c80128427b56ecb917825ef3b6aede3abf9ebea521982b3901acc085b,YES
c7f57c3e:o0:d12:anti_transpose,14d47c599cd2df7dd442da0656945b7547d1e7c769f0a4a1790c3b2e54871b2e,14d47c599cd2df7dd442da0656945b7547d1e7c769f0a4a1790c3b2e54871b2e,YES
c7f57c3e:o0:d12:flip_ud,1778b9d5dc01b2d6a96def9ee30fa0daef666567985be8d9a807f6b630b580fe,1778b9d5dc01b2d6a96def9ee30fa0daef666567985be8d9a807f6b630b580fe,YES
c7f57c3e:o0:d12:identity,f76a1805591344d9fc4962aafe4185fd7beb2b34d59d2e20cf7ddec1c75032f2,f76a1805591344d9fc4962aafe4185fd7beb2b34d59d2e20cf7ddec1c75032f2,YES
c7f57c3e:o0:d12:transpose,b4ad5aaa568e27cc700097cf99999deb1f1364eb9d7988a3df04cf65e1e6a1f6,b4ad5aaa568e27cc700097cf99999deb1f1364eb9d7988a3df04cf65e1e6a1f6,YES
c7f57c3e:o0:d24:anti_transpose,c35cbae23209a61a7d3df1ef0c3e9b5088a71ebf8458d7a03fa526482b6d1523,c35cbae23209a61a7d3df1ef0c3e9b5088a71ebf8458d7a03fa526482b6d1523,YES
c7f57c3e:o0:d24:flip_ud,d9dc8ae0ea659ae0020f81031dadaa39a2b24da941a86c95517f61e4cbd768b4,d9dc8ae0ea659ae0020f81031dadaa39a2b24da941a86c95517f61e4cbd768b4,YES
c7f57c3e:o0:d24:identity,7617cde64b2166e5a646d4c54689097ecfea2eb32c7eae678034daa1a350277e,7617cde64b2166e5a646d4c54689097ecfea2eb32c7eae678034daa1a350277e,YES
c7f57c3e:o0:d24:transpose,4b6d3c73a2d3ee57bbb9c579628c08b6624e4e46c949151e976eb34a04f926bd,4b6d3c73a2d3ee57bbb9c579628c08b6624e4e46c949151e976eb34a04f926bd,YES
c7f57c3e:o0:d48:anti_transpose,72c89a7b2a211edc84ec350a352eb27708b7a8b86eed32a355fabbc4da922ceb,72c89a7b2a211edc84ec350a352eb27708b7a8b86eed32a355fabbc4da922ceb,YES
c7f57c3e:o0:d48:flip_ud,356576819c5b0981577125dcf55f566ef9d4fab62be82f2bef0506da2c2b3c85,356576819c5b0981577125dcf55f566ef9d4fab62be82f2bef0506da2c2b3c85,YES
c7f57c3e:o0:d48:identity,daf9728364ca39cf6c2a06dcb37590c854965a906bb753ab1a1c545255bd2e34,daf9728364ca39cf6c2a06dcb37590c854965a906bb753ab1a1c545255bd2e34,YES
c7f57c3e:o0:d48:transpose,15acbe836981b14cf077cfd23ce332152d4d3a85ffd363259913ddbf12e49590,15acbe836981b14cf077cfd23ce332152d4d3a85ffd363259913ddbf12e49590,YES
cb2d8a2c:o0:d12:anti_transpose,3bd6d3a1930126276c6eb655ca1970c6271866ba197951e00f6a6d32f7ed7926,3bd6d3a1930126276c6eb655ca1970c6271866ba197951e00f6a6d32f7ed7926,YES
cb2d8a2c:o0:d12:identity,a7e22e1e8588f5952332dd1527e2303eb830467aa745187e56ee9a6ef2beaa7c,a7e22e1e8588f5952332dd1527e2303eb830467aa745187e56ee9a6ef2beaa7c,YES
cb2d8a2c:o0:d12:transpose,01a8b678b16997a2575340d7d1a05dd16d40cac3fda1546a61fcf4c002f4ab88,01a8b678b16997a2575340d7d1a05dd16d40cac3fda1546a61fcf4c002f4ab88,YES
cb2d8a2c:o0:d24:anti_transpose,1520481ae7bbd0f12fb1f5181d4b3497ac41c4dfee6b391c7522ff6957eb1518,1520481ae7bbd0f12fb1f5181d4b3497ac41c4dfee6b391c7522ff6957eb1518,YES
cb2d8a2c:o0:d24:flip_ud,02e83e19acc2278b680084e33d13343d306b1fbeef168208b6ee96ab36faf491,02e83e19acc2278b680084e33d13343d306b1fbeef168208b6ee96ab36faf491,YES
cb2d8a2c:o0:d24:identity,15473f9fe5b558c96292e01b2aa70ce8e436bd225c67f6b18f00e5561138e204,15473f9fe5b558c96292e01b2aa70ce8e436bd225c67f6b18f00e5561138e204,YES
cb2d8a2c:o0:d24:transpose,10d8961f9a8b63289900d4e63e37d167a82cc90ed1d8c71485ef7c411ecda681,10d8961f9a8b63289900d4e63e37d167a82cc90ed1d8c71485ef7c411ecda681,YES
cb2d8a2c:o0:d48:anti_transpose,069ee369cb4e995cc2171f0f2bc8ca8e3048b3cc06290363830248936b350feb,069ee369cb4e995cc2171f0f2bc8ca8e3048b3cc06290363830248936b350feb,YES
cb2d8a2c:o0:d48:flip_ud,1bafbedb95cafd58e5829c52a5473d1c9b4f0b8638a659dd98a76e9388ce4dcf,1bafbedb95cafd58e5829c52a5473d1c9b4f0b8638a659dd98a76e9388ce4dcf,YES
cb2d8a2c:o0:d48:identity,12dc9e6acee13f64f77e575e3bfeb48f7fb32c11e31169738d44e04a0238f664,12dc9e6acee13f64f77e575e3bfeb48f7fb32c11e31169738d44e04a0238f664,YES
cb2d8a2c:o0:d48:transpose,a401aaf1e37a010431b9d07eb8fdad6bf332210bff584e11066c0d260cc6e55d,a401aaf1e37a010431b9d07eb8fdad6bf332210bff584e11066c0d260cc6e55d,YES
cb2d8a2c:o1:d12:anti_transpose,c80778b24117cce35e098ffab2adbeb6b2a20161b34dc56845337e654ea74fc4,c80778b24117cce35e098ffab2adbeb6b2a20161b34dc56845337e654ea74fc4,YES
cb2d8a2c:o1:d12:flip_ud,184126408e2a2951033c3d99345139c8718df52986053b5f085f4110317e14ee,184126408e2a2951033c3d99345139c8718df52986053b5f085f4110317e14ee,YES
cb2d8a2c:o1:d12:identity,1bbba32275116f8061e4693179e41ef64bd37a45894061d5f9f8fca8a48fa752,1bbba32275116f8061e4693179e41ef64bd37a45894061d5f9f8fca8a48fa752,YES
cb2d8a2c:o1:d12:transpose,f3645e17f317e80dbf7982c44830155f3b0fc208f3a6b4757ebf8286235cc26f,f3645e17f317e80dbf7982c44830155f3b0fc208f3a6b4757ebf8286235cc26f,YES
cb2d8a2c:o1:d24:anti_transpose,402cec4aaf92511f584825b1de5827f48890717b92d30902eb4e13c6c6074007,402cec4aaf92511f584825b1de5827f48890717b92d30902eb4e13c6c6074007,YES
cb2d8a2c:o1:d24:flip_ud,f86028d6cd935f8531d2348b06c82c3c01a821d9a8e19ddf801ad8f3bdcb4d04,f86028d6cd935f8531d2348b06c82c3c01a821d9a8e19ddf801ad8f3bdcb4d04,YES
cb2d8a2c:o1:d24:identity,4af11aa73c6afaca7f7bf0f5917e420b1386783f9c29f09f7e98d5edf42a81d2,4af11aa73c6afaca7f7bf0f5917e420b1386783f9c29f09f7e98d5edf42a81d2,YES
cb2d8a2c:o1:d24:transpose,031072dd2563913bf671c5f34a79bb70f65e658073b0400537f5c9f3b3e6ef3d,031072dd2563913bf671c5f34a79bb70f65e658073b0400537f5c9f3b3e6ef3d,YES
cb2d8a2c:o1:d48:anti_transpose,8ee2ed4e69c114664f9067b829dd1ee1e359ad34c51fc0d667fe75708a73c6a5,8ee2ed4e69c114664f9067b829dd1ee1e359ad34c51fc0d667fe75708a73c6a5,YES
cb2d8a2c:o1:d48:flip_ud,1e9a25128e86ffc791d328876f9a9e8b50fff830a3e3355ab81074d1646cc8ba,1e9a25128e86ffc791d328876f9a9e8b50fff830a3e3355ab81074d1646cc8ba,YES
cb2d8a2c:o1:d48:identity,7f1e8928c0187c0110bba6ca52af16d00c01a1d728ad6705b4c7236df0958a03,7f1e8928c0187c0110bba6ca52af16d00c01a1d728ad6705b4c7236df0958a03,YES
cb2d8a2c:o1:d48:transpose,1185f300a6c008c9a4e49d4e6902acd15679aafc6c103843e7cb2e2b3f207d06,1185f300a6c008c9a4e49d4e6902acd15679aafc6c103843e7cb2e2b3f207d06,YES
cbebaa4b:o0:d12:anti_transpose,371482f3a8ccaf19fc7d5b7a33ed5a3397d571071974b40f803ac4787c5b8997,371482f3a8ccaf19fc7d5b7a33ed5a3397d571071974b40f803ac4787c5b8997,YES
cbebaa4b:o0:d12:flip_ud,bebaafa70f10c1111503035c72a7f15191c37fd67a5ebd57e26897c192420f6e,bebaafa70f10c1111503035c72a7f15191c37fd67a5ebd57e26897c192420f6e,YES
cbebaa4b:o0:d12:identity,3701d798995c8fa9198360336c6dd546db8a787eb2956a687ada49d6b665e5c1,3701d798995c8fa9198360336c6dd546db8a787eb2956a687ada49d6b665e5c1,YES
cbebaa4b:o0:d12:transpose,c819070358557bb7deb23c7804ba18fa40ca8aec52e2c02330b36037e7db54d4,c819070358557bb7deb23c7804ba18fa40ca8aec52e2c02330b36037e7db54d4,YES
cbebaa4b:o0:d24:anti_transpose,2cd217fd44e5a86dcafcd3e37c95d446ddf076e192a5a431530348a1022ca4fc,2cd217fd44e5a86dcafcd3e37c95d446ddf076e192a5a431530348a1022ca4fc,YES
cbebaa4b:o0:d24:flip_ud,35693282c9e461beda81238b0e1f47e6dd549e68a20020478da40d59c3e117f1,35693282c9e461beda81238b0e1f47e6dd549e68a20020478da40d59c3e117f1,YES
cbebaa4b:o0:d24:identity,667690d231642506b5e44044f479341867a2bb382a2476335c2f677a613e58c1,667690d231642506b5e44044f479341867a2bb382a2476335c2f677a613e58c1,YES
cbebaa4b:o0:d24:transpose,64db3aeefd35aab9178f52767147a22e2aee0cb85bd176cfe83c5fe37c9703a2,64db3aeefd35aab9178f52767147a22e2aee0cb85bd176cfe83c5fe37c9703a2,YES
cbebaa4b:o0:d48:anti_transpose,d45c0dfd1dc80df41feeb446aac677a4961d5c6197f6fe50968534767b6bffc3,d45c0dfd1dc80df41feeb446aac677a4961d5c6197f6fe50968534767b6bffc3,YES
cbebaa4b:o0:d48:flip_ud,86c1e4e7d410f731d73cf40df6d9b68276b44bdeeb90d1f9b1ec7cecdcbeaaa8,86c1e4e7d410f731d73cf40df6d9b68276b44bdeeb90d1f9b1ec7cecdcbeaaa8,YES
cbebaa4b:o0:d48:identity,fe17ea3d517b385842680218f93153b6c5bf91396005ab791e44ff31cd98c23b,fe17ea3d517b385842680218f93153b6c5bf91396005ab791e44ff31cd98c23b,YES
cbebaa4b:o0:d48:transpose,c410b4e289e901ee891066d6b6487625203b3e428c10c0efa9e08f962ed3ad46,c410b4e289e901ee891066d6b6487625203b3e428c10c0efa9e08f962ed3ad46,YES
cbebaa4b:o1:d12:anti_transpose,050ba71a46b8835ef83293704a5ca9f2b6110959a676e85ff189e1f5a6dfe9e0,050ba71a46b8835ef83293704a5ca9f2b6110959a676e85ff189e1f5a6dfe9e0,YES
cbebaa4b:o1:d12:flip_ud,b7c704733ef3ab20dc1c6f920f962df6f86f6d09e3b518a00588a66c0d06bc31,b7c704733ef3ab20dc1c6f920f962df6f86f6d09e3b518a00588a66c0d06bc31,YES
cbebaa4b:o1:d12:identity,e72d38e47d933037c02702dba64022f2fa962c96e385e6264d35b3dcafd0fc41,e72d38e47d933037c02702dba64022f2fa962c96e385e6264d35b3dcafd0fc41,YES
cbebaa4b:o1:d12:transpose,165dfe0f3929b358e40432351fbcc035cf5fec08513487b2113cf2769c94696e,165dfe0f3929b358e40432351fbcc035cf5fec08513487b2113cf2769c94696e,YES
cbebaa4b:o1:d24:anti_transpose,e2196aa0e5053e0932b2a4113196f3c262c7e4d133df9e842ce0e52827c17037,e2196aa0e5053e0932b2a4113196f3c262c7e4d133df9e842ce0e52827c17037,YES
cbebaa4b:o1:d24:flip_ud,46b746af12ced2d11a28b0a2796421289a3ce4be765dd9ae195a345a2f44eb38,46b746af12ced2d11a28b0a2796421289a3ce4be765dd9ae195a345a2f44eb38,YES
cbebaa4b:o1:d24:identity,84c92a274d2b6a67de5749e02fb7e245ef0a990bdffb9c7ddcd7c889879fe24f,84c92a274d2b6a67de5749e02fb7e245ef0a990bdffb9c7ddcd7c889879fe24f,YES
cbebaa4b:o1:d24:transpose,8bfeffca3089014a3a6806f20f7a7941cdea8c2f513960d5cf06568687e2cb1b,8bfeffca3089014a3a6806f20f7a7941cdea8c2f513960d5cf06568687e2cb1b,YES
cbebaa4b:o1:d48:anti_transpose,de28cbf7df2f38d90f3894b2065e54dc3d63e91d2274fb7ae2807fd5e58b83bf,de28cbf7df2f38d90f3894b2065e54dc3d63e91d2274fb7ae2807fd5e58b83bf,YES
cbebaa4b:o1:d48:flip_ud,8eb7e5f96296fb4d0c2ee6e59f5abf2bcd5aa29aaa2dcbdbcd39d45f10db0050,8eb7e5f96296fb4d0c2ee6e59f5abf2bcd5aa29aaa2dcbdbcd39d45f10db0050,YES
cbebaa4b:o1:d48:identity,2073ad82788c9158ebc8ed590a039082c89e28f1c7af108774b782562895726a,2073ad82788c9158ebc8ed590a039082c89e28f1c7af108774b782562895726a,YES
cbebaa4b:o1:d48:transpose,8bac03843b4a612b60d8e9d0dcd7957a4a0cf18c2db3fe2a42fa8f043c7ced21,8bac03843b4a612b60d8e9d0dcd7957a4a0cf18c2db3fe2a42fa8f043c7ced21,YES
d59b0160:o0:d12:anti_transpose,e48ffa0305f9cf53e379aa25c481b14ca403c6478e8ff625c5e6b38e7bc58c1d,e48ffa0305f9cf53e379aa25c481b14ca403c6478e8ff625c5e6b38e7bc58c1d,YES
d59b0160:o0:d12:flip_ud,24f82a5569834bac488f04b683cde8e686b85628e80ddfb3a89bfe222a7b913f,24f82a5569834bac488f04b683cde8e686b85628e80ddfb3a89bfe222a7b913f,YES
d59b0160:o0:d12:identity,b2825647a162dd91fb254ae6c5e53ce7562817c080c015e9f56f9c371f3d1007,b2825647a162dd91fb254ae6c5e53ce7562817c080c015e9f56f9c371f3d1007,YES
d59b0160:o0:d12:transpose,f5b508286b6d792ff07f82663ef84900949968b49184a56e70a046af616d0735,f5b508286b6d792ff07f82663ef84900949968b49184a56e70a046af616d0735,YES
d59b0160:o0:d24:anti_transpose,7a2a274cd9ae36d02c3fa8b5cfff691d200b68e81bedf4ae581853a3d31a68a0,7a2a274cd9ae36d02c3fa8b5cfff691d200b68e81bedf4ae581853a3d31a68a0,YES
d59b0160:o0:d24:flip_ud,adbdd087f4fed886f4adb67efa7643672eb4295a9b86f829274c2440e5b86774,adbdd087f4fed886f4adb67efa7643672eb4295a9b86f829274c2440e5b86774,YES
d59b0160:o0:d24:identity,3cfa6e7d40bcdb648c125d2de3f30911326c0483ed7ec2ab4b77770d2a844ec3,3cfa6e7d40bcdb648c125d2de3f30911326c0483ed7ec2ab4b77770d2a844ec3,YES
d59b0160:o0:d24:transpose,18cc083bf26bc41c89566ce3bfa15e370c305ca6acd566686e291c9bd5b67545,18cc083bf26bc41c89566ce3bfa15e370c305ca6acd566686e291c9bd5b67545,YES
d59b0160:o0:d48:anti_transpose,c81bc87328e91d3bc8bafd77adf864f63e370d37bc0f5f200f1ff892bcefb558,c81bc87328e91d3bc8bafd77adf864f63e370d37bc0f5f200f1ff892bcefb558,YES
d59b0160:o0:d48:flip_ud,514051517b09a79214819c8e2f0c020c06cde3b897cdf14d3b2c7e4ea2c0c760,514051517b09a79214819c8e2f0c020c06cde3b897cdf14d3b2c7e4ea2c0c760,YES
d59b0160:o0:d48:identity,67452628ceefb36d940c0569e8454426056acf360f17335cf694bc5ff6719b63,67452628ceefb36d940c0569e8454426056acf360f17335cf694bc5ff6719b63,YES
d59b0160:o0:d48:transpose,a7544e93312121b21289eca39e0654b938d7582337af8f82a7527dfadaa18a39,a7544e93312121b21289eca39e0654b938d7582337af8f82a7527dfadaa18a39,YES
db0c5428:o0:d12:anti_transpose,cea1bc1c7ea210c72570bb28a929d269670a88235e21e4c08b5c0aa28466b123,cea1bc1c7ea210c72570bb28a929d269670a88235e21e4c08b5c0aa28466b123,YES
db0c5428:o0:d12:flip_ud,e48e726826d0b8217a302dc89aa9445c5c00c144448c7fd80c48f8a57a8e6013,e48e726826d0b8217a302dc89aa9445c5c00c144448c7fd80c48f8a57a8e6013,YES
db0c5428:o0:d12:identity,8c81d8c7ed349302eb13ee49a18896c9da3f82f74d69915002a350e933f8aa54,8c81d8c7ed349302eb13ee49a18896c9da3f82f74d69915002a350e933f8aa54,YES
db0c5428:o0:d12:transpose,8266a873e494011443492a693b8a0148e5ac2dc2e3c6a6a1cdb72442add21aa2,8266a873e494011443492a693b8a0148e5ac2dc2e3c6a6a1cdb72442add21aa2,YES
db0c5428:o0:d24:anti_transpose,258aef31bcd5dc999bcf455450ea45889f986dd9875133e2917410ed997d370b,258aef31bcd5dc999bcf455450ea45889f986dd9875133e2917410ed997d370b,YES
db0c5428:o0:d24:flip_ud,6326966310e26a38b2dd51ddaa60eb6a6994827637fc327e76b5620fa37ea405,6326966310e26a38b2dd51ddaa60eb6a6994827637fc327e76b5620fa37ea405,YES
db0c5428:o0:d24:identity,fc20038bb50564460f67ed9970033be54fc1db90c08487b59dd8fbeaad7f988d,fc20038bb50564460f67ed9970033be54fc1db90c08487b59dd8fbeaad7f988d,YES
db0c5428:o0:d24:transpose,a9aa6df1a7cebc2ecd977a242b412b453eb35bafea167a49ffb310e3ae62a679,a9aa6df1a7cebc2ecd977a242b412b453eb35bafea167a49ffb310e3ae62a679,YES
db0c5428:o0:d48:anti_transpose,395a4f26a0717fbccf48e45b3ea7d5b135aefe8cb18d367a04772fb2ae1c26f3,395a4f26a0717fbccf48e45b3ea7d5b135aefe8cb18d367a04772fb2ae1c26f3,YES
db0c5428:o0:d48:flip_ud,61f02725c6262ea779dcd3cfca62f2b0b8de5eef966a0d584812bda03611a716,61f02725c6262ea779dcd3cfca62f2b0b8de5eef966a0d584812bda03611a716,YES
db0c5428:o0:d48:identity,eecb8d21cf379db8fa333ef4f18a39d4d94badd8e0800f5a51385cecfba0a3b5,eecb8d21cf379db8fa333ef4f18a39d4d94badd8e0800f5a51385cecfba0a3b5,YES
db0c5428:o0:d48:transpose,12064514321d43780b90a889eabd286c4ddda68139db0a16cc313cd1c32324c1,12064514321d43780b90a889eabd286c4ddda68139db0a16cc313cd1c32324c1,YES
dd6b8c4b:o0:d12:anti_transpose,fa0766c7c67ce1b82391d54c6c905bcf2403f083d85375d21ee24e14841d0858,fa0766c7c67ce1b82391d54c6c905bcf2403f083d85375d21ee24e14841d0858,YES
dd6b8c4b:o0:d12:flip_ud,29d9363eb4b2b0063927552bada82f7205ae8c8f36f1525eb03578ae6edd1c44,29d9363eb4b2b0063927552bada82f7205ae8c8f36f1525eb03578ae6edd1c44,YES
dd6b8c4b:o0:d12:identity,6dadb402c622dbe97eeb5e235d269e4fe79673c1bb9f19bcf75d63f03aef7c78,6dadb402c622dbe97eeb5e235d269e4fe79673c1bb9f19bcf75d63f03aef7c78,YES
dd6b8c4b:o0:d12:transpose,df0accd7f37ac5a5253a3c1f9e29f40fd00b5efe2e60f5179be99045a466e56e,df0accd7f37ac5a5253a3c1f9e29f40fd00b5efe2e60f5179be99045a466e56e,YES
dd6b8c4b:o0:d24:anti_transpose,d329cba0dbfe88fbb4ec395aa1a4a4fb6c98185bbe76a4e071a91513324cd888,d329cba0dbfe88fbb4ec395aa1a4a4fb6c98185bbe76a4e071a91513324cd888,YES
dd6b8c4b:o0:d24:flip_ud,d55ad0ca86c2468e85c9df1aa1a17f9f6f85d8e84dbb600566141478975fed84,d55ad0ca86c2468e85c9df1aa1a17f9f6f85d8e84dbb600566141478975fed84,YES
dd6b8c4b:o0:d24:identity,b2a385b764e0779c47c091734718b79b601f841f930ca0d5470b734a6e23aed9,b2a385b764e0779c47c091734718b79b601f841f930ca0d5470b734a6e23aed9,YES
dd6b8c4b:o0:d24:transpose,01086714a5283237ada65b4b6bf816be503958bc0427a6c3b3a03a578bfed0e1,01086714a5283237ada65b4b6bf816be503958bc0427a6c3b3a03a578bfed0e1,YES
dd6b8c4b:o0:d48:anti_transpose,a55d904dfaa7a81fbb6093818820752d78a4d07eefb83fb640c278a46f1d9789,a55d904dfaa7a81fbb6093818820752d78a4d07eefb83fb640c278a46f1d9789,YES
dd6b8c4b:o0:d48:flip_ud,73968dd374d6305b20ea665439480833f56c102164fd7196a64f0eca523fe530,73968dd374d6305b20ea665439480833f56c102164fd7196a64f0eca523fe530,YES
dd6b8c4b:o0:d48:identity,795eb938eea1a1308f8e15613df15975fbe08ac8bc5f48ef16a7d4d7edc3c2f9,795eb938eea1a1308f8e15613df15975fbe08ac8bc5f48ef16a7d4d7edc3c2f9,YES
dd6b8c4b:o0:d48:transpose,1a7be99653b8e8fc2daa45b0b335d6da93be26cb879c76e41adb52279e2de4b2,1a7be99653b8e8fc2daa45b0b335d6da93be26cb879c76e41adb52279e2de4b2,YES
dd6b8c4b:o1:d12:anti_transpose,52e6f2c13bf14bf610340c93c8db56c8248828763d2a4f218786296bb14a4847,52e6f2c13bf14bf610340c93c8db56c8248828763d2a4f218786296bb14a4847,YES
dd6b8c4b:o1:d12:flip_ud,d1a82ef3dc0888159f9e34dfe4d02352888a14f176fe365a2ebe2a7755cf299c,d1a82ef3dc0888159f9e34dfe4d02352888a14f176fe365a2ebe2a7755cf299c,YES
dd6b8c4b:o1:d12:identity,0d451aa3ea39d50770c93b8e8b996b767062529633ee9b806fe8e33aaff5264e,0d451aa3ea39d50770c93b8e8b996b767062529633ee9b806fe8e33aaff5264e,YES
dd6b8c4b:o1:d12:transpose,1eaa444fdce1b9a11934e24c53ceaf72002e1a64e308d917069815594f61748c,1eaa444fdce1b9a11934e24c53ceaf72002e1a64e308d917069815594f61748c,YES
dd6b8c4b:o1:d24:anti_transpose,0f6d216521fb1873acedba08a3fc4965f4f6fecd6a44e88060a1e5ce8f7f2677,0f6d216521fb1873acedba08a3fc4965f4f6fecd6a44e88060a1e5ce8f7f2677,YES
dd6b8c4b:o1:d24:flip_ud,311d1029768a20478e83a4f81cb0315f51546f92481a51f7af51d494082da706,311d1029768a20478e83a4f81cb0315f51546f92481a51f7af51d494082da706,YES
dd6b8c4b:o1:d24:identity,8b6e9aa40f0c23d66f2c658c07d7a24bc317229c61d13f1aa3f432d777ef2e19,8b6e9aa40f0c23d66f2c658c07d7a24bc317229c61d13f1aa3f432d777ef2e19,YES
dd6b8c4b:o1:d24:transpose,64ee98416a7ab259b2d8022e6505aeedc72ce6fd9ab90e2692dc53d395bfa2f6,64ee98416a7ab259b2d8022e6505aeedc72ce6fd9ab90e2692dc53d395bfa2f6,YES
dd6b8c4b:o1:d48:anti_transpose,e032e79d7adb09c12a22d7a51d65efb4ffe0f97241b45ae0efd45dfa35c92f43,e032e79d7adb09c12a22d7a51d65efb4ffe0f97241b45ae0efd45dfa35c92f43,YES
dd6b8c4b:o1:d48:flip_ud,1d2cea1bedf1a11ace368440f376ff25faf25cf517b288f393c84cde20be8868,1d2cea1bedf1a11ace368440f376ff25faf25cf517b288f393c84cde20be8868,YES
dd6b8c4b:o1:d48:identity,37e7e85f5aa1cf80cbb84f9254f6a3bc65f2884b5005003506f88bcd4fb0b9e8,37e7e85f5aa1cf80cbb84f9254f6a3bc65f2884b5005003506f88bcd4fb0b9e8,YES
dd6b8c4b:o1:d48:transpose,612a0f275458917c037a340bbe1a07c913007213f08634c9b9509cc75cf9dbba,612a0f275458917c037a340bbe1a07c913007213f08634c9b9509cc75cf9dbba,YES
de809cff:o0:d12:anti_transpose,63593a6245f6f5ce9f66be6b715c18ee9ea2f0b626acdc7203c0e62969d2a844,63593a6245f6f5ce9f66be6b715c18ee9ea2f0b626acdc7203c0e62969d2a844,YES
de809cff:o0:d12:flip_ud,2aa0b7b5f1890c82bbc592a14f6eb3c01bb8fac92da1751bef369cd3a01fa98a,2aa0b7b5f1890c82bbc592a14f6eb3c01bb8fac92da1751bef369cd3a01fa98a,YES
de809cff:o0:d12:identity,df3004a0aaa9419c2420462141949ce79f0b55a44d5540815b5bcc709222ac86,df3004a0aaa9419c2420462141949ce79f0b55a44d5540815b5bcc709222ac86,YES
de809cff:o0:d12:transpose,4e07b453a5bd3ddc5313a409195c75c0d58b9242438b1a2ad8e5091a71f885fc,4e07b453a5bd3ddc5313a409195c75c0d58b9242438b1a2ad8e5091a71f885fc,YES
de809cff:o0:d24:anti_transpose,9490906b96e32e50dc123e0f322316627687d81ca7a641d32494959e79d95aad,9490906b96e32e50dc123e0f322316627687d81ca7a641d32494959e79d95aad,YES
de809cff:o0:d24:flip_ud,2da1811f935b60f18730eb327ca40ab54e6c118732d2caf18c1c9cb294289e4b,2da1811f935b60f18730eb327ca40ab54e6c118732d2caf18c1c9cb294289e4b,YES
de809cff:o0:d24:identity,da0b26d377c7f946a04eda7fa7e6f57c37b2a3784ca1e3146571b5c38bdaedc5,da0b26d377c7f946a04eda7fa7e6f57c37b2a3784ca1e3146571b5c38bdaedc5,YES
de809cff:o0:d24:transpose,64cbd4e2ffb46660e925be859ab5fe9d15360f704faa1a43491e051d281f35fb,64cbd4e2ffb46660e925be859ab5fe9d15360f704faa1a43491e051d281f35fb,YES
de809cff:o0:d48:anti_transpose,eaef767425f1ddfbbf96ba1dd4f6a8e0f367649c9846f6797e0e05b3cac87ab9,eaef767425f1ddfbbf96ba1dd4f6a8e0f367649c9846f6797e0e05b3cac87ab9,YES
de809cff:o0:d48:flip_ud,f831594844b35849bae137bf70ece0651de572434fbe90871a21b752a28dde7d,f831594844b35849bae137bf70ece0651de572434fbe90871a21b752a28dde7d,YES
de809cff:o0:d48:identity,0c5b83a6100a84cc8430bef2ed8329204b2a72e53ab3903d8ed7ef0de8725bae,0c5b83a6100a84cc8430bef2ed8329204b2a72e53ab3903d8ed7ef0de8725bae,YES
de809cff:o0:d48:transpose,76ff89abac51d99ba36032a9809d4410a6a8c9d34a006e86760597d90237c608,76ff89abac51d99ba36032a9809d4410a6a8c9d34a006e86760597d90237c608,YES
dfadab01:o0:d12:anti_transpose,484d0750bd6ddb6acfd2c24bea2062e4e8b94a1bca255a6f36943f541d5763dd,484d0750bd6ddb6acfd2c24bea2062e4e8b94a1bca255a6f36943f541d5763dd,YES
dfadab01:o0:d12:flip_ud,365fe94b5e7e332f420e9b6f3a828a117703ccfccc954ffe99976e58238a7e9c,365fe94b5e7e332f420e9b6f3a828a117703ccfccc954ffe99976e58238a7e9c,YES
dfadab01:o0:d12:identity,0c728ae53dc9096bf73d7d772686333373a39de70bd6802bf6b1b9edfa973591,0c728ae53dc9096bf73d7d772686333373a39de70bd6802bf6b1b9edfa973591,YES
dfadab01:o0:d12:transpose,4745a3361f1838a63d853c041b13624708feb5e38abf81e0b3728b9a0cf7b5ef,4745a3361f1838a63d853c041b13624708feb5e38abf81e0b3728b9a0cf7b5ef,YES
dfadab01:o0:d24:anti_transpose,ec9f9d273759319e9b086484ea2eba31b220184c53f32059feadb42bd2abd2c0,ec9f9d273759319e9b086484ea2eba31b220184c53f32059feadb42bd2abd2c0,YES
dfadab01:o0:d24:flip_ud,47c534424985a1234c8ebe69590331ac27e051197940050cb3fc08094088b093,47c534424985a1234c8ebe69590331ac27e051197940050cb3fc08094088b093,YES
dfadab01:o0:d24:identity,37818018dc1fa54ce0cd3000973a30e1e8c7e3996ce5317057005158ea76b6a6,37818018dc1fa54ce0cd3000973a30e1e8c7e3996ce5317057005158ea76b6a6,YES
dfadab01:o0:d24:transpose,f4eabf3ebc4391beb6fe39d12ef822db8f2ccc7bf3ec32392dfde2e40a0da72d,f4eabf3ebc4391beb6fe39d12ef822db8f2ccc7bf3ec32392dfde2e40a0da72d,YES
dfadab01:o0:d48:anti_transpose,98151d1bad45c0e345fcd71b48bb0a752b34b84fed33bf1a4f2c4549bddbcab5,98151d1bad45c0e345fcd71b48bb0a752b34b84fed33bf1a4f2c4549bddbcab5,YES
dfadab01:o0:d48:flip_ud,0ffb067b45de99f258e9a911b830dd8103fc1907bc7010258af80b9c9a594f13,0ffb067b45de99f258e9a911b830dd8103fc1907bc7010258af80b9c9a594f13,YES
dfadab01:o0:d48:identity,a7e37b594cb62547ba78b283fe77badb80749ba74b27aa95e841d1275d333a28,a7e37b594cb62547ba78b283fe77badb80749ba74b27aa95e841d1275d333a28,YES
dfadab01:o0:d48:transpose,3e296af082fc7c811a031baf240feedd8d08f3570bccfa783022659e201f393f,3e296af082fc7c811a031baf240feedd8d08f3570bccfa783022659e201f393f,YES
e3721c99:o0:d12:anti_transpose,bdf7c85ff05adf3787de72c7995696fbf0abdfe876681258a546f72687b08887,bdf7c85ff05adf3787de72c7995696fbf0abdfe876681258a546f72687b08887,YES
e3721c99:o0:d12:flip_ud,e7f9833deff01513c618c92915aad88aa4d1425afc281061ce5012ba89761887,e7f9833deff01513c618c92915aad88aa4d1425afc281061ce5012ba89761887,YES
e3721c99:o0:d12:identity,1afb41792c222d1866a23f927ca7c91a945838ee347a989c2ed684a3e480878e,1afb41792c222d1866a23f927ca7c91a945838ee347a989c2ed684a3e480878e,YES
e3721c99:o0:d12:transpose,a6b986d2c756d4be2e2c1431c4d41e135b7103476fe48499ac8312aab291f4e5,a6b986d2c756d4be2e2c1431c4d41e135b7103476fe48499ac8312aab291f4e5,YES
e3721c99:o0:d24:anti_transpose,fb7a8f8510b5dc057f85339e81d530296760d1b559e22de6db9b1291d7606e5b,fb7a8f8510b5dc057f85339e81d530296760d1b559e22de6db9b1291d7606e5b,YES
e3721c99:o0:d24:flip_ud,fc8c8eeb6aecf91a9231953cf565079a8d9debef4c90d990df195aaf4b34a1c0,fc8c8eeb6aecf91a9231953cf565079a8d9debef4c90d990df195aaf4b34a1c0,YES
e3721c99:o0:d24:identity,77a8e363af1273ed76438c12c1b09c79bc62eec1df8422bb7b486d0eb8fc8631,77a8e363af1273ed76438c12c1b09c79bc62eec1df8422bb7b486d0eb8fc8631,YES
e3721c99:o0:d24:transpose,3c540dca4e6a2244e0184597b82ddf0d709b6f258f90eaab160fbcb08794135b,3c540dca4e6a2244e0184597b82ddf0d709b6f258f90eaab160fbcb08794135b,YES
e3721c99:o0:d48:anti_transpose,e90074e58f24cb2c7454a2e730b1e7362daddd1738dff6e3db3bebe821d53400,e90074e58f24cb2c7454a2e730b1e7362daddd1738dff6e3db3bebe821d53400,YES
e3721c99:o0:d48:flip_ud,5308c9da0fb5ceae29fa328e192e7851ef00ba0f05a4c5cb2e6be8863ae12837,5308c9da0fb5ceae29fa328e192e7851ef00ba0f05a4c5cb2e6be8863ae12837,YES
e3721c99:o0:d48:identity,15380a30c98cf34a6f39e4b74a2cb45fb19c76d312cc6f5c6f1be6c0993e6921,15380a30c98cf34a6f39e4b74a2cb45fb19c76d312cc6f5c6f1be6c0993e6921,YES
e3721c99:o0:d48:transpose,1df0ea55de410503c81fcb0c5014492166d0cd8756d4fc0f26443ccb075052a8,1df0ea55de410503c81fcb0c5014492166d0cd8756d4fc0f26443ccb075052a8,YES
e3721c99:o1:d12:anti_transpose,41c85bad9f017a1f99d6000a8e944324e90020ddacd96271b0bac86c68b4eaf6,41c85bad9f017a1f99d6000a8e944324e90020ddacd96271b0bac86c68b4eaf6,YES
e3721c99:o1:d12:flip_ud,6f0d691345bae23c1dd5d3ebc4854d79a0dd4a90a327375fea18d053bdcb9a26,6f0d691345bae23c1dd5d3ebc4854d79a0dd4a90a327375fea18d053bdcb9a26,YES
e3721c99:o1:d12:identity,cb71166ae44b91795c6dbe8dfdcb7392226b2ef4253154897371efa84141566b,cb71166ae44b91795c6dbe8dfdcb7392226b2ef4253154897371efa84141566b,YES
e3721c99:o1:d12:transpose,8e49f932381c9076993c4f61598ad8846c2a2ee0335291634341dc055adb0d44,8e49f932381c9076993c4f61598ad8846c2a2ee0335291634341dc055adb0d44,YES
e3721c99:o1:d24:anti_transpose,d4426f3e2c790e984aea9fb4fb1407a3d8969346b6e70adf668cab7445938c0c,d4426f3e2c790e984aea9fb4fb1407a3d8969346b6e70adf668cab7445938c0c,YES
e3721c99:o1:d24:flip_ud,6c27d9dac807d804f6ef46dc7e9cc57c2984449000e712c98e6bea28cd1dd96a,6c27d9dac807d804f6ef46dc7e9cc57c2984449000e712c98e6bea28cd1dd96a,YES
e3721c99:o1:d24:identity,3491ba3676c28e617ed60c505b6a246def7c9601c18ab30a65538dfec21815a9,3491ba3676c28e617ed60c505b6a246def7c9601c18ab30a65538dfec21815a9,YES
e3721c99:o1:d24:transpose,f4af309f1c8ad872db0221559cd28560bfea3881e832466d7dfe6c9d1245a160,f4af309f1c8ad872db0221559cd28560bfea3881e832466d7dfe6c9d1245a160,YES
e3721c99:o1:d48:anti_transpose,b1ba563903a90dddd8253b97d3fb8e90cd9bf3ca14c1785dde6e747bcbd8d5e0,b1ba563903a90dddd8253b97d3fb8e90cd9bf3ca14c1785dde6e747bcbd8d5e0,YES
e3721c99:o1:d48:flip_ud,110087577ae4abd65204938fd2439efaa9e93b655645273c4971b8c02b5e85a4,110087577ae4abd65204938fd2439efaa9e93b655645273c4971b8c02b5e85a4,YES
e3721c99:o1:d48:identity,d536d36a83069fa91f9f4ccdaa54f0755776201f5cfd3dad1ee97176d818bac4,d536d36a83069fa91f9f4ccdaa54f0755776201f5cfd3dad1ee97176d818bac4,YES
e3721c99:o1:d48:transpose,ec694822eca63b2497a5bc90e65b8787ce39b3196b4d126b83e6c9b430e92a4c,ec694822eca63b2497a5bc90e65b8787ce39b3196b4d126b83e6c9b430e92a4c,YES
edb79dae:o0:d12:anti_transpose,b5851d9339a4832762f35af8890485f6cbfb3754116173375a979cd4687b52ac,b5851d9339a4832762f35af8890485f6cbfb3754116173375a979cd4687b52ac,YES
edb79dae:o0:d12:flip_ud,98298581d7de58ffe53b5b69ef4ac04b0d3894996fc864b0ca698ea2dcedefb5,98298581d7de58ffe53b5b69ef4ac04b0d3894996fc864b0ca698ea2dcedefb5,YES
edb79dae:o0:d12:identity,1209e49056452e4a8604e5bc4f46dcba5409d3fbe74148c80fb309bd02cfd4f6,1209e49056452e4a8604e5bc4f46dcba5409d3fbe74148c80fb309bd02cfd4f6,YES
edb79dae:o0:d12:transpose,3c2c3d19bbb9bcb10ee7ce95db2f397a0ae73c1ed7bced1602fa4d273fbfa5e4,3c2c3d19bbb9bcb10ee7ce95db2f397a0ae73c1ed7bced1602fa4d273fbfa5e4,YES
edb79dae:o0:d24:anti_transpose,33e4cb93ca1b79bccf579295a13a2a5e6e4d0fed8e7229b49942134c2fa7a923,33e4cb93ca1b79bccf579295a13a2a5e6e4d0fed8e7229b49942134c2fa7a923,YES
edb79dae:o0:d24:flip_ud,d65d7b6b9ee69c1b1cbe6a2547b3cd6780c100ded1b79ab5bc2905892306be04,d65d7b6b9ee69c1b1cbe6a2547b3cd6780c100ded1b79ab5bc2905892306be04,YES
edb79dae:o0:d24:identity,2835fadbc6fe3c494a34831b13a5ba704c48a3ca9c0605790752e15a2c4f8c7a,2835fadbc6fe3c494a34831b13a5ba704c48a3ca9c0605790752e15a2c4f8c7a,YES
edb79dae:o0:d24:transpose,0708be1090abc4b09de43908a30b6d1ccf421d393ed112b9d2e8bf49ed607a48,0708be1090abc4b09de43908a30b6d1ccf421d393ed112b9d2e8bf49ed607a48,YES
edb79dae:o0:d48:anti_transpose,06384f8f788eec385286fe9dd29f3fa84b70dfb78c3c6aadab0ee7680c687c56,06384f8f788eec385286fe9dd29f3fa84b70dfb78c3c6aadab0ee7680c687c56,YES
edb79dae:o0:d48:flip_ud,c21a888b81c6e649cc928d9b1ed1fe8a5dcb80a09df0922c3a1ca568701d55f1,c21a888b81c6e649cc928d9b1ed1fe8a5dcb80a09df0922c3a1ca568701d55f1,YES
edb79dae:o0:d48:identity,477ab1347ba271206e94af80ea5fdf877e3bcf0f2aba774039c4f7cfcfe04154,477ab1347ba271206e94af80ea5fdf877e3bcf0f2aba774039c4f7cfcfe04154,YES
edb79dae:o0:d48:transpose,f4c1d3babede1e0af5969bebf6d36e9f17a40e758b7d210fe93fb0fb2f093bfa,f4c1d3babede1e0af5969bebf6d36e9f17a40e758b7d210fe93fb0fb2f093bfa,YES
