checksum_after,checksum_before,component,idle_view,incremental_steps,layer,mutated,target_view
9a99d0bd764730a3ecee2429b1ccff7a97d91647f7a9eefecc4fbd9bb59e7796,9a99d0bd764730a3ecee2429b1ccff7a97d91647f7a9eefecc4fbd9bb59e7796,0,identity,1,0,False,anti_transpose
1d56552724236aaf2ddc3f5bbbe7ae4514c76b2bb204f98e8413d41da2b9ab17,1d56552724236aaf2ddc3f5bbbe7ae4514c76b2bb204f98e8413d41da2b9ab17,1,identity,1,0,False,anti_transpose
89d697c1ecafb7e51eafe9f7df68083f0dca6005ec2392b020966e4d775a7565,89d697c1ecafb7e51eafe9f7df68083f0dca6005ec2392b020966e4d775a7565,0,identity,1,1,False,anti_transpose
7fa14c380fe2887e9ba1d87842717ed9ddb094f1f212da2040c5dcc350dc9e02,7fa14c380fe2887e9ba1d87842717ed9ddb094f1f212da2040c5dcc350dc9e02,1,identity,1,1,False,anti_transpose
434de0be1f056b32d2504a3711826ba147d973b9edc82c52acde77f19700b7ae,434de0be1f056b32d2504a3711826ba147d973b9edc82c52acde77f19700b7ae,0,identity,1,2,False,anti_transpose
23c20bceb39078ef402776f804c2ac337e59953550cafffc748f80af2b8a3670,23c20bceb39078ef402776f804c2ac337e59953550cafffc748f80af2b8a3670,1,identity,1,2,False,anti_transpose
3ce7afd305486392e1c17960fca193ea9d5ddff6a0c2c6c6cbb22d2d7189a19b,3ce7afd305486392e1c17960fca193ea9d5ddff6a0c2c6c6cbb22d2d7189a19b,0,identity,1,3,False,anti_transpose
f8e986d66914af750eeeb6fb6cb0cf14360a32d86048956108eda0fdd90f4fab,f8e986d66914af750eeeb6fb6cb0cf14360a32d86048956108eda0fdd90f4fab,1,identity,1,3,False,anti_transpose
ea8c5d24bf4fb1b96a1c398af3a1ed235efb1868e341b1ade2af4934223e226a,ea8c5d24bf4fb1b96a1c398af3a1ed235efb1868e341b1ade2af4934223e226a,0,identity,1,4,False,anti_transpose
ef82c7690a313270a1de5c9ad0f934cf812f3ab47c8395b6ea6f888287384ab6,ef82c7690a313270a1de5c9ad0f934cf812f3ab47c8395b6ea6f888287384ab6,1,identity,1,4,False,anti_transpose
c0c2261de0e618eebfc04545b13182c883c1d828b2d89b64e9acf87631382ddb,c0c2261de0e618eebfc04545b13182c883c1d828b2d89b64e9acf87631382ddb,0,identity,1,5,False,anti_transpose
ca1b9977eeb6bc95977d19e2ae3c55b39bb3e15a82f376968268820683dea145,ca1b9977eeb6bc95977d19e2ae3c55b39bb3e15a82f376968268820683dea145,1,identity,1,5,False,anti_transpose
00a0536d5e00093fd3e7ff082a17de881238ed5999e9a1aa50bf564fdf68edea,00a0536d5e00093fd3e7ff082a17de881238ed5999e9a1aa50bf564fdf68edea,0,identity,1,6,False,anti_transpose
5cccee865e2316aad9c7a4a4f53e28668f0ad668e9431e3164471947f6eab095,5cccee865e2316aad9c7a4a4f53e28668f0ad668e9431e3164471947f6eab095,1,identity,1,6,False,anti_transpose
638707f0d74e42f4c2a920fdbba7bed7478d8922058f59cc94515880936071fe,638707f0d74e42f4c2a920fdbba7bed7478d8922058f59cc94515880936071fe,0,identity,1,7,False,anti_transpose
5945ac448e47e0975ae3f34170646cc741145dec78a50bbbb8a4725cf67a759f,5945ac448e47e0975ae3f34170646cc741145dec78a50bbbb8a4725cf67a759f,1,identity,1,7,False,anti_transpose
83c46aa0ecbc1caab91b5b1c3b8547b6787b3799c6c0f793e1e1d6c1b9aa3405,83c46aa0ecbc1caab91b5b1c3b8547b6787b3799c6c0f793e1e1d6c1b9aa3405,0,identity,1,8,False,anti_transpose
4b63182078dcad8933c3388d026c3e65ea7fed051c03f1c1d13fd37952c4bcf8,4b63182078dcad8933c3388d026c3e65ea7fed051c03f1c1d13fd37952c4bcf8,1,identity,1,8,False,anti_transpose
b2f6b76bfd9a14c617963ce2f1d277897faa91c6e529a7c995b657b84a9bd373,b2f6b76bfd9a14c617963ce2f1d277897faa91c6e529a7c995b657b84a9bd373,0,identity,1,9,False,anti_transpose
b518075b6807443e57dc2b18bb7785d822e61b5c4c4604f1d5c49099632f8104,b518075b6807443e57dc2b18bb7785d822e61b5c4c4604f1d5c49099632f8104,1,identity,1,9,False,anti_transpose
f4a120e8d618be3ba5a87d03af72863304f6c5f794aa54a706ff1fc85d83023b,f4a120e8d618be3ba5a87d03af72863304f6c5f794aa54a706ff1fc85d83023b,0,identity,1,10,False,anti_transpose
803067d0b494875187925bfbf405e0bb9634204f56a6acc3b2c08bb72e2a3dfe,803067d0b494875187925bfbf405e0bb9634204f56a6acc3b2c08bb72e2a3dfe,1,identity,1,10,False,anti_transpose
db7de912ef4c0387c17aa1c858eb1f1eee6f5a66aa0882311f573f007113af07,db7de912ef4c0387c17aa1c858eb1f1eee6f5a66aa0882311f573f007113af07,0,identity,1,11,False,anti_transpose
1c2ae9636de892908d6095652a4f7e845a8a6df8de3a7302a0439deb653822b0,1c2ae9636de892908d6095652a4f7e845a8a6df8de3a7302a0439deb653822b0,1,identity,1,11,False,anti_transpose
ebdbd700ca4c0c1ab38a1ae4ac5795e94f6d247965c8e0e358aeb4975ddd0c86,ebdbd700ca4c0c1ab38a1ae4ac5795e94f6d247965c8e0e358aeb4975ddd0c86,0,identity,1,12,False,anti_transpose
7745b533f4c5d5e76b94a70d1cfea79c681ff5a38eb6d0bf8854113af3035114,7745b533f4c5d5e76b94a70d1cfea79c681ff5a38eb6d0bf8854113af3035114,1,identity,1,12,False,anti_transpose
3183516fd162574260c66b25fbd6eb442332f120edd14031a8a09b3e5588d8be,3183516fd162574260c66b25fbd6eb442332f120edd14031a8a09b3e5588d8be,0,identity,1,13,False,anti_transpose
be1799f2ce13f54738c681c96b2bc671a063e4cedac773f2566f054d92f03a55,be1799f2ce13f54738c681c96b2bc671a063e4cedac773f2566f054d92f03a55,1,identity,1,13,False,anti_transpose
e9f381ed471a9fd50a247d355f2bdbe04a6e51317064baed71f8164bf2bd2362,e9f381ed471a9fd50a247d355f2bdbe04a6e51317064baed71f8164bf2bd2362,0,identity,1,14,False,anti_transpose
9bfcd00e588fe9f57f8ef2130d9e948bd842ba0425b5707aae87988952435ba3,9bfcd00e588fe9f57f8ef2130d9e948bd842ba0425b5707aae87988952435ba3,1,identity,1,14,False,anti_transpose
0ca87ec7d25818c3d132fb93860e3096cae39f28af904b3a003ff268a26e35be,0ca87ec7d25818c3d132fb93860e3096cae39f28af904b3a003ff268a26e35be,0,identity,1,15,False,anti_transpose
da9633dc1629a3e386a81f4b0c350dd33d07f3f6fa2a4356fc40a359af5f80c2,da9633dc1629a3e386a81f4b0c350dd33d07f3f6fa2a4356fc40a359af5f80c2,1,identity,1,15,False,anti_transpose
608430ca8ba14a3a00691c3f2a742af06f6de220dbddc6aa66dd3958003a22b3,608430ca8ba14a3a00691c3f2a742af06f6de220dbddc6aa66dd3958003a22b3,0,identity,1,16,False,anti_transpose
34602b0197955cac08ab50e9144fad3d1a5c02b6399c994e4eea055f7293f981,34602b0197955cac08ab50e9144fad3d1a5c02b6399c994e4eea055f7293f981,1,identity,1,16,False,anti_transpose
6de3f55bd6c6b56913e6f0a0f4faa01dd7e8ff2da7013ba7f51320145a1c007d,6de3f55bd6c6b56913e6f0a0f4faa01dd7e8ff2da7013ba7f51320145a1c007d,0,identity,1,17,False,anti_transpose
914d4845045e8417017406788eecbeb5624220b9000d8df8880fe1af16177dbf,914d4845045e8417017406788eecbeb5624220b9000d8df8880fe1af16177dbf,1,identity,1,17,False,anti_transpose
c3de93f1a44c3317358fac891072e3aa46745b0d453016428fd7444b7c26d6ba,c3de93f1a44c3317358fac891072e3aa46745b0d453016428fd7444b7c26d6ba,0,identity,1,18,False,anti_transpose
70141e043f0e503f021f95fa1faf98002022578e69cb36e50f4d21d3e6af4b8b,70141e043f0e503f021f95fa1faf98002022578e69cb36e50f4d21d3e6af4b8b,1,identity,1,18,False,anti_transpose
b645e623e9e2d459fd899232a4b1de03eb6eb021a68cb47738d255dad5ff3516,b645e623e9e2d459fd899232a4b1de03eb6eb021a68cb47738d255dad5ff3516,0,identity,1,19,False,anti_transpose
faf6a5b1597dc153970a9532deea92599ebf6b7807da6180a2f7e7ec0b5e395f,faf6a5b1597dc153970a9532deea92599ebf6b7807da6180a2f7e7ec0b5e395f,1,identity,1,19,False,anti_transpose
b67756a696a9169b0c27b6655c9aace6b8b1e8f593526db8895f0786b173dc09,b67756a696a9169b0c27b6655c9aace6b8b1e8f593526db8895f0786b173dc09,0,identity,1,20,False,anti_transpose
8d471ba0a19ad391b68b88590eeff05341141f32d626975d5475d30ff0028f18,8d471ba0a19ad391b68b88590eeff05341141f32d626975d5475d30ff0028f18,1,identity,1,20,False,anti_transpose
1cc604602ea5f1f46c5e2194ad6922fdaf6ecc87d4c777906936d273558f5909,1cc604602ea5f1f46c5e2194ad6922fdaf6ecc87d4c777906936d273558f5909,0,identity,1,21,False,anti_transpose
2cea2e5b790239c33e4d93bde2b403bfee753ca717e9c22621ff47a003d02e60,2cea2e5b790239c33e4d93bde2b403bfee753ca717e9c22621ff47a003d02e60,1,identity,1,21,False,anti_transpose
8a53a0e8f633a0f8b4a649a285afaa2ef9b2e8d74606cf37153bc2e8c374c412,8a53a0e8f633a0f8b4a649a285afaa2ef9b2e8d74606cf37153bc2e8c374c412,0,identity,1,22,False,anti_transpose
a9e0d492cdedf79eb3c8c6b6e60751225d9abf207405174b890512a1ddc507f9,a9e0d492cdedf79eb3c8c6b6e60751225d9abf207405174b890512a1ddc507f9,1,identity,1,22,False,anti_transpose
41985c0ca9509012b9a61a26ea1cc9b71e9e51b0d3e8ebc8b32ccc774fa5b8e5,41985c0ca9509012b9a61a26ea1cc9b71e9e51b0d3e8ebc8b32ccc774fa5b8e5,0,identity,1,23,False,anti_transpose
afb9d4d548483de205ddf8069e07fc4c00cbd8bb25bd3c5b9236badda9f49a2b,afb9d4d548483de205ddf8069e07fc4c00cbd8bb25bd3c5b9236badda9f49a2b,1,identity,1,23,False,anti_transpose
feed37027e1f0e18268393d5e6cf28200f08adab5eefd903f9b525f0f4bdd525,feed37027e1f0e18268393d5e6cf28200f08adab5eefd903f9b525f0f4bdd525,0,identity,1,24,False,anti_transpose
5e145257fbf33a7b08d0ce87ff50c1a632a96800d55684ef7f028ee01f9690c7,5e145257fbf33a7b08d0ce87ff50c1a632a96800d55684ef7f028ee01f9690c7,1,identity,1,24,False,anti_transpose
5664e184fa02ca8e73312153f6652cb3ba1b0cf794074ab9a5f8785e9c8bce6f,5664e184fa02ca8e73312153f6652cb3ba1b0cf794074ab9a5f8785e9c8bce6f,0,identity,1,25,False,anti_transpose
7e37608b9faddf7a35ed06cc656b6157a235313c7a60e0d2d9674148bad26875,7e37608b9faddf7a35ed06cc656b6157a235313c7a60e0d2d9674148bad26875,1,identity,1,25,False,anti_transpose
07897b929277cb6b1d1825e4d6cacf18f3295e94ebcd755e6bdd947112d6259c,07897b929277cb6b1d1825e4d6cacf18f3295e94ebcd755e6bdd947112d6259c,0,identity,1,26,False,anti_transpose
f00bc839dd6c8fbdefc1e4c8325bac1b1cec8322bce4cfb90e50a644d5f73b8e,f00bc839dd6c8fbdefc1e4c8325bac1b1cec8322bce4cfb90e50a644d5f73b8e,1,identity,1,26,False,anti_transpose
aaaea58684269d8a3cf0eaa73252036edebe41c1694bd9a2541b1a6ce4eb0dea,aaaea58684269d8a3cf0eaa73252036edebe41c1694bd9a2541b1a6ce4eb0dea,0,identity,1,27,False,anti_transpose
8185e6633b85eb683d859c0dd58cf8112f574ce2d43de301f0d6b1521d056869,8185e6633b85eb683d859c0dd58cf8112f574ce2d43de301f0d6b1521d056869,1,identity,1,27,False,anti_transpose
8f5095abd1616ed68565b6ff8b2df82c56d2df0ca974ace7affc04916eb2d115,8f5095abd1616ed68565b6ff8b2df82c56d2df0ca974ace7affc04916eb2d115,0,identity,1,28,False,anti_transpose
b1f7a9bc2bd2e1f1c6420fb3acd7b0de4ba90c97332b4128bfe0861ea4ff4fd0,b1f7a9bc2bd2e1f1c6420fb3acd7b0de4ba90c97332b4128bfe0861ea4ff4fd0,1,identity,1,28,False,anti_transpose
69f9665b68c2c591312bef6f55d1fca2286348e48ccfbf6746d577f74face6f4,69f9665b68c2c591312bef6f55d1fca2286348e48ccfbf6746d577f74face6f4,0,identity,1,29,False,anti_transpose
209df8a993e05b2fe2b5f055ae048290da7adcf08fdc0bbc8ef09e9be532068f,209df8a993e05b2fe2b5f055ae048290da7adcf08fdc0bbc8ef09e9be532068f,1,identity,1,29,False,anti_transpose
39080e61317d2bb153dc2d2608b9839286db9c8f7c0709cd8fd2fe31d1c7450a,39080e61317d2bb153dc2d2608b9839286db9c8f7c0709cd8fd2fe31d1c7450a,0,identity,1,30,False,anti_transpose
24dbd5f01173d6b312f31957995f583e1621db7849c0e4471e85292ef2dce3e0,24dbd5f01173d6b312f31957995f583e1621db7849c0e4471e85292ef2dce3e0,1,identity,1,30,False,anti_transpose
04c01f77d1783195f41e560819c3201eb238888b5670fb9390972cd1a42a1905,04c01f77d1783195f41e560819c3201eb238888b5670fb9390972cd1a42a1905,0,identity,1,31,False,anti_transpose
fff5e0e69b92efe2a27e59fc1a82ccbf7d3184c3b9f17e4b746ccbaf709175ca,fff5e0e69b92efe2a27e59fc1a82ccbf7d3184c3b9f17e4b746ccbaf709175ca,1,identity,1,31,False,anti_transpose
e9fb1735c6689e3425ef035705da25115d12218fc5738718fc0e51521d4bf076,e9fb1735c6689e3425ef035705da25115d12218fc5738718fc0e51521d4bf076,0,identity,1,32,False,anti_transpose
e59ed103a3f4a2b34f9d0466fd6cd7a38720d0ce5975af3e985134edee88d0dd,e59ed103a3f4a2b34f9d0466fd6cd7a38720d0ce5975af3e985134edee88d0dd,1,identity,1,32,False,anti_transpose
d321574c9990da5ad2f81147c7d1df7027548ccc6cd3c476bcf189c599b6c092,d321574c9990da5ad2f81147c7d1df7027548ccc6cd3c476bcf189c599b6c092,0,identity,1,33,False,anti_transpose
94ba0d23767c532bc3d757cd555d1a0581a3b9f1d5da27c94faa0bbcdbb92c63,94ba0d23767c532bc3d757cd555d1a0581a3b9f1d5da27c94faa0bbcdbb92c63,1,identity,1,33,False,anti_transpose
6a1ff70a31321e3e9e1609bc9b9092888eaeb9045871471cdb4ad4f82547591d,6a1ff70a31321e3e9e1609bc9b9092888eaeb9045871471cdb4ad4f82547591d,0,identity,1,34,False,anti_transpose
19c033f96030586e3803ccbfdde6005cb1579afff13d5e74045ef9ef71e0789d,19c033f96030586e3803ccbfdde6005cb1579afff13d5e74045ef9ef71e0789d,1,identity,1,34,False,anti_transpose
df7c20b9e8b95fdd3a95c00a01663daa396b2c711dc7a9fb460b09e05c1e7c00,df7c20b9e8b95fdd3a95c00a01663daa396b2c711dc7a9fb460b09e05c1e7c00,0,identity,1,35,False,anti_transpose
d7924137092d2c5c13f7cd8d6946d4ffd0a07c8219d2600430a9a99f8249d982,d7924137092d2c5c13f7cd8d6946d4ffd0a07c8219d2600430a9a99f8249d982,1,identity,1,35,False,anti_transpose
0a90d37a916e23aad0a2e593b727d0b1fda67a509d89e3081441cc457bf4b6eb,0a90d37a916e23aad0a2e593b727d0b1fda67a509d89e3081441cc457bf4b6eb,0,flip_ud,1,0,False,anti_transpose
57a9d946386a94adc52a2b3e77dd611172b9aa1188e8bd02a6d25f4810fdbf24,57a9d946386a94adc52a2b3e77dd611172b9aa1188e8bd02a6d25f4810fdbf24,1,flip_ud,1,0,False,anti_transpose
3673104dae05e698b0b55fb9158689936f4f92cd7fa35a8dfa4fe84b6424632a,3673104dae05e698b0b55fb9158689936f4f92cd7fa35a8dfa4fe84b6424632a,0,flip_ud,1,1,False,anti_transpose
b824050621d52135c04b2ebfaaf1af1d5e9471e52de4355cff3e5c3e4bbb9b62,b824050621d52135c04b2ebfaaf1af1d5e9471e52de4355cff3e5c3e4bbb9b62,1,flip_ud,1,1,False,anti_transpose
b9923d4632a372fa90914d5ff095b4bc289ffc233cef4a7b007ad988684cde75,b9923d4632a372fa90914d5ff095b4bc289ffc233cef4a7b007ad988684cde75,0,flip_ud,1,2,False,anti_transpose
3c4d8721b727cb656804418dacfce5ddd7a1d23e66085abdd3df71770662e898,3c4d8721b727cb656804418dacfce5ddd7a1d23e66085abdd3df71770662e898,1,flip_ud,1,2,False,anti_transpose
a91f9087e715026113abf9576d89b8e22df787bf6cfb53896b5d84809e76ca40,a91f9087e715026113abf9576d89b8e22df787bf6cfb53896b5d84809e76ca40,0,flip_ud,1,3,False,anti_transpose
870872e4d12a4ca2666e8f8c2b49d753ea67e51ff03335de80fc1842be3f0b5c,870872e4d12a4ca2666e8f8c2b49d753ea67e51ff03335de80fc1842be3f0b5c,1,flip_ud,1,3,False,anti_transpose
ef878fbba1ebd88cda06062de3630bd4e8c30a74e4397e134b22bdf0d8af36e7,ef878fbba1ebd88cda06062de3630bd4e8c30a74e4397e134b22bdf0d8af36e7,0,flip_ud,1,4,False,anti_transpose
7fe78d76266ea275c701bbb4463dd0aa966e0a1129af96625cf7d3f1a694140b,7fe78d76266ea275c701bbb4463dd0aa966e0a1129af96625cf7d3f1a694140b,1,flip_ud,1,4,False,anti_transpose
e0ac27b47d1b68920d4242942073573f7227b23e720c086abe67f2c1f8b4515c,e0ac27b47d1b68920d4242942073573f7227b23e720c086abe67f2c1f8b4515c,0,flip_ud,1,5,False,anti_transpose
18dbd3d4456ea95459fca32f723609c4abd1a2f2c8c73b71d87d74987b428376,18dbd3d4456ea95459fca32f723609c4abd1a2f2c8c73b71d87d74987b428376,1,flip_ud,1,5,False,anti_transpose
9c1d7ed9e3bd216414644465450c687bccb3b42f0f8d1de11a2a487f7b6fedc2,9c1d7ed9e3bd216414644465450c687bccb3b42f0f8d1de11a2a487f7b6fedc2,0,flip_ud,1,6,False,anti_transpose
c81a8f7f60549f9e3dc190056e4e3b89d9484a012b1abfffb50597c0b68cedad,c81a8f7f60549f9e3dc190056e4e3b89d9484a012b1abfffb50597c0b68cedad,1,flip_ud,1,6,False,anti_transpose
1b05ae02c9aaa8195a64f5f5460fd71f56e87808c7b424be55e6782eaca86851,1b05ae02c9aaa8195a64f5f5460fd71f56e87808c7b424be55e6782eaca86851,0,flip_ud,1,7,False,anti_transpose
71802e83612214fac7733d3bd5b79da7d70643f822a8f51a72a5805eb6431fc4,71802e83612214fac7733d3bd5b79da7d70643f822a8f51a72a5805eb6431fc4,1,flip_ud,1,7,False,anti_transpose
e69edc8cb20676f1ccc95382506c6335a9828a5dd88b1fad74451220e1fb7631,e69edc8cb20676f1ccc95382506c6335a9828a5dd88b1fad74451220e1fb7631,0,flip_ud,1,8,False,anti_transpose
3a65b4b12e5aab833d45215232078690df515e21736c55ff52b1c48cec1cb921,3a65b4b12e5aab833d45215232078690df515e21736c55ff52b1c48cec1cb921,1,flip_ud,1,8,False,anti_transpose
ad5ae2cb6c1e410795ae6eb2421d47d9be6d6ac6d8485a9c7f0c413bee490216,ad5ae2cb6c1e410795ae6eb2421d47d9be6d6ac6d8485a9c7f0c413bee490216,0,flip_ud,1,9,False,anti_transpose
3c105f20c608223df006718d0bf10e525e945afa76257bf3fde1e49f494e0e26,3c105f20c608223df006718d0bf10e525e945afa76257bf3fde1e49f494e0e26,1,flip_ud,1,9,False,anti_transpose
17c8dded2ee5c69c1ec984ebb20cccf15574ba056fd4a7f83b83a4323bcb8092,17c8dded2ee5c69c1ec984ebb20cccf15574ba056fd4a7f83b83a4323bcb8092,0,flip_ud,1,10,False,anti_transpose
0ae3698be22dbda2b986ea8b4ed6097f58861676eb467e0058bee3128ed2778e,0ae3698be22dbda2b986ea8b4ed6097f58861676eb467e0058bee3128ed2778e,1,flip_ud,1,10,False,anti_transpose
7cd0766081b92022c984c0900c5c0a2a6a0c5575a9f679e6ac57e6f3e4c5db3b,7cd0766081b92022c984c0900c5c0a2a6a0c5575a9f679e6ac57e6f3e4c5db3b,0,flip_ud,1,11,False,anti_transpose
bcfb81e1de592d9be5ec6bd7d038748d9045d105670c6592c6c6422a7e6beccc,bcfb81e1de592d9be5ec6bd7d038748d9045d105670c6592c6c6422a7e6beccc,1,flip_ud,1,11,False,anti_transpose
ca86f891964c2aa72f8f5f411463542c3930d80c5a915bff6d74cbc416c81fd8,ca86f891964c2aa72f8f5f411463542c3930d80c5a915bff6d74cbc416c81fd8,0,flip_ud,1,12,False,anti_transpose
02e64f4c7bd391c457089597fe8a83ffe3367d64a26f1614f875a68d59391e08,02e64f4c7bd391c457089597fe8a83ffe3367d64a26f1614f875a68d59391e08,1,flip_ud,1,12,False,anti_transpose
8a1e2e6b9401115e962ae0ae35c43046e91e1173542cc469b8955690e352a7f8,8a1e2e6b9401115e962ae0ae35c43046e91e1173542cc469b8955690e352a7f8,0,flip_ud,1,13,False,anti_transpose
0c5a0aead8a1a9d9b31c58b1ec86a0d6e1b57128027d6169cc613761558c0fb1,0c5a0aead8a1a9d9b31c58b1ec86a0d6e1b57128027d6169cc613761558c0fb1,1,flip_ud,1,13,False,anti_transpose
c5f054587e67e3a2879358c06c496f78299dc685ae65743bfb6b369c12df041b,c5f054587e67e3a2879358c06c496f78299dc685ae65743bfb6b369c12df041b,0,flip_ud,1,14,False,anti_transpose
47b89b0e63d3c1ab7d80cebec5ede3843d3fb59871baa3c50e0fb395938520d3,47b89b0e63d3c1ab7d80cebec5ede3843d3fb59871baa3c50e0fb395938520d3,1,flip_ud,1,14,False,anti_transpose
68aae1b8b2b80ae472a2ab25cb9bdb9552aeef6aad021532018a32b08c62b14d,68aae1b8b2b80ae472a2ab25cb9bdb9552aeef6aad021532018a32b08c62b14d,0,flip_ud,1,15,False,anti_transpose
872a1a2d49df8054a4d1f9a58eccae37173d951e1dbf57b2ce7db9b177ea4cbd,872a1a2d49df8054a4d1f9a58eccae37173d951e1dbf57b2ce7db9b177ea4cbd,1,flip_ud,1,15,False,anti_transpose
aabd526f0d24784d2e43b15a6543fc5008bfd34c6ca629c0ce8fbf1078a788d2,aabd526f0d24784d2e43b15a6543fc5008bfd34c6ca629c0ce8fbf1078a788d2,0,flip_ud,1,16,False,anti_transpose
470c1ec580fd91316a927d390a461b5c6d0bf5ac1ebbd06617165dfeb27ee053,470c1ec580fd91316a927d390a461b5c6d0bf5ac1ebbd06617165dfeb27ee053,1,flip_ud,1,16,False,anti_transpose
a304d2f94d2360c20111041f179b2ff245e0ae1cdf2a0f919a39cd2578ce7b89,a304d2f94d2360c20111041f179b2ff245e0ae1cdf2a0f919a39cd2578ce7b89,0,flip_ud,1,17,False,anti_transpose
e55445d0712a404234f23871eff7ae4804eba2cce4151e2806da5217540b49bd,e55445d0712a404234f23871eff7ae4804eba2cce4151e2806da5217540b49bd,1,flip_ud,1,17,False,anti_transpose
c3d5b685af06fdcbc490e8cd60e6d24c99a2770dd1839fd2fa2963258cb0830b,c3d5b685af06fdcbc490e8cd60e6d24c99a2770dd1839fd2fa2963258cb0830b,0,flip_ud,1,18,False,anti_transpose
007fa9ca40817f1647f6db18dc16fdf91e92578021728b2e97b9a2c0ecbb9e61,007fa9ca40817f1647f6db18dc16fdf91e92578021728b2e97b9a2c0ecbb9e61,1,flip_ud,1,18,False,anti_transpose
d70200ad9ecf8b243b27fd0afc4b9be6fa475a7f714471eb24e7c0dee8c80ca2,d70200ad9ecf8b243b27fd0afc4b9be6fa475a7f714471eb24e7c0dee8c80ca2,0,flip_ud,1,19,False,anti_transpose
309810c62faef61da7233ce9c642e4d66b9e1105636a69eed2c7d105eb3f5239,309810c62faef61da7233ce9c642e4d66b9e1105636a69eed2c7d105eb3f5239,1,flip_ud,1,19,False,anti_transpose
3cbdfb80d1294e5f602d9dfbcfb9edc9b0f139e5555e55eaf20197018071ee21,3cbdfb80d1294e5f602d9dfbcfb9edc9b0f139e5555e55eaf20197018071ee21,0,flip_ud,1,20,False,anti_transpose
85c2141b883078183ce25685c8cbb04f39cf0b85a6e2cb91cfe5a5c4616e6c43,85c2141b883078183ce25685c8cbb04f39cf0b85a6e2cb91cfe5a5c4616e6c43,1,flip_ud,1,20,False,anti_transpose
a77c67c751d5a50adaf33f0394d85f581108054c12c81b2a4d50a430425c32f8,a77c67c751d5a50adaf33f0394d85f581108054c12c81b2a4d50a430425c32f8,0,flip_ud,1,21,False,anti_transpose
4dd8b546fe29f20f71a6c6e879573d2b319cbf882b72db8cee53ddc4ba10a640,4dd8b546fe29f20f71a6c6e879573d2b319cbf882b72db8cee53ddc4ba10a640,1,flip_ud,1,21,False,anti_transpose
8dd4a6094e0e6392ea48fbee051c86854550c3a72a21f15183d3ed98deb06d6c,8dd4a6094e0e6392ea48fbee051c86854550c3a72a21f15183d3ed98deb06d6c,0,flip_ud,1,22,False,anti_transpose
46233c8702a8b32f54e3369c2c2f94f38aae8d65ab3e879efb0069f41e87ff7d,46233c8702a8b32f54e3369c2c2f94f38aae8d65ab3e879efb0069f41e87ff7d,1,flip_ud,1,22,False,anti_transpose
30fbbe571a54cd6b18f3c28e3577b7229907176f5821af8d463db0515cedd8b1,30fbbe571a54cd6b18f3c28e3577b7229907176f5821af8d463db0515cedd8b1,0,flip_ud,1,23,False,anti_transpose
2cb419bde570dea5a2e26b906645fe7a0597624c7b24a0844111843479ae61f3,2cb419bde570dea5a2e26b906645fe7a0597624c7b24a0844111843479ae61f3,1,flip_ud,1,23,False,anti_transpose
f52b400dce9d5547470dbae607a440f917064494b7e7d7988b895f3845b2282a,f52b400dce9d5547470dbae607a440f917064494b7e7d7988b895f3845b2282a,0,flip_ud,1,24,False,anti_transpose
00356d056d1e01ae0e0f16538712f1aa664b844e039966791d944598591dd716,00356d056d1e01ae0e0f16538712f1aa664b844e039966791d944598591dd716,1,flip_ud,1,24,False,anti_transpose
6ef3e7ace32490e9a60051f663ae24d0e670ad8cd4c38957e4d2e162b270cca5,6ef3e7ace32490e9a60051f663ae24d0e670ad8cd4c38957e4d2e162b270cca5,0,flip_ud,1,25,False,anti_transpose
e2bdea66ca74b4485e92511bc97c073baeef6c0a12054a2732658c800545623a,e2bdea66ca74b4485e92511bc97c073baeef6c0a12054a2732658c800545623a,1,flip_ud,1,25,False,anti_transpose
73a241116a2f660485fe97260ca6289b4b155b134165d75b2ff01350e82f8c1f,73a241116a2f660485fe97260ca6289b4b155b134165d75b2ff01350e82f8c1f,0,flip_ud,1,26,False,anti_transpose
ab03f43dcf1bff1dabff171e52d4372c16ebda98ec38b0209a33efb4d68df4e9,ab03f43dcf1bff1dabff171e52d4372c16ebda98ec38b0209a33efb4d68df4e9,1,flip_ud,1,26,False,anti_transpose
3a68dc617b388143dcd9a4b23858a904c4c7b0ef9c07b09dcbde833e040ed91e,3a68dc617b388143dcd9a4b23858a904c4c7b0ef9c07b09dcbde833e040ed91e,0,flip_ud,1,27,False,anti_transpose
5ba7a5474cbe01b03aed81dde3cfc48a3ab765dcec977c85a814575b97cba331,5ba7a5474cbe01b03aed81dde3cfc48a3ab765dcec977c85a814575b97cba331,1,flip_ud,1,27,False,anti_transpose
bc2891c7e4306b5806e912c5b77a427a151e11df3a92be8d8573f9454023aae4,bc2891c7e4306b5806e912c5b77a427a151e11df3a92be8d8573f9454023aae4,0,flip_ud,1,28,False,anti_transpose
0f38fba0840b1c0f508d1f276e43b42dbce3b906d1371cd7ba2718fa2bb011c2,0f38fba0840b1c0f508d1f276e43b42dbce3b906d1371cd7ba2718fa2bb011c2,1,flip_ud,1,28,False,anti_transpose
dd184034b5aee2f3cb8cec9411dc1d2400473e0cd084f8f2f5df4c17e412cb8c,dd184034b5aee2f3cb8cec9411dc1d2400473e0cd084f8f2f5df4c17e412cb8c,0,flip_ud,1,29,False,anti_transpose
5fe2a8eab7ac99dd3529d4f5ad8e61d5aab89236cfedd9389478d3181db1ca19,5fe2a8eab7ac99dd3529d4f5ad8e61d5aab89236cfedd9389478d3181db1ca19,1,flip_ud,1,29,False,anti_transpose
43d87c4ebeae122bd6533d2a0651cabd4e160a4eb0f476ff8a849066b830d632,43d87c4ebeae122bd6533d2a0651cabd4e160a4eb0f476ff8a849066b830d632,0,flip_ud,1,30,False,anti_transpose
5161cfa885ac8ad45070cfcddd69fee6be897119f2a4fdb8ff018fe25f6c75ec,5161cfa885ac8ad45070cfcddd69fee6be897119f2a4fdb8ff018fe25f6c75ec,1,flip_ud,1,30,False,anti_transpose
7438cb012f2e7bd8ecaf89e897cd461fd95c55d3803e62b0d7f584adef5fefeb,7438cb012f2e7bd8ecaf89e897cd461fd95c55d3803e62b0d7f584adef5fefeb,0,flip_ud,1,31,False,anti_transpose
04ac21b31e29f4bcd6ced314e86967e5e0f85c6acfef0c2cc74786b484366520,04ac21b31e29f4bcd6ced314e86967e5e0f85c6acfef0c2cc74786b484366520,1,flip_ud,1,31,False,anti_transpose
cc8635da71e10ff757b1e620631a44e360941c0ed9a40419db0c795fdc17863c,cc8635da71e10ff757b1e620631a44e360941c0ed9a40419db0c795fdc17863c,0,flip_ud,1,32,False,anti_transpose
62e20df8126fab99237cfb0603e0f0d806758daa00133db099327163e61db402,62e20df8126fab99237cfb0603e0f0d806758daa00133db099327163e61db402,1,flip_ud,1,32,False,anti_transpose
08e4c9b62724055589859f6fbaa6ec6fd7266769e1281c7819691b4ea858408b,08e4c9b62724055589859f6fbaa6ec6fd7266769e1281c7819691b4ea858408b,0,flip_ud,1,33,False,anti_transpose
ab75037b19ee269640d916d13c5b1ef9327f04dccd776a3c6231ce4bbaf37772,ab75037b19ee269640d916d13c5b1ef9327f04dccd776a3c6231ce4bbaf37772,1,flip_ud,1,33,False,anti_transpose
2c9660c8e3b94ed40f0f34c191647467c2534a583747c14eed992ace8d183593,2c9660c8e3b94ed40f0f34c191647467c2534a583747c14eed992ace8d183593,0,flip_ud,1,34,False,anti_transpose
954765b3d71a05b328f4248237d047e8a2c8d027e28ff0a215f88f317f190b02,954765b3d71a05b328f4248237d047e8a2c8d027e28ff0a215f88f317f190b02,1,flip_ud,1,34,False,anti_transpose
2fcc85279764ca2109e1dcc7af05dbe8569e876b785070c7ac8a68da461e9320,2fcc85279764ca2109e1dcc7af05dbe8569e876b785070c7ac8a68da461e9320,0,flip_ud,1,35,False,anti_transpose
2fdc7a50d65ef117723accc928a3f3731bbbddc9563bb97792c46e968258b29c,2fdc7a50d65ef117723accc928a3f3731bbbddc9563bb97792c46e968258b29c,1,flip_ud,1,35,False,anti_transpose
0efd0421c500d902bf9c483f5e70cb3abdef9386ac8615468b5a27ac097fbd01,0efd0421c500d902bf9c483f5e70cb3abdef9386ac8615468b5a27ac097fbd01,0,transpose,1,0,False,anti_transpose
0e5d949f302266b57d0829285ca4ab4ccf5069cd5cc04b9a6bd6ae78b0c1d68c,0e5d949f302266b57d0829285ca4ab4ccf5069cd5cc04b9a6bd6ae78b0c1d68c,1,transpose,1,0,False,anti_transpose
238d3c87d58795a8784ca0f6d7368ab9ba71fbc30a7c635d566d86d508e2ff87,238d3c87d58795a8784ca0f6d7368ab9ba71fbc30a7c635d566d86d508e2ff87,0,transpose,1,1,False,anti_transpose
6ab81865dadf38198adeaf35da59da836ee271052d0d082be791a142fa6e1447,6ab81865dadf38198adeaf35da59da836ee271052d0d082be791a142fa6e1447,1,transpose,1,1,False,anti_transpose
cb358b55b5ad0ae0fbda1ed8a10ac5302c57a735b82d4e37aab4541cf0e3ae74,cb358b55b5ad0ae0fbda1ed8a10ac5302c57a735b82d4e37aab4541cf0e3ae74,0,transpose,1,2,False,anti_transpose
357dfe90b98bc5447207c26b7be2e4c5d24cf6b33be7a2efdfdd107d683bd256,357dfe90b98bc5447207c26b7be2e4c5d24cf6b33be7a2efdfdd107d683bd256,1,transpose,1,2,False,anti_transpose
0d327963fba31a8abb3e12969d4f84d3a31b3b9b2ca2176e4734c1cc6b5b155e,0d327963fba31a8abb3e12969d4f84d3a31b3b9b2ca2176e4734c1cc6b5b155e,0,transpose,1,3,False,anti_transpose
f34453a606b22cf11d673de392abf14685b3931c4f6795a7957ec180f7261895,f34453a606b22cf11d673de392abf14685b3931c4f6795a7957ec180f7261895,1,transpose,1,3,False,anti_transpose
a1740d8d225308fe0173d3ac53f10adec306f19cc72b93ee6c514ab7a862b61c,a1740d8d225308fe0173d3ac53f10adec306f19cc72b93ee6c514ab7a862b61c,0,transpose,1,4,False,anti_transpose
a29b5c39e160ee6ea2f7a57788c72574710fceac65e2d22bc3c9302165a496cd,a29b5c39e160ee6ea2f7a57788c72574710fceac65e2d22bc3c9302165a496cd,1,transpose,1,4,False,anti_transpose
d16df94c1e9e8bb1bb6a148fc2dca66020fef6b58674eeefa63032f59de7c749,d16df94c1e9e8bb1bb6a148fc2dca66020fef6b58674eeefa63032f59de7c749,0,transpose,1,5,False,anti_transpose
5b8078584161d8606ad27854a790c8101aaa18e685a89dca33ba70c5ac485186,5b8078584161d8606ad27854a790c8101aaa18e685a89dca33ba70c5ac485186,1,transpose,1,5,False,anti_transpose
1fd5ebe30d8ac02957d2013310b34041d357875b7749bced79ef66a8d03b6a81,1fd5ebe30d8ac02957d2013310b34041d357875b7749bced79ef66a8d03b6a81,0,transpose,1,6,False,anti_transpose
3994d36ff03650f252b297dd8e6b8f1bdd31a4789962c895012edca9989499a5,3994d36ff03650f252b297dd8e6b8f1bdd31a4789962c895012edca9989499a5,1,transpose,1,6,False,anti_transpose
7fa238bee58839126f006ef45c81fe5ed82e4332a08178813f4f11ae49cdad7b,7fa238bee58839126f006ef45c81fe5ed82e4332a08178813f4f11ae49cdad7b,0,transpose,1,7,False,anti_transpose
1957e2dba9ee1d14d87a1edfc1d01af3ddede2414999ee53ea763145c954bbcc,1957e2dba9ee1d14d87a1edfc1d01af3ddede2414999ee53ea763145c954bbcc,1,transpose,1,7,False,anti_transpose
3e939d5ed75ed52d7ec9aafb4ab76029aee4437e8c3713d6aae631e744876d52,3e939d5ed75ed52d7ec9aafb4ab76029aee4437e8c3713d6aae631e744876d52,0,transpose,1,8,False,anti_transpose
92703541f90226fbcf4c7557081710f45e24dcaf558fbc1df51ef60d9955fe1e,92703541f90226fbcf4c7557081710f45e24dcaf558fbc1df51ef60d9955fe1e,1,transpose,1,8,False,anti_transpose
d76835bbf1179fe4649319874f6b44d87fb5efab0ccceb41e4399759c72b9898,d76835bbf1179fe4649319874f6b44d87fb5efab0ccceb41e4399759c72b9898,0,transpose,1,9,False,anti_transpose
384310687377edc0c66d1b0aab3e3a6b230365b2e31d0633d24cdb79015f82fa,384310687377edc0c66d1b0aab3e3a6b230365b2e31d0633d24cdb79015f82fa,1,transpose,1,9,False,anti_transpose
e844c06a40f70728936e6489efb346c1ad87350ebd25aead45a0aab041805c8d,e844c06a40f70728936e6489efb346c1ad87350ebd25aead45a0aab041805c8d,0,transpose,1,10,False,anti_transpose
b0c7ad84a58e4f684e749c7c85f44b95034c517fd6b9743968d8a56c763ee746,b0c7ad84a58e4f684e749c7c85f44b95034c517fd6b9743968d8a56c763ee746,1,transpose,1,10,False,anti_transpose
5f876e1b04e6475913760a3de36f842b723b94d2f95b56b5dff7cfc189a2f840,5f876e1b04e6475913760a3de36f842b723b94d2f95b56b5dff7cfc189a2f840,0,transpose,1,11,False,anti_transpose
f4bc5a702028a207498e839723356c3420775b2bbcad925bf5618067fa428499,f4bc5a702028a207498e839723356c3420775b2bbcad925bf5618067fa428499,1,transpose,1,11,False,anti_transpose
2bd27cc2cd25275f12cd016107f22e124f456def831454ed16112755ecd6dfd5,2bd27cc2cd25275f12cd016107f22e124f456def831454ed16112755ecd6dfd5,0,transpose,1,12,False,anti_transpose
1c507a0bf0f219298d024cb937df76d71659508c78f5dd05db9ed684fe5fb3c0,1c507a0bf0f219298d024cb937df76d71659508c78f5dd05db9ed684fe5fb3c0,1,transpose,1,12,False,anti_transpose
dfbceae8b9ded4e1bd8f0a8527365ab314aac0d4edeb96a6b75281a08f5e25af,dfbceae8b9ded4e1bd8f0a8527365ab314aac0d4edeb96a6b75281a08f5e25af,0,transpose,1,13,False,anti_transpose
826a02d9b9408a81213144f60ca790a168ce4332fd661dacc0f6eb1814a7b9c1,826a02d9b9408a81213144f60ca790a168ce4332fd661dacc0f6eb1814a7b9c1,1,transpose,1,13,False,anti_transpose
a0a696ccdccb8f0bd080e89232f5f8d6dac5384828d2e052539b522ece82deb9,a0a696ccdccb8f0bd080e89232f5f8d6dac5384828d2e052539b522ece82deb9,0,transpose,1,14,False,anti_transpose
d1defa88dc963af3877b033f5bb3bf16646eecc35dd9b95b560f8223d98d84e1,d1defa88dc963af3877b033f5bb3bf16646eecc35dd9b95b560f8223d98d84e1,1,transpose,1,14,False,anti_transpose
6523dafec24c4aa4a4602d28a00c3acaeca687dcc7f9de45b148a1d0b27ea481,6523dafec24c4aa4a4602d28a00c3acaeca687dcc7f9de45b148a1d0b27ea481,0,transpose,1,15,False,anti_transpose
bae15022c4daad0ae53b1ea202f4a43859aafd2eac957265fe5a9700d75b859c,bae15022c4daad0ae53b1ea202f4a43859aafd2eac957265fe5a9700d75b859c,1,transpose,1,15,False,anti_transpose
b0a2a700985554f93561ba58cda054b5690e7bff67e3eb6674c329fca9ef9faf,b0a2a700985554f93561ba58cda054b5690e7bff67e3eb6674c329fca9ef9faf,0,transpose,1,16,False,anti_transpose
e5e5a0a47a96e8ef35befb19241472f3d813ad059f3956f644f1dbfecfbded49,e5e5a0a47a96e8ef35befb19241472f3d813ad059f3956f644f1dbfecfbded49,1,transpose,1,16,False,anti_transpose
002e7e1bba147a97f6046c055bb229a5f64770cb657b5df0c03621cc328fc3e4,002e7e1bba147a97f6046c055bb229a5f64770cb657b5df0c03621cc328fc3e4,0,transpose,1,17,False,anti_transpose
e4d5b8a5dd1165435760e5d4cb4bccc0d3867297f595dfba726b4906d9ecf830,e4d5b8a5dd1165435760e5d4cb4bccc0d3867297f595dfba726b4906d9ecf830,1,transpose,1,17,False,anti_transpose
0195c1762cccb7c22d5fa0afb14dc8ac1551c3d1dadc8b522a5319a97c9bb82f,0195c1762cccb7c22d5fa0afb14dc8ac1551c3d1dadc8b522a5319a97c9bb82f,0,transpose,1,18,False,anti_transpose
72788602ca2a68c0cc7066dbf1e2b043b2f29df2f90023139b4af4f409d99fb2,72788602ca2a68c0cc7066dbf1e2b043b2f29df2f90023139b4af4f409d99fb2,1,transpose,1,18,False,anti_transpose
023035db0829657728925740fca3ddffc91d4bc906a1caf648142e4b5d73452e,023035db0829657728925740fca3ddffc91d4bc906a1caf648142e4b5d73452e,0,transpose,1,19,False,anti_transpose
c2ce7677a0dcb826078761919e5292223b03c8693ecaa3ff001c4487d24c7f19,c2ce7677a0dcb826078761919e5292223b03c8693ecaa3ff001c4487d24c7f19,1,transpose,1,19,False,anti_transpose
2103eee5eff982aba5a9a7845cd1b431df77bb02df267a82841759a4407db602,2103eee5eff982aba5a9a7845cd1b431df77bb02df267a82841759a4407db602,0,transpose,1,20,False,anti_transpose
89a6161db6a57ae9f9264d5468622ccefa93982f766449e810d060ccc3afd8d0,89a6161db6a57ae9f9264d5468622ccefa93982f766449e810d060ccc3afd8d0,1,transpose,1,20,False,anti_transpose
22ec04b3b79956dc5a3e237a966afa5b93b8ee7e08b24203b01c6442163722d0,22ec04b3b79956dc5a3e237a966afa5b93b8ee7e08b24203b01c6442163722d0,0,transpose,1,21,False,anti_transpose
46ecda1eb52555d7c67374319629918afd55b85853f9d5ff1d9eebcf56b28465,46ecda1eb52555d7c67374319629918afd55b85853f9d5ff1d9eebcf56b28465,1,transpose,1,21,False,anti_transpose
f2ee5d12f0baaf7931a489b03d04c3da6138743a6b0a50f4a3000a7971cfffa7,f2ee5d12f0baaf7931a489b03d04c3da6138743a6b0a50f4a3000a7971cfffa7,0,transpose,1,22,False,anti_transpose
5766df24f860dac749220a9321816edc24d50e078afe75a37cfbc99dcf24f34e,5766df24f860dac749220a9321816edc24d50e078afe75a37cfbc99dcf24f34e,1,transpose,1,22,False,anti_transpose
08e2ad05ff8c892a87a80870a3e1fd0a8a240c044847da919002522914c588eb,08e2ad05ff8c892a87a80870a3e1fd0a8a240c044847da919002522914c588eb,0,transpose,1,23,False,anti_transpose
10558e62986495c6f46496ec7ae62bfc0699ed7ee25b03da5496d603d33f4ddf,10558e62986495c6f46496ec7ae62bfc0699ed7ee25b03da5496d603d33f4ddf,1,transpose,1,23,False,anti_transpose
7f12e7f428afc9179bafaa83c329042e82e43740c497222621440c8bd8befe29,7f12e7f428afc9179bafaa83c329042e82e43740c497222621440c8bd8befe29,0,transpose,1,24,False,anti_transpose
c6d727c8ae5ea58ed54fa30d7994b8c7fbae0cd1b594dc816c5d8e786dad4de9,c6d727c8ae5ea58ed54fa30d7994b8c7fbae0cd1b594dc816c5d8e786dad4de9,1,transpose,1,24,False,anti_transpose
cdfa1ab8f858ca479aa29566d2dc7808f221ad6a99216ca5944f441d981cad28,cdfa1ab8f858ca479aa29566d2dc7808f221ad6a99216ca5944f441d981cad28,0,transpose,1,25,False,anti_transpose
0e5676fb786db20c507d9710a52dd06e091613c6fb093aaed51147fe66bd420e,0e5676fb786db20c507d9710a52dd06e091613c6fb093aaed51147fe66bd420e,1,transpose,1,25,False,anti_transpose
f853dd4a9686441ffa9543b4131809ae645cfa5e58c8f6af09ce760cd0ee2e43,f853dd4a9686441ffa9543b4131809ae645cfa5e58c8f6af09ce760cd0ee2e43,0,transpose,1,26,False,anti_transpose
42c800b32547fec6977f3796eb0d0a22121983dc45dd493dfd65377312f9a037,42c800b32547fec6977f3796eb0d0a22121983dc45dd493dfd65377312f9a037,1,transpose,1,26,False,anti_transpose
8a2fb7ddcfa71b9750c9e53898212966ea776d15de41ef93fa77774671d30907,8a2fb7ddcfa71b9750c9e53898212966ea776d15de41ef93fa77774671d30907,0,transpose,1,27,False,anti_transpose
5b0817744b748bf3a1d1f988ff60096c85c1142561d61059f0dfdb4c57c45a61,5b0817744b748bf3a1d1f988ff60096c85c1142561d61059f0dfdb4c57c45a61,1,transpose,1,27,False,anti_transpose
17264d488089a7cc8e5f746a56583e3298d4b900d1dbe473be5704d2514db178,17264d488089a7cc8e5f746a56583e3298d4b900d1dbe473be5704d2514db178,0,transpose,1,28,False,anti_transpose
bb1227867a21065578907a84c393618fd7192dc82c778bd3e88d88b7d718ccfc,bb1227867a21065578907a84c393618fd7192dc82c778bd3e88d88b7d718ccfc,1,transpose,1,28,False,anti_transpose
b32053b2a59567686a72c0811c8d0bf4d6d06a505fbf504ca40eaccc07192be0,b32053b2a59567686a72c0811c8d0bf4d6d06a505fbf504ca40eaccc07192be0,0,transpose,1,29,False,anti_transpose
df623fc5b0cd560f238ddbaac55a2cf1d60db3969878a6e1d27c48a62f749a79,df623fc5b0cd560f238ddbaac55a2cf1d60db3969878a6e1d27c48a62f749a79,1,transpose,1,29,False,anti_transpose
85bb8162f747cb3a5154eaf5656f1566e5458045df56a2ae3d1f07f8cf30eb11,85bb8162f747cb3a5154eaf5656f1566e5458045df56a2ae3d1f07f8cf30eb11,0,transpose,1,30,False,anti_transpose
9ceabe84542d6a65bb24303d7a16dbb9739efc319cc8b9eef0dd2de3518115a0,9ceabe84542d6a65bb24303d7a16dbb9739efc319cc8b9eef0dd2de3518115a0,1,transpose,1,30,False,anti_transpose
064c9cf750d508a20a55bad70d7b495518b783c1d27ca781071b8020282dfd0f,064c9cf750d508a20a55bad70d7b495518b783c1d27ca781071b8020282dfd0f,0,transpose,1,31,False,anti_transpose
d028efc65d62310746bc602abb40f867e7d2d16042fd7f6a8ea355ace2d70dec,d028efc65d62310746bc602abb40f867e7d2d16042fd7f6a8ea355ace2d70dec,1,transpose,1,31,False,anti_transpose
e35a191e76b96e7fe294cf7cf18efd3251f327e8500b98e7509fbab04f676c53,e35a191e76b96e7fe294cf7cf18efd3251f327e8500b98e7509fbab04f676c53,0,transpose,1,32,False,anti_transpose
13c4c4e1a7342c5bcbac5cb0a36fe024c96774f26399aed825d4c06c861c693c,13c4c4e1a7342c5bcbac5cb0a36fe024c96774f26399aed825d4c06c861c693c,1,transpose,1,32,False,anti_transpose
a5a5e6a1d7bbcca53483dad1da7663d73ed6a80a31beffdcfa66fd8aead5951d,a5a5e6a1d7bbcca53483dad1da7663d73ed6a80a31beffdcfa66fd8aead5951d,0,transpose,1,33,False,anti_transpose
96195a3e74975558aa6f9318ddc3e4817ad5c74cf061c62a5c328bbc4a0e7e84,96195a3e74975558aa6f9318ddc3e4817ad5c74cf061c62a5c328bbc4a0e7e84,1,transpose,1,33,False,anti_transpose
150b550f708be76bb02c1721da414e91d54c0957df74658b58d40d46339971e9,150b550f708be76bb02c1721da414e91d54c0957df74658b58d40d46339971e9,0,transpose,1,34,False,anti_transpose
aa07196d4f66a4364eef30b3479675b60152fa6c07cb2c9aa66c934a87e29056,aa07196d4f66a4364eef30b3479675b60152fa6c07cb2c9aa66c934a87e29056,1,transpose,1,34,False,anti_transpose
5cf93d8d8194fc8b24ecd61be79b14e27e021995251aff07b479c603d44afe1d,5cf93d8d8194fc8b24ecd61be79b14e27e021995251aff07b479c603d44afe1d,0,transpose,1,35,False,anti_transpose
0eca3f4a10098632d73db520022ffea169407719d197a05387a8783eb7d21c58,0eca3f4a10098632d73db520022ffea169407719d197a05387a8783eb7d21c58,1,transpose,1,35,False,anti_transpose
9a99d0bd764730a3ecee2429b1ccff7a97d91647f7a9eefecc4fbd9bb59e7796,9a99d0bd764730a3ecee2429b1ccff7a97d91647f7a9eefecc4fbd9bb59e7796,0,identity,8,0,False,anti_transpose
1d56552724236aaf2ddc3f5bbbe7ae4514c76b2bb204f98e8413d41da2b9ab17,1d56552724236aaf2ddc3f5bbbe7ae4514c76b2bb204f98e8413d41da2b9ab17,1,identity,8,0,False,anti_transpose
89d697c1ecafb7e51eafe9f7df68083f0dca6005ec2392b020966e4d775a7565,89d697c1ecafb7e51eafe9f7df68083f0dca6005ec2392b020966e4d775a7565,0,identity,8,1,False,anti_transpose
7fa14c380fe2887e9ba1d87842717ed9ddb094f1f212da2040c5dcc350dc9e02,7fa14c380fe2887e9ba1d87842717ed9ddb094f1f212da2040c5dcc350dc9e02,1,identity,8,1,False,anti_transpose
434de0be1f056b32d2504a3711826ba147d973b9edc82c52acde77f19700b7ae,434de0be1f056b32d2504a3711826ba147d973b9edc82c52acde77f19700b7ae,0,identity,8,2,False,anti_transpose
23c20bceb39078ef402776f804c2ac337e59953550cafffc748f80af2b8a3670,23c20bceb39078ef402776f804c2ac337e59953550cafffc748f80af2b8a3670,1,identity,8,2,False,anti_transpose
3ce7afd305486392e1c17960fca193ea9d5ddff6a0c2c6c6cbb22d2d7189a19b,3ce7afd305486392e1c17960fca193ea9d5ddff6a0c2c6c6cbb22d2d7189a19b,0,identity,8,3,False,anti_transpose
f8e986d66914af750eeeb6fb6cb0cf14360a32d86048956108eda0fdd90f4fab,f8e986d66914af750eeeb6fb6cb0cf14360a32d86048956108eda0fdd90f4fab,1,identity,8,3,False,anti_transpose
ea8c5d24bf4fb1b96a1c398af3a1ed235efb1868e341b1ade2af4934223e226a,ea8c5d24bf4fb1b96a1c398af3a1ed235efb1868e341b1ade2af4934223e226a,0,identity,8,4,False,anti_transpose
ef82c7690a313270a1de5c9ad0f934cf812f3ab47c8395b6ea6f888287384ab6,ef82c7690a313270a1de5c9ad0f934cf812f3ab47c8395b6ea6f888287384ab6,1,identity,8,4,False,anti_transpose
c0c2261de0e618eebfc04545b13182c883c1d828b2d89b64e9acf87631382ddb,c0c2261de0e618eebfc04545b13182c883c1d828b2d89b64e9acf87631382ddb,0,identity,8,5,False,anti_transpose
ca1b9977eeb6bc95977d19e2ae3c55b39bb3e15a82f376968268820683dea145,ca1b9977eeb6bc95977d19e2ae3c55b39bb3e15a82f376968268820683dea145,1,identity,8,5,False,anti_transpose
00a0536d5e00093fd3e7ff082a17de881238ed5999e9a1aa50bf564fdf68edea,00a0536d5e00093fd3e7ff082a17de881238ed5999e9a1aa50bf564fdf68edea,0,identity,8,6,False,anti_transpose
5cccee865e2316aad9c7a4a4f53e28668f0ad668e9431e3164471947f6eab095,5cccee865e2316aad9c7a4a4f53e28668f0ad668e9431e3164471947f6eab095,1,identity,8,6,False,anti_transpose
638707f0d74e42f4c2a920fdbba7bed7478d8922058f59cc94515880936071fe,638707f0d74e42f4c2a920fdbba7bed7478d8922058f59cc94515880936071fe,0,identity,8,7,False,anti_transpose
5945ac448e47e0975ae3f34170646cc741145dec78a50bbbb8a4725cf67a759f,5945ac448e47e0975ae3f34170646cc741145dec78a50bbbb8a4725cf67a759f,1,identity,8,7,False,anti_transpose
83c46aa0ecbc1caab91b5b1c3b8547b6787b3799c6c0f793e1e1d6c1b9aa3405,83c46aa0ecbc1caab91b5b1c3b8547b6787b3799c6c0f793e1e1d6c1b9aa3405,0,identity,8,8,False,anti_transpose
4b63182078dcad8933c3388d026c3e65ea7fed051c03f1c1d13fd37952c4bcf8,4b63182078dcad8933c3388d026c3e65ea7fed051c03f1c1d13fd37952c4bcf8,1,identity,8,8,False,anti_transpose
b2f6b76bfd9a14c617963ce2f1d277897faa91c6e529a7c995b657b84a9bd373,b2f6b76bfd9a14c617963ce2f1d277897faa91c6e529a7c995b657b84a9bd373,0,identity,8,9,False,anti_transpose
b518075b6807443e57dc2b18bb7785d822e61b5c4c4604f1d5c49099632f8104,b518075b6807443e57dc2b18bb7785d822e61b5c4c4604f1d5c49099632f8104,1,identity,8,9,False,anti_transpose
f4a120e8d618be3ba5a87d03af72863304f6c5f794aa54a706ff1fc85d83023b,f4a120e8d618be3ba5a87d03af72863304f6c5f794aa54a706ff1fc85d83023b,0,identity,8,10,False,anti_transpose
803067d0b494875187925bfbf405e0bb9634204f56a6acc3b2c08bb72e2a3dfe,803067d0b494875187925bfbf405e0bb9634204f56a6acc3b2c08bb72e2a3dfe,1,identity,8,10,False,anti_transpose
db7de912ef4c0387c17aa1c858eb1f1eee6f5a66aa0882311f573f007113af07,db7de912ef4c0387c17aa1c858eb1f1eee6f5a66aa0882311f573f007113af07,0,identity,8,11,False,anti_transpose
1c2ae9636de892908d6095652a4f7e845a8a6df8de3a7302a0439deb653822b0,1c2ae9636de892908d6095652a4f7e845a8a6df8de3a7302a0439deb653822b0,1,identity,8,11,False,anti_transpose
ebdbd700ca4c0c1ab38a1ae4ac5795e94f6d247965c8e0e358aeb4975ddd0c86,ebdbd700ca4c0c1ab38a1ae4ac5795e94f6d247965c8e0e358aeb4975ddd0c86,0,identity,8,12,False,anti_transpose
7745b533f4c5d5e76b94a70d1cfea79c681ff5a38eb6d0bf8854113af3035114,7745b533f4c5d5e76b94a70d1cfea79c681ff5a38eb6d0bf8854113af3035114,1,identity,8,12,False,anti_transpose
3183516fd162574260c66b25fbd6eb442332f120edd14031a8a09b3e5588d8be,3183516fd162574260c66b25fbd6eb442332f120edd14031a8a09b3e5588d8be,0,identity,8,13,False,anti_transpose
be1799f2ce13f54738c681c96b2bc671a063e4cedac773f2566f054d92f03a55,be1799f2ce13f54738c681c96b2bc671a063e4cedac773f2566f054d92f03a55,1,identity,8,13,False,anti_transpose
e9f381ed471a9fd50a247d355f2bdbe04a6e51317064baed71f8164bf2bd2362,e9f381ed471a9fd50a247d355f2bdbe04a6e51317064baed71f8164bf2bd2362,0,identity,8,14,False,anti_transpose
9bfcd00e588fe9f57f8ef2130d9e948bd842ba0425b5707aae87988952435ba3,9bfcd00e588fe9f57f8ef2130d9e948bd842ba0425b5707aae87988952435ba3,1,identity,8,14,False,anti_transpose
0ca87ec7d25818c3d132fb93860e3096cae39f28af904b3a003ff268a26e35be,0ca87ec7d25818c3d132fb93860e3096cae39f28af904b3a003ff268a26e35be,0,identity,8,15,False,anti_transpose
da9633dc1629a3e386a81f4b0c350dd33d07f3f6fa2a4356fc40a359af5f80c2,da9633dc1629a3e386a81f4b0c350dd33d07f3f6fa2a4356fc40a359af5f80c2,1,identity,8,15,False,anti_transpose
608430ca8ba14a3a00691c3f2a742af06f6de220dbddc6aa66dd3958003a22b3,608430ca8ba14a3a00691c3f2a742af06f6de220dbddc6aa66dd3958003a22b3,0,identity,8,16,False,anti_transpose
34602b0197955cac08ab50e9144fad3d1a5c02b6399c994e4eea055f7293f981,34602b0197955cac08ab50e9144fad3d1a5c02b6399c994e4eea055f7293f981,1,identity,8,16,False,anti_transpose
6de3f55bd6c6b56913e6f0a0f4faa01dd7e8ff2da7013ba7f51320145a1c007d,6de3f55bd6c6b56913e6f0a0f4faa01dd7e8ff2da7013ba7f51320145a1c007d,0,identity,8,17,False,anti_transpose
914d4845045e8417017406788eecbeb5624220b9000d8df8880fe1af16177dbf,914d4845045e8417017406788eecbeb5624220b9000d8df8880fe1af16177dbf,1,identity,8,17,False,anti_transpose
c3de93f1a44c3317358fac891072e3aa46745b0d453016428fd7444b7c26d6ba,c3de93f1a44c3317358fac891072e3aa46745b0d453016428fd7444b7c26d6ba,0,identity,8,18,False,anti_transpose
70141e043f0e503f021f95fa1faf98002022578e69cb36e50f4d21d3e6af4b8b,70141e043f0e503f021f95fa1faf98002022578e69cb36e50f4d21d3e6af4b8b,1,identity,8,18,False,anti_transpose
b645e623e9e2d459fd899232a4b1de03eb6eb021a68cb47738d255dad5ff3516,b645e623e9e2d459fd899232a4b1de03eb6eb021a68cb47738d255dad5ff3516,0,identity,8,19,False,anti_transpose
faf6a5b1597dc153970a9532deea92599ebf6b7807da6180a2f7e7ec0b5e395f,faf6a5b1597dc153970a9532deea92599ebf6b7807da6180a2f7e7ec0b5e395f,1,identity,8,19,False,anti_transpose
b67756a696a9169b0c27b6655c9aace6b8b1e8f593526db8895f0786b173dc09,b67756a696a9169b0c27b6655c9aace6b8b1e8f593526db8895f0786b173dc09,0,identity,8,20,False,anti_transpose
8d471ba0a19ad391b68b88590eeff05341141f32d626975d5475d30ff0028f18,8d471ba0a19ad391b68b88590eeff05341141f32d626975d5475d30ff0028f18,1,identity,8,20,False,anti_transpose
1cc604602ea5f1f46c5e2194ad6922fdaf6ecc87d4c777906936d273558f5909,1cc604602ea5f1f46c5e2194ad6922fdaf6ecc87d4c777906936d273558f5909,0,identity,8,21,False,anti_transpose
2cea2e5b790239c33e4d93bde2b403bfee753ca717e9c22621ff47a003d02e60,2cea2e5b790239c33e4d93bde2b403bfee753ca717e9c22621ff47a003d02e60,1,identity,8,21,False,anti_transpose
8a53a0e8f633a0f8b4a649a285afaa2ef9b2e8d74606cf37153bc2e8c374c412,8a53a0e8f633a0f8b4a649a285afaa2ef9b2e8d74606cf37153bc2e8c374c412,0,identity,8,22,False,anti_transpose
a9e0d492cdedf79eb3c8c6b6e60751225d9abf207405174b890512a1ddc507f9,a9e0d492cdedf79eb3c8c6b6e60751225d9abf207405174b890512a1ddc507f9,1,identity,8,22,False,anti_transpose
41985c0ca9509012b9a61a26ea1cc9b71e9e51b0d3e8ebc8b32ccc774fa5b8e5,41985c0ca9509012b9a61a26ea1cc9b71e9e51b0d3e8ebc8b32ccc774fa5b8e5,0,identity,8,23,False,anti_transpose
afb9d4d548483de205ddf8069e07fc4c00cbd8bb25bd3c5b9236badda9f49a2b,afb9d4d548483de205ddf8069e07fc4c00cbd8bb25bd3c5b9236badda9f49a2b,1,identity,8,23,False,anti_transpose
feed37027e1f0e18268393d5e6cf28200f08adab5eefd903f9b525f0f4bdd525,feed37027e1f0e18268393d5e6cf28200f08adab5eefd903f9b525f0f4bdd525,0,identity,8,24,False,anti_transpose
5e145257fbf33a7b08d0ce87ff50c1a632a96800d55684ef7f028ee01f9690c7,5e145257fbf33a7b08d0ce87ff50c1a632a96800d55684ef7f028ee01f9690c7,1,identity,8,24,False,anti_transpose
5664e184fa02ca8e73312153f6652cb3ba1b0cf794074ab9a5f8785e9c8bce6f,5664e184fa02ca8e73312153f6652cb3ba1b0cf794074ab9a5f8785e9c8bce6f,0,identity,8,25,False,anti_transpose
7e37608b9faddf7a35ed06cc656b6157a235313c7a60e0d2d9674148bad26875,7e37608b9faddf7a35ed06cc656b6157a235313c7a60e0d2d9674148bad26875,1,identity,8,25,False,anti_transpose
07897b929277cb6b1d1825e4d6cacf18f3295e94ebcd755e6bdd947112d6259c,07897b929277cb6b1d1825e4d6cacf18f3295e94ebcd755e6bdd947112d6259c,0,identity,8,26,False,anti_transpose
f00bc839dd6c8fbdefc1e4c8325bac1b1cec8322bce4cfb90e50a644d5f73b8e,f00bc839dd6c8fbdefc1e4c8325bac1b1cec8322bce4cfb90e50a644d5f73b8e,1,identity,8,26,False,anti_transpose
aaaea58684269d8a3cf0eaa73252036edebe41c1694bd9a2541b1a6ce4eb0dea,aaaea58684269d8a3cf0eaa73252036edebe41c1694bd9a2541b1a6ce4eb0dea,0,identity,8,27,False,anti_transpose
8185e6633b85eb683d859c0dd58cf8112f574ce2d43de301f0d6b1521d056869,8185e6633b85eb683d859c0dd58cf8112f574ce2d43de301f0d6b1521d056869,1,identity,8,27,False,anti_transpose
8f5095abd1616ed68565b6ff8b2df82c56d2df0ca974ace7affc04916eb2d115,8f5095abd1616ed68565b6ff8b2df82c56d2df0ca974ace7affc04916eb2d115,0,identity,8,28,False,anti_transpose
b1f7a9bc2bd2e1f1c6420fb3acd7b0de4ba90c97332b4128bfe0861ea4ff4fd0,b1f7a9bc2bd2e1f1c6420fb3acd7b0de4ba90c97332b4128bfe0861ea4ff4fd0,1,identity,8,28,False,anti_transpose
69f9665b68c2c591312bef6f55d1fca2286348e48ccfbf6746d577f74face6f4,69f9665b68c2c591312bef6f55d1fca2286348e48ccfbf6746d577f74face6f4,0,identity,8,29,False,anti_transpose
209df8a993e05b2fe2b5f055ae048290da7adcf08fdc0bbc8ef09e9be532068f,209df8a993e05b2fe2b5f055ae048290da7adcf08fdc0bbc8ef09e9be532068f,1,identity,8,29,False,anti_transpose
39080e61317d2bb153dc2d2608b9839286db9c8f7c0709cd8fd2fe31d1c7450a,39080e61317d2bb153dc2d2608b9839286db9c8f7c0709cd8fd2fe31d1c7450a,0,identity,8,30,False,anti_transpose
24dbd5f01173d6b312f31957995f583e1621db7849c0e4471e85292ef2dce3e0,24dbd5f01173d6b312f31957995f583e1621db7849c0e4471e85292ef2dce3e0,1,identity,8,30,False,anti_transpose
04c01f77d1783195f41e560819c3201eb238888b5670fb9390972cd1a42a1905,04c01f77d1783195f41e560819c3201eb238888b5670fb9390972cd1a42a1905,0,identity,8,31,False,anti_transpose
fff5e0e69b92efe2a27e59fc1a82ccbf7d3184c3b9f17e4b746ccbaf709175ca,fff5e0e69b92efe2a27e59fc1a82ccbf7d3184c3b9f17e4b746ccbaf709175ca,1,identity,8,31,False,anti_transpose
e9fb1735c6689e3425ef035705da25115d12218fc5738718fc0e51521d4bf076,e9fb1735c6689e3425ef035705da25115d12218fc5738718fc0e51521d4bf076,0,identity,8,32,False,anti_transpose
e59ed103a3f4a2b34f9d0466fd6cd7a38720d0ce5975af3e985134edee88d0dd,e59ed103a3f4a2b34f9d0466fd6cd7a38720d0ce5975af3e985134edee88d0dd,1,identity,8,32,False,anti_transpose
d321574c9990da5ad2f81147c7d1df7027548ccc6cd3c476bcf189c599b6c092,d321574c9990da5ad2f81147c7d1df7027548ccc6cd3c476bcf189c599b6c092,0,identity,8,33,False,anti_transpose
94ba0d23767c532bc3d757cd555d1a0581a3b9f1d5da27c94faa0bbcdbb92c63,94ba0d23767c532bc3d757cd555d1a0581a3b9f1d5da27c94faa0bbcdbb92c63,1,identity,8,33,False,anti_transpose
6a1ff70a31321e3e9e1609bc9b9092888eaeb9045871471cdb4ad4f82547591d,6a1ff70a31321e3e9e1609bc9b9092888eaeb9045871471cdb4ad4f82547591d,0,identity,8,34,False,anti_transpose
19c033f96030586e3803ccbfdde6005cb1579afff13d5e74045ef9ef71e0789d,19c033f96030586e3803ccbfdde6005cb1579afff13d5e74045ef9ef71e0789d,1,identity,8,34,False,anti_transpose
df7c20b9e8b95fdd3a95c00a01663daa396b2c711dc7a9fb460b09e05c1e7c00,df7c20b9e8b95fdd3a95c00a01663daa396b2c711dc7a9fb460b09e05c1e7c00,0,identity,8,35,False,anti_transpose
d7924137092d2c5c13f7cd8d6946d4ffd0a07c8219d2600430a9a99f8249d982,d7924137092d2c5c13f7cd8d6946d4ffd0a07c8219d2600430a9a99f8249d982,1,identity,8,35,False,anti_transpose
0a90d37a916e23aad0a2e593b727d0b1fda67a509d89e3081441cc457bf4b6eb,0a90d37a916e23aad0a2e593b727d0b1fda67a509d89e3081441cc457bf4b6eb,0,flip_ud,8,0,False,anti_transpose
57a9d946386a94adc52a2b3e77dd611172b9aa1188e8bd02a6d25f4810fdbf24,57a9d946386a94adc52a2b3e77dd611172b9aa1188e8bd02a6d25f4810fdbf24,1,flip_ud,8,0,False,anti_transpose
3673104dae05e698b0b55fb9158689936f4f92cd7fa35a8dfa4fe84b6424632a,3673104dae05e698b0b55fb9158689936f4f92cd7fa35a8dfa4fe84b6424632a,0,flip_ud,8,1,False,anti_transpose
b824050621d52135c04b2ebfaaf1af1d5e9471e52de4355cff3e5c3e4bbb9b62,b824050621d52135c04b2ebfaaf1af1d5e9471e52de4355cff3e5c3e4bbb9b62,1,flip_ud,8,1,False,anti_transpose
b9923d4632a372fa90914d5ff095b4bc289ffc233cef4a7b007ad988684cde75,b9923d4632a372fa90914d5ff095b4bc289ffc233cef4a7b007ad988684cde75,0,flip_ud,8,2,False,anti_transpose
3c4d8721b727cb656804418dacfce5ddd7a1d23e66085abdd3df71770662e898,3c4d8721b727cb656804418dacfce5ddd7a1d23e66085abdd3df71770662e898,1,flip_ud,8,2,False,anti_transpose
a91f9087e715026113abf9576d89b8e22df787bf6cfb53896b5d84809e76ca40,a91f9087e715026113abf9576d89b8e22df787bf6cfb53896b5d84809e76ca40,0,flip_ud,8,3,False,anti_transpose
870872e4d12a4ca2666e8f8c2b49d753ea67e51ff03335de80fc1842be3f0b5c,870872e4d12a4ca2666e8f8c2b49d753ea67e51ff03335de80fc1842be3f0b5c,1,flip_ud,8,3,False,anti_transpose
ef878fbba1ebd88cda06062de3630bd4e8c30a74e4397e134b22bdf0d8af36e7,ef878fbba1ebd88cda06062de3630bd4e8c30a74e4397e134b22bdf0d8af36e7,0,flip_ud,8,4,False,anti_transpose
7fe78d76266ea275c701bbb4463dd0aa966e0a1129af96625cf7d3f1a694140b,7fe78d76266ea275c701bbb4463dd0aa966e0a1129af96625cf7d3f1a694140b,1,flip_ud,8,4,False,anti_transpose
e0ac27b47d1b68920d4242942073573f7227b23e720c086abe67f2c1f8b4515c,e0ac27b47d1b68920d4242942073573f7227b23e720c086abe67f2c1f8b4515c,0,flip_ud,8,5,False,anti_transpose
18dbd3d4456ea95459fca32f723609c4abd1a2f2c8c73b71d87d74987b428376,18dbd3d4456ea95459fca32f723609c4abd1a2f2c8c73b71d87d74987b428376,1,flip_ud,8,5,False,anti_transpose
9c1d7ed9e3bd216414644465450c687bccb3b42f0f8d1de11a2a487f7b6fedc2,9c1d7ed9e3bd216414644465450c687bccb3b42f0f8d1de11a2a487f7b6fedc2,0,flip_ud,8,6,False,anti_transpose
c81a8f7f60549f9e3dc190056e4e3b89d9484a012b1abfffb50597c0b68cedad,c81a8f7f60549f9e3dc190056e4e3b89d9484a012b1abfffb50597c0b68cedad,1,flip_ud,8,6,False,anti_transpose
1b05ae02c9aaa8195a64f5f5460fd71f56e87808c7b424be55e6782eaca86851,1b05ae02c9aaa8195a64f5f5460fd71f56e87808c7b424be55e6782eaca86851,0,flip_ud,8,7,False,anti_transpose
71802e83612214fac7733d3bd5b79da7d70643f822a8f51a72a5805eb6431fc4,71802e83612214fac7733d3bd5b79da7d70643f822a8f51a72a5805eb6431fc4,1,flip_ud,8,7,False,anti_transpose
e69edc8cb20676f1ccc95382506c6335a9828a5dd88b1fad74451220e1fb7631,e69edc8cb20676f1ccc95382506c6335a9828a5dd88b1fad74451220e1fb7631,0,flip_ud,8,8,False,anti_transpose
3a65b4b12e5aab833d45215232078690df515e21736c55ff52b1c48cec1cb921,3a65b4b12e5aab833d45215232078690df515e21736c55ff52b1c48cec1cb921,1,flip_ud,8,8,False,anti_transpose
ad5ae2cb6c1e410795ae6eb2421d47d9be6d6ac6d8485a9c7f0c413bee490216,ad5ae2cb6c1e410795ae6eb2421d47d9be6d6ac6d8485a9c7f0c413bee490216,0,flip_ud,8,9,False,anti_transpose
3c105f20c608223df006718d0bf10e525e945afa76257bf3fde1e49f494e0e26,3c105f20c608223df006718d0bf10e525e945afa76257bf3fde1e49f494e0e26,1,flip_ud,8,9,False,anti_transpose
17c8dded2ee5c69c1ec984ebb20cccf15574ba056fd4a7f83b83a4323bcb8092,17c8dded2ee5c69c1ec984ebb20cccf15574ba056fd4a7f83b83a4323bcb8092,0,flip_ud,8,10,False,anti_transpose
0ae3698be22dbda2b986ea8b4ed6097f58861676eb467e0058bee3128ed2778e,0ae3698be22dbda2b986ea8b4ed6097f58861676eb467e0058bee3128ed2778e,1,flip_ud,8,10,False,anti_transpose
7cd0766081b92022c984c0900c5c0a2a6a0c5575a9f679e6ac57e6f3e4c5db3b,7cd0766081b92022c984c0900c5c0a2a6a0c5575a9f679e6ac57e6f3e4c5db3b,0,flip_ud,8,11,False,anti_transpose
bcfb81e1de592d9be5ec6bd7d038748d9045d105670c6592c6c6422a7e6beccc,bcfb81e1de592d9be5ec6bd7d038748d9045d105670c6592c6c6422a7e6beccc,1,flip_ud,8,11,False,anti_transpose
ca86f891964c2aa72f8f5f411463542c3930d80c5a915bff6d74cbc416c81fd8,ca86f891964c2aa72f8f5f411463542c3930d80c5a915bff6d74cbc416c81fd8,0,flip_ud,8,12,False,anti_transpose
02e64f4c7bd391c457089597fe8a83ffe3367d64a26f1614f875a68d59391e08,02e64f4c7bd391c457089597fe8a83ffe3367d64a26f1614f875a68d59391e08,1,flip_ud,8,12,False,anti_transpose
8a1e2e6b9401115e962ae0ae35c43046e91e1173542cc469b8955690e352a7f8,8a1e2e6b9401115e962ae0ae35c43046e91e1173542cc469b8955690e352a7f8,0,flip_ud,8,13,False,anti_transpose
0c5a0aead8a1a9d9b31c58b1ec86a0d6e1b57128027d6169cc613761558c0fb1,0c5a0aead8a1a9d9b31c58b1ec86a0d6e1b57128027d6169cc613761558c0fb1,1,flip_ud,8,13,False,anti_transpose
c5f054587e67e3a2879358c06c496f78299dc685ae65743bfb6b369c12df041b,c5f054587e67e3a2879358c06c496f78299dc685ae65743bfb6b369c12df041b,0,flip_ud,8,14,False,anti_transpose
47b89b0e63d3c1ab7d80cebec5ede3843d3fb59871baa3c50e0fb395938520d3,47b89b0e63d3c1ab7d80cebec5ede3843d3fb59871baa3c50e0fb395938520d3,1,flip_ud,8,14,False,anti_transpose
68aae1b8b2b80ae472a2ab25cb9bdb9552aeef6aad021532018a32b08c62b14d,68aae1b8b2b80ae472a2ab25cb9bdb9552aeef6aad021532018a32b08c62b14d,0,flip_ud,8,15,False,anti_transpose
872a1a2d49df8054a4d1f9a58eccae37173d951e1dbf57b2ce7db9b177ea4cbd,872a1a2d49df8054a4d1f9a58eccae37173d951e1dbf57b2ce7db9b177ea4cbd,1,flip_ud,8,15,False,anti_transpose
aabd526f0d24784d2e43b15a6543fc5008bfd34c6ca629c0ce8fbf1078a788d2,aabd526f0d24784d2e43b15a6543fc5008bfd34c6ca629c0ce8fbf1078a788d2,0,flip_ud,8,16,False,anti_transpose
470c1ec580fd91316a927d390a461b5c6d0bf5ac1ebbd06617165dfeb27ee053,470c1ec580fd91316a927d390a461b5c6d0bf5ac1ebbd06617165dfeb27ee053,1,flip_ud,8,16,False,anti_transpose
a304d2f94d2360c20111041f179b2ff245e0ae1cdf2a0f919a39cd2578ce7b89,a304d2f94d2360c20111041f179b2ff245e0ae1cdf2a0f919a39cd2578ce7b89,0,flip_ud,8,17,False,anti_transpose
e55445d0712a404234f23871eff7ae4804eba2cce4151e2806da5217540b49bd,e55445d0712a404234f23871eff7ae4804eba2cce4151e2806da5217540b49bd,1,flip_ud,8,17,False,anti_transpose
c3d5b685af06fdcbc490e8cd60e6d24c99a2770dd1839fd2fa2963258cb0830b,c3d5b685af06fdcbc490e8cd60e6d24c99a2770dd1839fd2fa2963258cb0830b,0,flip_ud,8,18,False,anti_transpose
007fa9ca40817f1647f6db18dc16fdf91e92578021728b2e97b9a2c0ecbb9e61,007fa9ca40817f1647f6db18dc16fdf91e92578021728b2e97b9a2c0ecbb9e61,1,flip_ud,8,18,False,anti_transpose
d70200ad9ecf8b243b27fd0afc4b9be6fa475a7f714471eb24e7c0dee8c80ca2,d70200ad9ecf8b243b27fd0afc4b9be6fa475a7f714471eb24e7c0dee8c80ca2,0,flip_ud,8,19,False,anti_transpose
309810c62faef61da7233ce9c642e4d66b9e1105636a69eed2c7d105eb3f5239,309810c62faef61da7233ce9c642e4d66b9e1105636a69eed2c7d105eb3f5239,1,flip_ud,8,19,False,anti_transpose
3cbdfb80d1294e5f602d9dfbcfb9edc9b0f139e5555e55eaf20197018071ee21,3cbdfb80d1294e5f602d9dfbcfb9edc9b0f139e5555e55eaf20197018071ee21,0,flip_ud,8,20,False,anti_transpose
85c2141b883078183ce25685c8cbb04f39cf0b85a6e2cb91cfe5a5c4616e6c43,85c2141b883078183ce25685c8cbb04f39cf0b85a6e2cb91cfe5a5c4616e6c43,1,flip_ud,8,20,False,anti_transpose
a77c67c751d5a50adaf33f0394d85f581108054c12c81b2a4d50a430425c32f8,a77c67c751d5a50adaf33f0394d85f581108054c12c81b2a4d50a430425c32f8,0,flip_ud,8,21,False,anti_transpose
4dd8b546fe29f20f71a6c6e879573d2b319cbf882b72db8cee53ddc4ba10a640,4dd8b546fe29f20f71a6c6e879573d2b319cbf882b72db8cee53ddc4ba10a640,1,flip_ud,8,21,False,anti_transpose
8dd4a6094e0e6392ea48fbee051c86854550c3a72a21f15183d3ed98deb06d6c,8dd4a6094e0e6392ea48fbee051c86854550c3a72a21f15183d3ed98deb06d6c,0,flip_ud,8,22,False,anti_transpose
46233c8702a8b32f54e3369c2c2f94f38aae8d65ab3e879efb0069f41e87ff7d,46233c8702a8b32f54e3369c2c2f94f38aae8d65ab3e879efb0069f41e87ff7d,1,flip_ud,8,22,False,anti_transpose
30fbbe571a54cd6b18f3c28e3577b7229907176f5821af8d463db0515cedd8b1,30fbbe571a54cd6b18f3c28e3577b7229907176f5821af8d463db0515cedd8b1,0,flip_ud,8,23,False,anti_transpose
2cb419bde570dea5a2e26b906645fe7a0597624c7b24a0844111843479ae61f3,2cb419bde570dea5a2e26b906645fe7a0597624c7b24a0844111843479ae61f3,1,flip_ud,8,23,False,anti_transpose
f52b400dce9d5547470dbae607a440f917064494b7e7d7988b895f3845b2282a,f52b400dce9d5547470dbae607a440f917064494b7e7d7988b895f3845b2282a,0,flip_ud,8,24,False,anti_transpose
00356d056d1e01ae0e0f16538712f1aa664b844e039966791d944598591dd716,00356d056d1e01ae0e0f16538712f1aa664b844e039966791d944598591dd716,1,flip_ud,8,24,False,anti_transpose
6ef3e7ace32490e9a60051f663ae24d0e670ad8cd4c38957e4d2e162b270cca5,6ef3e7ace32490e9a60051f663ae24d0e670ad8cd4c38957e4d2e162b270cca5,0,flip_ud,8,25,False,anti_transpose
e2bdea66ca74b4485e92511bc97c073baeef6c0a12054a2732658c800545623a,e2bdea66ca74b4485e92511bc97c073baeef6c0a12054a2732658c800545623a,1,flip_ud,8,25,False,anti_transpose
73a241116a2f660485fe97260ca6289b4b155b134165d75b2ff01350e82f8c1f,73a241116a2f660485fe97260ca6289b4b155b134165d75b2ff01350e82f8c1f,0,flip_ud,8,26,False,anti_transpose
ab03f43dcf1bff1dabff171e52d4372c16ebda98ec38b0209a33efb4d68df4e9,ab03f43dcf1bff1dabff171e52d4372c16ebda98ec38b0209a33efb4d68df4e9,1,flip_ud,8,26,False,anti_transpose
3a68dc617b388143dcd9a4b23858a904c4c7b0ef9c07b09dcbde833e040ed91e,3a68dc617b388143dcd9a4b23858a904c4c7b0ef9c07b09dcbde833e040ed91e,0,flip_ud,8,27,False,anti_transpose
5ba7a5474cbe01b03aed81dde3cfc48a3ab765dcec977c85a814575b97cba331,5ba7a5474cbe01b03aed81dde3cfc48a3ab765dcec977c85a814575b97cba331,1,flip_ud,8,27,False,anti_transpose
bc2891c7e4306b5806e912c5b77a427a151e11df3a92be8d8573f9454023aae4,bc2891c7e4306b5806e912c5b77a427a151e11df3a92be8d8573f9454023aae4,0,flip_ud,8,28,False,anti_transpose
0f38fba0840b1c0f508d1f276e43b42dbce3b906d1371cd7ba2718fa2bb011c2,0f38fba0840b1c0f508d1f276e43b42dbce3b906d1371cd7ba2718fa2bb011c2,1,flip_ud,8,28,False,anti_transpose
dd184034b5aee2f3cb8cec9411dc1d2400473e0cd084f8f2f5df4c17e412cb8c,dd184034b5aee2f3cb8cec9411dc1d2400473e0cd084f8f2f5df4c17e412cb8c,0,flip_ud,8,29,False,anti_transpose
5fe2a8eab7ac99dd3529d4f5ad8e61d5aab89236cfedd9389478d3181db1ca19,5fe2a8eab7ac99dd3529d4f5ad8e61d5aab89236cfedd9389478d3181db1ca19,1,flip_ud,8,29,False,anti_transpose
43d87c4ebeae122bd6533d2a0651cabd4e160a4eb0f476ff8a849066b830d632,43d87c4ebeae122bd6533d2a0651cabd4e160a4eb0f476ff8a849066b830d632,0,flip_ud,8,30,False,anti_transpose
5161cfa885ac8ad45070cfcddd69fee6be897119f2a4fdb8ff018fe25f6c75ec,5161cfa885ac8ad45070cfcddd69fee6be897119f2a4fdb8ff018fe25f6c75ec,1,flip_ud,8,30,False,anti_transpose
7438cb012f2e7bd8ecaf89e897cd461fd95c55d3803e62b0d7f584adef5fefeb,7438cb012f2e7bd8ecaf89e897cd461fd95c55d3803e62b0d7f584adef5fefeb,0,flip_ud,8,31,False,anti_transpose
04ac21b31e29f4bcd6ced314e86967e5e0f85c6acfef0c2cc74786b484366520,04ac21b31e29f4bcd6ced314e86967e5e0f85c6acfef0c2cc74786b484366520,1,flip_ud,8,31,False,anti_transpose
cc8635da71e10ff757b1e620631a44e360941c0ed9a40419db0c795fdc17863c,cc8635da71e10ff757b1e620631a44e360941c0ed9a40419db0c795fdc17863c,0,flip_ud,8,32,False,anti_transpose
62e20df8126fab99237cfb0603e0f0d806758daa00133db099327163e61db402,62e20df8126fab99237cfb0603e0f0d806758daa00133db099327163e61db402,1,flip_ud,8,32,False,anti_transpose
08e4c9b62724055589859f6fbaa6ec6fd7266769e1281c7819691b4ea858408b,08e4c9b62724055589859f6fbaa6ec6fd7266769e1281c7819691b4ea858408b,0,flip_ud,8,33,False,anti_transpose
ab75037b19ee269640d916d13c5b1ef9327f04dccd776a3c6231ce4bbaf37772,ab75037b19ee269640d916d13c5b1ef9327f04dccd776a3c6231ce4bbaf37772,1,flip_ud,8,33,False,anti_transpose
2c9660c8e3b94ed40f0f34c191647467c2534a583747c14eed992ace8d183593,2c9660c8e3b94ed40f0f34c191647467c2534a583747c14eed992ace8d183593,0,flip_ud,8,34,False,anti_transpose
954765b3d71a05b328f4248237d047e8a2c8d027e28ff0a215f88f317f190b02,954765b3d71a05b328f4248237d047e8a2c8d027e28ff0a215f88f317f190b02,1,flip_ud,8,34,False,anti_transpose
2fcc85279764ca2109e1dcc7af05dbe8569e876b785070c7ac8a68da461e9320,2fcc85279764ca2109e1dcc7af05dbe8569e876b785070c7ac8a68da461e9320,0,flip_ud,8,35,False,anti_transpose
2fdc7a50d65ef117723accc928a3f3731bbbddc9563bb97792c46e968258b29c,2fdc7a50d65ef117723accc928a3f3731bbbddc9563bb97792c46e968258b29c,1,flip_ud,8,35,False,anti_transpose
0efd0421c500d902bf9c483f5e70cb3abdef9386ac8615468b5a27ac097fbd01,0efd0421c500d902bf9c483f5e70cb3abdef9386ac8615468b5a27ac097fbd01,0,transpose,8,0,False,anti_transpose
0e5d949f302266b57d0829285ca4ab4ccf5069cd5cc04b9a6bd6ae78b0c1d68c,0e5d949f302266b57d0829285ca4ab4ccf5069cd5cc04b9a6bd6ae78b0c1d68c,1,transpose,8,0,False,anti_transpose
238d3c87d58795a8784ca0f6d7368ab9ba71fbc30a7c635d566d86d508e2ff87,238d3c87d58795a8784ca0f6d7368ab9ba71fbc30a7c635d566d86d508e2ff87,0,transpose,8,1,False,anti_transpose
6ab81865dadf38198adeaf35da59da836ee271052d0d082be791a142fa6e1447,6ab81865dadf38198adeaf35da59da836ee271052d0d082be791a142fa6e1447,1,transpose,8,1,False,anti_transpose
cb358b55b5ad0ae0fbda1ed8a10ac5302c57a735b82d4e37aab4541cf0e3ae74,cb358b55b5ad0ae0fbda1ed8a10ac5302c57a735b82d4e37aab4541cf0e3ae74,0,transpose,8,2,False,anti_transpose
357dfe90b98bc5447207c26b7be2e4c5d24cf6b33be7a2efdfdd107d683bd256,357dfe90b98bc5447207c26b7be2e4c5d24cf6b33be7a2efdfdd107d683bd256,1,transpose,8,2,False,anti_transpose
0d327963fba31a8abb3e12969d4f84d3a31b3b9b2ca2176e4734c1cc6b5b155e,0d327963fba31a8abb3e12969d4f84d3a31b3b9b2ca2176e4734c1cc6b5b155e,0,transpose,8,3,False,anti_transpose
f34453a606b22cf11d673de392abf14685b3931c4f6795a7957ec180f7261895,f34453a606b22cf11d673de392abf14685b3931c4f6795a7957ec180f7261895,1,transpose,8,3,False,anti_transpose
a1740d8d225308fe0173d3ac53f10adec306f19cc72b93ee6c514ab7a862b61c,a1740d8d225308fe0173d3ac53f10adec306f19cc72b93ee6c514ab7a862b61c,0,transpose,8,4,False,anti_transpose
a29b5c39e160ee6ea2f7a57788c72574710fceac65e2d22bc3c9302165a496cd,a29b5c39e160ee6ea2f7a57788c72574710fceac65e2d22bc3c9302165a496cd,1,transpose,8,4,False,anti_transpose
d16df94c1e9e8bb1bb6a148fc2dca66020fef6b58674eeefa63032f59de7c749,d16df94c1e9e8bb1bb6a148fc2dca66020fef6b58674eeefa63032f59de7c749,0,transpose,8,5,False,anti_transpose
5b8078584161d8606ad27854a790c8101aaa18e685a89dca33ba70c5ac485186,5b8078584161d8606ad27854a790c8101aaa18e685a89dca33ba70c5ac485186,1,transpose,8,5,False,anti_transpose
1fd5ebe30d8ac02957d2013310b34041d357875b7749bced79ef66a8d03b6a81,1fd5ebe30d8ac02957d2013310b34041d357875b7749bced79ef66a8d03b6a81,0,transpose,8,6,False,anti_transpose
3994d36ff03650f252b297dd8e6b8f1bdd31a4789962c895012edca9989499a5,3994d36ff03650f252b297dd8e6b8f1bdd31a4789962c895012edca9989499a5,1,transpose,8,6,False,anti_transpose
7fa238bee58839126f006ef45c81fe5ed82e4332a08178813f4f11ae49cdad7b,7fa238bee58839126f006ef45c81fe5ed82e4332a08178813f4f11ae49cdad7b,0,transpose,8,7,False,anti_transpose
1957e2dba9ee1d14d87a1edfc1d01af3ddede2414999ee53ea763145c954bbcc,1957e2dba9ee1d14d87a1edfc1d01af3ddede2414999ee53ea763145c954bbcc,1,transpose,8,7,False,anti_transpose
3e939d5ed75ed52d7ec9aafb4ab76029aee4437e8c3713d6aae631e744876d52,3e939d5ed75ed52d7ec9aafb4ab76029aee4437e8c3713d6aae631e744876d52,0,transpose,8,8,False,anti_transpose
92703541f90226fbcf4c7557081710f45e24dcaf558fbc1df51ef60d9955fe1e,92703541f90226fbcf4c7557081710f45e24dcaf558fbc1df51ef60d9955fe1e,1,transpose,8,8,False,anti_transpose
d76835bbf1179fe4649319874f6b44d87fb5efab0ccceb41e4399759c72b9898,d76835bbf1179fe4649319874f6b44d87fb5efab0ccceb41e4399759c72b9898,0,transpose,8,9,False,anti_transpose
384310687377edc0c66d1b0aab3e3a6b230365b2e31d0633d24cdb79015f82fa,384310687377edc0c66d1b0aab3e3a6b230365b2e31d0633d24cdb79015f82fa,1,transpose,8,9,False,anti_transpose
e844c06a40f70728936e6489efb346c1ad87350ebd25aead45a0aab041805c8d,e844c06a40f70728936e6489efb346c1ad87350ebd25aead45a0aab041805c8d,0,transpose,8,10,False,anti_transpose
b0c7ad84a58e4f684e749c7c85f44b95034c517fd6b9743968d8a56c763ee746,b0c7ad84a58e4f684e749c7c85f44b95034c517fd6b9743968d8a56c763ee746,1,transpose,8,10,False,anti_transpose
5f876e1b04e6475913760a3de36f842b723b94d2f95b56b5dff7cfc189a2f840,5f876e1b04e6475913760a3de36f842b723b94d2f95b56b5dff7cfc189a2f840,0,transpose,8,11,False,anti_transpose
f4bc5a702028a207498e839723356c3420775b2bbcad925bf5618067fa428499,f4bc5a702028a207498e839723356c3420775b2bbcad925bf5618067fa428499,1,transpose,8,11,False,anti_transpose
2bd27cc2cd25275f12cd016107f22e124f456def831454ed16112755ecd6dfd5,2bd27cc2cd25275f12cd016107f22e124f456def831454ed16112755ecd6dfd5,0,transpose,8,12,False,anti_transpose
1c507a0bf0f219298d024cb937df76d71659508c78f5dd05db9ed684fe5fb3c0,1c507a0bf0f219298d024cb937df76d71659508c78f5dd05db9ed684fe5fb3c0,1,transpose,8,12,False,anti_transpose
dfbceae8b9ded4e1bd8f0a8527365ab314aac0d4edeb96a6b75281a08f5e25af,dfbceae8b9ded4e1bd8f0a8527365ab314aac0d4edeb96a6b75281a08f5e25af,0,transpose,8,13,False,anti_transpose
826a02d9b9408a81213144f60ca790a168ce4332fd661dacc0f6eb1814a7b9c1,826a02d9b9408a81213144f60ca790a168ce4332fd661dacc0f6eb1814a7b9c1,1,transpose,8,13,False,anti_transpose
a0a696ccdccb8f0bd080e89232f5f8d6dac5384828d2e052539b522ece82deb9,a0a696ccdccb8f0bd080e89232f5f8d6dac5384828d2e052539b522ece82deb9,0,transpose,8,14,False,anti_transpose
d1defa88dc963af3877b033f5bb3bf16646eecc35dd9b95b560f8223d98d84e1,d1defa88dc963af3877b033f5bb3bf16646eecc35dd9b95b560f8223d98d84e1,1,transpose,8,14,False,anti_transpose
6523dafec24c4aa4a4602d28a00c3acaeca687dcc7f9de45b148a1d0b27ea481,6523dafec24c4aa4a4602d28a00c3acaeca687dcc7f9de45b148a1d0b27ea481,0,transpose,8,15,False,anti_transpose
bae15022c4daad0ae53b1ea202f4a43859aafd2eac957265fe5a9700d75b859c,bae15022c4daad0ae53b1ea202f4a43859aafd2eac957265fe5a9700d75b859c,1,transpose,8,15,False,anti_transpose
b0a2a700985554f93561ba58cda054b5690e7bff67e3eb6674c329fca9ef9faf,b0a2a700985554f93561ba58cda054b5690e7bff67e3eb6674c329fca9ef9faf,0,transpose,8,16,False,anti_transpose
e5e5a0a47a96e8ef35befb19241472f3d813ad059f3956f644f1dbfecfbded49,e5e5a0a47a96e8ef35befb19241472f3d813ad059f3956f644f1dbfecfbded49,1,transpose,8,16,False,anti_transpose
002e7e1bba147a97f6046c055bb229a5f64770cb657b5df0c03621cc328fc3e4,002e7e1bba147a97f6046c055bb229a5f64770cb657b5df0c03621cc328fc3e4,0,transpose,8,17,False,anti_transpose
e4d5b8a5dd1165435760e5d4cb4bccc0d3867297f595dfba726b4906d9ecf830,e4d5b8a5dd1165435760e5d4cb4bccc0d3867297f595dfba726b4906d9ecf830,1,transpose,8,17,False,anti_transpose
0195c1762cccb7c22d5fa0afb14dc8ac1551c3d1dadc8b522a5319a97c9bb82f,0195c1762cccb7c22d5fa0afb14dc8ac1551c3d1dadc8b522a5319a97c9bb82f,0,transpose,8,18,False,anti_transpose
72788602ca2a68c0cc7066dbf1e2b043b2f29df2f90023139b4af4f409d99fb2,72788602ca2a68c0cc7066dbf1e2b043b2f29df2f90023139b4af4f409d99fb2,1,transpose,8,18,False,anti_transpose
023035db0829657728925740fca3ddffc91d4bc906a1caf648142e4b5d73452e,023035db0829657728925740fca3ddffc91d4bc906a1caf648142e4b5d73452e,0,transpose,8,19,False,anti_transpose
c2ce7677a0dcb826078761919e5292223b03c8693ecaa3ff001c4487d24c7f19,c2ce7677a0dcb826078761919e5292223b03c8693ecaa3ff001c4487d24c7f19,1,transpose,8,19,False,anti_transpose
2103eee5eff982aba5a9a7845cd1b431df77bb02df267a82841759a4407db602,2103eee5eff982aba5a9a7845cd1b431df77bb02df267a82841759a4407db602,0,transpose,8,20,False,anti_transpose
89a6161db6a57ae9f9264d5468622ccefa93982f766449e810d060ccc3afd8d0,89a6161db6a57ae9f9264d5468622ccefa93982f766449e810d060ccc3afd8d0,1,transpose,8,20,False,anti_transpose
22ec04b3b79956dc5a3e237a966afa5b93b8ee7e08b24203b01c6442163722d0,22ec04b3b79956dc5a3e237a966afa5b93b8ee7e08b24203b01c6442163722d0,0,transpose,8,21,False,anti_transpose
46ecda1eb52555d7c67374319629918afd55b85853f9d5ff1d9eebcf56b28465,46ecda1eb52555d7c67374319629918afd55b85853f9d5ff1d9eebcf56b28465,1,transpose,8,21,False,anti_transpose
f2ee5d12f0baaf7931a489b03d04c3da6138743a6b0a50f4a3000a7971cfffa7,f2ee5d12f0baaf7931a489b03d04c3da6138743a6b0a50f4a3000a7971cfffa7,0,transpose,8,22,False,anti_transpose
5766df24f860dac749220a9321816edc24d50e078afe75a37cfbc99dcf24f34e,5766df24f860dac749220a9321816edc24d50e078afe75a37cfbc99dcf24f34e,1,transpose,8,22,False,anti_transpose
08e2ad05ff8c892a87a80870a3e1fd0a8a240c044847da919002522914c588eb,08e2ad05ff8c892a87a80870a3e1fd0a8a240c044847da919002522914c588eb,0,transpose,8,23,False,anti_transpose
10558e62986495c6f46496ec7ae62bfc0699ed7ee25b03da5496d603d33f4ddf,10558e62986495c6f46496ec7ae62bfc0699ed7ee25b03da5496d603d33f4ddf,1,transpose,8,23,False,anti_transpose
7f12e7f428afc9179bafaa83c329042e82e43740c497222621440c8bd8befe29,7f12e7f428afc9179bafaa83c329042e82e43740c497222621440c8bd8befe29,0,transpose,8,24,False,anti_transpose
c6d727c8ae5ea58ed54fa30d7994b8c7fbae0cd1b594dc816c5d8e786dad4de9,c6d727c8ae5ea58ed54fa30d7994b8c7fbae0cd1b594dc816c5d8e786dad4de9,1,transpose,8,24,False,anti_transpose
cdfa1ab8f858ca479aa29566d2dc7808f221ad6a99216ca5944f441d981cad28,cdfa1ab8f858ca479aa29566d2dc7808f221ad6a99216ca5944f441d981cad28,0,transpose,8,25,False,anti_transpose
0e5676fb786db20c507d9710a52dd06e091613c6fb093aaed51147fe66bd420e,0e5676fb786db20c507d9710a52dd06e091613c6fb093aaed51147fe66bd420e,1,transpose,8,25,False,anti_transpose
f853dd4a9686441ffa9543b4131809ae645cfa5e58c8f6af09ce760cd0ee2e43,f853dd4a9686441ffa9543b4131809ae645cfa5e58c8f6af09ce760cd0ee2e43,0,transpose,8,26,False,anti_transpose
42c800b32547fec6977f3796eb0d0a22121983dc45dd493dfd65377312f9a037,42c800b32547fec6977f3796eb0d0a22121983dc45dd493dfd65377312f9a037,1,transpose,8,26,False,anti_transpose
8a2fb7ddcfa71b9750c9e53898212966ea776d15de41ef93fa77774671d30907,8a2fb7ddcfa71b9750c9e53898212966ea776d15de41ef93fa77774671d30907,0,transpose,8,27,False,anti_transpose
5b0817744b748bf3a1d1f988ff60096c85c1142561d61059f0dfdb4c57c45a61,5b0817744b748bf3a1d1f988ff60096c85c1142561d61059f0dfdb4c57c45a61,1,transpose,8,27,False,anti_transpose
17264d488089a7cc8e5f746a56583e3298d4b900d1dbe473be5704d2514db178,17264d488089a7cc8e5f746a56583e3298d4b900d1dbe473be5704d2514db178,0,transpose,8,28,False,anti_transpose
bb1227867a21065578907a84c393618fd7192dc82c778bd3e88d88b7d718ccfc,bb1227867a21065578907a84c393618fd7192dc82c778bd3e88d88b7d718ccfc,1,transpose,8,28,False,anti_transpose
b32053b2a59567686a72c0811c8d0bf4d6d06a505fbf504ca40eaccc07192be0,b32053b2a59567686a72c0811c8d0bf4d6d06a505fbf504ca40eaccc07192be0,0,transpose,8,29,False,anti_transpose
df623fc5b0cd560f238ddbaac55a2cf1d60db3969878a6e1d27c48a62f749a79,df623fc5b0cd560f238ddbaac55a2cf1d60db3969878a6e1d27c48a62f749a79,1,transpose,8,29,False,anti_transpose
85bb8162f747cb3a5154eaf5656f1566e5458045df56a2ae3d1f07f8cf30eb11,85bb8162f747cb3a5154eaf5656f1566e5458045df56a2ae3d1f07f8cf30eb11,0,transpose,8,30,False,anti_transpose
9ceabe84542d6a65bb24303d7a16dbb9739efc319cc8b9eef0dd2de3518115a0,9ceabe84542d6a65bb24303d7a16dbb9739efc319cc8b9eef0dd2de3518115a0,1,transpose,8,30,False,anti_transpose
064c9cf750d508a20a55bad70d7b495518b783c1d27ca781071b8020282dfd0f,064c9cf750d508a20a55bad70d7b495518b783c1d27ca781071b8020282dfd0f,0,transpose,8,31,False,anti_transpose
d028efc65d62310746bc602abb40f867e7d2d16042fd7f6a8ea355ace2d70dec,d028efc65d62310746bc602abb40f867e7d2d16042fd7f6a8ea355ace2d70dec,1,transpose,8,31,False,anti_transpose
e35a191e76b96e7fe294cf7cf18efd3251f327e8500b98e7509fbab04f676c53,e35a191e76b96e7fe294cf7cf18efd3251f327e8500b98e7509fbab04f676c53,0,transpose,8,32,False,anti_transpose
13c4c4e1a7342c5bcbac5cb0a36fe024c96774f26399aed825d4c06c861c693c,13c4c4e1a7342c5bcbac5cb0a36fe024c96774f26399aed825d4c06c861c693c,1,transpose,8,32,False,anti_transpose
a5a5e6a1d7bbcca53483dad1da7663d73ed6a80a31beffdcfa66fd8aead5951d,a5a5e6a1d7bbcca53483dad1da7663d73ed6a80a31beffdcfa66fd8aead5951d,0,transpose,8,33,False,anti_transpose
96195a3e74975558aa6f9318ddc3e4817ad5c74cf061c62a5c328bbc4a0e7e84,96195a3e74975558aa6f9318ddc3e4817ad5c74cf061c62a5c328bbc4a0e7e84,1,transpose,8,33,False,anti_transpose
150b550f708be76bb02c1721da414e91d54c0957df74658b58d40d46339971e9,150b550f708be76bb02c1721da414e91d54c0957df74658b58d40d46339971e9,0,transpose,8,34,False,anti_transpose
aa07196d4f66a4364eef30b3479675b60152fa6c07cb2c9aa66c934a87e29056,aa07196d4f66a4364eef30b3479675b60152fa6c07cb2c9aa66c934a87e29056,1,transpose,8,34,False,anti_transpose
5cf93d8d8194fc8b24ecd61be79b14e27e021995251aff07b479c603d44afe1d,5cf93d8d8194fc8b24ecd61be79b14e27e021995251aff07b479c603d44afe1d,0,transpose,8,35,False,anti_transpose
0eca3f4a10098632d73db520022ffea169407719d197a05387a8783eb7d21c58,0eca3f4a10098632d73db520022ffea169407719d197a05387a8783eb7d21c58,1,transpose,8,35,False,anti_transpose
9a99d0bd764730a3ecee2429b1ccff7a97d91647f7a9eefecc4fbd9bb59e7796,9a99d0bd764730a3ecee2429b1ccff7a97d91647f7a9eefecc4fbd9bb59e7796,0,identity,32,0,False,anti_transpose
1d56552724236aaf2ddc3f5bbbe7ae4514c76b2bb204f98e8413d41da2b9ab17,1d56552724236aaf2ddc3f5bbbe7ae4514c76b2bb204f98e8413d41da2b9ab17,1,identity,32,0,False,anti_transpose
89d697c1ecafb7e51eafe9f7df68083f0dca6005ec2392b020966e4d775a7565,89d697c1ecafb7e51eafe9f7df68083f0dca6005ec2392b020966e4d775a7565,0,identity,32,1,False,anti_transpose
7fa14c380fe2887e9ba1d87842717ed9ddb094f1f212da2040c5dcc350dc9e02,7fa14c380fe2887e9ba1d87842717ed9ddb094f1f212da2040c5dcc350dc9e02,1,identity,32,1,False,anti_transpose
434de0be1f056b32d2504a3711826ba147d973b9edc82c52acde77f19700b7ae,434de0be1f056b32d2504a3711826ba147d973b9edc82c52acde77f19700b7ae,0,identity,32,2,False,anti_transpose
23c20bceb39078ef402776f804c2ac337e59953550cafffc748f80af2b8a3670,23c20bceb39078ef402776f804c2ac337e59953550cafffc748f80af2b8a3670,1,identity,32,2,False,anti_transpose
3ce7afd305486392e1c17960fca193ea9d5ddff6a0c2c6c6cbb22d2d7189a19b,3ce7afd305486392e1c17960fca193ea9d5ddff6a0c2c6c6cbb22d2d7189a19b,0,identity,32,3,False,anti_transpose
f8e986d66914af750eeeb6fb6cb0cf14360a32d86048956108eda0fdd90f4fab,f8e986d66914af750eeeb6fb6cb0cf14360a32d86048956108eda0fdd90f4fab,1,identity,32,3,False,anti_transpose
ea8c5d24bf4fb1b96a1c398af3a1ed235efb1868e341b1ade2af4934223e226a,ea8c5d24bf4fb1b96a1c398af3a1ed235efb1868e341b1ade2af4934223e226a,0,identity,32,4,False,anti_transpose
ef82c7690a313270a1de5c9ad0f934cf812f3ab47c8395b6ea6f888287384ab6,ef82c7690a313270a1de5c9ad0f934cf812f3ab47c8395b6ea6f888287384ab6,1,identity,32,4,False,anti_transpose
c0c2261de0e618eebfc04545b13182c883c1d828b2d89b64e9acf87631382ddb,c0c2261de0e618eebfc04545b13182c883c1d828b2d89b64e9acf87631382ddb,0,identity,32,5,False,anti_transpose
ca1b9977eeb6bc95977d19e2ae3c55b39bb3e15a82f376968268820683dea145,ca1b9977eeb6bc95977d19e2ae3c55b39bb3e15a82f376968268820683dea145,1,identity,32,5,False,anti_transpose
00a0536d5e00093fd3e7ff082a17de881238ed5999e9a1aa50bf564fdf68edea,00a0536d5e00093fd3e7ff082a17de881238ed5999e9a1aa50bf564fdf68edea,0,identity,32,6,False,anti_transpose
5cccee865e2316aad9c7a4a4f53e28668f0ad668e9431e3164471947f6eab095,5cccee865e2316aad9c7a4a4f53e28668f0ad668e9431e3164471947f6eab095,1,identity,32,6,False,anti_transpose
638707f0d74e42f4c2a920fdbba7bed7478d8922058f59cc94515880936071fe,638707f0d74e42f4c2a920fdbba7bed7478d8922058f59cc94515880936071fe,0,identity,32,7,False,anti_transpose
5945ac448e47e0975ae3f34170646cc741145dec78a50bbbb8a4725cf67a759f,5945ac448e47e0975ae3f34170646cc741145dec78a50bbbb8a4725cf67a759f,1,identity,32,7,False,anti_transpose
83c46aa0ecbc1caab91b5b1c3b8547b6787b3799c6c0f793e1e1d6c1b9aa3405,83c46aa0ecbc1caab91b5b1c3b8547b6787b3799c6c0f793e1e1d6c1b9aa3405,0,identity,32,8,False,anti_transpose
4b63182078dcad8933c3388d026c3e65ea7fed051c03f1c1d13fd37952c4bcf8,4b63182078dcad8933c3388d026c3e65ea7fed051c03f1c1d13fd37952c4bcf8,1,identity,32,8,False,anti_transpose
b2f6b76bfd9a14c617963ce2f1d277897faa91c6e529a7c995b657b84a9bd373,b2f6b76bfd9a14c617963ce2f1d277897faa91c6e529a7c995b657b84a9bd373,0,identity,32,9,False,anti_transpose
b518075b6807443e57dc2b18bb7785d822e61b5c4c4604f1d5c49099632f8104,b518075b6807443e57dc2b18bb7785d822e61b5c4c4604f1d5c49099632f8104,1,identity,32,9,False,anti_transpose
f4a120e8d618be3ba5a87d03af72863304f6c5f794aa54a706ff1fc85d83023b,f4a120e8d618be3ba5a87d03af72863304f6c5f794aa54a706ff1fc85d83023b,0,identity,32,10,False,anti_transpose
803067d0b494875187925bfbf405e0bb9634204f56a6acc3b2c08bb72e2a3dfe,803067d0b494875187925bfbf405e0bb9634204f56a6acc3b2c08bb72e2a3dfe,1,identity,32,10,False,anti_transpose
db7de912ef4c0387c17aa1c858eb1f1eee6f5a66aa0882311f573f007113af07,db7de912ef4c0387c17aa1c858eb1f1eee6f5a66aa0882311f573f007113af07,0,identity,32,11,False,anti_transpose
1c2ae9636de892908d6095652a4f7e845a8a6df8de3a7302a0439deb653822b0,1c2ae9636de892908d6095652a4f7e845a8a6df8de3a7302a0439deb653822b0,1,identity,32,11,False,anti_transpose
ebdbd700ca4c0c1ab38a1ae4ac5795e94f6d247965c8e0e358aeb4975ddd0c86,ebdbd700ca4c0c1ab38a1ae4ac5795e94f6d247965c8e0e358aeb4975ddd0c86,0,identity,32,12,False,anti_transpose
7745b533f4c5d5e76b94a70d1cfea79c681ff5a38eb6d0bf8854113af3035114,7745b533f4c5d5e76b94a70d1cfea79c681ff5a38eb6d0bf8854113af3035114,1,identity,32,12,False,anti_transpose
3183516fd162574260c66b25fbd6eb442332f120edd14031a8a09b3e5588d8be,3183516fd162574260c66b25fbd6eb442332f120edd14031a8a09b3e5588d8be,0,identity,32,13,False,anti_transpose
be1799f2ce13f54738c681c96b2bc671a063e4cedac773f2566f054d92f03a55,be1799f2ce13f54738c681c96b2bc671a063e4cedac773f2566f054d92f03a55,1,identity,32,13,False,anti_transpose
e9f381ed471a9fd50a247d355f2bdbe04a6e51317064baed71f8164bf2bd2362,e9f381ed471a9fd50a247d355f2bdbe04a6e51317064baed71f8164bf2bd2362,0,identity,32,14,False,anti_transpose
9bfcd00e588fe9f57f8ef2130d9e948bd842ba0425b5707aae87988952435ba3,9bfcd00e588fe9f57f8ef2130d9e948bd842ba0425b5707aae87988952435ba3,1,identity,32,14,False,anti_transpose
0ca87ec7d25818c3d132fb93860e3096cae39f28af904b3a003ff268a26e35be,0ca87ec7d25818c3d132fb93860e3096cae39f28af904b3a003ff268a26e35be,0,identity,32,15,False,anti_transpose
da9633dc1629a3e386a81f4b0c350dd33d07f3f6fa2a4356fc40a359af5f80c2,da9633dc1629a3e386a81f4b0c350dd33d07f3f6fa2a4356fc40a359af5f80c2,1,identity,32,15,False,anti_transpose
608430ca8ba14a3a00691c3f2a742af06f6de220dbddc6aa66dd3958003a22b3,608430ca8ba14a3a00691c3f2a742af06f6de220dbddc6aa66dd3958003a22b3,0,identity,32,16,False,anti_transpose
34602b0197955cac08ab50e9144fad3d1a5c02b6399c994e4eea055f7293f981,34602b0197955cac08ab50e9144fad3d1a5c02b6399c994e4eea055f7293f981,1,identity,32,16,False,anti_transpose
6de3f55bd6c6b56913e6f0a0f4faa01dd7e8ff2da7013ba7f51320145a1c007d,6de3f55bd6c6b56913e6f0a0f4faa01dd7e8ff2da7013ba7f51320145a1c007d,0,identity,32,17,False,anti_transpose
914d4845045e8417017406788eecbeb5624220b9000d8df8880fe1af16177dbf,914d4845045e8417017406788eecbeb5624220b9000d8df8880fe1af16177dbf,1,identity,32,17,False,anti_transpose
c3de93f1a44c3317358fac891072e3aa46745b0d453016428fd7444b7c26d6ba,c3de93f1a44c3317358fac891072e3aa46745b0d453016428fd7444b7c26d6ba,0,identity,32,18,False,anti_transpose
70141e043f0e503f021f95fa1faf98002022578e69cb36e50f4d21d3e6af4b8b,70141e043f0e503f021f95fa1faf98002022578e69cb36e50f4d21d3e6af4b8b,1,identity,32,18,False,anti_transpose
b645e623e9e2d459fd899232a4b1de03eb6eb021a68cb47738d255dad5ff3516,b645e623e9e2d459fd899232a4b1de03eb6eb021a68cb47738d255dad5ff3516,0,identity,32,19,False,anti_transpose
faf6a5b1597dc153970a9532deea92599ebf6b7807da6180a2f7e7ec0b5e395f,faf6a5b1597dc153970a9532deea92599ebf6b7807da6180a2f7e7ec0b5e395f,1,identity,32,19,False,anti_transpose
b67756a696a9169b0c27b6655c9aace6b8b1e8f593526db8895f0786b173dc09,b67756a696a9169b0c27b6655c9aace6b8b1e8f593526db8895f0786b173dc09,0,identity,32,20,False,anti_transpose
8d471ba0a19ad391b68b88590eeff05341141f32d626975d5475d30ff0028f18,8d471ba0a19ad391b68b88590eeff05341141f32d626975d5475d30ff0028f18,1,identity,32,20,False,anti_transpose
1cc604602ea5f1f46c5e2194ad6922fdaf6ecc87d4c777906936d273558f5909,1cc604602ea5f1f46c5e2194ad6922fdaf6ecc87d4c777906936d273558f5909,0,identity,32,21,False,anti_transpose
2cea2e5b790239c33e4d93bde2b403bfee753ca717e9c22621ff47a003d02e60,2cea2e5b790239c33e4d93bde2b403bfee753ca717e9c22621ff47a003d02e60,1,identity,32,21,False,anti_transpose
8a53a0e8f633a0f8b4a649a285afaa2ef9b2e8d74606cf37153bc2e8c374c412,8a53a0e8f633a0f8b4a649a285afaa2ef9b2e8d74606cf37153bc2e8c374c412,0,identity,32,22,False,anti_transpose
a9e0d492cdedf79eb3c8c6b6e60751225d9abf207405174b890512a1ddc507f9,a9e0d492cdedf79eb3c8c6b6e60751225d9abf207405174b890512a1ddc507f9,1,identity,32,22,False,anti_transpose
41985c0ca9509012b9a61a26ea1cc9b71e9e51b0d3e8ebc8b32ccc774fa5b8e5,41985c0ca9509012b9a61a26ea1cc9b71e9e51b0d3e8ebc8b32ccc774fa5b8e5,0,identity,32,23,False,anti_transpose
afb9d4d548483de205ddf8069e07fc4c00cbd8bb25bd3c5b9236badda9f49a2b,afb9d4d548483de205ddf8069e07fc4c00cbd8bb25bd3c5b9236badda9f49a2b,1,identity,32,23,False,anti_transpose
feed37027e1f0e18268393d5e6cf28200f08adab5eefd903f9b525f0f4bdd525,feed37027e1f0e18268393d5e6cf28200f08adab5eefd903f9b525f0f4bdd525,0,identity,32,24,False,anti_transpose
5e145257fbf33a7b08d0ce87ff50c1a632a96800d55684ef7f028ee01f9690c7,5e145257fbf33a7b08d0ce87ff50c1a632a96800d55684ef7f028ee01f9690c7,1,identity,32,24,False,anti_transpose
5664e184fa02ca8e73312153f6652cb3ba1b0cf794074ab9a5f8785e9c8bce6f,5664e184fa02ca8e73312153f6652cb3ba1b0cf794074ab9a5f8785e9c8bce6f,0,identity,32,25,False,anti_transpose
7e37608b9faddf7a35ed06cc656b6157a235313c7a60e0d2d9674148bad26875,7e37608b9faddf7a35ed06cc656b6157a235313c7a60e0d2d9674148bad26875,1,identity,32,25,False,anti_transpose
07897b929277cb6b1d1825e4d6cacf18f3295e94ebcd755e6bdd947112d6259c,07897b929277cb6b1d1825e4d6cacf18f3295e94ebcd755e6bdd947112d6259c,0,identity,32,26,False,anti_transpose
f00bc839dd6c8fbdefc1e4c8325bac1b1cec8322bce4cfb90e50a644d5f73b8e,f00bc839dd6c8fbdefc1e4c8325bac1b1cec8322bce4cfb90e50a644d5f73b8e,1,identity,32,26,False,anti_transpose
aaaea58684269d8a3cf0eaa73252036edebe41c1694bd9a2541b1a6ce4eb0dea,aaaea58684269d8a3cf0eaa73252036edebe41c1694bd9a2541b1a6ce4eb0dea,0,identity,32,27,False,anti_transpose
8185e6633b85eb683d859c0dd58cf8112f574ce2d43de301f0d6b1521d056869,8185e6633b85eb683d859c0dd58cf8112f574ce2d43de301f0d6b1521d056869,1,identity,32,27,False,anti_transpose
8f5095abd1616ed68565b6ff8b2df82c56d2df0ca974ace7affc04916eb2d115,8f5095abd1616ed68565b6ff8b2df82c56d2df0ca974ace7affc04916eb2d115,0,identity,32,28,False,anti_transpose
b1f7a9bc2bd2e1f1c6420fb3acd7b0de4ba90c97332b4128bfe0861ea4ff4fd0,b1f7a9bc2bd2e1f1c6420fb3acd7b0de4ba90c97332b4128bfe0861ea4ff4fd0,1,identity,32,28,False,anti_transpose
69f9665b68c2c591312bef6f55d1fca2286348e48ccfbf6746d577f74face6f4,69f9665b68c2c591312bef6f55d1fca2286348e48ccfbf6746d577f74face6f4,0,identity,32,29,False,anti_transpose
209df8a993e05b2fe2b5f055ae048290da7adcf08fdc0bbc8ef09e9be532068f,209df8a993e05b2fe2b5f055ae048290da7adcf08fdc0bbc8ef09e9be532068f,1,identity,32,29,False,anti_transpose
39080e61317d2bb153dc2d2608b9839286db9c8f7c0709cd8fd2fe31d1c7450a,39080e61317d2bb153dc2d2608b9839286db9c8f7c0709cd8fd2fe31d1c7450a,0,identity,32,30,False,anti_transpose
24dbd5f01173d6b312f31957995f583e1621db7849c0e4471e85292ef2dce3e0,24dbd5f01173d6b312f31957995f583e1621db7849c0e4471e85292ef2dce3e0,1,identity,32,30,False,anti_transpose
04c01f77d1783195f41e560819c3201eb238888b5670fb9390972cd1a42a1905,04c01f77d1783195f41e560819c3201eb238888b5670fb9390972cd1a42a1905,0,identity,32,31,False,anti_transpose
fff5e0e69b92efe2a27e59fc1a82ccbf7d3184c3b9f17e4b746ccbaf709175ca,fff5e0e69b92efe2a27e59fc1a82ccbf7d3184c3b9f17e4b746ccbaf709175ca,1,identity,32,31,False,anti_transpose
e9fb1735c6689e3425ef035705da25115d12218fc5738718fc0e51521d4bf076,e9fb1735c6689e3425ef035705da25115d12218fc5738718fc0e51521d4bf076,0,identity,32,32,False,anti_transpose
e59ed103a3f4a2b34f9d0466fd6cd7a38720d0ce5975af3e985134edee88d0dd,e59ed103a3f4a2b34f9d0466fd6cd7a38720d0ce5975af3e985134edee88d0dd,1,identity,32,32,False,anti_transpose
d321574c9990da5ad2f81147c7d1df7027548ccc6cd3c476bcf189c599b6c092,d321574c9990da5ad2f81147c7d1df7027548ccc6cd3c476bcf189c599b6c092,0,identity,32,33,False,anti_transpose
94ba0d23767c532bc3d757cd555d1a0581a3b9f1d5da27c94faa0bbcdbb92c63,94ba0d23767c532bc3d757cd555d1a0581a3b9f1d5da27c94faa0bbcdbb92c63,1,identity,32,33,False,anti_transpose
6a1ff70a31321e3e9e1609bc9b9092888eaeb9045871471cdb4ad4f82547591d,6a1ff70a31321e3e9e1609bc9b9092888eaeb9045871471cdb4ad4f82547591d,0,identity,32,34,False,anti_transpose
19c033f96030586e3803ccbfdde6005cb1579afff13d5e74045ef9ef71e0789d,19c033f96030586e3803ccbfdde6005cb1579afff13d5e74045ef9ef71e0789d,1,identity,32,34,False,anti_transpose
df7c20b9e8b95fdd3a95c00a01663daa396b2c711dc7a9fb460b09e05c1e7c00,df7c20b9e8b95fdd3a95c00a01663daa396b2c711dc7a9fb460b09e05c1e7c00,0,identity,32,35,False,anti_transpose
d7924137092d2c5c13f7cd8d6946d4ffd0a07c8219d2600430a9a99f8249d982,d7924137092d2c5c13f7cd8d6946d4ffd0a07c8219d2600430a9a99f8249d982,1,identity,32,35,False,anti_transpose
0a90d37a916e23aad0a2e593b727d0b1fda67a509d89e3081441cc457bf4b6eb,0a90d37a916e23aad0a2e593b727d0b1fda67a509d89e3081441cc457bf4b6eb,0,flip_ud,32,0,False,anti_transpose
57a9d946386a94adc52a2b3e77dd611172b9aa1188e8bd02a6d25f4810fdbf24,57a9d946386a94adc52a2b3e77dd611172b9aa1188e8bd02a6d25f4810fdbf24,1,flip_ud,32,0,False,anti_transpose
3673104dae05e698b0b55fb9158689936f4f92cd7fa35a8dfa4fe84b6424632a,3673104dae05e698b0b55fb9158689936f4f92cd7fa35a8dfa4fe84b6424632a,0,flip_ud,32,1,False,anti_transpose
b824050621d52135c04b2ebfaaf1af1d5e9471e52de4355cff3e5c3e4bbb9b62,b824050621d52135c04b2ebfaaf1af1d5e9471e52de4355cff3e5c3e4bbb9b62,1,flip_ud,32,1,False,anti_transpose
b9923d4632a372fa90914d5ff095b4bc289ffc233cef4a7b007ad988684cde75,b9923d4632a372fa90914d5ff095b4bc289ffc233cef4a7b007ad988684cde75,0,flip_ud,32,2,False,anti_transpose
3c4d8721b727cb656804418dacfce5ddd7a1d23e66085abdd3df71770662e898,3c4d8721b727cb656804418dacfce5ddd7a1d23e66085abdd3df71770662e898,1,flip_ud,32,2,False,anti_transpose
a91f9087e715026113abf9576d89b8e22df787bf6cfb53896b5d84809e76ca40,a91f9087e715026113abf9576d89b8e22df787bf6cfb53896b5d84809e76ca40,0,flip_ud,32,3,False,anti_transpose
870872e4d12a4ca2666e8f8c2b49d753ea67e51ff03335de80fc1842be3f0b5c,870872e4d12a4ca2666e8f8c2b49d753ea67e51ff03335de80fc1842be3f0b5c,1,flip_ud,32,3,False,anti_transpose
ef878fbba1ebd88cda06062de3630bd4e8c30a74e4397e134b22bdf0d8af36e7,ef878fbba1ebd88cda06062de3630bd4e8c30a74e4397e134b22bdf0d8af36e7,0,flip_ud,32,4,False,anti_transpose
7fe78d76266ea275c701bbb4463dd0aa966e0a1129af96625cf7d3f1a694140b,7fe78d76266ea275c701bbb4463dd0aa966e0a1129af96625cf7d3f1a694140b,1,flip_ud,32,4,False,anti_transpose
e0ac27b47d1b68920d4242942073573f7227b23e720c086abe67f2c1f8b4515c,e0ac27b47d1b68920d4242942073573f7227b23e720c086abe67f2c1f8b4515c,0,flip_ud,32,5,False,anti_transpose
18dbd3d4456ea95459fca32f723609c4abd1a2f2c8c73b71d87d74987b428376,18dbd3d4456ea95459fca32f723609c4abd1a2f2c8c73b71d87d74987b428376,1,flip_ud,32,5,False,anti_transpose
9c1d7ed9e3bd216414644465450c687bccb3b42f0f8d1de11a2a487f7b6fedc2,9c1d7ed9e3bd216414644465450c687bccb3b42f0f8d1de11a2a487f7b6fedc2,0,flip_ud,32,6,False,anti_transpose
c81a8f7f60549f9e3dc190056e4e3b89d9484a012b1abfffb50597c0b68cedad,c81a8f7f60549f9e3dc190056e4e3b89d9484a012b1abfffb50597c0b68cedad,1,flip_ud,32,6,False,anti_transpose
1b05ae02c9aaa8195a64f5f5460fd71f56e87808c7b424be55e6782eaca86851,1b05ae02c9aaa8195a64f5f5460fd71f56e87808c7b424be55e6782eaca86851,0,flip_ud,32,7,False,anti_transpose
71802e83612214fac7733d3bd5b79da7d70643f822a8f51a72a5805eb6431fc4,71802e83612214fac7733d3bd5b79da7d70643f822a8f51a72a5805eb6431fc4,1,flip_ud,32,7,False,anti_transpose
e69edc8cb20676f1ccc95382506c6335a9828a5dd88b1fad74451220e1fb7631,e69edc8cb20676f1ccc95382506c6335a9828a5dd88b1fad74451220e1fb7631,0,flip_ud,32,8,False,anti_transpose
3a65b4b12e5aab833d45215232078690df515e21736c55ff52b1c48cec1cb921,3a65b4b12e5aab833d45215232078690df515e21736c55ff52b1c48cec1cb921,1,flip_ud,32,8,False,anti_transpose
ad5ae2cb6c1e410795ae6eb2421d47d9be6d6ac6d8485a9c7f0c413bee490216,ad5ae2cb6c1e410795ae6eb2421d47d9be6d6ac6d8485a9c7f0c413bee490216,0,flip_ud,32,9,False,anti_transpose
3c105f20c608223df006718d0bf10e525e945afa76257bf3fde1e49f494e0e26,3c105f20c608223df006718d0bf10e525e945afa76257bf3fde1e49f494e0e26,1,flip_ud,32,9,False,anti_transpose
17c8dded2ee5c69c1ec984ebb20cccf15574ba056fd4a7f83b83a4323bcb8092,17c8dded2ee5c69c1ec984ebb20cccf15574ba056fd4a7f83b83a4323bcb8092,0,flip_ud,32,10,False,anti_transpose
0ae3698be22dbda2b986ea8b4ed6097f58861676eb467e0058bee3128ed2778e,0ae3698be22dbda2b986ea8b4ed6097f58861676eb467e0058bee3128ed2778e,1,flip_ud,32,10,False,anti_transpose
7cd0766081b92022c984c0900c5c0a2a6a0c5575a9f679e6ac57e6f3e4c5db3b,7cd0766081b92022c984c0900c5c0a2a6a0c5575a9f679e6ac57e6f3e4c5db3b,0,flip_ud,32,11,False,anti_transpose
bcfb81e1de592d9be5ec6bd7d038748d9045d105670c6592c6c6422a7e6beccc,bcfb81e1de592d9be5ec6bd7d038748d9045d105670c6592c6c6422a7e6beccc,1,flip_ud,32,11,False,anti_transpose
ca86f891964c2aa72f8f5f411463542c3930d80c5a915bff6d74cbc416c81fd8,ca86f891964c2aa72f8f5f411463542c3930d80c5a915bff6d74cbc416c81fd8,0,flip_ud,32,12,False,anti_transpose
02e64f4c7bd391c457089597fe8a83ffe3367d64a26f1614f875a68d59391e08,02e64f4c7bd391c457089597fe8a83ffe3367d64a26f1614f875a68d59391e08,1,flip_ud,32,12,False,anti_transpose
8a1e2e6b9401115e962ae0ae35c43046e91e1173542cc469b8955690e352a7f8,8a1e2e6b9401115e962ae0ae35c43046e91e1173542cc469b8955690e352a7f8,0,flip_ud,32,13,False,anti_transpose
0c5a0aead8a1a9d9b31c58b1ec86a0d6e1b57128027d6169cc613761558c0fb1,0c5a0aead8a1a9d9b31c58b1ec86a0d6e1b57128027d6169cc613761558c0fb1,1,flip_ud,32,13,False,anti_transpose
c5f054587e67e3a2879358c06c496f78299dc685ae65743bfb6b369c12df041b,c5f054587e67e3a2879358c06c496f78299dc685ae65743bfb6b369c12df041b,0,flip_ud,32,14,False,anti_transpose
47b89b0e63d3c1ab7d80cebec5ede3843d3fb59871baa3c50e0fb395938520d3,47b89b0e63d3c1ab7d80cebec5ede3843d3fb59871baa3c50e0fb395938520d3,1,flip_ud,32,14,False,anti_transpose
68aae1b8b2b80ae472a2ab25cb9bdb9552aeef6aad021532018a32b08c62b14d,68aae1b8b2b80ae472a2ab25cb9bdb9552aeef6aad021532018a32b08c62b14d,0,flip_ud,32,15,False,anti_transpose
872a1a2d49df8054a4d1f9a58eccae37173d951e1dbf57b2ce7db9b177ea4cbd,872a1a2d49df8054a4d1f9a58eccae37173d951e1dbf57b2ce7db9b177ea4cbd,1,flip_ud,32,15,False,anti_transpose
aabd526f0d24784d2e43b15a6543fc5008bfd34c6ca629c0ce8fbf1078a788d2,aabd526f0d24784d2e43b15a6543fc5008bfd34c6ca629c0ce8fbf1078a788d2,0,flip_ud,32,16,False,anti_transpose
470c1ec580fd91316a927d390a461b5c6d0bf5ac1ebbd06617165dfeb27ee053,470c1ec580fd91316a927d390a461b5c6d0bf5ac1ebbd06617165dfeb27ee053,1,flip_ud,32,16,False,anti_transpose
a304d2f94d2360c20111041f179b2ff245e0ae1cdf2a0f919a39cd2578ce7b89,a304d2f94d2360c20111041f179b2ff245e0ae1cdf2a0f919a39cd2578ce7b89,0,flip_ud,32,17,False,anti_transpose
e55445d0712a404234f23871eff7ae4804eba2cce4151e2806da5217540b49bd,e55445d0712a404234f23871eff7ae4804eba2cce4151e2806da5217540b49bd,1,flip_ud,32,17,False,anti_transpose
c3d5b685af06fdcbc490e8cd60e6d24c99a2770dd1839fd2fa2963258cb0830b,c3d5b685af06fdcbc490e8cd60e6d24c99a2770dd1839fd2fa2963258cb0830b,0,flip_ud,32,18,False,anti_transpose
007fa9ca40817f1647f6db18dc16fdf91e92578021728b2e97b9a2c0ecbb9e61,007fa9ca40817f1647f6db18dc16fdf91e92578021728b2e97b9a2c0ecbb9e61,1,flip_ud,32,18,False,anti_transpose
d70200ad9ecf8b243b27fd0afc4b9be6fa475a7f714471eb24e7c0dee8c80ca2,d70200ad9ecf8b243b27fd0afc4b9be6fa475a7f714471eb24e7c0dee8c80ca2,0,flip_ud,32,19,False,anti_transpose
309810c62faef61da7233ce9c642e4d66b9e1105636a69eed2c7d105eb3f5239,309810c62faef61da7233ce9c642e4d66b9e1105636a69eed2c7d105eb3f5239,1,flip_ud,32,19,False,anti_transpose
3cbdfb80d1294e5f602d9dfbcfb9edc9b0f139e5555e55eaf20197018071ee21,3cbdfb80d1294e5f602d9dfbcfb9edc9b0f139e5555e55eaf20197018071ee21,0,flip_ud,32,20,False,anti_transpose
85c2141b883078183ce25685c8cbb04f39cf0b85a6e2cb91cfe5a5c4616e6c43,85c2141b883078183ce25685c8cbb04f39cf0b85a6e2cb91cfe5a5c4616e6c43,1,flip_ud,32,20,False,anti_transpose
a77c67c751d5a50adaf33f0394d85f581108054c12c81b2a4d50a430425c32f8,a77c67c751d5a50adaf33f0394d85f581108054c12c81b2a4d50a430425c32f8,0,flip_ud,32,21,False,anti_transpose
4dd8b546fe29f20f71a6c6e879573d2b319cbf882b72db8cee53ddc4ba10a640,4dd8b546fe29f20f71a6c6e879573d2b319cbf882b72db8cee53ddc4ba10a640,1,flip_ud,32,21,False,anti_transpose
8dd4a6094e0e6392ea48fbee051c86854550c3a72a21f15183d3ed98deb06d6c,8dd4a6094e0e6392ea48fbee051c86854550c3a72a21f15183d3ed98deb06d6c,0,flip_ud,32,22,False,anti_transpose
46233c8702a8b32f54e3369c2c2f94f38aae8d65ab3e879efb0069f41e87ff7d,46233c8702a8b32f54e3369c2c2f94f38aae8d65ab3e879efb0069f41e87ff7d,1,flip_ud,32,22,False,anti_transpose
30fbbe571a54cd6b18f3c28e3577b7229907176f5821af8d463db0515cedd8b1,30fbbe571a54cd6b18f3c28e3577b7229907176f5821af8d463db0515cedd8b1,0,flip_ud,32,23,False,anti_transpose
2cb419bde570dea5a2e26b906645fe7a0597624c7b24a0844111843479ae61f3,2cb419bde570dea5a2e26b906645fe7a0597624c7b24a0844111843479ae61f3,1,flip_ud,32,23,False,anti_transpose
f52b400dce9d5547470dbae607a440f917064494b7e7d7988b895f3845b2282a,f52b400dce9d5547470dbae607a440f917064494b7e7d7988b895f3845b2282a,0,flip_ud,32,24,False,anti_transpose
00356d056d1e01ae0e0f16538712f1aa664b844e039966791d944598591dd716,00356d056d1e01ae0e0f16538712f1aa664b844e039966791d944598591dd716,1,flip_ud,32,24,False,anti_transpose
6ef3e7ace32490e9a60051f663ae24d0e670ad8cd4c38957e4d2e162b270cca5,6ef3e7ace32490e9a60051f663ae24d0e670ad8cd4c38957e4d2e162b270cca5,0,flip_ud,32,25,False,anti_transpose
e2bdea66ca74b4485e92511bc97c073baeef6c0a12054a2732658c800545623a,e2bdea66ca74b4485e92511bc97c073baeef6c0a12054a2732658c800545623a,1,flip_ud,32,25,False,anti_transpose
73a241116a2f660485fe97260ca6289b4b155b134165d75b2ff01350e82f8c1f,73a241116a2f660485fe97260ca6289b4b155b134165d75b2ff01350e82f8c1f,0,flip_ud,32,26,False,anti_transpose
ab03f43dcf1bff1dabff171e52d4372c16ebda98ec38b0209a33efb4d68df4e9,ab03f43dcf1bff1dabff171e52d4372c16ebda98ec38b0209a33efb4d68df4e9,1,flip_ud,32,26,False,anti_transpose
3a68dc617b388143dcd9a4b23858a904c4c7b0ef9c07b09dcbde833e040ed91e,3a68dc617b388143dcd9a4b23858a904c4c7b0ef9c07b09dcbde833e040ed91e,0,flip_ud,32,27,False,anti_transpose
5ba7a5474cbe01b03aed81dde3cfc48a3ab765dcec977c85a814575b97cba331,5ba7a5474cbe01b03aed81dde3cfc48a3ab765dcec977c85a814575b97cba331,1,flip_ud,32,27,False,anti_transpose
bc2891c7e4306b5806e912c5b77a427a151e11df3a92be8d8573f9454023aae4,bc2891c7e4306b5806e912c5b77a427a151e11df3a92be8d8573f9454023aae4,0,flip_ud,32,28,False,anti_transpose
0f38fba0840b1c0f508d1f276e43b42dbce3b906d1371cd7ba2718fa2bb011c2,0f38fba0840b1c0f508d1f276e43b42dbce3b906d1371cd7ba2718fa2bb011c2,1,flip_ud,32,28,False,anti_transpose
dd184034b5aee2f3cb8cec9411dc1d2400473e0cd084f8f2f5df4c17e412cb8c,dd184034b5aee2f3cb8cec9411dc1d2400473e0cd084f8f2f5df4c17e412cb8c,0,flip_ud,32,29,False,anti_transpose
5fe2a8eab7ac99dd3529d4f5ad8e61d5aab89236cfedd9389478d3181db1ca19,5fe2a8eab7ac99dd3529d4f5ad8e61d5aab89236cfedd9389478d3181db1ca19,1,flip_ud,32,29,False,anti_transpose
43d87c4ebeae122bd6533d2a0651cabd4e160a4eb0f476ff8a849066b830d632,43d87c4ebeae122bd6533d2a0651cabd4e160a4eb0f476ff8a849066b830d632,0,flip_ud,32,30,False,anti_transpose
5161cfa885ac8ad45070cfcddd69fee6be897119f2a4fdb8ff018fe25f6c75ec,5161cfa885ac8ad45070cfcddd69fee6be897119f2a4fdb8ff018fe25f6c75ec,1,flip_ud,32,30,False,anti_transpose
7438cb012f2e7bd8ecaf89e897cd461fd95c55d3803e62b0d7f584adef5fefeb,7438cb012f2e7bd8ecaf89e897cd461fd95c55d3803e62b0d7f584adef5fefeb,0,flip_ud,32,31,False,anti_transpose
04ac21b31e29f4bcd6ced314e86967e5e0f85c6acfef0c2cc74786b484366520,04ac21b31e29f4bcd6ced314e86967e5e0f85c6acfef0c2cc74786b484366520,1,flip_ud,32,31,False,anti_transpose
cc8635da71e10ff757b1e620631a44e360941c0ed9a40419db0c795fdc17863c,cc8635da71e10ff757b1e620631a44e360941c0ed9a40419db0c795fdc17863c,0,flip_ud,32,32,False,anti_transpose
62e20df8126fab99237cfb0603e0f0d806758daa00133db099327163e61db402,62e20df8126fab99237cfb0603e0f0d806758daa00133db099327163e61db402,1,flip_ud,32,32,False,anti_transpose
08e4c9b62724055589859f6fbaa6ec6fd7266769e1281c7819691b4ea858408b,08e4c9b62724055589859f6fbaa6ec6fd7266769e1281c7819691b4ea858408b,0,flip_ud,32,33,False,anti_transpose
ab75037b19ee269640d916d13c5b1ef9327f04dccd776a3c6231ce4bbaf37772,ab75037b19ee269640d916d13c5b1ef9327f04dccd776a3c6231ce4bbaf37772,1,flip_ud,32,33,False,anti_transpose
2c9660c8e3b94ed40f0f34c191647467c2534a583747c14eed992ace8d183593,2c9660c8e3b94ed40f0f34c191647467c2534a583747c14eed992ace8d183593,0,flip_ud,32,34,False,anti_transpose
954765b3d71a05b328f4248237d047e8a2c8d027e28ff0a215f88f317f190b02,954765b3d71a05b328f4248237d047e8a2c8d027e28ff0a215f88f317f190b02,1,flip_ud,32,34,False,anti_transpose
2fcc85279764ca2109e1dcc7af05dbe8569e876b785070c7ac8a68da461e9320,2fcc85279764ca2109e1dcc7af05dbe8569e876b785070c7ac8a68da461e9320,0,flip_ud,32,35,False,anti_transpose
2fdc7a50d65ef117723accc928a3f3731bbbddc9563bb97792c46e968258b29c,2fdc7a50d65ef117723accc928a3f3731bbbddc9563bb97792c46e968258b29c,1,flip_ud,32,35,False,anti_transpose
0efd0421c500d902bf9c483f5e70cb3abdef9386ac8615468b5a27ac097fbd01,0efd0421c500d902bf9c483f5e70cb3abdef9386ac8615468b5a27ac097fbd01,0,transpose,32,0,False,anti_transpose
0e5d949f302266b57d0829285ca4ab4ccf5069cd5cc04b9a6bd6ae78b0c1d68c,0e5d949f302266b57d0829285ca4ab4ccf5069cd5cc04b9a6bd6ae78b0c1d68c,1,transpose,32,0,False,anti_transpose
238d3c87d58795a8784ca0f6d7368ab9ba71fbc30a7c635d566d86d508e2ff87,238d3c87d58795a8784ca0f6d7368ab9ba71fbc30a7c635d566d86d508e2ff87,0,transpose,32,1,False,anti_transpose
6ab81865dadf38198adeaf35da59da836ee271052d0d082be791a142fa6e1447,6ab81865dadf38198adeaf35da59da836ee271052d0d082be791a142fa6e1447,1,transpose,32,1,False,anti_transpose
cb358b55b5ad0ae0fbda1ed8a10ac5302c57a735b82d4e37aab4541cf0e3ae74,cb358b55b5ad0ae0fbda1ed8a10ac5302c57a735b82d4e37aab4541cf0e3ae74,0,transpose,32,2,False,anti_transpose
357dfe90b98bc5447207c26b7be2e4c5d24cf6b33be7a2efdfdd107d683bd256,357dfe90b98bc5447207c26b7be2e4c5d24cf6b33be7a2efdfdd107d683bd256,1,transpose,32,2,False,anti_transpose
0d327963fba31a8abb3e12969d4f84d3a31b3b9b2ca2176e4734c1cc6b5b155e,0d327963fba31a8abb3e12969d4f84d3a31b3b9b2ca2176e4734c1cc6b5b155e,0,transpose,32,3,False,anti_transpose
f34453a606b22cf11d673de392abf14685b3931c4f6795a7957ec180f7261895,f34453a606b22cf11d673de392abf14685b3931c4f6795a7957ec180f7261895,1,transpose,32,3,False,anti_transpose
a1740d8d225308fe0173d3ac53f10adec306f19cc72b93ee6c514ab7a862b61c,a1740d8d225308fe0173d3ac53f10adec306f19cc72b93ee6c514ab7a862b61c,0,transpose,32,4,False,anti_transpose
a29b5c39e160ee6ea2f7a57788c72574710fceac65e2d22bc3c9302165a496cd,a29b5c39e160ee6ea2f7a57788c72574710fceac65e2d22bc3c9302165a496cd,1,transpose,32,4,False,anti_transpose
d16df94c1e9e8bb1bb6a148fc2dca66020fef6b58674eeefa63032f59de7c749,d16df94c1e9e8bb1bb6a148fc2dca66020fef6b58674eeefa63032f59de7c749,0,transpose,32,5,False,anti_transpose
5b8078584161d8606ad27854a790c8101aaa18e685a89dca33ba70c5ac485186,5b8078584161d8606ad27854a790c8101aaa18e685a89dca33ba70c5ac485186,1,transpose,32,5,False,anti_transpose
1fd5ebe30d8ac02957d2013310b34041d357875b7749bced79ef66a8d03b6a81,1fd5ebe30d8ac02957d2013310b34041d357875b7749bced79ef66a8d03b6a81,0,transpose,32,6,False,anti_transpose
3994d36ff03650f252b297dd8e6b8f1bdd31a4789962c895012edca9989499a5,3994d36ff03650f252b297dd8e6b8f1bdd31a4789962c895012edca9989499a5,1,transpose,32,6,False,anti_transpose
7fa238bee58839126f006ef45c81fe5ed82e4332a08178813f4f11ae49cdad7b,7fa238bee58839126f006ef45c81fe5ed82e4332a08178813f4f11ae49cdad7b,0,transpose,32,7,False,anti_transpose
1957e2dba9ee1d14d87a1edfc1d01af3ddede2414999ee53ea763145c954bbcc,1957e2dba9ee1d14d87a1edfc1d01af3ddede2414999ee53ea763145c954bbcc,1,transpose,32,7,False,anti_transpose
3e939d5ed75ed52d7ec9aafb4ab76029aee4437e8c3713d6aae631e744876d52,3e939d5ed75ed52d7ec9aafb4ab76029aee4437e8c3713d6aae631e744876d52,0,transpose,32,8,False,anti_transpose
92703541f90226fbcf4c7557081710f45e24dcaf558fbc1df51ef60d9955fe1e,92703541f90226fbcf4c7557081710f45e24dcaf558fbc1df51ef60d9955fe1e,1,transpose,32,8,False,anti_transpose
d76835bbf1179fe4649319874f6b44d87fb5efab0ccceb41e4399759c72b9898,d76835bbf1179fe4649319874f6b44d87fb5efab0ccceb41e4399759c72b9898,0,transpose,32,9,False,anti_transpose
384310687377edc0c66d1b0aab3e3a6b230365b2e31d0633d24cdb79015f82fa,384310687377edc0c66d1b0aab3e3a6b230365b2e31d0633d24cdb79015f82fa,1,transpose,32,9,False,anti_transpose
e844c06a40f70728936e6489efb346c1ad87350ebd25aead45a0aab041805c8d,e844c06a40f70728936e6489efb346c1ad87350ebd25aead45a0aab041805c8d,0,transpose,32,10,False,anti_transpose
b0c7ad84a58e4f684e749c7c85f44b95034c517fd6b9743968d8a56c763ee746,b0c7ad84a58e4f684e749c7c85f44b95034c517fd6b9743968d8a56c763ee746,1,transpose,32,10,False,anti_transpose
5f876e1b04e6475913760a3de36f842b723b94d2f95b56b5dff7cfc189a2f840,5f876e1b04e6475913760a3de36f842b723b94d2f95b56b5dff7cfc189a2f840,0,transpose,32,11,False,anti_transpose
f4bc5a702028a207498e839723356c3420775b2bbcad925bf5618067fa428499,f4bc5a702028a207498e839723356c3420775b2bbcad925bf5618067fa428499,1,transpose,32,11,False,anti_transpose
2bd27cc2cd25275f12cd016107f22e124f456def831454ed16112755ecd6dfd5,2bd27cc2cd25275f12cd016107f22e124f456def831454ed16112755ecd6dfd5,0,transpose,32,12,False,anti_transpose
1c507a0bf0f219298d024cb937df76d71659508c78f5dd05db9ed684fe5fb3c0,1c507a0bf0f219298d024cb937df76d71659508c78f5dd05db9ed684fe5fb3c0,1,transpose,32,12,False,anti_transpose
dfbceae8b9ded4e1bd8f0a8527365ab314aac0d4edeb96a6b75281a08f5e25af,dfbceae8b9ded4e1bd8f0a8527365ab314aac0d4edeb96a6b75281a08f5e25af,0,transpose,32,13,False,anti_transpose
826a02d9b9408a81213144f60ca790a168ce4332fd661dacc0f6eb1814a7b9c1,826a02d9b9408a81213144f60ca790a168ce4332fd661dacc0f6eb1814a7b9c1,1,transpose,32,13,False,anti_transpose
a0a696ccdccb8f0bd080e89232f5f8d6dac5384828d2e052539b522ece82deb9,a0a696ccdccb8f0bd080e89232f5f8d6dac5384828d2e052539b522ece82deb9,0,transpose,32,14,False,anti_transpose
d1defa88dc963af3877b033f5bb3bf16646eecc35dd9b95b560f8223d98d84e1,d1defa88dc963af3877b033f5bb3bf16646eecc35dd9b95b560f8223d98d84e1,1,transpose,32,14,False,anti_transpose
6523dafec24c4aa4a4602d28a00c3acaeca687dcc7f9de45b148a1d0b27ea481,6523dafec24c4aa4a4602d28a00c3acaeca687dcc7f9de45b148a1d0b27ea481,0,transpose,32,15,False,anti_transpose
bae15022c4daad0ae53b1ea202f4a43859aafd2eac957265fe5a9700d75b859c,bae15022c4daad0ae53b1ea202f4a43859aafd2eac957265fe5a9700d75b859c,1,transpose,32,15,False,anti_transpose
b0a2a700985554f93561ba58cda054b5690e7bff67e3eb6674c329fca9ef9faf,b0a2a700985554f93561ba58cda054b5690e7bff67e3eb6674c329fca9ef9faf,0,transpose,32,16,False,anti_transpose
e5e5a0a47a96e8ef35befb19241472f3d813ad059f3956f644f1dbfecfbded49,e5e5a0a47a96e8ef35befb19241472f3d813ad059f3956f644f1dbfecfbded49,1,transpose,32,16,False,anti_transpose
002e7e1bba147a97f6046c055bb229a5f64770cb657b5df0c03621cc328fc3e4,002e7e1bba147a97f6046c055bb229a5f64770cb657b5df0c03621cc328fc3e4,0,transpose,32,17,False,anti_transpose
e4d5b8a5dd1165435760e5d4cb4bccc0d3867297f595dfba726b4906d9ecf830,e4d5b8a5dd1165435760e5d4cb4bccc0d3867297f595dfba726b4906d9ecf830,1,transpose,32,17,False,anti_transpose
0195c1762cccb7c22d5fa0afb14dc8ac1551c3d1dadc8b522a5319a97c9bb82f,0195c1762cccb7c22d5fa0afb14dc8ac1551c3d1dadc8b522a5319a97c9bb82f,0,transpose,32,18,False,anti_transpose
72788602ca2a68c0cc7066dbf1e2b043b2f29df2f90023139b4af4f409d99fb2,72788602ca2a68c0cc7066dbf1e2b043b2f29df2f90023139b4af4f409d99fb2,1,transpose,32,18,False,anti_transpose
023035db0829657728925740fca3ddffc91d4bc906a1caf648142e4b5d73452e,023035db0829657728925740fca3ddffc91d4bc906a1caf648142e4b5d73452e,0,transpose,32,19,False,anti_transpose
c2ce7677a0dcb826078761919e5292223b03c8693ecaa3ff001c4487d24c7f19,c2ce7677a0dcb826078761919e5292223b03c8693ecaa3ff001c4487d24c7f19,1,transpose,32,19,False,anti_transpose
2103eee5eff982aba5a9a7845cd1b431df77bb02df267a82841759a4407db602,2103eee5eff982aba5a9a7845cd1b431df77bb02df267a82841759a4407db602,0,transpose,32,20,False,anti_transpose
89a6161db6a57ae9f9264d5468622ccefa93982f766449e810d060ccc3afd8d0,89a6161db6a57ae9f9264d5468622ccefa93982f766449e810d060ccc3afd8d0,1,transpose,32,20,False,anti_transpose
22ec04b3b79956dc5a3e237a966afa5b93b8ee7e08b24203b01c6442163722d0,22ec04b3b79956dc5a3e237a966afa5b93b8ee7e08b24203b01c6442163722d0,0,transpose,32,21,False,anti_transpose
46ecda1eb52555d7c67374319629918afd55b85853f9d5ff1d9eebcf56b28465,46ecda1eb52555d7c67374319629918afd55b85853f9d5ff1d9eebcf56b28465,1,transpose,32,21,False,anti_transpose
f2ee5d12f0baaf7931a489b03d04c3da6138743a6b0a50f4a3000a7971cfffa7,f2ee5d12f0baaf7931a489b03d04c3da6138743a6b0a50f4a3000a7971cfffa7,0,transpose,32,22,False,anti_transpose
5766df24f860dac749220a9321816edc24d50e078afe75a37cfbc99dcf24f34e,5766df24f860dac749220a9321816edc24d50e078afe75a37cfbc99dcf24f34e,1,transpose,32,22,False,anti_transpose
08e2ad05ff8c892a87a80870a3e1fd0a8a240c044847da919002522914c588eb,08e2ad05ff8c892a87a80870a3e1fd0a8a240c044847da919002522914c588eb,0,transpose,32,23,False,anti_transpose
10558e62986495c6f46496ec7ae62bfc0699ed7ee25b03da5496d603d33f4ddf,10558e62986495c6f46496ec7ae62bfc0699ed7ee25b03da5496d603d33f4ddf,1,transpose,32,23,False,anti_transpose
7f12e7f428afc9179bafaa83c329042e82e43740c497222621440c8bd8befe29,7f12e7f428afc9179bafaa83c329042e82e43740c497222621440c8bd8befe29,0,transpose,32,24,False,anti_transpose
c6d727c8ae5ea58ed54fa30d7994b8c7fbae0cd1b594dc816c5d8e786dad4de9,c6d727c8ae5ea58ed54fa30d7994b8c7fbae0cd1b594dc816c5d8e786dad4de9,1,transpose,32,24,False,anti_transpose
cdfa1ab8f858ca479aa29566d2dc7808f221ad6a99216ca5944f441d981cad28,cdfa1ab8f858ca479aa29566d2dc7808f221ad6a99216ca5944f441d981cad28,0,transpose,32,25,False,anti_transpose
0e5676fb786db20c507d9710a52dd06e091613c6fb093aaed51147fe66bd420e,0e5676fb786db20c507d9710a52dd06e091613c6fb093aaed51147fe66bd420e,1,transpose,32,25,False,anti_transpose
f853dd4a9686441ffa9543b4131809ae645cfa5e58c8f6af09ce760cd0ee2e43,f853dd4a9686441ffa9543b4131809ae645cfa5e58c8f6af09ce760cd0ee2e43,0,transpose,32,26,False,anti_transpose
42c800b32547fec6977f3796eb0d0a22121983dc45dd493dfd65377312f9a037,42c800b32547fec6977f3796eb0d0a22121983dc45dd493dfd65377312f9a037,1,transpose,32,26,False,anti_transpose
8a2fb7ddcfa71b9750c9e53898212966ea776d15de41ef93fa77774671d30907,8a2fb7ddcfa71b9750c9e53898212966ea776d15de41ef93fa77774671d30907,0,transpose,32,27,False,anti_transpose
5b0817744b748bf3a1d1f988ff60096c85c1142561d61059f0dfdb4c57c45a61,5b0817744b748bf3a1d1f988ff60096c85c1142561d61059f0dfdb4c57c45a61,1,transpose,32,27,False,anti_transpose
17264d488089a7cc8e5f746a56583e3298d4b900d1dbe473be5704d2514db178,17264d488089a7cc8e5f746a56583e3298d4b900d1dbe473be5704d2514db178,0,transpose,32,28,False,anti_transpose
bb1227867a21065578907a84c393618fd7192dc82c778bd3e88d88b7d718ccfc,bb1227867a21065578907a84c393618fd7192dc82c778bd3e88d88b7d718ccfc,1,transpose,32,28,False,anti_transpose
b32053b2a59567686a72c0811c8d0bf4d6d06a505fbf504ca40eaccc07192be0,b32053b2a59567686a72c0811c8d0bf4d6d06a505fbf504ca40eaccc07192be0,0,transpose,32,29,False,anti_transpose
df623fc5b0cd560f238ddbaac55a2cf1d60db3969878a6e1d27c48a62f749a79,df623fc5b0cd560f238ddbaac55a2cf1d60db3969878a6e1d27c48a62f749a79,1,transpose,32,29,False,anti_transpose
85bb8162f747cb3a5154eaf5656f1566e5458045df56a2ae3d1f07f8cf30eb11,85bb8162f747cb3a5154eaf5656f1566e5458045df56a2ae3d1f07f8cf30eb11,0,transpose,32,30,False,anti_transpose
9ceabe84542d6a65bb24303d7a16dbb9739efc319cc8b9eef0dd2de3518115a0,9ceabe84542d6a65bb24303d7a16dbb9739efc319cc8b9eef0dd2de3518115a0,1,transpose,32,30,False,anti_transpose
064c9cf750d508a20a55bad70d7b495518b783c1d27ca781071b8020282dfd0f,064c9cf750d508a20a55bad70d7b495518b783c1d27ca781071b8020282dfd0f,0,transpose,32,31,False,anti_transpose
d028efc65d62310746bc602abb40f867e7d2d16042fd7f6a8ea355ace2d70dec,d028efc65d62310746bc602abb40f867e7d2d16042fd7f6a8ea355ace2d70dec,1,transpose,32,31,False,anti_transpose
e35a191e76b96e7fe294cf7cf18efd3251f327e8500b98e7509fbab04f676c53,e35a191e76b96e7fe294cf7cf18efd3251f327e8500b98e7509fbab04f676c53,0,transpose,32,32,False,anti_transpose
13c4c4e1a7342c5bcbac5cb0a36fe024c96774f26399aed825d4c06c861c693c,13c4c4e1a7342c5bcbac5cb0a36fe024c96774f26399aed825d4c06c861c693c,1,transpose,32,32,False,anti_transpose
a5a5e6a1d7bbcca53483dad1da7663d73ed6a80a31beffdcfa66fd8aead5951d,a5a5e6a1d7bbcca53483dad1da7663d73ed6a80a31beffdcfa66fd8aead5951d,0,transpose,32,33,False,anti_transpose
96195a3e74975558aa6f9318ddc3e4817ad5c74cf061c62a5c328bbc4a0e7e84,96195a3e74975558aa6f9318ddc3e4817ad5c74cf061c62a5c328bbc4a0e7e84,1,transpose,32,33,False,anti_transpose
150b550f708be76bb02c1721da414e91d54c0957df74658b58d40d46339971e9,150b550f708be76bb02c1721da414e91d54c0957df74658b58d40d46339971e9,0,transpose,32,34,False,anti_transpose
aa07196d4f66a4364eef30b3479675b60152fa6c07cb2c9aa66c934a87e29056,aa07196d4f66a4364eef30b3479675b60152fa6c07cb2c9aa66c934a87e29056,1,transpose,32,34,False,anti_transpose
5cf93d8d8194fc8b24ecd61be79b14e27e021995251aff07b479c603d44afe1d,5cf93d8d8194fc8b24ecd61be79b14e27e021995251aff07b479c603d44afe1d,0,transpose,32,35,False,anti_transpose
0eca3f4a10098632d73db520022ffea169407719d197a05387a8783eb7d21c58,0eca3f4a10098632d73db520022ffea169407719d197a05387a8783eb7d21c58,1,transpose,32,35,False,anti_transpose
9a99d0bd764730a3ecee2429b1ccff7a97d91647f7a9eefecc4fbd9bb59e7796,9a99d0bd764730a3ecee2429b1ccff7a97d91647f7a9eefecc4fbd9bb59e7796,0,identity,128,0,False,anti_transpose
1d56552724236aaf2ddc3f5bbbe7ae4514c76b2bb204f98e8413d41da2b9ab17,1d56552724236aaf2ddc3f5bbbe7ae4514c76b2bb204f98e8413d41da2b9ab17,1,identity,128,0,False,anti_transpose
89d697c1ecafb7e51eafe9f7df68083f0dca6005ec2392b020966e4d775a7565,89d697c1ecafb7e51eafe9f7df68083f0dca6005ec2392b020966e4d775a7565,0,identity,128,1,False,anti_transpose
7fa14c380fe2887e9ba1d87842717ed9ddb094f1f212da2040c5dcc350dc9e02,7fa14c380fe2887e9ba1d87842717ed9ddb094f1f212da2040c5dcc350dc9e02,1,identity,128,1,False,anti_transpose
434de0be1f056b32d2504a3711826ba147d973b9edc82c52acde77f19700b7ae,434de0be1f056b32d2504a3711826ba147d973b9edc82c52acde77f19700b7ae,0,identity,128,2,False,anti_transpose
23c20bceb39078ef402776f804c2ac337e59953550cafffc748f80af2b8a3670,23c20bceb39078ef402776f804c2ac337e59953550cafffc748f80af2b8a3670,1,identity,128,2,False,anti_transpose
3ce7afd305486392e1c17960fca193ea9d5ddff6a0c2c6c6cbb22d2d7189a19b,3ce7afd305486392e1c17960fca193ea9d5ddff6a0c2c6c6cbb22d2d7189a19b,0,identity,128,3,False,anti_transpose
f8e986d66914af750eeeb6fb6cb0cf14360a32d86048956108eda0fdd90f4fab,f8e986d66914af750eeeb6fb6cb0cf14360a32d86048956108eda0fdd90f4fab,1,identity,128,3,False,anti_transpose
ea8c5d24bf4fb1b96a1c398af3a1ed235efb1868e341b1ade2af4934223e226a,ea8c5d24bf4fb1b96a1c398af3a1ed235efb1868e341b1ade2af4934223e226a,0,identity,128,4,False,anti_transpose
ef82c7690a313270a1de5c9ad0f934cf812f3ab47c8395b6ea6f888287384ab6,ef82c7690a313270a1de5c9ad0f934cf812f3ab47c8395b6ea6f888287384ab6,1,identity,128,4,False,anti_transpose
c0c2261de0e618eebfc04545b13182c883c1d828b2d89b64e9acf87631382ddb,c0c2261de0e618eebfc04545b13182c883c1d828b2d89b64e9acf87631382ddb,0,identity,128,5,False,anti_transpose
ca1b9977eeb6bc95977d19e2ae3c55b39bb3e15a82f376968268820683dea145,ca1b9977eeb6bc95977d19e2ae3c55b39bb3e15a82f376968268820683dea145,1,identity,128,5,False,anti_transpose
00a0536d5e00093fd3e7ff082a17de881238ed5999e9a1aa50bf564fdf68edea,00a0536d5e00093fd3e7ff082a17de881238ed5999e9a1aa50bf564fdf68edea,0,identity,128,6,False,anti_transpose
5cccee865e2316aad9c7a4a4f53e28668f0ad668e9431e3164471947f6eab095,5cccee865e2316aad9c7a4a4f53e28668f0ad668e9431e3164471947f6eab095,1,identity,128,6,False,anti_transpose
638707f0d74e42f4c2a920fdbba7bed7478d8922058f59cc94515880936071fe,638707f0d74e42f4c2a920fdbba7bed7478d8922058f59cc94515880936071fe,0,identity,128,7,False,anti_transpose
5945ac448e47e0975ae3f34170646cc741145dec78a50bbbb8a4725cf67a759f,5945ac448e47e0975ae3f34170646cc741145dec78a50bbbb8a4725cf67a759f,1,identity,128,7,False,anti_transpose
83c46aa0ecbc1caab91b5b1c3b8547b6787b3799c6c0f793e1e1d6c1b9aa3405,83c46aa0ecbc1caab91b5b1c3b8547b6787b3799c6c0f793e1e1d6c1b9aa3405,0,identity,128,8,False,anti_transpose
4b63182078dcad8933c3388d026c3e65ea7fed051c03f1c1d13fd37952c4bcf8,4b63182078dcad8933c3388d026c3e65ea7fed051c03f1c1d13fd37952c4bcf8,1,identity,128,8,False,anti_transpose
b2f6b76bfd9a14c617963ce2f1d277897faa91c6e529a7c995b657b84a9bd373,b2f6b76bfd9a14c617963ce2f1d277897faa91c6e529a7c995b657b84a9bd373,0,identity,128,9,False,anti_transpose
b518075b6807443e57dc2b18bb7785d822e61b5c4c4604f1d5c49099632f8104,b518075b6807443e57dc2b18bb7785d822e61b5c4c4604f1d5c49099632f8104,1,identity,128,9,False,anti_transpose
f4a120e8d618be3ba5a87d03af72863304f6c5f794aa54a706ff1fc85d83023b,f4a120e8d618be3ba5a87d03af72863304f6c5f794aa54a706ff1fc85d83023b,0,identity,128,10,False,anti_transpose
803067d0b494875187925bfbf405e0bb9634204f56a6acc3b2c08bb72e2a3dfe,803067d0b494875187925bfbf405e0bb9634204f56a6acc3b2c08bb72e2a3dfe,1,identity,128,10,False,anti_transpose
db7de912ef4c0387c17aa1c858eb1f1eee6f5a66aa0882311f573f007113af07,db7de912ef4c0387c17aa1c858eb1f1eee6f5a66aa0882311f573f007113af07,0,identity,128,11,False,anti_transpose
1c2ae9636de892908d6095652a4f7e845a8a6df8de3a7302a0439deb653822b0,1c2ae9636de892908d6095652a4f7e845a8a6df8de3a7302a0439deb653822b0,1,identity,128,11,False,anti_transpose
ebdbd700ca4c0c1ab38a1ae4ac5795e94f6d247965c8e0e358aeb4975ddd0c86,ebdbd700ca4c0c1ab38a1ae4ac5795e94f6d247965c8e0e358aeb4975ddd0c86,0,identity,128,12,False,anti_transpose
7745b533f4c5d5e76b94a70d1cfea79c681ff5a38eb6d0bf8854113af3035114,7745b533f4c5d5e76b94a70d1cfea79c681ff5a38eb6d0bf8854113af3035114,1,identity,128,12,False,anti_transpose
3183516fd162574260c66b25fbd6eb442332f120edd14031a8a09b3e5588d8be,3183516fd162574260c66b25fbd6eb442332f120edd14031a8a09b3e5588d8be,0,identity,128,13,False,anti_transpose
be1799f2ce13f54738c681c96b2bc671a063e4cedac773f2566f054d92f03a55,be1799f2ce13f54738c681c96b2bc671a063e4cedac773f2566f054d92f03a55,1,identity,128,13,False,anti_transpose
e9f381ed471a9fd50a247d355f2bdbe04a6e51317064baed71f8164bf2bd2362,e9f381ed471a9fd50a247d355f2bdbe04a6e51317064baed71f8164bf2bd2362,0,identity,128,14,False,anti_transpose
9bfcd00e588fe9f57f8ef2130d9e948bd842ba0425b5707aae87988952435ba3,9bfcd00e588fe9f57f8ef2130d9e948bd842ba0425b5707aae87988952435ba3,1,identity,128,14,False,anti_transpose
0ca87ec7d25818c3d132fb93860e3096cae39f28af904b3a003ff268a26e35be,0ca87ec7d25818c3d132fb93860e3096cae39f28af904b3a003ff268a26e35be,0,identity,128,15,False,anti_transpose
da9633dc1629a3e386a81f4b0c350dd33d07f3f6fa2a4356fc40a359af5f80c2,da9633dc1629a3e386a81f4b0c350dd33d07f3f6fa2a4356fc40a359af5f80c2,1,identity,128,15,False,anti_transpose
608430ca8ba14a3a00691c3f2a742af06f6de220dbddc6aa66dd3958003a22b3,608430ca8ba14a3a00691c3f2a742af06f6de220dbddc6aa66dd3958003a22b3,0,identity,128,16,False,anti_transpose
34602b0197955cac08ab50e9144fad3d1a5c02b6399c994e4eea055f7293f981,34602b0197955cac08ab50e9144fad3d1a5c02b6399c994e4eea055f7293f981,1,identity,128,16,False,anti_transpose
6de3f55bd6c6b56913e6f0a0f4faa01dd7e8ff2da7013ba7f51320145a1c007d,6de3f55bd6c6b56913e6f0a0f4faa01dd7e8ff2da7013ba7f51320145a1c007d,0,identity,128,17,False,anti_transpose
914d4845045e8417017406788eecbeb5624220b9000d8df8880fe1af16177dbf,914d4845045e8417017406788eecbeb5624220b9000d8df8880fe1af16177dbf,1,identity,128,17,False,anti_transpose
c3de93f1a44c3317358fac891072e3aa46745b0d453016428fd7444b7c26d6ba,c3de93f1a44c3317358fac891072e3aa46745b0d453016428fd7444b7c26d6ba,0,identity,128,18,False,anti_transpose
70141e043f0e503f021f95fa1faf98002022578e69cb36e50f4d21d3e6af4b8b,70141e043f0e503f021f95fa1faf98002022578e69cb36e50f4d21d3e6af4b8b,1,identity,128,18,False,anti_transpose
b645e623e9e2d459fd899232a4b1de03eb6eb021a68cb47738d255dad5ff3516,b645e623e9e2d459fd899232a4b1de03eb6eb021a68cb47738d255dad5ff3516,0,identity,128,19,False,anti_transpose
faf6a5b1597dc153970a9532deea92599ebf6b7807da6180a2f7e7ec0b5e395f,faf6a5b1597dc153970a9532deea92599ebf6b7807da6180a2f7e7ec0b5e395f,1,identity,128,19,False,anti_transpose
b67756a696a9169b0c27b6655c9aace6b8b1e8f593526db8895f0786b173dc09,b67756a696a9169b0c27b6655c9aace6b8b1e8f593526db8895f0786b173dc09,0,identity,128,20,False,anti_transpose
8d471ba0a19ad391b68b88590eeff05341141f32d626975d5475d30ff0028f18,8d471ba0a19ad391b68b88590eeff05341141f32d626975d5475d30ff0028f18,1,identity,128,20,False,anti_transpose
1cc604602ea5f1f46c5e2194ad6922fdaf6ecc87d4c777906936d273558f5909,1cc604602ea5f1f46c5e2194ad6922fdaf6ecc87d4c777906936d273558f5909,0,identity,128,21,False,anti_transpose
2cea2e5b790239c33e4d93bde2b403bfee753ca717e9c22621ff47a003d02e60,2cea2e5b790239c33e4d93bde2b403bfee753ca717e9c22621ff47a003d02e60,1,identity,128,21,False,anti_transpose
8a53a0e8f633a0f8b4a649a285afaa2ef9b2e8d74606cf37153bc2e8c374c412,8a53a0e8f633a0f8b4a649a285afaa2ef9b2e8d74606cf37153bc2e8c374c412,0,identity,128,22,False,anti_transpose
a9e0d492cdedf79eb3c8c6b6e60751225d9abf207405174b890512a1ddc507f9,a9e0d492cdedf79eb3c8c6b6e60751225d9abf207405174b890512a1ddc507f9,1,identity,128,22,False,anti_transpose
41985c0ca9509012b9a61a26ea1cc9b71e9e51b0d3e8ebc8b32ccc774fa5b8e5,41985c0ca9509012b9a61a26ea1cc9b71e9e51b0d3e8ebc8b32ccc774fa5b8e5,0,identity,128,23,False,anti_transpose
afb9d4d548483de205ddf8069e07fc4c00cbd8bb25bd3c5b9236badda9f49a2b,afb9d4d548483de205ddf8069e07fc4c00cbd8bb25bd3c5b9236badda9f49a2b,1,identity,128,23,False,anti_transpose
feed37027e1f0e18268393d5e6cf28200f08adab5eefd903f9b525f0f4bdd525,feed37027e1f0e18268393d5e6cf28200f08adab5eefd903f9b525f0f4bdd525,0,identity,128,24,False,anti_transpose
5e145257fbf33a7b08d0ce87ff50c1a632a96800d55684ef7f028ee01f9690c7,5e145257fbf33a7b08d0ce87ff50c1a632a96800d55684ef7f028ee01f9690c7,1,identity,128,24,False,anti_transpose
5664e184fa02ca8e73312153f6652cb3ba1b0cf794074ab9a5f8785e9c8bce6f,5664e184fa02ca8e73312153f6652cb3ba1b0cf794074ab9a5f8785e9c8bce6f,0,identity,128,25,False,anti_transpose
7e37608b9faddf7a35ed06cc656b6157a235313c7a60e0d2d9674148bad26875,7e37608b9faddf7a35ed06cc656b6157a235313c7a60e0d2d9674148bad26875,1,identity,128,25,False,anti_transpose
07897b929277cb6b1d1825e4d6cacf18f3295e94ebcd755e6bdd947112d6259c,07897b929277cb6b1d1825e4d6cacf18f3295e94ebcd755e6bdd947112d6259c,0,identity,128,26,False,anti_transpose
f00bc839dd6c8fbdefc1e4c8325bac1b1cec8322bce4cfb90e50a644d5f73b8e,f00bc839dd6c8fbdefc1e4c8325bac1b1cec8322bce4cfb90e50a644d5f73b8e,1,identity,128,26,False,anti_transpose
aaaea58684269d8a3cf0eaa73252036edebe41c1694bd9a2541b1a6ce4eb0dea,aaaea58684269d8a3cf0eaa73252036edebe41c1694bd9a2541b1a6ce4eb0dea,0,identity,128,27,False,anti_transpose
8185e6633b85eb683d859c0dd58cf8112f574ce2d43de301f0d6b1521d056869,8185e6633b85eb683d859c0dd58cf8112f574ce2d43de301f0d6b1521d056869,1,identity,128,27,False,anti_transpose
8f5095abd1616ed68565b6ff8b2df82c56d2df0ca974ace7affc04916eb2d115,8f5095abd1616ed68565b6ff8b2df82c56d2df0ca974ace7affc04916eb2d115,0,identity,128,28,False,anti_transpose
b1f7a9bc2bd2e1f1c6420fb3acd7b0de4ba90c97332b4128bfe0861ea4ff4fd0,b1f7a9bc2bd2e1f1c6420fb3acd7b0de4ba90c97332b4128bfe0861ea4ff4fd0,1,identity,128,28,False,anti_transpose
69f9665b68c2c591312bef6f55d1fca2286348e48ccfbf6746d577f74face6f4,69f9665b68c2c591312bef6f55d1fca2286348e48ccfbf6746d577f74face6f4,0,identity,128,29,False,anti_transpose
209df8a993e05b2fe2b5f055ae048290da7adcf08fdc0bbc8ef09e9be532068f,209df8a993e05b2fe2b5f055ae048290da7adcf08fdc0bbc8ef09e9be532068f,1,identity,128,29,False,anti_transpose
39080e61317d2bb153dc2d2608b9839286db9c8f7c0709cd8fd2fe31d1c7450a,39080e61317d2bb153dc2d2608b9839286db9c8f7c0709cd8fd2fe31d1c7450a,0,identity,128,30,False,anti_transpose
24dbd5f01173d6b312f31957995f583e1621db7849c0e4471e85292ef2dce3e0,24dbd5f01173d6b312f31957995f583e1621db7849c0e4471e85292ef2dce3e0,1,identity,128,30,False,anti_transpose
04c01f77d1783195f41e560819c3201eb238888b5670fb9390972cd1a42a1905,04c01f77d1783195f41e560819c3201eb238888b5670fb9390972cd1a42a1905,0,identity,128,31,False,anti_transpose
fff5e0e69b92efe2a27e59fc1a82ccbf7d3184c3b9f17e4b746ccbaf709175ca,fff5e0e69b92efe2a27e59fc1a82ccbf7d3184c3b9f17e4b746ccbaf709175ca,1,identity,128,31,False,anti_transpose
e9fb1735c6689e3425ef035705da25115d12218fc5738718fc0e51521d4bf076,e9fb1735c6689e3425ef035705da25115d12218fc5738718fc0e51521d4bf076,0,identity,128,32,False,anti_transpose
e59ed103a3f4a2b34f9d0466fd6cd7a38720d0ce5975af3e985134edee88d0dd,e59ed103a3f4a2b34f9d0466fd6cd7a38720d0ce5975af3e985134edee88d0dd,1,identity,128,32,False,anti_transpose
d321574c9990da5ad2f81147c7d1df7027548ccc6cd3c476bcf189c599b6c092,d321574c9990da5ad2f81147c7d1df7027548ccc6cd3c476bcf189c599b6c092,0,identity,128,33,False,anti_transpose
94ba0d23767c532bc3d757cd555d1a0581a3b9f1d5da27c94faa0bbcdbb92c63,94ba0d23767c532bc3d757cd555d1a0581a3b9f1d5da27c94faa0bbcdbb92c63,1,identity,128,33,False,anti_transpose
6a1ff70a31321e3e9e1609bc9b9092888eaeb9045871471cdb4ad4f82547591d,6a1ff70a31321e3e9e1609bc9b9092888eaeb9045871471cdb4ad4f82547591d,0,identity,128,34,False,anti_transpose
19c033f96030586e3803ccbfdde6005cb1579afff13d5e74045ef9ef71e0789d,19c033f96030586e3803ccbfdde6005cb1579afff13d5e74045ef9ef71e0789d,1,identity,128,34,False,anti_transpose
df7c20b9e8b95fdd3a95c00a01663daa396b2c711dc7a9fb460b09e05c1e7c00,df7c20b9e8b95fdd3a95c00a01663daa396b2c711dc7a9fb460b09e05c1e7c00,0,identity,128,35,False,anti_transpose
d7924137092d2c5c13f7cd8d6946d4ffd0a07c8219d2600430a9a99f8249d982,d7924137092d2c5c13f7cd8d6946d4ffd0a07c8219d2600430a9a99f8249d982,1,identity,128,35,False,anti_transpose
0a90d37a916e23aad0a2e593b727d0b1fda67a509d89e3081441cc457bf4b6eb,0a90d37a916e23aad0a2e593b727d0b1fda67a509d89e3081441cc457bf4b6eb,0,flip_ud,128,0,False,anti_transpose
57a9d946386a94adc52a2b3e77dd611172b9aa1188e8bd02a6d25f4810fdbf24,57a9d946386a94adc52a2b3e77dd611172b9aa1188e8bd02a6d25f4810fdbf24,1,flip_ud,128,0,False,anti_transpose
3673104dae05e698b0b55fb9158689936f4f92cd7fa35a8dfa4fe84b6424632a,3673104dae05e698b0b55fb9158689936f4f92cd7fa35a8dfa4fe84b6424632a,0,flip_ud,128,1,False,anti_transpose
b824050621d52135c04b2ebfaaf1af1d5e9471e52de4355cff3e5c3e4bbb9b62,b824050621d52135c04b2ebfaaf1af1d5e9471e52de4355cff3e5c3e4bbb9b62,1,flip_ud,128,1,False,anti_transpose
b9923d4632a372fa90914d5ff095b4bc289ffc233cef4a7b007ad988684cde75,b9923d4632a372fa90914d5ff095b4bc289ffc233cef4a7b007ad988684cde75,0,flip_ud,128,2,False,anti_transpose
3c4d8721b727cb656804418dacfce5ddd7a1d23e66085abdd3df71770662e898,3c4d8721b727cb656804418dacfce5ddd7a1d23e66085abdd3df71770662e898,1,flip_ud,128,2,False,anti_transpose
a91f9087e715026113abf9576d89b8e22df787bf6cfb53896b5d84809e76ca40,a91f9087e715026113abf9576d89b8e22df787bf6cfb53896b5d84809e76ca40,0,flip_ud,128,3,False,anti_transpose
870872e4d12a4ca2666e8f8c2b49d753ea67e51ff03335de80fc1842be3f0b5c,870872e4d12a4ca2666e8f8c2b49d753ea67e51ff03335de80fc1842be3f0b5c,1,flip_ud,128,3,False,anti_transpose
ef878fbba1ebd88cda06062de3630bd4e8c30a74e4397e134b22bdf0d8af36e7,ef878fbba1ebd88cda06062de3630bd4e8c30a74e4397e134b22bdf0d8af36e7,0,flip_ud,128,4,False,anti_transpose
7fe78d76266ea275c701bbb4463dd0aa966e0a1129af96625cf7d3f1a694140b,7fe78d76266ea275c701bbb4463dd0aa966e0a1129af96625cf7d3f1a694140b,1,flip_ud,128,4,False,anti_transpose
e0ac27b47d1b68920d4242942073573f7227b23e720c086abe67f2c1f8b4515c,e0ac27b47d1b68920d4242942073573f7227b23e720c086abe67f2c1f8b4515c,0,flip_ud,128,5,False,anti_transpose
18dbd3d4456ea95459fca32f723609c4abd1a2f2c8c73b71d87d74987b428376,18dbd3d4456ea95459fca32f723609c4abd1a2f2c8c73b71d87d74987b428376,1,flip_ud,128,5,False,anti_transpose
9c1d7ed9e3bd216414644465450c687bccb3b42f0f8d1de11a2a487f7b6fedc2,9c1d7ed9e3bd216414644465450c687bccb3b42f0f8d1de11a2a487f7b6fedc2,0,flip_ud,128,6,False,anti_transpose
c81a8f7f60549f9e3dc190056e4e3b89d9484a012b1abfffb50597c0b68cedad,c81a8f7f60549f9e3dc190056e4e3b89d9484a012b1abfffb50597c0b68cedad,1,flip_ud,128,6,False,anti_transpose
1b05ae02c9aaa8195a64f5f5460fd71f56e87808c7b424be55e6782eaca86851,1b05ae02c9aaa8195a64f5f5460fd71f56e87808c7b424be55e6782eaca86851,0,flip_ud,128,7,False,anti_transpose
71802e83612214fac7733d3bd5b79da7d70643f822a8f51a72a5805eb6431fc4,71802e83612214fac7733d3bd5b79da7d70643f822a8f51a72a5805eb6431fc4,1,flip_ud,128,7,False,anti_transpose
e69edc8cb20676f1ccc95382506c6335a9828a5dd88b1fad74451220e1fb7631,e69edc8cb20676f1ccc95382506c6335a9828a5dd88b1fad74451220e1fb7631,0,flip_ud,128,8,False,anti_transpose
3a65b4b12e5aab833d45215232078690df515e21736c55ff52b1c48cec1cb921,3a65b4b12e5aab833d45215232078690df515e21736c55ff52b1c48cec1cb921,1,flip_ud,128,8,False,anti_transpose
ad5ae2cb6c1e410795ae6eb2421d47d9be6d6ac6d8485a9c7f0c413bee490216,ad5ae2cb6c1e410795ae6eb2421d47d9be6d6ac6d8485a9c7f0c413bee490216,0,flip_ud,128,9,False,anti_transpose
3c105f20c608223df006718d0bf10e525e945afa76257bf3fde1e49f494e0e26,3c105f20c608223df006718d0bf10e525e945afa76257bf3fde1e49f494e0e26,1,flip_ud,128,9,False,anti_transpose
17c8dded2ee5c69c1ec984ebb20cccf15574ba056fd4a7f83b83a4323bcb8092,17c8dded2ee5c69c1ec984ebb20cccf15574ba056fd4a7f83b83a4323bcb8092,0,flip_ud,128,10,False,anti_transpose
0ae3698be22dbda2b986ea8b4ed6097f58861676eb467e0058bee3128ed2778e,0ae3698be22dbda2b986ea8b4ed6097f58861676eb467e0058bee3128ed2778e,1,flip_ud,128,10,False,anti_transpose
7cd0766081b92022c984c0900c5c0a2a6a0c5575a9f679e6ac57e6f3e4c5db3b,7cd0766081b92022c984c0900c5c0a2a6a0c5575a9f679e6ac57e6f3e4c5db3b,0,flip_ud,128,11,False,anti_transpose
bcfb81e1de592d9be5ec6bd7d038748d9045d105670c6592c6c6422a7e6beccc,bcfb81e1de592d9be5ec6bd7d038748d9045d105670c6592c6c6422a7e6beccc,1,flip_ud,128,11,False,anti_transpose
ca86f891964c2aa72f8f5f411463542c3930d80c5a915bff6d74cbc416c81fd8,ca86f891964c2aa72f8f5f411463542c3930d80c5a915bff6d74cbc416c81fd8,0,flip_ud,128,12,False,anti_transpose
02e64f4c7bd391c457089597fe8a83ffe3367d64a26f1614f875a68d59391e08,02e64f4c7bd391c457089597fe8a83ffe3367d64a26f1614f875a68d59391e08,1,flip_ud,128,12,False,anti_transpose
8a1e2e6b9401115e962ae0ae35c43046e91e1173542cc469b8955690e352a7f8,8a1e2e6b9401115e962ae0ae35c43046e91e1173542cc469b8955690e352a7f8,0,flip_ud,128,13,False,anti_transpose
0c5a0aead8a1a9d9b31c58b1ec86a0d6e1b57128027d6169cc613761558c0fb1,0c5a0aead8a1a9d9b31c58b1ec86a0d6e1b57128027d6169cc613761558c0fb1,1,flip_ud,128,13,False,anti_transpose
c5f054587e67e3a2879358c06c496f78299dc685ae65743bfb6b369c12df041b,c5f054587e67e3a2879358c06c496f78299dc685ae65743bfb6b369c12df041b,0,flip_ud,128,14,False,anti_transpose
47b89b0e63d3c1ab7d80cebec5ede3843d3fb59871baa3c50e0fb395938520d3,47b89b0e63d3c1ab7d80cebec5ede3843d3fb59871baa3c50e0fb395938520d3,1,flip_ud,128,14,False,anti_transpose
68aae1b8b2b80ae472a2ab25cb9bdb9552aeef6aad021532018a32b08c62b14d,68aae1b8b2b80ae472a2ab25cb9bdb9552aeef6aad021532018a32b08c62b14d,0,flip_ud,128,15,False,anti_transpose
872a1a2d49df8054a4d1f9a58eccae37173d951e1dbf57b2ce7db9b177ea4cbd,872a1a2d49df8054a4d1f9a58eccae37173d951e1dbf57b2ce7db9b177ea4cbd,1,flip_ud,128,15,False,anti_transpose
aabd526f0d24784d2e43b15a6543fc5008bfd34c6ca629c0ce8fbf1078a788d2,aabd526f0d24784d2e43b15a6543fc5008bfd34c6ca629c0ce8fbf1078a788d2,0,flip_ud,128,16,False,anti_transpose
470c1ec580fd91316a927d390a461b5c6d0bf5ac1ebbd06617165dfeb27ee053,470c1ec580fd91316a927d390a461b5c6d0bf5ac1ebbd06617165dfeb27ee053,1,flip_ud,128,16,False,anti_transpose
a304d2f94d2360c20111041f179b2ff245e0ae1cdf2a0f919a39cd2578ce7b89,a304d2f94d2360c20111041f179b2ff245e0ae1cdf2a0f919a39cd2578ce7b89,0,flip_ud,128,17,False,anti_transpose
e55445d0712a404234f23871eff7ae4804eba2cce4151e2806da5217540b49bd,e55445d0712a404234f23871eff7ae4804eba2cce4151e2806da5217540b49bd,1,flip_ud,128,17,False,anti_transpose
c3d5b685af06fdcbc490e8cd60e6d24c99a2770dd1839fd2fa2963258cb0830b,c3d5b685af06fdcbc490e8cd60e6d24c99a2770dd1839fd2fa2963258cb0830b,0,flip_ud,128,18,False,anti_transpose
007fa9ca40817f1647f6db18dc16fdf91e92578021728b2e97b9a2c0ecbb9e61,007fa9ca40817f1647f6db18dc16fdf91e92578021728b2e97b9a2c0ecbb9e61,1,flip_ud,128,18,False,anti_transpose
d70200ad9ecf8b243b27fd0afc4b9be6fa475a7f714471eb24e7c0dee8c80ca2,d70200ad9ecf8b243b27fd0afc4b9be6fa475a7f714471eb24e7c0dee8c80ca2,0,flip_ud,128,19,False,anti_transpose
309810c62faef61da7233ce9c642e4d66b9e1105636a69eed2c7d105eb3f5239,309810c62faef61da7233ce9c642e4d66b9e1105636a69eed2c7d105eb3f5239,1,flip_ud,128,19,False,anti_transpose
3cbdfb80d1294e5f602d9dfbcfb9edc9b0f139e5555e55eaf20197018071ee21,3cbdfb80d1294e5f602d9dfbcfb9edc9b0f139e5555e55eaf20197018071ee21,0,flip_ud,128,20,False,anti_transpose
85c2141b883078183ce25685c8cbb04f39cf0b85a6e2cb91cfe5a5c4616e6c43,85c2141b883078183ce25685c8cbb04f39cf0b85a6e2cb91cfe5a5c4616e6c43,1,flip_ud,128,20,False,anti_transpose
a77c67c751d5a50adaf33f0394d85f581108054c12c81b2a4d50a430425c32f8,a77c67c751d5a50adaf33f0394d85f581108054c12c81b2a4d50a430425c32f8,0,flip_ud,128,21,False,anti_transpose
4dd8b546fe29f20f71a6c6e879573d2b319cbf882b72db8cee53ddc4ba10a640,4dd8b546fe29f20f71a6c6e879573d2b319cbf882b72db8cee53ddc4ba10a640,1,flip_ud,128,21,False,anti_transpose
8dd4a6094e0e6392ea48fbee051c86854550c3a72a21f15183d3ed98deb06d6c,8dd4a6094e0e6392ea48fbee051c86854550c3a72a21f15183d3ed98deb06d6c,0,flip_ud,128,22,False,anti_transpose
46233c8702a8b32f54e3369c2c2f94f38aae8d65ab3e879efb0069f41e87ff7d,46233c8702a8b32f54e3369c2c2f94f38aae8d65ab3e879efb0069f41e87ff7d,1,flip_ud,128,22,False,anti_transpose
30fbbe571a54cd6b18f3c28e3577b7229907176f5821af8d463db0515cedd8b1,30fbbe571a54cd6b18f3c28e3577b7229907176f5821af8d463db0515cedd8b1,0,flip_ud,128,23,False,anti_transpose
2cb419bde570dea5a2e26b906645fe7a0597624c7b24a0844111843479ae61f3,2cb419bde570dea5a2e26b906645fe7a0597624c7b24a0844111843479ae61f3,1,flip_ud,128,23,False,anti_transpose
f52b400dce9d5547470dbae607a440f917064494b7e7d7988b895f3845b2282a,f52b400dce9d5547470dbae607a440f917064494b7e7d7988b895f3845b2282a,0,flip_ud,128,24,False,anti_transpose
00356d056d1e01ae0e0f16538712f1aa664b844e039966791d944598591dd716,00356d056d1e01ae0e0f16538712f1aa664b844e039966791d944598591dd716,1,flip_ud,128,24,False,anti_transpose
6ef3e7ace32490e9a60051f663ae24d0e670ad8cd4c38957e4d2e162b270cca5,6ef3e7ace32490e9a60051f663ae24d0e670ad8cd4c38957e4d2e162b270cca5,0,flip_ud,128,25,False,anti_transpose
e2bdea66ca74b4485e92511bc97c073baeef6c0a12054a2732658c800545623a,e2bdea66ca74b4485e92511bc97c073baeef6c0a12054a2732658c800545623a,1,flip_ud,128,25,False,anti_transpose
73a241116a2f660485fe97260ca6289b4b155b134165d75b2ff01350e82f8c1f,73a241116a2f660485fe97260ca6289b4b155b134165d75b2ff01350e82f8c1f,0,flip_ud,128,26,False,anti_transpose
ab03f43dcf1bff1dabff171e52d4372c16ebda98ec38b0209a33efb4d68df4e9,ab03f43dcf1bff1dabff171e52d4372c16ebda98ec38b0209a33efb4d68df4e9,1,flip_ud,128,26,False,anti_transpose
3a68dc617b388143dcd9a4b23858a904c4c7b0ef9c07b09dcbde833e040ed91e,3a68dc617b388143dcd9a4b23858a904c4c7b0ef9c07b09dcbde833e040ed91e,0,flip_ud,128,27,False,anti_transpose
5ba7a5474cbe01b03aed81dde3cfc48a3ab765dcec977c85a814575b97cba331,5ba7a5474cbe01b03aed81dde3cfc48a3ab765dcec977c85a814575b97cba331,1,flip_ud,128,27,False,anti_transpose
bc2891c7e4306b5806e912c5b77a427a151e11df3a92be8d8573f9454023aae4,bc2891c7e4306b5806e912c5b77a427a151e11df3a92be8d8573f9454023aae4,0,flip_ud,128,28,False,anti_transpose
0f38fba0840b1c0f508d1f276e43b42dbce3b906d1371cd7ba2718fa2bb011c2,0f38fba0840b1c0f508d1f276e43b42dbce3b906d1371cd7ba2718fa2bb011c2,1,flip_ud,128,28,False,anti_transpose
dd184034b5aee2f3cb8cec9411dc1d2400473e0cd084f8f2f5df4c17e412cb8c,dd184034b5aee2f3cb8cec9411dc1d2400473e0cd084f8f2f5df4c17e412cb8c,0,flip_ud,128,29,False,anti_transpose
5fe2a8eab7ac99dd3529d4f5ad8e61d5aab89236cfedd9389478d3181db1ca19,5fe2a8eab7ac99dd3529d4f5ad8e61d5aab89236cfedd9389478d3181db1ca19,1,flip_ud,128,29,False,anti_transpose
43d87c4ebeae122bd6533d2a0651cabd4e160a4eb0f476ff8a849066b830d632,43d87c4ebeae122bd6533d2a0651cabd4e160a4eb0f476ff8a849066b830d632,0,flip_ud,128,30,False,anti_transpose
5161cfa885ac8ad45070cfcddd69fee6be897119f2a4fdb8ff018fe25f6c75ec,5161cfa885ac8ad45070cfcddd69fee6be897119f2a4fdb8ff018fe25f6c75ec,1,flip_ud,128,30,False,anti_transpose
7438cb012f2e7bd8ecaf89e897cd461fd95c55d3803e62b0d7f584adef5fefeb,7438cb012f2e7bd8ecaf89e897cd461fd95c55d3803e62b0d7f584adef5fefeb,0,flip_ud,128,31,False,anti_transpose
04ac21b31e29f4bcd6ced314e86967e5e0f85c6acfef0c2cc74786b484366520,04ac21b31e29f4bcd6ced314e86967e5e0f85c6acfef0c2cc74786b484366520,1,flip_ud,128,31,False,anti_transpose
cc8635da71e10ff757b1e620631a44e360941c0ed9a40419db0c795fdc17863c,cc8635da71e10ff757b1e620631a44e360941c0ed9a40419db0c795fdc17863c,0,flip_ud,128,32,False,anti_transpose
62e20df8126fab99237cfb0603e0f0d806758daa00133db099327163e61db402,62e20df8126fab99237cfb0603e0f0d806758daa00133db099327163e61db402,1,flip_ud,128,32,False,anti_transpose
08e4c9b62724055589859f6fbaa6ec6fd7266769e1281c7819691b4ea858408b,08e4c9b62724055589859f6fbaa6ec6fd7266769e1281c7819691b4ea858408b,0,flip_ud,128,33,False,anti_transpose
ab75037b19ee269640d916d13c5b1ef9327f04dccd776a3c6231ce4bbaf37772,ab75037b19ee269640d916d13c5b1ef9327f04dccd776a3c6231ce4bbaf37772,1,flip_ud,128,33,False,anti_transpose
2c9660c8e3b94ed40f0f34c191647467c2534a583747c14eed992ace8d183593,2c9660c8e3b94ed40f0f34c191647467c2534a583747c14eed992ace8d183593,0,flip_ud,128,34,False,anti_transpose
954765b3d71a05b328f4248237d047e8a2c8d027e28ff0a215f88f317f190b02,954765b3d71a05b328f4248237d047e8a2c8d027e28ff0a215f88f317f190b02,1,flip_ud,128,34,False,anti_transpose
2fcc85279764ca2109e1dcc7af05dbe8569e876b785070c7ac8a68da461e9320,2fcc85279764ca2109e1dcc7af05dbe8569e876b785070c7ac8a68da461e9320,0,flip_ud,128,35,False,anti_transpose
2fdc7a50d65ef117723accc928a3f3731bbbddc9563bb97792c46e968258b29c,2fdc7a50d65ef117723accc928a3f3731bbbddc9563bb97792c46e968258b29c,1,flip_ud,128,35,False,anti_transpose
0efd0421c500d902bf9c483f5e70cb3abdef9386ac8615468b5a27ac097fbd01,0efd0421c500d902bf9c483f5e70cb3abdef9386ac8615468b5a27ac097fbd01,0,transpose,128,0,False,anti_transpose
0e5d949f302266b57d0829285ca4ab4ccf5069cd5cc04b9a6bd6ae78b0c1d68c,0e5d949f302266b57d0829285ca4ab4ccf5069cd5cc04b9a6bd6ae78b0c1d68c,1,transpose,128,0,False,anti_transpose
238d3c87d58795a8784ca0f6d7368ab9ba71fbc30a7c635d566d86d508e2ff87,238d3c87d58795a8784ca0f6d7368ab9ba71fbc30a7c635d566d86d508e2ff87,0,transpose,128,1,False,anti_transpose
6ab81865dadf38198adeaf35da59da836ee271052d0d082be791a142fa6e1447,6ab81865dadf38198adeaf35da59da836ee271052d0d082be791a142fa6e1447,1,transpose,128,1,False,anti_transpose
cb358b55b5ad0ae0fbda1ed8a10ac5302c57a735b82d4e37aab4541cf0e3ae74,cb358b55b5ad0ae0fbda1ed8a10ac5302c57a735b82d4e37aab4541cf0e3ae74,0,transpose,128,2,False,anti_transpose
357dfe90b98bc5447207c26b7be2e4c5d24cf6b33be7a2efdfdd107d683bd256,357dfe90b98bc5447207c26b7be2e4c5d24cf6b33be7a2efdfdd107d683bd256,1,transpose,128,2,False,anti_transpose
0d327963fba31a8abb3e12969d4f84d3a31b3b9b2ca2176e4734c1cc6b5b155e,0d327963fba31a8abb3e12969d4f84d3a31b3b9b2ca2176e4734c1cc6b5b155e,0,transpose,128,3,False,anti_transpose
f34453a606b22cf11d673de392abf14685b3931c4f6795a7957ec180f7261895,f34453a606b22cf11d673de392abf14685b3931c4f6795a7957ec180f7261895,1,transpose,128,3,False,anti_transpose
a1740d8d225308fe0173d3ac53f10adec306f19cc72b93ee6c514ab7a862b61c,a1740d8d225308fe0173d3ac53f10adec306f19cc72b93ee6c514ab7a862b61c,0,transpose,128,4,False,anti_transpose
a29b5c39e160ee6ea2f7a57788c72574710fceac65e2d22bc3c9302165a496cd,a29b5c39e160ee6ea2f7a57788c72574710fceac65e2d22bc3c9302165a496cd,1,transpose,128,4,False,anti_transpose
d16df94c1e9e8bb1bb6a148fc2dca66020fef6b58674eeefa63032f59de7c749,d16df94c1e9e8bb1bb6a148fc2dca66020fef6b58674eeefa63032f59de7c749,0,transpose,128,5,False,anti_transpose
5b8078584161d8606ad27854a790c8101aaa18e685a89dca33ba70c5ac485186,5b8078584161d8606ad27854a790c8101aaa18e685a89dca33ba70c5ac485186,1,transpose,128,5,False,anti_transpose
1fd5ebe30d8ac02957d2013310b34041d357875b7749bced79ef66a8d03b6a81,1fd5ebe30d8ac02957d2013310b34041d357875b7749bced79ef66a8d03b6a81,0,transpose,128,6,False,anti_transpose
3994d36ff03650f252b297dd8e6b8f1bdd31a4789962c895012edca9989499a5,3994d36ff03650f252b297dd8e6b8f1bdd31a4789962c895012edca9989499a5,1,transpose,128,6,False,anti_transpose
7fa238bee58839126f006ef45c81fe5ed82e4332a08178813f4f11ae49cdad7b,7fa238bee58839126f006ef45c81fe5ed82e4332a08178813f4f11ae49cdad7b,0,transpose,128,7,False,anti_transpose
1957e2dba9ee1d14d87a1edfc1d01af3ddede2414999ee53ea763145c954bbcc,1957e2dba9ee1d14d87a1edfc1d01af3ddede2414999ee53ea763145c954bbcc,1,transpose,128,7,False,anti_transpose
3e939d5ed75ed52d7ec9aafb4ab76029aee4437e8c3713d6aae631e744876d52,3e939d5ed75ed52d7ec9aafb4ab76029aee4437e8c3713d6aae631e744876d52,0,transpose,128,8,False,anti_transpose
92703541f90226fbcf4c7557081710f45e24dcaf558fbc1df51ef60d9955fe1e,92703541f90226fbcf4c7557081710f45e24dcaf558fbc1df51ef60d9955fe1e,1,transpose,128,8,False,anti_transpose
d76835bbf1179fe4649319874f6b44d87fb5efab0ccceb41e4399759c72b9898,d76835bbf1179fe4649319874f6b44d87fb5efab0ccceb41e4399759c72b9898,0,transpose,128,9,False,anti_transpose
384310687377edc0c66d1b0aab3e3a6b230365b2e31d0633d24cdb79015f82fa,384310687377edc0c66d1b0aab3e3a6b230365b2e31d0633d24cdb79015f82fa,1,transpose,128,9,False,anti_transpose
e844c06a40f70728936e6489efb346c1ad87350ebd25aead45a0aab041805c8d,e844c06a40f70728936e6489efb346c1ad87350ebd25aead45a0aab041805c8d,0,transpose,128,10,False,anti_transpose
b0c7ad84a58e4f684e749c7c85f44b95034c517fd6b9743968d8a56c763ee746,b0c7ad84a58e4f684e749c7c85f44b95034c517fd6b9743968d8a56c763ee746,1,transpose,128,10,False,anti_transpose
5f876e1b04e6475913760a3de36f842b723b94d2f95b56b5dff7cfc189a2f840,5f876e1b04e6475913760a3de36f842b723b94d2f95b56b5dff7cfc189a2f840,0,transpose,128,11,False,anti_transpose
f4bc5a702028a207498e839723356c3420775b2bbcad925bf5618067fa428499,f4bc5a702028a207498e839723356c3420775b2bbcad925bf5618067fa428499,1,transpose,128,11,False,anti_transpose
2bd27cc2cd25275f12cd016107f22e124f456def831454ed16112755ecd6dfd5,2bd27cc2cd25275f12cd016107f22e124f456def831454ed16112755ecd6dfd5,0,transpose,128,12,False,anti_transpose
1c507a0bf0f219298d024cb937df76d71659508c78f5dd05db9ed684fe5fb3c0,1c507a0bf0f219298d024cb937df76d71659508c78f5dd05db9ed684fe5fb3c0,1,transpose,128,12,False,anti_transpose
dfbceae8b9ded4e1bd8f0a8527365ab314aac0d4edeb96a6b75281a08f5e25af,dfbceae8b9ded4e1bd8f0a8527365ab314aac0d4edeb96a6b75281a08f5e25af,0,transpose,128,13,False,anti_transpose
826a02d9b9408a81213144f60ca790a168ce4332fd661dacc0f6eb1814a7b9c1,826a02d9b9408a81213144f60ca790a168ce4332fd661dacc0f6eb1814a7b9c1,1,transpose,128,13,False,anti_transpose
a0a696ccdccb8f0bd080e89232f5f8d6dac5384828d2e052539b522ece82deb9,a0a696ccdccb8f0bd080e89232f5f8d6dac5384828d2e052539b522ece82deb9,0,transpose,128,14,False,anti_transpose
d1defa88dc963af3877b033f5bb3bf16646eecc35dd9b95b560f8223d98d84e1,d1defa88dc963af3877b033f5bb3bf16646eecc35dd9b95b560f8223d98d84e1,1,transpose,128,14,False,anti_transpose
6523dafec24c4aa4a4602d28a00c3acaeca687dcc7f9de45b148a1d0b27ea481,6523dafec24c4aa4a4602d28a00c3acaeca687dcc7f9de45b148a1d0b27ea481,0,transpose,128,15,False,anti_transpose
bae15022c4daad0ae53b1ea202f4a43859aafd2eac957265fe5a9700d75b859c,bae15022c4daad0ae53b1ea202f4a43859aafd2eac957265fe5a9700d75b859c,1,transpose,128,15,False,anti_transpose
b0a2a700985554f93561ba58cda054b5690e7bff67e3eb6674c329fca9ef9faf,b0a2a700985554f93561ba58cda054b5690e7bff67e3eb6674c329fca9ef9faf,0,transpose,128,16,False,anti_transpose
e5e5a0a47a96e8ef35befb19241472f3d813ad059f3956f644f1dbfecfbded49,e5e5a0a47a96e8ef35befb19241472f3d813ad059f3956f644f1dbfecfbded49,1,transpose,128,16,False,anti_transpose
002e7e1bba147a97f6046c055bb229a5f64770cb657b5df0c03621cc328fc3e4,002e7e1bba147a97f6046c055bb229a5f64770cb657b5df0c03621cc328fc3e4,0,transpose,128,17,False,anti_transpose
e4d5b8a5dd1165435760e5d4cb4bccc0d3867297f595dfba726b4906d9ecf830,e4d5b8a5dd1165435760e5d4cb4bccc0d3867297f595dfba726b4906d9ecf830,1,transpose,128,17,False,anti_transpose
0195c1762cccb7c22d5fa0afb14dc8ac1551c3d1dadc8b522a5319a97c9bb82f,0195c1762cccb7c22d5fa0afb14dc8ac1551c3d1dadc8b522a5319a97c9bb82f,0,transpose,128,18,False,anti_transpose
72788602ca2a68c0cc7066dbf1e2b043b2f29df2f90023139b4af4f409d99fb2,72788602ca2a68c0cc7066dbf1e2b043b2f29df2f90023139b4af4f409d99fb2,1,transpose,128,18,False,anti_transpose
023035db0829657728925740fca3ddffc91d4bc906a1caf648142e4b5d73452e,023035db0829657728925740fca3ddffc91d4bc906a1caf648142e4b5d73452e,0,transpose,128,19,False,anti_transpose
c2ce7677a0dcb826078761919e5292223b03c8693ecaa3ff001c4487d24c7f19,c2ce7677a0dcb826078761919e5292223b03c8693ecaa3ff001c4487d24c7f19,1,transpose,128,19,False,anti_transpose
2103eee5eff982aba5a9a7845cd1b431df77bb02df267a82841759a4407db602,2103eee5eff982aba5a9a7845cd1b431df77bb02df267a82841759a4407db602,0,transpose,128,20,False,anti_transpose
89a6161db6a57ae9f9264d5468622ccefa93982f766449e810d060ccc3afd8d0,89a6161db6a57ae9f9264d5468622ccefa93982f766449e810d060ccc3afd8d0,1,transpose,128,20,False,anti_transpose
22ec04b3b79956dc5a3e237a966afa5b93b8ee7e08b24203b01c6442163722d0,22ec04b3b79956dc5a3e237a966afa5b93b8ee7e08b24203b01c6442163722d0,0,transpose,128,21,False,anti_transpose
46ecda1eb52555d7c67374319629918afd55b85853f9d5ff1d9eebcf56b28465,46ecda1eb52555d7c67374319629918afd55b85853f9d5ff1d9eebcf56b28465,1,transpose,128,21,False,anti_transpose
f2ee5d12f0baaf7931a489b03d04c3da6138743a6b0a50f4a3000a7971cfffa7,f2ee5d12f0baaf7931a489b03d04c3da6138743a6b0a50f4a3000a7971cfffa7,0,transpose,128,22,False,anti_transpose
5766df24f860dac749220a9321816edc24d50e078afe75a37cfbc99dcf24f34e,5766df24f860dac749220a9321816edc24d50e078afe75a37cfbc99dcf24f34e,1,transpose,128,22,False,anti_transpose
08e2ad05ff8c892a87a80870a3e1fd0a8a240c044847da919002522914c588eb,08e2ad05ff8c892a87a80870a3e1fd0a8a240c044847da919002522914c588eb,0,transpose,128,23,False,anti_transpose
10558e62986495c6f46496ec7ae62bfc0699ed7ee25b03da5496d603d33f4ddf,10558e62986495c6f46496ec7ae62bfc0699ed7ee25b03da5496d603d33f4ddf,1,transpose,128,23,False,anti_transpose
7f12e7f428afc9179bafaa83c329042e82e43740c497222621440c8bd8befe29,7f12e7f428afc9179bafaa83c329042e82e43740c497222621440c8bd8befe29,0,transpose,128,24,False,anti_transpose
c6d727c8ae5ea58ed54fa30d7994b8c7fbae0cd1b594dc816c5d8e786dad4de9,c6d727c8ae5ea58ed54fa30d7994b8c7fbae0cd1b594dc816c5d8e786dad4de9,1,transpose,128,24,False,anti_transpose
cdfa1ab8f858ca479aa29566d2dc7808f221ad6a99216ca5944f441d981cad28,cdfa1ab8f858ca479aa29566d2dc7808f221ad6a99216ca5944f441d981cad28,0,transpose,128,25,False,anti_transpose
0e5676fb786db20c507d9710a52dd06e091613c6fb093aaed51147fe66bd420e,0e5676fb786db20c507d9710a52dd06e091613c6fb093aaed51147fe66bd420e,1,transpose,128,25,False,anti_transpose
f853dd4a9686441ffa9543b4131809ae645cfa5e58c8f6af09ce760cd0ee2e43,f853dd4a9686441ffa9543b4131809ae645cfa5e58c8f6af09ce760cd0ee2e43,0,transpose,128,26,False,anti_transpose
42c800b32547fec6977f3796eb0d0a22121983dc45dd493dfd65377312f9a037,42c800b32547fec6977f3796eb0d0a22121983dc45dd493dfd65377312f9a037,1,transpose,128,26,False,anti_transpose
8a2fb7ddcfa71b9750c9e53898212966ea776d15de41ef93fa77774671d30907,8a2fb7ddcfa71b9750c9e53898212966ea776d15de41ef93fa77774671d30907,0,transpose,128,27,False,anti_transpose
5b0817744b748bf3a1d1f988ff60096c85c1142561d61059f0dfdb4c57c45a61,5b0817744b748bf3a1d1f988ff60096c85c1142561d61059f0dfdb4c57c45a61,1,transpose,128,27,False,anti_transpose
17264d488089a7cc8e5f746a56583e3298d4b900d1dbe473be5704d2514db178,17264d488089a7cc8e5f746a56583e3298d4b900d1dbe473be5704d2514db178,0,transpose,128,28,False,anti_transpose
bb1227867a21065578907a84c393618fd7192dc82c778bd3e88d88b7d718ccfc,bb1227867a21065578907a84c393618fd7192dc82c778bd3e88d88b7d718ccfc,1,transpose,128,28,False,anti_transpose
b32053b2a59567686a72c0811c8d0bf4d6d06a505fbf504ca40eaccc07192be0,b32053b2a59567686a72c0811c8d0bf4d6d06a505fbf504ca40eaccc07192be0,0,transpose,128,29,False,anti_transpose
df623fc5b0cd560f238ddbaac55a2cf1d60db3969878a6e1d27c48a62f749a79,df623fc5b0cd560f238ddbaac55a2cf1d60db3969878a6e1d27c48a62f749a79,1,transpose,128,29,False,anti_transpose
85bb8162f747cb3a5154eaf5656f1566e5458045df56a2ae3d1f07f8cf30eb11,85bb8162f747cb3a5154eaf5656f1566e5458045df56a2ae3d1f07f8cf30eb11,0,transpose,128,30,False,anti_transpose
9ceabe84542d6a65bb24303d7a16dbb9739efc319cc8b9eef0dd2de3518115a0,9ceabe84542d6a65bb24303d7a16dbb9739efc319cc8b9eef0dd2de3518115a0,1,transpose,128,30,False,anti_transpose
064c9cf750d508a20a55bad70d7b495518b783c1d27ca781071b8020282dfd0f,064c9cf750d508a20a55bad70d7b495518b783c1d27ca781071b8020282dfd0f,0,transpose,128,31,False,anti_transpose
d028efc65d62310746bc602abb40f867e7d2d16042fd7f6a8ea355ace2d70dec,d028efc65d62310746bc602abb40f867e7d2d16042fd7f6a8ea355ace2d70dec,1,transpose,128,31,False,anti_transpose
e35a191e76b96e7fe294cf7cf18efd3251f327e8500b98e7509fbab04f676c53,e35a191e76b96e7fe294cf7cf18efd3251f327e8500b98e7509fbab04f676c53,0,transpose,128,32,False,anti_transpose
13c4c4e1a7342c5bcbac5cb0a36fe024c96774f26399aed825d4c06c861c693c,13c4c4e1a7342c5bcbac5cb0a36fe024c96774f26399aed825d4c06c861c693c,1,transpose,128,32,False,anti_transpose
a5a5e6a1d7bbcca53483dad1da7663d73ed6a80a31beffdcfa66fd8aead5951d,a5a5e6a1d7bbcca53483dad1da7663d73ed6a80a31beffdcfa66fd8aead5951d,0,transpose,128,33,False,anti_transpose
96195a3e74975558aa6f9318ddc3e4817ad5c74cf061c62a5c328bbc4a0e7e84,96195a3e74975558aa6f9318ddc3e4817ad5c74cf061c62a5c328bbc4a0e7e84,1,transpose,128,33,False,anti_transpose
150b550f708be76bb02c1721da414e91d54c0957df74658b58d40d46339971e9,150b550f708be76bb02c1721da414e91d54c0957df74658b58d40d46339971e9,0,transpose,128,34,False,anti_transpose
aa07196d4f66a4364eef30b3479675b60152fa6c07cb2c9aa66c934a87e29056,aa07196d4f66a4364eef30b3479675b60152fa6c07cb2c9aa66c934a87e29056,1,transpose,128,34,False,anti_transpose
5cf93d8d8194fc8b24ecd61be79b14e27e021995251aff07b479c603d44afe1d,5cf93d8d8194fc8b24ecd61be79b14e27e021995251aff07b479c603d44afe1d,0,transpose,128,35,False,anti_transpose
0eca3f4a10098632d73db520022ffea169407719d197a05387a8783eb7d21c58,0eca3f4a10098632d73db520022ffea169407719d197a05387a8783eb7d21c58,1,transpose,128,35,False,anti_transpose
9a99d0bd764730a3ecee2429b1ccff7a97d91647f7a9eefecc4fbd9bb59e7796,9a99d0bd764730a3ecee2429b1ccff7a97d91647f7a9eefecc4fbd9bb59e7796,0,identity,1,0,False,flip_ud
1d56552724236aaf2ddc3f5bbbe7ae4514c76b2bb204f98e8413d41da2b9ab17,1d56552724236aaf2ddc3f5bbbe7ae4514c76b2bb204f98e8413d41da2b9ab17,1,identity,1,0,False,flip_ud
89d697c1ecafb7e51eafe9f7df68083f0dca6005ec2392b020966e4d775a7565,89d697c1ecafb7e51eafe9f7df68083f0dca6005ec2392b020966e4d775a7565,0,identity,1,1,False,flip_ud
7fa14c380fe2887e9ba1d87842717ed9ddb094f1f212da2040c5dcc350dc9e02,7fa14c380fe2887e9ba1d87842717ed9ddb094f1f212da2040c5dcc350dc9e02,1,identity,1,1,False,flip_ud
434de0be1f056b32d2504a3711826ba147d973b9edc82c52acde77f19700b7ae,434de0be1f056b32d2504a3711826ba147d973b9edc82c52acde77f19700b7ae,0,identity,1,2,False,flip_ud
23c20bceb39078ef402776f804c2ac337e59953550cafffc748f80af2b8a3670,23c20bceb39078ef402776f804c2ac337e59953550cafffc748f80af2b8a3670,1,identity,1,2,False,flip_ud
3ce7afd305486392e1c17960fca193ea9d5ddff6a0c2c6c6cbb22d2d7189a19b,3ce7afd305486392e1c17960fca193ea9d5ddff6a0c2c6c6cbb22d2d7189a19b,0,identity,1,3,False,flip_ud
f8e986d66914af750eeeb6fb6cb0cf14360a32d86048956108eda0fdd90f4fab,f8e986d66914af750eeeb6fb6cb0cf14360a32d86048956108eda0fdd90f4fab,1,identity,1,3,False,flip_ud
ea8c5d24bf4fb1b96a1c398af3a1ed235efb1868e341b1ade2af4934223e226a,ea8c5d24bf4fb1b96a1c398af3a1ed235efb1868e341b1ade2af4934223e226a,0,identity,1,4,False,flip_ud
ef82c7690a313270a1de5c9ad0f934cf812f3ab47c8395b6ea6f888287384ab6,ef82c7690a313270a1de5c9ad0f934cf812f3ab47c8395b6ea6f888287384ab6,1,identity,1,4,False,flip_ud
c0c2261de0e618eebfc04545b13182c883c1d828b2d89b64e9acf87631382ddb,c0c2261de0e618eebfc04545b13182c883c1d828b2d89b64e9acf87631382ddb,0,identity,1,5,False,flip_ud
ca1b9977eeb6bc95977d19e2ae3c55b39bb3e15a82f376968268820683dea145,ca1b9977eeb6bc95977d19e2ae3c55b39bb3e15a82f376968268820683dea145,1,identity,1,5,False,flip_ud
00a0536d5e00093fd3e7ff082a17de881238ed5999e9a1aa50bf564fdf68edea,00a0536d5e00093fd3e7ff082a17de881238ed5999e9a1aa50bf564fdf68edea,0,identity,1,6,False,flip_ud
5cccee865e2316aad9c7a4a4f53e28668f0ad668e9431e3164471947f6eab095,5cccee865e2316aad9c7a4a4f53e28668f0ad668e9431e3164471947f6eab095,1,identity,1,6,False,flip_ud
638707f0d74e42f4c2a920fdbba7bed7478d8922058f59cc94515880936071fe,638707f0d74e42f4c2a920fdbba7bed7478d8922058f59cc94515880936071fe,0,identity,1,7,False,flip_ud
5945ac448e47e0975ae3f34170646cc741145dec78a50bbbb8a4725cf67a759f,5945ac448e47e0975ae3f34170646cc741145dec78a50bbbb8a4725cf67a759f,1,identity,1,7,False,flip_ud
83c46aa0ecbc1caab91b5b1c3b8547b6787b3799c6c0f793e1e1d6c1b9aa3405,83c46aa0ecbc1caab91b5b1c3b8547b6787b3799c6c0f793e1e1d6c1b9aa3405,0,identity,1,8,False,flip_ud
4b63182078dcad8933c3388d026c3e65ea7fed051c03f1c1d13fd37952c4bcf8,4b63182078dcad8933c3388d026c3e65ea7fed051c03f1c1d13fd37952c4bcf8,1,identity,1,8,False,flip_ud
b2f6b76bfd9a14c617963ce2f1d277897faa91c6e529a7c995b657b84a9bd373,b2f6b76bfd9a14c617963ce2f1d277897faa91c6e529a7c995b657b84a9bd373,0,identity,1,9,False,flip_ud
b518075b6807443e57dc2b18bb7785d822e61b5c4c4604f1d5c49099632f8104,b518075b6807443e57dc2b18bb7785d822e61b5c4c4604f1d5c49099632f8104,1,identity,1,9,False,flip_ud
f4a120e8d618be3ba5a87d03af72863304f6c5f794aa54a706ff1fc85d83023b,f4a120e8d618be3ba5a87d03af72863304f6c5f794aa54a706ff1fc85d83023b,0,identity,1,10,False,flip_ud
803067d0b494875187925bfbf405e0bb9634204f56a6acc3b2c08bb72e2a3dfe,803067d0b494875187925bfbf405e0bb9634204f56a6acc3b2c08bb72e2a3dfe,1,identity,1,10,False,flip_ud
db7de912ef4c0387c17aa1c858eb1f1eee6f5a66aa0882311f573f007113af07,db7de912ef4c0387c17aa1c858eb1f1eee6f5a66aa0882311f573f007113af07,0,identity,1,11,False,flip_ud
1c2ae9636de892908d6095652a4f7e845a8a6df8de3a7302a0439deb653822b0,1c2ae9636de892908d6095652a4f7e845a8a6df8de3a7302a0439deb653822b0,1,identity,1,11,False,flip_ud
ebdbd700ca4c0c1ab38a1ae4ac5795e94f6d247965c8e0e358aeb4975ddd0c86,ebdbd700ca4c0c1ab38a1ae4ac5795e94f6d247965c8e0e358aeb4975ddd0c86,0,identity,1,12,False,flip_ud
7745b533f4c5d5e76b94a70d1cfea79c681ff5a38eb6d0bf8854113af3035114,7745b533f4c5d5e76b94a70d1cfea79c681ff5a38eb6d0bf8854113af3035114,1,identity,1,12,False,flip_ud
3183516fd162574260c66b25fbd6eb442332f120edd14031a8a09b3e5588d8be,3183516fd162574260c66b25fbd6eb442332f120edd14031a8a09b3e5588d8be,0,identity,1,13,False,flip_ud
be1799f2ce13f54738c681c96b2bc671a063e4cedac773f2566f054d92f03a55,be1799f2ce13f54738c681c96b2bc671a063e4cedac773f2566f054d92f03a55,1,identity,1,13,False,flip_ud
e9f381ed471a9fd50a247d355f2bdbe04a6e51317064baed71f8164bf2bd2362,e9f381ed471a9fd50a247d355f2bdbe04a6e51317064baed71f8164bf2bd2362,0,identity,1,14,False,flip_ud
9bfcd00e588fe9f57f8ef2130d9e948bd842ba0425b5707aae87988952435ba3,9bfcd00e588fe9f57f8ef2130d9e948bd842ba0425b5707aae87988952435ba3,1,identity,1,14,False,flip_ud
0ca87ec7d25818c3d132fb93860e3096cae39f28af904b3a003ff268a26e35be,0ca87ec7d25818c3d132fb93860e3096cae39f28af904b3a003ff268a26e35be,0,identity,1,15,False,flip_ud
da9633dc1629a3e386a81f4b0c350dd33d07f3f6fa2a4356fc40a359af5f80c2,da9633dc1629a3e386a81f4b0c350dd33d07f3f6fa2a4356fc40a359af5f80c2,1,identity,1,15,False,flip_ud
608430ca8ba14a3a00691c3f2a742af06f6de220dbddc6aa66dd3958003a22b3,608430ca8ba14a3a00691c3f2a742af06f6de220dbddc6aa66dd3958003a22b3,0,identity,1,16,False,flip_ud
34602b0197955cac08ab50e9144fad3d1a5c02b6399c994e4eea055f7293f981,34602b0197955cac08ab50e9144fad3d1a5c02b6399c994e4eea055f7293f981,1,identity,1,16,False,flip_ud
6de3f55bd6c6b56913e6f0a0f4faa01dd7e8ff2da7013ba7f51320145a1c007d,6de3f55bd6c6b56913e6f0a0f4faa01dd7e8ff2da7013ba7f51320145a1c007d,0,identity,1,17,False,flip_ud
914d4845045e8417017406788eecbeb5624220b9000d8df8880fe1af16177dbf,914d4845045e8417017406788eecbeb5624220b9000d8df8880fe1af16177dbf,1,identity,1,17,False,flip_ud
c3de93f1a44c3317358fac891072e3aa46745b0d453016428fd7444b7c26d6ba,c3de93f1a44c3317358fac891072e3aa46745b0d453016428fd7444b7c26d6ba,0,identity,1,18,False,flip_ud
70141e043f0e503f021f95fa1faf98002022578e69cb36e50f4d21d3e6af4b8b,70141e043f0e503f021f95fa1faf98002022578e69cb36e50f4d21d3e6af4b8b,1,identity,1,18,False,flip_ud
b645e623e9e2d459fd899232a4b1de03eb6eb021a68cb47738d255dad5ff3516,b645e623e9e2d459fd899232a4b1de03eb6eb021a68cb47738d255dad5ff3516,0,identity,1,19,False,flip_ud
faf6a5b1597dc153970a9532deea92599ebf6b7807da6180a2f7e7ec0b5e395f,faf6a5b1597dc153970a9532deea92599ebf6b7807da6180a2f7e7ec0b5e395f,1,identity,1,19,False,flip_ud
b67756a696a9169b0c27b6655c9aace6b8b1e8f593526db8895f0786b173dc09,b67756a696a9169b0c27b6655c9aace6b8b1e8f593526db8895f0786b173dc09,0,identity,1,20,False,flip_ud
8d471ba0a19ad391b68b88590eeff05341141f32d626975d5475d30ff0028f18,8d471ba0a19ad391b68b88590eeff05341141f32d626975d5475d30ff0028f18,1,identity,1,20,False,flip_ud
1cc604602ea5f1f46c5e2194ad6922fdaf6ecc87d4c777906936d273558f5909,1cc604602ea5f1f46c5e2194ad6922fdaf6ecc87d4c777906936d273558f5909,0,identity,1,21,False,flip_ud
2cea2e5b790239c33e4d93bde2b403bfee753ca717e9c22621ff47a003d02e60,2cea2e5b790239c33e4d93bde2b403bfee753ca717e9c22621ff47a003d02e60,1,identity,1,21,False,flip_ud
8a53a0e8f633a0f8b4a649a285afaa2ef9b2e8d74606cf37153bc2e8c374c412,8a53a0e8f633a0f8b4a649a285afaa2ef9b2e8d74606cf37153bc2e8c374c412,0,identity,1,22,False,flip_ud
a9e0d492cdedf79eb3c8c6b6e60751225d9abf207405174b890512a1ddc507f9,a9e0d492cdedf79eb3c8c6b6e60751225d9abf207405174b890512a1ddc507f9,1,identity,1,22,False,flip_ud
41985c0ca9509012b9a61a26ea1cc9b71e9e51b0d3e8ebc8b32ccc774fa5b8e5,41985c0ca9509012b9a61a26ea1cc9b71e9e51b0d3e8ebc8b32ccc774fa5b8e5,0,identity,1,23,False,flip_ud
afb9d4d548483de205ddf8069e07fc4c00cbd8bb25bd3c5b9236badda9f49a2b,afb9d4d548483de205ddf8069e07fc4c00cbd8bb25bd3c5b9236badda9f49a2b,1,identity,1,23,False,flip_ud
feed37027e1f0e18268393d5e6cf28200f08adab5eefd903f9b525f0f4bdd525,feed37027e1f0e18268393d5e6cf28200f08adab5eefd903f9b525f0f4bdd525,0,identity,1,24,False,flip_ud
5e145257fbf33a7b08d0ce87ff50c1a632a96800d55684ef7f028ee01f9690c7,5e145257fbf33a7b08d0ce87ff50c1a632a96800d55684ef7f028ee01f9690c7,1,identity,1,24,False,flip_ud
5664e184fa02ca8e73312153f6652cb3ba1b0cf794074ab9a5f8785e9c8bce6f,5664e184fa02ca8e73312153f6652cb3ba1b0cf794074ab9a5f8785e9c8bce6f,0,identity,1,25,False,flip_ud
7e37608b9faddf7a35ed06cc656b6157a235313c7a60e0d2d9674148bad26875,7e37608b9faddf7a35ed06cc656b6157a235313c7a60e0d2d9674148bad26875,1,identity,1,25,False,flip_ud
07897b929277cb6b1d1825e4d6cacf18f3295e94ebcd755e6bdd947112d6259c,07897b929277cb6b1d1825e4d6cacf18f3295e94ebcd755e6bdd947112d6259c,0,identity,1,26,False,flip_ud
f00bc839dd6c8fbdefc1e4c8325bac1b1cec8322bce4cfb90e50a644d5f73b8e,f00bc839dd6c8fbdefc1e4c8325bac1b1cec8322bce4cfb90e50a644d5f73b8e,1,identity,1,26,False,flip_ud
aaaea58684269d8a3cf0eaa73252036edebe41c1694bd9a2541b1a6ce4eb0dea,aaaea58684269d8a3cf0eaa73252036edebe41c1694bd9a2541b1a6ce4eb0dea,0,identity,1,27,False,flip_ud
8185e6633b85eb683d859c0dd58cf8112f574ce2d43de301f0d6b1521d056869,8185e6633b85eb683d859c0dd58cf8112f574ce2d43de301f0d6b1521d056869,1,identity,1,27,False,flip_ud
8f5095abd1616ed68565b6ff8b2df82c56d2df0ca974ace7affc04916eb2d115,8f5095abd1616ed68565b6ff8b2df82c56d2df0ca974ace7affc04916eb2d115,0,identity,1,28,False,flip_ud
b1f7a9bc2bd2e1f1c6420fb3acd7b0de4ba90c97332b4128bfe0861ea4ff4fd0,b1f7a9bc2bd2e1f1c6420fb3acd7b0de4ba90c97332b4128bfe0861ea4ff4fd0,1,identity,1,28,False,flip_ud
69f9665b68c2c591312bef6f55d1fca2286348e48ccfbf6746d577f74face6f4,69f9665b68c2c591312bef6f55d1fca2286348e48ccfbf6746d577f74face6f4,0,identity,1,29,False,flip_ud
209df8a993e05b2fe2b5f055ae048290da7adcf08fdc0bbc8ef09e9be532068f,209df8a993e05b2fe2b5f055ae048290da7adcf08fdc0bbc8ef09e9be532068f,1,identity,1,29,False,flip_ud
39080e61317d2bb153dc2d2608b9839286db9c8f7c0709cd8fd2fe31d1c7450a,39080e61317d2bb153dc2d2608b9839286db9c8f7c0709cd8fd2fe31d1c7450a,0,identity,1,30,False,flip_ud
24dbd5f01173d6b312f31957995f583e1621db7849c0e4471e85292ef2dce3e0,24dbd5f01173d6b312f31957995f583e1621db7849c0e4471e85292ef2dce3e0,1,identity,1,30,False,flip_ud
04c01f77d1783195f41e560819c3201eb238888b5670fb9390972cd1a42a1905,04c01f77d1783195f41e560819c3201eb238888b5670fb9390972cd1a42a1905,0,identity,1,31,False,flip_ud
fff5e0e69b92efe2a27e59fc1a82ccbf7d3184c3b9f17e4b746ccbaf709175ca,fff5e0e69b92efe2a27e59fc1a82ccbf7d3184c3b9f17e4b746ccbaf709175ca,1,identity,1,31,False,flip_ud
e9fb1735c6689e3425ef035705da25115d12218fc5738718fc0e51521d4bf076,e9fb1735c6689e3425ef035705da25115d12218fc5738718fc0e51521d4bf076,0,identity,1,32,False,flip_ud
e59ed103a3f4a2b34f9d0466fd6cd7a38720d0ce5975af3e985134edee88d0dd,e59ed103a3f4a2b34f9d0466fd6cd7a38720d0ce5975af3e985134edee88d0dd,1,identity,1,32,False,flip_ud
d321574c9990da5ad2f81147c7d1df7027548ccc6cd3c476bcf189c599b6c092,d321574c9990da5ad2f81147c7d1df7027548ccc6cd3c476bcf189c599b6c092,0,identity,1,33,False,flip_ud
94ba0d23767c532bc3d757cd555d1a0581a3b9f1d5da27c94faa0bbcdbb92c63,94ba0d23767c532bc3d757cd555d1a0581a3b9f1d5da27c94faa0bbcdbb92c63,1,identity,1,33,False,flip_ud
6a1ff70a31321e3e9e1609bc9b9092888eaeb9045871471cdb4ad4f82547591d,6a1ff70a31321e3e9e1609bc9b9092888eaeb9045871471cdb4ad4f82547591d,0,identity,1,34,False,flip_ud
19c033f96030586e3803ccbfdde6005cb1579afff13d5e74045ef9ef71e0789d,19c033f96030586e3803ccbfdde6005cb1579afff13d5e74045ef9ef71e0789d,1,identity,1,34,False,flip_ud
df7c20b9e8b95fdd3a95c00a01663daa396b2c711dc7a9fb460b09e05c1e7c00,df7c20b9e8b95fdd3a95c00a01663daa396b2c711dc7a9fb460b09e05c1e7c00,0,identity,1,35,False,flip_ud
d7924137092d2c5c13f7cd8d6946d4ffd0a07c8219d2600430a9a99f8249d982,d7924137092d2c5c13f7cd8d6946d4ffd0a07c8219d2600430a9a99f8249d982,1,identity,1,35,False,flip_ud
0efd0421c500d902bf9c483f5e70cb3abdef9386ac8615468b5a27ac097fbd01,0efd0421c500d902bf9c483f5e70cb3abdef9386ac8615468b5a27ac097fbd01,0,transpose,1,0,False,flip_ud
0e5d949f302266b57d0829285ca4ab4ccf5069cd5cc04b9a6bd6ae78b0c1d68c,0e5d949f302266b57d0829285ca4ab4ccf5069cd5cc04b9a6bd6ae78b0c1d68c,1,transpose,1,0,False,flip_ud
238d3c87d58795a8784ca0f6d7368ab9ba71fbc30a7c635d566d86d508e2ff87,238d3c87d58795a8784ca0f6d7368ab9ba71fbc30a7c635d566d86d508e2ff87,0,transpose,1,1,False,flip_ud
6ab81865dadf38198adeaf35da59da836ee271052d0d082be791a142fa6e1447,6ab81865dadf38198adeaf35da59da836ee271052d0d082be791a142fa6e1447,1,transpose,1,1,False,flip_ud
cb358b55b5ad0ae0fbda1ed8a10ac5302c57a735b82d4e37aab4541cf0e3ae74,cb358b55b5ad0ae0fbda1ed8a10ac5302c57a735b82d4e37aab4541cf0e3ae74,0,transpose,1,2,False,flip_ud
357dfe90b98bc5447207c26b7be2e4c5d24cf6b33be7a2efdfdd107d683bd256,357dfe90b98bc5447207c26b7be2e4c5d24cf6b33be7a2efdfdd107d683bd256,1,transpose,1,2,False,flip_ud
0d327963fba31a8abb3e12969d4f84d3a31b3b9b2ca2176e4734c1cc6b5b155e,0d327963fba31a8abb3e12969d4f84d3a31b3b9b2ca2176e4734c1cc6b5b155e,0,transpose,1,3,False,flip_ud
f34453a606b22cf11d673de392abf14685b3931c4f6795a7957ec180f7261895,f34453a606b22cf11d673de392abf14685b3931c4f6795a7957ec180f7261895,1,transpose,1,3,False,flip_ud
a1740d8d225308fe0173d3ac53f10adec306f19cc72b93ee6c514ab7a862b61c,a1740d8d225308fe0173d3ac53f10adec306f19cc72b93ee6c514ab7a862b61c,0,transpose,1,4,False,flip_ud
a29b5c39e160ee6ea2f7a57788c72574710fceac65e2d22bc3c9302165a496cd,a29b5c39e160ee6ea2f7a57788c72574710fceac65e2d22bc3c9302165a496cd,1,transpose,1,4,False,flip_ud
d16df94c1e9e8bb1bb6a148fc2dca66020fef6b58674eeefa63032f59de7c749,d16df94c1e9e8bb1bb6a148fc2dca66020fef6b58674eeefa63032f59de7c749,0,transpose,1,5,False,flip_ud
5b8078584161d8606ad27854a790c8101aaa18e685a89dca33ba70c5ac485186,5b8078584161d8606ad27854a790c8101aaa18e685a89dca33ba70c5ac485186,1,transpose,1,5,False,flip_ud
1fd5ebe30d8ac02957d2013310b34041d357875b7749bced79ef66a8d03b6a81,1fd5ebe30d8ac02957d2013310b34041d357875b7749bced79ef66a8d03b6a81,0,transpose,1,6,False,flip_ud
3994d36ff03650f252b297dd8e6b8f1bdd31a4789962c895012edca9989499a5,3994d36ff03650f252b297dd8e6b8f1bdd31a4789962c895012edca9989499a5,1,transpose,1,6,False,flip_ud
7fa238bee58839126f006ef45c81fe5ed82e4332a08178813f4f11ae49cdad7b,7fa238bee58839126f006ef45c81fe5ed82e4332a08178813f4f11ae49cdad7b,0,transpose,1,7,False,flip_ud
1957e2dba9ee1d14d87a1edfc1d01af3ddede2414999ee53ea763145c954bbcc,1957e2dba9ee1d14d87a1edfc1d01af3ddede2414999ee53ea763145c954bbcc,1,transpose,1,7,False,flip_ud
3e939d5ed75ed52d7ec9aafb4ab76029aee4437e8c3713d6aae631e744876d52,3e939d5ed75ed52d7ec9aafb4ab76029aee4437e8c3713d6aae631e744876d52,0,transpose,1,8,False,flip_ud
92703541f90226fbcf4c7557081710f45e24dcaf558fbc1df51ef60d9955fe1e,92703541f90226fbcf4c7557081710f45e24dcaf558fbc1df51ef60d9955fe1e,1,transpose,1,8,False,flip_ud
d76835bbf1179fe4649319874f6b44d87fb5efab0ccceb41e4399759c72b9898,d76835bbf1179fe4649319874f6b44d87fb5efab0ccceb41e4399759c72b9898,0,transpose,1,9,False,flip_ud
384310687377edc0c66d1b0aab3e3a6b230365b2e31d0633d24cdb79015f82fa,384310687377edc0c66d1b0aab3e3a6b230365b2e31d0633d24cdb79015f82fa,1,transpose,1,9,False,flip_ud
e844c06a40f70728936e6489efb346c1ad87350ebd25aead45a0aab041805c8d,e844c06a40f70728936e6489efb346c1ad87350ebd25aead45a0aab041805c8d,0,transpose,1,10,False,flip_ud
b0c7ad84a58e4f684e749c7c85f44b95034c517fd6b9743968d8a56c763ee746,b0c7ad84a58e4f684e749c7c85f44b95034c517fd6b9743968d8a56c763ee746,1,transpose,1,10,False,flip_ud
5f876e1b04e6475913760a3de36f842b723b94d2f95b56b5dff7cfc189a2f840,5f876e1b04e6475913760a3de36f842b723b94d2f95b56b5dff7cfc189a2f840,0,transpose,1,11,False,flip_ud
f4bc5a702028a207498e839723356c3420775b2bbcad925bf5618067fa428499,f4bc5a702028a207498e839723356c3420775b2bbcad925bf5618067fa428499,1,transpose,1,11,False,flip_ud
2bd27cc2cd25275f12cd016107f22e124f456def831454ed16112755ecd6dfd5,2bd27cc2cd25275f12cd016107f22e124f456def831454ed16112755ecd6dfd5,0,transpose,1,12,False,flip_ud
1c507a0bf0f219298d024cb937df76d71659508c78f5dd05db9ed684fe5fb3c0,1c507a0bf0f219298d024cb937df76d71659508c78f5dd05db9ed684fe5fb3c0,1,transpose,1,12,False,flip_ud
dfbceae8b9ded4e1bd8f0a8527365ab314aac0d4edeb96a6b75281a08f5e25af,dfbceae8b9ded4e1bd8f0a8527365ab314aac0d4edeb96a6b75281a08f5e25af,0,transpose,1,13,False,flip_ud
826a02d9b9408a81213144f60ca790a168ce4332fd661dacc0f6eb1814a7b9c1,826a02d9b9408a81213144f60ca790a168ce4332fd661dacc0f6eb1814a7b9c1,1,transpose,1,13,False,flip_ud
a0a696ccdccb8f0bd080e89232f5f8d6dac5384828d2e052539b522ece82deb9,a0a696ccdccb8f0bd080e89232f5f8d6dac5384828d2e052539b522ece82deb9,0,transpose,1,14,False,flip_ud
d1defa88dc963af3877b033f5bb3bf16646eecc35dd9b95b560f8223d98d84e1,d1defa88dc963af3877b033f5bb3bf16646eecc35dd9b95b560f8223d98d84e1,1,transpose,1,14,False,flip_ud
6523dafec24c4aa4a4602d28a00c3acaeca687dcc7f9de45b148a1d0b27ea481,6523dafec24c4aa4a4602d28a00c3acaeca687dcc7f9de45b148a1d0b27ea481,0,transpose,1,15,False,flip_ud
bae15022c4daad0ae53b1ea202f4a43859aafd2eac957265fe5a9700d75b859c,bae15022c4daad0ae53b1ea202f4a43859aafd2eac957265fe5a9700d75b859c,1,transpose,1,15,False,flip_ud
b0a2a700985554f93561ba58cda054b5690e7bff67e3eb6674c329fca9ef9faf,b0a2a700985554f93561ba58cda054b5690e7bff67e3eb6674c329fca9ef9faf,0,transpose,1,16,False,flip_ud
e5e5a0a47a96e8ef35befb19241472f3d813ad059f3956f644f1dbfecfbded49,e5e5a0a47a96e8ef35befb19241472f3d813ad059f3956f644f1dbfecfbded49,1,transpose,1,16,False,flip_ud
002e7e1bba147a97f6046c055bb229a5f64770cb657b5df0c03621cc328fc3e4,002e7e1bba147a97f6046c055bb229a5f64770cb657b5df0c03621cc328fc3e4,0,transpose,1,17,False,flip_ud
e4d5b8a5dd1165435760e5d4cb4bccc0d3867297f595dfba726b4906d9ecf830,e4d5b8a5dd1165435760e5d4cb4bccc0d3867297f595dfba726b4906d9ecf830,1,transpose,1,17,False,flip_ud
0195c1762cccb7c22d5fa0afb14dc8ac1551c3d1dadc8b522a5319a97c9bb82f,0195c1762cccb7c22d5fa0afb14dc8ac1551c3d1dadc8b522a5319a97c9bb82f,0,transpose,1,18,False,flip_ud
72788602ca2a68c0cc7066dbf1e2b043b2f29df2f90023139b4af4f409d99fb2,72788602ca2a68c0cc7066dbf1e2b043b2f29df2f90023139b4af4f409d99fb2,1,transpose,1,18,False,flip_ud
023035db0829657728925740fca3ddffc91d4bc906a1caf648142e4b5d73452e,023035db0829657728925740fca3ddffc91d4bc906a1caf648142e4b5d73452e,0,transpose,1,19,False,flip_ud
c2ce7677a0dcb826078761919e5292223b03c8693ecaa3ff001c4487d24c7f19,c2ce7677a0dcb826078761919e5292223b03c8693ecaa3ff001c4487d24c7f19,1,transpose,1,19,False,flip_ud
2103eee5eff982aba5a9a7845cd1b431df77bb02df267a82841759a4407db602,2103eee5eff982aba5a9a7845cd1b431df77bb02df267a82841759a4407db602,0,transpose,1,20,False,flip_ud
89a6161db6a57ae9f9264d5468622ccefa93982f766449e810d060ccc3afd8d0,89a6161db6a57ae9f9264d5468622ccefa93982f766449e810d060ccc3afd8d0,1,transpose,1,20,False,flip_ud
22ec04b3b79956dc5a3e237a966afa5b93b8ee7e08b24203b01c6442163722d0,22ec04b3b79956dc5a3e237a966afa5b93b8ee7e08b24203b01c6442163722d0,0,transpose,1,21,False,flip_ud
46ecda1eb52555d7c67374319629918afd55b85853f9d5ff1d9eebcf56b28465,46ecda1eb52555d7c67374319629918afd55b85853f9d5ff1d9eebcf56b28465,1,transpose,1,21,False,flip_ud
f2ee5d12f0baaf7931a489b03d04c3da6138743a6b0a50f4a3000a7971cfffa7,f2ee5d12f0baaf7931a489b03d04c3da6138743a6b0a50f4a3000a7971cfffa7,0,transpose,1,22,False,flip_ud
5766df24f860dac749220a9321816edc24d50e078afe75a37cfbc99dcf24f34e,5766df24f860dac749220a9321816edc24d50e078afe75a37cfbc99dcf24f34e,1,transpose,1,22,False,flip_ud
08e2ad05ff8c892a87a80870a3e1fd0a8a240c044847da919002522914c588eb,08e2ad05ff8c892a87a80870a3e1fd0a8a240c044847da919002522914c588eb,0,transpose,1,23,False,flip_ud
10558e62986495c6f46496ec7ae62bfc0699ed7ee25b03da5496d603d33f4ddf,10558e62986495c6f46496ec7ae62bfc0699ed7ee25b03da5496d603d33f4ddf,1,transpose,1,23,False,flip_ud
7f12e7f428afc9179bafaa83c329042e82e43740c497222621440c8bd8befe29,7f12e7f428afc9179bafaa83c329042e82e43740c497222621440c8bd8befe29,0,transpose,1,24,False,flip_ud
c6d727c8ae5ea58ed54fa30d7994b8c7fbae0cd1b594dc816c5d8e786dad4de9,c6d727c8ae5ea58ed54fa30d7994b8c7fbae0cd1b594dc816c5d8e786dad4de9,1,transpose,1,24,False,flip_ud
cdfa1ab8f858ca479aa29566d2dc7808f221ad6a99216ca5944f441d981cad28,cdfa1ab8f858ca479aa29566d2dc7808f221ad6a99216ca5944f441d981cad28,0,transpose,1,25,False,flip_ud
0e5676fb786db20c507d9710a52dd06e091613c6fb093aaed51147fe66bd420e,0e5676fb786db20c507d9710a52dd06e091613c6fb093aaed51147fe66bd420e,1,transpose,1,25,False,flip_ud
f853dd4a9686441ffa9543b4131809ae645cfa5e58c8f6af09ce760cd0ee2e43,f853dd4a9686441ffa9543b4131809ae645cfa5e58c8f6af09ce760cd0ee2e43,0,transpose,1,26,False,flip_ud
42c800b32547fec6977f3796eb0d0a22121983dc45dd493dfd65377312f9a037,42c800b32547fec6977f3796eb0d0a22121983dc45dd493dfd65377312f9a037,1,transpose,1,26,False,flip_ud
8a2fb7ddcfa71b9750c9e53898212966ea776d15de41ef93fa77774671d30907,8a2fb7ddcfa71b9750c9e53898212966ea776d15de41ef93fa77774671d30907,0,transpose,1,27,False,flip_ud
5b0817744b748bf3a1d1f988ff60096c85c1142561d61059f0dfdb4c57c45a61,5b0817744b748bf3a1d1f988ff60096c85c1142561d61059f0dfdb4c57c45a61,1,transpose,1,27,False,flip_ud
17264d488089a7cc8e5f746a56583e3298d4b900d1dbe473be5704d2514db178,17264d488089a7cc8e5f746a56583e3298d4b900d1dbe473be5704d2514db178,0,transpose,1,28,False,flip_ud
bb1227867a21065578907a84c393618fd7192dc82c778bd3e88d88b7d718ccfc,bb1227867a21065578907a84c393618fd7192dc82c778bd3e88d88b7d718ccfc,1,transpose,1,28,False,flip_ud
b32053b2a59567686a72c0811c8d0bf4d6d06a505fbf504ca40eaccc07192be0,b32053b2a59567686a72c0811c8d0bf4d6d06a505fbf504ca40eaccc07192be0,0,transpose,1,29,False,flip_ud
df623fc5b0cd560f238ddbaac55a2cf1d60db3969878a6e1d27c48a62f749a79,df623fc5b0cd560f238ddbaac55a2cf1d60db3969878a6e1d27c48a62f749a79,1,transpose,1,29,False,flip_ud
85bb8162f747cb3a5154eaf5656f1566e5458045df56a2ae3d1f07f8cf30eb11,85bb8162f747cb3a5154eaf5656f1566e5458045df56a2ae3d1f07f8cf30eb11,0,transpose,1,30,False,flip_ud
9ceabe84542d6a65bb24303d7a16dbb9739efc319cc8b9eef0dd2de3518115a0,9ceabe84542d6a65bb24303d7a16dbb9739efc319cc8b9eef0dd2de3518115a0,1,transpose,1,30,False,flip_ud
064c9cf750d508a20a55bad70d7b495518b783c1d27ca781071b8020282dfd0f,064c9cf750d508a20a55bad70d7b495518b783c1d27ca781071b8020282dfd0f,0,transpose,1,31,False,flip_ud
d028efc65d62310746bc602abb40f867e7d2d16042fd7f6a8ea355ace2d70dec,d028efc65d62310746bc602abb40f867e7d2d16042fd7f6a8ea355ace2d70dec,1,transpose,1,31,False,flip_ud
e35a191e76b96e7fe294cf7cf18efd3251f327e8500b98e7509fbab04f676c53,e35a191e76b96e7fe294cf7cf18efd3251f327e8500b98e7509fbab04f676c53,0,transpose,1,32,False,flip_ud
13c4c4e1a7342c5bcbac5cb0a36fe024c96774f26399aed825d4c06c861c693c,13c4c4e1a7342c5bcbac5cb0a36fe024c96774f26399aed825d4c06c861c693c,1,transpose,1,32,False,flip_ud
a5a5e6a1d7bbcca53483dad1da7663d73ed6a80a31beffdcfa66fd8aead5951d,a5a5e6a1d7bbcca53483dad1da7663d73ed6a80a31beffdcfa66fd8aead5951d,0,transpose,1,33,False,flip_ud
96195a3e74975558aa6f9318ddc3e4817ad5c74cf061c62a5c328bbc4a0e7e84,96195a3e74975558aa6f9318ddc3e4817ad5c74cf061c62a5c328bbc4a0e7e84,1,transpose,1,33,False,flip_ud
150b550f708be76bb02c1721da414e91d54c0957df74658b58d40d46339971e9,150b550f708be76bb02c1721da414e91d54c0957df74658b58d40d46339971e9,0,transpose,1,34,False,flip_ud
aa07196d4f66a4364eef30b3479675b60152fa6c07cb2c9aa66c934a87e29056,aa07196d4f66a4364eef30b3479675b60152fa6c07cb2c9aa66c934a87e29056,1,transpose,1,34,False,flip_ud
5cf93d8d8194fc8b24ecd61be79b14e27e021995251aff07b479c603d44afe1d,5cf93d8d8194fc8b24ecd61be79b14e27e021995251aff07b479c603d44afe1d,0,transpose,1,35,False,flip_ud
0eca3f4a10098632d73db520022ffea169407719d197a05387a8783eb7d21c58,0eca3f4a10098632d73db520022ffea169407719d197a05387a8783eb7d21c58,1,transpose,1,35,False,flip_ud
86ae77ffaf0de4ad4174862d6522e601b6acc4fc5b000da6e7c00075170e8dee,86ae77ffaf0de4ad4174862d6522e601b6acc4fc5b000da6e7c00075170e8dee,0,anti_transpose,1,0,False,flip_ud
4a6bd45706a7c23616ac242836ebb43dff607ce3810bf37dcd2cc6454b7a310d,4a6bd45706a7c23616ac242836ebb43dff607ce3810bf37dcd2cc6454b7a310d,1,anti_transpose,1,0,False,flip_ud
19f407c2ccf9f1602a6ed295faf1d23dbfb82ead348a95f827f06bdab0cf29bf,19f407c2ccf9f1602a6ed295faf1d23dbfb82ead348a95f827f06bdab0cf29bf,0,anti_transpose,1,1,False,flip_ud
ce9bcd9aa4ea2c052deccc82a6c852c3dcbb2d8141c929f9c9e3cb9be8850e78,ce9bcd9aa4ea2c052deccc82a6c852c3dcbb2d8141c929f9c9e3cb9be8850e78,1,anti_transpose,1,1,False,flip_ud
f80307e5a676966890a94dba796028b2c835579abddbbd46446c15090df25009,f80307e5a676966890a94dba796028b2c835579abddbbd46446c15090df25009,0,anti_transpose,1,2,False,flip_ud
9780f9747e3bc040479eb9cbc7a4a876e776bbf5dedf8da11bca5e1a6c9e627a,9780f9747e3bc040479eb9cbc7a4a876e776bbf5dedf8da11bca5e1a6c9e627a,1,anti_transpose,1,2,False,flip_ud
606af092fb41085a47744f7c28239b854ce1af474bb75920657c091745522c1f,606af092fb41085a47744f7c28239b854ce1af474bb75920657c091745522c1f,0,anti_transpose,1,3,False,flip_ud
5aec3cbd75ec5cec1c67f6db712c73df34b7176fb7579fa423f3770a3c34e216,5aec3cbd75ec5cec1c67f6db712c73df34b7176fb7579fa423f3770a3c34e216,1,anti_transpose,1,3,False,flip_ud
fb9707a85c92c16c1d547e9b01453769572ad557b66b55721a68940b6ceb69d0,fb9707a85c92c16c1d547e9b01453769572ad557b66b55721a68940b6ceb69d0,0,anti_transpose,1,4,False,flip_ud
74d50f8d0ccaf36b2134d740700d1f35cc7c688d529c709bb7e6b6b9f851d3ea,74d50f8d0ccaf36b2134d740700d1f35cc7c688d529c709bb7e6b6b9f851d3ea,1,anti_transpose,1,4,False,flip_ud
c656c5a1e1660e215b3121f0567a4d87561c916814978afc9d5280c032f50c5f,c656c5a1e1660e215b3121f0567a4d87561c916814978afc9d5280c032f50c5f,0,anti_transpose,1,5,False,flip_ud
7229017b7448d522fb026365cfac957c7649b35bde579614afe28a6d220dbc0c,7229017b7448d522fb026365cfac957c7649b35bde579614afe28a6d220dbc0c,1,anti_transpose,1,5,False,flip_ud
b3f78ceed2db64cee4e8fca196fa638ccac93724f97689034038a0d041c65ca6,b3f78ceed2db64cee4e8fca196fa638ccac93724f97689034038a0d041c65ca6,0,anti_transpose,1,6,False,flip_ud
4d93e58fbd012ee14fcc6e7a5876c1aae0c37b9a1925af8dae5478a086d61bc6,4d93e58fbd012ee14fcc6e7a5876c1aae0c37b9a1925af8dae5478a086d61bc6,1,anti_transpose,1,6,False,flip_ud
5ae4707d0c05c99a792f57b5eea63231dcc2596c358f8c2a0882e47f79158ea2,5ae4707d0c05c99a792f57b5eea63231dcc2596c358f8c2a0882e47f79158ea2,0,anti_transpose,1,7,False,flip_ud
d3e873ade367589aa33e290b6e409459b04b8707be55810a8c0c35b06791cf02,d3e873ade367589aa33e290b6e409459b04b8707be55810a8c0c35b06791cf02,1,anti_transpose,1,7,False,flip_ud
4beed4f2681ba68459f245b793d8d227a0be779b233ff5211381fd97360430dd,4beed4f2681ba68459f245b793d8d227a0be779b233ff5211381fd97360430dd,0,anti_transpose,1,8,False,flip_ud
78bfe3cbbc76b9765f0d8e7c77f051b1cdf4006b0c4fc6f7365b0563a294a7e3,78bfe3cbbc76b9765f0d8e7c77f051b1cdf4006b0c4fc6f7365b0563a294a7e3,1,anti_transpose,1,8,False,flip_ud
6ad705532a11403d58af096f29bcbaf8225b930f07062dbdabd8fcd6c2e441e6,6ad705532a11403d58af096f29bcbaf8225b930f07062dbdabd8fcd6c2e441e6,0,anti_transpose,1,9,False,flip_ud
8e0d0bcbaad7edeb68a96b79a91b3234c933285f715c07375e24581a96aaabb1,8e0d0bcbaad7edeb68a96b79a91b3234c933285f715c07375e24581a96aaabb1,1,anti_transpose,1,9,False,flip_ud
4a1fac7ea93dd915efa7f32cf0c9159f11fbbf481c8d6e25be08318cbcf3b691,4a1fac7ea93dd915efa7f32cf0c9159f11fbbf481c8d6e25be08318cbcf3b691,0,anti_transpose,1,10,False,flip_ud
4adaf7f0aeef84cbc9b020bac6a7550d24764ef4024169f8a3ef7e5204c504e5,4adaf7f0aeef84cbc9b020bac6a7550d24764ef4024169f8a3ef7e5204c504e5,1,anti_transpose,1,10,False,flip_ud
37746bf23f22f76da1ac797eacb2656f754d0409ce262ad45bd701a38b4d4ab5,37746bf23f22f76da1ac797eacb2656f754d0409ce262ad45bd701a38b4d4ab5,0,anti_transpose,1,11,False,flip_ud
f0bbe16b3dc3682a21ef16a9542ebc70d94815ee639072e7f218110c20acb4fe,f0bbe16b3dc3682a21ef16a9542ebc70d94815ee639072e7f218110c20acb4fe,1,anti_transpose,1,11,False,flip_ud
f4c396e676012a04440c541ede28e019a4c0b0e996380a27ffbaa626d05a5a83,f4c396e676012a04440c541ede28e019a4c0b0e996380a27ffbaa626d05a5a83,0,anti_transpose,1,12,False,flip_ud
a8eda431c51e53c12eb8614ecb323551d02560fb187db790a9b095b61d5da37e,a8eda431c51e53c12eb8614ecb323551d02560fb187db790a9b095b61d5da37e,1,anti_transpose,1,12,False,flip_ud
6bc2c7841b373e203358a3dfd3a9fcda09936607b0e5e4c02b625898e2fbe278,6bc2c7841b373e203358a3dfd3a9fcda09936607b0e5e4c02b625898e2fbe278,0,anti_transpose,1,13,False,flip_ud
962a50f92c915ab7c7949759b9304938af2f78243f9f2d6af9b73c0a6e11b77c,962a50f92c915ab7c7949759b9304938af2f78243f9f2d6af9b73c0a6e11b77c,1,anti_transpose,1,13,False,flip_ud
25a6d29eedd04d6dce5d667304c357300a6654fc362df6b50060b8be1c7000fc,25a6d29eedd04d6dce5d667304c357300a6654fc362df6b50060b8be1c7000fc,0,anti_transpose,1,14,False,flip_ud
06441cb71fe39d4c361ee578805b3d9558929eb191d9421d599bc02c2a2a8016,06441cb71fe39d4c361ee578805b3d9558929eb191d9421d599bc02c2a2a8016,1,anti_transpose,1,14,False,flip_ud
1ca35bbecce328b2f9d2298a9c95a9457eebc2edc2461eaca2c9d327f680b23a,1ca35bbecce328b2f9d2298a9c95a9457eebc2edc2461eaca2c9d327f680b23a,0,anti_transpose,1,15,False,flip_ud
7f116bc005e8b9b95201593e001534f65cb5cd13029916509f66d5c9f2491e90,7f116bc005e8b9b95201593e001534f65cb5cd13029916509f66d5c9f2491e90,1,anti_transpose,1,15,False,flip_ud
d0ca6692ce04a32c65bbff46e6e7562dcd3b42aa0c58dbbf826a7d0d20bd0139,d0ca6692ce04a32c65bbff46e6e7562dcd3b42aa0c58dbbf826a7d0d20bd0139,0,anti_transpose,1,16,False,flip_ud
fc2169dacec1a6c951b0efd5816dc92764f030efd31f3bfd48add24e88c2f518,fc2169dacec1a6c951b0efd5816dc92764f030efd31f3bfd48add24e88c2f518,1,anti_transpose,1,16,False,flip_ud
410db28d4b9e5f5078b2aa8eee96b2ff5c9a6efda18565e45d7c4c95662bd576,410db28d4b9e5f5078b2aa8eee96b2ff5c9a6efda18565e45d7c4c95662bd576,0,anti_transpose,1,17,False,flip_ud
dcd2599ff262755c7e704bb04912ef87bbb3a5839fa4e4fa088e152bf312ae78,dcd2599ff262755c7e704bb04912ef87bbb3a5839fa4e4fa088e152bf312ae78,1,anti_transpose,1,17,False,flip_ud
efb3d2af781298b9937e84f837dd9d520fb56f2f113cec6feff2c3c39117df03,efb3d2af781298b9937e84f837dd9d520fb56f2f113cec6feff2c3c39117df03,0,anti_transpose,1,18,False,flip_ud
9d4545ed865dcdbf8bbbc57965f881e13cb2e1522f7b77f443733ae08d2215a7,9d4545ed865dcdbf8bbbc57965f881e13cb2e1522f7b77f443733ae08d2215a7,1,anti_transpose,1,18,False,flip_ud
5cc635655eb5dd9c1620183810a227f1aac5ecfda8323f04871f06126b6ebaec,5cc635655eb5dd9c1620183810a227f1aac5ecfda8323f04871f06126b6ebaec,0,anti_transpose,1,19,False,flip_ud
2e6074cde57cf0c07b52334244d94bb556ba4d2b264661da905db7c2eaf0139c,2e6074cde57cf0c07b52334244d94bb556ba4d2b264661da905db7c2eaf0139c,1,anti_transpose,1,19,False,flip_ud
e881be1931c3b34818f5e737b160afe75d9aded028f738da190af02e327fe1f9,e881be1931c3b34818f5e737b160afe75d9aded028f738da190af02e327fe1f9,0,anti_transpose,1,20,False,flip_ud
7ba180f587fcf8542f24d08d6ed138a6ec67d93fcf9ef7eaad30fdb5099887a6,7ba180f587fcf8542f24d08d6ed138a6ec67d93fcf9ef7eaad30fdb5099887a6,1,anti_transpose,1,20,False,flip_ud
0f49c56a89c88bae0113ed1b3e9466e24464e4e0c57abad082a0469445ccaf0a,0f49c56a89c88bae0113ed1b3e9466e24464e4e0c57abad082a0469445ccaf0a,0,anti_transpose,1,21,False,flip_ud
eb66d98b51f0c710fc8c5a7af77028c9afb0e936ef750b5313f3705c068bb551,eb66d98b51f0c710fc8c5a7af77028c9afb0e936ef750b5313f3705c068bb551,1,anti_transpose,1,21,False,flip_ud
353522b853a88d91fbd1cc3e7a789679af7cc6ba22cc6a38862cfc02fc4a9fe9,353522b853a88d91fbd1cc3e7a789679af7cc6ba22cc6a38862cfc02fc4a9fe9,0,anti_transpose,1,22,False,flip_ud
af05885a4d1c7b16aa21073992adfeac1c5a0bccc4b4accc9f554a9f8e6c5c1b,af05885a4d1c7b16aa21073992adfeac1c5a0bccc4b4accc9f554a9f8e6c5c1b,1,anti_transpose,1,22,False,flip_ud
83d96683f194846ff797f6cd5f57d94528fb53bdd7a799fd320f6c867ae4a2e2,83d96683f194846ff797f6cd5f57d94528fb53bdd7a799fd320f6c867ae4a2e2,0,anti_transpose,1,23,False,flip_ud
24fee9dfa29fea49369a77175d44e5fec6a1cace8cba81f2a5a95d2120da4b79,24fee9dfa29fea49369a77175d44e5fec6a1cace8cba81f2a5a95d2120da4b79,1,anti_transpose,1,23,False,flip_ud
4c2cf6e0d7db8e6c68773ed45e3eff66bfff78f8af7ff1580430355791f58f48,4c2cf6e0d7db8e6c68773ed45e3eff66bfff78f8af7ff1580430355791f58f48,0,anti_transpose,1,24,False,flip_ud
c992f6ae38b54e43e2b55f1eac1d752fbc8403d8db58ca6bcb4af0245027c8fb,c992f6ae38b54e43e2b55f1eac1d752fbc8403d8db58ca6bcb4af0245027c8fb,1,anti_transpose,1,24,False,flip_ud
2442673da3ad1b5c61ad404359727e87241f9b4a90bc32c7f1792d5b1baa2939,2442673da3ad1b5c61ad404359727e87241f9b4a90bc32c7f1792d5b1baa2939,0,anti_transpose,1,25,False,flip_ud
0a75ef92e1987a26745272e353635d38bf3b9e495447f9c435f06ddc10fed088,0a75ef92e1987a26745272e353635d38bf3b9e495447f9c435f06ddc10fed088,1,anti_transpose,1,25,False,flip_ud
af801bc76094683e8d8d738670e4a84e9b3b96311e45fb8083ce7bd5c8507732,af801bc76094683e8d8d738670e4a84e9b3b96311e45fb8083ce7bd5c8507732,0,anti_transpose,1,26,False,flip_ud
6ba9cdb2dc29a068f9380693912b2fa50c188615c285440a6b9fefe0bf5598ce,6ba9cdb2dc29a068f9380693912b2fa50c188615c285440a6b9fefe0bf5598ce,1,anti_transpose,1,26,False,flip_ud
de38c85b4929018f9c109af49b49713b1e3bff99230a0e34b88a7f94cd70e140,de38c85b4929018f9c109af49b49713b1e3bff99230a0e34b88a7f94cd70e140,0,anti_transpose,1,27,False,flip_ud
e0a54fcdfcf499e4f4ca98c6a10cad64afb7ca630c7846fb6cb7fe62435a8091,e0a54fcdfcf499e4f4ca98c6a10cad64afb7ca630c7846fb6cb7fe62435a8091,1,anti_transpose,1,27,False,flip_ud
fc15137a7c3d808f965e1b9bb7861cf220e6a418d1b04fad3ba92c4992f61a99,fc15137a7c3d808f965e1b9bb7861cf220e6a418d1b04fad3ba92c4992f61a99,0,anti_transpose,1,28,False,flip_ud
d7c5351909b2ab95d89fa8cdf4bd1deb2add74fa91dc37969e776a2bdf553710,d7c5351909b2ab95d89fa8cdf4bd1deb2add74fa91dc37969e776a2bdf553710,1,anti_transpose,1,28,False,flip_ud
e52444b6a9d8ff8703f0d573130e2fce3fc269fb25a8d40d1bbce9b7f686fc11,e52444b6a9d8ff8703f0d573130e2fce3fc269fb25a8d40d1bbce9b7f686fc11,0,anti_transpose,1,29,False,flip_ud
a559b5017a35a336a59075a072f2b5ac8ac604de53a405456199a3f094902298,a559b5017a35a336a59075a072f2b5ac8ac604de53a405456199a3f094902298,1,anti_transpose,1,29,False,flip_ud
94ed44ac45d3f98ea0d82d2eb0345ea422fae6c34c4fec1a598d36654ae17fc2,94ed44ac45d3f98ea0d82d2eb0345ea422fae6c34c4fec1a598d36654ae17fc2,0,anti_transpose,1,30,False,flip_ud
45d351ef8a33e203cffdec670f2e234a5b90317c18bf41121b37c26dbd26f49a,45d351ef8a33e203cffdec670f2e234a5b90317c18bf41121b37c26dbd26f49a,1,anti_transpose,1,30,False,flip_ud
828044a6686a11641db6c280d04033bd7d4288a5391924aa3170ec94a4dcbcb8,828044a6686a11641db6c280d04033bd7d4288a5391924aa3170ec94a4dcbcb8,0,anti_transpose,1,31,False,flip_ud
e4efd482b9a95f001dce3e3d45c96393fd23290d8cf133d5814e0466368352e0,e4efd482b9a95f001dce3e3d45c96393fd23290d8cf133d5814e0466368352e0,1,anti_transpose,1,31,False,flip_ud
de988274dfef7ddc40f6d1e512a04a8d937ede73bfce8eff306918ad204c680f,de988274dfef7ddc40f6d1e512a04a8d937ede73bfce8eff306918ad204c680f,0,anti_transpose,1,32,False,flip_ud
eab653b47a96cd6770b8582a6e69f0d40011489bc6eb6fa7e2b96e56411bad51,eab653b47a96cd6770b8582a6e69f0d40011489bc6eb6fa7e2b96e56411bad51,1,anti_transpose,1,32,False,flip_ud
c556dfa8b5dc70fe59a98c70b6e5d81d4b6ccbe3be41fd16a017a7ca3f62c997,c556dfa8b5dc70fe59a98c70b6e5d81d4b6ccbe3be41fd16a017a7ca3f62c997,0,anti_transpose,1,33,False,flip_ud
78929864457c771d776a2b7251c0a5c39b7fc23bd40c99567ec4c14db40611d6,78929864457c771d776a2b7251c0a5c39b7fc23bd40c99567ec4c14db40611d6,1,anti_transpose,1,33,False,flip_ud
e97532192353e11388ad3f672bf242130accd6dd0cffb7c6bcadffaa4cdc9b8e,e97532192353e11388ad3f672bf242130accd6dd0cffb7c6bcadffaa4cdc9b8e,0,anti_transpose,1,34,False,flip_ud
d0d5106b2fdbd27a4b68b43cb1fa34d9ba9d8646dd39c3046c3fa185a9f97810,d0d5106b2fdbd27a4b68b43cb1fa34d9ba9d8646dd39c3046c3fa185a9f97810,1,anti_transpose,1,34,False,flip_ud
e2bf295530a3877629ae7d3fe027a2c5b544c6ed2e428083fcb0278ff0eac43d,e2bf295530a3877629ae7d3fe027a2c5b544c6ed2e428083fcb0278ff0eac43d,0,anti_transpose,1,35,False,flip_ud
b886612aeee94e2599c8b6ee32b283f2962dd254f5c2d2a29082ab8f198c34f1,b886612aeee94e2599c8b6ee32b283f2962dd254f5c2d2a29082ab8f198c34f1,1,anti_transpose,1,35,False,flip_ud
9a99d0bd764730a3ecee2429b1ccff7a97d91647f7a9eefecc4fbd9bb59e7796,9a99d0bd764730a3ecee2429b1ccff7a97d91647f7a9eefecc4fbd9bb59e7796,0,identity,8,0,False,flip_ud
1d56552724236aaf2ddc3f5bbbe7ae4514c76b2bb204f98e8413d41da2b9ab17,1d56552724236aaf2ddc3f5bbbe7ae4514c76b2bb204f98e8413d41da2b9ab17,1,identity,8,0,False,flip_ud
89d697c1ecafb7e51eafe9f7df68083f0dca6005ec2392b020966e4d775a7565,89d697c1ecafb7e51eafe9f7df68083f0dca6005ec2392b020966e4d775a7565,0,identity,8,1,False,flip_ud
7fa14c380fe2887e9ba1d87842717ed9ddb094f1f212da2040c5dcc350dc9e02,7fa14c380fe2887e9ba1d87842717ed9ddb094f1f212da2040c5dcc350dc9e02,1,identity,8,1,False,flip_ud
434de0be1f056b32d2504a3711826ba147d973b9edc82c52acde77f19700b7ae,434de0be1f056b32d2504a3711826ba147d973b9edc82c52acde77f19700b7ae,0,identity,8,2,False,flip_ud
23c20bceb39078ef402776f804c2ac337e59953550cafffc748f80af2b8a3670,23c20bceb39078ef402776f804c2ac337e59953550cafffc748f80af2b8a3670,1,identity,8,2,False,flip_ud
3ce7afd305486392e1c17960fca193ea9d5ddff6a0c2c6c6cbb22d2d7189a19b,3ce7afd305486392e1c17960fca193ea9d5ddff6a0c2c6c6cbb22d2d7189a19b,0,identity,8,3,False,flip_ud
f8e986d66914af750eeeb6fb6cb0cf14360a32d86048956108eda0fdd90f4fab,f8e986d66914af750eeeb6fb6cb0cf14360a32d86048956108eda0fdd90f4fab,1,identity,8,3,False,flip_ud
ea8c5d24bf4fb1b96a1c398af3a1ed235efb1868e341b1ade2af4934223e226a,ea8c5d24bf4fb1b96a1c398af3a1ed235efb1868e341b1ade2af4934223e226a,0,identity,8,4,False,flip_ud
ef82c7690a313270a1de5c9ad0f934cf812f3ab47c8395b6ea6f888287384ab6,ef82c7690a313270a1de5c9ad0f934cf812f3ab47c8395b6ea6f888287384ab6,1,identity,8,4,False,flip_ud
c0c2261de0e618eebfc04545b13182c883c1d828b2d89b64e9acf87631382ddb,c0c2261de0e618eebfc04545b13182c883c1d828b2d89b64e9acf87631382ddb,0,identity,8,5,False,flip_ud
ca1b9977eeb6bc95977d19e2ae3c55b39bb3e15a82f376968268820683dea145,ca1b9977eeb6bc95977d19e2ae3c55b39bb3e15a82f376968268820683dea145,1,identity,8,5,False,flip_ud
00a0536d5e00093fd3e7ff082a17de881238ed5999e9a1aa50bf564fdf68edea,00a0536d5e00093fd3e7ff082a17de881238ed5999e9a1aa50bf564fdf68edea,0,identity,8,6,False,flip_ud
5cccee865e2316aad9c7a4a4f53e28668f0ad668e9431e3164471947f6eab095,5cccee865e2316aad9c7a4a4f53e28668f0ad668e9431e3164471947f6eab095,1,identity,8,6,False,flip_ud
638707f0d74e42f4c2a920fdbba7bed7478d8922058f59cc94515880936071fe,638707f0d74e42f4c2a920fdbba7bed7478d8922058f59cc94515880936071fe,0,identity,8,7,False,flip_ud
5945ac448e47e0975ae3f34170646cc741145dec78a50bbbb8a4725cf67a759f,5945ac448e47e0975ae3f34170646cc741145dec78a50bbbb8a4725cf67a759f,1,identity,8,7,False,flip_ud
83c46aa0ecbc1caab91b5b1c3b8547b6787b3799c6c0f793e1e1d6c1b9aa3405,83c46aa0ecbc1caab91b5b1c3b8547b6787b3799c6c0f793e1e1d6c1b9aa3405,0,identity,8,8,False,flip_ud
4b63182078dcad8933c3388d026c3e65ea7fed051c03f1c1d13fd37952c4bcf8,4b63182078dcad8933c3388d026c3e65ea7fed051c03f1c1d13fd37952c4bcf8,1,identity,8,8,False,flip_ud
b2f6b76bfd9a14c617963ce2f1d277897faa91c6e529a7c995b657b84a9bd373,b2f6b76bfd9a14c617963ce2f1d277897faa91c6e529a7c995b657b84a9bd373,0,identity,8,9,False,flip_ud
b518075b6807443e57dc2b18bb7785d822e61b5c4c4604f1d5c49099632f8104,b518075b6807443e57dc2b18bb7785d822e61b5c4c4604f1d5c49099632f8104,1,identity,8,9,False,flip_ud
f4a120e8d618be3ba5a87d03af72863304f6c5f794aa54a706ff1fc85d83023b,f4a120e8d618be3ba5a87d03af72863304f6c5f794aa54a706ff1fc85d83023b,0,identity,8,10,False,flip_ud
803067d0b494875187925bfbf405e0bb9634204f56a6acc3b2c08bb72e2a3dfe,803067d0b494875187925bfbf405e0bb9634204f56a6acc3b2c08bb72e2a3dfe,1,identity,8,10,False,flip_ud
db7de912ef4c0387c17aa1c858eb1f1eee6f5a66aa0882311f573f007113af07,db7de912ef4c0387c17aa1c858eb1f1eee6f5a66aa0882311f573f007113af07,0,identity,8,11,False,flip_ud
1c2ae9636de892908d6095652a4f7e845a8a6df8de3a7302a0439deb653822b0,1c2ae9636de892908d6095652a4f7e845a8a6df8de3a7302a0439deb653822b0,1,identity,8,11,False,flip_ud
ebdbd700ca4c0c1ab38a1ae4ac5795e94f6d247965c8e0e358aeb4975ddd0c86,ebdbd700ca4c0c1ab38a1ae4ac5795e94f6d247965c8e0e358aeb4975ddd0c86,0,identity,8,12,False,flip_ud
7745b533f4c5d5e76b94a70d1cfea79c681ff5a38eb6d0bf8854113af3035114,7745b533f4c5d5e76b94a70d1cfea79c681ff5a38eb6d0bf8854113af3035114,1,identity,8,12,False,flip_ud
3183516fd162574260c66b25fbd6eb442332f120edd14031a8a09b3e5588d8be,3183516fd162574260c66b25fbd6eb442332f120edd14031a8a09b3e5588d8be,0,identity,8,13,False,flip_ud
be1799f2ce13f54738c681c96b2bc671a063e4cedac773f2566f054d92f03a55,be1799f2ce13f54738c681c96b2bc671a063e4cedac773f2566f054d92f03a55,1,identity,8,13,False,flip_ud
e9f381ed471a9fd50a247d355f2bdbe04a6e51317064baed71f8164bf2bd2362,e9f381ed471a9fd50a247d355f2bdbe04a6e51317064baed71f8164bf2bd2362,0,identity,8,14,False,flip_ud
9bfcd00e588fe9f57f8ef2130d9e948bd842ba0425b5707aae87988952435ba3,9bfcd00e588fe9f57f8ef2130d9e948bd842ba0425b5707aae87988952435ba3,1,identity,8,14,False,flip_ud
0ca87ec7d25818c3d132fb93860e3096cae39f28af904b3a003ff268a26e35be,0ca87ec7d25818c3d132fb93860e3096cae39f28af904b3a003ff268a26e35be,0,identity,8,15,False,flip_ud
da9633dc1629a3e386a81f4b0c350dd33d07f3f6fa2a4356fc40a359af5f80c2,da9633dc1629a3e386a81f4b0c350dd33d07f3f6fa2a4356fc40a359af5f80c2,1,identity,8,15,False,flip_ud
608430ca8ba14a3a00691c3f2a742af06f6de220dbddc6aa66dd3958003a22b3,608430ca8ba14a3a00691c3f2a742af06f6de220dbddc6aa66dd3958003a22b3,0,identity,8,16,False,flip_ud
34602b0197955cac08ab50e9144fad3d1a5c02b6399c994e4eea055f7293f981,34602b0197955cac08ab50e9144fad3d1a5c02b6399c994e4eea055f7293f981,1,identity,8,16,False,flip_ud
6de3f55bd6c6b56913e6f0a0f4faa01dd7e8ff2da7013ba7f51320145a1c007d,6de3f55bd6c6b56913e6f0a0f4faa01dd7e8ff2da7013ba7f51320145a1c007d,0,identity,8,17,False,flip_ud
914d4845045e8417017406788eecbeb5624220b9000d8df8880fe1af16177dbf,914d4845045e8417017406788eecbeb5624220b9000d8df8880fe1af16177dbf,1,identity,8,17,False,flip_ud
c3de93f1a44c3317358fac891072e3aa46745b0d453016428fd7444b7c26d6ba,c3de93f1a44c3317358fac891072e3aa46745b0d453016428fd7444b7c26d6ba,0,identity,8,18,False,flip_ud
70141e043f0e503f021f95fa1faf98002022578e69cb36e50f4d21d3e6af4b8b,70141e043f0e503f021f95fa1faf98002022578e69cb36e50f4d21d3e6af4b8b,1,identity,8,18,False,flip_ud
b645e623e9e2d459fd899232a4b1de03eb6eb021a68cb47738d255dad5ff3516,b645e623e9e2d459fd899232a4b1de03eb6eb021a68cb47738d255dad5ff3516,0,identity,8,19,False,flip_ud
faf6a5b1597dc153970a9532deea92599ebf6b7807da6180a2f7e7ec0b5e395f,faf6a5b1597dc153970a9532deea92599ebf6b7807da6180a2f7e7ec0b5e395f,1,identity,8,19,False,flip_ud
b67756a696a9169b0c27b6655c9aace6b8b1e8f593526db8895f0786b173dc09,b67756a696a9169b0c27b6655c9aace6b8b1e8f593526db8895f0786b173dc09,0,identity,8,20,False,flip_ud
8d471ba0a19ad391b68b88590eeff05341141f32d626975d5475d30ff0028f18,8d471ba0a19ad391b68b88590eeff05341141f32d626975d5475d30ff0028f18,1,identity,8,20,False,flip_ud
1cc604602ea5f1f46c5e2194ad6922fdaf6ecc87d4c777906936d273558f5909,1cc604602ea5f1f46c5e2194ad6922fdaf6ecc87d4c777906936d273558f5909,0,identity,8,21,False,flip_ud
2cea2e5b790239c33e4d93bde2b403bfee753ca717e9c22621ff47a003d02e60,2cea2e5b790239c33e4d93bde2b403bfee753ca717e9c22621ff47a003d02e60,1,identity,8,21,False,flip_ud
8a53a0e8f633a0f8b4a649a285afaa2ef9b2e8d74606cf37153bc2e8c374c412,8a53a0e8f633a0f8b4a649a285afaa2ef9b2e8d74606cf37153bc2e8c374c412,0,identity,8,22,False,flip_ud
a9e0d492cdedf79eb3c8c6b6e60751225d9abf207405174b890512a1ddc507f9,a9e0d492cdedf79eb3c8c6b6e60751225d9abf207405174b890512a1ddc507f9,1,identity,8,22,False,flip_ud
41985c0ca9509012b9a61a26ea1cc9b71e9e51b0d3e8ebc8b32ccc774fa5b8e5,41985c0ca9509012b9a61a26ea1cc9b71e9e51b0d3e8ebc8b32ccc774fa5b8e5,0,identity,8,23,False,flip_ud
afb9d4d548483de205ddf8069e07fc4c00cbd8bb25bd3c5b9236badda9f49a2b,afb9d4d548483de205ddf8069e07fc4c00cbd8bb25bd3c5b9236badda9f49a2b,1,identity,8,23,False,flip_ud
feed37027e1f0e18268393d5e6cf28200f08adab5eefd903f9b525f0f4bdd525,feed37027e1f0e18268393d5e6cf28200f08adab5eefd903f9b525f0f4bdd525,0,identity,8,24,False,flip_ud
5e145257fbf33a7b08d0ce87ff50c1a632a96800d55684ef7f028ee01f9690c7,5e145257fbf33a7b08d0ce87ff50c1a632a96800d55684ef7f028ee01f9690c7,1,identity,8,24,False,flip_ud
5664e184fa02ca8e73312153f6652cb3ba1b0cf794074ab9a5f8785e9c8bce6f,5664e184fa02ca8e73312153f6652cb3ba1b0cf794074ab9a5f8785e9c8bce6f,0,identity,8,25,False,flip_ud
7e37608b9faddf7a35ed06cc656b6157a235313c7a60e0d2d9674148bad26875,7e37608b9faddf7a35ed06cc656b6157a235313c7a60e0d2d9674148bad26875,1,identity,8,25,False,flip_ud
07897b929277cb6b1d1825e4d6cacf18f3295e94ebcd755e6bdd947112d6259c,07897b929277cb6b1d1825e4d6cacf18f3295e94ebcd755e6bdd947112d6259c,0,identity,8,26,False,flip_ud
f00bc839dd6c8fbdefc1e4c8325bac1b1cec8322bce4cfb90e50a644d5f73b8e,f00bc839dd6c8fbdefc1e4c8325bac1b1cec8322bce4cfb90e50a644d5f73b8e,1,identity,8,26,False,flip_ud
aaaea58684269d8a3cf0eaa73252036edebe41c1694bd9a2541b1a6ce4eb0dea,aaaea58684269d8a3cf0eaa73252036edebe41c1694bd9a2541b1a6ce4eb0dea,0,identity,8,27,False,flip_ud
8185e6633b85eb683d859c0dd58cf8112f574ce2d43de301f0d6b1521d056869,8185e6633b85eb683d859c0dd58cf8112f574ce2d43de301f0d6b1521d056869,1,identity,8,27,False,flip_ud
8f5095abd1616ed68565b6ff8b2df82c56d2df0ca974ace7affc04916eb2d115,8f5095abd1616ed68565b6ff8b2df82c56d2df0ca974ace7affc04916eb2d115,0,identity,8,28,False,flip_ud
b1f7a9bc2bd2e1f1c6420fb3acd7b0de4ba90c97332b4128bfe0861ea4ff4fd0,b1f7a9bc2bd2e1f1c6420fb3acd7b0de4ba90c97332b4128bfe0861ea4ff4fd0,1,identity,8,28,False,flip_ud
69f9665b68c2c591312bef6f55d1fca2286348e48ccfbf6746d577f74face6f4,69f9665b68c2c591312bef6f55d1fca2286348e48ccfbf6746d577f74face6f4,0,identity,8,29,False,flip_ud
209df8a993e05b2fe2b5f055ae048290da7adcf08fdc0bbc8ef09e9be532068f,209df8a993e05b2fe2b5f055ae048290da7adcf08fdc0bbc8ef09e9be532068f,1,identity,8,29,False,flip_ud
39080e61317d2bb153dc2d2608b9839286db9c8f7c0709cd8fd2fe31d1c7450a,39080e61317d2bb153dc2d2608b9839286db9c8f7c0709cd8fd2fe31d1c7450a,0,identity,8,30,False,flip_ud
24dbd5f01173d6b312f31957995f583e1621db7849c0e4471e85292ef2dce3e0,24dbd5f01173d6b312f31957995f583e1621db7849c0e4471e85292ef2dce3e0,1,identity,8,30,False,flip_ud
04c01f77d1783195f41e560819c3201eb238888b5670fb9390972cd1a42a1905,04c01f77d1783195f41e560819c3201eb238888b5670fb9390972cd1a42a1905,0,identity,8,31,False,flip_ud
fff5e0e69b92efe2a27e59fc1a82ccbf7d3184c3b9f17e4b746ccbaf709175ca,fff5e0e69b92efe2a27e59fc1a82ccbf7d3184c3b9f17e4b746ccbaf709175ca,1,identity,8,31,False,flip_ud
e9fb1735c6689e3425ef035705da25115d12218fc5738718fc0e51521d4bf076,e9fb1735c6689e3425ef035705da25115d12218fc5738718fc0e51521d4bf076,0,identity,8,32,False,flip_ud
e59ed103a3f4a2b34f9d0466fd6cd7a38720d0ce5975af3e985134edee88d0dd,e59ed103a3f4a2b34f9d0466fd6cd7a38720d0ce5975af3e985134edee88d0dd,1,identity,8,32,False,flip_ud
d321574c9990da5ad2f81147c7d1df7027548ccc6cd3c476bcf189c599b6c092,d321574c9990da5ad2f81147c7d1df7027548ccc6cd3c476bcf189c599b6c092,0,identity,8,33,False,flip_ud
94ba0d23767c532bc3d757cd555d1a0581a3b9f1d5da27c94faa0bbcdbb92c63,94ba0d23767c532bc3d757cd555d1a0581a3b9f1d5da27c94faa0bbcdbb92c63,1,identity,8,33,False,flip_ud
6a1ff70a31321e3e9e1609bc9b9092888eaeb9045871471cdb4ad4f82547591d,6a1ff70a31321e3e9e1609bc9b9092888eaeb9045871471cdb4ad4f82547591d,0,identity,8,34,False,flip_ud
19c033f96030586e3803ccbfdde6005cb1579afff13d5e74045ef9ef71e0789d,19c033f96030586e3803ccbfdde6005cb1579afff13d5e74045ef9ef71e0789d,1,identity,8,34,False,flip_ud
df7c20b9e8b95fdd3a95c00a01663daa396b2c711dc7a9fb460b09e05c1e7c00,df7c20b9e8b95fdd3a95c00a01663daa396b2c711dc7a9fb460b09e05c1e7c00,0,identity,8,35,False,flip_ud
d7924137092d2c5c13f7cd8d6946d4ffd0a07c8219d2600430a9a99f8249d982,d7924137092d2c5c13f7cd8d6946d4ffd0a07c8219d2600430a9a99f8249d982,1,identity,8,35,False,flip_ud
0efd0421c500d902bf9c483f5e70cb3abdef9386ac8615468b5a27ac097fbd01,0efd0421c500d902bf9c483f5e70cb3abdef9386ac8615468b5a27ac097fbd01,0,transpose,8,0,False,flip_ud
0e5d949f302266b57d0829285ca4ab4ccf5069cd5cc04b9a6bd6ae78b0c1d68c,0e5d949f302266b57d0829285ca4ab4ccf5069cd5cc04b9a6bd6ae78b0c1d68c,1,transpose,8,0,False,flip_ud
238d3c87d58795a8784ca0f6d7368ab9ba71fbc30a7c635d566d86d508e2ff87,238d3c87d58795a8784ca0f6d7368ab9ba71fbc30a7c635d566d86d508e2ff87,0,transpose,8,1,False,flip_ud
6ab81865dadf38198adeaf35da59da836ee271052d0d082be791a142fa6e1447,6ab81865dadf38198adeaf35da59da836ee271052d0d082be791a142fa6e1447,1,transpose,8,1,False,flip_ud
cb358b55b5ad0ae0fbda1ed8a10ac5302c57a735b82d4e37aab4541cf0e3ae74,cb358b55b5ad0ae0fbda1ed8a10ac5302c57a735b82d4e37aab4541cf0e3ae74,0,transpose,8,2,False,flip_ud
357dfe90b98bc5447207c26b7be2e4c5d24cf6b33be7a2efdfdd107d683bd256,357dfe90b98bc5447207c26b7be2e4c5d24cf6b33be7a2efdfdd107d683bd256,1,transpose,8,2,False,flip_ud
0d327963fba31a8abb3e12969d4f84d3a31b3b9b2ca2176e4734c1cc6b5b155e,0d327963fba31a8abb3e12969d4f84d3a31b3b9b2ca2176e4734c1cc6b5b155e,0,transpose,8,3,False,flip_ud
f34453a606b22cf11d673de392abf14685b3931c4f6795a7957ec180f7261895,f34453a606b22cf11d673de392abf14685b3931c4f6795a7957ec180f7261895,1,transpose,8,3,False,flip_ud
a1740d8d225308fe0173d3ac53f10adec306f19cc72b93ee6c514ab7a862b61c,a1740d8d225308fe0173d3ac53f10adec306f19cc72b93ee6c514ab7a862b61c,0,transpose,8,4,False,flip_ud
a29b5c39e160ee6ea2f7a57788c72574710fceac65e2d22bc3c9302165a496cd,a29b5c39e160ee6ea2f7a57788c72574710fceac65e2d22bc3c9302165a496cd,1,transpose,8,4,False,flip_ud
d16df94c1e9e8bb1bb6a148fc2dca66020fef6b58674eeefa63032f59de7c749,d16df94c1e9e8bb1bb6a148fc2dca66020fef6b58674eeefa63032f59de7c749,0,transpose,8,5,False,flip_ud
5b8078584161d8606ad27854a790c8101aaa18e685a89dca33ba70c5ac485186,5b8078584161d8606ad27854a790c8101aaa18e685a89dca33ba70c5ac485186,1,transpose,8,5,False,flip_ud
1fd5ebe30d8ac02957d2013310b34041d357875b7749bced79ef66a8d03b6a81,1fd5ebe30d8ac02957d2013310b34041d357875b7749bced79ef66a8d03b6a81,0,transpose,8,6,False,flip_ud
3994d36ff03650f252b297dd8e6b8f1bdd31a4789962c895012edca9989499a5,3994d36ff03650f252b297dd8e6b8f1bdd31a4789962c895012edca9989499a5,1,transpose,8,6,False,flip_ud
7fa238bee58839126f006ef45c81fe5ed82e4332a08178813f4f11ae49cdad7b,7fa238bee58839126f006ef45c81fe5ed82e4332a08178813f4f11ae49cdad7b,0,transpose,8,7,False,flip_ud
1957e2dba9ee1d14d87a1edfc1d01af3ddede2414999ee53ea763145c954bbcc,1957e2dba9ee1d14d87a1edfc1d01af3ddede2414999ee53ea763145c954bbcc,1,transpose,8,7,False,flip_ud
3e939d5ed75ed52d7ec9aafb4ab76029aee4437e8c3713d6aae631e744876d52,3e939d5ed75ed52d7ec9aafb4ab76029aee4437e8c3713d6aae631e744876d52,0,transpose,8,8,False,flip_ud
92703541f90226fbcf4c7557081710f45e24dcaf558fbc1df51ef60d9955fe1e,92703541f90226fbcf4c7557081710f45e24dcaf558fbc1df51ef60d9955fe1e,1,transpose,8,8,False,flip_ud
d76835bbf1179fe4649319874f6b44d87fb5efab0ccceb41e4399759c72b9898,d76835bbf1179fe4649319874f6b44d87fb5efab0ccceb41e4399759c72b9898,0,transpose,8,9,False,flip_ud
384310687377edc0c66d1b0aab3e3a6b230365b2e31d0633d24cdb79015f82fa,384310687377edc0c66d1b0aab3e3a6b230365b2e31d0633d24cdb79015f82fa,1,transpose,8,9,False,flip_ud
e844c06a40f70728936e6489efb346c1ad87350ebd25aead45a0aab041805c8d,e844c06a40f70728936e6489efb346c1ad87350ebd25aead45a0aab041805c8d,0,transpose,8,10,False,flip_ud
b0c7ad84a58e4f684e749c7c85f44b95034c517fd6b9743968d8a56c763ee746,b0c7ad84a58e4f684e749c7c85f44b95034c517fd6b9743968d8a56c763ee746,1,transpose,8,10,False,flip_ud
5f876e1b04e6475913760a3de36f842b723b94d2f95b56b5dff7cfc189a2f840,5f876e1b04e6475913760a3de36f842b723b94d2f95b56b5dff7cfc189a2f840,0,transpose,8,11,False,flip_ud
f4bc5a702028a207498e839723356c3420775b2bbcad925bf5618067fa428499,f4bc5a702028a207498e839723356c3420775b2bbcad925bf5618067fa428499,1,transpose,8,11,False,flip_ud
2bd27cc2cd25275f12cd016107f22e124f456def831454ed16112755ecd6dfd5,2bd27cc2cd25275f12cd016107f22e124f456def831454ed16112755ecd6dfd5,0,transpose,8,12,False,flip_ud
1c507a0bf0f219298d024cb937df76d71659508c78f5dd05db9ed684fe5fb3c0,1c507a0bf0f219298d024cb937df76d71659508c78f5dd05db9ed684fe5fb3c0,1,transpose,8,12,False,flip_ud
dfbceae8b9ded4e1bd8f0a8527365ab314aac0d4edeb96a6b75281a08f5e25af,dfbceae8b9ded4e1bd8f0a8527365ab314aac0d4edeb96a6b75281a08f5e25af,0,transpose,8,13,False,flip_ud
826a02d9b9408a81213144f60ca790a168ce4332fd661dacc0f6eb1814a7b9c1,826a02d9b9408a81213144f60ca790a168ce4332fd661dacc0f6eb1814a7b9c1,1,transpose,8,13,False,flip_ud
a0a696ccdccb8f0bd080e89232f5f8d6dac5384828d2e052539b522ece82deb9,a0a696ccdccb8f0bd080e89232f5f8d6dac5384828d2e052539b522ece82deb9,0,transpose,8,14,False,flip_ud
d1defa88dc963af3877b033f5bb3bf16646eecc35dd9b95b560f8223d98d84e1,d1defa88dc963af3877b033f5bb3bf16646eecc35dd9b95b560f8223d98d84e1,1,transpose,8,14,False,flip_ud
6523dafec24c4aa4a4602d28a00c3acaeca687dcc7f9de45b148a1d0b27ea481,6523dafec24c4aa4a4602d28a00c3acaeca687dcc7f9de45b148a1d0b27ea481,0,transpose,8,15,False,flip_ud
bae15022c4daad0ae53b1ea202f4a43859aafd2eac957265fe5a9700d75b859c,bae15022c4daad0ae53b1ea202f4a43859aafd2eac957265fe5a9700d75b859c,1,transpose,8,15,False,flip_ud
b0a2a700985554f93561ba58cda054b5690e7bff67e3eb6674c329fca9ef9faf,b0a2a700985554f93561ba58cda054b5690e7bff67e3eb6674c329fca9ef9faf,0,transpose,8,16,False,flip_ud
e5e5a0a47a96e8ef35befb19241472f3d813ad059f3956f644f1dbfecfbded49,e5e5a0a47a96e8ef35befb19241472f3d813ad059f3956f644f1dbfecfbded49,1,transpose,8,16,False,flip_ud
002e7e1bba147a97f6046c055bb229a5f64770cb657b5df0c03621cc328fc3e4,002e7e1bba147a97f6046c055bb229a5f64770cb657b5df0c03621cc328fc3e4,0,transpose,8,17,False,flip_ud
e4d5b8a5dd1165435760e5d4cb4bccc0d3867297f595dfba726b4906d9ecf830,e4d5b8a5dd1165435760e5d4cb4bccc0d3867297f595dfba726b4906d9ecf830,1,transpose,8,17,False,flip_ud
0195c1762cccb7c22d5fa0afb14dc8ac1551c3d1dadc8b522a5319a97c9bb82f,0195c1762cccb7c22d5fa0afb14dc8ac1551c3d1dadc8b522a5319a97c9bb82f,0,transpose,8,18,False,flip_ud
72788602ca2a68c0cc7066dbf1e2b043b2f29df2f90023139b4af4f409d99fb2,72788602ca2a68c0cc7066dbf1e2b043b2f29df2f90023139b4af4f409d99fb2,1,transpose,8,18,False,flip_ud
023035db0829657728925740fca3ddffc91d4bc906a1caf648142e4b5d73452e,023035db0829657728925740fca3ddffc91d4bc906a1caf648142e4b5d73452e,0,transpose,8,19,False,flip_ud
c2ce7677a0dcb826078761919e5292223b03c8693ecaa3ff001c4487d24c7f19,c2ce7677a0dcb826078761919e5292223b03c8693ecaa3ff001c4487d24c7f19,1,transpose,8,19,False,flip_ud
2103eee5eff982aba5a9a7845cd1b431df77bb02df267a82841759a4407db602,2103eee5eff982aba5a9a7845cd1b431df77bb02df267a82841759a4407db602,0,transpose,8,20,False,flip_ud
89a6161db6a57ae9f9264d5468622ccefa93982f766449e810d060ccc3afd8d0,89a6161db6a57ae9f9264d5468622ccefa93982f766449e810d060ccc3afd8d0,1,transpose,8,20,False,flip_ud
22ec04b3b79956dc5a3e237a966afa5b93b8ee7e08b24203b01c6442163722d0,22ec04b3b79956dc5a3e237a966afa5b93b8ee7e08b24203b01c6442163722d0,0,transpose,8,21,False,flip_ud
46ecda1eb52555d7c67374319629918afd55b85853f9d5ff1d9eebcf56b28465,46ecda1eb52555d7c67374319629918afd55b85853f9d5ff1d9eebcf56b28465,1,transpose,8,21,False,flip_ud
f2ee5d12f0baaf7931a489b03d04c3da6138743a6b0a50f4a3000a7971cfffa7,f2ee5d12f0baaf7931a489b03d04c3da6138743a6b0a50f4a3000a7971cfffa7,0,transpose,8,22,False,flip_ud
5766df24f860dac749220a9321816edc24d50e078afe75a37cfbc99dcf24f34e,5766df24f860dac749220a9321816edc24d50e078afe75a37cfbc99dcf24f34e,1,transpose,8,22,False,flip_ud
08e2ad05ff8c892a87a80870a3e1fd0a8a240c044847da919002522914c588eb,08e2ad05ff8c892a87a80870a3e1fd0a8a240c044847da919002522914c588eb,0,transpose,8,23,False,flip_ud
10558e62986495c6f46496ec7ae62bfc0699ed7ee25b03da5496d603d33f4ddf,10558e62986495c6f46496ec7ae62bfc0699ed7ee25b03da5496d603d33f4ddf,1,transpose,8,23,False,flip_ud
7f12e7f428afc9179bafaa83c329042e82e43740c497222621440c8bd8befe29,7f12e7f428afc9179bafaa83c329042e82e43740c497222621440c8bd8befe29,0,transpose,8,24,False,flip_ud
c6d727c8ae5ea58ed54fa30d7994b8c7fbae0cd1b594dc816c5d8e786dad4de9,c6d727c8ae5ea58ed54fa30d7994b8c7fbae0cd1b594dc816c5d8e786dad4de9,1,transpose,8,24,False,flip_ud
cdfa1ab8f858ca479aa29566d2dc7808f221ad6a99216ca5944f441d981cad28,cdfa1ab8f858ca479aa29566d2dc7808f221ad6a99216ca5944f441d981cad28,0,transpose,8,25,False,flip_ud
0e5676fb786db20c507d9710a52dd06e091613c6fb093aaed51147fe66bd420e,0e5676fb786db20c507d9710a52dd06e091613c6fb093aaed51147fe66bd420e,1,transpose,8,25,False,flip_ud
f853dd4a9686441ffa9543b4131809ae645cfa5e58c8f6af09ce760cd0ee2e43,f853dd4a9686441ffa9543b4131809ae645cfa5e58c8f6af09ce760cd0ee2e43,0,transpose,8,26,False,flip_ud
42c800b32547fec6977f3796eb0d0a22121983dc45dd493dfd65377312f9a037,42c800b32547fec6977f3796eb0d0a22121983dc45dd493dfd65377312f9a037,1,transpose,8,26,False,flip_ud
8a2fb7ddcfa71b9750c9e53898212966ea776d15de41ef93fa77774671d30907,8a2fb7ddcfa71b9750c9e53898212966ea776d15de41ef93fa77774671d30907,0,transpose,8,27,False,flip_ud
5b0817744b748bf3a1d1f988ff60096c85c1142561d61059f0dfdb4c57c45a61,5b0817744b748bf3a1d1f988ff60096c85c1142561d61059f0dfdb4c57c45a61,1,transpose,8,27,False,flip_ud
17264d488089a7cc8e5f746a56583e3298d4b900d1dbe473be5704d2514db178,17264d488089a7cc8e5f746a56583e3298d4b900d1dbe473be5704d2514db178,0,transpose,8,28,False,flip_ud
bb1227867a21065578907a84c393618fd7192dc82c778bd3e88d88b7d718ccfc,bb1227867a21065578907a84c393618fd7192dc82c778bd3e88d88b7d718ccfc,1,transpose,8,28,False,flip_ud
b32053b2a59567686a72c0811c8d0bf4d6d06a505fbf504ca40eaccc07192be0,b32053b2a59567686a72c0811c8d0bf4d6d06a505fbf504ca40eaccc07192be0,0,transpose,8,29,False,flip_ud
df623fc5b0cd560f238ddbaac55a2cf1d60db3969878a6e1d27c48a62f749a79,df623fc5b0cd560f238ddbaac55a2cf1d60db3969878a6e1d27c48a62f749a79,1,transpose,8,29,False,flip_ud
85bb8162f747cb3a5154eaf5656f1566e5458045df56a2ae3d1f07f8cf30eb11,85bb8162f747cb3a5154eaf5656f1566e5458045df56a2ae3d1f07f8cf30eb11,0,transpose,8,30,False,flip_ud
9ceabe84542d6a65bb24303d7a16dbb9739efc319cc8b9eef0dd2de3518115a0,9ceabe84542d6a65bb24303d7a16dbb9739efc319cc8b9eef0dd2de3518115a0,1,transpose,8,30,False,flip_ud
064c9cf750d508a20a55bad70d7b495518b783c1d27ca781071b8020282dfd0f,064c9cf750d508a20a55bad70d7b495518b783c1d27ca781071b8020282dfd0f,0,transpose,8,31,False,flip_ud
d028efc65d62310746bc602abb40f867e7d2d16042fd7f6a8ea355ace2d70dec,d028efc65d62310746bc602abb40f867e7d2d16042fd7f6a8ea355ace2d70dec,1,transpose,8,31,False,flip_ud
e35a191e76b96e7fe294cf7cf18efd3251f327e8500b98e7509fbab04f676c53,e35a191e76b96e7fe294cf7cf18efd3251f327e8500b98e7509fbab04f676c53,0,transpose,8,32,False,flip_ud
13c4c4e1a7342c5bcbac5cb0a36fe024c96774f26399aed825d4c06c861c693c,13c4c4e1a7342c5bcbac5cb0a36fe024c96774f26399aed825d4c06c861c693c,1,transpose,8,32,False,flip_ud
a5a5e6a1d7bbcca53483dad1da7663d73ed6a80a31beffdcfa66fd8aead5951d,a5a5e6a1d7bbcca53483dad1da7663d73ed6a80a31beffdcfa66fd8aead5951d,0,transpose,8,33,False,flip_ud
96195a3e74975558aa6f9318ddc3e4817ad5c74cf061c62a5c328bbc4a0e7e84,96195a3e74975558aa6f9318ddc3e4817ad5c74cf061c62a5c328bbc4a0e7e84,1,transpose,8,33,False,flip_ud
150b550f708be76bb02c1721da414e91d54c0957df74658b58d40d46339971e9,150b550f708be76bb02c1721da414e91d54c0957df74658b58d40d46339971e9,0,transpose,8,34,False,flip_ud
aa07196d4f66a4364eef30b3479675b60152fa6c07cb2c9aa66c934a87e29056,aa07196d4f66a4364eef30b3479675b60152fa6c07cb2c9aa66c934a87e29056,1,transpose,8,34,False,flip_ud
5cf93d8d8194fc8b24ecd61be79b14e27e021995251aff07b479c603d44afe1d,5cf93d8d8194fc8b24ecd61be79b14e27e021995251aff07b479c603d44afe1d,0,transpose,8,35,False,flip_ud
0eca3f4a10098632d73db520022ffea169407719d197a05387a8783eb7d21c58,0eca3f4a10098632d73db520022ffea169407719d197a05387a8783eb7d21c58,1,transpose,8,35,False,flip_ud
86ae77ffaf0de4ad4174862d6522e601b6acc4fc5b000da6e7c00075170e8dee,86ae77ffaf0de4ad4174862d6522e601b6acc4fc5b000da6e7c00075170e8dee,0,anti_transpose,8,0,False,flip_ud
4a6bd45706a7c23616ac242836ebb43dff607ce3810bf37dcd2cc6454b7a310d,4a6bd45706a7c23616ac242836ebb43dff607ce3810bf37dcd2cc6454b7a310d,1,anti_transpose,8,0,False,flip_ud
19f407c2ccf9f1602a6ed295faf1d23dbfb82ead348a95f827f06bdab0cf29bf,19f407c2ccf9f1602a6ed295faf1d23dbfb82ead348a95f827f06bdab0cf29bf,0,anti_transpose,8,1,False,flip_ud
ce9bcd9aa4ea2c052deccc82a6c852c3dcbb2d8141c929f9c9e3cb9be8850e78,ce9bcd9aa4ea2c052deccc82a6c852c3dcbb2d8141c929f9c9e3cb9be8850e78,1,anti_transpose,8,1,False,flip_ud
f80307e5a676966890a94dba796028b2c835579abddbbd46446c15090df25009,f80307e5a676966890a94dba796028b2c835579abddbbd46446c15090df25009,0,anti_transpose,8,2,False,flip_ud
9780f9747e3bc040479eb9cbc7a4a876e776bbf5dedf8da11bca5e1a6c9e627a,9780f9747e3bc040479eb9cbc7a4a876e776bbf5dedf8da11bca5e1a6c9e627a,1,anti_transpose,8,2,False,flip_ud
606af092fb41085a47744f7c28239b854ce1af474bb75920657c091745522c1f,606af092fb41085a47744f7c28239b854ce1af474bb75920657c091745522c1f,0,anti_transpose,8,3,False,flip_ud
5aec3cbd75ec5cec1c67f6db712c73df34b7176fb7579fa423f3770a3c34e216,5aec3cbd75ec5cec1c67f6db712c73df34b7176fb7579fa423f3770a3c34e216,1,anti_transpose,8,3,False,flip_ud
fb9707a85c92c16c1d547e9b01453769572ad557b66b55721a68940b6ceb69d0,fb9707a85c92c16c1d547e9b01453769572ad557b66b55721a68940b6ceb69d0,0,anti_transpose,8,4,False,flip_ud
74d50f8d0ccaf36b2134d740700d1f35cc7c688d529c709bb7e6b6b9f851d3ea,74d50f8d0ccaf36b2134d740700d1f35cc7c688d529c709bb7e6b6b9f851d3ea,1,anti_transpose,8,4,False,flip_ud
c656c5a1e1660e215b3121f0567a4d87561c916814978afc9d5280c032f50c5f,c656c5a1e1660e215b3121f0567a4d87561c916814978afc9d5280c032f50c5f,0,anti_transpose,8,5,False,flip_ud
7229017b7448d522fb026365cfac957c7649b35bde579614afe28a6d220dbc0c,7229017b7448d522fb026365cfac957c7649b35bde579614afe28a6d220dbc0c,1,anti_transpose,8,5,False,flip_ud
b3f78ceed2db64cee4e8fca196fa638ccac93724f97689034038a0d041c65ca6,b3f78ceed2db64cee4e8fca196fa638ccac93724f97689034038a0d041c65ca6,0,anti_transpose,8,6,False,flip_ud
4d93e58fbd012ee14fcc6e7a5876c1aae0c37b9a1925af8dae5478a086d61bc6,4d93e58fbd012ee14fcc6e7a5876c1aae0c37b9a1925af8dae5478a086d61bc6,1,anti_transpose,8,6,False,flip_ud
5ae4707d0c05c99a792f57b5eea63231dcc2596c358f8c2a0882e47f79158ea2,5ae4707d0c05c99a792f57b5eea63231dcc2596c358f8c2a0882e47f79158ea2,0,anti_transpose,8,7,False,flip_ud
d3e873ade367589aa33e290b6e409459b04b8707be55810a8c0c35b06791cf02,d3e873ade367589aa33e290b6e409459b04b8707be55810a8c0c35b06791cf02,1,anti_transpose,8,7,False,flip_ud
4beed4f2681ba68459f245b793d8d227a0be779b233ff5211381fd97360430dd,4beed4f2681ba68459f245b793d8d227a0be779b233ff5211381fd97360430dd,0,anti_transpose,8,8,False,flip_ud
78bfe3cbbc76b9765f0d8e7c77f051b1cdf4006b0c4fc6f7365b0563a294a7e3,78bfe3cbbc76b9765f0d8e7c77f051b1cdf4006b0c4fc6f7365b0563a294a7e3,1,anti_transpose,8,8,False,flip_ud
6ad705532a11403d58af096f29bcbaf8225b930f07062dbdabd8fcd6c2e441e6,6ad705532a11403d58af096f29bcbaf8225b930f07062dbdabd8fcd6c2e441e6,0,anti_transpose,8,9,False,flip_ud
8e0d0bcbaad7edeb68a96b79a91b3234c933285f715c07375e24581a96aaabb1,8e0d0bcbaad7edeb68a96b79a91b3234c933285f715c07375e24581a96aaabb1,1,anti_transpose,8,9,False,flip_ud
4a1fac7ea93dd915efa7f32cf0c9159f11fbbf481c8d6e25be08318cbcf3b691,4a1fac7ea93dd915efa7f32cf0c9159f11fbbf481c8d6e25be08318cbcf3b691,0,anti_transpose,8,10,False,flip_ud
4adaf7f0aeef84cbc9b020bac6a7550d24764ef4024169f8a3ef7e5204c504e5,4adaf7f0aeef84cbc9b020bac6a7550d24764ef4024169f8a3ef7e5204c504e5,1,anti_transpose,8,10,False,flip_ud
37746bf23f22f76da1ac797eacb2656f754d0409ce262ad45bd701a38b4d4ab5,37746bf23f22f76da1ac797eacb2656f754d0409ce262ad45bd701a38b4d4ab5,0,anti_transpose,8,11,False,flip_ud
f0bbe16b3dc3682a21ef16a9542ebc70d94815ee639072e7f218110c20acb4fe,f0bbe16b3dc3682a21ef16a9542ebc70d94815ee639072e7f218110c20acb4fe,1,anti_transpose,8,11,False,flip_ud
f4c396e676012a04440c541ede28e019a4c0b0e996380a27ffbaa626d05a5a83,f4c396e676012a04440c541ede28e019a4c0b0e996380a27ffbaa626d05a5a83,0,anti_transpose,8,12,False,flip_ud
a8eda431c51e53c12eb8614ecb323551d02560fb187db790a9b095b61d5da37e,a8eda431c51e53c12eb8614ecb323551d02560fb187db790a9b095b61d5da37e,1,anti_transpose,8,12,False,flip_ud
6bc2c7841b373e203358a3dfd3a9fcda09936607b0e5e4c02b625898e2fbe278,6bc2c7841b373e203358a3dfd3a9fcda09936607b0e5e4c02b625898e2fbe278,0,anti_transpose,8,13,False,flip_ud
962a50f92c915ab7c7949759b9304938af2f78243f9f2d6af9b73c0a6e11b77c,962a50f92c915ab7c7949759b9304938af2f78243f9f2d6af9b73c0a6e11b77c,1,anti_transpose,8,13,False,flip_ud
25a6d29eedd04d6dce5d667304c357300a6654fc362df6b50060b8be1c7000fc,25a6d29eedd04d6dce5d667304c357300a6654fc362df6b50060b8be1c7000fc,0,anti_transpose,8,14,False,flip_ud
06441cb71fe39d4c361ee578805b3d9558929eb191d9421d599bc02c2a2a8016,06441cb71fe39d4c361ee578805b3d9558929eb191d9421d599bc02c2a2a8016,1,anti_transpose,8,14,False,flip_ud
1ca35bbecce328b2f9d2298a9c95a9457eebc2edc2461eaca2c9d327f680b23a,1ca35bbecce328b2f9d2298a9c95a9457eebc2edc2461eaca2c9d327f680b23a,0,anti_transpose,8,15,False,flip_ud
7f116bc005e8b9b95201593e001534f65cb5cd13029916509f66d5c9f2491e90,7f116bc005e8b9b95201593e001534f65cb5cd13029916509f66d5c9f2491e90,1,anti_transpose,8,15,False,flip_ud
d0ca6692ce04a32c65bbff46e6e7562dcd3b42aa0c58dbbf826a7d0d20bd0139,d0ca6692ce04a32c65bbff46e6e7562dcd3b42aa0c58dbbf826a7d0d20bd0139,0,anti_transpose,8,16,False,flip_ud
fc2169dacec1a6c951b0efd5816dc92764f030efd31f3bfd48add24e88c2f518,fc2169dacec1a6c951b0efd5816dc92764f030efd31f3bfd48add24e88c2f518,1,anti_transpose,8,16,False,flip_ud
410db28d4b9e5f5078b2aa8eee96b2ff5c9a6efda18565e45d7c4c95662bd576,410db28d4b9e5f5078b2aa8eee96b2ff5c9a6efda18565e45d7c4c95662bd576,0,anti_transpose,8,17,False,flip_ud
dcd2599ff262755c7e704bb04912ef87bbb3a5839fa4e4fa088e152bf312ae78,dcd2599ff262755c7e704bb04912ef87bbb3a5839fa4e4fa088e152bf312ae78,1,anti_transpose,8,17,False,flip_ud
efb3d2af781298b9937e84f837dd9d520fb56f2f113cec6feff2c3c39117df03,efb3d2af781298b9937e84f837dd9d520fb56f2f113cec6feff2c3c39117df03,0,anti_transpose,8,18,False,flip_ud
9d4545ed865dcdbf8bbbc57965f881e13cb2e1522f7b77f443733ae08d2215a7,9d4545ed865dcdbf8bbbc57965f881e13cb2e1522f7b77f443733ae08d2215a7,1,anti_transpose,8,18,False,flip_ud
5cc635655eb5dd9c1620183810a227f1aac5ecfda8323f04871f06126b6ebaec,5cc635655eb5dd9c1620183810a227f1aac5ecfda8323f04871f06126b6ebaec,0,anti_transpose,8,19,False,flip_ud
2e6074cde57cf0c07b52334244d94bb556ba4d2b264661da905db7c2eaf0139c,2e6074cde57cf0c07b52334244d94bb556ba4d2b264661da905db7c2eaf0139c,1,anti_transpose,8,19,False,flip_ud
e881be1931c3b34818f5e737b160afe75d9aded028f738da190af02e327fe1f9,e881be1931c3b34818f5e737b160afe75d9aded028f738da190af02e327fe1f9,0,anti_transpose,8,20,False,flip_ud
7ba180f587fcf8542f24d08d6ed138a6ec67d93fcf9ef7eaad30fdb5099887a6,7ba180f587fcf8542f24d08d6ed138a6ec67d93fcf9ef7eaad30fdb5099887a6,1,anti_transpose,8,20,False,flip_ud
0f49c56a89c88bae0113ed1b3e9466e24464e4e0c57abad082a0469445ccaf0a,0f49c56a89c88bae0113ed1b3e9466e24464e4e0c57abad082a0469445ccaf0a,0,anti_transpose,8,21,False,flip_ud
eb66d98b51f0c710fc8c5a7af77028c9afb0e936ef750b5313f3705c068bb551,eb66d98b51f0c710fc8c5a7af77028c9afb0e936ef750b5313f3705c068bb551,1,anti_transpose,8,21,False,flip_ud
353522b853a88d91fbd1cc3e7a789679af7cc6ba22cc6a38862cfc02fc4a9fe9,353522b853a88d91fbd1cc3e7a789679af7cc6ba22cc6a38862cfc02fc4a9fe9,0,anti_transpose,8,22,False,flip_ud
af05885a4d1c7b16aa21073992adfeac1c5a0bccc4b4accc9f554a9f8e6c5c1b,af05885a4d1c7b16aa21073992adfeac1c5a0bccc4b4accc9f554a9f8e6c5c1b,1,anti_transpose,8,22,False,flip_ud
83d96683f194846ff797f6cd5f57d94528fb53bdd7a799fd320f6c867ae4a2e2,83d96683f194846ff797f6cd5f57d94528fb53bdd7a799fd320f6c867ae4a2e2,0,anti_transpose,8,23,False,flip_ud
24fee9dfa29fea49369a77175d44e5fec6a1cace8cba81f2a5a95d2120da4b79,24fee9dfa29fea49369a77175d44e5fec6a1cace8cba81f2a5a95d2120da4b79,1,anti_transpose,8,23,False,flip_ud
4c2cf6e0d7db8e6c68773ed45e3eff66bfff78f8af7ff1580430355791f58f48,4c2cf6e0d7db8e6c68773ed45e3eff66bfff78f8af7ff1580430355791f58f48,0,anti_transpose,8,24,False,flip_ud
c992f6ae38b54e43e2b55f1eac1d752fbc8403d8db58ca6bcb4af0245027c8fb,c992f6ae38b54e43e2b55f1eac1d752fbc8403d8db58ca6bcb4af0245027c8fb,1,anti_transpose,8,24,False,flip_ud
2442673da3ad1b5c61ad404359727e87241f9b4a90bc32c7f1792d5b1baa2939,2442673da3ad1b5c61ad404359727e87241f9b4a90bc32c7f1792d5b1baa2939,0,anti_transpose,8,25,False,flip_ud
0a75ef92e1987a26745272e353635d38bf3b9e495447f9c435f06ddc10fed088,0a75ef92e1987a26745272e353635d38bf3b9e495447f9c435f06ddc10fed088,1,anti_transpose,8,25,False,flip_ud
af801bc76094683e8d8d738670e4a84e9b3b96311e45fb8083ce7bd5c8507732,af801bc76094683e8d8d738670e4a84e9b3b96311e45fb8083ce7bd5c8507732,0,anti_transpose,8,26,False,flip_ud
6ba9cdb2dc29a068f9380693912b2fa50c188615c285440a6b9fefe0bf5598ce,6ba9cdb2dc29a068f9380693912b2fa50c188615c285440a6b9fefe0bf5598ce,1,anti_transpose,8,26,False,flip_ud
de38c85b4929018f9c109af49b49713b1e3bff99230a0e34b88a7f94cd70e140,de38c85b4929018f9c109af49b49713b1e3bff99230a0e34b88a7f94cd70e140,0,anti_transpose,8,27,False,flip_ud
e0a54fcdfcf499e4f4ca98c6a10cad64afb7ca630c7846fb6cb7fe62435a8091,e0a54fcdfcf499e4f4ca98c6a10cad64afb7ca630c7846fb6cb7fe62435a8091,1,anti_transpose,8,27,False,flip_ud
fc15137a7c3d808f965e1b9bb7861cf220e6a418d1b04fad3ba92c4992f61a99,fc15137a7c3d808f965e1b9bb7861cf220e6a418d1b04fad3ba92c4992f61a99,0,anti_transpose,8,28,False,flip_ud
d7c5351909b2ab95d89fa8cdf4bd1deb2add74fa91dc37969e776a2bdf553710,d7c5351909b2ab95d89fa8cdf4bd1deb2add74fa91dc37969e776a2bdf553710,1,anti_transpose,8,28,False,flip_ud
e52444b6a9d8ff8703f0d573130e2fce3fc269fb25a8d40d1bbce9b7f686fc11,e52444b6a9d8ff8703f0d573130e2fce3fc269fb25a8d40d1bbce9b7f686fc11,0,anti_transpose,8,29,False,flip_ud
a559b5017a35a336a59075a072f2b5ac8ac604de53a405456199a3f094902298,a559b5017a35a336a59075a072f2b5ac8ac604de53a405456199a3f094902298,1,anti_transpose,8,29,False,flip_ud
94ed44ac45d3f98ea0d82d2eb0345ea422fae6c34c4fec1a598d36654ae17fc2,94ed44ac45d3f98ea0d82d2eb0345ea422fae6c34c4fec1a598d36654ae17fc2,0,anti_transpose,8,30,False,flip_ud
45d351ef8a33e203cffdec670f2e234a5b90317c18bf41121b37c26dbd26f49a,45d351ef8a33e203cffdec670f2e234a5b90317c18bf41121b37c26dbd26f49a,1,anti_transpose,8,30,False,flip_ud
828044a6686a11641db6c280d04033bd7d4288a5391924aa3170ec94a4dcbcb8,828044a6686a11641db6c280d04033bd7d4288a5391924aa3170ec94a4dcbcb8,0,anti_transpose,8,31,False,flip_ud
e4efd482b9a95f001dce3e3d45c96393fd23290d8cf133d5814e0466368352e0,e4efd482b9a95f001dce3e3d45c96393fd23290d8cf133d5814e0466368352e0,1,anti_transpose,8,31,False,flip_ud
de988274dfef7ddc40f6d1e512a04a8d937ede73bfce8eff306918ad204c680f,de988274dfef7ddc40f6d1e512a04a8d937ede73bfce8eff306918ad204c680f,0,anti_transpose,8,32,False,flip_ud
eab653b47a96cd6770b8582a6e69f0d40011489bc6eb6fa7e2b96e56411bad51,eab653b47a96cd6770b8582a6e69f0d40011489bc6eb6fa7e2b96e56411bad51,1,anti_transpose,8,32,False,flip_ud
c556dfa8b5dc70fe59a98c70b6e5d81d4b6ccbe3be41fd16a017a7ca3f62c997,c556dfa8b5dc70fe59a98c70b6e5d81d4b6ccbe3be41fd16a017a7ca3f62c997,0,anti_transpose,8,33,False,flip_ud
78929864457c771d776a2b7251c0a5c39b7fc23bd40c99567ec4c14db40611d6,78929864457c771d776a2b7251c0a5c39b7fc23bd40c99567ec4c14db40611d6,1,anti_transpose,8,33,False,flip_ud
e97532192353e11388ad3f672bf242130accd6dd0cffb7c6bcadffaa4cdc9b8e,e97532192353e11388ad3f672bf242130accd6dd0cffb7c6bcadffaa4cdc9b8e,0,anti_transpose,8,34,False,flip_ud
d0d5106b2fdbd27a4b68b43cb1fa34d9ba9d8646dd39c3046c3fa185a9f97810,d0d5106b2fdbd27a4b68b43cb1fa34d9ba9d8646dd39c3046c3fa185a9f97810,1,anti_transpose,8,34,False,flip_ud
e2bf295530a3877629ae7d3fe027a2c5b544c6ed2e428083fcb0278ff0eac43d,e2bf295530a3877629ae7d3fe027a2c5b544c6ed2e428083fcb0278ff0eac43d,0,anti_transpose,8,35,False,flip_ud
b886612aeee94e2599c8b6ee32b283f2962dd254f5c2d2a29082ab8f198c34f1,b886612aeee94e2599c8b6ee32b283f2962dd254f5c2d2a29082ab8f198c34f1,1,anti_transpose,8,35,False,flip_ud
9a99d0bd764730a3ecee2429b1ccff7a97d91647f7a9eefecc4fbd9bb59e7796,9a99d0bd764730a3ecee2429b1ccff7a97d91647f7a9eefecc4fbd9bb59e7796,0,identity,32,0,False,flip_ud
1d56552724236aaf2ddc3f5bbbe7ae4514c76b2bb204f98e8413d41da2b9ab17,1d56552724236aaf2ddc3f5bbbe7ae4514c76b2bb204f98e8413d41da2b9ab17,1,identity,32,0,False,flip_ud
89d697c1ecafb7e51eafe9f7df68083f0dca6005ec2392b020966e4d775a7565,89d697c1ecafb7e51eafe9f7df68083f0dca6005ec2392b020966e4d775a7565,0,identity,32,1,False,flip_ud
7fa14c380fe2887e9ba1d87842717ed9ddb094f1f212da2040c5dcc350dc9e02,7fa14c380fe2887e9ba1d87842717ed9ddb094f1f212da2040c5dcc350dc9e02,1,identity,32,1,False,flip_ud
434de0be1f056b32d2504a3711826ba147d973b9edc82c52acde77f19700b7ae,434de0be1f056b32d2504a3711826ba147d973b9edc82c52acde77f19700b7ae,0,identity,32,2,False,flip_ud
23c20bceb39078ef402776f804c2ac337e59953550cafffc748f80af2b8a3670,23c20bceb39078ef402776f804c2ac337e59953550cafffc748f80af2b8a3670,1,identity,32,2,False,flip_ud
3ce7afd305486392e1c17960fca193ea9d5ddff6a0c2c6c6cbb22d2d7189a19b,3ce7afd305486392e1c17960fca193ea9d5ddff6a0c2c6c6cbb22d2d7189a19b,0,identity,32,3,False,flip_ud
f8e986d66914af750eeeb6fb6cb0cf14360a32d86048956108eda0fdd90f4fab,f8e986d66914af750eeeb6fb6cb0cf14360a32d86048956108eda0fdd90f4fab,1,identity,32,3,False,flip_ud
ea8c5d24bf4fb1b96a1c398af3a1ed235efb1868e341b1ade2af4934223e226a,ea8c5d24bf4fb1b96a1c398af3a1ed235efb1868e341b1ade2af4934223e226a,0,identity,32,4,False,flip_ud
ef82c7690a313270a1de5c9ad0f934cf812f3ab47c8395b6ea6f888287384ab6,ef82c7690a313270a1de5c9ad0f934cf812f3ab47c8395b6ea6f888287384ab6,1,identity,32,4,False,flip_ud
c0c2261de0e618eebfc04545b13182c883c1d828b2d89b64e9acf87631382ddb,c0c2261de0e618eebfc04545b13182c883c1d828b2d89b64e9acf87631382ddb,0,identity,32,5,False,flip_ud
ca1b9977eeb6bc95977d19e2ae3c55b39bb3e15a82f376968268820683dea145,ca1b9977eeb6bc95977d19e2ae3c55b39bb3e15a82f376968268820683dea145,1,identity,32,5,False,flip_ud
00a0536d5e00093fd3e7ff082a17de881238ed5999e9a1aa50bf564fdf68edea,00a0536d5e00093fd3e7ff082a17de881238ed5999e9a1aa50bf564fdf68edea,0,identity,32,6,False,flip_ud
5cccee865e2316aad9c7a4a4f53e28668f0ad668e9431e3164471947f6eab095,5cccee865e2316aad9c7a4a4f53e28668f0ad668e9431e3164471947f6eab095,1,identity,32,6,False,flip_ud
638707f0d74e42f4c2a920fdbba7bed7478d8922058f59cc94515880936071fe,638707f0d74e42f4c2a920fdbba7bed7478d8922058f59cc94515880936071fe,0,identity,32,7,False,flip_ud
5945ac448e47e0975ae3f34170646cc741145dec78a50bbbb8a4725cf67a759f,5945ac448e47e0975ae3f34170646cc741145dec78a50bbbb8a4725cf67a759f,1,identity,32,7,False,flip_ud
83c46aa0ecbc1caab91b5b1c3b8547b6787b3799c6c0f793e1e1d6c1b9aa3405,83c46aa0ecbc1caab91b5b1c3b8547b6787b3799c6c0f793e1e1d6c1b9aa3405,0,identity,32,8,False,flip_ud
4b63182078dcad8933c3388d026c3e65ea7fed051c03f1c1d13fd37952c4bcf8,4b63182078dcad8933c3388d026c3e65ea7fed051c03f1c1d13fd37952c4bcf8,1,identity,32,8,False,flip_ud
b2f6b76bfd9a14c617963ce2f1d277897faa91c6e529a7c995b657b84a9bd373,b2f6b76bfd9a14c617963ce2f1d277897faa91c6e529a7c995b657b84a9bd373,0,identity,32,9,False,flip_ud
b518075b6807443e57dc2b18bb7785d822e61b5c4c4604f1d5c49099632f8104,b518075b6807443e57dc2b18bb7785d822e61b5c4c4604f1d5c49099632f8104,1,identity,32,9,False,flip_ud
f4a120e8d618be3ba5a87d03af72863304f6c5f794aa54a706ff1fc85d83023b,f4a120e8d618be3ba5a87d03af72863304f6c5f794aa54a706ff1fc85d83023b,0,identity,32,10,False,flip_ud
803067d0b494875187925bfbf405e0bb9634204f56a6acc3b2c08bb72e2a3dfe,803067d0b494875187925bfbf405e0bb9634204f56a6acc3b2c08bb72e2a3dfe,1,identity,32,10,False,flip_ud
db7de912ef4c0387c17aa1c858eb1f1eee6f5a66aa0882311f573f007113af07,db7de912ef4c0387c17aa1c858eb1f1eee6f5a66aa0882311f573f007113af07,0,identity,32,11,False,flip_ud
1c2ae9636de892908d6095652a4f7e845a8a6df8de3a7302a0439deb653822b0,1c2ae9636de892908d6095652a4f7e845a8a6df8de3a7302a0439deb653822b0,1,identity,32,11,False,flip_ud
ebdbd700ca4c0c1ab38a1ae4ac5795e94f6d247965c8e0e358aeb4975ddd0c86,ebdbd700ca4c0c1ab38a1ae4ac5795e94f6d247965c8e0e358aeb4975ddd0c86,0,identity,32,12,False,flip_ud
7745b533f4c5d5e76b94a70d1cfea79c681ff5a38eb6d0bf8854113af3035114,7745b533f4c5d5e76b94a70d1cfea79c681ff5a38eb6d0bf8854113af3035114,1,identity,32,12,False,flip_ud
3183516fd162574260c66b25fbd6eb442332f120edd14031a8a09b3e5588d8be,3183516fd162574260c66b25fbd6eb442332f120edd14031a8a09b3e5588d8be,0,identity,32,13,False,flip_ud
be1799f2ce13f54738c681c96b2bc671a063e4cedac773f2566f054d92f03a55,be1799f2ce13f54738c681c96b2bc671a063e4cedac773f2566f054d92f03a55,1,identity,32,13,False,flip_ud
e9f381ed471a9fd50a247d355f2bdbe04a6e51317064baed71f8164bf2bd2362,e9f381ed471a9fd50a247d355f2bdbe04a6e51317064baed71f8164bf2bd2362,0,identity,32,14,False,flip_ud
9bfcd00e588fe9f57f8ef2130d9e948bd842ba0425b5707aae87988952435ba3,9bfcd00e588fe9f57f8ef2130d9e948bd842ba0425b5707aae87988952435ba3,1,identity,32,14,False,flip_ud
0ca87ec7d25818c3d132fb93860e3096cae39f28af904b3a003ff268a26e35be,0ca87ec7d25818c3d132fb93860e3096cae39f28af904b3a003ff268a26e35be,0,identity,32,15,False,flip_ud
da9633dc1629a3e386a81f4b0c350dd33d07f3f6fa2a4356fc40a359af5f80c2,da9633dc1629a3e386a81f4b0c350dd33d07f3f6fa2a4356fc40a359af5f80c2,1,identity,32,15,False,flip_ud
608430ca8ba14a3a00691c3f2a742af06f6de220dbddc6aa66dd3958003a22b3,608430ca8ba14a3a00691c3f2a742af06f6de220dbddc6aa66dd3958003a22b3,0,identity,32,16,False,flip_ud
34602b0197955cac08ab50e9144fad3d1a5c02b6399c994e4eea055f7293f981,34602b0197955cac08ab50e9144fad3d1a5c02b6399c994e4eea055f7293f981,1,identity,32,16,False,flip_ud
6de3f55bd6c6b56913e6f0a0f4faa01dd7e8ff2da7013ba7f51320145a1c007d,6de3f55bd6c6b56913e6f0a0f4faa01dd7e8ff2da7013ba7f51320145a1c007d,0,identity,32,17,False,flip_ud
914d4845045e8417017406788eecbeb5624220b9000d8df8880fe1af16177dbf,914d4845045e8417017406788eecbeb5624220b9000d8df8880fe1af16177dbf,1,identity,32,17,False,flip_ud
c3de93f1a44c3317358fac891072e3aa46745b0d453016428fd7444b7c26d6ba,c3de93f1a44c3317358fac891072e3aa46745b0d453016428fd7444b7c26d6ba,0,identity,32,18,False,flip_ud
70141e043f0e503f021f95fa1faf98002022578e69cb36e50f4d21d3e6af4b8b,70141e043f0e503f021f95fa1faf98002022578e69cb36e50f4d21d3e6af4b8b,1,identity,32,18,False,flip_ud
b645e623e9e2d459fd899232a4b1de03eb6eb021a68cb47738d255dad5ff3516,b645e623e9e2d459fd899232a4b1de03eb6eb021a68cb47738d255dad5ff3516,0,identity,32,19,False,flip_ud
faf6a5b1597dc153970a9532deea92599ebf6b7807da6180a2f7e7ec0b5e395f,faf6a5b1597dc153970a9532deea92599ebf6b7807da6180a2f7e7ec0b5e395f,1,identity,32,19,False,flip_ud
b67756a696a9169b0c27b6655c9aace6b8b1e8f593526db8895f0786b173dc09,b67756a696a9169b0c27b6655c9aace6b8b1e8f593526db8895f0786b173dc09,0,identity,32,20,False,flip_ud
8d471ba0a19ad391b68b88590eeff05341141f32d626975d5475d30ff0028f18,8d471ba0a19ad391b68b88590eeff05341141f32d626975d5475d30ff0028f18,1,identity,32,20,False,flip_ud
1cc604602ea5f1f46c5e2194ad6922fdaf6ecc87d4c777906936d273558f5909,1cc604602ea5f1f46c5e2194ad6922fdaf6ecc87d4c777906936d273558f5909,0,identity,32,21,False,flip_ud
2cea2e5b790239c33e4d93bde2b403bfee753ca717e9c22621ff47a003d02e60,2cea2e5b790239c33e4d93bde2b403bfee753ca717e9c22621ff47a003d02e60,1,identity,32,21,False,flip_ud
8a53a0e8f633a0f8b4a649a285afaa2ef9b2e8d74606cf37153bc2e8c374c412,8a53a0e8f633a0f8b4a649a285afaa2ef9b2e8d74606cf37153bc2e8c374c412,0,identity,32,22,False,flip_ud
a9e0d492cdedf79eb3c8c6b6e60751225d9abf207405174b890512a1ddc507f9,a9e0d492cdedf79eb3c8c6b6e60751225d9abf207405174b890512a1ddc507f9,1,identity,32,22,False,flip_ud
41985c0ca9509012b9a61a26ea1cc9b71e9e51b0d3e8ebc8b32ccc774fa5b8e5,41985c0ca9509012b9a61a26ea1cc9b71e9e51b0d3e8ebc8b32ccc774fa5b8e5,0,identity,32,23,False,flip_ud
afb9d4d548483de205ddf8069e07fc4c00cbd8bb25bd3c5b9236badda9f49a2b,afb9d4d548483de205ddf8069e07fc4c00cbd8bb25bd3c5b9236badda9f49a2b,1,identity,32,23,False,flip_ud
feed37027e1f0e18268393d5e6cf28200f08adab5eefd903f9b525f0f4bdd525,feed37027e1f0e18268393d5e6cf28200f08adab5eefd903f9b525f0f4bdd525,0,identity,32,24,False,flip_ud
5e145257fbf33a7b08d0ce87ff50c1a632a96800d55684ef7f028ee01f9690c7,5e145257fbf33a7b08d0ce87ff50c1a632a96800d55684ef7f028ee01f9690c7,1,identity,32,24,False,flip_ud
5664e184fa02ca8e73312153f6652cb3ba1b0cf794074ab9a5f8785e9c8bce6f,5664e184fa02ca8e73312153f6652cb3ba1b0cf794074ab9a5f8785e9c8bce6f,0,identity,32,25,False,flip_ud
7e37608b9faddf7a35ed06cc656b6157a235313c7a60e0d2d9674148bad26875,7e37608b9faddf7a35ed06cc656b6157a235313c7a60e0d2d9674148bad26875,1,identity,32,25,False,flip_ud
07897b929277cb6b1d1825e4d6cacf18f3295e94ebcd755e6bdd947112d6259c,07897b929277cb6b1d1825e4d6cacf18f3295e94ebcd755e6bdd947112d6259c,0,identity,32,26,False,flip_ud
f00bc839dd6c8fbdefc1e4c8325bac1b1cec8322bce4cfb90e50a644d5f73b8e,f00bc839dd6c8fbdefc1e4c8325bac1b1cec8322bce4cfb90e50a644d5f73b8e,1,identity,32,26,False,flip_ud
aaaea58684269d8a3cf0eaa73252036edebe41c1694bd9a2541b1a6ce4eb0dea,aaaea58684269d8a3cf0eaa73252036edebe41c1694bd9a2541b1a6ce4eb0dea,0,identity,32,27,False,flip_ud
8185e6633b85eb683d859c0dd58cf8112f574ce2d43de301f0d6b1521d056869,8185e6633b85eb683d859c0dd58cf8112f574ce2d43de301f0d6b1521d056869,1,identity,32,27,False,flip_ud
8f5095abd1616ed68565b6ff8b2df82c56d2df0ca974ace7affc04916eb2d115,8f5095abd1616ed68565b6ff8b2df82c56d2df0ca974ace7affc04916eb2d115,0,identity,32,28,False,flip_ud
b1f7a9bc2bd2e1f1c6420fb3acd7b0de4ba90c97332b4128bfe0861ea4ff4fd0,b1f7a9bc2bd2e1f1c6420fb3acd7b0de4ba90c97332b4128bfe0861ea4ff4fd0,1,identity,32,28,False,flip_ud
69f9665b68c2c591312bef6f55d1fca2286348e48ccfbf6746d577f74face6f4,69f9665b68c2c591312bef6f55d1fca2286348e48ccfbf6746d577f74face6f4,0,identity,32,29,False,flip_ud
209df8a993e05b2fe2b5f055ae048290da7adcf08fdc0bbc8ef09e9be532068f,209df8a993e05b2fe2b5f055ae048290da7adcf08fdc0bbc8ef09e9be532068f,1,identity,32,29,False,flip_ud
39080e61317d2bb153dc2d2608b9839286db9c8f7c0709cd8fd2fe31d1c7450a,39080e61317d2bb153dc2d2608b9839286db9c8f7c0709cd8fd2fe31d1c7450a,0,identity,32,30,False,flip_ud
24dbd5f01173d6b312f31957995f583e1621db7849c0e4471e85292ef2dce3e0,24dbd5f01173d6b312f31957995f583e1621db7849c0e4471e85292ef2dce3e0,1,identity,32,30,False,flip_ud
04c01f77d1783195f41e560819c3201eb238888b5670fb9390972cd1a42a1905,04c01f77d1783195f41e560819c3201eb238888b5670fb9390972cd1a42a1905,0,identity,32,31,False,flip_ud
fff5e0e69b92efe2a27e59fc1a82ccbf7d3184c3b9f17e4b746ccbaf709175ca,fff5e0e69b92efe2a27e59fc1a82ccbf7d3184c3b9f17e4b746ccbaf709175ca,1,identity,32,31,False,flip_ud
e9fb1735c6689e3425ef035705da25115d12218fc5738718fc0e51521d4bf076,e9fb1735c6689e3425ef035705da25115d12218fc5738718fc0e51521d4bf076,0,identity,32,32,False,flip_ud
e59ed103a3f4a2b34f9d0466fd6cd7a38720d0ce5975af3e985134edee88d0dd,e59ed103a3f4a2b34f9d0466fd6cd7a38720d0ce5975af3e985134edee88d0dd,1,identity,32,32,False,flip_ud
d321574c9990da5ad2f81147c7d1df7027548ccc6cd3c476bcf189c599b6c092,d321574c9990da5ad2f81147c7d1df7027548ccc6cd3c476bcf189c599b6c092,0,identity,32,33,False,flip_ud
94ba0d23767c532bc3d757cd555d1a0581a3b9f1d5da27c94faa0bbcdbb92c63,94ba0d23767c532bc3d757cd555d1a0581a3b9f1d5da27c94faa0bbcdbb92c63,1,identity,32,33,False,flip_ud
6a1ff70a31321e3e9e1609bc9b9092888eaeb9045871471cdb4ad4f82547591d,6a1ff70a31321e3e9e1609bc9b9092888eaeb9045871471cdb4ad4f82547591d,0,identity,32,34,False,flip_ud
19c033f96030586e3803ccbfdde6005cb1579afff13d5e74045ef9ef71e0789d,19c033f96030586e3803ccbfdde6005cb1579afff13d5e74045ef9ef71e0789d,1,identity,32,34,False,flip_ud
df7c20b9e8b95fdd3a95c00a01663daa396b2c711dc7a9fb460b09e05c1e7c00,df7c20b9e8b95fdd3a95c00a01663daa396b2c711dc7a9fb460b09e05c1e7c00,0,identity,32,35,False,flip_ud
d7924137092d2c5c13f7cd8d6946d4ffd0a07c8219d2600430a9a99f8249d982,d7924137092d2c5c13f7cd8d6946d4ffd0a07c8219d2600430a9a99f8249d982,1,identity,32,35,False,flip_ud
0efd0421c500d902bf9c483f5e70cb3abdef9386ac8615468b5a27ac097fbd01,0efd0421c500d902bf9c483f5e70cb3abdef9386ac8615468b5a27ac097fbd01,0,transpose,32,0,False,flip_ud
0e5d949f302266b57d0829285ca4ab4ccf5069cd5cc04b9a6bd6ae78b0c1d68c,0e5d949f302266b57d0829285ca4ab4ccf5069cd5cc04b9a6bd6ae78b0c1d68c,1,transpose,32,0,False,flip_ud
238d3c87d58795a8784ca0f6d7368ab9ba71fbc30a7c635d566d86d508e2ff87,238d3c87d58795a8784ca0f6d7368ab9ba71fbc30a7c635d566d86d508e2ff87,0,transpose,32,1,False,flip_ud
6ab81865dadf38198adeaf35da59da836ee271052d0d082be791a142fa6e1447,6ab81865dadf38198adeaf35da59da836ee271052d0d082be791a142fa6e1447,1,transpose,32,1,False,flip_ud
cb358b55b5ad0ae0fbda1ed8a10ac5302c57a735b82d4e37aab4541cf0e3ae74,cb358b55b5ad0ae0fbda1ed8a10ac5302c57a735b82d4e37aab4541cf0e3ae74,0,transpose,32,2,False,flip_ud
357dfe90b98bc5447207c26b7be2e4c5d24cf6b33be7a2efdfdd107d683bd256,357dfe90b98bc5447207c26b7be2e4c5d24cf6b33be7a2efdfdd107d683bd256,1,transpose,32,2,False,flip_ud
0d327963fba31a8abb3e12969d4f84d3a31b3b9b2ca2176e4734c1cc6b5b155e,0d327963fba31a8abb3e12969d4f84d3a31b3b9b2ca2176e4734c1cc6b5b155e,0,transpose,32,3,False,flip_ud
f34453a606b22cf11d673de392abf14685b3931c4f6795a7957ec180f7261895,f34453a606b22cf11d673de392abf14685b3931c4f6795a7957ec180f7261895,1,transpose,32,3,False,flip_ud
a1740d8d225308fe0173d3ac53f10adec306f19cc72b93ee6c514ab7a862b61c,a1740d8d225308fe0173d3ac53f10adec306f19cc72b93ee6c514ab7a862b61c,0,transpose,32,4,False,flip_ud
a29b5c39e160ee6ea2f7a57788c72574710fceac65e2d22bc3c9302165a496cd,a29b5c39e160ee6ea2f7a57788c72574710fceac65e2d22bc3c9302165a496cd,1,transpose,32,4,False,flip_ud
d16df94c1e9e8bb1bb6a148fc2dca66020fef6b58674eeefa63032f59de7c749,d16df94c1e9e8bb1bb6a148fc2dca66020fef6b58674eeefa63032f59de7c749,0,transpose,32,5,False,flip_ud
5b8078584161d8606ad27854a790c8101aaa18e685a89dca33ba70c5ac485186,5b8078584161d8606ad27854a790c8101aaa18e685a89dca33ba70c5ac485186,1,transpose,32,5,False,flip_ud
1fd5ebe30d8ac02957d2013310b34041d357875b7749bced79ef66a8d03b6a81,1fd5ebe30d8ac02957d2013310b34041d357875b7749bced79ef66a8d03b6a81,0,transpose,32,6,False,flip_ud
3994d36ff03650f252b297dd8e6b8f1bdd31a4789962c895012edca9989499a5,3994d36ff03650f252b297dd8e6b8f1bdd31a4789962c895012edca9989499a5,1,transpose,32,6,False,flip_ud
7fa238bee58839126f006ef45c81fe5ed82e4332a08178813f4f11ae49cdad7b,7fa238bee58839126f006ef45c81fe5ed82e4332a08178813f4f11ae49cdad7b,0,transpose,32,7,False,flip_ud
1957e2dba9ee1d14d87a1edfc1d01af3ddede2414999ee53ea763145c954bbcc,1957e2dba9ee1d14d87a1edfc1d01af3ddede2414999ee53ea763145c954bbcc,1,transpose,32,7,False,flip_ud
3e939d5ed75ed52d7ec9aafb4ab76029aee4437e8c3713d6aae631e744876d52,3e939d5ed75ed52d7ec9aafb4ab76029aee4437e8c3713d6aae631e744876d52,0,transpose,32,8,False,flip_ud
92703541f90226fbcf4c7557081710f45e24dcaf558fbc1df51ef60d9955fe1e,92703541f90226fbcf4c7557081710f45e24dcaf558fbc1df51ef60d9955fe1e,1,transpose,32,8,False,flip_ud
d76835bbf1179fe4649319874f6b44d87fb5efab0ccceb41e4399759c72b9898,d76835bbf1179fe4649319874f6b44d87fb5efab0ccceb41e4399759c72b9898,0,transpose,32,9,False,flip_ud
384310687377edc0c66d1b0aab3e3a6b230365b2e31d0633d24cdb79015f82fa,384310687377edc0c66d1b0aab3e3a6b230365b2e31d0633d24cdb79015f82fa,1,transpose,32,9,False,flip_ud
e844c06a40f70728936e6489efb346c1ad87350ebd25aead45a0aab041805c8d,e844c06a40f70728936e6489efb346c1ad87350ebd25aead45a0aab041805c8d,0,transpose,32,10,False,flip_ud
b0c7ad84a58e4f684e749c7c85f44b95034c517fd6b9743968d8a56c763ee746,b0c7ad84a58e4f684e749c7c85f44b95034c517fd6b9743968d8a56c763ee746,1,transpose,32,10,False,flip_ud
5f876e1b04e6475913760a3de36f842b723b94d2f95b56b5dff7cfc189a2f840,5f876e1b04e6475913760a3de36f842b723b94d2f95b56b5dff7cfc189a2f840,0,transpose,32,11,False,flip_ud
f4bc5a702028a207498e839723356c3420775b2bbcad925bf5618067fa428499,f4bc5a702028a207498e839723356c3420775b2bbcad925bf5618067fa428499,1,transpose,32,11,False,flip_ud
2bd27cc2cd25275f12cd016107f22e124f456def831454ed16112755ecd6dfd5,2bd27cc2cd25275f12cd016107f22e124f456def831454ed16112755ecd6dfd5,0,transpose,32,12,False,flip_ud
1c507a0bf0f219298d024cb937df76d71659508c78f5dd05db9ed684fe5fb3c0,1c507a0bf0f219298d024cb937df76d71659508c78f5dd05db9ed684fe5fb3c0,1,transpose,32,12,False,flip_ud
dfbceae8b9ded4e1bd8f0a8527365ab314aac0d4edeb96a6b75281a08f5e25af,dfbceae8b9ded4e1bd8f0a8527365ab314aac0d4edeb96a6b75281a08f5e25af,0,transpose,32,13,False,flip_ud
826a02d9b9408a81213144f60ca790a168ce4332fd661dacc0f6eb1814a7b9c1,826a02d9b9408a81213144f60ca790a168ce4332fd661dacc0f6eb1814a7b9c1,1,transpose,32,13,False,flip_ud
a0a696ccdccb8f0bd080e89232f5f8d6dac5384828d2e052539b522ece82deb9,a0a696ccdccb8f0bd080e89232f5f8d6dac5384828d2e052539b522ece82deb9,0,transpose,32,14,False,flip_ud
d1defa88dc963af3877b033f5bb3bf16646eecc35dd9b95b560f8223d98d84e1,d1defa88dc963af3877b033f5bb3bf16646eecc35dd9b95b560f8223d98d84e1,1,transpose,32,14,False,flip_ud
6523dafec24c4aa4a4602d28a00c3acaeca687dcc7f9de45b148a1d0b27ea481,6523dafec24c4aa4a4602d28a00c3acaeca687dcc7f9de45b148a1d0b27ea481,0,transpose,32,15,False,flip_ud
bae15022c4daad0ae53b1ea202f4a43859aafd2eac957265fe5a9700d75b859c,bae15022c4daad0ae53b1ea202f4a43859aafd2eac957265fe5a9700d75b859c,1,transpose,32,15,False,flip_ud
b0a2a700985554f93561ba58cda054b5690e7bff67e3eb6674c329fca9ef9faf,b0a2a700985554f93561ba58cda054b5690e7bff67e3eb6674c329fca9ef9faf,0,transpose,32,16,False,flip_ud
e5e5a0a47a96e8ef35befb19241472f3d813ad059f3956f644f1dbfecfbded49,e5e5a0a47a96e8ef35befb19241472f3d813ad059f3956f644f1dbfecfbded49,1,transpose,32,16,False,flip_ud
002e7e1bba147a97f6046c055bb229a5f64770cb657b5df0c03621cc328fc3e4,002e7e1bba147a97f6046c055bb229a5f64770cb657b5df0c03621cc328fc3e4,0,transpose,32,17,False,flip_ud
e4d5b8a5dd1165435760e5d4cb4bccc0d3867297f595dfba726b4906d9ecf830,e4d5b8a5dd1165435760e5d4cb4bccc0d3867297f595dfba726b4906d9ecf830,1,transpose,32,17,False,flip_ud
0195c1762cccb7c22d5fa0afb14dc8ac1551c3d1dadc8b522a5319a97c9bb82f,0195c1762cccb7c22d5fa0afb14dc8ac1551c3d1dadc8b522a5319a97c9bb82f,0,transpose,32,18,False,flip_ud
72788602ca2a68c0cc7066dbf1e2b043b2f29df2f90023139b4af4f409d99fb2,72788602ca2a68c0cc7066dbf1e2b043b2f29df2f90023139b4af4f409d99fb2,1,transpose,32,18,False,flip_ud
023035db0829657728925740fca3ddffc91d4bc906a1caf648142e4b5d73452e,023035db0829657728925740fca3ddffc91d4bc906a1caf648142e4b5d73452e,0,transpose,32,19,False,flip_ud
c2ce7677a0dcb826078761919e5292223b03c8693ecaa3ff001c4487d24c7f19,c2ce7677a0dcb826078761919e5292223b03c8693ecaa3ff001c4487d24c7f19,1,transpose,32,19,False,flip_ud
2103eee5eff982aba5a9a7845cd1b431df77bb02df267a82841759a4407db602,2103eee5eff982aba5a9a7845cd1b431df77bb02df267a82841759a4407db602,0,transpose,32,20,False,flip_ud
89a6161db6a57ae9f9264d5468622ccefa93982f766449e810d060ccc3afd8d0,89a6161db6a57ae9f9264d5468622ccefa93982f766449e810d060ccc3afd8d0,1,transpose,32,20,False,flip_ud
22ec04b3b79956dc5a3e237a966afa5b93b8ee7e08b24203b01c6442163722d0,22ec04b3b79956dc5a3e237a966afa5b93b8ee7e08b24203b01c6442163722d0,0,transpose,32,21,False,flip_ud
46ecda1eb52555d7c67374319629918afd55b85853f9d5ff1d9eebcf56b28465,46ecda1eb52555d7c67374319629918afd55b85853f9d5ff1d9eebcf56b28465,1,transpose,32,21,False,flip_ud
f2ee5d12f0baaf7931a489b03d04c3da6138743a6b0a50f4a3000a7971cfffa7,f2ee5d12f0baaf7931a489b03d04c3da6138743a6b0a50f4a3000a7971cfffa7,0,transpose,32,22,False,flip_ud
5766df24f860dac749220a9321816edc24d50e078afe75a37cfbc99dcf24f34e,5766df24f860dac749220a9321816edc24d50e078afe75a37cfbc99dcf24f34e,1,transpose,32,22,False,flip_ud
08e2ad05ff8c892a87a80870a3e1fd0a8a240c044847da919002522914c588eb,08e2ad05ff8c892a87a80870a3e1fd0a8a240c044847da919002522914c588eb,0,transpose,32,23,False,flip_ud
10558e62986495c6f46496ec7ae62bfc0699ed7ee25b03da5496d603d33f4ddf,10558e62986495c6f46496ec7ae62bfc0699ed7ee25b03da5496d603d33f4ddf,1,transpose,32,23,False,flip_ud
7f12e7f428afc9179bafaa83c329042e82e43740c497222621440c8bd8befe29,7f12e7f428afc9179bafaa83c329042e82e43740c497222621440c8bd8befe29,0,transpose,32,24,False,flip_ud
c6d727c8ae5ea58ed54fa30d7994b8c7fbae0cd1b594dc816c5d8e786dad4de9,c6d727c8ae5ea58ed54fa30d7994b8c7fbae0cd1b594dc816c5d8e786dad4de9,1,transpose,32,24,False,flip_ud
cdfa1ab8f858ca479aa29566d2dc7808f221ad6a99216ca5944f441d981cad28,cdfa1ab8f858ca479aa29566d2dc7808f221ad6a99216ca5944f441d981cad28,0,transpose,32,25,False,flip_ud
0e5676fb786db20c507d9710a52dd06e091613c6fb093aaed51147fe66bd420e,0e5676fb786db20c507d9710a52dd06e091613c6fb093aaed51147fe66bd420e,1,transpose,32,25,False,flip_ud
f853dd4a9686441ffa9543b4131809ae645cfa5e58c8f6af09ce760cd0ee2e43,f853dd4a9686441ffa9543b4131809ae645cfa5e58c8f6af09ce760cd0ee2e43,0,transpose,32,26,False,flip_ud
42c800b32547fec6977f3796eb0d0a22121983dc45dd493dfd65377312f9a037,42c800b32547fec6977f3796eb0d0a22121983dc45dd493dfd65377312f9a037,1,transpose,32,26,False,flip_ud
8a2fb7ddcfa71b9750c9e53898212966ea776d15de41ef93fa77774671d30907,8a2fb7ddcfa71b9750c9e53898212966ea776d15de41ef93fa77774671d30907,0,transpose,32,27,False,flip_ud
5b0817744b748bf3a1d1f988ff60096c85c1142561d61059f0dfdb4c57c45a61,5b0817744b748bf3a1d1f988ff60096c85c1142561d61059f0dfdb4c57c45a61,1,transpose,32,27,False,flip_ud
17264d488089a7cc8e5f746a56583e3298d4b900d1dbe473be5704d2514db178,17264d488089a7cc8e5f746a56583e3298d4b900d1dbe473be5704d2514db178,0,transpose,32,28,False,flip_ud
bb1227867a21065578907a84c393618fd7192dc82c778bd3e88d88b7d718ccfc,bb1227867a21065578907a84c393618fd7192dc82c778bd3e88d88b7d718ccfc,1,transpose,32,28,False,flip_ud
b32053b2a59567686a72c0811c8d0bf4d6d06a505fbf504ca40eaccc07192be0,b32053b2a59567686a72c0811c8d0bf4d6d06a505fbf504ca40eaccc07192be0,0,transpose,32,29,False,flip_ud
df623fc5b0cd560f238ddbaac55a2cf1d60db3969878a6e1d27c48a62f749a79,df623fc5b0cd560f238ddbaac55a2cf1d60db3969878a6e1d27c48a62f749a79,1,transpose,32,29,False,flip_ud
85bb8162f747cb3a5154eaf5656f1566e5458045df56a2ae3d1f07f8cf30eb11,85bb8162f747cb3a5154eaf5656f1566e5458045df56a2ae3d1f07f8cf30eb11,0,transpose,32,30,False,flip_ud
9ceabe84542d6a65bb24303d7a16dbb9739efc319cc8b9eef0dd2de3518115a0,9ceabe84542d6a65bb24303d7a16dbb9739efc319cc8b9eef0dd2de3518115a0,1,transpose,32,30,False,flip_ud
064c9cf750d508a20a55bad70d7b495518b783c1d27ca781071b8020282dfd0f,064c9cf750d508a20a55bad70d7b495518b783c1d27ca781071b8020282dfd0f,0,transpose,32,31,False,flip_ud
d028efc65d62310746bc602abb40f867e7d2d16042fd7f6a8ea355ace2d70dec,d028efc65d62310746bc602abb40f867e7d2d16042fd7f6a8ea355ace2d70dec,1,transpose,32,31,False,flip_ud
e35a191e76b96e7fe294cf7cf18efd3251f327e8500b98e7509fbab04f676c53,e35a191e76b96e7fe294cf7cf18efd3251f327e8500b98e7509fbab04f676c53,0,transpose,32,32,False,flip_ud
13c4c4e1a7342c5bcbac5cb0a36fe024c96774f26399aed825d4c06c861c693c,13c4c4e1a7342c5bcbac5cb0a36fe024c96774f26399aed825d4c06c861c693c,1,transpose,32,32,False,flip_ud
a5a5e6a1d7bbcca53483dad1da7663d73ed6a80a31beffdcfa66fd8aead5951d,a5a5e6a1d7bbcca53483dad1da7663d73ed6a80a31beffdcfa66fd8aead5951d,0,transpose,32,33,False,flip_ud
96195a3e74975558aa6f9318ddc3e4817ad5c74cf061c62a5c328bbc4a0e7e84,96195a3e74975558aa6f9318ddc3e4817ad5c74cf061c62a5c328bbc4a0e7e84,1,transpose,32,33,False,flip_ud
150b550f708be76bb02c1721da414e91d54c0957df74658b58d40d46339971e9,150b550f708be76bb02c1721da414e91d54c0957df74658b58d40d46339971e9,0,transpose,32,34,False,flip_ud
aa07196d4f66a4364eef30b3479675b60152fa6c07cb2c9aa66c934a87e29056,aa07196d4f66a4364eef30b3479675b60152fa6c07cb2c9aa66c934a87e29056,1,transpose,32,34,False,flip_ud
5cf93d8d8194fc8b24ecd61be79b14e27e021995251aff07b479c603d44afe1d,5cf93d8d8194fc8b24ecd61be79b14e27e021995251aff07b479c603d44afe1d,0,transpose,32,35,False,flip_ud
0eca3f4a10098632d73db520022ffea169407719d197a05387a8783eb7d21c58,0eca3f4a10098632d73db520022ffea169407719d197a05387a8783eb7d21c58,1,transpose,32,35,False,flip_ud
86ae77ffaf0de4ad4174862d6522e601b6acc4fc5b000da6e7c00075170e8dee,86ae77ffaf0de4ad4174862d6522e601b6acc4fc5b000da6e7c00075170e8dee,0,anti_transpose,32,0,False,flip_ud
4a6bd45706a7c23616ac242836ebb43dff607ce3810bf37dcd2cc6454b7a310d,4a6bd45706a7c23616ac242836ebb43dff607ce3810bf37dcd2cc6454b7a310d,1,anti_transpose,32,0,False,flip_ud
19f407c2ccf9f1602a6ed295faf1d23dbfb82ead348a95f827f06bdab0cf29bf,19f407c2ccf9f1602a6ed295faf1d23dbfb82ead348a95f827f06bdab0cf29bf,0,anti_transpose,32,1,False,flip_ud
ce9bcd9aa4ea2c052deccc82a6c852c3dcbb2d8141c929f9c9e3cb9be8850e78,ce9bcd9aa4ea2c052deccc82a6c852c3dcbb2d8141c929f9c9e3cb9be8850e78,1,anti_transpose,32,1,False,flip_ud
f80307e5a676966890a94dba796028b2c835579abddbbd46446c15090df25009,f80307e5a676966890a94dba796028b2c835579abddbbd46446c15090df25009,0,anti_transpose,32,2,False,flip_ud
9780f9747e3bc040479eb9cbc7a4a876e776bbf5dedf8da11bca5e1a6c9e627a,9780f9747e3bc040479eb9cbc7a4a876e776bbf5dedf8da11bca5e1a6c9e627a,1,anti_transpose,32,2,False,flip_ud
606af092fb41085a47744f7c28239b854ce1af474bb75920657c091745522c1f,606af092fb41085a47744f7c28239b854ce1af474bb75920657c091745522c1f,0,anti_transpose,32,3,False,flip_ud
5aec3cbd75ec5cec1c67f6db712c73df34b7176fb7579fa423f3770a3c34e216,5aec3cbd75ec5cec1c67f6db712c73df34b7176fb7579fa423f3770a3c34e216,1,anti_transpose,32,3,False,flip_ud
fb9707a85c92c16c1d547e9b01453769572ad557b66b55721a68940b6ceb69d0,fb9707a85c92c16c1d547e9b01453769572ad557b66b55721a68940b6ceb69d0,0,anti_transpose,32,4,False,flip_ud
74d50f8d0ccaf36b2134d740700d1f35cc7c688d529c709bb7e6b6b9f851d3ea,74d50f8d0ccaf36b2134d740700d1f35cc7c688d529c709bb7e6b6b9f851d3ea,1,anti_transpose,32,4,False,flip_ud
c656c5a1e1660e215b3121f0567a4d87561c916814978afc9d5280c032f50c5f,c656c5a1e1660e215b3121f0567a4d87561c916814978afc9d5280c032f50c5f,0,anti_transpose,32,5,False,flip_ud
7229017b7448d522fb026365cfac957c7649b35bde579614afe28a6d220dbc0c,7229017b7448d522fb026365cfac957c7649b35bde579614afe28a6d220dbc0c,1,anti_transpose,32,5,False,flip_ud
b3f78ceed2db64cee4e8fca196fa638ccac93724f97689034038a0d041c65ca6,b3f78ceed2db64cee4e8fca196fa638ccac93724f97689034038a0d041c65ca6,0,anti_transpose,32,6,False,flip_ud
4d93e58fbd012ee14fcc6e7a5876c1aae0c37b9a1925af8dae5478a086d61bc6,4d93e58fbd012ee14fcc6e7a5876c1aae0c37b9a1925af8dae5478a086d61bc6,1,anti_transpose,32,6,False,flip_ud
5ae4707d0c05c99a792f57b5eea63231dcc2596c358f8c2a0882e47f79158ea2,5ae4707d0c05c99a792f57b5eea63231dcc2596c358f8c2a0882e47f79158ea2,0,anti_transpose,32,7,False,flip_ud
d3e873ade367589aa33e290b6e409459b04b8707be55810a8c0c35b06791cf02,d3e873ade367589aa33e290b6e409459b04b8707be55810a8c0c35b06791cf02,1,anti_transpose,32,7,False,flip_ud
4beed4f2681ba68459f245b793d8d227a0be779b233ff5211381fd97360430dd,4beed4f2681ba68459f245b793d8d227a0be779b233ff5211381fd97360430dd,0,anti_transpose,32,8,False,flip_ud
78bfe3cbbc76b9765f0d8e7c77f051b1cdf4006b0c4fc6f7365b0563a294a7e3,78bfe3cbbc76b9765f0d8e7c77f051b1cdf4006b0c4fc6f7365b0563a294a7e3,1,anti_transpose,32,8,False,flip_ud
6ad705532a11403d58af096f29bcbaf8225b930f07062dbdabd8fcd6c2e441e6,6ad705532a11403d58af096f29bcbaf8225b930f07062dbdabd8fcd6c2e441e6,0,anti_transpose,32,9,False,flip_ud
8e0d0bcbaad7edeb68a96b79a91b3234c933285f715c07375e24581a96aaabb1,8e0d0bcbaad7edeb68a96b79a91b3234c933285f715c07375e24581a96aaabb1,1,anti_transpose,32,9,False,flip_ud
4a1fac7ea93dd915efa7f32cf0c9159f11fbbf481c8d6e25be08318cbcf3b691,4a1fac7ea93dd915efa7f32cf0c9159f11fbbf481c8d6e25be08318cbcf3b691,0,anti_transpose,32,10,False,flip_ud
4adaf7f0aeef84cbc9b020bac6a7550d24764ef4024169f8a3ef7e5204c504e5,4adaf7f0aeef84cbc9b020bac6a7550d24764ef4024169f8a3ef7e5204c504e5,1,anti_transpose,32,10,False,flip_ud
37746bf23f22f76da1ac797eacb2656f754d0409ce262ad45bd701a38b4d4ab5,37746bf23f22f76da1ac797eacb2656f754d0409ce262ad45bd701a38b4d4ab5,0,anti_transpose,32,11,False,flip_ud
f0bbe16b3dc3682a21ef16a9542ebc70d94815ee639072e7f218110c20acb4fe,f0bbe16b3dc3682a21ef16a9542ebc70d94815ee639072e7f218110c20acb4fe,1,anti_transpose,32,11,False,flip_ud
f4c396e676012a04440c541ede28e019a4c0b0e996380a27ffbaa626d05a5a83,f4c396e676012a04440c541ede28e019a4c0b0e996380a27ffbaa626d05a5a83,0,anti_transpose,32,12,False,flip_ud
a8eda431c51e53c12eb8614ecb323551d02560fb187db790a9b095b61d5da37e,a8eda431c51e53c12eb8614ecb323551d02560fb187db790a9b095b61d5da37e,1,anti_transpose,32,12,False,flip_ud
6bc2c7841b373e203358a3dfd3a9fcda09936607b0e5e4c02b625898e2fbe278,6bc2c7841b373e203358a3dfd3a9fcda09936607b0e5e4c02b625898e2fbe278,0,anti_transpose,32,13,False,flip_ud
962a50f92c915ab7c7949759b9304938af2f78243f9f2d6af9b73c0a6e11b77c,962a50f92c915ab7c7949759b9304938af2f78243f9f2d6af9b73c0a6e11b77c,1,anti_transpose,32,13,False,flip_ud
25a6d29eedd04d6dce5d667304c357300a6654fc362df6b50060b8be1c7000fc,25a6d29eedd04d6dce5d667304c357300a6654fc362df6b50060b8be1c7000fc,0,anti_transpose,32,14,False,flip_ud
06441cb71fe39d4c361ee578805b3d9558929eb191d9421d599bc02c2a2a8016,06441cb71fe39d4c361ee578805b3d9558929eb191d9421d599bc02c2a2a8016,1,anti_transpose,32,14,False,flip_ud
1ca35bbecce328b2f9d2298a9c95a9457eebc2edc2461eaca2c9d327f680b23a,1ca35bbecce328b2f9d2298a9c95a9457eebc2edc2461eaca2c9d327f680b23a,0,anti_transpose,32,15,False,flip_ud
7f116bc005e8b9b95201593e001534f65cb5cd13029916509f66d5c9f2491e90,7f116bc005e8b9b95201593e001534f65cb5cd13029916509f66d5c9f2491e90,1,anti_transpose,32,15,False,flip_ud
d0ca6692ce04a32c65bbff46e6e7562dcd3b42aa0c58dbbf826a7d0d20bd0139,d0ca6692ce04a32c65bbff46e6e7562dcd3b42aa0c58dbbf826a7d0d20bd0139,0,anti_transpose,32,16,False,flip_ud
fc2169dacec1a6c951b0efd5816dc92764f030efd31f3bfd48add24e88c2f518,fc2169dacec1a6c951b0efd5816dc92764f030efd31f3bfd48add24e88c2f518,1,anti_transpose,32,16,False,flip_ud
410db28d4b9e5f5078b2aa8eee96b2ff5c9a6efda18565e45d7c4c95662bd576,410db28d4b9e5f5078b2aa8eee96b2ff5c9a6efda18565e45d7c4c95662bd576,0,anti_transpose,32,17,False,flip_ud
dcd2599ff262755c7e704bb04912ef87bbb3a5839fa4e4fa088e152bf312ae78,dcd2599ff262755c7e704bb04912ef87bbb3a5839fa4e4fa088e152bf312ae78,1,anti_transpose,32,17,False,flip_ud
efb3d2af781298b9937e84f837dd9d520fb56f2f113cec6feff2c3c39117df03,efb3d2af781298b9937e84f837dd9d520fb56f2f113cec6feff2c3c39117df03,0,anti_transpose,32,18,False,flip_ud
9d4545ed865dcdbf8bbbc57965f881e13cb2e1522f7b77f443733ae08d2215a7,9d4545ed865dcdbf8bbbc57965f881e13cb2e1522f7b77f443733ae08d2215a7,1,anti_transpose,32,18,False,flip_ud
5cc635655eb5dd9c1620183810a227f1aac5ecfda8323f04871f06126b6ebaec,5cc635655eb5dd9c1620183810a227f1aac5ecfda8323f04871f06126b6ebaec,0,anti_transpose,32,19,False,flip_ud
2e6074cde57cf0c07b52334244d94bb556ba4d2b264661da905db7c2eaf0139c,2e6074cde57cf0c07b52334244d94bb556ba4d2b264661da905db7c2eaf0139c,1,anti_transpose,32,19,False,flip_ud
e881be1931c3b34818f5e737b160afe75d9aded028f738da190af02e327fe1f9,e881be1931c3b34818f5e737b160afe75d9aded028f738da190af02e327fe1f9,0,anti_transpose,32,20,False,flip_ud
7ba180f587fcf8542f24d08d6ed138a6ec67d93fcf9ef7eaad30fdb5099887a6,7ba180f587fcf8542f24d08d6ed138a6ec67d93fcf9ef7eaad30fdb5099887a6,1,anti_transpose,32,20,False,flip_ud
0f49c56a89c88bae0113ed1b3e9466e24464e4e0c57abad082a0469445ccaf0a,0f49c56a89c88bae0113ed1b3e9466e24464e4e0c57abad082a0469445ccaf0a,0,anti_transpose,32,21,False,flip_ud
eb66d98b51f0c710fc8c5a7af77028c9afb0e936ef750b5313f3705c068bb551,eb66d98b51f0c710fc8c5a7af77028c9afb0e936ef750b5313f3705c068bb551,1,anti_transpose,32,21,False,flip_ud
353522b853a88d91fbd1cc3e7a789679af7cc6ba22cc6a38862cfc02fc4a9fe9,353522b853a88d91fbd1cc3e7a789679af7cc6ba22cc6a38862cfc02fc4a9fe9,0,anti_transpose,32,22,False,flip_ud
af05885a4d1c7b16aa21073992adfeac1c5a0bccc4b4accc9f554a9f8e6c5c1b,af05885a4d1c7b16aa21073992adfeac1c5a0bccc4b4accc9f554a9f8e6c5c1b,1,anti_transpose,32,22,False,flip_ud
83d96683f194846ff797f6cd5f57d94528fb53bdd7a799fd320f6c867ae4a2e2,83d96683f194846ff797f6cd5f57d94528fb53bdd7a799fd320f6c867ae4a2e2,0,anti_transpose,32,23,False,flip_ud
24fee9dfa29fea49369a77175d44e5fec6a1cace8cba81f2a5a95d2120da4b79,24fee9dfa29fea49369a77175d44e5fec6a1cace8cba81f2a5a95d2120da4b79,1,anti_transpose,32,23,False,flip_ud
4c2cf6e0d7db8e6c68773ed45e3eff66bfff78f8af7ff1580430355791f58f48,4c2cf6e0d7db8e6c68773ed45e3eff66bfff78f8af7ff1580430355791f58f48,0,anti_transpose,32,24,False,flip_ud
c992f6ae38b54e43e2b55f1eac1d752fbc8403d8db58ca6bcb4af0245027c8fb,c992f6ae38b54e43e2b55f1eac1d752fbc8403d8db58ca6bcb4af0245027c8fb,1,anti_transpose,32,24,False,flip_ud
2442673da3ad1b5c61ad404359727e87241f9b4a90bc32c7f1792d5b1baa2939,2442673da3ad1b5c61ad404359727e87241f9b4a90bc32c7f1792d5b1baa2939,0,anti_transpose,32,25,False,flip_ud
0a75ef92e1987a26745272e353635d38bf3b9e495447f9c435f06ddc10fed088,0a75ef92e1987a26745272e353635d38bf3b9e495447f9c435f06ddc10fed088,1,anti_transpose,32,25,False,flip_ud
af801bc76094683e8d8d738670e4a84e9b3b96311e45fb8083ce7bd5c8507732,af801bc76094683e8d8d738670e4a84e9b3b96311e45fb8083ce7bd5c8507732,0,anti_transpose,32,26,False,flip_ud
6ba9cdb2dc29a068f9380693912b2fa50c188615c285440a6b9fefe0bf5598ce,6ba9cdb2dc29a068f9380693912b2fa50c188615c285440a6b9fefe0bf5598ce,1,anti_transpose,32,26,False,flip_ud
de38c85b4929018f9c109af49b49713b1e3bff99230a0e34b88a7f94cd70e140,de38c85b4929018f9c109af49b49713b1e3bff99230a0e34b88a7f94cd70e140,0,anti_transpose,32,27,False,flip_ud
e0a54fcdfcf499e4f4ca98c6a10cad64afb7ca630c7846fb6cb7fe62435a8091,e0a54fcdfcf499e4f4ca98c6a10cad64afb7ca630c7846fb6cb7fe62435a8091,1,anti_transpose,32,27,False,flip_ud
fc15137a7c3d808f965e1b9bb7861cf220e6a418d1b04fad3ba92c4992f61a99,fc15137a7c3d808f965e1b9bb7861cf220e6a418d1b04fad3ba92c4992f61a99,0,anti_transpose,32,28,False,flip_ud
d7c5351909b2ab95d89fa8cdf4bd1deb2add74fa91dc37969e776a2bdf553710,d7c5351909b2ab95d89fa8cdf4bd1deb2add74fa91dc37969e776a2bdf553710,1,anti_transpose,32,28,False,flip_ud
e52444b6a9d8ff8703f0d573130e2fce3fc269fb25a8d40d1bbce9b7f686fc11,e52444b6a9d8ff8703f0d573130e2fce3fc269fb25a8d40d1bbce9b7f686fc11,0,anti_transpose,32,29,False,flip_ud
a559b5017a35a336a59075a072f2b5ac8ac604de53a405456199a3f094902298,a559b5017a35a336a59075a072f2b5ac8ac604de53a405456199a3f094902298,1,anti_transpose,32,29,False,flip_ud
94ed44ac45d3f98ea0d82d2eb0345ea422fae6c34c4fec1a598d36654ae17fc2,94ed44ac45d3f98ea0d82d2eb0345ea422fae6c34c4fec1a598d36654ae17fc2,0,anti_transpose,32,30,False,flip_ud
45d351ef8a33e203cffdec670f2e234a5b90317c18bf41121b37c26dbd26f49a,45d351ef8a33e203cffdec670f2e234a5b90317c18bf41121b37c26dbd26f49a,1,anti_transpose,32,30,False,flip_ud
828044a6686a11641db6c280d04033bd7d4288a5391924aa3170ec94a4dcbcb8,828044a6686a11641db6c280d04033bd7d4288a5391924aa3170ec94a4dcbcb8,0,anti_transpose,32,31,False,flip_ud
e4efd482b9a95f001dce3e3d45c96393fd23290d8cf133d5814e0466368352e0,e4efd482b9a95f001dce3e3d45c96393fd23290d8cf133d5814e0466368352e0,1,anti_transpose,32,31,False,flip_ud
de988274dfef7ddc40f6d1e512a04a8d937ede73bfce8eff306918ad204c680f,de988274dfef7ddc40f6d1e512a04a8d937ede73bfce8eff306918ad204c680f,0,anti_transpose,32,32,False,flip_ud
eab653b47a96cd6770b8582a6e69f0d40011489bc6eb6fa7e2b96e56411bad51,eab653b47a96cd6770b8582a6e69f0d40011489bc6eb6fa7e2b96e56411bad51,1,anti_transpose,32,32,False,flip_ud
c556dfa8b5dc70fe59a98c70b6e5d81d4b6ccbe3be41fd16a017a7ca3f62c997,c556dfa8b5dc70fe59a98c70b6e5d81d4b6ccbe3be41fd16a017a7ca3f62c997,0,anti_transpose,32,33,False,flip_ud
78929864457c771d776a2b7251c0a5c39b7fc23bd40c99567ec4c14db40611d6,78929864457c771d776a2b7251c0a5c39b7fc23bd40c99567ec4c14db40611d6,1,anti_transpose,32,33,False,flip_ud
e97532192353e11388ad3f672bf242130accd6dd0cffb7c6bcadffaa4cdc9b8e,e97532192353e11388ad3f672bf242130accd6dd0cffb7c6bcadffaa4cdc9b8e,0,anti_transpose,32,34,False,flip_ud
d0d5106b2fdbd27a4b68b43cb1fa34d9ba9d8646dd39c3046c3fa185a9f97810,d0d5106b2fdbd27a4b68b43cb1fa34d9ba9d8646dd39c3046c3fa185a9f97810,1,anti_transpose,32,34,False,flip_ud
e2bf295530a3877629ae7d3fe027a2c5b544c6ed2e428083fcb0278ff0eac43d,e2bf295530a3877629ae7d3fe027a2c5b544c6ed2e428083fcb0278ff0eac43d,0,anti_transpose,32,35,False,flip_ud
b886612aeee94e2599c8b6ee32b283f2962dd254f5c2d2a29082ab8f198c34f1,b886612aeee94e2599c8b6ee32b283f2962dd254f5c2d2a29082ab8f198c34f1,1,anti_transpose,32,35,False,flip_ud
9a99d0bd764730a3ecee2429b1ccff7a97d91647f7a9eefecc4fbd9bb59e7796,9a99d0bd764730a3ecee2429b1ccff7a97d91647f7a9eefecc4fbd9bb59e7796,0,identity,128,0,False,flip_ud
1d56552724236aaf2ddc3f5bbbe7ae4514c76b2bb204f98e8413d41da2b9ab17,1d56552724236aaf2ddc3f5bbbe7ae4514c76b2bb204f98e8413d41da2b9ab17,1,identity,128,0,False,flip_ud
89d697c1ecafb7e51eafe9f7df68083f0dca6005ec2392b020966e4d775a7565,89d697c1ecafb7e51eafe9f7df68083f0dca6005ec2392b020966e4d775a7565,0,identity,128,1,False,flip_ud
7fa14c380fe2887e9ba1d87842717ed9ddb094f1f212da2040c5dcc350dc9e02,7fa14c380fe2887e9ba1d87842717ed9ddb094f1f212da2040c5dcc350dc9e02,1,identity,128,1,False,flip_ud
434de0be1f056b32d2504a3711826ba147d973b9edc82c52acde77f19700b7ae,434de0be1f056b32d2504a3711826ba147d973b9edc82c52acde77f19700b7ae,0,identity,128,2,False,flip_ud
23c20bceb39078ef402776f804c2ac337e59953550cafffc748f80af2b8a3670,23c20bceb39078ef402776f804c2ac337e59953550cafffc748f80af2b8a3670,1,identity,128,2,False,flip_ud
3ce7afd305486392e1c17960fca193ea9d5ddff6a0c2c6c6cbb22d2d7189a19b,3ce7afd305486392e1c17960fca193ea9d5ddff6a0c2c6c6cbb22d2d7189a19b,0,identity,128,3,False,flip_ud
f8e986d66914af750eeeb6fb6cb0cf14360a32d86048956108eda0fdd90f4fab,f8e986d66914af750eeeb6fb6cb0cf14360a32d86048956108eda0fdd90f4fab,1,identity,128,3,False,flip_ud
ea8c5d24bf4fb1b96a1c398af3a1ed235efb1868e341b1ade2af4934223e226a,ea8c5d24bf4fb1b96a1c398af3a1ed235efb1868e341b1ade2af4934223e226a,0,identity,128,4,False,flip_ud
ef82c7690a313270a1de5c9ad0f934cf812f3ab47c8395b6ea6f888287384ab6,ef82c7690a313270a1de5c9ad0f934cf812f3ab47c8395b6ea6f888287384ab6,1,identity,128,4,False,flip_ud
c0c2261de0e618eebfc04545b13182c883c1d828b2d89b64e9acf87631382ddb,c0c2261de0e618eebfc04545b13182c883c1d828b2d89b64e9acf87631382ddb,0,identity,128,5,False,flip_ud
ca1b9977eeb6bc95977d19e2ae3c55b39bb3e15a82f376968268820683dea145,ca1b9977eeb6bc95977d19e2ae3c55b39bb3e15a82f376968268820683dea145,1,identity,128,5,False,flip_ud
00a0536d5e00093fd3e7ff082a17de881238ed5999e9a1aa50bf564fdf68edea,00a0536d5e00093fd3e7ff082a17de881238ed5999e9a1aa50bf564fdf68edea,0,identity,128,6,False,flip_ud
5cccee865e2316aad9c7a4a4f53e28668f0ad668e9431e3164471947f6eab095,5cccee865e2316aad9c7a4a4f53e28668f0ad668e9431e3164471947f6eab095,1,identity,128,6,False,flip_ud
638707f0d74e42f4c2a920fdbba7bed7478d8922058f59cc94515880936071fe,638707f0d74e42f4c2a920fdbba7bed7478d8922058f59cc94515880936071fe,0,identity,128,7,False,flip_ud
5945ac448e47e0975ae3f34170646cc741145dec78a50bbbb8a4725cf67a759f,5945ac448e47e0975ae3f34170646cc741145dec78a50bbbb8a4725cf67a759f,1,identity,128,7,False,flip_ud
83c46aa0ecbc1caab91b5b1c3b8547b6787b3799c6c0f793e1e1d6c1b9aa3405,83c46aa0ecbc1caab91b5b1c3b8547b6787b3799c6c0f793e1e1d6c1b9aa3405,0,identity,128,8,False,flip_ud
4b63182078dcad8933c3388d026c3e65ea7fed051c03f1c1d13fd37952c4bcf8,4b63182078dcad8933c3388d026c3e65ea7fed051c03f1c1d13fd37952c4bcf8,1,identity,128,8,False,flip_ud
b2f6b76bfd9a14c617963ce2f1d277897faa91c6e529a7c995b657b84a9bd373,b2f6b76bfd9a14c617963ce2f1d277897faa91c6e529a7c995b657b84a9bd373,0,identity,128,9,False,flip_ud
b518075b6807443e57dc2b18bb7785d822e61b5c4c4604f1d5c49099632f8104,b518075b6807443e57dc2b18bb7785d822e61b5c4c4604f1d5c49099632f8104,1,identity,128,9,False,flip_ud
f4a120e8d618be3ba5a87d03af72863304f6c5f794aa54a706ff1fc85d83023b,f4a120e8d618be3ba5a87d03af72863304f6c5f794aa54a706ff1fc85d83023b,0,identity,128,10,False,flip_ud
803067d0b494875187925bfbf405e0bb9634204f56a6acc3b2c08bb72e2a3dfe,803067d0b494875187925bfbf405e0bb9634204f56a6acc3b2c08bb72e2a3dfe,1,identity,128,10,False,flip_ud
db7de912ef4c0387c17aa1c858eb1f1eee6f5a66aa0882311f573f007113af07,db7de912ef4c0387c17aa1c858eb1f1eee6f5a66aa0882311f573f007113af07,0,identity,128,11,False,flip_ud
1c2ae9636de892908d6095652a4f7e845a8a6df8de3a7302a0439deb653822b0,1c2ae9636de892908d6095652a4f7e845a8a6df8de3a7302a0439deb653822b0,1,identity,128,11,False,flip_ud
ebdbd700ca4c0c1ab38a1ae4ac5795e94f6d247965c8e0e358aeb4975ddd0c86,ebdbd700ca4c0c1ab38a1ae4ac5795e94f6d247965c8e0e358aeb4975ddd0c86,0,identity,128,12,False,flip_ud
7745b533f4c5d5e76b94a70d1cfea79c681ff5a38eb6d0bf8854113af3035114,7745b533f4c5d5e76b94a70d1cfea79c681ff5a38eb6d0bf8854113af3035114,1,identity,128,12,False,flip_ud
3183516fd162574260c66b25fbd6eb442332f120edd14031a8a09b3e5588d8be,3183516fd162574260c66b25fbd6eb442332f120edd14031a8a09b3e5588d8be,0,identity,128,13,False,flip_ud
be1799f2ce13f54738c681c96b2bc671a063e4cedac773f2566f054d92f03a55,be1799f2ce13f54738c681c96b2bc671a063e4cedac773f2566f054d92f03a55,1,identity,128,13,False,flip_ud
e9f381ed471a9fd50a247d355f2bdbe04a6e51317064baed71f8164bf2bd2362,e9f381ed471a9fd50a247d355f2bdbe04a6e51317064baed71f8164bf2bd2362,0,identity,128,14,False,flip_ud
9bfcd00e588fe9f57f8ef2130d9e948bd842ba0425b5707aae87988952435ba3,9bfcd00e588fe9f57f8ef2130d9e948bd842ba0425b5707aae87988952435ba3,1,identity,128,14,False,flip_ud
0ca87ec7d25818c3d132fb93860e3096cae39f28af904b3a003ff268a26e35be,0ca87ec7d25818c3d132fb93860e3096cae39f28af904b3a003ff268a26e35be,0,identity,128,15,False,flip_ud
da9633dc1629a3e386a81f4b0c350dd33d07f3f6fa2a4356fc40a359af5f80c2,da9633dc1629a3e386a81f4b0c350dd33d07f3f6fa2a4356fc40a359af5f80c2,1,identity,128,15,False,flip_ud
608430ca8ba14a3a00691c3f2a742af06f6de220dbddc6aa66dd3958003a22b3,608430ca8ba14a3a00691c3f2a742af06f6de220dbddc6aa66dd3958003a22b3,0,identity,128,16,False,flip_ud
34602b0197955cac08ab50e9144fad3d1a5c02b6399c994e4eea055f7293f981,34602b0197955cac08ab50e9144fad3d1a5c02b6399c994e4eea055f7293f981,1,identity,128,16,False,flip_ud
6de3f55bd6c6b56913e6f0a0f4faa01dd7e8ff2da7013ba7f51320145a1c007d,6de3f55bd6c6b56913e6f0a0f4faa01dd7e8ff2da7013ba7f51320145a1c007d,0,identity,128,17,False,flip_ud
914d4845045e8417017406788eecbeb5624220b9000d8df8880fe1af16177dbf,914d4845045e8417017406788eecbeb5624220b9000d8df8880fe1af16177dbf,1,identity,128,17,False,flip_ud
c3de93f1a44c3317358fac891072e3aa46745b0d453016428fd7444b7c26d6ba,c3de93f1a44c3317358fac891072e3aa46745b0d453016428fd7444b7c26d6ba,0,identity,128,18,False,flip_ud
70141e043f0e503f021f95fa1faf98002022578e69cb36e50f4d21d3e6af4b8b,70141e043f0e503f021f95fa1faf98002022578e69cb36e50f4d21d3e6af4b8b,1,identity,128,18,False,flip_ud
b645e623e9e2d459fd899232a4b1de03eb6eb021a68cb47738d255dad5ff3516,b645e623e9e2d459fd899232a4b1de03eb6eb021a68cb47738d255dad5ff3516,0,identity,128,19,False,flip_ud
faf6a5b1597dc153970a9532deea92599ebf6b7807da6180a2f7e7ec0b5e395f,faf6a5b1597dc153970a9532deea92599ebf6b7807da6180a2f7e7ec0b5e395f,1,identity,128,19,False,flip_ud
b67756a696a9169b0c27b6655c9aace6b8b1e8f593526db8895f0786b173dc09,b67756a696a9169b0c27b6655c9aace6b8b1e8f593526db8895f0786b173dc09,0,identity,128,20,False,flip_ud
8d471ba0a19ad391b68b88590eeff05341141f32d626975d5475d30ff0028f18,8d471ba0a19ad391b68b88590eeff05341141f32d626975d5475d30ff0028f18,1,identity,128,20,False,flip_ud
1cc604602ea5f1f46c5e2194ad6922fdaf6ecc87d4c777906936d273558f5909,1cc604602ea5f1f46c5e2194ad6922fdaf6ecc87d4c777906936d273558f5909,0,identity,128,21,False,flip_ud
2cea2e5b790239c33e4d93bde2b403bfee753ca717e9c22621ff47a003d02e60,2cea2e5b790239c33e4d93bde2b403bfee753ca717e9c22621ff47a003d02e60,1,identity,128,21,False,flip_ud
8a53a0e8f633a0f8b4a649a285afaa2ef9b2e8d74606cf37153bc2e8c374c412,8a53a0e8f633a0f8b4a649a285afaa2ef9b2e8d74606cf37153bc2e8c374c412,0,identity,128,22,False,flip_ud
a9e0d492cdedf79eb3c8c6b6e60751225d9abf207405174b890512a1ddc507f9,a9e0d492cdedf79eb3c8c6b6e60751225d9abf207405174b890512a1ddc507f9,1,identity,128,22,False,flip_ud
41985c0ca9509012b9a61a26ea1cc9b71e9e51b0d3e8ebc8b32ccc774fa5b8e5,41985c0ca9509012b9a61a26ea1cc9b71e9e51b0d3e8ebc8b32ccc774fa5b8e5,0,identity,128,23,False,flip_ud
afb9d4d548483de205ddf8069e07fc4c00cbd8bb25bd3c5b9236badda9f49a2b,afb9d4d548483de205ddf8069e07fc4c00cbd8bb25bd3c5b9236badda9f49a2b,1,identity,128,23,False,flip_ud
feed37027e1f0e18268393d5e6cf28200f08adab5eefd903f9b525f0f4bdd525,feed37027e1f0e18268393d5e6cf28200f08adab5eefd903f9b525f0f4bdd525,0,identity,128,24,False,flip_ud
5e145257fbf33a7b08d0ce87ff50c1a632a96800d55684ef7f028ee01f9690c7,5e145257fbf33a7b08d0ce87ff50c1a632a96800d55684ef7f028ee01f9690c7,1,identity,128,24,False,flip_ud
5664e184fa02ca8e73312153f6652cb3ba1b0cf794074ab9a5f8785e9c8bce6f,5664e184fa02ca8e73312153f6652cb3ba1b0cf794074ab9a5f8785e9c8bce6f,0,identity,128,25,False,flip_ud
7e37608b9faddf7a35ed06cc656b6157a235313c7a60e0d2d9674148bad26875,7e37608b9faddf7a35ed06cc656b6157a235313c7a60e0d2d9674148bad26875,1,identity,128,25,False,flip_ud
07897b929277cb6b1d1825e4d6cacf18f3295e94ebcd755e6bdd947112d6259c,07897b929277cb6b1d1825e4d6cacf18f3295e94ebcd755e6bdd947112d6259c,0,identity,128,26,False,flip_ud
f00bc839dd6c8fbdefc1e4c8325bac1b1cec8322bce4cfb90e50a644d5f73b8e,f00bc839dd6c8fbdefc1e4c8325bac1b1cec8322bce4cfb90e50a644d5f73b8e,1,identity,128,26,False,flip_ud
aaaea58684269d8a3cf0eaa73252036edebe41c1694bd9a2541b1a6ce4eb0dea,aaaea58684269d8a3cf0eaa73252036edebe41c1694bd9a2541b1a6ce4eb0dea,0,identity,128,27,False,flip_ud
8185e6633b85eb683d859c0dd58cf8112f574ce2d43de301f0d6b1521d056869,8185e6633b85eb683d859c0dd58cf8112f574ce2d43de301f0d6b1521d056869,1,identity,128,27,False,flip_ud
8f5095abd1616ed68565b6ff8b2df82c56d2df0ca974ace7affc04916eb2d115,8f5095abd1616ed68565b6ff8b2df82c56d2df0ca974ace7affc04916eb2d115,0,identity,128,28,False,flip_ud
b1f7a9bc2bd2e1f1c6420fb3acd7b0de4ba90c97332b4128bfe0861ea4ff4fd0,b1f7a9bc2bd2e1f1c6420fb3acd7b0de4ba90c97332b4128bfe0861ea4ff4fd0,1,identity,128,28,False,flip_ud
69f9665b68c2c591312bef6f55d1fca2286348e48ccfbf6746d577f74face6f4,69f9665b68c2c591312bef6f55d1fca2286348e48ccfbf6746d577f74face6f4,0,identity,128,29,False,flip_ud
209df8a993e05b2fe2b5f055ae048290da7adcf08fdc0bbc8ef09e9be532068f,209df8a993e05b2fe2b5f055ae048290da7adcf08fdc0bbc8ef09e9be532068f,1,identity,128,29,False,flip_ud
39080e61317d2bb153dc2d2608b9839286db9c8f7c0709cd8fd2fe31d1c7450a,39080e61317d2bb153dc2d2608b9839286db9c8f7c0709cd8fd2fe31d1c7450a,0,identity,128,30,False,flip_ud
24dbd5f01173d6b312f31957995f583e1621db7849c0e4471e85292ef2dce3e0,24dbd5f01173d6b312f31957995f583e1621db7849c0e4471e85292ef2dce3e0,1,identity,128,30,False,flip_ud
04c01f77d1783195f41e560819c3201eb238888b5670fb9390972cd1a42a1905,04c01f77d1783195f41e560819c3201eb238888b5670fb9390972cd1a42a1905,0,identity,128,31,False,flip_ud
fff5e0e69b92efe2a27e59fc1a82ccbf7d3184c3b9f17e4b746ccbaf709175ca,fff5e0e69b92efe2a27e59fc1a82ccbf7d3184c3b9f17e4b746ccbaf709175ca,1,identity,128,31,False,flip_ud
e9fb1735c6689e3425ef035705da25115d12218fc5738718fc0e51521d4bf076,e9fb1735c6689e3425ef035705da25115d12218fc5738718fc0e51521d4bf076,0,identity,128,32,False,flip_ud
e59ed103a3f4a2b34f9d0466fd6cd7a38720d0ce5975af3e985134edee88d0dd,e59ed103a3f4a2b34f9d0466fd6cd7a38720d0ce5975af3e985134edee88d0dd,1,identity,128,32,False,flip_ud
d321574c9990da5ad2f81147c7d1df7027548ccc6cd3c476bcf189c599b6c092,d321574c9990da5ad2f81147c7d1df7027548ccc6cd3c476bcf189c599b6c092,0,identity,128,33,False,flip_ud
94ba0d23767c532bc3d757cd555d1a0581a3b9f1d5da27c94faa0bbcdbb92c63,94ba0d23767c532bc3d757cd555d1a0581a3b9f1d5da27c94faa0bbcdbb92c63,1,identity,128,33,False,flip_ud
6a1ff70a31321e3e9e1609bc9b9092888eaeb9045871471cdb4ad4f82547591d,6a1ff70a31321e3e9e1609bc9b9092888eaeb9045871471cdb4ad4f82547591d,0,identity,128,34,False,flip_ud
19c033f96030586e3803ccbfdde6005cb1579afff13d5e74045ef9ef71e0789d,19c033f96030586e3803ccbfdde6005cb1579afff13d5e74045ef9ef71e0789d,1,identity,128,34,False,flip_ud
df7c20b9e8b95fdd3a95c00a01663daa396b2c711dc7a9fb460b09e05c1e7c00,df7c20b9e8b95fdd3a95c00a01663daa396b2c711dc7a9fb460b09e05c1e7c00,0,identity,128,35,False,flip_ud
d7924137092d2c5c13f7cd8d6946d4ffd0a07c8219d2600430a9a99f8249d982,d7924137092d2c5c13f7cd8d6946d4ffd0a07c8219d2600430a9a99f8249d982,1,identity,128,35,False,flip_ud
0efd0421c500d902bf9c483f5e70cb3abdef9386ac8615468b5a27ac097fbd01,0efd0421c500d902bf9c483f5e70cb3abdef9386ac8615468b5a27ac097fbd01,0,transpose,128,0,False,flip_ud
0e5d949f302266b57d0829285ca4ab4ccf5069cd5cc04b9a6bd6ae78b0c1d68c,0e5d949f302266b57d0829285ca4ab4ccf5069cd5cc04b9a6bd6ae78b0c1d68c,1,transpose,128,0,False,flip_ud
238d3c87d58795a8784ca0f6d7368ab9ba71fbc30a7c635d566d86d508e2ff87,238d3c87d58795a8784ca0f6d7368ab9ba71fbc30a7c635d566d86d508e2ff87,0,transpose,128,1,False,flip_ud
6ab81865dadf38198adeaf35da59da836ee271052d0d082be791a142fa6e1447,6ab81865dadf38198adeaf35da59da836ee271052d0d082be791a142fa6e1447,1,transpose,128,1,False,flip_ud
cb358b55b5ad0ae0fbda1ed8a10ac5302c57a735b82d4e37aab4541cf0e3ae74,cb358b55b5ad0ae0fbda1ed8a10ac5302c57a735b82d4e37aab4541cf0e3ae74,0,transpose,128,2,False,flip_ud
357dfe90b98bc5447207c26b7be2e4c5d24cf6b33be7a2efdfdd107d683bd256,357dfe90b98bc5447207c26b7be2e4c5d24cf6b33be7a2efdfdd107d683bd256,1,transpose,128,2,False,flip_ud
0d327963fba31a8abb3e12969d4f84d3a31b3b9b2ca2176e4734c1cc6b5b155e,0d327963fba31a8abb3e12969d4f84d3a31b3b9b2ca2176e4734c1cc6b5b155e,0,transpose,128,3,False,flip_ud
f34453a606b22cf11d673de392abf14685b3931c4f6795a7957ec180f7261895,f34453a606b22cf11d673de392abf14685b3931c4f6795a7957ec180f7261895,1,transpose,128,3,False,flip_ud
a1740d8d225308fe0173d3ac53f10adec306f19cc72b93ee6c514ab7a862b61c,a1740d8d225308fe0173d3ac53f10adec306f19cc72b93ee6c514ab7a862b61c,0,transpose,128,4,False,flip_ud
a29b5c39e160ee6ea2f7a57788c72574710fceac65e2d22bc3c9302165a496cd,a29b5c39e160ee6ea2f7a57788c72574710fceac65e2d22bc3c9302165a496cd,1,transpose,128,4,False,flip_ud
d16df94c1e9e8bb1bb6a148fc2dca66020fef6b58674eeefa63032f59de7c749,d16df94c1e9e8bb1bb6a148fc2dca66020fef6b58674eeefa63032f59de7c749,0,transpose,128,5,False,flip_ud
5b8078584161d8606ad27854a790c8101aaa18e685a89dca33ba70c5ac485186,5b8078584161d8606ad27854a790c8101aaa18e685a89dca33ba70c5ac485186,1,transpose,128,5,False,flip_ud
1fd5ebe30d8ac02957d2013310b34041d357875b7749bced79ef66a8d03b6a81,1fd5ebe30d8ac02957d2013310b34041d357875b7749bced79ef66a8d03b6a81,0,transpose,128,6,False,flip_ud
3994d36ff03650f252b297dd8e6b8f1bdd31a4789962c895012edca9989499a5,3994d36ff03650f252b297dd8e6b8f1bdd31a4789962c895012edca9989499a5,1,transpose,128,6,False,flip_ud
7fa238bee58839126f006ef45c81fe5ed82e4332a08178813f4f11ae49cdad7b,7fa238bee58839126f006ef45c81fe5ed82e4332a08178813f4f11ae49cdad7b,0,transpose,128,7,False,flip_ud
1957e2dba9ee1d14d87a1edfc1d01af3ddede2414999ee53ea763145c954bbcc,1957e2dba9ee1d14d87a1edfc1d01af3ddede2414999ee53ea763145c954bbcc,1,transpose,128,7,False,flip_ud
3e939d5ed75ed52d7ec9aafb4ab76029aee4437e8c3713d6aae631e744876d52,3e939d5ed75ed52d7ec9aafb4ab76029aee4437e8c3713d6aae631e744876d52,0,transpose,128,8,False,flip_ud
92703541f90226fbcf4c7557081710f45e24dcaf558fbc1df51ef60d9955fe1e,92703541f90226fbcf4c7557081710f45e24dcaf558fbc1df51ef60d9955fe1e,1,transpose,128,8,False,flip_ud
d76835bbf1179fe4649319874f6b44d87fb5efab0ccceb41e4399759c72b9898,d76835bbf1179fe4649319874f6b44d87fb5efab0ccceb41e4399759c72b9898,0,transpose,128,9,False,flip_ud
384310687377edc0c66d1b0aab3e3a6b230365b2e31d0633d24cdb79015f82fa,384310687377edc0c66d1b0aab3e3a6b230365b2e31d0633d24cdb79015f82fa,1,transpose,128,9,False,flip_ud
e844c06a40f70728936e6489efb346c1ad87350ebd25aead45a0aab041805c8d,e844c06a40f70728936e6489efb346c1ad87350ebd25aead45a0aab041805c8d,0,transpose,128,10,False,flip_ud
b0c7ad84a58e4f684e749c7c85f44b95034c517fd6b9743968d8a56c763ee746,b0c7ad84a58e4f684e749c7c85f44b95034c517fd6b9743968d8a56c763ee746,1,transpose,128,10,False,flip_ud
5f876e1b04e6475913760a3de36f842b723b94d2f95b56b5dff7cfc189a2f840,5f876e1b04e6475913760a3de36f842b723b94d2f95b56b5dff7cfc189a2f840,0,transpose,128,11,False,flip_ud
f4bc5a702028a207498e839723356c3420775b2bbcad925bf5618067fa428499,f4bc5a702028a207498e839723356c3420775b2bbcad925bf5618067fa428499,1,transpose,128,11,False,flip_ud
2bd27cc2cd25275f12cd016107f22e124f456def831454ed16112755ecd6dfd5,2bd27cc2cd25275f12cd016107f22e124f456def831454ed16112755ecd6dfd5,0,transpose,128,12,False,flip_ud
1c507a0bf0f219298d024cb937df76d71659508c78f5dd05db9ed684fe5fb3c0,1c507a0bf0f219298d024cb937df76d71659508c78f5dd05db9ed684fe5fb3c0,1,transpose,128,12,False,flip_ud
dfbceae8b9ded4e1bd8f0a8527365ab314aac0d4edeb96a6b75281a08f5e25af,dfbceae8b9ded4e1bd8f0a8527365ab314aac0d4edeb96a6b75281a08f5e25af,0,transpose,128,13,False,flip_ud
826a02d9b9408a81213144f60ca790a168ce4332fd661dacc0f6eb1814a7b9c1,826a02d9b9408a81213144f60ca790a168ce4332fd661dacc0f6eb1814a7b9c1,1,transpose,128,13,False,flip_ud
a0a696ccdccb8f0bd080e89232f5f8d6dac5384828d2e052539b522ece82deb9,a0a696ccdccb8f0bd080e89232f5f8d6dac5384828d2e052539b522ece82deb9,0,transpose,128,14,False,flip_ud
d1defa88dc963af3877b033f5bb3bf16646eecc35dd9b95b560f8223d98d84e1,d1defa88dc963af3877b033f5bb3bf16646eecc35dd9b95b560f8223d98d84e1,1,transpose,128,14,False,flip_ud
6523dafec24c4aa4a4602d28a00c3acaeca687dcc7f9de45b148a1d0b27ea481,6523dafec24c4aa4a4602d28a00c3acaeca687dcc7f9de45b148a1d0b27ea481,0,transpose,128,15,False,flip_ud
bae15022c4daad0ae53b1ea202f4a43859aafd2eac957265fe5a9700d75b859c,bae15022c4daad0ae53b1ea202f4a43859aafd2eac957265fe5a9700d75b859c,1,transpose,128,15,False,flip_ud
b0a2a700985554f93561ba58cda054b5690e7bff67e3eb6674c329fca9ef9faf,b0a2a700985554f93561ba58cda054b5690e7bff67e3eb6674c329fca9ef9faf,0,transpose,128,16,False,flip_ud
e5e5a0a47a96e8ef35befb19241472f3d813ad059f3956f644f1dbfecfbded49,e5e5a0a47a96e8ef35befb19241472f3d813ad059f3956f644f1dbfecfbded49,1,transpose,128,16,False,flip_ud
002e7e1bba147a97f6046c055bb229a5f64770cb657b5df0c03621cc328fc3e4,002e7e1bba147a97f6046c055bb229a5f64770cb657b5df0c03621cc328fc3e4,0,transpose,128,17,False,flip_ud
e4d5b8a5dd1165435760e5d4cb4bccc0d3867297f595dfba726b4906d9ecf830,e4d5b8a5dd1165435760e5d4cb4bccc0d3867297f595dfba726b4906d9ecf830,1,transpose,128,17,False,flip_ud
0195c1762cccb7c22d5fa0afb14dc8ac1551c3d1dadc8b522a5319a97c9bb82f,0195c1762cccb7c22d5fa0afb14dc8ac1551c3d1dadc8b522a5319a97c9bb82f,0,transpose,128,18,False,flip_ud
72788602ca2a68c0cc7066dbf1e2b043b2f29df2f90023139b4af4f409d99fb2,72788602ca2a68c0cc7066dbf1e2b043b2f29df2f90023139b4af4f409d99fb2,1,transpose,128,18,False,flip_ud
023035db0829657728925740fca3ddffc91d4bc906a1caf648142e4b5d73452e,023035db0829657728925740fca3ddffc91d4bc906a1caf648142e4b5d73452e,0,transpose,128,19,False,flip_ud
c2ce7677a0dcb826078761919e5292223b03c8693ecaa3ff001c4487d24c7f19,c2ce7677a0dcb826078761919e5292223b03c8693ecaa3ff001c4487d24c7f19,1,transpose,128,19,False,flip_ud
2103eee5eff982aba5a9a7845cd1b431df77bb02df267a82841759a4407db602,2103eee5eff982aba5a9a7845cd1b431df77bb02df267a82841759a4407db602,0,transpose,128,20,False,flip_ud
89a6161db6a57ae9f9264d5468622ccefa93982f766449e810d060ccc3afd8d0,89a6161db6a57ae9f9264d5468622ccefa93982f766449e810d060ccc3afd8d0,1,transpose,128,20,False,flip_ud
22ec04b3b79956dc5a3e237a966afa5b93b8ee7e08b24203b01c6442163722d0,22ec04b3b79956dc5a3e237a966afa5b93b8ee7e08b24203b01c6442163722d0,0,transpose,128,21,False,flip_ud
46ecda1eb52555d7c67374319629918afd55b85853f9d5ff1d9eebcf56b28465,46ecda1eb52555d7c67374319629918afd55b85853f9d5ff1d9eebcf56b28465,1,transpose,128,21,False,flip_ud
f2ee5d12f0baaf7931a489b03d04c3da6138743a6b0a50f4a3000a7971cfffa7,f2ee5d12f0baaf7931a489b03d04c3da6138743a6b0a50f4a3000a7971cfffa7,0,transpose,128,22,False,flip_ud
5766df24f860dac749220a9321816edc24d50e078afe75a37cfbc99dcf24f34e,5766df24f860dac749220a9321816edc24d50e078afe75a37cfbc99dcf24f34e,1,transpose,128,22,False,flip_ud
08e2ad05ff8c892a87a80870a3e1fd0a8a240c044847da919002522914c588eb,08e2ad05ff8c892a87a80870a3e1fd0a8a240c044847da919002522914c588eb,0,transpose,128,23,False,flip_ud
10558e62986495c6f46496ec7ae62bfc0699ed7ee25b03da5496d603d33f4ddf,10558e62986495c6f46496ec7ae62bfc0699ed7ee25b03da5496d603d33f4ddf,1,transpose,128,23,False,flip_ud
7f12e7f428afc9179bafaa83c329042e82e43740c497222621440c8bd8befe29,7f12e7f428afc9179bafaa83c329042e82e43740c497222621440c8bd8befe29,0,transpose,128,24,False,flip_ud
c6d727c8ae5ea58ed54fa30d7994b8c7fbae0cd1b594dc816c5d8e786dad4de9,c6d727c8ae5ea58ed54fa30d7994b8c7fbae0cd1b594dc816c5d8e786dad4de9,1,transpose,128,24,False,flip_ud
cdfa1ab8f858ca479aa29566d2dc7808f221ad6a99216ca5944f441d981cad28,cdfa1ab8f858ca479aa29566d2dc7808f221ad6a99216ca5944f441d981cad28,0,transpose,128,25,False,flip_ud
0e5676fb786db20c507d9710a52dd06e091613c6fb093aaed51147fe66bd420e,0e5676fb786db20c507d9710a52dd06e091613c6fb093aaed51147fe66bd420e,1,transpose,128,25,False,flip_ud
f853dd4a9686441ffa9543b4131809ae645cfa5e58c8f6af09ce760cd0ee2e43,f853dd4a9686441ffa9543b4131809ae645cfa5e58c8f6af09ce760cd0ee2e43,0,transpose,128,26,False,flip_ud
42c800b32547fec6977f3796eb0d0a22121983dc45dd493dfd65377312f9a037,42c800b32547fec6977f3796eb0d0a22121983dc45dd493dfd65377312f9a037,1,transpose,128,26,False,flip_ud
8a2fb7ddcfa71b9750c9e53898212966ea776d15de41ef93fa77774671d30907,8a2fb7ddcfa71b9750c9e53898212966ea776d15de41ef93fa77774671d30907,0,transpose,128,27,False,flip_ud
5b0817744b748bf3a1d1f988ff60096c85c1142561d61059f0dfdb4c57c45a61,5b0817744b748bf3a1d1f988ff60096c85c1142561d61059f0dfdb4c57c45a61,1,transpose,128,27,False,flip_ud
17264d488089a7cc8e5f746a56583e3298d4b900d1dbe473be5704d2514db178,17264d488089a7cc8e5f746a56583e3298d4b900d1dbe473be5704d2514db178,0,transpose,128,28,False,flip_ud
bb1227867a21065578907a84c393618fd7192dc82c778bd3e88d88b7d718ccfc,bb1227867a21065578907a84c393618fd7192dc82c778bd3e88d88b7d718ccfc,1,transpose,128,28,False,flip_ud
b32053b2a59567686a72c0811c8d0bf4d6d06a505fbf504ca40eaccc07192be0,b32053b2a59567686a72c0811c8d0bf4d6d06a505fbf504ca40eaccc07192be0,0,transpose,128,29,False,flip_ud
df623fc5b0cd560f238ddbaac55a2cf1d60db3969878a6e1d27c48a62f749a79,df623fc5b0cd560f238ddbaac55a2cf1d60db3969878a6e1d27c48a62f749a79,1,transpose,128,29,False,flip_ud
85bb8162f747cb3a5154eaf5656f1566e5458045df56a2ae3d1f07f8cf30eb11,85bb8162f747cb3a5154eaf5656f1566e5458045df56a2ae3d1f07f8cf30eb11,0,transpose,128,30,False,flip_ud
9ceabe84542d6a65bb24303d7a16dbb9739efc319cc8b9eef0dd2de3518115a0,9ceabe84542d6a65bb24303d7a16dbb9739efc319cc8b9eef0dd2de3518115a0,1,transpose,128,30,False,flip_ud
064c9cf750d508a20a55bad70d7b495518b783c1d27ca781071b8020282dfd0f,064c9cf750d508a20a55bad70d7b495518b783c1d27ca781071b8020282dfd0f,0,transpose,128,31,False,flip_ud
d028efc65d62310746bc602abb40f867e7d2d16042fd7f6a8ea355ace2d70dec,d028efc65d62310746bc602abb40f867e7d2d16042fd7f6a8ea355ace2d70dec,1,transpose,128,31,False,flip_ud
e35a191e76b96e7fe294cf7cf18efd3251f327e8500b98e7509fbab04f676c53,e35a191e76b96e7fe294cf7cf18efd3251f327e8500b98e7509fbab04f676c53,0,transpose,128,32,False,flip_ud
13c4c4e1a7342c5bcbac5cb0a36fe024c96774f26399aed825d4c06c861c693c,13c4c4e1a7342c5bcbac5cb0a36fe024c96774f26399aed825d4c06c861c693c,1,transpose,128,32,False,flip_ud
a5a5e6a1d7bbcca53483dad1da7663d73ed6a80a31beffdcfa66fd8aead5951d,a5a5e6a1d7bbcca53483dad1da7663d73ed6a80a31beffdcfa66fd8aead5951d,0,transpose,128,33,False,flip_ud
96195a3e74975558aa6f9318ddc3e4817ad5c74cf061c62a5c328bbc4a0e7e84,96195a3e74975558aa6f9318ddc3e4817ad5c74cf061c62a5c328bbc4a0e7e84,1,transpose,128,33,False,flip_ud
150b550f708be76bb02c1721da414e91d54c0957df74658b58d40d46339971e9,150b550f708be76bb02c1721da414e91d54c0957df74658b58d40d46339971e9,0,transpose,128,34,False,flip_ud
aa07196d4f66a4364eef30b3479675b60152fa6c07cb2c9aa66c934a87e29056,aa07196d4f66a4364eef30b3479675b60152fa6c07cb2c9aa66c934a87e29056,1,transpose,128,34,False,flip_ud
5cf93d8d8194fc8b24ecd61be79b14e27e021995251aff07b479c603d44afe1d,5cf93d8d8194fc8b24ecd61be79b14e27e021995251aff07b479c603d44afe1d,0,transpose,128,35,False,flip_ud
0eca3f4a10098632d73db520022ffea169407719d197a05387a8783eb7d21c58,0eca3f4a10098632d73db520022ffea169407719d197a05387a8783eb7d21c58,1,transpose,128,35,False,flip_ud
86ae77ffaf0de4ad4174862d6522e601b6acc4fc5b000da6e7c00075170e8dee,86ae77ffaf0de4ad4174862d6522e601b6acc4fc5b000da6e7c00075170e8dee,0,anti_transpose,128,0,False,flip_ud
4a6bd45706a7c23616ac242836ebb43dff607ce3810bf37dcd2cc6454b7a310d,4a6bd45706a7c23616ac242836ebb43dff607ce3810bf37dcd2cc6454b7a310d,1,anti_transpose,128,0,False,flip_ud
19f407c2ccf9f1602a6ed295faf1d23dbfb82ead348a95f827f06bdab0cf29bf,19f407c2ccf9f1602a6ed295faf1d23dbfb82ead348a95f827f06bdab0cf29bf,0,anti_transpose,128,1,False,flip_ud
ce9bcd9aa4ea2c052deccc82a6c852c3dcbb2d8141c929f9c9e3cb9be8850e78,ce9bcd9aa4ea2c052deccc82a6c852c3dcbb2d8141c929f9c9e3cb9be8850e78,1,anti_transpose,128,1,False,flip_ud
f80307e5a676966890a94dba796028b2c835579abddbbd46446c15090df25009,f80307e5a676966890a94dba796028b2c835579abddbbd46446c15090df25009,0,anti_transpose,128,2,False,flip_ud
9780f9747e3bc040479eb9cbc7a4a876e776bbf5dedf8da11bca5e1a6c9e627a,9780f9747e3bc040479eb9cbc7a4a876e776bbf5dedf8da11bca5e1a6c9e627a,1,anti_transpose,128,2,False,flip_ud
606af092fb41085a47744f7c28239b854ce1af474bb75920657c091745522c1f,606af092fb41085a47744f7c28239b854ce1af474bb75920657c091745522c1f,0,anti_transpose,128,3,False,flip_ud
5aec3cbd75ec5cec1c67f6db712c73df34b7176fb7579fa423f3770a3c34e216,5aec3cbd75ec5cec1c67f6db712c73df34b7176fb7579fa423f3770a3c34e216,1,anti_transpose,128,3,False,flip_ud
fb9707a85c92c16c1d547e9b01453769572ad557b66b55721a68940b6ceb69d0,fb9707a85c92c16c1d547e9b01453769572ad557b66b55721a68940b6ceb69d0,0,anti_transpose,128,4,False,flip_ud
74d50f8d0ccaf36b2134d740700d1f35cc7c688d529c709bb7e6b6b9f851d3ea,74d50f8d0ccaf36b2134d740700d1f35cc7c688d529c709bb7e6b6b9f851d3ea,1,anti_transpose,128,4,False,flip_ud
c656c5a1e1660e215b3121f0567a4d87561c916814978afc9d5280c032f50c5f,c656c5a1e1660e215b3121f0567a4d87561c916814978afc9d5280c032f50c5f,0,anti_transpose,128,5,False,flip_ud
7229017b7448d522fb026365cfac957c7649b35bde579614afe28a6d220dbc0c,7229017b7448d522fb026365cfac957c7649b35bde579614afe28a6d220dbc0c,1,anti_transpose,128,5,False,flip_ud
b3f78ceed2db64cee4e8fca196fa638ccac93724f97689034038a0d041c65ca6,b3f78ceed2db64cee4e8fca196fa638ccac93724f97689034038a0d041c65ca6,0,anti_transpose,128,6,False,flip_ud
4d93e58fbd012ee14fcc6e7a5876c1aae0c37b9a1925af8dae5478a086d61bc6,4d93e58fbd012ee14fcc6e7a5876c1aae0c37b9a1925af8dae5478a086d61bc6,1,anti_transpose,128,6,False,flip_ud
5ae4707d0c05c99a792f57b5eea63231dcc2596c358f8c2a0882e47f79158ea2,5ae4707d0c05c99a792f57b5eea63231dcc2596c358f8c2a0882e47f79158ea2,0,anti_transpose,128,7,False,flip_ud
d3e873ade367589aa33e290b6e409459b04b8707be55810a8c0c35b06791cf02,d3e873ade367589aa33e290b6e409459b04b8707be55810a8c0c35b06791cf02,1,anti_transpose,128,7,False,flip_ud
4beed4f2681ba68459f245b793d8d227a0be779b233ff5211381fd97360430dd,4beed4f2681ba68459f245b793d8d227a0be779b233ff5211381fd97360430dd,0,anti_transpose,128,8,False,flip_ud
78bfe3cbbc76b9765f0d8e7c77f051b1cdf4006b0c4fc6f7365b0563a294a7e3,78bfe3cbbc76b9765f0d8e7c77f051b1cdf4006b0c4fc6f7365b0563a294a7e3,1,anti_transpose,128,8,False,flip_ud
6ad705532a11403d58af096f29bcbaf8225b930f07062dbdabd8fcd6c2e441e6,6ad705532a11403d58af096f29bcbaf8225b930f07062dbdabd8fcd6c2e441e6,0,anti_transpose,128,9,False,flip_ud
8e0d0bcbaad7edeb68a96b79a91b3234c933285f715c07375e24581a96aaabb1,8e0d0bcbaad7edeb68a96b79a91b3234c933285f715c07375e24581a96aaabb1,1,anti_transpose,128,9,False,flip_ud
4a1fac7ea93dd915efa7f32cf0c9159f11fbbf481c8d6e25be08318cbcf3b691,4a1fac7ea93dd915efa7f32cf0c9159f11fbbf481c8d6e25be08318cbcf3b691,0,anti_transpose,128,10,False,flip_ud
4adaf7f0aeef84cbc9b020bac6a7550d24764ef4024169f8a3ef7e5204c504e5,4adaf7f0aeef84cbc9b020bac6a7550d24764ef4024169f8a3ef7e5204c504e5,1,anti_transpose,128,10,False,flip_ud
37746bf23f22f76da1ac797eacb2656f754d0409ce262ad45bd701a38b4d4ab5,37746bf23f22f76da1ac797eacb2656f754d0409ce262ad45bd701a38b4d4ab5,0,anti_transpose,128,11,False,flip_ud
f0bbe16b3dc3682a21ef16a9542ebc70d94815ee639072e7f218110c20acb4fe,f0bbe16b3dc3682a21ef16a9542ebc70d94815ee639072e7f218110c20acb4fe,1,anti_transpose,128,11,False,flip_ud
f4c396e676012a04440c541ede28e019a4c0b0e996380a27ffbaa626d05a5a83,f4c396e676012a04440c541ede28e019a4c0b0e996380a27ffbaa626d05a5a83,0,anti_transpose,128,12,False,flip_ud
a8eda431c51e53c12eb8614ecb323551d02560fb187db790a9b095b61d5da37e,a8eda431c51e53c12eb8614ecb323551d02560fb187db790a9b095b61d5da37e,1,anti_transpose,128,12,False,flip_ud
6bc2c7841b373e203358a3dfd3a9fcda09936607b0e5e4c02b625898e2fbe278,6bc2c7841b373e203358a3dfd3a9fcda09936607b0e5e4c02b625898e2fbe278,0,anti_transpose,128,13,False,flip_ud
962a50f92c915ab7c7949759b9304938af2f78243f9f2d6af9b73c0a6e11b77c,962a50f92c915ab7c7949759b9304938af2f78243f9f2d6af9b73c0a6e11b77c,1,anti_transpose,128,13,False,flip_ud
25a6d29eedd04d6dce5d667304c357300a6654fc362df6b50060b8be1c7000fc,25a6d29eedd04d6dce5d667304c357300a6654fc362df6b50060b8be1c7000fc,0,anti_transpose,128,14,False,flip_ud
06441cb71fe39d4c361ee578805b3d9558929eb191d9421d599bc02c2a2a8016,06441cb71fe39d4c361ee578805b3d9558929eb191d9421d599bc02c2a2a8016,1,anti_transpose,128,14,False,flip_ud
1ca35bbecce328b2f9d2298a9c95a9457eebc2edc2461eaca2c9d327f680b23a,1ca35bbecce328b2f9d2298a9c95a9457eebc2edc2461eaca2c9d327f680b23a,0,anti_transpose,128,15,False,flip_ud
7f116bc005e8b9b95201593e001534f65cb5cd13029916509f66d5c9f2491e90,7f116bc005e8b9b95201593e001534f65cb5cd13029916509f66d5c9f2491e90,1,anti_transpose,128,15,False,flip_ud
d0ca6692ce04a32c65bbff46e6e7562dcd3b42aa0c58dbbf826a7d0d20bd0139,d0ca6692ce04a32c65bbff46e6e7562dcd3b42aa0c58dbbf826a7d0d20bd0139,0,anti_transpose,128,16,False,flip_ud
fc2169dacec1a6c951b0efd5816dc92764f030efd31f3bfd48add24e88c2f518,fc2169dacec1a6c951b0efd5816dc92764f030efd31f3bfd48add24e88c2f518,1,anti_transpose,128,16,False,flip_ud
410db28d4b9e5f5078b2aa8eee96b2ff5c9a6efda18565e45d7c4c95662bd576,410db28d4b9e5f5078b2aa8eee96b2ff5c9a6efda18565e45d7c4c95662bd576,0,anti_transpose,128,17,False,flip_ud
dcd2599ff262755c7e704bb04912ef87bbb3a5839fa4e4fa088e152bf312ae78,dcd2599ff262755c7e704bb04912ef87bbb3a5839fa4e4fa088e152bf312ae78,1,anti_transpose,128,17,False,flip_ud
efb3d2af781298b9937e84f837dd9d520fb56f2f113cec6feff2c3c39117df03,efb3d2af781298b9937e84f837dd9d520fb56f2f113cec6feff2c3c39117df03,0,anti_transpose,128,18,False,flip_ud
9d4545ed865dcdbf8bbbc57965f881e13cb2e1522f7b77f443733ae08d2215a7,9d4545ed865dcdbf8bbbc57965f881e13cb2e1522f7b77f443733ae08d2215a7,1,anti_transpose,128,18,False,flip_ud
5cc635655eb5dd9c1620183810a227f1aac5ecfda8323f04871f06126b6ebaec,5cc635655eb5dd9c1620183810a227f1aac5ecfda8323f04871f06126b6ebaec,0,anti_transpose,128,19,False,flip_ud
2e6074cde57cf0c07b52334244d94bb556ba4d2b264661da905db7c2eaf0139c,2e6074cde57cf0c07b52334244d94bb556ba4d2b264661da905db7c2eaf0139c,1,anti_transpose,128,19,False,flip_ud
e881be1931c3b34818f5e737b160afe75d9aded028f738da190af02e327fe1f9,e881be1931c3b34818f5e737b160afe75d9aded028f738da190af02e327fe1f9,0,anti_transpose,128,20,False,flip_ud
7ba180f587fcf8542f24d08d6ed138a6ec67d93fcf9ef7eaad30fdb5099887a6,7ba180f587fcf8542f24d08d6ed138a6ec67d93fcf9ef7eaad30fdb5099887a6,1,anti_transpose,128,20,False,flip_ud
0f49c56a89c88bae0113ed1b3e9466e24464e4e0c57abad082a0469445ccaf0a,0f49c56a89c88bae0113ed1b3e9466e24464e4e0c57abad082a0469445ccaf0a,0,anti_transpose,128,21,False,flip_ud
eb66d98b51f0c710fc8c5a7af77028c9afb0e936ef750b5313f3705c068bb551,eb66d98b51f0c710fc8c5a7af77028c9afb0e936ef750b5313f3705c068bb551,1,anti_transpose,128,21,False,flip_ud
353522b853a88d91fbd1cc3e7a789679af7cc6ba22cc6a38862cfc02fc4a9fe9,353522b853a88d91fbd1cc3e7a789679af7cc6ba22cc6a38862cfc02fc4a9fe9,0,anti_transpose,128,22,False,flip_ud
af05885a4d1c7b16aa21073992adfeac1c5a0bccc4b4accc9f554a9f8e6c5c1b,af05885a4d1c7b16aa21073992adfeac1c5a0bccc4b4accc9f554a9f8e6c5c1b,1,anti_transpose,128,22,False,flip_ud
83d96683f194846ff797f6cd5f57d94528fb53bdd7a799fd320f6c867ae4a2e2,83d96683f194846ff797f6cd5f57d94528fb53bdd7a799fd320f6c867ae4a2e2,0,anti_transpose,128,23,False,flip_ud
24fee9dfa29fea49369a77175d44e5fec6a1cace8cba81f2a5a95d2120da4b79,24fee9dfa29fea49369a77175d44e5fec6a1cace8cba81f2a5a95d2120da4b79,1,anti_transpose,128,23,False,flip_ud
4c2cf6e0d7db8e6c68773ed45e3eff66bfff78f8af7ff1580430355791f58f48,4c2cf6e0d7db8e6c68773ed45e3eff66bfff78f8af7ff1580430355791f58f48,0,anti_transpose,128,24,False,flip_ud
c992f6ae38b54e43e2b55f1eac1d752fbc8403d8db58ca6bcb4af0245027c8fb,c992f6ae38b54e43e2b55f1eac1d752fbc8403d8db58ca6bcb4af0245027c8fb,1,anti_transpose,128,24,False,flip_ud
2442673da3ad1b5c61ad404359727e87241f9b4a90bc32c7f1792d5b1baa2939,2442673da3ad1b5c61ad404359727e87241f9b4a90bc32c7f1792d5b1baa2939,0,anti_transpose,128,25,False,flip_ud
0a75ef92e1987a26745272e353635d38bf3b9e495447f9c435f06ddc10fed088,0a75ef92e1987a26745272e353635d38bf3b9e495447f9c435f06ddc10fed088,1,anti_transpose,128,25,False,flip_ud
af801bc76094683e8d8d738670e4a84e9b3b96311e45fb8083ce7bd5c8507732,af801bc76094683e8d8d738670e4a84e9b3b96311e45fb8083ce7bd5c8507732,0,anti_transpose,128,26,False,flip_ud
6ba9cdb2dc29a068f9380693912b2fa50c188615c285440a6b9fefe0bf5598ce,6ba9cdb2dc29a068f9380693912b2fa50c188615c285440a6b9fefe0bf5598ce,1,anti_transpose,128,26,False,flip_ud
de38c85b4929018f9c109af49b49713b1e3bff99230a0e34b88a7f94cd70e140,de38c85b4929018f9c109af49b49713b1e3bff99230a0e34b88a7f94cd70e140,0,anti_transpose,128,27,False,flip_ud
e0a54fcdfcf499e4f4ca98c6a10cad64afb7ca630c7846fb6cb7fe62435a8091,e0a54fcdfcf499e4f4ca98c6a10cad64afb7ca630c7846fb6cb7fe62435a8091,1,anti_transpose,128,27,False,flip_ud
fc15137a7c3d808f965e1b9bb7861cf220e6a418d1b04fad3ba92c4992f61a99,fc15137a7c3d808f965e1b9bb7861cf220e6a418d1b04fad3ba92c4992f61a99,0,anti_transpose,128,28,False,flip_ud
d7c5351909b2ab95d89fa8cdf4bd1deb2add74fa91dc37969e776a2bdf553710,d7c5351909b2ab95d89fa8cdf4bd1deb2add74fa91dc37969e776a2bdf553710,1,anti_transpose,128,28,False,flip_ud
e52444b6a9d8ff8703f0d573130e2fce3fc269fb25a8d40d1bbce9b7f686fc11,e52444b6a9d8ff8703f0d573130e2fce3fc269fb25a8d40d1bbce9b7f686fc11,0,anti_transpose,128,29,False,flip_ud
a559b5017a35a336a59075a072f2b5ac8ac604de53a405456199a3f094902298,a559b5017a35a336a59075a072f2b5ac8ac604de53a405456199a3f094902298,1,anti_transpose,128,29,False,flip_ud
94ed44ac45d3f98ea0d82d2eb0345ea422fae6c34c4fec1a598d36654ae17fc2,94ed44ac45d3f98ea0d82d2eb0345ea422fae6c34c4fec1a598d36654ae17fc2,0,anti_transpose,128,30,False,flip_ud
45d351ef8a33e203cffdec670f2e234a5b90317c18bf41121b37c26dbd26f49a,45d351ef8a33e203cffdec670f2e234a5b90317c18bf41121b37c26dbd26f49a,1,anti_transpose,128,30,False,flip_ud
828044a6686a11641db6c280d04033bd7d4288a5391924aa3170ec94a4dcbcb8,828044a6686a11641db6c280d04033bd7d4288a5391924aa3170ec94a4dcbcb8,0,anti_transpose,128,31,False,flip_ud
e4efd482b9a95f001dce3e3d45c96393fd23290d8cf133d5814e0466368352e0,e4efd482b9a95f001dce3e3d45c96393fd23290d8cf133d5814e0466368352e0,1,anti_transpose,128,31,False,flip_ud
de988274dfef7ddc40f6d1e512a04a8d937ede73bfce8eff306918ad204c680f,de988274dfef7ddc40f6d1e512a04a8d937ede73bfce8eff306918ad204c680f,0,anti_transpose,128,32,False,flip_ud
eab653b47a96cd6770b8582a6e69f0d40011489bc6eb6fa7e2b96e56411bad51,eab653b47a96cd6770b8582a6e69f0d40011489bc6eb6fa7e2b96e56411bad51,1,anti_transpose,128,32,False,flip_ud
c556dfa8b5dc70fe59a98c70b6e5d81d4b6ccbe3be41fd16a017a7ca3f62c997,c556dfa8b5dc70fe59a98c70b6e5d81d4b6ccbe3be41fd16a017a7ca3f62c997,0,anti_transpose,128,33,False,flip_ud
78929864457c771d776a2b7251c0a5c39b7fc23bd40c99567ec4c14db40611d6,78929864457c771d776a2b7251c0a5c39b7fc23bd40c99567ec4c14db40611d6,1,anti_transpose,128,33,False,flip_ud
e97532192353e11388ad3f672bf242130accd6dd0cffb7c6bcadffaa4cdc9b8e,e97532192353e11388ad3f672bf242130accd6dd0cffb7c6bcadffaa4cdc9b8e,0,anti_transpose,128,34,False,flip_ud
d0d5106b2fdbd27a4b68b43cb1fa34d9ba9d8646dd39c3046c3fa185a9f97810,d0d5106b2fdbd27a4b68b43cb1fa34d9ba9d8646dd39c3046c3fa185a9f97810,1,anti_transpose,128,34,False,flip_ud
e2bf295530a3877629ae7d3fe027a2c5b544c6ed2e428083fcb0278ff0eac43d,e2bf295530a3877629ae7d3fe027a2c5b544c6ed2e428083fcb0278ff0eac43d,0,anti_transpose,128,35,False,flip_ud
b886612aeee94e2599c8b6ee32b283f2962dd254f5c2d2a29082ab8f198c34f1,b886612aeee94e2599c8b6ee32b283f2962dd254f5c2d2a29082ab8f198c34f1,1,anti_transpose,128,35,False,flip_ud
